partition_id,context_key,image_id,stage,condition,building_id,current20_complete,pool,k,N,expected_tv,expected_missing_mass,expected_cluster_fraction
extended73|C1|manual|UwV83HsGsw3_bc29294428a647038f70e0ea31ea8972,C1|0|UwV83HsGsw3_bc29294428a647038f70e0ea31ea8972|manual,UwV83HsGsw3_bc29294428a647038f70e0ea31ea8972,C1,manual,UwV83HsGsw3,True,all_archived,1,23,0.1625708884688091,0.16257088846880907,0.3333333333333333
extended73|C1|manual|UwV83HsGsw3_bc29294428a647038f70e0ea31ea8972,C1|0|UwV83HsGsw3_bc29294428a647038f70e0ea31ea8972|manual,UwV83HsGsw3_bc29294428a647038f70e0ea31ea8972,C1,manual,UwV83HsGsw3,True,all_archived,2,23,0.15157243512631038,0.08300395256916995,0.3899868247694334
extended73|C1|manual|UwV83HsGsw3_bc29294428a647038f70e0ea31ea8972,C1|0|UwV83HsGsw3_bc29294428a647038f70e0ea31ea8972|manual,UwV83HsGsw3_bc29294428a647038f70e0ea31ea8972,C1,manual,UwV83HsGsw3,True,all_archived,3,23,0.14091768345076475,0.07561436672967864,0.42028985507246386
extended73|C1|manual|UwV83HsGsw3_bc29294428a647038f70e0ea31ea8972,C1|0|UwV83HsGsw3_bc29294428a647038f70e0ea31ea8972|manual,UwV83HsGsw3_bc29294428a647038f70e0ea31ea8972,C1,manual,UwV83HsGsw3,True,all_archived,4,23,0.13060663344217222,0.0718336483931947,0.4492753623188405
extended73|C1|manual|UwV83HsGsw3_bc29294428a647038f70e0ea31ea8972,C1|0|UwV83HsGsw3_bc29294428a647038f70e0ea31ea8972|manual,UwV83HsGsw3_bc29294428a647038f70e0ea31ea8972,C1,manual,UwV83HsGsw3,True,all_archived,5,23,0.12063928510053273,0.06805293005671077,0.47826086956521746
extended73|C1|manual|UwV83HsGsw3_bc29294428a647038f70e0ea31ea8972,C1|0|UwV83HsGsw3_bc29294428a647038f70e0ea31ea8972|manual,UwV83HsGsw3_bc29294428a647038f70e0ea31ea8972,C1,manual,UwV83HsGsw3,True,all_archived,6,23,0.11101563842584636,0.06427221172022683,0.5072463768115942
extended73|C1|manual|UwV83HsGsw3_bc29294428a647038f70e0ea31ea8972,C1|0|UwV83HsGsw3_bc29294428a647038f70e0ea31ea8972|manual,UwV83HsGsw3_bc29294428a647038f70e0ea31ea8972,C1,manual,UwV83HsGsw3,True,all_archived,7,23,0.10173569341811307,0.060491493383742906,0.5362318840579711
extended73|C1|manual|UwV83HsGsw3_bc29294428a647038f70e0ea31ea8972,C1|0|UwV83HsGsw3_bc29294428a647038f70e0ea31ea8972|manual,UwV83HsGsw3_bc29294428a647038f70e0ea31ea8972,C1,manual,UwV83HsGsw3,True,all_archived,8,23,0.09279945007733287,0.05671077504725898,0.5652173913043478
extended73|C1|manual|UwV83HsGsw3_bc29294428a647038f70e0ea31ea8972,C1|0|UwV83HsGsw3_bc29294428a647038f70e0ea31ea8972|manual,UwV83HsGsw3_bc29294428a647038f70e0ea31ea8972,C1,manual,UwV83HsGsw3,True,all_archived,9,23,0.08420690840350577,0.052930056710775046,0.5942028985507246
extended73|C1|manual|UwV83HsGsw3_bc29294428a647038f70e0ea31ea8972,C1|0|UwV83HsGsw3_bc29294428a647038f70e0ea31ea8972|manual,UwV83HsGsw3_bc29294428a647038f70e0ea31ea8972,C1,manual,UwV83HsGsw3,True,all_archived,10,23,0.0759580683966317,0.04914933837429111,0.6231884057971016
extended73|C1|manual|UwV83HsGsw3_bc29294428a647038f70e0ea31ea8972,C1|0|UwV83HsGsw3_bc29294428a647038f70e0ea31ea8972|manual,UwV83HsGsw3_bc29294428a647038f70e0ea31ea8972,C1,manual,UwV83HsGsw3,True,all_archived,11,23,0.06805293005671076,0.04536862003780718,0.6521739130434782
extended73|C1|manual|UwV83HsGsw3_bc29294428a647038f70e0ea31ea8972,C1|0|UwV83HsGsw3_bc29294428a647038f70e0ea31ea8972|manual,UwV83HsGsw3_bc29294428a647038f70e0ea31ea8972,C1,manual,UwV83HsGsw3,True,all_archived,12,23,0.06238185255198487,0.04158790170132325,0.6811594202898551
extended73|C1|manual|UwV83HsGsw3_bc29294428a647038f70e0ea31ea8972,C1|0|UwV83HsGsw3_bc29294428a647038f70e0ea31ea8972|manual,UwV83HsGsw3_bc29294428a647038f70e0ea31ea8972,C1,manual,UwV83HsGsw3,True,all_archived,13,23,0.058429283382024425,0.03780718336483932,0.7101449275362319
extended73|C1|manual|UwV83HsGsw3_bc29294428a647038f70e0ea31ea8972,C1|0|UwV83HsGsw3_bc29294428a647038f70e0ea31ea8972|manual,UwV83HsGsw3_bc29294428a647038f70e0ea31ea8972,C1,manual,UwV83HsGsw3,True,all_archived,14,23,0.05413301254511087,0.034026465028355386,0.7391304347826088
extended73|C1|manual|UwV83HsGsw3_bc29294428a647038f70e0ea31ea8972,C1|0|UwV83HsGsw3_bc29294428a647038f70e0ea31ea8972|manual,UwV83HsGsw3_bc29294428a647038f70e0ea31ea8972,C1,manual,UwV83HsGsw3,True,all_archived,15,23,0.0494930400412442,0.030245746691871453,0.7681159420289855
extended73|C1|manual|UwV83HsGsw3_bc29294428a647038f70e0ea31ea8972,C1|0|UwV83HsGsw3_bc29294428a647038f70e0ea31ea8972|manual,UwV83HsGsw3_bc29294428a647038f70e0ea31ea8972,C1,manual,UwV83HsGsw3,True,all_archived,16,23,0.04450936587042447,0.026465028355387523,0.7971014492753623
extended73|C1|manual|UwV83HsGsw3_bc29294428a647038f70e0ea31ea8972,C1|0|UwV83HsGsw3_bc29294428a647038f70e0ea31ea8972|manual,UwV83HsGsw3_bc29294428a647038f70e0ea31ea8972,C1,manual,UwV83HsGsw3,True,all_archived,17,23,0.03918199003265166,0.02268431001890359,0.8260869565217391
extended73|C1|manual|UwV83HsGsw3_bc29294428a647038f70e0ea31ea8972,C1|0|UwV83HsGsw3_bc29294428a647038f70e0ea31ea8972|manual,UwV83HsGsw3_bc29294428a647038f70e0ea31ea8972,C1,manual,UwV83HsGsw3,True,all_archived,18,23,0.03351091252792576,0.01890359168241966,0.8550724637681159
extended73|C1|manual|UwV83HsGsw3_bc29294428a647038f70e0ea31ea8972,C1|0|UwV83HsGsw3_bc29294428a647038f70e0ea31ea8972|manual,UwV83HsGsw3_bc29294428a647038f70e0ea31ea8972,C1,manual,UwV83HsGsw3,True,all_archived,19,23,0.027496133356246757,0.015122873345935726,0.8840579710144928
extended73|C1|manual|UwV83HsGsw3_bc29294428a647038f70e0ea31ea8972,C1|0|UwV83HsGsw3_bc29294428a647038f70e0ea31ea8972|manual,UwV83HsGsw3_bc29294428a647038f70e0ea31ea8972,C1,manual,UwV83HsGsw3,True,all_archived,20,23,0.021137652517614687,0.011342155009451795,0.9130434782608695
extended73|C1|manual|UwV83HsGsw3_bc29294428a647038f70e0ea31ea8972,C1|0|UwV83HsGsw3_bc29294428a647038f70e0ea31ea8972|manual,UwV83HsGsw3_bc29294428a647038f70e0ea31ea8972,C1,manual,UwV83HsGsw3,True,current20,1,20,0.1739130434782609,0.17391304347826086,0.3333333333333333
extended73|C1|manual|UwV83HsGsw3_bc29294428a647038f70e0ea31ea8972,C1|0|UwV83HsGsw3_bc29294428a647038f70e0ea31ea8972|manual,UwV83HsGsw3_bc29294428a647038f70e0ea31ea8972,C1,manual,UwV83HsGsw3,True,current20,2,20,0.1613272311212815,0.08306636155606409,0.3982456140350877
extended73|C1|manual|UwV83HsGsw3_bc29294428a647038f70e0ea31ea8972,C1|0|UwV83HsGsw3_bc29294428a647038f70e0ea31ea8972|manual,UwV83HsGsw3_bc29294428a647038f70e0ea31ea8972,C1,manual,UwV83HsGsw3,True,current20,3,20,0.1491990846681922,0.07391304347826086,0.4333333333333333
extended73|C1|manual|UwV83HsGsw3_bc29294428a647038f70e0ea31ea8972,C1|0|UwV83HsGsw3_bc29294428a647038f70e0ea31ea8972|manual,UwV83HsGsw3_bc29294428a647038f70e0ea31ea8972,C1,manual,UwV83HsGsw3,True,current20,4,20,0.13752860411899315,0.06956521739130435,0.4666666666666666
extended73|C1|manual|UwV83HsGsw3_bc29294428a647038f70e0ea31ea8972,C1|0|UwV83HsGsw3_bc29294428a647038f70e0ea31ea8972|manual,UwV83HsGsw3_bc29294428a647038f70e0ea31ea8972,C1,manual,UwV83HsGsw3,True,current20,5,20,0.12631578947368421,0.06521739130434782,0.5
extended73|C1|manual|UwV83HsGsw3_bc29294428a647038f70e0ea31ea8972,C1|0|UwV83HsGsw3_bc29294428a647038f70e0ea31ea8972|manual,UwV83HsGsw3_bc29294428a647038f70e0ea31ea8972,C1,manual,UwV83HsGsw3,True,current20,6,20,0.11556064073226543,0.0608695652173913,0.5333333333333333
extended73|C1|manual|UwV83HsGsw3_bc29294428a647038f70e0ea31ea8972,C1|0|UwV83HsGsw3_bc29294428a647038f70e0ea31ea8972|manual,UwV83HsGsw3_bc29294428a647038f70e0ea31ea8972,C1,manual,UwV83HsGsw3,True,current20,7,20,0.10526315789473685,0.05652173913043478,0.5666666666666668
extended73|C1|manual|UwV83HsGsw3_bc29294428a647038f70e0ea31ea8972,C1|0|UwV83HsGsw3_bc29294428a647038f70e0ea31ea8972|manual,UwV83HsGsw3_bc29294428a647038f70e0ea31ea8972,C1,manual,UwV83HsGsw3,True,current20,8,20,0.09542334096109839,0.05217391304347826,0.6
extended73|C1|manual|UwV83HsGsw3_bc29294428a647038f70e0ea31ea8972,C1|0|UwV83HsGsw3_bc29294428a647038f70e0ea31ea8972|manual,UwV83HsGsw3_bc29294428a647038f70e0ea31ea8972,C1,manual,UwV83HsGsw3,True,current20,9,20,0.08604118993135011,0.04782608695652174,0.6333333333333333
extended73|C1|manual|UwV83HsGsw3_bc29294428a647038f70e0ea31ea8972,C1|0|UwV83HsGsw3_bc29294428a647038f70e0ea31ea8972|manual,UwV83HsGsw3_bc29294428a647038f70e0ea31ea8972,C1,manual,UwV83HsGsw3,True,current20,10,20,0.07711670480549196,0.043478260869565216,0.6666666666666666
extended73|C1|manual|UwV83HsGsw3_bc29294428a647038f70e0ea31ea8972,C1|0|UwV83HsGsw3_bc29294428a647038f70e0ea31ea8972|manual,UwV83HsGsw3_bc29294428a647038f70e0ea31ea8972,C1,manual,UwV83HsGsw3,True,current20,11,20,0.06864988558352403,0.0391304347826087,0.7000000000000001
extended73|C1|manual|UwV83HsGsw3_bc29294428a647038f70e0ea31ea8972,C1|0|UwV83HsGsw3_bc29294428a647038f70e0ea31ea8972|manual,UwV83HsGsw3_bc29294428a647038f70e0ea31ea8972,C1,manual,UwV83HsGsw3,True,current20,12,20,0.06247139588100686,0.034782608695652174,0.7333333333333334
extended73|C1|manual|UwV83HsGsw3_bc29294428a647038f70e0ea31ea8972,C1|0|UwV83HsGsw3_bc29294428a647038f70e0ea31ea8972|manual,UwV83HsGsw3_bc29294428a647038f70e0ea31ea8972,C1,manual,UwV83HsGsw3,True,current20,13,20,0.05789473684210529,0.03043478260869565,0.7666666666666666
extended73|C1|manual|UwV83HsGsw3_bc29294428a647038f70e0ea31ea8972,C1|0|UwV83HsGsw3_bc29294428a647038f70e0ea31ea8972|manual,UwV83HsGsw3_bc29294428a647038f70e0ea31ea8972,C1,manual,UwV83HsGsw3,True,current20,14,20,0.05286041189931352,0.02608695652173913,0.7999999999999999
extended73|C1|manual|UwV83HsGsw3_bc29294428a647038f70e0ea31ea8972,C1|0|UwV83HsGsw3_bc29294428a647038f70e0ea31ea8972|manual,UwV83HsGsw3_bc29294428a647038f70e0ea31ea8972,C1,manual,UwV83HsGsw3,True,current20,15,20,0.047368421052631574,0.021739130434782608,0.8333333333333334
extended73|C1|manual|UwV83HsGsw3_bc29294428a647038f70e0ea31ea8972,C1|0|UwV83HsGsw3_bc29294428a647038f70e0ea31ea8972|manual,UwV83HsGsw3_bc29294428a647038f70e0ea31ea8972,C1,manual,UwV83HsGsw3,True,current20,16,20,0.041418764302059485,0.017391304347826087,0.8666666666666667
extended73|C1|manual|UwV83HsGsw3_bc29294428a647038f70e0ea31ea8972,C1|0|UwV83HsGsw3_bc29294428a647038f70e0ea31ea8972|manual,UwV83HsGsw3_bc29294428a647038f70e0ea31ea8972,C1,manual,UwV83HsGsw3,True,current20,17,20,0.035011441647597244,0.013043478260869565,0.9
extended73|C1|manual|UwV83HsGsw3_bc29294428a647038f70e0ea31ea8972,C1|0|UwV83HsGsw3_bc29294428a647038f70e0ea31ea8972|manual,UwV83HsGsw3_bc29294428a647038f70e0ea31ea8972,C1,manual,UwV83HsGsw3,True,current20,18,20,0.02814645308924485,0.008695652173913044,0.9333333333333332
extended73|C1|manual|UwV83HsGsw3_bc29294428a647038f70e0ea31ea8972,C1|0|UwV83HsGsw3_bc29294428a647038f70e0ea31ea8972|manual,UwV83HsGsw3_bc29294428a647038f70e0ea31ea8972,C1,manual,UwV83HsGsw3,True,current20,19,20,0.02082379862700226,0.004347826086956522,0.9666666666666667
extended73|C1|manual|UwV83HsGsw3_bc29294428a647038f70e0ea31ea8972,C1|0|UwV83HsGsw3_bc29294428a647038f70e0ea31ea8972|manual,UwV83HsGsw3_bc29294428a647038f70e0ea31ea8972,C1,manual,UwV83HsGsw3,True,current20,20,20,0.013043478260869532,0.0,1.0
extended73|C1|manual|rPc6DW4iMge_0012f6dcce9645778ac459e189cf0db3,C1|0|rPc6DW4iMge_0012f6dcce9645778ac459e189cf0db3|manual,rPc6DW4iMge_0012f6dcce9645778ac459e189cf0db3,C1,manual,rPc6DW4iMge,True,all_archived,1,23,0.15879017013232516,0.15879017013232513,0.5
extended73|C1|manual|rPc6DW4iMge_0012f6dcce9645778ac459e189cf0db3,C1|0|rPc6DW4iMge_0012f6dcce9645778ac459e189cf0db3|manual,rPc6DW4iMge_0012f6dcce9645778ac459e189cf0db3,C1,manual,rPc6DW4iMge,True,all_archived,2,23,0.1443547001202956,0.07578621756315518,0.5830039525691699
extended73|C1|manual|rPc6DW4iMge_0012f6dcce9645778ac459e189cf0db3,C1|0|rPc6DW4iMge_0012f6dcce9645778ac459e189cf0db3|manual,rPc6DW4iMge_0012f6dcce9645778ac459e189cf0db3,C1,manual,rPc6DW4iMge,True,all_archived,3,23,0.13060663344217222,0.0653033167210861,0.6245059288537549
extended73|C1|manual|rPc6DW4iMge_0012f6dcce9645778ac459e189cf0db3,C1|0|rPc6DW4iMge_0012f6dcce9645778ac459e189cf0db3|manual,rPc6DW4iMge_0012f6dcce9645778ac459e189cf0db3,C1,manual,rPc6DW4iMge,True,all_archived,4,23,0.11754597009795498,0.05877298504897748,0.6620553359683794
extended73|C1|manual|rPc6DW4iMge_0012f6dcce9645778ac459e189cf0db3,C1|0|rPc6DW4iMge_0012f6dcce9645778ac459e189cf0db3|manual,rPc6DW4iMge_0012f6dcce9645778ac459e189cf0db3,C1,manual,rPc6DW4iMge,True,all_archived,5,23,0.10517271008764392,0.052586355043821954,0.6976284584980237
extended73|C1|manual|rPc6DW4iMge_0012f6dcce9645778ac459e189cf0db3,C1|0|rPc6DW4iMge_0012f6dcce9645778ac459e189cf0db3|manual,rPc6DW4iMge_0012f6dcce9645778ac459e189cf0db3,C1,manual,rPc6DW4iMge,True,all_archived,6,23,0.09348685341123904,0.04674342670561952,0.7312252964426877
extended73|C1|manual|rPc6DW4iMge_0012f6dcce9645778ac459e189cf0db3,C1|0|rPc6DW4iMge_0012f6dcce9645778ac459e189cf0db3|manual,rPc6DW4iMge_0012f6dcce9645778ac459e189cf0db3,C1,manual,rPc6DW4iMge,True,all_archived,7,23,0.08248840006874034,0.04124420003437016,0.7628458498023716
extended73|C1|manual|rPc6DW4iMge_0012f6dcce9645778ac459e189cf0db3,C1|0|rPc6DW4iMge_0012f6dcce9645778ac459e189cf0db3|manual,rPc6DW4iMge_0012f6dcce9645778ac459e189cf0db3,C1,manual,rPc6DW4iMge,True,all_archived,8,23,0.07217735006014778,0.036088675030073895,0.7924901185770751
extended73|C1|manual|rPc6DW4iMge_0012f6dcce9645778ac459e189cf0db3,C1|0|rPc6DW4iMge_0012f6dcce9645778ac459e189cf0db3|manual,rPc6DW4iMge_0012f6dcce9645778ac459e189cf0db3,C1,manual,rPc6DW4iMge,True,all_archived,9,23,0.06255370338546143,0.03127685169273071,0.8201581027667985
extended73|C1|manual|rPc6DW4iMge_0012f6dcce9645778ac459e189cf0db3,C1|0|rPc6DW4iMge_0012f6dcce9645778ac459e189cf0db3|manual,rPc6DW4iMge_0012f6dcce9645778ac459e189cf0db3,C1,manual,rPc6DW4iMge,True,all_archived,10,23,0.0536174600446812,0.026808730022340608,0.8458498023715415
extended73|C1|manual|rPc6DW4iMge_0012f6dcce9645778ac459e189cf0db3,C1|0|rPc6DW4iMge_0012f6dcce9645778ac459e189cf0db3|manual,rPc6DW4iMge_0012f6dcce9645778ac459e189cf0db3,C1,manual,rPc6DW4iMge,True,all_archived,11,23,0.04536862003780717,0.02268431001890359,0.8695652173913043
extended73|C1|manual|rPc6DW4iMge_0012f6dcce9645778ac459e189cf0db3,C1|0|rPc6DW4iMge_0012f6dcce9645778ac459e189cf0db3|manual,rPc6DW4iMge_0012f6dcce9645778ac459e189cf0db3,C1,manual,rPc6DW4iMge,True,all_archived,12,23,0.041587901701323246,0.01890359168241966,0.8913043478260869
extended73|C1|manual|rPc6DW4iMge_0012f6dcce9645778ac459e189cf0db3,C1|0|rPc6DW4iMge_0012f6dcce9645778ac459e189cf0db3|manual,rPc6DW4iMge_0012f6dcce9645778ac459e189cf0db3,C1,manual,rPc6DW4iMge,True,all_archived,13,23,0.041244200034370196,0.015466575012888811,0.9110671936758894
extended73|C1|manual|rPc6DW4iMge_0012f6dcce9645778ac459e189cf0db3,C1|0|rPc6DW4iMge_0012f6dcce9645778ac459e189cf0db3|manual,rPc6DW4iMge_0012f6dcce9645778ac459e189cf0db3,C1,manual,rPc6DW4iMge,True,all_archived,14,23,0.040213095033510934,0.012373260010311051,0.9288537549407114
extended73|C1|manual|rPc6DW4iMge_0012f6dcce9645778ac459e189cf0db3,C1|0|rPc6DW4iMge_0012f6dcce9645778ac459e189cf0db3|manual,rPc6DW4iMge_0012f6dcce9645778ac459e189cf0db3,C1,manual,rPc6DW4iMge,True,all_archived,15,23,0.03849458669874549,0.009623646674686372,0.9446640316205533
extended73|C1|manual|rPc6DW4iMge_0012f6dcce9645778ac459e189cf0db3,C1|0|rPc6DW4iMge_0012f6dcce9645778ac459e189cf0db3|manual,rPc6DW4iMge_0012f6dcce9645778ac459e189cf0db3,C1,manual,rPc6DW4iMge,True,all_archived,16,23,0.036088675030073895,0.007217735006014779,0.958498023715415
extended73|C1|manual|rPc6DW4iMge_0012f6dcce9645778ac459e189cf0db3,C1|0|rPc6DW4iMge_0012f6dcce9645778ac459e189cf0db3|manual,rPc6DW4iMge_0012f6dcce9645778ac459e189cf0db3,C1,manual,rPc6DW4iMge,True,all_archived,17,23,0.03299536002749613,0.00515552500429627,0.9703557312252964
extended73|C1|manual|rPc6DW4iMge_0012f6dcce9645778ac459e189cf0db3,C1|0|rPc6DW4iMge_0012f6dcce9645778ac459e189cf0db3|manual,rPc6DW4iMge_0012f6dcce9645778ac459e189cf0db3,C1,manual,rPc6DW4iMge,True,all_archived,18,23,0.029214641691012205,0.003437016669530847,0.9802371541501976
extended73|C1|manual|rPc6DW4iMge_0012f6dcce9645778ac459e189cf0db3,C1|0|rPc6DW4iMge_0012f6dcce9645778ac459e189cf0db3|manual,rPc6DW4iMge_0012f6dcce9645778ac459e189cf0db3,C1,manual,rPc6DW4iMge,True,all_archived,19,23,0.02474652002062208,0.0020622100017185082,0.9881422924901186
extended73|C1|manual|rPc6DW4iMge_0012f6dcce9645778ac459e189cf0db3,C1|0|rPc6DW4iMge_0012f6dcce9645778ac459e189cf0db3|manual,rPc6DW4iMge_0012f6dcce9645778ac459e189cf0db3,C1,manual,rPc6DW4iMge,True,all_archived,20,23,0.019590995016325802,0.0010311050008592541,0.9940711462450593
extended73|C1|manual|rPc6DW4iMge_0012f6dcce9645778ac459e189cf0db3,C1|0|rPc6DW4iMge_0012f6dcce9645778ac459e189cf0db3|manual,rPc6DW4iMge_0012f6dcce9645778ac459e189cf0db3,C1,manual,rPc6DW4iMge,True,current20,1,20,0.16956521739130437,0.16956521739130437,0.5
extended73|C1|manual|rPc6DW4iMge_0012f6dcce9645778ac459e189cf0db3,C1|0|rPc6DW4iMge_0012f6dcce9645778ac459e189cf0db3|manual,rPc6DW4iMge_0012f6dcce9645778ac459e189cf0db3,C1,manual,rPc6DW4iMge,True,current20,2,20,0.15308924485125858,0.07482837528604118,0.5947368421052632
extended73|C1|manual|rPc6DW4iMge_0012f6dcce9645778ac459e189cf0db3,C1|0|rPc6DW4iMge_0012f6dcce9645778ac459e189cf0db3|manual,rPc6DW4iMge_0012f6dcce9645778ac459e189cf0db3,C1,manual,rPc6DW4iMge,True,current20,3,20,0.13752860411899315,0.06224256292906178,0.6421052631578947
extended73|C1|manual|rPc6DW4iMge_0012f6dcce9645778ac459e189cf0db3,C1|0|rPc6DW4iMge_0012f6dcce9645778ac459e189cf0db3|manual,rPc6DW4iMge_0012f6dcce9645778ac459e189cf0db3,C1,manual,rPc6DW4iMge,True,current20,4,20,0.12288329519450801,0.05491990846681922,0.6842105263157895
extended73|C1|manual|rPc6DW4iMge_0012f6dcce9645778ac459e189cf0db3,C1|0|rPc6DW4iMge_0012f6dcce9645778ac459e189cf0db3|manual,rPc6DW4iMge_0012f6dcce9645778ac459e189cf0db3,C1,manual,rPc6DW4iMge,True,current20,5,20,0.10915331807780321,0.048054919908466824,0.7236842105263157
extended73|C1|manual|rPc6DW4iMge_0012f6dcce9645778ac459e189cf0db3,C1|0|rPc6DW4iMge_0012f6dcce9645778ac459e189cf0db3|manual,rPc6DW4iMge_0012f6dcce9645778ac459e189cf0db3,C1,manual,rPc6DW4iMge,True,current20,6,20,0.0963386727688787,0.041647597254004576,0.7605263157894737
extended73|C1|manual|rPc6DW4iMge_0012f6dcce9645778ac459e189cf0db3,C1|0|rPc6DW4iMge_0012f6dcce9645778ac459e189cf0db3|manual,rPc6DW4iMge_0012f6dcce9645778ac459e189cf0db3,C1,manual,rPc6DW4iMge,True,current20,7,20,0.08443935926773455,0.035697940503432495,0.7947368421052632
extended73|C1|manual|rPc6DW4iMge_0012f6dcce9645778ac459e189cf0db3,C1|0|rPc6DW4iMge_0012f6dcce9645778ac459e189cf0db3|manual,rPc6DW4iMge_0012f6dcce9645778ac459e189cf0db3,C1,manual,rPc6DW4iMge,True,current20,8,20,0.0734553775743707,0.030205949656750573,0.8263157894736842
extended73|C1|manual|rPc6DW4iMge_0012f6dcce9645778ac459e189cf0db3,C1|0|rPc6DW4iMge_0012f6dcce9645778ac459e189cf0db3|manual,rPc6DW4iMge_0012f6dcce9645778ac459e189cf0db3,C1,manual,rPc6DW4iMge,True,current20,9,20,0.06338672768878718,0.02517162471395881,0.8552631578947368
extended73|C1|manual|rPc6DW4iMge_0012f6dcce9645778ac459e189cf0db3,C1|0|rPc6DW4iMge_0012f6dcce9645778ac459e189cf0db3|manual,rPc6DW4iMge_0012f6dcce9645778ac459e189cf0db3,C1,manual,rPc6DW4iMge,True,current20,10,20,0.054233409610983954,0.020594965675057208,0.881578947368421
extended73|C1|manual|rPc6DW4iMge_0012f6dcce9645778ac459e189cf0db3,C1|0|rPc6DW4iMge_0012f6dcce9645778ac459e189cf0db3|manual,rPc6DW4iMge_0012f6dcce9645778ac459e189cf0db3,C1,manual,rPc6DW4iMge,True,current20,11,20,0.045995423340961086,0.016475972540045767,0.9052631578947368
extended73|C1|manual|rPc6DW4iMge_0012f6dcce9645778ac459e189cf0db3,C1|0|rPc6DW4iMge_0012f6dcce9645778ac459e189cf0db3|manual,rPc6DW4iMge_0012f6dcce9645778ac459e189cf0db3,C1,manual,rPc6DW4iMge,True,current20,12,20,0.042334096109839806,0.012814645308924483,0.9263157894736842
extended73|C1|manual|rPc6DW4iMge_0012f6dcce9645778ac459e189cf0db3,C1|0|rPc6DW4iMge_0012f6dcce9645778ac459e189cf0db3|manual,rPc6DW4iMge_0012f6dcce9645778ac459e189cf0db3,C1,manual,rPc6DW4iMge,True,current20,13,20,0.04187643020594968,0.009610983981693364,0.9447368421052631
extended73|C1|manual|rPc6DW4iMge_0012f6dcce9645778ac459e189cf0db3,C1|0|rPc6DW4iMge_0012f6dcce9645778ac459e189cf0db3|manual,rPc6DW4iMge_0012f6dcce9645778ac459e189cf0db3,C1,manual,rPc6DW4iMge,True,current20,14,20,0.0405034324942792,0.006864988558352402,0.9605263157894737
extended73|C1|manual|rPc6DW4iMge_0012f6dcce9645778ac459e189cf0db3,C1|0|rPc6DW4iMge_0012f6dcce9645778ac459e189cf0db3|manual,rPc6DW4iMge_0012f6dcce9645778ac459e189cf0db3,C1,manual,rPc6DW4iMge,True,current20,15,20,0.03821510297482837,0.004576659038901602,0.9736842105263158
extended73|C1|manual|rPc6DW4iMge_0012f6dcce9645778ac459e189cf0db3,C1|0|rPc6DW4iMge_0012f6dcce9645778ac459e189cf0db3|manual,rPc6DW4iMge_0012f6dcce9645778ac459e189cf0db3,C1,manual,rPc6DW4iMge,True,current20,16,20,0.035011441647597244,0.002745995423340961,0.9842105263157894
extended73|C1|manual|rPc6DW4iMge_0012f6dcce9645778ac459e189cf0db3,C1|0|rPc6DW4iMge_0012f6dcce9645778ac459e189cf0db3|manual,rPc6DW4iMge_0012f6dcce9645778ac459e189cf0db3,C1,manual,rPc6DW4iMge,True,current20,17,20,0.030892448512585807,0.0013729977116704805,0.9921052631578947
extended73|C1|manual|rPc6DW4iMge_0012f6dcce9645778ac459e189cf0db3,C1|0|rPc6DW4iMge_0012f6dcce9645778ac459e189cf0db3|manual,rPc6DW4iMge_0012f6dcce9645778ac459e189cf0db3,C1,manual,rPc6DW4iMge,True,current20,18,20,0.02585812356979405,0.00045766590389016015,0.9973684210526316
extended73|C1|manual|rPc6DW4iMge_0012f6dcce9645778ac459e189cf0db3,C1|0|rPc6DW4iMge_0012f6dcce9645778ac459e189cf0db3|manual,rPc6DW4iMge_0012f6dcce9645778ac459e189cf0db3,C1,manual,rPc6DW4iMge,True,current20,19,20,0.01990846681922194,0.0,1.0
extended73|C1|manual|rPc6DW4iMge_0012f6dcce9645778ac459e189cf0db3,C1|0|rPc6DW4iMge_0012f6dcce9645778ac459e189cf0db3|manual,rPc6DW4iMge_0012f6dcce9645778ac459e189cf0db3,C1,manual,rPc6DW4iMge,True,current20,20,20,0.013043478260869532,0.0,1.0
extended73|C1|manual|rPc6DW4iMge_9d3eb9f5d38844bfb4e5fb2cd05fd3fd,C1|0|rPc6DW4iMge_9d3eb9f5d38844bfb4e5fb2cd05fd3fd|manual,rPc6DW4iMge_9d3eb9f5d38844bfb4e5fb2cd05fd3fd,C1,manual,rPc6DW4iMge,True,all_archived,1,23,0.08317580340264649,0.0831758034026465,0.5
extended73|C1|manual|rPc6DW4iMge_9d3eb9f5d38844bfb4e5fb2cd05fd3fd,C1|0|rPc6DW4iMge_9d3eb9f5d38844bfb4e5fb2cd05fd3fd|manual,rPc6DW4iMge_9d3eb9f5d38844bfb4e5fb2cd05fd3fd,C1,manual,rPc6DW4iMge,True,all_archived,2,23,0.07939508506616257,0.03969754253308128,0.5434782608695652
extended73|C1|manual|rPc6DW4iMge_9d3eb9f5d38844bfb4e5fb2cd05fd3fd,C1|0|rPc6DW4iMge_9d3eb9f5d38844bfb4e5fb2cd05fd3fd|manual,rPc6DW4iMge_9d3eb9f5d38844bfb4e5fb2cd05fd3fd,C1,manual,rPc6DW4iMge,True,all_archived,3,23,0.07561436672967863,0.03780718336483932,0.5652173913043479
extended73|C1|manual|rPc6DW4iMge_9d3eb9f5d38844bfb4e5fb2cd05fd3fd,C1|0|rPc6DW4iMge_9d3eb9f5d38844bfb4e5fb2cd05fd3fd|manual,rPc6DW4iMge_9d3eb9f5d38844bfb4e5fb2cd05fd3fd,C1,manual,rPc6DW4iMge,True,all_archived,4,23,0.0718336483931947,0.03591682419659735,0.5869565217391304
extended73|C1|manual|rPc6DW4iMge_9d3eb9f5d38844bfb4e5fb2cd05fd3fd,C1|0|rPc6DW4iMge_9d3eb9f5d38844bfb4e5fb2cd05fd3fd|manual,rPc6DW4iMge_9d3eb9f5d38844bfb4e5fb2cd05fd3fd,C1,manual,rPc6DW4iMge,True,all_archived,5,23,0.06805293005671076,0.034026465028355386,0.6086956521739131
extended73|C1|manual|rPc6DW4iMge_9d3eb9f5d38844bfb4e5fb2cd05fd3fd,C1|0|rPc6DW4iMge_9d3eb9f5d38844bfb4e5fb2cd05fd3fd|manual,rPc6DW4iMge_9d3eb9f5d38844bfb4e5fb2cd05fd3fd,C1,manual,rPc6DW4iMge,True,all_archived,6,23,0.06427221172022682,0.032136105860113416,0.6304347826086957
extended73|C1|manual|rPc6DW4iMge_9d3eb9f5d38844bfb4e5fb2cd05fd3fd,C1|0|rPc6DW4iMge_9d3eb9f5d38844bfb4e5fb2cd05fd3fd|manual,rPc6DW4iMge_9d3eb9f5d38844bfb4e5fb2cd05fd3fd,C1,manual,rPc6DW4iMge,True,all_archived,7,23,0.06049149338374291,0.030245746691871453,0.6521739130434783
extended73|C1|manual|rPc6DW4iMge_9d3eb9f5d38844bfb4e5fb2cd05fd3fd,C1|0|rPc6DW4iMge_9d3eb9f5d38844bfb4e5fb2cd05fd3fd|manual,rPc6DW4iMge_9d3eb9f5d38844bfb4e5fb2cd05fd3fd,C1,manual,rPc6DW4iMge,True,all_archived,8,23,0.05671077504725898,0.02835538752362949,0.6739130434782609
extended73|C1|manual|rPc6DW4iMge_9d3eb9f5d38844bfb4e5fb2cd05fd3fd,C1|0|rPc6DW4iMge_9d3eb9f5d38844bfb4e5fb2cd05fd3fd|manual,rPc6DW4iMge_9d3eb9f5d38844bfb4e5fb2cd05fd3fd,C1,manual,rPc6DW4iMge,True,all_archived,9,23,0.05293005671077505,0.026465028355387523,0.6956521739130435
extended73|C1|manual|rPc6DW4iMge_9d3eb9f5d38844bfb4e5fb2cd05fd3fd,C1|0|rPc6DW4iMge_9d3eb9f5d38844bfb4e5fb2cd05fd3fd|manual,rPc6DW4iMge_9d3eb9f5d38844bfb4e5fb2cd05fd3fd,C1,manual,rPc6DW4iMge,True,all_archived,10,23,0.049149338374291106,0.024574669187145556,0.7173913043478262
extended73|C1|manual|rPc6DW4iMge_9d3eb9f5d38844bfb4e5fb2cd05fd3fd,C1|0|rPc6DW4iMge_9d3eb9f5d38844bfb4e5fb2cd05fd3fd|manual,rPc6DW4iMge_9d3eb9f5d38844bfb4e5fb2cd05fd3fd,C1,manual,rPc6DW4iMge,True,all_archived,11,23,0.04536862003780719,0.02268431001890359,0.7391304347826086
extended73|C1|manual|rPc6DW4iMge_9d3eb9f5d38844bfb4e5fb2cd05fd3fd,C1|0|rPc6DW4iMge_9d3eb9f5d38844bfb4e5fb2cd05fd3fd|manual,rPc6DW4iMge_9d3eb9f5d38844bfb4e5fb2cd05fd3fd,C1,manual,rPc6DW4iMge,True,all_archived,12,23,0.04158790170132326,0.020793950850661626,0.7608695652173914
extended73|C1|manual|rPc6DW4iMge_9d3eb9f5d38844bfb4e5fb2cd05fd3fd,C1|0|rPc6DW4iMge_9d3eb9f5d38844bfb4e5fb2cd05fd3fd|manual,rPc6DW4iMge_9d3eb9f5d38844bfb4e5fb2cd05fd3fd,C1,manual,rPc6DW4iMge,True,all_archived,13,23,0.037807183364839306,0.01890359168241966,0.782608695652174
extended73|C1|manual|rPc6DW4iMge_9d3eb9f5d38844bfb4e5fb2cd05fd3fd,C1|0|rPc6DW4iMge_9d3eb9f5d38844bfb4e5fb2cd05fd3fd|manual,rPc6DW4iMge_9d3eb9f5d38844bfb4e5fb2cd05fd3fd,C1,manual,rPc6DW4iMge,True,all_archived,14,23,0.03402646502835538,0.017013232514177693,0.8043478260869565
extended73|C1|manual|rPc6DW4iMge_9d3eb9f5d38844bfb4e5fb2cd05fd3fd,C1|0|rPc6DW4iMge_9d3eb9f5d38844bfb4e5fb2cd05fd3fd|manual,rPc6DW4iMge_9d3eb9f5d38844bfb4e5fb2cd05fd3fd,C1,manual,rPc6DW4iMge,True,all_archived,15,23,0.030245746691871453,0.015122873345935726,0.8260869565217391
extended73|C1|manual|rPc6DW4iMge_9d3eb9f5d38844bfb4e5fb2cd05fd3fd,C1|0|rPc6DW4iMge_9d3eb9f5d38844bfb4e5fb2cd05fd3fd|manual,rPc6DW4iMge_9d3eb9f5d38844bfb4e5fb2cd05fd3fd,C1,manual,rPc6DW4iMge,True,all_archived,16,23,0.02646502835538753,0.013232514177693762,0.8478260869565217
extended73|C1|manual|rPc6DW4iMge_9d3eb9f5d38844bfb4e5fb2cd05fd3fd,C1|0|rPc6DW4iMge_9d3eb9f5d38844bfb4e5fb2cd05fd3fd|manual,rPc6DW4iMge_9d3eb9f5d38844bfb4e5fb2cd05fd3fd,C1,manual,rPc6DW4iMge,True,all_archived,17,23,0.0226843100189036,0.011342155009451795,0.8695652173913043
extended73|C1|manual|rPc6DW4iMge_9d3eb9f5d38844bfb4e5fb2cd05fd3fd,C1|0|rPc6DW4iMge_9d3eb9f5d38844bfb4e5fb2cd05fd3fd|manual,rPc6DW4iMge_9d3eb9f5d38844bfb4e5fb2cd05fd3fd,C1,manual,rPc6DW4iMge,True,all_archived,18,23,0.018903591682419677,0.00945179584120983,0.8913043478260869
extended73|C1|manual|rPc6DW4iMge_9d3eb9f5d38844bfb4e5fb2cd05fd3fd,C1|0|rPc6DW4iMge_9d3eb9f5d38844bfb4e5fb2cd05fd3fd|manual,rPc6DW4iMge_9d3eb9f5d38844bfb4e5fb2cd05fd3fd,C1,manual,rPc6DW4iMge,True,all_archived,19,23,0.015122873345935758,0.007561436672967863,0.9130434782608696
extended73|C1|manual|rPc6DW4iMge_9d3eb9f5d38844bfb4e5fb2cd05fd3fd,C1|0|rPc6DW4iMge_9d3eb9f5d38844bfb4e5fb2cd05fd3fd|manual,rPc6DW4iMge_9d3eb9f5d38844bfb4e5fb2cd05fd3fd,C1,manual,rPc6DW4iMge,True,all_archived,20,23,0.011342155009451828,0.005671077504725897,0.9347826086956521
extended73|C1|manual|rPc6DW4iMge_9d3eb9f5d38844bfb4e5fb2cd05fd3fd,C1|0|rPc6DW4iMge_9d3eb9f5d38844bfb4e5fb2cd05fd3fd|manual,rPc6DW4iMge_9d3eb9f5d38844bfb4e5fb2cd05fd3fd,C1,manual,rPc6DW4iMge,True,current20,1,20,0.08913043478260868,0.0891304347826087,0.5
extended73|C1|manual|rPc6DW4iMge_9d3eb9f5d38844bfb4e5fb2cd05fd3fd,C1|0|rPc6DW4iMge_9d3eb9f5d38844bfb4e5fb2cd05fd3fd|manual,rPc6DW4iMge_9d3eb9f5d38844bfb4e5fb2cd05fd3fd,C1,manual,rPc6DW4iMge,True,current20,2,20,0.08478260869565217,0.0391304347826087,0.55
extended73|C1|manual|rPc6DW4iMge_9d3eb9f5d38844bfb4e5fb2cd05fd3fd,C1|0|rPc6DW4iMge_9d3eb9f5d38844bfb4e5fb2cd05fd3fd|manual,rPc6DW4iMge_9d3eb9f5d38844bfb4e5fb2cd05fd3fd,C1,manual,rPc6DW4iMge,True,current20,3,20,0.08043478260869563,0.03695652173913043,0.575
extended73|C1|manual|rPc6DW4iMge_9d3eb9f5d38844bfb4e5fb2cd05fd3fd,C1|0|rPc6DW4iMge_9d3eb9f5d38844bfb4e5fb2cd05fd3fd|manual,rPc6DW4iMge_9d3eb9f5d38844bfb4e5fb2cd05fd3fd,C1,manual,rPc6DW4iMge,True,current20,4,20,0.07608695652173914,0.034782608695652174,0.6
extended73|C1|manual|rPc6DW4iMge_9d3eb9f5d38844bfb4e5fb2cd05fd3fd,C1|0|rPc6DW4iMge_9d3eb9f5d38844bfb4e5fb2cd05fd3fd|manual,rPc6DW4iMge_9d3eb9f5d38844bfb4e5fb2cd05fd3fd,C1,manual,rPc6DW4iMge,True,current20,5,20,0.0717391304347826,0.03260869565217391,0.625
extended73|C1|manual|rPc6DW4iMge_9d3eb9f5d38844bfb4e5fb2cd05fd3fd,C1|0|rPc6DW4iMge_9d3eb9f5d38844bfb4e5fb2cd05fd3fd|manual,rPc6DW4iMge_9d3eb9f5d38844bfb4e5fb2cd05fd3fd,C1,manual,rPc6DW4iMge,True,current20,6,20,0.06739130434782607,0.03043478260869565,0.65
extended73|C1|manual|rPc6DW4iMge_9d3eb9f5d38844bfb4e5fb2cd05fd3fd,C1|0|rPc6DW4iMge_9d3eb9f5d38844bfb4e5fb2cd05fd3fd|manual,rPc6DW4iMge_9d3eb9f5d38844bfb4e5fb2cd05fd3fd,C1,manual,rPc6DW4iMge,True,current20,7,20,0.06304347826086956,0.02826086956521739,0.675
extended73|C1|manual|rPc6DW4iMge_9d3eb9f5d38844bfb4e5fb2cd05fd3fd,C1|0|rPc6DW4iMge_9d3eb9f5d38844bfb4e5fb2cd05fd3fd|manual,rPc6DW4iMge_9d3eb9f5d38844bfb4e5fb2cd05fd3fd,C1,manual,rPc6DW4iMge,True,current20,8,20,0.05869565217391304,0.02608695652173913,0.7
extended73|C1|manual|rPc6DW4iMge_9d3eb9f5d38844bfb4e5fb2cd05fd3fd,C1|0|rPc6DW4iMge_9d3eb9f5d38844bfb4e5fb2cd05fd3fd|manual,rPc6DW4iMge_9d3eb9f5d38844bfb4e5fb2cd05fd3fd,C1,manual,rPc6DW4iMge,True,current20,9,20,0.05434782608695653,0.02391304347826087,0.725
extended73|C1|manual|rPc6DW4iMge_9d3eb9f5d38844bfb4e5fb2cd05fd3fd,C1|0|rPc6DW4iMge_9d3eb9f5d38844bfb4e5fb2cd05fd3fd|manual,rPc6DW4iMge_9d3eb9f5d38844bfb4e5fb2cd05fd3fd,C1,manual,rPc6DW4iMge,True,current20,10,20,0.049999999999999996,0.021739130434782608,0.75
extended73|C1|manual|rPc6DW4iMge_9d3eb9f5d38844bfb4e5fb2cd05fd3fd,C1|0|rPc6DW4iMge_9d3eb9f5d38844bfb4e5fb2cd05fd3fd|manual,rPc6DW4iMge_9d3eb9f5d38844bfb4e5fb2cd05fd3fd,C1,manual,rPc6DW4iMge,True,current20,11,20,0.04565217391304349,0.01956521739130435,0.775
extended73|C1|manual|rPc6DW4iMge_9d3eb9f5d38844bfb4e5fb2cd05fd3fd,C1|0|rPc6DW4iMge_9d3eb9f5d38844bfb4e5fb2cd05fd3fd|manual,rPc6DW4iMge_9d3eb9f5d38844bfb4e5fb2cd05fd3fd,C1,manual,rPc6DW4iMge,True,current20,12,20,0.04130434782608697,0.017391304347826087,0.8
extended73|C1|manual|rPc6DW4iMge_9d3eb9f5d38844bfb4e5fb2cd05fd3fd,C1|0|rPc6DW4iMge_9d3eb9f5d38844bfb4e5fb2cd05fd3fd|manual,rPc6DW4iMge_9d3eb9f5d38844bfb4e5fb2cd05fd3fd,C1,manual,rPc6DW4iMge,True,current20,13,20,0.03695652173913042,0.015217391304347825,0.825
extended73|C1|manual|rPc6DW4iMge_9d3eb9f5d38844bfb4e5fb2cd05fd3fd,C1|0|rPc6DW4iMge_9d3eb9f5d38844bfb4e5fb2cd05fd3fd|manual,rPc6DW4iMge_9d3eb9f5d38844bfb4e5fb2cd05fd3fd,C1,manual,rPc6DW4iMge,True,current20,14,20,0.032608695652173905,0.013043478260869565,0.85
extended73|C1|manual|rPc6DW4iMge_9d3eb9f5d38844bfb4e5fb2cd05fd3fd,C1|0|rPc6DW4iMge_9d3eb9f5d38844bfb4e5fb2cd05fd3fd|manual,rPc6DW4iMge_9d3eb9f5d38844bfb4e5fb2cd05fd3fd,C1,manual,rPc6DW4iMge,True,current20,15,20,0.028260869565217395,0.010869565217391304,0.875
extended73|C1|manual|rPc6DW4iMge_9d3eb9f5d38844bfb4e5fb2cd05fd3fd,C1|0|rPc6DW4iMge_9d3eb9f5d38844bfb4e5fb2cd05fd3fd|manual,rPc6DW4iMge_9d3eb9f5d38844bfb4e5fb2cd05fd3fd,C1,manual,rPc6DW4iMge,True,current20,16,20,0.023913043478260877,0.008695652173913044,0.9
extended73|C1|manual|rPc6DW4iMge_9d3eb9f5d38844bfb4e5fb2cd05fd3fd,C1|0|rPc6DW4iMge_9d3eb9f5d38844bfb4e5fb2cd05fd3fd|manual,rPc6DW4iMge_9d3eb9f5d38844bfb4e5fb2cd05fd3fd,C1,manual,rPc6DW4iMge,True,current20,17,20,0.019565217391304363,0.006521739130434782,0.925
extended73|C1|manual|rPc6DW4iMge_9d3eb9f5d38844bfb4e5fb2cd05fd3fd,C1|0|rPc6DW4iMge_9d3eb9f5d38844bfb4e5fb2cd05fd3fd|manual,rPc6DW4iMge_9d3eb9f5d38844bfb4e5fb2cd05fd3fd,C1,manual,rPc6DW4iMge,True,current20,18,20,0.01521739130434785,0.004347826086956522,0.95
extended73|C1|manual|rPc6DW4iMge_9d3eb9f5d38844bfb4e5fb2cd05fd3fd,C1|0|rPc6DW4iMge_9d3eb9f5d38844bfb4e5fb2cd05fd3fd|manual,rPc6DW4iMge_9d3eb9f5d38844bfb4e5fb2cd05fd3fd,C1,manual,rPc6DW4iMge,True,current20,19,20,0.010869565217391342,0.002173913043478261,0.975
extended73|C1|manual|rPc6DW4iMge_9d3eb9f5d38844bfb4e5fb2cd05fd3fd,C1|0|rPc6DW4iMge_9d3eb9f5d38844bfb4e5fb2cd05fd3fd|manual,rPc6DW4iMge_9d3eb9f5d38844bfb4e5fb2cd05fd3fd,C1,manual,rPc6DW4iMge,True,current20,20,20,0.006521739130434821,0.0,1.0
extended73|C1|manual|uNb9QFRL6hY_1096f195d3294cefa462add5ab0c342e,C1|0|uNb9QFRL6hY_1096f195d3294cefa462add5ab0c342e|manual,uNb9QFRL6hY_1096f195d3294cefa462add5ab0c342e,C1,manual,uNb9QFRL6hY,True,all_archived,1,23,0.08317580340264649,0.0831758034026465,0.5
extended73|C1|manual|uNb9QFRL6hY_1096f195d3294cefa462add5ab0c342e,C1|0|uNb9QFRL6hY_1096f195d3294cefa462add5ab0c342e|manual,uNb9QFRL6hY_1096f195d3294cefa462add5ab0c342e,C1,manual,uNb9QFRL6hY,True,all_archived,2,23,0.07939508506616257,0.03969754253308128,0.5434782608695652
extended73|C1|manual|uNb9QFRL6hY_1096f195d3294cefa462add5ab0c342e,C1|0|uNb9QFRL6hY_1096f195d3294cefa462add5ab0c342e|manual,uNb9QFRL6hY_1096f195d3294cefa462add5ab0c342e,C1,manual,uNb9QFRL6hY,True,all_archived,3,23,0.07561436672967863,0.03780718336483932,0.5652173913043479
extended73|C1|manual|uNb9QFRL6hY_1096f195d3294cefa462add5ab0c342e,C1|0|uNb9QFRL6hY_1096f195d3294cefa462add5ab0c342e|manual,uNb9QFRL6hY_1096f195d3294cefa462add5ab0c342e,C1,manual,uNb9QFRL6hY,True,all_archived,4,23,0.0718336483931947,0.03591682419659735,0.5869565217391304
extended73|C1|manual|uNb9QFRL6hY_1096f195d3294cefa462add5ab0c342e,C1|0|uNb9QFRL6hY_1096f195d3294cefa462add5ab0c342e|manual,uNb9QFRL6hY_1096f195d3294cefa462add5ab0c342e,C1,manual,uNb9QFRL6hY,True,all_archived,5,23,0.06805293005671076,0.034026465028355386,0.6086956521739131
extended73|C1|manual|uNb9QFRL6hY_1096f195d3294cefa462add5ab0c342e,C1|0|uNb9QFRL6hY_1096f195d3294cefa462add5ab0c342e|manual,uNb9QFRL6hY_1096f195d3294cefa462add5ab0c342e,C1,manual,uNb9QFRL6hY,True,all_archived,6,23,0.06427221172022682,0.032136105860113416,0.6304347826086957
extended73|C1|manual|uNb9QFRL6hY_1096f195d3294cefa462add5ab0c342e,C1|0|uNb9QFRL6hY_1096f195d3294cefa462add5ab0c342e|manual,uNb9QFRL6hY_1096f195d3294cefa462add5ab0c342e,C1,manual,uNb9QFRL6hY,True,all_archived,7,23,0.06049149338374291,0.030245746691871453,0.6521739130434783
extended73|C1|manual|uNb9QFRL6hY_1096f195d3294cefa462add5ab0c342e,C1|0|uNb9QFRL6hY_1096f195d3294cefa462add5ab0c342e|manual,uNb9QFRL6hY_1096f195d3294cefa462add5ab0c342e,C1,manual,uNb9QFRL6hY,True,all_archived,8,23,0.05671077504725898,0.02835538752362949,0.6739130434782609
extended73|C1|manual|uNb9QFRL6hY_1096f195d3294cefa462add5ab0c342e,C1|0|uNb9QFRL6hY_1096f195d3294cefa462add5ab0c342e|manual,uNb9QFRL6hY_1096f195d3294cefa462add5ab0c342e,C1,manual,uNb9QFRL6hY,True,all_archived,9,23,0.05293005671077505,0.026465028355387523,0.6956521739130435
extended73|C1|manual|uNb9QFRL6hY_1096f195d3294cefa462add5ab0c342e,C1|0|uNb9QFRL6hY_1096f195d3294cefa462add5ab0c342e|manual,uNb9QFRL6hY_1096f195d3294cefa462add5ab0c342e,C1,manual,uNb9QFRL6hY,True,all_archived,10,23,0.049149338374291106,0.024574669187145556,0.7173913043478262
extended73|C1|manual|uNb9QFRL6hY_1096f195d3294cefa462add5ab0c342e,C1|0|uNb9QFRL6hY_1096f195d3294cefa462add5ab0c342e|manual,uNb9QFRL6hY_1096f195d3294cefa462add5ab0c342e,C1,manual,uNb9QFRL6hY,True,all_archived,11,23,0.04536862003780719,0.02268431001890359,0.7391304347826086
extended73|C1|manual|uNb9QFRL6hY_1096f195d3294cefa462add5ab0c342e,C1|0|uNb9QFRL6hY_1096f195d3294cefa462add5ab0c342e|manual,uNb9QFRL6hY_1096f195d3294cefa462add5ab0c342e,C1,manual,uNb9QFRL6hY,True,all_archived,12,23,0.04158790170132326,0.020793950850661626,0.7608695652173914
extended73|C1|manual|uNb9QFRL6hY_1096f195d3294cefa462add5ab0c342e,C1|0|uNb9QFRL6hY_1096f195d3294cefa462add5ab0c342e|manual,uNb9QFRL6hY_1096f195d3294cefa462add5ab0c342e,C1,manual,uNb9QFRL6hY,True,all_archived,13,23,0.037807183364839306,0.01890359168241966,0.782608695652174
extended73|C1|manual|uNb9QFRL6hY_1096f195d3294cefa462add5ab0c342e,C1|0|uNb9QFRL6hY_1096f195d3294cefa462add5ab0c342e|manual,uNb9QFRL6hY_1096f195d3294cefa462add5ab0c342e,C1,manual,uNb9QFRL6hY,True,all_archived,14,23,0.03402646502835538,0.017013232514177693,0.8043478260869565
extended73|C1|manual|uNb9QFRL6hY_1096f195d3294cefa462add5ab0c342e,C1|0|uNb9QFRL6hY_1096f195d3294cefa462add5ab0c342e|manual,uNb9QFRL6hY_1096f195d3294cefa462add5ab0c342e,C1,manual,uNb9QFRL6hY,True,all_archived,15,23,0.030245746691871453,0.015122873345935726,0.8260869565217391
extended73|C1|manual|uNb9QFRL6hY_1096f195d3294cefa462add5ab0c342e,C1|0|uNb9QFRL6hY_1096f195d3294cefa462add5ab0c342e|manual,uNb9QFRL6hY_1096f195d3294cefa462add5ab0c342e,C1,manual,uNb9QFRL6hY,True,all_archived,16,23,0.02646502835538753,0.013232514177693762,0.8478260869565217
extended73|C1|manual|uNb9QFRL6hY_1096f195d3294cefa462add5ab0c342e,C1|0|uNb9QFRL6hY_1096f195d3294cefa462add5ab0c342e|manual,uNb9QFRL6hY_1096f195d3294cefa462add5ab0c342e,C1,manual,uNb9QFRL6hY,True,all_archived,17,23,0.0226843100189036,0.011342155009451795,0.8695652173913043
extended73|C1|manual|uNb9QFRL6hY_1096f195d3294cefa462add5ab0c342e,C1|0|uNb9QFRL6hY_1096f195d3294cefa462add5ab0c342e|manual,uNb9QFRL6hY_1096f195d3294cefa462add5ab0c342e,C1,manual,uNb9QFRL6hY,True,all_archived,18,23,0.018903591682419677,0.00945179584120983,0.8913043478260869
extended73|C1|manual|uNb9QFRL6hY_1096f195d3294cefa462add5ab0c342e,C1|0|uNb9QFRL6hY_1096f195d3294cefa462add5ab0c342e|manual,uNb9QFRL6hY_1096f195d3294cefa462add5ab0c342e,C1,manual,uNb9QFRL6hY,True,all_archived,19,23,0.015122873345935758,0.007561436672967863,0.9130434782608696
extended73|C1|manual|uNb9QFRL6hY_1096f195d3294cefa462add5ab0c342e,C1|0|uNb9QFRL6hY_1096f195d3294cefa462add5ab0c342e|manual,uNb9QFRL6hY_1096f195d3294cefa462add5ab0c342e,C1,manual,uNb9QFRL6hY,True,all_archived,20,23,0.011342155009451828,0.005671077504725897,0.9347826086956521
extended73|C1|manual|uNb9QFRL6hY_1096f195d3294cefa462add5ab0c342e,C1|0|uNb9QFRL6hY_1096f195d3294cefa462add5ab0c342e|manual,uNb9QFRL6hY_1096f195d3294cefa462add5ab0c342e,C1,manual,uNb9QFRL6hY,True,current20,1,20,0.08913043478260868,0.0891304347826087,0.5
extended73|C1|manual|uNb9QFRL6hY_1096f195d3294cefa462add5ab0c342e,C1|0|uNb9QFRL6hY_1096f195d3294cefa462add5ab0c342e|manual,uNb9QFRL6hY_1096f195d3294cefa462add5ab0c342e,C1,manual,uNb9QFRL6hY,True,current20,2,20,0.08478260869565217,0.0391304347826087,0.55
extended73|C1|manual|uNb9QFRL6hY_1096f195d3294cefa462add5ab0c342e,C1|0|uNb9QFRL6hY_1096f195d3294cefa462add5ab0c342e|manual,uNb9QFRL6hY_1096f195d3294cefa462add5ab0c342e,C1,manual,uNb9QFRL6hY,True,current20,3,20,0.08043478260869563,0.03695652173913043,0.575
extended73|C1|manual|uNb9QFRL6hY_1096f195d3294cefa462add5ab0c342e,C1|0|uNb9QFRL6hY_1096f195d3294cefa462add5ab0c342e|manual,uNb9QFRL6hY_1096f195d3294cefa462add5ab0c342e,C1,manual,uNb9QFRL6hY,True,current20,4,20,0.07608695652173914,0.034782608695652174,0.6
extended73|C1|manual|uNb9QFRL6hY_1096f195d3294cefa462add5ab0c342e,C1|0|uNb9QFRL6hY_1096f195d3294cefa462add5ab0c342e|manual,uNb9QFRL6hY_1096f195d3294cefa462add5ab0c342e,C1,manual,uNb9QFRL6hY,True,current20,5,20,0.0717391304347826,0.03260869565217391,0.625
extended73|C1|manual|uNb9QFRL6hY_1096f195d3294cefa462add5ab0c342e,C1|0|uNb9QFRL6hY_1096f195d3294cefa462add5ab0c342e|manual,uNb9QFRL6hY_1096f195d3294cefa462add5ab0c342e,C1,manual,uNb9QFRL6hY,True,current20,6,20,0.06739130434782607,0.03043478260869565,0.65
extended73|C1|manual|uNb9QFRL6hY_1096f195d3294cefa462add5ab0c342e,C1|0|uNb9QFRL6hY_1096f195d3294cefa462add5ab0c342e|manual,uNb9QFRL6hY_1096f195d3294cefa462add5ab0c342e,C1,manual,uNb9QFRL6hY,True,current20,7,20,0.06304347826086956,0.02826086956521739,0.675
extended73|C1|manual|uNb9QFRL6hY_1096f195d3294cefa462add5ab0c342e,C1|0|uNb9QFRL6hY_1096f195d3294cefa462add5ab0c342e|manual,uNb9QFRL6hY_1096f195d3294cefa462add5ab0c342e,C1,manual,uNb9QFRL6hY,True,current20,8,20,0.05869565217391304,0.02608695652173913,0.7
extended73|C1|manual|uNb9QFRL6hY_1096f195d3294cefa462add5ab0c342e,C1|0|uNb9QFRL6hY_1096f195d3294cefa462add5ab0c342e|manual,uNb9QFRL6hY_1096f195d3294cefa462add5ab0c342e,C1,manual,uNb9QFRL6hY,True,current20,9,20,0.05434782608695653,0.02391304347826087,0.725
extended73|C1|manual|uNb9QFRL6hY_1096f195d3294cefa462add5ab0c342e,C1|0|uNb9QFRL6hY_1096f195d3294cefa462add5ab0c342e|manual,uNb9QFRL6hY_1096f195d3294cefa462add5ab0c342e,C1,manual,uNb9QFRL6hY,True,current20,10,20,0.049999999999999996,0.021739130434782608,0.75
extended73|C1|manual|uNb9QFRL6hY_1096f195d3294cefa462add5ab0c342e,C1|0|uNb9QFRL6hY_1096f195d3294cefa462add5ab0c342e|manual,uNb9QFRL6hY_1096f195d3294cefa462add5ab0c342e,C1,manual,uNb9QFRL6hY,True,current20,11,20,0.04565217391304349,0.01956521739130435,0.775
extended73|C1|manual|uNb9QFRL6hY_1096f195d3294cefa462add5ab0c342e,C1|0|uNb9QFRL6hY_1096f195d3294cefa462add5ab0c342e|manual,uNb9QFRL6hY_1096f195d3294cefa462add5ab0c342e,C1,manual,uNb9QFRL6hY,True,current20,12,20,0.04130434782608697,0.017391304347826087,0.8
extended73|C1|manual|uNb9QFRL6hY_1096f195d3294cefa462add5ab0c342e,C1|0|uNb9QFRL6hY_1096f195d3294cefa462add5ab0c342e|manual,uNb9QFRL6hY_1096f195d3294cefa462add5ab0c342e,C1,manual,uNb9QFRL6hY,True,current20,13,20,0.03695652173913042,0.015217391304347825,0.825
extended73|C1|manual|uNb9QFRL6hY_1096f195d3294cefa462add5ab0c342e,C1|0|uNb9QFRL6hY_1096f195d3294cefa462add5ab0c342e|manual,uNb9QFRL6hY_1096f195d3294cefa462add5ab0c342e,C1,manual,uNb9QFRL6hY,True,current20,14,20,0.032608695652173905,0.013043478260869565,0.85
extended73|C1|manual|uNb9QFRL6hY_1096f195d3294cefa462add5ab0c342e,C1|0|uNb9QFRL6hY_1096f195d3294cefa462add5ab0c342e|manual,uNb9QFRL6hY_1096f195d3294cefa462add5ab0c342e,C1,manual,uNb9QFRL6hY,True,current20,15,20,0.028260869565217395,0.010869565217391304,0.875
extended73|C1|manual|uNb9QFRL6hY_1096f195d3294cefa462add5ab0c342e,C1|0|uNb9QFRL6hY_1096f195d3294cefa462add5ab0c342e|manual,uNb9QFRL6hY_1096f195d3294cefa462add5ab0c342e,C1,manual,uNb9QFRL6hY,True,current20,16,20,0.023913043478260877,0.008695652173913044,0.9
extended73|C1|manual|uNb9QFRL6hY_1096f195d3294cefa462add5ab0c342e,C1|0|uNb9QFRL6hY_1096f195d3294cefa462add5ab0c342e|manual,uNb9QFRL6hY_1096f195d3294cefa462add5ab0c342e,C1,manual,uNb9QFRL6hY,True,current20,17,20,0.019565217391304363,0.006521739130434782,0.925
extended73|C1|manual|uNb9QFRL6hY_1096f195d3294cefa462add5ab0c342e,C1|0|uNb9QFRL6hY_1096f195d3294cefa462add5ab0c342e|manual,uNb9QFRL6hY_1096f195d3294cefa462add5ab0c342e,C1,manual,uNb9QFRL6hY,True,current20,18,20,0.01521739130434785,0.004347826086956522,0.95
extended73|C1|manual|uNb9QFRL6hY_1096f195d3294cefa462add5ab0c342e,C1|0|uNb9QFRL6hY_1096f195d3294cefa462add5ab0c342e|manual,uNb9QFRL6hY_1096f195d3294cefa462add5ab0c342e,C1,manual,uNb9QFRL6hY,True,current20,19,20,0.010869565217391342,0.002173913043478261,0.975
extended73|C1|manual|uNb9QFRL6hY_1096f195d3294cefa462add5ab0c342e,C1|0|uNb9QFRL6hY_1096f195d3294cefa462add5ab0c342e|manual,uNb9QFRL6hY_1096f195d3294cefa462add5ab0c342e,C1,manual,uNb9QFRL6hY,True,current20,20,20,0.006521739130434821,0.0,1.0
extended73|C1|manual|uNb9QFRL6hY_8b6f1b0b025848b482e747ab6a027b97,C1|0|uNb9QFRL6hY_8b6f1b0b025848b482e747ab6a027b97|manual,uNb9QFRL6hY_8b6f1b0b025848b482e747ab6a027b97,C1,manual,uNb9QFRL6hY,True,all_archived,1,23,0.5973534971644612,0.5973534971644612,0.25
extended73|C1|manual|uNb9QFRL6hY_8b6f1b0b025848b482e747ab6a027b97,C1|0|uNb9QFRL6hY_8b6f1b0b025848b482e747ab6a027b97|manual,uNb9QFRL6hY_8b6f1b0b025848b482e747ab6a027b97,C1,manual,uNb9QFRL6hY,True,all_archived,2,23,0.3809932978174944,0.3696511428080426,0.4061264822134387
extended73|C1|manual|uNb9QFRL6hY_8b6f1b0b025848b482e747ab6a027b97,C1|0|uNb9QFRL6hY_8b6f1b0b025848b482e747ab6a027b97|manual,uNb9QFRL6hY_8b6f1b0b025848b482e747ab6a027b97,C1,manual,uNb9QFRL6hY,True,all_archived,3,23,0.31816954312228407,0.24108216924852086,0.5073404856013551
extended73|C1|manual|uNb9QFRL6hY_8b6f1b0b025848b482e747ab6a027b97,C1|0|uNb9QFRL6hY_8b6f1b0b025848b482e747ab6a027b97|manual,uNb9QFRL6hY_8b6f1b0b025848b482e747ab6a027b97,C1,manual,uNb9QFRL6hY,True,all_archived,4,23,0.27763729654088826,0.1677509635921734,0.5766516092603049
extended73|C1|manual|uNb9QFRL6hY_8b6f1b0b025848b482e747ab6a027b97,C1|0|uNb9QFRL6hY_8b6f1b0b025848b482e747ab6a027b97|manual,uNb9QFRL6hY_8b6f1b0b025848b482e747ab6a027b97,C1,manual,uNb9QFRL6hY,True,all_archived,5,23,0.25005459171213823,0.12481797378822548,0.6274183482421469
extended73|C1|manual|uNb9QFRL6hY_8b6f1b0b025848b482e747ab6a027b97,C1|0|uNb9QFRL6hY_8b6f1b0b025848b482e747ab6a027b97|manual,uNb9QFRL6hY_8b6f1b0b025848b482e747ab6a027b97,C1,manual,uNb9QFRL6hY,True,all_archived,6,23,0.21508100893236698,0.09851273655870213,0.6672907565356079
extended73|C1|manual|uNb9QFRL6hY_8b6f1b0b025848b482e747ab6a027b97,C1|0|uNb9QFRL6hY_8b6f1b0b025848b482e747ab6a027b97|manual,uNb9QFRL6hY_8b6f1b0b025848b482e747ab6a027b97,C1,manual,uNb9QFRL6hY,True,all_archived,7,23,0.2016162187055338,0.08132215540316577,0.7006112409598747
extended73|C1|manual|uNb9QFRL6hY_8b6f1b0b025848b482e747ab6a027b97,C1|0|uNb9QFRL6hY_8b6f1b0b025848b482e747ab6a027b97|manual,uNb9QFRL6hY_8b6f1b0b025848b482e747ab6a027b97,C1,manual,uNb9QFRL6hY,True,all_archived,8,23,0.17830455053558403,0.06918459173722039,0.7298363905578873
extended73|C1|manual|uNb9QFRL6hY_8b6f1b0b025848b482e747ab6a027b97,C1|0|uNb9QFRL6hY_8b6f1b0b025848b482e747ab6a027b97|manual,uNb9QFRL6hY_8b6f1b0b025848b482e747ab6a027b97,C1,manual,uNb9QFRL6hY,True,all_archived,9,23,0.16152630497120657,0.05990730695910748,0.7563571507238218
extended73|C1|manual|uNb9QFRL6hY_8b6f1b0b025848b482e747ab6a027b97,C1|0|uNb9QFRL6hY_8b6f1b0b025848b482e747ab6a027b97|manual,uNb9QFRL6hY_8b6f1b0b025848b482e747ab6a027b97,C1,manual,uNb9QFRL6hY,True,all_archived,10,23,0.14798484946026602,0.05230140644819898,0.7809619375105982
extended73|C1|manual|uNb9QFRL6hY_8b6f1b0b025848b482e747ab6a027b97,C1|0|uNb9QFRL6hY_8b6f1b0b025848b482e747ab6a027b97|manual,uNb9QFRL6hY_8b6f1b0b025848b482e747ab6a027b97,C1,manual,uNb9QFRL6hY,True,all_archived,11,23,0.13243228764072462,0.04572015622715875,0.8040952519011476
extended73|C1|manual|uNb9QFRL6hY_8b6f1b0b025848b482e747ab6a027b97,C1|0|uNb9QFRL6hY_8b6f1b0b025848b482e747ab6a027b97|manual,uNb9QFRL6hY_8b6f1b0b025848b482e747ab6a027b97,C1,manual,uNb9QFRL6hY,True,all_archived,12,23,0.12139626367066422,0.039814592636378,0.8260028267599946
extended73|C1|manual|uNb9QFRL6hY_8b6f1b0b025848b482e747ab6a027b97,C1|0|uNb9QFRL6hY_8b6f1b0b025848b482e747ab6a027b97|manual,uNb9QFRL6hY_8b6f1b0b025848b482e747ab6a027b97,C1,manual,uNb9QFRL6hY,True,all_archived,13,23,0.11383449958482002,0.03440208945075303,0.8468150001835559
extended73|C1|manual|uNb9QFRL6hY_8b6f1b0b025848b482e747ab6a027b97,C1|0|uNb9QFRL6hY_8b6f1b0b025848b482e747ab6a027b97|manual,uNb9QFRL6hY_8b6f1b0b025848b482e747ab6a027b97,C1,manual,uNb9QFRL6hY,True,all_archived,14,23,0.10383833891006138,0.029392877075577657,0.8665962016177389
extended73|C1|manual|uNb9QFRL6hY_8b6f1b0b025848b482e747ab6a027b97,C1|0|uNb9QFRL6hY_8b6f1b0b025848b482e747ab6a027b97|manual,uNb9QFRL6hY_8b6f1b0b025848b482e747ab6a027b97,C1,manual,uNb9QFRL6hY,True,all_archived,15,23,0.09509576028564481,0.024747229415187533,0.8853749841938023
extended73|C1|manual|uNb9QFRL6hY_8b6f1b0b025848b482e747ab6a027b97,C1|0|uNb9QFRL6hY_8b6f1b0b025848b482e747ab6a027b97|manual,uNb9QFRL6hY_8b6f1b0b025848b482e747ab6a027b97,C1,manual,uNb9QFRL6hY,True,all_archived,16,23,0.08820709568367104,0.02045024918370854,0.9031620553359684
extended73|C1|manual|uNb9QFRL6hY_8b6f1b0b025848b482e747ab6a027b97,C1|0|uNb9QFRL6hY_8b6f1b0b025848b482e747ab6a027b97|manual,uNb9QFRL6hY_8b6f1b0b025848b482e747ab6a027b97,C1,manual,uNb9QFRL6hY,True,all_archived,17,23,0.07591094432907072,0.016497680013748066,0.9199604743083003
extended73|C1|manual|uNb9QFRL6hY_8b6f1b0b025848b482e747ab6a027b97,C1|0|uNb9QFRL6hY_8b6f1b0b025848b482e747ab6a027b97|manual,uNb9QFRL6hY_8b6f1b0b025848b482e747ab6a027b97,C1,manual,uNb9QFRL6hY,True,all_archived,18,23,0.06945960880892729,0.012888812510740677,0.9357707509881423
extended73|C1|manual|uNb9QFRL6hY_8b6f1b0b025848b482e747ab6a027b97,C1|0|uNb9QFRL6hY_8b6f1b0b025848b482e747ab6a027b97|manual,uNb9QFRL6hY_8b6f1b0b025848b482e747ab6a027b97,C1,manual,uNb9QFRL6hY,True,all_archived,19,23,0.05844995716650278,0.009623646674686372,0.9505928853754941
extended73|C1|manual|uNb9QFRL6hY_8b6f1b0b025848b482e747ab6a027b97,C1|0|uNb9QFRL6hY_8b6f1b0b025848b482e747ab6a027b97|manual,uNb9QFRL6hY_8b6f1b0b025848b482e747ab6a027b97,C1,manual,uNb9QFRL6hY,True,all_archived,20,23,0.04772543146834263,0.006702182505585151,0.9644268774703557
extended73|C1|manual|uNb9QFRL6hY_8b6f1b0b025848b482e747ab6a027b97,C1|0|uNb9QFRL6hY_8b6f1b0b025848b482e747ab6a027b97|manual,uNb9QFRL6hY_8b6f1b0b025848b482e747ab6a027b97,C1,manual,uNb9QFRL6hY,True,current20,1,20,0.5978260869565218,0.5978260869565217,0.25
extended73|C1|manual|uNb9QFRL6hY_8b6f1b0b025848b482e747ab6a027b97,C1|0|uNb9QFRL6hY_8b6f1b0b025848b482e747ab6a027b97|manual,uNb9QFRL6hY_8b6f1b0b025848b482e747ab6a027b97,C1,manual,uNb9QFRL6hY,True,current20,2,20,0.3859267734553776,0.3745995423340961,0.40657894736842104
extended73|C1|manual|uNb9QFRL6hY_8b6f1b0b025848b482e747ab6a027b97,C1|0|uNb9QFRL6hY_8b6f1b0b025848b482e747ab6a027b97|manual,uNb9QFRL6hY_8b6f1b0b025848b482e747ab6a027b97,C1,manual,uNb9QFRL6hY,True,current20,3,20,0.32109077040427153,0.24870327993897784,0.5103070175438597
extended73|C1|manual|uNb9QFRL6hY_8b6f1b0b025848b482e747ab6a027b97,C1|0|uNb9QFRL6hY_8b6f1b0b025848b482e747ab6a027b97|manual,uNb9QFRL6hY_8b6f1b0b025848b482e747ab6a027b97,C1,manual,uNb9QFRL6hY,True,current20,4,20,0.2799389778794813,0.17513348588863462,0.5839525283797731
extended73|C1|manual|uNb9QFRL6hY_8b6f1b0b025848b482e747ab6a027b97,C1|0|uNb9QFRL6hY_8b6f1b0b025848b482e747ab6a027b97|manual,uNb9QFRL6hY_8b6f1b0b025848b482e747ab6a027b97,C1,manual,uNb9QFRL6hY,True,current20,5,20,0.25212231345627495,0.12981783102256922,0.6400283797729618
extended73|C1|manual|uNb9QFRL6hY_8b6f1b0b025848b482e747ab6a027b97,C1|0|uNb9QFRL6hY_8b6f1b0b025848b482e747ab6a027b97|manual,uNb9QFRL6hY_8b6f1b0b025848b482e747ab6a027b97,C1,manual,uNb9QFRL6hY,True,current20,6,20,0.21607439314398524,0.10016152914254947,0.6853521671826626
extended73|C1|manual|uNb9QFRL6hY_8b6f1b0b025848b482e747ab6a027b97,C1|0|uNb9QFRL6hY_8b6f1b0b025848b482e747ab6a027b97|manual,uNb9QFRL6hY_8b6f1b0b025848b482e747ab6a027b97,C1,manual,uNb9QFRL6hY,True,current20,7,20,0.20190469780589582,0.07960021537219007,0.7236842105263158
extended73|C1|manual|uNb9QFRL6hY_8b6f1b0b025848b482e747ab6a027b97,C1|0|uNb9QFRL6hY_8b6f1b0b025848b482e747ab6a027b97|manual,uNb9QFRL6hY_8b6f1b0b025848b482e747ab6a027b97,C1,manual,uNb9QFRL6hY,True,current20,8,20,0.1786346645681684,0.06462201145200203,0.7571802810192904
extended73|C1|manual|uNb9QFRL6hY_8b6f1b0b025848b482e747ab6a027b97,C1|0|uNb9QFRL6hY_8b6f1b0b025848b482e747ab6a027b97|manual,uNb9QFRL6hY_8b6f1b0b025848b482e747ab6a027b97,C1,manual,uNb9QFRL6hY,True,current20,9,20,0.16076265570477444,0.05323368918065378,0.7871502143367468
extended73|C1|manual|uNb9QFRL6hY_8b6f1b0b025848b482e747ab6a027b97,C1|0|uNb9QFRL6hY_8b6f1b0b025848b482e747ab6a027b97|manual,uNb9QFRL6hY_8b6f1b0b025848b482e747ab6a027b97,C1,manual,uNb9QFRL6hY,True,current20,10,20,0.1472713482506187,0.04421860277291695,0.8144349845201239
extended73|C1|manual|uNb9QFRL6hY_8b6f1b0b025848b482e747ab6a027b97,C1|0|uNb9QFRL6hY_8b6f1b0b025848b482e747ab6a027b97|manual,uNb9QFRL6hY_8b6f1b0b025848b482e747ab6a027b97,C1,manual,uNb9QFRL6hY,True,current20,11,20,0.13153830622197832,0.036794992596580964,0.8395897832817338
extended73|C1|manual|uNb9QFRL6hY_8b6f1b0b025848b482e747ab6a027b97,C1|0|uNb9QFRL6hY_8b6f1b0b025848b482e747ab6a027b97|manual,uNb9QFRL6hY_8b6f1b0b025848b482e747ab6a027b97,C1,manual,uNb9QFRL6hY,True,current20,12,20,0.12011167255143565,0.030457217211827523,0.8629772961816305
extended73|C1|manual|uNb9QFRL6hY_8b6f1b0b025848b482e747ab6a027b97,C1|0|uNb9QFRL6hY_8b6f1b0b025848b482e747ab6a027b97|manual,uNb9QFRL6hY_8b6f1b0b025848b482e747ab6a027b97,C1,manual,uNb9QFRL6hY,True,current20,13,20,0.11222754900235046,0.024891192174810426,0.8848232714138287
extended73|C1|manual|uNb9QFRL6hY_8b6f1b0b025848b482e747ab6a027b97,C1|0|uNb9QFRL6hY_8b6f1b0b025848b482e747ab6a027b97|manual,uNb9QFRL6hY_8b6f1b0b025848b482e747ab6a027b97,C1,manual,uNb9QFRL6hY,True,current20,14,20,0.10236236370978598,0.019917440660474715,0.9052567079463365
extended73|C1|manual|uNb9QFRL6hY_8b6f1b0b025848b482e747ab6a027b97,C1|0|uNb9QFRL6hY_8b6f1b0b025848b482e747ab6a027b97|manual,uNb9QFRL6hY_8b6f1b0b025848b482e747ab6a027b97,C1,manual,uNb9QFRL6hY,True,current20,15,20,0.09219612330057882,0.015446224256292905,0.924342105263158
extended73|C1|manual|uNb9QFRL6hY_8b6f1b0b025848b482e747ab6a027b97,C1|0|uNb9QFRL6hY_8b6f1b0b025848b482e747ab6a027b97|manual,uNb9QFRL6hY_8b6f1b0b025848b482e747ab6a027b97,C1,manual,uNb9QFRL6hY,True,current20,16,20,0.08552070713869071,0.011441647597254004,0.9421052631578948
extended73|C1|manual|uNb9QFRL6hY_8b6f1b0b025848b482e747ab6a027b97,C1|0|uNb9QFRL6hY_8b6f1b0b025848b482e747ab6a027b97|manual,uNb9QFRL6hY_8b6f1b0b025848b482e747ab6a027b97,C1,manual,uNb9QFRL6hY,True,current20,17,20,0.07230896935433213,0.007894736842105263,0.9585526315789473
extended73|C1|manual|uNb9QFRL6hY_8b6f1b0b025848b482e747ab6a027b97,C1|0|uNb9QFRL6hY_8b6f1b0b025848b482e747ab6a027b97|manual,uNb9QFRL6hY_8b6f1b0b025848b482e747ab6a027b97,C1,manual,uNb9QFRL6hY,True,current20,18,20,0.06487414187643022,0.004805491990846682,0.9736842105263158
extended73|C1|manual|uNb9QFRL6hY_8b6f1b0b025848b482e747ab6a027b97,C1|0|uNb9QFRL6hY_8b6f1b0b025848b482e747ab6a027b97|manual,uNb9QFRL6hY_8b6f1b0b025848b482e747ab6a027b97,C1,manual,uNb9QFRL6hY,True,current20,19,20,0.0534324942791762,0.002173913043478261,0.9875
extended73|C1|manual|uNb9QFRL6hY_8b6f1b0b025848b482e747ab6a027b97,C1|0|uNb9QFRL6hY_8b6f1b0b025848b482e747ab6a027b97|manual,uNb9QFRL6hY_8b6f1b0b025848b482e747ab6a027b97,C1,manual,uNb9QFRL6hY,True,current20,20,20,0.047826086956521775,0.0,1.0
extended73|C1|manual|uNb9QFRL6hY_9f199750b00c4f5484a546d79e06a0f8,C1|0|uNb9QFRL6hY_9f199750b00c4f5484a546d79e06a0f8|manual,uNb9QFRL6hY_9f199750b00c4f5484a546d79e06a0f8,C1,manual,uNb9QFRL6hY,True,all_archived,1,23,0.824196597353497,0.824196597353497,0.14285714285714285
extended73|C1|manual|uNb9QFRL6hY_9f199750b00c4f5484a546d79e06a0f8,C1|0|uNb9QFRL6hY_9f199750b00c4f5484a546d79e06a0f8|manual,uNb9QFRL6hY_9f199750b00c4f5484a546d79e06a0f8,C1,manual,uNb9QFRL6hY,True,all_archived,2,23,0.6753737755628115,0.6753737755628115,0.26595143986448333
extended73|C1|manual|uNb9QFRL6hY_9f199750b00c4f5484a546d79e06a0f8,C1|0|uNb9QFRL6hY_9f199750b00c4f5484a546d79e06a0f8|manual,uNb9QFRL6hY_9f199750b00c4f5484a546d79e06a0f8,C1,manual,uNb9QFRL6hY,True,all_archived,3,23,0.5502172685537525,0.5502172685537525,0.3716221666532226
extended73|C1|manual|uNb9QFRL6hY_9f199750b00c4f5484a546d79e06a0f8,C1|0|uNb9QFRL6hY_9f199750b00c4f5484a546d79e06a0f8|manual,uNb9QFRL6hY_9f199750b00c4f5484a546d79e06a0f8,C1,manual,uNb9QFRL6hY,True,all_archived,4,23,0.44569759163331946,0.44569759163331946,0.4620150036299104
extended73|C1|manual|uNb9QFRL6hY_9f199750b00c4f5484a546d79e06a0f8,C1|0|uNb9QFRL6hY_9f199750b00c4f5484a546d79e06a0f8|manual,uNb9QFRL6hY_9f199750b00c4f5484a546d79e06a0f8,C1,manual,uNb9QFRL6hY,True,all_archived,5,23,0.37487256550036374,0.35905712037440224,0.539090526995071
extended73|C1|manual|uNb9QFRL6hY_9f199750b00c4f5484a546d79e06a0f8,C1|0|uNb9QFRL6hY_9f199750b00c4f5484a546d79e06a0f8|manual,uNb9QFRL6hY_9f199750b00c4f5484a546d79e06a0f8,C1,manual,uNb9QFRL6hY,True,all_archived,6,23,0.3375279580632281,0.28779716950048256,0.6046326997618269
extended73|C1|manual|uNb9QFRL6hY_9f199750b00c4f5484a546d79e06a0f8,C1|0|uNb9QFRL6hY_9f199750b00c4f5484a546d79e06a0f8|manual,uNb9QFRL6hY_9f199750b00c4f5484a546d79e06a0f8,C1,manual,uNb9QFRL6hY,True,all_archived,7,23,0.31360063675256195,0.22966507177033496,0.6602573627745253
extended73|C1|manual|uNb9QFRL6hY_9f199750b00c4f5484a546d79e06a0f8,C1|0|uNb9QFRL6hY_9f199750b00c4f5484a546d79e06a0f8|manual,uNb9QFRL6hY_9f199750b00c4f5484a546d79e06a0f8,C1,manual,uNb9QFRL6hY,True,all_archived,8,23,0.2853990105009904,0.18264125686272736,0.7074207257273618
extended73|C1|manual|uNb9QFRL6hY_9f199750b00c4f5484a546d79e06a0f8,C1|0|uNb9QFRL6hY_9f199750b00c4f5484a546d79e06a0f8|manual,uNb9QFRL6hY_9f199750b00c4f5484a546d79e06a0f8,C1,manual,uNb9QFRL6hY,True,all_archived,9,23,0.25724079919682347,0.1449263302611228,0.747427858183007
extended73|C1|manual|uNb9QFRL6hY_9f199750b00c4f5484a546d79e06a0f8,C1|0|uNb9QFRL6hY_9f199750b00c4f5484a546d79e06a0f8|manual,uNb9QFRL6hY_9f199750b00c4f5484a546d79e06a0f8,C1,manual,uNb9QFRL6hY,True,all_archived,10,23,0.2392695951943788,0.11492815213837997,0.7814411805912297
extended73|C1|manual|uNb9QFRL6hY_9f199750b00c4f5484a546d79e06a0f8,C1|0|uNb9QFRL6hY_9f199750b00c4f5484a546d79e06a0f8|manual,uNb9QFRL6hY_9f199750b00c4f5484a546d79e06a0f8,C1,manual,uNb9QFRL6hY,True,all_archived,11,23,0.2193385164233836,0.09124891624145429,0.8104889553075235
extended73|C1|manual|uNb9QFRL6hY_9f199750b00c4f5484a546d79e06a0f8,C1|0|uNb9QFRL6hY_9f199750b00c4f5484a546d79e06a0f8|manual,uNb9QFRL6hY_9f199750b00c4f5484a546d79e06a0f8,C1,manual,uNb9QFRL6hY,True,all_archived,12,23,0.201060306721435,0.07267222877609904,0.8354737776117311
extended73|C1|manual|uNb9QFRL6hY_9f199750b00c4f5484a546d79e06a0f8,C1|0|uNb9QFRL6hY_9f199750b00c4f5484a546d79e06a0f8|manual,uNb9QFRL6hY_9f199750b00c4f5484a546d79e06a0f8,C1,manual,uNb9QFRL6hY,True,all_archived,13,23,0.18405353476490677,0.058150187291566256,0.8571810667266698
extended73|C1|manual|uNb9QFRL6hY_9f199750b00c4f5484a546d79e06a0f8,C1|0|uNb9QFRL6hY_9f199750b00c4f5484a546d79e06a0f8|manual,uNb9QFRL6hY_9f199750b00c4f5484a546d79e06a0f8,C1,manual,uNb9QFRL6hY,True,all_archived,14,23,0.16536908519795793,0.046790459565307835,0.876287556836756
extended73|C1|manual|uNb9QFRL6hY_9f199750b00c4f5484a546d79e06a0f8,C1|0|uNb9QFRL6hY_9f199750b00c4f5484a546d79e06a0f8|manual,uNb9QFRL6hY_9f199750b00c4f5484a546d79e06a0f8,C1,manual,uNb9QFRL6hY,True,all_archived,15,23,0.15221280560052822,0.03784336248767648,0.8933697881066304
extended73|C1|manual|uNb9QFRL6hY_9f199750b00c4f5484a546d79e06a0f8,C1|0|uNb9QFRL6hY_9f199750b00c4f5484a546d79e06a0f8|manual,uNb9QFRL6hY_9f199750b00c4f5484a546d79e06a0f8,C1,manual,uNb9QFRL6hY,True,all_archived,16,23,0.13720027857924585,0.030688940946626747,0.908912597699783
extended73|C1|manual|uNb9QFRL6hY_9f199750b00c4f5484a546d79e06a0f8,C1|0|uNb9QFRL6hY_9f199750b00c4f5484a546d79e06a0f8|manual,uNb9QFRL6hY_9f199750b00c4f5484a546d79e06a0f8,C1,manual,uNb9QFRL6hY,True,all_archived,17,23,0.11912751461055111,0.024824046712416024,0.9233176107971792
extended73|C1|manual|uNb9QFRL6hY_9f199750b00c4f5484a546d79e06a0f8,C1|0|uNb9QFRL6hY_9f199750b00c4f5484a546d79e06a0f8|manual,uNb9QFRL6hY_9f199750b00c4f5484a546d79e06a0f8,C1,manual,uNb9QFRL6hY,True,all_archived,18,23,0.10413126819454549,0.019849417322305593,0.9369117316158834
extended73|C1|manual|uNb9QFRL6hY_9f199750b00c4f5484a546d79e06a0f8,C1|0|uNb9QFRL6hY_9f199750b00c4f5484a546d79e06a0f8|manual,uNb9QFRL6hY_9f199750b00c4f5484a546d79e06a0f8,C1,manual,uNb9QFRL6hY,True,all_archived,19,23,0.0938310719228041,0.01545675496526158,0.949955634427684
extended73|C1|manual|uNb9QFRL6hY_9f199750b00c4f5484a546d79e06a0f8,C1|0|uNb9QFRL6hY_9f199750b00c4f5484a546d79e06a0f8|manual,uNb9QFRL6hY_9f199750b00c4f5484a546d79e06a0f8,C1,manual,uNb9QFRL6hY,True,all_archived,20,23,0.08253259028306287,0.011415805366656026,0.9626522545777204
extended73|C1|manual|uNb9QFRL6hY_9f199750b00c4f5484a546d79e06a0f8,C1|0|uNb9QFRL6hY_9f199750b00c4f5484a546d79e06a0f8|manual,uNb9QFRL6hY_9f199750b00c4f5484a546d79e06a0f8,C1,manual,uNb9QFRL6hY,True,current20,1,20,0.8260869565217391,0.826086956521739,0.14285714285714285
extended73|C1|manual|uNb9QFRL6hY_9f199750b00c4f5484a546d79e06a0f8,C1|0|uNb9QFRL6hY_9f199750b00c4f5484a546d79e06a0f8|manual,uNb9QFRL6hY_9f199750b00c4f5484a546d79e06a0f8,C1,manual,uNb9QFRL6hY,True,current20,2,20,0.6775743707093822,0.6775743707093821,0.2669172932330827
extended73|C1|manual|uNb9QFRL6hY_9f199750b00c4f5484a546d79e06a0f8,C1|0|uNb9QFRL6hY_9f199750b00c4f5484a546d79e06a0f8|manual,uNb9QFRL6hY_9f199750b00c4f5484a546d79e06a0f8,C1,manual,uNb9QFRL6hY,True,current20,3,20,0.551716247139588,0.5517162471395881,0.37418546365914784
extended73|C1|manual|uNb9QFRL6hY_9f199750b00c4f5484a546d79e06a0f8,C1|0|uNb9QFRL6hY_9f199750b00c4f5484a546d79e06a0f8|manual,uNb9QFRL6hY_9f199750b00c4f5484a546d79e06a0f8,C1,manual,uNb9QFRL6hY,True,current20,4,20,0.44592811953156547,0.4459281195315655,0.46654872475305914
extended73|C1|manual|uNb9QFRL6hY_9f199750b00c4f5484a546d79e06a0f8,C1|0|uNb9QFRL6hY_9f199750b00c4f5484a546d79e06a0f8|manual,uNb9QFRL6hY_9f199750b00c4f5484a546d79e06a0f8,C1,manual,uNb9QFRL6hY,True,current20,5,20,0.37411944182707413,0.35778705074707223,0.5457762052189297
extended73|C1|manual|uNb9QFRL6hY_9f199750b00c4f5484a546d79e06a0f8,C1|0|uNb9QFRL6hY_9f199750b00c4f5484a546d79e06a0f8|manual,uNb9QFRL6hY_9f199750b00c4f5484a546d79e06a0f8,C1,manual,uNb9QFRL6hY,True,current20,6,20,0.33729528424642163,0.28503163279041593,0.6135190918472652
extended73|C1|manual|uNb9QFRL6hY_9f199750b00c4f5484a546d79e06a0f8,C1|0|uNb9QFRL6hY_9f199750b00c4f5484a546d79e06a0f8|manual,uNb9QFRL6hY_9f199750b00c4f5484a546d79e06a0f8,C1,manual,uNb9QFRL6hY,True,current20,7,20,0.3128236191501772,0.22556198680845335,0.6713106295149638
extended73|C1|manual|uNb9QFRL6hY_9f199750b00c4f5484a546d79e06a0f8,C1|0|uNb9QFRL6hY_9f199750b00c4f5484a546d79e06a0f8|manual,uNb9QFRL6hY_9f199750b00c4f5484a546d79e06a0f8,C1,manual,uNb9QFRL6hY,True,current20,8,20,0.28284650244537174,0.1774397630905909,0.7205661211853164
extended73|C1|manual|uNb9QFRL6hY_9f199750b00c4f5484a546d79e06a0f8,C1|0|uNb9QFRL6hY_9f199750b00c4f5484a546d79e06a0f8|manual,uNb9QFRL6hY_9f199750b00c4f5484a546d79e06a0f8,C1,manual,uNb9QFRL6hY,True,current20,9,20,0.25260465742361016,0.1388881410687845,0.7625829279080054
extended73|C1|manual|uNb9QFRL6hY_9f199750b00c4f5484a546d79e06a0f8,C1|0|uNb9QFRL6hY_9f199750b00c4f5484a546d79e06a0f8|manual,uNb9QFRL6hY_9f199750b00c4f5484a546d79e06a0f8,C1,manual,uNb9QFRL6hY,True,current20,10,20,0.2336115224121685,0.10829182931753936,0.7985404688191066
extended73|C1|manual|uNb9QFRL6hY_9f199750b00c4f5484a546d79e06a0f8,C1|0|uNb9QFRL6hY_9f199750b00c4f5484a546d79e06a0f8|manual,uNb9QFRL6hY_9f199750b00c4f5484a546d79e06a0f8,C1,manual,uNb9QFRL6hY,True,current20,11,20,0.21377035940234218,0.08419706555391035,0.829500221141088
extended73|C1|manual|uNb9QFRL6hY_9f199750b00c4f5484a546d79e06a0f8,C1|0|uNb9QFRL6hY_9f199750b00c4f5484a546d79e06a0f8|manual,uNb9QFRL6hY_9f199750b00c4f5484a546d79e06a0f8,C1,manual,uNb9QFRL6hY,True,current20,12,20,0.1956476869924171,0.06531161663750168,0.8564057201828099
extended73|C1|manual|uNb9QFRL6hY_9f199750b00c4f5484a546d79e06a0f8,C1|0|uNb9QFRL6hY_9f199750b00c4f5484a546d79e06a0f8|manual,uNb9QFRL6hY_9f199750b00c4f5484a546d79e06a0f8,C1,manual,uNb9QFRL6hY,True,current20,13,20,0.17726926010678873,0.050504778570467077,0.8800825593395254
extended73|C1|manual|uNb9QFRL6hY_9f199750b00c4f5484a546d79e06a0f8,C1|0|uNb9QFRL6hY_9f199750b00c4f5484a546d79e06a0f8|manual,uNb9QFRL6hY_9f199750b00c4f5484a546d79e06a0f8,C1,manual,uNb9QFRL6hY,True,current20,14,20,0.1559070310046215,0.03880737649750976,0.9012383900928792
extended73|C1|manual|uNb9QFRL6hY_9f199750b00c4f5484a546d79e06a0f8,C1|0|uNb9QFRL6hY_9f199750b00c4f5484a546d79e06a0f8|manual,uNb9QFRL6hY_9f199750b00c4f5484a546d79e06a0f8,C1,manual,uNb9QFRL6hY,True,current20,15,20,0.1409117422712792,0.029411764705882353,0.9204629220109096
extended73|C1|manual|uNb9QFRL6hY_9f199750b00c4f5484a546d79e06a0f8,C1|0|uNb9QFRL6hY_9f199750b00c4f5484a546d79e06a0f8|manual,uNb9QFRL6hY_9f199750b00c4f5484a546d79e06a0f8,C1,manual,uNb9QFRL6hY,True,current20,16,20,0.12466011576255215,0.021671826625386997,0.9382279227480466
extended73|C1|manual|uNb9QFRL6hY_9f199750b00c4f5484a546d79e06a0f8,C1|0|uNb9QFRL6hY_9f199750b00c4f5484a546d79e06a0f8|manual,uNb9QFRL6hY_9f199750b00c4f5484a546d79e06a0f8,C1,manual,uNb9QFRL6hY,True,current20,17,20,0.10613362049625341,0.015102974828375287,0.9548872180451127
extended73|C1|manual|uNb9QFRL6hY_9f199750b00c4f5484a546d79e06a0f8,C1|0|uNb9QFRL6hY_9f199750b00c4f5484a546d79e06a0f8|manual,uNb9QFRL6hY_9f199750b00c4f5484a546d79e06a0f8,C1,manual,uNb9QFRL6hY,True,current20,18,20,0.08886346300533943,0.009382151029748284,0.9706766917293235
extended73|C1|manual|uNb9QFRL6hY_9f199750b00c4f5484a546d79e06a0f8,C1|0|uNb9QFRL6hY_9f199750b00c4f5484a546d79e06a0f8|manual,uNb9QFRL6hY_9f199750b00c4f5484a546d79e06a0f8,C1,manual,uNb9QFRL6hY,True,current20,19,20,0.07597254004576659,0.004347826086956522,0.9857142857142858
extended73|C1|manual|uNb9QFRL6hY_9f199750b00c4f5484a546d79e06a0f8,C1|0|uNb9QFRL6hY_9f199750b00c4f5484a546d79e06a0f8|manual,uNb9QFRL6hY_9f199750b00c4f5484a546d79e06a0f8,C1,manual,uNb9QFRL6hY,True,current20,20,20,0.06521739130434782,0.0,1.0
extended73|C1|manual|wc2JMjhGNzB_b41b10699d614f24851b56a9a0e743c6,C1|0|wc2JMjhGNzB_b41b10699d614f24851b56a9a0e743c6|manual,wc2JMjhGNzB_b41b10699d614f24851b56a9a0e743c6,C1,manual,wc2JMjhGNzB,True,all_archived,1,23,0.827977315689981,0.827977315689981,0.14285714285714285
extended73|C1|manual|wc2JMjhGNzB_b41b10699d614f24851b56a9a0e743c6,C1|0|wc2JMjhGNzB_b41b10699d614f24851b56a9a0e743c6|manual,wc2JMjhGNzB_b41b10699d614f24851b56a9a0e743c6,C1,manual,wc2JMjhGNzB,True,all_archived,2,23,0.6820759580683967,0.6820759580683966,0.2665160926030491
extended73|C1|manual|wc2JMjhGNzB_b41b10699d614f24851b56a9a0e743c6,C1|0|wc2JMjhGNzB_b41b10699d614f24851b56a9a0e743c6|manual,wc2JMjhGNzB_b41b10699d614f24851b56a9a0e743c6,C1,manual,wc2JMjhGNzB,True,all_archived,3,23,0.5590553114182604,0.5590553114182604,0.37323546019198195
extended73|C1|manual|wc2JMjhGNzB_b41b10699d614f24851b56a9a0e743c6,C1|0|wc2JMjhGNzB_b41b10699d614f24851b56a9a0e743c6|manual,wc2JMjhGNzB_b41b10699d614f24851b56a9a0e743c6,C1,manual,wc2JMjhGNzB,True,all_archived,4,23,0.45595954140377587,0.45595954140377587,0.46508026135355324
extended73|C1|manual|wc2JMjhGNzB_b41b10699d614f24851b56a9a0e743c6,C1|0|wc2JMjhGNzB_b41b10699d614f24851b56a9a0e743c6|manual,wc2JMjhGNzB_b41b10699d614f24851b56a9a0e743c6,C1,manual,wc2JMjhGNzB,True,all_archived,5,23,0.38592011908099866,0.3701046739550371,0.543930407611349
extended73|C1|manual|wc2JMjhGNzB_b41b10699d614f24851b56a9a0e743c6,C1|0|wc2JMjhGNzB_b41b10699d614f24851b56a9a0e743c6|manual,wc2JMjhGNzB_b41b10699d614f24851b56a9a0e743c6,C1,manual,wc2JMjhGNzB,True,all_archived,6,23,0.34879646271547576,0.2990656741527301,0.6114891973015543
extended73|C1|manual|wc2JMjhGNzB_b41b10699d614f24851b56a9a0e743c6,C1|0|wc2JMjhGNzB_b41b10699d614f24851b56a9a0e743c6|manual,wc2JMjhGNzB_b41b10699d614f24851b56a9a0e743c6,C1,manual,wc2JMjhGNzB,True,all_archived,7,23,0.32459909009506066,0.24066352511283362,0.6692918065915777
extended73|C1|manual|wc2JMjhGNzB_b41b10699d614f24851b56a9a0e743c6,C1|0|wc2JMjhGNzB_b41b10699d614f24851b56a9a0e743c6|manual,wc2JMjhGNzB_b41b10699d614f24851b56a9a0e743c6,C1,manual,wc2JMjhGNzB,True,all_archived,8,23,0.29313229800743484,0.1929523068713199,0.7187137804986775
extended73|C1|manual|wc2JMjhGNzB_b41b10699d614f24851b56a9a0e743c6,C1|0|wc2JMjhGNzB_b41b10699d614f24851b56a9a0e743c6|manual,wc2JMjhGNzB_b41b10699d614f24851b56a9a0e743c6,C1,manual,wc2JMjhGNzB,True,all_archived,9,23,0.2575845008637765,0.1542062752688561,0.7609795239085857
extended73|C1|manual|wc2JMjhGNzB_b41b10699d614f24851b56a9a0e743c6,C1|0|wc2JMjhGNzB_b41b10699d614f24851b56a9a0e743c6|manual,wc2JMjhGNzB_b41b10699d614f24851b56a9a0e743c6,C1,manual,wc2JMjhGNzB,True,all_archived,10,23,0.23384401888033368,0.12290694083550514,0.7971707925941336
extended73|C1|manual|wc2JMjhGNzB_b41b10699d614f24851b56a9a0e743c6,C1|0|wc2JMjhGNzB_b41b10699d614f24851b56a9a0e743c6|manual,wc2JMjhGNzB_b41b10699d614f24851b56a9a0e743c6,C1,manual,wc2JMjhGNzB,True,all_archived,11,23,0.2096166692724249,0.09773014767542675,0.8282351842338765
extended73|C1|manual|wc2JMjhGNzB_b41b10699d614f24851b56a9a0e743c6,C1|0|wc2JMjhGNzB_b41b10699d614f24851b56a9a0e743c6|manual,wc2JMjhGNzB_b41b10699d614f24851b56a9a0e743c6,C1,manual,wc2JMjhGNzB,True,all_archived,12,23,0.19214861349972287,0.07753315235157839,0.8549946294307197
extended73|C1|manual|wc2JMjhGNzB_b41b10699d614f24851b56a9a0e743c6,C1|0|wc2JMjhGNzB_b41b10699d614f24851b56a9a0e743c6|manual,wc2JMjhGNzB_b41b10699d614f24851b56a9a0e743c6,C1,manual,wc2JMjhGNzB,True,all_archived,13,23,0.17988001452333363,0.061341702770416326,0.8781538827305416
extended73|C1|manual|wc2JMjhGNzB_b41b10699d614f24851b56a9a0e743c6,C1|0|wc2JMjhGNzB_b41b10699d614f24851b56a9a0e743c6|manual,wc2JMjhGNzB_b41b10699d614f24851b56a9a0e743c6,C1,manual,wc2JMjhGNzB,True,all_archived,14,23,0.1655900362695706,0.04833711706659671,0.8983090136408214
extended73|C1|manual|wc2JMjhGNzB_b41b10699d614f24851b56a9a0e743c6,C1|0|wc2JMjhGNzB_b41b10699d614f24851b56a9a0e743c6|manual,wc2JMjhGNzB_b41b10699d614f24851b56a9a0e743c6,C1,manual,wc2JMjhGNzB,True,all_archived,15,23,0.15633722560396524,0.03784336248767649,0.9159558976492616
extended73|C1|manual|wc2JMjhGNzB_b41b10699d614f24851b56a9a0e743c6,C1|0|wc2JMjhGNzB_b41b10699d614f24851b56a9a0e743c6|manual,wc2JMjhGNzB_b41b10699d614f24851b56a9a0e743c6,C1,manual,wc2JMjhGNzB,True,all_archived,16,23,0.14201210191658903,0.029314134278814408,0.9314987072424142
extended73|C1|manual|wc2JMjhGNzB_b41b10699d614f24851b56a9a0e743c6,C1|0|wc2JMjhGNzB_b41b10699d614f24851b56a9a0e743c6|manual,wc2JMjhGNzB_b41b10699d614f24851b56a9a0e743c6,C1,manual,wc2JMjhGNzB,True,all_archived,17,23,0.12310463389957968,0.022319934567472124,0.9452584029243069
extended73|C1|manual|wc2JMjhGNzB_b41b10699d614f24851b56a9a0e743c6,C1|0|wc2JMjhGNzB_b41b10699d614f24851b56a9a0e743c6|manual,wc2JMjhGNzB_b41b10699d614f24851b56a9a0e743c6,C1,manual,wc2JMjhGNzB,True,all_archived,18,23,0.10720003307805517,0.01653515124811513,0.9574812242350654
extended73|C1|manual|wc2JMjhGNzB_b41b10699d614f24851b56a9a0e743c6,C1|0|wc2JMjhGNzB_b41b10699d614f24851b56a9a0e743c6|manual,wc2JMjhGNzB_b41b10699d614f24851b56a9a0e743c6,C1,manual,wc2JMjhGNzB,True,all_archived,19,23,0.09599148240079493,0.011725136866913803,0.9683471807695411
extended73|C1|manual|wc2JMjhGNzB_b41b10699d614f24851b56a9a0e743c6,C1|0|wc2JMjhGNzB_b41b10699d614f24851b56a9a0e743c6|manual,wc2JMjhGNzB_b41b10699d614f24851b56a9a0e743c6,C1,manual,wc2JMjhGNzB,True,all_archived,20,23,0.08385829671273906,0.007733287506444406,0.9779785431959345
extended73|C1|manual|wc2JMjhGNzB_b41b10699d614f24851b56a9a0e743c6,C1|0|wc2JMjhGNzB_b41b10699d614f24851b56a9a0e743c6|manual,wc2JMjhGNzB_b41b10699d614f24851b56a9a0e743c6,C1,manual,wc2JMjhGNzB,True,current20,1,20,0.8282608695652175,0.8282608695652173,0.14285714285714285
extended73|C1|manual|wc2JMjhGNzB_b41b10699d614f24851b56a9a0e743c6,C1|0|wc2JMjhGNzB_b41b10699d614f24851b56a9a0e743c6|manual,wc2JMjhGNzB_b41b10699d614f24851b56a9a0e743c6,C1,manual,wc2JMjhGNzB,True,current20,2,20,0.6828375286041191,0.682837528604119,0.2661654135338346
extended73|C1|manual|wc2JMjhGNzB_b41b10699d614f24851b56a9a0e743c6,C1|0|wc2JMjhGNzB_b41b10699d614f24851b56a9a0e743c6|manual,wc2JMjhGNzB_b41b10699d614f24851b56a9a0e743c6,C1,manual,wc2JMjhGNzB,True,current20,3,20,0.560411899313501,0.5604118993135012,0.3723057644110276
extended73|C1|manual|wc2JMjhGNzB_b41b10699d614f24851b56a9a0e743c6,C1|0|wc2JMjhGNzB_b41b10699d614f24851b56a9a0e743c6|manual,wc2JMjhGNzB_b41b10699d614f24851b56a9a0e743c6,C1,manual,wc2JMjhGNzB,True,current20,4,20,0.45796204065150087,0.45796204065150087,0.46345274952086096
extended73|C1|manual|wc2JMjhGNzB_b41b10699d614f24851b56a9a0e743c6,C1|0|wc2JMjhGNzB_b41b10699d614f24851b56a9a0e743c6|manual,wc2JMjhGNzB_b41b10699d614f24851b56a9a0e743c6,C1,manual,wc2JMjhGNzB,True,current20,5,20,0.3884130883474672,0.37274812671063845,0.5415837387586614
extended73|C1|manual|wc2JMjhGNzB_b41b10699d614f24851b56a9a0e743c6,C1|0|wc2JMjhGNzB_b41b10699d614f24851b56a9a0e743c6|manual,wc2JMjhGNzB_b41b10699d614f24851b56a9a0e743c6,C1,manual,wc2JMjhGNzB,True,current20,6,20,0.35277572127249057,0.30229842509086013,0.6084881320949432
extended73|C1|manual|wc2JMjhGNzB_b41b10699d614f24851b56a9a0e743c6,C1|0|wc2JMjhGNzB_b41b10699d614f24851b56a9a0e743c6|manual,wc2JMjhGNzB_b41b10699d614f24851b56a9a0e743c6,C1,manual,wc2JMjhGNzB,True,current20,7,20,0.32981951361780404,0.24439527527258045,0.6657765737874097
extended73|C1|manual|wc2JMjhGNzB_b41b10699d614f24851b56a9a0e743c6,C1|0|wc2JMjhGNzB_b41b10699d614f24851b56a9a0e743c6|manual,wc2JMjhGNzB_b41b10699d614f24851b56a9a0e743c6,C1,manual,wc2JMjhGNzB,True,current20,8,20,0.2989876385336743,0.19706106698972495,0.7148901665929531
extended73|C1|manual|wc2JMjhGNzB_b41b10699d614f24851b56a9a0e743c6,C1|0|wc2JMjhGNzB_b41b10699d614f24851b56a9a0e743c6|manual,wc2JMjhGNzB_b41b10699d614f24851b56a9a0e743c6,C1,manual,wc2JMjhGNzB,True,current20,9,20,0.26354937856149324,0.15854421860277293,0.757109685979655
extended73|C1|manual|wc2JMjhGNzB_b41b10699d614f24851b56a9a0e743c6,C1|0|wc2JMjhGNzB_b41b10699d614f24851b56a9a0e743c6|manual,wc2JMjhGNzB_b41b10699d614f24851b56a9a0e743c6,C1,manual,wc2JMjhGNzB,True,current20,10,20,0.23907995692556197,0.1273051554717997,0.7935647943387882
extended73|C1|manual|wc2JMjhGNzB_b41b10699d614f24851b56a9a0e743c6,C1|0|wc2JMjhGNzB_b41b10699d614f24851b56a9a0e743c6|manual,wc2JMjhGNzB_b41b10699d614f24851b56a9a0e743c6,C1,manual,wc2JMjhGNzB,True,current20,11,20,0.21495154125723517,0.10200228832951945,0.8252432551968155
extended73|C1|manual|wc2JMjhGNzB_b41b10699d614f24851b56a9a0e743c6,C1|0|wc2JMjhGNzB_b41b10699d614f24851b56a9a0e743c6|manual,wc2JMjhGNzB_b41b10699d614f24851b56a9a0e743c6,C1,manual,wc2JMjhGNzB,True,current20,12,20,0.19849800332032125,0.08147799165432763,0.8530001474273919
extended73|C1|manual|wc2JMjhGNzB_b41b10699d614f24851b56a9a0e743c6,C1|0|wc2JMjhGNzB_b41b10699d614f24851b56a9a0e743c6|manual,wc2JMjhGNzB_b41b10699d614f24851b56a9a0e743c6,C1,manual,wc2JMjhGNzB,True,current20,13,20,0.18724200206398353,0.06474458204334364,0.8775670794633644
extended73|C1|manual|wc2JMjhGNzB_b41b10699d614f24851b56a9a0e743c6,C1|0|wc2JMjhGNzB_b41b10699d614f24851b56a9a0e743c6|manual,wc2JMjhGNzB_b41b10699d614f24851b56a9a0e743c6,C1,manual,wc2JMjhGNzB,True,current20,14,20,0.17344696459819625,0.0509702965854534,0.8995614035087719
extended73|C1|manual|wc2JMjhGNzB_b41b10699d614f24851b56a9a0e743c6,C1|0|wc2JMjhGNzB_b41b10699d614f24851b56a9a0e743c6|manual,wc2JMjhGNzB_b41b10699d614f24851b56a9a0e743c6,C1,manual,wc2JMjhGNzB,True,current20,15,20,0.16393132767981336,0.03946527123435187,0.9194954297508477
extended73|C1|manual|wc2JMjhGNzB_b41b10699d614f24851b56a9a0e743c6,C1|0|wc2JMjhGNzB_b41b10699d614f24851b56a9a0e743c6|manual,wc2JMjhGNzB_b41b10699d614f24851b56a9a0e743c6,C1,manual,wc2JMjhGNzB,True,current20,16,20,0.15107854354556466,0.02966751918158568,0.9377856405720183
extended73|C1|manual|wc2JMjhGNzB_b41b10699d614f24851b56a9a0e743c6,C1|0|wc2JMjhGNzB_b41b10699d614f24851b56a9a0e743c6|manual,wc2JMjhGNzB_b41b10699d614f24851b56a9a0e743c6,C1,manual,wc2JMjhGNzB,True,current20,17,20,0.1363373266926908,0.021128909229595726,0.9547619047619047
extended73|C1|manual|wc2JMjhGNzB_b41b10699d614f24851b56a9a0e743c6,C1|0|wc2JMjhGNzB_b41b10699d614f24851b56a9a0e743c6|manual,wc2JMjhGNzB_b41b10699d614f24851b56a9a0e743c6,C1,manual,wc2JMjhGNzB,True,current20,18,20,0.1266209000762777,0.013501144164759726,0.9706766917293235
extended73|C1|manual|wc2JMjhGNzB_b41b10699d614f24851b56a9a0e743c6,C1|0|wc2JMjhGNzB_b41b10699d614f24851b56a9a0e743c6|manual,wc2JMjhGNzB_b41b10699d614f24851b56a9a0e743c6,C1,manual,wc2JMjhGNzB,True,current20,19,20,0.11807780320366132,0.006521739130434783,0.9857142857142858
extended73|C1|manual|wc2JMjhGNzB_b41b10699d614f24851b56a9a0e743c6,C1|0|wc2JMjhGNzB_b41b10699d614f24851b56a9a0e743c6|manual,wc2JMjhGNzB_b41b10699d614f24851b56a9a0e743c6,C1,manual,wc2JMjhGNzB,True,current20,20,20,0.10434782608695653,0.0,1.0
extended73|C1|manual|wc2JMjhGNzB_dda6efcba51c40de8552408953719515,C1|0|wc2JMjhGNzB_dda6efcba51c40de8552408953719515|manual,wc2JMjhGNzB_dda6efcba51c40de8552408953719515,C1,manual,wc2JMjhGNzB,True,all_archived,1,23,0.48015122873345933,0.48015122873345933,0.3333333333333333
extended73|C1|manual|wc2JMjhGNzB_dda6efcba51c40de8552408953719515,C1|0|wc2JMjhGNzB_dda6efcba51c40de8552408953719515|manual,wc2JMjhGNzB_dda6efcba51c40de8552408953719515,C1,manual,wc2JMjhGNzB,True,all_archived,2,23,0.32840694277367244,0.25622959271352463,0.5006587615283268
extended73|C1|manual|wc2JMjhGNzB_dda6efcba51c40de8552408953719515,C1|0|wc2JMjhGNzB_dda6efcba51c40de8552408953719515|manual,wc2JMjhGNzB_dda6efcba51c40de8552408953719515,C1,manual,wc2JMjhGNzB,True,all_archived,3,23,0.23028011685856672,0.1546657501288881,0.5942028985507246
extended73|C1|manual|wc2JMjhGNzB_dda6efcba51c40de8552408953719515,C1|0|wc2JMjhGNzB_dda6efcba51c40de8552408953719515|manual,wc2JMjhGNzB_dda6efcba51c40de8552408953719515,C1,manual,wc2JMjhGNzB,True,all_archived,4,23,0.21636019934696682,0.10362605258635504,0.6534914361001317
extended73|C1|manual|wc2JMjhGNzB_dda6efcba51c40de8552408953719515,C1|0|wc2JMjhGNzB_dda6efcba51c40de8552408953719515|manual,wc2JMjhGNzB_dda6efcba51c40de8552408953719515,C1,manual,wc2JMjhGNzB,True,all_archived,5,23,0.19205687358110002,0.07461944085165656,0.6953054573191872
extended73|C1|manual|wc2JMjhGNzB_dda6efcba51c40de8552408953719515,C1|0|wc2JMjhGNzB_dda6efcba51c40de8552408953719515|manual,wc2JMjhGNzB_dda6efcba51c40de8552408953719515,C1,manual,wc2JMjhGNzB,True,all_archived,6,23,0.1638281129874006,0.05646053611430191,0.7270878117560041
extended73|C1|manual|wc2JMjhGNzB_dda6efcba51c40de8552408953719515,C1|0|wc2JMjhGNzB_dda6efcba51c40de8552408953719515|manual,wc2JMjhGNzB_dda6efcba51c40de8552408953719515,C1,manual,wc2JMjhGNzB,True,all_archived,7,23,0.15225451800097578,0.044469107728836055,0.7525504064742186
extended73|C1|manual|wc2JMjhGNzB_dda6efcba51c40de8552408953719515,C1|0|wc2JMjhGNzB_dda6efcba51c40de8552408953719515|manual,wc2JMjhGNzB_dda6efcba51c40de8552408953719515,C1,manual,wc2JMjhGNzB,True,all_archived,8,23,0.1401967612236418,0.03634538718844056,0.773858520594286
extended73|C1|manual|wc2JMjhGNzB_dda6efcba51c40de8552408953719515,C1|0|wc2JMjhGNzB_dda6efcba51c40de8552408953719515|manual,wc2JMjhGNzB_dda6efcba51c40de8552408953719515,C1,manual,wc2JMjhGNzB,True,all_archived,9,23,0.12587958275539843,0.03072565211538799,0.7924350518239333
extended73|C1|manual|wc2JMjhGNzB_dda6efcba51c40de8552408953719515,C1|0|wc2JMjhGNzB_dda6efcba51c40de8552408953719515|manual,wc2JMjhGNzB_dda6efcba51c40de8552408953719515,C1,manual,wc2JMjhGNzB,True,all_archived,10,23,0.1151129240871555,0.02670498106714579,0.8092610041728362
extended73|C1|manual|wc2JMjhGNzB_dda6efcba51c40de8552408953719515,C1|0|wc2JMjhGNzB_dda6efcba51c40de8552408953719515|manual,wc2JMjhGNzB_dda6efcba51c40de8552408953719515,C1,manual,wc2JMjhGNzB,True,all_archived,11,23,0.10696038439253924,0.023667530886596004,0.8250100955714094
extended73|C1|manual|wc2JMjhGNzB_dda6efcba51c40de8552408953719515,C1|0|wc2JMjhGNzB_dda6efcba51c40de8552408953719515|manual,wc2JMjhGNzB_dda6efcba51c40de8552408953719515,C1,manual,wc2JMjhGNzB,True,all_archived,12,23,0.09804701902649429,0.021203626212200132,0.8401310180822902
extended73|C1|manual|wc2JMjhGNzB_dda6efcba51c40de8552408953719515,C1|0|wc2JMjhGNzB_dda6efcba51c40de8552408953719515|manual,wc2JMjhGNzB_dda6efcba51c40de8552408953719515,C1,manual,wc2JMjhGNzB,True,all_archived,13,23,0.08854840314396577,0.019052564541160937,0.8549093030180659
extended73|C1|manual|wc2JMjhGNzB_dda6efcba51c40de8552408953719515,C1|0|wc2JMjhGNzB_dda6efcba51c40de8552408953719515|manual,wc2JMjhGNzB_dda6efcba51c40de8552408953719515,C1,manual,wc2JMjhGNzB,True,all_archived,14,23,0.08092258891418472,0.017057924371800075,0.8695162691662893
extended73|C1|manual|wc2JMjhGNzB_dda6efcba51c40de8552408953719515,C1|0|wc2JMjhGNzB_dda6efcba51c40de8552408953719515|manual,wc2JMjhGNzB_dda6efcba51c40de8552408953719515,C1,manual,wc2JMjhGNzB,True,all_archived,15,23,0.07477160598594226,0.015132804869851812,0.884047093631156
extended73|C1|manual|wc2JMjhGNzB_dda6efcba51c40de8552408953719515,C1|0|wc2JMjhGNzB_dda6efcba51c40de8552408953719515|manual,wc2JMjhGNzB_dda6efcba51c40de8552408953719515,C1,manual,wc2JMjhGNzB,True,all_archived,16,23,0.06661135162542689,0.013233755618183272,0.8985493649647641
extended73|C1|manual|wc2JMjhGNzB_dda6efcba51c40de8552408953719515,C1|0|wc2JMjhGNzB_dda6efcba51c40de8552408953719515|manual,wc2JMjhGNzB_dda6efcba51c40de8552408953719515,C1,manual,wc2JMjhGNzB,True,all_archived,17,23,0.057821686936729635,0.011342155009451795,0.9130434782608695
extended73|C1|manual|wc2JMjhGNzB_dda6efcba51c40de8552408953719515,C1|0|wc2JMjhGNzB_dda6efcba51c40de8552408953719515|manual,wc2JMjhGNzB_dda6efcba51c40de8552408953719515,C1,manual,wc2JMjhGNzB,True,all_archived,18,23,0.05334913155030554,0.00945179584120983,0.927536231884058
extended73|C1|manual|wc2JMjhGNzB_dda6efcba51c40de8552408953719515,C1|0|wc2JMjhGNzB_dda6efcba51c40de8552408953719515|manual,wc2JMjhGNzB_dda6efcba51c40de8552408953719515,C1,manual,wc2JMjhGNzB,True,all_archived,19,23,0.045549515651993014,0.007561436672967863,0.9420289855072465
extended73|C1|manual|wc2JMjhGNzB_dda6efcba51c40de8552408953719515,C1|0|wc2JMjhGNzB_dda6efcba51c40de8552408953719515|manual,wc2JMjhGNzB_dda6efcba51c40de8552408953719515,C1,manual,wc2JMjhGNzB,True,all_archived,20,23,0.03454201752878501,0.005671077504725897,0.9565217391304347
extended73|C1|manual|wc2JMjhGNzB_dda6efcba51c40de8552408953719515,C1|0|wc2JMjhGNzB_dda6efcba51c40de8552408953719515|manual,wc2JMjhGNzB_dda6efcba51c40de8552408953719515,C1,manual,wc2JMjhGNzB,True,current20,1,20,0.5,0.5,0.3333333333333333
extended73|C1|manual|wc2JMjhGNzB_dda6efcba51c40de8552408953719515,C1|0|wc2JMjhGNzB_dda6efcba51c40de8552408953719515|manual,wc2JMjhGNzB_dda6efcba51c40de8552408953719515,C1,manual,wc2JMjhGNzB,True,current20,2,20,0.33707093821510303,0.2601830663615561,0.5140350877192983
extended73|C1|manual|wc2JMjhGNzB_dda6efcba51c40de8552408953719515,C1|0|wc2JMjhGNzB_dda6efcba51c40de8552408953719515|manual,wc2JMjhGNzB_dda6efcba51c40de8552408953719515,C1,manual,wc2JMjhGNzB,True,current20,3,20,0.23932112890922955,0.14534706331045005,0.6166666666666667
extended73|C1|manual|wc2JMjhGNzB_dda6efcba51c40de8552408953719515,C1|0|wc2JMjhGNzB_dda6efcba51c40de8552408953719515|manual,wc2JMjhGNzB_dda6efcba51c40de8552408953719515,C1,manual,wc2JMjhGNzB,True,current20,4,20,0.22540045766590389,0.08911921748104276,0.6793257653938768
extended73|C1|manual|wc2JMjhGNzB_dda6efcba51c40de8552408953719515,C1|0|wc2JMjhGNzB_dda6efcba51c40de8552408953719515|manual,wc2JMjhGNzB_dda6efcba51c40de8552408953719515,C1,manual,wc2JMjhGNzB,True,current20,5,20,0.1992579755014134,0.0602284964328981,0.7211257309941521
extended73|C1|manual|wc2JMjhGNzB_dda6efcba51c40de8552408953719515,C1|0|wc2JMjhGNzB_dda6efcba51c40de8552408953719515|manual,wc2JMjhGNzB_dda6efcba51c40de8552408953719515,C1,manual,wc2JMjhGNzB,True,current20,6,20,0.17117209584062457,0.044380131915466414,0.7516683866529069
extended73|C1|manual|wc2JMjhGNzB_dda6efcba51c40de8552408953719515,C1|0|wc2JMjhGNzB_dda6efcba51c40de8552408953719515|manual,wc2JMjhGNzB_dda6efcba51c40de8552408953719515,C1,manual,wc2JMjhGNzB,True,current20,7,20,0.15955882352941175,0.035065284695113746,0.775920192638459
extended73|C1|manual|wc2JMjhGNzB_dda6efcba51c40de8552408953719515,C1|0|wc2JMjhGNzB_dda6efcba51c40de8552408953719515|manual,wc2JMjhGNzB_dda6efcba51c40de8552408953719515,C1,manual,wc2JMjhGNzB,True,current20,8,20,0.1466855462480715,0.029201569731923747,0.7965917811119049
extended73|C1|manual|wc2JMjhGNzB_dda6efcba51c40de8552408953719515,C1|0|wc2JMjhGNzB_dda6efcba51c40de8552408953719515|manual,wc2JMjhGNzB_dda6efcba51c40de8552408953719515,C1,manual,wc2JMjhGNzB,True,current20,9,20,0.13245260258653715,0.025208641809126398,0.8152476780185758
extended73|C1|manual|wc2JMjhGNzB_dda6efcba51c40de8552408953719515,C1|0|wc2JMjhGNzB_dda6efcba51c40de8552408953719515|manual,wc2JMjhGNzB_dda6efcba51c40de8552408953719515,C1,manual,wc2JMjhGNzB,True,current20,10,20,0.12165344750820589,0.02221025710055189,0.8328173374613003
extended73|C1|manual|wc2JMjhGNzB_dda6efcba51c40de8552408953719515,C1|0|wc2JMjhGNzB_dda6efcba51c40de8552408953719515|manual,wc2JMjhGNzB_dda6efcba51c40de8552408953719515,C1,manual,wc2JMjhGNzB,True,current20,11,20,0.11317368524596956,0.019706555391035135,0.84984520123839
extended73|C1|manual|wc2JMjhGNzB_dda6efcba51c40de8552408953719515,C1|0|wc2JMjhGNzB_dda6efcba51c40de8552408953719515|manual,wc2JMjhGNzB_dda6efcba51c40de8552408953719515,C1,manual,wc2JMjhGNzB,True,current20,12,20,0.10433151785621833,0.017422712792210707,0.8666322669418646
extended73|C1|manual|wc2JMjhGNzB_dda6efcba51c40de8552408953719515,C1|0|wc2JMjhGNzB_dda6efcba51c40de8552408953719515|manual,wc2JMjhGNzB_dda6efcba51c40de8552408953719515,C1,manual,wc2JMjhGNzB,True,current20,13,20,0.09476605023280216,0.015221317359895903,0.8833290333677329
extended73|C1|manual|wc2JMjhGNzB_dda6efcba51c40de8552408953719515,C1|0|wc2JMjhGNzB_dda6efcba51c40de8552408953719515|manual,wc2JMjhGNzB_dda6efcba51c40de8552408953719515,C1,manual,wc2JMjhGNzB,True,current20,14,20,0.08741923542872528,0.013043478260869565,0.9
extended73|C1|manual|wc2JMjhGNzB_dda6efcba51c40de8552408953719515,C1|0|wc2JMjhGNzB_dda6efcba51c40de8552408953719515|manual,wc2JMjhGNzB_dda6efcba51c40de8552408953719515,C1,manual,wc2JMjhGNzB,True,current20,15,20,0.08135852739265043,0.010869565217391304,0.9166666666666666
extended73|C1|manual|wc2JMjhGNzB_dda6efcba51c40de8552408953719515,C1|0|wc2JMjhGNzB_dda6efcba51c40de8552408953719515|manual,wc2JMjhGNzB_dda6efcba51c40de8552408953719515,C1,manual,wc2JMjhGNzB,True,current20,16,20,0.07313063669403688,0.008695652173913044,0.9333333333333332
extended73|C1|manual|wc2JMjhGNzB_dda6efcba51c40de8552408953719515,C1|0|wc2JMjhGNzB_dda6efcba51c40de8552408953719515|manual,wc2JMjhGNzB_dda6efcba51c40de8552408953719515,C1,manual,wc2JMjhGNzB,True,current20,17,20,0.06590389016018305,0.006521739130434782,0.9500000000000001
extended73|C1|manual|wc2JMjhGNzB_dda6efcba51c40de8552408953719515,C1|0|wc2JMjhGNzB_dda6efcba51c40de8552408953719515|manual,wc2JMjhGNzB_dda6efcba51c40de8552408953719515,C1,manual,wc2JMjhGNzB,True,current20,18,20,0.06159420289855069,0.004347826086956522,0.9666666666666667
extended73|C1|manual|wc2JMjhGNzB_dda6efcba51c40de8552408953719515,C1|0|wc2JMjhGNzB_dda6efcba51c40de8552408953719515|manual,wc2JMjhGNzB_dda6efcba51c40de8552408953719515,C1,manual,wc2JMjhGNzB,True,current20,19,20,0.054347826086956506,0.002173913043478261,0.9833333333333334
extended73|C1|manual|wc2JMjhGNzB_dda6efcba51c40de8552408953719515,C1|0|wc2JMjhGNzB_dda6efcba51c40de8552408953719515|manual,wc2JMjhGNzB_dda6efcba51c40de8552408953719515,C1,manual,wc2JMjhGNzB,True,current20,20,20,0.05217391304347826,0.0,1.0
extended73|C1|manual|yqstnuAEVhm_26b2e92ccd314a2da1a4fc8dfc6e6f56,C1|0|yqstnuAEVhm_26b2e92ccd314a2da1a4fc8dfc6e6f56|manual,yqstnuAEVhm_26b2e92ccd314a2da1a4fc8dfc6e6f56,C1,manual,yqstnuAEVhm,True,all_archived,1,23,0.5444234404536862,0.5444234404536862,0.16666666666666666
extended73|C1|manual|yqstnuAEVhm_26b2e92ccd314a2da1a4fc8dfc6e6f56,C1|0|yqstnuAEVhm_26b2e92ccd314a2da1a4fc8dfc6e6f56|manual,yqstnuAEVhm_26b2e92ccd314a2da1a4fc8dfc6e6f56,C1,manual,yqstnuAEVhm,True,all_archived,2,23,0.43357965286131633,0.3614023028011686,0.261528326745718
extended73|C1|manual|yqstnuAEVhm_26b2e92ccd314a2da1a4fc8dfc6e6f56,C1|0|yqstnuAEVhm_26b2e92ccd314a2da1a4fc8dfc6e6f56|manual,yqstnuAEVhm_26b2e92ccd314a2da1a4fc8dfc6e6f56,C1,manual,yqstnuAEVhm,True,all_archived,3,23,0.35892274077529274,0.28330837404561415,0.32749858836815365
extended73|C1|manual|yqstnuAEVhm_26b2e92ccd314a2da1a4fc8dfc6e6f56,C1|0|yqstnuAEVhm_26b2e92ccd314a2da1a4fc8dfc6e6f56|manual,yqstnuAEVhm_26b2e92ccd314a2da1a4fc8dfc6e6f56,C1,manual,yqstnuAEVhm,True,all_archived,4,23,0.33172120884786294,0.24304617877396706,0.3817993600602296
extended73|C1|manual|yqstnuAEVhm_26b2e92ccd314a2da1a4fc8dfc6e6f56,C1|0|yqstnuAEVhm_26b2e92ccd314a2da1a4fc8dfc6e6f56|manual,yqstnuAEVhm_26b2e92ccd314a2da1a4fc8dfc6e6f56,C1,manual,yqstnuAEVhm,True,all_archived,5,23,0.2937796458839141,0.21584981529265676,0.4308349926198897
extended73|C1|manual|yqstnuAEVhm_26b2e92ccd314a2da1a4fc8dfc6e6f56,C1|0|yqstnuAEVhm_26b2e92ccd314a2da1a4fc8dfc6e6f56|manual,yqstnuAEVhm_26b2e92ccd314a2da1a4fc8dfc6e6f56,C1,manual,yqstnuAEVhm,True,all_archived,6,23,0.2590799907484814,0.19341488279902366,0.47680300883962223
extended73|C1|manual|yqstnuAEVhm_26b2e92ccd314a2da1a4fc8dfc6e6f56,C1|0|yqstnuAEVhm_26b2e92ccd314a2da1a4fc8dfc6e6f56|manual,yqstnuAEVhm_26b2e92ccd314a2da1a4fc8dfc6e6f56,C1,manual,yqstnuAEVhm,True,all_archived,7,23,0.23713499654436176,0.17324692198131775,0.5204161686864608
extended73|C1|manual|yqstnuAEVhm_26b2e92ccd314a2da1a4fc8dfc6e6f56,C1|0|yqstnuAEVhm_26b2e92ccd314a2da1a4fc8dfc6e6f56|manual,yqstnuAEVhm_26b2e92ccd314a2da1a4fc8dfc6e6f56,C1,manual,yqstnuAEVhm,True,all_archived,8,23,0.2131641994810424,0.1546670802436983,0.5619232437444848
extended73|C1|manual|yqstnuAEVhm_26b2e92ccd314a2da1a4fc8dfc6e6f56,C1|0|yqstnuAEVhm_26b2e92ccd314a2da1a4fc8dfc6e6f56|manual,yqstnuAEVhm_26b2e92ccd314a2da1a4fc8dfc6e6f56,C1,manual,yqstnuAEVhm,True,all_archived,9,23,0.19612418732201956,0.13748066678123388,0.6014492753623188
extended73|C1|manual|yqstnuAEVhm_26b2e92ccd314a2da1a4fc8dfc6e6f56,C1|0|yqstnuAEVhm_26b2e92ccd314a2da1a4fc8dfc6e6f56|manual,yqstnuAEVhm_26b2e92ccd314a2da1a4fc8dfc6e6f56,C1,manual,yqstnuAEVhm,True,all_archived,10,23,0.18293312205536333,0.12159673974418775,0.6390927912667044
extended73|C1|manual|yqstnuAEVhm_26b2e92ccd314a2da1a4fc8dfc6e6f56,C1|0|yqstnuAEVhm_26b2e92ccd314a2da1a4fc8dfc6e6f56|manual,yqstnuAEVhm_26b2e92ccd314a2da1a4fc8dfc6e6f56,C1,manual,yqstnuAEVhm,True,all_archived,11,23,0.16528143443229446,0.10694031866054549,0.6749482401656315
extended73|C1|manual|yqstnuAEVhm_26b2e92ccd314a2da1a4fc8dfc6e6f56,C1|0|yqstnuAEVhm_26b2e92ccd314a2da1a4fc8dfc6e6f56|manual,yqstnuAEVhm_26b2e92ccd314a2da1a4fc8dfc6e6f56,C1,manual,yqstnuAEVhm,True,all_archived,12,23,0.15150798156293657,0.09343775317310289,0.7091097308488613
extended73|C1|manual|yqstnuAEVhm_26b2e92ccd314a2da1a4fc8dfc6e6f56,C1|0|yqstnuAEVhm_26b2e92ccd314a2da1a4fc8dfc6e6f56|manual,yqstnuAEVhm_26b2e92ccd314a2da1a4fc8dfc6e6f56,C1,manual,yqstnuAEVhm,True,all_archived,13,23,0.14071778619643333,0.08101539292465568,0.7416713721061546
extended73|C1|manual|yqstnuAEVhm_26b2e92ccd314a2da1a4fc8dfc6e6f56,C1|0|yqstnuAEVhm_26b2e92ccd314a2da1a4fc8dfc6e6f56|manual,yqstnuAEVhm_26b2e92ccd314a2da1a4fc8dfc6e6f56,C1,manual,yqstnuAEVhm,True,all_archived,14,23,0.12607983470701256,0.06959958755799965,0.7727272727272728
extended73|C1|manual|yqstnuAEVhm_26b2e92ccd314a2da1a4fc8dfc6e6f56,C1|0|yqstnuAEVhm_26b2e92ccd314a2da1a4fc8dfc6e6f56|manual,yqstnuAEVhm_26b2e92ccd314a2da1a4fc8dfc6e6f56,C1,manual,yqstnuAEVhm,True,all_archived,15,23,0.11368757305655597,0.059116686715930566,0.8023715415019764
extended73|C1|manual|yqstnuAEVhm_26b2e92ccd314a2da1a4fc8dfc6e6f56,C1|0|yqstnuAEVhm_26b2e92ccd314a2da1a4fc8dfc6e6f56|manual,yqstnuAEVhm_26b2e92ccd314a2da1a4fc8dfc6e6f56,C1,manual,yqstnuAEVhm,True,all_archived,16,23,0.10374656098815827,0.049493040041244205,0.8306982872200264
extended73|C1|manual|yqstnuAEVhm_26b2e92ccd314a2da1a4fc8dfc6e6f56,C1|0|yqstnuAEVhm_26b2e92ccd314a2da1a4fc8dfc6e6f56|manual,yqstnuAEVhm_26b2e92ccd314a2da1a4fc8dfc6e6f56,C1,manual,yqstnuAEVhm,True,all_archived,17,23,0.09143999673475815,0.040654997176736304,0.8578016186711838
extended73|C1|manual|yqstnuAEVhm_26b2e92ccd314a2da1a4fc8dfc6e6f56,C1|0|yqstnuAEVhm_26b2e92ccd314a2da1a4fc8dfc6e6f56|manual,yqstnuAEVhm_26b2e92ccd314a2da1a4fc8dfc6e6f56,C1,manual,yqstnuAEVhm,True,all_archived,18,23,0.08160545718997614,0.03252890776520266,0.8837756446452097
extended73|C1|manual|yqstnuAEVhm_26b2e92ccd314a2da1a4fc8dfc6e6f56,C1|0|yqstnuAEVhm_26b2e92ccd314a2da1a4fc8dfc6e6f56|manual,yqstnuAEVhm_26b2e92ccd314a2da1a4fc8dfc6e6f56,C1,manual,yqstnuAEVhm,True,all_archived,19,23,0.06983604396797115,0.025041121449439027,0.9087144739318652
extended73|C1|manual|yqstnuAEVhm_26b2e92ccd314a2da1a4fc8dfc6e6f56,C1|0|yqstnuAEVhm_26b2e92ccd314a2da1a4fc8dfc6e6f56|manual,yqstnuAEVhm_26b2e92ccd314a2da1a4fc8dfc6e6f56,C1,manual,yqstnuAEVhm,True,all_archived,20,23,0.0538384111162939,0.018117987872241177,0.932712215320911
extended73|C1|manual|yqstnuAEVhm_26b2e92ccd314a2da1a4fc8dfc6e6f56,C1|0|yqstnuAEVhm_26b2e92ccd314a2da1a4fc8dfc6e6f56|manual,yqstnuAEVhm_26b2e92ccd314a2da1a4fc8dfc6e6f56,C1,manual,yqstnuAEVhm,True,current20,1,20,0.5152173913043478,0.5152173913043477,0.16666666666666666
extended73|C1|manual|yqstnuAEVhm_26b2e92ccd314a2da1a4fc8dfc6e6f56,C1|0|yqstnuAEVhm_26b2e92ccd314a2da1a4fc8dfc6e6f56|manual,yqstnuAEVhm_26b2e92ccd314a2da1a4fc8dfc6e6f56,C1,manual,yqstnuAEVhm,True,current20,2,20,0.41212814645308926,0.34485125858123566,0.2508771929824562
extended73|C1|manual|yqstnuAEVhm_26b2e92ccd314a2da1a4fc8dfc6e6f56,C1|0|yqstnuAEVhm_26b2e92ccd314a2da1a4fc8dfc6e6f56|manual,yqstnuAEVhm_26b2e92ccd314a2da1a4fc8dfc6e6f56,C1,manual,yqstnuAEVhm,True,current20,3,20,0.3392829900839054,0.2805491990846682,0.30599415204678354
extended73|C1|manual|yqstnuAEVhm_26b2e92ccd314a2da1a4fc8dfc6e6f56,C1|0|yqstnuAEVhm_26b2e92ccd314a2da1a4fc8dfc6e6f56|manual,yqstnuAEVhm_26b2e92ccd314a2da1a4fc8dfc6e6f56,C1,manual,yqstnuAEVhm,True,current20,4,20,0.31481581190828734,0.24870103647866468,0.35094599243206054
extended73|C1|manual|yqstnuAEVhm_26b2e92ccd314a2da1a4fc8dfc6e6f56,C1|0|yqstnuAEVhm_26b2e92ccd314a2da1a4fc8dfc6e6f56|manual,yqstnuAEVhm_26b2e92ccd314a2da1a4fc8dfc6e6f56,C1,manual,yqstnuAEVhm,True,current20,5,20,0.2803259747835061,0.22622492933100014,0.3917483660130719
extended73|C1|manual|yqstnuAEVhm_26b2e92ccd314a2da1a4fc8dfc6e6f56,C1|0|yqstnuAEVhm_26b2e92ccd314a2da1a4fc8dfc6e6f56|manual,yqstnuAEVhm_26b2e92ccd314a2da1a4fc8dfc6e6f56,C1,manual,yqstnuAEVhm,True,current20,6,20,0.2477442006550904,0.20688181451070128,0.43011265909872726
extended73|C1|manual|yqstnuAEVhm_26b2e92ccd314a2da1a4fc8dfc6e6f56,C1|0|yqstnuAEVhm_26b2e92ccd314a2da1a4fc8dfc6e6f56|manual,yqstnuAEVhm_26b2e92ccd314a2da1a4fc8dfc6e6f56,C1,manual,yqstnuAEVhm,True,current20,7,20,0.22851998923139044,0.18924485125858123,0.46652046783625734
extended73|C1|manual|yqstnuAEVhm_26b2e92ccd314a2da1a4fc8dfc6e6f56,C1|0|yqstnuAEVhm_26b2e92ccd314a2da1a4fc8dfc6e6f56|manual,yqstnuAEVhm_26b2e92ccd314a2da1a4fc8dfc6e6f56,C1,manual,yqstnuAEVhm,True,current20,8,20,0.20738659308116836,0.17299771167048053,0.5011695906432748
extended73|C1|manual|yqstnuAEVhm_26b2e92ccd314a2da1a4fc8dfc6e6f56,C1|0|yqstnuAEVhm_26b2e92ccd314a2da1a4fc8dfc6e6f56|manual,yqstnuAEVhm_26b2e92ccd314a2da1a4fc8dfc6e6f56,C1,manual,yqstnuAEVhm,True,current20,9,20,0.19179342217436174,0.1580091533180778,0.5342105263157895
extended73|C1|manual|yqstnuAEVhm_26b2e92ccd314a2da1a4fc8dfc6e6f56,C1|0|yqstnuAEVhm_26b2e92ccd314a2da1a4fc8dfc6e6f56|manual,yqstnuAEVhm_26b2e92ccd314a2da1a4fc8dfc6e6f56,C1,manual,yqstnuAEVhm,True,current20,10,20,0.18015883699017365,0.14416475972540044,0.5657894736842105
extended73|C1|manual|yqstnuAEVhm_26b2e92ccd314a2da1a4fc8dfc6e6f56,C1|0|yqstnuAEVhm_26b2e92ccd314a2da1a4fc8dfc6e6f56|manual,yqstnuAEVhm_26b2e92ccd314a2da1a4fc8dfc6e6f56,C1,manual,yqstnuAEVhm,True,current20,11,20,0.16372997711670484,0.13135011441647598,0.5960526315789473
extended73|C1|manual|yqstnuAEVhm_26b2e92ccd314a2da1a4fc8dfc6e6f56,C1|0|yqstnuAEVhm_26b2e92ccd314a2da1a4fc8dfc6e6f56|manual,yqstnuAEVhm_26b2e92ccd314a2da1a4fc8dfc6e6f56,C1,manual,yqstnuAEVhm,True,current20,12,20,0.15038811863418133,0.1194508009153318,0.6251461988304093
extended73|C1|manual|yqstnuAEVhm_26b2e92ccd314a2da1a4fc8dfc6e6f56,C1|0|yqstnuAEVhm_26b2e92ccd314a2da1a4fc8dfc6e6f56|manual,yqstnuAEVhm_26b2e92ccd314a2da1a4fc8dfc6e6f56,C1,manual,yqstnuAEVhm,True,current20,13,20,0.14127406111185892,0.10835240274599542,0.6532163742690058
extended73|C1|manual|yqstnuAEVhm_26b2e92ccd314a2da1a4fc8dfc6e6f56,C1|0|yqstnuAEVhm_26b2e92ccd314a2da1a4fc8dfc6e6f56|manual,yqstnuAEVhm_26b2e92ccd314a2da1a4fc8dfc6e6f56,C1,manual,yqstnuAEVhm,True,current20,14,20,0.12882285637367072,0.09794050343249426,0.6804093567251462
extended73|C1|manual|yqstnuAEVhm_26b2e92ccd314a2da1a4fc8dfc6e6f56,C1|0|yqstnuAEVhm_26b2e92ccd314a2da1a4fc8dfc6e6f56|manual,yqstnuAEVhm_26b2e92ccd314a2da1a4fc8dfc6e6f56,C1,manual,yqstnuAEVhm,True,current20,15,20,0.118445730695024,0.08810068649885583,0.7068713450292398
extended73|C1|manual|yqstnuAEVhm_26b2e92ccd314a2da1a4fc8dfc6e6f56,C1|0|yqstnuAEVhm_26b2e92ccd314a2da1a4fc8dfc6e6f56|manual,yqstnuAEVhm_26b2e92ccd314a2da1a4fc8dfc6e6f56,C1,manual,yqstnuAEVhm,True,current20,16,20,0.1119071656122403,0.07871853546910756,0.7327485380116959
extended73|C1|manual|yqstnuAEVhm_26b2e92ccd314a2da1a4fc8dfc6e6f56,C1|0|yqstnuAEVhm_26b2e92ccd314a2da1a4fc8dfc6e6f56|manual,yqstnuAEVhm_26b2e92ccd314a2da1a4fc8dfc6e6f56,C1,manual,yqstnuAEVhm,True,current20,17,20,0.10300623681967067,0.0696796338672769,0.758187134502924
extended73|C1|manual|yqstnuAEVhm_26b2e92ccd314a2da1a4fc8dfc6e6f56,C1|0|yqstnuAEVhm_26b2e92ccd314a2da1a4fc8dfc6e6f56|manual,yqstnuAEVhm_26b2e92ccd314a2da1a4fc8dfc6e6f56,C1,manual,yqstnuAEVhm,True,current20,18,20,0.09549961861174673,0.06086956521739131,0.7833333333333333
extended73|C1|manual|yqstnuAEVhm_26b2e92ccd314a2da1a4fc8dfc6e6f56,C1|0|yqstnuAEVhm_26b2e92ccd314a2da1a4fc8dfc6e6f56|manual,yqstnuAEVhm_26b2e92ccd314a2da1a4fc8dfc6e6f56,C1,manual,yqstnuAEVhm,True,current20,19,20,0.08855835240274598,0.052173913043478265,0.8083333333333335
extended73|C1|manual|yqstnuAEVhm_26b2e92ccd314a2da1a4fc8dfc6e6f56,C1|0|yqstnuAEVhm_26b2e92ccd314a2da1a4fc8dfc6e6f56|manual,yqstnuAEVhm_26b2e92ccd314a2da1a4fc8dfc6e6f56,C1,manual,yqstnuAEVhm,True,current20,20,20,0.08043478260869563,0.043478260869565216,0.8333333333333334
extended73|C2-B|manual|S9hNv5qa7GM_0c2a97f049db4a429776940850fedf2e,C2-B|0|S9hNv5qa7GM_0c2a97f049db4a429776940850fedf2e|manual,S9hNv5qa7GM_0c2a97f049db4a429776940850fedf2e,C2-B,manual,S9hNv5qa7GM,False,all_archived,1,19,0.2825484764542936,0.2825484764542936,0.25
extended73|C2-B|manual|S9hNv5qa7GM_0c2a97f049db4a429776940850fedf2e,C2-B|0|S9hNv5qa7GM_0c2a97f049db4a429776940850fedf2e|manual,S9hNv5qa7GM_0c2a97f049db4a429776940850fedf2e,C2-B,manual,S9hNv5qa7GM,False,all_archived,2,19,0.2520775623268698,0.15604801477377653,0.32456140350877183
extended73|C2-B|manual|S9hNv5qa7GM_0c2a97f049db4a429776940850fedf2e,C2-B|0|S9hNv5qa7GM_0c2a97f049db4a429776940850fedf2e|manual,S9hNv5qa7GM_0c2a97f049db4a429776940850fedf2e,C2-B,manual,S9hNv5qa7GM,False,all_archived,3,19,0.22421378523708652,0.13383303459888107,0.36816305469556243
extended73|C2-B|manual|S9hNv5qa7GM_0c2a97f049db4a429776940850fedf2e,C2-B|0|S9hNv5qa7GM_0c2a97f049db4a429776940850fedf2e|manual,S9hNv5qa7GM_0c2a97f049db4a429776940850fedf2e,C2-B,manual,S9hNv5qa7GM,False,all_archived,4,19,0.19879419912009122,0.12465373961218837,0.40789473684210525
extended73|C2-B|manual|S9hNv5qa7GM_0c2a97f049db4a429776940850fedf2e,C2-B|0|S9hNv5qa7GM_0c2a97f049db4a429776940850fedf2e|manual,S9hNv5qa7GM_0c2a97f049db4a429776940850fedf2e,C2-B,manual,S9hNv5qa7GM,False,all_archived,5,19,0.17565585791103144,0.11634349030470914,0.4473684210526315
extended73|C2-B|manual|S9hNv5qa7GM_0c2a97f049db4a429776940850fedf2e,C2-B|0|S9hNv5qa7GM_0c2a97f049db4a429776940850fedf2e|manual,S9hNv5qa7GM_0c2a97f049db4a429776940850fedf2e,C2-B,manual,S9hNv5qa7GM,False,all_archived,6,19,0.15463581554505454,0.10803324099722991,0.48684210526315796
extended73|C2-B|manual|S9hNv5qa7GM_0c2a97f049db4a429776940850fedf2e,C2-B|0|S9hNv5qa7GM_0c2a97f049db4a429776940850fedf2e|manual,S9hNv5qa7GM_0c2a97f049db4a429776940850fedf2e,C2-B,manual,S9hNv5qa7GM,False,all_archived,7,19,0.14274075281081958,0.09972299168975068,0.5263157894736843
extended73|C2-B|manual|S9hNv5qa7GM_0c2a97f049db4a429776940850fedf2e,C2-B|0|S9hNv5qa7GM_0c2a97f049db4a429776940850fedf2e|manual,S9hNv5qa7GM_0c2a97f049db4a429776940850fedf2e,C2-B,manual,S9hNv5qa7GM,False,all_archived,8,19,0.13323556569442183,0.09141274238227147,0.5657894736842105
extended73|C2-B|manual|S9hNv5qa7GM_0c2a97f049db4a429776940850fedf2e,C2-B|0|S9hNv5qa7GM_0c2a97f049db4a429776940850fedf2e|manual,S9hNv5qa7GM_0c2a97f049db4a429776940850fedf2e,C2-B,manual,S9hNv5qa7GM,False,all_archived,9,19,0.12220954863940035,0.08310249307479223,0.605263157894737
extended73|C2-B|manual|S9hNv5qa7GM_0c2a97f049db4a429776940850fedf2e,C2-B|0|S9hNv5qa7GM_0c2a97f049db4a429776940850fedf2e|manual,S9hNv5qa7GM_0c2a97f049db4a429776940850fedf2e,C2-B,manual,S9hNv5qa7GM,False,all_archived,10,19,0.10998859377546032,0.07479224376731301,0.6447368421052633
extended73|C2-B|manual|S9hNv5qa7GM_0c2a97f049db4a429776940850fedf2e,C2-B|0|S9hNv5qa7GM_0c2a97f049db4a429776940850fedf2e|manual,S9hNv5qa7GM_0c2a97f049db4a429776940850fedf2e,C2-B,manual,S9hNv5qa7GM,False,all_archived,11,19,0.09689859323230675,0.06648199445983378,0.6842105263157895
extended73|C2-B|manual|S9hNv5qa7GM_0c2a97f049db4a429776940850fedf2e,C2-B|0|S9hNv5qa7GM_0c2a97f049db4a429776940850fedf2e|manual,S9hNv5qa7GM_0c2a97f049db4a429776940850fedf2e,C2-B,manual,S9hNv5qa7GM,False,all_archived,12,19,0.08326543913964475,0.05817174515235457,0.7236842105263157
extended73|C2-B|manual|S9hNv5qa7GM_0c2a97f049db4a429776940850fedf2e,C2-B|0|S9hNv5qa7GM_0c2a97f049db4a429776940850fedf2e|manual,S9hNv5qa7GM_0c2a97f049db4a429776940850fedf2e,C2-B,manual,S9hNv5qa7GM,False,all_archived,13,19,0.07137037640540982,0.04986149584487534,0.763157894736842
extended73|C2-B|manual|S9hNv5qa7GM_0c2a97f049db4a429776940850fedf2e,C2-B|0|S9hNv5qa7GM_0c2a97f049db4a429776940850fedf2e|manual,S9hNv5qa7GM_0c2a97f049db4a429776940850fedf2e,C2-B,manual,S9hNv5qa7GM,False,all_archived,14,19,0.06273423496822551,0.041551246537396114,0.8026315789473685
extended73|C2-B|manual|S9hNv5qa7GM_0c2a97f049db4a429776940850fedf2e,C2-B|0|S9hNv5qa7GM_0c2a97f049db4a429776940850fedf2e|manual,S9hNv5qa7GM_0c2a97f049db4a429776940850fedf2e,C2-B,manual,S9hNv5qa7GM,False,all_archived,15,19,0.053011786432024324,0.03324099722991689,0.8421052631578947
extended73|C2-B|manual|S9hNv5qa7GM_0c2a97f049db4a429776940850fedf2e,C2-B|0|S9hNv5qa7GM_0c2a97f049db4a429776940850fedf2e|manual,S9hNv5qa7GM_0c2a97f049db4a429776940850fedf2e,C2-B,manual,S9hNv5qa7GM,False,all_archived,16,19,0.042040084731953725,0.02493074792243767,0.881578947368421
extended73|C2-B|manual|S9hNv5qa7GM_0c2a97f049db4a429776940850fedf2e,C2-B|0|S9hNv5qa7GM_0c2a97f049db4a429776940850fedf2e|manual,S9hNv5qa7GM_0c2a97f049db4a429776940850fedf2e,C2-B,manual,S9hNv5qa7GM,False,all_archived,17,19,0.029656183803161158,0.016620498614958446,0.9210526315789475
extended73|C2-B|manual|S9hNv5qa7GM_0c2a97f049db4a429776940850fedf2e,C2-B|0|S9hNv5qa7GM_0c2a97f049db4a429776940850fedf2e|manual,S9hNv5qa7GM_0c2a97f049db4a429776940850fedf2e,C2-B,manual,S9hNv5qa7GM,False,all_archived,18,19,0.01569713758079405,0.008310249307479223,0.9605263157894737
extended73|C2-B|manual|S9hNv5qa7GM_0c2a97f049db4a429776940850fedf2e,C2-B|0|S9hNv5qa7GM_0c2a97f049db4a429776940850fedf2e|manual,S9hNv5qa7GM_0c2a97f049db4a429776940850fedf2e,C2-B,manual,S9hNv5qa7GM,False,all_archived,19,19,0.0,0.0,1.0
extended73|C2-B|manual|S9hNv5qa7GM_0c2a97f049db4a429776940850fedf2e,C2-B|0|S9hNv5qa7GM_0c2a97f049db4a429776940850fedf2e|manual,S9hNv5qa7GM_0c2a97f049db4a429776940850fedf2e,C2-B,manual,S9hNv5qa7GM,False,current20,1,19,0.2825484764542936,0.2825484764542936,0.25
extended73|C2-B|manual|S9hNv5qa7GM_0c2a97f049db4a429776940850fedf2e,C2-B|0|S9hNv5qa7GM_0c2a97f049db4a429776940850fedf2e|manual,S9hNv5qa7GM_0c2a97f049db4a429776940850fedf2e,C2-B,manual,S9hNv5qa7GM,False,current20,2,19,0.2520775623268698,0.15604801477377653,0.32456140350877183
extended73|C2-B|manual|S9hNv5qa7GM_0c2a97f049db4a429776940850fedf2e,C2-B|0|S9hNv5qa7GM_0c2a97f049db4a429776940850fedf2e|manual,S9hNv5qa7GM_0c2a97f049db4a429776940850fedf2e,C2-B,manual,S9hNv5qa7GM,False,current20,3,19,0.22421378523708652,0.13383303459888107,0.36816305469556243
extended73|C2-B|manual|S9hNv5qa7GM_0c2a97f049db4a429776940850fedf2e,C2-B|0|S9hNv5qa7GM_0c2a97f049db4a429776940850fedf2e|manual,S9hNv5qa7GM_0c2a97f049db4a429776940850fedf2e,C2-B,manual,S9hNv5qa7GM,False,current20,4,19,0.19879419912009122,0.12465373961218837,0.40789473684210525
extended73|C2-B|manual|S9hNv5qa7GM_0c2a97f049db4a429776940850fedf2e,C2-B|0|S9hNv5qa7GM_0c2a97f049db4a429776940850fedf2e|manual,S9hNv5qa7GM_0c2a97f049db4a429776940850fedf2e,C2-B,manual,S9hNv5qa7GM,False,current20,5,19,0.17565585791103144,0.11634349030470914,0.4473684210526315
extended73|C2-B|manual|S9hNv5qa7GM_0c2a97f049db4a429776940850fedf2e,C2-B|0|S9hNv5qa7GM_0c2a97f049db4a429776940850fedf2e|manual,S9hNv5qa7GM_0c2a97f049db4a429776940850fedf2e,C2-B,manual,S9hNv5qa7GM,False,current20,6,19,0.15463581554505454,0.10803324099722991,0.48684210526315796
extended73|C2-B|manual|S9hNv5qa7GM_0c2a97f049db4a429776940850fedf2e,C2-B|0|S9hNv5qa7GM_0c2a97f049db4a429776940850fedf2e|manual,S9hNv5qa7GM_0c2a97f049db4a429776940850fedf2e,C2-B,manual,S9hNv5qa7GM,False,current20,7,19,0.14274075281081958,0.09972299168975068,0.5263157894736843
extended73|C2-B|manual|S9hNv5qa7GM_0c2a97f049db4a429776940850fedf2e,C2-B|0|S9hNv5qa7GM_0c2a97f049db4a429776940850fedf2e|manual,S9hNv5qa7GM_0c2a97f049db4a429776940850fedf2e,C2-B,manual,S9hNv5qa7GM,False,current20,8,19,0.13323556569442183,0.09141274238227147,0.5657894736842105
extended73|C2-B|manual|S9hNv5qa7GM_0c2a97f049db4a429776940850fedf2e,C2-B|0|S9hNv5qa7GM_0c2a97f049db4a429776940850fedf2e|manual,S9hNv5qa7GM_0c2a97f049db4a429776940850fedf2e,C2-B,manual,S9hNv5qa7GM,False,current20,9,19,0.12220954863940035,0.08310249307479223,0.605263157894737
extended73|C2-B|manual|S9hNv5qa7GM_0c2a97f049db4a429776940850fedf2e,C2-B|0|S9hNv5qa7GM_0c2a97f049db4a429776940850fedf2e|manual,S9hNv5qa7GM_0c2a97f049db4a429776940850fedf2e,C2-B,manual,S9hNv5qa7GM,False,current20,10,19,0.10998859377546032,0.07479224376731301,0.6447368421052633
extended73|C2-B|manual|S9hNv5qa7GM_0c2a97f049db4a429776940850fedf2e,C2-B|0|S9hNv5qa7GM_0c2a97f049db4a429776940850fedf2e|manual,S9hNv5qa7GM_0c2a97f049db4a429776940850fedf2e,C2-B,manual,S9hNv5qa7GM,False,current20,11,19,0.09689859323230675,0.06648199445983378,0.6842105263157895
extended73|C2-B|manual|S9hNv5qa7GM_0c2a97f049db4a429776940850fedf2e,C2-B|0|S9hNv5qa7GM_0c2a97f049db4a429776940850fedf2e|manual,S9hNv5qa7GM_0c2a97f049db4a429776940850fedf2e,C2-B,manual,S9hNv5qa7GM,False,current20,12,19,0.08326543913964475,0.05817174515235457,0.7236842105263157
extended73|C2-B|manual|S9hNv5qa7GM_0c2a97f049db4a429776940850fedf2e,C2-B|0|S9hNv5qa7GM_0c2a97f049db4a429776940850fedf2e|manual,S9hNv5qa7GM_0c2a97f049db4a429776940850fedf2e,C2-B,manual,S9hNv5qa7GM,False,current20,13,19,0.07137037640540982,0.04986149584487534,0.763157894736842
extended73|C2-B|manual|S9hNv5qa7GM_0c2a97f049db4a429776940850fedf2e,C2-B|0|S9hNv5qa7GM_0c2a97f049db4a429776940850fedf2e|manual,S9hNv5qa7GM_0c2a97f049db4a429776940850fedf2e,C2-B,manual,S9hNv5qa7GM,False,current20,14,19,0.06273423496822551,0.041551246537396114,0.8026315789473685
extended73|C2-B|manual|S9hNv5qa7GM_0c2a97f049db4a429776940850fedf2e,C2-B|0|S9hNv5qa7GM_0c2a97f049db4a429776940850fedf2e|manual,S9hNv5qa7GM_0c2a97f049db4a429776940850fedf2e,C2-B,manual,S9hNv5qa7GM,False,current20,15,19,0.053011786432024324,0.03324099722991689,0.8421052631578947
extended73|C2-B|manual|S9hNv5qa7GM_0c2a97f049db4a429776940850fedf2e,C2-B|0|S9hNv5qa7GM_0c2a97f049db4a429776940850fedf2e|manual,S9hNv5qa7GM_0c2a97f049db4a429776940850fedf2e,C2-B,manual,S9hNv5qa7GM,False,current20,16,19,0.042040084731953725,0.02493074792243767,0.881578947368421
extended73|C2-B|manual|S9hNv5qa7GM_0c2a97f049db4a429776940850fedf2e,C2-B|0|S9hNv5qa7GM_0c2a97f049db4a429776940850fedf2e|manual,S9hNv5qa7GM_0c2a97f049db4a429776940850fedf2e,C2-B,manual,S9hNv5qa7GM,False,current20,17,19,0.029656183803161158,0.016620498614958446,0.9210526315789475
extended73|C2-B|manual|S9hNv5qa7GM_0c2a97f049db4a429776940850fedf2e,C2-B|0|S9hNv5qa7GM_0c2a97f049db4a429776940850fedf2e|manual,S9hNv5qa7GM_0c2a97f049db4a429776940850fedf2e,C2-B,manual,S9hNv5qa7GM,False,current20,18,19,0.01569713758079405,0.008310249307479223,0.9605263157894737
extended73|C2-B|manual|S9hNv5qa7GM_0c2a97f049db4a429776940850fedf2e,C2-B|0|S9hNv5qa7GM_0c2a97f049db4a429776940850fedf2e|manual,S9hNv5qa7GM_0c2a97f049db4a429776940850fedf2e,C2-B,manual,S9hNv5qa7GM,False,current20,19,19,0.0,0.0,1.0
extended73|C2-B|manual|S9hNv5qa7GM_bd9faec23bb3462c94a5fbc6c0a3d5cf,C2-B|0|S9hNv5qa7GM_bd9faec23bb3462c94a5fbc6c0a3d5cf|manual,S9hNv5qa7GM_bd9faec23bb3462c94a5fbc6c0a3d5cf,C2-B,manual,S9hNv5qa7GM,True,all_archived,1,20,0.0,0.0,1.0
extended73|C2-B|manual|S9hNv5qa7GM_bd9faec23bb3462c94a5fbc6c0a3d5cf,C2-B|0|S9hNv5qa7GM_bd9faec23bb3462c94a5fbc6c0a3d5cf|manual,S9hNv5qa7GM_bd9faec23bb3462c94a5fbc6c0a3d5cf,C2-B,manual,S9hNv5qa7GM,True,all_archived,2,20,0.0,0.0,1.0
extended73|C2-B|manual|S9hNv5qa7GM_bd9faec23bb3462c94a5fbc6c0a3d5cf,C2-B|0|S9hNv5qa7GM_bd9faec23bb3462c94a5fbc6c0a3d5cf|manual,S9hNv5qa7GM_bd9faec23bb3462c94a5fbc6c0a3d5cf,C2-B,manual,S9hNv5qa7GM,True,all_archived,3,20,0.0,0.0,1.0
extended73|C2-B|manual|S9hNv5qa7GM_bd9faec23bb3462c94a5fbc6c0a3d5cf,C2-B|0|S9hNv5qa7GM_bd9faec23bb3462c94a5fbc6c0a3d5cf|manual,S9hNv5qa7GM_bd9faec23bb3462c94a5fbc6c0a3d5cf,C2-B,manual,S9hNv5qa7GM,True,all_archived,4,20,0.0,0.0,1.0
extended73|C2-B|manual|S9hNv5qa7GM_bd9faec23bb3462c94a5fbc6c0a3d5cf,C2-B|0|S9hNv5qa7GM_bd9faec23bb3462c94a5fbc6c0a3d5cf|manual,S9hNv5qa7GM_bd9faec23bb3462c94a5fbc6c0a3d5cf,C2-B,manual,S9hNv5qa7GM,True,all_archived,5,20,0.0,0.0,1.0
extended73|C2-B|manual|S9hNv5qa7GM_bd9faec23bb3462c94a5fbc6c0a3d5cf,C2-B|0|S9hNv5qa7GM_bd9faec23bb3462c94a5fbc6c0a3d5cf|manual,S9hNv5qa7GM_bd9faec23bb3462c94a5fbc6c0a3d5cf,C2-B,manual,S9hNv5qa7GM,True,all_archived,6,20,0.0,0.0,1.0
extended73|C2-B|manual|S9hNv5qa7GM_bd9faec23bb3462c94a5fbc6c0a3d5cf,C2-B|0|S9hNv5qa7GM_bd9faec23bb3462c94a5fbc6c0a3d5cf|manual,S9hNv5qa7GM_bd9faec23bb3462c94a5fbc6c0a3d5cf,C2-B,manual,S9hNv5qa7GM,True,all_archived,7,20,0.0,0.0,1.0
extended73|C2-B|manual|S9hNv5qa7GM_bd9faec23bb3462c94a5fbc6c0a3d5cf,C2-B|0|S9hNv5qa7GM_bd9faec23bb3462c94a5fbc6c0a3d5cf|manual,S9hNv5qa7GM_bd9faec23bb3462c94a5fbc6c0a3d5cf,C2-B,manual,S9hNv5qa7GM,True,all_archived,8,20,0.0,0.0,1.0
extended73|C2-B|manual|S9hNv5qa7GM_bd9faec23bb3462c94a5fbc6c0a3d5cf,C2-B|0|S9hNv5qa7GM_bd9faec23bb3462c94a5fbc6c0a3d5cf|manual,S9hNv5qa7GM_bd9faec23bb3462c94a5fbc6c0a3d5cf,C2-B,manual,S9hNv5qa7GM,True,all_archived,9,20,0.0,0.0,1.0
extended73|C2-B|manual|S9hNv5qa7GM_bd9faec23bb3462c94a5fbc6c0a3d5cf,C2-B|0|S9hNv5qa7GM_bd9faec23bb3462c94a5fbc6c0a3d5cf|manual,S9hNv5qa7GM_bd9faec23bb3462c94a5fbc6c0a3d5cf,C2-B,manual,S9hNv5qa7GM,True,all_archived,10,20,0.0,0.0,1.0
extended73|C2-B|manual|S9hNv5qa7GM_bd9faec23bb3462c94a5fbc6c0a3d5cf,C2-B|0|S9hNv5qa7GM_bd9faec23bb3462c94a5fbc6c0a3d5cf|manual,S9hNv5qa7GM_bd9faec23bb3462c94a5fbc6c0a3d5cf,C2-B,manual,S9hNv5qa7GM,True,all_archived,11,20,0.0,0.0,1.0
extended73|C2-B|manual|S9hNv5qa7GM_bd9faec23bb3462c94a5fbc6c0a3d5cf,C2-B|0|S9hNv5qa7GM_bd9faec23bb3462c94a5fbc6c0a3d5cf|manual,S9hNv5qa7GM_bd9faec23bb3462c94a5fbc6c0a3d5cf,C2-B,manual,S9hNv5qa7GM,True,all_archived,12,20,0.0,0.0,1.0
extended73|C2-B|manual|S9hNv5qa7GM_bd9faec23bb3462c94a5fbc6c0a3d5cf,C2-B|0|S9hNv5qa7GM_bd9faec23bb3462c94a5fbc6c0a3d5cf|manual,S9hNv5qa7GM_bd9faec23bb3462c94a5fbc6c0a3d5cf,C2-B,manual,S9hNv5qa7GM,True,all_archived,13,20,0.0,0.0,1.0
extended73|C2-B|manual|S9hNv5qa7GM_bd9faec23bb3462c94a5fbc6c0a3d5cf,C2-B|0|S9hNv5qa7GM_bd9faec23bb3462c94a5fbc6c0a3d5cf|manual,S9hNv5qa7GM_bd9faec23bb3462c94a5fbc6c0a3d5cf,C2-B,manual,S9hNv5qa7GM,True,all_archived,14,20,0.0,0.0,1.0
extended73|C2-B|manual|S9hNv5qa7GM_bd9faec23bb3462c94a5fbc6c0a3d5cf,C2-B|0|S9hNv5qa7GM_bd9faec23bb3462c94a5fbc6c0a3d5cf|manual,S9hNv5qa7GM_bd9faec23bb3462c94a5fbc6c0a3d5cf,C2-B,manual,S9hNv5qa7GM,True,all_archived,15,20,0.0,0.0,1.0
extended73|C2-B|manual|S9hNv5qa7GM_bd9faec23bb3462c94a5fbc6c0a3d5cf,C2-B|0|S9hNv5qa7GM_bd9faec23bb3462c94a5fbc6c0a3d5cf|manual,S9hNv5qa7GM_bd9faec23bb3462c94a5fbc6c0a3d5cf,C2-B,manual,S9hNv5qa7GM,True,all_archived,16,20,0.0,0.0,1.0
extended73|C2-B|manual|S9hNv5qa7GM_bd9faec23bb3462c94a5fbc6c0a3d5cf,C2-B|0|S9hNv5qa7GM_bd9faec23bb3462c94a5fbc6c0a3d5cf|manual,S9hNv5qa7GM_bd9faec23bb3462c94a5fbc6c0a3d5cf,C2-B,manual,S9hNv5qa7GM,True,all_archived,17,20,0.0,0.0,1.0
extended73|C2-B|manual|S9hNv5qa7GM_bd9faec23bb3462c94a5fbc6c0a3d5cf,C2-B|0|S9hNv5qa7GM_bd9faec23bb3462c94a5fbc6c0a3d5cf|manual,S9hNv5qa7GM_bd9faec23bb3462c94a5fbc6c0a3d5cf,C2-B,manual,S9hNv5qa7GM,True,all_archived,18,20,0.0,0.0,1.0
extended73|C2-B|manual|S9hNv5qa7GM_bd9faec23bb3462c94a5fbc6c0a3d5cf,C2-B|0|S9hNv5qa7GM_bd9faec23bb3462c94a5fbc6c0a3d5cf|manual,S9hNv5qa7GM_bd9faec23bb3462c94a5fbc6c0a3d5cf,C2-B,manual,S9hNv5qa7GM,True,all_archived,19,20,0.0,0.0,1.0
extended73|C2-B|manual|S9hNv5qa7GM_bd9faec23bb3462c94a5fbc6c0a3d5cf,C2-B|0|S9hNv5qa7GM_bd9faec23bb3462c94a5fbc6c0a3d5cf|manual,S9hNv5qa7GM_bd9faec23bb3462c94a5fbc6c0a3d5cf,C2-B,manual,S9hNv5qa7GM,True,all_archived,20,20,0.0,0.0,1.0
extended73|C2-B|manual|S9hNv5qa7GM_bd9faec23bb3462c94a5fbc6c0a3d5cf,C2-B|0|S9hNv5qa7GM_bd9faec23bb3462c94a5fbc6c0a3d5cf|manual,S9hNv5qa7GM_bd9faec23bb3462c94a5fbc6c0a3d5cf,C2-B,manual,S9hNv5qa7GM,True,current20,1,20,0.0,0.0,1.0
extended73|C2-B|manual|S9hNv5qa7GM_bd9faec23bb3462c94a5fbc6c0a3d5cf,C2-B|0|S9hNv5qa7GM_bd9faec23bb3462c94a5fbc6c0a3d5cf|manual,S9hNv5qa7GM_bd9faec23bb3462c94a5fbc6c0a3d5cf,C2-B,manual,S9hNv5qa7GM,True,current20,2,20,0.0,0.0,1.0
extended73|C2-B|manual|S9hNv5qa7GM_bd9faec23bb3462c94a5fbc6c0a3d5cf,C2-B|0|S9hNv5qa7GM_bd9faec23bb3462c94a5fbc6c0a3d5cf|manual,S9hNv5qa7GM_bd9faec23bb3462c94a5fbc6c0a3d5cf,C2-B,manual,S9hNv5qa7GM,True,current20,3,20,0.0,0.0,1.0
extended73|C2-B|manual|S9hNv5qa7GM_bd9faec23bb3462c94a5fbc6c0a3d5cf,C2-B|0|S9hNv5qa7GM_bd9faec23bb3462c94a5fbc6c0a3d5cf|manual,S9hNv5qa7GM_bd9faec23bb3462c94a5fbc6c0a3d5cf,C2-B,manual,S9hNv5qa7GM,True,current20,4,20,0.0,0.0,1.0
extended73|C2-B|manual|S9hNv5qa7GM_bd9faec23bb3462c94a5fbc6c0a3d5cf,C2-B|0|S9hNv5qa7GM_bd9faec23bb3462c94a5fbc6c0a3d5cf|manual,S9hNv5qa7GM_bd9faec23bb3462c94a5fbc6c0a3d5cf,C2-B,manual,S9hNv5qa7GM,True,current20,5,20,0.0,0.0,1.0
extended73|C2-B|manual|S9hNv5qa7GM_bd9faec23bb3462c94a5fbc6c0a3d5cf,C2-B|0|S9hNv5qa7GM_bd9faec23bb3462c94a5fbc6c0a3d5cf|manual,S9hNv5qa7GM_bd9faec23bb3462c94a5fbc6c0a3d5cf,C2-B,manual,S9hNv5qa7GM,True,current20,6,20,0.0,0.0,1.0
extended73|C2-B|manual|S9hNv5qa7GM_bd9faec23bb3462c94a5fbc6c0a3d5cf,C2-B|0|S9hNv5qa7GM_bd9faec23bb3462c94a5fbc6c0a3d5cf|manual,S9hNv5qa7GM_bd9faec23bb3462c94a5fbc6c0a3d5cf,C2-B,manual,S9hNv5qa7GM,True,current20,7,20,0.0,0.0,1.0
extended73|C2-B|manual|S9hNv5qa7GM_bd9faec23bb3462c94a5fbc6c0a3d5cf,C2-B|0|S9hNv5qa7GM_bd9faec23bb3462c94a5fbc6c0a3d5cf|manual,S9hNv5qa7GM_bd9faec23bb3462c94a5fbc6c0a3d5cf,C2-B,manual,S9hNv5qa7GM,True,current20,8,20,0.0,0.0,1.0
extended73|C2-B|manual|S9hNv5qa7GM_bd9faec23bb3462c94a5fbc6c0a3d5cf,C2-B|0|S9hNv5qa7GM_bd9faec23bb3462c94a5fbc6c0a3d5cf|manual,S9hNv5qa7GM_bd9faec23bb3462c94a5fbc6c0a3d5cf,C2-B,manual,S9hNv5qa7GM,True,current20,9,20,0.0,0.0,1.0
extended73|C2-B|manual|S9hNv5qa7GM_bd9faec23bb3462c94a5fbc6c0a3d5cf,C2-B|0|S9hNv5qa7GM_bd9faec23bb3462c94a5fbc6c0a3d5cf|manual,S9hNv5qa7GM_bd9faec23bb3462c94a5fbc6c0a3d5cf,C2-B,manual,S9hNv5qa7GM,True,current20,10,20,0.0,0.0,1.0
extended73|C2-B|manual|S9hNv5qa7GM_bd9faec23bb3462c94a5fbc6c0a3d5cf,C2-B|0|S9hNv5qa7GM_bd9faec23bb3462c94a5fbc6c0a3d5cf|manual,S9hNv5qa7GM_bd9faec23bb3462c94a5fbc6c0a3d5cf,C2-B,manual,S9hNv5qa7GM,True,current20,11,20,0.0,0.0,1.0
extended73|C2-B|manual|S9hNv5qa7GM_bd9faec23bb3462c94a5fbc6c0a3d5cf,C2-B|0|S9hNv5qa7GM_bd9faec23bb3462c94a5fbc6c0a3d5cf|manual,S9hNv5qa7GM_bd9faec23bb3462c94a5fbc6c0a3d5cf,C2-B,manual,S9hNv5qa7GM,True,current20,12,20,0.0,0.0,1.0
extended73|C2-B|manual|S9hNv5qa7GM_bd9faec23bb3462c94a5fbc6c0a3d5cf,C2-B|0|S9hNv5qa7GM_bd9faec23bb3462c94a5fbc6c0a3d5cf|manual,S9hNv5qa7GM_bd9faec23bb3462c94a5fbc6c0a3d5cf,C2-B,manual,S9hNv5qa7GM,True,current20,13,20,0.0,0.0,1.0
extended73|C2-B|manual|S9hNv5qa7GM_bd9faec23bb3462c94a5fbc6c0a3d5cf,C2-B|0|S9hNv5qa7GM_bd9faec23bb3462c94a5fbc6c0a3d5cf|manual,S9hNv5qa7GM_bd9faec23bb3462c94a5fbc6c0a3d5cf,C2-B,manual,S9hNv5qa7GM,True,current20,14,20,0.0,0.0,1.0
extended73|C2-B|manual|S9hNv5qa7GM_bd9faec23bb3462c94a5fbc6c0a3d5cf,C2-B|0|S9hNv5qa7GM_bd9faec23bb3462c94a5fbc6c0a3d5cf|manual,S9hNv5qa7GM_bd9faec23bb3462c94a5fbc6c0a3d5cf,C2-B,manual,S9hNv5qa7GM,True,current20,15,20,0.0,0.0,1.0
extended73|C2-B|manual|S9hNv5qa7GM_bd9faec23bb3462c94a5fbc6c0a3d5cf,C2-B|0|S9hNv5qa7GM_bd9faec23bb3462c94a5fbc6c0a3d5cf|manual,S9hNv5qa7GM_bd9faec23bb3462c94a5fbc6c0a3d5cf,C2-B,manual,S9hNv5qa7GM,True,current20,16,20,0.0,0.0,1.0
extended73|C2-B|manual|S9hNv5qa7GM_bd9faec23bb3462c94a5fbc6c0a3d5cf,C2-B|0|S9hNv5qa7GM_bd9faec23bb3462c94a5fbc6c0a3d5cf|manual,S9hNv5qa7GM_bd9faec23bb3462c94a5fbc6c0a3d5cf,C2-B,manual,S9hNv5qa7GM,True,current20,17,20,0.0,0.0,1.0
extended73|C2-B|manual|S9hNv5qa7GM_bd9faec23bb3462c94a5fbc6c0a3d5cf,C2-B|0|S9hNv5qa7GM_bd9faec23bb3462c94a5fbc6c0a3d5cf|manual,S9hNv5qa7GM_bd9faec23bb3462c94a5fbc6c0a3d5cf,C2-B,manual,S9hNv5qa7GM,True,current20,18,20,0.0,0.0,1.0
extended73|C2-B|manual|S9hNv5qa7GM_bd9faec23bb3462c94a5fbc6c0a3d5cf,C2-B|0|S9hNv5qa7GM_bd9faec23bb3462c94a5fbc6c0a3d5cf|manual,S9hNv5qa7GM_bd9faec23bb3462c94a5fbc6c0a3d5cf,C2-B,manual,S9hNv5qa7GM,True,current20,19,20,0.0,0.0,1.0
extended73|C2-B|manual|S9hNv5qa7GM_bd9faec23bb3462c94a5fbc6c0a3d5cf,C2-B|0|S9hNv5qa7GM_bd9faec23bb3462c94a5fbc6c0a3d5cf|manual,S9hNv5qa7GM_bd9faec23bb3462c94a5fbc6c0a3d5cf,C2-B,manual,S9hNv5qa7GM,True,current20,20,20,0.0,0.0,1.0
extended73|C2-B|manual|VFuaQ6m2Qom_ad4c387f8175498491966703c8441e0d,C2-B|0|VFuaQ6m2Qom_ad4c387f8175498491966703c8441e0d|manual,VFuaQ6m2Qom_ad4c387f8175498491966703c8441e0d,C2-B,manual,VFuaQ6m2Qom,False,all_archived,1,19,0.6814404432132963,0.6814404432132963,0.2
extended73|C2-B|manual|VFuaQ6m2Qom_ad4c387f8175498491966703c8441e0d,C2-B|0|VFuaQ6m2Qom_ad4c387f8175498491966703c8441e0d|manual,VFuaQ6m2Qom_ad4c387f8175498491966703c8441e0d,C2-B,manual,VFuaQ6m2Qom,False,all_archived,2,19,0.4792243767313019,0.47922437673130186,0.34385964912280703
extended73|C2-B|manual|VFuaQ6m2Qom_ad4c387f8175498491966703c8441e0d,C2-B|0|VFuaQ6m2Qom_ad4c387f8175498491966703c8441e0d|manual,VFuaQ6m2Qom_ad4c387f8175498491966703c8441e0d,C2-B,manual,VFuaQ6m2Qom,False,all_archived,3,19,0.408234207810548,0.3495736244636358,0.45098039215686275
extended73|C2-B|manual|VFuaQ6m2Qom_ad4c387f8175498491966703c8441e0d,C2-B|0|VFuaQ6m2Qom_ad4c387f8175498491966703c8441e0d|manual,VFuaQ6m2Qom_ad4c387f8175498491966703c8441e0d,C2-B,manual,VFuaQ6m2Qom,False,all_archived,4,19,0.3329531258486774,0.26444788441692463,0.5340041279669763
extended73|C2-B|manual|VFuaQ6m2Qom_ad4c387f8175498491966703c8441e0d,C2-B|0|VFuaQ6m2Qom_ad4c387f8175498491966703c8441e0d|manual,VFuaQ6m2Qom_ad4c387f8175498491966703c8441e0d,C2-B,manual,VFuaQ6m2Qom,False,all_archived,5,19,0.3054333460069162,0.206389296254051,0.6009975920192638
extended73|C2-B|manual|VFuaQ6m2Qom_ad4c387f8175498491966703c8441e0d,C2-B|0|VFuaQ6m2Qom_ad4c387f8175498491966703c8441e0d|manual,VFuaQ6m2Qom_ad4c387f8175498491966703c8441e0d,C2-B,manual,VFuaQ6m2Qom,False,all_archived,6,19,0.2652037731066572,0.16483352343707564,0.6570175438596492
extended73|C2-B|manual|VFuaQ6m2Qom_ad4c387f8175498491966703c8441e0d,C2-B|0|VFuaQ6m2Qom_ad4c387f8175498491966703c8441e0d|manual,VFuaQ6m2Qom_ad4c387f8175498491966703c8441e0d,C2-B,manual,VFuaQ6m2Qom,False,all_archived,7,19,0.23144190554977584,0.1335489235114459,0.7051996507104867
extended73|C2-B|manual|VFuaQ6m2Qom_ad4c387f8175498491966703c8441e0d,C2-B|0|VFuaQ6m2Qom_ad4c387f8175498491966703c8441e0d|manual,VFuaQ6m2Qom_ad4c387f8175498491966703c8441e0d,C2-B,manual,VFuaQ6m2Qom,False,all_archived,8,19,0.2005110517820311,0.10892178449616936,0.7474901431557778
extended73|C2-B|manual|VFuaQ6m2Qom_ad4c387f8175498491966703c8441e0d,C2-B|0|VFuaQ6m2Qom_ad4c387f8175498491966703c8441e0d|manual,VFuaQ6m2Qom_ad4c387f8175498491966703c8441e0d,C2-B,manual,VFuaQ6m2Qom,False,all_archived,9,19,0.17897859025445792,0.08885688207832577,0.785117668709
extended73|C2-B|manual|VFuaQ6m2Qom_ad4c387f8175498491966703c8441e0d,C2-B|0|VFuaQ6m2Qom_ad4c387f8175498491966703c8441e0d|manual,VFuaQ6m2Qom_ad4c387f8175498491966703c8441e0d,C2-B,manual,VFuaQ6m2Qom,False,all_archived,10,19,0.16108073122901212,0.07210876137061568,0.8188832838987639
extended73|C2-B|manual|VFuaQ6m2Qom_ad4c387f8175498491966703c8441e0d,C2-B|0|VFuaQ6m2Qom_ad4c387f8175498491966703c8441e0d|manual,VFuaQ6m2Qom_ad4c387f8175498491966703c8441e0d,C2-B,manual,VFuaQ6m2Qom,False,all_archived,11,19,0.1458262194778408,0.05790016837760034,0.849329205366357
extended73|C2-B|manual|VFuaQ6m2Qom_ad4c387f8175498491966703c8441e0d,C2-B|0|VFuaQ6m2Qom_ad4c387f8175498491966703c8441e0d|manual,VFuaQ6m2Qom_ad4c387f8175498491966703c8441e0d,C2-B,manual,VFuaQ6m2Qom,False,all_archived,12,19,0.13500777823736923,0.04571995002987344,0.8768317853457173
extended73|C2-B|manual|VFuaQ6m2Qom_ad4c387f8175498491966703c8441e0d,C2-B|0|VFuaQ6m2Qom_ad4c387f8175498491966703c8441e0d|manual,VFuaQ6m2Qom_ad4c387f8175498491966703c8441e0d,C2-B,manual,VFuaQ6m2Qom,False,all_archived,13,19,0.1224017414338418,0.03522350768562272,0.9016511867905057
extended73|C2-B|manual|VFuaQ6m2Qom_ad4c387f8175498491966703c8441e0d,C2-B|0|VFuaQ6m2Qom_ad4c387f8175498491966703c8441e0d|manual,VFuaQ6m2Qom_ad4c387f8175498491966703c8441e0d,C2-B,manual,VFuaQ6m2Qom,False,all_archived,14,19,0.1090833378596129,0.026184527365886334,0.9239594083247334
extended73|C2-B|manual|VFuaQ6m2Qom_ad4c387f8175498491966703c8441e0d,C2-B|0|VFuaQ6m2Qom_ad4c387f8175498491966703c8441e0d|manual,VFuaQ6m2Qom_ad4c387f8175498491966703c8441e0d,C2-B,manual,VFuaQ6m2Qom,False,all_archived,15,19,0.08878750022631397,0.018467220683287162,0.9438596491228071
extended73|C2-B|manual|VFuaQ6m2Qom_ad4c387f8175498491966703c8441e0d,C2-B|0|VFuaQ6m2Qom_ad4c387f8175498491966703c8441e0d|manual,VFuaQ6m2Qom_ad4c387f8175498491966703c8441e0d,C2-B,manual,VFuaQ6m2Qom,False,all_archived,16,19,0.07654391396447777,0.012003693444136656,0.9614035087719298
extended73|C2-B|manual|VFuaQ6m2Qom_ad4c387f8175498491966703c8441e0d,C2-B|0|VFuaQ6m2Qom_ad4c387f8175498491966703c8441e0d|manual,VFuaQ6m2Qom_ad4c387f8175498491966703c8441e0d,C2-B,manual,VFuaQ6m2Qom,False,all_archived,17,19,0.0563793384389767,0.006771314250538627,0.9766081871345028
extended73|C2-B|manual|VFuaQ6m2Qom_ad4c387f8175498491966703c8441e0d,C2-B|0|VFuaQ6m2Qom_ad4c387f8175498491966703c8441e0d|manual,VFuaQ6m2Qom_ad4c387f8175498491966703c8441e0d,C2-B,manual,VFuaQ6m2Qom,False,all_archived,18,19,0.0378578024007387,0.0027700831024930744,0.9894736842105264
extended73|C2-B|manual|VFuaQ6m2Qom_ad4c387f8175498491966703c8441e0d,C2-B|0|VFuaQ6m2Qom_ad4c387f8175498491966703c8441e0d|manual,VFuaQ6m2Qom_ad4c387f8175498491966703c8441e0d,C2-B,manual,VFuaQ6m2Qom,False,all_archived,19,19,0.0,0.0,1.0
extended73|C2-B|manual|VFuaQ6m2Qom_ad4c387f8175498491966703c8441e0d,C2-B|0|VFuaQ6m2Qom_ad4c387f8175498491966703c8441e0d|manual,VFuaQ6m2Qom_ad4c387f8175498491966703c8441e0d,C2-B,manual,VFuaQ6m2Qom,False,current20,1,19,0.6814404432132963,0.6814404432132963,0.2
extended73|C2-B|manual|VFuaQ6m2Qom_ad4c387f8175498491966703c8441e0d,C2-B|0|VFuaQ6m2Qom_ad4c387f8175498491966703c8441e0d|manual,VFuaQ6m2Qom_ad4c387f8175498491966703c8441e0d,C2-B,manual,VFuaQ6m2Qom,False,current20,2,19,0.4792243767313019,0.47922437673130186,0.34385964912280703
extended73|C2-B|manual|VFuaQ6m2Qom_ad4c387f8175498491966703c8441e0d,C2-B|0|VFuaQ6m2Qom_ad4c387f8175498491966703c8441e0d|manual,VFuaQ6m2Qom_ad4c387f8175498491966703c8441e0d,C2-B,manual,VFuaQ6m2Qom,False,current20,3,19,0.408234207810548,0.3495736244636358,0.45098039215686275
extended73|C2-B|manual|VFuaQ6m2Qom_ad4c387f8175498491966703c8441e0d,C2-B|0|VFuaQ6m2Qom_ad4c387f8175498491966703c8441e0d|manual,VFuaQ6m2Qom_ad4c387f8175498491966703c8441e0d,C2-B,manual,VFuaQ6m2Qom,False,current20,4,19,0.3329531258486774,0.26444788441692463,0.5340041279669763
extended73|C2-B|manual|VFuaQ6m2Qom_ad4c387f8175498491966703c8441e0d,C2-B|0|VFuaQ6m2Qom_ad4c387f8175498491966703c8441e0d|manual,VFuaQ6m2Qom_ad4c387f8175498491966703c8441e0d,C2-B,manual,VFuaQ6m2Qom,False,current20,5,19,0.3054333460069162,0.206389296254051,0.6009975920192638
extended73|C2-B|manual|VFuaQ6m2Qom_ad4c387f8175498491966703c8441e0d,C2-B|0|VFuaQ6m2Qom_ad4c387f8175498491966703c8441e0d|manual,VFuaQ6m2Qom_ad4c387f8175498491966703c8441e0d,C2-B,manual,VFuaQ6m2Qom,False,current20,6,19,0.2652037731066572,0.16483352343707564,0.6570175438596492
extended73|C2-B|manual|VFuaQ6m2Qom_ad4c387f8175498491966703c8441e0d,C2-B|0|VFuaQ6m2Qom_ad4c387f8175498491966703c8441e0d|manual,VFuaQ6m2Qom_ad4c387f8175498491966703c8441e0d,C2-B,manual,VFuaQ6m2Qom,False,current20,7,19,0.23144190554977584,0.1335489235114459,0.7051996507104867
extended73|C2-B|manual|VFuaQ6m2Qom_ad4c387f8175498491966703c8441e0d,C2-B|0|VFuaQ6m2Qom_ad4c387f8175498491966703c8441e0d|manual,VFuaQ6m2Qom_ad4c387f8175498491966703c8441e0d,C2-B,manual,VFuaQ6m2Qom,False,current20,8,19,0.2005110517820311,0.10892178449616936,0.7474901431557778
extended73|C2-B|manual|VFuaQ6m2Qom_ad4c387f8175498491966703c8441e0d,C2-B|0|VFuaQ6m2Qom_ad4c387f8175498491966703c8441e0d|manual,VFuaQ6m2Qom_ad4c387f8175498491966703c8441e0d,C2-B,manual,VFuaQ6m2Qom,False,current20,9,19,0.17897859025445792,0.08885688207832577,0.785117668709
extended73|C2-B|manual|VFuaQ6m2Qom_ad4c387f8175498491966703c8441e0d,C2-B|0|VFuaQ6m2Qom_ad4c387f8175498491966703c8441e0d|manual,VFuaQ6m2Qom_ad4c387f8175498491966703c8441e0d,C2-B,manual,VFuaQ6m2Qom,False,current20,10,19,0.16108073122901212,0.07210876137061568,0.8188832838987639
extended73|C2-B|manual|VFuaQ6m2Qom_ad4c387f8175498491966703c8441e0d,C2-B|0|VFuaQ6m2Qom_ad4c387f8175498491966703c8441e0d|manual,VFuaQ6m2Qom_ad4c387f8175498491966703c8441e0d,C2-B,manual,VFuaQ6m2Qom,False,current20,11,19,0.1458262194778408,0.05790016837760034,0.849329205366357
extended73|C2-B|manual|VFuaQ6m2Qom_ad4c387f8175498491966703c8441e0d,C2-B|0|VFuaQ6m2Qom_ad4c387f8175498491966703c8441e0d|manual,VFuaQ6m2Qom_ad4c387f8175498491966703c8441e0d,C2-B,manual,VFuaQ6m2Qom,False,current20,12,19,0.13500777823736923,0.04571995002987344,0.8768317853457173
extended73|C2-B|manual|VFuaQ6m2Qom_ad4c387f8175498491966703c8441e0d,C2-B|0|VFuaQ6m2Qom_ad4c387f8175498491966703c8441e0d|manual,VFuaQ6m2Qom_ad4c387f8175498491966703c8441e0d,C2-B,manual,VFuaQ6m2Qom,False,current20,13,19,0.1224017414338418,0.03522350768562272,0.9016511867905057
extended73|C2-B|manual|VFuaQ6m2Qom_ad4c387f8175498491966703c8441e0d,C2-B|0|VFuaQ6m2Qom_ad4c387f8175498491966703c8441e0d|manual,VFuaQ6m2Qom_ad4c387f8175498491966703c8441e0d,C2-B,manual,VFuaQ6m2Qom,False,current20,14,19,0.1090833378596129,0.026184527365886334,0.9239594083247334
extended73|C2-B|manual|VFuaQ6m2Qom_ad4c387f8175498491966703c8441e0d,C2-B|0|VFuaQ6m2Qom_ad4c387f8175498491966703c8441e0d|manual,VFuaQ6m2Qom_ad4c387f8175498491966703c8441e0d,C2-B,manual,VFuaQ6m2Qom,False,current20,15,19,0.08878750022631397,0.018467220683287162,0.9438596491228071
extended73|C2-B|manual|VFuaQ6m2Qom_ad4c387f8175498491966703c8441e0d,C2-B|0|VFuaQ6m2Qom_ad4c387f8175498491966703c8441e0d|manual,VFuaQ6m2Qom_ad4c387f8175498491966703c8441e0d,C2-B,manual,VFuaQ6m2Qom,False,current20,16,19,0.07654391396447777,0.012003693444136656,0.9614035087719298
extended73|C2-B|manual|VFuaQ6m2Qom_ad4c387f8175498491966703c8441e0d,C2-B|0|VFuaQ6m2Qom_ad4c387f8175498491966703c8441e0d|manual,VFuaQ6m2Qom_ad4c387f8175498491966703c8441e0d,C2-B,manual,VFuaQ6m2Qom,False,current20,17,19,0.0563793384389767,0.006771314250538627,0.9766081871345028
extended73|C2-B|manual|VFuaQ6m2Qom_ad4c387f8175498491966703c8441e0d,C2-B|0|VFuaQ6m2Qom_ad4c387f8175498491966703c8441e0d|manual,VFuaQ6m2Qom_ad4c387f8175498491966703c8441e0d,C2-B,manual,VFuaQ6m2Qom,False,current20,18,19,0.0378578024007387,0.0027700831024930744,0.9894736842105264
extended73|C2-B|manual|VFuaQ6m2Qom_ad4c387f8175498491966703c8441e0d,C2-B|0|VFuaQ6m2Qom_ad4c387f8175498491966703c8441e0d|manual,VFuaQ6m2Qom_ad4c387f8175498491966703c8441e0d,C2-B,manual,VFuaQ6m2Qom,False,current20,19,19,0.0,0.0,1.0
extended73|C2-B|manual|pRbA3pwrgk9_8b07a4b08cf447abb246769d8dce8494,C2-B|0|pRbA3pwrgk9_8b07a4b08cf447abb246769d8dce8494|manual,pRbA3pwrgk9_8b07a4b08cf447abb246769d8dce8494,C2-B,manual,pRbA3pwrgk9,False,all_archived,1,19,0.8365650969529084,0.8365650969529084,0.10000000000000005
extended73|C2-B|manual|pRbA3pwrgk9_8b07a4b08cf447abb246769d8dce8494,C2-B|0|pRbA3pwrgk9_8b07a4b08cf447abb246769d8dce8494|manual,pRbA3pwrgk9_8b07a4b08cf447abb246769d8dce8494,C2-B,manual,pRbA3pwrgk9,False,all_archived,2,19,0.7048322560787934,0.7048322560787934,0.18830409356725145
extended73|C2-B|manual|pRbA3pwrgk9_8b07a4b08cf447abb246769d8dce8494,C2-B|0|pRbA3pwrgk9_8b07a4b08cf447abb246769d8dce8494|manual,pRbA3pwrgk9_8b07a4b08cf447abb246769d8dce8494,C2-B,manual,pRbA3pwrgk9,False,all_archived,3,19,0.5981206887187008,0.5981206887187008,0.2670794633642931
extended73|C2-B|manual|pRbA3pwrgk9_8b07a4b08cf447abb246769d8dce8494,C2-B|0|pRbA3pwrgk9_8b07a4b08cf447abb246769d8dce8494|manual,pRbA3pwrgk9_8b07a4b08cf447abb246769d8dce8494,C2-B,manual,pRbA3pwrgk9,False,all_archived,4,19,0.5400983107924611,0.5109717017000706,0.33810629514963864
extended73|C2-B|manual|pRbA3pwrgk9_8b07a4b08cf447abb246769d8dce8494,C2-B|0|pRbA3pwrgk9_8b07a4b08cf447abb246769d8dce8494|manual,pRbA3pwrgk9_8b07a4b08cf447abb246769d8dce8494,C2-B,manual,pRbA3pwrgk9,False,all_archived,5,19,0.48170477794072397,0.4389857512718846,0.40282937736498103
extended73|C2-B|manual|pRbA3pwrgk9_8b07a4b08cf447abb246769d8dce8494,C2-B|0|pRbA3pwrgk9_8b07a4b08cf447abb246769d8dce8494|manual,pRbA3pwrgk9_8b07a4b08cf447abb246769d8dce8494,C2-B,manual,pRbA3pwrgk9,False,all_archived,6,19,0.42111276643621426,0.3786711360444454,0.46240601503759404
extended73|C2-B|manual|pRbA3pwrgk9_8b07a4b08cf447abb246769d8dce8494,C2-B|0|pRbA3pwrgk9_8b07a4b08cf447abb246769d8dce8494|manual,pRbA3pwrgk9_8b07a4b08cf447abb246769d8dce8494,C2-B,manual,pRbA3pwrgk9,False,all_archived,7,19,0.3813325884370369,0.3273043289337896,0.5177502579979361
extended73|C2-B|manual|pRbA3pwrgk9_8b07a4b08cf447abb246769d8dce8494,C2-B|0|pRbA3pwrgk9_8b07a4b08cf447abb246769d8dce8494|manual,pRbA3pwrgk9_8b07a4b08cf447abb246769d8dce8494,C2-B,manual,pRbA3pwrgk9,False,all_archived,8,19,0.34613365198341567,0.28280194811073084,0.5695734434124524
extended73|C2-B|manual|pRbA3pwrgk9_8b07a4b08cf447abb246769d8dce8494,C2-B|0|pRbA3pwrgk9_8b07a4b08cf447abb246769d8dce8494|manual,pRbA3pwrgk9_8b07a4b08cf447abb246769d8dce8494,C2-B,manual,pRbA3pwrgk9,False,all_archived,9,19,0.3063386019227635,0.24360436695453797,0.618421052631579
extended73|C2-B|manual|pRbA3pwrgk9_8b07a4b08cf447abb246769d8dce8494,C2-B|0|pRbA3pwrgk9_8b07a4b08cf447abb246769d8dce8494|manual,pRbA3pwrgk9_8b07a4b08cf447abb246769d8dce8494,C2-B,manual,pRbA3pwrgk9,False,all_archived,10,19,0.2757047417304871,0.20857096301124323,0.6647058823529411
extended73|C2-B|manual|pRbA3pwrgk9_8b07a4b08cf447abb246769d8dce8494,C2-B|0|pRbA3pwrgk9_8b07a4b08cf447abb246769d8dce8494|manual,pRbA3pwrgk9_8b07a4b08cf447abb246769d8dce8494,C2-B,manual,pRbA3pwrgk9,False,all_archived,11,19,0.2517335650788478,0.1768870059565839,0.7087375300997593
extended73|C2-B|manual|pRbA3pwrgk9_8b07a4b08cf447abb246769d8dce8494,C2-B|0|pRbA3pwrgk9_8b07a4b08cf447abb246769d8dce8494|manual,pRbA3pwrgk9_8b07a4b08cf447abb246769d8dce8494,C2-B,manual,pRbA3pwrgk9,False,all_archived,12,19,0.22244400992160487,0.14798218456357612,0.750748194014448
extended73|C2-B|manual|pRbA3pwrgk9_8b07a4b08cf447abb246769d8dce8494,C2-B|0|pRbA3pwrgk9_8b07a4b08cf447abb246769d8dce8494|manual,pRbA3pwrgk9_8b07a4b08cf447abb246769d8dce8494,C2-B,manual,pRbA3pwrgk9,False,all_archived,13,19,0.1943597383551759,0.12146077267472083,0.7909147869674185
extended73|C2-B|manual|pRbA3pwrgk9_8b07a4b08cf447abb246769d8dce8494,C2-B|0|pRbA3pwrgk9_8b07a4b08cf447abb246769d8dce8494|manual,pRbA3pwrgk9_8b07a4b08cf447abb246769d8dce8494,C2-B,manual,pRbA3pwrgk9,False,all_archived,14,19,0.17203742069311567,0.09704343417884234,0.8293773649810801
extended73|C2-B|manual|pRbA3pwrgk9_8b07a4b08cf447abb246769d8dce8494,C2-B|0|pRbA3pwrgk9_8b07a4b08cf447abb246769d8dce8494|manual,pRbA3pwrgk9_8b07a4b08cf447abb246769d8dce8494,C2-B,manual,pRbA3pwrgk9,False,all_archived,15,19,0.14402621621132297,0.0745206669925588,0.8662538699690403
extended73|C2-B|manual|pRbA3pwrgk9_8b07a4b08cf447abb246769d8dce8494,C2-B|0|pRbA3pwrgk9_8b07a4b08cf447abb246769d8dce8494|manual,pRbA3pwrgk9_8b07a4b08cf447abb246769d8dce8494,C2-B,manual,pRbA3pwrgk9,False,all_archived,16,19,0.11214762913475641,0.0537178860463853,0.9016511867905056
extended73|C2-B|manual|pRbA3pwrgk9_8b07a4b08cf447abb246769d8dce8494,C2-B|0|pRbA3pwrgk9_8b07a4b08cf447abb246769d8dce8494|manual,pRbA3pwrgk9_8b07a4b08cf447abb246769d8dce8494,C2-B,manual,pRbA3pwrgk9,False,all_archived,17,19,0.08292144189162279,0.034472145275469365,0.935672514619883
extended73|C2-B|manual|pRbA3pwrgk9_8b07a4b08cf447abb246769d8dce8494,C2-B|0|pRbA3pwrgk9_8b07a4b08cf447abb246769d8dce8494|manual,pRbA3pwrgk9_8b07a4b08cf447abb246769d8dce8494,C2-B,manual,pRbA3pwrgk9,False,all_archived,18,19,0.04647583871960603,0.016620498614958446,0.9684210526315791
extended73|C2-B|manual|pRbA3pwrgk9_8b07a4b08cf447abb246769d8dce8494,C2-B|0|pRbA3pwrgk9_8b07a4b08cf447abb246769d8dce8494|manual,pRbA3pwrgk9_8b07a4b08cf447abb246769d8dce8494,C2-B,manual,pRbA3pwrgk9,False,all_archived,19,19,0.0,0.0,1.0
extended73|C2-B|manual|pRbA3pwrgk9_8b07a4b08cf447abb246769d8dce8494,C2-B|0|pRbA3pwrgk9_8b07a4b08cf447abb246769d8dce8494|manual,pRbA3pwrgk9_8b07a4b08cf447abb246769d8dce8494,C2-B,manual,pRbA3pwrgk9,False,current20,1,19,0.8365650969529084,0.8365650969529084,0.10000000000000005
extended73|C2-B|manual|pRbA3pwrgk9_8b07a4b08cf447abb246769d8dce8494,C2-B|0|pRbA3pwrgk9_8b07a4b08cf447abb246769d8dce8494|manual,pRbA3pwrgk9_8b07a4b08cf447abb246769d8dce8494,C2-B,manual,pRbA3pwrgk9,False,current20,2,19,0.7048322560787934,0.7048322560787934,0.18830409356725145
extended73|C2-B|manual|pRbA3pwrgk9_8b07a4b08cf447abb246769d8dce8494,C2-B|0|pRbA3pwrgk9_8b07a4b08cf447abb246769d8dce8494|manual,pRbA3pwrgk9_8b07a4b08cf447abb246769d8dce8494,C2-B,manual,pRbA3pwrgk9,False,current20,3,19,0.5981206887187008,0.5981206887187008,0.2670794633642931
extended73|C2-B|manual|pRbA3pwrgk9_8b07a4b08cf447abb246769d8dce8494,C2-B|0|pRbA3pwrgk9_8b07a4b08cf447abb246769d8dce8494|manual,pRbA3pwrgk9_8b07a4b08cf447abb246769d8dce8494,C2-B,manual,pRbA3pwrgk9,False,current20,4,19,0.5400983107924611,0.5109717017000706,0.33810629514963864
extended73|C2-B|manual|pRbA3pwrgk9_8b07a4b08cf447abb246769d8dce8494,C2-B|0|pRbA3pwrgk9_8b07a4b08cf447abb246769d8dce8494|manual,pRbA3pwrgk9_8b07a4b08cf447abb246769d8dce8494,C2-B,manual,pRbA3pwrgk9,False,current20,5,19,0.48170477794072397,0.4389857512718846,0.40282937736498103
extended73|C2-B|manual|pRbA3pwrgk9_8b07a4b08cf447abb246769d8dce8494,C2-B|0|pRbA3pwrgk9_8b07a4b08cf447abb246769d8dce8494|manual,pRbA3pwrgk9_8b07a4b08cf447abb246769d8dce8494,C2-B,manual,pRbA3pwrgk9,False,current20,6,19,0.42111276643621426,0.3786711360444454,0.46240601503759404
extended73|C2-B|manual|pRbA3pwrgk9_8b07a4b08cf447abb246769d8dce8494,C2-B|0|pRbA3pwrgk9_8b07a4b08cf447abb246769d8dce8494|manual,pRbA3pwrgk9_8b07a4b08cf447abb246769d8dce8494,C2-B,manual,pRbA3pwrgk9,False,current20,7,19,0.3813325884370369,0.3273043289337896,0.5177502579979361
extended73|C2-B|manual|pRbA3pwrgk9_8b07a4b08cf447abb246769d8dce8494,C2-B|0|pRbA3pwrgk9_8b07a4b08cf447abb246769d8dce8494|manual,pRbA3pwrgk9_8b07a4b08cf447abb246769d8dce8494,C2-B,manual,pRbA3pwrgk9,False,current20,8,19,0.34613365198341567,0.28280194811073084,0.5695734434124524
extended73|C2-B|manual|pRbA3pwrgk9_8b07a4b08cf447abb246769d8dce8494,C2-B|0|pRbA3pwrgk9_8b07a4b08cf447abb246769d8dce8494|manual,pRbA3pwrgk9_8b07a4b08cf447abb246769d8dce8494,C2-B,manual,pRbA3pwrgk9,False,current20,9,19,0.3063386019227635,0.24360436695453797,0.618421052631579
extended73|C2-B|manual|pRbA3pwrgk9_8b07a4b08cf447abb246769d8dce8494,C2-B|0|pRbA3pwrgk9_8b07a4b08cf447abb246769d8dce8494|manual,pRbA3pwrgk9_8b07a4b08cf447abb246769d8dce8494,C2-B,manual,pRbA3pwrgk9,False,current20,10,19,0.2757047417304871,0.20857096301124323,0.6647058823529411
extended73|C2-B|manual|pRbA3pwrgk9_8b07a4b08cf447abb246769d8dce8494,C2-B|0|pRbA3pwrgk9_8b07a4b08cf447abb246769d8dce8494|manual,pRbA3pwrgk9_8b07a4b08cf447abb246769d8dce8494,C2-B,manual,pRbA3pwrgk9,False,current20,11,19,0.2517335650788478,0.1768870059565839,0.7087375300997593
extended73|C2-B|manual|pRbA3pwrgk9_8b07a4b08cf447abb246769d8dce8494,C2-B|0|pRbA3pwrgk9_8b07a4b08cf447abb246769d8dce8494|manual,pRbA3pwrgk9_8b07a4b08cf447abb246769d8dce8494,C2-B,manual,pRbA3pwrgk9,False,current20,12,19,0.22244400992160487,0.14798218456357612,0.750748194014448
extended73|C2-B|manual|pRbA3pwrgk9_8b07a4b08cf447abb246769d8dce8494,C2-B|0|pRbA3pwrgk9_8b07a4b08cf447abb246769d8dce8494|manual,pRbA3pwrgk9_8b07a4b08cf447abb246769d8dce8494,C2-B,manual,pRbA3pwrgk9,False,current20,13,19,0.1943597383551759,0.12146077267472083,0.7909147869674185
extended73|C2-B|manual|pRbA3pwrgk9_8b07a4b08cf447abb246769d8dce8494,C2-B|0|pRbA3pwrgk9_8b07a4b08cf447abb246769d8dce8494|manual,pRbA3pwrgk9_8b07a4b08cf447abb246769d8dce8494,C2-B,manual,pRbA3pwrgk9,False,current20,14,19,0.17203742069311567,0.09704343417884234,0.8293773649810801
extended73|C2-B|manual|pRbA3pwrgk9_8b07a4b08cf447abb246769d8dce8494,C2-B|0|pRbA3pwrgk9_8b07a4b08cf447abb246769d8dce8494|manual,pRbA3pwrgk9_8b07a4b08cf447abb246769d8dce8494,C2-B,manual,pRbA3pwrgk9,False,current20,15,19,0.14402621621132297,0.0745206669925588,0.8662538699690403
extended73|C2-B|manual|pRbA3pwrgk9_8b07a4b08cf447abb246769d8dce8494,C2-B|0|pRbA3pwrgk9_8b07a4b08cf447abb246769d8dce8494|manual,pRbA3pwrgk9_8b07a4b08cf447abb246769d8dce8494,C2-B,manual,pRbA3pwrgk9,False,current20,16,19,0.11214762913475641,0.0537178860463853,0.9016511867905056
extended73|C2-B|manual|pRbA3pwrgk9_8b07a4b08cf447abb246769d8dce8494,C2-B|0|pRbA3pwrgk9_8b07a4b08cf447abb246769d8dce8494|manual,pRbA3pwrgk9_8b07a4b08cf447abb246769d8dce8494,C2-B,manual,pRbA3pwrgk9,False,current20,17,19,0.08292144189162279,0.034472145275469365,0.935672514619883
extended73|C2-B|manual|pRbA3pwrgk9_8b07a4b08cf447abb246769d8dce8494,C2-B|0|pRbA3pwrgk9_8b07a4b08cf447abb246769d8dce8494|manual,pRbA3pwrgk9_8b07a4b08cf447abb246769d8dce8494,C2-B,manual,pRbA3pwrgk9,False,current20,18,19,0.04647583871960603,0.016620498614958446,0.9684210526315791
extended73|C2-B|manual|pRbA3pwrgk9_8b07a4b08cf447abb246769d8dce8494,C2-B|0|pRbA3pwrgk9_8b07a4b08cf447abb246769d8dce8494|manual,pRbA3pwrgk9_8b07a4b08cf447abb246769d8dce8494,C2-B,manual,pRbA3pwrgk9,False,current20,19,19,0.0,0.0,1.0
extended73|P1|manual|7y3sRwLe3Va_1410b021e1c14f529188eb026fbb369a,P1|0|7y3sRwLe3Va_1410b021e1c14f529188eb026fbb369a|manual,7y3sRwLe3Va_1410b021e1c14f529188eb026fbb369a,P1,manual,7y3sRwLe3Va,True,all_archived,1,25,0.07680000000000001,0.0768,0.5
extended73|P1|manual|7y3sRwLe3Va_1410b021e1c14f529188eb026fbb369a,P1|0|7y3sRwLe3Va_1410b021e1c14f529188eb026fbb369a|manual,7y3sRwLe3Va_1410b021e1c14f529188eb026fbb369a,P1,manual,7y3sRwLe3Va,True,all_archived,2,25,0.07360000000000001,0.0368,0.54
extended73|P1|manual|7y3sRwLe3Va_1410b021e1c14f529188eb026fbb369a,P1|0|7y3sRwLe3Va_1410b021e1c14f529188eb026fbb369a|manual,7y3sRwLe3Va_1410b021e1c14f529188eb026fbb369a,P1,manual,7y3sRwLe3Va,True,all_archived,3,25,0.07040000000000002,0.0352,0.56
extended73|P1|manual|7y3sRwLe3Va_1410b021e1c14f529188eb026fbb369a,P1|0|7y3sRwLe3Va_1410b021e1c14f529188eb026fbb369a|manual,7y3sRwLe3Va_1410b021e1c14f529188eb026fbb369a,P1,manual,7y3sRwLe3Va,True,all_archived,4,25,0.06720000000000001,0.0336,0.5800000000000001
extended73|P1|manual|7y3sRwLe3Va_1410b021e1c14f529188eb026fbb369a,P1|0|7y3sRwLe3Va_1410b021e1c14f529188eb026fbb369a|manual,7y3sRwLe3Va_1410b021e1c14f529188eb026fbb369a,P1,manual,7y3sRwLe3Va,True,all_archived,5,25,0.064,0.032,0.6
extended73|P1|manual|7y3sRwLe3Va_1410b021e1c14f529188eb026fbb369a,P1|0|7y3sRwLe3Va_1410b021e1c14f529188eb026fbb369a|manual,7y3sRwLe3Va_1410b021e1c14f529188eb026fbb369a,P1,manual,7y3sRwLe3Va,True,all_archived,6,25,0.0608,0.0304,0.62
extended73|P1|manual|7y3sRwLe3Va_1410b021e1c14f529188eb026fbb369a,P1|0|7y3sRwLe3Va_1410b021e1c14f529188eb026fbb369a|manual,7y3sRwLe3Va_1410b021e1c14f529188eb026fbb369a,P1,manual,7y3sRwLe3Va,True,all_archived,7,25,0.05760000000000001,0.0288,0.64
extended73|P1|manual|7y3sRwLe3Va_1410b021e1c14f529188eb026fbb369a,P1|0|7y3sRwLe3Va_1410b021e1c14f529188eb026fbb369a|manual,7y3sRwLe3Va_1410b021e1c14f529188eb026fbb369a,P1,manual,7y3sRwLe3Va,True,all_archived,8,25,0.05440000000000001,0.027200000000000002,0.6599999999999999
extended73|P1|manual|7y3sRwLe3Va_1410b021e1c14f529188eb026fbb369a,P1|0|7y3sRwLe3Va_1410b021e1c14f529188eb026fbb369a|manual,7y3sRwLe3Va_1410b021e1c14f529188eb026fbb369a,P1,manual,7y3sRwLe3Va,True,all_archived,9,25,0.05120000000000001,0.0256,0.6799999999999999
extended73|P1|manual|7y3sRwLe3Va_1410b021e1c14f529188eb026fbb369a,P1|0|7y3sRwLe3Va_1410b021e1c14f529188eb026fbb369a|manual,7y3sRwLe3Va_1410b021e1c14f529188eb026fbb369a,P1,manual,7y3sRwLe3Va,True,all_archived,10,25,0.048,0.024,0.7
extended73|P1|manual|7y3sRwLe3Va_1410b021e1c14f529188eb026fbb369a,P1|0|7y3sRwLe3Va_1410b021e1c14f529188eb026fbb369a|manual,7y3sRwLe3Va_1410b021e1c14f529188eb026fbb369a,P1,manual,7y3sRwLe3Va,True,all_archived,11,25,0.04480000000000001,0.022400000000000003,0.72
extended73|P1|manual|7y3sRwLe3Va_1410b021e1c14f529188eb026fbb369a,P1|0|7y3sRwLe3Va_1410b021e1c14f529188eb026fbb369a|manual,7y3sRwLe3Va_1410b021e1c14f529188eb026fbb369a,P1,manual,7y3sRwLe3Va,True,all_archived,12,25,0.04160000000000001,0.020800000000000003,0.74
extended73|P1|manual|7y3sRwLe3Va_1410b021e1c14f529188eb026fbb369a,P1|0|7y3sRwLe3Va_1410b021e1c14f529188eb026fbb369a|manual,7y3sRwLe3Va_1410b021e1c14f529188eb026fbb369a,P1,manual,7y3sRwLe3Va,True,all_archived,13,25,0.03839999999999999,0.0192,0.76
extended73|P1|manual|7y3sRwLe3Va_1410b021e1c14f529188eb026fbb369a,P1|0|7y3sRwLe3Va_1410b021e1c14f529188eb026fbb369a|manual,7y3sRwLe3Va_1410b021e1c14f529188eb026fbb369a,P1,manual,7y3sRwLe3Va,True,all_archived,14,25,0.03519999999999999,0.0176,0.78
extended73|P1|manual|7y3sRwLe3Va_1410b021e1c14f529188eb026fbb369a,P1|0|7y3sRwLe3Va_1410b021e1c14f529188eb026fbb369a|manual,7y3sRwLe3Va_1410b021e1c14f529188eb026fbb369a,P1,manual,7y3sRwLe3Va,True,all_archived,15,25,0.031999999999999994,0.016,0.8
extended73|P1|manual|7y3sRwLe3Va_1410b021e1c14f529188eb026fbb369a,P1|0|7y3sRwLe3Va_1410b021e1c14f529188eb026fbb369a|manual,7y3sRwLe3Va_1410b021e1c14f529188eb026fbb369a,P1,manual,7y3sRwLe3Va,True,all_archived,16,25,0.028799999999999992,0.0144,0.8200000000000001
extended73|P1|manual|7y3sRwLe3Va_1410b021e1c14f529188eb026fbb369a,P1|0|7y3sRwLe3Va_1410b021e1c14f529188eb026fbb369a|manual,7y3sRwLe3Va_1410b021e1c14f529188eb026fbb369a,P1,manual,7y3sRwLe3Va,True,all_archived,17,25,0.025599999999999998,0.0128,0.84
extended73|P1|manual|7y3sRwLe3Va_1410b021e1c14f529188eb026fbb369a,P1|0|7y3sRwLe3Va_1410b021e1c14f529188eb026fbb369a|manual,7y3sRwLe3Va_1410b021e1c14f529188eb026fbb369a,P1,manual,7y3sRwLe3Va,True,all_archived,18,25,0.0224,0.011200000000000002,0.86
extended73|P1|manual|7y3sRwLe3Va_1410b021e1c14f529188eb026fbb369a,P1|0|7y3sRwLe3Va_1410b021e1c14f529188eb026fbb369a|manual,7y3sRwLe3Va_1410b021e1c14f529188eb026fbb369a,P1,manual,7y3sRwLe3Va,True,all_archived,19,25,0.01920000000000001,0.0096,0.88
extended73|P1|manual|7y3sRwLe3Va_1410b021e1c14f529188eb026fbb369a,P1|0|7y3sRwLe3Va_1410b021e1c14f529188eb026fbb369a|manual,7y3sRwLe3Va_1410b021e1c14f529188eb026fbb369a,P1,manual,7y3sRwLe3Va,True,all_archived,20,25,0.016000000000000007,0.008,0.9
extended73|P1|manual|7y3sRwLe3Va_1410b021e1c14f529188eb026fbb369a,P1|0|7y3sRwLe3Va_1410b021e1c14f529188eb026fbb369a|manual,7y3sRwLe3Va_1410b021e1c14f529188eb026fbb369a,P1,manual,7y3sRwLe3Va,True,current20,1,20,0.04000000000000002,0.04,0.5
extended73|P1|manual|7y3sRwLe3Va_1410b021e1c14f529188eb026fbb369a,P1|0|7y3sRwLe3Va_1410b021e1c14f529188eb026fbb369a|manual,7y3sRwLe3Va_1410b021e1c14f529188eb026fbb369a,P1,manual,7y3sRwLe3Va,True,current20,2,20,0.04000000000000002,0.04,0.5
extended73|P1|manual|7y3sRwLe3Va_1410b021e1c14f529188eb026fbb369a,P1|0|7y3sRwLe3Va_1410b021e1c14f529188eb026fbb369a|manual,7y3sRwLe3Va_1410b021e1c14f529188eb026fbb369a,P1,manual,7y3sRwLe3Va,True,current20,3,20,0.04000000000000002,0.04,0.5
extended73|P1|manual|7y3sRwLe3Va_1410b021e1c14f529188eb026fbb369a,P1|0|7y3sRwLe3Va_1410b021e1c14f529188eb026fbb369a|manual,7y3sRwLe3Va_1410b021e1c14f529188eb026fbb369a,P1,manual,7y3sRwLe3Va,True,current20,4,20,0.04000000000000002,0.04,0.5
extended73|P1|manual|7y3sRwLe3Va_1410b021e1c14f529188eb026fbb369a,P1|0|7y3sRwLe3Va_1410b021e1c14f529188eb026fbb369a|manual,7y3sRwLe3Va_1410b021e1c14f529188eb026fbb369a,P1,manual,7y3sRwLe3Va,True,current20,5,20,0.04000000000000002,0.04,0.5
extended73|P1|manual|7y3sRwLe3Va_1410b021e1c14f529188eb026fbb369a,P1|0|7y3sRwLe3Va_1410b021e1c14f529188eb026fbb369a|manual,7y3sRwLe3Va_1410b021e1c14f529188eb026fbb369a,P1,manual,7y3sRwLe3Va,True,current20,6,20,0.04000000000000002,0.04,0.5
extended73|P1|manual|7y3sRwLe3Va_1410b021e1c14f529188eb026fbb369a,P1|0|7y3sRwLe3Va_1410b021e1c14f529188eb026fbb369a|manual,7y3sRwLe3Va_1410b021e1c14f529188eb026fbb369a,P1,manual,7y3sRwLe3Va,True,current20,7,20,0.04000000000000002,0.04,0.5
extended73|P1|manual|7y3sRwLe3Va_1410b021e1c14f529188eb026fbb369a,P1|0|7y3sRwLe3Va_1410b021e1c14f529188eb026fbb369a|manual,7y3sRwLe3Va_1410b021e1c14f529188eb026fbb369a,P1,manual,7y3sRwLe3Va,True,current20,8,20,0.04000000000000002,0.04,0.5
extended73|P1|manual|7y3sRwLe3Va_1410b021e1c14f529188eb026fbb369a,P1|0|7y3sRwLe3Va_1410b021e1c14f529188eb026fbb369a|manual,7y3sRwLe3Va_1410b021e1c14f529188eb026fbb369a,P1,manual,7y3sRwLe3Va,True,current20,9,20,0.04000000000000002,0.04,0.5
extended73|P1|manual|7y3sRwLe3Va_1410b021e1c14f529188eb026fbb369a,P1|0|7y3sRwLe3Va_1410b021e1c14f529188eb026fbb369a|manual,7y3sRwLe3Va_1410b021e1c14f529188eb026fbb369a,P1,manual,7y3sRwLe3Va,True,current20,10,20,0.04000000000000002,0.04,0.5
extended73|P1|manual|7y3sRwLe3Va_1410b021e1c14f529188eb026fbb369a,P1|0|7y3sRwLe3Va_1410b021e1c14f529188eb026fbb369a|manual,7y3sRwLe3Va_1410b021e1c14f529188eb026fbb369a,P1,manual,7y3sRwLe3Va,True,current20,11,20,0.04000000000000002,0.04,0.5
extended73|P1|manual|7y3sRwLe3Va_1410b021e1c14f529188eb026fbb369a,P1|0|7y3sRwLe3Va_1410b021e1c14f529188eb026fbb369a|manual,7y3sRwLe3Va_1410b021e1c14f529188eb026fbb369a,P1,manual,7y3sRwLe3Va,True,current20,12,20,0.04000000000000002,0.04,0.5
extended73|P1|manual|7y3sRwLe3Va_1410b021e1c14f529188eb026fbb369a,P1|0|7y3sRwLe3Va_1410b021e1c14f529188eb026fbb369a|manual,7y3sRwLe3Va_1410b021e1c14f529188eb026fbb369a,P1,manual,7y3sRwLe3Va,True,current20,13,20,0.04000000000000002,0.04,0.5
extended73|P1|manual|7y3sRwLe3Va_1410b021e1c14f529188eb026fbb369a,P1|0|7y3sRwLe3Va_1410b021e1c14f529188eb026fbb369a|manual,7y3sRwLe3Va_1410b021e1c14f529188eb026fbb369a,P1,manual,7y3sRwLe3Va,True,current20,14,20,0.04000000000000002,0.04,0.5
extended73|P1|manual|7y3sRwLe3Va_1410b021e1c14f529188eb026fbb369a,P1|0|7y3sRwLe3Va_1410b021e1c14f529188eb026fbb369a|manual,7y3sRwLe3Va_1410b021e1c14f529188eb026fbb369a,P1,manual,7y3sRwLe3Va,True,current20,15,20,0.04000000000000002,0.04,0.5
extended73|P1|manual|7y3sRwLe3Va_1410b021e1c14f529188eb026fbb369a,P1|0|7y3sRwLe3Va_1410b021e1c14f529188eb026fbb369a|manual,7y3sRwLe3Va_1410b021e1c14f529188eb026fbb369a,P1,manual,7y3sRwLe3Va,True,current20,16,20,0.04000000000000002,0.04,0.5
extended73|P1|manual|7y3sRwLe3Va_1410b021e1c14f529188eb026fbb369a,P1|0|7y3sRwLe3Va_1410b021e1c14f529188eb026fbb369a|manual,7y3sRwLe3Va_1410b021e1c14f529188eb026fbb369a,P1,manual,7y3sRwLe3Va,True,current20,17,20,0.04000000000000002,0.04,0.5
extended73|P1|manual|7y3sRwLe3Va_1410b021e1c14f529188eb026fbb369a,P1|0|7y3sRwLe3Va_1410b021e1c14f529188eb026fbb369a|manual,7y3sRwLe3Va_1410b021e1c14f529188eb026fbb369a,P1,manual,7y3sRwLe3Va,True,current20,18,20,0.04000000000000002,0.04,0.5
extended73|P1|manual|7y3sRwLe3Va_1410b021e1c14f529188eb026fbb369a,P1|0|7y3sRwLe3Va_1410b021e1c14f529188eb026fbb369a|manual,7y3sRwLe3Va_1410b021e1c14f529188eb026fbb369a,P1,manual,7y3sRwLe3Va,True,current20,19,20,0.04000000000000002,0.04,0.5
extended73|P1|manual|7y3sRwLe3Va_1410b021e1c14f529188eb026fbb369a,P1|0|7y3sRwLe3Va_1410b021e1c14f529188eb026fbb369a|manual,7y3sRwLe3Va_1410b021e1c14f529188eb026fbb369a,P1,manual,7y3sRwLe3Va,True,current20,20,20,0.04000000000000002,0.04,0.5
extended73|P1|manual|B6ByNegPMKs_4b983544c13946e3a3a518c565ad1086,P1|0|B6ByNegPMKs_4b983544c13946e3a3a518c565ad1086|manual,B6ByNegPMKs_4b983544c13946e3a3a518c565ad1086,P1,manual,B6ByNegPMKs,True,all_archived,1,25,0.4864,0.4864,0.3333333333333333
extended73|P1|manual|B6ByNegPMKs_4b983544c13946e3a3a518c565ad1086,P1|0|B6ByNegPMKs_4b983544c13946e3a3a518c565ad1086|manual,B6ByNegPMKs_4b983544c13946e3a3a518c565ad1086,P1,manual,B6ByNegPMKs,True,all_archived,2,25,0.3258666666666667,0.25866666666666666,0.5022222222222222
extended73|P1|manual|B6ByNegPMKs_4b983544c13946e3a3a518c565ad1086,P1|0|B6ByNegPMKs_4b983544c13946e3a3a518c565ad1086|manual,B6ByNegPMKs_4b983544c13946e3a3a518c565ad1086,P1,manual,B6ByNegPMKs,True,all_archived,3,25,0.22998260869565218,0.15318260869565217,0.5959420289855073
extended73|P1|manual|B6ByNegPMKs_4b983544c13946e3a3a518c565ad1086,P1|0|B6ByNegPMKs_4b983544c13946e3a3a518c565ad1086|manual,B6ByNegPMKs_4b983544c13946e3a3a518c565ad1086,P1,manual,B6ByNegPMKs,True,all_archived,4,25,0.21952885375494072,0.1001802371541502,0.653965744400527
extended73|P1|manual|B6ByNegPMKs_4b983544c13946e3a3a518c565ad1086,P1|0|B6ByNegPMKs_4b983544c13946e3a3a518c565ad1086|manual,B6ByNegPMKs_4b983544c13946e3a3a518c565ad1086,P1,manual,B6ByNegPMKs,True,all_archived,5,25,0.1911989459815547,0.07078787878787879,0.6937198067632849
extended73|P1|manual|B6ByNegPMKs_4b983544c13946e3a3a518c565ad1086,P1|0|B6ByNegPMKs_4b983544c13946e3a3a518c565ad1086|manual,B6ByNegPMKs_4b983544c13946e3a3a518c565ad1086,P1,manual,B6ByNegPMKs,True,all_archived,6,25,0.16468194993412383,0.05306561264822135,0.7232147562582346
extended73|P1|manual|B6ByNegPMKs_4b983544c13946e3a3a518c565ad1086,P1|0|B6ByNegPMKs_4b983544c13946e3a3a518c565ad1086|manual,B6ByNegPMKs_4b983544c13946e3a3a518c565ad1086,P1,manual,B6ByNegPMKs,True,all_archived,7,25,0.15601447888495942,0.04179438319117953,0.7464891477706123
extended73|P1|manual|B6ByNegPMKs_4b983544c13946e3a3a518c565ad1086,P1|0|B6ByNegPMKs_4b983544c13946e3a3a518c565ad1086|manual,B6ByNegPMKs_4b983544c13946e3a3a518c565ad1086,P1,manual,B6ByNegPMKs,True,all_archived,8,25,0.14084493447056376,0.034397799505351,0.7658383992480102
extended73|P1|manual|B6ByNegPMKs_4b983544c13946e3a3a518c565ad1086,P1|0|B6ByNegPMKs_4b983544c13946e3a3a518c565ad1086|manual,B6ByNegPMKs_4b983544c13946e3a3a518c565ad1086,P1,manual,B6ByNegPMKs,True,all_archived,9,25,0.12803675685377125,0.02940809358900623,0.782700065672202
extended73|P1|manual|B6ByNegPMKs_4b983544c13946e3a3a518c565ad1086,P1|0|B6ByNegPMKs_4b983544c13946e3a3a518c565ad1086|manual,B6ByNegPMKs_4b983544c13946e3a3a518c565ad1086,P1,manual,B6ByNegPMKs,True,all_archived,10,25,0.12003445955041056,0.025903890160183067,0.7980167810831427
extended73|P1|manual|B6ByNegPMKs_4b983544c13946e3a3a518c565ad1086,P1|0|B6ByNegPMKs_4b983544c13946e3a3a518c565ad1086|manual,B6ByNegPMKs_4b983544c13946e3a3a518c565ad1086,P1,manual,B6ByNegPMKs,True,all_archived,11,25,0.10915766141696953,0.0232884820747521,0.8124078311721332
extended73|P1|manual|B6ByNegPMKs_4b983544c13946e3a3a518c565ad1086,P1|0|B6ByNegPMKs_4b983544c13946e3a3a518c565ad1086|manual,B6ByNegPMKs_4b983544c13946e3a3a518c565ad1086,P1,manual,B6ByNegPMKs,True,all_archived,12,25,0.10164533584600886,0.021180778032036617,0.8262700228832952
extended73|P1|manual|B6ByNegPMKs_4b983544c13946e3a3a518c565ad1086,P1|0|B6ByNegPMKs_4b983544c13946e3a3a518c565ad1086|manual,B6ByNegPMKs_4b983544c13946e3a3a518c565ad1086,P1,manual,B6ByNegPMKs,True,all_archived,13,25,0.09382646385785434,0.01934645308924485,0.8398474446987033
extended73|P1|manual|B6ByNegPMKs_4b983544c13946e3a3a518c565ad1086,P1|0|B6ByNegPMKs_4b983544c13946e3a3a518c565ad1086|manual,B6ByNegPMKs_4b983544c13946e3a3a518c565ad1086,P1,manual,B6ByNegPMKs,True,all_archived,14,25,0.08576673397047607,0.01764881769641495,0.8532824815662344
extended73|P1|manual|B6ByNegPMKs_4b983544c13946e3a3a518c565ad1086,P1|0|B6ByNegPMKs_4b983544c13946e3a3a518c565ad1086|manual,B6ByNegPMKs_4b983544c13946e3a3a518c565ad1086,P1,manual,B6ByNegPMKs,True,all_archived,15,25,0.08002297303360703,0.016013313917204078,0.8666527980029124
extended73|P1|manual|B6ByNegPMKs_4b983544c13946e3a3a518c565ad1086,P1|0|B6ByNegPMKs_4b983544c13946e3a3a518c565ad1086|manual,B6ByNegPMKs_4b983544c13946e3a3a518c565ad1086,P1,manual,B6ByNegPMKs,True,all_archived,16,25,0.07202067573024633,0.014402662783440816,0.8799972262672492
extended73|P1|manual|B6ByNegPMKs_4b983544c13946e3a3a518c565ad1086,P1|0|B6ByNegPMKs_4b983544c13946e3a3a518c565ad1086|manual,B6ByNegPMKs_4b983544c13946e3a3a518c565ad1086,P1,manual,B6ByNegPMKs,True,all_archived,17,25,0.06627996916261825,0.012800295864826759,0.8933330251408055
extended73|P1|manual|B6ByNegPMKs_4b983544c13946e3a3a518c565ad1086,P1|0|B6ByNegPMKs_4b983544c13946e3a3a518c565ad1086|manual,B6ByNegPMKs_4b983544c13946e3a3a518c565ad1086,P1,manual,B6ByNegPMKs,True,all_archived,18,25,0.060672297344150874,0.011200000000000002,0.9066666666666666
extended73|P1|manual|B6ByNegPMKs_4b983544c13946e3a3a518c565ad1086,P1|0|B6ByNegPMKs_4b983544c13946e3a3a518c565ad1086|manual,B6ByNegPMKs_4b983544c13946e3a3a518c565ad1086,P1,manual,B6ByNegPMKs,True,all_archived,19,25,0.052004826294986484,0.0096,0.9199999999999999
extended73|P1|manual|B6ByNegPMKs_4b983544c13946e3a3a518c565ad1086,P1|0|B6ByNegPMKs_4b983544c13946e3a3a518c565ad1086|manual,B6ByNegPMKs_4b983544c13946e3a3a518c565ad1086,P1,manual,B6ByNegPMKs,True,all_archived,20,25,0.04779973649538868,0.008,0.9333333333333332
extended73|P1|manual|B6ByNegPMKs_4b983544c13946e3a3a518c565ad1086,P1|0|B6ByNegPMKs_4b983544c13946e3a3a518c565ad1086|manual,B6ByNegPMKs_4b983544c13946e3a3a518c565ad1086,P1,manual,B6ByNegPMKs,True,current20,1,20,0.48599999999999993,0.48599999999999993,0.3333333333333333
extended73|P1|manual|B6ByNegPMKs_4b983544c13946e3a3a518c565ad1086,P1|0|B6ByNegPMKs_4b983544c13946e3a3a518c565ad1086|manual,B6ByNegPMKs_4b983544c13946e3a3a518c565ad1086,P1,manual,B6ByNegPMKs,True,current20,2,20,0.3270526315789474,0.26,0.5035087719298246
extended73|P1|manual|B6ByNegPMKs_4b983544c13946e3a3a518c565ad1086,P1|0|B6ByNegPMKs_4b983544c13946e3a3a518c565ad1086|manual,B6ByNegPMKs_4b983544c13946e3a3a518c565ad1086,P1,manual,B6ByNegPMKs,True,current20,3,20,0.22926315789473684,0.15582456140350875,0.6
extended73|P1|manual|B6ByNegPMKs_4b983544c13946e3a3a518c565ad1086,P1|0|B6ByNegPMKs_4b983544c13946e3a3a518c565ad1086|manual,B6ByNegPMKs_4b983544c13946e3a3a518c565ad1086,P1,manual,B6ByNegPMKs,True,current20,4,20,0.21824767801857586,0.10273684210526315,0.6620571035431716
extended73|P1|manual|B6ByNegPMKs_4b983544c13946e3a3a518c565ad1086,P1|0|B6ByNegPMKs_4b983544c13946e3a3a518c565ad1086|manual,B6ByNegPMKs_4b983544c13946e3a3a518c565ad1086,P1,manual,B6ByNegPMKs,True,current20,5,20,0.1893421052631579,0.07218782249742003,0.7065058479532164
extended73|P1|manual|B6ByNegPMKs_4b983544c13946e3a3a518c565ad1086,P1|0|B6ByNegPMKs_4b983544c13946e3a3a518c565ad1086|manual,B6ByNegPMKs_4b983544c13946e3a3a518c565ad1086,P1,manual,B6ByNegPMKs,True,current20,6,20,0.16151651186790503,0.05290815273477812,0.74078087375301
extended73|P1|manual|B6ByNegPMKs_4b983544c13946e3a3a518c565ad1086,P1|0|B6ByNegPMKs_4b983544c13946e3a3a518c565ad1086|manual,B6ByNegPMKs_4b983544c13946e3a3a518c565ad1086,P1,manual,B6ByNegPMKs,True,current20,7,20,0.1521377708978328,0.04017543859649123,0.7685715514275886
extended73|P1|manual|B6ByNegPMKs_4b983544c13946e3a3a518c565ad1086,P1|0|B6ByNegPMKs_4b983544c13946e3a3a518c565ad1086|manual,B6ByNegPMKs_4b983544c13946e3a3a518c565ad1086,P1,manual,B6ByNegPMKs,True,current20,8,20,0.13608978328173377,0.031628482972136225,0.7920536635706914
extended73|P1|manual|B6ByNegPMKs_4b983544c13946e3a3a518c565ad1086,P1|0|B6ByNegPMKs_4b983544c13946e3a3a518c565ad1086|manual,B6ByNegPMKs_4b983544c13946e3a3a518c565ad1086,P1,manual,B6ByNegPMKs,True,current20,9,20,0.12217027863777088,0.025814241486068115,0.8126934984520124
extended73|P1|manual|B6ByNegPMKs_4b983544c13946e3a3a518c565ad1086,P1|0|B6ByNegPMKs_4b983544c13946e3a3a518c565ad1086|manual,B6ByNegPMKs_4b983544c13946e3a3a518c565ad1086,P1,manual,B6ByNegPMKs,True,current20,10,20,0.11323529411764707,0.02173374613003096,0.8315273477812178
extended73|P1|manual|B6ByNegPMKs_4b983544c13946e3a3a518c565ad1086,P1|0|B6ByNegPMKs_4b983544c13946e3a3a518c565ad1086|manual,B6ByNegPMKs_4b983544c13946e3a3a518c565ad1086,P1,manual,B6ByNegPMKs,True,current20,11,20,0.1012043343653251,0.018693498452012385,0.8492776057791538
extended73|P1|manual|B6ByNegPMKs_4b983544c13946e3a3a518c565ad1086,P1|0|B6ByNegPMKs_4b983544c13946e3a3a518c565ad1086|manual,B6ByNegPMKs_4b983544c13946e3a3a518c565ad1086,P1,manual,B6ByNegPMKs,True,current20,12,20,0.09270278637770896,0.016231166150670794,0.8664258685930513
extended73|P1|manual|B6ByNegPMKs_4b983544c13946e3a3a518c565ad1086,P1|0|B6ByNegPMKs_4b983544c13946e3a3a518c565ad1086|manual,B6ByNegPMKs_4b983544c13946e3a3a518c565ad1086,P1,manual,B6ByNegPMKs,True,current20,13,20,0.08355108359133127,0.014057791537667697,0.8832731338149294
extended73|P1|manual|B6ByNegPMKs_4b983544c13946e3a3a518c565ad1086,P1|0|B6ByNegPMKs_4b983544c13946e3a3a518c565ad1086|manual,B6ByNegPMKs_4b983544c13946e3a3a518c565ad1086,P1,manual,B6ByNegPMKs,True,current20,14,20,0.07405882352941177,0.012008255933952529,0.8999914000687994
extended73|P1|manual|B6ByNegPMKs_4b983544c13946e3a3a518c565ad1086,P1|0|B6ByNegPMKs_4b983544c13946e3a3a518c565ad1086|manual,B6ByNegPMKs_4b983544c13946e3a3a518c565ad1086,P1,manual,B6ByNegPMKs,True,current20,15,20,0.0672626418988648,0.01,0.9166666666666666
extended73|P1|manual|B6ByNegPMKs_4b983544c13946e3a3a518c565ad1086,P1|0|B6ByNegPMKs_4b983544c13946e3a3a518c565ad1086|manual,B6ByNegPMKs_4b983544c13946e3a3a518c565ad1086,P1,manual,B6ByNegPMKs,True,current20,16,20,0.0569984520123839,0.008,0.9333333333333332
extended73|P1|manual|B6ByNegPMKs_4b983544c13946e3a3a518c565ad1086,P1|0|B6ByNegPMKs_4b983544c13946e3a3a518c565ad1086|manual,B6ByNegPMKs_4b983544c13946e3a3a518c565ad1086,P1,manual,B6ByNegPMKs,True,current20,17,20,0.0495046439628483,0.006,0.9500000000000001
extended73|P1|manual|B6ByNegPMKs_4b983544c13946e3a3a518c565ad1086,P1|0|B6ByNegPMKs_4b983544c13946e3a3a518c565ad1086|manual,B6ByNegPMKs_4b983544c13946e3a3a518c565ad1086,P1,manual,B6ByNegPMKs,True,current20,18,20,0.042245614035087684,0.004,0.9666666666666667
extended73|P1|manual|B6ByNegPMKs_4b983544c13946e3a3a518c565ad1086,P1|0|B6ByNegPMKs_4b983544c13946e3a3a518c565ad1086|manual,B6ByNegPMKs_4b983544c13946e3a3a518c565ad1086,P1,manual,B6ByNegPMKs,True,current20,19,20,0.027473684210526345,0.002,0.9833333333333334
extended73|P1|manual|B6ByNegPMKs_4b983544c13946e3a3a518c565ad1086,P1|0|B6ByNegPMKs_4b983544c13946e3a3a518c565ad1086|manual,B6ByNegPMKs_4b983544c13946e3a3a518c565ad1086,P1,manual,B6ByNegPMKs,True,current20,20,20,0.020000000000000014,0.0,1.0
extended73|P1|manual|B6ByNegPMKs_b8e1ecf1bd044e7292581a66683e7993,P1|0|B6ByNegPMKs_b8e1ecf1bd044e7292581a66683e7993|manual,B6ByNegPMKs_b8e1ecf1bd044e7292581a66683e7993,P1,manual,B6ByNegPMKs,False,all_archived,1,24,0.15625,0.15625,0.3333333333333333
extended73|P1|manual|B6ByNegPMKs_b8e1ecf1bd044e7292581a66683e7993,P1|0|B6ByNegPMKs_b8e1ecf1bd044e7292581a66683e7993|manual,B6ByNegPMKs_b8e1ecf1bd044e7292581a66683e7993,P1,manual,B6ByNegPMKs,False,all_archived,2,24,0.1461352657004831,0.07971014492753623,0.38768115942028986
extended73|P1|manual|B6ByNegPMKs_b8e1ecf1bd044e7292581a66683e7993,P1|0|B6ByNegPMKs_b8e1ecf1bd044e7292581a66683e7993|manual,B6ByNegPMKs_b8e1ecf1bd044e7292581a66683e7993,P1,manual,B6ByNegPMKs,False,all_archived,3,24,0.13632246376811594,0.07291666666666666,0.4166666666666667
extended73|P1|manual|B6ByNegPMKs_b8e1ecf1bd044e7292581a66683e7993,P1|0|B6ByNegPMKs_b8e1ecf1bd044e7292581a66683e7993|manual,B6ByNegPMKs_b8e1ecf1bd044e7292581a66683e7993,P1,manual,B6ByNegPMKs,False,all_archived,4,24,0.12681159420289856,0.06944444444444445,0.44444444444444436
extended73|P1|manual|B6ByNegPMKs_b8e1ecf1bd044e7292581a66683e7993,P1|0|B6ByNegPMKs_b8e1ecf1bd044e7292581a66683e7993|manual,B6ByNegPMKs_b8e1ecf1bd044e7292581a66683e7993,P1,manual,B6ByNegPMKs,False,all_archived,5,24,0.11760265700483091,0.06597222222222221,0.4722222222222223
extended73|P1|manual|B6ByNegPMKs_b8e1ecf1bd044e7292581a66683e7993,P1|0|B6ByNegPMKs_b8e1ecf1bd044e7292581a66683e7993|manual,B6ByNegPMKs_b8e1ecf1bd044e7292581a66683e7993,P1,manual,B6ByNegPMKs,False,all_archived,6,24,0.10869565217391304,0.0625,0.5
extended73|P1|manual|B6ByNegPMKs_b8e1ecf1bd044e7292581a66683e7993,P1|0|B6ByNegPMKs_b8e1ecf1bd044e7292581a66683e7993|manual,B6ByNegPMKs_b8e1ecf1bd044e7292581a66683e7993,P1,manual,B6ByNegPMKs,False,all_archived,7,24,0.10009057971014496,0.059027777777777776,0.5277777777777777
extended73|P1|manual|B6ByNegPMKs_b8e1ecf1bd044e7292581a66683e7993,P1|0|B6ByNegPMKs_b8e1ecf1bd044e7292581a66683e7993|manual,B6ByNegPMKs_b8e1ecf1bd044e7292581a66683e7993,P1,manual,B6ByNegPMKs,False,all_archived,8,24,0.09178743961352656,0.05555555555555555,0.5555555555555557
extended73|P1|manual|B6ByNegPMKs_b8e1ecf1bd044e7292581a66683e7993,P1|0|B6ByNegPMKs_b8e1ecf1bd044e7292581a66683e7993|manual,B6ByNegPMKs_b8e1ecf1bd044e7292581a66683e7993,P1,manual,B6ByNegPMKs,False,all_archived,9,24,0.08378623188405798,0.05208333333333333,0.5833333333333334
extended73|P1|manual|B6ByNegPMKs_b8e1ecf1bd044e7292581a66683e7993,P1|0|B6ByNegPMKs_b8e1ecf1bd044e7292581a66683e7993|manual,B6ByNegPMKs_b8e1ecf1bd044e7292581a66683e7993,P1,manual,B6ByNegPMKs,False,all_archived,10,24,0.07608695652173912,0.04861111111111111,0.611111111111111
extended73|P1|manual|B6ByNegPMKs_b8e1ecf1bd044e7292581a66683e7993,P1|0|B6ByNegPMKs_b8e1ecf1bd044e7292581a66683e7993|manual,B6ByNegPMKs_b8e1ecf1bd044e7292581a66683e7993,P1,manual,B6ByNegPMKs,False,all_archived,11,24,0.06868961352657003,0.04513888888888888,0.638888888888889
extended73|P1|manual|B6ByNegPMKs_b8e1ecf1bd044e7292581a66683e7993,P1|0|B6ByNegPMKs_b8e1ecf1bd044e7292581a66683e7993|manual,B6ByNegPMKs_b8e1ecf1bd044e7292581a66683e7993,P1,manual,B6ByNegPMKs,False,all_archived,12,24,0.06159420289855072,0.041666666666666664,0.6666666666666666
extended73|P1|manual|B6ByNegPMKs_b8e1ecf1bd044e7292581a66683e7993,P1|0|B6ByNegPMKs_b8e1ecf1bd044e7292581a66683e7993|manual,B6ByNegPMKs_b8e1ecf1bd044e7292581a66683e7993,P1,manual,B6ByNegPMKs,False,all_archived,13,24,0.058121980676328525,0.03819444444444444,0.6944444444444445
extended73|P1|manual|B6ByNegPMKs_b8e1ecf1bd044e7292581a66683e7993,P1|0|B6ByNegPMKs_b8e1ecf1bd044e7292581a66683e7993|manual,B6ByNegPMKs_b8e1ecf1bd044e7292581a66683e7993,P1,manual,B6ByNegPMKs,False,all_archived,14,24,0.05434782608695655,0.034722222222222224,0.7222222222222222
extended73|P1|manual|B6ByNegPMKs_b8e1ecf1bd044e7292581a66683e7993,P1|0|B6ByNegPMKs_b8e1ecf1bd044e7292581a66683e7993|manual,B6ByNegPMKs_b8e1ecf1bd044e7292581a66683e7993,P1,manual,B6ByNegPMKs,False,all_archived,15,24,0.050271739130434784,0.03125,0.75
extended73|P1|manual|B6ByNegPMKs_b8e1ecf1bd044e7292581a66683e7993,P1|0|B6ByNegPMKs_b8e1ecf1bd044e7292581a66683e7993|manual,B6ByNegPMKs_b8e1ecf1bd044e7292581a66683e7993,P1,manual,B6ByNegPMKs,False,all_archived,16,24,0.04589371980676329,0.027777777777777776,0.7777777777777778
extended73|P1|manual|B6ByNegPMKs_b8e1ecf1bd044e7292581a66683e7993,P1|0|B6ByNegPMKs_b8e1ecf1bd044e7292581a66683e7993|manual,B6ByNegPMKs_b8e1ecf1bd044e7292581a66683e7993,P1,manual,B6ByNegPMKs,False,all_archived,17,24,0.04121376811594203,0.024305555555555556,0.8055555555555555
extended73|P1|manual|B6ByNegPMKs_b8e1ecf1bd044e7292581a66683e7993,P1|0|B6ByNegPMKs_b8e1ecf1bd044e7292581a66683e7993|manual,B6ByNegPMKs_b8e1ecf1bd044e7292581a66683e7993,P1,manual,B6ByNegPMKs,False,all_archived,18,24,0.03623188405797102,0.020833333333333332,0.8333333333333334
extended73|P1|manual|B6ByNegPMKs_b8e1ecf1bd044e7292581a66683e7993,P1|0|B6ByNegPMKs_b8e1ecf1bd044e7292581a66683e7993|manual,B6ByNegPMKs_b8e1ecf1bd044e7292581a66683e7993,P1,manual,B6ByNegPMKs,False,all_archived,19,24,0.030948067632850226,0.017361111111111112,0.861111111111111
extended73|P1|manual|B6ByNegPMKs_b8e1ecf1bd044e7292581a66683e7993,P1|0|B6ByNegPMKs_b8e1ecf1bd044e7292581a66683e7993|manual,B6ByNegPMKs_b8e1ecf1bd044e7292581a66683e7993,P1,manual,B6ByNegPMKs,False,all_archived,20,24,0.025362318840579694,0.013888888888888888,0.888888888888889
extended73|P1|manual|B6ByNegPMKs_b8e1ecf1bd044e7292581a66683e7993,P1|0|B6ByNegPMKs_b8e1ecf1bd044e7292581a66683e7993|manual,B6ByNegPMKs_b8e1ecf1bd044e7292581a66683e7993,P1,manual,B6ByNegPMKs,False,current20,1,19,0.12938596491228072,0.1293859649122807,0.3333333333333333
extended73|P1|manual|B6ByNegPMKs_b8e1ecf1bd044e7292581a66683e7993,P1|0|B6ByNegPMKs_b8e1ecf1bd044e7292581a66683e7993|manual,B6ByNegPMKs_b8e1ecf1bd044e7292581a66683e7993,P1,manual,B6ByNegPMKs,False,current20,2,19,0.12280701754385966,0.07894736842105263,0.3684210526315789
extended73|P1|manual|B6ByNegPMKs_b8e1ecf1bd044e7292581a66683e7993,P1|0|B6ByNegPMKs_b8e1ecf1bd044e7292581a66683e7993|manual,B6ByNegPMKs_b8e1ecf1bd044e7292581a66683e7993,P1,manual,B6ByNegPMKs,False,current20,3,19,0.1162280701754386,0.07675438596491227,0.3859649122807018
extended73|P1|manual|B6ByNegPMKs_b8e1ecf1bd044e7292581a66683e7993,P1|0|B6ByNegPMKs_b8e1ecf1bd044e7292581a66683e7993|manual,B6ByNegPMKs_b8e1ecf1bd044e7292581a66683e7993,P1,manual,B6ByNegPMKs,False,current20,4,19,0.10964912280701754,0.07456140350877193,0.40350877192982454
extended73|P1|manual|B6ByNegPMKs_b8e1ecf1bd044e7292581a66683e7993,P1|0|B6ByNegPMKs_b8e1ecf1bd044e7292581a66683e7993|manual,B6ByNegPMKs_b8e1ecf1bd044e7292581a66683e7993,P1,manual,B6ByNegPMKs,False,current20,5,19,0.10307017543859649,0.07236842105263158,0.42105263157894735
extended73|P1|manual|B6ByNegPMKs_b8e1ecf1bd044e7292581a66683e7993,P1|0|B6ByNegPMKs_b8e1ecf1bd044e7292581a66683e7993|manual,B6ByNegPMKs_b8e1ecf1bd044e7292581a66683e7993,P1,manual,B6ByNegPMKs,False,current20,6,19,0.09649122807017542,0.07017543859649122,0.4385964912280702
extended73|P1|manual|B6ByNegPMKs_b8e1ecf1bd044e7292581a66683e7993,P1|0|B6ByNegPMKs_b8e1ecf1bd044e7292581a66683e7993|manual,B6ByNegPMKs_b8e1ecf1bd044e7292581a66683e7993,P1,manual,B6ByNegPMKs,False,current20,7,19,0.0899122807017544,0.06798245614035087,0.456140350877193
extended73|P1|manual|B6ByNegPMKs_b8e1ecf1bd044e7292581a66683e7993,P1|0|B6ByNegPMKs_b8e1ecf1bd044e7292581a66683e7993|manual,B6ByNegPMKs_b8e1ecf1bd044e7292581a66683e7993,P1,manual,B6ByNegPMKs,False,current20,8,19,0.08333333333333333,0.06578947368421052,0.47368421052631576
extended73|P1|manual|B6ByNegPMKs_b8e1ecf1bd044e7292581a66683e7993,P1|0|B6ByNegPMKs_b8e1ecf1bd044e7292581a66683e7993|manual,B6ByNegPMKs_b8e1ecf1bd044e7292581a66683e7993,P1,manual,B6ByNegPMKs,False,current20,9,19,0.07675438596491228,0.06359649122807018,0.4912280701754386
extended73|P1|manual|B6ByNegPMKs_b8e1ecf1bd044e7292581a66683e7993,P1|0|B6ByNegPMKs_b8e1ecf1bd044e7292581a66683e7993|manual,B6ByNegPMKs_b8e1ecf1bd044e7292581a66683e7993,P1,manual,B6ByNegPMKs,False,current20,10,19,0.07017543859649122,0.06140350877192982,0.5087719298245614
extended73|P1|manual|B6ByNegPMKs_b8e1ecf1bd044e7292581a66683e7993,P1|0|B6ByNegPMKs_b8e1ecf1bd044e7292581a66683e7993|manual,B6ByNegPMKs_b8e1ecf1bd044e7292581a66683e7993,P1,manual,B6ByNegPMKs,False,current20,11,19,0.06359649122807018,0.05921052631578947,0.5263157894736842
extended73|P1|manual|B6ByNegPMKs_b8e1ecf1bd044e7292581a66683e7993,P1|0|B6ByNegPMKs_b8e1ecf1bd044e7292581a66683e7993|manual,B6ByNegPMKs_b8e1ecf1bd044e7292581a66683e7993,P1,manual,B6ByNegPMKs,False,current20,12,19,0.05701754385964912,0.05701754385964912,0.543859649122807
extended73|P1|manual|B6ByNegPMKs_b8e1ecf1bd044e7292581a66683e7993,P1|0|B6ByNegPMKs_b8e1ecf1bd044e7292581a66683e7993|manual,B6ByNegPMKs_b8e1ecf1bd044e7292581a66683e7993,P1,manual,B6ByNegPMKs,False,current20,13,19,0.054824561403508804,0.05482456140350877,0.5614035087719298
extended73|P1|manual|B6ByNegPMKs_b8e1ecf1bd044e7292581a66683e7993,P1|0|B6ByNegPMKs_b8e1ecf1bd044e7292581a66683e7993|manual,B6ByNegPMKs_b8e1ecf1bd044e7292581a66683e7993,P1,manual,B6ByNegPMKs,False,current20,14,19,0.052631578947368446,0.05263157894736842,0.5789473684210527
extended73|P1|manual|B6ByNegPMKs_b8e1ecf1bd044e7292581a66683e7993,P1|0|B6ByNegPMKs_b8e1ecf1bd044e7292581a66683e7993|manual,B6ByNegPMKs_b8e1ecf1bd044e7292581a66683e7993,P1,manual,B6ByNegPMKs,False,current20,15,19,0.05043859649122809,0.05043859649122807,0.5964912280701754
extended73|P1|manual|B6ByNegPMKs_b8e1ecf1bd044e7292581a66683e7993,P1|0|B6ByNegPMKs_b8e1ecf1bd044e7292581a66683e7993|manual,B6ByNegPMKs_b8e1ecf1bd044e7292581a66683e7993,P1,manual,B6ByNegPMKs,False,current20,16,19,0.04824561403508773,0.04824561403508772,0.6140350877192983
extended73|P1|manual|B6ByNegPMKs_b8e1ecf1bd044e7292581a66683e7993,P1|0|B6ByNegPMKs_b8e1ecf1bd044e7292581a66683e7993|manual,B6ByNegPMKs_b8e1ecf1bd044e7292581a66683e7993,P1,manual,B6ByNegPMKs,False,current20,17,19,0.04605263157894738,0.046052631578947366,0.6315789473684211
extended73|P1|manual|B6ByNegPMKs_b8e1ecf1bd044e7292581a66683e7993,P1|0|B6ByNegPMKs_b8e1ecf1bd044e7292581a66683e7993|manual,B6ByNegPMKs_b8e1ecf1bd044e7292581a66683e7993,P1,manual,B6ByNegPMKs,False,current20,18,19,0.04385964912280702,0.043859649122807015,0.6491228070175439
extended73|P1|manual|B6ByNegPMKs_b8e1ecf1bd044e7292581a66683e7993,P1|0|B6ByNegPMKs_b8e1ecf1bd044e7292581a66683e7993|manual,B6ByNegPMKs_b8e1ecf1bd044e7292581a66683e7993,P1,manual,B6ByNegPMKs,False,current20,19,19,0.04166666666666666,0.041666666666666664,0.6666666666666666
extended73|P1|manual|B6ByNegPMKs_cee80ced97274e248d4ccaa582e12624,P1|0|B6ByNegPMKs_cee80ced97274e248d4ccaa582e12624|manual,B6ByNegPMKs_cee80ced97274e248d4ccaa582e12624,P1,manual,B6ByNegPMKs,True,all_archived,1,25,0.1472,0.1472,0.5
extended73|P1|manual|B6ByNegPMKs_cee80ced97274e248d4ccaa582e12624,P1|0|B6ByNegPMKs_cee80ced97274e248d4ccaa582e12624|manual,B6ByNegPMKs_cee80ced97274e248d4ccaa582e12624,P1,manual,B6ByNegPMKs,True,all_archived,2,25,0.13493333333333332,0.07053333333333334,0.5766666666666667
extended73|P1|manual|B6ByNegPMKs_cee80ced97274e248d4ccaa582e12624,P1|0|B6ByNegPMKs_cee80ced97274e248d4ccaa582e12624|manual,B6ByNegPMKs_cee80ced97274e248d4ccaa582e12624,P1,manual,B6ByNegPMKs,True,all_archived,3,25,0.12319999999999999,0.0616,0.615
extended73|P1|manual|B6ByNegPMKs_cee80ced97274e248d4ccaa582e12624,P1|0|B6ByNegPMKs_cee80ced97274e248d4ccaa582e12624|manual,B6ByNegPMKs_cee80ced97274e248d4ccaa582e12624,P1,manual,B6ByNegPMKs,True,all_archived,4,25,0.11199999999999999,0.055999999999999994,0.65
extended73|P1|manual|B6ByNegPMKs_cee80ced97274e248d4ccaa582e12624,P1|0|B6ByNegPMKs_cee80ced97274e248d4ccaa582e12624|manual,B6ByNegPMKs_cee80ced97274e248d4ccaa582e12624,P1,manual,B6ByNegPMKs,True,all_archived,5,25,0.10133333333333333,0.050666666666666665,0.6833333333333333
extended73|P1|manual|B6ByNegPMKs_cee80ced97274e248d4ccaa582e12624,P1|0|B6ByNegPMKs_cee80ced97274e248d4ccaa582e12624|manual,B6ByNegPMKs_cee80ced97274e248d4ccaa582e12624,P1,manual,B6ByNegPMKs,True,all_archived,6,25,0.09119999999999998,0.045599999999999995,0.7150000000000001
extended73|P1|manual|B6ByNegPMKs_cee80ced97274e248d4ccaa582e12624,P1|0|B6ByNegPMKs_cee80ced97274e248d4ccaa582e12624|manual,B6ByNegPMKs_cee80ced97274e248d4ccaa582e12624,P1,manual,B6ByNegPMKs,True,all_archived,7,25,0.0816,0.0408,0.745
extended73|P1|manual|B6ByNegPMKs_cee80ced97274e248d4ccaa582e12624,P1|0|B6ByNegPMKs_cee80ced97274e248d4ccaa582e12624|manual,B6ByNegPMKs_cee80ced97274e248d4ccaa582e12624,P1,manual,B6ByNegPMKs,True,all_archived,8,25,0.07253333333333334,0.03626666666666666,0.7733333333333333
extended73|P1|manual|B6ByNegPMKs_cee80ced97274e248d4ccaa582e12624,P1|0|B6ByNegPMKs_cee80ced97274e248d4ccaa582e12624|manual,B6ByNegPMKs_cee80ced97274e248d4ccaa582e12624,P1,manual,B6ByNegPMKs,True,all_archived,9,25,0.064,0.032,0.8
extended73|P1|manual|B6ByNegPMKs_cee80ced97274e248d4ccaa582e12624,P1|0|B6ByNegPMKs_cee80ced97274e248d4ccaa582e12624|manual,B6ByNegPMKs_cee80ced97274e248d4ccaa582e12624,P1,manual,B6ByNegPMKs,True,all_archived,10,25,0.055999999999999994,0.027999999999999997,0.825
extended73|P1|manual|B6ByNegPMKs_cee80ced97274e248d4ccaa582e12624,P1|0|B6ByNegPMKs_cee80ced97274e248d4ccaa582e12624|manual,B6ByNegPMKs_cee80ced97274e248d4ccaa582e12624,P1,manual,B6ByNegPMKs,True,all_archived,11,25,0.048533333333333345,0.02426666666666667,0.8483333333333334
extended73|P1|manual|B6ByNegPMKs_cee80ced97274e248d4ccaa582e12624,P1|0|B6ByNegPMKs_cee80ced97274e248d4ccaa582e12624|manual,B6ByNegPMKs_cee80ced97274e248d4ccaa582e12624,P1,manual,B6ByNegPMKs,True,all_archived,12,25,0.04160000000000001,0.020800000000000003,0.87
extended73|P1|manual|B6ByNegPMKs_cee80ced97274e248d4ccaa582e12624,P1|0|B6ByNegPMKs_cee80ced97274e248d4ccaa582e12624|manual,B6ByNegPMKs_cee80ced97274e248d4ccaa582e12624,P1,manual,B6ByNegPMKs,True,all_archived,13,25,0.038400000000000004,0.0176,0.89
extended73|P1|manual|B6ByNegPMKs_cee80ced97274e248d4ccaa582e12624,P1|0|B6ByNegPMKs_cee80ced97274e248d4ccaa582e12624|manual,B6ByNegPMKs_cee80ced97274e248d4ccaa582e12624,P1,manual,B6ByNegPMKs,True,all_archived,14,25,0.038133333333333345,0.014666666666666666,0.9083333333333333
extended73|P1|manual|B6ByNegPMKs_cee80ced97274e248d4ccaa582e12624,P1|0|B6ByNegPMKs_cee80ced97274e248d4ccaa582e12624|manual,B6ByNegPMKs_cee80ced97274e248d4ccaa582e12624,P1,manual,B6ByNegPMKs,True,all_archived,15,25,0.03733333333333332,0.012,0.925
extended73|P1|manual|B6ByNegPMKs_cee80ced97274e248d4ccaa582e12624,P1|0|B6ByNegPMKs_cee80ced97274e248d4ccaa582e12624|manual,B6ByNegPMKs_cee80ced97274e248d4ccaa582e12624,P1,manual,B6ByNegPMKs,True,all_archived,16,25,0.036,0.0096,0.94
extended73|P1|manual|B6ByNegPMKs_cee80ced97274e248d4ccaa582e12624,P1|0|B6ByNegPMKs_cee80ced97274e248d4ccaa582e12624|manual,B6ByNegPMKs_cee80ced97274e248d4ccaa582e12624,P1,manual,B6ByNegPMKs,True,all_archived,17,25,0.034133333333333335,0.0074666666666666675,0.9533333333333334
extended73|P1|manual|B6ByNegPMKs_cee80ced97274e248d4ccaa582e12624,P1|0|B6ByNegPMKs_cee80ced97274e248d4ccaa582e12624|manual,B6ByNegPMKs_cee80ced97274e248d4ccaa582e12624,P1,manual,B6ByNegPMKs,True,all_archived,18,25,0.03173333333333334,0.005600000000000001,0.965
extended73|P1|manual|B6ByNegPMKs_cee80ced97274e248d4ccaa582e12624,P1|0|B6ByNegPMKs_cee80ced97274e248d4ccaa582e12624|manual,B6ByNegPMKs_cee80ced97274e248d4ccaa582e12624,P1,manual,B6ByNegPMKs,True,all_archived,19,25,0.028799999999999985,0.004,0.975
extended73|P1|manual|B6ByNegPMKs_cee80ced97274e248d4ccaa582e12624,P1|0|B6ByNegPMKs_cee80ced97274e248d4ccaa582e12624|manual,B6ByNegPMKs_cee80ced97274e248d4ccaa582e12624,P1,manual,B6ByNegPMKs,True,all_archived,20,25,0.025333333333333322,0.0026666666666666666,0.9833333333333334
extended73|P1|manual|B6ByNegPMKs_cee80ced97274e248d4ccaa582e12624,P1|0|B6ByNegPMKs_cee80ced97274e248d4ccaa582e12624|manual,B6ByNegPMKs_cee80ced97274e248d4ccaa582e12624,P1,manual,B6ByNegPMKs,True,current20,1,20,0.164,0.16400000000000003,0.5
extended73|P1|manual|B6ByNegPMKs_cee80ced97274e248d4ccaa582e12624,P1|0|B6ByNegPMKs_cee80ced97274e248d4ccaa582e12624|manual,B6ByNegPMKs_cee80ced97274e248d4ccaa582e12624,P1,manual,B6ByNegPMKs,True,current20,2,20,0.1488421052631579,0.06926315789473685,0.5947368421052632
extended73|P1|manual|B6ByNegPMKs_cee80ced97274e248d4ccaa582e12624,P1|0|B6ByNegPMKs_cee80ced97274e248d4ccaa582e12624|manual,B6ByNegPMKs_cee80ced97274e248d4ccaa582e12624,P1,manual,B6ByNegPMKs,True,current20,3,20,0.13452631578947366,0.05726315789473684,0.6421052631578947
extended73|P1|manual|B6ByNegPMKs_cee80ced97274e248d4ccaa582e12624,P1|0|B6ByNegPMKs_cee80ced97274e248d4ccaa582e12624|manual,B6ByNegPMKs_cee80ced97274e248d4ccaa582e12624,P1,manual,B6ByNegPMKs,True,current20,4,20,0.12105263157894736,0.05052631578947368,0.6842105263157895
extended73|P1|manual|B6ByNegPMKs_cee80ced97274e248d4ccaa582e12624,P1|0|B6ByNegPMKs_cee80ced97274e248d4ccaa582e12624|manual,B6ByNegPMKs_cee80ced97274e248d4ccaa582e12624,P1,manual,B6ByNegPMKs,True,current20,5,20,0.10842105263157895,0.04421052631578948,0.7236842105263157
extended73|P1|manual|B6ByNegPMKs_cee80ced97274e248d4ccaa582e12624,P1|0|B6ByNegPMKs_cee80ced97274e248d4ccaa582e12624|manual,B6ByNegPMKs_cee80ced97274e248d4ccaa582e12624,P1,manual,B6ByNegPMKs,True,current20,6,20,0.0966315789473684,0.03831578947368421,0.7605263157894737
extended73|P1|manual|B6ByNegPMKs_cee80ced97274e248d4ccaa582e12624,P1|0|B6ByNegPMKs_cee80ced97274e248d4ccaa582e12624|manual,B6ByNegPMKs_cee80ced97274e248d4ccaa582e12624,P1,manual,B6ByNegPMKs,True,current20,7,20,0.08568421052631581,0.032842105263157895,0.7947368421052632
extended73|P1|manual|B6ByNegPMKs_cee80ced97274e248d4ccaa582e12624,P1|0|B6ByNegPMKs_cee80ced97274e248d4ccaa582e12624|manual,B6ByNegPMKs_cee80ced97274e248d4ccaa582e12624,P1,manual,B6ByNegPMKs,True,current20,8,20,0.07557894736842105,0.02778947368421053,0.8263157894736842
extended73|P1|manual|B6ByNegPMKs_cee80ced97274e248d4ccaa582e12624,P1|0|B6ByNegPMKs_cee80ced97274e248d4ccaa582e12624|manual,B6ByNegPMKs_cee80ced97274e248d4ccaa582e12624,P1,manual,B6ByNegPMKs,True,current20,9,20,0.06631578947368423,0.023157894736842106,0.8552631578947368
extended73|P1|manual|B6ByNegPMKs_cee80ced97274e248d4ccaa582e12624,P1|0|B6ByNegPMKs_cee80ced97274e248d4ccaa582e12624|manual,B6ByNegPMKs_cee80ced97274e248d4ccaa582e12624,P1,manual,B6ByNegPMKs,True,current20,10,20,0.05789473684210526,0.01894736842105263,0.881578947368421
extended73|P1|manual|B6ByNegPMKs_cee80ced97274e248d4ccaa582e12624,P1|0|B6ByNegPMKs_cee80ced97274e248d4ccaa582e12624|manual,B6ByNegPMKs_cee80ced97274e248d4ccaa582e12624,P1,manual,B6ByNegPMKs,True,current20,11,20,0.05031578947368423,0.015157894736842106,0.9052631578947368
extended73|P1|manual|B6ByNegPMKs_cee80ced97274e248d4ccaa582e12624,P1|0|B6ByNegPMKs_cee80ced97274e248d4ccaa582e12624|manual,B6ByNegPMKs_cee80ced97274e248d4ccaa582e12624,P1,manual,B6ByNegPMKs,True,current20,12,20,0.04357894736842107,0.011789473684210525,0.9263157894736842
extended73|P1|manual|B6ByNegPMKs_cee80ced97274e248d4ccaa582e12624,P1|0|B6ByNegPMKs_cee80ced97274e248d4ccaa582e12624|manual,B6ByNegPMKs_cee80ced97274e248d4ccaa582e12624,P1,manual,B6ByNegPMKs,True,current20,13,20,0.04063157894736843,0.008842105263157894,0.9447368421052631
extended73|P1|manual|B6ByNegPMKs_cee80ced97274e248d4ccaa582e12624,P1|0|B6ByNegPMKs_cee80ced97274e248d4ccaa582e12624|manual,B6ByNegPMKs_cee80ced97274e248d4ccaa582e12624,P1,manual,B6ByNegPMKs,True,current20,14,20,0.04021052631578949,0.00631578947368421,0.9605263157894737
extended73|P1|manual|B6ByNegPMKs_cee80ced97274e248d4ccaa582e12624,P1|0|B6ByNegPMKs_cee80ced97274e248d4ccaa582e12624|manual,B6ByNegPMKs_cee80ced97274e248d4ccaa582e12624,P1,manual,B6ByNegPMKs,True,current20,15,20,0.03894736842105263,0.004210526315789474,0.9736842105263158
extended73|P1|manual|B6ByNegPMKs_cee80ced97274e248d4ccaa582e12624,P1|0|B6ByNegPMKs_cee80ced97274e248d4ccaa582e12624|manual,B6ByNegPMKs_cee80ced97274e248d4ccaa582e12624,P1,manual,B6ByNegPMKs,True,current20,16,20,0.0368421052631579,0.0025263157894736842,0.9842105263157894
extended73|P1|manual|B6ByNegPMKs_cee80ced97274e248d4ccaa582e12624,P1|0|B6ByNegPMKs_cee80ced97274e248d4ccaa582e12624|manual,B6ByNegPMKs_cee80ced97274e248d4ccaa582e12624,P1,manual,B6ByNegPMKs,True,current20,17,20,0.03389473684210528,0.0012631578947368421,0.9921052631578947
extended73|P1|manual|B6ByNegPMKs_cee80ced97274e248d4ccaa582e12624,P1|0|B6ByNegPMKs_cee80ced97274e248d4ccaa582e12624|manual,B6ByNegPMKs_cee80ced97274e248d4ccaa582e12624,P1,manual,B6ByNegPMKs,True,current20,18,20,0.030105263157894763,0.0004210526315789474,0.9973684210526316
extended73|P1|manual|B6ByNegPMKs_cee80ced97274e248d4ccaa582e12624,P1|0|B6ByNegPMKs_cee80ced97274e248d4ccaa582e12624|manual,B6ByNegPMKs_cee80ced97274e248d4ccaa582e12624,P1,manual,B6ByNegPMKs,True,current20,19,20,0.025473684210526325,0.0,1.0
extended73|P1|manual|B6ByNegPMKs_cee80ced97274e248d4ccaa582e12624,P1|0|B6ByNegPMKs_cee80ced97274e248d4ccaa582e12624|manual,B6ByNegPMKs_cee80ced97274e248d4ccaa582e12624,P1,manual,B6ByNegPMKs,True,current20,20,20,0.02000000000000001,0.0,1.0
extended73|P1|manual|UwV83HsGsw3_7482b1a2655e4655ae4ab58749f43f65,P1|0|UwV83HsGsw3_7482b1a2655e4655ae4ab58749f43f65|manual,UwV83HsGsw3_7482b1a2655e4655ae4ab58749f43f65,P1,manual,UwV83HsGsw3,True,all_archived,1,24,0.8159722222222223,0.8159722222222223,0.1111111111111111
extended73|P1|manual|UwV83HsGsw3_7482b1a2655e4655ae4ab58749f43f65,P1|0|UwV83HsGsw3_7482b1a2655e4655ae4ab58749f43f65|manual,UwV83HsGsw3_7482b1a2655e4655ae4ab58749f43f65,P1,manual,UwV83HsGsw3,True,all_archived,2,24,0.672403381642512,0.672403381642512,0.2057165861513688
extended73|P1|manual|UwV83HsGsw3_7482b1a2655e4655ae4ab58749f43f65,P1|0|UwV83HsGsw3_7482b1a2655e4655ae4ab58749f43f65|manual,UwV83HsGsw3_7482b1a2655e4655ae4ab58749f43f65,P1,manual,UwV83HsGsw3,True,all_archived,3,24,0.5596179183135704,0.5596179183135704,0.2872200263504612
extended73|P1|manual|UwV83HsGsw3_7482b1a2655e4655ae4ab58749f43f65,P1|0|UwV83HsGsw3_7482b1a2655e4655ae4ab58749f43f65|manual,UwV83HsGsw3_7482b1a2655e4655ae4ab58749f43f65,P1,manual,UwV83HsGsw3,True,all_archived,4,24,0.5052857770249074,0.47015182884748097,0.35828261915218435
extended73|P1|manual|UwV83HsGsw3_7482b1a2655e4655ae4ab58749f43f65,P1|0|UwV83HsGsw3_7482b1a2655e4655ae4ab58749f43f65|manual,UwV83HsGsw3_7482b1a2655e4655ae4ab58749f43f65,P1,manual,UwV83HsGsw3,True,all_archived,5,24,0.44398762469414643,0.39831349206349204,0.4209695296651819
extended73|P1|manual|UwV83HsGsw3_7482b1a2655e4655ae4ab58749f43f65,P1|0|UwV83HsGsw3_7482b1a2655e4655ae4ab58749f43f65|manual,UwV83HsGsw3_7482b1a2655e4655ae4ab58749f43f65,P1,manual,UwV83HsGsw3,True,all_archived,6,24,0.3830840688678217,0.3398138379545702,0.47687317767409293
extended73|P1|manual|UwV83HsGsw3_7482b1a2655e4655ae4ab58749f43f65,P1|0|UwV83HsGsw3_7482b1a2655e4655ae4ab58749f43f65|manual,UwV83HsGsw3_7482b1a2655e4655ae4ab58749f43f65,P1,manual,UwV83HsGsw3,True,all_archived,7,24,0.3542083552094994,0.29145815515952816,0.5272159684821776
extended73|P1|manual|UwV83HsGsw3_7482b1a2655e4655ae4ab58749f43f65,P1|0|UwV83HsGsw3_7482b1a2655e4655ae4ab58749f43f65|manual,UwV83HsGsw3_7482b1a2655e4655ae4ab58749f43f65,P1,manual,UwV83HsGsw3,True,all_archived,8,24,0.3197896314062689,0.2508922853518358,0.5729348947817112
extended73|P1|manual|UwV83HsGsw3_7482b1a2655e4655ae4ab58749f43f65,P1|0|UwV83HsGsw3_7482b1a2655e4655ae4ab58749f43f65|manual,UwV83HsGsw3_7482b1a2655e4655ae4ab58749f43f65,P1,manual,UwV83HsGsw3,True,all_archived,9,24,0.2954951656829433,0.2163964061805292,0.614750275673684
extended73|P1|manual|UwV83HsGsw3_7482b1a2655e4655ae4ab58749f43f65,P1|0|UwV83HsGsw3_7482b1a2655e4655ae4ab58749f43f65|manual,UwV83HsGsw3_7482b1a2655e4655ae4ab58749f43f65,P1,manual,UwV83HsGsw3,True,all_archived,10,24,0.27831246915242075,0.18672005762293822,0.6532207478835559
extended73|P1|manual|UwV83HsGsw3_7482b1a2655e4655ae4ab58749f43f65,P1|0|UwV83HsGsw3_7482b1a2655e4655ae4ab58749f43f65|manual,UwV83HsGsw3_7482b1a2655e4655ae4ab58749f43f65,P1,manual,UwV83HsGsw3,True,all_archived,11,24,0.2554491198740088,0.16095251983325748,0.6887864731450678
extended73|P1|manual|UwV83HsGsw3_7482b1a2655e4655ae4ab58749f43f65,P1|0|UwV83HsGsw3_7482b1a2655e4655ae4ab58749f43f65|manual,UwV83HsGsw3_7482b1a2655e4655ae4ab58749f43f65,P1,manual,UwV83HsGsw3,True,all_archived,12,24,0.22852848233114761,0.13842310379529385,0.7218023746493257
extended73|P1|manual|UwV83HsGsw3_7482b1a2655e4655ae4ab58749f43f65,P1|0|UwV83HsGsw3_7482b1a2655e4655ae4ab58749f43f65|manual,UwV83HsGsw3_7482b1a2655e4655ae4ab58749f43f65,P1,manual,UwV83HsGsw3,True,all_archived,13,24,0.21614925527800743,0.11862636931202687,0.7525630643816135
extended73|P1|manual|UwV83HsGsw3_7482b1a2655e4655ae4ab58749f43f65,P1|0|UwV83HsGsw3_7482b1a2655e4655ae4ab58749f43f65|manual,UwV83HsGsw3_7482b1a2655e4655ae4ab58749f43f65,P1,manual,UwV83HsGsw3,True,all_archived,14,24,0.1987946208231576,0.10116773808892532,0.7813209720936197
extended73|P1|manual|UwV83HsGsw3_7482b1a2655e4655ae4ab58749f43f65,P1|0|UwV83HsGsw3_7482b1a2655e4655ae4ab58749f43f65|manual,UwV83HsGsw3_7482b1a2655e4655ae4ab58749f43f65,P1,manual,UwV83HsGsw3,True,all_archived,15,24,0.17729709940976598,0.08572542289226903,0.808299035584
extended73|P1|manual|UwV83HsGsw3_7482b1a2655e4655ae4ab58749f43f65,P1|0|UwV83HsGsw3_7482b1a2655e4655ae4ab58749f43f65|manual,UwV83HsGsw3_7482b1a2655e4655ae4ab58749f43f65,P1,manual,UwV83HsGsw3,True,all_archived,16,24,0.15989481570313446,0.07202504698802989,0.8336991608854132
extended73|P1|manual|UwV83HsGsw3_7482b1a2655e4655ae4ab58749f43f65,P1|0|UwV83HsGsw3_7482b1a2655e4655ae4ab58749f43f65|manual,UwV83HsGsw3_7482b1a2655e4655ae4ab58749f43f65,P1,manual,UwV83HsGsw3,True,all_archived,17,24,0.14585049920391155,0.05982378129117259,0.8577075098814227
extended73|P1|manual|UwV83HsGsw3_7482b1a2655e4655ae4ab58749f43f65,P1|0|UwV83HsGsw3_7482b1a2655e4655ae4ab58749f43f65|manual,UwV83HsGsw3_7482b1a2655e4655ae4ab58749f43f65,P1,manual,UwV83HsGsw3,True,all_archived,18,24,0.12769468962260724,0.048901279879540745,0.8804975218018696
extended73|P1|manual|UwV83HsGsw3_7482b1a2655e4655ae4ab58749f43f65,P1|0|UwV83HsGsw3_7482b1a2655e4655ae4ab58749f43f65|manual,UwV83HsGsw3_7482b1a2655e4655ae4ab58749f43f65,P1,manual,UwV83HsGsw3,True,all_archived,19,24,0.11683884860372273,0.03905514775079993,0.9022314239705546
extended73|P1|manual|UwV83HsGsw3_7482b1a2655e4655ae4ab58749f43f65,P1|0|UwV83HsGsw3_7482b1a2655e4655ae4ab58749f43f65|manual,UwV83HsGsw3_7482b1a2655e4655ae4ab58749f43f65,P1,manual,UwV83HsGsw3,True,all_archived,20,24,0.1010571554049815,0.03009912792521488,0.9230608361043142
extended73|P1|manual|UwV83HsGsw3_7482b1a2655e4655ae4ab58749f43f65,P1|0|UwV83HsGsw3_7482b1a2655e4655ae4ab58749f43f65|manual,UwV83HsGsw3_7482b1a2655e4655ae4ab58749f43f65,P1,manual,UwV83HsGsw3,True,current20,1,20,0.8083333333333332,0.8083333333333332,0.1111111111111111
extended73|P1|manual|UwV83HsGsw3_7482b1a2655e4655ae4ab58749f43f65,P1|0|UwV83HsGsw3_7482b1a2655e4655ae4ab58749f43f65|manual,UwV83HsGsw3_7482b1a2655e4655ae4ab58749f43f65,P1,manual,UwV83HsGsw3,True,current20,2,20,0.6614035087719298,0.6614035087719297,0.20409356725146205
extended73|P1|manual|UwV83HsGsw3_7482b1a2655e4655ae4ab58749f43f65,P1|0|UwV83HsGsw3_7482b1a2655e4655ae4ab58749f43f65|manual,UwV83HsGsw3_7482b1a2655e4655ae4ab58749f43f65,P1,manual,UwV83HsGsw3,True,current20,3,20,0.54828216374269,0.5482821637426901,0.28284600389863546
extended73|P1|manual|UwV83HsGsw3_7482b1a2655e4655ae4ab58749f43f65,P1|0|UwV83HsGsw3_7482b1a2655e4655ae4ab58749f43f65|manual,UwV83HsGsw3_7482b1a2655e4655ae4ab58749f43f65,P1,manual,UwV83HsGsw3,True,current20,4,20,0.4949174406604746,0.4604833161334709,0.3504414631349617
extended73|P1|manual|UwV83HsGsw3_7482b1a2655e4655ae4ab58749f43f65,P1|0|UwV83HsGsw3_7482b1a2655e4655ae4ab58749f43f65|manual,UwV83HsGsw3_7482b1a2655e4655ae4ab58749f43f65,P1,manual,UwV83HsGsw3,True,current20,5,20,0.4345545235638114,0.3915118679050568,0.40927789244352714
extended73|P1|manual|UwV83HsGsw3_7482b1a2655e4655ae4ab58749f43f65,P1|0|UwV83HsGsw3_7482b1a2655e4655ae4ab58749f43f65|manual,UwV83HsGsw3_7482b1a2655e4655ae4ab58749f43f65,P1,manual,UwV83HsGsw3,True,current20,6,20,0.37521069831441345,0.33647230822153423,0.46120857699805057
extended73|P1|manual|UwV83HsGsw3_7482b1a2655e4655ae4ab58749f43f65,P1|0|UwV83HsGsw3_7482b1a2655e4655ae4ab58749f43f65|manual,UwV83HsGsw3_7482b1a2655e4655ae4ab58749f43f65,P1,manual,UwV83HsGsw3,True,current20,7,20,0.3476887684898521,0.2917333161334709,0.5076539387684899
extended73|P1|manual|UwV83HsGsw3_7482b1a2655e4655ae4ab58749f43f65,P1|0|UwV83HsGsw3_7482b1a2655e4655ae4ab58749f43f65|manual,UwV83HsGsw3_7482b1a2655e4655ae4ab58749f43f65,P1,manual,UwV83HsGsw3,True,current20,8,20,0.31348469212246305,0.2546439628482972,0.5496961357642474
extended73|P1|manual|UwV83HsGsw3_7482b1a2655e4655ae4ab58749f43f65,P1|0|UwV83HsGsw3_7482b1a2655e4655ae4ab58749f43f65|manual,UwV83HsGsw3_7482b1a2655e4655ae4ab58749f43f65,P1,manual,UwV83HsGsw3,True,current20,9,20,0.2893511351909185,0.22329721362229102,0.5881578947368422
extended73|P1|manual|UwV83HsGsw3_7482b1a2655e4655ae4ab58749f43f65,P1|0|UwV83HsGsw3_7482b1a2655e4655ae4ab58749f43f65|manual,UwV83HsGsw3_7482b1a2655e4655ae4ab58749f43f65,P1,manual,UwV83HsGsw3,True,current20,10,20,0.2725361197110423,0.19633642930856554,0.6236670106639147
extended73|P1|manual|UwV83HsGsw3_7482b1a2655e4655ae4ab58749f43f65,P1|0|UwV83HsGsw3_7482b1a2655e4655ae4ab58749f43f65|manual,UwV83HsGsw3_7482b1a2655e4655ae4ab58749f43f65,P1,manual,UwV83HsGsw3,True,current20,11,20,0.2495420536635707,0.1728005675954592,0.6567079463364291
extended73|P1|manual|UwV83HsGsw3_7482b1a2655e4655ae4ab58749f43f65,P1|0|UwV83HsGsw3_7482b1a2655e4655ae4ab58749f43f65|manual,UwV83HsGsw3_7482b1a2655e4655ae4ab58749f43f65,P1,manual,UwV83HsGsw3,True,current20,12,20,0.2224802201582388,0.15200378396972822,0.6876619653709436
extended73|P1|manual|UwV83HsGsw3_7482b1a2655e4655ae4ab58749f43f65,P1|0|UwV83HsGsw3_7482b1a2655e4655ae4ab58749f43f65|manual,UwV83HsGsw3_7482b1a2655e4655ae4ab58749f43f65,P1,manual,UwV83HsGsw3,True,current20,13,20,0.2105284657722738,0.1334451324389405,0.716837231968811
extended73|P1|manual|UwV83HsGsw3_7482b1a2655e4655ae4ab58749f43f65,P1|0|UwV83HsGsw3_7482b1a2655e4655ae4ab58749f43f65|manual,UwV83HsGsw3_7482b1a2655e4655ae4ab58749f43f65,P1,manual,UwV83HsGsw3,True,current20,14,20,0.19291365669074645,0.1167440660474716,0.7444903107441808
extended73|P1|manual|UwV83HsGsw3_7482b1a2655e4655ae4ab58749f43f65,P1|0|UwV83HsGsw3_7482b1a2655e4655ae4ab58749f43f65|manual,UwV83HsGsw3_7482b1a2655e4655ae4ab58749f43f65,P1,manual,UwV83HsGsw3,True,current20,15,20,0.17104188166494672,0.10159743722050225,0.770840499942667
extended73|P1|manual|UwV83HsGsw3_7482b1a2655e4655ae4ab58749f43f65,P1|0|UwV83HsGsw3_7482b1a2655e4655ae4ab58749f43f65|manual,UwV83HsGsw3_7482b1a2655e4655ae4ab58749f43f65,P1,manual,UwV83HsGsw3,True,current20,16,20,0.15422686618507053,0.08775369797041623,0.796078431372549
extended73|P1|manual|UwV83HsGsw3_7482b1a2655e4655ae4ab58749f43f65,P1|0|UwV83HsGsw3_7482b1a2655e4655ae4ab58749f43f65|manual,UwV83HsGsw3_7482b1a2655e4655ae4ab58749f43f65,P1,manual,UwV83HsGsw3,True,current20,17,20,0.141359219126247,0.075,0.8203703703703702
extended73|P1|manual|UwV83HsGsw3_7482b1a2655e4655ae4ab58749f43f65,P1|0|UwV83HsGsw3_7482b1a2655e4655ae4ab58749f43f65|manual,UwV83HsGsw3_7482b1a2655e4655ae4ab58749f43f65,P1,manual,UwV83HsGsw3,True,current20,18,20,0.12521929824561404,0.06315789473684211,0.8438596491228072
extended73|P1|manual|UwV83HsGsw3_7482b1a2655e4655ae4ab58749f43f65,P1|0|UwV83HsGsw3_7482b1a2655e4655ae4ab58749f43f65|manual,UwV83HsGsw3_7482b1a2655e4655ae4ab58749f43f65,P1,manual,UwV83HsGsw3,True,current20,19,20,0.11710526315789475,0.05208333333333333,0.8666666666666667
extended73|P1|manual|UwV83HsGsw3_7482b1a2655e4655ae4ab58749f43f65,P1|0|UwV83HsGsw3_7482b1a2655e4655ae4ab58749f43f65|manual,UwV83HsGsw3_7482b1a2655e4655ae4ab58749f43f65,P1,manual,UwV83HsGsw3,True,current20,20,20,0.09999999999999999,0.041666666666666664,0.8888888888888888
extended73|P1|manual|UwV83HsGsw3_8e9c912f525744eeaea21083a20a1596,P1|0|UwV83HsGsw3_8e9c912f525744eeaea21083a20a1596|manual,UwV83HsGsw3_8e9c912f525744eeaea21083a20a1596,P1,manual,UwV83HsGsw3,True,all_archived,1,24,0.42361111111111116,0.42361111111111116,0.16666666666666666
extended73|P1|manual|UwV83HsGsw3_8e9c912f525744eeaea21083a20a1596,P1|0|UwV83HsGsw3_8e9c912f525744eeaea21083a20a1596|manual,UwV83HsGsw3_8e9c912f525744eeaea21083a20a1596,P1,manual,UwV83HsGsw3,True,all_archived,2,24,0.36111111111111105,0.2632850241545894,0.24033816425120783
extended73|P1|manual|UwV83HsGsw3_8e9c912f525744eeaea21083a20a1596,P1|0|UwV83HsGsw3_8e9c912f525744eeaea21083a20a1596|manual,UwV83HsGsw3_8e9c912f525744eeaea21083a20a1596,P1,manual,UwV83HsGsw3,True,all_archived,3,24,0.31002964426877466,0.21665019762845844,0.28820816864295123
extended73|P1|manual|UwV83HsGsw3_8e9c912f525744eeaea21083a20a1596,P1|0|UwV83HsGsw3_8e9c912f525744eeaea21083a20a1596|manual,UwV83HsGsw3_8e9c912f525744eeaea21083a20a1596,P1,manual,UwV83HsGsw3,True,all_archived,4,24,0.2682492628144802,0.1973147625321538,0.32947487295313377
extended73|P1|manual|UwV83HsGsw3_8e9c912f525744eeaea21083a20a1596,P1|0|UwV83HsGsw3_8e9c912f525744eeaea21083a20a1596|manual,UwV83HsGsw3_8e9c912f525744eeaea21083a20a1596,P1,manual,UwV83HsGsw3,True,all_archived,5,24,0.25556810339419034,0.1836807516155342,0.3689378254595647
extended73|P1|manual|UwV83HsGsw3_8e9c912f525744eeaea21083a20a1596,P1|0|UwV83HsGsw3_8e9c912f525744eeaea21083a20a1596|manual,UwV83HsGsw3_8e9c912f525744eeaea21083a20a1596,P1,manual,UwV83HsGsw3,True,all_archived,6,24,0.23750520074890785,0.17120122440488572,0.4076074573786244
extended73|P1|manual|UwV83HsGsw3_8e9c912f525744eeaea21083a20a1596,P1|0|UwV83HsGsw3_8e9c912f525744eeaea21083a20a1596|manual,UwV83HsGsw3_8e9c912f525744eeaea21083a20a1596,P1,manual,UwV83HsGsw3,True,all_archived,7,24,0.21658663291958488,0.15911835748792272,0.4456521739130434
extended73|P1|manual|UwV83HsGsw3_8e9c912f525744eeaea21083a20a1596,P1|0|UwV83HsGsw3_8e9c912f525744eeaea21083a20a1596|manual,UwV83HsGsw3_8e9c912f525744eeaea21083a20a1596,P1,manual,UwV83HsGsw3,True,all_archived,8,24,0.194669810230451,0.1473429951690821,0.4830917874396136
extended73|P1|manual|UwV83HsGsw3_8e9c912f525744eeaea21083a20a1596,P1|0|UwV83HsGsw3_8e9c912f525744eeaea21083a20a1596|manual,UwV83HsGsw3_8e9c912f525744eeaea21083a20a1596,P1,manual,UwV83HsGsw3,True,all_archived,9,24,0.18319638027876012,0.1358695652173913,0.519927536231884
extended73|P1|manual|UwV83HsGsw3_8e9c912f525744eeaea21083a20a1596,P1|0|UwV83HsGsw3_8e9c912f525744eeaea21083a20a1596|manual,UwV83HsGsw3_8e9c912f525744eeaea21083a20a1596,P1,manual,UwV83HsGsw3,True,all_archived,10,24,0.16932049326214088,0.12469806763285024,0.556159420289855
extended73|P1|manual|UwV83HsGsw3_8e9c912f525744eeaea21083a20a1596,P1|0|UwV83HsGsw3_8e9c912f525744eeaea21083a20a1596|manual,UwV83HsGsw3_8e9c912f525744eeaea21083a20a1596,P1,manual,UwV83HsGsw3,True,all_archived,11,24,0.1536699538701827,0.11382850241545894,0.5917874396135266
extended73|P1|manual|UwV83HsGsw3_8e9c912f525744eeaea21083a20a1596,P1|0|UwV83HsGsw3_8e9c912f525744eeaea21083a20a1596|manual,UwV83HsGsw3_8e9c912f525744eeaea21083a20a1596,P1,manual,UwV83HsGsw3,True,all_archived,12,24,0.13697286694998365,0.10326086956521738,0.6268115942028986
extended73|P1|manual|UwV83HsGsw3_8e9c912f525744eeaea21083a20a1596,P1|0|UwV83HsGsw3_8e9c912f525744eeaea21083a20a1596|manual,UwV83HsGsw3_8e9c912f525744eeaea21083a20a1596,P1,manual,UwV83HsGsw3,True,all_archived,13,24,0.1300284225055392,0.0929951690821256,0.6612318840579712
extended73|P1|manual|UwV83HsGsw3_8e9c912f525744eeaea21083a20a1596,P1|0|UwV83HsGsw3_8e9c912f525744eeaea21083a20a1596|manual,UwV83HsGsw3_8e9c912f525744eeaea21083a20a1596,P1,manual,UwV83HsGsw3,True,all_archived,14,24,0.12094320947295772,0.08303140096618358,0.6950483091787438
extended73|P1|manual|UwV83HsGsw3_8e9c912f525744eeaea21083a20a1596,P1|0|UwV83HsGsw3_8e9c912f525744eeaea21083a20a1596|manual,UwV83HsGsw3_8e9c912f525744eeaea21083a20a1596,P1,manual,UwV83HsGsw3,True,all_archived,15,24,0.10991782816725611,0.0733695652173913,0.7282608695652174
extended73|P1|manual|UwV83HsGsw3_8e9c912f525744eeaea21083a20a1596,P1|0|UwV83HsGsw3_8e9c912f525744eeaea21083a20a1596|manual,UwV83HsGsw3_8e9c912f525744eeaea21083a20a1596,P1,manual,UwV83HsGsw3,True,all_archived,16,24,0.0973349051152255,0.06400966183574879,0.7608695652173915
extended73|P1|manual|UwV83HsGsw3_8e9c912f525744eeaea21083a20a1596,P1|0|UwV83HsGsw3_8e9c912f525744eeaea21083a20a1596|manual,UwV83HsGsw3_8e9c912f525744eeaea21083a20a1596,P1,manual,UwV83HsGsw3,True,all_archived,17,24,0.08918273120218198,0.05495169082125603,0.7928743961352654
extended73|P1|manual|UwV83HsGsw3_8e9c912f525744eeaea21083a20a1596,P1|0|UwV83HsGsw3_8e9c912f525744eeaea21083a20a1596|manual,UwV83HsGsw3_8e9c912f525744eeaea21083a20a1596,P1,manual,UwV83HsGsw3,True,all_archived,18,24,0.07916840024963596,0.04619565217391304,0.8242753623188405
extended73|P1|manual|UwV83HsGsw3_8e9c912f525744eeaea21083a20a1596,P1|0|UwV83HsGsw3_8e9c912f525744eeaea21083a20a1596|manual,UwV83HsGsw3_8e9c912f525744eeaea21083a20a1596,P1,manual,UwV83HsGsw3,True,all_archived,19,24,0.06725476405110271,0.03774154589371981,0.8550724637681159
extended73|P1|manual|UwV83HsGsw3_8e9c912f525744eeaea21083a20a1596,P1|0|UwV83HsGsw3_8e9c912f525744eeaea21083a20a1596|manual,UwV83HsGsw3_8e9c912f525744eeaea21083a20a1596,P1,manual,UwV83HsGsw3,True,all_archived,20,24,0.05364985256289607,0.029589371980676328,0.8852657004830918
extended73|P1|manual|UwV83HsGsw3_8e9c912f525744eeaea21083a20a1596,P1|0|UwV83HsGsw3_8e9c912f525744eeaea21083a20a1596|manual,UwV83HsGsw3_8e9c912f525744eeaea21083a20a1596,P1,manual,UwV83HsGsw3,True,current20,1,20,0.45833333333333337,0.45833333333333326,0.16666666666666666
extended73|P1|manual|UwV83HsGsw3_8e9c912f525744eeaea21083a20a1596,P1|0|UwV83HsGsw3_8e9c912f525744eeaea21083a20a1596|manual,UwV83HsGsw3_8e9c912f525744eeaea21083a20a1596,P1,manual,UwV83HsGsw3,True,current20,2,20,0.386842105263158,0.2763157894736842,0.2526315789473685
extended73|P1|manual|UwV83HsGsw3_8e9c912f525744eeaea21083a20a1596,P1|0|UwV83HsGsw3_8e9c912f525744eeaea21083a20a1596|manual,UwV83HsGsw3_8e9c912f525744eeaea21083a20a1596,P1,manual,UwV83HsGsw3,True,current20,3,20,0.33114035087719296,0.21447368421052632,0.31111111111111106
extended73|P1|manual|UwV83HsGsw3_8e9c912f525744eeaea21083a20a1596,P1|0|UwV83HsGsw3_8e9c912f525744eeaea21083a20a1596|manual,UwV83HsGsw3_8e9c912f525744eeaea21083a20a1596,P1,manual,UwV83HsGsw3,True,current20,4,20,0.28761609907120744,0.18828689370485033,0.36088751289989673
extended73|P1|manual|UwV83HsGsw3_8e9c912f525744eeaea21083a20a1596,P1|0|UwV83HsGsw3_8e9c912f525744eeaea21083a20a1596|manual,UwV83HsGsw3_8e9c912f525744eeaea21083a20a1596,P1,manual,UwV83HsGsw3,True,current20,5,20,0.272703818369453,0.17134287925696595,0.40783023735810114
extended73|P1|manual|UwV83HsGsw3_8e9c912f525744eeaea21083a20a1596,P1|0|UwV83HsGsw3_8e9c912f525744eeaea21083a20a1596|manual,UwV83HsGsw3_8e9c912f525744eeaea21083a20a1596,P1,manual,UwV83HsGsw3,True,current20,6,20,0.25177373581011353,0.15659829721362228,0.4535044719642243
extended73|P1|manual|UwV83HsGsw3_8e9c912f525744eeaea21083a20a1596,P1|0|UwV83HsGsw3_8e9c912f525744eeaea21083a20a1596|manual,UwV83HsGsw3_8e9c912f525744eeaea21083a20a1596,P1,manual,UwV83HsGsw3,True,current20,7,20,0.22851522187822498,0.1425438596491228,0.49824561403508777
extended73|P1|manual|UwV83HsGsw3_8e9c912f525744eeaea21083a20a1596,P1|0|UwV83HsGsw3_8e9c912f525744eeaea21083a20a1596|manual,UwV83HsGsw3_8e9c912f525744eeaea21083a20a1596,P1,manual,UwV83HsGsw3,True,current20,8,20,0.20534055727554182,0.12894736842105262,0.5421052631578948
extended73|P1|manual|UwV83HsGsw3_8e9c912f525744eeaea21083a20a1596,P1|0|UwV83HsGsw3_8e9c912f525744eeaea21083a20a1596|manual,UwV83HsGsw3_8e9c912f525744eeaea21083a20a1596,P1,manual,UwV83HsGsw3,True,current20,9,20,0.1921826625386997,0.11578947368421053,0.5850877192982457
extended73|P1|manual|UwV83HsGsw3_8e9c912f525744eeaea21083a20a1596,P1|0|UwV83HsGsw3_8e9c912f525744eeaea21083a20a1596|manual,UwV83HsGsw3_8e9c912f525744eeaea21083a20a1596,P1,manual,UwV83HsGsw3,True,current20,10,20,0.17636738906088753,0.10307017543859648,0.6271929824561403
extended73|P1|manual|UwV83HsGsw3_8e9c912f525744eeaea21083a20a1596,P1|0|UwV83HsGsw3_8e9c912f525744eeaea21083a20a1596|manual,UwV83HsGsw3_8e9c912f525744eeaea21083a20a1596,P1,manual,UwV83HsGsw3,True,current20,11,20,0.1592105263157895,0.09078947368421053,0.6684210526315789
extended73|P1|manual|UwV83HsGsw3_8e9c912f525744eeaea21083a20a1596,P1|0|UwV83HsGsw3_8e9c912f525744eeaea21083a20a1596|manual,UwV83HsGsw3_8e9c912f525744eeaea21083a20a1596,P1,manual,UwV83HsGsw3,True,current20,12,20,0.14195046439628484,0.07894736842105263,0.7087719298245614
extended73|P1|manual|UwV83HsGsw3_8e9c912f525744eeaea21083a20a1596,P1|0|UwV83HsGsw3_8e9c912f525744eeaea21083a20a1596|manual,UwV83HsGsw3_8e9c912f525744eeaea21083a20a1596,P1,manual,UwV83HsGsw3,True,current20,13,20,0.13361713106295153,0.0675438596491228,0.7482456140350876
extended73|P1|manual|UwV83HsGsw3_8e9c912f525744eeaea21083a20a1596,P1|0|UwV83HsGsw3_8e9c912f525744eeaea21083a20a1596|manual,UwV83HsGsw3_8e9c912f525744eeaea21083a20a1596,P1,manual,UwV83HsGsw3,True,current20,14,20,0.12271671826625385,0.05657894736842104,0.7868421052631579
extended73|P1|manual|UwV83HsGsw3_8e9c912f525744eeaea21083a20a1596,P1|0|UwV83HsGsw3_8e9c912f525744eeaea21083a20a1596|manual,UwV83HsGsw3_8e9c912f525744eeaea21083a20a1596,P1,manual,UwV83HsGsw3,True,current20,15,20,0.11015221878224978,0.046052631578947366,0.8245614035087719
extended73|P1|manual|UwV83HsGsw3_8e9c912f525744eeaea21083a20a1596,P1|0|UwV83HsGsw3_8e9c912f525744eeaea21083a20a1596|manual,UwV83HsGsw3_8e9c912f525744eeaea21083a20a1596,P1,manual,UwV83HsGsw3,True,current20,16,20,0.0969814241486068,0.03596491228070175,0.8614035087719297
extended73|P1|manual|UwV83HsGsw3_8e9c912f525744eeaea21083a20a1596,P1|0|UwV83HsGsw3_8e9c912f525744eeaea21083a20a1596|manual,UwV83HsGsw3_8e9c912f525744eeaea21083a20a1596,P1,manual,UwV83HsGsw3,True,current20,17,20,0.08689370485036119,0.026315789473684206,0.8973684210526315
extended73|P1|manual|UwV83HsGsw3_8e9c912f525744eeaea21083a20a1596,P1|0|UwV83HsGsw3_8e9c912f525744eeaea21083a20a1596|manual,UwV83HsGsw3_8e9c912f525744eeaea21083a20a1596,P1,manual,UwV83HsGsw3,True,current20,18,20,0.07456140350877194,0.017105263157894735,0.9324561403508773
extended73|P1|manual|UwV83HsGsw3_8e9c912f525744eeaea21083a20a1596,P1|0|UwV83HsGsw3_8e9c912f525744eeaea21083a20a1596|manual,UwV83HsGsw3_8e9c912f525744eeaea21083a20a1596,P1,manual,UwV83HsGsw3,True,current20,19,20,0.061403508771929814,0.008333333333333333,0.9666666666666668
extended73|P1|manual|UwV83HsGsw3_8e9c912f525744eeaea21083a20a1596,P1|0|UwV83HsGsw3_8e9c912f525744eeaea21083a20a1596|manual,UwV83HsGsw3_8e9c912f525744eeaea21083a20a1596,P1,manual,UwV83HsGsw3,True,current20,20,20,0.05000000000000003,0.0,1.0
extended73|P1|manual|X7HyMhZNoso_987fd31155514f6facb131bd5c14881d,P1|0|X7HyMhZNoso_987fd31155514f6facb131bd5c14881d|manual,X7HyMhZNoso_987fd31155514f6facb131bd5c14881d,P1,manual,X7HyMhZNoso,True,all_archived,1,25,0.07680000000000001,0.0768,0.5
extended73|P1|manual|X7HyMhZNoso_987fd31155514f6facb131bd5c14881d,P1|0|X7HyMhZNoso_987fd31155514f6facb131bd5c14881d|manual,X7HyMhZNoso_987fd31155514f6facb131bd5c14881d,P1,manual,X7HyMhZNoso,True,all_archived,2,25,0.07360000000000001,0.0368,0.54
extended73|P1|manual|X7HyMhZNoso_987fd31155514f6facb131bd5c14881d,P1|0|X7HyMhZNoso_987fd31155514f6facb131bd5c14881d|manual,X7HyMhZNoso_987fd31155514f6facb131bd5c14881d,P1,manual,X7HyMhZNoso,True,all_archived,3,25,0.07040000000000002,0.0352,0.56
extended73|P1|manual|X7HyMhZNoso_987fd31155514f6facb131bd5c14881d,P1|0|X7HyMhZNoso_987fd31155514f6facb131bd5c14881d|manual,X7HyMhZNoso_987fd31155514f6facb131bd5c14881d,P1,manual,X7HyMhZNoso,True,all_archived,4,25,0.06720000000000001,0.0336,0.5800000000000001
extended73|P1|manual|X7HyMhZNoso_987fd31155514f6facb131bd5c14881d,P1|0|X7HyMhZNoso_987fd31155514f6facb131bd5c14881d|manual,X7HyMhZNoso_987fd31155514f6facb131bd5c14881d,P1,manual,X7HyMhZNoso,True,all_archived,5,25,0.064,0.032,0.6
extended73|P1|manual|X7HyMhZNoso_987fd31155514f6facb131bd5c14881d,P1|0|X7HyMhZNoso_987fd31155514f6facb131bd5c14881d|manual,X7HyMhZNoso_987fd31155514f6facb131bd5c14881d,P1,manual,X7HyMhZNoso,True,all_archived,6,25,0.0608,0.0304,0.62
extended73|P1|manual|X7HyMhZNoso_987fd31155514f6facb131bd5c14881d,P1|0|X7HyMhZNoso_987fd31155514f6facb131bd5c14881d|manual,X7HyMhZNoso_987fd31155514f6facb131bd5c14881d,P1,manual,X7HyMhZNoso,True,all_archived,7,25,0.05760000000000001,0.0288,0.64
extended73|P1|manual|X7HyMhZNoso_987fd31155514f6facb131bd5c14881d,P1|0|X7HyMhZNoso_987fd31155514f6facb131bd5c14881d|manual,X7HyMhZNoso_987fd31155514f6facb131bd5c14881d,P1,manual,X7HyMhZNoso,True,all_archived,8,25,0.05440000000000001,0.027200000000000002,0.6599999999999999
extended73|P1|manual|X7HyMhZNoso_987fd31155514f6facb131bd5c14881d,P1|0|X7HyMhZNoso_987fd31155514f6facb131bd5c14881d|manual,X7HyMhZNoso_987fd31155514f6facb131bd5c14881d,P1,manual,X7HyMhZNoso,True,all_archived,9,25,0.05120000000000001,0.0256,0.6799999999999999
extended73|P1|manual|X7HyMhZNoso_987fd31155514f6facb131bd5c14881d,P1|0|X7HyMhZNoso_987fd31155514f6facb131bd5c14881d|manual,X7HyMhZNoso_987fd31155514f6facb131bd5c14881d,P1,manual,X7HyMhZNoso,True,all_archived,10,25,0.048,0.024,0.7
extended73|P1|manual|X7HyMhZNoso_987fd31155514f6facb131bd5c14881d,P1|0|X7HyMhZNoso_987fd31155514f6facb131bd5c14881d|manual,X7HyMhZNoso_987fd31155514f6facb131bd5c14881d,P1,manual,X7HyMhZNoso,True,all_archived,11,25,0.04480000000000001,0.022400000000000003,0.72
extended73|P1|manual|X7HyMhZNoso_987fd31155514f6facb131bd5c14881d,P1|0|X7HyMhZNoso_987fd31155514f6facb131bd5c14881d|manual,X7HyMhZNoso_987fd31155514f6facb131bd5c14881d,P1,manual,X7HyMhZNoso,True,all_archived,12,25,0.04160000000000001,0.020800000000000003,0.74
extended73|P1|manual|X7HyMhZNoso_987fd31155514f6facb131bd5c14881d,P1|0|X7HyMhZNoso_987fd31155514f6facb131bd5c14881d|manual,X7HyMhZNoso_987fd31155514f6facb131bd5c14881d,P1,manual,X7HyMhZNoso,True,all_archived,13,25,0.03839999999999999,0.0192,0.76
extended73|P1|manual|X7HyMhZNoso_987fd31155514f6facb131bd5c14881d,P1|0|X7HyMhZNoso_987fd31155514f6facb131bd5c14881d|manual,X7HyMhZNoso_987fd31155514f6facb131bd5c14881d,P1,manual,X7HyMhZNoso,True,all_archived,14,25,0.03519999999999999,0.0176,0.78
extended73|P1|manual|X7HyMhZNoso_987fd31155514f6facb131bd5c14881d,P1|0|X7HyMhZNoso_987fd31155514f6facb131bd5c14881d|manual,X7HyMhZNoso_987fd31155514f6facb131bd5c14881d,P1,manual,X7HyMhZNoso,True,all_archived,15,25,0.031999999999999994,0.016,0.8
extended73|P1|manual|X7HyMhZNoso_987fd31155514f6facb131bd5c14881d,P1|0|X7HyMhZNoso_987fd31155514f6facb131bd5c14881d|manual,X7HyMhZNoso_987fd31155514f6facb131bd5c14881d,P1,manual,X7HyMhZNoso,True,all_archived,16,25,0.028799999999999992,0.0144,0.8200000000000001
extended73|P1|manual|X7HyMhZNoso_987fd31155514f6facb131bd5c14881d,P1|0|X7HyMhZNoso_987fd31155514f6facb131bd5c14881d|manual,X7HyMhZNoso_987fd31155514f6facb131bd5c14881d,P1,manual,X7HyMhZNoso,True,all_archived,17,25,0.025599999999999998,0.0128,0.84
extended73|P1|manual|X7HyMhZNoso_987fd31155514f6facb131bd5c14881d,P1|0|X7HyMhZNoso_987fd31155514f6facb131bd5c14881d|manual,X7HyMhZNoso_987fd31155514f6facb131bd5c14881d,P1,manual,X7HyMhZNoso,True,all_archived,18,25,0.0224,0.011200000000000002,0.86
extended73|P1|manual|X7HyMhZNoso_987fd31155514f6facb131bd5c14881d,P1|0|X7HyMhZNoso_987fd31155514f6facb131bd5c14881d|manual,X7HyMhZNoso_987fd31155514f6facb131bd5c14881d,P1,manual,X7HyMhZNoso,True,all_archived,19,25,0.01920000000000001,0.0096,0.88
extended73|P1|manual|X7HyMhZNoso_987fd31155514f6facb131bd5c14881d,P1|0|X7HyMhZNoso_987fd31155514f6facb131bd5c14881d|manual,X7HyMhZNoso_987fd31155514f6facb131bd5c14881d,P1,manual,X7HyMhZNoso,True,all_archived,20,25,0.016000000000000007,0.008,0.9
extended73|P1|manual|X7HyMhZNoso_987fd31155514f6facb131bd5c14881d,P1|0|X7HyMhZNoso_987fd31155514f6facb131bd5c14881d|manual,X7HyMhZNoso_987fd31155514f6facb131bd5c14881d,P1,manual,X7HyMhZNoso,True,current20,1,20,0.04000000000000002,0.04,0.5
extended73|P1|manual|X7HyMhZNoso_987fd31155514f6facb131bd5c14881d,P1|0|X7HyMhZNoso_987fd31155514f6facb131bd5c14881d|manual,X7HyMhZNoso_987fd31155514f6facb131bd5c14881d,P1,manual,X7HyMhZNoso,True,current20,2,20,0.04000000000000002,0.04,0.5
extended73|P1|manual|X7HyMhZNoso_987fd31155514f6facb131bd5c14881d,P1|0|X7HyMhZNoso_987fd31155514f6facb131bd5c14881d|manual,X7HyMhZNoso_987fd31155514f6facb131bd5c14881d,P1,manual,X7HyMhZNoso,True,current20,3,20,0.04000000000000002,0.04,0.5
extended73|P1|manual|X7HyMhZNoso_987fd31155514f6facb131bd5c14881d,P1|0|X7HyMhZNoso_987fd31155514f6facb131bd5c14881d|manual,X7HyMhZNoso_987fd31155514f6facb131bd5c14881d,P1,manual,X7HyMhZNoso,True,current20,4,20,0.04000000000000002,0.04,0.5
extended73|P1|manual|X7HyMhZNoso_987fd31155514f6facb131bd5c14881d,P1|0|X7HyMhZNoso_987fd31155514f6facb131bd5c14881d|manual,X7HyMhZNoso_987fd31155514f6facb131bd5c14881d,P1,manual,X7HyMhZNoso,True,current20,5,20,0.04000000000000002,0.04,0.5
extended73|P1|manual|X7HyMhZNoso_987fd31155514f6facb131bd5c14881d,P1|0|X7HyMhZNoso_987fd31155514f6facb131bd5c14881d|manual,X7HyMhZNoso_987fd31155514f6facb131bd5c14881d,P1,manual,X7HyMhZNoso,True,current20,6,20,0.04000000000000002,0.04,0.5
extended73|P1|manual|X7HyMhZNoso_987fd31155514f6facb131bd5c14881d,P1|0|X7HyMhZNoso_987fd31155514f6facb131bd5c14881d|manual,X7HyMhZNoso_987fd31155514f6facb131bd5c14881d,P1,manual,X7HyMhZNoso,True,current20,7,20,0.04000000000000002,0.04,0.5
extended73|P1|manual|X7HyMhZNoso_987fd31155514f6facb131bd5c14881d,P1|0|X7HyMhZNoso_987fd31155514f6facb131bd5c14881d|manual,X7HyMhZNoso_987fd31155514f6facb131bd5c14881d,P1,manual,X7HyMhZNoso,True,current20,8,20,0.04000000000000002,0.04,0.5
extended73|P1|manual|X7HyMhZNoso_987fd31155514f6facb131bd5c14881d,P1|0|X7HyMhZNoso_987fd31155514f6facb131bd5c14881d|manual,X7HyMhZNoso_987fd31155514f6facb131bd5c14881d,P1,manual,X7HyMhZNoso,True,current20,9,20,0.04000000000000002,0.04,0.5
extended73|P1|manual|X7HyMhZNoso_987fd31155514f6facb131bd5c14881d,P1|0|X7HyMhZNoso_987fd31155514f6facb131bd5c14881d|manual,X7HyMhZNoso_987fd31155514f6facb131bd5c14881d,P1,manual,X7HyMhZNoso,True,current20,10,20,0.04000000000000002,0.04,0.5
extended73|P1|manual|X7HyMhZNoso_987fd31155514f6facb131bd5c14881d,P1|0|X7HyMhZNoso_987fd31155514f6facb131bd5c14881d|manual,X7HyMhZNoso_987fd31155514f6facb131bd5c14881d,P1,manual,X7HyMhZNoso,True,current20,11,20,0.04000000000000002,0.04,0.5
extended73|P1|manual|X7HyMhZNoso_987fd31155514f6facb131bd5c14881d,P1|0|X7HyMhZNoso_987fd31155514f6facb131bd5c14881d|manual,X7HyMhZNoso_987fd31155514f6facb131bd5c14881d,P1,manual,X7HyMhZNoso,True,current20,12,20,0.04000000000000002,0.04,0.5
extended73|P1|manual|X7HyMhZNoso_987fd31155514f6facb131bd5c14881d,P1|0|X7HyMhZNoso_987fd31155514f6facb131bd5c14881d|manual,X7HyMhZNoso_987fd31155514f6facb131bd5c14881d,P1,manual,X7HyMhZNoso,True,current20,13,20,0.04000000000000002,0.04,0.5
extended73|P1|manual|X7HyMhZNoso_987fd31155514f6facb131bd5c14881d,P1|0|X7HyMhZNoso_987fd31155514f6facb131bd5c14881d|manual,X7HyMhZNoso_987fd31155514f6facb131bd5c14881d,P1,manual,X7HyMhZNoso,True,current20,14,20,0.04000000000000002,0.04,0.5
extended73|P1|manual|X7HyMhZNoso_987fd31155514f6facb131bd5c14881d,P1|0|X7HyMhZNoso_987fd31155514f6facb131bd5c14881d|manual,X7HyMhZNoso_987fd31155514f6facb131bd5c14881d,P1,manual,X7HyMhZNoso,True,current20,15,20,0.04000000000000002,0.04,0.5
extended73|P1|manual|X7HyMhZNoso_987fd31155514f6facb131bd5c14881d,P1|0|X7HyMhZNoso_987fd31155514f6facb131bd5c14881d|manual,X7HyMhZNoso_987fd31155514f6facb131bd5c14881d,P1,manual,X7HyMhZNoso,True,current20,16,20,0.04000000000000002,0.04,0.5
extended73|P1|manual|X7HyMhZNoso_987fd31155514f6facb131bd5c14881d,P1|0|X7HyMhZNoso_987fd31155514f6facb131bd5c14881d|manual,X7HyMhZNoso_987fd31155514f6facb131bd5c14881d,P1,manual,X7HyMhZNoso,True,current20,17,20,0.04000000000000002,0.04,0.5
extended73|P1|manual|X7HyMhZNoso_987fd31155514f6facb131bd5c14881d,P1|0|X7HyMhZNoso_987fd31155514f6facb131bd5c14881d|manual,X7HyMhZNoso_987fd31155514f6facb131bd5c14881d,P1,manual,X7HyMhZNoso,True,current20,18,20,0.04000000000000002,0.04,0.5
extended73|P1|manual|X7HyMhZNoso_987fd31155514f6facb131bd5c14881d,P1|0|X7HyMhZNoso_987fd31155514f6facb131bd5c14881d|manual,X7HyMhZNoso_987fd31155514f6facb131bd5c14881d,P1,manual,X7HyMhZNoso,True,current20,19,20,0.04000000000000002,0.04,0.5
extended73|P1|manual|X7HyMhZNoso_987fd31155514f6facb131bd5c14881d,P1|0|X7HyMhZNoso_987fd31155514f6facb131bd5c14881d|manual,X7HyMhZNoso_987fd31155514f6facb131bd5c14881d,P1,manual,X7HyMhZNoso,True,current20,20,20,0.04000000000000002,0.04,0.5
extended73|P1|manual|e9zR4mvMWw7_4fb8c9be319e4784b4b66f9ca5d839ab,P1|0|e9zR4mvMWw7_4fb8c9be319e4784b4b66f9ca5d839ab|manual,e9zR4mvMWw7_4fb8c9be319e4784b4b66f9ca5d839ab,P1,manual,e9zR4mvMWw7,True,all_archived,1,24,0.6736111111111112,0.6736111111111112,0.19999999999999998
extended73|P1|manual|e9zR4mvMWw7_4fb8c9be319e4784b4b66f9ca5d839ab,P1|0|e9zR4mvMWw7_4fb8c9be319e4784b4b66f9ca5d839ab|manual,e9zR4mvMWw7_4fb8c9be319e4784b4b66f9ca5d839ab,P1,manual,e9zR4mvMWw7,True,all_archived,2,24,0.4643719806763285,0.46437198067632846,0.3405797101449276
extended73|P1|manual|e9zR4mvMWw7_4fb8c9be319e4784b4b66f9ca5d839ab,P1|0|e9zR4mvMWw7_4fb8c9be319e4784b4b66f9ca5d839ab|manual,e9zR4mvMWw7_4fb8c9be319e4784b4b66f9ca5d839ab,P1,manual,e9zR4mvMWw7,True,all_archived,3,24,0.38253458498023707,0.3295454545454545,0.44189723320158103
extended73|P1|manual|e9zR4mvMWw7_4fb8c9be319e4784b4b66f9ca5d839ab,P1|0|e9zR4mvMWw7_4fb8c9be319e4784b4b66f9ca5d839ab|manual,e9zR4mvMWw7_4fb8c9be319e4784b4b66f9ca5d839ab,P1,manual,e9zR4mvMWw7,True,all_archived,4,24,0.3219500909718301,0.24160471171340736,0.5172219085262564
extended73|P1|manual|e9zR4mvMWw7_4fb8c9be319e4784b4b66f9ca5d839ab,P1|0|e9zR4mvMWw7_4fb8c9be319e4784b4b66f9ca5d839ab|manual,e9zR4mvMWw7_4fb8c9be319e4784b4b66f9ca5d839ab,P1,manual,e9zR4mvMWw7,True,all_archived,5,24,0.28842775581906016,0.18310727617792835,0.5752070393374742
extended73|P1|manual|e9zR4mvMWw7_4fb8c9be319e4784b4b66f9ca5d839ab,P1|0|e9zR4mvMWw7_4fb8c9be319e4784b4b66f9ca5d839ab|manual,e9zR4mvMWw7_4fb8c9be319e4784b4b66f9ca5d839ab,P1,manual,e9zR4mvMWw7,True,all_archived,6,24,0.25058446511535754,0.1431574241928933,0.6214657196350559
extended73|P1|manual|e9zR4mvMWw7_4fb8c9be319e4784b4b66f9ca5d839ab,P1|0|e9zR4mvMWw7_4fb8c9be319e4784b4b66f9ca5d839ab|manual,e9zR4mvMWw7_4fb8c9be319e4784b4b66f9ca5d839ab,P1,manual,e9zR4mvMWw7,True,all_archived,7,24,0.22782200478138695,0.11501913682977757,0.6596410327531608
extended73|P1|manual|e9zR4mvMWw7_4fb8c9be319e4784b4b66f9ca5d839ab,P1|0|e9zR4mvMWw7_4fb8c9be319e4784b4b66f9ca5d839ab|manual,e9zR4mvMWw7_4fb8c9be319e4784b4b66f9ca5d839ab,P1,manual,e9zR4mvMWw7,True,all_archived,8,24,0.21703625975735275,0.09454457302417997,0.6921170243286275
extended73|P1|manual|e9zR4mvMWw7_4fb8c9be319e4784b4b66f9ca5d839ab,P1|0|e9zR4mvMWw7_4fb8c9be319e4784b4b66f9ca5d839ab|manual,e9zR4mvMWw7_4fb8c9be319e4784b4b66f9ca5d839ab,P1,manual,e9zR4mvMWw7,True,all_archived,9,24,0.19814991430661438,0.07916658381159827,0.7204803962358814
extended73|P1|manual|e9zR4mvMWw7_4fb8c9be319e4784b4b66f9ca5d839ab,P1|0|e9zR4mvMWw7_4fb8c9be319e4784b4b66f9ca5d839ab|manual,e9zR4mvMWw7_4fb8c9be319e4784b4b66f9ca5d839ab,P1,manual,e9zR4mvMWw7,True,all_archived,10,24,0.18105990922823603,0.06727062487847923,0.7458137030555929
extended73|P1|manual|e9zR4mvMWw7_4fb8c9be319e4784b4b66f9ca5d839ab,P1|0|e9zR4mvMWw7_4fb8c9be319e4784b4b66f9ca5d839ab|manual,e9zR4mvMWw7_4fb8c9be319e4784b4b66f9ca5d839ab,P1,manual,e9zR4mvMWw7,True,all_archived,11,24,0.16340984334237127,0.05781393888600443,0.7688779172996429
extended73|P1|manual|e9zR4mvMWw7_4fb8c9be319e4784b4b66f9ca5d839ab,P1|0|e9zR4mvMWw7_4fb8c9be319e4784b4b66f9ca5d839ab|manual,e9zR4mvMWw7_4fb8c9be319e4784b4b66f9ca5d839ab,P1,manual,e9zR4mvMWw7,True,all_archived,12,24,0.15221998410348123,0.0501002746636412,0.790224602426783
extended73|P1|manual|e9zR4mvMWw7_4fb8c9be319e4784b4b66f9ca5d839ab,P1|0|e9zR4mvMWw7_4fb8c9be319e4784b4b66f9ca5d839ab|manual,e9zR4mvMWw7_4fb8c9be319e4784b4b66f9ca5d839ab,P1,manual,e9zR4mvMWw7,True,all_archived,13,24,0.1382698674435449,0.043648707099163075,0.8102647122922397
extended73|P1|manual|e9zR4mvMWw7_4fb8c9be319e4784b4b66f9ca5d839ab,P1|0|e9zR4mvMWw7_4fb8c9be319e4784b4b66f9ca5d839ab|manual,e9zR4mvMWw7_4fb8c9be319e4784b4b66f9ca5d839ab,P1,manual,e9zR4mvMWw7,True,all_archived,14,24,0.12932850659159717,0.038117155537064004,0.8293114208446015
extended73|P1|manual|e9zR4mvMWw7_4fb8c9be319e4784b4b66f9ca5d839ab,P1|0|e9zR4mvMWw7_4fb8c9be319e4784b4b66f9ca5d839ab|manual,e9zR4mvMWw7_4fb8c9be319e4784b4b66f9ca5d839ab,P1,manual,e9zR4mvMWw7,True,all_archived,15,24,0.11888994858396865,0.03325662228694265,0.8476076555023923
extended73|P1|manual|e9zR4mvMWw7_4fb8c9be319e4784b4b66f9ca5d839ab,P1|0|e9zR4mvMWw7_4fb8c9be319e4784b4b66f9ca5d839ab|manual,e9zR4mvMWw7_4fb8c9be319e4784b4b66f9ca5d839ab,P1,manual,e9zR4mvMWw7,True,all_archived,16,24,0.1085181298786764,0.028882455369869556,0.8653445207220951
extended73|P1|manual|e9zR4mvMWw7_4fb8c9be319e4784b4b66f9ca5d839ab,P1|0|e9zR4mvMWw7_4fb8c9be319e4784b4b66f9ca5d839ab|manual,e9zR4mvMWw7_4fb8c9be319e4784b4b66f9ca5d839ab,P1,manual,e9zR4mvMWw7,True,all_archived,17,24,0.09380906079233581,0.024855366209771246,0.8826739939440167
extended73|P1|manual|e9zR4mvMWw7_4fb8c9be319e4784b4b66f9ca5d839ab,P1|0|e9zR4mvMWw7_4fb8c9be319e4784b4b66f9ca5d839ab|manual,e9zR4mvMWw7_4fb8c9be319e4784b4b66f9ca5d839ab,P1,manual,e9zR4mvMWw7,True,all_archived,18,24,0.08352815503845254,0.021068605307735744,0.8997176736307171
extended73|P1|manual|e9zR4mvMWw7_4fb8c9be319e4784b4b66f9ca5d839ab,P1|0|e9zR4mvMWw7_4fb8c9be319e4784b4b66f9ca5d839ab|manual,e9zR4mvMWw7_4fb8c9be319e4784b4b66f9ca5d839ab,P1,manual,e9zR4mvMWw7,True,all_archived,19,24,0.07590204100501582,0.017439535102578584,0.9165725578769056
extended73|P1|manual|e9zR4mvMWw7_4fb8c9be319e4784b4b66f9ca5d839ab,P1|0|e9zR4mvMWw7_4fb8c9be319e4784b4b66f9ca5d839ab|manual,e9zR4mvMWw7_4fb8c9be319e4784b4b66f9ca5d839ab,P1,manual,e9zR4mvMWw7,True,all_archived,20,24,0.06439001819436602,0.013904573687182382,0.9333145115753811
extended73|P1|manual|e9zR4mvMWw7_4fb8c9be319e4784b4b66f9ca5d839ab,P1|0|e9zR4mvMWw7_4fb8c9be319e4784b4b66f9ca5d839ab|manual,e9zR4mvMWw7_4fb8c9be319e4784b4b66f9ca5d839ab,P1,manual,e9zR4mvMWw7,True,current20,1,20,0.6916666666666667,0.6916666666666665,0.2
extended73|P1|manual|e9zR4mvMWw7_4fb8c9be319e4784b4b66f9ca5d839ab,P1|0|e9zR4mvMWw7_4fb8c9be319e4784b4b66f9ca5d839ab|manual,e9zR4mvMWw7_4fb8c9be319e4784b4b66f9ca5d839ab,P1,manual,e9zR4mvMWw7,True,current20,2,20,0.4791666666666667,0.47916666666666663,0.348421052631579
extended73|P1|manual|e9zR4mvMWw7_4fb8c9be319e4784b4b66f9ca5d839ab,P1|0|e9zR4mvMWw7_4fb8c9be319e4784b4b66f9ca5d839ab|manual,e9zR4mvMWw7_4fb8c9be319e4784b4b66f9ca5d839ab,P1,manual,e9zR4mvMWw7,True,current20,3,20,0.39217836257309935,0.3342836257309941,0.45929824561403515
extended73|P1|manual|e9zR4mvMWw7_4fb8c9be319e4784b4b66f9ca5d839ab,P1|0|e9zR4mvMWw7_4fb8c9be319e4784b4b66f9ca5d839ab|manual,e9zR4mvMWw7_4fb8c9be319e4784b4b66f9ca5d839ab,P1,manual,e9zR4mvMWw7,True,current20,4,20,0.33082215342277255,0.23636050911592707,0.5431166150670794
extended73|P1|manual|e9zR4mvMWw7_4fb8c9be319e4784b4b66f9ca5d839ab,P1|0|e9zR4mvMWw7_4fb8c9be319e4784b4b66f9ca5d839ab|manual,e9zR4mvMWw7_4fb8c9be319e4784b4b66f9ca5d839ab,P1,manual,e9zR4mvMWw7,True,current20,5,20,0.2952012383900929,0.17053126074991398,0.6076109391124872
extended73|P1|manual|e9zR4mvMWw7_4fb8c9be319e4784b4b66f9ca5d839ab,P1|0|e9zR4mvMWw7_4fb8c9be319e4784b4b66f9ca5d839ab|manual,e9zR4mvMWw7_4fb8c9be319e4784b4b66f9ca5d839ab,P1,manual,e9zR4mvMWw7,True,current20,6,20,0.2574056157550739,0.12629106467148263,0.6584158926728586
extended73|P1|manual|e9zR4mvMWw7_4fb8c9be319e4784b4b66f9ca5d839ab,P1|0|e9zR4mvMWw7_4fb8c9be319e4784b4b66f9ca5d839ab|manual,e9zR4mvMWw7_4fb8c9be319e4784b4b66f9ca5d839ab,P1,manual,e9zR4mvMWw7,True,current20,7,20,0.23319573443412453,0.0963579291365669,0.6995872033023736
extended73|P1|manual|e9zR4mvMWw7_4fb8c9be319e4784b4b66f9ca5d839ab,P1|0|e9zR4mvMWw7_4fb8c9be319e4784b4b66f9ca5d839ab|manual,e9zR4mvMWw7_4fb8c9be319e4784b4b66f9ca5d839ab,P1,manual,e9zR4mvMWw7,True,current20,8,20,0.22195595512158983,0.0757819322060808,0.7340128602048106
extended73|P1|manual|e9zR4mvMWw7_4fb8c9be319e4784b4b66f9ca5d839ab,P1|0|e9zR4mvMWw7_4fb8c9be319e4784b4b66f9ca5d839ab|manual,e9zR4mvMWw7_4fb8c9be319e4784b4b66f9ca5d839ab,P1,manual,e9zR4mvMWw7,True,current20,9,20,0.2013981503532587,0.0612621060569977,0.7637318409145035
extended73|P1|manual|e9zR4mvMWw7_4fb8c9be319e4784b4b66f9ca5d839ab,P1|0|e9zR4mvMWw7_4fb8c9be319e4784b4b66f9ca5d839ab|manual,e9zR4mvMWw7_4fb8c9be319e4784b4b66f9ca5d839ab,P1,manual,e9zR4mvMWw7,True,current20,10,20,0.18318051917123124,0.05063457569262522,0.7901762324362943
extended73|P1|manual|e9zR4mvMWw7_4fb8c9be319e4784b4b66f9ca5d839ab,P1|0|e9zR4mvMWw7_4fb8c9be319e4784b4b66f9ca5d839ab|manual,e9zR4mvMWw7_4fb8c9be319e4784b4b66f9ca5d839ab,P1,manual,e9zR4mvMWw7,True,current20,11,20,0.1648914424069223,0.04249920616019687,0.8143510359609432
extended73|P1|manual|e9zR4mvMWw7_4fb8c9be319e4784b4b66f9ca5d839ab,P1|0|e9zR4mvMWw7_4fb8c9be319e4784b4b66f9ca5d839ab|manual,e9zR4mvMWw7_4fb8c9be319e4784b4b66f9ca5d839ab,P1,manual,e9zR4mvMWw7,True,current20,12,20,0.15326235082427034,0.03595565081633193,0.8369643565928395
extended73|P1|manual|e9zR4mvMWw7_4fb8c9be319e4784b4b66f9ca5d839ab,P1|0|e9zR4mvMWw7_4fb8c9be319e4784b4b66f9ca5d839ab|manual,e9zR4mvMWw7_4fb8c9be319e4784b4b66f9ca5d839ab,P1,manual,e9zR4mvMWw7,True,current20,13,20,0.13862791405361066,0.030423331613347093,0.8585190918472652
extended73|P1|manual|e9zR4mvMWw7_4fb8c9be319e4784b4b66f9ca5d839ab,P1|0|e9zR4mvMWw7_4fb8c9be319e4784b4b66f9ca5d839ab|manual,e9zR4mvMWw7_4fb8c9be319e4784b4b66f9ca5d839ab,P1,manual,e9zR4mvMWw7,True,current20,14,20,0.12813359993120058,0.025523520811833504,0.87937564499484
extended73|P1|manual|e9zR4mvMWw7_4fb8c9be319e4784b4b66f9ca5d839ab,P1|0|e9zR4mvMWw7_4fb8c9be319e4784b4b66f9ca5d839ab|manual,e9zR4mvMWw7_4fb8c9be319e4784b4b66f9ca5d839ab,P1,manual,e9zR4mvMWw7,True,current20,15,20,0.11741486068111456,0.021005331957344338,0.8997936016511868
extended73|P1|manual|e9zR4mvMWw7_4fb8c9be319e4784b4b66f9ca5d839ab,P1|0|e9zR4mvMWw7_4fb8c9be319e4784b4b66f9ca5d839ab|manual,e9zR4mvMWw7_4fb8c9be319e4784b4b66f9ca5d839ab,P1,manual,e9zR4mvMWw7,True,current20,16,20,0.10513415892672857,0.016701066391468868,0.9199587203302373
extended73|P1|manual|e9zR4mvMWw7_4fb8c9be319e4784b4b66f9ca5d839ab,P1|0|e9zR4mvMWw7_4fb8c9be319e4784b4b66f9ca5d839ab|manual,e9zR4mvMWw7_4fb8c9be319e4784b4b66f9ca5d839ab,P1,manual,e9zR4mvMWw7,True,current20,17,20,0.09011007911936705,0.012499999999999999,0.9400000000000001
extended73|P1|manual|e9zR4mvMWw7_4fb8c9be319e4784b4b66f9ca5d839ab,P1|0|e9zR4mvMWw7_4fb8c9be319e4784b4b66f9ca5d839ab|manual,e9zR4mvMWw7_4fb8c9be319e4784b4b66f9ca5d839ab,P1,manual,e9zR4mvMWw7,True,current20,18,20,0.08004385964912279,0.008333333333333333,0.96
extended73|P1|manual|e9zR4mvMWw7_4fb8c9be319e4784b4b66f9ca5d839ab,P1|0|e9zR4mvMWw7_4fb8c9be319e4784b4b66f9ca5d839ab|manual,e9zR4mvMWw7_4fb8c9be319e4784b4b66f9ca5d839ab,P1,manual,e9zR4mvMWw7,True,current20,19,20,0.07280701754385965,0.004166666666666667,0.9800000000000001
extended73|P1|manual|e9zR4mvMWw7_4fb8c9be319e4784b4b66f9ca5d839ab,P1|0|e9zR4mvMWw7_4fb8c9be319e4784b4b66f9ca5d839ab|manual,e9zR4mvMWw7_4fb8c9be319e4784b4b66f9ca5d839ab,P1,manual,e9zR4mvMWw7,True,current20,20,20,0.058333333333333307,0.0,1.0
extended73|P1|manual|q9vSo1VnCiC_2a8ef249ec0e4ad5bfe138a65f50964e,P1|0|q9vSo1VnCiC_2a8ef249ec0e4ad5bfe138a65f50964e|manual,q9vSo1VnCiC_2a8ef249ec0e4ad5bfe138a65f50964e,P1,manual,q9vSo1VnCiC,True,all_archived,1,24,0.0,0.0,1.0
extended73|P1|manual|q9vSo1VnCiC_2a8ef249ec0e4ad5bfe138a65f50964e,P1|0|q9vSo1VnCiC_2a8ef249ec0e4ad5bfe138a65f50964e|manual,q9vSo1VnCiC_2a8ef249ec0e4ad5bfe138a65f50964e,P1,manual,q9vSo1VnCiC,True,all_archived,2,24,0.0,0.0,1.0
extended73|P1|manual|q9vSo1VnCiC_2a8ef249ec0e4ad5bfe138a65f50964e,P1|0|q9vSo1VnCiC_2a8ef249ec0e4ad5bfe138a65f50964e|manual,q9vSo1VnCiC_2a8ef249ec0e4ad5bfe138a65f50964e,P1,manual,q9vSo1VnCiC,True,all_archived,3,24,0.0,0.0,1.0
extended73|P1|manual|q9vSo1VnCiC_2a8ef249ec0e4ad5bfe138a65f50964e,P1|0|q9vSo1VnCiC_2a8ef249ec0e4ad5bfe138a65f50964e|manual,q9vSo1VnCiC_2a8ef249ec0e4ad5bfe138a65f50964e,P1,manual,q9vSo1VnCiC,True,all_archived,4,24,0.0,0.0,1.0
extended73|P1|manual|q9vSo1VnCiC_2a8ef249ec0e4ad5bfe138a65f50964e,P1|0|q9vSo1VnCiC_2a8ef249ec0e4ad5bfe138a65f50964e|manual,q9vSo1VnCiC_2a8ef249ec0e4ad5bfe138a65f50964e,P1,manual,q9vSo1VnCiC,True,all_archived,5,24,0.0,0.0,1.0
extended73|P1|manual|q9vSo1VnCiC_2a8ef249ec0e4ad5bfe138a65f50964e,P1|0|q9vSo1VnCiC_2a8ef249ec0e4ad5bfe138a65f50964e|manual,q9vSo1VnCiC_2a8ef249ec0e4ad5bfe138a65f50964e,P1,manual,q9vSo1VnCiC,True,all_archived,6,24,0.0,0.0,1.0
extended73|P1|manual|q9vSo1VnCiC_2a8ef249ec0e4ad5bfe138a65f50964e,P1|0|q9vSo1VnCiC_2a8ef249ec0e4ad5bfe138a65f50964e|manual,q9vSo1VnCiC_2a8ef249ec0e4ad5bfe138a65f50964e,P1,manual,q9vSo1VnCiC,True,all_archived,7,24,0.0,0.0,1.0
extended73|P1|manual|q9vSo1VnCiC_2a8ef249ec0e4ad5bfe138a65f50964e,P1|0|q9vSo1VnCiC_2a8ef249ec0e4ad5bfe138a65f50964e|manual,q9vSo1VnCiC_2a8ef249ec0e4ad5bfe138a65f50964e,P1,manual,q9vSo1VnCiC,True,all_archived,8,24,0.0,0.0,1.0
extended73|P1|manual|q9vSo1VnCiC_2a8ef249ec0e4ad5bfe138a65f50964e,P1|0|q9vSo1VnCiC_2a8ef249ec0e4ad5bfe138a65f50964e|manual,q9vSo1VnCiC_2a8ef249ec0e4ad5bfe138a65f50964e,P1,manual,q9vSo1VnCiC,True,all_archived,9,24,0.0,0.0,1.0
extended73|P1|manual|q9vSo1VnCiC_2a8ef249ec0e4ad5bfe138a65f50964e,P1|0|q9vSo1VnCiC_2a8ef249ec0e4ad5bfe138a65f50964e|manual,q9vSo1VnCiC_2a8ef249ec0e4ad5bfe138a65f50964e,P1,manual,q9vSo1VnCiC,True,all_archived,10,24,0.0,0.0,1.0
extended73|P1|manual|q9vSo1VnCiC_2a8ef249ec0e4ad5bfe138a65f50964e,P1|0|q9vSo1VnCiC_2a8ef249ec0e4ad5bfe138a65f50964e|manual,q9vSo1VnCiC_2a8ef249ec0e4ad5bfe138a65f50964e,P1,manual,q9vSo1VnCiC,True,all_archived,11,24,0.0,0.0,1.0
extended73|P1|manual|q9vSo1VnCiC_2a8ef249ec0e4ad5bfe138a65f50964e,P1|0|q9vSo1VnCiC_2a8ef249ec0e4ad5bfe138a65f50964e|manual,q9vSo1VnCiC_2a8ef249ec0e4ad5bfe138a65f50964e,P1,manual,q9vSo1VnCiC,True,all_archived,12,24,0.0,0.0,1.0
extended73|P1|manual|q9vSo1VnCiC_2a8ef249ec0e4ad5bfe138a65f50964e,P1|0|q9vSo1VnCiC_2a8ef249ec0e4ad5bfe138a65f50964e|manual,q9vSo1VnCiC_2a8ef249ec0e4ad5bfe138a65f50964e,P1,manual,q9vSo1VnCiC,True,all_archived,13,24,0.0,0.0,1.0
extended73|P1|manual|q9vSo1VnCiC_2a8ef249ec0e4ad5bfe138a65f50964e,P1|0|q9vSo1VnCiC_2a8ef249ec0e4ad5bfe138a65f50964e|manual,q9vSo1VnCiC_2a8ef249ec0e4ad5bfe138a65f50964e,P1,manual,q9vSo1VnCiC,True,all_archived,14,24,0.0,0.0,1.0
extended73|P1|manual|q9vSo1VnCiC_2a8ef249ec0e4ad5bfe138a65f50964e,P1|0|q9vSo1VnCiC_2a8ef249ec0e4ad5bfe138a65f50964e|manual,q9vSo1VnCiC_2a8ef249ec0e4ad5bfe138a65f50964e,P1,manual,q9vSo1VnCiC,True,all_archived,15,24,0.0,0.0,1.0
extended73|P1|manual|q9vSo1VnCiC_2a8ef249ec0e4ad5bfe138a65f50964e,P1|0|q9vSo1VnCiC_2a8ef249ec0e4ad5bfe138a65f50964e|manual,q9vSo1VnCiC_2a8ef249ec0e4ad5bfe138a65f50964e,P1,manual,q9vSo1VnCiC,True,all_archived,16,24,0.0,0.0,1.0
extended73|P1|manual|q9vSo1VnCiC_2a8ef249ec0e4ad5bfe138a65f50964e,P1|0|q9vSo1VnCiC_2a8ef249ec0e4ad5bfe138a65f50964e|manual,q9vSo1VnCiC_2a8ef249ec0e4ad5bfe138a65f50964e,P1,manual,q9vSo1VnCiC,True,all_archived,17,24,0.0,0.0,1.0
extended73|P1|manual|q9vSo1VnCiC_2a8ef249ec0e4ad5bfe138a65f50964e,P1|0|q9vSo1VnCiC_2a8ef249ec0e4ad5bfe138a65f50964e|manual,q9vSo1VnCiC_2a8ef249ec0e4ad5bfe138a65f50964e,P1,manual,q9vSo1VnCiC,True,all_archived,18,24,0.0,0.0,1.0
extended73|P1|manual|q9vSo1VnCiC_2a8ef249ec0e4ad5bfe138a65f50964e,P1|0|q9vSo1VnCiC_2a8ef249ec0e4ad5bfe138a65f50964e|manual,q9vSo1VnCiC_2a8ef249ec0e4ad5bfe138a65f50964e,P1,manual,q9vSo1VnCiC,True,all_archived,19,24,0.0,0.0,1.0
extended73|P1|manual|q9vSo1VnCiC_2a8ef249ec0e4ad5bfe138a65f50964e,P1|0|q9vSo1VnCiC_2a8ef249ec0e4ad5bfe138a65f50964e|manual,q9vSo1VnCiC_2a8ef249ec0e4ad5bfe138a65f50964e,P1,manual,q9vSo1VnCiC,True,all_archived,20,24,0.0,0.0,1.0
extended73|P1|manual|q9vSo1VnCiC_2a8ef249ec0e4ad5bfe138a65f50964e,P1|0|q9vSo1VnCiC_2a8ef249ec0e4ad5bfe138a65f50964e|manual,q9vSo1VnCiC_2a8ef249ec0e4ad5bfe138a65f50964e,P1,manual,q9vSo1VnCiC,True,current20,1,20,0.0,0.0,1.0
extended73|P1|manual|q9vSo1VnCiC_2a8ef249ec0e4ad5bfe138a65f50964e,P1|0|q9vSo1VnCiC_2a8ef249ec0e4ad5bfe138a65f50964e|manual,q9vSo1VnCiC_2a8ef249ec0e4ad5bfe138a65f50964e,P1,manual,q9vSo1VnCiC,True,current20,2,20,0.0,0.0,1.0
extended73|P1|manual|q9vSo1VnCiC_2a8ef249ec0e4ad5bfe138a65f50964e,P1|0|q9vSo1VnCiC_2a8ef249ec0e4ad5bfe138a65f50964e|manual,q9vSo1VnCiC_2a8ef249ec0e4ad5bfe138a65f50964e,P1,manual,q9vSo1VnCiC,True,current20,3,20,0.0,0.0,1.0
extended73|P1|manual|q9vSo1VnCiC_2a8ef249ec0e4ad5bfe138a65f50964e,P1|0|q9vSo1VnCiC_2a8ef249ec0e4ad5bfe138a65f50964e|manual,q9vSo1VnCiC_2a8ef249ec0e4ad5bfe138a65f50964e,P1,manual,q9vSo1VnCiC,True,current20,4,20,0.0,0.0,1.0
extended73|P1|manual|q9vSo1VnCiC_2a8ef249ec0e4ad5bfe138a65f50964e,P1|0|q9vSo1VnCiC_2a8ef249ec0e4ad5bfe138a65f50964e|manual,q9vSo1VnCiC_2a8ef249ec0e4ad5bfe138a65f50964e,P1,manual,q9vSo1VnCiC,True,current20,5,20,0.0,0.0,1.0
extended73|P1|manual|q9vSo1VnCiC_2a8ef249ec0e4ad5bfe138a65f50964e,P1|0|q9vSo1VnCiC_2a8ef249ec0e4ad5bfe138a65f50964e|manual,q9vSo1VnCiC_2a8ef249ec0e4ad5bfe138a65f50964e,P1,manual,q9vSo1VnCiC,True,current20,6,20,0.0,0.0,1.0
extended73|P1|manual|q9vSo1VnCiC_2a8ef249ec0e4ad5bfe138a65f50964e,P1|0|q9vSo1VnCiC_2a8ef249ec0e4ad5bfe138a65f50964e|manual,q9vSo1VnCiC_2a8ef249ec0e4ad5bfe138a65f50964e,P1,manual,q9vSo1VnCiC,True,current20,7,20,0.0,0.0,1.0
extended73|P1|manual|q9vSo1VnCiC_2a8ef249ec0e4ad5bfe138a65f50964e,P1|0|q9vSo1VnCiC_2a8ef249ec0e4ad5bfe138a65f50964e|manual,q9vSo1VnCiC_2a8ef249ec0e4ad5bfe138a65f50964e,P1,manual,q9vSo1VnCiC,True,current20,8,20,0.0,0.0,1.0
extended73|P1|manual|q9vSo1VnCiC_2a8ef249ec0e4ad5bfe138a65f50964e,P1|0|q9vSo1VnCiC_2a8ef249ec0e4ad5bfe138a65f50964e|manual,q9vSo1VnCiC_2a8ef249ec0e4ad5bfe138a65f50964e,P1,manual,q9vSo1VnCiC,True,current20,9,20,0.0,0.0,1.0
extended73|P1|manual|q9vSo1VnCiC_2a8ef249ec0e4ad5bfe138a65f50964e,P1|0|q9vSo1VnCiC_2a8ef249ec0e4ad5bfe138a65f50964e|manual,q9vSo1VnCiC_2a8ef249ec0e4ad5bfe138a65f50964e,P1,manual,q9vSo1VnCiC,True,current20,10,20,0.0,0.0,1.0
extended73|P1|manual|q9vSo1VnCiC_2a8ef249ec0e4ad5bfe138a65f50964e,P1|0|q9vSo1VnCiC_2a8ef249ec0e4ad5bfe138a65f50964e|manual,q9vSo1VnCiC_2a8ef249ec0e4ad5bfe138a65f50964e,P1,manual,q9vSo1VnCiC,True,current20,11,20,0.0,0.0,1.0
extended73|P1|manual|q9vSo1VnCiC_2a8ef249ec0e4ad5bfe138a65f50964e,P1|0|q9vSo1VnCiC_2a8ef249ec0e4ad5bfe138a65f50964e|manual,q9vSo1VnCiC_2a8ef249ec0e4ad5bfe138a65f50964e,P1,manual,q9vSo1VnCiC,True,current20,12,20,0.0,0.0,1.0
extended73|P1|manual|q9vSo1VnCiC_2a8ef249ec0e4ad5bfe138a65f50964e,P1|0|q9vSo1VnCiC_2a8ef249ec0e4ad5bfe138a65f50964e|manual,q9vSo1VnCiC_2a8ef249ec0e4ad5bfe138a65f50964e,P1,manual,q9vSo1VnCiC,True,current20,13,20,0.0,0.0,1.0
extended73|P1|manual|q9vSo1VnCiC_2a8ef249ec0e4ad5bfe138a65f50964e,P1|0|q9vSo1VnCiC_2a8ef249ec0e4ad5bfe138a65f50964e|manual,q9vSo1VnCiC_2a8ef249ec0e4ad5bfe138a65f50964e,P1,manual,q9vSo1VnCiC,True,current20,14,20,0.0,0.0,1.0
extended73|P1|manual|q9vSo1VnCiC_2a8ef249ec0e4ad5bfe138a65f50964e,P1|0|q9vSo1VnCiC_2a8ef249ec0e4ad5bfe138a65f50964e|manual,q9vSo1VnCiC_2a8ef249ec0e4ad5bfe138a65f50964e,P1,manual,q9vSo1VnCiC,True,current20,15,20,0.0,0.0,1.0
extended73|P1|manual|q9vSo1VnCiC_2a8ef249ec0e4ad5bfe138a65f50964e,P1|0|q9vSo1VnCiC_2a8ef249ec0e4ad5bfe138a65f50964e|manual,q9vSo1VnCiC_2a8ef249ec0e4ad5bfe138a65f50964e,P1,manual,q9vSo1VnCiC,True,current20,16,20,0.0,0.0,1.0
extended73|P1|manual|q9vSo1VnCiC_2a8ef249ec0e4ad5bfe138a65f50964e,P1|0|q9vSo1VnCiC_2a8ef249ec0e4ad5bfe138a65f50964e|manual,q9vSo1VnCiC_2a8ef249ec0e4ad5bfe138a65f50964e,P1,manual,q9vSo1VnCiC,True,current20,17,20,0.0,0.0,1.0
extended73|P1|manual|q9vSo1VnCiC_2a8ef249ec0e4ad5bfe138a65f50964e,P1|0|q9vSo1VnCiC_2a8ef249ec0e4ad5bfe138a65f50964e|manual,q9vSo1VnCiC_2a8ef249ec0e4ad5bfe138a65f50964e,P1,manual,q9vSo1VnCiC,True,current20,18,20,0.0,0.0,1.0
extended73|P1|manual|q9vSo1VnCiC_2a8ef249ec0e4ad5bfe138a65f50964e,P1|0|q9vSo1VnCiC_2a8ef249ec0e4ad5bfe138a65f50964e|manual,q9vSo1VnCiC_2a8ef249ec0e4ad5bfe138a65f50964e,P1,manual,q9vSo1VnCiC,True,current20,19,20,0.0,0.0,1.0
extended73|P1|manual|q9vSo1VnCiC_2a8ef249ec0e4ad5bfe138a65f50964e,P1|0|q9vSo1VnCiC_2a8ef249ec0e4ad5bfe138a65f50964e|manual,q9vSo1VnCiC_2a8ef249ec0e4ad5bfe138a65f50964e,P1,manual,q9vSo1VnCiC,True,current20,20,20,0.0,0.0,1.0
extended73|P1|manual|q9vSo1VnCiC_c421f07780004647a7198c4ac5371e8a,P1|0|q9vSo1VnCiC_c421f07780004647a7198c4ac5371e8a|manual,q9vSo1VnCiC_c421f07780004647a7198c4ac5371e8a,P1,manual,q9vSo1VnCiC,True,all_archived,1,25,0.07680000000000001,0.0768,0.5
extended73|P1|manual|q9vSo1VnCiC_c421f07780004647a7198c4ac5371e8a,P1|0|q9vSo1VnCiC_c421f07780004647a7198c4ac5371e8a|manual,q9vSo1VnCiC_c421f07780004647a7198c4ac5371e8a,P1,manual,q9vSo1VnCiC,True,all_archived,2,25,0.07360000000000001,0.0368,0.54
extended73|P1|manual|q9vSo1VnCiC_c421f07780004647a7198c4ac5371e8a,P1|0|q9vSo1VnCiC_c421f07780004647a7198c4ac5371e8a|manual,q9vSo1VnCiC_c421f07780004647a7198c4ac5371e8a,P1,manual,q9vSo1VnCiC,True,all_archived,3,25,0.07040000000000002,0.0352,0.56
extended73|P1|manual|q9vSo1VnCiC_c421f07780004647a7198c4ac5371e8a,P1|0|q9vSo1VnCiC_c421f07780004647a7198c4ac5371e8a|manual,q9vSo1VnCiC_c421f07780004647a7198c4ac5371e8a,P1,manual,q9vSo1VnCiC,True,all_archived,4,25,0.06720000000000001,0.0336,0.5800000000000001
extended73|P1|manual|q9vSo1VnCiC_c421f07780004647a7198c4ac5371e8a,P1|0|q9vSo1VnCiC_c421f07780004647a7198c4ac5371e8a|manual,q9vSo1VnCiC_c421f07780004647a7198c4ac5371e8a,P1,manual,q9vSo1VnCiC,True,all_archived,5,25,0.064,0.032,0.6
extended73|P1|manual|q9vSo1VnCiC_c421f07780004647a7198c4ac5371e8a,P1|0|q9vSo1VnCiC_c421f07780004647a7198c4ac5371e8a|manual,q9vSo1VnCiC_c421f07780004647a7198c4ac5371e8a,P1,manual,q9vSo1VnCiC,True,all_archived,6,25,0.0608,0.0304,0.62
extended73|P1|manual|q9vSo1VnCiC_c421f07780004647a7198c4ac5371e8a,P1|0|q9vSo1VnCiC_c421f07780004647a7198c4ac5371e8a|manual,q9vSo1VnCiC_c421f07780004647a7198c4ac5371e8a,P1,manual,q9vSo1VnCiC,True,all_archived,7,25,0.05760000000000001,0.0288,0.64
extended73|P1|manual|q9vSo1VnCiC_c421f07780004647a7198c4ac5371e8a,P1|0|q9vSo1VnCiC_c421f07780004647a7198c4ac5371e8a|manual,q9vSo1VnCiC_c421f07780004647a7198c4ac5371e8a,P1,manual,q9vSo1VnCiC,True,all_archived,8,25,0.05440000000000001,0.027200000000000002,0.6599999999999999
extended73|P1|manual|q9vSo1VnCiC_c421f07780004647a7198c4ac5371e8a,P1|0|q9vSo1VnCiC_c421f07780004647a7198c4ac5371e8a|manual,q9vSo1VnCiC_c421f07780004647a7198c4ac5371e8a,P1,manual,q9vSo1VnCiC,True,all_archived,9,25,0.05120000000000001,0.0256,0.6799999999999999
extended73|P1|manual|q9vSo1VnCiC_c421f07780004647a7198c4ac5371e8a,P1|0|q9vSo1VnCiC_c421f07780004647a7198c4ac5371e8a|manual,q9vSo1VnCiC_c421f07780004647a7198c4ac5371e8a,P1,manual,q9vSo1VnCiC,True,all_archived,10,25,0.048,0.024,0.7
extended73|P1|manual|q9vSo1VnCiC_c421f07780004647a7198c4ac5371e8a,P1|0|q9vSo1VnCiC_c421f07780004647a7198c4ac5371e8a|manual,q9vSo1VnCiC_c421f07780004647a7198c4ac5371e8a,P1,manual,q9vSo1VnCiC,True,all_archived,11,25,0.04480000000000001,0.022400000000000003,0.72
extended73|P1|manual|q9vSo1VnCiC_c421f07780004647a7198c4ac5371e8a,P1|0|q9vSo1VnCiC_c421f07780004647a7198c4ac5371e8a|manual,q9vSo1VnCiC_c421f07780004647a7198c4ac5371e8a,P1,manual,q9vSo1VnCiC,True,all_archived,12,25,0.04160000000000001,0.020800000000000003,0.74
extended73|P1|manual|q9vSo1VnCiC_c421f07780004647a7198c4ac5371e8a,P1|0|q9vSo1VnCiC_c421f07780004647a7198c4ac5371e8a|manual,q9vSo1VnCiC_c421f07780004647a7198c4ac5371e8a,P1,manual,q9vSo1VnCiC,True,all_archived,13,25,0.03839999999999999,0.0192,0.76
extended73|P1|manual|q9vSo1VnCiC_c421f07780004647a7198c4ac5371e8a,P1|0|q9vSo1VnCiC_c421f07780004647a7198c4ac5371e8a|manual,q9vSo1VnCiC_c421f07780004647a7198c4ac5371e8a,P1,manual,q9vSo1VnCiC,True,all_archived,14,25,0.03519999999999999,0.0176,0.78
extended73|P1|manual|q9vSo1VnCiC_c421f07780004647a7198c4ac5371e8a,P1|0|q9vSo1VnCiC_c421f07780004647a7198c4ac5371e8a|manual,q9vSo1VnCiC_c421f07780004647a7198c4ac5371e8a,P1,manual,q9vSo1VnCiC,True,all_archived,15,25,0.031999999999999994,0.016,0.8
extended73|P1|manual|q9vSo1VnCiC_c421f07780004647a7198c4ac5371e8a,P1|0|q9vSo1VnCiC_c421f07780004647a7198c4ac5371e8a|manual,q9vSo1VnCiC_c421f07780004647a7198c4ac5371e8a,P1,manual,q9vSo1VnCiC,True,all_archived,16,25,0.028799999999999992,0.0144,0.8200000000000001
extended73|P1|manual|q9vSo1VnCiC_c421f07780004647a7198c4ac5371e8a,P1|0|q9vSo1VnCiC_c421f07780004647a7198c4ac5371e8a|manual,q9vSo1VnCiC_c421f07780004647a7198c4ac5371e8a,P1,manual,q9vSo1VnCiC,True,all_archived,17,25,0.025599999999999998,0.0128,0.84
extended73|P1|manual|q9vSo1VnCiC_c421f07780004647a7198c4ac5371e8a,P1|0|q9vSo1VnCiC_c421f07780004647a7198c4ac5371e8a|manual,q9vSo1VnCiC_c421f07780004647a7198c4ac5371e8a,P1,manual,q9vSo1VnCiC,True,all_archived,18,25,0.0224,0.011200000000000002,0.86
extended73|P1|manual|q9vSo1VnCiC_c421f07780004647a7198c4ac5371e8a,P1|0|q9vSo1VnCiC_c421f07780004647a7198c4ac5371e8a|manual,q9vSo1VnCiC_c421f07780004647a7198c4ac5371e8a,P1,manual,q9vSo1VnCiC,True,all_archived,19,25,0.01920000000000001,0.0096,0.88
extended73|P1|manual|q9vSo1VnCiC_c421f07780004647a7198c4ac5371e8a,P1|0|q9vSo1VnCiC_c421f07780004647a7198c4ac5371e8a|manual,q9vSo1VnCiC_c421f07780004647a7198c4ac5371e8a,P1,manual,q9vSo1VnCiC,True,all_archived,20,25,0.016000000000000007,0.008,0.9
extended73|P1|manual|q9vSo1VnCiC_c421f07780004647a7198c4ac5371e8a,P1|0|q9vSo1VnCiC_c421f07780004647a7198c4ac5371e8a|manual,q9vSo1VnCiC_c421f07780004647a7198c4ac5371e8a,P1,manual,q9vSo1VnCiC,True,current20,1,20,0.04000000000000002,0.04,0.5
extended73|P1|manual|q9vSo1VnCiC_c421f07780004647a7198c4ac5371e8a,P1|0|q9vSo1VnCiC_c421f07780004647a7198c4ac5371e8a|manual,q9vSo1VnCiC_c421f07780004647a7198c4ac5371e8a,P1,manual,q9vSo1VnCiC,True,current20,2,20,0.04000000000000002,0.04,0.5
extended73|P1|manual|q9vSo1VnCiC_c421f07780004647a7198c4ac5371e8a,P1|0|q9vSo1VnCiC_c421f07780004647a7198c4ac5371e8a|manual,q9vSo1VnCiC_c421f07780004647a7198c4ac5371e8a,P1,manual,q9vSo1VnCiC,True,current20,3,20,0.04000000000000002,0.04,0.5
extended73|P1|manual|q9vSo1VnCiC_c421f07780004647a7198c4ac5371e8a,P1|0|q9vSo1VnCiC_c421f07780004647a7198c4ac5371e8a|manual,q9vSo1VnCiC_c421f07780004647a7198c4ac5371e8a,P1,manual,q9vSo1VnCiC,True,current20,4,20,0.04000000000000002,0.04,0.5
extended73|P1|manual|q9vSo1VnCiC_c421f07780004647a7198c4ac5371e8a,P1|0|q9vSo1VnCiC_c421f07780004647a7198c4ac5371e8a|manual,q9vSo1VnCiC_c421f07780004647a7198c4ac5371e8a,P1,manual,q9vSo1VnCiC,True,current20,5,20,0.04000000000000002,0.04,0.5
extended73|P1|manual|q9vSo1VnCiC_c421f07780004647a7198c4ac5371e8a,P1|0|q9vSo1VnCiC_c421f07780004647a7198c4ac5371e8a|manual,q9vSo1VnCiC_c421f07780004647a7198c4ac5371e8a,P1,manual,q9vSo1VnCiC,True,current20,6,20,0.04000000000000002,0.04,0.5
extended73|P1|manual|q9vSo1VnCiC_c421f07780004647a7198c4ac5371e8a,P1|0|q9vSo1VnCiC_c421f07780004647a7198c4ac5371e8a|manual,q9vSo1VnCiC_c421f07780004647a7198c4ac5371e8a,P1,manual,q9vSo1VnCiC,True,current20,7,20,0.04000000000000002,0.04,0.5
extended73|P1|manual|q9vSo1VnCiC_c421f07780004647a7198c4ac5371e8a,P1|0|q9vSo1VnCiC_c421f07780004647a7198c4ac5371e8a|manual,q9vSo1VnCiC_c421f07780004647a7198c4ac5371e8a,P1,manual,q9vSo1VnCiC,True,current20,8,20,0.04000000000000002,0.04,0.5
extended73|P1|manual|q9vSo1VnCiC_c421f07780004647a7198c4ac5371e8a,P1|0|q9vSo1VnCiC_c421f07780004647a7198c4ac5371e8a|manual,q9vSo1VnCiC_c421f07780004647a7198c4ac5371e8a,P1,manual,q9vSo1VnCiC,True,current20,9,20,0.04000000000000002,0.04,0.5
extended73|P1|manual|q9vSo1VnCiC_c421f07780004647a7198c4ac5371e8a,P1|0|q9vSo1VnCiC_c421f07780004647a7198c4ac5371e8a|manual,q9vSo1VnCiC_c421f07780004647a7198c4ac5371e8a,P1,manual,q9vSo1VnCiC,True,current20,10,20,0.04000000000000002,0.04,0.5
extended73|P1|manual|q9vSo1VnCiC_c421f07780004647a7198c4ac5371e8a,P1|0|q9vSo1VnCiC_c421f07780004647a7198c4ac5371e8a|manual,q9vSo1VnCiC_c421f07780004647a7198c4ac5371e8a,P1,manual,q9vSo1VnCiC,True,current20,11,20,0.04000000000000002,0.04,0.5
extended73|P1|manual|q9vSo1VnCiC_c421f07780004647a7198c4ac5371e8a,P1|0|q9vSo1VnCiC_c421f07780004647a7198c4ac5371e8a|manual,q9vSo1VnCiC_c421f07780004647a7198c4ac5371e8a,P1,manual,q9vSo1VnCiC,True,current20,12,20,0.04000000000000002,0.04,0.5
extended73|P1|manual|q9vSo1VnCiC_c421f07780004647a7198c4ac5371e8a,P1|0|q9vSo1VnCiC_c421f07780004647a7198c4ac5371e8a|manual,q9vSo1VnCiC_c421f07780004647a7198c4ac5371e8a,P1,manual,q9vSo1VnCiC,True,current20,13,20,0.04000000000000002,0.04,0.5
extended73|P1|manual|q9vSo1VnCiC_c421f07780004647a7198c4ac5371e8a,P1|0|q9vSo1VnCiC_c421f07780004647a7198c4ac5371e8a|manual,q9vSo1VnCiC_c421f07780004647a7198c4ac5371e8a,P1,manual,q9vSo1VnCiC,True,current20,14,20,0.04000000000000002,0.04,0.5
extended73|P1|manual|q9vSo1VnCiC_c421f07780004647a7198c4ac5371e8a,P1|0|q9vSo1VnCiC_c421f07780004647a7198c4ac5371e8a|manual,q9vSo1VnCiC_c421f07780004647a7198c4ac5371e8a,P1,manual,q9vSo1VnCiC,True,current20,15,20,0.04000000000000002,0.04,0.5
extended73|P1|manual|q9vSo1VnCiC_c421f07780004647a7198c4ac5371e8a,P1|0|q9vSo1VnCiC_c421f07780004647a7198c4ac5371e8a|manual,q9vSo1VnCiC_c421f07780004647a7198c4ac5371e8a,P1,manual,q9vSo1VnCiC,True,current20,16,20,0.04000000000000002,0.04,0.5
extended73|P1|manual|q9vSo1VnCiC_c421f07780004647a7198c4ac5371e8a,P1|0|q9vSo1VnCiC_c421f07780004647a7198c4ac5371e8a|manual,q9vSo1VnCiC_c421f07780004647a7198c4ac5371e8a,P1,manual,q9vSo1VnCiC,True,current20,17,20,0.04000000000000002,0.04,0.5
extended73|P1|manual|q9vSo1VnCiC_c421f07780004647a7198c4ac5371e8a,P1|0|q9vSo1VnCiC_c421f07780004647a7198c4ac5371e8a|manual,q9vSo1VnCiC_c421f07780004647a7198c4ac5371e8a,P1,manual,q9vSo1VnCiC,True,current20,18,20,0.04000000000000002,0.04,0.5
extended73|P1|manual|q9vSo1VnCiC_c421f07780004647a7198c4ac5371e8a,P1|0|q9vSo1VnCiC_c421f07780004647a7198c4ac5371e8a|manual,q9vSo1VnCiC_c421f07780004647a7198c4ac5371e8a,P1,manual,q9vSo1VnCiC,True,current20,19,20,0.04000000000000002,0.04,0.5
extended73|P1|manual|q9vSo1VnCiC_c421f07780004647a7198c4ac5371e8a,P1|0|q9vSo1VnCiC_c421f07780004647a7198c4ac5371e8a|manual,q9vSo1VnCiC_c421f07780004647a7198c4ac5371e8a,P1,manual,q9vSo1VnCiC,True,current20,20,20,0.04000000000000002,0.04,0.5
extended73|P1|manual|q9vSo1VnCiC_e74e843601574864a14517f990c748a0,P1|0|q9vSo1VnCiC_e74e843601574864a14517f990c748a0|manual,q9vSo1VnCiC_e74e843601574864a14517f990c748a0,P1,manual,q9vSo1VnCiC,True,all_archived,1,25,0.3488,0.3488,0.2
extended73|P1|manual|q9vSo1VnCiC_e74e843601574864a14517f990c748a0,P1|0|q9vSo1VnCiC_e74e843601574864a14517f990c748a0|manual,q9vSo1VnCiC_e74e843601574864a14517f990c748a0,P1,manual,q9vSo1VnCiC,True,all_archived,2,25,0.3045333333333333,0.20453333333333334,0.27266666666666667
extended73|P1|manual|q9vSo1VnCiC_e74e843601574864a14517f990c748a0,P1|0|q9vSo1VnCiC_e74e843601574864a14517f990c748a0|manual,q9vSo1VnCiC_e74e843601574864a14517f990c748a0,P1,manual,q9vSo1VnCiC,True,all_archived,3,25,0.2663304347826087,0.17067826086956525,0.3171304347826087
extended73|P1|manual|q9vSo1VnCiC_e74e843601574864a14517f990c748a0,P1|0|q9vSo1VnCiC_e74e843601574864a14517f990c748a0|manual,q9vSo1VnCiC_e74e843601574864a14517f990c748a0,P1,manual,q9vSo1VnCiC,True,all_archived,4,25,0.23340079051383397,0.15711620553359681,0.3559209486166009
extended73|P1|manual|q9vSo1VnCiC_e74e843601574864a14517f990c748a0,P1|0|q9vSo1VnCiC_e74e843601574864a14517f990c748a0|manual,q9vSo1VnCiC_e74e843601574864a14517f990c748a0,P1,manual,q9vSo1VnCiC,True,all_archived,5,25,0.2050291737248259,0.14668172407302843,0.39332956898174287
extended73|P1|manual|q9vSo1VnCiC_e74e843601574864a14517f990c748a0,P1|0|q9vSo1VnCiC_e74e843601574864a14517f990c748a0|manual,q9vSo1VnCiC_e74e843601574864a14517f990c748a0,P1,manual,q9vSo1VnCiC,True,all_archived,6,25,0.19516250705815918,0.1368,0.43000000000000005
extended73|P1|manual|q9vSo1VnCiC_e74e843601574864a14517f990c748a0,P1|0|q9vSo1VnCiC_e74e843601574864a14517f990c748a0|manual,q9vSo1VnCiC_e74e843601574864a14517f990c748a0,P1,manual,q9vSo1VnCiC,True,all_archived,7,25,0.18249079616036135,0.12719999999999998,0.466
extended73|P1|manual|q9vSo1VnCiC_e74e843601574864a14517f990c748a0,P1|0|q9vSo1VnCiC_e74e843601574864a14517f990c748a0|manual,q9vSo1VnCiC_e74e843601574864a14517f990c748a0,P1,manual,q9vSo1VnCiC,True,all_archived,8,25,0.16803794466403163,0.11786666666666668,0.5013333333333333
extended73|P1|manual|q9vSo1VnCiC_e74e843601574864a14517f990c748a0,P1|0|q9vSo1VnCiC_e74e843601574864a14517f990c748a0|manual,q9vSo1VnCiC_e74e843601574864a14517f990c748a0,P1,manual,q9vSo1VnCiC,True,all_archived,9,25,0.15264716732542816,0.1088,0.5359999999999999
extended73|P1|manual|q9vSo1VnCiC_e74e843601574864a14517f990c748a0,P1|0|q9vSo1VnCiC_e74e843601574864a14517f990c748a0|manual,q9vSo1VnCiC_e74e843601574864a14517f990c748a0,P1,manual,q9vSo1VnCiC,True,all_archived,10,25,0.13699604743083005,0.1,0.57
extended73|P1|manual|q9vSo1VnCiC_e74e843601574864a14517f990c748a0,P1|0|q9vSo1VnCiC_e74e843601574864a14517f990c748a0|manual,q9vSo1VnCiC_e74e843601574864a14517f990c748a0,P1,manual,q9vSo1VnCiC,True,all_archived,11,25,0.1284627140974967,0.09146666666666668,0.6033333333333333
extended73|P1|manual|q9vSo1VnCiC_e74e843601574864a14517f990c748a0,P1|0|q9vSo1VnCiC_e74e843601574864a14517f990c748a0|manual,q9vSo1VnCiC_e74e843601574864a14517f990c748a0,P1,manual,q9vSo1VnCiC,True,all_archived,12,25,0.11872795031055901,0.08320000000000001,0.6359999999999999
extended73|P1|manual|q9vSo1VnCiC_e74e843601574864a14517f990c748a0,P1|0|q9vSo1VnCiC_e74e843601574864a14517f990c748a0|manual,q9vSo1VnCiC_e74e843601574864a14517f990c748a0,P1,manual,q9vSo1VnCiC,True,all_archived,13,25,0.10959503105590063,0.07519999999999999,0.6679999999999999
extended73|P1|manual|q9vSo1VnCiC_e74e843601574864a14517f990c748a0,P1|0|q9vSo1VnCiC_e74e843601574864a14517f990c748a0|manual,q9vSo1VnCiC_e74e843601574864a14517f990c748a0,P1,manual,q9vSo1VnCiC,True,all_archived,14,25,0.10093498964803313,0.06746666666666667,0.6993333333333334
extended73|P1|manual|q9vSo1VnCiC_e74e843601574864a14517f990c748a0,P1|0|q9vSo1VnCiC_e74e843601574864a14517f990c748a0|manual,q9vSo1VnCiC_e74e843601574864a14517f990c748a0,P1,manual,q9vSo1VnCiC,True,all_archived,15,25,0.09133069828722004,0.06,0.7300000000000001
extended73|P1|manual|q9vSo1VnCiC_e74e843601574864a14517f990c748a0,P1|0|q9vSo1VnCiC_e74e843601574864a14517f990c748a0|manual,q9vSo1VnCiC_e74e843601574864a14517f990c748a0,P1,manual,q9vSo1VnCiC,True,all_archived,16,25,0.08586403162055335,0.0528,0.76
extended73|P1|manual|q9vSo1VnCiC_e74e843601574864a14517f990c748a0,P1|0|q9vSo1VnCiC_e74e843601574864a14517f990c748a0|manual,q9vSo1VnCiC_e74e843601574864a14517f990c748a0,P1,manual,q9vSo1VnCiC,True,all_archived,17,25,0.07907667984189723,0.04586666666666667,0.7893333333333332
extended73|P1|manual|q9vSo1VnCiC_e74e843601574864a14517f990c748a0,P1|0|q9vSo1VnCiC_e74e843601574864a14517f990c748a0|manual,q9vSo1VnCiC_e74e843601574864a14517f990c748a0,P1,manual,q9vSo1VnCiC,True,all_archived,18,25,0.07096864295125166,0.039200000000000006,0.818
extended73|P1|manual|q9vSo1VnCiC_e74e843601574864a14517f990c748a0,P1|0|q9vSo1VnCiC_e74e843601574864a14517f990c748a0|manual,q9vSo1VnCiC_e74e843601574864a14517f990c748a0,P1,manual,q9vSo1VnCiC,True,all_archived,19,25,0.06163026538678712,0.032799999999999996,0.8459999999999999
extended73|P1|manual|q9vSo1VnCiC_e74e843601574864a14517f990c748a0,P1|0|q9vSo1VnCiC_e74e843601574864a14517f990c748a0|manual,q9vSo1VnCiC_e74e843601574864a14517f990c748a0,P1,manual,q9vSo1VnCiC,True,all_archived,20,25,0.051257293431206476,0.026666666666666665,0.8733333333333333
extended73|P1|manual|q9vSo1VnCiC_e74e843601574864a14517f990c748a0,P1|0|q9vSo1VnCiC_e74e843601574864a14517f990c748a0|manual,q9vSo1VnCiC_e74e843601574864a14517f990c748a0,P1,manual,q9vSo1VnCiC,True,current20,1,20,0.31199999999999994,0.312,0.2
extended73|P1|manual|q9vSo1VnCiC_e74e843601574864a14517f990c748a0,P1|0|q9vSo1VnCiC_e74e843601574864a14517f990c748a0|manual,q9vSo1VnCiC_e74e843601574864a14517f990c748a0,P1,manual,q9vSo1VnCiC,True,current20,2,20,0.27715789473684216,0.19663157894736846,0.25684210526315787
extended73|P1|manual|q9vSo1VnCiC_e74e843601574864a14517f990c748a0,P1|0|q9vSo1VnCiC_e74e843601574864a14517f990c748a0|manual,q9vSo1VnCiC_e74e843601574864a14517f990c748a0,P1,manual,q9vSo1VnCiC,True,current20,3,20,0.2452982456140351,0.17670175438596494,0.28982456140350876
extended73|P1|manual|q9vSo1VnCiC_e74e843601574864a14517f990c748a0,P1|0|q9vSo1VnCiC_e74e843601574864a14517f990c748a0|manual,q9vSo1VnCiC_e74e843601574864a14517f990c748a0,P1,manual,q9vSo1VnCiC,True,current20,4,20,0.2162456140350877,0.168,0.31999999999999995
extended73|P1|manual|q9vSo1VnCiC_e74e843601574864a14517f990c748a0,P1|0|q9vSo1VnCiC_e74e843601574864a14517f990c748a0|manual,q9vSo1VnCiC_e74e843601574864a14517f990c748a0,P1,manual,q9vSo1VnCiC,True,current20,5,20,0.18982456140350876,0.16,0.35
extended73|P1|manual|q9vSo1VnCiC_e74e843601574864a14517f990c748a0,P1|0|q9vSo1VnCiC_e74e843601574864a14517f990c748a0|manual,q9vSo1VnCiC_e74e843601574864a14517f990c748a0,P1,manual,q9vSo1VnCiC,True,current20,6,20,0.18182456140350875,0.152,0.38
extended73|P1|manual|q9vSo1VnCiC_e74e843601574864a14517f990c748a0,P1|0|q9vSo1VnCiC_e74e843601574864a14517f990c748a0|manual,q9vSo1VnCiC_e74e843601574864a14517f990c748a0,P1,manual,q9vSo1VnCiC,True,current20,7,20,0.17154385964912278,0.14400000000000002,0.41000000000000003
extended73|P1|manual|q9vSo1VnCiC_e74e843601574864a14517f990c748a0,P1|0|q9vSo1VnCiC_e74e843601574864a14517f990c748a0|manual,q9vSo1VnCiC_e74e843601574864a14517f990c748a0,P1,manual,q9vSo1VnCiC,True,current20,8,20,0.1593333333333333,0.136,0.43999999999999995
extended73|P1|manual|q9vSo1VnCiC_e74e843601574864a14517f990c748a0,P1|0|q9vSo1VnCiC_e74e843601574864a14517f990c748a0|manual,q9vSo1VnCiC_e74e843601574864a14517f990c748a0,P1,manual,q9vSo1VnCiC,True,current20,9,20,0.14554385964912278,0.128,0.4699999999999999
extended73|P1|manual|q9vSo1VnCiC_e74e843601574864a14517f990c748a0,P1|0|q9vSo1VnCiC_e74e843601574864a14517f990c748a0|manual,q9vSo1VnCiC_e74e843601574864a14517f990c748a0,P1,manual,q9vSo1VnCiC,True,current20,10,20,0.13052631578947368,0.12,0.5
extended73|P1|manual|q9vSo1VnCiC_e74e843601574864a14517f990c748a0,P1|0|q9vSo1VnCiC_e74e843601574864a14517f990c748a0|manual,q9vSo1VnCiC_e74e843601574864a14517f990c748a0,P1,manual,q9vSo1VnCiC,True,current20,11,20,0.12252631578947369,0.11200000000000002,0.53
extended73|P1|manual|q9vSo1VnCiC_e74e843601574864a14517f990c748a0,P1|0|q9vSo1VnCiC_e74e843601574864a14517f990c748a0|manual,q9vSo1VnCiC_e74e843601574864a14517f990c748a0,P1,manual,q9vSo1VnCiC,True,current20,12,20,0.11364912280701751,0.10400000000000001,0.56
extended73|P1|manual|q9vSo1VnCiC_e74e843601574864a14517f990c748a0,P1|0|q9vSo1VnCiC_e74e843601574864a14517f990c748a0|manual,q9vSo1VnCiC_e74e843601574864a14517f990c748a0,P1,manual,q9vSo1VnCiC,True,current20,13,20,0.10571929824561403,0.096,0.59
extended73|P1|manual|q9vSo1VnCiC_e74e843601574864a14517f990c748a0,P1|0|q9vSo1VnCiC_e74e843601574864a14517f990c748a0|manual,q9vSo1VnCiC_e74e843601574864a14517f990c748a0,P1,manual,q9vSo1VnCiC,True,current20,14,20,0.09856140350877192,0.088,0.6199999999999999
extended73|P1|manual|q9vSo1VnCiC_e74e843601574864a14517f990c748a0,P1|0|q9vSo1VnCiC_e74e843601574864a14517f990c748a0|manual,q9vSo1VnCiC_e74e843601574864a14517f990c748a0,P1,manual,q9vSo1VnCiC,True,current20,15,20,0.09,0.08,0.65
extended73|P1|manual|q9vSo1VnCiC_e74e843601574864a14517f990c748a0,P1|0|q9vSo1VnCiC_e74e843601574864a14517f990c748a0|manual,q9vSo1VnCiC_e74e843601574864a14517f990c748a0,P1,manual,q9vSo1VnCiC,True,current20,16,20,0.08599999999999998,0.07200000000000001,0.68
extended73|P1|manual|q9vSo1VnCiC_e74e843601574864a14517f990c748a0,P1|0|q9vSo1VnCiC_e74e843601574864a14517f990c748a0|manual,q9vSo1VnCiC_e74e843601574864a14517f990c748a0,P1,manual,q9vSo1VnCiC,True,current20,17,20,0.08199999999999996,0.064,0.7100000000000001
extended73|P1|manual|q9vSo1VnCiC_e74e843601574864a14517f990c748a0,P1|0|q9vSo1VnCiC_e74e843601574864a14517f990c748a0|manual,q9vSo1VnCiC_e74e843601574864a14517f990c748a0,P1,manual,q9vSo1VnCiC,True,current20,18,20,0.07799999999999999,0.056,0.74
extended73|P1|manual|q9vSo1VnCiC_e74e843601574864a14517f990c748a0,P1|0|q9vSo1VnCiC_e74e843601574864a14517f990c748a0|manual,q9vSo1VnCiC_e74e843601574864a14517f990c748a0,P1,manual,q9vSo1VnCiC,True,current20,19,20,0.07399999999999995,0.048,0.7699999999999999
extended73|P1|manual|q9vSo1VnCiC_e74e843601574864a14517f990c748a0,P1|0|q9vSo1VnCiC_e74e843601574864a14517f990c748a0|manual,q9vSo1VnCiC_e74e843601574864a14517f990c748a0,P1,manual,q9vSo1VnCiC,True,current20,20,20,0.06999999999999998,0.04,0.8
extended73|P1|manual|rPc6DW4iMge_186a32a1b7e34cb797731bfa78365db5,P1|0|rPc6DW4iMge_186a32a1b7e34cb797731bfa78365db5|manual,rPc6DW4iMge_186a32a1b7e34cb797731bfa78365db5,P1,manual,rPc6DW4iMge,True,all_archived,1,25,0.7552,0.7552,0.1111111111111111
extended73|P1|manual|rPc6DW4iMge_186a32a1b7e34cb797731bfa78365db5,P1|0|rPc6DW4iMge_186a32a1b7e34cb797731bfa78365db5|manual,rPc6DW4iMge_186a32a1b7e34cb797731bfa78365db5,P1,manual,rPc6DW4iMge,True,all_archived,2,25,0.5950666666666666,0.5950666666666666,0.19851851851851857
extended73|P1|manual|rPc6DW4iMge_186a32a1b7e34cb797731bfa78365db5,P1|0|rPc6DW4iMge_186a32a1b7e34cb797731bfa78365db5|manual,rPc6DW4iMge_186a32a1b7e34cb797731bfa78365db5,P1,manual,rPc6DW4iMge,True,all_archived,3,25,0.5341797101449275,0.4877565217391304,0.2703864734299517
extended73|P1|manual|rPc6DW4iMge_186a32a1b7e34cb797731bfa78365db5,P1|0|rPc6DW4iMge_186a32a1b7e34cb797731bfa78365db5|manual,rPc6DW4iMge_186a32a1b7e34cb797731bfa78365db5,P1,manual,rPc6DW4iMge,True,all_archived,4,25,0.47305612648221346,0.4129169960474309,0.3319718928414581
extended73|P1|manual|rPc6DW4iMge_186a32a1b7e34cb797731bfa78365db5,P1|0|rPc6DW4iMge_186a32a1b7e34cb797731bfa78365db5|manual,rPc6DW4iMge_186a32a1b7e34cb797731bfa78365db5,P1,manual,rPc6DW4iMge,True,all_archived,5,25,0.42267193675889336,0.35786034255599486,0.38659054311228236
extended73|P1|manual|rPc6DW4iMge_186a32a1b7e34cb797731bfa78365db5,P1|0|rPc6DW4iMge_186a32a1b7e34cb797731bfa78365db5|manual,rPc6DW4iMge_186a32a1b7e34cb797731bfa78365db5,P1,manual,rPc6DW4iMge,True,all_archived,6,25,0.38203320158102755,0.31488537549407114,0.4362933684672816
extended73|P1|manual|rPc6DW4iMge_186a32a1b7e34cb797731bfa78365db5,P1|0|rPc6DW4iMge_186a32a1b7e34cb797731bfa78365db5|manual,rPc6DW4iMge_186a32a1b7e34cb797731bfa78365db5,P1,manual,rPc6DW4iMge,True,all_archived,7,25,0.34687264406074475,0.279444976076555,0.48232924207752603
extended73|P1|manual|rPc6DW4iMge_186a32a1b7e34cb797731bfa78365db5,P1|0|rPc6DW4iMge_186a32a1b7e34cb797731bfa78365db5|manual,rPc6DW4iMge_186a32a1b7e34cb797731bfa78365db5,P1,manual,rPc6DW4iMge,True,all_archived,8,25,0.32383729283683516,0.24892442965120312,0.5254534667806979
extended73|P1|manual|rPc6DW4iMge_186a32a1b7e34cb797731bfa78365db5,P1|0|rPc6DW4iMge_186a32a1b7e34cb797731bfa78365db5|manual,rPc6DW4iMge_186a32a1b7e34cb797731bfa78365db5,P1,manual,rPc6DW4iMge,True,all_archived,9,25,0.29263903865686075,0.2218509379703619,0.5661273931942934
extended73|P1|manual|rPc6DW4iMge_186a32a1b7e34cb797731bfa78365db5,P1|0|rPc6DW4iMge_186a32a1b7e34cb797731bfa78365db5|manual,rPc6DW4iMge_186a32a1b7e34cb797731bfa78365db5,P1,manual,rPc6DW4iMge,True,all_archived,10,25,0.26977841138535713,0.19739956436079734,0.6046431810363699
extended73|P1|manual|rPc6DW4iMge_186a32a1b7e34cb797731bfa78365db5,P1|0|rPc6DW4iMge_186a32a1b7e34cb797731bfa78365db5|manual,rPc6DW4iMge_186a32a1b7e34cb797731bfa78365db5,P1,manual,rPc6DW4iMge,True,all_archived,11,25,0.24220303234253965,0.17509680082559342,0.6411986559179988
extended73|P1|manual|rPc6DW4iMge_186a32a1b7e34cb797731bfa78365db5,P1|0|rPc6DW4iMge_186a32a1b7e34cb797731bfa78365db5|manual,rPc6DW4iMge_186a32a1b7e34cb797731bfa78365db5,P1,manual,rPc6DW4iMge,True,all_archived,12,25,0.21812981558756217,0.15465117781666446,0.675940084653236
extended73|P1|manual|rPc6DW4iMge_186a32a1b7e34cb797731bfa78365db5,P1|0|rPc6DW4iMge_186a32a1b7e34cb797731bfa78365db5|manual,rPc6DW4iMge_186a32a1b7e34cb797731bfa78365db5,P1,manual,rPc6DW4iMge,True,all_archived,13,25,0.2013505990039036,0.13586205411226274,0.708985208118335
extended73|P1|manual|rPc6DW4iMge_186a32a1b7e34cb797731bfa78365db5,P1|0|rPc6DW4iMge_186a32a1b7e34cb797731bfa78365db5|manual,rPc6DW4iMge_186a32a1b7e34cb797731bfa78365db5,P1,manual,rPc6DW4iMge,True,all_archived,14,25,0.19030238255485266,0.11857401175573205,0.7404347576813589
extended73|P1|manual|rPc6DW4iMge_186a32a1b7e34cb797731bfa78365db5,P1|0|rPc6DW4iMge_186a32a1b7e34cb797731bfa78365db5|manual,rPc6DW4iMge_186a32a1b7e34cb797731bfa78365db5,P1,manual,rPc6DW4iMge,True,all_archived,15,25,0.1798522742569048,0.10265612648221344,0.7703776899429072
extended73|P1|manual|rPc6DW4iMge_186a32a1b7e34cb797731bfa78365db5,P1|0|rPc6DW4iMge_186a32a1b7e34cb797731bfa78365db5|manual,rPc6DW4iMge_186a32a1b7e34cb797731bfa78365db5,P1,manual,rPc6DW4iMge,True,all_archived,16,25,0.16460945924448414,0.08799367588932805,0.7988932806324109
extended73|P1|manual|rPc6DW4iMge_186a32a1b7e34cb797731bfa78365db5,P1|0|rPc6DW4iMge_186a32a1b7e34cb797731bfa78365db5|manual,rPc6DW4iMge_186a32a1b7e34cb797731bfa78365db5,P1,manual,rPc6DW4iMge,True,all_archived,17,25,0.1523940201585107,0.07448537549407115,0.8260518225735616
extended73|P1|manual|rPc6DW4iMge_186a32a1b7e34cb797731bfa78365db5,P1|0|rPc6DW4iMge_186a32a1b7e34cb797731bfa78365db5|manual,rPc6DW4iMge_186a32a1b7e34cb797731bfa78365db5,P1,manual,rPc6DW4iMge,True,all_archived,18,25,0.13489491713473406,0.062042687747035585,0.8519148001756696
extended73|P1|manual|rPc6DW4iMge_186a32a1b7e34cb797731bfa78365db5,P1|0|rPc6DW4iMge_186a32a1b7e34cb797731bfa78365db5|manual,rPc6DW4iMge_186a32a1b7e34cb797731bfa78365db5,P1,manual,rPc6DW4iMge,True,all_archived,19,25,0.1206420636571666,0.0505897233201581,0.8765349143610012
extended73|P1|manual|rPc6DW4iMge_186a32a1b7e34cb797731bfa78365db5,P1|0|rPc6DW4iMge_186a32a1b7e34cb797731bfa78365db5|manual,rPc6DW4iMge_186a32a1b7e34cb797731bfa78365db5,P1,manual,rPc6DW4iMge,True,all_archived,20,25,0.10566798418972334,0.04006324110671937,0.8999560825647782
extended73|P1|manual|rPc6DW4iMge_186a32a1b7e34cb797731bfa78365db5,P1|0|rPc6DW4iMge_186a32a1b7e34cb797731bfa78365db5|manual,rPc6DW4iMge_186a32a1b7e34cb797731bfa78365db5,P1,manual,rPc6DW4iMge,True,current20,1,20,0.7460000000000002,0.7460000000000001,0.1111111111111111
extended73|P1|manual|rPc6DW4iMge_186a32a1b7e34cb797731bfa78365db5,P1|0|rPc6DW4iMge_186a32a1b7e34cb797731bfa78365db5|manual,rPc6DW4iMge_186a32a1b7e34cb797731bfa78365db5,P1,manual,rPc6DW4iMge,True,current20,2,20,0.5812631578947369,0.5812631578947369,0.19649122807017547
extended73|P1|manual|rPc6DW4iMge_186a32a1b7e34cb797731bfa78365db5,P1|0|rPc6DW4iMge_186a32a1b7e34cb797731bfa78365db5|manual,rPc6DW4iMge_186a32a1b7e34cb797731bfa78365db5,P1,manual,rPc6DW4iMge,True,current20,3,20,0.5191228070175438,0.4728070175438596,0.26471734892787524
extended73|P1|manual|rPc6DW4iMge_186a32a1b7e34cb797731bfa78365db5,P1|0|rPc6DW4iMge_186a32a1b7e34cb797731bfa78365db5|manual,rPc6DW4iMge_186a32a1b7e34cb797731bfa78365db5,P1,manual,rPc6DW4iMge,True,current20,4,20,0.45736016511867905,0.39912487100103194,0.3214539617016398
extended73|P1|manual|rPc6DW4iMge_186a32a1b7e34cb797731bfa78365db5,P1|0|rPc6DW4iMge_186a32a1b7e34cb797731bfa78365db5|manual,rPc6DW4iMge_186a32a1b7e34cb797731bfa78365db5,P1,manual,rPc6DW4iMge,True,current20,5,20,0.4079102167182663,0.3466099071207431,0.3703560371517028
extended73|P1|manual|rPc6DW4iMge_186a32a1b7e34cb797731bfa78365db5,P1|0|rPc6DW4iMge_186a32a1b7e34cb797731bfa78365db5|manual,rPc6DW4iMge_186a32a1b7e34cb797731bfa78365db5,P1,manual,rPc6DW4iMge,True,current20,6,20,0.36894840041279664,0.3069329205366357,0.41373122348354546
extended73|P1|manual|rPc6DW4iMge_186a32a1b7e34cb797731bfa78365db5,P1|0|rPc6DW4iMge_186a32a1b7e34cb797731bfa78365db5|manual,rPc6DW4iMge_186a32a1b7e34cb797731bfa78365db5,P1,manual,rPc6DW4iMge,True,current20,7,20,0.33537977296181626,0.2751692466460268,0.45301284256392615
extended73|P1|manual|rPc6DW4iMge_186a32a1b7e34cb797731bfa78365db5,P1|0|rPc6DW4iMge_186a32a1b7e34cb797731bfa78365db5|manual,rPc6DW4iMge_186a32a1b7e34cb797731bfa78365db5,P1,manual,rPc6DW4iMge,True,current20,8,20,0.3137536715090895,0.24850202429149798,0.4890873488396708
extended73|P1|manual|rPc6DW4iMge_186a32a1b7e34cb797731bfa78365db5,P1|0|rPc6DW4iMge_186a32a1b7e34cb797731bfa78365db5|manual,rPc6DW4iMge_186a32a1b7e34cb797731bfa78365db5,P1,manual,rPc6DW4iMge,True,current20,9,20,0.2832995951417004,0.22535770421528936,0.5225126352835332
extended73|P1|manual|rPc6DW4iMge_186a32a1b7e34cb797731bfa78365db5,P1|0|rPc6DW4iMge_186a32a1b7e34cb797731bfa78365db5|manual,rPc6DW4iMge_186a32a1b7e34cb797731bfa78365db5,P1,manual,rPc6DW4iMge,True,current20,10,20,0.2619516551559895,0.2048559180757323,0.5536569553597417
extended73|P1|manual|rPc6DW4iMge_186a32a1b7e34cb797731bfa78365db5,P1|0|rPc6DW4iMge_186a32a1b7e34cb797731bfa78365db5|manual,rPc6DW4iMge_186a32a1b7e34cb797731bfa78365db5,P1,manual,rPc6DW4iMge,True,current20,11,20,0.23561300309597516,0.18647939985710885,0.5827822762033288
extended73|P1|manual|rPc6DW4iMge_186a32a1b7e34cb797731bfa78365db5,P1|0|rPc6DW4iMge_186a32a1b7e34cb797731bfa78365db5|manual,rPc6DW4iMge_186a32a1b7e34cb797731bfa78365db5,P1,manual,rPc6DW4iMge,True,current20,12,20,0.2136833373025323,0.169890608875129,0.6100905859419791
extended73|P1|manual|rPc6DW4iMge_186a32a1b7e34cb797731bfa78365db5,P1|0|rPc6DW4iMge_186a32a1b7e34cb797731bfa78365db5|manual,rPc6DW4iMge_186a32a1b7e34cb797731bfa78365db5,P1,manual,rPc6DW4iMge,True,current20,13,20,0.19897793125347304,0.15484004127966977,0.6357470473569546
extended73|P1|manual|rPc6DW4iMge_186a32a1b7e34cb797731bfa78365db5,P1|0|rPc6DW4iMge_186a32a1b7e34cb797731bfa78365db5|manual,rPc6DW4iMge_186a32a1b7e34cb797731bfa78365db5,P1,manual,rPc6DW4iMge,True,current20,14,20,0.1895614035087719,0.1411269349845201,0.659889920880633
extended73|P1|manual|rPc6DW4iMge_186a32a1b7e34cb797731bfa78365db5,P1|0|rPc6DW4iMge_186a32a1b7e34cb797731bfa78365db5|manual,rPc6DW4iMge_186a32a1b7e34cb797731bfa78365db5,P1,manual,rPc6DW4iMge,True,current20,15,20,0.1806449948400413,0.12858617131062952,0.6826338722623553
extended73|P1|manual|rPc6DW4iMge_186a32a1b7e34cb797731bfa78365db5,P1|0|rPc6DW4iMge_186a32a1b7e34cb797731bfa78365db5|manual,rPc6DW4iMge_186a32a1b7e34cb797731bfa78365db5,P1,manual,rPc6DW4iMge,True,current20,16,20,0.16609803921568628,0.11708565531475751,0.7040706341015938
extended73|P1|manual|rPc6DW4iMge_186a32a1b7e34cb797731bfa78365db5,P1|0|rPc6DW4iMge_186a32a1b7e34cb797731bfa78365db5|manual,rPc6DW4iMge_186a32a1b7e34cb797731bfa78365db5,P1,manual,rPc6DW4iMge,True,current20,17,20,0.15603921568627452,0.10652631578947369,0.7242690058479531
extended73|P1|manual|rPc6DW4iMge_186a32a1b7e34cb797731bfa78365db5,P1|0|rPc6DW4iMge_186a32a1b7e34cb797731bfa78365db5|manual,rPc6DW4iMge_186a32a1b7e34cb797731bfa78365db5,P1,manual,rPc6DW4iMge,True,current20,18,20,0.1393333333333333,0.0968421052631579,0.7432748538011698
extended73|P1|manual|rPc6DW4iMge_186a32a1b7e34cb797731bfa78365db5,P1|0|rPc6DW4iMge_186a32a1b7e34cb797731bfa78365db5|manual,rPc6DW4iMge_186a32a1b7e34cb797731bfa78365db5,P1,manual,rPc6DW4iMge,True,current20,19,20,0.12842105263157894,0.088,0.7611111111111112
extended73|P1|manual|rPc6DW4iMge_186a32a1b7e34cb797731bfa78365db5,P1|0|rPc6DW4iMge_186a32a1b7e34cb797731bfa78365db5|manual,rPc6DW4iMge_186a32a1b7e34cb797731bfa78365db5,P1,manual,rPc6DW4iMge,True,current20,20,20,0.11000000000000003,0.08,0.7777777777777778
extended73|P1|manual|rPc6DW4iMge_1f14902595544e389c9c910c444e79e7,P1|0|rPc6DW4iMge_1f14902595544e389c9c910c444e79e7|manual,rPc6DW4iMge_1f14902595544e389c9c910c444e79e7,P1,manual,rPc6DW4iMge,True,all_archived,1,25,0.3424,0.34240000000000004,0.25
extended73|P1|manual|rPc6DW4iMge_1f14902595544e389c9c910c444e79e7,P1|0|rPc6DW4iMge_1f14902595544e389c9c910c444e79e7|manual,rPc6DW4iMge_1f14902595544e389c9c910c444e79e7,P1,manual,rPc6DW4iMge,True,all_archived,2,25,0.29266666666666663,0.19266666666666665,0.3391666666666667
extended73|P1|manual|rPc6DW4iMge_1f14902595544e389c9c910c444e79e7,P1|0|rPc6DW4iMge_1f14902595544e389c9c910c444e79e7|manual,rPc6DW4iMge_1f14902595544e389c9c910c444e79e7,P1,manual,rPc6DW4iMge,True,all_archived,3,25,0.24987826086956524,0.15422608695652176,0.39152173913043486
extended73|P1|manual|rPc6DW4iMge_1f14902595544e389c9c910c444e79e7,P1|0|rPc6DW4iMge_1f14902595544e389c9c910c444e79e7|manual,rPc6DW4iMge_1f14902595544e389c9c910c444e79e7,P1,manual,rPc6DW4iMge,True,all_archived,4,25,0.21319209486166008,0.13690750988142292,0.43533596837944666
extended73|P1|manual|rPc6DW4iMge_1f14902595544e389c9c910c444e79e7,P1|0|rPc6DW4iMge_1f14902595544e389c9c910c444e79e7|manual,rPc6DW4iMge_1f14902595544e389c9c910c444e79e7,P1,manual,rPc6DW4iMge,True,all_archived,5,25,0.18184076792772447,0.12349331827592697,0.47608225108225105
extended73|P1|manual|rPc6DW4iMge_1f14902595544e389c9c910c444e79e7,P1|0|rPc6DW4iMge_1f14902595544e389c9c910c444e79e7|manual,rPc6DW4iMge_1f14902595544e389c9c910c444e79e7,P1,manual,rPc6DW4iMge,True,all_archived,6,25,0.16971902879728967,0.11135652173913042,0.5146739130434783
extended73|P1|manual|rPc6DW4iMge_1f14902595544e389c9c910c444e79e7,P1|0|rPc6DW4iMge_1f14902595544e389c9c910c444e79e7|manual,rPc6DW4iMge_1f14902595544e389c9c910c444e79e7,P1,manual,rPc6DW4iMge,True,all_archived,7,25,0.15546470920383962,0.10017391304347825,0.551304347826087
extended73|P1|manual|rPc6DW4iMge_1f14902595544e389c9c910c444e79e7,P1|0|rPc6DW4iMge_1f14902595544e389c9c910c444e79e7|manual,rPc6DW4iMge_1f14902595544e389c9c910c444e79e7,P1,manual,rPc6DW4iMge,True,all_archived,8,25,0.14004953886693017,0.08987826086956521,0.586086956521739
extended73|P1|manual|rPc6DW4iMge_1f14902595544e389c9c910c444e79e7,P1|0|rPc6DW4iMge_1f14902595544e389c9c910c444e79e7|manual,rPc6DW4iMge_1f14902595544e389c9c910c444e79e7,P1,manual,rPc6DW4iMge,True,all_archived,9,25,0.12843847167325428,0.08041739130434783,0.6191304347826087
extended73|P1|manual|rPc6DW4iMge_1f14902595544e389c9c910c444e79e7,P1|0|rPc6DW4iMge_1f14902595544e389c9c910c444e79e7|manual,rPc6DW4iMge_1f14902595544e389c9c910c444e79e7,P1,manual,rPc6DW4iMge,True,all_archived,10,25,0.11786561264822135,0.07173913043478261,0.6505434782608696
extended73|P1|manual|rPc6DW4iMge_1f14902595544e389c9c910c444e79e7,P1|0|rPc6DW4iMge_1f14902595544e389c9c910c444e79e7|manual,rPc6DW4iMge_1f14902595544e389c9c910c444e79e7,P1,manual,rPc6DW4iMge,True,all_archived,11,25,0.11344822134387353,0.0637913043478261,0.6804347826086956
extended73|P1|manual|rPc6DW4iMge_1f14902595544e389c9c910c444e79e7,P1|0|rPc6DW4iMge_1f14902595544e389c9c910c444e79e7|manual,rPc6DW4iMge_1f14902595544e389c9c910c444e79e7,P1,manual,rPc6DW4iMge,True,all_archived,12,25,0.10697142857142858,0.05652173913043479,0.7089130434782609
extended73|P1|manual|rPc6DW4iMge_1f14902595544e389c9c910c444e79e7,P1|0|rPc6DW4iMge_1f14902595544e389c9c910c444e79e7|manual,rPc6DW4iMge_1f14902595544e389c9c910c444e79e7,P1,manual,rPc6DW4iMge,True,all_archived,13,25,0.09874285714285713,0.04987826086956522,0.7360869565217392
extended73|P1|manual|rPc6DW4iMge_1f14902595544e389c9c910c444e79e7,P1|0|rPc6DW4iMge_1f14902595544e389c9c910c444e79e7|manual,rPc6DW4iMge_1f14902595544e389c9c910c444e79e7,P1,manual,rPc6DW4iMge,True,all_archived,14,25,0.08913788819875776,0.04380869565217392,0.7620652173913044
extended73|P1|manual|rPc6DW4iMge_1f14902595544e389c9c910c444e79e7,P1|0|rPc6DW4iMge_1f14902595544e389c9c910c444e79e7|manual,rPc6DW4iMge_1f14902595544e389c9c910c444e79e7,P1,manual,rPc6DW4iMge,True,all_archived,15,25,0.07857707509881424,0.03826086956521739,0.7869565217391304
extended73|P1|manual|rPc6DW4iMge_1f14902595544e389c9c910c444e79e7,P1|0|rPc6DW4iMge_1f14902595544e389c9c910c444e79e7|manual,rPc6DW4iMge_1f14902595544e389c9c910c444e79e7,P1,manual,rPc6DW4iMge,True,all_archived,16,25,0.07224664031620552,0.03318260869565218,0.8108695652173914
extended73|P1|manual|rPc6DW4iMge_1f14902595544e389c9c910c444e79e7,P1|0|rPc6DW4iMge_1f14902595544e389c9c910c444e79e7|manual,rPc6DW4iMge_1f14902595544e389c9c910c444e79e7,P1,manual,rPc6DW4iMge,True,all_archived,17,25,0.0659056653491436,0.028521739130434785,0.8339130434782609
extended73|P1|manual|rPc6DW4iMge_1f14902595544e389c9c910c444e79e7,P1|0|rPc6DW4iMge_1f14902595544e389c9c910c444e79e7|manual,rPc6DW4iMge_1f14902595544e389c9c910c444e79e7,P1,manual,rPc6DW4iMge,True,all_archived,18,25,0.06045849802371543,0.024226086956521745,0.8561956521739129
extended73|P1|manual|rPc6DW4iMge_1f14902595544e389c9c910c444e79e7,P1|0|rPc6DW4iMge_1f14902595544e389c9c910c444e79e7|manual,rPc6DW4iMge_1f14902595544e389c9c910c444e79e7,P1,manual,rPc6DW4iMge,True,all_archived,19,25,0.053595482778091466,0.020243478260869564,0.8778260869565218
extended73|P1|manual|rPc6DW4iMge_1f14902595544e389c9c910c444e79e7,P1|0|rPc6DW4iMge_1f14902595544e389c9c910c444e79e7|manual,rPc6DW4iMge_1f14902595544e389c9c910c444e79e7,P1,manual,rPc6DW4iMge,True,all_archived,20,25,0.04546019198193111,0.01652173913043478,0.8989130434782608
extended73|P1|manual|rPc6DW4iMge_1f14902595544e389c9c910c444e79e7,P1|0|rPc6DW4iMge_1f14902595544e389c9c910c444e79e7|manual,rPc6DW4iMge_1f14902595544e389c9c910c444e79e7,P1,manual,rPc6DW4iMge,True,current20,1,20,0.34,0.33999999999999997,0.25
extended73|P1|manual|rPc6DW4iMge_1f14902595544e389c9c910c444e79e7,P1|0|rPc6DW4iMge_1f14902595544e389c9c910c444e79e7|manual,rPc6DW4iMge_1f14902595544e389c9c910c444e79e7,P1,manual,rPc6DW4iMge,True,current20,2,20,0.2882105263157895,0.1871578947368421,0.3381578947368421
extended73|P1|manual|rPc6DW4iMge_1f14902595544e389c9c910c444e79e7,P1|0|rPc6DW4iMge_1f14902595544e389c9c910c444e79e7|manual,rPc6DW4iMge_1f14902595544e389c9c910c444e79e7,P1,manual,rPc6DW4iMge,True,current20,3,20,0.24382456140350878,0.1483859649122807,0.38749999999999996
extended73|P1|manual|rPc6DW4iMge_1f14902595544e389c9c910c444e79e7,P1|0|rPc6DW4iMge_1f14902595544e389c9c910c444e79e7|manual,rPc6DW4iMge_1f14902595544e389c9c910c444e79e7,P1,manual,rPc6DW4iMge,True,current20,4,20,0.20607636738906088,0.1311124871001032,0.42714138286893705
extended73|P1|manual|rPc6DW4iMge_1f14902595544e389c9c910c444e79e7,P1|0|rPc6DW4iMge_1f14902595544e389c9c910c444e79e7|manual,rPc6DW4iMge_1f14902595544e389c9c910c444e79e7,P1,manual,rPc6DW4iMge,True,current20,5,20,0.17424148606811143,0.11789473684210527,0.46271929824561403
extended73|P1|manual|rPc6DW4iMge_1f14902595544e389c9c910c444e79e7,P1|0|rPc6DW4iMge_1f14902595544e389c9c910c444e79e7|manual,rPc6DW4iMge_1f14902595544e389c9c910c444e79e7,P1,manual,rPc6DW4iMge,True,current20,6,20,0.16266253869969038,0.1063157894736842,0.4951754385964912
extended73|P1|manual|rPc6DW4iMge_1f14902595544e389c9c910c444e79e7,P1|0|rPc6DW4iMge_1f14902595544e389c9c910c444e79e7|manual,rPc6DW4iMge_1f14902595544e389c9c910c444e79e7,P1,manual,rPc6DW4iMge,True,current20,7,20,0.14923219814241484,0.09610526315789475,0.524780701754386
extended73|P1|manual|rPc6DW4iMge_1f14902595544e389c9c910c444e79e7,P1|0|rPc6DW4iMge_1f14902595544e389c9c910c444e79e7|manual,rPc6DW4iMge_1f14902595544e389c9c910c444e79e7,P1,manual,rPc6DW4iMge,True,current20,8,20,0.13483591331269348,0.0871578947368421,0.5517543859649123
extended73|P1|manual|rPc6DW4iMge_1f14902595544e389c9c910c444e79e7,P1|0|rPc6DW4iMge_1f14902595544e389c9c910c444e79e7|manual,rPc6DW4iMge_1f14902595544e389c9c910c444e79e7,P1,manual,rPc6DW4iMge,True,current20,9,20,0.12409494324045407,0.07936842105263159,0.5763157894736841
extended73|P1|manual|rPc6DW4iMge_1f14902595544e389c9c910c444e79e7,P1|0|rPc6DW4iMge_1f14902595544e389c9c910c444e79e7|manual,rPc6DW4iMge_1f14902595544e389c9c910c444e79e7,P1,manual,rPc6DW4iMge,True,current20,10,20,0.11396284829721363,0.07263157894736842,0.5986842105263158
extended73|P1|manual|rPc6DW4iMge_1f14902595544e389c9c910c444e79e7,P1|0|rPc6DW4iMge_1f14902595544e389c9c910c444e79e7|manual,rPc6DW4iMge_1f14902595544e389c9c910c444e79e7,P1,manual,rPc6DW4iMge,True,current20,11,20,0.11038390092879258,0.0668421052631579,0.6190789473684211
extended73|P1|manual|rPc6DW4iMge_1f14902595544e389c9c910c444e79e7,P1|0|rPc6DW4iMge_1f14902595544e389c9c910c444e79e7|manual,rPc6DW4iMge_1f14902595544e389c9c910c444e79e7,P1,manual,rPc6DW4iMge,True,current20,12,20,0.10448710010319918,0.061894736842105266,0.637719298245614
extended73|P1|manual|rPc6DW4iMge_1f14902595544e389c9c910c444e79e7,P1|0|rPc6DW4iMge_1f14902595544e389c9c910c444e79e7|manual,rPc6DW4iMge_1f14902595544e389c9c910c444e79e7,P1,manual,rPc6DW4iMge,True,current20,13,20,0.09660681114551084,0.05768421052631579,0.6548245614035088
extended73|P1|manual|rPc6DW4iMge_1f14902595544e389c9c910c444e79e7,P1|0|rPc6DW4iMge_1f14902595544e389c9c910c444e79e7|manual,rPc6DW4iMge_1f14902595544e389c9c910c444e79e7,P1,manual,rPc6DW4iMge,True,current20,14,20,0.08720123839009288,0.05410526315789474,0.6706140350877192
extended73|P1|manual|rPc6DW4iMge_1f14902595544e389c9c910c444e79e7,P1|0|rPc6DW4iMge_1f14902595544e389c9c910c444e79e7|manual,rPc6DW4iMge_1f14902595544e389c9c910c444e79e7,P1,manual,rPc6DW4iMge,True,current20,15,20,0.07685242518059858,0.05105263157894737,0.6853070175438596
extended73|P1|manual|rPc6DW4iMge_1f14902595544e389c9c910c444e79e7,P1|0|rPc6DW4iMge_1f14902595544e389c9c910c444e79e7|manual,rPc6DW4iMge_1f14902595544e389c9c910c444e79e7,P1,manual,rPc6DW4iMge,True,current20,16,20,0.0720454076367389,0.04842105263157895,0.6991228070175439
extended73|P1|manual|rPc6DW4iMge_1f14902595544e389c9c910c444e79e7,P1|0|rPc6DW4iMge_1f14902595544e389c9c910c444e79e7|manual,rPc6DW4iMge_1f14902595544e389c9c910c444e79e7,P1,manual,rPc6DW4iMge,True,current20,17,20,0.06702167182662538,0.04610526315789474,0.712280701754386
extended73|P1|manual|rPc6DW4iMge_1f14902595544e389c9c910c444e79e7,P1|0|rPc6DW4iMge_1f14902595544e389c9c910c444e79e7|manual,rPc6DW4iMge_1f14902595544e389c9c910c444e79e7,P1,manual,rPc6DW4iMge,True,current20,18,20,0.061438596491228084,0.044,0.725
extended73|P1|manual|rPc6DW4iMge_1f14902595544e389c9c910c444e79e7,P1|0|rPc6DW4iMge_1f14902595544e389c9c910c444e79e7|manual,rPc6DW4iMge_1f14902595544e389c9c910c444e79e7,P1,manual,rPc6DW4iMge,True,current20,19,20,0.05263157894736842,0.042,0.7375
extended73|P1|manual|rPc6DW4iMge_1f14902595544e389c9c910c444e79e7,P1|0|rPc6DW4iMge_1f14902595544e389c9c910c444e79e7|manual,rPc6DW4iMge_1f14902595544e389c9c910c444e79e7,P1,manual,rPc6DW4iMge,True,current20,20,20,0.04,0.04,0.75
extended73|P1|manual|rPc6DW4iMge_cc15fb105d86466faafdd633f89148de,P1|0|rPc6DW4iMge_cc15fb105d86466faafdd633f89148de|manual,rPc6DW4iMge_cc15fb105d86466faafdd633f89148de,P1,manual,rPc6DW4iMge,True,all_archived,1,25,0.1472,0.1472,0.5
extended73|P1|manual|rPc6DW4iMge_cc15fb105d86466faafdd633f89148de,P1|0|rPc6DW4iMge_cc15fb105d86466faafdd633f89148de|manual,rPc6DW4iMge_cc15fb105d86466faafdd633f89148de,P1,manual,rPc6DW4iMge,True,all_archived,2,25,0.13493333333333332,0.07053333333333334,0.5766666666666667
extended73|P1|manual|rPc6DW4iMge_cc15fb105d86466faafdd633f89148de,P1|0|rPc6DW4iMge_cc15fb105d86466faafdd633f89148de|manual,rPc6DW4iMge_cc15fb105d86466faafdd633f89148de,P1,manual,rPc6DW4iMge,True,all_archived,3,25,0.12319999999999999,0.0616,0.615
extended73|P1|manual|rPc6DW4iMge_cc15fb105d86466faafdd633f89148de,P1|0|rPc6DW4iMge_cc15fb105d86466faafdd633f89148de|manual,rPc6DW4iMge_cc15fb105d86466faafdd633f89148de,P1,manual,rPc6DW4iMge,True,all_archived,4,25,0.11199999999999999,0.055999999999999994,0.65
extended73|P1|manual|rPc6DW4iMge_cc15fb105d86466faafdd633f89148de,P1|0|rPc6DW4iMge_cc15fb105d86466faafdd633f89148de|manual,rPc6DW4iMge_cc15fb105d86466faafdd633f89148de,P1,manual,rPc6DW4iMge,True,all_archived,5,25,0.10133333333333333,0.050666666666666665,0.6833333333333333
extended73|P1|manual|rPc6DW4iMge_cc15fb105d86466faafdd633f89148de,P1|0|rPc6DW4iMge_cc15fb105d86466faafdd633f89148de|manual,rPc6DW4iMge_cc15fb105d86466faafdd633f89148de,P1,manual,rPc6DW4iMge,True,all_archived,6,25,0.09119999999999998,0.045599999999999995,0.7150000000000001
extended73|P1|manual|rPc6DW4iMge_cc15fb105d86466faafdd633f89148de,P1|0|rPc6DW4iMge_cc15fb105d86466faafdd633f89148de|manual,rPc6DW4iMge_cc15fb105d86466faafdd633f89148de,P1,manual,rPc6DW4iMge,True,all_archived,7,25,0.0816,0.0408,0.745
extended73|P1|manual|rPc6DW4iMge_cc15fb105d86466faafdd633f89148de,P1|0|rPc6DW4iMge_cc15fb105d86466faafdd633f89148de|manual,rPc6DW4iMge_cc15fb105d86466faafdd633f89148de,P1,manual,rPc6DW4iMge,True,all_archived,8,25,0.07253333333333334,0.03626666666666666,0.7733333333333333
extended73|P1|manual|rPc6DW4iMge_cc15fb105d86466faafdd633f89148de,P1|0|rPc6DW4iMge_cc15fb105d86466faafdd633f89148de|manual,rPc6DW4iMge_cc15fb105d86466faafdd633f89148de,P1,manual,rPc6DW4iMge,True,all_archived,9,25,0.064,0.032,0.8
extended73|P1|manual|rPc6DW4iMge_cc15fb105d86466faafdd633f89148de,P1|0|rPc6DW4iMge_cc15fb105d86466faafdd633f89148de|manual,rPc6DW4iMge_cc15fb105d86466faafdd633f89148de,P1,manual,rPc6DW4iMge,True,all_archived,10,25,0.055999999999999994,0.027999999999999997,0.825
extended73|P1|manual|rPc6DW4iMge_cc15fb105d86466faafdd633f89148de,P1|0|rPc6DW4iMge_cc15fb105d86466faafdd633f89148de|manual,rPc6DW4iMge_cc15fb105d86466faafdd633f89148de,P1,manual,rPc6DW4iMge,True,all_archived,11,25,0.048533333333333345,0.02426666666666667,0.8483333333333334
extended73|P1|manual|rPc6DW4iMge_cc15fb105d86466faafdd633f89148de,P1|0|rPc6DW4iMge_cc15fb105d86466faafdd633f89148de|manual,rPc6DW4iMge_cc15fb105d86466faafdd633f89148de,P1,manual,rPc6DW4iMge,True,all_archived,12,25,0.04160000000000001,0.020800000000000003,0.87
extended73|P1|manual|rPc6DW4iMge_cc15fb105d86466faafdd633f89148de,P1|0|rPc6DW4iMge_cc15fb105d86466faafdd633f89148de|manual,rPc6DW4iMge_cc15fb105d86466faafdd633f89148de,P1,manual,rPc6DW4iMge,True,all_archived,13,25,0.038400000000000004,0.0176,0.89
extended73|P1|manual|rPc6DW4iMge_cc15fb105d86466faafdd633f89148de,P1|0|rPc6DW4iMge_cc15fb105d86466faafdd633f89148de|manual,rPc6DW4iMge_cc15fb105d86466faafdd633f89148de,P1,manual,rPc6DW4iMge,True,all_archived,14,25,0.038133333333333345,0.014666666666666666,0.9083333333333333
extended73|P1|manual|rPc6DW4iMge_cc15fb105d86466faafdd633f89148de,P1|0|rPc6DW4iMge_cc15fb105d86466faafdd633f89148de|manual,rPc6DW4iMge_cc15fb105d86466faafdd633f89148de,P1,manual,rPc6DW4iMge,True,all_archived,15,25,0.03733333333333332,0.012,0.925
extended73|P1|manual|rPc6DW4iMge_cc15fb105d86466faafdd633f89148de,P1|0|rPc6DW4iMge_cc15fb105d86466faafdd633f89148de|manual,rPc6DW4iMge_cc15fb105d86466faafdd633f89148de,P1,manual,rPc6DW4iMge,True,all_archived,16,25,0.036,0.0096,0.94
extended73|P1|manual|rPc6DW4iMge_cc15fb105d86466faafdd633f89148de,P1|0|rPc6DW4iMge_cc15fb105d86466faafdd633f89148de|manual,rPc6DW4iMge_cc15fb105d86466faafdd633f89148de,P1,manual,rPc6DW4iMge,True,all_archived,17,25,0.034133333333333335,0.0074666666666666675,0.9533333333333334
extended73|P1|manual|rPc6DW4iMge_cc15fb105d86466faafdd633f89148de,P1|0|rPc6DW4iMge_cc15fb105d86466faafdd633f89148de|manual,rPc6DW4iMge_cc15fb105d86466faafdd633f89148de,P1,manual,rPc6DW4iMge,True,all_archived,18,25,0.03173333333333334,0.005600000000000001,0.965
extended73|P1|manual|rPc6DW4iMge_cc15fb105d86466faafdd633f89148de,P1|0|rPc6DW4iMge_cc15fb105d86466faafdd633f89148de|manual,rPc6DW4iMge_cc15fb105d86466faafdd633f89148de,P1,manual,rPc6DW4iMge,True,all_archived,19,25,0.028799999999999985,0.004,0.975
extended73|P1|manual|rPc6DW4iMge_cc15fb105d86466faafdd633f89148de,P1|0|rPc6DW4iMge_cc15fb105d86466faafdd633f89148de|manual,rPc6DW4iMge_cc15fb105d86466faafdd633f89148de,P1,manual,rPc6DW4iMge,True,all_archived,20,25,0.025333333333333322,0.0026666666666666666,0.9833333333333334
extended73|P1|manual|rPc6DW4iMge_cc15fb105d86466faafdd633f89148de,P1|0|rPc6DW4iMge_cc15fb105d86466faafdd633f89148de|manual,rPc6DW4iMge_cc15fb105d86466faafdd633f89148de,P1,manual,rPc6DW4iMge,True,current20,1,20,0.164,0.16400000000000003,0.5
extended73|P1|manual|rPc6DW4iMge_cc15fb105d86466faafdd633f89148de,P1|0|rPc6DW4iMge_cc15fb105d86466faafdd633f89148de|manual,rPc6DW4iMge_cc15fb105d86466faafdd633f89148de,P1,manual,rPc6DW4iMge,True,current20,2,20,0.1488421052631579,0.06926315789473685,0.5947368421052632
extended73|P1|manual|rPc6DW4iMge_cc15fb105d86466faafdd633f89148de,P1|0|rPc6DW4iMge_cc15fb105d86466faafdd633f89148de|manual,rPc6DW4iMge_cc15fb105d86466faafdd633f89148de,P1,manual,rPc6DW4iMge,True,current20,3,20,0.13452631578947366,0.05726315789473684,0.6421052631578947
extended73|P1|manual|rPc6DW4iMge_cc15fb105d86466faafdd633f89148de,P1|0|rPc6DW4iMge_cc15fb105d86466faafdd633f89148de|manual,rPc6DW4iMge_cc15fb105d86466faafdd633f89148de,P1,manual,rPc6DW4iMge,True,current20,4,20,0.12105263157894736,0.05052631578947368,0.6842105263157895
extended73|P1|manual|rPc6DW4iMge_cc15fb105d86466faafdd633f89148de,P1|0|rPc6DW4iMge_cc15fb105d86466faafdd633f89148de|manual,rPc6DW4iMge_cc15fb105d86466faafdd633f89148de,P1,manual,rPc6DW4iMge,True,current20,5,20,0.10842105263157895,0.04421052631578948,0.7236842105263157
extended73|P1|manual|rPc6DW4iMge_cc15fb105d86466faafdd633f89148de,P1|0|rPc6DW4iMge_cc15fb105d86466faafdd633f89148de|manual,rPc6DW4iMge_cc15fb105d86466faafdd633f89148de,P1,manual,rPc6DW4iMge,True,current20,6,20,0.0966315789473684,0.03831578947368421,0.7605263157894737
extended73|P1|manual|rPc6DW4iMge_cc15fb105d86466faafdd633f89148de,P1|0|rPc6DW4iMge_cc15fb105d86466faafdd633f89148de|manual,rPc6DW4iMge_cc15fb105d86466faafdd633f89148de,P1,manual,rPc6DW4iMge,True,current20,7,20,0.08568421052631581,0.032842105263157895,0.7947368421052632
extended73|P1|manual|rPc6DW4iMge_cc15fb105d86466faafdd633f89148de,P1|0|rPc6DW4iMge_cc15fb105d86466faafdd633f89148de|manual,rPc6DW4iMge_cc15fb105d86466faafdd633f89148de,P1,manual,rPc6DW4iMge,True,current20,8,20,0.07557894736842105,0.02778947368421053,0.8263157894736842
extended73|P1|manual|rPc6DW4iMge_cc15fb105d86466faafdd633f89148de,P1|0|rPc6DW4iMge_cc15fb105d86466faafdd633f89148de|manual,rPc6DW4iMge_cc15fb105d86466faafdd633f89148de,P1,manual,rPc6DW4iMge,True,current20,9,20,0.06631578947368423,0.023157894736842106,0.8552631578947368
extended73|P1|manual|rPc6DW4iMge_cc15fb105d86466faafdd633f89148de,P1|0|rPc6DW4iMge_cc15fb105d86466faafdd633f89148de|manual,rPc6DW4iMge_cc15fb105d86466faafdd633f89148de,P1,manual,rPc6DW4iMge,True,current20,10,20,0.05789473684210526,0.01894736842105263,0.881578947368421
extended73|P1|manual|rPc6DW4iMge_cc15fb105d86466faafdd633f89148de,P1|0|rPc6DW4iMge_cc15fb105d86466faafdd633f89148de|manual,rPc6DW4iMge_cc15fb105d86466faafdd633f89148de,P1,manual,rPc6DW4iMge,True,current20,11,20,0.05031578947368423,0.015157894736842106,0.9052631578947368
extended73|P1|manual|rPc6DW4iMge_cc15fb105d86466faafdd633f89148de,P1|0|rPc6DW4iMge_cc15fb105d86466faafdd633f89148de|manual,rPc6DW4iMge_cc15fb105d86466faafdd633f89148de,P1,manual,rPc6DW4iMge,True,current20,12,20,0.04357894736842107,0.011789473684210525,0.9263157894736842
extended73|P1|manual|rPc6DW4iMge_cc15fb105d86466faafdd633f89148de,P1|0|rPc6DW4iMge_cc15fb105d86466faafdd633f89148de|manual,rPc6DW4iMge_cc15fb105d86466faafdd633f89148de,P1,manual,rPc6DW4iMge,True,current20,13,20,0.04063157894736843,0.008842105263157894,0.9447368421052631
extended73|P1|manual|rPc6DW4iMge_cc15fb105d86466faafdd633f89148de,P1|0|rPc6DW4iMge_cc15fb105d86466faafdd633f89148de|manual,rPc6DW4iMge_cc15fb105d86466faafdd633f89148de,P1,manual,rPc6DW4iMge,True,current20,14,20,0.04021052631578949,0.00631578947368421,0.9605263157894737
extended73|P1|manual|rPc6DW4iMge_cc15fb105d86466faafdd633f89148de,P1|0|rPc6DW4iMge_cc15fb105d86466faafdd633f89148de|manual,rPc6DW4iMge_cc15fb105d86466faafdd633f89148de,P1,manual,rPc6DW4iMge,True,current20,15,20,0.03894736842105263,0.004210526315789474,0.9736842105263158
extended73|P1|manual|rPc6DW4iMge_cc15fb105d86466faafdd633f89148de,P1|0|rPc6DW4iMge_cc15fb105d86466faafdd633f89148de|manual,rPc6DW4iMge_cc15fb105d86466faafdd633f89148de,P1,manual,rPc6DW4iMge,True,current20,16,20,0.0368421052631579,0.0025263157894736842,0.9842105263157894
extended73|P1|manual|rPc6DW4iMge_cc15fb105d86466faafdd633f89148de,P1|0|rPc6DW4iMge_cc15fb105d86466faafdd633f89148de|manual,rPc6DW4iMge_cc15fb105d86466faafdd633f89148de,P1,manual,rPc6DW4iMge,True,current20,17,20,0.03389473684210528,0.0012631578947368421,0.9921052631578947
extended73|P1|manual|rPc6DW4iMge_cc15fb105d86466faafdd633f89148de,P1|0|rPc6DW4iMge_cc15fb105d86466faafdd633f89148de|manual,rPc6DW4iMge_cc15fb105d86466faafdd633f89148de,P1,manual,rPc6DW4iMge,True,current20,18,20,0.030105263157894763,0.0004210526315789474,0.9973684210526316
extended73|P1|manual|rPc6DW4iMge_cc15fb105d86466faafdd633f89148de,P1|0|rPc6DW4iMge_cc15fb105d86466faafdd633f89148de|manual,rPc6DW4iMge_cc15fb105d86466faafdd633f89148de,P1,manual,rPc6DW4iMge,True,current20,19,20,0.025473684210526325,0.0,1.0
extended73|P1|manual|rPc6DW4iMge_cc15fb105d86466faafdd633f89148de,P1|0|rPc6DW4iMge_cc15fb105d86466faafdd633f89148de|manual,rPc6DW4iMge_cc15fb105d86466faafdd633f89148de,P1,manual,rPc6DW4iMge,True,current20,20,20,0.02000000000000001,0.0,1.0
extended73|P1|manual|rPc6DW4iMge_fbc169773c954580baea6d2798c0d486,P1|0|rPc6DW4iMge_fbc169773c954580baea6d2798c0d486|manual,rPc6DW4iMge_fbc169773c954580baea6d2798c0d486,P1,manual,rPc6DW4iMge,False,all_archived,1,23,0.8317580340264648,0.8317580340264648,0.08333333333333333
extended73|P1|manual|rPc6DW4iMge_fbc169773c954580baea6d2798c0d486,P1|0|rPc6DW4iMge_fbc169773c954580baea6d2798c0d486|manual,rPc6DW4iMge_fbc169773c954580baea6d2798c0d486,P1,manual,rPc6DW4iMge,False,all_archived,2,23,0.7042447155868709,0.7042447155868709,0.15579710144927536
extended73|P1|manual|rPc6DW4iMge_fbc169773c954580baea6d2798c0d486,P1|0|rPc6DW4iMge_fbc169773c954580baea6d2798c0d486|manual,rPc6DW4iMge_fbc169773c954580baea6d2798c0d486,P1,manual,rPc6DW4iMge,False,all_archived,3,23,0.6132619743205755,0.6063879409815138,0.2200734048560136
extended73|P1|manual|rPc6DW4iMge_fbc169773c954580baea6d2798c0d486,P1|0|rPc6DW4iMge_fbc169773c954580baea6d2798c0d486|manual,rPc6DW4iMge_fbc169773c954580baea6d2798c0d486,P1,manual,rPc6DW4iMge,False,all_archived,4,23,0.5700783148798272,0.5298652198463163,0.2781855825334085
extended73|P1|manual|rPc6DW4iMge_fbc169773c954580baea6d2798c0d486,P1|0|rPc6DW4iMge_fbc169773c954580baea6d2798c0d486|manual,rPc6DW4iMge_fbc169773c954580baea6d2798c0d486,P1,manual,rPc6DW4iMge,False,all_archived,5,23,0.516498326069513,0.4685248091874297,0.3316368985705371
extended73|P1|manual|rPc6DW4iMge_fbc169773c954580baea6d2798c0d486,P1|0|rPc6DW4iMge_fbc169773c954580baea6d2798c0d486|manual,rPc6DW4iMge_fbc169773c954580baea6d2798c0d486,P1,manual,rPc6DW4iMge,False,all_archived,6,23,0.46650394675466794,0.4179033250767405,0.3815261143636431
extended73|P1|manual|rPc6DW4iMge_fbc169773c954580baea6d2798c0d486,P1|0|rPc6DW4iMge_fbc169773c954580baea6d2798c0d486|manual,rPc6DW4iMge_fbc169773c954580baea6d2798c0d486,P1,manual,rPc6DW4iMge,False,all_archived,7,23,0.4296079300380892,0.37482848169522603,0.4286426657203344
extended73|P1|manual|rPc6DW4iMge_fbc169773c954580baea6d2798c0d486,P1|0|rPc6DW4iMge_fbc169773c954580baea6d2798c0d486|manual,rPc6DW4iMge_fbc169773c954580baea6d2798c0d486,P1,manual,rPc6DW4iMge,False,all_archived,8,23,0.39102981212926374,0.3370963168056814,0.4735439942567415
extended73|P1|manual|rPc6DW4iMge_fbc169773c954580baea6d2798c0d486,P1|0|rPc6DW4iMge_fbc169773c954580baea6d2798c0d486|manual,rPc6DW4iMge_fbc169773c954580baea6d2798c0d486,P1,manual,rPc6DW4iMge,False,all_archived,9,23,0.3597261807916877,0.30321297213090237,0.5166174125152453
extended73|P1|manual|rPc6DW4iMge_fbc169773c954580baea6d2798c0d486,P1|0|rPc6DW4iMge_fbc169773c954580baea6d2798c0d486|manual,rPc6DW4iMge_fbc169773c954580baea6d2798c0d486,P1,manual,rPc6DW4iMge,False,all_archived,10,23,0.33261519801343176,0.2721918065079706,0.5581287122712618
extended73|P1|manual|rPc6DW4iMge_fbc169773c954580baea6d2798c0d486,P1|0|rPc6DW4iMge_fbc169773c954580baea6d2798c0d486|manual,rPc6DW4iMge_fbc169773c954580baea6d2798c0d486,P1,manual,rPc6DW4iMge,False,all_archived,11,23,0.30138729454571594,0.24339732908385717,0.5982595555384626
extended73|P1|manual|rPc6DW4iMge_fbc169773c954580baea6d2798c0d486,P1|0|rPc6DW4iMge_fbc169773c954580baea6d2798c0d486|manual,rPc6DW4iMge_fbc169773c954580baea6d2798c0d486,P1,manual,rPc6DW4iMge,False,all_archived,12,23,0.2762716866669063,0.2164281492121274,0.6371355178226896
extended73|P1|manual|rPc6DW4iMge_fbc169773c954580baea6d2798c0d486,P1|0|rPc6DW4iMge_fbc169773c954580baea6d2798c0d486|manual,rPc6DW4iMge_fbc169773c954580baea6d2798c0d486,P1,manual,rPc6DW4iMge,False,all_archived,13,23,0.2558578446257168,0.19103184910508736,0.674846483215712
extended73|P1|manual|rPc6DW4iMge_fbc169773c954580baea6d2798c0d486,P1|0|rPc6DW4iMge_fbc169773c954580baea6d2798c0d486|manual,rPc6DW4iMge_fbc169773c954580baea6d2798c0d486,P1,manual,rPc6DW4iMge,False,all_archived,14,23,0.23125254479465646,0.1670453946902881,0.7114609209608537
extended73|P1|manual|rPc6DW4iMge_fbc169773c954580baea6d2798c0d486,P1|0|rPc6DW4iMge_fbc169773c954580baea6d2798c0d486|manual,rPc6DW4iMge_fbc169773c954580baea6d2798c0d486,P1,manual,rPc6DW4iMge,False,all_archived,15,23,0.2085492331356074,0.14435540951486103,0.747035403163415
extended73|P1|manual|rPc6DW4iMge_fbc169773c954580baea6d2798c0d486,P1|0|rPc6DW4iMge_fbc169773c954580baea6d2798c0d486|manual,rPc6DW4iMge_fbc169773c954580baea6d2798c0d486,P1,manual,rPc6DW4iMge,False,all_archived,16,23,0.18795346939166396,0.1228733459357278,0.7816205533596836
extended73|P1|manual|rPc6DW4iMge_fbc169773c954580baea6d2798c0d486,P1|0|rPc6DW4iMge_fbc169773c954580baea6d2798c0d486|manual,rPc6DW4iMge_fbc169773c954580baea6d2798c0d486,P1,manual,rPc6DW4iMge,False,all_archived,17,23,0.1646484517957652,0.10252129722829155,0.8152644456992283
extended73|P1|manual|rPc6DW4iMge_fbc169773c954580baea6d2798c0d486,P1|0|rPc6DW4iMge_fbc169773c954580baea6d2798c0d486|manual,rPc6DW4iMge_fbc169773c954580baea6d2798c0d486,P1,manual,rPc6DW4iMge,False,all_archived,18,23,0.14347175724153144,0.08322490364078267,0.8480143045360437
extended73|P1|manual|rPc6DW4iMge_fbc169773c954580baea6d2798c0d486,P1|0|rPc6DW4iMge_fbc169773c954580baea6d2798c0d486|manual,rPc6DW4iMge_fbc169773c954580baea6d2798c0d486,P1,manual,rPc6DW4iMge,False,all_archived,19,23,0.12001648734312152,0.06491051481599687,0.8799171842650102
extended73|P1|manual|rPc6DW4iMge_fbc169773c954580baea6d2798c0d486,P1|0|rPc6DW4iMge_fbc169773c954580baea6d2798c0d486|manual,rPc6DW4iMge_fbc169773c954580baea6d2798c0d486,P1,manual,rPc6DW4iMge,False,all_archived,20,23,0.09198929614808632,0.04750448039672992,0.9110201392810088
extended73|P1|manual|rPc6DW4iMge_fbc169773c954580baea6d2798c0d486,P1|0|rPc6DW4iMge_fbc169773c954580baea6d2798c0d486|manual,rPc6DW4iMge_fbc169773c954580baea6d2798c0d486,P1,manual,rPc6DW4iMge,False,current20,1,19,0.837528604118993,0.8375286041189929,0.08333333333333337
extended73|P1|manual|rPc6DW4iMge_fbc169773c954580baea6d2798c0d486,P1|0|rPc6DW4iMge_fbc169773c954580baea6d2798c0d486|manual,rPc6DW4iMge_fbc169773c954580baea6d2798c0d486,P1,manual,rPc6DW4iMge,False,current20,2,19,0.7088736333587591,0.7088736333587591,0.15692007797270954
extended73|P1|manual|rPc6DW4iMge_fbc169773c954580baea6d2798c0d486,P1|0|rPc6DW4iMge_fbc169773c954580baea6d2798c0d486|manual,rPc6DW4iMge_fbc169773c954580baea6d2798c0d486,P1,manual,rPc6DW4iMge,False,current20,3,19,0.6137210032754519,0.6067214070983084,0.22256621947024427
extended73|P1|manual|rPc6DW4iMge_fbc169773c954580baea6d2798c0d486,P1|0|rPc6DW4iMge_fbc169773c954580baea6d2798c0d486|manual,rPc6DW4iMge_fbc169773c954580baea6d2798c0d486,P1,manual,rPc6DW4iMge,False,current20,4,19,0.5684143222506394,0.5251043209045632,0.2817552459580323
extended73|P1|manual|rPc6DW4iMge_fbc169773c954580baea6d2798c0d486,P1|0|rPc6DW4iMge_fbc169773c954580baea6d2798c0d486|manual,rPc6DW4iMge_fbc169773c954580baea6d2798c0d486,P1,manual,rPc6DW4iMge,False,current20,5,19,0.5137598899208806,0.4592213697073032,0.3356911478041509
extended73|P1|manual|rPc6DW4iMge_fbc169773c954580baea6d2798c0d486,P1|0|rPc6DW4iMge_fbc169773c954580baea6d2798c0d486|manual,rPc6DW4iMge_fbc169773c954580baea6d2798c0d486,P1,manual,rPc6DW4iMge,False,current20,6,19,0.4625598523162125,0.4052714907473287,0.3853383458646617
extended73|P1|manual|rPc6DW4iMge_fbc169773c954580baea6d2798c0d486,P1|0|rPc6DW4iMge_fbc169773c954580baea6d2798c0d486|manual,rPc6DW4iMge_fbc169773c954580baea6d2798c0d486,P1,manual,rPc6DW4iMge,False,current20,7,19,0.42597862943804526,0.36029972629784185,0.43145854833161335
extended73|P1|manual|rPc6DW4iMge_fbc169773c954580baea6d2798c0d486,P1|0|rPc6DW4iMge_fbc169773c954580baea6d2798c0d486|manual,rPc6DW4iMge_fbc169773c954580baea6d2798c0d486,P1,manual,rPc6DW4iMge,False,current20,8,19,0.388193416191801,0.3220562061590463,0.4746445361770437
extended73|P1|manual|rPc6DW4iMge_fbc169773c954580baea6d2798c0d486,P1|0|rPc6DW4iMge_fbc169773c954580baea6d2798c0d486|manual,rPc6DW4iMge_fbc169773c954580baea6d2798c0d486,P1,manual,rPc6DW4iMge,False,current20,9,19,0.35711401265311626,0.2888679499259658,0.5153508771929826
extended73|P1|manual|rPc6DW4iMge_fbc169773c954580baea6d2798c0d486,P1|0|rPc6DW4iMge_fbc169773c954580baea6d2798c0d486|manual,rPc6DW4iMge_fbc169773c954580baea6d2798c0d486,P1,manual,rPc6DW4iMge,False,current20,10,19,0.3310001346076189,0.259523489029479,0.5539215686274509
extended73|P1|manual|rPc6DW4iMge_fbc169773c954580baea6d2798c0d486,P1|0|rPc6DW4iMge_fbc169773c954580baea6d2798c0d486|manual,rPc6DW4iMge_fbc169773c954580baea6d2798c0d486,P1,manual,rPc6DW4iMge,False,current20,11,19,0.30069846397750555,0.23317030855057505,0.5906146084164661
extended73|P1|manual|rPc6DW4iMge_fbc169773c954580baea6d2798c0d486,P1|0|rPc6DW4iMge_fbc169773c954580baea6d2798c0d486|manual,rPc6DW4iMge_fbc169773c954580baea6d2798c0d486,P1,manual,rPc6DW4iMge,False,current20,12,19,0.27622979016167865,0.20922510880782516,0.62562349501204
extended73|P1|manual|rPc6DW4iMge_fbc169773c954580baea6d2798c0d486,P1|0|rPc6DW4iMge_fbc169773c954580baea6d2798c0d486|manual,rPc6DW4iMge_fbc169773c954580baea6d2798c0d486,P1,manual,rPc6DW4iMge,False,current20,13,19,0.25690505034965927,0.18729688671807398,0.6590956558061821
extended73|P1|manual|rPc6DW4iMge_fbc169773c954580baea6d2798c0d486,P1|0|rPc6DW4iMge_fbc169773c954580baea6d2798c0d486|manual,rPc6DW4iMge_fbc169773c954580baea6d2798c0d486,P1,manual,rPc6DW4iMge,False,current20,14,19,0.23277182726637563,0.167122836930348,0.6911478041509
extended73|P1|manual|rPc6DW4iMge_fbc169773c954580baea6d2798c0d486,P1|0|rPc6DW4iMge_fbc169773c954580baea6d2798c0d486|manual,rPc6DW4iMge_fbc169773c954580baea6d2798c0d486,P1,manual,rPc6DW4iMge,False,current20,15,19,0.21033936076337484,0.14851707273298334,0.7218782249742003
extended73|P1|manual|rPc6DW4iMge_fbc169773c954580baea6d2798c0d486,P1|0|rPc6DW4iMge_fbc169773c954580baea6d2798c0d486|manual,rPc6DW4iMge_fbc169773c954580baea6d2798c0d486,P1,manual,rPc6DW4iMge,False,current20,16,19,0.19050343249427912,0.1313321667339705,0.751375988992088
extended73|P1|manual|rPc6DW4iMge_fbc169773c954580baea6d2798c0d486,P1|0|rPc6DW4iMge_fbc169773c954580baea6d2798c0d486|manual,rPc6DW4iMge_fbc169773c954580baea6d2798c0d486,P1,manual,rPc6DW4iMge,False,current20,17,19,0.16583658635078743,0.11543351131451818,0.7797270955165692
extended73|P1|manual|rPc6DW4iMge_fbc169773c954580baea6d2798c0d486,P1|0|rPc6DW4iMge_fbc169773c954580baea6d2798c0d486|manual,rPc6DW4iMge_fbc169773c954580baea6d2798c0d486,P1,manual,rPc6DW4iMge,False,current20,18,19,0.1423849478769387,0.10068649885583526,0.8070175438596493
extended73|P1|manual|rPc6DW4iMge_fbc169773c954580baea6d2798c0d486,P1|0|rPc6DW4iMge_fbc169773c954580baea6d2798c0d486|manual,rPc6DW4iMge_fbc169773c954580baea6d2798c0d486,P1,manual,rPc6DW4iMge,False,current20,19,19,0.11899313501144164,0.08695652173913043,0.8333333333333334
extended73|P1|manual|uNb9QFRL6hY_07a43087f1e54e3f828851d8e457a283,P1|0|uNb9QFRL6hY_07a43087f1e54e3f828851d8e457a283|manual,uNb9QFRL6hY_07a43087f1e54e3f828851d8e457a283,P1,manual,uNb9QFRL6hY,True,all_archived,1,25,0.528,0.528,0.2
extended73|P1|manual|uNb9QFRL6hY_07a43087f1e54e3f828851d8e457a283,P1|0|uNb9QFRL6hY_07a43087f1e54e3f828851d8e457a283|manual,uNb9QFRL6hY_07a43087f1e54e3f828851d8e457a283,P1,manual,uNb9QFRL6hY,True,all_archived,2,25,0.3912,0.32399999999999995,0.31000000000000005
extended73|P1|manual|uNb9QFRL6hY_07a43087f1e54e3f828851d8e457a283,P1|0|uNb9QFRL6hY_07a43087f1e54e3f828851d8e457a283|manual,uNb9QFRL6hY_07a43087f1e54e3f828851d8e457a283,P1,manual,uNb9QFRL6hY,True,all_archived,3,25,0.30688695652173914,0.23008695652173913,0.3804347826086957
extended73|P1|manual|uNb9QFRL6hY_07a43087f1e54e3f828851d8e457a283,P1|0|uNb9QFRL6hY_07a43087f1e54e3f828851d8e457a283|manual,uNb9QFRL6hY_07a43087f1e54e3f828851d8e457a283,P1,manual,uNb9QFRL6hY,True,all_archived,4,25,0.26995731225296443,0.18071146245059286,0.4327272727272728
extended73|P1|manual|uNb9QFRL6hY_07a43087f1e54e3f828851d8e457a283,P1|0|uNb9QFRL6hY_07a43087f1e54e3f828851d8e457a283|manual,uNb9QFRL6hY_07a43087f1e54e3f828851d8e457a283,P1,manual,uNb9QFRL6hY,True,all_archived,5,25,0.24495990965556183,0.15004404291360812,0.4757538114059853
extended73|P1|manual|uNb9QFRL6hY_07a43087f1e54e3f828851d8e457a283,P1|0|uNb9QFRL6hY_07a43087f1e54e3f828851d8e457a283|manual,uNb9QFRL6hY_07a43087f1e54e3f828851d8e457a283,P1,manual,uNb9QFRL6hY,True,all_archived,6,25,0.2259171089779785,0.12827193675889328,0.5132648221343874
extended73|P1|manual|uNb9QFRL6hY_07a43087f1e54e3f828851d8e457a283,P1|0|uNb9QFRL6hY_07a43087f1e54e3f828851d8e457a283|manual,uNb9QFRL6hY_07a43087f1e54e3f828851d8e457a283,P1,manual,uNb9QFRL6hY,True,all_archived,7,25,0.20987992510921571,0.1116052423548991,0.5470205949656751
extended73|P1|manual|uNb9QFRL6hY_07a43087f1e54e3f828851d8e457a283,P1|0|uNb9QFRL6hY_07a43087f1e54e3f828851d8e457a283|manual,uNb9QFRL6hY_07a43087f1e54e3f828851d8e457a283,P1,manual,uNb9QFRL6hY,True,all_archived,8,25,0.186491366756813,0.09837686706885793,0.5780220511753692
extended73|P1|manual|uNb9QFRL6hY_07a43087f1e54e3f828851d8e457a283,P1|0|uNb9QFRL6hY_07a43087f1e54e3f828851d8e457a283|manual,uNb9QFRL6hY_07a43087f1e54e3f828851d8e457a283,P1,manual,uNb9QFRL6hY,True,all_archived,9,25,0.17552128635935338,0.08765248718168357,0.6069564238426803
extended73|P1|manual|uNb9QFRL6hY_07a43087f1e54e3f828851d8e457a283,P1|0|uNb9QFRL6hY_07a43087f1e54e3f828851d8e457a283|manual,uNb9QFRL6hY_07a43087f1e54e3f828851d8e457a283,P1,manual,uNb9QFRL6hY,True,all_archived,10,25,0.16578440754292145,0.07878260869565218,0.6343478260869565
extended73|P1|manual|uNb9QFRL6hY_07a43087f1e54e3f828851d8e457a283,P1|0|uNb9QFRL6hY_07a43087f1e54e3f828851d8e457a283|manual,uNb9QFRL6hY_07a43087f1e54e3f828851d8e457a283,P1,manual,uNb9QFRL6hY,True,all_archived,11,25,0.1502292098532777,0.0712695652173913,0.6606086956521738
extended73|P1|manual|uNb9QFRL6hY_07a43087f1e54e3f828851d8e457a283,P1|0|uNb9QFRL6hY_07a43087f1e54e3f828851d8e457a283|manual,uNb9QFRL6hY_07a43087f1e54e3f828851d8e457a283,P1,manual,uNb9QFRL6hY,True,all_archived,12,25,0.13950555160279215,0.06472546583850933,0.6860621118012422
extended73|P1|manual|uNb9QFRL6hY_07a43087f1e54e3f828851d8e457a283,P1|0|uNb9QFRL6hY_07a43087f1e54e3f828851d8e457a283|manual,uNb9QFRL6hY_07a43087f1e54e3f828851d8e457a283,P1,manual,uNb9QFRL6hY,True,all_archived,13,25,0.12877435532565426,0.05885217391304347,0.7109565217391305
extended73|P1|manual|uNb9QFRL6hY_07a43087f1e54e3f828851d8e457a283,P1|0|uNb9QFRL6hY_07a43087f1e54e3f828851d8e457a283|manual,uNb9QFRL6hY_07a43087f1e54e3f828851d8e457a283,P1,manual,uNb9QFRL6hY,True,all_archived,14,25,0.11803723631328963,0.05342608695652175,0.7354782608695652
extended73|P1|manual|uNb9QFRL6hY_07a43087f1e54e3f828851d8e457a283,P1|0|uNb9QFRL6hY_07a43087f1e54e3f828851d8e457a283|manual,uNb9QFRL6hY_07a43087f1e54e3f828851d8e457a283,P1,manual,uNb9QFRL6hY,True,all_archived,15,25,0.11052293836194764,0.048284584980237154,0.7597628458498024
extended73|P1|manual|uNb9QFRL6hY_07a43087f1e54e3f828851d8e457a283,P1|0|uNb9QFRL6hY_07a43087f1e54e3f828851d8e457a283|manual,uNb9QFRL6hY_07a43087f1e54e3f828851d8e457a283,P1,manual,uNb9QFRL6hY,True,all_archived,16,25,0.09873072357713628,0.04331383399209486,0.7839051383399209
extended73|P1|manual|uNb9QFRL6hY_07a43087f1e54e3f828851d8e457a283,P1|0|uNb9QFRL6hY_07a43087f1e54e3f828851d8e457a283|manual,uNb9QFRL6hY_07a43087f1e54e3f828851d8e457a283,P1,manual,uNb9QFRL6hY,True,all_archived,17,25,0.08776064317967672,0.03843794466403162,0.8079683794466401
extended73|P1|manual|uNb9QFRL6hY_07a43087f1e54e3f828851d8e457a283,P1|0|uNb9QFRL6hY_07a43087f1e54e3f828851d8e457a283|manual,uNb9QFRL6hY_07a43087f1e54e3f828851d8e457a283,P1,manual,uNb9QFRL6hY,True,all_archived,18,25,0.08161997087580611,0.03360948616600791,0.83199209486166
extended73|P1|manual|uNb9QFRL6hY_07a43087f1e54e3f828851d8e457a283,P1|0|uNb9QFRL6hY_07a43087f1e54e3f828851d8e457a283|manual,uNb9QFRL6hY_07a43087f1e54e3f828851d8e457a283,P1,manual,uNb9QFRL6hY,True,all_archived,19,25,0.07134224494041427,0.028801355166572555,0.8559988706945229
extended73|P1|manual|uNb9QFRL6hY_07a43087f1e54e3f828851d8e457a283,P1|0|uNb9QFRL6hY_07a43087f1e54e3f828851d8e457a283|manual,uNb9QFRL6hY_07a43087f1e54e3f828851d8e457a283,P1,manual,uNb9QFRL6hY,True,all_archived,20,25,0.06123997741389046,0.024,0.8799999999999999
extended73|P1|manual|uNb9QFRL6hY_07a43087f1e54e3f828851d8e457a283,P1|0|uNb9QFRL6hY_07a43087f1e54e3f828851d8e457a283|manual,uNb9QFRL6hY_07a43087f1e54e3f828851d8e457a283,P1,manual,uNb9QFRL6hY,True,current20,1,20,0.49000000000000005,0.48999999999999994,0.2
extended73|P1|manual|uNb9QFRL6hY_07a43087f1e54e3f828851d8e457a283,P1|0|uNb9QFRL6hY_07a43087f1e54e3f828851d8e457a283|manual,uNb9QFRL6hY_07a43087f1e54e3f828851d8e457a283,P1,manual,uNb9QFRL6hY,True,current20,2,20,0.3610526315789474,0.2991578947368421,0.29368421052631577
extended73|P1|manual|uNb9QFRL6hY_07a43087f1e54e3f828851d8e457a283,P1|0|uNb9QFRL6hY_07a43087f1e54e3f828851d8e457a283|manual,uNb9QFRL6hY_07a43087f1e54e3f828851d8e457a283,P1,manual,uNb9QFRL6hY,True,current20,3,20,0.27750877192982454,0.22101754385964914,0.3466666666666667
extended73|P1|manual|uNb9QFRL6hY_07a43087f1e54e3f828851d8e457a283,P1|0|uNb9QFRL6hY_07a43087f1e54e3f828851d8e457a283|manual,uNb9QFRL6hY_07a43087f1e54e3f828851d8e457a283,P1,manual,uNb9QFRL6hY,True,current20,4,20,0.24357894736842103,0.18159752321981426,0.38303405572755417
extended73|P1|manual|uNb9QFRL6hY_07a43087f1e54e3f828851d8e457a283,P1|0|uNb9QFRL6hY_07a43087f1e54e3f828851d8e457a283|manual,uNb9QFRL6hY_07a43087f1e54e3f828851d8e457a283,P1,manual,uNb9QFRL6hY,True,current20,5,20,0.22256191950464396,0.15673374613003097,0.41118421052631576
extended73|P1|manual|uNb9QFRL6hY_07a43087f1e54e3f828851d8e457a283,P1|0|uNb9QFRL6hY_07a43087f1e54e3f828851d8e457a283|manual,uNb9QFRL6hY_07a43087f1e54e3f828851d8e457a283,P1,manual,uNb9QFRL6hY,True,current20,6,20,0.20553611971104227,0.13900722394220846,0.4341692466460268
extended73|P1|manual|uNb9QFRL6hY_07a43087f1e54e3f828851d8e457a283,P1|0|uNb9QFRL6hY_07a43087f1e54e3f828851d8e457a283|manual,uNb9QFRL6hY_07a43087f1e54e3f828851d8e457a283,P1,manual,uNb9QFRL6hY,True,current20,7,20,0.19246800825593394,0.12592260061919505,0.4533978328173375
extended73|P1|manual|uNb9QFRL6hY_07a43087f1e54e3f828851d8e457a283,P1|0|uNb9QFRL6hY_07a43087f1e54e3f828851d8e457a283|manual,uNb9QFRL6hY_07a43087f1e54e3f828851d8e457a283,P1,manual,uNb9QFRL6hY,True,current20,8,20,0.1719643962848297,0.11626006191950464,0.46978328173374606
extended73|P1|manual|uNb9QFRL6hY_07a43087f1e54e3f828851d8e457a283,P1|0|uNb9QFRL6hY_07a43087f1e54e3f828851d8e457a283|manual,uNb9QFRL6hY_07a43087f1e54e3f828851d8e457a283,P1,manual,uNb9QFRL6hY,True,current20,9,20,0.16340866873065013,0.1091517027863777,0.4840402476780186
extended73|P1|manual|uNb9QFRL6hY_07a43087f1e54e3f828851d8e457a283,P1|0|uNb9QFRL6hY_07a43087f1e54e3f828851d8e457a283|manual,uNb9QFRL6hY_07a43087f1e54e3f828851d8e457a283,P1,manual,uNb9QFRL6hY,True,current20,10,20,0.15695046439628482,0.10390092879256965,0.496749226006192
extended73|P1|manual|uNb9QFRL6hY_07a43087f1e54e3f828851d8e457a283,P1|0|uNb9QFRL6hY_07a43087f1e54e3f828851d8e457a283|manual,uNb9QFRL6hY_07a43087f1e54e3f828851d8e457a283,P1,manual,uNb9QFRL6hY,True,current20,11,20,0.14408359133126936,0.09995046439628483,0.5083746130030959
extended73|P1|manual|uNb9QFRL6hY_07a43087f1e54e3f828851d8e457a283,P1|0|uNb9QFRL6hY_07a43087f1e54e3f828851d8e457a283|manual,uNb9QFRL6hY_07a43087f1e54e3f828851d8e457a283,P1,manual,uNb9QFRL6hY,True,current20,12,20,0.135437564499484,0.09686687306501549,0.5192776057791538
extended73|P1|manual|uNb9QFRL6hY_07a43087f1e54e3f828851d8e457a283,P1|0|uNb9QFRL6hY_07a43087f1e54e3f828851d8e457a283|manual,uNb9QFRL6hY_07a43087f1e54e3f828851d8e457a283,P1,manual,uNb9QFRL6hY,True,current20,13,20,0.1280737874097007,0.09432507739938081,0.5297291021671826
extended73|P1|manual|uNb9QFRL6hY_07a43087f1e54e3f828851d8e457a283,P1|0|uNb9QFRL6hY_07a43087f1e54e3f828851d8e457a283|manual,uNb9QFRL6hY_07a43087f1e54e3f828851d8e457a283,P1,manual,uNb9QFRL6hY,True,current20,14,20,0.12014809081527349,0.09209287925696594,0.5399226006191951
extended73|P1|manual|uNb9QFRL6hY_07a43087f1e54e3f828851d8e457a283,P1|0|uNb9QFRL6hY_07a43087f1e54e3f828851d8e457a283|manual,uNb9QFRL6hY_07a43087f1e54e3f828851d8e457a283,P1,manual,uNb9QFRL6hY,True,current20,15,20,0.11498194014447884,0.09001547987616099,0.5499871001031992
extended73|P1|manual|uNb9QFRL6hY_07a43087f1e54e3f828851d8e457a283,P1|0|uNb9QFRL6hY_07a43087f1e54e3f828851d8e457a283|manual,uNb9QFRL6hY_07a43087f1e54e3f828851d8e457a283,P1,manual,uNb9QFRL6hY,True,current20,16,20,0.10622033023735811,0.088,0.5599999999999999
extended73|P1|manual|uNb9QFRL6hY_07a43087f1e54e3f828851d8e457a283,P1|0|uNb9QFRL6hY_07a43087f1e54e3f828851d8e457a283|manual,uNb9QFRL6hY_07a43087f1e54e3f828851d8e457a283,P1,manual,uNb9QFRL6hY,True,current20,17,20,0.09759958720330238,0.086,0.5700000000000001
extended73|P1|manual|uNb9QFRL6hY_07a43087f1e54e3f828851d8e457a283,P1|0|uNb9QFRL6hY_07a43087f1e54e3f828851d8e457a283|manual,uNb9QFRL6hY_07a43087f1e54e3f828851d8e457a283,P1,manual,uNb9QFRL6hY,True,current20,18,20,0.09487719298245613,0.08399999999999999,0.58
extended73|P1|manual|uNb9QFRL6hY_07a43087f1e54e3f828851d8e457a283,P1|0|uNb9QFRL6hY_07a43087f1e54e3f828851d8e457a283|manual,uNb9QFRL6hY_07a43087f1e54e3f828851d8e457a283,P1,manual,uNb9QFRL6hY,True,current20,19,20,0.08936842105263157,0.082,0.5900000000000001
extended73|P1|manual|uNb9QFRL6hY_07a43087f1e54e3f828851d8e457a283,P1|0|uNb9QFRL6hY_07a43087f1e54e3f828851d8e457a283|manual,uNb9QFRL6hY_07a43087f1e54e3f828851d8e457a283,P1,manual,uNb9QFRL6hY,True,current20,20,20,0.07999999999999999,0.08,0.6
extended73|P1|manual|uNb9QFRL6hY_3b9e548b46af4410b97e1d12781ec3c9,P1|0|uNb9QFRL6hY_3b9e548b46af4410b97e1d12781ec3c9|manual,uNb9QFRL6hY_3b9e548b46af4410b97e1d12781ec3c9,P1,manual,uNb9QFRL6hY,True,all_archived,1,25,0.7968,0.7968,0.11111111111111113
extended73|P1|manual|uNb9QFRL6hY_3b9e548b46af4410b97e1d12781ec3c9,P1|0|uNb9QFRL6hY_3b9e548b46af4410b97e1d12781ec3c9|manual,uNb9QFRL6hY_3b9e548b46af4410b97e1d12781ec3c9,P1,manual,uNb9QFRL6hY,True,all_archived,2,25,0.6443999999999999,0.6443999999999999,0.2033333333333334
extended73|P1|manual|uNb9QFRL6hY_3b9e548b46af4410b97e1d12781ec3c9,P1|0|uNb9QFRL6hY_3b9e548b46af4410b97e1d12781ec3c9|manual,uNb9QFRL6hY_3b9e548b46af4410b97e1d12781ec3c9,P1,manual,uNb9QFRL6hY,True,all_archived,3,25,0.5415652173913044,0.5290434782608695,0.28115942028985513
extended73|P1|manual|uNb9QFRL6hY_3b9e548b46af4410b97e1d12781ec3c9,P1|0|uNb9QFRL6hY_3b9e548b46af4410b97e1d12781ec3c9|manual,uNb9QFRL6hY_3b9e548b46af4410b97e1d12781ec3c9,P1,manual,uNb9QFRL6hY,True,all_archived,4,25,0.48441106719367594,0.44058498023715426,0.34795783926218715
extended73|P1|manual|uNb9QFRL6hY_3b9e548b46af4410b97e1d12781ec3c9,P1|0|uNb9QFRL6hY_3b9e548b46af4410b97e1d12781ec3c9|manual,uNb9QFRL6hY_3b9e548b46af4410b97e1d12781ec3c9,P1,manual,uNb9QFRL6hY,True,all_archived,5,25,0.4209644268774705,0.37163636363636365,0.40623627580149324
extended73|P1|manual|uNb9QFRL6hY_3b9e548b46af4410b97e1d12781ec3c9,P1|0|uNb9QFRL6hY_3b9e548b46af4410b97e1d12781ec3c9|manual,uNb9QFRL6hY_3b9e548b46af4410b97e1d12781ec3c9,P1,manual,uNb9QFRL6hY,True,all_archived,6,25,0.3696648221343873,0.31688379446640313,0.4578524374176549
extended73|P1|manual|uNb9QFRL6hY_3b9e548b46af4410b97e1d12781ec3c9,P1|0|uNb9QFRL6hY_3b9e548b46af4410b97e1d12781ec3c9|manual,uNb9QFRL6hY_3b9e548b46af4410b97e1d12781ec3c9,P1,manual,uNb9QFRL6hY,True,all_archived,7,25,0.3448870397337216,0.27254853338880797,0.504180477544322
extended73|P1|manual|uNb9QFRL6hY_3b9e548b46af4410b97e1d12781ec3c9,P1|0|uNb9QFRL6hY_3b9e548b46af4410b97e1d12781ec3c9|manual,uNb9QFRL6hY_3b9e548b46af4410b97e1d12781ec3c9,P1,manual,uNb9QFRL6hY,True,all_archived,8,25,0.3177609319742043,0.23596754732681507,0.5462404364006195
extended73|P1|manual|uNb9QFRL6hY_3b9e548b46af4410b97e1d12781ec3c9,P1|0|uNb9QFRL6hY_3b9e548b46af4410b97e1d12781ec3c9|manual,uNb9QFRL6hY_3b9e548b46af4410b97e1d12781ec3c9,P1,manual,uNb9QFRL6hY,True,all_archived,9,25,0.29906911244630996,0.20527280069506482,0.5847972251795109
extended73|P1|manual|uNb9QFRL6hY_3b9e548b46af4410b97e1d12781ec3c9,P1|0|uNb9QFRL6hY_3b9e548b46af4410b97e1d12781ec3c9|manual,uNb9QFRL6hY_3b9e548b46af4410b97e1d12781ec3c9,P1,manual,uNb9QFRL6hY,True,all_archived,10,25,0.2799504154480598,0.17915072382187738,0.6204348641890708
extended73|P1|manual|uNb9QFRL6hY_3b9e548b46af4410b97e1d12781ec3c9,P1|0|uNb9QFRL6hY_3b9e548b46af4410b97e1d12781ec3c9|manual,uNb9QFRL6hY_3b9e548b46af4410b97e1d12781ec3c9,P1,manual,uNb9QFRL6hY,True,all_archived,11,25,0.25504502012995756,0.15666582312558894,0.6536109241560849
extended73|P1|manual|uNb9QFRL6hY_3b9e548b46af4410b97e1d12781ec3c9,P1|0|uNb9QFRL6hY_3b9e548b46af4410b97e1d12781ec3c9|manual,uNb9QFRL6hY_3b9e548b46af4410b97e1d12781ec3c9,P1,manual,uNb9QFRL6hY,True,all_archived,12,25,0.23510803607484176,0.1371346883833625,0.6846954128714798
extended73|P1|manual|uNb9QFRL6hY_3b9e548b46af4410b97e1d12781ec3c9,P1|0|uNb9QFRL6hY_3b9e548b46af4410b97e1d12781ec3c9|manual,uNb9QFRL6hY_3b9e548b46af4410b97e1d12781ec3c9,P1,manual,uNb9QFRL6hY,True,all_archived,13,25,0.21702280253062323,0.12003876699421186,0.7139976967140783
extended73|P1|manual|uNb9QFRL6hY_3b9e548b46af4410b97e1d12781ec3c9,P1|0|uNb9QFRL6hY_3b9e548b46af4410b97e1d12781ec3c9|manual,uNb9QFRL6hY_3b9e548b46af4410b97e1d12781ec3c9,P1,manual,uNb9QFRL6hY,True,all_archived,14,25,0.20039251581639522,0.10496621348768342,0.7417844483331092
extended73|P1|manual|uNb9QFRL6hY_3b9e548b46af4410b97e1d12781ec3c9,P1|0|uNb9QFRL6hY_3b9e548b46af4410b97e1d12781ec3c9|manual,uNb9QFRL6hY_3b9e548b46af4410b97e1d12781ec3c9,P1,manual,uNb9QFRL6hY,True,all_archived,15,25,0.18663361029870656,0.0915748846657448,0.7682910679007056
extended73|P1|manual|uNb9QFRL6hY_3b9e548b46af4410b97e1d12781ec3c9,P1|0|uNb9QFRL6hY_3b9e548b46af4410b97e1d12781ec3c9|manual,uNb9QFRL6hY_3b9e548b46af4410b97e1d12781ec3c9,P1,manual,uNb9QFRL6hY,True,all_archived,16,25,0.16822637575104932,0.07957013668791835,0.7937285358634125
extended73|P1|manual|uNb9QFRL6hY_3b9e548b46af4410b97e1d12781ec3c9,P1|0|uNb9QFRL6hY_3b9e548b46af4410b97e1d12781ec3c9|manual,uNb9QFRL6hY_3b9e548b46af4410b97e1d12781ec3c9,P1,manual,uNb9QFRL6hY,True,all_archived,17,25,0.14953455622315498,0.06869249011857707,0.8182872200263502
extended73|P1|manual|uNb9QFRL6hY_3b9e548b46af4410b97e1d12781ec3c9,P1|0|uNb9QFRL6hY_3b9e548b46af4410b97e1d12781ec3c9|manual,uNb9QFRL6hY_3b9e548b46af4410b97e1d12781ec3c9,P1,manual,uNb9QFRL6hY,True,all_archived,18,25,0.13412273767422508,0.058711462450592895,0.8421387790953008
extended73|P1|manual|uNb9QFRL6hY_3b9e548b46af4410b97e1d12781ec3c9,P1|0|uNb9QFRL6hY_3b9e548b46af4410b97e1d12781ec3c9|manual,uNb9QFRL6hY_3b9e548b46af4410b97e1d12781ec3c9,P1,manual,uNb9QFRL6hY,True,all_archived,19,25,0.11673625962138547,0.049422924901185765,0.8654369784804566
extended73|P1|manual|uNb9QFRL6hY_3b9e548b46af4410b97e1d12781ec3c9,P1|0|uNb9QFRL6hY_3b9e548b46af4410b97e1d12781ec3c9|manual,uNb9QFRL6hY_3b9e548b46af4410b97e1d12781ec3c9,P1,manual,uNb9QFRL6hY,True,all_archived,20,25,0.10524110671936762,0.04064822134387352,0.8883179622310056
extended73|P1|manual|uNb9QFRL6hY_3b9e548b46af4410b97e1d12781ec3c9,P1|0|uNb9QFRL6hY_3b9e548b46af4410b97e1d12781ec3c9|manual,uNb9QFRL6hY_3b9e548b46af4410b97e1d12781ec3c9,P1,manual,uNb9QFRL6hY,True,current20,1,20,0.7940000000000002,0.7940000000000002,0.1111111111111111
extended73|P1|manual|uNb9QFRL6hY_3b9e548b46af4410b97e1d12781ec3c9,P1|0|uNb9QFRL6hY_3b9e548b46af4410b97e1d12781ec3c9|manual,uNb9QFRL6hY_3b9e548b46af4410b97e1d12781ec3c9,P1,manual,uNb9QFRL6hY,True,current20,2,20,0.637263157894737,0.637263157894737,0.20292397660818715
extended73|P1|manual|uNb9QFRL6hY_3b9e548b46af4410b97e1d12781ec3c9,P1|0|uNb9QFRL6hY_3b9e548b46af4410b97e1d12781ec3c9|manual,uNb9QFRL6hY_3b9e548b46af4410b97e1d12781ec3c9,P1,manual,uNb9QFRL6hY,True,current20,3,20,0.5307017543859649,0.5179298245614036,0.2794346978557505
extended73|P1|manual|uNb9QFRL6hY_3b9e548b46af4410b97e1d12781ec3c9,P1|0|uNb9QFRL6hY_3b9e548b46af4410b97e1d12781ec3c9|manual,uNb9QFRL6hY_3b9e548b46af4410b97e1d12781ec3c9,P1,manual,uNb9QFRL6hY,True,current20,4,20,0.4722270381836946,0.4267739938080496,0.3438137828230708
extended73|P1|manual|uNb9QFRL6hY_3b9e548b46af4410b97e1d12781ec3c9,P1|0|uNb9QFRL6hY_3b9e548b46af4410b97e1d12781ec3c9|manual,uNb9QFRL6hY_3b9e548b46af4410b97e1d12781ec3c9,P1,manual,uNb9QFRL6hY,True,current20,5,20,0.4083668730650156,0.3567156862745098,0.3985566448801743
extended73|P1|manual|uNb9QFRL6hY_3b9e548b46af4410b97e1d12781ec3c9,P1|0|uNb9QFRL6hY_3b9e548b46af4410b97e1d12781ec3c9|manual,uNb9QFRL6hY_3b9e548b46af4410b97e1d12781ec3c9,P1,manual,uNb9QFRL6hY,True,current20,6,20,0.3576651186790505,0.3023983488132095,0.44561403508771924
extended73|P1|manual|uNb9QFRL6hY_3b9e548b46af4410b97e1d12781ec3c9,P1|0|uNb9QFRL6hY_3b9e548b46af4410b97e1d12781ec3c9|manual,uNb9QFRL6hY_3b9e548b46af4410b97e1d12781ec3c9,P1,manual,uNb9QFRL6hY,True,current20,7,20,0.3346671826625387,0.2598266253869969,0.4865038413026029
extended73|P1|manual|uNb9QFRL6hY_3b9e548b46af4410b97e1d12781ec3c9,P1|0|uNb9QFRL6hY_3b9e548b46af4410b97e1d12781ec3c9|manual,uNb9QFRL6hY_3b9e548b46af4410b97e1d12781ec3c9,P1,manual,uNb9QFRL6hY,True,current20,8,20,0.3088606811145511,0.22605985552115582,0.5224056874211673
extended73|P1|manual|uNb9QFRL6hY_3b9e548b46af4410b97e1d12781ec3c9,P1|0|uNb9QFRL6hY_3b9e548b46af4410b97e1d12781ec3c9|manual,uNb9QFRL6hY_3b9e548b46af4410b97e1d12781ec3c9,P1,manual,uNb9QFRL6hY,True,current20,9,20,0.2914747162022704,0.19895665634674925,0.5542397660818713
extended73|P1|manual|uNb9QFRL6hY_3b9e548b46af4410b97e1d12781ec3c9,P1|0|uNb9QFRL6hY_3b9e548b46af4410b97e1d12781ec3c9|manual,uNb9QFRL6hY_3b9e548b46af4410b97e1d12781ec3c9,P1,manual,uNb9QFRL6hY,True,current20,10,20,0.27335913312693494,0.17696594427244583,0.5827313381492948
extended73|P1|manual|uNb9QFRL6hY_3b9e548b46af4410b97e1d12781ec3c9,P1|0|uNb9QFRL6hY_3b9e548b46af4410b97e1d12781ec3c9|manual,uNb9QFRL6hY_3b9e548b46af4410b97e1d12781ec3c9,P1,manual,uNb9QFRL6hY,True,current20,11,20,0.2487832817337461,0.15895975232198145,0.6084623323013416
extended73|P1|manual|uNb9QFRL6hY_3b9e548b46af4410b97e1d12781ec3c9,P1|0|uNb9QFRL6hY_3b9e548b46af4410b97e1d12781ec3c9|manual,uNb9QFRL6hY_3b9e548b46af4410b97e1d12781ec3c9,P1,manual,uNb9QFRL6hY,True,current20,12,20,0.22994530443756445,0.14410319917440662,0.6319114780415088
extended73|P1|manual|uNb9QFRL6hY_3b9e548b46af4410b97e1d12781ec3c9,P1|0|uNb9QFRL6hY_3b9e548b46af4410b97e1d12781ec3c9|manual,uNb9QFRL6hY_3b9e548b46af4410b97e1d12781ec3c9,P1,manual,uNb9QFRL6hY,True,current20,13,20,0.2130588235294118,0.13175696594427244,0.6534844054580897
extended73|P1|manual|uNb9QFRL6hY_3b9e548b46af4410b97e1d12781ec3c9,P1|0|uNb9QFRL6hY_3b9e548b46af4410b97e1d12781ec3c9|manual,uNb9QFRL6hY_3b9e548b46af4410b97e1d12781ec3c9,P1,manual,uNb9QFRL6hY,True,current20,14,20,0.19696594427244576,0.1214076367389061,0.6735351450521729
extended73|P1|manual|uNb9QFRL6hY_3b9e548b46af4410b97e1d12781ec3c9,P1|0|uNb9QFRL6hY_3b9e548b46af4410b97e1d12781ec3c9|manual,uNb9QFRL6hY_3b9e548b46af4410b97e1d12781ec3c9,P1,manual,uNb9QFRL6hY,True,current20,15,20,0.1846362229102167,0.11262125902992777,0.6923804609563123
extended73|P1|manual|uNb9QFRL6hY_3b9e548b46af4410b97e1d12781ec3c9,P1|0|uNb9QFRL6hY_3b9e548b46af4410b97e1d12781ec3c9|manual,uNb9QFRL6hY_3b9e548b46af4410b97e1d12781ec3c9,P1,manual,uNb9QFRL6hY,True,current20,16,20,0.16692930856553148,0.105015479876161,0.7103084508657264
extended73|P1|manual|uNb9QFRL6hY_3b9e548b46af4410b97e1d12781ec3c9,P1|0|uNb9QFRL6hY_3b9e548b46af4410b97e1d12781ec3c9|manual,uNb9QFRL6hY_3b9e548b46af4410b97e1d12781ec3c9,P1,manual,uNb9QFRL6hY,True,current20,17,20,0.14841692466460268,0.09824561403508772,0.7275828460038984
extended73|P1|manual|uNb9QFRL6hY_3b9e548b46af4410b97e1d12781ec3c9,P1|0|uNb9QFRL6hY_3b9e548b46af4410b97e1d12781ec3c9|manual,uNb9QFRL6hY_3b9e548b46af4410b97e1d12781ec3c9,P1,manual,uNb9QFRL6hY,True,current20,18,20,0.13357894736842105,0.092,0.7444444444444446
extended73|P1|manual|uNb9QFRL6hY_3b9e548b46af4410b97e1d12781ec3c9,P1|0|uNb9QFRL6hY_3b9e548b46af4410b97e1d12781ec3c9|manual,uNb9QFRL6hY_3b9e548b46af4410b97e1d12781ec3c9,P1,manual,uNb9QFRL6hY,True,current20,19,20,0.11410526315789474,0.086,0.7611111111111112
extended73|P1|manual|uNb9QFRL6hY_3b9e548b46af4410b97e1d12781ec3c9,P1|0|uNb9QFRL6hY_3b9e548b46af4410b97e1d12781ec3c9|manual,uNb9QFRL6hY_3b9e548b46af4410b97e1d12781ec3c9,P1,manual,uNb9QFRL6hY,True,current20,20,20,0.10000000000000003,0.08,0.7777777777777778
extended73|P1|manual|uNb9QFRL6hY_978d7a8eb0794936bd8fd092306e1dc5,P1|0|uNb9QFRL6hY_978d7a8eb0794936bd8fd092306e1dc5|manual,uNb9QFRL6hY_978d7a8eb0794936bd8fd092306e1dc5,P1,manual,uNb9QFRL6hY,False,all_archived,1,24,0.6319444444444445,0.6319444444444445,0.16666666666666666
extended73|P1|manual|uNb9QFRL6hY_978d7a8eb0794936bd8fd092306e1dc5,P1|0|uNb9QFRL6hY_978d7a8eb0794936bd8fd092306e1dc5|manual,uNb9QFRL6hY_978d7a8eb0794936bd8fd092306e1dc5,P1,manual,uNb9QFRL6hY,False,all_archived,2,24,0.4172705314009661,0.41727053140096604,0.27657004830917886
extended73|P1|manual|uNb9QFRL6hY_978d7a8eb0794936bd8fd092306e1dc5,P1|0|uNb9QFRL6hY_978d7a8eb0794936bd8fd092306e1dc5|manual,uNb9QFRL6hY_978d7a8eb0794936bd8fd092306e1dc5,P1,manual,uNb9QFRL6hY,False,all_archived,3,24,0.357625164690382,0.2924077733860342,0.3524374176548089
extended73|P1|manual|uNb9QFRL6hY_978d7a8eb0794936bd8fd092306e1dc5,P1|0|uNb9QFRL6hY_978d7a8eb0794936bd8fd092306e1dc5|manual,uNb9QFRL6hY_978d7a8eb0794936bd8fd092306e1dc5,P1,manual,uNb9QFRL6hY,False,all_archived,4,24,0.3165192295627078,0.21927348014304532,0.4081341363950059
extended73|P1|manual|uNb9QFRL6hY_978d7a8eb0794936bd8fd092306e1dc5,P1|0|uNb9QFRL6hY_978d7a8eb0794936bd8fd092306e1dc5|manual,uNb9QFRL6hY_978d7a8eb0794936bd8fd092306e1dc5,P1,manual,uNb9QFRL6hY,False,all_archived,5,24,0.2972779032561641,0.1755168141037706,0.45198883242361515
extended73|P1|manual|uNb9QFRL6hY_978d7a8eb0794936bd8fd092306e1dc5,P1|0|uNb9QFRL6hY_978d7a8eb0794936bd8fd092306e1dc5|manual,uNb9QFRL6hY_978d7a8eb0794936bd8fd092306e1dc5,P1,manual,uNb9QFRL6hY,False,all_archived,6,24,0.25552641485135763,0.1482646834477498,0.48893974065598783
extended73|P1|manual|uNb9QFRL6hY_978d7a8eb0794936bd8fd092306e1dc5,P1|0|uNb9QFRL6hY_978d7a8eb0794936bd8fd092306e1dc5|manual,uNb9QFRL6hY_978d7a8eb0794936bd8fd092306e1dc5,P1,manual,uNb9QFRL6hY,False,all_archived,7,24,0.2485819704069132,0.13021760318671075,0.521887448088821
extended73|P1|manual|uNb9QFRL6hY_978d7a8eb0794936bd8fd092306e1dc5,P1|0|uNb9QFRL6hY_978d7a8eb0794936bd8fd092306e1dc5|manual,uNb9QFRL6hY_978d7a8eb0794936bd8fd092306e1dc5,P1,manual,uNb9QFRL6hY,False,all_archived,8,24,0.22380012264249716,0.11728062697237553,0.5525268841327531
extended73|P1|manual|uNb9QFRL6hY_978d7a8eb0794936bd8fd092306e1dc5,P1|0|uNb9QFRL6hY_978d7a8eb0794936bd8fd092306e1dc5|manual,uNb9QFRL6hY_978d7a8eb0794936bd8fd092306e1dc5,P1,manual,uNb9QFRL6hY,False,all_archived,9,24,0.2073284500680516,0.10716729483555434,0.5818470408758469
extended73|P1|manual|uNb9QFRL6hY_978d7a8eb0794936bd8fd092306e1dc5,P1|0|uNb9QFRL6hY_978d7a8eb0794936bd8fd092306e1dc5|manual,uNb9QFRL6hY_978d7a8eb0794936bd8fd092306e1dc5,P1,manual,uNb9QFRL6hY,False,all_archived,10,24,0.1914999027833864,0.09860008076457127,0.610424986165328
extended73|P1|manual|uNb9QFRL6hY_978d7a8eb0794936bd8fd092306e1dc5,P1|0|uNb9QFRL6hY_978d7a8eb0794936bd8fd092306e1dc5|manual,uNb9QFRL6hY_978d7a8eb0794936bd8fd092306e1dc5,P1,manual,uNb9QFRL6hY,False,all_archived,11,24,0.18066679379608444,0.09086348116668483,0.6385964378123485
extended73|P1|manual|uNb9QFRL6hY_978d7a8eb0794936bd8fd092306e1dc5,P1|0|uNb9QFRL6hY_978d7a8eb0794936bd8fd092306e1dc5|manual,uNb9QFRL6hY_978d7a8eb0794936bd8fd092306e1dc5,P1,manual,uNb9QFRL6hY,False,all_archived,12,24,0.15981634688728513,0.0835578642652273,0.6665544320174822
extended73|P1|manual|uNb9QFRL6hY_978d7a8eb0794936bd8fd092306e1dc5,P1|0|uNb9QFRL6hY_978d7a8eb0794936bd8fd092306e1dc5|manual,uNb9QFRL6hY_978d7a8eb0794936bd8fd092306e1dc5,P1,manual,uNb9QFRL6hY,False,all_archived,13,24,0.15287190244284066,0.07646367089932846,0.6944070534392247
extended73|P1|manual|uNb9QFRL6hY_978d7a8eb0794936bd8fd092306e1dc5,P1|0|uNb9QFRL6hY_978d7a8eb0794936bd8fd092306e1dc5|manual,uNb9QFRL6hY_978d7a8eb0794936bd8fd092306e1dc5,P1,manual,uNb9QFRL6hY,False,all_archived,14,24,0.136785644845276,0.06946483953820069,0.722212024675344
extended73|P1|manual|uNb9QFRL6hY_978d7a8eb0794936bd8fd092306e1dc5,P1|0|uNb9QFRL6hY_978d7a8eb0794936bd8fd092306e1dc5|manual,uNb9QFRL6hY_978d7a8eb0794936bd8fd092306e1dc5,P1,manual,uNb9QFRL6hY,False,all_archived,15,24,0.12439707004083098,0.06250407901875124,0.7499979604906244
extended73|P1|manual|uNb9QFRL6hY_978d7a8eb0794936bd8fd092306e1dc5,P1|0|uNb9QFRL6hY_978d7a8eb0794936bd8fd092306e1dc5|manual,uNb9QFRL6hY_978d7a8eb0794936bd8fd092306e1dc5,P1,manual,uNb9QFRL6hY,False,all_archived,16,24,0.11190006132124858,0.05555600877986125,0.7777775511656251
extended73|P1|manual|uNb9QFRL6hY_978d7a8eb0794936bd8fd092306e1dc5,P1|0|uNb9QFRL6hY_978d7a8eb0794936bd8fd092306e1dc5|manual,uNb9QFRL6hY_978d7a8eb0794936bd8fd092306e1dc5,P1,manual,uNb9QFRL6hY,False,all_archived,17,24,0.10235728193225838,0.04861111111111111,0.8055555555555554
extended73|P1|manual|uNb9QFRL6hY_978d7a8eb0794936bd8fd092306e1dc5,P1|0|uNb9QFRL6hY_978d7a8eb0794936bd8fd092306e1dc5|manual,uNb9QFRL6hY_978d7a8eb0794936bd8fd092306e1dc5,P1,manual,uNb9QFRL6hY,False,all_archived,18,24,0.08517547161711922,0.041666666666666664,0.8333333333333334
extended73|P1|manual|uNb9QFRL6hY_978d7a8eb0794936bd8fd092306e1dc5,P1|0|uNb9QFRL6hY_978d7a8eb0794936bd8fd092306e1dc5|manual,uNb9QFRL6hY_978d7a8eb0794936bd8fd092306e1dc5,P1,manual,uNb9QFRL6hY,False,all_archived,19,24,0.07823102717267476,0.034722222222222224,0.8611111111111112
extended73|P1|manual|uNb9QFRL6hY_978d7a8eb0794936bd8fd092306e1dc5,P1|0|uNb9QFRL6hY_978d7a8eb0794936bd8fd092306e1dc5|manual,uNb9QFRL6hY_978d7a8eb0794936bd8fd092306e1dc5,P1,manual,uNb9QFRL6hY,False,all_archived,20,24,0.06330384591254158,0.027777777777777776,0.8888888888888888
extended73|P1|manual|uNb9QFRL6hY_978d7a8eb0794936bd8fd092306e1dc5,P1|0|uNb9QFRL6hY_978d7a8eb0794936bd8fd092306e1dc5|manual,uNb9QFRL6hY_978d7a8eb0794936bd8fd092306e1dc5,P1,manual,uNb9QFRL6hY,False,current20,1,18,0.6064814814814814,0.6064814814814815,0.16666666666666666
extended73|P1|manual|uNb9QFRL6hY_978d7a8eb0794936bd8fd092306e1dc5,P1|0|uNb9QFRL6hY_978d7a8eb0794936bd8fd092306e1dc5|manual,uNb9QFRL6hY_978d7a8eb0794936bd8fd092306e1dc5,P1,manual,uNb9QFRL6hY,False,current20,2,18,0.3927015250544662,0.39270152505446626,0.2679738562091503
extended73|P1|manual|uNb9QFRL6hY_978d7a8eb0794936bd8fd092306e1dc5,P1|0|uNb9QFRL6hY_978d7a8eb0794936bd8fd092306e1dc5|manual,uNb9QFRL6hY_978d7a8eb0794936bd8fd092306e1dc5,P1,manual,uNb9QFRL6hY,False,current20,3,18,0.33415032679738566,0.27696078431372545,0.33251633986928103
extended73|P1|manual|uNb9QFRL6hY_978d7a8eb0794936bd8fd092306e1dc5,P1|0|uNb9QFRL6hY_978d7a8eb0794936bd8fd092306e1dc5|manual,uNb9QFRL6hY_978d7a8eb0794936bd8fd092306e1dc5,P1,manual,uNb9QFRL6hY,False,current20,4,18,0.29520697167755994,0.21350762527233116,0.37663398692810457
extended73|P1|manual|uNb9QFRL6hY_978d7a8eb0794936bd8fd092306e1dc5,P1|0|uNb9QFRL6hY_978d7a8eb0794936bd8fd092306e1dc5|manual,uNb9QFRL6hY_978d7a8eb0794936bd8fd092306e1dc5,P1,manual,uNb9QFRL6hY,False,current20,5,18,0.27773887332710867,0.17759881730469965,0.4094304388422035
extended73|P1|manual|uNb9QFRL6hY_978d7a8eb0794936bd8fd092306e1dc5,P1|0|uNb9QFRL6hY_978d7a8eb0794936bd8fd092306e1dc5|manual,uNb9QFRL6hY_978d7a8eb0794936bd8fd092306e1dc5,P1,manual,uNb9QFRL6hY,False,current20,6,18,0.2372333548804137,0.15623428858722976,0.4358974358974359
extended73|P1|manual|uNb9QFRL6hY_978d7a8eb0794936bd8fd092306e1dc5,P1|0|uNb9QFRL6hY_978d7a8eb0794936bd8fd092306e1dc5|manual,uNb9QFRL6hY_978d7a8eb0794936bd8fd092306e1dc5,P1,manual,uNb9QFRL6hY,False,current20,7,18,0.23260372525078407,0.14268057650410593,0.45877325289089993
extended73|P1|manual|uNb9QFRL6hY_978d7a8eb0794936bd8fd092306e1dc5,P1|0|uNb9QFRL6hY_978d7a8eb0794936bd8fd092306e1dc5|manual,uNb9QFRL6hY_978d7a8eb0794936bd8fd092306e1dc5,P1,manual,uNb9QFRL6hY,False,current20,8,18,0.20951216539451833,0.13341179517650104,0.4795923031217149
extended73|P1|manual|uNb9QFRL6hY_978d7a8eb0794936bd8fd092306e1dc5,P1|0|uNb9QFRL6hY_978d7a8eb0794936bd8fd092306e1dc5|manual,uNb9QFRL6hY_978d7a8eb0794936bd8fd092306e1dc5,P1,manual,uNb9QFRL6hY,False,current20,9,18,0.19432446638328993,0.12650829562594268,0.49924585218702866
extended73|P1|manual|uNb9QFRL6hY_978d7a8eb0794936bd8fd092306e1dc5,P1|0|uNb9QFRL6hY_978d7a8eb0794936bd8fd092306e1dc5|manual,uNb9QFRL6hY_978d7a8eb0794936bd8fd092306e1dc5,P1,manual,uNb9QFRL6hY,False,current20,10,18,0.18073647485412192,0.12087313557901792,0.5182671359141947
extended73|P1|manual|uNb9QFRL6hY_978d7a8eb0794936bd8fd092306e1dc5,P1|0|uNb9QFRL6hY_978d7a8eb0794936bd8fd092306e1dc5|manual,uNb9QFRL6hY_978d7a8eb0794936bd8fd092306e1dc5,P1,manual,uNb9QFRL6hY,False,current20,11,18,0.1715819583466642,0.11586643204290263,0.5369741913859561
extended73|P1|manual|uNb9QFRL6hY_978d7a8eb0794936bd8fd092306e1dc5,P1|0|uNb9QFRL6hY_978d7a8eb0794936bd8fd092306e1dc5|manual,uNb9QFRL6hY_978d7a8eb0794936bd8fd092306e1dc5,P1,manual,uNb9QFRL6hY,False,current20,12,18,0.15167348990878404,0.11112906701141995,0.5555465776054013
extended73|P1|manual|uNb9QFRL6hY_978d7a8eb0794936bd8fd092306e1dc5,P1|0|uNb9QFRL6hY_978d7a8eb0794936bd8fd092306e1dc5|manual,uNb9QFRL6hY_978d7a8eb0794936bd8fd092306e1dc5,P1,manual,uNb9QFRL6hY,False,current20,13,18,0.1470438602791544,0.10648148148148147,0.5740740740740741
extended73|P1|manual|uNb9QFRL6hY_978d7a8eb0794936bd8fd092306e1dc5,P1|0|uNb9QFRL6hY_978d7a8eb0794936bd8fd092306e1dc5|manual,uNb9QFRL6hY_978d7a8eb0794936bd8fd092306e1dc5,P1,manual,uNb9QFRL6hY,False,current20,14,18,0.13243075007780888,0.10185185185185185,0.5925925925925926
extended73|P1|manual|uNb9QFRL6hY_978d7a8eb0794936bd8fd092306e1dc5,P1|0|uNb9QFRL6hY_978d7a8eb0794936bd8fd092306e1dc5|manual,uNb9QFRL6hY_978d7a8eb0794936bd8fd092306e1dc5,P1,manual,uNb9QFRL6hY,False,current20,15,18,0.12009803921568628,0.09722222222222222,0.6111111111111112
extended73|P1|manual|uNb9QFRL6hY_978d7a8eb0794936bd8fd092306e1dc5,P1|0|uNb9QFRL6hY_978d7a8eb0794936bd8fd092306e1dc5|manual,uNb9QFRL6hY_978d7a8eb0794936bd8fd092306e1dc5,P1,manual,uNb9QFRL6hY,False,current20,16,18,0.1105664488017429,0.09259259259259259,0.6296296296296297
extended73|P1|manual|uNb9QFRL6hY_978d7a8eb0794936bd8fd092306e1dc5,P1|0|uNb9QFRL6hY_978d7a8eb0794936bd8fd092306e1dc5|manual,uNb9QFRL6hY_978d7a8eb0794936bd8fd092306e1dc5,P1,manual,uNb9QFRL6hY,False,current20,17,18,0.10103485838779958,0.08796296296296295,0.6481481481481483
extended73|P1|manual|uNb9QFRL6hY_978d7a8eb0794936bd8fd092306e1dc5,P1|0|uNb9QFRL6hY_978d7a8eb0794936bd8fd092306e1dc5|manual,uNb9QFRL6hY_978d7a8eb0794936bd8fd092306e1dc5,P1,manual,uNb9QFRL6hY,False,current20,18,18,0.08333333333333334,0.08333333333333333,0.6666666666666666
extended73|P1|manual|uNb9QFRL6hY_bcce4f23c12744c782c0b49b24a0331a,P1|0|uNb9QFRL6hY_bcce4f23c12744c782c0b49b24a0331a|manual,uNb9QFRL6hY_bcce4f23c12744c782c0b49b24a0331a,P1,manual,uNb9QFRL6hY,True,all_archived,1,25,0.22079999999999997,0.22079999999999997,0.25
extended73|P1|manual|uNb9QFRL6hY_bcce4f23c12744c782c0b49b24a0331a,P1|0|uNb9QFRL6hY_bcce4f23c12744c782c0b49b24a0331a|manual,uNb9QFRL6hY_bcce4f23c12744c782c0b49b24a0331a,P1,manual,uNb9QFRL6hY,True,all_archived,2,25,0.2028,0.1192,0.3075
extended73|P1|manual|uNb9QFRL6hY_bcce4f23c12744c782c0b49b24a0331a,P1|0|uNb9QFRL6hY_bcce4f23c12744c782c0b49b24a0331a|manual,uNb9QFRL6hY_bcce4f23c12744c782c0b49b24a0331a,P1,manual,uNb9QFRL6hY,True,all_archived,3,25,0.18594782608695656,0.10598260869565218,0.3398913043478261
extended73|P1|manual|uNb9QFRL6hY_bcce4f23c12744c782c0b49b24a0331a,P1|0|uNb9QFRL6hY_bcce4f23c12744c782c0b49b24a0331a|manual,uNb9QFRL6hY_bcce4f23c12744c782c0b49b24a0331a,P1,manual,uNb9QFRL6hY,True,all_archived,4,25,0.17019130434782606,0.1008,0.3700000000000001
extended73|P1|manual|uNb9QFRL6hY_bcce4f23c12744c782c0b49b24a0331a,P1|0|uNb9QFRL6hY_bcce4f23c12744c782c0b49b24a0331a|manual,uNb9QFRL6hY_bcce4f23c12744c782c0b49b24a0331a,P1,manual,uNb9QFRL6hY,True,all_archived,5,25,0.1554782608695652,0.096,0.39999999999999997
extended73|P1|manual|uNb9QFRL6hY_bcce4f23c12744c782c0b49b24a0331a,P1|0|uNb9QFRL6hY_bcce4f23c12744c782c0b49b24a0331a|manual,uNb9QFRL6hY_bcce4f23c12744c782c0b49b24a0331a,P1,manual,uNb9QFRL6hY,True,all_archived,6,25,0.14175652173913042,0.0912,0.43
extended73|P1|manual|uNb9QFRL6hY_bcce4f23c12744c782c0b49b24a0331a,P1|0|uNb9QFRL6hY_bcce4f23c12744c782c0b49b24a0331a|manual,uNb9QFRL6hY_bcce4f23c12744c782c0b49b24a0331a,P1,manual,uNb9QFRL6hY,True,all_archived,7,25,0.12897391304347824,0.0864,0.46
extended73|P1|manual|uNb9QFRL6hY_bcce4f23c12744c782c0b49b24a0331a,P1|0|uNb9QFRL6hY_bcce4f23c12744c782c0b49b24a0331a|manual,uNb9QFRL6hY_bcce4f23c12744c782c0b49b24a0331a,P1,manual,uNb9QFRL6hY,True,all_archived,8,25,0.11707826086956523,0.0816,0.4899999999999999
extended73|P1|manual|uNb9QFRL6hY_bcce4f23c12744c782c0b49b24a0331a,P1|0|uNb9QFRL6hY_bcce4f23c12744c782c0b49b24a0331a|manual,uNb9QFRL6hY_bcce4f23c12744c782c0b49b24a0331a,P1,manual,uNb9QFRL6hY,True,all_archived,9,25,0.11019130434782608,0.07680000000000001,0.5199999999999999
extended73|P1|manual|uNb9QFRL6hY_bcce4f23c12744c782c0b49b24a0331a,P1|0|uNb9QFRL6hY_bcce4f23c12744c782c0b49b24a0331a|manual,uNb9QFRL6hY_bcce4f23c12744c782c0b49b24a0331a,P1,manual,uNb9QFRL6hY,True,all_archived,10,25,0.1048695652173913,0.07200000000000001,0.5499999999999999
extended73|P1|manual|uNb9QFRL6hY_bcce4f23c12744c782c0b49b24a0331a,P1|0|uNb9QFRL6hY_bcce4f23c12744c782c0b49b24a0331a|manual,uNb9QFRL6hY_bcce4f23c12744c782c0b49b24a0331a,P1,manual,uNb9QFRL6hY,True,all_archived,11,25,0.09885217391304348,0.06720000000000001,0.58
extended73|P1|manual|uNb9QFRL6hY_bcce4f23c12744c782c0b49b24a0331a,P1|0|uNb9QFRL6hY_bcce4f23c12744c782c0b49b24a0331a|manual,uNb9QFRL6hY_bcce4f23c12744c782c0b49b24a0331a,P1,manual,uNb9QFRL6hY,True,all_archived,12,25,0.09224347826086955,0.06240000000000001,0.61
extended73|P1|manual|uNb9QFRL6hY_bcce4f23c12744c782c0b49b24a0331a,P1|0|uNb9QFRL6hY_bcce4f23c12744c782c0b49b24a0331a|manual,uNb9QFRL6hY_bcce4f23c12744c782c0b49b24a0331a,P1,manual,uNb9QFRL6hY,True,all_archived,13,25,0.08514782608695654,0.0576,0.64
extended73|P1|manual|uNb9QFRL6hY_bcce4f23c12744c782c0b49b24a0331a,P1|0|uNb9QFRL6hY_bcce4f23c12744c782c0b49b24a0331a|manual,uNb9QFRL6hY_bcce4f23c12744c782c0b49b24a0331a,P1,manual,uNb9QFRL6hY,True,all_archived,14,25,0.07766956521739132,0.0528,0.67
extended73|P1|manual|uNb9QFRL6hY_bcce4f23c12744c782c0b49b24a0331a,P1|0|uNb9QFRL6hY_bcce4f23c12744c782c0b49b24a0331a|manual,uNb9QFRL6hY_bcce4f23c12744c782c0b49b24a0331a,P1,manual,uNb9QFRL6hY,True,all_archived,15,25,0.06991304347826086,0.048,0.7000000000000001
extended73|P1|manual|uNb9QFRL6hY_bcce4f23c12744c782c0b49b24a0331a,P1|0|uNb9QFRL6hY_bcce4f23c12744c782c0b49b24a0331a|manual,uNb9QFRL6hY_bcce4f23c12744c782c0b49b24a0331a,P1,manual,uNb9QFRL6hY,True,all_archived,16,25,0.06198260869565217,0.0432,0.7300000000000001
extended73|P1|manual|uNb9QFRL6hY_bcce4f23c12744c782c0b49b24a0331a,P1|0|uNb9QFRL6hY_bcce4f23c12744c782c0b49b24a0331a|manual,uNb9QFRL6hY_bcce4f23c12744c782c0b49b24a0331a,P1,manual,uNb9QFRL6hY,True,all_archived,17,25,0.05509565217391304,0.038400000000000004,0.76
extended73|P1|manual|uNb9QFRL6hY_bcce4f23c12744c782c0b49b24a0331a,P1|0|uNb9QFRL6hY_bcce4f23c12744c782c0b49b24a0331a|manual,uNb9QFRL6hY_bcce4f23c12744c782c0b49b24a0331a,P1,manual,uNb9QFRL6hY,True,all_archived,18,25,0.050156521739130405,0.033600000000000005,0.79
extended73|P1|manual|uNb9QFRL6hY_bcce4f23c12744c782c0b49b24a0331a,P1|0|uNb9QFRL6hY_bcce4f23c12744c782c0b49b24a0331a|manual,uNb9QFRL6hY_bcce4f23c12744c782c0b49b24a0331a,P1,manual,uNb9QFRL6hY,True,all_archived,19,25,0.044765217391304346,0.0288,0.8200000000000001
extended73|P1|manual|uNb9QFRL6hY_bcce4f23c12744c782c0b49b24a0331a,P1|0|uNb9QFRL6hY_bcce4f23c12744c782c0b49b24a0331a|manual,uNb9QFRL6hY_bcce4f23c12744c782c0b49b24a0331a,P1,manual,uNb9QFRL6hY,True,all_archived,20,25,0.038869565217391315,0.024,0.8500000000000001
extended73|P1|manual|uNb9QFRL6hY_bcce4f23c12744c782c0b49b24a0331a,P1|0|uNb9QFRL6hY_bcce4f23c12744c782c0b49b24a0331a|manual,uNb9QFRL6hY_bcce4f23c12744c782c0b49b24a0331a,P1,manual,uNb9QFRL6hY,True,current20,1,20,0.20400000000000001,0.20400000000000001,0.25
extended73|P1|manual|uNb9QFRL6hY_bcce4f23c12744c782c0b49b24a0331a,P1|0|uNb9QFRL6hY_bcce4f23c12744c782c0b49b24a0331a|manual,uNb9QFRL6hY_bcce4f23c12744c782c0b49b24a0331a,P1,manual,uNb9QFRL6hY,True,current20,2,20,0.18863157894736843,0.11663157894736842,0.2986842105263158
extended73|P1|manual|uNb9QFRL6hY_bcce4f23c12744c782c0b49b24a0331a,P1|0|uNb9QFRL6hY_bcce4f23c12744c782c0b49b24a0331a|manual,uNb9QFRL6hY_bcce4f23c12744c782c0b49b24a0331a,P1,manual,uNb9QFRL6hY,True,current20,3,20,0.17389473684210527,0.10800000000000001,0.32499999999999996
extended73|P1|manual|uNb9QFRL6hY_bcce4f23c12744c782c0b49b24a0331a,P1|0|uNb9QFRL6hY_bcce4f23c12744c782c0b49b24a0331a|manual,uNb9QFRL6hY_bcce4f23c12744c782c0b49b24a0331a,P1,manual,uNb9QFRL6hY,True,current20,4,20,0.15978947368421054,0.10400000000000001,0.35
extended73|P1|manual|uNb9QFRL6hY_bcce4f23c12744c782c0b49b24a0331a,P1|0|uNb9QFRL6hY_bcce4f23c12744c782c0b49b24a0331a|manual,uNb9QFRL6hY_bcce4f23c12744c782c0b49b24a0331a,P1,manual,uNb9QFRL6hY,True,current20,5,20,0.14631578947368423,0.1,0.375
extended73|P1|manual|uNb9QFRL6hY_bcce4f23c12744c782c0b49b24a0331a,P1|0|uNb9QFRL6hY_bcce4f23c12744c782c0b49b24a0331a|manual,uNb9QFRL6hY_bcce4f23c12744c782c0b49b24a0331a,P1,manual,uNb9QFRL6hY,True,current20,6,20,0.1334736842105263,0.096,0.4
extended73|P1|manual|uNb9QFRL6hY_bcce4f23c12744c782c0b49b24a0331a,P1|0|uNb9QFRL6hY_bcce4f23c12744c782c0b49b24a0331a|manual,uNb9QFRL6hY_bcce4f23c12744c782c0b49b24a0331a,P1,manual,uNb9QFRL6hY,True,current20,7,20,0.12126315789473685,0.092,0.42500000000000004
extended73|P1|manual|uNb9QFRL6hY_bcce4f23c12744c782c0b49b24a0331a,P1|0|uNb9QFRL6hY_bcce4f23c12744c782c0b49b24a0331a|manual,uNb9QFRL6hY_bcce4f23c12744c782c0b49b24a0331a,P1,manual,uNb9QFRL6hY,True,current20,8,20,0.10968421052631579,0.088,0.44999999999999996
extended73|P1|manual|uNb9QFRL6hY_bcce4f23c12744c782c0b49b24a0331a,P1|0|uNb9QFRL6hY_bcce4f23c12744c782c0b49b24a0331a|manual,uNb9QFRL6hY_bcce4f23c12744c782c0b49b24a0331a,P1,manual,uNb9QFRL6hY,True,current20,9,20,0.10336842105263155,0.084,0.475
extended73|P1|manual|uNb9QFRL6hY_bcce4f23c12744c782c0b49b24a0331a,P1|0|uNb9QFRL6hY_bcce4f23c12744c782c0b49b24a0331a|manual,uNb9QFRL6hY_bcce4f23c12744c782c0b49b24a0331a,P1,manual,uNb9QFRL6hY,True,current20,10,20,0.09894736842105264,0.08,0.5
extended73|P1|manual|uNb9QFRL6hY_bcce4f23c12744c782c0b49b24a0331a,P1|0|uNb9QFRL6hY_bcce4f23c12744c782c0b49b24a0331a|manual,uNb9QFRL6hY_bcce4f23c12744c782c0b49b24a0331a,P1,manual,uNb9QFRL6hY,True,current20,11,20,0.09389473684210525,0.07600000000000001,0.525
extended73|P1|manual|uNb9QFRL6hY_bcce4f23c12744c782c0b49b24a0331a,P1|0|uNb9QFRL6hY_bcce4f23c12744c782c0b49b24a0331a|manual,uNb9QFRL6hY_bcce4f23c12744c782c0b49b24a0331a,P1,manual,uNb9QFRL6hY,True,current20,12,20,0.08821052631578946,0.07200000000000001,0.55
extended73|P1|manual|uNb9QFRL6hY_bcce4f23c12744c782c0b49b24a0331a,P1|0|uNb9QFRL6hY_bcce4f23c12744c782c0b49b24a0331a|manual,uNb9QFRL6hY_bcce4f23c12744c782c0b49b24a0331a,P1,manual,uNb9QFRL6hY,True,current20,13,20,0.08189473684210528,0.068,0.575
extended73|P1|manual|uNb9QFRL6hY_bcce4f23c12744c782c0b49b24a0331a,P1|0|uNb9QFRL6hY_bcce4f23c12744c782c0b49b24a0331a|manual,uNb9QFRL6hY_bcce4f23c12744c782c0b49b24a0331a,P1,manual,uNb9QFRL6hY,True,current20,14,20,0.07494736842105265,0.064,0.6
extended73|P1|manual|uNb9QFRL6hY_bcce4f23c12744c782c0b49b24a0331a,P1|0|uNb9QFRL6hY_bcce4f23c12744c782c0b49b24a0331a|manual,uNb9QFRL6hY_bcce4f23c12744c782c0b49b24a0331a,P1,manual,uNb9QFRL6hY,True,current20,15,20,0.06736842105263158,0.060000000000000005,0.625
extended73|P1|manual|uNb9QFRL6hY_bcce4f23c12744c782c0b49b24a0331a,P1|0|uNb9QFRL6hY_bcce4f23c12744c782c0b49b24a0331a|manual,uNb9QFRL6hY_bcce4f23c12744c782c0b49b24a0331a,P1,manual,uNb9QFRL6hY,True,current20,16,20,0.059157894736842104,0.056,0.65
extended73|P1|manual|uNb9QFRL6hY_bcce4f23c12744c782c0b49b24a0331a,P1|0|uNb9QFRL6hY_bcce4f23c12744c782c0b49b24a0331a|manual,uNb9QFRL6hY_bcce4f23c12744c782c0b49b24a0331a,P1,manual,uNb9QFRL6hY,True,current20,17,20,0.05199999999999998,0.052,0.675
extended73|P1|manual|uNb9QFRL6hY_bcce4f23c12744c782c0b49b24a0331a,P1|0|uNb9QFRL6hY_bcce4f23c12744c782c0b49b24a0331a|manual,uNb9QFRL6hY_bcce4f23c12744c782c0b49b24a0331a,P1,manual,uNb9QFRL6hY,True,current20,18,20,0.04799999999999997,0.048,0.7
extended73|P1|manual|uNb9QFRL6hY_bcce4f23c12744c782c0b49b24a0331a,P1|0|uNb9QFRL6hY_bcce4f23c12744c782c0b49b24a0331a|manual,uNb9QFRL6hY_bcce4f23c12744c782c0b49b24a0331a,P1,manual,uNb9QFRL6hY,True,current20,19,20,0.04399999999999999,0.044000000000000004,0.725
extended73|P1|manual|uNb9QFRL6hY_bcce4f23c12744c782c0b49b24a0331a,P1|0|uNb9QFRL6hY_bcce4f23c12744c782c0b49b24a0331a|manual,uNb9QFRL6hY_bcce4f23c12744c782c0b49b24a0331a,P1,manual,uNb9QFRL6hY,True,current20,20,20,0.04000000000000001,0.04,0.75
extended73|P1|manual|uNb9QFRL6hY_c1ebb8b34eb846ba9b5ce23b30b299a7,P1|0|uNb9QFRL6hY_c1ebb8b34eb846ba9b5ce23b30b299a7|manual,uNb9QFRL6hY_c1ebb8b34eb846ba9b5ce23b30b299a7,P1,manual,uNb9QFRL6hY,True,all_archived,1,25,0.22079999999999997,0.22079999999999997,0.25
extended73|P1|manual|uNb9QFRL6hY_c1ebb8b34eb846ba9b5ce23b30b299a7,P1|0|uNb9QFRL6hY_c1ebb8b34eb846ba9b5ce23b30b299a7|manual,uNb9QFRL6hY_c1ebb8b34eb846ba9b5ce23b30b299a7,P1,manual,uNb9QFRL6hY,True,all_archived,2,25,0.2028,0.1192,0.3075
extended73|P1|manual|uNb9QFRL6hY_c1ebb8b34eb846ba9b5ce23b30b299a7,P1|0|uNb9QFRL6hY_c1ebb8b34eb846ba9b5ce23b30b299a7|manual,uNb9QFRL6hY_c1ebb8b34eb846ba9b5ce23b30b299a7,P1,manual,uNb9QFRL6hY,True,all_archived,3,25,0.18594782608695656,0.10598260869565218,0.3398913043478261
extended73|P1|manual|uNb9QFRL6hY_c1ebb8b34eb846ba9b5ce23b30b299a7,P1|0|uNb9QFRL6hY_c1ebb8b34eb846ba9b5ce23b30b299a7|manual,uNb9QFRL6hY_c1ebb8b34eb846ba9b5ce23b30b299a7,P1,manual,uNb9QFRL6hY,True,all_archived,4,25,0.17019130434782606,0.1008,0.3700000000000001
extended73|P1|manual|uNb9QFRL6hY_c1ebb8b34eb846ba9b5ce23b30b299a7,P1|0|uNb9QFRL6hY_c1ebb8b34eb846ba9b5ce23b30b299a7|manual,uNb9QFRL6hY_c1ebb8b34eb846ba9b5ce23b30b299a7,P1,manual,uNb9QFRL6hY,True,all_archived,5,25,0.1554782608695652,0.096,0.39999999999999997
extended73|P1|manual|uNb9QFRL6hY_c1ebb8b34eb846ba9b5ce23b30b299a7,P1|0|uNb9QFRL6hY_c1ebb8b34eb846ba9b5ce23b30b299a7|manual,uNb9QFRL6hY_c1ebb8b34eb846ba9b5ce23b30b299a7,P1,manual,uNb9QFRL6hY,True,all_archived,6,25,0.14175652173913042,0.0912,0.43
extended73|P1|manual|uNb9QFRL6hY_c1ebb8b34eb846ba9b5ce23b30b299a7,P1|0|uNb9QFRL6hY_c1ebb8b34eb846ba9b5ce23b30b299a7|manual,uNb9QFRL6hY_c1ebb8b34eb846ba9b5ce23b30b299a7,P1,manual,uNb9QFRL6hY,True,all_archived,7,25,0.12897391304347824,0.0864,0.46
extended73|P1|manual|uNb9QFRL6hY_c1ebb8b34eb846ba9b5ce23b30b299a7,P1|0|uNb9QFRL6hY_c1ebb8b34eb846ba9b5ce23b30b299a7|manual,uNb9QFRL6hY_c1ebb8b34eb846ba9b5ce23b30b299a7,P1,manual,uNb9QFRL6hY,True,all_archived,8,25,0.11707826086956523,0.0816,0.4899999999999999
extended73|P1|manual|uNb9QFRL6hY_c1ebb8b34eb846ba9b5ce23b30b299a7,P1|0|uNb9QFRL6hY_c1ebb8b34eb846ba9b5ce23b30b299a7|manual,uNb9QFRL6hY_c1ebb8b34eb846ba9b5ce23b30b299a7,P1,manual,uNb9QFRL6hY,True,all_archived,9,25,0.11019130434782608,0.07680000000000001,0.5199999999999999
extended73|P1|manual|uNb9QFRL6hY_c1ebb8b34eb846ba9b5ce23b30b299a7,P1|0|uNb9QFRL6hY_c1ebb8b34eb846ba9b5ce23b30b299a7|manual,uNb9QFRL6hY_c1ebb8b34eb846ba9b5ce23b30b299a7,P1,manual,uNb9QFRL6hY,True,all_archived,10,25,0.1048695652173913,0.07200000000000001,0.5499999999999999
extended73|P1|manual|uNb9QFRL6hY_c1ebb8b34eb846ba9b5ce23b30b299a7,P1|0|uNb9QFRL6hY_c1ebb8b34eb846ba9b5ce23b30b299a7|manual,uNb9QFRL6hY_c1ebb8b34eb846ba9b5ce23b30b299a7,P1,manual,uNb9QFRL6hY,True,all_archived,11,25,0.09885217391304348,0.06720000000000001,0.58
extended73|P1|manual|uNb9QFRL6hY_c1ebb8b34eb846ba9b5ce23b30b299a7,P1|0|uNb9QFRL6hY_c1ebb8b34eb846ba9b5ce23b30b299a7|manual,uNb9QFRL6hY_c1ebb8b34eb846ba9b5ce23b30b299a7,P1,manual,uNb9QFRL6hY,True,all_archived,12,25,0.09224347826086955,0.06240000000000001,0.61
extended73|P1|manual|uNb9QFRL6hY_c1ebb8b34eb846ba9b5ce23b30b299a7,P1|0|uNb9QFRL6hY_c1ebb8b34eb846ba9b5ce23b30b299a7|manual,uNb9QFRL6hY_c1ebb8b34eb846ba9b5ce23b30b299a7,P1,manual,uNb9QFRL6hY,True,all_archived,13,25,0.08514782608695654,0.0576,0.64
extended73|P1|manual|uNb9QFRL6hY_c1ebb8b34eb846ba9b5ce23b30b299a7,P1|0|uNb9QFRL6hY_c1ebb8b34eb846ba9b5ce23b30b299a7|manual,uNb9QFRL6hY_c1ebb8b34eb846ba9b5ce23b30b299a7,P1,manual,uNb9QFRL6hY,True,all_archived,14,25,0.07766956521739132,0.0528,0.67
extended73|P1|manual|uNb9QFRL6hY_c1ebb8b34eb846ba9b5ce23b30b299a7,P1|0|uNb9QFRL6hY_c1ebb8b34eb846ba9b5ce23b30b299a7|manual,uNb9QFRL6hY_c1ebb8b34eb846ba9b5ce23b30b299a7,P1,manual,uNb9QFRL6hY,True,all_archived,15,25,0.06991304347826086,0.048,0.7000000000000001
extended73|P1|manual|uNb9QFRL6hY_c1ebb8b34eb846ba9b5ce23b30b299a7,P1|0|uNb9QFRL6hY_c1ebb8b34eb846ba9b5ce23b30b299a7|manual,uNb9QFRL6hY_c1ebb8b34eb846ba9b5ce23b30b299a7,P1,manual,uNb9QFRL6hY,True,all_archived,16,25,0.06198260869565217,0.0432,0.7300000000000001
extended73|P1|manual|uNb9QFRL6hY_c1ebb8b34eb846ba9b5ce23b30b299a7,P1|0|uNb9QFRL6hY_c1ebb8b34eb846ba9b5ce23b30b299a7|manual,uNb9QFRL6hY_c1ebb8b34eb846ba9b5ce23b30b299a7,P1,manual,uNb9QFRL6hY,True,all_archived,17,25,0.05509565217391304,0.038400000000000004,0.76
extended73|P1|manual|uNb9QFRL6hY_c1ebb8b34eb846ba9b5ce23b30b299a7,P1|0|uNb9QFRL6hY_c1ebb8b34eb846ba9b5ce23b30b299a7|manual,uNb9QFRL6hY_c1ebb8b34eb846ba9b5ce23b30b299a7,P1,manual,uNb9QFRL6hY,True,all_archived,18,25,0.050156521739130405,0.033600000000000005,0.79
extended73|P1|manual|uNb9QFRL6hY_c1ebb8b34eb846ba9b5ce23b30b299a7,P1|0|uNb9QFRL6hY_c1ebb8b34eb846ba9b5ce23b30b299a7|manual,uNb9QFRL6hY_c1ebb8b34eb846ba9b5ce23b30b299a7,P1,manual,uNb9QFRL6hY,True,all_archived,19,25,0.044765217391304346,0.0288,0.8200000000000001
extended73|P1|manual|uNb9QFRL6hY_c1ebb8b34eb846ba9b5ce23b30b299a7,P1|0|uNb9QFRL6hY_c1ebb8b34eb846ba9b5ce23b30b299a7|manual,uNb9QFRL6hY_c1ebb8b34eb846ba9b5ce23b30b299a7,P1,manual,uNb9QFRL6hY,True,all_archived,20,25,0.038869565217391315,0.024,0.8500000000000001
extended73|P1|manual|uNb9QFRL6hY_c1ebb8b34eb846ba9b5ce23b30b299a7,P1|0|uNb9QFRL6hY_c1ebb8b34eb846ba9b5ce23b30b299a7|manual,uNb9QFRL6hY_c1ebb8b34eb846ba9b5ce23b30b299a7,P1,manual,uNb9QFRL6hY,True,current20,1,20,0.162,0.162,0.25
extended73|P1|manual|uNb9QFRL6hY_c1ebb8b34eb846ba9b5ce23b30b299a7,P1|0|uNb9QFRL6hY_c1ebb8b34eb846ba9b5ce23b30b299a7|manual,uNb9QFRL6hY_c1ebb8b34eb846ba9b5ce23b30b299a7,P1,manual,uNb9QFRL6hY,True,current20,2,20,0.154,0.11600000000000002,0.275
extended73|P1|manual|uNb9QFRL6hY_c1ebb8b34eb846ba9b5ce23b30b299a7,P1|0|uNb9QFRL6hY_c1ebb8b34eb846ba9b5ce23b30b299a7|manual,uNb9QFRL6hY_c1ebb8b34eb846ba9b5ce23b30b299a7,P1,manual,uNb9QFRL6hY,True,current20,3,20,0.146,0.11400000000000002,0.2875
extended73|P1|manual|uNb9QFRL6hY_c1ebb8b34eb846ba9b5ce23b30b299a7,P1|0|uNb9QFRL6hY_c1ebb8b34eb846ba9b5ce23b30b299a7|manual,uNb9QFRL6hY_c1ebb8b34eb846ba9b5ce23b30b299a7,P1,manual,uNb9QFRL6hY,True,current20,4,20,0.138,0.11200000000000002,0.3
extended73|P1|manual|uNb9QFRL6hY_c1ebb8b34eb846ba9b5ce23b30b299a7,P1|0|uNb9QFRL6hY_c1ebb8b34eb846ba9b5ce23b30b299a7|manual,uNb9QFRL6hY_c1ebb8b34eb846ba9b5ce23b30b299a7,P1,manual,uNb9QFRL6hY,True,current20,5,20,0.13,0.11000000000000001,0.3125
extended73|P1|manual|uNb9QFRL6hY_c1ebb8b34eb846ba9b5ce23b30b299a7,P1|0|uNb9QFRL6hY_c1ebb8b34eb846ba9b5ce23b30b299a7|manual,uNb9QFRL6hY_c1ebb8b34eb846ba9b5ce23b30b299a7,P1,manual,uNb9QFRL6hY,True,current20,6,20,0.12199999999999998,0.10800000000000001,0.325
extended73|P1|manual|uNb9QFRL6hY_c1ebb8b34eb846ba9b5ce23b30b299a7,P1|0|uNb9QFRL6hY_c1ebb8b34eb846ba9b5ce23b30b299a7|manual,uNb9QFRL6hY_c1ebb8b34eb846ba9b5ce23b30b299a7,P1,manual,uNb9QFRL6hY,True,current20,7,20,0.11400000000000002,0.10600000000000001,0.3375
extended73|P1|manual|uNb9QFRL6hY_c1ebb8b34eb846ba9b5ce23b30b299a7,P1|0|uNb9QFRL6hY_c1ebb8b34eb846ba9b5ce23b30b299a7|manual,uNb9QFRL6hY_c1ebb8b34eb846ba9b5ce23b30b299a7,P1,manual,uNb9QFRL6hY,True,current20,8,20,0.106,0.10400000000000001,0.35
extended73|P1|manual|uNb9QFRL6hY_c1ebb8b34eb846ba9b5ce23b30b299a7,P1|0|uNb9QFRL6hY_c1ebb8b34eb846ba9b5ce23b30b299a7|manual,uNb9QFRL6hY_c1ebb8b34eb846ba9b5ce23b30b299a7,P1,manual,uNb9QFRL6hY,True,current20,9,20,0.102,0.10200000000000001,0.3625
extended73|P1|manual|uNb9QFRL6hY_c1ebb8b34eb846ba9b5ce23b30b299a7,P1|0|uNb9QFRL6hY_c1ebb8b34eb846ba9b5ce23b30b299a7|manual,uNb9QFRL6hY_c1ebb8b34eb846ba9b5ce23b30b299a7,P1,manual,uNb9QFRL6hY,True,current20,10,20,0.10000000000000002,0.1,0.375
extended73|P1|manual|uNb9QFRL6hY_c1ebb8b34eb846ba9b5ce23b30b299a7,P1|0|uNb9QFRL6hY_c1ebb8b34eb846ba9b5ce23b30b299a7|manual,uNb9QFRL6hY_c1ebb8b34eb846ba9b5ce23b30b299a7,P1,manual,uNb9QFRL6hY,True,current20,11,20,0.098,0.098,0.3875
extended73|P1|manual|uNb9QFRL6hY_c1ebb8b34eb846ba9b5ce23b30b299a7,P1|0|uNb9QFRL6hY_c1ebb8b34eb846ba9b5ce23b30b299a7|manual,uNb9QFRL6hY_c1ebb8b34eb846ba9b5ce23b30b299a7,P1,manual,uNb9QFRL6hY,True,current20,12,20,0.09599999999999999,0.096,0.4
extended73|P1|manual|uNb9QFRL6hY_c1ebb8b34eb846ba9b5ce23b30b299a7,P1|0|uNb9QFRL6hY_c1ebb8b34eb846ba9b5ce23b30b299a7|manual,uNb9QFRL6hY_c1ebb8b34eb846ba9b5ce23b30b299a7,P1,manual,uNb9QFRL6hY,True,current20,13,20,0.09400000000000003,0.094,0.4125
extended73|P1|manual|uNb9QFRL6hY_c1ebb8b34eb846ba9b5ce23b30b299a7,P1|0|uNb9QFRL6hY_c1ebb8b34eb846ba9b5ce23b30b299a7|manual,uNb9QFRL6hY_c1ebb8b34eb846ba9b5ce23b30b299a7,P1,manual,uNb9QFRL6hY,True,current20,14,20,0.09200000000000001,0.092,0.425
extended73|P1|manual|uNb9QFRL6hY_c1ebb8b34eb846ba9b5ce23b30b299a7,P1|0|uNb9QFRL6hY_c1ebb8b34eb846ba9b5ce23b30b299a7|manual,uNb9QFRL6hY_c1ebb8b34eb846ba9b5ce23b30b299a7,P1,manual,uNb9QFRL6hY,True,current20,15,20,0.09000000000000001,0.09,0.4375
extended73|P1|manual|uNb9QFRL6hY_c1ebb8b34eb846ba9b5ce23b30b299a7,P1|0|uNb9QFRL6hY_c1ebb8b34eb846ba9b5ce23b30b299a7|manual,uNb9QFRL6hY_c1ebb8b34eb846ba9b5ce23b30b299a7,P1,manual,uNb9QFRL6hY,True,current20,16,20,0.08800000000000001,0.088,0.45
extended73|P1|manual|uNb9QFRL6hY_c1ebb8b34eb846ba9b5ce23b30b299a7,P1|0|uNb9QFRL6hY_c1ebb8b34eb846ba9b5ce23b30b299a7|manual,uNb9QFRL6hY_c1ebb8b34eb846ba9b5ce23b30b299a7,P1,manual,uNb9QFRL6hY,True,current20,17,20,0.086,0.086,0.4625
extended73|P1|manual|uNb9QFRL6hY_c1ebb8b34eb846ba9b5ce23b30b299a7,P1|0|uNb9QFRL6hY_c1ebb8b34eb846ba9b5ce23b30b299a7|manual,uNb9QFRL6hY_c1ebb8b34eb846ba9b5ce23b30b299a7,P1,manual,uNb9QFRL6hY,True,current20,18,20,0.08399999999999999,0.08399999999999999,0.475
extended73|P1|manual|uNb9QFRL6hY_c1ebb8b34eb846ba9b5ce23b30b299a7,P1|0|uNb9QFRL6hY_c1ebb8b34eb846ba9b5ce23b30b299a7|manual,uNb9QFRL6hY_c1ebb8b34eb846ba9b5ce23b30b299a7,P1,manual,uNb9QFRL6hY,True,current20,19,20,0.08199999999999998,0.082,0.4875
extended73|P1|manual|uNb9QFRL6hY_c1ebb8b34eb846ba9b5ce23b30b299a7,P1|0|uNb9QFRL6hY_c1ebb8b34eb846ba9b5ce23b30b299a7|manual,uNb9QFRL6hY_c1ebb8b34eb846ba9b5ce23b30b299a7,P1,manual,uNb9QFRL6hY,True,current20,20,20,0.07999999999999999,0.08,0.5
extended73|P1|manual|uNb9QFRL6hY_d02f87bbb0414146a7a15070110a0384,P1|0|uNb9QFRL6hY_d02f87bbb0414146a7a15070110a0384|manual,uNb9QFRL6hY_d02f87bbb0414146a7a15070110a0384,P1,manual,uNb9QFRL6hY,True,all_archived,1,25,0.15039999999999998,0.15039999999999998,0.3333333333333333
extended73|P1|manual|uNb9QFRL6hY_d02f87bbb0414146a7a15070110a0384,P1|0|uNb9QFRL6hY_d02f87bbb0414146a7a15070110a0384|manual,uNb9QFRL6hY_d02f87bbb0414146a7a15070110a0384,P1,manual,uNb9QFRL6hY,True,all_archived,2,25,0.14106666666666665,0.07666666666666666,0.3855555555555556
extended73|P1|manual|uNb9QFRL6hY_d02f87bbb0414146a7a15070110a0384,P1|0|uNb9QFRL6hY_d02f87bbb0414146a7a15070110a0384|manual,uNb9QFRL6hY_d02f87bbb0414146a7a15070110a0384,P1,manual,uNb9QFRL6hY,True,all_archived,3,25,0.132,0.0704,0.4133333333333334
extended73|P1|manual|uNb9QFRL6hY_d02f87bbb0414146a7a15070110a0384,P1|0|uNb9QFRL6hY_d02f87bbb0414146a7a15070110a0384|manual,uNb9QFRL6hY_d02f87bbb0414146a7a15070110a0384,P1,manual,uNb9QFRL6hY,True,all_archived,4,25,0.12319999999999998,0.0672,0.4400000000000001
extended73|P1|manual|uNb9QFRL6hY_d02f87bbb0414146a7a15070110a0384,P1|0|uNb9QFRL6hY_d02f87bbb0414146a7a15070110a0384|manual,uNb9QFRL6hY_d02f87bbb0414146a7a15070110a0384,P1,manual,uNb9QFRL6hY,True,all_archived,5,25,0.11466666666666665,0.064,0.4666666666666666
extended73|P1|manual|uNb9QFRL6hY_d02f87bbb0414146a7a15070110a0384,P1|0|uNb9QFRL6hY_d02f87bbb0414146a7a15070110a0384|manual,uNb9QFRL6hY_d02f87bbb0414146a7a15070110a0384,P1,manual,uNb9QFRL6hY,True,all_archived,6,25,0.10639999999999998,0.0608,0.49333333333333335
extended73|P1|manual|uNb9QFRL6hY_d02f87bbb0414146a7a15070110a0384,P1|0|uNb9QFRL6hY_d02f87bbb0414146a7a15070110a0384|manual,uNb9QFRL6hY_d02f87bbb0414146a7a15070110a0384,P1,manual,uNb9QFRL6hY,True,all_archived,7,25,0.09840000000000002,0.0576,0.52
extended73|P1|manual|uNb9QFRL6hY_d02f87bbb0414146a7a15070110a0384,P1|0|uNb9QFRL6hY_d02f87bbb0414146a7a15070110a0384|manual,uNb9QFRL6hY_d02f87bbb0414146a7a15070110a0384,P1,manual,uNb9QFRL6hY,True,all_archived,8,25,0.09066666666666667,0.054400000000000004,0.5466666666666665
extended73|P1|manual|uNb9QFRL6hY_d02f87bbb0414146a7a15070110a0384,P1|0|uNb9QFRL6hY_d02f87bbb0414146a7a15070110a0384|manual,uNb9QFRL6hY_d02f87bbb0414146a7a15070110a0384,P1,manual,uNb9QFRL6hY,True,all_archived,9,25,0.08320000000000001,0.0512,0.5733333333333333
extended73|P1|manual|uNb9QFRL6hY_d02f87bbb0414146a7a15070110a0384,P1|0|uNb9QFRL6hY_d02f87bbb0414146a7a15070110a0384|manual,uNb9QFRL6hY_d02f87bbb0414146a7a15070110a0384,P1,manual,uNb9QFRL6hY,True,all_archived,10,25,0.076,0.048,0.6
extended73|P1|manual|uNb9QFRL6hY_d02f87bbb0414146a7a15070110a0384,P1|0|uNb9QFRL6hY_d02f87bbb0414146a7a15070110a0384|manual,uNb9QFRL6hY_d02f87bbb0414146a7a15070110a0384,P1,manual,uNb9QFRL6hY,True,all_archived,11,25,0.06906666666666669,0.044800000000000006,0.6266666666666666
extended73|P1|manual|uNb9QFRL6hY_d02f87bbb0414146a7a15070110a0384,P1|0|uNb9QFRL6hY_d02f87bbb0414146a7a15070110a0384|manual,uNb9QFRL6hY_d02f87bbb0414146a7a15070110a0384,P1,manual,uNb9QFRL6hY,True,all_archived,12,25,0.06240000000000001,0.041600000000000005,0.6533333333333333
extended73|P1|manual|uNb9QFRL6hY_d02f87bbb0414146a7a15070110a0384,P1|0|uNb9QFRL6hY_d02f87bbb0414146a7a15070110a0384|manual,uNb9QFRL6hY_d02f87bbb0414146a7a15070110a0384,P1,manual,uNb9QFRL6hY,True,all_archived,13,25,0.057600000000000005,0.0384,0.68
extended73|P1|manual|uNb9QFRL6hY_d02f87bbb0414146a7a15070110a0384,P1|0|uNb9QFRL6hY_d02f87bbb0414146a7a15070110a0384|manual,uNb9QFRL6hY_d02f87bbb0414146a7a15070110a0384,P1,manual,uNb9QFRL6hY,True,all_archived,14,25,0.05426666666666667,0.0352,0.7066666666666667
extended73|P1|manual|uNb9QFRL6hY_d02f87bbb0414146a7a15070110a0384,P1|0|uNb9QFRL6hY_d02f87bbb0414146a7a15070110a0384|manual,uNb9QFRL6hY_d02f87bbb0414146a7a15070110a0384,P1,manual,uNb9QFRL6hY,True,all_archived,15,25,0.05066666666666666,0.032,0.7333333333333334
extended73|P1|manual|uNb9QFRL6hY_d02f87bbb0414146a7a15070110a0384,P1|0|uNb9QFRL6hY_d02f87bbb0414146a7a15070110a0384|manual,uNb9QFRL6hY_d02f87bbb0414146a7a15070110a0384,P1,manual,uNb9QFRL6hY,True,all_archived,16,25,0.046799999999999994,0.0288,0.7600000000000001
extended73|P1|manual|uNb9QFRL6hY_d02f87bbb0414146a7a15070110a0384,P1|0|uNb9QFRL6hY_d02f87bbb0414146a7a15070110a0384|manual,uNb9QFRL6hY_d02f87bbb0414146a7a15070110a0384,P1,manual,uNb9QFRL6hY,True,all_archived,17,25,0.042666666666666665,0.0256,0.7866666666666666
extended73|P1|manual|uNb9QFRL6hY_d02f87bbb0414146a7a15070110a0384,P1|0|uNb9QFRL6hY_d02f87bbb0414146a7a15070110a0384|manual,uNb9QFRL6hY_d02f87bbb0414146a7a15070110a0384,P1,manual,uNb9QFRL6hY,True,all_archived,18,25,0.03826666666666667,0.022400000000000003,0.8133333333333334
extended73|P1|manual|uNb9QFRL6hY_d02f87bbb0414146a7a15070110a0384,P1|0|uNb9QFRL6hY_d02f87bbb0414146a7a15070110a0384|manual,uNb9QFRL6hY_d02f87bbb0414146a7a15070110a0384,P1,manual,uNb9QFRL6hY,True,all_archived,19,25,0.033599999999999984,0.0192,0.84
extended73|P1|manual|uNb9QFRL6hY_d02f87bbb0414146a7a15070110a0384,P1|0|uNb9QFRL6hY_d02f87bbb0414146a7a15070110a0384|manual,uNb9QFRL6hY_d02f87bbb0414146a7a15070110a0384,P1,manual,uNb9QFRL6hY,True,all_archived,20,25,0.028666666666666656,0.016,0.8666666666666667
extended73|P1|manual|uNb9QFRL6hY_d02f87bbb0414146a7a15070110a0384,P1|0|uNb9QFRL6hY_d02f87bbb0414146a7a15070110a0384|manual,uNb9QFRL6hY_d02f87bbb0414146a7a15070110a0384,P1,manual,uNb9QFRL6hY,True,current20,1,20,0.12399999999999999,0.124,0.3333333333333333
extended73|P1|manual|uNb9QFRL6hY_d02f87bbb0414146a7a15070110a0384,P1|0|uNb9QFRL6hY_d02f87bbb0414146a7a15070110a0384|manual,uNb9QFRL6hY_d02f87bbb0414146a7a15070110a0384,P1,manual,uNb9QFRL6hY,True,current20,2,20,0.118,0.07600000000000001,0.3666666666666667
extended73|P1|manual|uNb9QFRL6hY_d02f87bbb0414146a7a15070110a0384,P1|0|uNb9QFRL6hY_d02f87bbb0414146a7a15070110a0384|manual,uNb9QFRL6hY_d02f87bbb0414146a7a15070110a0384,P1,manual,uNb9QFRL6hY,True,current20,3,20,0.11199999999999999,0.07400000000000001,0.3833333333333333
extended73|P1|manual|uNb9QFRL6hY_d02f87bbb0414146a7a15070110a0384,P1|0|uNb9QFRL6hY_d02f87bbb0414146a7a15070110a0384|manual,uNb9QFRL6hY_d02f87bbb0414146a7a15070110a0384,P1,manual,uNb9QFRL6hY,True,current20,4,20,0.106,0.07200000000000001,0.39999999999999997
extended73|P1|manual|uNb9QFRL6hY_d02f87bbb0414146a7a15070110a0384,P1|0|uNb9QFRL6hY_d02f87bbb0414146a7a15070110a0384|manual,uNb9QFRL6hY_d02f87bbb0414146a7a15070110a0384,P1,manual,uNb9QFRL6hY,True,current20,5,20,0.09999999999999999,0.07,0.4166666666666667
extended73|P1|manual|uNb9QFRL6hY_d02f87bbb0414146a7a15070110a0384,P1|0|uNb9QFRL6hY_d02f87bbb0414146a7a15070110a0384|manual,uNb9QFRL6hY_d02f87bbb0414146a7a15070110a0384,P1,manual,uNb9QFRL6hY,True,current20,6,20,0.09399999999999997,0.068,0.43333333333333335
extended73|P1|manual|uNb9QFRL6hY_d02f87bbb0414146a7a15070110a0384,P1|0|uNb9QFRL6hY_d02f87bbb0414146a7a15070110a0384|manual,uNb9QFRL6hY_d02f87bbb0414146a7a15070110a0384,P1,manual,uNb9QFRL6hY,True,current20,7,20,0.08800000000000001,0.066,0.45
extended73|P1|manual|uNb9QFRL6hY_d02f87bbb0414146a7a15070110a0384,P1|0|uNb9QFRL6hY_d02f87bbb0414146a7a15070110a0384|manual,uNb9QFRL6hY_d02f87bbb0414146a7a15070110a0384,P1,manual,uNb9QFRL6hY,True,current20,8,20,0.08199999999999999,0.064,0.4666666666666666
extended73|P1|manual|uNb9QFRL6hY_d02f87bbb0414146a7a15070110a0384,P1|0|uNb9QFRL6hY_d02f87bbb0414146a7a15070110a0384|manual,uNb9QFRL6hY_d02f87bbb0414146a7a15070110a0384,P1,manual,uNb9QFRL6hY,True,current20,9,20,0.07600000000000001,0.062,0.48333333333333334
extended73|P1|manual|uNb9QFRL6hY_d02f87bbb0414146a7a15070110a0384,P1|0|uNb9QFRL6hY_d02f87bbb0414146a7a15070110a0384|manual,uNb9QFRL6hY_d02f87bbb0414146a7a15070110a0384,P1,manual,uNb9QFRL6hY,True,current20,10,20,0.07,0.06,0.5
extended73|P1|manual|uNb9QFRL6hY_d02f87bbb0414146a7a15070110a0384,P1|0|uNb9QFRL6hY_d02f87bbb0414146a7a15070110a0384|manual,uNb9QFRL6hY_d02f87bbb0414146a7a15070110a0384,P1,manual,uNb9QFRL6hY,True,current20,11,20,0.06400000000000002,0.058,0.5166666666666667
extended73|P1|manual|uNb9QFRL6hY_d02f87bbb0414146a7a15070110a0384,P1|0|uNb9QFRL6hY_d02f87bbb0414146a7a15070110a0384|manual,uNb9QFRL6hY_d02f87bbb0414146a7a15070110a0384,P1,manual,uNb9QFRL6hY,True,current20,12,20,0.05800000000000002,0.056,0.5333333333333333
extended73|P1|manual|uNb9QFRL6hY_d02f87bbb0414146a7a15070110a0384,P1|0|uNb9QFRL6hY_d02f87bbb0414146a7a15070110a0384|manual,uNb9QFRL6hY_d02f87bbb0414146a7a15070110a0384,P1,manual,uNb9QFRL6hY,True,current20,13,20,0.054,0.054,0.5499999999999999
extended73|P1|manual|uNb9QFRL6hY_d02f87bbb0414146a7a15070110a0384,P1|0|uNb9QFRL6hY_d02f87bbb0414146a7a15070110a0384|manual,uNb9QFRL6hY_d02f87bbb0414146a7a15070110a0384,P1,manual,uNb9QFRL6hY,True,current20,14,20,0.05199999999999999,0.052000000000000005,0.5666666666666667
extended73|P1|manual|uNb9QFRL6hY_d02f87bbb0414146a7a15070110a0384,P1|0|uNb9QFRL6hY_d02f87bbb0414146a7a15070110a0384|manual,uNb9QFRL6hY_d02f87bbb0414146a7a15070110a0384,P1,manual,uNb9QFRL6hY,True,current20,15,20,0.04999999999999999,0.05,0.5833333333333334
extended73|P1|manual|uNb9QFRL6hY_d02f87bbb0414146a7a15070110a0384,P1|0|uNb9QFRL6hY_d02f87bbb0414146a7a15070110a0384|manual,uNb9QFRL6hY_d02f87bbb0414146a7a15070110a0384,P1,manual,uNb9QFRL6hY,True,current20,16,20,0.04799999999999998,0.048,0.6
extended73|P1|manual|uNb9QFRL6hY_d02f87bbb0414146a7a15070110a0384,P1|0|uNb9QFRL6hY_d02f87bbb0414146a7a15070110a0384|manual,uNb9QFRL6hY_d02f87bbb0414146a7a15070110a0384,P1,manual,uNb9QFRL6hY,True,current20,17,20,0.04599999999999997,0.046,0.6166666666666667
extended73|P1|manual|uNb9QFRL6hY_d02f87bbb0414146a7a15070110a0384,P1|0|uNb9QFRL6hY_d02f87bbb0414146a7a15070110a0384|manual,uNb9QFRL6hY_d02f87bbb0414146a7a15070110a0384,P1,manual,uNb9QFRL6hY,True,current20,18,20,0.04399999999999997,0.044,0.6333333333333333
extended73|P1|manual|uNb9QFRL6hY_d02f87bbb0414146a7a15070110a0384,P1|0|uNb9QFRL6hY_d02f87bbb0414146a7a15070110a0384|manual,uNb9QFRL6hY_d02f87bbb0414146a7a15070110a0384,P1,manual,uNb9QFRL6hY,True,current20,19,20,0.041999999999999954,0.042,0.65
extended73|P1|manual|uNb9QFRL6hY_d02f87bbb0414146a7a15070110a0384,P1|0|uNb9QFRL6hY_d02f87bbb0414146a7a15070110a0384|manual,uNb9QFRL6hY_d02f87bbb0414146a7a15070110a0384,P1,manual,uNb9QFRL6hY,True,current20,20,20,0.039999999999999966,0.04,0.6666666666666666
extended73|P1|manual|wc2JMjhGNzB_2195c5a9b9fd451b927b0050f23fac31,P1|0|wc2JMjhGNzB_2195c5a9b9fd451b927b0050f23fac31|manual,wc2JMjhGNzB_2195c5a9b9fd451b927b0050f23fac31,P1,manual,wc2JMjhGNzB,True,all_archived,1,24,0.0,0.0,1.0
extended73|P1|manual|wc2JMjhGNzB_2195c5a9b9fd451b927b0050f23fac31,P1|0|wc2JMjhGNzB_2195c5a9b9fd451b927b0050f23fac31|manual,wc2JMjhGNzB_2195c5a9b9fd451b927b0050f23fac31,P1,manual,wc2JMjhGNzB,True,all_archived,2,24,0.0,0.0,1.0
extended73|P1|manual|wc2JMjhGNzB_2195c5a9b9fd451b927b0050f23fac31,P1|0|wc2JMjhGNzB_2195c5a9b9fd451b927b0050f23fac31|manual,wc2JMjhGNzB_2195c5a9b9fd451b927b0050f23fac31,P1,manual,wc2JMjhGNzB,True,all_archived,3,24,0.0,0.0,1.0
extended73|P1|manual|wc2JMjhGNzB_2195c5a9b9fd451b927b0050f23fac31,P1|0|wc2JMjhGNzB_2195c5a9b9fd451b927b0050f23fac31|manual,wc2JMjhGNzB_2195c5a9b9fd451b927b0050f23fac31,P1,manual,wc2JMjhGNzB,True,all_archived,4,24,0.0,0.0,1.0
extended73|P1|manual|wc2JMjhGNzB_2195c5a9b9fd451b927b0050f23fac31,P1|0|wc2JMjhGNzB_2195c5a9b9fd451b927b0050f23fac31|manual,wc2JMjhGNzB_2195c5a9b9fd451b927b0050f23fac31,P1,manual,wc2JMjhGNzB,True,all_archived,5,24,0.0,0.0,1.0
extended73|P1|manual|wc2JMjhGNzB_2195c5a9b9fd451b927b0050f23fac31,P1|0|wc2JMjhGNzB_2195c5a9b9fd451b927b0050f23fac31|manual,wc2JMjhGNzB_2195c5a9b9fd451b927b0050f23fac31,P1,manual,wc2JMjhGNzB,True,all_archived,6,24,0.0,0.0,1.0
extended73|P1|manual|wc2JMjhGNzB_2195c5a9b9fd451b927b0050f23fac31,P1|0|wc2JMjhGNzB_2195c5a9b9fd451b927b0050f23fac31|manual,wc2JMjhGNzB_2195c5a9b9fd451b927b0050f23fac31,P1,manual,wc2JMjhGNzB,True,all_archived,7,24,0.0,0.0,1.0
extended73|P1|manual|wc2JMjhGNzB_2195c5a9b9fd451b927b0050f23fac31,P1|0|wc2JMjhGNzB_2195c5a9b9fd451b927b0050f23fac31|manual,wc2JMjhGNzB_2195c5a9b9fd451b927b0050f23fac31,P1,manual,wc2JMjhGNzB,True,all_archived,8,24,0.0,0.0,1.0
extended73|P1|manual|wc2JMjhGNzB_2195c5a9b9fd451b927b0050f23fac31,P1|0|wc2JMjhGNzB_2195c5a9b9fd451b927b0050f23fac31|manual,wc2JMjhGNzB_2195c5a9b9fd451b927b0050f23fac31,P1,manual,wc2JMjhGNzB,True,all_archived,9,24,0.0,0.0,1.0
extended73|P1|manual|wc2JMjhGNzB_2195c5a9b9fd451b927b0050f23fac31,P1|0|wc2JMjhGNzB_2195c5a9b9fd451b927b0050f23fac31|manual,wc2JMjhGNzB_2195c5a9b9fd451b927b0050f23fac31,P1,manual,wc2JMjhGNzB,True,all_archived,10,24,0.0,0.0,1.0
extended73|P1|manual|wc2JMjhGNzB_2195c5a9b9fd451b927b0050f23fac31,P1|0|wc2JMjhGNzB_2195c5a9b9fd451b927b0050f23fac31|manual,wc2JMjhGNzB_2195c5a9b9fd451b927b0050f23fac31,P1,manual,wc2JMjhGNzB,True,all_archived,11,24,0.0,0.0,1.0
extended73|P1|manual|wc2JMjhGNzB_2195c5a9b9fd451b927b0050f23fac31,P1|0|wc2JMjhGNzB_2195c5a9b9fd451b927b0050f23fac31|manual,wc2JMjhGNzB_2195c5a9b9fd451b927b0050f23fac31,P1,manual,wc2JMjhGNzB,True,all_archived,12,24,0.0,0.0,1.0
extended73|P1|manual|wc2JMjhGNzB_2195c5a9b9fd451b927b0050f23fac31,P1|0|wc2JMjhGNzB_2195c5a9b9fd451b927b0050f23fac31|manual,wc2JMjhGNzB_2195c5a9b9fd451b927b0050f23fac31,P1,manual,wc2JMjhGNzB,True,all_archived,13,24,0.0,0.0,1.0
extended73|P1|manual|wc2JMjhGNzB_2195c5a9b9fd451b927b0050f23fac31,P1|0|wc2JMjhGNzB_2195c5a9b9fd451b927b0050f23fac31|manual,wc2JMjhGNzB_2195c5a9b9fd451b927b0050f23fac31,P1,manual,wc2JMjhGNzB,True,all_archived,14,24,0.0,0.0,1.0
extended73|P1|manual|wc2JMjhGNzB_2195c5a9b9fd451b927b0050f23fac31,P1|0|wc2JMjhGNzB_2195c5a9b9fd451b927b0050f23fac31|manual,wc2JMjhGNzB_2195c5a9b9fd451b927b0050f23fac31,P1,manual,wc2JMjhGNzB,True,all_archived,15,24,0.0,0.0,1.0
extended73|P1|manual|wc2JMjhGNzB_2195c5a9b9fd451b927b0050f23fac31,P1|0|wc2JMjhGNzB_2195c5a9b9fd451b927b0050f23fac31|manual,wc2JMjhGNzB_2195c5a9b9fd451b927b0050f23fac31,P1,manual,wc2JMjhGNzB,True,all_archived,16,24,0.0,0.0,1.0
extended73|P1|manual|wc2JMjhGNzB_2195c5a9b9fd451b927b0050f23fac31,P1|0|wc2JMjhGNzB_2195c5a9b9fd451b927b0050f23fac31|manual,wc2JMjhGNzB_2195c5a9b9fd451b927b0050f23fac31,P1,manual,wc2JMjhGNzB,True,all_archived,17,24,0.0,0.0,1.0
extended73|P1|manual|wc2JMjhGNzB_2195c5a9b9fd451b927b0050f23fac31,P1|0|wc2JMjhGNzB_2195c5a9b9fd451b927b0050f23fac31|manual,wc2JMjhGNzB_2195c5a9b9fd451b927b0050f23fac31,P1,manual,wc2JMjhGNzB,True,all_archived,18,24,0.0,0.0,1.0
extended73|P1|manual|wc2JMjhGNzB_2195c5a9b9fd451b927b0050f23fac31,P1|0|wc2JMjhGNzB_2195c5a9b9fd451b927b0050f23fac31|manual,wc2JMjhGNzB_2195c5a9b9fd451b927b0050f23fac31,P1,manual,wc2JMjhGNzB,True,all_archived,19,24,0.0,0.0,1.0
extended73|P1|manual|wc2JMjhGNzB_2195c5a9b9fd451b927b0050f23fac31,P1|0|wc2JMjhGNzB_2195c5a9b9fd451b927b0050f23fac31|manual,wc2JMjhGNzB_2195c5a9b9fd451b927b0050f23fac31,P1,manual,wc2JMjhGNzB,True,all_archived,20,24,0.0,0.0,1.0
extended73|P1|manual|wc2JMjhGNzB_2195c5a9b9fd451b927b0050f23fac31,P1|0|wc2JMjhGNzB_2195c5a9b9fd451b927b0050f23fac31|manual,wc2JMjhGNzB_2195c5a9b9fd451b927b0050f23fac31,P1,manual,wc2JMjhGNzB,True,current20,1,20,0.0,0.0,1.0
extended73|P1|manual|wc2JMjhGNzB_2195c5a9b9fd451b927b0050f23fac31,P1|0|wc2JMjhGNzB_2195c5a9b9fd451b927b0050f23fac31|manual,wc2JMjhGNzB_2195c5a9b9fd451b927b0050f23fac31,P1,manual,wc2JMjhGNzB,True,current20,2,20,0.0,0.0,1.0
extended73|P1|manual|wc2JMjhGNzB_2195c5a9b9fd451b927b0050f23fac31,P1|0|wc2JMjhGNzB_2195c5a9b9fd451b927b0050f23fac31|manual,wc2JMjhGNzB_2195c5a9b9fd451b927b0050f23fac31,P1,manual,wc2JMjhGNzB,True,current20,3,20,0.0,0.0,1.0
extended73|P1|manual|wc2JMjhGNzB_2195c5a9b9fd451b927b0050f23fac31,P1|0|wc2JMjhGNzB_2195c5a9b9fd451b927b0050f23fac31|manual,wc2JMjhGNzB_2195c5a9b9fd451b927b0050f23fac31,P1,manual,wc2JMjhGNzB,True,current20,4,20,0.0,0.0,1.0
extended73|P1|manual|wc2JMjhGNzB_2195c5a9b9fd451b927b0050f23fac31,P1|0|wc2JMjhGNzB_2195c5a9b9fd451b927b0050f23fac31|manual,wc2JMjhGNzB_2195c5a9b9fd451b927b0050f23fac31,P1,manual,wc2JMjhGNzB,True,current20,5,20,0.0,0.0,1.0
extended73|P1|manual|wc2JMjhGNzB_2195c5a9b9fd451b927b0050f23fac31,P1|0|wc2JMjhGNzB_2195c5a9b9fd451b927b0050f23fac31|manual,wc2JMjhGNzB_2195c5a9b9fd451b927b0050f23fac31,P1,manual,wc2JMjhGNzB,True,current20,6,20,0.0,0.0,1.0
extended73|P1|manual|wc2JMjhGNzB_2195c5a9b9fd451b927b0050f23fac31,P1|0|wc2JMjhGNzB_2195c5a9b9fd451b927b0050f23fac31|manual,wc2JMjhGNzB_2195c5a9b9fd451b927b0050f23fac31,P1,manual,wc2JMjhGNzB,True,current20,7,20,0.0,0.0,1.0
extended73|P1|manual|wc2JMjhGNzB_2195c5a9b9fd451b927b0050f23fac31,P1|0|wc2JMjhGNzB_2195c5a9b9fd451b927b0050f23fac31|manual,wc2JMjhGNzB_2195c5a9b9fd451b927b0050f23fac31,P1,manual,wc2JMjhGNzB,True,current20,8,20,0.0,0.0,1.0
extended73|P1|manual|wc2JMjhGNzB_2195c5a9b9fd451b927b0050f23fac31,P1|0|wc2JMjhGNzB_2195c5a9b9fd451b927b0050f23fac31|manual,wc2JMjhGNzB_2195c5a9b9fd451b927b0050f23fac31,P1,manual,wc2JMjhGNzB,True,current20,9,20,0.0,0.0,1.0
extended73|P1|manual|wc2JMjhGNzB_2195c5a9b9fd451b927b0050f23fac31,P1|0|wc2JMjhGNzB_2195c5a9b9fd451b927b0050f23fac31|manual,wc2JMjhGNzB_2195c5a9b9fd451b927b0050f23fac31,P1,manual,wc2JMjhGNzB,True,current20,10,20,0.0,0.0,1.0
extended73|P1|manual|wc2JMjhGNzB_2195c5a9b9fd451b927b0050f23fac31,P1|0|wc2JMjhGNzB_2195c5a9b9fd451b927b0050f23fac31|manual,wc2JMjhGNzB_2195c5a9b9fd451b927b0050f23fac31,P1,manual,wc2JMjhGNzB,True,current20,11,20,0.0,0.0,1.0
extended73|P1|manual|wc2JMjhGNzB_2195c5a9b9fd451b927b0050f23fac31,P1|0|wc2JMjhGNzB_2195c5a9b9fd451b927b0050f23fac31|manual,wc2JMjhGNzB_2195c5a9b9fd451b927b0050f23fac31,P1,manual,wc2JMjhGNzB,True,current20,12,20,0.0,0.0,1.0
extended73|P1|manual|wc2JMjhGNzB_2195c5a9b9fd451b927b0050f23fac31,P1|0|wc2JMjhGNzB_2195c5a9b9fd451b927b0050f23fac31|manual,wc2JMjhGNzB_2195c5a9b9fd451b927b0050f23fac31,P1,manual,wc2JMjhGNzB,True,current20,13,20,0.0,0.0,1.0
extended73|P1|manual|wc2JMjhGNzB_2195c5a9b9fd451b927b0050f23fac31,P1|0|wc2JMjhGNzB_2195c5a9b9fd451b927b0050f23fac31|manual,wc2JMjhGNzB_2195c5a9b9fd451b927b0050f23fac31,P1,manual,wc2JMjhGNzB,True,current20,14,20,0.0,0.0,1.0
extended73|P1|manual|wc2JMjhGNzB_2195c5a9b9fd451b927b0050f23fac31,P1|0|wc2JMjhGNzB_2195c5a9b9fd451b927b0050f23fac31|manual,wc2JMjhGNzB_2195c5a9b9fd451b927b0050f23fac31,P1,manual,wc2JMjhGNzB,True,current20,15,20,0.0,0.0,1.0
extended73|P1|manual|wc2JMjhGNzB_2195c5a9b9fd451b927b0050f23fac31,P1|0|wc2JMjhGNzB_2195c5a9b9fd451b927b0050f23fac31|manual,wc2JMjhGNzB_2195c5a9b9fd451b927b0050f23fac31,P1,manual,wc2JMjhGNzB,True,current20,16,20,0.0,0.0,1.0
extended73|P1|manual|wc2JMjhGNzB_2195c5a9b9fd451b927b0050f23fac31,P1|0|wc2JMjhGNzB_2195c5a9b9fd451b927b0050f23fac31|manual,wc2JMjhGNzB_2195c5a9b9fd451b927b0050f23fac31,P1,manual,wc2JMjhGNzB,True,current20,17,20,0.0,0.0,1.0
extended73|P1|manual|wc2JMjhGNzB_2195c5a9b9fd451b927b0050f23fac31,P1|0|wc2JMjhGNzB_2195c5a9b9fd451b927b0050f23fac31|manual,wc2JMjhGNzB_2195c5a9b9fd451b927b0050f23fac31,P1,manual,wc2JMjhGNzB,True,current20,18,20,0.0,0.0,1.0
extended73|P1|manual|wc2JMjhGNzB_2195c5a9b9fd451b927b0050f23fac31,P1|0|wc2JMjhGNzB_2195c5a9b9fd451b927b0050f23fac31|manual,wc2JMjhGNzB_2195c5a9b9fd451b927b0050f23fac31,P1,manual,wc2JMjhGNzB,True,current20,19,20,0.0,0.0,1.0
extended73|P1|manual|wc2JMjhGNzB_2195c5a9b9fd451b927b0050f23fac31,P1|0|wc2JMjhGNzB_2195c5a9b9fd451b927b0050f23fac31|manual,wc2JMjhGNzB_2195c5a9b9fd451b927b0050f23fac31,P1,manual,wc2JMjhGNzB,True,current20,20,20,0.0,0.0,1.0
extended73|P1|manual|wc2JMjhGNzB_dc4a9f470b834de1983c7e605ff06b2e,P1|0|wc2JMjhGNzB_dc4a9f470b834de1983c7e605ff06b2e|manual,wc2JMjhGNzB_dc4a9f470b834de1983c7e605ff06b2e,P1,manual,wc2JMjhGNzB,True,all_archived,1,24,0.07986111111111109,0.0798611111111111,0.5
extended73|P1|manual|wc2JMjhGNzB_dc4a9f470b834de1983c7e605ff06b2e,P1|0|wc2JMjhGNzB_dc4a9f470b834de1983c7e605ff06b2e|manual,wc2JMjhGNzB_dc4a9f470b834de1983c7e605ff06b2e,P1,manual,wc2JMjhGNzB,True,all_archived,2,24,0.07638888888888887,0.03819444444444444,0.5416666666666667
extended73|P1|manual|wc2JMjhGNzB_dc4a9f470b834de1983c7e605ff06b2e,P1|0|wc2JMjhGNzB_dc4a9f470b834de1983c7e605ff06b2e|manual,wc2JMjhGNzB_dc4a9f470b834de1983c7e605ff06b2e,P1,manual,wc2JMjhGNzB,True,all_archived,3,24,0.07291666666666666,0.03645833333333333,0.5625
extended73|P1|manual|wc2JMjhGNzB_dc4a9f470b834de1983c7e605ff06b2e,P1|0|wc2JMjhGNzB_dc4a9f470b834de1983c7e605ff06b2e|manual,wc2JMjhGNzB_dc4a9f470b834de1983c7e605ff06b2e,P1,manual,wc2JMjhGNzB,True,all_archived,4,24,0.06944444444444443,0.034722222222222224,0.5833333333333333
extended73|P1|manual|wc2JMjhGNzB_dc4a9f470b834de1983c7e605ff06b2e,P1|0|wc2JMjhGNzB_dc4a9f470b834de1983c7e605ff06b2e|manual,wc2JMjhGNzB_dc4a9f470b834de1983c7e605ff06b2e,P1,manual,wc2JMjhGNzB,True,all_archived,5,24,0.06597222222222221,0.032986111111111105,0.6041666666666667
extended73|P1|manual|wc2JMjhGNzB_dc4a9f470b834de1983c7e605ff06b2e,P1|0|wc2JMjhGNzB_dc4a9f470b834de1983c7e605ff06b2e|manual,wc2JMjhGNzB_dc4a9f470b834de1983c7e605ff06b2e,P1,manual,wc2JMjhGNzB,True,all_archived,6,24,0.062499999999999986,0.03125,0.625
extended73|P1|manual|wc2JMjhGNzB_dc4a9f470b834de1983c7e605ff06b2e,P1|0|wc2JMjhGNzB_dc4a9f470b834de1983c7e605ff06b2e|manual,wc2JMjhGNzB_dc4a9f470b834de1983c7e605ff06b2e,P1,manual,wc2JMjhGNzB,True,all_archived,7,24,0.059027777777777776,0.029513888888888888,0.6458333333333333
extended73|P1|manual|wc2JMjhGNzB_dc4a9f470b834de1983c7e605ff06b2e,P1|0|wc2JMjhGNzB_dc4a9f470b834de1983c7e605ff06b2e|manual,wc2JMjhGNzB_dc4a9f470b834de1983c7e605ff06b2e,P1,manual,wc2JMjhGNzB,True,all_archived,8,24,0.055555555555555546,0.027777777777777776,0.6666666666666667
extended73|P1|manual|wc2JMjhGNzB_dc4a9f470b834de1983c7e605ff06b2e,P1|0|wc2JMjhGNzB_dc4a9f470b834de1983c7e605ff06b2e|manual,wc2JMjhGNzB_dc4a9f470b834de1983c7e605ff06b2e,P1,manual,wc2JMjhGNzB,True,all_archived,9,24,0.052083333333333336,0.026041666666666664,0.6875
extended73|P1|manual|wc2JMjhGNzB_dc4a9f470b834de1983c7e605ff06b2e,P1|0|wc2JMjhGNzB_dc4a9f470b834de1983c7e605ff06b2e|manual,wc2JMjhGNzB_dc4a9f470b834de1983c7e605ff06b2e,P1,manual,wc2JMjhGNzB,True,all_archived,10,24,0.048611111111111105,0.024305555555555556,0.7083333333333333
extended73|P1|manual|wc2JMjhGNzB_dc4a9f470b834de1983c7e605ff06b2e,P1|0|wc2JMjhGNzB_dc4a9f470b834de1983c7e605ff06b2e|manual,wc2JMjhGNzB_dc4a9f470b834de1983c7e605ff06b2e,P1,manual,wc2JMjhGNzB,True,all_archived,11,24,0.04513888888888889,0.02256944444444444,0.7291666666666667
extended73|P1|manual|wc2JMjhGNzB_dc4a9f470b834de1983c7e605ff06b2e,P1|0|wc2JMjhGNzB_dc4a9f470b834de1983c7e605ff06b2e|manual,wc2JMjhGNzB_dc4a9f470b834de1983c7e605ff06b2e,P1,manual,wc2JMjhGNzB,True,all_archived,12,24,0.04166666666666667,0.020833333333333332,0.75
extended73|P1|manual|wc2JMjhGNzB_dc4a9f470b834de1983c7e605ff06b2e,P1|0|wc2JMjhGNzB_dc4a9f470b834de1983c7e605ff06b2e|manual,wc2JMjhGNzB_dc4a9f470b834de1983c7e605ff06b2e,P1,manual,wc2JMjhGNzB,True,all_archived,13,24,0.038194444444444434,0.01909722222222222,0.7708333333333334
extended73|P1|manual|wc2JMjhGNzB_dc4a9f470b834de1983c7e605ff06b2e,P1|0|wc2JMjhGNzB_dc4a9f470b834de1983c7e605ff06b2e|manual,wc2JMjhGNzB_dc4a9f470b834de1983c7e605ff06b2e,P1,manual,wc2JMjhGNzB,True,all_archived,14,24,0.03472222222222222,0.017361111111111112,0.7916666666666666
extended73|P1|manual|wc2JMjhGNzB_dc4a9f470b834de1983c7e605ff06b2e,P1|0|wc2JMjhGNzB_dc4a9f470b834de1983c7e605ff06b2e|manual,wc2JMjhGNzB_dc4a9f470b834de1983c7e605ff06b2e,P1,manual,wc2JMjhGNzB,True,all_archived,15,24,0.03125,0.015625,0.8125
extended73|P1|manual|wc2JMjhGNzB_dc4a9f470b834de1983c7e605ff06b2e,P1|0|wc2JMjhGNzB_dc4a9f470b834de1983c7e605ff06b2e|manual,wc2JMjhGNzB_dc4a9f470b834de1983c7e605ff06b2e,P1,manual,wc2JMjhGNzB,True,all_archived,16,24,0.027777777777777783,0.013888888888888888,0.8333333333333334
extended73|P1|manual|wc2JMjhGNzB_dc4a9f470b834de1983c7e605ff06b2e,P1|0|wc2JMjhGNzB_dc4a9f470b834de1983c7e605ff06b2e|manual,wc2JMjhGNzB_dc4a9f470b834de1983c7e605ff06b2e,P1,manual,wc2JMjhGNzB,True,all_archived,17,24,0.02430555555555557,0.012152777777777778,0.8541666666666666
extended73|P1|manual|wc2JMjhGNzB_dc4a9f470b834de1983c7e605ff06b2e,P1|0|wc2JMjhGNzB_dc4a9f470b834de1983c7e605ff06b2e|manual,wc2JMjhGNzB_dc4a9f470b834de1983c7e605ff06b2e,P1,manual,wc2JMjhGNzB,True,all_archived,18,24,0.02083333333333335,0.010416666666666666,0.875
extended73|P1|manual|wc2JMjhGNzB_dc4a9f470b834de1983c7e605ff06b2e,P1|0|wc2JMjhGNzB_dc4a9f470b834de1983c7e605ff06b2e|manual,wc2JMjhGNzB_dc4a9f470b834de1983c7e605ff06b2e,P1,manual,wc2JMjhGNzB,True,all_archived,19,24,0.017361111111111143,0.008680555555555556,0.8958333333333333
extended73|P1|manual|wc2JMjhGNzB_dc4a9f470b834de1983c7e605ff06b2e,P1|0|wc2JMjhGNzB_dc4a9f470b834de1983c7e605ff06b2e|manual,wc2JMjhGNzB_dc4a9f470b834de1983c7e605ff06b2e,P1,manual,wc2JMjhGNzB,True,all_archived,20,24,0.013888888888888923,0.006944444444444444,0.9166666666666667
extended73|P1|manual|wc2JMjhGNzB_dc4a9f470b834de1983c7e605ff06b2e,P1|0|wc2JMjhGNzB_dc4a9f470b834de1983c7e605ff06b2e|manual,wc2JMjhGNzB_dc4a9f470b834de1983c7e605ff06b2e,P1,manual,wc2JMjhGNzB,True,current20,1,20,0.08749999999999998,0.0875,0.5
extended73|P1|manual|wc2JMjhGNzB_dc4a9f470b834de1983c7e605ff06b2e,P1|0|wc2JMjhGNzB_dc4a9f470b834de1983c7e605ff06b2e|manual,wc2JMjhGNzB_dc4a9f470b834de1983c7e605ff06b2e,P1,manual,wc2JMjhGNzB,True,current20,2,20,0.08333333333333333,0.0375,0.55
extended73|P1|manual|wc2JMjhGNzB_dc4a9f470b834de1983c7e605ff06b2e,P1|0|wc2JMjhGNzB_dc4a9f470b834de1983c7e605ff06b2e|manual,wc2JMjhGNzB_dc4a9f470b834de1983c7e605ff06b2e,P1,manual,wc2JMjhGNzB,True,current20,3,20,0.07916666666666665,0.035416666666666666,0.575
extended73|P1|manual|wc2JMjhGNzB_dc4a9f470b834de1983c7e605ff06b2e,P1|0|wc2JMjhGNzB_dc4a9f470b834de1983c7e605ff06b2e|manual,wc2JMjhGNzB_dc4a9f470b834de1983c7e605ff06b2e,P1,manual,wc2JMjhGNzB,True,current20,4,20,0.075,0.03333333333333333,0.6
extended73|P1|manual|wc2JMjhGNzB_dc4a9f470b834de1983c7e605ff06b2e,P1|0|wc2JMjhGNzB_dc4a9f470b834de1983c7e605ff06b2e|manual,wc2JMjhGNzB_dc4a9f470b834de1983c7e605ff06b2e,P1,manual,wc2JMjhGNzB,True,current20,5,20,0.07083333333333332,0.03125,0.625
extended73|P1|manual|wc2JMjhGNzB_dc4a9f470b834de1983c7e605ff06b2e,P1|0|wc2JMjhGNzB_dc4a9f470b834de1983c7e605ff06b2e|manual,wc2JMjhGNzB_dc4a9f470b834de1983c7e605ff06b2e,P1,manual,wc2JMjhGNzB,True,current20,6,20,0.06666666666666665,0.029166666666666664,0.65
extended73|P1|manual|wc2JMjhGNzB_dc4a9f470b834de1983c7e605ff06b2e,P1|0|wc2JMjhGNzB_dc4a9f470b834de1983c7e605ff06b2e|manual,wc2JMjhGNzB_dc4a9f470b834de1983c7e605ff06b2e,P1,manual,wc2JMjhGNzB,True,current20,7,20,0.0625,0.027083333333333334,0.675
extended73|P1|manual|wc2JMjhGNzB_dc4a9f470b834de1983c7e605ff06b2e,P1|0|wc2JMjhGNzB_dc4a9f470b834de1983c7e605ff06b2e|manual,wc2JMjhGNzB_dc4a9f470b834de1983c7e605ff06b2e,P1,manual,wc2JMjhGNzB,True,current20,8,20,0.05833333333333333,0.024999999999999998,0.7
extended73|P1|manual|wc2JMjhGNzB_dc4a9f470b834de1983c7e605ff06b2e,P1|0|wc2JMjhGNzB_dc4a9f470b834de1983c7e605ff06b2e|manual,wc2JMjhGNzB_dc4a9f470b834de1983c7e605ff06b2e,P1,manual,wc2JMjhGNzB,True,current20,9,20,0.05416666666666668,0.02291666666666667,0.725
extended73|P1|manual|wc2JMjhGNzB_dc4a9f470b834de1983c7e605ff06b2e,P1|0|wc2JMjhGNzB_dc4a9f470b834de1983c7e605ff06b2e|manual,wc2JMjhGNzB_dc4a9f470b834de1983c7e605ff06b2e,P1,manual,wc2JMjhGNzB,True,current20,10,20,0.049999999999999996,0.020833333333333332,0.75
extended73|P1|manual|wc2JMjhGNzB_dc4a9f470b834de1983c7e605ff06b2e,P1|0|wc2JMjhGNzB_dc4a9f470b834de1983c7e605ff06b2e|manual,wc2JMjhGNzB_dc4a9f470b834de1983c7e605ff06b2e,P1,manual,wc2JMjhGNzB,True,current20,11,20,0.04583333333333335,0.01875,0.775
extended73|P1|manual|wc2JMjhGNzB_dc4a9f470b834de1983c7e605ff06b2e,P1|0|wc2JMjhGNzB_dc4a9f470b834de1983c7e605ff06b2e|manual,wc2JMjhGNzB_dc4a9f470b834de1983c7e605ff06b2e,P1,manual,wc2JMjhGNzB,True,current20,12,20,0.041666666666666685,0.016666666666666666,0.8
extended73|P1|manual|wc2JMjhGNzB_dc4a9f470b834de1983c7e605ff06b2e,P1|0|wc2JMjhGNzB_dc4a9f470b834de1983c7e605ff06b2e|manual,wc2JMjhGNzB_dc4a9f470b834de1983c7e605ff06b2e,P1,manual,wc2JMjhGNzB,True,current20,13,20,0.03749999999999999,0.014583333333333332,0.825
extended73|P1|manual|wc2JMjhGNzB_dc4a9f470b834de1983c7e605ff06b2e,P1|0|wc2JMjhGNzB_dc4a9f470b834de1983c7e605ff06b2e|manual,wc2JMjhGNzB_dc4a9f470b834de1983c7e605ff06b2e,P1,manual,wc2JMjhGNzB,True,current20,14,20,0.033333333333333326,0.012499999999999999,0.85
extended73|P1|manual|wc2JMjhGNzB_dc4a9f470b834de1983c7e605ff06b2e,P1|0|wc2JMjhGNzB_dc4a9f470b834de1983c7e605ff06b2e|manual,wc2JMjhGNzB_dc4a9f470b834de1983c7e605ff06b2e,P1,manual,wc2JMjhGNzB,True,current20,15,20,0.02916666666666667,0.010416666666666666,0.875
extended73|P1|manual|wc2JMjhGNzB_dc4a9f470b834de1983c7e605ff06b2e,P1|0|wc2JMjhGNzB_dc4a9f470b834de1983c7e605ff06b2e|manual,wc2JMjhGNzB_dc4a9f470b834de1983c7e605ff06b2e,P1,manual,wc2JMjhGNzB,True,current20,16,20,0.025000000000000012,0.008333333333333333,0.9
extended73|P1|manual|wc2JMjhGNzB_dc4a9f470b834de1983c7e605ff06b2e,P1|0|wc2JMjhGNzB_dc4a9f470b834de1983c7e605ff06b2e|manual,wc2JMjhGNzB_dc4a9f470b834de1983c7e605ff06b2e,P1,manual,wc2JMjhGNzB,True,current20,17,20,0.02083333333333335,0.0062499999999999995,0.925
extended73|P1|manual|wc2JMjhGNzB_dc4a9f470b834de1983c7e605ff06b2e,P1|0|wc2JMjhGNzB_dc4a9f470b834de1983c7e605ff06b2e|manual,wc2JMjhGNzB_dc4a9f470b834de1983c7e605ff06b2e,P1,manual,wc2JMjhGNzB,True,current20,18,20,0.01666666666666669,0.004166666666666667,0.95
extended73|P1|manual|wc2JMjhGNzB_dc4a9f470b834de1983c7e605ff06b2e,P1|0|wc2JMjhGNzB_dc4a9f470b834de1983c7e605ff06b2e|manual,wc2JMjhGNzB_dc4a9f470b834de1983c7e605ff06b2e,P1,manual,wc2JMjhGNzB,True,current20,19,20,0.01250000000000004,0.0020833333333333333,0.975
extended73|P1|manual|wc2JMjhGNzB_dc4a9f470b834de1983c7e605ff06b2e,P1|0|wc2JMjhGNzB_dc4a9f470b834de1983c7e605ff06b2e|manual,wc2JMjhGNzB_dc4a9f470b834de1983c7e605ff06b2e,P1,manual,wc2JMjhGNzB,True,current20,20,20,0.008333333333333377,0.0,1.0
extended73|P1|manual|x8F5xyUWy9e_a51a0e2811f342a599ae4cdb9b84ff23,P1|0|x8F5xyUWy9e_a51a0e2811f342a599ae4cdb9b84ff23|manual,x8F5xyUWy9e_a51a0e2811f342a599ae4cdb9b84ff23,P1,manual,x8F5xyUWy9e,True,all_archived,1,24,0.29861111111111116,0.29861111111111116,0.19999999999999998
extended73|P1|manual|x8F5xyUWy9e_a51a0e2811f342a599ae4cdb9b84ff23,P1|0|x8F5xyUWy9e_a51a0e2811f342a599ae4cdb9b84ff23|manual,x8F5xyUWy9e_a51a0e2811f342a599ae4cdb9b84ff23,P1,manual,x8F5xyUWy9e,True,all_archived,2,24,0.26751207729468596,0.1708937198067633,0.2623188405797102
extended73|P1|manual|x8F5xyUWy9e_a51a0e2811f342a599ae4cdb9b84ff23,P1|0|x8F5xyUWy9e_a51a0e2811f342a599ae4cdb9b84ff23|manual,x8F5xyUWy9e_a51a0e2811f342a599ae4cdb9b84ff23,P1,manual,x8F5xyUWy9e,True,all_archived,3,24,0.23970685111989454,0.14748023715415018,0.29960474308300394
extended73|P1|manual|x8F5xyUWy9e_a51a0e2811f342a599ae4cdb9b84ff23,P1|0|x8F5xyUWy9e_a51a0e2811f342a599ae4cdb9b84ff23|manual,x8F5xyUWy9e_a51a0e2811f342a599ae4cdb9b84ff23,P1,manual,x8F5xyUWy9e,True,all_archived,4,24,0.21488173662086707,0.13896731288035635,0.333314511575381
extended73|P1|manual|x8F5xyUWy9e_a51a0e2811f342a599ae4cdb9b84ff23,P1|0|x8F5xyUWy9e_a51a0e2811f342a599ae4cdb9b84ff23|manual,x8F5xyUWy9e_a51a0e2811f342a599ae4cdb9b84ff23,P1,manual,x8F5xyUWy9e,True,all_archived,5,24,0.19273872263002695,0.13194444444444442,0.3666666666666668
extended73|P1|manual|x8F5xyUWy9e_a51a0e2811f342a599ae4cdb9b84ff23,P1|0|x8F5xyUWy9e_a51a0e2811f342a599ae4cdb9b84ff23|manual,x8F5xyUWy9e_a51a0e2811f342a599ae4cdb9b84ff23,P1,manual,x8F5xyUWy9e,True,all_archived,6,24,0.17299548277809149,0.125,0.4
extended73|P1|manual|x8F5xyUWy9e_a51a0e2811f342a599ae4cdb9b84ff23,P1|0|x8F5xyUWy9e_a51a0e2811f342a599ae4cdb9b84ff23|manual,x8F5xyUWy9e_a51a0e2811f342a599ae4cdb9b84ff23,P1,manual,x8F5xyUWy9e,True,all_archived,7,24,0.16605103833364704,0.11805555555555555,0.43333333333333324
extended73|P1|manual|x8F5xyUWy9e_a51a0e2811f342a599ae4cdb9b84ff23,P1|0|x8F5xyUWy9e_a51a0e2811f342a599ae4cdb9b84ff23|manual,x8F5xyUWy9e_a51a0e2811f342a599ae4cdb9b84ff23,P1,manual,x8F5xyUWy9e,True,all_archived,8,24,0.1572244180939833,0.1111111111111111,0.4666666666666668
extended73|P1|manual|x8F5xyUWy9e_a51a0e2811f342a599ae4cdb9b84ff23,P1|0|x8F5xyUWy9e_a51a0e2811f342a599ae4cdb9b84ff23|manual,x8F5xyUWy9e_a51a0e2811f342a599ae4cdb9b84ff23,P1,manual,x8F5xyUWy9e,True,all_archived,9,24,0.1469861660079051,0.10416666666666666,0.5
extended73|P1|manual|x8F5xyUWy9e_a51a0e2811f342a599ae4cdb9b84ff23,P1|0|x8F5xyUWy9e_a51a0e2811f342a599ae4cdb9b84ff23|manual,x8F5xyUWy9e_a51a0e2811f342a599ae4cdb9b84ff23,P1,manual,x8F5xyUWy9e,True,all_archived,10,24,0.13575977162933686,0.09722222222222222,0.5333333333333332
extended73|P1|manual|x8F5xyUWy9e_a51a0e2811f342a599ae4cdb9b84ff23,P1|0|x8F5xyUWy9e_a51a0e2811f342a599ae4cdb9b84ff23|manual,x8F5xyUWy9e_a51a0e2811f342a599ae4cdb9b84ff23,P1,manual,x8F5xyUWy9e,True,all_archived,11,24,0.12392167011732227,0.09027777777777776,0.5666666666666668
extended73|P1|manual|x8F5xyUWy9e_a51a0e2811f342a599ae4cdb9b84ff23,P1|0|x8F5xyUWy9e_a51a0e2811f342a599ae4cdb9b84ff23|manual,x8F5xyUWy9e_a51a0e2811f342a599ae4cdb9b84ff23,P1,manual,x8F5xyUWy9e,True,all_archived,12,24,0.11180124223602483,0.08333333333333333,0.6
extended73|P1|manual|x8F5xyUWy9e_a51a0e2811f342a599ae4cdb9b84ff23,P1|0|x8F5xyUWy9e_a51a0e2811f342a599ae4cdb9b84ff23|manual,x8F5xyUWy9e_a51a0e2811f342a599ae4cdb9b84ff23,P1,manual,x8F5xyUWy9e,True,all_archived,13,24,0.1048567977915804,0.07638888888888888,0.6333333333333334
extended73|P1|manual|x8F5xyUWy9e_a51a0e2811f342a599ae4cdb9b84ff23,P1|0|x8F5xyUWy9e_a51a0e2811f342a599ae4cdb9b84ff23|manual,x8F5xyUWy9e_a51a0e2811f342a599ae4cdb9b84ff23,P1,manual,x8F5xyUWy9e,True,all_archived,14,24,0.0969712654495263,0.06944444444444445,0.6666666666666666
extended73|P1|manual|x8F5xyUWy9e_a51a0e2811f342a599ae4cdb9b84ff23,P1|0|x8F5xyUWy9e_a51a0e2811f342a599ae4cdb9b84ff23|manual,x8F5xyUWy9e_a51a0e2811f342a599ae4cdb9b84ff23,P1,manual,x8F5xyUWy9e,True,all_archived,15,24,0.08819169960474309,0.0625,0.7
extended73|P1|manual|x8F5xyUWy9e_a51a0e2811f342a599ae4cdb9b84ff23,P1|0|x8F5xyUWy9e_a51a0e2811f342a599ae4cdb9b84ff23|manual,x8F5xyUWy9e_a51a0e2811f342a599ae4cdb9b84ff23,P1,manual,x8F5xyUWy9e,True,all_archived,16,24,0.07861220904699165,0.05555555555555555,0.7333333333333334
extended73|P1|manual|x8F5xyUWy9e_a51a0e2811f342a599ae4cdb9b84ff23,P1|0|x8F5xyUWy9e_a51a0e2811f342a599ae4cdb9b84ff23|manual,x8F5xyUWy9e_a51a0e2811f342a599ae4cdb9b84ff23,P1,manual,x8F5xyUWy9e,True,all_archived,17,24,0.0683739569609135,0.04861111111111111,0.7666666666666666
extended73|P1|manual|x8F5xyUWy9e_a51a0e2811f342a599ae4cdb9b84ff23,P1|0|x8F5xyUWy9e_a51a0e2811f342a599ae4cdb9b84ff23|manual,x8F5xyUWy9e_a51a0e2811f342a599ae4cdb9b84ff23,P1,manual,x8F5xyUWy9e,True,all_archived,18,24,0.057665160926030475,0.041666666666666664,0.8
extended73|P1|manual|x8F5xyUWy9e_a51a0e2811f342a599ae4cdb9b84ff23,P1|0|x8F5xyUWy9e_a51a0e2811f342a599ae4cdb9b84ff23|manual,x8F5xyUWy9e_a51a0e2811f342a599ae4cdb9b84ff23,P1,manual,x8F5xyUWy9e,True,all_archived,19,24,0.05072071648158602,0.034722222222222224,0.8333333333333333
extended73|P1|manual|x8F5xyUWy9e_a51a0e2811f342a599ae4cdb9b84ff23,P1|0|x8F5xyUWy9e_a51a0e2811f342a599ae4cdb9b84ff23|manual,x8F5xyUWy9e_a51a0e2811f342a599ae4cdb9b84ff23,P1,manual,x8F5xyUWy9e,True,all_archived,20,24,0.04297634732417341,0.027777777777777776,0.8666666666666668
extended73|P1|manual|x8F5xyUWy9e_a51a0e2811f342a599ae4cdb9b84ff23,P1|0|x8F5xyUWy9e_a51a0e2811f342a599ae4cdb9b84ff23|manual,x8F5xyUWy9e_a51a0e2811f342a599ae4cdb9b84ff23,P1,manual,x8F5xyUWy9e,True,current20,1,20,0.325,0.32499999999999996,0.20000000000000004
extended73|P1|manual|x8F5xyUWy9e_a51a0e2811f342a599ae4cdb9b84ff23,P1|0|x8F5xyUWy9e_a51a0e2811f342a599ae4cdb9b84ff23|manual,x8F5xyUWy9e_a51a0e2811f342a599ae4cdb9b84ff23,P1,manual,x8F5xyUWy9e,True,current20,2,20,0.28859649122807024,0.17631578947368423,0.27368421052631586
extended73|P1|manual|x8F5xyUWy9e_a51a0e2811f342a599ae4cdb9b84ff23,P1|0|x8F5xyUWy9e_a51a0e2811f342a599ae4cdb9b84ff23|manual,x8F5xyUWy9e_a51a0e2811f342a599ae4cdb9b84ff23,P1,manual,x8F5xyUWy9e,True,current20,3,20,0.25687134502923975,0.1445906432748538,0.319298245614035
extended73|P1|manual|x8F5xyUWy9e_a51a0e2811f342a599ae4cdb9b84ff23,P1|0|x8F5xyUWy9e_a51a0e2811f342a599ae4cdb9b84ff23|manual,x8F5xyUWy9e_a51a0e2811f342a599ae4cdb9b84ff23,P1,manual,x8F5xyUWy9e,True,current20,4,20,0.22927416580667356,0.13350533195734432,0.35995872033023735
extended73|P1|manual|x8F5xyUWy9e_a51a0e2811f342a599ae4cdb9b84ff23,P1|0|x8F5xyUWy9e_a51a0e2811f342a599ae4cdb9b84ff23|manual,x8F5xyUWy9e_a51a0e2811f342a599ae4cdb9b84ff23,P1,manual,x8F5xyUWy9e,True,current20,5,20,0.2052889576883385,0.125,0.4
extended73|P1|manual|x8F5xyUWy9e_a51a0e2811f342a599ae4cdb9b84ff23,P1|0|x8F5xyUWy9e_a51a0e2811f342a599ae4cdb9b84ff23|manual,x8F5xyUWy9e_a51a0e2811f342a599ae4cdb9b84ff23,P1,manual,x8F5xyUWy9e,True,current20,6,20,0.18443412452700378,0.11666666666666665,0.44000000000000006
extended73|P1|manual|x8F5xyUWy9e_a51a0e2811f342a599ae4cdb9b84ff23,P1|0|x8F5xyUWy9e_a51a0e2811f342a599ae4cdb9b84ff23|manual,x8F5xyUWy9e_a51a0e2811f342a599ae4cdb9b84ff23,P1,manual,x8F5xyUWy9e,True,current20,7,20,0.17610079119367045,0.10833333333333334,0.4800000000000001
extended73|P1|manual|x8F5xyUWy9e_a51a0e2811f342a599ae4cdb9b84ff23,P1|0|x8F5xyUWy9e_a51a0e2811f342a599ae4cdb9b84ff23|manual,x8F5xyUWy9e_a51a0e2811f342a599ae4cdb9b84ff23,P1,manual,x8F5xyUWy9e,True,current20,8,20,0.16549707602339184,0.09999999999999999,0.5199999999999999
extended73|P1|manual|x8F5xyUWy9e_a51a0e2811f342a599ae4cdb9b84ff23,P1|0|x8F5xyUWy9e_a51a0e2811f342a599ae4cdb9b84ff23|manual,x8F5xyUWy9e_a51a0e2811f342a599ae4cdb9b84ff23,P1,manual,x8F5xyUWy9e,True,current20,9,20,0.15337977296181632,0.09166666666666667,0.5599999999999999
extended73|P1|manual|x8F5xyUWy9e_a51a0e2811f342a599ae4cdb9b84ff23,P1|0|x8F5xyUWy9e_a51a0e2811f342a599ae4cdb9b84ff23|manual,x8F5xyUWy9e_a51a0e2811f342a599ae4cdb9b84ff23,P1,manual,x8F5xyUWy9e,True,current20,10,20,0.14040247678018575,0.08333333333333333,0.6
extended73|P1|manual|x8F5xyUWy9e_a51a0e2811f342a599ae4cdb9b84ff23,P1|0|x8F5xyUWy9e_a51a0e2811f342a599ae4cdb9b84ff23|manual,x8F5xyUWy9e_a51a0e2811f342a599ae4cdb9b84ff23,P1,manual,x8F5xyUWy9e,True,current20,11,20,0.1271155830753354,0.075,0.64
extended73|P1|manual|x8F5xyUWy9e_a51a0e2811f342a599ae4cdb9b84ff23,P1|0|x8F5xyUWy9e_a51a0e2811f342a599ae4cdb9b84ff23|manual,x8F5xyUWy9e_a51a0e2811f342a599ae4cdb9b84ff23,P1,manual,x8F5xyUWy9e,True,current20,12,20,0.11396628826969384,0.06666666666666667,0.68
extended73|P1|manual|x8F5xyUWy9e_a51a0e2811f342a599ae4cdb9b84ff23,P1|0|x8F5xyUWy9e_a51a0e2811f342a599ae4cdb9b84ff23|manual,x8F5xyUWy9e_a51a0e2811f342a599ae4cdb9b84ff23,P1,manual,x8F5xyUWy9e,True,current20,13,20,0.10563295493636052,0.05833333333333333,0.72
extended73|P1|manual|x8F5xyUWy9e_a51a0e2811f342a599ae4cdb9b84ff23,P1|0|x8F5xyUWy9e_a51a0e2811f342a599ae4cdb9b84ff23|manual,x8F5xyUWy9e_a51a0e2811f342a599ae4cdb9b84ff23,P1,manual,x8F5xyUWy9e,True,current20,14,20,0.09606123151014791,0.049999999999999996,0.76
extended73|P1|manual|x8F5xyUWy9e_a51a0e2811f342a599ae4cdb9b84ff23,P1|0|x8F5xyUWy9e_a51a0e2811f342a599ae4cdb9b84ff23|manual,x8F5xyUWy9e_a51a0e2811f342a599ae4cdb9b84ff23,P1,manual,x8F5xyUWy9e,True,current20,15,20,0.0854919160646715,0.041666666666666664,0.8
extended73|P1|manual|x8F5xyUWy9e_a51a0e2811f342a599ae4cdb9b84ff23,P1|0|x8F5xyUWy9e_a51a0e2811f342a599ae4cdb9b84ff23|manual,x8F5xyUWy9e_a51a0e2811f342a599ae4cdb9b84ff23,P1,manual,x8F5xyUWy9e,True,current20,16,20,0.07426900584795322,0.03333333333333333,0.8400000000000001
extended73|P1|manual|x8F5xyUWy9e_a51a0e2811f342a599ae4cdb9b84ff23,P1|0|x8F5xyUWy9e_a51a0e2811f342a599ae4cdb9b84ff23|manual,x8F5xyUWy9e_a51a0e2811f342a599ae4cdb9b84ff23,P1,manual,x8F5xyUWy9e,True,current20,17,20,0.06283969728242177,0.024999999999999998,0.8800000000000001
extended73|P1|manual|x8F5xyUWy9e_a51a0e2811f342a599ae4cdb9b84ff23,P1|0|x8F5xyUWy9e_a51a0e2811f342a599ae4cdb9b84ff23|manual,x8F5xyUWy9e_a51a0e2811f342a599ae4cdb9b84ff23,P1,manual,x8F5xyUWy9e,True,current20,18,20,0.05175438596491228,0.016666666666666666,0.9199999999999999
extended73|P1|manual|x8F5xyUWy9e_a51a0e2811f342a599ae4cdb9b84ff23,P1|0|x8F5xyUWy9e_a51a0e2811f342a599ae4cdb9b84ff23|manual,x8F5xyUWy9e_a51a0e2811f342a599ae4cdb9b84ff23,P1,manual,x8F5xyUWy9e,True,current20,19,20,0.043421052631578944,0.008333333333333333,0.96
extended73|P1|manual|x8F5xyUWy9e_a51a0e2811f342a599ae4cdb9b84ff23,P1|0|x8F5xyUWy9e_a51a0e2811f342a599ae4cdb9b84ff23|manual,x8F5xyUWy9e_a51a0e2811f342a599ae4cdb9b84ff23,P1,manual,x8F5xyUWy9e,True,current20,20,20,0.03333333333333334,0.0,1.0
extended73|P1|manual|yqstnuAEVhm_a93ea1ea5702412c9ef9c82a436c4599,P1|0|yqstnuAEVhm_a93ea1ea5702412c9ef9c82a436c4599|manual,yqstnuAEVhm_a93ea1ea5702412c9ef9c82a436c4599,P1,manual,yqstnuAEVhm,True,all_archived,1,25,0.07680000000000001,0.0768,0.5
extended73|P1|manual|yqstnuAEVhm_a93ea1ea5702412c9ef9c82a436c4599,P1|0|yqstnuAEVhm_a93ea1ea5702412c9ef9c82a436c4599|manual,yqstnuAEVhm_a93ea1ea5702412c9ef9c82a436c4599,P1,manual,yqstnuAEVhm,True,all_archived,2,25,0.07360000000000001,0.0368,0.54
extended73|P1|manual|yqstnuAEVhm_a93ea1ea5702412c9ef9c82a436c4599,P1|0|yqstnuAEVhm_a93ea1ea5702412c9ef9c82a436c4599|manual,yqstnuAEVhm_a93ea1ea5702412c9ef9c82a436c4599,P1,manual,yqstnuAEVhm,True,all_archived,3,25,0.07040000000000002,0.0352,0.56
extended73|P1|manual|yqstnuAEVhm_a93ea1ea5702412c9ef9c82a436c4599,P1|0|yqstnuAEVhm_a93ea1ea5702412c9ef9c82a436c4599|manual,yqstnuAEVhm_a93ea1ea5702412c9ef9c82a436c4599,P1,manual,yqstnuAEVhm,True,all_archived,4,25,0.06720000000000001,0.0336,0.5800000000000001
extended73|P1|manual|yqstnuAEVhm_a93ea1ea5702412c9ef9c82a436c4599,P1|0|yqstnuAEVhm_a93ea1ea5702412c9ef9c82a436c4599|manual,yqstnuAEVhm_a93ea1ea5702412c9ef9c82a436c4599,P1,manual,yqstnuAEVhm,True,all_archived,5,25,0.064,0.032,0.6
extended73|P1|manual|yqstnuAEVhm_a93ea1ea5702412c9ef9c82a436c4599,P1|0|yqstnuAEVhm_a93ea1ea5702412c9ef9c82a436c4599|manual,yqstnuAEVhm_a93ea1ea5702412c9ef9c82a436c4599,P1,manual,yqstnuAEVhm,True,all_archived,6,25,0.0608,0.0304,0.62
extended73|P1|manual|yqstnuAEVhm_a93ea1ea5702412c9ef9c82a436c4599,P1|0|yqstnuAEVhm_a93ea1ea5702412c9ef9c82a436c4599|manual,yqstnuAEVhm_a93ea1ea5702412c9ef9c82a436c4599,P1,manual,yqstnuAEVhm,True,all_archived,7,25,0.05760000000000001,0.0288,0.64
extended73|P1|manual|yqstnuAEVhm_a93ea1ea5702412c9ef9c82a436c4599,P1|0|yqstnuAEVhm_a93ea1ea5702412c9ef9c82a436c4599|manual,yqstnuAEVhm_a93ea1ea5702412c9ef9c82a436c4599,P1,manual,yqstnuAEVhm,True,all_archived,8,25,0.05440000000000001,0.027200000000000002,0.6599999999999999
extended73|P1|manual|yqstnuAEVhm_a93ea1ea5702412c9ef9c82a436c4599,P1|0|yqstnuAEVhm_a93ea1ea5702412c9ef9c82a436c4599|manual,yqstnuAEVhm_a93ea1ea5702412c9ef9c82a436c4599,P1,manual,yqstnuAEVhm,True,all_archived,9,25,0.05120000000000001,0.0256,0.6799999999999999
extended73|P1|manual|yqstnuAEVhm_a93ea1ea5702412c9ef9c82a436c4599,P1|0|yqstnuAEVhm_a93ea1ea5702412c9ef9c82a436c4599|manual,yqstnuAEVhm_a93ea1ea5702412c9ef9c82a436c4599,P1,manual,yqstnuAEVhm,True,all_archived,10,25,0.048,0.024,0.7
extended73|P1|manual|yqstnuAEVhm_a93ea1ea5702412c9ef9c82a436c4599,P1|0|yqstnuAEVhm_a93ea1ea5702412c9ef9c82a436c4599|manual,yqstnuAEVhm_a93ea1ea5702412c9ef9c82a436c4599,P1,manual,yqstnuAEVhm,True,all_archived,11,25,0.04480000000000001,0.022400000000000003,0.72
extended73|P1|manual|yqstnuAEVhm_a93ea1ea5702412c9ef9c82a436c4599,P1|0|yqstnuAEVhm_a93ea1ea5702412c9ef9c82a436c4599|manual,yqstnuAEVhm_a93ea1ea5702412c9ef9c82a436c4599,P1,manual,yqstnuAEVhm,True,all_archived,12,25,0.04160000000000001,0.020800000000000003,0.74
extended73|P1|manual|yqstnuAEVhm_a93ea1ea5702412c9ef9c82a436c4599,P1|0|yqstnuAEVhm_a93ea1ea5702412c9ef9c82a436c4599|manual,yqstnuAEVhm_a93ea1ea5702412c9ef9c82a436c4599,P1,manual,yqstnuAEVhm,True,all_archived,13,25,0.03839999999999999,0.0192,0.76
extended73|P1|manual|yqstnuAEVhm_a93ea1ea5702412c9ef9c82a436c4599,P1|0|yqstnuAEVhm_a93ea1ea5702412c9ef9c82a436c4599|manual,yqstnuAEVhm_a93ea1ea5702412c9ef9c82a436c4599,P1,manual,yqstnuAEVhm,True,all_archived,14,25,0.03519999999999999,0.0176,0.78
extended73|P1|manual|yqstnuAEVhm_a93ea1ea5702412c9ef9c82a436c4599,P1|0|yqstnuAEVhm_a93ea1ea5702412c9ef9c82a436c4599|manual,yqstnuAEVhm_a93ea1ea5702412c9ef9c82a436c4599,P1,manual,yqstnuAEVhm,True,all_archived,15,25,0.031999999999999994,0.016,0.8
extended73|P1|manual|yqstnuAEVhm_a93ea1ea5702412c9ef9c82a436c4599,P1|0|yqstnuAEVhm_a93ea1ea5702412c9ef9c82a436c4599|manual,yqstnuAEVhm_a93ea1ea5702412c9ef9c82a436c4599,P1,manual,yqstnuAEVhm,True,all_archived,16,25,0.028799999999999992,0.0144,0.8200000000000001
extended73|P1|manual|yqstnuAEVhm_a93ea1ea5702412c9ef9c82a436c4599,P1|0|yqstnuAEVhm_a93ea1ea5702412c9ef9c82a436c4599|manual,yqstnuAEVhm_a93ea1ea5702412c9ef9c82a436c4599,P1,manual,yqstnuAEVhm,True,all_archived,17,25,0.025599999999999998,0.0128,0.84
extended73|P1|manual|yqstnuAEVhm_a93ea1ea5702412c9ef9c82a436c4599,P1|0|yqstnuAEVhm_a93ea1ea5702412c9ef9c82a436c4599|manual,yqstnuAEVhm_a93ea1ea5702412c9ef9c82a436c4599,P1,manual,yqstnuAEVhm,True,all_archived,18,25,0.0224,0.011200000000000002,0.86
extended73|P1|manual|yqstnuAEVhm_a93ea1ea5702412c9ef9c82a436c4599,P1|0|yqstnuAEVhm_a93ea1ea5702412c9ef9c82a436c4599|manual,yqstnuAEVhm_a93ea1ea5702412c9ef9c82a436c4599,P1,manual,yqstnuAEVhm,True,all_archived,19,25,0.01920000000000001,0.0096,0.88
extended73|P1|manual|yqstnuAEVhm_a93ea1ea5702412c9ef9c82a436c4599,P1|0|yqstnuAEVhm_a93ea1ea5702412c9ef9c82a436c4599|manual,yqstnuAEVhm_a93ea1ea5702412c9ef9c82a436c4599,P1,manual,yqstnuAEVhm,True,all_archived,20,25,0.016000000000000007,0.008,0.9
extended73|P1|manual|yqstnuAEVhm_a93ea1ea5702412c9ef9c82a436c4599,P1|0|yqstnuAEVhm_a93ea1ea5702412c9ef9c82a436c4599|manual,yqstnuAEVhm_a93ea1ea5702412c9ef9c82a436c4599,P1,manual,yqstnuAEVhm,True,current20,1,20,0.04000000000000002,0.04,0.5
extended73|P1|manual|yqstnuAEVhm_a93ea1ea5702412c9ef9c82a436c4599,P1|0|yqstnuAEVhm_a93ea1ea5702412c9ef9c82a436c4599|manual,yqstnuAEVhm_a93ea1ea5702412c9ef9c82a436c4599,P1,manual,yqstnuAEVhm,True,current20,2,20,0.04000000000000002,0.04,0.5
extended73|P1|manual|yqstnuAEVhm_a93ea1ea5702412c9ef9c82a436c4599,P1|0|yqstnuAEVhm_a93ea1ea5702412c9ef9c82a436c4599|manual,yqstnuAEVhm_a93ea1ea5702412c9ef9c82a436c4599,P1,manual,yqstnuAEVhm,True,current20,3,20,0.04000000000000002,0.04,0.5
extended73|P1|manual|yqstnuAEVhm_a93ea1ea5702412c9ef9c82a436c4599,P1|0|yqstnuAEVhm_a93ea1ea5702412c9ef9c82a436c4599|manual,yqstnuAEVhm_a93ea1ea5702412c9ef9c82a436c4599,P1,manual,yqstnuAEVhm,True,current20,4,20,0.04000000000000002,0.04,0.5
extended73|P1|manual|yqstnuAEVhm_a93ea1ea5702412c9ef9c82a436c4599,P1|0|yqstnuAEVhm_a93ea1ea5702412c9ef9c82a436c4599|manual,yqstnuAEVhm_a93ea1ea5702412c9ef9c82a436c4599,P1,manual,yqstnuAEVhm,True,current20,5,20,0.04000000000000002,0.04,0.5
extended73|P1|manual|yqstnuAEVhm_a93ea1ea5702412c9ef9c82a436c4599,P1|0|yqstnuAEVhm_a93ea1ea5702412c9ef9c82a436c4599|manual,yqstnuAEVhm_a93ea1ea5702412c9ef9c82a436c4599,P1,manual,yqstnuAEVhm,True,current20,6,20,0.04000000000000002,0.04,0.5
extended73|P1|manual|yqstnuAEVhm_a93ea1ea5702412c9ef9c82a436c4599,P1|0|yqstnuAEVhm_a93ea1ea5702412c9ef9c82a436c4599|manual,yqstnuAEVhm_a93ea1ea5702412c9ef9c82a436c4599,P1,manual,yqstnuAEVhm,True,current20,7,20,0.04000000000000002,0.04,0.5
extended73|P1|manual|yqstnuAEVhm_a93ea1ea5702412c9ef9c82a436c4599,P1|0|yqstnuAEVhm_a93ea1ea5702412c9ef9c82a436c4599|manual,yqstnuAEVhm_a93ea1ea5702412c9ef9c82a436c4599,P1,manual,yqstnuAEVhm,True,current20,8,20,0.04000000000000002,0.04,0.5
extended73|P1|manual|yqstnuAEVhm_a93ea1ea5702412c9ef9c82a436c4599,P1|0|yqstnuAEVhm_a93ea1ea5702412c9ef9c82a436c4599|manual,yqstnuAEVhm_a93ea1ea5702412c9ef9c82a436c4599,P1,manual,yqstnuAEVhm,True,current20,9,20,0.04000000000000002,0.04,0.5
extended73|P1|manual|yqstnuAEVhm_a93ea1ea5702412c9ef9c82a436c4599,P1|0|yqstnuAEVhm_a93ea1ea5702412c9ef9c82a436c4599|manual,yqstnuAEVhm_a93ea1ea5702412c9ef9c82a436c4599,P1,manual,yqstnuAEVhm,True,current20,10,20,0.04000000000000002,0.04,0.5
extended73|P1|manual|yqstnuAEVhm_a93ea1ea5702412c9ef9c82a436c4599,P1|0|yqstnuAEVhm_a93ea1ea5702412c9ef9c82a436c4599|manual,yqstnuAEVhm_a93ea1ea5702412c9ef9c82a436c4599,P1,manual,yqstnuAEVhm,True,current20,11,20,0.04000000000000002,0.04,0.5
extended73|P1|manual|yqstnuAEVhm_a93ea1ea5702412c9ef9c82a436c4599,P1|0|yqstnuAEVhm_a93ea1ea5702412c9ef9c82a436c4599|manual,yqstnuAEVhm_a93ea1ea5702412c9ef9c82a436c4599,P1,manual,yqstnuAEVhm,True,current20,12,20,0.04000000000000002,0.04,0.5
extended73|P1|manual|yqstnuAEVhm_a93ea1ea5702412c9ef9c82a436c4599,P1|0|yqstnuAEVhm_a93ea1ea5702412c9ef9c82a436c4599|manual,yqstnuAEVhm_a93ea1ea5702412c9ef9c82a436c4599,P1,manual,yqstnuAEVhm,True,current20,13,20,0.04000000000000002,0.04,0.5
extended73|P1|manual|yqstnuAEVhm_a93ea1ea5702412c9ef9c82a436c4599,P1|0|yqstnuAEVhm_a93ea1ea5702412c9ef9c82a436c4599|manual,yqstnuAEVhm_a93ea1ea5702412c9ef9c82a436c4599,P1,manual,yqstnuAEVhm,True,current20,14,20,0.04000000000000002,0.04,0.5
extended73|P1|manual|yqstnuAEVhm_a93ea1ea5702412c9ef9c82a436c4599,P1|0|yqstnuAEVhm_a93ea1ea5702412c9ef9c82a436c4599|manual,yqstnuAEVhm_a93ea1ea5702412c9ef9c82a436c4599,P1,manual,yqstnuAEVhm,True,current20,15,20,0.04000000000000002,0.04,0.5
extended73|P1|manual|yqstnuAEVhm_a93ea1ea5702412c9ef9c82a436c4599,P1|0|yqstnuAEVhm_a93ea1ea5702412c9ef9c82a436c4599|manual,yqstnuAEVhm_a93ea1ea5702412c9ef9c82a436c4599,P1,manual,yqstnuAEVhm,True,current20,16,20,0.04000000000000002,0.04,0.5
extended73|P1|manual|yqstnuAEVhm_a93ea1ea5702412c9ef9c82a436c4599,P1|0|yqstnuAEVhm_a93ea1ea5702412c9ef9c82a436c4599|manual,yqstnuAEVhm_a93ea1ea5702412c9ef9c82a436c4599,P1,manual,yqstnuAEVhm,True,current20,17,20,0.04000000000000002,0.04,0.5
extended73|P1|manual|yqstnuAEVhm_a93ea1ea5702412c9ef9c82a436c4599,P1|0|yqstnuAEVhm_a93ea1ea5702412c9ef9c82a436c4599|manual,yqstnuAEVhm_a93ea1ea5702412c9ef9c82a436c4599,P1,manual,yqstnuAEVhm,True,current20,18,20,0.04000000000000002,0.04,0.5
extended73|P1|manual|yqstnuAEVhm_a93ea1ea5702412c9ef9c82a436c4599,P1|0|yqstnuAEVhm_a93ea1ea5702412c9ef9c82a436c4599|manual,yqstnuAEVhm_a93ea1ea5702412c9ef9c82a436c4599,P1,manual,yqstnuAEVhm,True,current20,19,20,0.04000000000000002,0.04,0.5
extended73|P1|manual|yqstnuAEVhm_a93ea1ea5702412c9ef9c82a436c4599,P1|0|yqstnuAEVhm_a93ea1ea5702412c9ef9c82a436c4599|manual,yqstnuAEVhm_a93ea1ea5702412c9ef9c82a436c4599,P1,manual,yqstnuAEVhm,True,current20,20,20,0.04000000000000002,0.04,0.5
extended73|P1|manual|yqstnuAEVhm_e3face7b2196414d95ed97151aa13058,P1|0|yqstnuAEVhm_e3face7b2196414d95ed97151aa13058|manual,yqstnuAEVhm_e3face7b2196414d95ed97151aa13058,P1,manual,yqstnuAEVhm,False,all_archived,1,24,0.8229166666666667,0.8229166666666667,0.09999999999999999
extended73|P1|manual|yqstnuAEVhm_e3face7b2196414d95ed97151aa13058,P1|0|yqstnuAEVhm_e3face7b2196414d95ed97151aa13058|manual,yqstnuAEVhm_e3face7b2196414d95ed97151aa13058,P1,manual,yqstnuAEVhm,False,all_archived,2,24,0.6852355072463767,0.6852355072463767,0.1858695652173914
extended73|P1|manual|yqstnuAEVhm_e3face7b2196414d95ed97151aa13058,P1|0|yqstnuAEVhm_e3face7b2196414d95ed97151aa13058|manual,yqstnuAEVhm_e3face7b2196414d95ed97151aa13058,P1,manual,yqstnuAEVhm,False,all_archived,3,24,0.577342720685112,0.577342720685112,0.2606225296442688
extended73|P1|manual|yqstnuAEVhm_e3face7b2196414d95ed97151aa13058,P1|0|yqstnuAEVhm_e3face7b2196414d95ed97151aa13058|manual,yqstnuAEVhm_e3face7b2196414d95ed97151aa13058,P1,manual,yqstnuAEVhm,False,all_archived,4,24,0.5269700106656627,0.4918360624882363,0.3266045548654244
extended73|P1|manual|yqstnuAEVhm_e3face7b2196414d95ed97151aa13058,P1|0|yqstnuAEVhm_e3face7b2196414d95ed97151aa13058|manual,yqstnuAEVhm_e3face7b2196414d95ed97151aa13058,P1,manual,yqstnuAEVhm,False,all_archived,5,24,0.46875980299893344,0.42308567036827904,0.3856248823640129
extended73|P1|manual|yqstnuAEVhm_e3face7b2196414d95ed97151aa13058,P1|0|yqstnuAEVhm_e3face7b2196414d95ed97151aa13058|manual,yqstnuAEVhm_e3face7b2196414d95ed97151aa13058,P1,manual,yqstnuAEVhm,False,all_archived,6,24,0.4101344641247387,0.3668642332114872,0.4390672828315848
extended73|P1|manual|yqstnuAEVhm_e3face7b2196414d95ed97151aa13058,P1|0|yqstnuAEVhm_e3face7b2196414d95ed97151aa13058|manual,yqstnuAEVhm_e3face7b2196414d95ed97151aa13058,P1,manual,yqstnuAEVhm,False,all_archived,7,24,0.38278899859992543,0.3200387985499542,0.48798251392645
extended73|P1|manual|yqstnuAEVhm_e3face7b2196414d95ed97151aa13058,P1|0|yqstnuAEVhm_e3face7b2196414d95ed97151aa13058|manual,yqstnuAEVhm_e3face7b2196414d95ed97151aa13058,P1,manual,yqstnuAEVhm,False,all_archived,8,24,0.34921431300486355,0.2803169669504304,0.5331644619570315
extended73|P1|manual|yqstnuAEVhm_e3face7b2196414d95ed97151aa13058,P1|0|yqstnuAEVhm_e3face7b2196414d95ed97151aa13058|manual,yqstnuAEVhm_e3face7b2196414d95ed97151aa13058,P1,manual,yqstnuAEVhm,False,all_archived,9,24,0.3186547506631805,0.24604067495523274,0.5752120069995962
extended73|P1|manual|yqstnuAEVhm_e3face7b2196414d95ed97151aa13058,P1|0|yqstnuAEVhm_e3face7b2196414d95ed97151aa13058|manual,yqstnuAEVhm_e3face7b2196414d95ed97151aa13058,P1,manual,yqstnuAEVhm,False,all_archived,10,24,0.2963735143873791,0.2160212214349716,0.6145785149924335
extended73|P1|manual|yqstnuAEVhm_e3face7b2196414d95ed97151aa13058,P1|0|yqstnuAEVhm_e3face7b2196414d95ed97151aa13058|manual,yqstnuAEVhm_e3face7b2196414d95ed97151aa13058,P1,manual,yqstnuAEVhm,False,all_archived,11,24,0.26945466445020555,0.18940964543712221,0.6516107243812856
extended73|P1|manual|yqstnuAEVhm_e3face7b2196414d95ed97151aa13058,P1|0|yqstnuAEVhm_e3face7b2196414d95ed97151aa13058|manual,yqstnuAEVhm_e3face7b2196414d95ed97151aa13058,P1,manual,yqstnuAEVhm,False,all_archived,12,24,0.2393980475485389,0.16559701683877212,0.6865786589235237
extended73|P1|manual|yqstnuAEVhm_e3face7b2196414d95ed97151aa13058,P1|0|yqstnuAEVhm_e3face7b2196414d95ed97151aa13058|manual,yqstnuAEVhm_e3face7b2196414d95ed97151aa13058,P1,manual,yqstnuAEVhm,False,all_archived,13,24,0.22800010068863547,0.14413965433618145,0.7196980622912782
extended73|P1|manual|yqstnuAEVhm_e3face7b2196414d95ed97151aa13058,P1|0|yqstnuAEVhm_e3face7b2196414d95ed97151aa13058|manual,yqstnuAEVhm_e3face7b2196414d95ed97151aa13058,P1,manual,yqstnuAEVhm,False,all_archived,14,24,0.21169536741955639,0.12470473852809966,0.7511467141464448
extended73|P1|manual|yqstnuAEVhm_e3face7b2196414d95ed97151aa13058,P1|0|yqstnuAEVhm_e3face7b2196414d95ed97151aa13058|manual,yqstnuAEVhm_e3face7b2196414d95ed97151aa13058,P1,manual,yqstnuAEVhm,False,all_archived,15,24,0.1911928503979083,0.10703224107408721,0.7810758513931889
extended73|P1|manual|yqstnuAEVhm_e3face7b2196414d95ed97151aa13058,P1|0|yqstnuAEVhm_e3face7b2196414d95ed97151aa13058|manual,yqstnuAEVhm_e3face7b2196414d95ed97151aa13058,P1,manual,yqstnuAEVhm,False,all_archived,16,24,0.17460715650243178,0.09090954413339661,0.8096177823462789
extended73|P1|manual|yqstnuAEVhm_e3face7b2196414d95ed97151aa13058,P1|0|yqstnuAEVhm_e3face7b2196414d95ed97151aa13058|manual,yqstnuAEVhm_e3face7b2196414d95ed97151aa13058,P1,manual,yqstnuAEVhm,False,all_archived,17,24,0.15761899942349872,0.07615557751427317,0.8368906455862977
extended73|P1|manual|yqstnuAEVhm_e3face7b2196414d95ed97151aa13058,P1|0|yqstnuAEVhm_e3face7b2196414d95ed97151aa13058|manual,yqstnuAEVhm_e3face7b2196414d95ed97151aa13058,P1,manual,yqstnuAEVhm,False,all_archived,18,24,0.13671148804157957,0.06261175418784114,0.8630011293054771
extended73|P1|manual|yqstnuAEVhm_e3face7b2196414d95ed97151aa13058,P1|0|yqstnuAEVhm_e3face7b2196414d95ed97151aa13058|manual,yqstnuAEVhm_e3face7b2196414d95ed97151aa13058,P1,manual,yqstnuAEVhm,False,all_archived,19,24,0.12335784289445614,0.05013743804504674,0.8880458309806135
extended73|P1|manual|yqstnuAEVhm_e3face7b2196414d95ed97151aa13058,P1|0|yqstnuAEVhm_e3face7b2196414d95ed97151aa13058|manual,yqstnuAEVhm_e3face7b2196414d95ed97151aa13058,P1,manual,yqstnuAEVhm,False,all_archived,20,24,0.10539400213313257,0.038608130999435344,0.9121118012422361
extended73|P1|manual|yqstnuAEVhm_e3face7b2196414d95ed97151aa13058,P1|0|yqstnuAEVhm_e3face7b2196414d95ed97151aa13058|manual,yqstnuAEVhm_e3face7b2196414d95ed97151aa13058,P1,manual,yqstnuAEVhm,False,current20,1,19,0.8114035087719298,0.8114035087719298,0.10000000000000005
extended73|P1|manual|yqstnuAEVhm_e3face7b2196414d95ed97151aa13058,P1|0|yqstnuAEVhm_e3face7b2196414d95ed97151aa13058|manual,yqstnuAEVhm_e3face7b2196414d95ed97151aa13058,P1,manual,yqstnuAEVhm,False,current20,2,19,0.6703216374269007,0.6703216374269003,0.18362573099415197
extended73|P1|manual|yqstnuAEVhm_e3face7b2196414d95ed97151aa13058,P1|0|yqstnuAEVhm_e3face7b2196414d95ed97151aa13058|manual,yqstnuAEVhm_e3face7b2196414d95ed97151aa13058,P1,manual,yqstnuAEVhm,False,current20,3,19,0.5640264877880977,0.5640264877880977,0.25490196078431376
extended73|P1|manual|yqstnuAEVhm_e3face7b2196414d95ed97151aa13058,P1|0|yqstnuAEVhm_e3face7b2196414d95ed97151aa13058|manual,yqstnuAEVhm_e3face7b2196414d95ed97151aa13058,P1,manual,yqstnuAEVhm,False,current20,4,19,0.5159528723770209,0.4828431372549019,0.31692466460268304
extended73|P1|manual|yqstnuAEVhm_e3face7b2196414d95ed97151aa13058,P1|0|yqstnuAEVhm_e3face7b2196414d95ed97151aa13058|manual,yqstnuAEVhm_e3face7b2196414d95ed97151aa13058,P1,manual,yqstnuAEVhm,False,current20,5,19,0.4592793257653939,0.419547643618851,0.37204162366701066
extended73|P1|manual|yqstnuAEVhm_e3face7b2196414d95ed97151aa13058,P1|0|yqstnuAEVhm_e3face7b2196414d95ed97151aa13058|manual,yqstnuAEVhm_e3face7b2196414d95ed97151aa13058,P1,manual,yqstnuAEVhm,False,current20,6,19,0.402906776745786,0.36885104919160644,0.42200722394220846
extended73|P1|manual|yqstnuAEVhm_e3face7b2196414d95ed97151aa13058,P1|0|yqstnuAEVhm_e3face7b2196414d95ed97151aa13058|manual,yqstnuAEVhm_e3face7b2196414d95ed97151aa13058,P1,manual,yqstnuAEVhm,False,current20,7,19,0.37659098727210183,0.3269627689132333,0.4681134397078669
extended73|P1|manual|yqstnuAEVhm_e3face7b2196414d95ed97151aa13058,P1|0|yqstnuAEVhm_e3face7b2196414d95ed97151aa13058|manual,yqstnuAEVhm_e3face7b2196414d95ed97151aa13058,P1,manual,yqstnuAEVhm,False,current20,8,19,0.34209203249450926,0.29122674710910007,0.5112989865311846
extended73|P1|manual|yqstnuAEVhm_e3face7b2196414d95ed97151aa13058,P1|0|yqstnuAEVhm_e3face7b2196414d95ed97151aa13058|manual,yqstnuAEVhm_e3face7b2196414d95ed97151aa13058,P1,manual,yqstnuAEVhm,False,current20,9,19,0.31095366621682413,0.2598237675637056,0.5522386282448203
extended73|P1|manual|yqstnuAEVhm_e3face7b2196414d95ed97151aa13058,P1|0|yqstnuAEVhm_e3face7b2196414d95ed97151aa13058|manual,yqstnuAEVhm_e3face7b2196414d95ed97151aa13058,P1,manual,yqstnuAEVhm,False,current20,10,19,0.2880348495673573,0.2315333015797412,0.5914146225291735
extended73|P1|manual|yqstnuAEVhm_e3face7b2196414d95ed97151aa13058,P1|0|yqstnuAEVhm_e3face7b2196414d95ed97151aa13058|manual,yqstnuAEVhm_e3face7b2196414d95ed97151aa13058,P1,manual,yqstnuAEVhm,False,current20,11,19,0.25976753724431745,0.20554827869069353,0.6291722896986055
extended73|P1|manual|yqstnuAEVhm_e3face7b2196414d95ed97151aa13058,P1|0|yqstnuAEVhm_e3face7b2196414d95ed97151aa13058|manual,yqstnuAEVhm_e3face7b2196414d95ed97151aa13058,P1,manual,yqstnuAEVhm,False,current20,12,19,0.22856963298139774,0.18133616469529779,0.6657616892911011
extended73|P1|manual|yqstnuAEVhm_e3face7b2196414d95ed97151aa13058,P1|0|yqstnuAEVhm_e3face7b2196414d95ed97151aa13058|manual,yqstnuAEVhm_e3face7b2196414d95ed97151aa13058,P1,manual,yqstnuAEVhm,False,current20,13,19,0.21687372654864914,0.15853973168214652,0.7013673890608875
extended73|P1|manual|yqstnuAEVhm_e3face7b2196414d95ed97151aa13058,P1|0|yqstnuAEVhm_e3face7b2196414d95ed97151aa13058|manual,yqstnuAEVhm_e3face7b2196414d95ed97151aa13058,P1,manual,yqstnuAEVhm,False,current20,14,19,0.19951840385276914,0.1369109047127623,0.7361283109735121
extended73|P1|manual|yqstnuAEVhm_e3face7b2196414d95ed97151aa13058,P1|0|yqstnuAEVhm_e3face7b2196414d95ed97151aa13058|manual,yqstnuAEVhm_e3face7b2196414d95ed97151aa13058,P1,manual,yqstnuAEVhm,False,current20,15,19,0.1784485724114207,0.11627106983144134,0.7701496388028897
extended73|P1|manual|yqstnuAEVhm_e3face7b2196414d95ed97151aa13058,P1|0|yqstnuAEVhm_e3face7b2196414d95ed97151aa13058|manual,yqstnuAEVhm_e3face7b2196414d95ed97151aa13058,P1,manual,yqstnuAEVhm,False,current20,16,19,0.16185070519435846,0.09649122807017543,0.8035087719298245
extended73|P1|manual|yqstnuAEVhm_e3face7b2196414d95ed97151aa13058,P1|0|yqstnuAEVhm_e3face7b2196414d95ed97151aa13058|manual,yqstnuAEVhm_e3face7b2196414d95ed97151aa13058,P1,manual,yqstnuAEVhm,False,current20,17,19,0.14688682490540075,0.07748538011695906,0.8362573099415205
extended73|P1|manual|yqstnuAEVhm_e3face7b2196414d95ed97151aa13058,P1|0|yqstnuAEVhm_e3face7b2196414d95ed97151aa13058|manual,yqstnuAEVhm_e3face7b2196414d95ed97151aa13058,P1,manual,yqstnuAEVhm,False,current20,18,19,0.13157894736842105,0.05921052631578947,0.8684210526315791
extended73|P1|manual|yqstnuAEVhm_e3face7b2196414d95ed97151aa13058,P1|0|yqstnuAEVhm_e3face7b2196414d95ed97151aa13058|manual,yqstnuAEVhm_e3face7b2196414d95ed97151aa13058,P1,manual,yqstnuAEVhm,False,current20,19,19,0.12280701754385964,0.041666666666666664,0.9
extended73|P1|manual|yqstnuAEVhm_e650c19e3eb34cc0b98374e5a23d1f65,P1|0|yqstnuAEVhm_e650c19e3eb34cc0b98374e5a23d1f65|manual,yqstnuAEVhm_e650c19e3eb34cc0b98374e5a23d1f65,P1,manual,yqstnuAEVhm,False,all_archived,1,24,0.8159722222222223,0.8159722222222223,0.08333333333333331
extended73|P1|manual|yqstnuAEVhm_e650c19e3eb34cc0b98374e5a23d1f65,P1|0|yqstnuAEVhm_e650c19e3eb34cc0b98374e5a23d1f65|manual,yqstnuAEVhm_e650c19e3eb34cc0b98374e5a23d1f65,P1,manual,yqstnuAEVhm,False,all_archived,2,24,0.6828200483091785,0.6828200483091786,0.15428743961352664
extended73|P1|manual|yqstnuAEVhm_e650c19e3eb34cc0b98374e5a23d1f65,P1|0|yqstnuAEVhm_e650c19e3eb34cc0b98374e5a23d1f65|manual,yqstnuAEVhm_e650c19e3eb34cc0b98374e5a23d1f65,P1,manual,yqstnuAEVhm,False,all_archived,3,24,0.6043725296442688,0.5849184782608696,0.21636198945981555
extended73|P1|manual|yqstnuAEVhm_e650c19e3eb34cc0b98374e5a23d1f65,P1|0|yqstnuAEVhm_e650c19e3eb34cc0b98374e5a23d1f65|manual,yqstnuAEVhm_e650c19e3eb34cc0b98374e5a23d1f65,P1,manual,yqstnuAEVhm,False,all_archived,4,24,0.5592610891523934,0.5110891523935002,0.2720685111989459
extended73|P1|manual|yqstnuAEVhm_e650c19e3eb34cc0b98374e5a23d1f65,P1|0|yqstnuAEVhm_e650c19e3eb34cc0b98374e5a23d1f65|manual,yqstnuAEVhm_e650c19e3eb34cc0b98374e5a23d1f65,P1,manual,yqstnuAEVhm,False,all_archived,5,24,0.5040692248572683,0.45348869126043034,0.3231774264382961
extended73|P1|manual|yqstnuAEVhm_e650c19e3eb34cc0b98374e5a23d1f65,P1|0|yqstnuAEVhm_e650c19e3eb34cc0b98374e5a23d1f65|manual,yqstnuAEVhm_e650c19e3eb34cc0b98374e5a23d1f65,P1,manual,yqstnuAEVhm,False,all_archived,6,24,0.4637767838568754,0.4067310692739754,0.3709130781499203
extended73|P1|manual|yqstnuAEVhm_e650c19e3eb34cc0b98374e5a23d1f65,P1|0|yqstnuAEVhm_e650c19e3eb34cc0b98374e5a23d1f65|manual,yqstnuAEVhm_e650c19e3eb34cc0b98374e5a23d1f65,P1,manual,yqstnuAEVhm,False,all_archived,7,24,0.42530713311605767,0.3672050164112522,0.416105419180362
extended73|P1|manual|yqstnuAEVhm_e650c19e3eb34cc0b98374e5a23d1f65,P1|0|yqstnuAEVhm_e650c19e3eb34cc0b98374e5a23d1f65|manual,yqstnuAEVhm_e650c19e3eb34cc0b98374e5a23d1f65,P1,manual,yqstnuAEVhm,False,all_archived,8,24,0.3828616288065743,0.33255203128335453,0.4593060093463915
extended73|P1|manual|yqstnuAEVhm_e650c19e3eb34cc0b98374e5a23d1f65,P1|0|yqstnuAEVhm_e650c19e3eb34cc0b98374e5a23d1f65|manual,yqstnuAEVhm_e650c19e3eb34cc0b98374e5a23d1f65,P1,manual,yqstnuAEVhm,False,all_archived,9,24,0.3599147689031927,0.30127489093723614,0.5008750132568109
extended73|P1|manual|yqstnuAEVhm_e650c19e3eb34cc0b98374e5a23d1f65,P1|0|yqstnuAEVhm_e650c19e3eb34cc0b98374e5a23d1f65|manual,yqstnuAEVhm_e650c19e3eb34cc0b98374e5a23d1f65,P1,manual,yqstnuAEVhm,False,all_archived,10,24,0.33134808340505617,0.272450558043757,0.5410449987151092
extended73|P1|manual|yqstnuAEVhm_e650c19e3eb34cc0b98374e5a23d1f65,P1|0|yqstnuAEVhm_e650c19e3eb34cc0b98374e5a23d1f65|manual,yqstnuAEVhm_e650c19e3eb34cc0b98374e5a23d1f65,P1,manual,yqstnuAEVhm,False,all_archived,11,24,0.30283555112982014,0.245525114603431,0.5799665070070743
extended73|P1|manual|yqstnuAEVhm_e650c19e3eb34cc0b98374e5a23d1f65,P1|0|yqstnuAEVhm_e650c19e3eb34cc0b98374e5a23d1f65|manual,yqstnuAEVhm_e650c19e3eb34cc0b98374e5a23d1f65,P1,manual,yqstnuAEVhm,False,all_archived,12,24,0.27805727554179566,0.22017179297348236,0.6177396015614484
extended73|P1|manual|yqstnuAEVhm_e650c19e3eb34cc0b98374e5a23d1f65,P1|0|yqstnuAEVhm_e650c19e3eb34cc0b98374e5a23d1f65|manual,yqstnuAEVhm_e650c19e3eb34cc0b98374e5a23d1f65,P1,manual,yqstnuAEVhm,False,all_archived,13,24,0.25624546634061707,0.1961963298858826,0.6544349003903622
extended73|P1|manual|yqstnuAEVhm_e650c19e3eb34cc0b98374e5a23d1f65,P1|0|yqstnuAEVhm_e650c19e3eb34cc0b98374e5a23d1f65|manual,yqstnuAEVhm_e650c19e3eb34cc0b98374e5a23d1f65,P1,manual,yqstnuAEVhm,False,all_archived,14,24,0.23667720243218288,0.1734767371861025,0.6901069603696134
extended73|P1|manual|yqstnuAEVhm_e650c19e3eb34cc0b98374e5a23d1f65,P1|0|yqstnuAEVhm_e650c19e3eb34cc0b98374e5a23d1f65|manual,yqstnuAEVhm_e650c19e3eb34cc0b98374e5a23d1f65,P1,manual,yqstnuAEVhm,False,all_archived,15,24,0.2159488613419156,0.15192716427636166,0.7248023078068341
extended73|P1|manual|yqstnuAEVhm_e650c19e3eb34cc0b98374e5a23d1f65,P1|0|yqstnuAEVhm_e650c19e3eb34cc0b98374e5a23d1f65|manual,yqstnuAEVhm_e650c19e3eb34cc0b98374e5a23d1f65,P1,manual,yqstnuAEVhm,False,all_archived,16,24,0.19143081440328716,0.13147782169521302,0.7585638998682477
extended73|P1|manual|yqstnuAEVhm_e650c19e3eb34cc0b98374e5a23d1f65,P1|0|yqstnuAEVhm_e650c19e3eb34cc0b98374e5a23d1f65|manual,yqstnuAEVhm_e650c19e3eb34cc0b98374e5a23d1f65,P1,manual,yqstnuAEVhm,False,all_archived,17,24,0.17512646657720024,0.11206494290733421,0.7914333552920509
extended73|P1|manual|yqstnuAEVhm_e650c19e3eb34cc0b98374e5a23d1f65,P1|0|yqstnuAEVhm_e650c19e3eb34cc0b98374e5a23d1f65|manual,yqstnuAEVhm_e650c19e3eb34cc0b98374e5a23d1f65,P1,manual,yqstnuAEVhm,False,all_archived,18,24,0.15459226128562512,0.09362648221343874,0.8234519104084321
extended73|P1|manual|yqstnuAEVhm_e650c19e3eb34cc0b98374e5a23d1f65,P1|0|yqstnuAEVhm_e650c19e3eb34cc0b98374e5a23d1f65|manual,yqstnuAEVhm_e650c19e3eb34cc0b98374e5a23d1f65,P1,manual,yqstnuAEVhm,False,all_archived,19,24,0.1326497960150706,0.07610068072024592,0.8546607378129116
extended73|P1|manual|yqstnuAEVhm_e650c19e3eb34cc0b98374e5a23d1f65,P1|0|yqstnuAEVhm_e650c19e3eb34cc0b98374e5a23d1f65|manual,yqstnuAEVhm_e650c19e3eb34cc0b98374e5a23d1f65,P1,manual,yqstnuAEVhm,False,all_archived,20,24,0.11185221783047872,0.0594257795344752,0.8851010101010104
extended73|P1|manual|yqstnuAEVhm_e650c19e3eb34cc0b98374e5a23d1f65,P1|0|yqstnuAEVhm_e650c19e3eb34cc0b98374e5a23d1f65|manual,yqstnuAEVhm_e650c19e3eb34cc0b98374e5a23d1f65,P1,manual,yqstnuAEVhm,False,current20,1,19,0.8157894736842104,0.8157894736842105,0.08333333333333337
extended73|P1|manual|yqstnuAEVhm_e650c19e3eb34cc0b98374e5a23d1f65,P1|0|yqstnuAEVhm_e650c19e3eb34cc0b98374e5a23d1f65|manual,yqstnuAEVhm_e650c19e3eb34cc0b98374e5a23d1f65,P1,manual,yqstnuAEVhm,False,current20,2,19,0.6803118908382066,0.6803118908382064,0.15448343079922022
extended73|P1|manual|yqstnuAEVhm_e650c19e3eb34cc0b98374e5a23d1f65,P1|0|yqstnuAEVhm_e650c19e3eb34cc0b98374e5a23d1f65|manual,yqstnuAEVhm_e650c19e3eb34cc0b98374e5a23d1f65,P1,manual,yqstnuAEVhm,False,current20,3,19,0.5997592019263847,0.5798933608531132,0.21654626762985899
extended73|P1|manual|yqstnuAEVhm_e650c19e3eb34cc0b98374e5a23d1f65,P1|0|yqstnuAEVhm_e650c19e3eb34cc0b98374e5a23d1f65|manual,yqstnuAEVhm_e650c19e3eb34cc0b98374e5a23d1f65,P1,manual,yqstnuAEVhm,False,current20,4,19,0.5539108187134502,0.5042462160302718,0.2718653250773993
extended73|P1|manual|yqstnuAEVhm_e650c19e3eb34cc0b98374e5a23d1f65,P1|0|yqstnuAEVhm_e650c19e3eb34cc0b98374e5a23d1f65|manual,yqstnuAEVhm_e650c19e3eb34cc0b98374e5a23d1f65,P1,manual,yqstnuAEVhm,False,current20,5,19,0.4979395998165348,0.4457917669991973,0.32218208920995295
extended73|P1|manual|yqstnuAEVhm_e650c19e3eb34cc0b98374e5a23d1f65,P1|0|yqstnuAEVhm_e650c19e3eb34cc0b98374e5a23d1f65|manual,yqstnuAEVhm_e650c19e3eb34cc0b98374e5a23d1f65,P1,manual,yqstnuAEVhm,False,current20,6,19,0.4576130890952872,0.3990798073615411,0.36876504987960096
extended73|P1|manual|yqstnuAEVhm_e650c19e3eb34cc0b98374e5a23d1f65,P1|0|yqstnuAEVhm_e650c19e3eb34cc0b98374e5a23d1f65|manual,yqstnuAEVhm_e650c19e3eb34cc0b98374e5a23d1f65,P1,manual,yqstnuAEVhm,False,current20,7,19,0.41956748961392926,0.3602974253129052,0.4125188536953243
extended73|P1|manual|yqstnuAEVhm_e650c19e3eb34cc0b98374e5a23d1f65,P1|0|yqstnuAEVhm_e650c19e3eb34cc0b98374e5a23d1f65|manual,yqstnuAEVhm_e650c19e3eb34cc0b98374e5a23d1f65,P1,manual,yqstnuAEVhm,False,current20,8,19,0.37728835348804385,0.32685967999435495,0.45407526483377864
extended73|P1|manual|yqstnuAEVhm_e650c19e3eb34cc0b98374e5a23d1f65,P1|0|yqstnuAEVhm_e650c19e3eb34cc0b98374e5a23d1f65|manual,yqstnuAEVhm_e650c19e3eb34cc0b98374e5a23d1f65,P1,manual,yqstnuAEVhm,False,current20,9,19,0.35487119949194246,0.2970747003254744,0.4938675875208383
extended73|P1|manual|yqstnuAEVhm_e650c19e3eb34cc0b98374e5a23d1f65,P1|0|yqstnuAEVhm_e650c19e3eb34cc0b98374e5a23d1f65|manual,yqstnuAEVhm_e650c19e3eb34cc0b98374e5a23d1f65,P1,manual,yqstnuAEVhm,False,current20,10,19,0.3259456616654759,0.2698757640708105,0.5321902040168294
extended73|P1|manual|yqstnuAEVhm_e650c19e3eb34cc0b98374e5a23d1f65,P1|0|yqstnuAEVhm_e650c19e3eb34cc0b98374e5a23d1f65|manual,yqstnuAEVhm_e650c19e3eb34cc0b98374e5a23d1f65,P1,manual,yqstnuAEVhm,False,current20,11,19,0.2966044604976493,0.24461291489155265,0.5692448819383805
extended73|P1|manual|yqstnuAEVhm_e650c19e3eb34cc0b98374e5a23d1f65,P1|0|yqstnuAEVhm_e650c19e3eb34cc0b98374e5a23d1f65|manual,yqstnuAEVhm_e650c19e3eb34cc0b98374e5a23d1f65,P1,manual,yqstnuAEVhm,False,current20,12,19,0.27137744436506045,0.2208966751342912,0.6051755047498083
extended73|P1|manual|yqstnuAEVhm_e650c19e3eb34cc0b98374e5a23d1f65,P1|0|yqstnuAEVhm_e650c19e3eb34cc0b98374e5a23d1f65|manual,yqstnuAEVhm_e650c19e3eb34cc0b98374e5a23d1f65,P1,manual,yqstnuAEVhm,False,current20,13,19,0.2489837196687042,0.1984864121087031,0.6400928792569659
extended73|P1|manual|yqstnuAEVhm_e650c19e3eb34cc0b98374e5a23d1f65,P1|0|yqstnuAEVhm_e650c19e3eb34cc0b98374e5a23d1f65|manual,yqstnuAEVhm_e650c19e3eb34cc0b98374e5a23d1f65,P1,manual,yqstnuAEVhm,False,current20,14,19,0.2296575794060314,0.1772159156060085,0.674091273936475
extended73|P1|manual|yqstnuAEVhm_e650c19e3eb34cc0b98374e5a23d1f65,P1|0|yqstnuAEVhm_e650c19e3eb34cc0b98374e5a23d1f65|manual,yqstnuAEVhm_e650c19e3eb34cc0b98374e5a23d1f65,P1,manual,yqstnuAEVhm,False,current20,15,19,0.2095910732714138,0.1569487444100447,0.7072583419332646
extended73|P1|manual|yqstnuAEVhm_e650c19e3eb34cc0b98374e5a23d1f65,P1|0|yqstnuAEVhm_e650c19e3eb34cc0b98374e5a23d1f65|manual,yqstnuAEVhm_e650c19e3eb34cc0b98374e5a23d1f65,P1,manual,yqstnuAEVhm,False,current20,16,19,0.18481252149982805,0.13755589955280353,0.7396800825593394
extended73|P1|manual|yqstnuAEVhm_e650c19e3eb34cc0b98374e5a23d1f65,P1|0|yqstnuAEVhm_e650c19e3eb34cc0b98374e5a23d1f65|manual,yqstnuAEVhm_e650c19e3eb34cc0b98374e5a23d1f65,P1,manual,yqstnuAEVhm,False,current20,17,19,0.16970530902419448,0.1189083820662768,0.7714424951267057
extended73|P1|manual|yqstnuAEVhm_e650c19e3eb34cc0b98374e5a23d1f65,P1|0|yqstnuAEVhm_e650c19e3eb34cc0b98374e5a23d1f65|manual,yqstnuAEVhm_e650c19e3eb34cc0b98374e5a23d1f65,P1,manual,yqstnuAEVhm,False,current20,18,19,0.14766081871345027,0.10087719298245615,0.8026315789473685
extended73|P1|manual|yqstnuAEVhm_e650c19e3eb34cc0b98374e5a23d1f65,P1|0|yqstnuAEVhm_e650c19e3eb34cc0b98374e5a23d1f65|manual,yqstnuAEVhm_e650c19e3eb34cc0b98374e5a23d1f65,P1,manual,yqstnuAEVhm,False,current20,19,19,0.12061403508771933,0.08333333333333333,0.8333333333333334
extended73|P1|manual|yqstnuAEVhm_e9b4d8e951cb4712b3905c8f4c4dabb5,P1|0|yqstnuAEVhm_e9b4d8e951cb4712b3905c8f4c4dabb5|manual,yqstnuAEVhm_e9b4d8e951cb4712b3905c8f4c4dabb5,P1,manual,yqstnuAEVhm,True,all_archived,1,25,0.07680000000000001,0.0768,0.5
extended73|P1|manual|yqstnuAEVhm_e9b4d8e951cb4712b3905c8f4c4dabb5,P1|0|yqstnuAEVhm_e9b4d8e951cb4712b3905c8f4c4dabb5|manual,yqstnuAEVhm_e9b4d8e951cb4712b3905c8f4c4dabb5,P1,manual,yqstnuAEVhm,True,all_archived,2,25,0.07360000000000001,0.0368,0.54
extended73|P1|manual|yqstnuAEVhm_e9b4d8e951cb4712b3905c8f4c4dabb5,P1|0|yqstnuAEVhm_e9b4d8e951cb4712b3905c8f4c4dabb5|manual,yqstnuAEVhm_e9b4d8e951cb4712b3905c8f4c4dabb5,P1,manual,yqstnuAEVhm,True,all_archived,3,25,0.07040000000000002,0.0352,0.56
extended73|P1|manual|yqstnuAEVhm_e9b4d8e951cb4712b3905c8f4c4dabb5,P1|0|yqstnuAEVhm_e9b4d8e951cb4712b3905c8f4c4dabb5|manual,yqstnuAEVhm_e9b4d8e951cb4712b3905c8f4c4dabb5,P1,manual,yqstnuAEVhm,True,all_archived,4,25,0.06720000000000001,0.0336,0.5800000000000001
extended73|P1|manual|yqstnuAEVhm_e9b4d8e951cb4712b3905c8f4c4dabb5,P1|0|yqstnuAEVhm_e9b4d8e951cb4712b3905c8f4c4dabb5|manual,yqstnuAEVhm_e9b4d8e951cb4712b3905c8f4c4dabb5,P1,manual,yqstnuAEVhm,True,all_archived,5,25,0.064,0.032,0.6
extended73|P1|manual|yqstnuAEVhm_e9b4d8e951cb4712b3905c8f4c4dabb5,P1|0|yqstnuAEVhm_e9b4d8e951cb4712b3905c8f4c4dabb5|manual,yqstnuAEVhm_e9b4d8e951cb4712b3905c8f4c4dabb5,P1,manual,yqstnuAEVhm,True,all_archived,6,25,0.0608,0.0304,0.62
extended73|P1|manual|yqstnuAEVhm_e9b4d8e951cb4712b3905c8f4c4dabb5,P1|0|yqstnuAEVhm_e9b4d8e951cb4712b3905c8f4c4dabb5|manual,yqstnuAEVhm_e9b4d8e951cb4712b3905c8f4c4dabb5,P1,manual,yqstnuAEVhm,True,all_archived,7,25,0.05760000000000001,0.0288,0.64
extended73|P1|manual|yqstnuAEVhm_e9b4d8e951cb4712b3905c8f4c4dabb5,P1|0|yqstnuAEVhm_e9b4d8e951cb4712b3905c8f4c4dabb5|manual,yqstnuAEVhm_e9b4d8e951cb4712b3905c8f4c4dabb5,P1,manual,yqstnuAEVhm,True,all_archived,8,25,0.05440000000000001,0.027200000000000002,0.6599999999999999
extended73|P1|manual|yqstnuAEVhm_e9b4d8e951cb4712b3905c8f4c4dabb5,P1|0|yqstnuAEVhm_e9b4d8e951cb4712b3905c8f4c4dabb5|manual,yqstnuAEVhm_e9b4d8e951cb4712b3905c8f4c4dabb5,P1,manual,yqstnuAEVhm,True,all_archived,9,25,0.05120000000000001,0.0256,0.6799999999999999
extended73|P1|manual|yqstnuAEVhm_e9b4d8e951cb4712b3905c8f4c4dabb5,P1|0|yqstnuAEVhm_e9b4d8e951cb4712b3905c8f4c4dabb5|manual,yqstnuAEVhm_e9b4d8e951cb4712b3905c8f4c4dabb5,P1,manual,yqstnuAEVhm,True,all_archived,10,25,0.048,0.024,0.7
extended73|P1|manual|yqstnuAEVhm_e9b4d8e951cb4712b3905c8f4c4dabb5,P1|0|yqstnuAEVhm_e9b4d8e951cb4712b3905c8f4c4dabb5|manual,yqstnuAEVhm_e9b4d8e951cb4712b3905c8f4c4dabb5,P1,manual,yqstnuAEVhm,True,all_archived,11,25,0.04480000000000001,0.022400000000000003,0.72
extended73|P1|manual|yqstnuAEVhm_e9b4d8e951cb4712b3905c8f4c4dabb5,P1|0|yqstnuAEVhm_e9b4d8e951cb4712b3905c8f4c4dabb5|manual,yqstnuAEVhm_e9b4d8e951cb4712b3905c8f4c4dabb5,P1,manual,yqstnuAEVhm,True,all_archived,12,25,0.04160000000000001,0.020800000000000003,0.74
extended73|P1|manual|yqstnuAEVhm_e9b4d8e951cb4712b3905c8f4c4dabb5,P1|0|yqstnuAEVhm_e9b4d8e951cb4712b3905c8f4c4dabb5|manual,yqstnuAEVhm_e9b4d8e951cb4712b3905c8f4c4dabb5,P1,manual,yqstnuAEVhm,True,all_archived,13,25,0.03839999999999999,0.0192,0.76
extended73|P1|manual|yqstnuAEVhm_e9b4d8e951cb4712b3905c8f4c4dabb5,P1|0|yqstnuAEVhm_e9b4d8e951cb4712b3905c8f4c4dabb5|manual,yqstnuAEVhm_e9b4d8e951cb4712b3905c8f4c4dabb5,P1,manual,yqstnuAEVhm,True,all_archived,14,25,0.03519999999999999,0.0176,0.78
extended73|P1|manual|yqstnuAEVhm_e9b4d8e951cb4712b3905c8f4c4dabb5,P1|0|yqstnuAEVhm_e9b4d8e951cb4712b3905c8f4c4dabb5|manual,yqstnuAEVhm_e9b4d8e951cb4712b3905c8f4c4dabb5,P1,manual,yqstnuAEVhm,True,all_archived,15,25,0.031999999999999994,0.016,0.8
extended73|P1|manual|yqstnuAEVhm_e9b4d8e951cb4712b3905c8f4c4dabb5,P1|0|yqstnuAEVhm_e9b4d8e951cb4712b3905c8f4c4dabb5|manual,yqstnuAEVhm_e9b4d8e951cb4712b3905c8f4c4dabb5,P1,manual,yqstnuAEVhm,True,all_archived,16,25,0.028799999999999992,0.0144,0.8200000000000001
extended73|P1|manual|yqstnuAEVhm_e9b4d8e951cb4712b3905c8f4c4dabb5,P1|0|yqstnuAEVhm_e9b4d8e951cb4712b3905c8f4c4dabb5|manual,yqstnuAEVhm_e9b4d8e951cb4712b3905c8f4c4dabb5,P1,manual,yqstnuAEVhm,True,all_archived,17,25,0.025599999999999998,0.0128,0.84
extended73|P1|manual|yqstnuAEVhm_e9b4d8e951cb4712b3905c8f4c4dabb5,P1|0|yqstnuAEVhm_e9b4d8e951cb4712b3905c8f4c4dabb5|manual,yqstnuAEVhm_e9b4d8e951cb4712b3905c8f4c4dabb5,P1,manual,yqstnuAEVhm,True,all_archived,18,25,0.0224,0.011200000000000002,0.86
extended73|P1|manual|yqstnuAEVhm_e9b4d8e951cb4712b3905c8f4c4dabb5,P1|0|yqstnuAEVhm_e9b4d8e951cb4712b3905c8f4c4dabb5|manual,yqstnuAEVhm_e9b4d8e951cb4712b3905c8f4c4dabb5,P1,manual,yqstnuAEVhm,True,all_archived,19,25,0.01920000000000001,0.0096,0.88
extended73|P1|manual|yqstnuAEVhm_e9b4d8e951cb4712b3905c8f4c4dabb5,P1|0|yqstnuAEVhm_e9b4d8e951cb4712b3905c8f4c4dabb5|manual,yqstnuAEVhm_e9b4d8e951cb4712b3905c8f4c4dabb5,P1,manual,yqstnuAEVhm,True,all_archived,20,25,0.016000000000000007,0.008,0.9
extended73|P1|manual|yqstnuAEVhm_e9b4d8e951cb4712b3905c8f4c4dabb5,P1|0|yqstnuAEVhm_e9b4d8e951cb4712b3905c8f4c4dabb5|manual,yqstnuAEVhm_e9b4d8e951cb4712b3905c8f4c4dabb5,P1,manual,yqstnuAEVhm,True,current20,1,20,0.04000000000000002,0.04,0.5
extended73|P1|manual|yqstnuAEVhm_e9b4d8e951cb4712b3905c8f4c4dabb5,P1|0|yqstnuAEVhm_e9b4d8e951cb4712b3905c8f4c4dabb5|manual,yqstnuAEVhm_e9b4d8e951cb4712b3905c8f4c4dabb5,P1,manual,yqstnuAEVhm,True,current20,2,20,0.04000000000000002,0.04,0.5
extended73|P1|manual|yqstnuAEVhm_e9b4d8e951cb4712b3905c8f4c4dabb5,P1|0|yqstnuAEVhm_e9b4d8e951cb4712b3905c8f4c4dabb5|manual,yqstnuAEVhm_e9b4d8e951cb4712b3905c8f4c4dabb5,P1,manual,yqstnuAEVhm,True,current20,3,20,0.04000000000000002,0.04,0.5
extended73|P1|manual|yqstnuAEVhm_e9b4d8e951cb4712b3905c8f4c4dabb5,P1|0|yqstnuAEVhm_e9b4d8e951cb4712b3905c8f4c4dabb5|manual,yqstnuAEVhm_e9b4d8e951cb4712b3905c8f4c4dabb5,P1,manual,yqstnuAEVhm,True,current20,4,20,0.04000000000000002,0.04,0.5
extended73|P1|manual|yqstnuAEVhm_e9b4d8e951cb4712b3905c8f4c4dabb5,P1|0|yqstnuAEVhm_e9b4d8e951cb4712b3905c8f4c4dabb5|manual,yqstnuAEVhm_e9b4d8e951cb4712b3905c8f4c4dabb5,P1,manual,yqstnuAEVhm,True,current20,5,20,0.04000000000000002,0.04,0.5
extended73|P1|manual|yqstnuAEVhm_e9b4d8e951cb4712b3905c8f4c4dabb5,P1|0|yqstnuAEVhm_e9b4d8e951cb4712b3905c8f4c4dabb5|manual,yqstnuAEVhm_e9b4d8e951cb4712b3905c8f4c4dabb5,P1,manual,yqstnuAEVhm,True,current20,6,20,0.04000000000000002,0.04,0.5
extended73|P1|manual|yqstnuAEVhm_e9b4d8e951cb4712b3905c8f4c4dabb5,P1|0|yqstnuAEVhm_e9b4d8e951cb4712b3905c8f4c4dabb5|manual,yqstnuAEVhm_e9b4d8e951cb4712b3905c8f4c4dabb5,P1,manual,yqstnuAEVhm,True,current20,7,20,0.04000000000000002,0.04,0.5
extended73|P1|manual|yqstnuAEVhm_e9b4d8e951cb4712b3905c8f4c4dabb5,P1|0|yqstnuAEVhm_e9b4d8e951cb4712b3905c8f4c4dabb5|manual,yqstnuAEVhm_e9b4d8e951cb4712b3905c8f4c4dabb5,P1,manual,yqstnuAEVhm,True,current20,8,20,0.04000000000000002,0.04,0.5
extended73|P1|manual|yqstnuAEVhm_e9b4d8e951cb4712b3905c8f4c4dabb5,P1|0|yqstnuAEVhm_e9b4d8e951cb4712b3905c8f4c4dabb5|manual,yqstnuAEVhm_e9b4d8e951cb4712b3905c8f4c4dabb5,P1,manual,yqstnuAEVhm,True,current20,9,20,0.04000000000000002,0.04,0.5
extended73|P1|manual|yqstnuAEVhm_e9b4d8e951cb4712b3905c8f4c4dabb5,P1|0|yqstnuAEVhm_e9b4d8e951cb4712b3905c8f4c4dabb5|manual,yqstnuAEVhm_e9b4d8e951cb4712b3905c8f4c4dabb5,P1,manual,yqstnuAEVhm,True,current20,10,20,0.04000000000000002,0.04,0.5
extended73|P1|manual|yqstnuAEVhm_e9b4d8e951cb4712b3905c8f4c4dabb5,P1|0|yqstnuAEVhm_e9b4d8e951cb4712b3905c8f4c4dabb5|manual,yqstnuAEVhm_e9b4d8e951cb4712b3905c8f4c4dabb5,P1,manual,yqstnuAEVhm,True,current20,11,20,0.04000000000000002,0.04,0.5
extended73|P1|manual|yqstnuAEVhm_e9b4d8e951cb4712b3905c8f4c4dabb5,P1|0|yqstnuAEVhm_e9b4d8e951cb4712b3905c8f4c4dabb5|manual,yqstnuAEVhm_e9b4d8e951cb4712b3905c8f4c4dabb5,P1,manual,yqstnuAEVhm,True,current20,12,20,0.04000000000000002,0.04,0.5
extended73|P1|manual|yqstnuAEVhm_e9b4d8e951cb4712b3905c8f4c4dabb5,P1|0|yqstnuAEVhm_e9b4d8e951cb4712b3905c8f4c4dabb5|manual,yqstnuAEVhm_e9b4d8e951cb4712b3905c8f4c4dabb5,P1,manual,yqstnuAEVhm,True,current20,13,20,0.04000000000000002,0.04,0.5
extended73|P1|manual|yqstnuAEVhm_e9b4d8e951cb4712b3905c8f4c4dabb5,P1|0|yqstnuAEVhm_e9b4d8e951cb4712b3905c8f4c4dabb5|manual,yqstnuAEVhm_e9b4d8e951cb4712b3905c8f4c4dabb5,P1,manual,yqstnuAEVhm,True,current20,14,20,0.04000000000000002,0.04,0.5
extended73|P1|manual|yqstnuAEVhm_e9b4d8e951cb4712b3905c8f4c4dabb5,P1|0|yqstnuAEVhm_e9b4d8e951cb4712b3905c8f4c4dabb5|manual,yqstnuAEVhm_e9b4d8e951cb4712b3905c8f4c4dabb5,P1,manual,yqstnuAEVhm,True,current20,15,20,0.04000000000000002,0.04,0.5
extended73|P1|manual|yqstnuAEVhm_e9b4d8e951cb4712b3905c8f4c4dabb5,P1|0|yqstnuAEVhm_e9b4d8e951cb4712b3905c8f4c4dabb5|manual,yqstnuAEVhm_e9b4d8e951cb4712b3905c8f4c4dabb5,P1,manual,yqstnuAEVhm,True,current20,16,20,0.04000000000000002,0.04,0.5
extended73|P1|manual|yqstnuAEVhm_e9b4d8e951cb4712b3905c8f4c4dabb5,P1|0|yqstnuAEVhm_e9b4d8e951cb4712b3905c8f4c4dabb5|manual,yqstnuAEVhm_e9b4d8e951cb4712b3905c8f4c4dabb5,P1,manual,yqstnuAEVhm,True,current20,17,20,0.04000000000000002,0.04,0.5
extended73|P1|manual|yqstnuAEVhm_e9b4d8e951cb4712b3905c8f4c4dabb5,P1|0|yqstnuAEVhm_e9b4d8e951cb4712b3905c8f4c4dabb5|manual,yqstnuAEVhm_e9b4d8e951cb4712b3905c8f4c4dabb5,P1,manual,yqstnuAEVhm,True,current20,18,20,0.04000000000000002,0.04,0.5
extended73|P1|manual|yqstnuAEVhm_e9b4d8e951cb4712b3905c8f4c4dabb5,P1|0|yqstnuAEVhm_e9b4d8e951cb4712b3905c8f4c4dabb5|manual,yqstnuAEVhm_e9b4d8e951cb4712b3905c8f4c4dabb5,P1,manual,yqstnuAEVhm,True,current20,19,20,0.04000000000000002,0.04,0.5
extended73|P1|manual|yqstnuAEVhm_e9b4d8e951cb4712b3905c8f4c4dabb5,P1|0|yqstnuAEVhm_e9b4d8e951cb4712b3905c8f4c4dabb5|manual,yqstnuAEVhm_e9b4d8e951cb4712b3905c8f4c4dabb5,P1,manual,yqstnuAEVhm,True,current20,20,20,0.04000000000000002,0.04,0.5
extended73|P1|oos|7y3sRwLe3Va_4291cbfde1024467b1548934653f07ce,P1|0|7y3sRwLe3Va_4291cbfde1024467b1548934653f07ce|oos,7y3sRwLe3Va_4291cbfde1024467b1548934653f07ce,P1,oos,7y3sRwLe3Va,True,all_archived,1,25,0.7263999999999999,0.7263999999999999,0.10000000000000002
extended73|P1|oos|7y3sRwLe3Va_4291cbfde1024467b1548934653f07ce,P1|0|7y3sRwLe3Va_4291cbfde1024467b1548934653f07ce|oos,7y3sRwLe3Va_4291cbfde1024467b1548934653f07ce,P1,oos,7y3sRwLe3Va,True,all_archived,2,25,0.5618666666666667,0.5618666666666665,0.17566666666666672
extended73|P1|oos|7y3sRwLe3Va_4291cbfde1024467b1548934653f07ce,P1|0|7y3sRwLe3Va_4291cbfde1024467b1548934653f07ce|oos,7y3sRwLe3Va_4291cbfde1024467b1548934653f07ce,P1,oos,7y3sRwLe3Va,True,all_archived,3,25,0.5198956521739131,0.460208695652174,0.23673913043478265
extended73|P1|oos|7y3sRwLe3Va_4291cbfde1024467b1548934653f07ce,P1|0|7y3sRwLe3Va_4291cbfde1024467b1548934653f07ce|oos,7y3sRwLe3Va_4291cbfde1024467b1548934653f07ce,P1,oos,7y3sRwLe3Va,True,all_archived,4,25,0.4564300395256918,0.39403003952569177,0.2890355731225297
extended73|P1|oos|7y3sRwLe3Va_4291cbfde1024467b1548934653f07ce,P1|0|7y3sRwLe3Va_4291cbfde1024467b1548934653f07ce|oos,7y3sRwLe3Va_4291cbfde1024467b1548934653f07ce,P1,oos,7y3sRwLe3Va,True,all_archived,5,25,0.42121437982307564,0.3475746282702805,0.33594391116130257
extended73|P1|oos|7y3sRwLe3Va_4291cbfde1024467b1548934653f07ce,P1|0|7y3sRwLe3Va_4291cbfde1024467b1548934653f07ce|oos,7y3sRwLe3Va_4291cbfde1024467b1548934653f07ce,P1,oos,7y3sRwLe3Va,True,all_archived,6,25,0.3784804065499716,0.31207543760587236,0.37939073969508763
extended73|P1|oos|7y3sRwLe3Va_4291cbfde1024467b1548934653f07ce,P1|0|7y3sRwLe3Va_4291cbfde1024467b1548934653f07ce|oos,7y3sRwLe3Va_4291cbfde1024467b1548934653f07ce,P1,oos,7y3sRwLe3Va,True,all_archived,7,25,0.35616038515260484,0.2828170584564177,0.42045329727480774
extended73|P1|oos|7y3sRwLe3Va_4291cbfde1024467b1548934653f07ce,P1|0|7y3sRwLe3Va_4291cbfde1024467b1548934653f07ce|oos,7y3sRwLe3Va_4291cbfde1024467b1548934653f07ce,P1,oos,7y3sRwLe3Va,True,all_archived,8,25,0.3307224186949588,0.25734060051314056,0.45973344428264334
extended73|P1|oos|7y3sRwLe3Va_4291cbfde1024467b1548934653f07ce,P1|0|7y3sRwLe3Va_4291cbfde1024467b1548934653f07ce|oos,7y3sRwLe3Va_4291cbfde1024467b1548934653f07ce,P1,oos,7y3sRwLe3Va,True,all_archived,9,25,0.3091348254383926,0.2343877531541013,0.4975776502404582
extended73|P1|oos|7y3sRwLe3Va_4291cbfde1024467b1548934653f07ce,P1|0|7y3sRwLe3Va_4291cbfde1024467b1548934653f07ce|oos,7y3sRwLe3Va_4291cbfde1024467b1548934653f07ce,P1,oos,7y3sRwLe3Va,True,all_archived,10,25,0.2847389713530513,0.21330681971145019,0.5342007366707866
extended73|P1|oos|7y3sRwLe3Va_4291cbfde1024467b1548934653f07ce,P1|0|7y3sRwLe3Va_4291cbfde1024467b1548934653f07ce|oos,7y3sRwLe3Va_4291cbfde1024467b1548934653f07ce,P1,oos,7y3sRwLe3Va,True,all_archived,11,25,0.2621632243827425,0.19373593574729667,0.5697518732893613
extended73|P1|oos|7y3sRwLe3Va_4291cbfde1024467b1548934653f07ce,P1|0|7y3sRwLe3Va_4291cbfde1024467b1548934653f07ce|oos,7y3sRwLe3Va_4291cbfde1024467b1548934653f07ce,P1,oos,7y3sRwLe3Va,True,all_archived,12,25,0.2389298155875622,0.17544467819164283,0.604347576101379
extended73|P1|oos|7y3sRwLe3Va_4291cbfde1024467b1548934653f07ce,P1|0|7y3sRwLe3Va_4291cbfde1024467b1548934653f07ce|oos,7y3sRwLe3Va_4291cbfde1024467b1548934653f07ce,P1,oos,7y3sRwLe3Va,True,all_archived,13,25,0.22055059900390359,0.15826096186758454,0.6380869372920792
extended73|P1|oos|7y3sRwLe3Va_4291cbfde1024467b1548934653f07ce,P1|0|7y3sRwLe3Va_4291cbfde1024467b1548934653f07ce|oos,7y3sRwLe3Va_4291cbfde1024467b1548934653f07ce,P1,oos,7y3sRwLe3Va,True,all_archived,14,25,0.20598539058644055,0.14204057971014494,0.6710579710144928
extended73|P1|oos|7y3sRwLe3Va_4291cbfde1024467b1548934653f07ce,P1|0|7y3sRwLe3Va_4291cbfde1024467b1548934653f07ce|oos,7y3sRwLe3Va_4291cbfde1024467b1548934653f07ce,P1,oos,7y3sRwLe3Va,True,all_archived,15,25,0.18982598090203423,0.12665612648221344,0.7033399209486164
extended73|P1|oos|7y3sRwLe3Va_4291cbfde1024467b1548934653f07ce,P1|0|7y3sRwLe3Va_4291cbfde1024467b1548934653f07ce|oos,7y3sRwLe3Va_4291cbfde1024467b1548934653f07ce,P1,oos,7y3sRwLe3Va,True,all_archived,16,25,0.17388833930909578,0.11199367588932804,0.7350039525691698
extended73|P1|oos|7y3sRwLe3Va_4291cbfde1024467b1548934653f07ce,P1|0|7y3sRwLe3Va_4291cbfde1024467b1548934653f07ce|oos,7y3sRwLe3Va_4291cbfde1024467b1548934653f07ce,P1,oos,7y3sRwLe3Va,True,all_archived,17,25,0.155634079385863,0.09795204216073783,0.766113306982872
extended73|P1|oos|7y3sRwLe3Va_4291cbfde1024467b1548934653f07ce,P1|0|7y3sRwLe3Va_4291cbfde1024467b1548934653f07ce|oos,7y3sRwLe3Va_4291cbfde1024467b1548934653f07ce,P1,oos,7y3sRwLe3Va,True,all_archived,18,25,0.1385068164482352,0.08444268774703559,0.7967233201581025
extended73|P1|oos|7y3sRwLe3Va_4291cbfde1024467b1548934653f07ce,P1|0|7y3sRwLe3Va_4291cbfde1024467b1548934653f07ce|oos,7y3sRwLe3Va_4291cbfde1024467b1548934653f07ce,P1,oos,7y3sRwLe3Va,True,all_archived,19,25,0.11952012838420159,0.0713897233201581,0.8268814229249012
extended73|P1|oos|7y3sRwLe3Va_4291cbfde1024467b1548934653f07ce,P1|0|7y3sRwLe3Va_4291cbfde1024467b1548934653f07ce|oos,7y3sRwLe3Va_4291cbfde1024467b1548934653f07ce,P1,oos,7y3sRwLe3Va,True,all_archived,20,25,0.10530359495576891,0.058729907773386034,0.8566271409749671
extended73|P1|oos|7y3sRwLe3Va_4291cbfde1024467b1548934653f07ce,P1|0|7y3sRwLe3Va_4291cbfde1024467b1548934653f07ce|oos,7y3sRwLe3Va_4291cbfde1024467b1548934653f07ce,P1,oos,7y3sRwLe3Va,True,current20,1,20,0.7340000000000002,0.7340000000000002,0.1
extended73|P1|oos|7y3sRwLe3Va_4291cbfde1024467b1548934653f07ce,P1|0|7y3sRwLe3Va_4291cbfde1024467b1548934653f07ce|oos,7y3sRwLe3Va_4291cbfde1024467b1548934653f07ce,P1,oos,7y3sRwLe3Va,True,current20,2,20,0.5644210526315792,0.564421052631579,0.17736842105263162
extended73|P1|oos|7y3sRwLe3Va_4291cbfde1024467b1548934653f07ce,P1|0|7y3sRwLe3Va_4291cbfde1024467b1548934653f07ce|oos,7y3sRwLe3Va_4291cbfde1024467b1548934653f07ce,P1,oos,7y3sRwLe3Va,True,current20,3,20,0.519017543859649,0.45533333333333326,0.23982456140350875
extended73|P1|oos|7y3sRwLe3Va_4291cbfde1024467b1548934653f07ce,P1|0|7y3sRwLe3Va_4291cbfde1024467b1548934653f07ce|oos,7y3sRwLe3Va_4291cbfde1024467b1548934653f07ce,P1,oos,7y3sRwLe3Va,True,current20,4,20,0.45381836945304455,0.3833230134158927,0.2924664602683179
extended73|P1|oos|7y3sRwLe3Va_4291cbfde1024467b1548934653f07ce,P1|0|7y3sRwLe3Va_4291cbfde1024467b1548934653f07ce|oos,7y3sRwLe3Va_4291cbfde1024467b1548934653f07ce,P1,oos,7y3sRwLe3Va,True,current20,5,20,0.4178792569659444,0.3335913312693498,0.33858359133126936
extended73|P1|oos|7y3sRwLe3Va_4291cbfde1024467b1548934653f07ce,P1|0|7y3sRwLe3Va_4291cbfde1024467b1548934653f07ce|oos,7y3sRwLe3Va_4291cbfde1024467b1548934653f07ce,P1,oos,7y3sRwLe3Va,True,current20,6,20,0.3756604747162022,0.29709391124871,0.38025283797729614
extended73|P1|oos|7y3sRwLe3Va_4291cbfde1024467b1548934653f07ce,P1|0|7y3sRwLe3Va_4291cbfde1024467b1548934653f07ce|oos,7y3sRwLe3Va_4291cbfde1024467b1548934653f07ce,P1,oos,7y3sRwLe3Va,True,current20,7,20,0.3537389060887512,0.26849742002063987,0.41876418988648095
extended73|P1|oos|7y3sRwLe3Va_4291cbfde1024467b1548934653f07ce,P1|0|7y3sRwLe3Va_4291cbfde1024467b1548934653f07ce|oos,7y3sRwLe3Va_4291cbfde1024467b1548934653f07ce,P1,oos,7y3sRwLe3Va,True,current20,8,20,0.3285638644121617,0.24476494403429389,0.45491545606096695
extended73|P1|oos|7y3sRwLe3Va_4291cbfde1024467b1548934653f07ce,P1|0|7y3sRwLe3Va_4291cbfde1024467b1548934653f07ce|oos,7y3sRwLe3Va_4291cbfde1024467b1548934653f07ce,P1,oos,7y3sRwLe3Va,True,current20,9,20,0.30690283400809715,0.22421290783519884,0.4892087401762325
extended73|P1|oos|7y3sRwLe3Va_4291cbfde1024467b1548934653f07ce,P1|0|7y3sRwLe3Va_4291cbfde1024467b1548934653f07ce|oos,7y3sRwLe3Va_4291cbfde1024467b1548934653f07ce,P1,oos,7y3sRwLe3Va,True,current20,10,20,0.2830042867349369,0.20591093117408904,0.5219754703500833
extended73|P1|oos|7y3sRwLe3Va_4291cbfde1024467b1548934653f07ce,P1|0|7y3sRwLe3Va_4291cbfde1024467b1548934653f07ce|oos,7y3sRwLe3Va_4291cbfde1024467b1548934653f07ce,P1,oos,7y3sRwLe3Va,True,current20,11,20,0.26097570850202423,0.1893217432722077,0.5534514170040485
extended73|P1|oos|7y3sRwLe3Va_4291cbfde1024467b1548934653f07ce,P1|0|7y3sRwLe3Va_4291cbfde1024467b1548934653f07ce|oos,7y3sRwLe3Va_4291cbfde1024467b1548934653f07ce,P1,oos,7y3sRwLe3Va,True,current20,12,20,0.2392941970310391,0.17410113519091847,0.5838183694530443
extended73|P1|oos|7y3sRwLe3Va_4291cbfde1024467b1548934653f07ce,P1|0|7y3sRwLe3Va_4291cbfde1024467b1548934653f07ce|oos,7y3sRwLe3Va_4291cbfde1024467b1548934653f07ce,P1,oos,7y3sRwLe3Va,True,current20,13,20,0.2220624751925061,0.15999793601651185,0.6132249742002065
extended73|P1|oos|7y3sRwLe3Va_4291cbfde1024467b1548934653f07ce,P1|0|7y3sRwLe3Va_4291cbfde1024467b1548934653f07ce|oos,7y3sRwLe3Va_4291cbfde1024467b1548934653f07ce,P1,oos,7y3sRwLe3Va,True,current20,14,20,0.20842827657378735,0.14681114551083593,0.6417956656346749
extended73|P1|oos|7y3sRwLe3Va_4291cbfde1024467b1548934653f07ce,P1|0|7y3sRwLe3Va_4291cbfde1024467b1548934653f07ce|oos,7y3sRwLe3Va_4291cbfde1024467b1548934653f07ce,P1,oos,7y3sRwLe3Va,True,current20,15,20,0.19210010319917437,0.13437564499484003,0.6696336429308565
extended73|P1|oos|7y3sRwLe3Va_4291cbfde1024467b1548934653f07ce,P1|0|7y3sRwLe3Va_4291cbfde1024467b1548934653f07ce|oos,7y3sRwLe3Va_4291cbfde1024467b1548934653f07ce,P1,oos,7y3sRwLe3Va,True,current20,16,20,0.17669246646026834,0.1225593395252838,0.6968214654282765
extended73|P1|oos|7y3sRwLe3Va_4291cbfde1024467b1548934653f07ce,P1|0|7y3sRwLe3Va_4291cbfde1024467b1548934653f07ce|oos,7y3sRwLe3Va_4291cbfde1024467b1548934653f07ce,P1,oos,7y3sRwLe3Va,True,current20,17,20,0.15802063983488132,0.11126315789473684,0.7234210526315789
extended73|P1|oos|7y3sRwLe3Va_4291cbfde1024467b1548934653f07ce,P1|0|7y3sRwLe3Va_4291cbfde1024467b1548934653f07ce|oos,7y3sRwLe3Va_4291cbfde1024467b1548934653f07ce,P1,oos,7y3sRwLe3Va,True,current20,18,20,0.14238596491228067,0.10042105263157897,0.7494736842105264
extended73|P1|oos|7y3sRwLe3Va_4291cbfde1024467b1548934653f07ce,P1|0|7y3sRwLe3Va_4291cbfde1024467b1548934653f07ce|oos,7y3sRwLe3Va_4291cbfde1024467b1548934653f07ce,P1,oos,7y3sRwLe3Va,True,current20,19,20,0.12315789473684208,0.09,0.7750000000000001
extended73|P1|oos|7y3sRwLe3Va_4291cbfde1024467b1548934653f07ce,P1|0|7y3sRwLe3Va_4291cbfde1024467b1548934653f07ce|oos,7y3sRwLe3Va_4291cbfde1024467b1548934653f07ce,P1,oos,7y3sRwLe3Va,True,current20,20,20,0.11000000000000001,0.08,0.8
extended73|P1|oos|7y3sRwLe3Va_6376b741b50a4418b3dc3fde791c3c09,P1|0|7y3sRwLe3Va_6376b741b50a4418b3dc3fde791c3c09|oos,7y3sRwLe3Va_6376b741b50a4418b3dc3fde791c3c09,P1,oos,7y3sRwLe3Va,False,all_archived,1,24,0.6597222222222222,0.6597222222222221,0.16666666666666666
extended73|P1|oos|7y3sRwLe3Va_6376b741b50a4418b3dc3fde791c3c09,P1|0|7y3sRwLe3Va_6376b741b50a4418b3dc3fde791c3c09|oos,7y3sRwLe3Va_6376b741b50a4418b3dc3fde791c3c09,P1,oos,7y3sRwLe3Va,False,all_archived,2,24,0.49743357487922696,0.4758454106280193,0.28140096618357485
extended73|P1|oos|7y3sRwLe3Va_6376b741b50a4418b3dc3fde791c3c09,P1|0|7y3sRwLe3Va_6376b741b50a4418b3dc3fde791c3c09|oos,7y3sRwLe3Va_6376b741b50a4418b3dc3fde791c3c09,P1,oos,7y3sRwLe3Va,False,all_archived,3,24,0.4453022068511198,0.37170619235836627,0.3679183135704875
extended73|P1|oos|7y3sRwLe3Va_6376b741b50a4418b3dc3fde791c3c09,P1|0|7y3sRwLe3Va_6376b741b50a4418b3dc3fde791c3c09|oos,7y3sRwLe3Va_6376b741b50a4418b3dc3fde791c3c09,P1,oos,7y3sRwLe3Va,False,all_archived,4,24,0.3827875023527197,0.3070887445887445,0.4387194930673191
extended73|P1|oos|7y3sRwLe3Va_6376b741b50a4418b3dc3fde791c3c09,P1|0|7y3sRwLe3Va_6376b741b50a4418b3dc3fde791c3c09|oos,7y3sRwLe3Va_6376b741b50a4418b3dc3fde791c3c09,P1,oos,7y3sRwLe3Va,False,all_archived,5,24,0.3392043493945668,0.2618233970136144,0.5001372419850681
extended73|P1|oos|7y3sRwLe3Va_6376b741b50a4418b3dc3fde791c3c09,P1|0|7y3sRwLe3Va_6376b741b50a4418b3dc3fde791c3c09|oos,7y3sRwLe3Va_6376b741b50a4418b3dc3fde791c3c09,P1,oos,7y3sRwLe3Va,False,all_archived,6,24,0.29747447918214504,0.22629108591637193,0.555257957145829
extended73|P1|oos|7y3sRwLe3Va_6376b741b50a4418b3dc3fde791c3c09,P1|0|7y3sRwLe3Va_6376b741b50a4418b3dc3fde791c3c09|oos,7y3sRwLe3Va_6376b741b50a4418b3dc3fde791c3c09,P1,oos,7y3sRwLe3Va,False,all_archived,7,24,0.2605583973933517,0.19614805087488157,0.6055448651272449
extended73|P1|oos|7y3sRwLe3Va_6376b741b50a4418b3dc3fde791c3c09,P1|0|7y3sRwLe3Va_6376b741b50a4418b3dc3fde791c3c09|oos,7y3sRwLe3Va_6376b741b50a4418b3dc3fde791c3c09,P1,oos,7y3sRwLe3Va,False,all_archived,8,24,0.2295642860153561,0.1695330271349924,0.6516973476860406
extended73|P1|oos|7y3sRwLe3Va_6376b741b50a4418b3dc3fde791c3c09,P1|0|7y3sRwLe3Va_6376b741b50a4418b3dc3fde791c3c09|oos,7y3sRwLe3Va_6376b741b50a4418b3dc3fde791c3c09,P1,oos,7y3sRwLe3Va,False,all_archived,9,24,0.21125110643383627,0.14567084179729725,0.6940806044697888
extended73|P1|oos|7y3sRwLe3Va_6376b741b50a4418b3dc3fde791c3c09,P1|0|7y3sRwLe3Va_6376b741b50a4418b3dc3fde791c3c09|oos,7y3sRwLe3Va_6376b741b50a4418b3dc3fde791c3c09,P1,oos,7y3sRwLe3Va,False,all_archived,10,24,0.19722629274301773,0.12422075870428609,0.7329261622824014
extended73|P1|oos|7y3sRwLe3Va_6376b741b50a4418b3dc3fde791c3c09,P1|0|7y3sRwLe3Va_6376b741b50a4418b3dc3fde791c3c09|oos,7y3sRwLe3Va_6376b741b50a4418b3dc3fde791c3c09,P1,oos,7y3sRwLe3Va,False,all_archived,11,24,0.17721014407774066,0.10499719767769805,0.768417807626483
extended73|P1|oos|7y3sRwLe3Va_6376b741b50a4418b3dc3fde791c3c09,P1|0|7y3sRwLe3Va_6376b741b50a4418b3dc3fde791c3c09|oos,7y3sRwLe3Va_6376b741b50a4418b3dc3fde791c3c09,P1,oos,7y3sRwLe3Va,False,all_archived,12,24,0.163225759411316,0.0878623188405797,0.8007246376811595
extended73|P1|oos|7y3sRwLe3Va_6376b741b50a4418b3dc3fde791c3c09,P1|0|7y3sRwLe3Va_6376b741b50a4418b3dc3fde791c3c09|oos,7y3sRwLe3Va_6376b741b50a4418b3dc3fde791c3c09,P1,oos,7y3sRwLe3Va,False,all_archived,13,24,0.14994704498885753,0.07269021739130434,0.8300120772946861
extended73|P1|oos|7y3sRwLe3Va_6376b741b50a4418b3dc3fde791c3c09,P1|0|7y3sRwLe3Va_6376b741b50a4418b3dc3fde791c3c09|oos,7y3sRwLe3Va_6376b741b50a4418b3dc3fde791c3c09,P1,oos,7y3sRwLe3Va,False,all_archived,14,24,0.14087592338786983,0.05935715854194115,0.8564448836187966
extended73|P1|oos|7y3sRwLe3Va_6376b741b50a4418b3dc3fde791c3c09,P1|0|7y3sRwLe3Va_6376b741b50a4418b3dc3fde791c3c09|oos,7y3sRwLe3Va_6376b741b50a4418b3dc3fde791c3c09,P1,oos,7y3sRwLe3Va,False,all_archived,15,24,0.12675066386030176,0.047739624505928856,0.8801877470355731
extended73|P1|oos|7y3sRwLe3Va_6376b741b50a4418b3dc3fde791c3c09,P1|0|7y3sRwLe3Va_6376b741b50a4418b3dc3fde791c3c09|oos,7y3sRwLe3Va_6376b741b50a4418b3dc3fde791c3c09,P1,oos,7y3sRwLe3Va,False,all_archived,16,24,0.11478214300767806,0.03771409749670619,0.9014053579270972
extended73|P1|oos|7y3sRwLe3Va_6376b741b50a4418b3dc3fde791c3c09,P1|0|7y3sRwLe3Va_6376b741b50a4418b3dc3fde791c3c09|oos,7y3sRwLe3Va_6376b741b50a4418b3dc3fde791c3c09,P1,oos,7y3sRwLe3Va,False,all_archived,17,24,0.10728875186785068,0.029157059727711904,0.92026240667545
extended73|P1|oos|7y3sRwLe3Va_6376b741b50a4418b3dc3fde791c3c09,P1|0|7y3sRwLe3Va_6376b741b50a4418b3dc3fde791c3c09|oos,7y3sRwLe3Va_6376b741b50a4418b3dc3fde791c3c09,P1,oos,7y3sRwLe3Va,False,all_archived,18,24,0.0991581597273817,0.021944993412384713,0.936923583662714
extended73|P1|oos|7y3sRwLe3Va_6376b741b50a4418b3dc3fde791c3c09,P1|0|7y3sRwLe3Va_6376b741b50a4418b3dc3fde791c3c09|oos,7y3sRwLe3Va_6376b741b50a4418b3dc3fde791c3c09,P1,oos,7y3sRwLe3Va,False,all_archived,19,24,0.08926430247225442,0.015954380764163376,0.9515535792709705
extended73|P1|oos|7y3sRwLe3Va_6376b741b50a4418b3dc3fde791c3c09,P1|0|7y3sRwLe3Va_6376b741b50a4418b3dc3fde791c3c09|oos,7y3sRwLe3Va_6376b741b50a4418b3dc3fde791c3c09,P1,oos,7y3sRwLe3Va,False,all_archived,20,24,0.07655750047054397,0.011061703996486604,0.9643170838823013
extended73|P1|oos|7y3sRwLe3Va_6376b741b50a4418b3dc3fde791c3c09,P1|0|7y3sRwLe3Va_6376b741b50a4418b3dc3fde791c3c09|oos,7y3sRwLe3Va_6376b741b50a4418b3dc3fde791c3c09,P1,oos,7y3sRwLe3Va,False,current20,1,19,0.618421052631579,0.6184210526315789,0.16666666666666666
extended73|P1|oos|7y3sRwLe3Va_6376b741b50a4418b3dc3fde791c3c09,P1|0|7y3sRwLe3Va_6376b741b50a4418b3dc3fde791c3c09|oos,7y3sRwLe3Va_6376b741b50a4418b3dc3fde791c3c09,P1,oos,7y3sRwLe3Va,False,current20,2,19,0.4683235867446393,0.44785575048732945,0.26608187134502925
extended73|P1|oos|7y3sRwLe3Va_6376b741b50a4418b3dc3fde791c3c09,P1|0|7y3sRwLe3Va_6376b741b50a4418b3dc3fde791c3c09|oos,7y3sRwLe3Va_6376b741b50a4418b3dc3fde791c3c09,P1,oos,7y3sRwLe3Va,False,current20,3,19,0.4195046439628482,0.3653250773993808,0.33608531131750946
extended73|P1|oos|7y3sRwLe3Va_6376b741b50a4418b3dc3fde791c3c09,P1|0|7y3sRwLe3Va_6376b741b50a4418b3dc3fde791c3c09|oos,7y3sRwLe3Va_6376b741b50a4418b3dc3fde791c3c09,P1,oos,7y3sRwLe3Va,False,current20,4,19,0.3635298417612659,0.3170257137942897,0.39323185414516687
extended73|P1|oos|7y3sRwLe3Va_6376b741b50a4418b3dc3fde791c3c09,P1|0|7y3sRwLe3Va_6376b741b50a4418b3dc3fde791c3c09|oos,7y3sRwLe3Va_6376b741b50a4418b3dc3fde791c3c09,P1,oos,7y3sRwLe3Va,False,current20,5,19,0.3219205079692696,0.28143633184267863,0.4441434468524252
extended73|P1|oos|7y3sRwLe3Va_6376b741b50a4418b3dc3fde791c3c09,P1|0|7y3sRwLe3Va_6376b741b50a4418b3dc3fde791c3c09|oos,7y3sRwLe3Va_6376b741b50a4418b3dc3fde791c3c09,P1,oos,7y3sRwLe3Va,False,current20,6,19,0.28391597867217055,0.2508707430340557,0.49118507051943583
extended73|P1|oos|7y3sRwLe3Va_6376b741b50a4418b3dc3fde791c3c09,P1|0|7y3sRwLe3Va_6376b741b50a4418b3dc3fde791c3c09|oos,7y3sRwLe3Va_6376b741b50a4418b3dc3fde791c3c09,P1,oos,7y3sRwLe3Va,False,current20,7,19,0.24795172792463815,0.22296396628826967,0.5350844116323993
extended73|P1|oos|7y3sRwLe3Va_6376b741b50a4418b3dc3fde791c3c09,P1|0|7y3sRwLe3Va_6376b741b50a4418b3dc3fde791c3c09|oos,7y3sRwLe3Va_6376b741b50a4418b3dc3fde791c3c09,P1,oos,7y3sRwLe3Va,False,current20,8,19,0.21871223748158733,0.19712475633528262,0.5760233918128654
extended73|P1|oos|7y3sRwLe3Va_6376b741b50a4418b3dc3fde791c3c09,P1|0|7y3sRwLe3Va_6376b741b50a4418b3dc3fde791c3c09|oos,7y3sRwLe3Va_6376b741b50a4418b3dc3fde791c3c09,P1,oos,7y3sRwLe3Va,False,current20,9,19,0.20250687994496047,0.1732456140350877,0.6140350877192983
extended73|P1|oos|7y3sRwLe3Va_6376b741b50a4418b3dc3fde791c3c09,P1|0|7y3sRwLe3Va_6376b741b50a4418b3dc3fde791c3c09|oos,7y3sRwLe3Va_6376b741b50a4418b3dc3fde791c3c09,P1,oos,7y3sRwLe3Va,False,current20,10,19,0.1910226641263793,0.1513157894736842,0.649122807017544
extended73|P1|oos|7y3sRwLe3Va_6376b741b50a4418b3dc3fde791c3c09,P1|0|7y3sRwLe3Va_6376b741b50a4418b3dc3fde791c3c09|oos,7y3sRwLe3Va_6376b741b50a4418b3dc3fde791c3c09,P1,oos,7y3sRwLe3Va,False,current20,11,19,0.17397936457533983,0.1313352826510721,0.6812865497076023
extended73|P1|oos|7y3sRwLe3Va_6376b741b50a4418b3dc3fde791c3c09,P1|0|7y3sRwLe3Va_6376b741b50a4418b3dc3fde791c3c09|oos,7y3sRwLe3Va_6376b741b50a4418b3dc3fde791c3c09,P1,oos,7y3sRwLe3Va,False,current20,12,19,0.16155301526818558,0.11330409356725146,0.7105263157894738
extended73|P1|oos|7y3sRwLe3Va_6376b741b50a4418b3dc3fde791c3c09,P1|0|7y3sRwLe3Va_6376b741b50a4418b3dc3fde791c3c09|oos,7y3sRwLe3Va_6376b741b50a4418b3dc3fde791c3c09,P1,oos,7y3sRwLe3Va,False,current20,13,19,0.15177555502632903,0.09722222222222221,0.7368421052631579
extended73|P1|oos|7y3sRwLe3Va_6376b741b50a4418b3dc3fde791c3c09,P1|0|7y3sRwLe3Va_6376b741b50a4418b3dc3fde791c3c09|oos,7y3sRwLe3Va_6376b741b50a4418b3dc3fde791c3c09,P1,oos,7y3sRwLe3Va,False,current20,14,19,0.14343251920651304,0.08308966861598441,0.7602339181286549
extended73|P1|oos|7y3sRwLe3Va_6376b741b50a4418b3dc3fde791c3c09,P1|0|7y3sRwLe3Va_6376b741b50a4418b3dc3fde791c3c09|oos,7y3sRwLe3Va_6376b741b50a4418b3dc3fde791c3c09,P1,oos,7y3sRwLe3Va,False,current20,15,19,0.1319121947024424,0.070906432748538,0.7807017543859649
extended73|P1|oos|7y3sRwLe3Va_6376b741b50a4418b3dc3fde791c3c09,P1|0|7y3sRwLe3Va_6376b741b50a4418b3dc3fde791c3c09|oos,7y3sRwLe3Va_6376b741b50a4418b3dc3fde791c3c09,P1,oos,7y3sRwLe3Va,False,current20,16,19,0.11915204678362575,0.06067251461988304,0.7982456140350876
extended73|P1|oos|7y3sRwLe3Va_6376b741b50a4418b3dc3fde791c3c09,P1|0|7y3sRwLe3Va_6376b741b50a4418b3dc3fde791c3c09|oos,7y3sRwLe3Va_6376b741b50a4418b3dc3fde791c3c09,P1,oos,7y3sRwLe3Va,False,current20,17,19,0.11720272904483432,0.05238791423001949,0.8128654970760234
extended73|P1|oos|7y3sRwLe3Va_6376b741b50a4418b3dc3fde791c3c09,P1|0|7y3sRwLe3Va_6376b741b50a4418b3dc3fde791c3c09|oos,7y3sRwLe3Va_6376b741b50a4418b3dc3fde791c3c09,P1,oos,7y3sRwLe3Va,False,current20,18,19,0.11476608187134506,0.046052631578947366,0.8245614035087719
extended73|P1|oos|7y3sRwLe3Va_6376b741b50a4418b3dc3fde791c3c09,P1|0|7y3sRwLe3Va_6376b741b50a4418b3dc3fde791c3c09|oos,7y3sRwLe3Va_6376b741b50a4418b3dc3fde791c3c09,P1,oos,7y3sRwLe3Va,False,current20,19,19,0.1118421052631579,0.041666666666666664,0.8333333333333334
extended73|P1|oos|UwV83HsGsw3_528d342bf5494b3b94983545d6a1a282,P1|0|UwV83HsGsw3_528d342bf5494b3b94983545d6a1a282|oos,UwV83HsGsw3_528d342bf5494b3b94983545d6a1a282,P1,oos,UwV83HsGsw3,True,all_archived,1,25,0.896,0.896,0.07692307692307693
extended73|P1|oos|UwV83HsGsw3_528d342bf5494b3b94983545d6a1a282,P1|0|UwV83HsGsw3_528d342bf5494b3b94983545d6a1a282|oos,UwV83HsGsw3_528d342bf5494b3b94983545d6a1a282,P1,oos,UwV83HsGsw3,True,all_archived,2,25,0.8021333333333334,0.8021333333333334,0.14871794871794874
extended73|P1|oos|UwV83HsGsw3_528d342bf5494b3b94983545d6a1a282,P1|0|UwV83HsGsw3_528d342bf5494b3b94983545d6a1a282|oos,UwV83HsGsw3_528d342bf5494b3b94983545d6a1a282,P1,oos,UwV83HsGsw3,True,all_archived,3,25,0.7174260869565218,0.7174260869565218,0.21578595317725752
extended73|P1|oos|UwV83HsGsw3_528d342bf5494b3b94983545d6a1a282,P1|0|UwV83HsGsw3_528d342bf5494b3b94983545d6a1a282|oos,UwV83HsGsw3_528d342bf5494b3b94983545d6a1a282,P1,oos,UwV83HsGsw3,True,all_archived,4,25,0.6409833992094861,0.640983399209486,0.27849802371541504
extended73|P1|oos|UwV83HsGsw3_528d342bf5494b3b94983545d6a1a282,P1|0|UwV83HsGsw3_528d342bf5494b3b94983545d6a1a282|oos,UwV83HsGsw3_528d342bf5494b3b94983545d6a1a282,P1,oos,UwV83HsGsw3,True,all_archived,5,25,0.5719856954639565,0.5719856954639563,0.3371961371961372
extended73|P1|oos|UwV83HsGsw3_528d342bf5494b3b94983545d6a1a282,P1|0|UwV83HsGsw3_528d342bf5494b3b94983545d6a1a282|oos,UwV83HsGsw3_528d342bf5494b3b94983545d6a1a282,P1,oos,UwV83HsGsw3,True,all_archived,6,25,0.5242755505364199,0.5096849237718802,0.39219476175997914
extended73|P1|oos|UwV83HsGsw3_528d342bf5494b3b94983545d6a1a282,P1|0|UwV83HsGsw3_528d342bf5494b3b94983545d6a1a282|oos,UwV83HsGsw3_528d342bf5494b3b94983545d6a1a282,P1,oos,UwV83HsGsw3,True,all_archived,7,25,0.47643862224731787,0.453400790513834,0.44378230465186996
extended73|P1|oos|UwV83HsGsw3_528d342bf5494b3b94983545d6a1a282,P1|0|UwV83HsGsw3_528d342bf5494b3b94983545d6a1a282|oos,UwV83HsGsw3_528d342bf5494b3b94983545d6a1a282,P1,oos,UwV83HsGsw3,True,all_archived,8,25,0.4293944664031621,0.40251699604743085,0.49222256004864706
extended73|P1|oos|UwV83HsGsw3_528d342bf5494b3b94983545d6a1a282,P1|0|UwV83HsGsw3_528d342bf5494b3b94983545d6a1a282|oos,UwV83HsGsw3_528d342bf5494b3b94983545d6a1a282,P1,oos,UwV83HsGsw3,True,all_archived,9,25,0.39222977602108033,0.3564774703557313,0.5377561568865916
extended73|P1|oos|UwV83HsGsw3_528d342bf5494b3b94983545d6a1a282,P1|0|UwV83HsGsw3_528d342bf5494b3b94983545d6a1a282|oos,UwV83HsGsw3_528d342bf5494b3b94983545d6a1a282,P1,oos,UwV83HsGsw3,True,all_archived,10,25,0.3587351778656127,0.31478260869565217,0.5806020066889633
extended73|P1|oos|UwV83HsGsw3_528d342bf5494b3b94983545d6a1a282,P1|0|UwV83HsGsw3_528d342bf5494b3b94983545d6a1a282|oos,UwV83HsGsw3_528d342bf5494b3b94983545d6a1a282,P1,oos,UwV83HsGsw3,True,all_archived,11,25,0.33176706192358363,0.2769855072463768,0.6209587513935338
extended73|P1|oos|UwV83HsGsw3_528d342bf5494b3b94983545d6a1a282,P1|0|UwV83HsGsw3_528d342bf5494b3b94983545d6a1a282|oos,UwV83HsGsw3_528d342bf5494b3b94983545d6a1a282,P1,oos,UwV83HsGsw3,True,all_archived,12,25,0.30321490683229807,0.24268819875776404,0.6590062111801244
extended73|P1|oos|UwV83HsGsw3_528d342bf5494b3b94983545d6a1a282,P1|0|UwV83HsGsw3_528d342bf5494b3b94983545d6a1a282|oos,UwV83HsGsw3_528d342bf5494b3b94983545d6a1a282,P1,oos,UwV83HsGsw3,True,all_archived,13,25,0.27989068322981364,0.21153788819875774,0.6949068322981368
extended73|P1|oos|UwV83HsGsw3_528d342bf5494b3b94983545d6a1a282,P1|0|UwV83HsGsw3_528d342bf5494b3b94983545d6a1a282|oos,UwV83HsGsw3_528d342bf5494b3b94983545d6a1a282,P1,oos,UwV83HsGsw3,True,all_archived,14,25,0.26067412008281576,0.1832231884057971,0.7288071348940914
extended73|P1|oos|UwV83HsGsw3_528d342bf5494b3b94983545d6a1a282,P1|0|UwV83HsGsw3_528d342bf5494b3b94983545d6a1a282|oos,UwV83HsGsw3_528d342bf5494b3b94983545d6a1a282,P1,oos,UwV83HsGsw3,True,all_archived,15,25,0.2391567852437418,0.1574703557312253,0.7608391608391608
extended73|P1|oos|UwV83HsGsw3_528d342bf5494b3b94983545d6a1a282,P1|0|UwV83HsGsw3_528d342bf5494b3b94983545d6a1a282|oos,UwV83HsGsw3_528d342bf5494b3b94983545d6a1a282,P1,oos,UwV83HsGsw3,True,all_archived,16,25,0.22062924901185776,0.13403952569169958,0.7911219215567044
extended73|P1|oos|UwV83HsGsw3_528d342bf5494b3b94983545d6a1a282,P1|0|UwV83HsGsw3_528d342bf5494b3b94983545d6a1a282|oos,UwV83HsGsw3_528d342bf5494b3b94983545d6a1a282,P1,oos,UwV83HsGsw3,True,all_archived,17,25,0.20206798418972335,0.11272094861660079,0.8197628458498022
extended73|P1|oos|UwV83HsGsw3_528d342bf5494b3b94983545d6a1a282,P1|0|UwV83HsGsw3_528d342bf5494b3b94983545d6a1a282|oos,UwV83HsGsw3_528d342bf5494b3b94983545d6a1a282,P1,oos,UwV83HsGsw3,True,all_archived,18,25,0.1852816864295125,0.0933312252964427,0.846859227728793
extended73|P1|oos|UwV83HsGsw3_528d342bf5494b3b94983545d6a1a282,P1|0|UwV83HsGsw3_528d342bf5494b3b94983545d6a1a282|oos,UwV83HsGsw3_528d342bf5494b3b94983545d6a1a282,P1,oos,UwV83HsGsw3,True,all_archived,19,25,0.16556070016939578,0.07570954263128175,0.8724996742388046
extended73|P1|oos|UwV83HsGsw3_528d342bf5494b3b94983545d6a1a282,P1|0|UwV83HsGsw3_528d342bf5494b3b94983545d6a1a282|oos,UwV83HsGsw3_528d342bf5494b3b94983545d6a1a282,P1,oos,UwV83HsGsw3,True,all_archived,20,25,0.14299642386598907,0.05971390927912666,0.8967655532872926
extended73|P1|oos|UwV83HsGsw3_528d342bf5494b3b94983545d6a1a282,P1|0|UwV83HsGsw3_528d342bf5494b3b94983545d6a1a282|oos,UwV83HsGsw3_528d342bf5494b3b94983545d6a1a282,P1,oos,UwV83HsGsw3,True,current20,1,20,0.8960000000000004,0.8960000000000004,0.07692307692307693
extended73|P1|oos|UwV83HsGsw3_528d342bf5494b3b94983545d6a1a282,P1|0|UwV83HsGsw3_528d342bf5494b3b94983545d6a1a282|oos,UwV83HsGsw3_528d342bf5494b3b94983545d6a1a282,P1,oos,UwV83HsGsw3,True,current20,2,20,0.8012631578947369,0.8012631578947369,0.14898785425101216
extended73|P1|oos|UwV83HsGsw3_528d342bf5494b3b94983545d6a1a282,P1|0|UwV83HsGsw3_528d342bf5494b3b94983545d6a1a282|oos,UwV83HsGsw3_528d342bf5494b3b94983545d6a1a282,P1,oos,UwV83HsGsw3,True,current20,3,20,0.7150877192982454,0.7150877192982455,0.21646423751686908
extended73|P1|oos|UwV83HsGsw3_528d342bf5494b3b94983545d6a1a282,P1|0|UwV83HsGsw3_528d342bf5494b3b94983545d6a1a282|oos,UwV83HsGsw3_528d342bf5494b3b94983545d6a1a282,P1,oos,UwV83HsGsw3,True,current20,4,20,0.636813209494324,0.6368132094943241,0.27960625545764867
extended73|P1|oos|UwV83HsGsw3_528d342bf5494b3b94983545d6a1a282,P1|0|UwV83HsGsw3_528d342bf5494b3b94983545d6a1a282|oos,UwV83HsGsw3_528d342bf5494b3b94983545d6a1a282,P1,oos,UwV83HsGsw3,True,current20,5,20,0.5658204334365325,0.5658204334365327,0.33865206001428905
extended73|P1|oos|UwV83HsGsw3_528d342bf5494b3b94983545d6a1a282,P1|0|UwV83HsGsw3_528d342bf5494b3b94983545d6a1a282|oos,UwV83HsGsw3_528d342bf5494b3b94983545d6a1a282,P1,oos,UwV83HsGsw3,True,current20,6,20,0.5165572755417955,0.501531475748194,0.39382392633166624
extended73|P1|oos|UwV83HsGsw3_528d342bf5494b3b94983545d6a1a282,P1|0|UwV83HsGsw3_528d342bf5494b3b94983545d6a1a282|oos,UwV83HsGsw3_528d342bf5494b3b94983545d6a1a282,P1,oos,UwV83HsGsw3,True,current20,7,20,0.4670216718266253,0.4434097007223943,0.4453282527585933
extended73|P1|oos|UwV83HsGsw3_528d342bf5494b3b94983545d6a1a282,P1|0|UwV83HsGsw3_528d342bf5494b3b94983545d6a1a282|oos,UwV83HsGsw3_528d342bf5494b3b94983545d6a1a282,P1,oos,UwV83HsGsw3,True,current20,8,20,0.4182043343653251,0.3909597523219815,0.49335556084782106
extended73|P1|oos|UwV83HsGsw3_528d342bf5494b3b94983545d6a1a282,P1|0|UwV83HsGsw3_528d342bf5494b3b94983545d6a1a282|oos,UwV83HsGsw3_528d342bf5494b3b94983545d6a1a282,P1,oos,UwV83HsGsw3,True,current20,9,20,0.380235294117647,0.3437275541795666,0.5380804953560371
extended73|P1|oos|UwV83HsGsw3_528d342bf5494b3b94983545d6a1a282,P1|0|UwV83HsGsw3_528d342bf5494b3b94983545d6a1a282|oos,UwV83HsGsw3_528d342bf5494b3b94983545d6a1a282,P1,oos,UwV83HsGsw3,True,current20,10,20,0.3471207430340557,0.30130030959752324,0.5796618242438677
extended73|P1|oos|UwV83HsGsw3_528d342bf5494b3b94983545d6a1a282,P1|0|UwV83HsGsw3_528d342bf5494b3b94983545d6a1a282|oos,UwV83HsGsw3_528d342bf5494b3b94983545d6a1a282,P1,oos,UwV83HsGsw3,True,current20,11,20,0.3218575851393189,0.2633065015479876,0.6182424386758752
extended73|P1|oos|UwV83HsGsw3_528d342bf5494b3b94983545d6a1a282,P1|0|UwV83HsGsw3_528d342bf5494b3b94983545d6a1a282|oos,UwV83HsGsw3_528d342bf5494b3b94983545d6a1a282,P1,oos,UwV83HsGsw3,True,current20,12,20,0.29536429308565537,0.2294158926728586,0.6539493530205605
extended73|P1|oos|UwV83HsGsw3_528d342bf5494b3b94983545d6a1a282,P1|0|UwV83HsGsw3_528d342bf5494b3b94983545d6a1a282|oos,UwV83HsGsw3_528d342bf5494b3b94983545d6a1a282,P1,oos,UwV83HsGsw3,True,current20,13,20,0.2736594427244582,0.19933952528379778,0.6868937048503612
extended73|P1|oos|UwV83HsGsw3_528d342bf5494b3b94983545d6a1a282,P1|0|UwV83HsGsw3_528d342bf5494b3b94983545d6a1a282|oos,UwV83HsGsw3_528d342bf5494b3b94983545d6a1a282,P1,oos,UwV83HsGsw3,True,current20,14,20,0.2544643962848297,0.17282972136222916,0.7171707549416525
extended73|P1|oos|UwV83HsGsw3_528d342bf5494b3b94983545d6a1a282,P1|0|UwV83HsGsw3_528d342bf5494b3b94983545d6a1a282|oos,UwV83HsGsw3_528d342bf5494b3b94983545d6a1a282,P1,oos,UwV83HsGsw3,True,current20,15,20,0.2314138286893705,0.1496800825593395,0.744859887274748
extended73|P1|oos|UwV83HsGsw3_528d342bf5494b3b94983545d6a1a282,P1|0|UwV83HsGsw3_528d342bf5494b3b94983545d6a1a282|oos,UwV83HsGsw3_528d342bf5494b3b94983545d6a1a282,P1,oos,UwV83HsGsw3,True,current20,16,20,0.21078224974200208,0.12972549019607843,0.7700246090338971
extended73|P1|oos|UwV83HsGsw3_528d342bf5494b3b94983545d6a1a282,P1|0|UwV83HsGsw3_528d342bf5494b3b94983545d6a1a282|oos,UwV83HsGsw3_528d342bf5494b3b94983545d6a1a282,P1,oos,UwV83HsGsw3,True,current20,17,20,0.18912693498452013,0.11284210526315791,0.7927125506072874
extended73|P1|oos|UwV83HsGsw3_528d342bf5494b3b94983545d6a1a282,P1|0|UwV83HsGsw3_528d342bf5494b3b94983545d6a1a282|oos,UwV83HsGsw3_528d342bf5494b3b94983545d6a1a282,P1,oos,UwV83HsGsw3,True,current20,18,20,0.17024561403508773,0.09894736842105264,0.8129554655870446
extended73|P1|oos|UwV83HsGsw3_528d342bf5494b3b94983545d6a1a282,P1|0|UwV83HsGsw3_528d342bf5494b3b94983545d6a1a282|oos,UwV83HsGsw3_528d342bf5494b3b94983545d6a1a282,P1,oos,UwV83HsGsw3,True,current20,19,20,0.14736842105263157,0.088,0.8307692307692307
extended73|P1|oos|UwV83HsGsw3_528d342bf5494b3b94983545d6a1a282,P1|0|UwV83HsGsw3_528d342bf5494b3b94983545d6a1a282|oos,UwV83HsGsw3_528d342bf5494b3b94983545d6a1a282,P1,oos,UwV83HsGsw3,True,current20,20,20,0.12000000000000002,0.08,0.8461538461538461
extended73|P1|oos|UwV83HsGsw3_71ada030981d4468b76dcebc1b6fb940,P1|0|UwV83HsGsw3_71ada030981d4468b76dcebc1b6fb940|oos,UwV83HsGsw3_71ada030981d4468b76dcebc1b6fb940,P1,oos,UwV83HsGsw3,False,all_archived,1,23,0.8620037807183363,0.8620037807183363,0.0909090909090909
extended73|P1|oos|UwV83HsGsw3_71ada030981d4468b76dcebc1b6fb940,P1|0|UwV83HsGsw3_71ada030981d4468b76dcebc1b6fb940|oos,UwV83HsGsw3_71ada030981d4468b76dcebc1b6fb940,P1,oos,UwV83HsGsw3,False,all_archived,2,23,0.7434267056195224,0.7434267056195224,0.17283507006827162
extended73|P1|oos|UwV83HsGsw3_71ada030981d4468b76dcebc1b6fb940,P1|0|UwV83HsGsw3_71ada030981d4468b76dcebc1b6fb940|oos,UwV83HsGsw3_71ada030981d4468b76dcebc1b6fb940,P1,oos,UwV83HsGsw3,False,all_archived,3,23,0.6417401124395453,0.6417401124395453,0.2468559108875315
extended73|P1|oos|UwV83HsGsw3_71ada030981d4468b76dcebc1b6fb940,P1|0|UwV83HsGsw3_71ada030981d4468b76dcebc1b6fb940|oos,UwV83HsGsw3_71ada030981d4468b76dcebc1b6fb940,P1,oos,UwV83HsGsw3,False,all_archived,4,23,0.5546608401050745,0.5546608401050745,0.31394692264257473
extended73|P1|oos|UwV83HsGsw3_71ada030981d4468b76dcebc1b6fb940,P1|0|UwV83HsGsw3_71ada030981d4468b76dcebc1b6fb940|oos,UwV83HsGsw3_71ada030981d4468b76dcebc1b6fb940,P1,oos,UwV83HsGsw3,False,all_archived,5,23,0.49595375274412185,0.48013830761816034,0.3749861538503103
extended73|P1|oos|UwV83HsGsw3_71ada030981d4468b76dcebc1b6fb940,P1|0|UwV83HsGsw3_71ada030981d4468b76dcebc1b6fb940|oos,UwV83HsGsw3_71ada030981d4468b76dcebc1b6fb940,P1,oos,UwV83HsGsw3,False,all_archived,6,23,0.4593947491171647,0.41634159294093614,0.43075979564433914
extended73|P1|oos|UwV83HsGsw3_71ada030981d4468b76dcebc1b6fb940,P1|0|UwV83HsGsw3_71ada030981d4468b76dcebc1b6fb940|oos,UwV83HsGsw3_71ada030981d4468b76dcebc1b6fb940,P1,oos,UwV83HsGsw3,False,all_archived,7,23,0.41808594350629974,0.3616465118803195,0.48196758515044363
extended73|P1|oos|UwV83HsGsw3_71ada030981d4468b76dcebc1b6fb940,P1|0|UwV83HsGsw3_71ada030981d4468b76dcebc1b6fb940|oos,UwV83HsGsw3_71ada030981d4468b76dcebc1b6fb940,P1,oos,UwV83HsGsw3,False,all_archived,8,23,0.377167355577464,0.3146226969727119,0.529228208862076
extended73|P1|oos|UwV83HsGsw3_71ada030981d4468b76dcebc1b6fb940,P1|0|UwV83HsGsw3_71ada030981d4468b76dcebc1b6fb940|oos,UwV83HsGsw3_71ada030981d4468b76dcebc1b6fb940,P1,oos,UwV83HsGsw3,False,all_archived,9,23,0.33986667993234493,0.2740206763687014,0.573084706015848
extended73|P1|oos|UwV83HsGsw3_71ada030981d4468b76dcebc1b6fb940,P1|0|UwV83HsGsw3_71ada030981d4468b76dcebc1b6fb940|oos,UwV83HsGsw3_71ada030981d4468b76dcebc1b6fb940,P1,oos,UwV83HsGsw3,False,all_archived,10,23,0.31535532421016454,0.23875895271776282,0.6140098719670178
extended73|P1|oos|UwV83HsGsw3_71ada030981d4468b76dcebc1b6fb940,P1|0|UwV83HsGsw3_71ada030981d4468b76dcebc1b6fb940|oos,UwV83HsGsw3_71ada030981d4468b76dcebc1b6fb940,P1,oos,UwV83HsGsw3,False,all_archived,11,23,0.29063206219708054,0.20791108205295847,0.6524116615649797
extended73|P1|oos|UwV83HsGsw3_71ada030981d4468b76dcebc1b6fb940,P1|0|UwV83HsGsw3_71ada030981d4468b76dcebc1b6fb940|oos,UwV83HsGsw3_71ada030981d4468b76dcebc1b6fb940,P1,oos,UwV83HsGsw3,False,all_archived,12,23,0.26641272368065727,0.18069275267563994,0.6886385925287526
extended73|P1|oos|UwV83HsGsw3_71ada030981d4468b76dcebc1b6fb940,P1|0|UwV83HsGsw3_71ada030981d4468b76dcebc1b6fb940|oos,UwV83HsGsw3_71ada030981d4468b76dcebc1b6fb940,P1,oos,UwV83HsGsw3,False,all_archived,13,23,0.24258101862320353,0.15644886404014852,0.7229851488224693
extended73|P1|oos|UwV83HsGsw3_71ada030981d4468b76dcebc1b6fb940,P1|0|UwV83HsGsw3_71ada030981d4468b76dcebc1b6fb940|oos,UwV83HsGsw3_71ada030981d4468b76dcebc1b6fb940,P1,oos,UwV83HsGsw3,False,all_archived,14,23,0.21848572281365033,0.1346406056385163,0.7556971840308642
extended73|P1|oos|UwV83HsGsw3_71ada030981d4468b76dcebc1b6fb940,P1|0|UwV83HsGsw3_71ada030981d4468b76dcebc1b6fb940|oos,UwV83HsGsw3_71ada030981d4468b76dcebc1b6fb940,P1,oos,UwV83HsGsw3,False,all_archived,15,23,0.20115592297464752,0.11483253588516748,0.7869773247347619
extended73|P1|oos|UwV83HsGsw3_71ada030981d4468b76dcebc1b6fb940,P1|0|UwV83HsGsw3_71ada030981d4468b76dcebc1b6fb940|oos,UwV83HsGsw3_71ada030981d4468b76dcebc1b6fb940,P1,oos,UwV83HsGsw3,False,all_archived,16,23,0.18291260028400608,0.09667966100161902,0.8169903738865668
extended73|P1|oos|UwV83HsGsw3_71ada030981d4468b76dcebc1b6fb940,P1|0|UwV83HsGsw3_71ada030981d4468b76dcebc1b6fb940|oos,UwV83HsGsw3_71ada030981d4468b76dcebc1b6fb940,P1,oos,UwV83HsGsw3,False,all_archived,17,23,0.16213932321782287,0.07991451390118189,0.8458687141857518
extended73|P1|oos|UwV83HsGsw3_71ada030981d4468b76dcebc1b6fb940,P1|0|UwV83HsGsw3_71ada030981d4468b76dcebc1b6fb940|oos,UwV83HsGsw3_71ada030981d4468b76dcebc1b6fb940,P1,oos,UwV83HsGsw3,False,all_archived,18,23,0.13776493131781165,0.06433423307366198,0.8737177114543456
extended73|P1|oos|UwV83HsGsw3_71ada030981d4468b76dcebc1b6fb940,P1|0|UwV83HsGsw3_71ada030981d4468b76dcebc1b6fb940|oos,UwV83HsGsw3_71ada030981d4468b76dcebc1b6fb940,P1,oos,UwV83HsGsw3,False,all_archived,19,23,0.1167707031800157,0.049787641470061136,0.9006211180124222
extended73|P1|oos|UwV83HsGsw3_71ada030981d4468b76dcebc1b6fb940,P1|0|UwV83HsGsw3_71ada030981d4468b76dcebc1b6fb940|oos,UwV83HsGsw3_71ada030981d4468b76dcebc1b6fb940,P1,oos,UwV83HsGsw3,False,all_archived,20,23,0.09626101686593179,0.03616232538727813,0.9266464760535906
extended73|P1|oos|UwV83HsGsw3_71ada030981d4468b76dcebc1b6fb940,P1|0|UwV83HsGsw3_71ada030981d4468b76dcebc1b6fb940|oos,UwV83HsGsw3_71ada030981d4468b76dcebc1b6fb940,P1,oos,UwV83HsGsw3,False,current20,1,18,0.859903381642512,0.8599033816425119,0.09090909090909093
extended73|P1|oos|UwV83HsGsw3_71ada030981d4468b76dcebc1b6fb940,P1|0|UwV83HsGsw3_71ada030981d4468b76dcebc1b6fb940|oos,UwV83HsGsw3_71ada030981d4468b76dcebc1b6fb940,P1,oos,UwV83HsGsw3,False,current20,2,18,0.7388462631429383,0.7388462631429381,0.17290552584670235
extended73|P1|oos|UwV83HsGsw3_71ada030981d4468b76dcebc1b6fb940,P1|0|UwV83HsGsw3_71ada030981d4468b76dcebc1b6fb940|oos,UwV83HsGsw3_71ada030981d4468b76dcebc1b6fb940,P1,oos,UwV83HsGsw3,False,current20,3,18,0.634697357203751,0.6346973572037511,0.24688057040998215
extended73|P1|oos|UwV83HsGsw3_71ada030981d4468b76dcebc1b6fb940,P1|0|UwV83HsGsw3_71ada030981d4468b76dcebc1b6fb940|oos,UwV83HsGsw3_71ada030981d4468b76dcebc1b6fb940,P1,oos,UwV83HsGsw3,False,current20,4,18,0.5454674623472577,0.5454674623472577,0.31366607248960193
extended73|P1|oos|UwV83HsGsw3_71ada030981d4468b76dcebc1b6fb940,P1|0|UwV83HsGsw3_71ada030981d4468b76dcebc1b6fb940|oos,UwV83HsGsw3_71ada030981d4468b76dcebc1b6fb940,P1,oos,UwV83HsGsw3,False,current20,5,18,0.48556408070474566,0.46930946291560105,0.37403446226975634
extended73|P1|oos|UwV83HsGsw3_71ada030981d4468b76dcebc1b6fb940,P1|0|UwV83HsGsw3_71ada030981d4468b76dcebc1b6fb940|oos,UwV83HsGsw3_71ada030981d4468b76dcebc1b6fb940,P1,oos,UwV83HsGsw3,False,current20,6,18,0.4482807615799943,0.4045183290707588,0.42869875222816384
extended73|P1|oos|UwV83HsGsw3_71ada030981d4468b76dcebc1b6fb940,P1|0|UwV83HsGsw3_71ada030981d4468b76dcebc1b6fb940|oos,UwV83HsGsw3_71ada030981d4468b76dcebc1b6fb940,P1,oos,UwV83HsGsw3,False,current20,7,18,0.4057971014492753,0.34953111679454385,0.47831253713606664
extended73|P1|oos|UwV83HsGsw3_71ada030981d4468b76dcebc1b6fb940,P1|0|UwV83HsGsw3_71ada030981d4468b76dcebc1b6fb940|oos,UwV83HsGsw3_71ada030981d4468b76dcebc1b6fb940,P1,oos,UwV83HsGsw3,False,current20,8,18,0.363739698778062,0.3029269678886047,0.5234699940582295
extended73|P1|oos|UwV83HsGsw3_71ada030981d4468b76dcebc1b6fb940,P1|0|UwV83HsGsw3_71ada030981d4468b76dcebc1b6fb940|oos,UwV83HsGsw3_71ada030981d4468b76dcebc1b6fb940,P1,oos,UwV83HsGsw3,False,current20,9,18,0.3261722080136402,0.26342710997442453,0.5647058823529412
extended73|P1|oos|UwV83HsGsw3_71ada030981d4468b76dcebc1b6fb940,P1|0|UwV83HsGsw3_71ada030981d4468b76dcebc1b6fb940|oos,UwV83HsGsw3_71ada030981d4468b76dcebc1b6fb940,P1,oos,UwV83HsGsw3,False,current20,10,18,0.3030974708724069,0.22989485649332198,0.6024955436720142
extended73|P1|oos|UwV83HsGsw3_71ada030981d4468b76dcebc1b6fb940,P1|0|UwV83HsGsw3_71ada030981d4468b76dcebc1b6fb940|oos,UwV83HsGsw3_71ada030981d4468b76dcebc1b6fb940,P1,oos,UwV83HsGsw3,False,current20,11,18,0.27990906507530544,0.20133560670645068,0.6372549019607843
extended73|P1|oos|UwV83HsGsw3_71ada030981d4468b76dcebc1b6fb940,P1|0|UwV83HsGsw3_71ada030981d4468b76dcebc1b6fb940|oos,UwV83HsGsw3_71ada030981d4468b76dcebc1b6fb940,P1,oos,UwV83HsGsw3,False,current20,12,18,0.2563228189826655,0.17689684569479963,0.6693404634581106
extended73|P1|oos|UwV83HsGsw3_71ada030981d4468b76dcebc1b6fb940,P1|0|UwV83HsGsw3_71ada030981d4468b76dcebc1b6fb940|oos,UwV83HsGsw3_71ada030981d4468b76dcebc1b6fb940,P1,oos,UwV83HsGsw3,False,current20,13,18,0.23145780051150897,0.15586814435919294,0.6990493166963756
extended73|P1|oos|UwV83HsGsw3_71ada030981d4468b76dcebc1b6fb940,P1|0|UwV83HsGsw3_71ada030981d4468b76dcebc1b6fb940|oos,UwV83HsGsw3_71ada030981d4468b76dcebc1b6fb940,P1,oos,UwV83HsGsw3,False,current20,14,18,0.20554134697357201,0.13768115942028986,0.7266191325014855
extended73|P1|oos|UwV83HsGsw3_71ada030981d4468b76dcebc1b6fb940,P1|0|UwV83HsGsw3_71ada030981d4468b76dcebc1b6fb940|oos,UwV83HsGsw3_71ada030981d4468b76dcebc1b6fb940,P1,oos,UwV83HsGsw3,False,current20,15,18,0.18689968741119634,0.12190963341858482,0.7522281639928697
extended73|P1|oos|UwV83HsGsw3_71ada030981d4468b76dcebc1b6fb940,P1|0|UwV83HsGsw3_71ada030981d4468b76dcebc1b6fb940|oos,UwV83HsGsw3_71ada030981d4468b76dcebc1b6fb940,P1,oos,UwV83HsGsw3,False,current20,16,18,0.16609832338732594,0.1082693947144075,0.7759952465834821
extended73|P1|oos|UwV83HsGsw3_71ada030981d4468b76dcebc1b6fb940,P1|0|UwV83HsGsw3_71ada030981d4468b76dcebc1b6fb940|oos,UwV83HsGsw3_71ada030981d4468b76dcebc1b6fb940,P1,oos,UwV83HsGsw3,False,current20,17,18,0.14038078999715828,0.09661835748792269,0.797979797979798
extended73|P1|oos|UwV83HsGsw3_71ada030981d4468b76dcebc1b6fb940,P1|0|UwV83HsGsw3_71ada030981d4468b76dcebc1b6fb940|oos,UwV83HsGsw3_71ada030981d4468b76dcebc1b6fb940,P1,oos,UwV83HsGsw3,False,current20,18,18,0.10628019323671496,0.08695652173913043,0.8181818181818182
extended73|P1|oos|UwV83HsGsw3_fcd79f4b6a6642e99227caffb51bf407,P1|0|UwV83HsGsw3_fcd79f4b6a6642e99227caffb51bf407|oos,UwV83HsGsw3_fcd79f4b6a6642e99227caffb51bf407,P1,oos,UwV83HsGsw3,True,all_archived,1,25,0.6559999999999999,0.6559999999999999,0.16666666666666666
extended73|P1|oos|UwV83HsGsw3_fcd79f4b6a6642e99227caffb51bf407,P1|0|UwV83HsGsw3_fcd79f4b6a6642e99227caffb51bf407|oos,UwV83HsGsw3_fcd79f4b6a6642e99227caffb51bf407,P1,oos,UwV83HsGsw3,True,all_archived,2,25,0.4477333333333333,0.4477333333333333,0.2805555555555556
extended73|P1|oos|UwV83HsGsw3_fcd79f4b6a6642e99227caffb51bf407,P1|0|UwV83HsGsw3_fcd79f4b6a6642e99227caffb51bf407|oos,UwV83HsGsw3_fcd79f4b6a6642e99227caffb51bf407,P1,oos,UwV83HsGsw3,True,all_archived,3,25,0.3811826086956522,0.32149565217391307,0.36166666666666675
extended73|P1|oos|UwV83HsGsw3_fcd79f4b6a6642e99227caffb51bf407,P1|0|UwV83HsGsw3_fcd79f4b6a6642e99227caffb51bf407|oos,UwV83HsGsw3_fcd79f4b6a6642e99227caffb51bf407,P1,oos,UwV83HsGsw3,True,all_archived,4,25,0.33663873517786563,0.2441359683794466,0.4225559947299078
extended73|P1|oos|UwV83HsGsw3_fcd79f4b6a6642e99227caffb51bf407,P1|0|UwV83HsGsw3_fcd79f4b6a6642e99227caffb51bf407|oos,UwV83HsGsw3_fcd79f4b6a6642e99227caffb51bf407,P1,oos,UwV83HsGsw3,True,all_archived,5,25,0.31220779220779227,0.1955640880858272,0.470995670995671
extended73|P1|oos|UwV83HsGsw3_fcd79f4b6a6642e99227caffb51bf407,P1|0|UwV83HsGsw3_fcd79f4b6a6642e99227caffb51bf407|oos,UwV83HsGsw3_fcd79f4b6a6642e99227caffb51bf407,P1,oos,UwV83HsGsw3,True,all_archived,6,25,0.2730785620176924,0.16381298701298702,0.5117381893468851
extended73|P1|oos|UwV83HsGsw3_fcd79f4b6a6642e99227caffb51bf407,P1|0|UwV83HsGsw3_fcd79f4b6a6642e99227caffb51bf407|oos,UwV83HsGsw3_fcd79f4b6a6642e99227caffb51bf407,P1,oos,UwV83HsGsw3,True,all_archived,7,25,0.2563060061220244,0.1418599542334096,0.5476620900076279
extended73|P1|oos|UwV83HsGsw3_fcd79f4b6a6642e99227caffb51bf407,P1|0|UwV83HsGsw3_fcd79f4b6a6642e99227caffb51bf407|oos,UwV83HsGsw3_fcd79f4b6a6642e99227caffb51bf407,P1,oos,UwV83HsGsw3,True,all_archived,8,25,0.2344388322585119,0.12563030765319094,0.5805000423764725
extended73|P1|oos|UwV83HsGsw3_fcd79f4b6a6642e99227caffb51bf407,P1|0|UwV83HsGsw3_fcd79f4b6a6642e99227caffb51bf407|oos,UwV83HsGsw3_fcd79f4b6a6642e99227caffb51bf407,P1,oos,UwV83HsGsw3,True,all_archived,9,25,0.213991797909095,0.11277577062861757,0.6112917844483331
extended73|P1|oos|UwV83HsGsw3_fcd79f4b6a6642e99227caffb51bf407,P1|0|UwV83HsGsw3_fcd79f4b6a6642e99227caffb51bf407|oos,UwV83HsGsw3_fcd79f4b6a6642e99227caffb51bf407,P1,oos,UwV83HsGsw3,True,all_archived,10,25,0.19653843047516487,0.10194588773724592,0.6406604747162022
extended73|P1|oos|UwV83HsGsw3_fcd79f4b6a6642e99227caffb51bf407,P1|0|UwV83HsGsw3_fcd79f4b6a6642e99227caffb51bf407|oos,UwV83HsGsw3_fcd79f4b6a6642e99227caffb51bf407,P1,oos,UwV83HsGsw3,True,all_archived,11,25,0.18245768385157266,0.09236354825683135,0.6689787768654373
extended73|P1|oos|UwV83HsGsw3_fcd79f4b6a6642e99227caffb51bf407,P1|0|UwV83HsGsw3_fcd79f4b6a6642e99227caffb51bf407|oos,UwV83HsGsw3_fcd79f4b6a6642e99227caffb51bf407,P1,oos,UwV83HsGsw3,True,all_archived,12,25,0.16515407188046843,0.08358197796280985,0.6964679281323513
extended73|P1|oos|UwV83HsGsw3_fcd79f4b6a6642e99227caffb51bf407,P1|0|UwV83HsGsw3_fcd79f4b6a6642e99227caffb51bf407|oos,UwV83HsGsw3_fcd79f4b6a6642e99227caffb51bf407,P1,oos,UwV83HsGsw3,True,all_archived,13,25,0.15244991250504775,0.07534654539161201,0.7232570236332521
extended73|P1|oos|UwV83HsGsw3_fcd79f4b6a6642e99227caffb51bf407,P1|0|UwV83HsGsw3_fcd79f4b6a6642e99227caffb51bf407|oos,UwV83HsGsw3_fcd79f4b6a6642e99227caffb51bf407,P1,oos,UwV83HsGsw3,True,all_archived,14,25,0.14335960874052142,0.06751548436308162,0.749419018560895
extended73|P1|oos|UwV83HsGsw3_fcd79f4b6a6642e99227caffb51bf407,P1|0|UwV83HsGsw3_fcd79f4b6a6642e99227caffb51bf407|oos,UwV83HsGsw3_fcd79f4b6a6642e99227caffb51bf407,P1,oos,UwV83HsGsw3,True,all_archived,15,25,0.1310256203167766,0.060013313917204075,0.7749930656681228
extended73|P1|oos|UwV83HsGsw3_fcd79f4b6a6642e99227caffb51bf407,P1|0|UwV83HsGsw3_fcd79f4b6a6642e99227caffb51bf407|oos,UwV83HsGsw3_fcd79f4b6a6642e99227caffb51bf407,P1,oos,UwV83HsGsw3,True,all_archived,16,25,0.12037038632386592,0.05280266278344081,0.7999986131336244
extended73|P1|oos|UwV83HsGsw3_fcd79f4b6a6642e99227caffb51bf407,P1|0|UwV83HsGsw3_fcd79f4b6a6642e99227caffb51bf407|oos,UwV83HsGsw3_fcd79f4b6a6642e99227caffb51bf407,P1,oos,UwV83HsGsw3,True,all_archived,17,25,0.11032415635694678,0.04586696253149342,0.8244442903481803
extended73|P1|oos|UwV83HsGsw3_fcd79f4b6a6642e99227caffb51bf407,P1|0|UwV83HsGsw3_fcd79f4b6a6642e99227caffb51bf407|oos,UwV83HsGsw3_fcd79f4b6a6642e99227caffb51bf407,P1,oos,UwV83HsGsw3,True,all_archived,18,25,0.09967455793634285,0.039200000000000006,0.8483333333333332
extended73|P1|oos|UwV83HsGsw3_fcd79f4b6a6642e99227caffb51bf407,P1|0|UwV83HsGsw3_fcd79f4b6a6642e99227caffb51bf407|oos,UwV83HsGsw3_fcd79f4b6a6642e99227caffb51bf407,P1,oos,UwV83HsGsw3,True,all_archived,19,25,0.08623533537400813,0.032799999999999996,0.8716666666666666
extended73|P1|oos|UwV83HsGsw3_fcd79f4b6a6642e99227caffb51bf407,P1|0|UwV83HsGsw3_fcd79f4b6a6642e99227caffb51bf407|oos,UwV83HsGsw3_fcd79f4b6a6642e99227caffb51bf407,P1,oos,UwV83HsGsw3,True,all_archived,20,25,0.07805194805194807,0.026666666666666665,0.8944444444444444
extended73|P1|oos|UwV83HsGsw3_fcd79f4b6a6642e99227caffb51bf407,P1|0|UwV83HsGsw3_fcd79f4b6a6642e99227caffb51bf407|oos,UwV83HsGsw3_fcd79f4b6a6642e99227caffb51bf407,P1,oos,UwV83HsGsw3,True,current20,1,20,0.638,0.6380000000000001,0.16666666666666666
extended73|P1|oos|UwV83HsGsw3_fcd79f4b6a6642e99227caffb51bf407,P1|0|UwV83HsGsw3_fcd79f4b6a6642e99227caffb51bf407|oos,UwV83HsGsw3_fcd79f4b6a6642e99227caffb51bf407,P1,oos,UwV83HsGsw3,True,current20,2,20,0.42547368421052634,0.4254736842105262,0.27456140350877195
extended73|P1|oos|UwV83HsGsw3_fcd79f4b6a6642e99227caffb51bf407,P1|0|UwV83HsGsw3_fcd79f4b6a6642e99227caffb51bf407|oos,UwV83HsGsw3_fcd79f4b6a6642e99227caffb51bf407,P1,oos,UwV83HsGsw3,True,current20,3,20,0.35996491228070177,0.3020701754385965,0.34634502923976607
extended73|P1|oos|UwV83HsGsw3_fcd79f4b6a6642e99227caffb51bf407,P1|0|UwV83HsGsw3_fcd79f4b6a6642e99227caffb51bf407|oos,UwV83HsGsw3_fcd79f4b6a6642e99227caffb51bf407,P1,oos,UwV83HsGsw3,True,current20,4,20,0.3164458204334366,0.23055521155830755,0.39625042999656007
extended73|P1|oos|UwV83HsGsw3_fcd79f4b6a6642e99227caffb51bf407,P1|0|UwV83HsGsw3_fcd79f4b6a6642e99227caffb51bf407|oos,UwV83HsGsw3_fcd79f4b6a6642e99227caffb51bf407,P1,oos,UwV83HsGsw3,True,current20,5,20,0.29310371517027867,0.18857585139318886,0.4330172858617131
extended73|P1|oos|UwV83HsGsw3_fcd79f4b6a6642e99227caffb51bf407,P1|0|UwV83HsGsw3_fcd79f4b6a6642e99227caffb51bf407|oos,UwV83HsGsw3_fcd79f4b6a6642e99227caffb51bf407,P1,oos,UwV83HsGsw3,True,current20,6,20,0.25485294117647056,0.16308359133126937,0.46189370485036124
extended73|P1|oos|UwV83HsGsw3_fcd79f4b6a6642e99227caffb51bf407,P1|0|UwV83HsGsw3_fcd79f4b6a6642e99227caffb51bf407|oos,UwV83HsGsw3_fcd79f4b6a6642e99227caffb51bf407,P1,oos,UwV83HsGsw3,True,current20,7,20,0.24034365325077398,0.14666873065015482,0.48596491228070177
extended73|P1|oos|UwV83HsGsw3_fcd79f4b6a6642e99227caffb51bf407,P1|0|UwV83HsGsw3_fcd79f4b6a6642e99227caffb51bf407|oos,UwV83HsGsw3_fcd79f4b6a6642e99227caffb51bf407,P1,oos,UwV83HsGsw3,True,current20,8,20,0.21969135508454393,0.13523029292688737,0.5070096054616179
extended73|P1|oos|UwV83HsGsw3_fcd79f4b6a6642e99227caffb51bf407,P1|0|UwV83HsGsw3_fcd79f4b6a6642e99227caffb51bf407|oos,UwV83HsGsw3_fcd79f4b6a6642e99227caffb51bf407,P1,oos,UwV83HsGsw3,True,current20,9,20,0.20121528935460822,0.1265487020719219,0.5260349686433278
extended73|P1|oos|UwV83HsGsw3_fcd79f4b6a6642e99227caffb51bf407,P1|0|UwV83HsGsw3_fcd79f4b6a6642e99227caffb51bf407|oos,UwV83HsGsw3_fcd79f4b6a6642e99227caffb51bf407,P1,oos,UwV83HsGsw3,True,current20,10,20,0.18586016151031629,0.11944532247937822,0.5436007490961051
extended73|P1|oos|UwV83HsGsw3_fcd79f4b6a6642e99227caffb51bf407,P1|0|UwV83HsGsw3_fcd79f4b6a6642e99227caffb51bf407|oos,UwV83HsGsw3_fcd79f4b6a6642e99227caffb51bf407,P1,oos,UwV83HsGsw3,True,current20,11,20,0.1740328866180259,0.11330650154798763,0.5600103199174407
extended73|P1|oos|UwV83HsGsw3_fcd79f4b6a6642e99227caffb51bf407,P1|0|UwV83HsGsw3_fcd79f4b6a6642e99227caffb51bf407|oos,UwV83HsGsw3_fcd79f4b6a6642e99227caffb51bf407,P1,oos,UwV83HsGsw3,True,current20,12,20,0.15857418432960227,0.10782249742002065,0.575421396628827
extended73|P1|oos|UwV83HsGsw3_fcd79f4b6a6642e99227caffb51bf407,P1|0|UwV83HsGsw3_fcd79f4b6a6642e99227caffb51bf407|oos,UwV83HsGsw3_fcd79f4b6a6642e99227caffb51bf407,P1,oos,UwV83HsGsw3,True,current20,13,20,0.14861979042629198,0.10284623323013417,0.5899101307189542
extended73|P1|oos|UwV83HsGsw3_fcd79f4b6a6642e99227caffb51bf407,P1|0|UwV83HsGsw3_fcd79f4b6a6642e99227caffb51bf407|oos,UwV83HsGsw3_fcd79f4b6a6642e99227caffb51bf407,P1,oos,UwV83HsGsw3,True,current20,14,20,0.14127708978328174,0.09831578947368422,0.6035087719298246
extended73|P1|oos|UwV83HsGsw3_fcd79f4b6a6642e99227caffb51bf407,P1|0|UwV83HsGsw3_fcd79f4b6a6642e99227caffb51bf407|oos,UwV83HsGsw3_fcd79f4b6a6642e99227caffb51bf407,P1,oos,UwV83HsGsw3,True,current20,15,20,0.1305030959752322,0.09421052631578947,0.6162280701754387
extended73|P1|oos|UwV83HsGsw3_fcd79f4b6a6642e99227caffb51bf407,P1|0|UwV83HsGsw3_fcd79f4b6a6642e99227caffb51bf407|oos,UwV83HsGsw3_fcd79f4b6a6642e99227caffb51bf407,P1,oos,UwV83HsGsw3,True,current20,16,20,0.12156501547987617,0.09052631578947368,0.6280701754385966
extended73|P1|oos|UwV83HsGsw3_fcd79f4b6a6642e99227caffb51bf407,P1|0|UwV83HsGsw3_fcd79f4b6a6642e99227caffb51bf407|oos,UwV83HsGsw3_fcd79f4b6a6642e99227caffb51bf407,P1,oos,UwV83HsGsw3,True,current20,17,20,0.11264396284829722,0.08726315789473685,0.6390350877192982
extended73|P1|oos|UwV83HsGsw3_fcd79f4b6a6642e99227caffb51bf407,P1|0|UwV83HsGsw3_fcd79f4b6a6642e99227caffb51bf407|oos,UwV83HsGsw3_fcd79f4b6a6642e99227caffb51bf407,P1,oos,UwV83HsGsw3,True,current20,18,20,0.10214035087719299,0.08442105263157895,0.6491228070175439
extended73|P1|oos|UwV83HsGsw3_fcd79f4b6a6642e99227caffb51bf407,P1|0|UwV83HsGsw3_fcd79f4b6a6642e99227caffb51bf407|oos,UwV83HsGsw3_fcd79f4b6a6642e99227caffb51bf407,P1,oos,UwV83HsGsw3,True,current20,19,20,0.08936842105263157,0.082,0.6583333333333333
extended73|P1|oos|UwV83HsGsw3_fcd79f4b6a6642e99227caffb51bf407,P1|0|UwV83HsGsw3_fcd79f4b6a6642e99227caffb51bf407|oos,UwV83HsGsw3_fcd79f4b6a6642e99227caffb51bf407,P1,oos,UwV83HsGsw3,True,current20,20,20,0.08,0.08,0.6666666666666666
extended73|P1|oos|b8cTxDM8gDG_f63819c407e64c2897b703080766cb60,P1|0|b8cTxDM8gDG_f63819c407e64c2897b703080766cb60|oos,b8cTxDM8gDG_f63819c407e64c2897b703080766cb60,P1,oos,b8cTxDM8gDG,False,all_archived,1,24,0.0,0.0,1.0
extended73|P1|oos|b8cTxDM8gDG_f63819c407e64c2897b703080766cb60,P1|0|b8cTxDM8gDG_f63819c407e64c2897b703080766cb60|oos,b8cTxDM8gDG_f63819c407e64c2897b703080766cb60,P1,oos,b8cTxDM8gDG,False,all_archived,2,24,0.0,0.0,1.0
extended73|P1|oos|b8cTxDM8gDG_f63819c407e64c2897b703080766cb60,P1|0|b8cTxDM8gDG_f63819c407e64c2897b703080766cb60|oos,b8cTxDM8gDG_f63819c407e64c2897b703080766cb60,P1,oos,b8cTxDM8gDG,False,all_archived,3,24,0.0,0.0,1.0
extended73|P1|oos|b8cTxDM8gDG_f63819c407e64c2897b703080766cb60,P1|0|b8cTxDM8gDG_f63819c407e64c2897b703080766cb60|oos,b8cTxDM8gDG_f63819c407e64c2897b703080766cb60,P1,oos,b8cTxDM8gDG,False,all_archived,4,24,0.0,0.0,1.0
extended73|P1|oos|b8cTxDM8gDG_f63819c407e64c2897b703080766cb60,P1|0|b8cTxDM8gDG_f63819c407e64c2897b703080766cb60|oos,b8cTxDM8gDG_f63819c407e64c2897b703080766cb60,P1,oos,b8cTxDM8gDG,False,all_archived,5,24,0.0,0.0,1.0
extended73|P1|oos|b8cTxDM8gDG_f63819c407e64c2897b703080766cb60,P1|0|b8cTxDM8gDG_f63819c407e64c2897b703080766cb60|oos,b8cTxDM8gDG_f63819c407e64c2897b703080766cb60,P1,oos,b8cTxDM8gDG,False,all_archived,6,24,0.0,0.0,1.0
extended73|P1|oos|b8cTxDM8gDG_f63819c407e64c2897b703080766cb60,P1|0|b8cTxDM8gDG_f63819c407e64c2897b703080766cb60|oos,b8cTxDM8gDG_f63819c407e64c2897b703080766cb60,P1,oos,b8cTxDM8gDG,False,all_archived,7,24,0.0,0.0,1.0
extended73|P1|oos|b8cTxDM8gDG_f63819c407e64c2897b703080766cb60,P1|0|b8cTxDM8gDG_f63819c407e64c2897b703080766cb60|oos,b8cTxDM8gDG_f63819c407e64c2897b703080766cb60,P1,oos,b8cTxDM8gDG,False,all_archived,8,24,0.0,0.0,1.0
extended73|P1|oos|b8cTxDM8gDG_f63819c407e64c2897b703080766cb60,P1|0|b8cTxDM8gDG_f63819c407e64c2897b703080766cb60|oos,b8cTxDM8gDG_f63819c407e64c2897b703080766cb60,P1,oos,b8cTxDM8gDG,False,all_archived,9,24,0.0,0.0,1.0
extended73|P1|oos|b8cTxDM8gDG_f63819c407e64c2897b703080766cb60,P1|0|b8cTxDM8gDG_f63819c407e64c2897b703080766cb60|oos,b8cTxDM8gDG_f63819c407e64c2897b703080766cb60,P1,oos,b8cTxDM8gDG,False,all_archived,10,24,0.0,0.0,1.0
extended73|P1|oos|b8cTxDM8gDG_f63819c407e64c2897b703080766cb60,P1|0|b8cTxDM8gDG_f63819c407e64c2897b703080766cb60|oos,b8cTxDM8gDG_f63819c407e64c2897b703080766cb60,P1,oos,b8cTxDM8gDG,False,all_archived,11,24,0.0,0.0,1.0
extended73|P1|oos|b8cTxDM8gDG_f63819c407e64c2897b703080766cb60,P1|0|b8cTxDM8gDG_f63819c407e64c2897b703080766cb60|oos,b8cTxDM8gDG_f63819c407e64c2897b703080766cb60,P1,oos,b8cTxDM8gDG,False,all_archived,12,24,0.0,0.0,1.0
extended73|P1|oos|b8cTxDM8gDG_f63819c407e64c2897b703080766cb60,P1|0|b8cTxDM8gDG_f63819c407e64c2897b703080766cb60|oos,b8cTxDM8gDG_f63819c407e64c2897b703080766cb60,P1,oos,b8cTxDM8gDG,False,all_archived,13,24,0.0,0.0,1.0
extended73|P1|oos|b8cTxDM8gDG_f63819c407e64c2897b703080766cb60,P1|0|b8cTxDM8gDG_f63819c407e64c2897b703080766cb60|oos,b8cTxDM8gDG_f63819c407e64c2897b703080766cb60,P1,oos,b8cTxDM8gDG,False,all_archived,14,24,0.0,0.0,1.0
extended73|P1|oos|b8cTxDM8gDG_f63819c407e64c2897b703080766cb60,P1|0|b8cTxDM8gDG_f63819c407e64c2897b703080766cb60|oos,b8cTxDM8gDG_f63819c407e64c2897b703080766cb60,P1,oos,b8cTxDM8gDG,False,all_archived,15,24,0.0,0.0,1.0
extended73|P1|oos|b8cTxDM8gDG_f63819c407e64c2897b703080766cb60,P1|0|b8cTxDM8gDG_f63819c407e64c2897b703080766cb60|oos,b8cTxDM8gDG_f63819c407e64c2897b703080766cb60,P1,oos,b8cTxDM8gDG,False,all_archived,16,24,0.0,0.0,1.0
extended73|P1|oos|b8cTxDM8gDG_f63819c407e64c2897b703080766cb60,P1|0|b8cTxDM8gDG_f63819c407e64c2897b703080766cb60|oos,b8cTxDM8gDG_f63819c407e64c2897b703080766cb60,P1,oos,b8cTxDM8gDG,False,all_archived,17,24,0.0,0.0,1.0
extended73|P1|oos|b8cTxDM8gDG_f63819c407e64c2897b703080766cb60,P1|0|b8cTxDM8gDG_f63819c407e64c2897b703080766cb60|oos,b8cTxDM8gDG_f63819c407e64c2897b703080766cb60,P1,oos,b8cTxDM8gDG,False,all_archived,18,24,0.0,0.0,1.0
extended73|P1|oos|b8cTxDM8gDG_f63819c407e64c2897b703080766cb60,P1|0|b8cTxDM8gDG_f63819c407e64c2897b703080766cb60|oos,b8cTxDM8gDG_f63819c407e64c2897b703080766cb60,P1,oos,b8cTxDM8gDG,False,all_archived,19,24,0.0,0.0,1.0
extended73|P1|oos|b8cTxDM8gDG_f63819c407e64c2897b703080766cb60,P1|0|b8cTxDM8gDG_f63819c407e64c2897b703080766cb60|oos,b8cTxDM8gDG_f63819c407e64c2897b703080766cb60,P1,oos,b8cTxDM8gDG,False,all_archived,20,24,0.0,0.0,1.0
extended73|P1|oos|b8cTxDM8gDG_f63819c407e64c2897b703080766cb60,P1|0|b8cTxDM8gDG_f63819c407e64c2897b703080766cb60|oos,b8cTxDM8gDG_f63819c407e64c2897b703080766cb60,P1,oos,b8cTxDM8gDG,False,current20,1,19,0.0,0.0,1.0
extended73|P1|oos|b8cTxDM8gDG_f63819c407e64c2897b703080766cb60,P1|0|b8cTxDM8gDG_f63819c407e64c2897b703080766cb60|oos,b8cTxDM8gDG_f63819c407e64c2897b703080766cb60,P1,oos,b8cTxDM8gDG,False,current20,2,19,0.0,0.0,1.0
extended73|P1|oos|b8cTxDM8gDG_f63819c407e64c2897b703080766cb60,P1|0|b8cTxDM8gDG_f63819c407e64c2897b703080766cb60|oos,b8cTxDM8gDG_f63819c407e64c2897b703080766cb60,P1,oos,b8cTxDM8gDG,False,current20,3,19,0.0,0.0,1.0
extended73|P1|oos|b8cTxDM8gDG_f63819c407e64c2897b703080766cb60,P1|0|b8cTxDM8gDG_f63819c407e64c2897b703080766cb60|oos,b8cTxDM8gDG_f63819c407e64c2897b703080766cb60,P1,oos,b8cTxDM8gDG,False,current20,4,19,0.0,0.0,1.0
extended73|P1|oos|b8cTxDM8gDG_f63819c407e64c2897b703080766cb60,P1|0|b8cTxDM8gDG_f63819c407e64c2897b703080766cb60|oos,b8cTxDM8gDG_f63819c407e64c2897b703080766cb60,P1,oos,b8cTxDM8gDG,False,current20,5,19,0.0,0.0,1.0
extended73|P1|oos|b8cTxDM8gDG_f63819c407e64c2897b703080766cb60,P1|0|b8cTxDM8gDG_f63819c407e64c2897b703080766cb60|oos,b8cTxDM8gDG_f63819c407e64c2897b703080766cb60,P1,oos,b8cTxDM8gDG,False,current20,6,19,0.0,0.0,1.0
extended73|P1|oos|b8cTxDM8gDG_f63819c407e64c2897b703080766cb60,P1|0|b8cTxDM8gDG_f63819c407e64c2897b703080766cb60|oos,b8cTxDM8gDG_f63819c407e64c2897b703080766cb60,P1,oos,b8cTxDM8gDG,False,current20,7,19,0.0,0.0,1.0
extended73|P1|oos|b8cTxDM8gDG_f63819c407e64c2897b703080766cb60,P1|0|b8cTxDM8gDG_f63819c407e64c2897b703080766cb60|oos,b8cTxDM8gDG_f63819c407e64c2897b703080766cb60,P1,oos,b8cTxDM8gDG,False,current20,8,19,0.0,0.0,1.0
extended73|P1|oos|b8cTxDM8gDG_f63819c407e64c2897b703080766cb60,P1|0|b8cTxDM8gDG_f63819c407e64c2897b703080766cb60|oos,b8cTxDM8gDG_f63819c407e64c2897b703080766cb60,P1,oos,b8cTxDM8gDG,False,current20,9,19,0.0,0.0,1.0
extended73|P1|oos|b8cTxDM8gDG_f63819c407e64c2897b703080766cb60,P1|0|b8cTxDM8gDG_f63819c407e64c2897b703080766cb60|oos,b8cTxDM8gDG_f63819c407e64c2897b703080766cb60,P1,oos,b8cTxDM8gDG,False,current20,10,19,0.0,0.0,1.0
extended73|P1|oos|b8cTxDM8gDG_f63819c407e64c2897b703080766cb60,P1|0|b8cTxDM8gDG_f63819c407e64c2897b703080766cb60|oos,b8cTxDM8gDG_f63819c407e64c2897b703080766cb60,P1,oos,b8cTxDM8gDG,False,current20,11,19,0.0,0.0,1.0
extended73|P1|oos|b8cTxDM8gDG_f63819c407e64c2897b703080766cb60,P1|0|b8cTxDM8gDG_f63819c407e64c2897b703080766cb60|oos,b8cTxDM8gDG_f63819c407e64c2897b703080766cb60,P1,oos,b8cTxDM8gDG,False,current20,12,19,0.0,0.0,1.0
extended73|P1|oos|b8cTxDM8gDG_f63819c407e64c2897b703080766cb60,P1|0|b8cTxDM8gDG_f63819c407e64c2897b703080766cb60|oos,b8cTxDM8gDG_f63819c407e64c2897b703080766cb60,P1,oos,b8cTxDM8gDG,False,current20,13,19,0.0,0.0,1.0
extended73|P1|oos|b8cTxDM8gDG_f63819c407e64c2897b703080766cb60,P1|0|b8cTxDM8gDG_f63819c407e64c2897b703080766cb60|oos,b8cTxDM8gDG_f63819c407e64c2897b703080766cb60,P1,oos,b8cTxDM8gDG,False,current20,14,19,0.0,0.0,1.0
extended73|P1|oos|b8cTxDM8gDG_f63819c407e64c2897b703080766cb60,P1|0|b8cTxDM8gDG_f63819c407e64c2897b703080766cb60|oos,b8cTxDM8gDG_f63819c407e64c2897b703080766cb60,P1,oos,b8cTxDM8gDG,False,current20,15,19,0.0,0.0,1.0
extended73|P1|oos|b8cTxDM8gDG_f63819c407e64c2897b703080766cb60,P1|0|b8cTxDM8gDG_f63819c407e64c2897b703080766cb60|oos,b8cTxDM8gDG_f63819c407e64c2897b703080766cb60,P1,oos,b8cTxDM8gDG,False,current20,16,19,0.0,0.0,1.0
extended73|P1|oos|b8cTxDM8gDG_f63819c407e64c2897b703080766cb60,P1|0|b8cTxDM8gDG_f63819c407e64c2897b703080766cb60|oos,b8cTxDM8gDG_f63819c407e64c2897b703080766cb60,P1,oos,b8cTxDM8gDG,False,current20,17,19,0.0,0.0,1.0
extended73|P1|oos|b8cTxDM8gDG_f63819c407e64c2897b703080766cb60,P1|0|b8cTxDM8gDG_f63819c407e64c2897b703080766cb60|oos,b8cTxDM8gDG_f63819c407e64c2897b703080766cb60,P1,oos,b8cTxDM8gDG,False,current20,18,19,0.0,0.0,1.0
extended73|P1|oos|b8cTxDM8gDG_f63819c407e64c2897b703080766cb60,P1|0|b8cTxDM8gDG_f63819c407e64c2897b703080766cb60|oos,b8cTxDM8gDG_f63819c407e64c2897b703080766cb60,P1,oos,b8cTxDM8gDG,False,current20,19,19,0.0,0.0,1.0
extended73|P1|oos|q9vSo1VnCiC_69591068e5614642b710a8fb7733bdeb,P1|0|q9vSo1VnCiC_69591068e5614642b710a8fb7733bdeb|oos,q9vSo1VnCiC_69591068e5614642b710a8fb7733bdeb,P1,oos,q9vSo1VnCiC,True,all_archived,1,25,0.5696,0.5696,0.125
extended73|P1|oos|q9vSo1VnCiC_69591068e5614642b710a8fb7733bdeb,P1|0|q9vSo1VnCiC_69591068e5614642b710a8fb7733bdeb|oos,q9vSo1VnCiC_69591068e5614642b710a8fb7733bdeb,P1,oos,q9vSo1VnCiC,True,all_archived,2,25,0.46293333333333336,0.3957333333333333,0.19916666666666671
extended73|P1|oos|q9vSo1VnCiC_69591068e5614642b710a8fb7733bdeb,P1|0|q9vSo1VnCiC_69591068e5614642b710a8fb7733bdeb|oos,q9vSo1VnCiC_69591068e5614642b710a8fb7733bdeb,P1,oos,q9vSo1VnCiC,True,all_archived,3,25,0.3993739130434783,0.3225739130434783,0.25293478260869573
extended73|P1|oos|q9vSo1VnCiC_69591068e5614642b710a8fb7733bdeb,P1|0|q9vSo1VnCiC_69591068e5614642b710a8fb7733bdeb|oos,q9vSo1VnCiC_69591068e5614642b710a8fb7733bdeb,P1,oos,q9vSo1VnCiC,True,all_archived,4,25,0.37562055335968386,0.28637470355731226,0.2987549407114625
extended73|P1|oos|q9vSo1VnCiC_69591068e5614642b710a8fb7733bdeb,P1|0|q9vSo1VnCiC_69591068e5614642b710a8fb7733bdeb|oos,q9vSo1VnCiC_69591068e5614642b710a8fb7733bdeb,P1,oos,q9vSo1VnCiC,True,all_archived,5,25,0.3402582345191042,0.26285111989459814,0.3413702239789197
extended73|P1|oos|q9vSo1VnCiC_69591068e5614642b710a8fb7733bdeb,P1|0|q9vSo1VnCiC_69591068e5614642b710a8fb7733bdeb|oos,q9vSo1VnCiC_69591068e5614642b710a8fb7733bdeb,P1,oos,q9vSo1VnCiC,True,all_archived,6,25,0.3122592885375493,0.24350355731225298,0.38244071146245073
extended73|P1|oos|q9vSo1VnCiC_69591068e5614642b710a8fb7733bdeb,P1|0|q9vSo1VnCiC_69591068e5614642b710a8fb7733bdeb|oos,q9vSo1VnCiC_69591068e5614642b710a8fb7733bdeb,P1,oos,q9vSo1VnCiC,True,all_archived,7,25,0.29102458914083623,0.22564793010193465,0.422490638651966
extended73|P1|oos|q9vSo1VnCiC_69591068e5614642b710a8fb7733bdeb,P1|0|q9vSo1VnCiC_69591068e5614642b710a8fb7733bdeb|oos,q9vSo1VnCiC_69591068e5614642b710a8fb7733bdeb,P1,oos,q9vSo1VnCiC,True,all_archived,8,25,0.2645077040427155,0.20853865890021497,0.461665626516885
extended73|P1|oos|q9vSo1VnCiC_69591068e5614642b710a8fb7733bdeb,P1|0|q9vSo1VnCiC_69591068e5614642b710a8fb7733bdeb|oos,q9vSo1VnCiC_69591068e5614642b710a8fb7733bdeb,P1,oos,q9vSo1VnCiC,True,all_archived,9,25,0.2446817606676538,0.19200031326864012,0.49999993881471866
extended73|P1|oos|q9vSo1VnCiC_69591068e5614642b710a8fb7733bdeb,P1|0|q9vSo1VnCiC_69591068e5614642b710a8fb7733bdeb|oos,q9vSo1VnCiC_69591068e5614642b710a8fb7733bdeb,P1,oos,q9vSo1VnCiC,True,all_archived,10,25,0.2253891506259254,0.17599999999999996,0.5375
extended73|P1|oos|q9vSo1VnCiC_69591068e5614642b710a8fb7733bdeb,P1|0|q9vSo1VnCiC_69591068e5614642b710a8fb7733bdeb|oos,q9vSo1VnCiC_69591068e5614642b710a8fb7733bdeb,P1,oos,q9vSo1VnCiC,True,all_archived,11,25,0.202866891012698,0.16053333333333336,0.5741666666666667
extended73|P1|oos|q9vSo1VnCiC_69591068e5614642b710a8fb7733bdeb,P1|0|q9vSo1VnCiC_69591068e5614642b710a8fb7733bdeb|oos,q9vSo1VnCiC_69591068e5614642b710a8fb7733bdeb,P1,oos,q9vSo1VnCiC,True,all_archived,12,25,0.1871776012922331,0.1456,0.6100000000000001
extended73|P1|oos|q9vSo1VnCiC_69591068e5614642b710a8fb7733bdeb,P1|0|q9vSo1VnCiC_69591068e5614642b710a8fb7733bdeb|oos,q9vSo1VnCiC_69591068e5614642b710a8fb7733bdeb,P1,oos,q9vSo1VnCiC,True,all_archived,13,25,0.17277932426975365,0.13119999999999998,0.645
extended73|P1|oos|q9vSo1VnCiC_69591068e5614642b710a8fb7733bdeb,P1|0|q9vSo1VnCiC_69591068e5614642b710a8fb7733bdeb|oos,q9vSo1VnCiC_69591068e5614642b710a8fb7733bdeb,P1,oos,q9vSo1VnCiC,True,all_archived,14,25,0.15939541436711988,0.11733333333333335,0.6791666666666667
extended73|P1|oos|q9vSo1VnCiC_69591068e5614642b710a8fb7733bdeb,P1|0|q9vSo1VnCiC_69591068e5614642b710a8fb7733bdeb|oos,q9vSo1VnCiC_69591068e5614642b710a8fb7733bdeb,P1,oos,q9vSo1VnCiC,True,all_archived,15,25,0.15025943375061696,0.10400000000000001,0.7124999999999999
extended73|P1|oos|q9vSo1VnCiC_69591068e5614642b710a8fb7733bdeb,P1|0|q9vSo1VnCiC_69591068e5614642b710a8fb7733bdeb|oos,q9vSo1VnCiC_69591068e5614642b710a8fb7733bdeb,P1,oos,q9vSo1VnCiC,True,all_archived,16,25,0.13763349037555525,0.09119999999999999,0.7449999999999999
extended73|P1|oos|q9vSo1VnCiC_69591068e5614642b710a8fb7733bdeb,P1|0|q9vSo1VnCiC_69591068e5614642b710a8fb7733bdeb|oos,q9vSo1VnCiC_69591068e5614642b710a8fb7733bdeb,P1,oos,q9vSo1VnCiC,True,all_archived,17,25,0.12447421366716026,0.07893333333333334,0.7766666666666665
extended73|P1|oos|q9vSo1VnCiC_69591068e5614642b710a8fb7733bdeb,P1|0|q9vSo1VnCiC_69591068e5614642b710a8fb7733bdeb|oos,q9vSo1VnCiC_69591068e5614642b710a8fb7733bdeb,P1,oos,q9vSo1VnCiC,True,all_archived,18,25,0.11317622911032521,0.06720000000000001,0.8074999999999999
extended73|P1|oos|q9vSo1VnCiC_69591068e5614642b710a8fb7733bdeb,P1|0|q9vSo1VnCiC_69591068e5614642b710a8fb7733bdeb|oos,q9vSo1VnCiC_69591068e5614642b710a8fb7733bdeb,P1,oos,q9vSo1VnCiC,True,all_archived,19,25,0.09860819638027875,0.05599999999999999,0.8374999999999999
extended73|P1|oos|q9vSo1VnCiC_69591068e5614642b710a8fb7733bdeb,P1|0|q9vSo1VnCiC_69591068e5614642b710a8fb7733bdeb|oos,q9vSo1VnCiC_69591068e5614642b710a8fb7733bdeb,P1,oos,q9vSo1VnCiC,True,all_archived,20,25,0.08506455862977602,0.04533333333333333,0.8666666666666666
extended73|P1|oos|q9vSo1VnCiC_69591068e5614642b710a8fb7733bdeb,P1|0|q9vSo1VnCiC_69591068e5614642b710a8fb7733bdeb|oos,q9vSo1VnCiC_69591068e5614642b710a8fb7733bdeb,P1,oos,q9vSo1VnCiC,True,current20,1,20,0.5640000000000001,0.564,0.12500000000000003
extended73|P1|oos|q9vSo1VnCiC_69591068e5614642b710a8fb7733bdeb,P1|0|q9vSo1VnCiC_69591068e5614642b710a8fb7733bdeb|oos,q9vSo1VnCiC_69591068e5614642b710a8fb7733bdeb,P1,oos,q9vSo1VnCiC,True,current20,2,20,0.4582105263157896,0.39115789473684204,0.19802631578947372
extended73|P1|oos|q9vSo1VnCiC_69591068e5614642b710a8fb7733bdeb,P1|0|q9vSo1VnCiC_69591068e5614642b710a8fb7733bdeb|oos,q9vSo1VnCiC_69591068e5614642b710a8fb7733bdeb,P1,oos,q9vSo1VnCiC,True,current20,3,20,0.3943508771929824,0.32091228070175437,0.250438596491228
extended73|P1|oos|q9vSo1VnCiC_69591068e5614642b710a8fb7733bdeb,P1|0|q9vSo1VnCiC_69591068e5614642b710a8fb7733bdeb|oos,q9vSo1VnCiC_69591068e5614642b710a8fb7733bdeb,P1,oos,q9vSo1VnCiC,True,current20,4,20,0.3711062951496389,0.2871496388028896,0.2951496388028896
extended73|P1|oos|q9vSo1VnCiC_69591068e5614642b710a8fb7733bdeb,P1|0|q9vSo1VnCiC_69591068e5614642b710a8fb7733bdeb|oos,q9vSo1VnCiC_69591068e5614642b710a8fb7733bdeb,P1,oos,q9vSo1VnCiC,True,current20,5,20,0.33574561403508774,0.265077399380805,0.3370017414860681
extended73|P1|oos|q9vSo1VnCiC_69591068e5614642b710a8fb7733bdeb,P1|0|q9vSo1VnCiC_69591068e5614642b710a8fb7733bdeb|oos,q9vSo1VnCiC_69591068e5614642b710a8fb7733bdeb,P1,oos,q9vSo1VnCiC,True,current20,6,20,0.30752063983488126,0.24643137254901962,0.37760900412796694
extended73|P1|oos|q9vSo1VnCiC_69591068e5614642b710a8fb7733bdeb,P1|0|q9vSo1VnCiC_69591068e5614642b710a8fb7733bdeb|oos,q9vSo1VnCiC_69591068e5614642b710a8fb7733bdeb,P1,oos,q9vSo1VnCiC,True,current20,7,20,0.28635758513931886,0.2288503611971104,0.41743259803921573
extended73|P1|oos|q9vSo1VnCiC_69591068e5614642b710a8fb7733bdeb,P1|0|q9vSo1VnCiC_69591068e5614642b710a8fb7733bdeb|oos,q9vSo1VnCiC_69591068e5614642b710a8fb7733bdeb,P1,oos,q9vSo1VnCiC,True,current20,8,20,0.25934365325077396,0.21178947368421053,0.45657894736842103
extended73|P1|oos|q9vSo1VnCiC_69591068e5614642b710a8fb7733bdeb,P1|0|q9vSo1VnCiC_69591068e5614642b710a8fb7733bdeb|oos,q9vSo1VnCiC_69591068e5614642b710a8fb7733bdeb,P1,oos,q9vSo1VnCiC,True,current20,9,20,0.2391362229102167,0.1951578947368421,0.4950657894736843
extended73|P1|oos|q9vSo1VnCiC_69591068e5614642b710a8fb7733bdeb,P1|0|q9vSo1VnCiC_69591068e5614642b710a8fb7733bdeb|oos,q9vSo1VnCiC_69591068e5614642b710a8fb7733bdeb,P1,oos,q9vSo1VnCiC,True,current20,10,20,0.2194582043343653,0.17894736842105263,0.5328947368421053
extended73|P1|oos|q9vSo1VnCiC_69591068e5614642b710a8fb7733bdeb,P1|0|q9vSo1VnCiC_69591068e5614642b710a8fb7733bdeb|oos,q9vSo1VnCiC_69591068e5614642b710a8fb7733bdeb,P1,oos,q9vSo1VnCiC,True,current20,11,20,0.1958668730650155,0.1631578947368421,0.5700657894736841
extended73|P1|oos|q9vSo1VnCiC_69591068e5614642b710a8fb7733bdeb,P1|0|q9vSo1VnCiC_69591068e5614642b710a8fb7733bdeb|oos,q9vSo1VnCiC_69591068e5614642b710a8fb7733bdeb,P1,oos,q9vSo1VnCiC,True,current20,12,20,0.17963157894736836,0.14778947368421053,0.606578947368421
extended73|P1|oos|q9vSo1VnCiC_69591068e5614642b710a8fb7733bdeb,P1|0|q9vSo1VnCiC_69591068e5614642b710a8fb7733bdeb|oos,q9vSo1VnCiC_69591068e5614642b710a8fb7733bdeb,P1,oos,q9vSo1VnCiC,True,current20,13,20,0.16458204334365323,0.13284210526315787,0.6424342105263158
extended73|P1|oos|q9vSo1VnCiC_69591068e5614642b710a8fb7733bdeb,P1|0|q9vSo1VnCiC_69591068e5614642b710a8fb7733bdeb|oos,q9vSo1VnCiC_69591068e5614642b710a8fb7733bdeb,P1,oos,q9vSo1VnCiC,True,current20,14,20,0.15024148606811147,0.1183157894736842,0.6776315789473685
extended73|P1|oos|q9vSo1VnCiC_69591068e5614642b710a8fb7733bdeb,P1|0|q9vSo1VnCiC_69591068e5614642b710a8fb7733bdeb|oos,q9vSo1VnCiC_69591068e5614642b710a8fb7733bdeb,P1,oos,q9vSo1VnCiC,True,current20,15,20,0.1412409700722394,0.10421052631578948,0.712171052631579
extended73|P1|oos|q9vSo1VnCiC_69591068e5614642b710a8fb7733bdeb,P1|0|q9vSo1VnCiC_69591068e5614642b710a8fb7733bdeb|oos,q9vSo1VnCiC_69591068e5614642b710a8fb7733bdeb,P1,oos,q9vSo1VnCiC,True,current20,16,20,0.1280562435500516,0.09052631578947368,0.7460526315789473
extended73|P1|oos|q9vSo1VnCiC_69591068e5614642b710a8fb7733bdeb,P1|0|q9vSo1VnCiC_69591068e5614642b710a8fb7733bdeb|oos,q9vSo1VnCiC_69591068e5614642b710a8fb7733bdeb,P1,oos,q9vSo1VnCiC,True,current20,17,20,0.11393395252837976,0.07726315789473684,0.7792763157894735
extended73|P1|oos|q9vSo1VnCiC_69591068e5614642b710a8fb7733bdeb,P1|0|q9vSo1VnCiC_69591068e5614642b710a8fb7733bdeb|oos,q9vSo1VnCiC_69591068e5614642b710a8fb7733bdeb,P1,oos,q9vSo1VnCiC,True,current20,18,20,0.10291228070175434,0.06442105263157895,0.811842105263158
extended73|P1|oos|q9vSo1VnCiC_69591068e5614642b710a8fb7733bdeb,P1|0|q9vSo1VnCiC_69591068e5614642b710a8fb7733bdeb|oos,q9vSo1VnCiC_69591068e5614642b710a8fb7733bdeb,P1,oos,q9vSo1VnCiC,True,current20,19,20,0.08621052631578947,0.052000000000000005,0.8437500000000001
extended73|P1|oos|q9vSo1VnCiC_69591068e5614642b710a8fb7733bdeb,P1|0|q9vSo1VnCiC_69591068e5614642b710a8fb7733bdeb|oos,q9vSo1VnCiC_69591068e5614642b710a8fb7733bdeb,P1,oos,q9vSo1VnCiC,True,current20,20,20,0.07000000000000002,0.04,0.875
extended73|P1|oos|uNb9QFRL6hY_a38a8c6dced34d8bb18fb67165c099f2,P1|0|uNb9QFRL6hY_a38a8c6dced34d8bb18fb67165c099f2|oos,uNb9QFRL6hY_a38a8c6dced34d8bb18fb67165c099f2,P1,oos,uNb9QFRL6hY,False,all_archived,1,24,0.6250000000000001,0.6250000000000001,0.14285714285714285
extended73|P1|oos|uNb9QFRL6hY_a38a8c6dced34d8bb18fb67165c099f2,P1|0|uNb9QFRL6hY_a38a8c6dced34d8bb18fb67165c099f2|oos,uNb9QFRL6hY_a38a8c6dced34d8bb18fb67165c099f2,P1,oos,uNb9QFRL6hY,False,all_archived,2,24,0.48656400966183566,0.4442934782608695,0.23602484472049692
extended73|P1|oos|uNb9QFRL6hY_a38a8c6dced34d8bb18fb67165c099f2,P1|0|uNb9QFRL6hY_a38a8c6dced34d8bb18fb67165c099f2|oos,uNb9QFRL6hY_a38a8c6dced34d8bb18fb67165c099f2,P1,oos,uNb9QFRL6hY,False,all_archived,3,24,0.43072710803689057,0.35291090250329377,0.3052653867871259
extended73|P1|oos|uNb9QFRL6hY_a38a8c6dced34d8bb18fb67165c099f2,P1|0|uNb9QFRL6hY_a38a8c6dced34d8bb18fb67165c099f2|oos,uNb9QFRL6hY_a38a8c6dced34d8bb18fb67165c099f2,P1,oos,uNb9QFRL6hY,False,all_archived,4,24,0.38564997804128237,0.30083443126921383,0.3628834933182759
extended73|P1|oos|uNb9QFRL6hY_a38a8c6dced34d8bb18fb67165c099f2,P1|0|uNb9QFRL6hY_a38a8c6dced34d8bb18fb67165c099f2|oos,uNb9QFRL6hY_a38a8c6dced34d8bb18fb67165c099f2,P1,oos,uNb9QFRL6hY,False,all_archived,5,24,0.33913866930171277,0.2655220685111989,0.4144551101072841
extended73|P1|oos|uNb9QFRL6hY_a38a8c6dced34d8bb18fb67165c099f2,P1|0|uNb9QFRL6hY_a38a8c6dced34d8bb18fb67165c099f2|oos,uNb9QFRL6hY_a38a8c6dced34d8bb18fb67165c099f2,P1,oos,uNb9QFRL6hY,False,all_archived,6,24,0.31090727064697316,0.23744669232369459,0.46236886683110934
extended73|P1|oos|uNb9QFRL6hY_a38a8c6dced34d8bb18fb67165c099f2,P1|0|uNb9QFRL6hY_a38a8c6dced34d8bb18fb67165c099f2|oos,uNb9QFRL6hY_a38a8c6dced34d8bb18fb67165c099f2,P1,oos,uNb9QFRL6hY,False,all_archived,7,24,0.27463890911402355,0.2128655693086471,0.5075968082260988
extended73|P1|oos|uNb9QFRL6hY_a38a8c6dced34d8bb18fb67165c099f2,P1|0|uNb9QFRL6hY_a38a8c6dced34d8bb18fb67165c099f2|oos,uNb9QFRL6hY_a38a8c6dced34d8bb18fb67165c099f2,P1,oos,uNb9QFRL6hY,False,all_archived,8,24,0.24992725749893607,0.19041777310050295,0.5505276793471706
extended73|P1|oos|uNb9QFRL6hY_a38a8c6dced34d8bb18fb67165c099f2,P1|0|uNb9QFRL6hY_a38a8c6dced34d8bb18fb67165c099f2|oos,uNb9QFRL6hY_a38a8c6dced34d8bb18fb67165c099f2,P1,oos,uNb9QFRL6hY,False,all_archived,9,24,0.22970643556985929,0.1696355549708962,0.5913314878687068
extended73|P1|oos|uNb9QFRL6hY_a38a8c6dced34d8bb18fb67165c099f2,P1|0|uNb9QFRL6hY_a38a8c6dced34d8bb18fb67165c099f2|oos,uNb9QFRL6hY_a38a8c6dced34d8bb18fb67165c099f2,P1,oos,uNb9QFRL6hY,False,all_archived,10,24,0.2098203056272783,0.15034889207052352,0.6301053290049117
extended73|P1|oos|uNb9QFRL6hY_a38a8c6dced34d8bb18fb67165c099f2,P1|0|uNb9QFRL6hY_a38a8c6dced34d8bb18fb67165c099f2|oos,uNb9QFRL6hY_a38a8c6dced34d8bb18fb67165c099f2,P1,oos,uNb9QFRL6hY,False,all_archived,11,24,0.19285925702712955,0.1324728260869565,0.6669254658385093
extended73|P1|oos|uNb9QFRL6hY_a38a8c6dced34d8bb18fb67165c099f2,P1|0|uNb9QFRL6hY_a38a8c6dced34d8bb18fb67165c099f2|oos,uNb9QFRL6hY_a38a8c6dced34d8bb18fb67165c099f2,P1,oos,uNb9QFRL6hY,False,all_archived,12,24,0.17111432673756002,0.11594202898550723,0.7018633540372672
extended73|P1|oos|uNb9QFRL6hY_a38a8c6dced34d8bb18fb67165c099f2,P1|0|uNb9QFRL6hY_a38a8c6dced34d8bb18fb67165c099f2|oos,uNb9QFRL6hY_a38a8c6dced34d8bb18fb67165c099f2,P1,oos,uNb9QFRL6hY,False,all_archived,13,24,0.1631886020998789,0.10069444444444445,0.7349896480331264
extended73|P1|oos|uNb9QFRL6hY_a38a8c6dced34d8bb18fb67165c099f2,P1|0|uNb9QFRL6hY_a38a8c6dced34d8bb18fb67165c099f2|oos,uNb9QFRL6hY_a38a8c6dced34d8bb18fb67165c099f2,P1,oos,uNb9QFRL6hY,False,all_archived,14,24,0.14987164687662738,0.08666831357048749,0.7663749294184076
extended73|P1|oos|uNb9QFRL6hY_a38a8c6dced34d8bb18fb67165c099f2,P1|0|uNb9QFRL6hY_a38a8c6dced34d8bb18fb67165c099f2|oos,uNb9QFRL6hY_a38a8c6dced34d8bb18fb67165c099f2,P1,oos,uNb9QFRL6hY,False,all_archived,15,24,0.13782386134191557,0.07380187747035573,0.7960897797854319
extended73|P1|oos|uNb9QFRL6hY_a38a8c6dced34d8bb18fb67165c099f2,P1|0|uNb9QFRL6hY_a38a8c6dced34d8bb18fb67165c099f2|oos,uNb9QFRL6hY_a38a8c6dced34d8bb18fb67165c099f2,P1,oos,uNb9QFRL6hY,False,all_archived,16,24,0.12496362874946804,0.06203337725076855,0.8242047807265199
extended73|P1|oos|uNb9QFRL6hY_a38a8c6dced34d8bb18fb67165c099f2,P1|0|uNb9QFRL6hY_a38a8c6dced34d8bb18fb67165c099f2|oos,uNb9QFRL6hY_a38a8c6dced34d8bb18fb67165c099f2,P1,oos,uNb9QFRL6hY,False,all_archived,17,24,0.11308660963518617,0.05130105401844532,0.850790513833992
extended73|P1|oos|uNb9QFRL6hY_a38a8c6dced34d8bb18fb67165c099f2,P1|0|uNb9QFRL6hY_a38a8c6dced34d8bb18fb67165c099f2|oos,uNb9QFRL6hY_a38a8c6dced34d8bb18fb67165c099f2,P1,oos,uNb9QFRL6hY,False,all_archived,18,24,0.1036357568823244,0.04154314888010539,0.8759175607001694
extended73|P1|oos|uNb9QFRL6hY_a38a8c6dced34d8bb18fb67165c099f2,P1|0|uNb9QFRL6hY_a38a8c6dced34d8bb18fb67165c099f2|oos,uNb9QFRL6hY_a38a8c6dced34d8bb18fb67165c099f2,P1,oos,uNb9QFRL6hY,False,all_archived,19,24,0.08924701823729282,0.03269790294246816,0.8996565029173725
extended73|P1|oos|uNb9QFRL6hY_a38a8c6dced34d8bb18fb67165c099f2,P1|0|uNb9QFRL6hY_a38a8c6dced34d8bb18fb67165c099f2|oos,uNb9QFRL6hY_a38a8c6dced34d8bb18fb67165c099f2,P1,oos,uNb9QFRL6hY,False,all_archived,20,24,0.07712999560825648,0.024703557312252964,0.922077922077922
extended73|P1|oos|uNb9QFRL6hY_a38a8c6dced34d8bb18fb67165c099f2,P1|0|uNb9QFRL6hY_a38a8c6dced34d8bb18fb67165c099f2|oos,uNb9QFRL6hY_a38a8c6dced34d8bb18fb67165c099f2,P1,oos,uNb9QFRL6hY,False,current20,1,19,0.6513157894736843,0.6513157894736842,0.14285714285714288
extended73|P1|oos|uNb9QFRL6hY_a38a8c6dced34d8bb18fb67165c099f2,P1|0|uNb9QFRL6hY_a38a8c6dced34d8bb18fb67165c099f2|oos,uNb9QFRL6hY_a38a8c6dced34d8bb18fb67165c099f2,P1,oos,uNb9QFRL6hY,False,current20,2,19,0.5031676413255359,0.45930799220272905,0.24394319131161238
extended73|P1|oos|uNb9QFRL6hY_a38a8c6dced34d8bb18fb67165c099f2,P1|0|uNb9QFRL6hY_a38a8c6dced34d8bb18fb67165c099f2|oos,uNb9QFRL6hY_a38a8c6dced34d8bb18fb67165c099f2,P1,oos,uNb9QFRL6hY,False,current20,3,19,0.4444874441004471,0.3516081871345029,0.3210968597965502
extended73|P1|oos|uNb9QFRL6hY_a38a8c6dced34d8bb18fb67165c099f2,P1|0|uNb9QFRL6hY_a38a8c6dced34d8bb18fb67165c099f2|oos,uNb9QFRL6hY_a38a8c6dced34d8bb18fb67165c099f2,P1,oos,uNb9QFRL6hY,False,current20,4,19,0.39452184382524935,0.287452700378397,0.38441692466460264
extended73|P1|oos|uNb9QFRL6hY_a38a8c6dced34d8bb18fb67165c099f2,P1|0|uNb9QFRL6hY_a38a8c6dced34d8bb18fb67165c099f2|oos,uNb9QFRL6hY_a38a8c6dced34d8bb18fb67165c099f2,P1,oos,uNb9QFRL6hY,False,current20,5,19,0.3461758972594886,0.24504070634101593,0.4393581994201189
extended73|P1|oos|uNb9QFRL6hY_a38a8c6dced34d8bb18fb67165c099f2,P1|0|uNb9QFRL6hY_a38a8c6dced34d8bb18fb67165c099f2|oos,uNb9QFRL6hY_a38a8c6dced34d8bb18fb67165c099f2,P1,oos,uNb9QFRL6hY,False,current20,6,19,0.3159614723082216,0.21340729274165807,0.48872180451127817
extended73|P1|oos|uNb9QFRL6hY_a38a8c6dced34d8bb18fb67165c099f2,P1|0|uNb9QFRL6hY_a38a8c6dced34d8bb18fb67165c099f2|oos,uNb9QFRL6hY_a38a8c6dced34d8bb18fb67165c099f2,P1,oos,uNb9QFRL6hY,False,current20,7,19,0.2788626921753857,0.1874222698526104,0.5338799487406298
extended73|P1|oos|uNb9QFRL6hY_a38a8c6dced34d8bb18fb67165c099f2,P1|0|uNb9QFRL6hY_a38a8c6dced34d8bb18fb67165c099f2|oos,uNb9QFRL6hY_a38a8c6dced34d8bb18fb67165c099f2,P1,oos,uNb9QFRL6hY,False,current20,8,19,0.2545767069760878,0.1648728092226544,0.5754903850879083
extended73|P1|oos|uNb9QFRL6hY_a38a8c6dced34d8bb18fb67165c099f2,P1|0|uNb9QFRL6hY_a38a8c6dced34d8bb18fb67165c099f2|oos,uNb9QFRL6hY_a38a8c6dced34d8bb18fb67165c099f2,P1,oos,uNb9QFRL6hY,False,current20,9,19,0.23407900149386218,0.144872155708069,0.6138861138861139
extended73|P1|oos|uNb9QFRL6hY_a38a8c6dced34d8bb18fb67165c099f2,P1|0|uNb9QFRL6hY_a38a8c6dced34d8bb18fb67165c099f2|oos,uNb9QFRL6hY_a38a8c6dced34d8bb18fb67165c099f2,P1,oos,uNb9QFRL6hY,False,current20,10,19,0.21498625213795494,0.12706398348813208,0.6492702344095533
extended73|P1|oos|uNb9QFRL6hY_a38a8c6dced34d8bb18fb67165c099f2,P1|0|uNb9QFRL6hY_a38a8c6dced34d8bb18fb67165c099f2|oos,uNb9QFRL6hY_a38a8c6dced34d8bb18fb67165c099f2,P1,oos,uNb9QFRL6hY,False,current20,11,19,0.19808688616738157,0.11126877651645453,0.6818025455796354
extended73|P1|oos|uNb9QFRL6hY_a38a8c6dced34d8bb18fb67165c099f2,P1|0|uNb9QFRL6hY_a38a8c6dced34d8bb18fb67165c099f2|oos,uNb9QFRL6hY_a38a8c6dced34d8bb18fb67165c099f2,P1,oos,uNb9QFRL6hY,False,current20,12,19,0.1775389643036702,0.09735122119023046,0.7116320212295445
extended73|P1|oos|uNb9QFRL6hY_a38a8c6dced34d8bb18fb67165c099f2,P1|0|uNb9QFRL6hY_a38a8c6dced34d8bb18fb67165c099f2|oos,uNb9QFRL6hY_a38a8c6dced34d8bb18fb67165c099f2,P1,oos,uNb9QFRL6hY,False,current20,13,19,0.17005702415919136,0.08518231854145167,0.7389060887512899
extended73|P1|oos|uNb9QFRL6hY_a38a8c6dced34d8bb18fb67165c099f2,P1|0|uNb9QFRL6hY_a38a8c6dced34d8bb18fb67165c099f2|oos,uNb9QFRL6hY_a38a8c6dced34d8bb18fb67165c099f2,P1,oos,uNb9QFRL6hY,False,current20,14,19,0.15700607728471508,0.07463306960210986,0.7637721755368815
extended73|P1|oos|uNb9QFRL6hY_a38a8c6dced34d8bb18fb67165c099f2,P1|0|uNb9QFRL6hY_a38a8c6dced34d8bb18fb67165c099f2|oos,uNb9QFRL6hY_a38a8c6dced34d8bb18fb67165c099f2,P1,oos,uNb9QFRL6hY,False,current20,15,19,0.1460268317853457,0.06557447540419677,0.7863777089783283
extended73|P1|oos|uNb9QFRL6hY_a38a8c6dced34d8bb18fb67165c099f2,P1|0|uNb9QFRL6hY_a38a8c6dced34d8bb18fb67165c099f2|oos,uNb9QFRL6hY_a38a8c6dced34d8bb18fb67165c099f2,P1,oos,uNb9QFRL6hY,False,current20,16,19,0.13329893360853115,0.05787753697970416,0.8068701164676397
extended73|P1|oos|uNb9QFRL6hY_a38a8c6dced34d8bb18fb67165c099f2,P1|0|uNb9QFRL6hY_a38a8c6dced34d8bb18fb67165c099f2|oos,uNb9QFRL6hY_a38a8c6dced34d8bb18fb67165c099f2,P1,oos,uNb9QFRL6hY,False,current20,17,19,0.12243435385850247,0.05141325536062378,0.8253968253968252
extended73|P1|oos|uNb9QFRL6hY_a38a8c6dced34d8bb18fb67165c099f2,P1|0|uNb9QFRL6hY_a38a8c6dced34d8bb18fb67165c099f2|oos,uNb9QFRL6hY_a38a8c6dced34d8bb18fb67165c099f2,P1,oos,uNb9QFRL6hY,False,current20,18,19,0.1111111111111111,0.046052631578947366,0.8421052631578948
extended73|P1|oos|uNb9QFRL6hY_a38a8c6dced34d8bb18fb67165c099f2,P1|0|uNb9QFRL6hY_a38a8c6dced34d8bb18fb67165c099f2|oos,uNb9QFRL6hY_a38a8c6dced34d8bb18fb67165c099f2,P1,oos,uNb9QFRL6hY,False,current20,19,19,0.09868421052631582,0.041666666666666664,0.8571428571428571
extended73|P1|oos|yqstnuAEVhm_66ecc07f3cda4d8ebaf84288325669f5,P1|0|yqstnuAEVhm_66ecc07f3cda4d8ebaf84288325669f5|oos,yqstnuAEVhm_66ecc07f3cda4d8ebaf84288325669f5,P1,oos,yqstnuAEVhm,True,all_archived,1,26,0.5443786982248522,0.5443786982248522,0.16666666666666666
extended73|P1|oos|yqstnuAEVhm_66ecc07f3cda4d8ebaf84288325669f5,P1|0|yqstnuAEVhm_66ecc07f3cda4d8ebaf84288325669f5|oos,yqstnuAEVhm_66ecc07f3cda4d8ebaf84288325669f5,P1,oos,yqstnuAEVhm,True,all_archived,2,26,0.43633136094674563,0.363905325443787,0.261025641025641
extended73|P1|oos|yqstnuAEVhm_66ecc07f3cda4d8ebaf84288325669f5,P1|0|yqstnuAEVhm_66ecc07f3cda4d8ebaf84288325669f5|oos,yqstnuAEVhm_66ecc07f3cda4d8ebaf84288325669f5,P1,oos,yqstnuAEVhm,True,all_archived,3,26,0.3629733727810651,0.2875295857988166,0.32673076923076927
extended73|P1|oos|yqstnuAEVhm_66ecc07f3cda4d8ebaf84288325669f5,P1|0|yqstnuAEVhm_66ecc07f3cda4d8ebaf84288325669f5|oos,yqstnuAEVhm_66ecc07f3cda4d8ebaf84288325669f5,P1,oos,yqstnuAEVhm,True,all_archived,4,26,0.33724980704913815,0.24829174170311297,0.3809030100334448
extended73|P1|oos|yqstnuAEVhm_66ecc07f3cda4d8ebaf84288325669f5,P1|0|yqstnuAEVhm_66ecc07f3cda4d8ebaf84288325669f5|oos,yqstnuAEVhm_66ecc07f3cda4d8ebaf84288325669f5,P1,oos,yqstnuAEVhm,True,all_archived,5,26,0.3007174263863227,0.2218145566807774,0.42980895915678535
extended73|P1|oos|yqstnuAEVhm_66ecc07f3cda4d8ebaf84288325669f5,P1|0|yqstnuAEVhm_66ecc07f3cda4d8ebaf84288325669f5|oos,yqstnuAEVhm_66ecc07f3cda4d8ebaf84288325669f5,P1,oos,yqstnuAEVhm,True,all_archived,6,26,0.26650022218584085,0.19994269944102724,0.4755802168845647
extended73|P1|oos|yqstnuAEVhm_66ecc07f3cda4d8ebaf84288325669f5,P1|0|yqstnuAEVhm_66ecc07f3cda4d8ebaf84288325669f5|oos,yqstnuAEVhm_66ecc07f3cda4d8ebaf84288325669f5,P1,oos,yqstnuAEVhm,True,all_archived,7,26,0.24528890006314757,0.1801985055078701,0.5189011350967871
extended73|P1|oos|yqstnuAEVhm_66ecc07f3cda4d8ebaf84288325669f5,P1|0|yqstnuAEVhm_66ecc07f3cda4d8ebaf84288325669f5|oos,yqstnuAEVhm_66ecc07f3cda4d8ebaf84288325669f5,P1,oos,yqstnuAEVhm,True,all_archived,8,26,0.21947874340058815,0.1618972578205108,0.5599990398617399
extended73|P1|oos|yqstnuAEVhm_66ecc07f3cda4d8ebaf84288325669f5,P1|0|yqstnuAEVhm_66ecc07f3cda4d8ebaf84288325669f5|oos,yqstnuAEVhm_66ecc07f3cda4d8ebaf84288325669f5,P1,oos,yqstnuAEVhm,True,all_archived,9,26,0.19805079623773514,0.14485228026681995,0.5989743056333446
extended73|P1|oos|yqstnuAEVhm_66ecc07f3cda4d8ebaf84288325669f5,P1|0|yqstnuAEVhm_66ecc07f3cda4d8ebaf84288325669f5|oos,yqstnuAEVhm_66ecc07f3cda4d8ebaf84288325669f5,P1,oos,yqstnuAEVhm,True,all_archived,10,26,0.18577606867696644,0.12899408284023672,0.6358974358974359
extended73|P1|oos|yqstnuAEVhm_66ecc07f3cda4d8ebaf84288325669f5,P1|0|yqstnuAEVhm_66ecc07f3cda4d8ebaf84288325669f5|oos,yqstnuAEVhm_66ecc07f3cda4d8ebaf84288325669f5,P1,oos,yqstnuAEVhm,True,all_archived,11,26,0.16950631660189838,0.1142751479289941,0.6708333333333334
extended73|P1|oos|yqstnuAEVhm_66ecc07f3cda4d8ebaf84288325669f5,P1|0|yqstnuAEVhm_66ecc07f3cda4d8ebaf84288325669f5|oos,yqstnuAEVhm_66ecc07f3cda4d8ebaf84288325669f5,P1,oos,yqstnuAEVhm,True,all_archived,12,26,0.15477428134266716,0.10065088757396451,0.7038461538461539
extended73|P1|oos|yqstnuAEVhm_66ecc07f3cda4d8ebaf84288325669f5,P1|0|yqstnuAEVhm_66ecc07f3cda4d8ebaf84288325669f5|oos,yqstnuAEVhm_66ecc07f3cda4d8ebaf84288325669f5,P1,oos,yqstnuAEVhm,True,all_archived,13,26,0.1422865692659743,0.08807692307692308,0.735
extended73|P1|oos|yqstnuAEVhm_66ecc07f3cda4d8ebaf84288325669f5,P1|0|yqstnuAEVhm_66ecc07f3cda4d8ebaf84288325669f5|oos,yqstnuAEVhm_66ecc07f3cda4d8ebaf84288325669f5,P1,oos,yqstnuAEVhm,True,all_archived,14,26,0.13266366972228616,0.07650887573964497,0.7643589743589744
extended73|P1|oos|yqstnuAEVhm_66ecc07f3cda4d8ebaf84288325669f5,P1|0|yqstnuAEVhm_66ecc07f3cda4d8ebaf84288325669f5|oos,yqstnuAEVhm_66ecc07f3cda4d8ebaf84288325669f5,P1,oos,yqstnuAEVhm,True,all_archived,15,26,0.12430463217472547,0.06590236686390533,0.7919871794871794
extended73|P1|oos|yqstnuAEVhm_66ecc07f3cda4d8ebaf84288325669f5,P1|0|yqstnuAEVhm_66ecc07f3cda4d8ebaf84288325669f5|oos,yqstnuAEVhm_66ecc07f3cda4d8ebaf84288325669f5,P1,oos,yqstnuAEVhm,True,all_archived,16,26,0.116110042923104,0.05621301775147929,0.817948717948718
extended73|P1|oos|yqstnuAEVhm_66ecc07f3cda4d8ebaf84288325669f5,P1|0|yqstnuAEVhm_66ecc07f3cda4d8ebaf84288325669f5|oos,yqstnuAEVhm_66ecc07f3cda4d8ebaf84288325669f5,P1,oos,yqstnuAEVhm,True,all_archived,17,26,0.10485042153762449,0.047396449704142016,0.8423076923076924
extended73|P1|oos|yqstnuAEVhm_66ecc07f3cda4d8ebaf84288325669f5,P1|0|yqstnuAEVhm_66ecc07f3cda4d8ebaf84288325669f5|oos,yqstnuAEVhm_66ecc07f3cda4d8ebaf84288325669f5,P1,oos,yqstnuAEVhm,True,all_archived,18,26,0.09754610817803916,0.03940828402366864,0.8651282051282051
extended73|P1|oos|yqstnuAEVhm_66ecc07f3cda4d8ebaf84288325669f5,P1|0|yqstnuAEVhm_66ecc07f3cda4d8ebaf84288325669f5|oos,yqstnuAEVhm_66ecc07f3cda4d8ebaf84288325669f5,P1,oos,yqstnuAEVhm,True,all_archived,19,26,0.090369594760107,0.032204142011834316,0.8864743589743589
extended73|P1|oos|yqstnuAEVhm_66ecc07f3cda4d8ebaf84288325669f5,P1|0|yqstnuAEVhm_66ecc07f3cda4d8ebaf84288325669f5|oos,yqstnuAEVhm_66ecc07f3cda4d8ebaf84288325669f5,P1,oos,yqstnuAEVhm,True,all_archived,20,26,0.07995006665575227,0.025739644970414203,0.9064102564102564
extended73|P1|oos|yqstnuAEVhm_66ecc07f3cda4d8ebaf84288325669f5,P1|0|yqstnuAEVhm_66ecc07f3cda4d8ebaf84288325669f5|oos,yqstnuAEVhm_66ecc07f3cda4d8ebaf84288325669f5,P1,oos,yqstnuAEVhm,True,current20,1,20,0.5134615384615385,0.5134615384615384,0.16666666666666666
extended73|P1|oos|yqstnuAEVhm_66ecc07f3cda4d8ebaf84288325669f5,P1|0|yqstnuAEVhm_66ecc07f3cda4d8ebaf84288325669f5|oos,yqstnuAEVhm_66ecc07f3cda4d8ebaf84288325669f5,P1,oos,yqstnuAEVhm,True,current20,2,20,0.4103238866396761,0.3423076923076923,0.25
extended73|P1|oos|yqstnuAEVhm_66ecc07f3cda4d8ebaf84288325669f5,P1|0|yqstnuAEVhm_66ecc07f3cda4d8ebaf84288325669f5|oos,yqstnuAEVhm_66ecc07f3cda4d8ebaf84288325669f5,P1,oos,yqstnuAEVhm,True,current20,3,20,0.3367071524966261,0.27766531713900133,0.30336257309941517
extended73|P1|oos|yqstnuAEVhm_66ecc07f3cda4d8ebaf84288325669f5,P1|0|yqstnuAEVhm_66ecc07f3cda4d8ebaf84288325669f5|oos,yqstnuAEVhm_66ecc07f3cda4d8ebaf84288325669f5,P1,oos,yqstnuAEVhm,True,current20,4,20,0.31243153131698015,0.24574898785425103,0.34568283453732374
extended73|P1|oos|yqstnuAEVhm_66ecc07f3cda4d8ebaf84288325669f5,P1|0|yqstnuAEVhm_66ecc07f3cda4d8ebaf84288325669f5|oos,yqstnuAEVhm_66ecc07f3cda4d8ebaf84288325669f5,P1,oos,yqstnuAEVhm,True,current20,5,20,0.2783400809716599,0.22343117408906885,0.38297643618851046
extended73|P1|oos|yqstnuAEVhm_66ecc07f3cda4d8ebaf84288325669f5,P1|0|yqstnuAEVhm_66ecc07f3cda4d8ebaf84288325669f5|oos,yqstnuAEVhm_66ecc07f3cda4d8ebaf84288325669f5,P1,oos,yqstnuAEVhm,True,current20,6,20,0.24570929586409457,0.20447031039136304,0.4169547643618851
extended73|P1|oos|yqstnuAEVhm_66ecc07f3cda4d8ebaf84288325669f5,P1|0|yqstnuAEVhm_66ecc07f3cda4d8ebaf84288325669f5|oos,yqstnuAEVhm_66ecc07f3cda4d8ebaf84288325669f5,P1,oos,yqstnuAEVhm,True,current20,7,20,0.22728625863300783,0.18744939271255062,0.4480994152046784
extended73|P1|oos|yqstnuAEVhm_66ecc07f3cda4d8ebaf84288325669f5,P1|0|yqstnuAEVhm_66ecc07f3cda4d8ebaf84288325669f5|oos,yqstnuAEVhm_66ecc07f3cda4d8ebaf84288325669f5,P1,oos,yqstnuAEVhm,True,current20,8,20,0.2046975470350083,0.17206477732793524,0.476608187134503
extended73|P1|oos|yqstnuAEVhm_66ecc07f3cda4d8ebaf84288325669f5,P1|0|yqstnuAEVhm_66ecc07f3cda4d8ebaf84288325669f5|oos,yqstnuAEVhm_66ecc07f3cda4d8ebaf84288325669f5,P1,oos,yqstnuAEVhm,True,current20,9,20,0.18581011351909182,0.15819838056680163,0.5026315789473683
extended73|P1|oos|yqstnuAEVhm_66ecc07f3cda4d8ebaf84288325669f5,P1|0|yqstnuAEVhm_66ecc07f3cda4d8ebaf84288325669f5|oos,yqstnuAEVhm_66ecc07f3cda4d8ebaf84288325669f5,P1,oos,yqstnuAEVhm,True,current20,10,20,0.1763276970707311,0.14574898785425103,0.5263157894736842
extended73|P1|oos|yqstnuAEVhm_66ecc07f3cda4d8ebaf84288325669f5,P1|0|yqstnuAEVhm_66ecc07f3cda4d8ebaf84288325669f5|oos,yqstnuAEVhm_66ecc07f3cda4d8ebaf84288325669f5,P1,oos,yqstnuAEVhm,True,current20,11,20,0.1624791617051679,0.13461538461538464,0.5478070175438596
extended73|P1|oos|yqstnuAEVhm_66ecc07f3cda4d8ebaf84288325669f5,P1|0|yqstnuAEVhm_66ecc07f3cda4d8ebaf84288325669f5|oos,yqstnuAEVhm_66ecc07f3cda4d8ebaf84288325669f5,P1,oos,yqstnuAEVhm,True,current20,12,20,0.14933714376438834,0.12469635627530365,0.5672514619883041
extended73|P1|oos|yqstnuAEVhm_66ecc07f3cda4d8ebaf84288325669f5,P1|0|yqstnuAEVhm_66ecc07f3cda4d8ebaf84288325669f5|oos,yqstnuAEVhm_66ecc07f3cda4d8ebaf84288325669f5,P1,oos,yqstnuAEVhm,True,current20,13,20,0.13914920219099786,0.11589068825910931,0.5847953216374269
extended73|P1|oos|yqstnuAEVhm_66ecc07f3cda4d8ebaf84288325669f5,P1|0|yqstnuAEVhm_66ecc07f3cda4d8ebaf84288325669f5|oos,yqstnuAEVhm_66ecc07f3cda4d8ebaf84288325669f5,P1,oos,yqstnuAEVhm,True,current20,14,20,0.132260657299357,0.10809716599190283,0.6005847953216373
extended73|P1|oos|yqstnuAEVhm_66ecc07f3cda4d8ebaf84288325669f5,P1|0|yqstnuAEVhm_66ecc07f3cda4d8ebaf84288325669f5|oos,yqstnuAEVhm_66ecc07f3cda4d8ebaf84288325669f5,P1,oos,yqstnuAEVhm,True,current20,15,20,0.12631876637294592,0.10121457489878544,0.6147660818713451
extended73|P1|oos|yqstnuAEVhm_66ecc07f3cda4d8ebaf84288325669f5,P1|0|yqstnuAEVhm_66ecc07f3cda4d8ebaf84288325669f5|oos,yqstnuAEVhm_66ecc07f3cda4d8ebaf84288325669f5,P1,oos,yqstnuAEVhm,True,current20,16,20,0.12195165515598952,0.09514170040485831,0.6274853801169591
extended73|P1|oos|yqstnuAEVhm_66ecc07f3cda4d8ebaf84288325669f5,P1|0|yqstnuAEVhm_66ecc07f3cda4d8ebaf84288325669f5|oos,yqstnuAEVhm_66ecc07f3cda4d8ebaf84288325669f5,P1,oos,yqstnuAEVhm,True,current20,17,20,0.11471778994998809,0.08977732793522268,0.6388888888888888
extended73|P1|oos|yqstnuAEVhm_66ecc07f3cda4d8ebaf84288325669f5,P1|0|yqstnuAEVhm_66ecc07f3cda4d8ebaf84288325669f5|oos,yqstnuAEVhm_66ecc07f3cda4d8ebaf84288325669f5,P1,oos,yqstnuAEVhm,True,current20,18,20,0.11039136302294195,0.08502024291497975,0.6491228070175438
extended73|P1|oos|yqstnuAEVhm_66ecc07f3cda4d8ebaf84288325669f5,P1|0|yqstnuAEVhm_66ecc07f3cda4d8ebaf84288325669f5|oos,yqstnuAEVhm_66ecc07f3cda4d8ebaf84288325669f5,P1,oos,yqstnuAEVhm,True,current20,19,20,0.10779352226720647,0.08076923076923077,0.6583333333333333
extended73|P1|oos|yqstnuAEVhm_66ecc07f3cda4d8ebaf84288325669f5,P1|0|yqstnuAEVhm_66ecc07f3cda4d8ebaf84288325669f5|oos,yqstnuAEVhm_66ecc07f3cda4d8ebaf84288325669f5,P1,oos,yqstnuAEVhm,True,current20,20,20,0.10384615384615381,0.07692307692307693,0.6666666666666666
extended73|P1|semi|B6ByNegPMKs_48ee619d38b142f88914e7e2582bc1d8,P1|0|B6ByNegPMKs_48ee619d38b142f88914e7e2582bc1d8|semi,B6ByNegPMKs_48ee619d38b142f88914e7e2582bc1d8,P1,semi,B6ByNegPMKs,True,all_archived,1,26,0.4349112426035503,0.4349112426035503,0.25
extended73|P1|semi|B6ByNegPMKs_48ee619d38b142f88914e7e2582bc1d8,P1|0|B6ByNegPMKs_48ee619d38b142f88914e7e2582bc1d8|semi,B6ByNegPMKs_48ee619d38b142f88914e7e2582bc1d8,P1,semi,B6ByNegPMKs,True,all_archived,2,26,0.35183431952662725,0.25739644970414205,0.363076923076923
extended73|P1|semi|B6ByNegPMKs_48ee619d38b142f88914e7e2582bc1d8,P1|0|B6ByNegPMKs_48ee619d38b142f88914e7e2582bc1d8|semi,B6ByNegPMKs_48ee619d38b142f88914e7e2582bc1d8,P1,semi,B6ByNegPMKs,True,all_archived,3,26,0.28536982248520715,0.19486686390532545,0.4327884615384615
extended73|P1|semi|B6ByNegPMKs_48ee619d38b142f88914e7e2582bc1d8,P1|0|B6ByNegPMKs_48ee619d38b142f88914e7e2582bc1d8|semi,B6ByNegPMKs_48ee619d38b142f88914e7e2582bc1d8,P1,semi,B6ByNegPMKs,True,all_archived,4,26,0.24102263956779008,0.1642063287882686,0.48785953177257524
extended73|P1|semi|B6ByNegPMKs_48ee619d38b142f88914e7e2582bc1d8,P1|0|B6ByNegPMKs_48ee619d38b142f88914e7e2582bc1d8|semi,B6ByNegPMKs_48ee619d38b142f88914e7e2582bc1d8,P1,semi,B6ByNegPMKs,True,all_archived,5,26,0.21850667726921907,0.14259244100381224,0.5363750380054728
extended73|P1|semi|B6ByNegPMKs_48ee619d38b142f88914e7e2582bc1d8,P1|0|B6ByNegPMKs_48ee619d38b142f88914e7e2582bc1d8|semi,B6ByNegPMKs_48ee619d38b142f88914e7e2582bc1d8,P1,semi,B6ByNegPMKs,True,all_archived,6,26,0.19240358303903454,0.12443693430315504,0.5805107935542718
extended73|P1|semi|B6ByNegPMKs_48ee619d38b142f88914e7e2582bc1d8,P1|0|B6ByNegPMKs_48ee619d38b142f88914e7e2582bc1d8|semi,B6ByNegPMKs_48ee619d38b142f88914e7e2582bc1d8,P1,semi,B6ByNegPMKs,True,all_archived,7,26,0.17056318263676123,0.10846779474705898,0.6209527972027972
extended73|P1|semi|B6ByNegPMKs_48ee619d38b142f88914e7e2582bc1d8,P1|0|B6ByNegPMKs_48ee619d38b142f88914e7e2582bc1d8|semi,B6ByNegPMKs_48ee619d38b142f88914e7e2582bc1d8,P1,semi,B6ByNegPMKs,True,all_archived,8,26,0.1595275627382651,0.0943298173398508,0.6580602006688963
extended73|P1|semi|B6ByNegPMKs_48ee619d38b142f88914e7e2582bc1d8,P1|0|B6ByNegPMKs_48ee619d38b142f88914e7e2582bc1d8|semi,B6ByNegPMKs_48ee619d38b142f88914e7e2582bc1d8,P1,semi,B6ByNegPMKs,True,all_archived,9,26,0.1499770797764109,0.0818291741703113,0.692123745819398
extended73|P1|semi|B6ByNegPMKs_48ee619d38b142f88914e7e2582bc1d8,P1|0|B6ByNegPMKs_48ee619d38b142f88914e7e2582bc1d8|semi,B6ByNegPMKs_48ee619d38b142f88914e7e2582bc1d8,P1,semi,B6ByNegPMKs,True,all_archived,10,26,0.13694131955001523,0.07080010290712632,0.7234113712374582
extended73|P1|semi|B6ByNegPMKs_48ee619d38b142f88914e7e2582bc1d8,P1|0|B6ByNegPMKs_48ee619d38b142f88914e7e2582bc1d8|semi,B6ByNegPMKs_48ee619d38b142f88914e7e2582bc1d8,P1,semi,B6ByNegPMKs,True,all_archived,11,26,0.12166516593774118,0.06108824286081811,0.7521739130434784
extended73|P1|semi|B6ByNegPMKs_48ee619d38b142f88914e7e2582bc1d8,P1|0|B6ByNegPMKs_48ee619d38b142f88914e7e2582bc1d8|semi,B6ByNegPMKs_48ee619d38b142f88914e7e2582bc1d8,P1,semi,B6ByNegPMKs,True,all_archived,12,26,0.11178029328531,0.05254952405454078,0.7786454849498328
extended73|P1|semi|B6ByNegPMKs_48ee619d38b142f88914e7e2582bc1d8,P1|0|B6ByNegPMKs_48ee619d38b142f88914e7e2582bc1d8|semi,B6ByNegPMKs_48ee619d38b142f88914e7e2582bc1d8,P1,semi,B6ByNegPMKs,True,all_archived,13,26,0.10096989966555185,0.04505016722408027,0.8030434782608695
extended73|P1|semi|B6ByNegPMKs_48ee619d38b142f88914e7e2582bc1d8,P1|0|B6ByNegPMKs_48ee619d38b142f88914e7e2582bc1d8|semi,B6ByNegPMKs_48ee619d38b142f88914e7e2582bc1d8,P1,semi,B6ByNegPMKs,True,all_archived,14,26,0.09581167995883713,0.03846668381785438,0.8255685618729096
extended73|P1|semi|B6ByNegPMKs_48ee619d38b142f88914e7e2582bc1d8,P1|0|B6ByNegPMKs_48ee619d38b142f88914e7e2582bc1d8|semi,B6ByNegPMKs_48ee619d38b142f88914e7e2582bc1d8,P1,semi,B6ByNegPMKs,True,all_archived,15,26,0.08922112168767689,0.03268587599691279,0.8464046822742475
extended73|P1|semi|B6ByNegPMKs_48ee619d38b142f88914e7e2582bc1d8,P1|0|B6ByNegPMKs_48ee619d38b142f88914e7e2582bc1d8|semi,B6ByNegPMKs_48ee619d38b142f88914e7e2582bc1d8,P1,semi,B6ByNegPMKs,True,all_archived,16,26,0.08558832471875949,0.02760483663493697,0.8657190635451505
extended73|P1|semi|B6ByNegPMKs_48ee619d38b142f88914e7e2582bc1d8,P1|0|B6ByNegPMKs_48ee619d38b142f88914e7e2582bc1d8|semi,B6ByNegPMKs_48ee619d38b142f88914e7e2582bc1d8,P1,semi,B6ByNegPMKs,True,all_archived,17,26,0.07939963046986456,0.02313094931824029,0.8836622073578595
extended73|P1|semi|B6ByNegPMKs_48ee619d38b142f88914e7e2582bc1d8,P1|0|B6ByNegPMKs_48ee619d38b142f88914e7e2582bc1d8|semi,B6ByNegPMKs_48ee619d38b142f88914e7e2582bc1d8,P1,semi,B6ByNegPMKs,True,all_archived,18,26,0.07090113899478447,0.019181888345767947,0.9003678929765886
extended73|P1|semi|B6ByNegPMKs_48ee619d38b142f88914e7e2582bc1d8,P1|0|B6ByNegPMKs_48ee619d38b142f88914e7e2582bc1d8|semi,B6ByNegPMKs_48ee619d38b142f88914e7e2582bc1d8,P1,semi,B6ByNegPMKs,True,all_archived,19,26,0.06283906728722781,0.01568561872909699,0.9159531772575251
extended73|P1|semi|B6ByNegPMKs_48ee619d38b142f88914e7e2582bc1d8,P1|0|B6ByNegPMKs_48ee619d38b142f88914e7e2582bc1d8|semi,B6ByNegPMKs_48ee619d38b142f88914e7e2582bc1d8,P1,semi,B6ByNegPMKs,True,all_archived,20,26,0.05772107491171037,0.012580396192436326,0.9305183946488294
extended73|P1|semi|B6ByNegPMKs_48ee619d38b142f88914e7e2582bc1d8,P1|0|B6ByNegPMKs_48ee619d38b142f88914e7e2582bc1d8|semi,B6ByNegPMKs_48ee619d38b142f88914e7e2582bc1d8,P1,semi,B6ByNegPMKs,True,current20,1,20,0.3923076923076923,0.39230769230769225,0.25
extended73|P1|semi|B6ByNegPMKs_48ee619d38b142f88914e7e2582bc1d8,P1|0|B6ByNegPMKs_48ee619d38b142f88914e7e2582bc1d8|semi,B6ByNegPMKs_48ee619d38b142f88914e7e2582bc1d8,P1,semi,B6ByNegPMKs,True,current20,2,20,0.32510121457489877,0.24736842105263157,0.33947368421052637
extended73|P1|semi|B6ByNegPMKs_48ee619d38b142f88914e7e2582bc1d8,P1|0|B6ByNegPMKs_48ee619d38b142f88914e7e2582bc1d8|semi,B6ByNegPMKs_48ee619d38b142f88914e7e2582bc1d8,P1,semi,B6ByNegPMKs,True,current20,3,20,0.26666666666666666,0.20620782726045886,0.3912280701754386
extended73|P1|semi|B6ByNegPMKs_48ee619d38b142f88914e7e2582bc1d8,P1|0|B6ByNegPMKs_48ee619d38b142f88914e7e2582bc1d8|semi,B6ByNegPMKs_48ee619d38b142f88914e7e2582bc1d8,P1,semi,B6ByNegPMKs,True,current20,4,20,0.22500595379852345,0.18436135587838373,0.4341589267285862
extended73|P1|semi|B6ByNegPMKs_48ee619d38b142f88914e7e2582bc1d8,P1|0|B6ByNegPMKs_48ee619d38b142f88914e7e2582bc1d8|semi,B6ByNegPMKs_48ee619d38b142f88914e7e2582bc1d8,P1,semi,B6ByNegPMKs,True,current20,5,20,0.20512026673017386,0.1659919028340081,0.4736842105263157
extended73|P1|semi|B6ByNegPMKs_48ee619d38b142f88914e7e2582bc1d8,P1|0|B6ByNegPMKs_48ee619d38b142f88914e7e2582bc1d8|semi,B6ByNegPMKs_48ee619d38b142f88914e7e2582bc1d8,P1,semi,B6ByNegPMKs,True,current20,6,20,0.1816146701595618,0.14898785425101216,0.5105263157894737
extended73|P1|semi|B6ByNegPMKs_48ee619d38b142f88914e7e2582bc1d8,P1|0|B6ByNegPMKs_48ee619d38b142f88914e7e2582bc1d8|semi,B6ByNegPMKs_48ee619d38b142f88914e7e2582bc1d8,P1,semi,B6ByNegPMKs,True,current20,7,20,0.16118123362705405,0.1331983805668016,0.5447368421052632
extended73|P1|semi|B6ByNegPMKs_48ee619d38b142f88914e7e2582bc1d8,P1|0|B6ByNegPMKs_48ee619d38b142f88914e7e2582bc1d8|semi,B6ByNegPMKs_48ee619d38b142f88914e7e2582bc1d8,P1,semi,B6ByNegPMKs,True,current20,8,20,0.15120266730173854,0.11862348178137654,0.5763157894736842
extended73|P1|semi|B6ByNegPMKs_48ee619d38b142f88914e7e2582bc1d8,P1|0|B6ByNegPMKs_48ee619d38b142f88914e7e2582bc1d8|semi,B6ByNegPMKs_48ee619d38b142f88914e7e2582bc1d8,P1,semi,B6ByNegPMKs,True,current20,9,20,0.14431213781058982,0.10526315789473685,0.6052631578947368
extended73|P1|semi|B6ByNegPMKs_48ee619d38b142f88914e7e2582bc1d8,P1|0|B6ByNegPMKs_48ee619d38b142f88914e7e2582bc1d8|semi,B6ByNegPMKs_48ee619d38b142f88914e7e2582bc1d8,P1,semi,B6ByNegPMKs,True,current20,10,20,0.1347463681829007,0.09311740890688258,0.631578947368421
extended73|P1|semi|B6ByNegPMKs_48ee619d38b142f88914e7e2582bc1d8,P1|0|B6ByNegPMKs_48ee619d38b142f88914e7e2582bc1d8|semi,B6ByNegPMKs_48ee619d38b142f88914e7e2582bc1d8,P1,semi,B6ByNegPMKs,True,current20,11,20,0.12248154322457729,0.08218623481781377,0.6552631578947368
extended73|P1|semi|B6ByNegPMKs_48ee619d38b142f88914e7e2582bc1d8,P1|0|B6ByNegPMKs_48ee619d38b142f88914e7e2582bc1d8|semi,B6ByNegPMKs_48ee619d38b142f88914e7e2582bc1d8,P1,semi,B6ByNegPMKs,True,current20,12,20,0.11464634436770661,0.07246963562753037,0.6763157894736842
extended73|P1|semi|B6ByNegPMKs_48ee619d38b142f88914e7e2582bc1d8,P1|0|B6ByNegPMKs_48ee619d38b142f88914e7e2582bc1d8|semi,B6ByNegPMKs_48ee619d38b142f88914e7e2582bc1d8,P1,semi,B6ByNegPMKs,True,current20,13,20,0.10648567119155357,0.06396761133603239,0.6947368421052631
extended73|P1|semi|B6ByNegPMKs_48ee619d38b142f88914e7e2582bc1d8,P1|0|B6ByNegPMKs_48ee619d38b142f88914e7e2582bc1d8|semi,B6ByNegPMKs_48ee619d38b142f88914e7e2582bc1d8,P1,semi,B6ByNegPMKs,True,current20,14,20,0.10421528935460825,0.05668016194331984,0.7105263157894737
extended73|P1|semi|B6ByNegPMKs_48ee619d38b142f88914e7e2582bc1d8,P1|0|B6ByNegPMKs_48ee619d38b142f88914e7e2582bc1d8|semi,B6ByNegPMKs_48ee619d38b142f88914e7e2582bc1d8,P1,semi,B6ByNegPMKs,True,current20,15,20,0.10040485829959518,0.05060728744939272,0.7236842105263158
extended73|P1|semi|B6ByNegPMKs_48ee619d38b142f88914e7e2582bc1d8,P1|0|B6ByNegPMKs_48ee619d38b142f88914e7e2582bc1d8|semi,B6ByNegPMKs_48ee619d38b142f88914e7e2582bc1d8,P1,semi,B6ByNegPMKs,True,current20,16,20,0.09959514170040489,0.045748987854251015,0.7342105263157894
extended73|P1|semi|B6ByNegPMKs_48ee619d38b142f88914e7e2582bc1d8,P1|0|B6ByNegPMKs_48ee619d38b142f88914e7e2582bc1d8|semi,B6ByNegPMKs_48ee619d38b142f88914e7e2582bc1d8,P1,semi,B6ByNegPMKs,True,current20,17,20,0.09838056680161944,0.04210526315789474,0.7421052631578947
extended73|P1|semi|B6ByNegPMKs_48ee619d38b142f88914e7e2582bc1d8,P1|0|B6ByNegPMKs_48ee619d38b142f88914e7e2582bc1d8|semi,B6ByNegPMKs_48ee619d38b142f88914e7e2582bc1d8,P1,semi,B6ByNegPMKs,True,current20,18,20,0.0967611336032389,0.03967611336032389,0.7473684210526316
extended73|P1|semi|B6ByNegPMKs_48ee619d38b142f88914e7e2582bc1d8,P1|0|B6ByNegPMKs_48ee619d38b142f88914e7e2582bc1d8|semi,B6ByNegPMKs_48ee619d38b142f88914e7e2582bc1d8,P1,semi,B6ByNegPMKs,True,current20,19,20,0.09473684210526319,0.038461538461538464,0.75
extended73|P1|semi|B6ByNegPMKs_48ee619d38b142f88914e7e2582bc1d8,P1|0|B6ByNegPMKs_48ee619d38b142f88914e7e2582bc1d8|semi,B6ByNegPMKs_48ee619d38b142f88914e7e2582bc1d8,P1,semi,B6ByNegPMKs,True,current20,20,20,0.09230769230769235,0.038461538461538464,0.75
extended73|P1|semi|B6ByNegPMKs_75327de9719945aa8b893a6404667884,P1|0|B6ByNegPMKs_75327de9719945aa8b893a6404667884|semi,B6ByNegPMKs_75327de9719945aa8b893a6404667884,P1,semi,B6ByNegPMKs,True,all_archived,1,26,0.07396449704142011,0.07396449704142012,0.5
extended73|P1|semi|B6ByNegPMKs_75327de9719945aa8b893a6404667884,P1|0|B6ByNegPMKs_75327de9719945aa8b893a6404667884|semi,B6ByNegPMKs_75327de9719945aa8b893a6404667884,P1,semi,B6ByNegPMKs,True,all_archived,2,26,0.0710059171597633,0.03550295857988166,0.5384615384615384
extended73|P1|semi|B6ByNegPMKs_75327de9719945aa8b893a6404667884,P1|0|B6ByNegPMKs_75327de9719945aa8b893a6404667884|semi,B6ByNegPMKs_75327de9719945aa8b893a6404667884,P1,semi,B6ByNegPMKs,True,all_archived,3,26,0.0680473372781065,0.034023668639053255,0.5576923076923077
extended73|P1|semi|B6ByNegPMKs_75327de9719945aa8b893a6404667884,P1|0|B6ByNegPMKs_75327de9719945aa8b893a6404667884|semi,B6ByNegPMKs_75327de9719945aa8b893a6404667884,P1,semi,B6ByNegPMKs,True,all_archived,4,26,0.0650887573964497,0.03254437869822485,0.5769230769230769
extended73|P1|semi|B6ByNegPMKs_75327de9719945aa8b893a6404667884,P1|0|B6ByNegPMKs_75327de9719945aa8b893a6404667884|semi,B6ByNegPMKs_75327de9719945aa8b893a6404667884,P1,semi,B6ByNegPMKs,True,all_archived,5,26,0.06213017751479289,0.031065088757396452,0.5961538461538461
extended73|P1|semi|B6ByNegPMKs_75327de9719945aa8b893a6404667884,P1|0|B6ByNegPMKs_75327de9719945aa8b893a6404667884|semi,B6ByNegPMKs_75327de9719945aa8b893a6404667884,P1,semi,B6ByNegPMKs,True,all_archived,6,26,0.059171597633136085,0.02958579881656805,0.6153846153846154
extended73|P1|semi|B6ByNegPMKs_75327de9719945aa8b893a6404667884,P1|0|B6ByNegPMKs_75327de9719945aa8b893a6404667884|semi,B6ByNegPMKs_75327de9719945aa8b893a6404667884,P1,semi,B6ByNegPMKs,True,all_archived,7,26,0.056213017751479286,0.028106508875739646,0.6346153846153846
extended73|P1|semi|B6ByNegPMKs_75327de9719945aa8b893a6404667884,P1|0|B6ByNegPMKs_75327de9719945aa8b893a6404667884|semi,B6ByNegPMKs_75327de9719945aa8b893a6404667884,P1,semi,B6ByNegPMKs,True,all_archived,8,26,0.05325443786982248,0.026627218934911243,0.6538461538461539
extended73|P1|semi|B6ByNegPMKs_75327de9719945aa8b893a6404667884,P1|0|B6ByNegPMKs_75327de9719945aa8b893a6404667884|semi,B6ByNegPMKs_75327de9719945aa8b893a6404667884,P1,semi,B6ByNegPMKs,True,all_archived,9,26,0.05029585798816568,0.02514792899408284,0.6730769230769231
extended73|P1|semi|B6ByNegPMKs_75327de9719945aa8b893a6404667884,P1|0|B6ByNegPMKs_75327de9719945aa8b893a6404667884|semi,B6ByNegPMKs_75327de9719945aa8b893a6404667884,P1,semi,B6ByNegPMKs,True,all_archived,10,26,0.047337278106508875,0.02366863905325444,0.6923076923076923
extended73|P1|semi|B6ByNegPMKs_75327de9719945aa8b893a6404667884,P1|0|B6ByNegPMKs_75327de9719945aa8b893a6404667884|semi,B6ByNegPMKs_75327de9719945aa8b893a6404667884,P1,semi,B6ByNegPMKs,True,all_archived,11,26,0.044378698224852076,0.022189349112426034,0.7115384615384616
extended73|P1|semi|B6ByNegPMKs_75327de9719945aa8b893a6404667884,P1|0|B6ByNegPMKs_75327de9719945aa8b893a6404667884|semi,B6ByNegPMKs_75327de9719945aa8b893a6404667884,P1,semi,B6ByNegPMKs,True,all_archived,12,26,0.04142011834319528,0.020710059171597635,0.7307692307692308
extended73|P1|semi|B6ByNegPMKs_75327de9719945aa8b893a6404667884,P1|0|B6ByNegPMKs_75327de9719945aa8b893a6404667884|semi,B6ByNegPMKs_75327de9719945aa8b893a6404667884,P1,semi,B6ByNegPMKs,True,all_archived,13,26,0.03846153846153845,0.019230769230769232,0.75
extended73|P1|semi|B6ByNegPMKs_75327de9719945aa8b893a6404667884,P1|0|B6ByNegPMKs_75327de9719945aa8b893a6404667884|semi,B6ByNegPMKs_75327de9719945aa8b893a6404667884,P1,semi,B6ByNegPMKs,True,all_archived,14,26,0.03550295857988165,0.01775147928994083,0.7692307692307692
extended73|P1|semi|B6ByNegPMKs_75327de9719945aa8b893a6404667884,P1|0|B6ByNegPMKs_75327de9719945aa8b893a6404667884|semi,B6ByNegPMKs_75327de9719945aa8b893a6404667884,P1,semi,B6ByNegPMKs,True,all_archived,15,26,0.03254437869822485,0.016272189349112426,0.7884615384615384
extended73|P1|semi|B6ByNegPMKs_75327de9719945aa8b893a6404667884,P1|0|B6ByNegPMKs_75327de9719945aa8b893a6404667884|semi,B6ByNegPMKs_75327de9719945aa8b893a6404667884,P1,semi,B6ByNegPMKs,True,all_archived,16,26,0.02958579881656805,0.014792899408284025,0.8076923076923077
extended73|P1|semi|B6ByNegPMKs_75327de9719945aa8b893a6404667884,P1|0|B6ByNegPMKs_75327de9719945aa8b893a6404667884|semi,B6ByNegPMKs_75327de9719945aa8b893a6404667884,P1,semi,B6ByNegPMKs,True,all_archived,17,26,0.02662721893491125,0.013313609467455622,0.8269230769230769
extended73|P1|semi|B6ByNegPMKs_75327de9719945aa8b893a6404667884,P1|0|B6ByNegPMKs_75327de9719945aa8b893a6404667884|semi,B6ByNegPMKs_75327de9719945aa8b893a6404667884,P1,semi,B6ByNegPMKs,True,all_archived,18,26,0.023668639053254448,0.01183431952662722,0.8461538461538461
extended73|P1|semi|B6ByNegPMKs_75327de9719945aa8b893a6404667884,P1|0|B6ByNegPMKs_75327de9719945aa8b893a6404667884|semi,B6ByNegPMKs_75327de9719945aa8b893a6404667884,P1,semi,B6ByNegPMKs,True,all_archived,19,26,0.020710059171597656,0.010355029585798817,0.8653846153846154
extended73|P1|semi|B6ByNegPMKs_75327de9719945aa8b893a6404667884,P1|0|B6ByNegPMKs_75327de9719945aa8b893a6404667884|semi,B6ByNegPMKs_75327de9719945aa8b893a6404667884,P1,semi,B6ByNegPMKs,True,all_archived,20,26,0.017751479289940853,0.008875739644970414,0.8846153846153846
extended73|P1|semi|B6ByNegPMKs_75327de9719945aa8b893a6404667884,P1|0|B6ByNegPMKs_75327de9719945aa8b893a6404667884|semi,B6ByNegPMKs_75327de9719945aa8b893a6404667884,P1,semi,B6ByNegPMKs,True,current20,1,20,0.03846153846153845,0.038461538461538464,0.5
extended73|P1|semi|B6ByNegPMKs_75327de9719945aa8b893a6404667884,P1|0|B6ByNegPMKs_75327de9719945aa8b893a6404667884|semi,B6ByNegPMKs_75327de9719945aa8b893a6404667884,P1,semi,B6ByNegPMKs,True,current20,2,20,0.03846153846153845,0.038461538461538464,0.5
extended73|P1|semi|B6ByNegPMKs_75327de9719945aa8b893a6404667884,P1|0|B6ByNegPMKs_75327de9719945aa8b893a6404667884|semi,B6ByNegPMKs_75327de9719945aa8b893a6404667884,P1,semi,B6ByNegPMKs,True,current20,3,20,0.03846153846153845,0.038461538461538464,0.5
extended73|P1|semi|B6ByNegPMKs_75327de9719945aa8b893a6404667884,P1|0|B6ByNegPMKs_75327de9719945aa8b893a6404667884|semi,B6ByNegPMKs_75327de9719945aa8b893a6404667884,P1,semi,B6ByNegPMKs,True,current20,4,20,0.03846153846153845,0.038461538461538464,0.5
extended73|P1|semi|B6ByNegPMKs_75327de9719945aa8b893a6404667884,P1|0|B6ByNegPMKs_75327de9719945aa8b893a6404667884|semi,B6ByNegPMKs_75327de9719945aa8b893a6404667884,P1,semi,B6ByNegPMKs,True,current20,5,20,0.03846153846153845,0.038461538461538464,0.5
extended73|P1|semi|B6ByNegPMKs_75327de9719945aa8b893a6404667884,P1|0|B6ByNegPMKs_75327de9719945aa8b893a6404667884|semi,B6ByNegPMKs_75327de9719945aa8b893a6404667884,P1,semi,B6ByNegPMKs,True,current20,6,20,0.03846153846153845,0.038461538461538464,0.5
extended73|P1|semi|B6ByNegPMKs_75327de9719945aa8b893a6404667884,P1|0|B6ByNegPMKs_75327de9719945aa8b893a6404667884|semi,B6ByNegPMKs_75327de9719945aa8b893a6404667884,P1,semi,B6ByNegPMKs,True,current20,7,20,0.03846153846153845,0.038461538461538464,0.5
extended73|P1|semi|B6ByNegPMKs_75327de9719945aa8b893a6404667884,P1|0|B6ByNegPMKs_75327de9719945aa8b893a6404667884|semi,B6ByNegPMKs_75327de9719945aa8b893a6404667884,P1,semi,B6ByNegPMKs,True,current20,8,20,0.03846153846153845,0.038461538461538464,0.5
extended73|P1|semi|B6ByNegPMKs_75327de9719945aa8b893a6404667884,P1|0|B6ByNegPMKs_75327de9719945aa8b893a6404667884|semi,B6ByNegPMKs_75327de9719945aa8b893a6404667884,P1,semi,B6ByNegPMKs,True,current20,9,20,0.03846153846153845,0.038461538461538464,0.5
extended73|P1|semi|B6ByNegPMKs_75327de9719945aa8b893a6404667884,P1|0|B6ByNegPMKs_75327de9719945aa8b893a6404667884|semi,B6ByNegPMKs_75327de9719945aa8b893a6404667884,P1,semi,B6ByNegPMKs,True,current20,10,20,0.03846153846153845,0.038461538461538464,0.5
extended73|P1|semi|B6ByNegPMKs_75327de9719945aa8b893a6404667884,P1|0|B6ByNegPMKs_75327de9719945aa8b893a6404667884|semi,B6ByNegPMKs_75327de9719945aa8b893a6404667884,P1,semi,B6ByNegPMKs,True,current20,11,20,0.03846153846153845,0.038461538461538464,0.5
extended73|P1|semi|B6ByNegPMKs_75327de9719945aa8b893a6404667884,P1|0|B6ByNegPMKs_75327de9719945aa8b893a6404667884|semi,B6ByNegPMKs_75327de9719945aa8b893a6404667884,P1,semi,B6ByNegPMKs,True,current20,12,20,0.03846153846153845,0.038461538461538464,0.5
extended73|P1|semi|B6ByNegPMKs_75327de9719945aa8b893a6404667884,P1|0|B6ByNegPMKs_75327de9719945aa8b893a6404667884|semi,B6ByNegPMKs_75327de9719945aa8b893a6404667884,P1,semi,B6ByNegPMKs,True,current20,13,20,0.03846153846153845,0.038461538461538464,0.5
extended73|P1|semi|B6ByNegPMKs_75327de9719945aa8b893a6404667884,P1|0|B6ByNegPMKs_75327de9719945aa8b893a6404667884|semi,B6ByNegPMKs_75327de9719945aa8b893a6404667884,P1,semi,B6ByNegPMKs,True,current20,14,20,0.03846153846153845,0.038461538461538464,0.5
extended73|P1|semi|B6ByNegPMKs_75327de9719945aa8b893a6404667884,P1|0|B6ByNegPMKs_75327de9719945aa8b893a6404667884|semi,B6ByNegPMKs_75327de9719945aa8b893a6404667884,P1,semi,B6ByNegPMKs,True,current20,15,20,0.03846153846153845,0.038461538461538464,0.5
extended73|P1|semi|B6ByNegPMKs_75327de9719945aa8b893a6404667884,P1|0|B6ByNegPMKs_75327de9719945aa8b893a6404667884|semi,B6ByNegPMKs_75327de9719945aa8b893a6404667884,P1,semi,B6ByNegPMKs,True,current20,16,20,0.03846153846153845,0.038461538461538464,0.5
extended73|P1|semi|B6ByNegPMKs_75327de9719945aa8b893a6404667884,P1|0|B6ByNegPMKs_75327de9719945aa8b893a6404667884|semi,B6ByNegPMKs_75327de9719945aa8b893a6404667884,P1,semi,B6ByNegPMKs,True,current20,17,20,0.03846153846153845,0.038461538461538464,0.5
extended73|P1|semi|B6ByNegPMKs_75327de9719945aa8b893a6404667884,P1|0|B6ByNegPMKs_75327de9719945aa8b893a6404667884|semi,B6ByNegPMKs_75327de9719945aa8b893a6404667884,P1,semi,B6ByNegPMKs,True,current20,18,20,0.03846153846153845,0.038461538461538464,0.5
extended73|P1|semi|B6ByNegPMKs_75327de9719945aa8b893a6404667884,P1|0|B6ByNegPMKs_75327de9719945aa8b893a6404667884|semi,B6ByNegPMKs_75327de9719945aa8b893a6404667884,P1,semi,B6ByNegPMKs,True,current20,19,20,0.03846153846153845,0.038461538461538464,0.5
extended73|P1|semi|B6ByNegPMKs_75327de9719945aa8b893a6404667884,P1|0|B6ByNegPMKs_75327de9719945aa8b893a6404667884|semi,B6ByNegPMKs_75327de9719945aa8b893a6404667884,P1,semi,B6ByNegPMKs,True,current20,20,20,0.03846153846153845,0.038461538461538464,0.5
extended73|P1|semi|X7HyMhZNoso_28ada927582d4d6ea7cf44cabf31527a,P1|0|X7HyMhZNoso_28ada927582d4d6ea7cf44cabf31527a|semi,X7HyMhZNoso_28ada927582d4d6ea7cf44cabf31527a,P1,semi,X7HyMhZNoso,True,all_archived,1,26,0.334319526627219,0.334319526627219,0.24999999999999997
extended73|P1|semi|X7HyMhZNoso_28ada927582d4d6ea7cf44cabf31527a,P1|0|X7HyMhZNoso_28ada927582d4d6ea7cf44cabf31527a|semi,X7HyMhZNoso_28ada927582d4d6ea7cf44cabf31527a,P1,semi,X7HyMhZNoso,True,all_archived,2,26,0.290414201183432,0.19100591715976334,0.33692307692307694
extended73|P1|semi|X7HyMhZNoso_28ada927582d4d6ea7cf44cabf31527a,P1|0|X7HyMhZNoso_28ada927582d4d6ea7cf44cabf31527a|semi,X7HyMhZNoso_28ada927582d4d6ea7cf44cabf31527a,P1,semi,X7HyMhZNoso,True,all_archived,3,26,0.25215976331360945,0.15689349112426035,0.3886538461538461
extended73|P1|semi|X7HyMhZNoso_28ada927582d4d6ea7cf44cabf31527a,P1|0|X7HyMhZNoso_28ada927582d4d6ea7cf44cabf31527a|semi,X7HyMhZNoso_28ada927582d4d6ea7cf44cabf31527a,P1,semi,X7HyMhZNoso,True,all_archived,4,26,0.21888088500128633,0.14216362233084642,0.4329933110367893
extended73|P1|semi|X7HyMhZNoso_28ada927582d4d6ea7cf44cabf31527a,P1|0|X7HyMhZNoso_28ada927582d4d6ea7cf44cabf31527a|semi,X7HyMhZNoso_28ada927582d4d6ea7cf44cabf31527a,P1,semi,X7HyMhZNoso,True,all_archived,5,26,0.18996363168603972,0.13048565147227356,0.47499619945272115
extended73|P1|semi|X7HyMhZNoso_28ada927582d4d6ea7cf44cabf31527a,P1|0|X7HyMhZNoso_28ada927582d4d6ea7cf44cabf31527a|semi,X7HyMhZNoso_28ada927582d4d6ea7cf44cabf31527a,P1,semi,X7HyMhZNoso,True,all_archived,6,26,0.1761840166522441,0.11952662721893492,0.5153846153846153
extended73|P1|semi|X7HyMhZNoso_28ada927582d4d6ea7cf44cabf31527a,P1|0|X7HyMhZNoso_28ada927582d4d6ea7cf44cabf31527a|semi,X7HyMhZNoso_28ada927582d4d6ea7cf44cabf31527a,P1,semi,X7HyMhZNoso,True,all_archived,7,26,0.1634443482938466,0.10905325443786984,0.5542307692307692
extended73|P1|semi|X7HyMhZNoso_28ada927582d4d6ea7cf44cabf31527a,P1|0|X7HyMhZNoso_28ada927582d4d6ea7cf44cabf31527a|semi,X7HyMhZNoso_28ada927582d4d6ea7cf44cabf31527a,P1,semi,X7HyMhZNoso,True,all_archived,8,26,0.1491503145683748,0.09905325443786983,0.5915384615384616
extended73|P1|semi|X7HyMhZNoso_28ada927582d4d6ea7cf44cabf31527a,P1|0|X7HyMhZNoso_28ada927582d4d6ea7cf44cabf31527a|semi,X7HyMhZNoso_28ada927582d4d6ea7cf44cabf31527a,P1,semi,X7HyMhZNoso,True,all_archived,9,26,0.1340573473349393,0.08952662721893491,0.6273076923076923
extended73|P1|semi|X7HyMhZNoso_28ada927582d4d6ea7cf44cabf31527a,P1|0|X7HyMhZNoso_28ada927582d4d6ea7cf44cabf31527a|semi,X7HyMhZNoso_28ada927582d4d6ea7cf44cabf31527a,P1,semi,X7HyMhZNoso,True,all_archived,10,26,0.11878288935145123,0.08047337278106509,0.6615384615384615
extended73|P1|semi|X7HyMhZNoso_28ada927582d4d6ea7cf44cabf31527a,P1|0|X7HyMhZNoso_28ada927582d4d6ea7cf44cabf31527a|semi,X7HyMhZNoso_28ada927582d4d6ea7cf44cabf31527a,P1,semi,X7HyMhZNoso,True,all_archived,11,26,0.10780866290899736,0.07189349112426036,0.6942307692307692
extended73|P1|semi|X7HyMhZNoso_28ada927582d4d6ea7cf44cabf31527a,P1|0|X7HyMhZNoso_28ada927582d4d6ea7cf44cabf31527a|semi,X7HyMhZNoso_28ada927582d4d6ea7cf44cabf31527a,P1,semi,X7HyMhZNoso,True,all_archived,12,26,0.09890403910470799,0.06378698224852072,0.7253846153846154
extended73|P1|semi|X7HyMhZNoso_28ada927582d4d6ea7cf44cabf31527a,P1|0|X7HyMhZNoso_28ada927582d4d6ea7cf44cabf31527a|semi,X7HyMhZNoso_28ada927582d4d6ea7cf44cabf31527a,P1,semi,X7HyMhZNoso,True,all_archived,13,26,0.08926421404682273,0.05615384615384616,0.755
extended73|P1|semi|X7HyMhZNoso_28ada927582d4d6ea7cf44cabf31527a,P1|0|X7HyMhZNoso_28ada927582d4d6ea7cf44cabf31527a|semi,X7HyMhZNoso_28ada927582d4d6ea7cf44cabf31527a,P1,semi,X7HyMhZNoso,True,all_archived,14,26,0.0847748906611783,0.04899408284023669,0.783076923076923
extended73|P1|semi|X7HyMhZNoso_28ada927582d4d6ea7cf44cabf31527a,P1|0|X7HyMhZNoso_28ada927582d4d6ea7cf44cabf31527a|semi,X7HyMhZNoso_28ada927582d4d6ea7cf44cabf31527a,P1,semi,X7HyMhZNoso,True,all_archived,15,26,0.07905968613326474,0.04230769230769231,0.8096153846153846
extended73|P1|semi|X7HyMhZNoso_28ada927582d4d6ea7cf44cabf31527a,P1|0|X7HyMhZNoso_28ada927582d4d6ea7cf44cabf31527a|semi,X7HyMhZNoso_28ada927582d4d6ea7cf44cabf31527a,P1,semi,X7HyMhZNoso,True,all_archived,16,26,0.07423930584465702,0.03609467455621302,0.8346153846153846
extended73|P1|semi|X7HyMhZNoso_28ada927582d4d6ea7cf44cabf31527a,P1|0|X7HyMhZNoso_28ada927582d4d6ea7cf44cabf31527a|semi,X7HyMhZNoso_28ada927582d4d6ea7cf44cabf31527a,P1,semi,X7HyMhZNoso,True,all_archived,17,26,0.07097153682437964,0.030355029585798818,0.8580769230769231
extended73|P1|semi|X7HyMhZNoso_28ada927582d4d6ea7cf44cabf31527a,P1|0|X7HyMhZNoso_28ada927582d4d6ea7cf44cabf31527a|semi,X7HyMhZNoso_28ada927582d4d6ea7cf44cabf31527a,P1,semi,X7HyMhZNoso,True,all_archived,18,26,0.06628902869705544,0.025088757396449706,0.8800000000000001
extended73|P1|semi|X7HyMhZNoso_28ada927582d4d6ea7cf44cabf31527a,P1|0|X7HyMhZNoso_28ada927582d4d6ea7cf44cabf31527a|semi,X7HyMhZNoso_28ada927582d4d6ea7cf44cabf31527a,P1,semi,X7HyMhZNoso,True,all_archived,19,26,0.06021633884510137,0.02029585798816568,0.9003846153846153
extended73|P1|semi|X7HyMhZNoso_28ada927582d4d6ea7cf44cabf31527a,P1|0|X7HyMhZNoso_28ada927582d4d6ea7cf44cabf31527a|semi,X7HyMhZNoso_28ada927582d4d6ea7cf44cabf31527a,P1,semi,X7HyMhZNoso,True,all_archived,20,26,0.05285520499567321,0.015976331360946748,0.9192307692307692
extended73|P1|semi|X7HyMhZNoso_28ada927582d4d6ea7cf44cabf31527a,P1|0|X7HyMhZNoso_28ada927582d4d6ea7cf44cabf31527a|semi,X7HyMhZNoso_28ada927582d4d6ea7cf44cabf31527a,P1,semi,X7HyMhZNoso,True,current20,1,20,0.3403846153846154,0.3403846153846154,0.25
extended73|P1|semi|X7HyMhZNoso_28ada927582d4d6ea7cf44cabf31527a,P1|0|X7HyMhZNoso_28ada927582d4d6ea7cf44cabf31527a|semi,X7HyMhZNoso_28ada927582d4d6ea7cf44cabf31527a,P1,semi,X7HyMhZNoso,True,current20,2,20,0.29493927125506075,0.19129554655870445,0.34078947368421053
extended73|P1|semi|X7HyMhZNoso_28ada927582d4d6ea7cf44cabf31527a,P1|0|X7HyMhZNoso_28ada927582d4d6ea7cf44cabf31527a|semi,X7HyMhZNoso_28ada927582d4d6ea7cf44cabf31527a,P1,semi,X7HyMhZNoso,True,current20,3,20,0.25529689608636974,0.15597165991902834,0.3951754385964912
extended73|P1|semi|X7HyMhZNoso_28ada927582d4d6ea7cf44cabf31527a,P1|0|X7HyMhZNoso_28ada927582d4d6ea7cf44cabf31527a|semi,X7HyMhZNoso_28ada927582d4d6ea7cf44cabf31527a,P1,semi,X7HyMhZNoso,True,current20,4,20,0.22082241803604033,0.14105739461776615,0.4420536635706914
extended73|P1|semi|X7HyMhZNoso_28ada927582d4d6ea7cf44cabf31527a,P1|0|X7HyMhZNoso_28ada927582d4d6ea7cf44cabf31527a|semi,X7HyMhZNoso_28ada927582d4d6ea7cf44cabf31527a,P1,semi,X7HyMhZNoso,True,current20,5,20,0.19092045725172663,0.12904858299595143,0.48684210526315785
extended73|P1|semi|X7HyMhZNoso_28ada927582d4d6ea7cf44cabf31527a,P1|0|X7HyMhZNoso_28ada927582d4d6ea7cf44cabf31527a|semi,X7HyMhZNoso_28ada927582d4d6ea7cf44cabf31527a,P1,semi,X7HyMhZNoso,True,current20,6,20,0.1765936334047789,0.11761133603238867,0.5302631578947369
extended73|P1|semi|X7HyMhZNoso_28ada927582d4d6ea7cf44cabf31527a,P1|0|X7HyMhZNoso_28ada927582d4d6ea7cf44cabf31527a|semi,X7HyMhZNoso_28ada927582d4d6ea7cf44cabf31527a,P1,semi,X7HyMhZNoso,True,current20,7,20,0.16308446455505277,0.10657894736842105,0.5723684210526316
extended73|P1|semi|X7HyMhZNoso_28ada927582d4d6ea7cf44cabf31527a,P1|0|X7HyMhZNoso_28ada927582d4d6ea7cf44cabf31527a|semi,X7HyMhZNoso_28ada927582d4d6ea7cf44cabf31527a,P1,semi,X7HyMhZNoso,True,current20,8,20,0.14774152576010163,0.09595141700404859,0.6131578947368421
extended73|P1|semi|X7HyMhZNoso_28ada927582d4d6ea7cf44cabf31527a,P1|0|X7HyMhZNoso_28ada927582d4d6ea7cf44cabf31527a|semi,X7HyMhZNoso_28ada927582d4d6ea7cf44cabf31527a,P1,semi,X7HyMhZNoso,True,current20,9,20,0.13140628721124076,0.08572874493927127,0.6526315789473685
extended73|P1|semi|X7HyMhZNoso_28ada927582d4d6ea7cf44cabf31527a,P1|0|X7HyMhZNoso_28ada927582d4d6ea7cf44cabf31527a|semi,X7HyMhZNoso_28ada927582d4d6ea7cf44cabf31527a,P1,semi,X7HyMhZNoso,True,current20,10,20,0.1148011431293165,0.07591093117408906,0.6907894736842105
extended73|P1|semi|X7HyMhZNoso_28ada927582d4d6ea7cf44cabf31527a,P1|0|X7HyMhZNoso_28ada927582d4d6ea7cf44cabf31527a|semi,X7HyMhZNoso_28ada927582d4d6ea7cf44cabf31527a,P1,semi,X7HyMhZNoso,True,current20,11,20,0.10281614670159561,0.06649797570850202,0.7276315789473684
extended73|P1|semi|X7HyMhZNoso_28ada927582d4d6ea7cf44cabf31527a,P1|0|X7HyMhZNoso_28ada927582d4d6ea7cf44cabf31527a|semi,X7HyMhZNoso_28ada927582d4d6ea7cf44cabf31527a,P1,semi,X7HyMhZNoso,True,current20,12,20,0.09285544177185043,0.05748987854251012,0.7631578947368421
extended73|P1|semi|X7HyMhZNoso_28ada927582d4d6ea7cf44cabf31527a,P1|0|X7HyMhZNoso_28ada927582d4d6ea7cf44cabf31527a|semi,X7HyMhZNoso_28ada927582d4d6ea7cf44cabf31527a,P1,semi,X7HyMhZNoso,True,current20,13,20,0.08180717631182026,0.04888663967611336,0.7973684210526315
extended73|P1|semi|X7HyMhZNoso_28ada927582d4d6ea7cf44cabf31527a,P1|0|X7HyMhZNoso_28ada927582d4d6ea7cf44cabf31527a|semi,X7HyMhZNoso_28ada927582d4d6ea7cf44cabf31527a,P1,semi,X7HyMhZNoso,True,current20,14,20,0.07616892911010559,0.040688259109311745,0.8302631578947368
extended73|P1|semi|X7HyMhZNoso_28ada927582d4d6ea7cf44cabf31527a,P1|0|X7HyMhZNoso_28ada927582d4d6ea7cf44cabf31527a|semi,X7HyMhZNoso_28ada927582d4d6ea7cf44cabf31527a,P1,semi,X7HyMhZNoso,True,current20,15,20,0.0691970310391363,0.03289473684210527,0.861842105263158
extended73|P1|semi|X7HyMhZNoso_28ada927582d4d6ea7cf44cabf31527a,P1|0|X7HyMhZNoso_28ada927582d4d6ea7cf44cabf31527a|semi,X7HyMhZNoso_28ada927582d4d6ea7cf44cabf31527a,P1,semi,X7HyMhZNoso,True,current20,16,20,0.06357466063348416,0.02550607287449393,0.8921052631578947
extended73|P1|semi|X7HyMhZNoso_28ada927582d4d6ea7cf44cabf31527a,P1|0|X7HyMhZNoso_28ada927582d4d6ea7cf44cabf31527a|semi,X7HyMhZNoso_28ada927582d4d6ea7cf44cabf31527a,P1,semi,X7HyMhZNoso,True,current20,17,20,0.0598813209494324,0.018522267206477733,0.9210526315789473
extended73|P1|semi|X7HyMhZNoso_28ada927582d4d6ea7cf44cabf31527a,P1|0|X7HyMhZNoso_28ada927582d4d6ea7cf44cabf31527a|semi,X7HyMhZNoso_28ada927582d4d6ea7cf44cabf31527a,P1,semi,X7HyMhZNoso,True,current20,18,20,0.05411605937921728,0.01194331983805668,0.9486842105263158
extended73|P1|semi|X7HyMhZNoso_28ada927582d4d6ea7cf44cabf31527a,P1|0|X7HyMhZNoso_28ada927582d4d6ea7cf44cabf31527a|semi,X7HyMhZNoso_28ada927582d4d6ea7cf44cabf31527a,P1,semi,X7HyMhZNoso,True,current20,19,20,0.04585020242914979,0.0057692307692307696,0.9750000000000001
extended73|P1|semi|X7HyMhZNoso_28ada927582d4d6ea7cf44cabf31527a,P1|0|X7HyMhZNoso_28ada927582d4d6ea7cf44cabf31527a|semi,X7HyMhZNoso_28ada927582d4d6ea7cf44cabf31527a,P1,semi,X7HyMhZNoso,True,current20,20,20,0.0346153846153846,0.0,1.0
extended73|P1|semi|Z6MFQCViBuw_fbef2c9afec642c88d01cf09c90aec12,P1|0|Z6MFQCViBuw_fbef2c9afec642c88d01cf09c90aec12|semi,Z6MFQCViBuw_fbef2c9afec642c88d01cf09c90aec12,P1,semi,Z6MFQCViBuw,True,all_archived,1,26,0.32248520710059175,0.32248520710059175,0.3333333333333333
extended73|P1|semi|Z6MFQCViBuw_fbef2c9afec642c88d01cf09c90aec12,P1|0|Z6MFQCViBuw_fbef2c9afec642c88d01cf09c90aec12|semi,Z6MFQCViBuw_fbef2c9afec642c88d01cf09c90aec12,P1,semi,Z6MFQCViBuw,True,all_archived,2,26,0.26911242603550295,0.1697041420118343,0.4451282051282051
extended73|P1|semi|Z6MFQCViBuw_fbef2c9afec642c88d01cf09c90aec12,P1|0|Z6MFQCViBuw_fbef2c9afec642c88d01cf09c90aec12|semi,Z6MFQCViBuw_fbef2c9afec642c88d01cf09c90aec12,P1,semi,Z6MFQCViBuw,True,all_archived,3,26,0.22352071005917162,0.1282544378698225,0.5064102564102564
extended73|P1|semi|Z6MFQCViBuw_fbef2c9afec642c88d01cf09c90aec12,P1|0|Z6MFQCViBuw_fbef2c9afec642c88d01cf09c90aec12|semi,Z6MFQCViBuw_fbef2c9afec642c88d01cf09c90aec12,P1,semi,Z6MFQCViBuw,True,all_archived,4,26,0.1848083354772318,0.10809107280679188,0.5547380156075808
extended73|P1|semi|Z6MFQCViBuw_fbef2c9afec642c88d01cf09c90aec12,P1|0|Z6MFQCViBuw_fbef2c9afec642c88d01cf09c90aec12|semi,Z6MFQCViBuw_fbef2c9afec642c88d01cf09c90aec12,P1,semi,Z6MFQCViBuw,True,all_archived,5,26,0.15214526276399185,0.0926672825502257,0.5973193473193473
extended73|P1|semi|Z6MFQCViBuw_fbef2c9afec642c88d01cf09c90aec12,P1|0|Z6MFQCViBuw_fbef2c9afec642c88d01cf09c90aec12|semi,Z6MFQCViBuw_fbef2c9afec642c88d01cf09c90aec12,P1,semi,Z6MFQCViBuw,True,all_archived,6,26,0.1361016909511893,0.07944430151788012,0.6355629877369008
extended73|P1|semi|Z6MFQCViBuw_fbef2c9afec642c88d01cf09c90aec12,P1|0|Z6MFQCViBuw_fbef2c9afec642c88d01cf09c90aec12|semi,Z6MFQCViBuw_fbef2c9afec642c88d01cf09c90aec12,P1,semi,Z6MFQCViBuw,True,all_archived,7,26,0.1273702551628973,0.06799331103678931,0.6699888517279821
extended73|P1|semi|Z6MFQCViBuw_fbef2c9afec642c88d01cf09c90aec12,P1|0|Z6MFQCViBuw_fbef2c9afec642c88d01cf09c90aec12|semi,Z6MFQCViBuw_fbef2c9afec642c88d01cf09c90aec12,P1,semi,Z6MFQCViBuw,True,all_archived,8,26,0.12080969198026054,0.0581167995883715,0.7010033444816054
extended73|P1|semi|Z6MFQCViBuw_fbef2c9afec642c88d01cf09c90aec12,P1|0|Z6MFQCViBuw_fbef2c9afec642c88d01cf09c90aec12|semi,Z6MFQCViBuw_fbef2c9afec642c88d01cf09c90aec12,P1,semi,Z6MFQCViBuw,True,all_archived,9,26,0.11166475664803424,0.04963982505788526,0.7289855072463768
extended73|P1|semi|Z6MFQCViBuw_fbef2c9afec642c88d01cf09c90aec12,P1|0|Z6MFQCViBuw_fbef2c9afec642c88d01cf09c90aec12|semi,Z6MFQCViBuw_fbef2c9afec642c88d01cf09c90aec12,P1,semi,Z6MFQCViBuw,True,all_archived,10,26,0.10087704937203265,0.042397736043221,0.7542920847268674
extended73|P1|semi|Z6MFQCViBuw_fbef2c9afec642c88d01cf09c90aec12,P1|0|Z6MFQCViBuw_fbef2c9afec642c88d01cf09c90aec12|semi,Z6MFQCViBuw_fbef2c9afec642c88d01cf09c90aec12,P1,semi,Z6MFQCViBuw,True,all_archived,11,26,0.09322157775335033,0.03623617185490095,0.7772575250836121
extended73|P1|semi|Z6MFQCViBuw_fbef2c9afec642c88d01cf09c90aec12,P1|0|Z6MFQCViBuw_fbef2c9afec642c88d01cf09c90aec12|semi,Z6MFQCViBuw_fbef2c9afec642c88d01cf09c90aec12,P1,semi,Z6MFQCViBuw,True,all_archived,12,26,0.08673012606122973,0.03101106251607924,0.7981939799331105
extended73|P1|semi|Z6MFQCViBuw_fbef2c9afec642c88d01cf09c90aec12,P1|0|Z6MFQCViBuw_fbef2c9afec642c88d01cf09c90aec12|semi,Z6MFQCViBuw_fbef2c9afec642c88d01cf09c90aec12,P1,semi,Z6MFQCViBuw,True,all_archived,13,26,0.0788294314381271,0.026588628762541807,0.8173913043478261
extended73|P1|semi|Z6MFQCViBuw_fbef2c9afec642c88d01cf09c90aec12,P1|0|Z6MFQCViBuw_fbef2c9afec642c88d01cf09c90aec12|semi,Z6MFQCViBuw_fbef2c9afec642c88d01cf09c90aec12,P1,semi,Z6MFQCViBuw,True,all_archived,14,26,0.07434010805248265,0.022845382042706457,0.8351170568561872
extended73|P1|semi|Z6MFQCViBuw_fbef2c9afec642c88d01cf09c90aec12,P1|0|Z6MFQCViBuw_fbef2c9afec642c88d01cf09c90aec12|semi,Z6MFQCViBuw_fbef2c9afec642c88d01cf09c90aec12,P1,semi,Z6MFQCViBuw,True,all_archived,15,26,0.06836249035245692,0.019668124517622846,0.8516164994425864
extended73|P1|semi|Z6MFQCViBuw_fbef2c9afec642c88d01cf09c90aec12,P1|0|Z6MFQCViBuw_fbef2c9afec642c88d01cf09c90aec12|semi,Z6MFQCViBuw_fbef2c9afec642c88d01cf09c90aec12,P1,semi,Z6MFQCViBuw,True,all_archived,16,26,0.06304815585752041,0.016953949060972473,0.8671125975473801
extended73|P1|semi|Z6MFQCViBuw_fbef2c9afec642c88d01cf09c90aec12,P1|0|Z6MFQCViBuw_fbef2c9afec642c88d01cf09c90aec12|semi,Z6MFQCViBuw_fbef2c9afec642c88d01cf09c90aec12,P1,semi,Z6MFQCViBuw,True,all_archived,17,26,0.059116635872488714,0.01461023925906869,0.8818060200668896
extended73|P1|semi|Z6MFQCViBuw_fbef2c9afec642c88d01cf09c90aec12,P1|0|Z6MFQCViBuw_fbef2c9afec642c88d01cf09c90aec12|semi,Z6MFQCViBuw_fbef2c9afec642c88d01cf09c90aec12,P1,semi,Z6MFQCViBuw,True,all_archived,18,26,0.053693196435671345,0.012554669410856704,0.8958751393534001
extended73|P1|semi|Z6MFQCViBuw_fbef2c9afec642c88d01cf09c90aec12,P1|0|Z6MFQCViBuw_fbef2c9afec642c88d01cf09c90aec12|semi,Z6MFQCViBuw_fbef2c9afec642c88d01cf09c90aec12,P1,semi,Z6MFQCViBuw,True,all_archived,19,26,0.04692588348106742,0.010715204527913559,0.9094760312151617
extended73|P1|semi|Z6MFQCViBuw_fbef2c9afec642c88d01cf09c90aec12,P1|0|Z6MFQCViBuw_fbef2c9afec642c88d01cf09c90aec12|semi,Z6MFQCViBuw_fbef2c9afec642c88d01cf09c90aec12,P1,semi,Z6MFQCViBuw,True,all_archived,20,26,0.04083050728535678,0.009030100334448161,0.922742474916388
extended73|P1|semi|Z6MFQCViBuw_fbef2c9afec642c88d01cf09c90aec12,P1|0|Z6MFQCViBuw_fbef2c9afec642c88d01cf09c90aec12|semi,Z6MFQCViBuw_fbef2c9afec642c88d01cf09c90aec12,P1,semi,Z6MFQCViBuw,True,current20,1,20,0.3230769230769231,0.32307692307692304,0.3333333333333333
extended73|P1|semi|Z6MFQCViBuw_fbef2c9afec642c88d01cf09c90aec12,P1|0|Z6MFQCViBuw_fbef2c9afec642c88d01cf09c90aec12|semi,Z6MFQCViBuw_fbef2c9afec642c88d01cf09c90aec12,P1,semi,Z6MFQCViBuw,True,current20,2,20,0.26477732793522263,0.16113360323886639,0.44561403508771935
extended73|P1|semi|Z6MFQCViBuw_fbef2c9afec642c88d01cf09c90aec12,P1|0|Z6MFQCViBuw_fbef2c9afec642c88d01cf09c90aec12|semi,Z6MFQCViBuw_fbef2c9afec642c88d01cf09c90aec12,P1,semi,Z6MFQCViBuw,True,current20,3,20,0.21619433198380567,0.11686909581646425,0.5017543859649123
extended73|P1|semi|Z6MFQCViBuw_fbef2c9afec642c88d01cf09c90aec12,P1|0|Z6MFQCViBuw_fbef2c9afec642c88d01cf09c90aec12|semi,Z6MFQCViBuw_fbef2c9afec642c88d01cf09c90aec12,P1,semi,Z6MFQCViBuw,True,current20,4,20,0.17618480590616814,0.09641978248789394,0.5413828689370485
extended73|P1|semi|Z6MFQCViBuw_fbef2c9afec642c88d01cf09c90aec12,P1|0|Z6MFQCViBuw_fbef2c9afec642c88d01cf09c90aec12|semi,Z6MFQCViBuw_fbef2c9afec642c88d01cf09c90aec12,P1,semi,Z6MFQCViBuw,True,current20,5,20,0.14367706596808766,0.08180519171231246,0.5727554179566564
extended73|P1|semi|Z6MFQCViBuw_fbef2c9afec642c88d01cf09c90aec12,P1|0|Z6MFQCViBuw_fbef2c9afec642c88d01cf09c90aec12|semi,Z6MFQCViBuw_fbef2c9afec642c88d01cf09c90aec12,P1,semi,Z6MFQCViBuw,True,current20,6,20,0.12922918155116297,0.07024688417877273,0.5977984176126591
extended73|P1|semi|Z6MFQCViBuw_fbef2c9afec642c88d01cf09c90aec12,P1|0|Z6MFQCViBuw_fbef2c9afec642c88d01cf09c90aec12|semi,Z6MFQCViBuw_fbef2c9afec642c88d01cf09c90aec12,P1,semi,Z6MFQCViBuw,True,current20,7,20,0.12221163769151384,0.06116535683099151,0.6174750601995184
extended73|P1|semi|Z6MFQCViBuw_fbef2c9afec642c88d01cf09c90aec12,P1|0|Z6MFQCViBuw_fbef2c9afec642c88d01cf09c90aec12|semi,Z6MFQCViBuw_fbef2c9afec642c88d01cf09c90aec12,P1,semi,Z6MFQCViBuw,True,current20,8,20,0.11644836072080654,0.05417956656346749,0.6326109391124871
extended73|P1|semi|Z6MFQCViBuw_fbef2c9afec642c88d01cf09c90aec12,P1|0|Z6MFQCViBuw_fbef2c9afec642c88d01cf09c90aec12|semi,Z6MFQCViBuw_fbef2c9afec642c88d01cf09c90aec12,P1,semi,Z6MFQCViBuw,True,current20,9,20,0.1077161228864015,0.04894022386282448,0.6439628482972136
extended73|P1|semi|Z6MFQCViBuw_fbef2c9afec642c88d01cf09c90aec12,P1|0|Z6MFQCViBuw_fbef2c9afec642c88d01cf09c90aec12|semi,Z6MFQCViBuw_fbef2c9afec642c88d01cf09c90aec12,P1,semi,Z6MFQCViBuw,True,current20,10,20,0.09735651345558466,0.04512979280781139,0.652218782249742
extended73|P1|semi|Z6MFQCViBuw_fbef2c9afec642c88d01cf09c90aec12,P1|0|Z6MFQCViBuw_fbef2c9afec642c88d01cf09c90aec12|semi,Z6MFQCViBuw_fbef2c9afec642c88d01cf09c90aec12,P1,semi,Z6MFQCViBuw,True,current20,11,20,0.09078351988568706,0.042462491069302215,0.6579979360165119
extended73|P1|semi|Z6MFQCViBuw_fbef2c9afec642c88d01cf09c90aec12,P1|0|Z6MFQCViBuw_fbef2c9afec642c88d01cf09c90aec12|semi,Z6MFQCViBuw_fbef2c9afec642c88d01cf09c90aec12,P1,semi,Z6MFQCViBuw,True,current20,12,20,0.08582995951417004,0.0406842899102961,0.6618507051943584
extended73|P1|semi|Z6MFQCViBuw_fbef2c9afec642c88d01cf09c90aec12,P1|0|Z6MFQCViBuw_fbef2c9afec642c88d01cf09c90aec12|semi,Z6MFQCViBuw_fbef2c9afec642c88d01cf09c90aec12,P1,semi,Z6MFQCViBuw,True,current20,13,20,0.07971739303008653,0.03957291418591728,0.6642586859305125
extended73|P1|semi|Z6MFQCViBuw_fbef2c9afec642c88d01cf09c90aec12,P1|0|Z6MFQCViBuw_fbef2c9afec642c88d01cf09c90aec12|semi,Z6MFQCViBuw_fbef2c9afec642c88d01cf09c90aec12,P1,semi,Z6MFQCViBuw,True,current20,14,20,0.07600222275144876,0.0389378423434151,0.6656346749226006
extended73|P1|semi|Z6MFQCViBuw_fbef2c9afec642c88d01cf09c90aec12,P1|0|Z6MFQCViBuw_fbef2c9afec642c88d01cf09c90aec12|semi,Z6MFQCViBuw_fbef2c9afec642c88d01cf09c90aec12,P1,semi,Z6MFQCViBuw,True,current20,15,20,0.0703262681590855,0.03862030642216401,0.6663226694186446
extended73|P1|semi|Z6MFQCViBuw_fbef2c9afec642c88d01cf09c90aec12,P1|0|Z6MFQCViBuw_fbef2c9afec642c88d01cf09c90aec12|semi,Z6MFQCViBuw_fbef2c9afec642c88d01cf09c90aec12,P1,semi,Z6MFQCViBuw,True,current20,16,20,0.06565849011669445,0.03849329205366357,0.6665978672170623
extended73|P1|semi|Z6MFQCViBuw_fbef2c9afec642c88d01cf09c90aec12,P1|0|Z6MFQCViBuw_fbef2c9afec642c88d01cf09c90aec12|semi,Z6MFQCViBuw_fbef2c9afec642c88d01cf09c90aec12,P1,semi,Z6MFQCViBuw,True,current20,17,20,0.06295943478606017,0.038461538461538464,0.6666666666666666
extended73|P1|semi|Z6MFQCViBuw_fbef2c9afec642c88d01cf09c90aec12,P1|0|Z6MFQCViBuw_fbef2c9afec642c88d01cf09c90aec12|semi,Z6MFQCViBuw_fbef2c9afec642c88d01cf09c90aec12,P1,semi,Z6MFQCViBuw,True,current20,18,20,0.05870445344129554,0.038461538461538464,0.6666666666666666
extended73|P1|semi|Z6MFQCViBuw_fbef2c9afec642c88d01cf09c90aec12,P1|0|Z6MFQCViBuw_fbef2c9afec642c88d01cf09c90aec12|semi,Z6MFQCViBuw_fbef2c9afec642c88d01cf09c90aec12,P1,semi,Z6MFQCViBuw,True,current20,19,20,0.05303643724696355,0.038461538461538464,0.6666666666666666
extended73|P1|semi|Z6MFQCViBuw_fbef2c9afec642c88d01cf09c90aec12,P1|0|Z6MFQCViBuw_fbef2c9afec642c88d01cf09c90aec12|semi,Z6MFQCViBuw_fbef2c9afec642c88d01cf09c90aec12,P1,semi,Z6MFQCViBuw,True,current20,20,20,0.04615384615384614,0.038461538461538464,0.6666666666666666
extended73|P1|semi|e9zR4mvMWw7_12c84e77f6564013a032220e8f9037e8,P1|0|e9zR4mvMWw7_12c84e77f6564013a032220e8f9037e8|semi,e9zR4mvMWw7_12c84e77f6564013a032220e8f9037e8,P1,semi,e9zR4mvMWw7,True,all_archived,1,26,0.31065088757396453,0.31065088757396453,0.5
extended73|P1|semi|e9zR4mvMWw7_12c84e77f6564013a032220e8f9037e8,P1|0|e9zR4mvMWw7_12c84e77f6564013a032220e8f9037e8|semi,e9zR4mvMWw7_12c84e77f6564013a032220e8f9037e8,P1,semi,e9zR4mvMWw7,True,all_archived,2,26,0.2485207100591716,0.14911242603550298,0.6615384615384615
extended73|P1|semi|e9zR4mvMWw7_12c84e77f6564013a032220e8f9037e8,P1|0|e9zR4mvMWw7_12c84e77f6564013a032220e8f9037e8|semi,e9zR4mvMWw7_12c84e77f6564013a032220e8f9037e8,P1,semi,e9zR4mvMWw7,True,all_archived,3,26,0.19674556213017752,0.1014792899408284,0.7423076923076923
extended73|P1|semi|e9zR4mvMWw7_12c84e77f6564013a032220e8f9037e8,P1|0|e9zR4mvMWw7_12c84e77f6564013a032220e8f9037e8|semi,e9zR4mvMWw7_12c84e77f6564013a032220e8f9037e8,P1,semi,e9zR4mvMWw7,True,all_archived,4,26,0.15397478775405196,0.07725752508361204,0.7996655518394649
extended73|P1|semi|e9zR4mvMWw7_12c84e77f6564013a032220e8f9037e8,P1|0|e9zR4mvMWw7_12c84e77f6564013a032220e8f9037e8|semi,e9zR4mvMWw7_12c84e77f6564013a032220e8f9037e8,P1,semi,e9zR4mvMWw7,True,all_archived,5,26,0.11898051780994924,0.059502537596183076,0.8453177257525084
extended73|P1|semi|e9zR4mvMWw7_12c84e77f6564013a032220e8f9037e8,P1|0|e9zR4mvMWw7_12c84e77f6564013a032220e8f9037e8|semi,e9zR4mvMWw7_12c84e77f6564013a032220e8f9037e8,P1,semi,e9zR4mvMWw7,True,all_archived,6,26,0.11331477886661835,0.045325911546647335,0.8821526299787169
extended73|P1|semi|e9zR4mvMWw7_12c84e77f6564013a032220e8f9037e8,P1|0|e9zR4mvMWw7_12c84e77f6564013a032220e8f9037e8|semi,e9zR4mvMWw7_12c84e77f6564013a032220e8f9037e8,P1,semi,e9zR4mvMWw7,True,all_archived,7,26,0.10878218771195358,0.0339944336599855,0.9116144724840377
extended73|P1|semi|e9zR4mvMWw7_12c84e77f6564013a032220e8f9037e8,P1|0|e9zR4mvMWw7_12c84e77f6564013a032220e8f9037e8|semi,e9zR4mvMWw7_12c84e77f6564013a032220e8f9037e8,P1,semi,e9zR4mvMWw7,True,all_archived,8,26,0.10019412026100989,0.025048530065252476,0.9348738218303436
extended73|P1|semi|e9zR4mvMWw7_12c84e77f6564013a032220e8f9037e8,P1|0|e9zR4mvMWw7_12c84e77f6564013a032220e8f9037e8|semi,e9zR4mvMWw7_12c84e77f6564013a032220e8f9037e8,P1,semi,e9zR4mvMWw7,True,all_archived,9,26,0.08906144023200879,0.018090605047126788,0.9529644268774704
extended73|P1|semi|e9zR4mvMWw7_12c84e77f6564013a032220e8f9037e8,P1|0|e9zR4mvMWw7_12c84e77f6564013a032220e8f9037e8|semi,e9zR4mvMWw7_12c84e77f6564013a032220e8f9037e8,P1,semi,e9zR4mvMWw7,True,all_archived,10,26,0.07661903314077227,0.01276983885679538,0.966798418972332
extended73|P1|semi|e9zR4mvMWw7_12c84e77f6564013a032220e8f9037e8,P1|0|e9zR4mvMWw7_12c84e77f6564013a032220e8f9037e8|semi,e9zR4mvMWw7_12c84e77f6564013a032220e8f9037e8,P1,semi,e9zR4mvMWw7,True,all_archived,11,26,0.071830343569474,0.008779264214046824,0.9771739130434782
extended73|P1|semi|e9zR4mvMWw7_12c84e77f6564013a032220e8f9037e8,P1|0|e9zR4mvMWw7_12c84e77f6564013a032220e8f9037e8|semi,e9zR4mvMWw7_12c84e77f6564013a032220e8f9037e8,P1,semi,e9zR4mvMWw7,True,all_archived,12,26,0.07023411371237459,0.005852842809364549,0.9847826086956522
extended73|P1|semi|e9zR4mvMWw7_12c84e77f6564013a032220e8f9037e8,P1|0|e9zR4mvMWw7_12c84e77f6564013a032220e8f9037e8|semi,e9zR4mvMWw7_12c84e77f6564013a032220e8f9037e8,P1,semi,e9zR4mvMWw7,True,all_archived,13,26,0.06622073578595317,0.0037625418060200674,0.9902173913043478
extended73|P1|semi|e9zR4mvMWw7_12c84e77f6564013a032220e8f9037e8,P1|0|e9zR4mvMWw7_12c84e77f6564013a032220e8f9037e8|semi,e9zR4mvMWw7_12c84e77f6564013a032220e8f9037e8,P1,semi,e9zR4mvMWw7,True,all_archived,14,26,0.06020066889632106,0.002315410342166195,0.9939799331103679
extended73|P1|semi|e9zR4mvMWw7_12c84e77f6564013a032220e8f9037e8,P1|0|e9zR4mvMWw7_12c84e77f6564013a032220e8f9037e8|semi,e9zR4mvMWw7_12c84e77f6564013a032220e8f9037e8,P1,semi,e9zR4mvMWw7,True,all_archived,15,26,0.05267558528428094,0.0013506560329302805,0.9964882943143814
extended73|P1|semi|e9zR4mvMWw7_12c84e77f6564013a032220e8f9037e8,P1|0|e9zR4mvMWw7_12c84e77f6564013a032220e8f9037e8|semi,e9zR4mvMWw7_12c84e77f6564013a032220e8f9037e8,P1,semi,e9zR4mvMWw7,True,all_archived,16,26,0.04788689571298267,0.0007367214725074257,0.9980845241714806
extended73|P1|semi|e9zR4mvMWw7_12c84e77f6564013a032220e8f9037e8,P1|0|e9zR4mvMWw7_12c84e77f6564013a032220e8f9037e8|semi,e9zR4mvMWw7_12c84e77f6564013a032220e8f9037e8,P1,semi,e9zR4mvMWw7,True,all_archived,17,26,0.04715017424047524,0.00036836073625371287,0.9990422620857404
extended73|P1|semi|e9zR4mvMWw7_12c84e77f6564013a032220e8f9037e8,P1|0|e9zR4mvMWw7_12c84e77f6564013a032220e8f9037e8|semi,e9zR4mvMWw7_12c84e77f6564013a032220e8f9037e8,P1,semi,e9zR4mvMWw7,True,all_archived,18,26,0.044530720116004396,0.00016371588277942794,0.9995743387047735
extended73|P1|semi|e9zR4mvMWw7_12c84e77f6564013a032220e8f9037e8,P1|0|e9zR4mvMWw7_12c84e77f6564013a032220e8f9037e8|semi,e9zR4mvMWw7_12c84e77f6564013a032220e8f9037e8,P1,semi,e9zR4mvMWw7,True,all_archived,19,26,0.04007764810440395,6.139345604228548e-05,0.9998403770142901
extended73|P1|semi|e9zR4mvMWw7_12c84e77f6564013a032220e8f9037e8,P1|0|e9zR4mvMWw7_12c84e77f6564013a032220e8f9037e8|semi,e9zR4mvMWw7_12c84e77f6564013a032220e8f9037e8,P1,semi,e9zR4mvMWw7,True,all_archived,20,26,0.03399443365998549,1.7540987440652995e-05,0.9999543934326542
extended73|P1|semi|e9zR4mvMWw7_12c84e77f6564013a032220e8f9037e8,P1|0|e9zR4mvMWw7_12c84e77f6564013a032220e8f9037e8|semi,e9zR4mvMWw7_12c84e77f6564013a032220e8f9037e8,P1,semi,e9zR4mvMWw7,True,current20,1,20,0.2846153846153846,0.2846153846153846,0.5
extended73|P1|semi|e9zR4mvMWw7_12c84e77f6564013a032220e8f9037e8,P1|0|e9zR4mvMWw7_12c84e77f6564013a032220e8f9037e8|semi,e9zR4mvMWw7_12c84e77f6564013a032220e8f9037e8,P1,semi,e9zR4mvMWw7,True,current20,2,20,0.23299595141700408,0.15040485829959516,0.6342105263157894
extended73|P1|semi|e9zR4mvMWw7_12c84e77f6564013a032220e8f9037e8,P1|0|e9zR4mvMWw7_12c84e77f6564013a032220e8f9037e8|semi,e9zR4mvMWw7_12c84e77f6564013a032220e8f9037e8,P1,semi,e9zR4mvMWw7,True,current20,3,20,0.1871120107962213,0.11541835357624831,0.7013157894736842
extended73|P1|semi|e9zR4mvMWw7_12c84e77f6564013a032220e8f9037e8,P1|0|e9zR4mvMWw7_12c84e77f6564013a032220e8f9037e8|semi,e9zR4mvMWw7_12c84e77f6564013a032220e8f9037e8,P1,semi,e9zR4mvMWw7,True,current20,4,20,0.14662618083670714,0.09446693657219973,0.7543859649122807
extended73|P1|semi|e9zR4mvMWw7_12c84e77f6564013a032220e8f9037e8,P1|0|e9zR4mvMWw7_12c84e77f6564013a032220e8f9037e8|semi,e9zR4mvMWw7_12c84e77f6564013a032220e8f9037e8,P1,semi,e9zR4mvMWw7,True,current20,5,20,0.11120107962213226,0.07675438596491228,0.8004385964912281
extended73|P1|semi|e9zR4mvMWw7_12c84e77f6564013a032220e8f9037e8,P1|0|e9zR4mvMWw7_12c84e77f6564013a032220e8f9037e8|semi,e9zR4mvMWw7_12c84e77f6564013a032220e8f9037e8,P1,semi,e9zR4mvMWw7,True,current20,6,20,0.10506072874493928,0.06140350877192983,0.8403508771929824
extended73|P1|semi|e9zR4mvMWw7_12c84e77f6564013a032220e8f9037e8,P1|0|e9zR4mvMWw7_12c84e77f6564013a032220e8f9037e8|semi,e9zR4mvMWw7_12c84e77f6564013a032220e8f9037e8,P1,semi,e9zR4mvMWw7,True,current20,7,20,0.1015519568151147,0.048245614035087724,0.8745614035087719
extended73|P1|semi|e9zR4mvMWw7_12c84e77f6564013a032220e8f9037e8,P1|0|e9zR4mvMWw7_12c84e77f6564013a032220e8f9037e8|semi,e9zR4mvMWw7_12c84e77f6564013a032220e8f9037e8,P1,semi,e9zR4mvMWw7,True,current20,8,20,0.09426450742240215,0.037112010796221326,0.9035087719298246
extended73|P1|semi|e9zR4mvMWw7_12c84e77f6564013a032220e8f9037e8,P1|0|e9zR4mvMWw7_12c84e77f6564013a032220e8f9037e8|semi,e9zR4mvMWw7_12c84e77f6564013a032220e8f9037e8,P1,semi,e9zR4mvMWw7,True,current20,9,20,0.08387314439946018,0.027834008097165994,0.9276315789473684
extended73|P1|semi|e9zR4mvMWw7_12c84e77f6564013a032220e8f9037e8,P1|0|e9zR4mvMWw7_12c84e77f6564013a032220e8f9037e8|semi,e9zR4mvMWw7_12c84e77f6564013a032220e8f9037e8,P1,semi,e9zR4mvMWw7,True,current20,10,20,0.07105263157894737,0.020242914979757085,0.9473684210526316
extended73|P1|semi|e9zR4mvMWw7_12c84e77f6564013a032220e8f9037e8,P1|0|e9zR4mvMWw7_12c84e77f6564013a032220e8f9037e8|semi,e9zR4mvMWw7_12c84e77f6564013a032220e8f9037e8,P1,semi,e9zR4mvMWw7,True,current20,11,20,0.06558704453441296,0.01417004048582996,0.9631578947368421
extended73|P1|semi|e9zR4mvMWw7_12c84e77f6564013a032220e8f9037e8,P1|0|e9zR4mvMWw7_12c84e77f6564013a032220e8f9037e8|semi,e9zR4mvMWw7_12c84e77f6564013a032220e8f9037e8,P1,semi,e9zR4mvMWw7,True,current20,12,20,0.0645748987854251,0.009446693657219974,0.975438596491228
extended73|P1|semi|e9zR4mvMWw7_12c84e77f6564013a032220e8f9037e8,P1|0|e9zR4mvMWw7_12c84e77f6564013a032220e8f9037e8|semi,e9zR4mvMWw7_12c84e77f6564013a032220e8f9037e8,P1,semi,e9zR4mvMWw7,True,current20,13,20,0.061605937921727395,0.005904183535762483,0.9846491228070176
extended73|P1|semi|e9zR4mvMWw7_12c84e77f6564013a032220e8f9037e8,P1|0|e9zR4mvMWw7_12c84e77f6564013a032220e8f9037e8|semi,e9zR4mvMWw7_12c84e77f6564013a032220e8f9037e8,P1,semi,e9zR4mvMWw7,True,current20,14,20,0.056342780026990544,0.0033738191632928477,0.9912280701754386
extended73|P1|semi|e9zR4mvMWw7_12c84e77f6564013a032220e8f9037e8,P1|0|e9zR4mvMWw7_12c84e77f6564013a032220e8f9037e8|semi,e9zR4mvMWw7_12c84e77f6564013a032220e8f9037e8,P1,semi,e9zR4mvMWw7,True,current20,15,20,0.04844804318488529,0.0016869095816464238,0.9956140350877193
extended73|P1|semi|e9zR4mvMWw7_12c84e77f6564013a032220e8f9037e8,P1|0|e9zR4mvMWw7_12c84e77f6564013a032220e8f9037e8|semi,e9zR4mvMWw7_12c84e77f6564013a032220e8f9037e8,P1,semi,e9zR4mvMWw7,True,current20,16,20,0.0423076923076923,0.0006747638326585696,0.9982456140350877
extended73|P1|semi|e9zR4mvMWw7_12c84e77f6564013a032220e8f9037e8,P1|0|e9zR4mvMWw7_12c84e77f6564013a032220e8f9037e8|semi,e9zR4mvMWw7_12c84e77f6564013a032220e8f9037e8,P1,semi,e9zR4mvMWw7,True,current20,17,20,0.04230769230769228,0.0001686909581646424,0.9995614035087719
extended73|P1|semi|e9zR4mvMWw7_12c84e77f6564013a032220e8f9037e8,P1|0|e9zR4mvMWw7_12c84e77f6564013a032220e8f9037e8|semi,e9zR4mvMWw7_12c84e77f6564013a032220e8f9037e8,P1,semi,e9zR4mvMWw7,True,current20,18,20,0.04230769230769232,0.0,1.0
extended73|P1|semi|e9zR4mvMWw7_12c84e77f6564013a032220e8f9037e8,P1|0|e9zR4mvMWw7_12c84e77f6564013a032220e8f9037e8|semi,e9zR4mvMWw7_12c84e77f6564013a032220e8f9037e8,P1,semi,e9zR4mvMWw7,True,current20,19,20,0.04230769230769229,0.0,1.0
extended73|P1|semi|e9zR4mvMWw7_12c84e77f6564013a032220e8f9037e8,P1|0|e9zR4mvMWw7_12c84e77f6564013a032220e8f9037e8|semi,e9zR4mvMWw7_12c84e77f6564013a032220e8f9037e8,P1,semi,e9zR4mvMWw7,True,current20,20,20,0.042307692307692296,0.0,1.0
extended73|P1|semi|e9zR4mvMWw7_1daae4b7becc43949516096170ce2a76,P1|0|e9zR4mvMWw7_1daae4b7becc43949516096170ce2a76|semi,e9zR4mvMWw7_1daae4b7becc43949516096170ce2a76,P1,semi,e9zR4mvMWw7,True,all_archived,1,26,0.0,0.0,1.0
extended73|P1|semi|e9zR4mvMWw7_1daae4b7becc43949516096170ce2a76,P1|0|e9zR4mvMWw7_1daae4b7becc43949516096170ce2a76|semi,e9zR4mvMWw7_1daae4b7becc43949516096170ce2a76,P1,semi,e9zR4mvMWw7,True,all_archived,2,26,0.0,0.0,1.0
extended73|P1|semi|e9zR4mvMWw7_1daae4b7becc43949516096170ce2a76,P1|0|e9zR4mvMWw7_1daae4b7becc43949516096170ce2a76|semi,e9zR4mvMWw7_1daae4b7becc43949516096170ce2a76,P1,semi,e9zR4mvMWw7,True,all_archived,3,26,0.0,0.0,1.0
extended73|P1|semi|e9zR4mvMWw7_1daae4b7becc43949516096170ce2a76,P1|0|e9zR4mvMWw7_1daae4b7becc43949516096170ce2a76|semi,e9zR4mvMWw7_1daae4b7becc43949516096170ce2a76,P1,semi,e9zR4mvMWw7,True,all_archived,4,26,0.0,0.0,1.0
extended73|P1|semi|e9zR4mvMWw7_1daae4b7becc43949516096170ce2a76,P1|0|e9zR4mvMWw7_1daae4b7becc43949516096170ce2a76|semi,e9zR4mvMWw7_1daae4b7becc43949516096170ce2a76,P1,semi,e9zR4mvMWw7,True,all_archived,5,26,0.0,0.0,1.0
extended73|P1|semi|e9zR4mvMWw7_1daae4b7becc43949516096170ce2a76,P1|0|e9zR4mvMWw7_1daae4b7becc43949516096170ce2a76|semi,e9zR4mvMWw7_1daae4b7becc43949516096170ce2a76,P1,semi,e9zR4mvMWw7,True,all_archived,6,26,0.0,0.0,1.0
extended73|P1|semi|e9zR4mvMWw7_1daae4b7becc43949516096170ce2a76,P1|0|e9zR4mvMWw7_1daae4b7becc43949516096170ce2a76|semi,e9zR4mvMWw7_1daae4b7becc43949516096170ce2a76,P1,semi,e9zR4mvMWw7,True,all_archived,7,26,0.0,0.0,1.0
extended73|P1|semi|e9zR4mvMWw7_1daae4b7becc43949516096170ce2a76,P1|0|e9zR4mvMWw7_1daae4b7becc43949516096170ce2a76|semi,e9zR4mvMWw7_1daae4b7becc43949516096170ce2a76,P1,semi,e9zR4mvMWw7,True,all_archived,8,26,0.0,0.0,1.0
extended73|P1|semi|e9zR4mvMWw7_1daae4b7becc43949516096170ce2a76,P1|0|e9zR4mvMWw7_1daae4b7becc43949516096170ce2a76|semi,e9zR4mvMWw7_1daae4b7becc43949516096170ce2a76,P1,semi,e9zR4mvMWw7,True,all_archived,9,26,0.0,0.0,1.0
extended73|P1|semi|e9zR4mvMWw7_1daae4b7becc43949516096170ce2a76,P1|0|e9zR4mvMWw7_1daae4b7becc43949516096170ce2a76|semi,e9zR4mvMWw7_1daae4b7becc43949516096170ce2a76,P1,semi,e9zR4mvMWw7,True,all_archived,10,26,0.0,0.0,1.0
extended73|P1|semi|e9zR4mvMWw7_1daae4b7becc43949516096170ce2a76,P1|0|e9zR4mvMWw7_1daae4b7becc43949516096170ce2a76|semi,e9zR4mvMWw7_1daae4b7becc43949516096170ce2a76,P1,semi,e9zR4mvMWw7,True,all_archived,11,26,0.0,0.0,1.0
extended73|P1|semi|e9zR4mvMWw7_1daae4b7becc43949516096170ce2a76,P1|0|e9zR4mvMWw7_1daae4b7becc43949516096170ce2a76|semi,e9zR4mvMWw7_1daae4b7becc43949516096170ce2a76,P1,semi,e9zR4mvMWw7,True,all_archived,12,26,0.0,0.0,1.0
extended73|P1|semi|e9zR4mvMWw7_1daae4b7becc43949516096170ce2a76,P1|0|e9zR4mvMWw7_1daae4b7becc43949516096170ce2a76|semi,e9zR4mvMWw7_1daae4b7becc43949516096170ce2a76,P1,semi,e9zR4mvMWw7,True,all_archived,13,26,0.0,0.0,1.0
extended73|P1|semi|e9zR4mvMWw7_1daae4b7becc43949516096170ce2a76,P1|0|e9zR4mvMWw7_1daae4b7becc43949516096170ce2a76|semi,e9zR4mvMWw7_1daae4b7becc43949516096170ce2a76,P1,semi,e9zR4mvMWw7,True,all_archived,14,26,0.0,0.0,1.0
extended73|P1|semi|e9zR4mvMWw7_1daae4b7becc43949516096170ce2a76,P1|0|e9zR4mvMWw7_1daae4b7becc43949516096170ce2a76|semi,e9zR4mvMWw7_1daae4b7becc43949516096170ce2a76,P1,semi,e9zR4mvMWw7,True,all_archived,15,26,0.0,0.0,1.0
extended73|P1|semi|e9zR4mvMWw7_1daae4b7becc43949516096170ce2a76,P1|0|e9zR4mvMWw7_1daae4b7becc43949516096170ce2a76|semi,e9zR4mvMWw7_1daae4b7becc43949516096170ce2a76,P1,semi,e9zR4mvMWw7,True,all_archived,16,26,0.0,0.0,1.0
extended73|P1|semi|e9zR4mvMWw7_1daae4b7becc43949516096170ce2a76,P1|0|e9zR4mvMWw7_1daae4b7becc43949516096170ce2a76|semi,e9zR4mvMWw7_1daae4b7becc43949516096170ce2a76,P1,semi,e9zR4mvMWw7,True,all_archived,17,26,0.0,0.0,1.0
extended73|P1|semi|e9zR4mvMWw7_1daae4b7becc43949516096170ce2a76,P1|0|e9zR4mvMWw7_1daae4b7becc43949516096170ce2a76|semi,e9zR4mvMWw7_1daae4b7becc43949516096170ce2a76,P1,semi,e9zR4mvMWw7,True,all_archived,18,26,0.0,0.0,1.0
extended73|P1|semi|e9zR4mvMWw7_1daae4b7becc43949516096170ce2a76,P1|0|e9zR4mvMWw7_1daae4b7becc43949516096170ce2a76|semi,e9zR4mvMWw7_1daae4b7becc43949516096170ce2a76,P1,semi,e9zR4mvMWw7,True,all_archived,19,26,0.0,0.0,1.0
extended73|P1|semi|e9zR4mvMWw7_1daae4b7becc43949516096170ce2a76,P1|0|e9zR4mvMWw7_1daae4b7becc43949516096170ce2a76|semi,e9zR4mvMWw7_1daae4b7becc43949516096170ce2a76,P1,semi,e9zR4mvMWw7,True,all_archived,20,26,0.0,0.0,1.0
extended73|P1|semi|e9zR4mvMWw7_1daae4b7becc43949516096170ce2a76,P1|0|e9zR4mvMWw7_1daae4b7becc43949516096170ce2a76|semi,e9zR4mvMWw7_1daae4b7becc43949516096170ce2a76,P1,semi,e9zR4mvMWw7,True,current20,1,20,0.0,0.0,1.0
extended73|P1|semi|e9zR4mvMWw7_1daae4b7becc43949516096170ce2a76,P1|0|e9zR4mvMWw7_1daae4b7becc43949516096170ce2a76|semi,e9zR4mvMWw7_1daae4b7becc43949516096170ce2a76,P1,semi,e9zR4mvMWw7,True,current20,2,20,0.0,0.0,1.0
extended73|P1|semi|e9zR4mvMWw7_1daae4b7becc43949516096170ce2a76,P1|0|e9zR4mvMWw7_1daae4b7becc43949516096170ce2a76|semi,e9zR4mvMWw7_1daae4b7becc43949516096170ce2a76,P1,semi,e9zR4mvMWw7,True,current20,3,20,0.0,0.0,1.0
extended73|P1|semi|e9zR4mvMWw7_1daae4b7becc43949516096170ce2a76,P1|0|e9zR4mvMWw7_1daae4b7becc43949516096170ce2a76|semi,e9zR4mvMWw7_1daae4b7becc43949516096170ce2a76,P1,semi,e9zR4mvMWw7,True,current20,4,20,0.0,0.0,1.0
extended73|P1|semi|e9zR4mvMWw7_1daae4b7becc43949516096170ce2a76,P1|0|e9zR4mvMWw7_1daae4b7becc43949516096170ce2a76|semi,e9zR4mvMWw7_1daae4b7becc43949516096170ce2a76,P1,semi,e9zR4mvMWw7,True,current20,5,20,0.0,0.0,1.0
extended73|P1|semi|e9zR4mvMWw7_1daae4b7becc43949516096170ce2a76,P1|0|e9zR4mvMWw7_1daae4b7becc43949516096170ce2a76|semi,e9zR4mvMWw7_1daae4b7becc43949516096170ce2a76,P1,semi,e9zR4mvMWw7,True,current20,6,20,0.0,0.0,1.0
extended73|P1|semi|e9zR4mvMWw7_1daae4b7becc43949516096170ce2a76,P1|0|e9zR4mvMWw7_1daae4b7becc43949516096170ce2a76|semi,e9zR4mvMWw7_1daae4b7becc43949516096170ce2a76,P1,semi,e9zR4mvMWw7,True,current20,7,20,0.0,0.0,1.0
extended73|P1|semi|e9zR4mvMWw7_1daae4b7becc43949516096170ce2a76,P1|0|e9zR4mvMWw7_1daae4b7becc43949516096170ce2a76|semi,e9zR4mvMWw7_1daae4b7becc43949516096170ce2a76,P1,semi,e9zR4mvMWw7,True,current20,8,20,0.0,0.0,1.0
extended73|P1|semi|e9zR4mvMWw7_1daae4b7becc43949516096170ce2a76,P1|0|e9zR4mvMWw7_1daae4b7becc43949516096170ce2a76|semi,e9zR4mvMWw7_1daae4b7becc43949516096170ce2a76,P1,semi,e9zR4mvMWw7,True,current20,9,20,0.0,0.0,1.0
extended73|P1|semi|e9zR4mvMWw7_1daae4b7becc43949516096170ce2a76,P1|0|e9zR4mvMWw7_1daae4b7becc43949516096170ce2a76|semi,e9zR4mvMWw7_1daae4b7becc43949516096170ce2a76,P1,semi,e9zR4mvMWw7,True,current20,10,20,0.0,0.0,1.0
extended73|P1|semi|e9zR4mvMWw7_1daae4b7becc43949516096170ce2a76,P1|0|e9zR4mvMWw7_1daae4b7becc43949516096170ce2a76|semi,e9zR4mvMWw7_1daae4b7becc43949516096170ce2a76,P1,semi,e9zR4mvMWw7,True,current20,11,20,0.0,0.0,1.0
extended73|P1|semi|e9zR4mvMWw7_1daae4b7becc43949516096170ce2a76,P1|0|e9zR4mvMWw7_1daae4b7becc43949516096170ce2a76|semi,e9zR4mvMWw7_1daae4b7becc43949516096170ce2a76,P1,semi,e9zR4mvMWw7,True,current20,12,20,0.0,0.0,1.0
extended73|P1|semi|e9zR4mvMWw7_1daae4b7becc43949516096170ce2a76,P1|0|e9zR4mvMWw7_1daae4b7becc43949516096170ce2a76|semi,e9zR4mvMWw7_1daae4b7becc43949516096170ce2a76,P1,semi,e9zR4mvMWw7,True,current20,13,20,0.0,0.0,1.0
extended73|P1|semi|e9zR4mvMWw7_1daae4b7becc43949516096170ce2a76,P1|0|e9zR4mvMWw7_1daae4b7becc43949516096170ce2a76|semi,e9zR4mvMWw7_1daae4b7becc43949516096170ce2a76,P1,semi,e9zR4mvMWw7,True,current20,14,20,0.0,0.0,1.0
extended73|P1|semi|e9zR4mvMWw7_1daae4b7becc43949516096170ce2a76,P1|0|e9zR4mvMWw7_1daae4b7becc43949516096170ce2a76|semi,e9zR4mvMWw7_1daae4b7becc43949516096170ce2a76,P1,semi,e9zR4mvMWw7,True,current20,15,20,0.0,0.0,1.0
extended73|P1|semi|e9zR4mvMWw7_1daae4b7becc43949516096170ce2a76,P1|0|e9zR4mvMWw7_1daae4b7becc43949516096170ce2a76|semi,e9zR4mvMWw7_1daae4b7becc43949516096170ce2a76,P1,semi,e9zR4mvMWw7,True,current20,16,20,0.0,0.0,1.0
extended73|P1|semi|e9zR4mvMWw7_1daae4b7becc43949516096170ce2a76,P1|0|e9zR4mvMWw7_1daae4b7becc43949516096170ce2a76|semi,e9zR4mvMWw7_1daae4b7becc43949516096170ce2a76,P1,semi,e9zR4mvMWw7,True,current20,17,20,0.0,0.0,1.0
extended73|P1|semi|e9zR4mvMWw7_1daae4b7becc43949516096170ce2a76,P1|0|e9zR4mvMWw7_1daae4b7becc43949516096170ce2a76|semi,e9zR4mvMWw7_1daae4b7becc43949516096170ce2a76,P1,semi,e9zR4mvMWw7,True,current20,18,20,0.0,0.0,1.0
extended73|P1|semi|e9zR4mvMWw7_1daae4b7becc43949516096170ce2a76,P1|0|e9zR4mvMWw7_1daae4b7becc43949516096170ce2a76|semi,e9zR4mvMWw7_1daae4b7becc43949516096170ce2a76,P1,semi,e9zR4mvMWw7,True,current20,19,20,0.0,0.0,1.0
extended73|P1|semi|e9zR4mvMWw7_1daae4b7becc43949516096170ce2a76,P1|0|e9zR4mvMWw7_1daae4b7becc43949516096170ce2a76|semi,e9zR4mvMWw7_1daae4b7becc43949516096170ce2a76,P1,semi,e9zR4mvMWw7,True,current20,20,20,0.0,0.0,1.0
extended73|P1|semi|e9zR4mvMWw7_409f2a738bf54153b9b77c39e7a4ea45,P1|0|e9zR4mvMWw7_409f2a738bf54153b9b77c39e7a4ea45|semi,e9zR4mvMWw7_409f2a738bf54153b9b77c39e7a4ea45,P1,semi,e9zR4mvMWw7,True,all_archived,1,26,0.0,0.0,1.0
extended73|P1|semi|e9zR4mvMWw7_409f2a738bf54153b9b77c39e7a4ea45,P1|0|e9zR4mvMWw7_409f2a738bf54153b9b77c39e7a4ea45|semi,e9zR4mvMWw7_409f2a738bf54153b9b77c39e7a4ea45,P1,semi,e9zR4mvMWw7,True,all_archived,2,26,0.0,0.0,1.0
extended73|P1|semi|e9zR4mvMWw7_409f2a738bf54153b9b77c39e7a4ea45,P1|0|e9zR4mvMWw7_409f2a738bf54153b9b77c39e7a4ea45|semi,e9zR4mvMWw7_409f2a738bf54153b9b77c39e7a4ea45,P1,semi,e9zR4mvMWw7,True,all_archived,3,26,0.0,0.0,1.0
extended73|P1|semi|e9zR4mvMWw7_409f2a738bf54153b9b77c39e7a4ea45,P1|0|e9zR4mvMWw7_409f2a738bf54153b9b77c39e7a4ea45|semi,e9zR4mvMWw7_409f2a738bf54153b9b77c39e7a4ea45,P1,semi,e9zR4mvMWw7,True,all_archived,4,26,0.0,0.0,1.0
extended73|P1|semi|e9zR4mvMWw7_409f2a738bf54153b9b77c39e7a4ea45,P1|0|e9zR4mvMWw7_409f2a738bf54153b9b77c39e7a4ea45|semi,e9zR4mvMWw7_409f2a738bf54153b9b77c39e7a4ea45,P1,semi,e9zR4mvMWw7,True,all_archived,5,26,0.0,0.0,1.0
extended73|P1|semi|e9zR4mvMWw7_409f2a738bf54153b9b77c39e7a4ea45,P1|0|e9zR4mvMWw7_409f2a738bf54153b9b77c39e7a4ea45|semi,e9zR4mvMWw7_409f2a738bf54153b9b77c39e7a4ea45,P1,semi,e9zR4mvMWw7,True,all_archived,6,26,0.0,0.0,1.0
extended73|P1|semi|e9zR4mvMWw7_409f2a738bf54153b9b77c39e7a4ea45,P1|0|e9zR4mvMWw7_409f2a738bf54153b9b77c39e7a4ea45|semi,e9zR4mvMWw7_409f2a738bf54153b9b77c39e7a4ea45,P1,semi,e9zR4mvMWw7,True,all_archived,7,26,0.0,0.0,1.0
extended73|P1|semi|e9zR4mvMWw7_409f2a738bf54153b9b77c39e7a4ea45,P1|0|e9zR4mvMWw7_409f2a738bf54153b9b77c39e7a4ea45|semi,e9zR4mvMWw7_409f2a738bf54153b9b77c39e7a4ea45,P1,semi,e9zR4mvMWw7,True,all_archived,8,26,0.0,0.0,1.0
extended73|P1|semi|e9zR4mvMWw7_409f2a738bf54153b9b77c39e7a4ea45,P1|0|e9zR4mvMWw7_409f2a738bf54153b9b77c39e7a4ea45|semi,e9zR4mvMWw7_409f2a738bf54153b9b77c39e7a4ea45,P1,semi,e9zR4mvMWw7,True,all_archived,9,26,0.0,0.0,1.0
extended73|P1|semi|e9zR4mvMWw7_409f2a738bf54153b9b77c39e7a4ea45,P1|0|e9zR4mvMWw7_409f2a738bf54153b9b77c39e7a4ea45|semi,e9zR4mvMWw7_409f2a738bf54153b9b77c39e7a4ea45,P1,semi,e9zR4mvMWw7,True,all_archived,10,26,0.0,0.0,1.0
extended73|P1|semi|e9zR4mvMWw7_409f2a738bf54153b9b77c39e7a4ea45,P1|0|e9zR4mvMWw7_409f2a738bf54153b9b77c39e7a4ea45|semi,e9zR4mvMWw7_409f2a738bf54153b9b77c39e7a4ea45,P1,semi,e9zR4mvMWw7,True,all_archived,11,26,0.0,0.0,1.0
extended73|P1|semi|e9zR4mvMWw7_409f2a738bf54153b9b77c39e7a4ea45,P1|0|e9zR4mvMWw7_409f2a738bf54153b9b77c39e7a4ea45|semi,e9zR4mvMWw7_409f2a738bf54153b9b77c39e7a4ea45,P1,semi,e9zR4mvMWw7,True,all_archived,12,26,0.0,0.0,1.0
extended73|P1|semi|e9zR4mvMWw7_409f2a738bf54153b9b77c39e7a4ea45,P1|0|e9zR4mvMWw7_409f2a738bf54153b9b77c39e7a4ea45|semi,e9zR4mvMWw7_409f2a738bf54153b9b77c39e7a4ea45,P1,semi,e9zR4mvMWw7,True,all_archived,13,26,0.0,0.0,1.0
extended73|P1|semi|e9zR4mvMWw7_409f2a738bf54153b9b77c39e7a4ea45,P1|0|e9zR4mvMWw7_409f2a738bf54153b9b77c39e7a4ea45|semi,e9zR4mvMWw7_409f2a738bf54153b9b77c39e7a4ea45,P1,semi,e9zR4mvMWw7,True,all_archived,14,26,0.0,0.0,1.0
extended73|P1|semi|e9zR4mvMWw7_409f2a738bf54153b9b77c39e7a4ea45,P1|0|e9zR4mvMWw7_409f2a738bf54153b9b77c39e7a4ea45|semi,e9zR4mvMWw7_409f2a738bf54153b9b77c39e7a4ea45,P1,semi,e9zR4mvMWw7,True,all_archived,15,26,0.0,0.0,1.0
extended73|P1|semi|e9zR4mvMWw7_409f2a738bf54153b9b77c39e7a4ea45,P1|0|e9zR4mvMWw7_409f2a738bf54153b9b77c39e7a4ea45|semi,e9zR4mvMWw7_409f2a738bf54153b9b77c39e7a4ea45,P1,semi,e9zR4mvMWw7,True,all_archived,16,26,0.0,0.0,1.0
extended73|P1|semi|e9zR4mvMWw7_409f2a738bf54153b9b77c39e7a4ea45,P1|0|e9zR4mvMWw7_409f2a738bf54153b9b77c39e7a4ea45|semi,e9zR4mvMWw7_409f2a738bf54153b9b77c39e7a4ea45,P1,semi,e9zR4mvMWw7,True,all_archived,17,26,0.0,0.0,1.0
extended73|P1|semi|e9zR4mvMWw7_409f2a738bf54153b9b77c39e7a4ea45,P1|0|e9zR4mvMWw7_409f2a738bf54153b9b77c39e7a4ea45|semi,e9zR4mvMWw7_409f2a738bf54153b9b77c39e7a4ea45,P1,semi,e9zR4mvMWw7,True,all_archived,18,26,0.0,0.0,1.0
extended73|P1|semi|e9zR4mvMWw7_409f2a738bf54153b9b77c39e7a4ea45,P1|0|e9zR4mvMWw7_409f2a738bf54153b9b77c39e7a4ea45|semi,e9zR4mvMWw7_409f2a738bf54153b9b77c39e7a4ea45,P1,semi,e9zR4mvMWw7,True,all_archived,19,26,0.0,0.0,1.0
extended73|P1|semi|e9zR4mvMWw7_409f2a738bf54153b9b77c39e7a4ea45,P1|0|e9zR4mvMWw7_409f2a738bf54153b9b77c39e7a4ea45|semi,e9zR4mvMWw7_409f2a738bf54153b9b77c39e7a4ea45,P1,semi,e9zR4mvMWw7,True,all_archived,20,26,0.0,0.0,1.0
extended73|P1|semi|e9zR4mvMWw7_409f2a738bf54153b9b77c39e7a4ea45,P1|0|e9zR4mvMWw7_409f2a738bf54153b9b77c39e7a4ea45|semi,e9zR4mvMWw7_409f2a738bf54153b9b77c39e7a4ea45,P1,semi,e9zR4mvMWw7,True,current20,1,20,0.0,0.0,1.0
extended73|P1|semi|e9zR4mvMWw7_409f2a738bf54153b9b77c39e7a4ea45,P1|0|e9zR4mvMWw7_409f2a738bf54153b9b77c39e7a4ea45|semi,e9zR4mvMWw7_409f2a738bf54153b9b77c39e7a4ea45,P1,semi,e9zR4mvMWw7,True,current20,2,20,0.0,0.0,1.0
extended73|P1|semi|e9zR4mvMWw7_409f2a738bf54153b9b77c39e7a4ea45,P1|0|e9zR4mvMWw7_409f2a738bf54153b9b77c39e7a4ea45|semi,e9zR4mvMWw7_409f2a738bf54153b9b77c39e7a4ea45,P1,semi,e9zR4mvMWw7,True,current20,3,20,0.0,0.0,1.0
extended73|P1|semi|e9zR4mvMWw7_409f2a738bf54153b9b77c39e7a4ea45,P1|0|e9zR4mvMWw7_409f2a738bf54153b9b77c39e7a4ea45|semi,e9zR4mvMWw7_409f2a738bf54153b9b77c39e7a4ea45,P1,semi,e9zR4mvMWw7,True,current20,4,20,0.0,0.0,1.0
extended73|P1|semi|e9zR4mvMWw7_409f2a738bf54153b9b77c39e7a4ea45,P1|0|e9zR4mvMWw7_409f2a738bf54153b9b77c39e7a4ea45|semi,e9zR4mvMWw7_409f2a738bf54153b9b77c39e7a4ea45,P1,semi,e9zR4mvMWw7,True,current20,5,20,0.0,0.0,1.0
extended73|P1|semi|e9zR4mvMWw7_409f2a738bf54153b9b77c39e7a4ea45,P1|0|e9zR4mvMWw7_409f2a738bf54153b9b77c39e7a4ea45|semi,e9zR4mvMWw7_409f2a738bf54153b9b77c39e7a4ea45,P1,semi,e9zR4mvMWw7,True,current20,6,20,0.0,0.0,1.0
extended73|P1|semi|e9zR4mvMWw7_409f2a738bf54153b9b77c39e7a4ea45,P1|0|e9zR4mvMWw7_409f2a738bf54153b9b77c39e7a4ea45|semi,e9zR4mvMWw7_409f2a738bf54153b9b77c39e7a4ea45,P1,semi,e9zR4mvMWw7,True,current20,7,20,0.0,0.0,1.0
extended73|P1|semi|e9zR4mvMWw7_409f2a738bf54153b9b77c39e7a4ea45,P1|0|e9zR4mvMWw7_409f2a738bf54153b9b77c39e7a4ea45|semi,e9zR4mvMWw7_409f2a738bf54153b9b77c39e7a4ea45,P1,semi,e9zR4mvMWw7,True,current20,8,20,0.0,0.0,1.0
extended73|P1|semi|e9zR4mvMWw7_409f2a738bf54153b9b77c39e7a4ea45,P1|0|e9zR4mvMWw7_409f2a738bf54153b9b77c39e7a4ea45|semi,e9zR4mvMWw7_409f2a738bf54153b9b77c39e7a4ea45,P1,semi,e9zR4mvMWw7,True,current20,9,20,0.0,0.0,1.0
extended73|P1|semi|e9zR4mvMWw7_409f2a738bf54153b9b77c39e7a4ea45,P1|0|e9zR4mvMWw7_409f2a738bf54153b9b77c39e7a4ea45|semi,e9zR4mvMWw7_409f2a738bf54153b9b77c39e7a4ea45,P1,semi,e9zR4mvMWw7,True,current20,10,20,0.0,0.0,1.0
extended73|P1|semi|e9zR4mvMWw7_409f2a738bf54153b9b77c39e7a4ea45,P1|0|e9zR4mvMWw7_409f2a738bf54153b9b77c39e7a4ea45|semi,e9zR4mvMWw7_409f2a738bf54153b9b77c39e7a4ea45,P1,semi,e9zR4mvMWw7,True,current20,11,20,0.0,0.0,1.0
extended73|P1|semi|e9zR4mvMWw7_409f2a738bf54153b9b77c39e7a4ea45,P1|0|e9zR4mvMWw7_409f2a738bf54153b9b77c39e7a4ea45|semi,e9zR4mvMWw7_409f2a738bf54153b9b77c39e7a4ea45,P1,semi,e9zR4mvMWw7,True,current20,12,20,0.0,0.0,1.0
extended73|P1|semi|e9zR4mvMWw7_409f2a738bf54153b9b77c39e7a4ea45,P1|0|e9zR4mvMWw7_409f2a738bf54153b9b77c39e7a4ea45|semi,e9zR4mvMWw7_409f2a738bf54153b9b77c39e7a4ea45,P1,semi,e9zR4mvMWw7,True,current20,13,20,0.0,0.0,1.0
extended73|P1|semi|e9zR4mvMWw7_409f2a738bf54153b9b77c39e7a4ea45,P1|0|e9zR4mvMWw7_409f2a738bf54153b9b77c39e7a4ea45|semi,e9zR4mvMWw7_409f2a738bf54153b9b77c39e7a4ea45,P1,semi,e9zR4mvMWw7,True,current20,14,20,0.0,0.0,1.0
extended73|P1|semi|e9zR4mvMWw7_409f2a738bf54153b9b77c39e7a4ea45,P1|0|e9zR4mvMWw7_409f2a738bf54153b9b77c39e7a4ea45|semi,e9zR4mvMWw7_409f2a738bf54153b9b77c39e7a4ea45,P1,semi,e9zR4mvMWw7,True,current20,15,20,0.0,0.0,1.0
extended73|P1|semi|e9zR4mvMWw7_409f2a738bf54153b9b77c39e7a4ea45,P1|0|e9zR4mvMWw7_409f2a738bf54153b9b77c39e7a4ea45|semi,e9zR4mvMWw7_409f2a738bf54153b9b77c39e7a4ea45,P1,semi,e9zR4mvMWw7,True,current20,16,20,0.0,0.0,1.0
extended73|P1|semi|e9zR4mvMWw7_409f2a738bf54153b9b77c39e7a4ea45,P1|0|e9zR4mvMWw7_409f2a738bf54153b9b77c39e7a4ea45|semi,e9zR4mvMWw7_409f2a738bf54153b9b77c39e7a4ea45,P1,semi,e9zR4mvMWw7,True,current20,17,20,0.0,0.0,1.0
extended73|P1|semi|e9zR4mvMWw7_409f2a738bf54153b9b77c39e7a4ea45,P1|0|e9zR4mvMWw7_409f2a738bf54153b9b77c39e7a4ea45|semi,e9zR4mvMWw7_409f2a738bf54153b9b77c39e7a4ea45,P1,semi,e9zR4mvMWw7,True,current20,18,20,0.0,0.0,1.0
extended73|P1|semi|e9zR4mvMWw7_409f2a738bf54153b9b77c39e7a4ea45,P1|0|e9zR4mvMWw7_409f2a738bf54153b9b77c39e7a4ea45|semi,e9zR4mvMWw7_409f2a738bf54153b9b77c39e7a4ea45,P1,semi,e9zR4mvMWw7,True,current20,19,20,0.0,0.0,1.0
extended73|P1|semi|e9zR4mvMWw7_409f2a738bf54153b9b77c39e7a4ea45,P1|0|e9zR4mvMWw7_409f2a738bf54153b9b77c39e7a4ea45|semi,e9zR4mvMWw7_409f2a738bf54153b9b77c39e7a4ea45,P1,semi,e9zR4mvMWw7,True,current20,20,20,0.0,0.0,1.0
extended73|P1|semi|e9zR4mvMWw7_ac03b99e3f3642be80b4d24fde0af03a,P1|0|e9zR4mvMWw7_ac03b99e3f3642be80b4d24fde0af03a|semi,e9zR4mvMWw7_ac03b99e3f3642be80b4d24fde0af03a,P1,semi,e9zR4mvMWw7,True,all_archived,1,26,0.2603550295857988,0.2603550295857988,0.5
extended73|P1|semi|e9zR4mvMWw7_ac03b99e3f3642be80b4d24fde0af03a,P1|0|e9zR4mvMWw7_ac03b99e3f3642be80b4d24fde0af03a|semi,e9zR4mvMWw7_ac03b99e3f3642be80b4d24fde0af03a,P1,semi,e9zR4mvMWw7,True,all_archived,2,26,0.21869822485207102,0.12497041420118345,0.6353846153846154
extended73|P1|semi|e9zR4mvMWw7_ac03b99e3f3642be80b4d24fde0af03a,P1|0|e9zR4mvMWw7_ac03b99e3f3642be80b4d24fde0af03a|semi,e9zR4mvMWw7_ac03b99e3f3642be80b4d24fde0af03a,P1,semi,e9zR4mvMWw7,True,all_archived,3,26,0.1822485207100592,0.09242603550295858,0.7030769230769232
extended73|P1|semi|e9zR4mvMWw7_ac03b99e3f3642be80b4d24fde0af03a,P1|0|e9zR4mvMWw7_ac03b99e3f3642be80b4d24fde0af03a|semi,e9zR4mvMWw7_ac03b99e3f3642be80b4d24fde0af03a,P1,semi,e9zR4mvMWw7,True,all_archived,4,26,0.1505531258039619,0.07533316182145613,0.7553177257525083
extended73|P1|semi|e9zR4mvMWw7_ac03b99e3f3642be80b4d24fde0af03a,P1|0|e9zR4mvMWw7_ac03b99e3f3642be80b4d24fde0af03a|semi,e9zR4mvMWw7_ac03b99e3f3642be80b4d24fde0af03a,P1,semi,e9zR4mvMWw7,True,all_archived,5,26,0.12317983020324157,0.06158991510162079,0.7998327759197325
extended73|P1|semi|e9zR4mvMWw7_ac03b99e3f3642be80b4d24fde0af03a,P1|0|e9zR4mvMWw7_ac03b99e3f3642be80b4d24fde0af03a|semi,e9zR4mvMWw7_ac03b99e3f3642be80b4d24fde0af03a,P1,semi,e9zR4mvMWw7,True,all_archived,6,26,0.09971700540262413,0.04985850270131207,0.8379598662207358
extended73|P1|semi|e9zR4mvMWw7_ac03b99e3f3642be80b4d24fde0af03a,P1|0|e9zR4mvMWw7_ac03b99e3f3642be80b4d24fde0af03a|semi,e9zR4mvMWw7_ac03b99e3f3642be80b4d24fde0af03a,P1,semi,e9zR4mvMWw7,True,all_archived,7,26,0.08974530486236172,0.03988680216104966,0.8703678929765886
extended73|P1|semi|e9zR4mvMWw7_ac03b99e3f3642be80b4d24fde0af03a,P1|0|e9zR4mvMWw7_ac03b99e3f3642be80b4d24fde0af03a|semi,e9zR4mvMWw7_ac03b99e3f3642be80b4d24fde0af03a,P1,semi,e9zR4mvMWw7,True,all_archived,8,26,0.0881708258296887,0.031489580653460254,0.8976588628762542
extended73|P1|semi|e9zR4mvMWw7_ac03b99e3f3642be80b4d24fde0af03a,P1|0|e9zR4mvMWw7_ac03b99e3f3642be80b4d24fde0af03a|semi,e9zR4mvMWw7_ac03b99e3f3642be80b4d24fde0af03a,P1,semi,e9zR4mvMWw7,True,all_archived,9,26,0.083972215075894,0.024491896063802417,0.9204013377926421
extended73|P1|semi|e9zR4mvMWw7_ac03b99e3f3642be80b4d24fde0af03a,P1|0|e9zR4mvMWw7_ac03b99e3f3642be80b4d24fde0af03a|semi,e9zR4mvMWw7_ac03b99e3f3642be80b4d24fde0af03a,P1,semi,e9zR4mvMWw7,True,all_archived,10,26,0.07779778749678415,0.018729096989966557,0.9391304347826087
extended73|P1|semi|e9zR4mvMWw7_ac03b99e3f3642be80b4d24fde0af03a,P1|0|e9zR4mvMWw7_ac03b99e3f3642be80b4d24fde0af03a|semi,e9zR4mvMWw7_ac03b99e3f3642be80b4d24fde0af03a,P1,semi,e9zR4mvMWw7,True,all_archived,11,26,0.07023411371237456,0.014046822742474917,0.9543478260869565
extended73|P1|semi|e9zR4mvMWw7_ac03b99e3f3642be80b4d24fde0af03a,P1|0|e9zR4mvMWw7_ac03b99e3f3642be80b4d24fde0af03a|semi,e9zR4mvMWw7_ac03b99e3f3642be80b4d24fde0af03a,P1,semi,e9zR4mvMWw7,True,all_archived,12,26,0.061806020066889615,0.010301003344481604,0.9665217391304348
extended73|P1|semi|e9zR4mvMWw7_ac03b99e3f3642be80b4d24fde0af03a,P1|0|e9zR4mvMWw7_ac03b99e3f3642be80b4d24fde0af03a|semi,e9zR4mvMWw7_ac03b99e3f3642be80b4d24fde0af03a,P1,semi,e9zR4mvMWw7,True,all_archived,13,26,0.05297658862876255,0.007357859531772576,0.9760869565217392
extended73|P1|semi|e9zR4mvMWw7_ac03b99e3f3642be80b4d24fde0af03a,P1|0|e9zR4mvMWw7_ac03b99e3f3642be80b4d24fde0af03a|semi,e9zR4mvMWw7_ac03b99e3f3642be80b4d24fde0af03a,P1,semi,e9zR4mvMWw7,True,all_archived,14,26,0.05297658862876255,0.005093902752765629,0.9834448160535116
extended73|P1|semi|e9zR4mvMWw7_ac03b99e3f3642be80b4d24fde0af03a,P1|0|e9zR4mvMWw7_ac03b99e3f3642be80b4d24fde0af03a|semi,e9zR4mvMWw7_ac03b99e3f3642be80b4d24fde0af03a,P1,semi,e9zR4mvMWw7,True,all_archived,15,26,0.05150501672240804,0.0033959351685104197,0.9889632107023412
extended73|P1|semi|e9zR4mvMWw7_ac03b99e3f3642be80b4d24fde0af03a,P1|0|e9zR4mvMWw7_ac03b99e3f3642be80b4d24fde0af03a|semi,e9zR4mvMWw7_ac03b99e3f3642be80b4d24fde0af03a,P1,semi,e9zR4mvMWw7,True,all_archived,16,26,0.04862361718549009,0.002161049652688449,0.9929765886287625
extended73|P1|semi|e9zR4mvMWw7_ac03b99e3f3642be80b4d24fde0af03a,P1|0|e9zR4mvMWw7_ac03b99e3f3642be80b4d24fde0af03a|semi,e9zR4mvMWw7_ac03b99e3f3642be80b4d24fde0af03a,P1,semi,e9zR4mvMWw7,True,all_archived,17,26,0.04445587856959095,0.0012966297916130692,0.9957859531772575
extended73|P1|semi|e9zR4mvMWw7_ac03b99e3f3642be80b4d24fde0af03a,P1|0|e9zR4mvMWw7_ac03b99e3f3642be80b4d24fde0af03a|semi,e9zR4mvMWw7_ac03b99e3f3642be80b4d24fde0af03a,P1,semi,e9zR4mvMWw7,True,all_archived,18,26,0.039187033702083846,0.0007203498842294828,0.9976588628762542
extended73|P1|semi|e9zR4mvMWw7_ac03b99e3f3642be80b4d24fde0af03a,P1|0|e9zR4mvMWw7_ac03b99e3f3642be80b4d24fde0af03a|semi,e9zR4mvMWw7_ac03b99e3f3642be80b4d24fde0af03a,P1,semi,e9zR4mvMWw7,True,all_archived,19,26,0.03306405968613327,0.0003601749421147414,0.9988294314381271
extended73|P1|semi|e9zR4mvMWw7_ac03b99e3f3642be80b4d24fde0af03a,P1|0|e9zR4mvMWw7_ac03b99e3f3642be80b4d24fde0af03a|semi,e9zR4mvMWw7_ac03b99e3f3642be80b4d24fde0af03a,P1,semi,e9zR4mvMWw7,True,all_archived,20,26,0.029915101620787237,0.00015436068947774633,0.9994983277591973
extended73|P1|semi|e9zR4mvMWw7_ac03b99e3f3642be80b4d24fde0af03a,P1|0|e9zR4mvMWw7_ac03b99e3f3642be80b4d24fde0af03a|semi,e9zR4mvMWw7_ac03b99e3f3642be80b4d24fde0af03a,P1,semi,e9zR4mvMWw7,True,current20,1,20,0.2230769230769231,0.2230769230769231,0.5
extended73|P1|semi|e9zR4mvMWw7_ac03b99e3f3642be80b4d24fde0af03a,P1|0|e9zR4mvMWw7_ac03b99e3f3642be80b4d24fde0af03a|semi,e9zR4mvMWw7_ac03b99e3f3642be80b4d24fde0af03a,P1,semi,e9zR4mvMWw7,True,current20,2,20,0.19392712550607288,0.12834008097165991,0.5947368421052632
extended73|P1|semi|e9zR4mvMWw7_ac03b99e3f3642be80b4d24fde0af03a,P1|0|e9zR4mvMWw7_ac03b99e3f3642be80b4d24fde0af03a|semi,e9zR4mvMWw7_ac03b99e3f3642be80b4d24fde0af03a,P1,semi,e9zR4mvMWw7,True,current20,3,20,0.16639676113360324,0.11012145748987855,0.6421052631578947
extended73|P1|semi|e9zR4mvMWw7_ac03b99e3f3642be80b4d24fde0af03a,P1|0|e9zR4mvMWw7_ac03b99e3f3642be80b4d24fde0af03a|semi,e9zR4mvMWw7_ac03b99e3f3642be80b4d24fde0af03a,P1,semi,e9zR4mvMWw7,True,current20,4,20,0.14048582995951417,0.09716599190283401,0.6842105263157895
extended73|P1|semi|e9zR4mvMWw7_ac03b99e3f3642be80b4d24fde0af03a,P1|0|e9zR4mvMWw7_ac03b99e3f3642be80b4d24fde0af03a|semi,e9zR4mvMWw7_ac03b99e3f3642be80b4d24fde0af03a,P1,semi,e9zR4mvMWw7,True,current20,5,20,0.11619433198380567,0.08502024291497977,0.7236842105263157
extended73|P1|semi|e9zR4mvMWw7_ac03b99e3f3642be80b4d24fde0af03a,P1|0|e9zR4mvMWw7_ac03b99e3f3642be80b4d24fde0af03a|semi,e9zR4mvMWw7_ac03b99e3f3642be80b4d24fde0af03a,P1,semi,e9zR4mvMWw7,True,current20,6,20,0.09352226720647772,0.0736842105263158,0.7605263157894737
extended73|P1|semi|e9zR4mvMWw7_ac03b99e3f3642be80b4d24fde0af03a,P1|0|e9zR4mvMWw7_ac03b99e3f3642be80b4d24fde0af03a|semi,e9zR4mvMWw7_ac03b99e3f3642be80b4d24fde0af03a,P1,semi,e9zR4mvMWw7,True,current20,7,20,0.08299595141700404,0.06315789473684211,0.7947368421052632
extended73|P1|semi|e9zR4mvMWw7_ac03b99e3f3642be80b4d24fde0af03a,P1|0|e9zR4mvMWw7_ac03b99e3f3642be80b4d24fde0af03a|semi,e9zR4mvMWw7_ac03b99e3f3642be80b4d24fde0af03a,P1,semi,e9zR4mvMWw7,True,current20,8,20,0.08218623481781379,0.053441295546558715,0.8263157894736842
extended73|P1|semi|e9zR4mvMWw7_ac03b99e3f3642be80b4d24fde0af03a,P1|0|e9zR4mvMWw7_ac03b99e3f3642be80b4d24fde0af03a|semi,e9zR4mvMWw7_ac03b99e3f3642be80b4d24fde0af03a,P1,semi,e9zR4mvMWw7,True,current20,9,20,0.07975708502024291,0.04453441295546559,0.8552631578947368
extended73|P1|semi|e9zR4mvMWw7_ac03b99e3f3642be80b4d24fde0af03a,P1|0|e9zR4mvMWw7_ac03b99e3f3642be80b4d24fde0af03a|semi,e9zR4mvMWw7_ac03b99e3f3642be80b4d24fde0af03a,P1,semi,e9zR4mvMWw7,True,current20,10,20,0.0757085020242915,0.03643724696356275,0.881578947368421
extended73|P1|semi|e9zR4mvMWw7_ac03b99e3f3642be80b4d24fde0af03a,P1|0|e9zR4mvMWw7_ac03b99e3f3642be80b4d24fde0af03a|semi,e9zR4mvMWw7_ac03b99e3f3642be80b4d24fde0af03a,P1,semi,e9zR4mvMWw7,True,current20,11,20,0.0700404858299595,0.029149797570850206,0.9052631578947368
extended73|P1|semi|e9zR4mvMWw7_ac03b99e3f3642be80b4d24fde0af03a,P1|0|e9zR4mvMWw7_ac03b99e3f3642be80b4d24fde0af03a|semi,e9zR4mvMWw7_ac03b99e3f3642be80b4d24fde0af03a,P1,semi,e9zR4mvMWw7,True,current20,12,20,0.06275303643724695,0.022672064777327933,0.9263157894736842
extended73|P1|semi|e9zR4mvMWw7_ac03b99e3f3642be80b4d24fde0af03a,P1|0|e9zR4mvMWw7_ac03b99e3f3642be80b4d24fde0af03a|semi,e9zR4mvMWw7_ac03b99e3f3642be80b4d24fde0af03a,P1,semi,e9zR4mvMWw7,True,current20,13,20,0.05384615384615386,0.01700404858299595,0.9447368421052631
extended73|P1|semi|e9zR4mvMWw7_ac03b99e3f3642be80b4d24fde0af03a,P1|0|e9zR4mvMWw7_ac03b99e3f3642be80b4d24fde0af03a|semi,e9zR4mvMWw7_ac03b99e3f3642be80b4d24fde0af03a,P1,semi,e9zR4mvMWw7,True,current20,14,20,0.05384615384615385,0.012145748987854251,0.9605263157894737
extended73|P1|semi|e9zR4mvMWw7_ac03b99e3f3642be80b4d24fde0af03a,P1|0|e9zR4mvMWw7_ac03b99e3f3642be80b4d24fde0af03a|semi,e9zR4mvMWw7_ac03b99e3f3642be80b4d24fde0af03a,P1,semi,e9zR4mvMWw7,True,current20,15,20,0.05384615384615386,0.008097165991902834,0.9736842105263158
extended73|P1|semi|e9zR4mvMWw7_ac03b99e3f3642be80b4d24fde0af03a,P1|0|e9zR4mvMWw7_ac03b99e3f3642be80b4d24fde0af03a|semi,e9zR4mvMWw7_ac03b99e3f3642be80b4d24fde0af03a,P1,semi,e9zR4mvMWw7,True,current20,16,20,0.05384615384615385,0.004858299595141701,0.9842105263157894
extended73|P1|semi|e9zR4mvMWw7_ac03b99e3f3642be80b4d24fde0af03a,P1|0|e9zR4mvMWw7_ac03b99e3f3642be80b4d24fde0af03a|semi,e9zR4mvMWw7_ac03b99e3f3642be80b4d24fde0af03a,P1,semi,e9zR4mvMWw7,True,current20,17,20,0.05384615384615385,0.0024291497975708503,0.9921052631578947
extended73|P1|semi|e9zR4mvMWw7_ac03b99e3f3642be80b4d24fde0af03a,P1|0|e9zR4mvMWw7_ac03b99e3f3642be80b4d24fde0af03a|semi,e9zR4mvMWw7_ac03b99e3f3642be80b4d24fde0af03a,P1,semi,e9zR4mvMWw7,True,current20,18,20,0.053846153846153835,0.0008097165991902835,0.9973684210526316
extended73|P1|semi|e9zR4mvMWw7_ac03b99e3f3642be80b4d24fde0af03a,P1|0|e9zR4mvMWw7_ac03b99e3f3642be80b4d24fde0af03a|semi,e9zR4mvMWw7_ac03b99e3f3642be80b4d24fde0af03a,P1,semi,e9zR4mvMWw7,True,current20,19,20,0.05384615384615386,0.0,1.0
extended73|P1|semi|e9zR4mvMWw7_ac03b99e3f3642be80b4d24fde0af03a,P1|0|e9zR4mvMWw7_ac03b99e3f3642be80b4d24fde0af03a|semi,e9zR4mvMWw7_ac03b99e3f3642be80b4d24fde0af03a,P1,semi,e9zR4mvMWw7,True,current20,20,20,0.05384615384615386,0.0,1.0
extended73|P1|semi|e9zR4mvMWw7_f7ab5b3ece274b48be57eb65bb6d4814,P1|0|e9zR4mvMWw7_f7ab5b3ece274b48be57eb65bb6d4814|semi,e9zR4mvMWw7_f7ab5b3ece274b48be57eb65bb6d4814,P1,semi,e9zR4mvMWw7,False,all_archived,1,25,0.45119999999999993,0.45119999999999993,0.2
extended73|P1|semi|e9zR4mvMWw7_f7ab5b3ece274b48be57eb65bb6d4814,P1|0|e9zR4mvMWw7_f7ab5b3ece274b48be57eb65bb6d4814|semi,e9zR4mvMWw7_f7ab5b3ece274b48be57eb65bb6d4814,P1,semi,e9zR4mvMWw7,False,all_archived,2,25,0.36519999999999997,0.2728,0.29400000000000004
extended73|P1|semi|e9zR4mvMWw7_f7ab5b3ece274b48be57eb65bb6d4814,P1|0|e9zR4mvMWw7_f7ab5b3ece274b48be57eb65bb6d4814|semi,e9zR4mvMWw7_f7ab5b3ece274b48be57eb65bb6d4814,P1,semi,e9zR4mvMWw7,False,all_archived,3,25,0.29746086956521745,0.20907826086956524,0.353304347826087
extended73|P1|semi|e9zR4mvMWw7_f7ab5b3ece274b48be57eb65bb6d4814,P1|0|e9zR4mvMWw7_f7ab5b3ece274b48be57eb65bb6d4814|semi,e9zR4mvMWw7_f7ab5b3ece274b48be57eb65bb6d4814,P1,semi,e9zR4mvMWw7,False,all_archived,4,25,0.2577770750988142,0.17849169960474306,0.40082213438735187
extended73|P1|semi|e9zR4mvMWw7_f7ab5b3ece274b48be57eb65bb6d4814,P1|0|e9zR4mvMWw7_f7ab5b3ece274b48be57eb65bb6d4814|semi,e9zR4mvMWw7_f7ab5b3ece274b48be57eb65bb6d4814,P1,semi,e9zR4mvMWw7,False,all_archived,5,25,0.23468774703557313,0.15756521739130436,0.4433201581027667
extended73|P1|semi|e9zR4mvMWw7_f7ab5b3ece274b48be57eb65bb6d4814,P1|0|e9zR4mvMWw7_f7ab5b3ece274b48be57eb65bb6d4814|semi,e9zR4mvMWw7_f7ab5b3ece274b48be57eb65bb6d4814,P1,semi,e9zR4mvMWw7,False,all_archived,6,25,0.20795573122529643,0.14025296442687746,0.48271146245059293
extended73|P1|semi|e9zR4mvMWw7_f7ab5b3ece274b48be57eb65bb6d4814,P1|0|e9zR4mvMWw7_f7ab5b3ece274b48be57eb65bb6d4814|semi,e9zR4mvMWw7_f7ab5b3ece274b48be57eb65bb6d4814,P1,semi,e9zR4mvMWw7,False,all_archived,7,25,0.18845516954441435,0.1251050551279384,0.5196201372997713
extended73|P1|semi|e9zR4mvMWw7_f7ab5b3ece274b48be57eb65bb6d4814,P1|0|e9zR4mvMWw7_f7ab5b3ece274b48be57eb65bb6d4814|semi,e9zR4mvMWw7_f7ab5b3ece274b48be57eb65bb6d4814,P1,semi,e9zR4mvMWw7,False,all_archived,8,25,0.18082030372373623,0.11170276679841898,0.5543715415019762
extended73|P1|semi|e9zR4mvMWw7_f7ab5b3ece274b48be57eb65bb6d4814,P1|0|e9zR4mvMWw7_f7ab5b3ece274b48be57eb65bb6d4814|semi,e9zR4mvMWw7_f7ab5b3ece274b48be57eb65bb6d4814,P1,semi,e9zR4mvMWw7,False,all_archived,9,25,0.1701838152693988,0.0998197628458498,0.5872252964426876
extended73|P1|semi|e9zR4mvMWw7_f7ab5b3ece274b48be57eb65bb6d4814,P1|0|e9zR4mvMWw7_f7ab5b3ece274b48be57eb65bb6d4814|semi,e9zR4mvMWw7_f7ab5b3ece274b48be57eb65bb6d4814,P1,semi,e9zR4mvMWw7,False,all_archived,10,25,0.1558252548366965,0.08926482213438736,0.6184189723320157
extended73|P1|semi|e9zR4mvMWw7_f7ab5b3ece274b48be57eb65bb6d4814,P1|0|e9zR4mvMWw7_f7ab5b3ece274b48be57eb65bb6d4814|semi,e9zR4mvMWw7_f7ab5b3ece274b48be57eb65bb6d4814,P1,semi,e9zR4mvMWw7,False,all_archived,11,25,0.14171133763261912,0.0798608695652174,0.6481739130434783
extended73|P1|semi|e9zR4mvMWw7_f7ab5b3ece274b48be57eb65bb6d4814,P1|0|e9zR4mvMWw7_f7ab5b3ece274b48be57eb65bb6d4814|semi,e9zR4mvMWw7_f7ab5b3ece274b48be57eb65bb6d4814,P1,semi,e9zR4mvMWw7,False,all_archived,12,25,0.1315112128146453,0.07144347826086957,0.676695652173913
extended73|P1|semi|e9zR4mvMWw7_f7ab5b3ece274b48be57eb65bb6d4814,P1|0|e9zR4mvMWw7_f7ab5b3ece274b48be57eb65bb6d4814|semi,e9zR4mvMWw7_f7ab5b3ece274b48be57eb65bb6d4814,P1,semi,e9zR4mvMWw7,False,all_archived,13,25,0.12139496567505723,0.06386086956521739,0.7041739130434783
extended73|P1|semi|e9zR4mvMWw7_f7ab5b3ece274b48be57eb65bb6d4814,P1|0|e9zR4mvMWw7_f7ab5b3ece274b48be57eb65bb6d4814|semi,e9zR4mvMWw7_f7ab5b3ece274b48be57eb65bb6d4814,P1,semi,e9zR4mvMWw7,False,all_archived,14,25,0.11134462242562929,0.056973913043478264,0.7307826086956523
extended73|P1|semi|e9zR4mvMWw7_f7ab5b3ece274b48be57eb65bb6d4814,P1|0|e9zR4mvMWw7_f7ab5b3ece274b48be57eb65bb6d4814|semi,e9zR4mvMWw7_f7ab5b3ece274b48be57eb65bb6d4814,P1,semi,e9zR4mvMWw7,False,all_archived,15,25,0.10388350322446432,0.05065612648221344,0.7566798418972333
extended73|P1|semi|e9zR4mvMWw7_f7ab5b3ece274b48be57eb65bb6d4814,P1|0|e9zR4mvMWw7_f7ab5b3ece274b48be57eb65bb6d4814|semi,e9zR4mvMWw7_f7ab5b3ece274b48be57eb65bb6d4814,P1,semi,e9zR4mvMWw7,False,all_archived,16,25,0.09572839608903681,0.04479367588932806,0.78200790513834
extended73|P1|semi|e9zR4mvMWw7_f7ab5b3ece274b48be57eb65bb6d4814,P1|0|e9zR4mvMWw7_f7ab5b3ece274b48be57eb65bb6d4814|semi,e9zR4mvMWw7_f7ab5b3ece274b48be57eb65bb6d4814,P1,semi,e9zR4mvMWw7,False,all_archived,17,25,0.08509190763469938,0.03928537549407115,0.806893280632411
extended73|P1|semi|e9zR4mvMWw7_f7ab5b3ece274b48be57eb65bb6d4814,P1|0|e9zR4mvMWw7_f7ab5b3ece274b48be57eb65bb6d4814|semi,e9zR4mvMWw7_f7ab5b3ece274b48be57eb65bb6d4814,P1,semi,e9zR4mvMWw7,False,all_archived,18,25,0.0732881214894945,0.034042687747035574,0.8314466403162054
extended73|P1|semi|e9zR4mvMWw7_f7ab5b3ece274b48be57eb65bb6d4814,P1|0|e9zR4mvMWw7_f7ab5b3ece274b48be57eb65bb6d4814|semi,e9zR4mvMWw7_f7ab5b3ece274b48be57eb65bb6d4814,P1,semi,e9zR4mvMWw7,False,all_archived,19,25,0.0656702309132515,0.028989723320158096,0.8557628458498023
extended73|P1|semi|e9zR4mvMWw7_f7ab5b3ece274b48be57eb65bb6d4814,P1|0|e9zR4mvMWw7_f7ab5b3ece274b48be57eb65bb6d4814|semi,e9zR4mvMWw7_f7ab5b3ece274b48be57eb65bb6d4814,P1,semi,e9zR4mvMWw7,False,all_archived,20,25,0.05867193675889329,0.02406324110671937,0.8799209486166009
extended73|P1|semi|e9zR4mvMWw7_f7ab5b3ece274b48be57eb65bb6d4814,P1|0|e9zR4mvMWw7_f7ab5b3ece274b48be57eb65bb6d4814|semi,e9zR4mvMWw7_f7ab5b3ece274b48be57eb65bb6d4814,P1,semi,e9zR4mvMWw7,False,current20,1,19,0.41052631578947374,0.4105263157894737,0.2
extended73|P1|semi|e9zR4mvMWw7_f7ab5b3ece274b48be57eb65bb6d4814,P1|0|e9zR4mvMWw7_f7ab5b3ece274b48be57eb65bb6d4814|semi,e9zR4mvMWw7_f7ab5b3ece274b48be57eb65bb6d4814,P1,semi,e9zR4mvMWw7,False,current20,2,19,0.3412865497076024,0.264093567251462,0.27602339181286545
extended73|P1|semi|e9zR4mvMWw7_f7ab5b3ece274b48be57eb65bb6d4814,P1|0|e9zR4mvMWw7_f7ab5b3ece274b48be57eb65bb6d4814|semi,e9zR4mvMWw7_f7ab5b3ece274b48be57eb65bb6d4814,P1,semi,e9zR4mvMWw7,False,current20,3,19,0.28165118679050566,0.22262125902992777,0.32198142414860687
extended73|P1|semi|e9zR4mvMWw7_f7ab5b3ece274b48be57eb65bb6d4814,P1|0|e9zR4mvMWw7_f7ab5b3ece274b48be57eb65bb6d4814|semi,e9zR4mvMWw7_f7ab5b3ece274b48be57eb65bb6d4814,P1,semi,e9zR4mvMWw7,False,current20,4,19,0.24462332301341588,0.20158926728586174,0.3613519091847265
extended73|P1|semi|e9zR4mvMWw7_f7ab5b3ece274b48be57eb65bb6d4814,P1|0|e9zR4mvMWw7_f7ab5b3ece274b48be57eb65bb6d4814|semi,e9zR4mvMWw7_f7ab5b3ece274b48be57eb65bb6d4814,P1,semi,e9zR4mvMWw7,False,current20,5,19,0.22449604403164775,0.184093567251462,0.3988304093567251
extended73|P1|semi|e9zR4mvMWw7_f7ab5b3ece274b48be57eb65bb6d4814,P1|0|e9zR4mvMWw7_f7ab5b3ece274b48be57eb65bb6d4814|semi,e9zR4mvMWw7_f7ab5b3ece274b48be57eb65bb6d4814,P1,semi,e9zR4mvMWw7,False,current20,6,19,0.20007223942208463,0.16771929824561402,0.43508771929824563
extended73|P1|semi|e9zR4mvMWw7_f7ab5b3ece274b48be57eb65bb6d4814,P1|0|e9zR4mvMWw7_f7ab5b3ece274b48be57eb65bb6d4814|semi,e9zR4mvMWw7_f7ab5b3ece274b48be57eb65bb6d4814,P1,semi,e9zR4mvMWw7,False,current20,7,19,0.1814757481940144,0.15228070175438596,0.47017543859649125
extended73|P1|semi|e9zR4mvMWw7_f7ab5b3ece274b48be57eb65bb6d4814,P1|0|e9zR4mvMWw7_f7ab5b3ece274b48be57eb65bb6d4814|semi,e9zR4mvMWw7_f7ab5b3ece274b48be57eb65bb6d4814,P1,semi,e9zR4mvMWw7,False,current20,8,19,0.17486068111455108,0.13777777777777778,0.504093567251462
extended73|P1|semi|e9zR4mvMWw7_f7ab5b3ece274b48be57eb65bb6d4814,P1|0|e9zR4mvMWw7_f7ab5b3ece274b48be57eb65bb6d4814|semi,e9zR4mvMWw7_f7ab5b3ece274b48be57eb65bb6d4814,P1,semi,e9zR4mvMWw7,False,current20,9,19,0.1668455452356381,0.12421052631578948,0.536842105263158
extended73|P1|semi|e9zR4mvMWw7_f7ab5b3ece274b48be57eb65bb6d4814,P1|0|e9zR4mvMWw7_f7ab5b3ece274b48be57eb65bb6d4814|semi,e9zR4mvMWw7_f7ab5b3ece274b48be57eb65bb6d4814,P1,semi,e9zR4mvMWw7,False,current20,10,19,0.15523219814241487,0.11157894736842106,0.5684210526315789
extended73|P1|semi|e9zR4mvMWw7_f7ab5b3ece274b48be57eb65bb6d4814,P1|0|e9zR4mvMWw7_f7ab5b3ece274b48be57eb65bb6d4814|semi,e9zR4mvMWw7_f7ab5b3ece274b48be57eb65bb6d4814,P1,semi,e9zR4mvMWw7,False,current20,11,19,0.14255933952528382,0.0998830409356725,0.5988304093567252
extended73|P1|semi|e9zR4mvMWw7_f7ab5b3ece274b48be57eb65bb6d4814,P1|0|e9zR4mvMWw7_f7ab5b3ece274b48be57eb65bb6d4814|semi,e9zR4mvMWw7_f7ab5b3ece274b48be57eb65bb6d4814,P1,semi,e9zR4mvMWw7,False,current20,12,19,0.13359477124183006,0.08912280701754385,0.6280701754385966
extended73|P1|semi|e9zR4mvMWw7_f7ab5b3ece274b48be57eb65bb6d4814,P1|0|e9zR4mvMWw7_f7ab5b3ece274b48be57eb65bb6d4814|semi,e9zR4mvMWw7_f7ab5b3ece274b48be57eb65bb6d4814,P1,semi,e9zR4mvMWw7,False,current20,13,19,0.12510835913312696,0.07929824561403509,0.656140350877193
extended73|P1|semi|e9zR4mvMWw7_f7ab5b3ece274b48be57eb65bb6d4814,P1|0|e9zR4mvMWw7_f7ab5b3ece274b48be57eb65bb6d4814|semi,e9zR4mvMWw7_f7ab5b3ece274b48be57eb65bb6d4814,P1,semi,e9zR4mvMWw7,False,current20,14,19,0.11726522187822498,0.0704093567251462,0.6830409356725147
extended73|P1|semi|e9zR4mvMWw7_f7ab5b3ece274b48be57eb65bb6d4814,P1|0|e9zR4mvMWw7_f7ab5b3ece274b48be57eb65bb6d4814|semi,e9zR4mvMWw7_f7ab5b3ece274b48be57eb65bb6d4814,P1,semi,e9zR4mvMWw7,False,current20,15,19,0.11157894736842108,0.06245614035087719,0.7087719298245615
extended73|P1|semi|e9zR4mvMWw7_f7ab5b3ece274b48be57eb65bb6d4814,P1|0|e9zR4mvMWw7_f7ab5b3ece274b48be57eb65bb6d4814|semi,e9zR4mvMWw7_f7ab5b3ece274b48be57eb65bb6d4814,P1,semi,e9zR4mvMWw7,False,current20,16,19,0.1073684210526316,0.05543859649122807,0.7333333333333333
extended73|P1|semi|e9zR4mvMWw7_f7ab5b3ece274b48be57eb65bb6d4814,P1|0|e9zR4mvMWw7_f7ab5b3ece274b48be57eb65bb6d4814|semi,e9zR4mvMWw7_f7ab5b3ece274b48be57eb65bb6d4814,P1,semi,e9zR4mvMWw7,False,current20,17,19,0.1031578947368421,0.049356725146198835,0.7567251461988305
extended73|P1|semi|e9zR4mvMWw7_f7ab5b3ece274b48be57eb65bb6d4814,P1|0|e9zR4mvMWw7_f7ab5b3ece274b48be57eb65bb6d4814|semi,e9zR4mvMWw7_f7ab5b3ece274b48be57eb65bb6d4814,P1,semi,e9zR4mvMWw7,False,current20,18,19,0.09894736842105264,0.04421052631578947,0.7789473684210527
extended73|P1|semi|e9zR4mvMWw7_f7ab5b3ece274b48be57eb65bb6d4814,P1|0|e9zR4mvMWw7_f7ab5b3ece274b48be57eb65bb6d4814|semi,e9zR4mvMWw7_f7ab5b3ece274b48be57eb65bb6d4814,P1,semi,e9zR4mvMWw7,False,current20,19,19,0.09473684210526317,0.04,0.8
extended73|P1|semi|q9vSo1VnCiC_a412536ff52747d3b078f66e764cf103,P1|0|q9vSo1VnCiC_a412536ff52747d3b078f66e764cf103|semi,q9vSo1VnCiC_a412536ff52747d3b078f66e764cf103,P1,semi,q9vSo1VnCiC,True,all_archived,1,26,0.2603550295857988,0.2603550295857988,0.5
extended73|P1|semi|q9vSo1VnCiC_a412536ff52747d3b078f66e764cf103,P1|0|q9vSo1VnCiC_a412536ff52747d3b078f66e764cf103|semi,q9vSo1VnCiC_a412536ff52747d3b078f66e764cf103,P1,semi,q9vSo1VnCiC,True,all_archived,2,26,0.21869822485207102,0.12497041420118345,0.6353846153846154
extended73|P1|semi|q9vSo1VnCiC_a412536ff52747d3b078f66e764cf103,P1|0|q9vSo1VnCiC_a412536ff52747d3b078f66e764cf103|semi,q9vSo1VnCiC_a412536ff52747d3b078f66e764cf103,P1,semi,q9vSo1VnCiC,True,all_archived,3,26,0.1822485207100592,0.09242603550295858,0.7030769230769232
extended73|P1|semi|q9vSo1VnCiC_a412536ff52747d3b078f66e764cf103,P1|0|q9vSo1VnCiC_a412536ff52747d3b078f66e764cf103|semi,q9vSo1VnCiC_a412536ff52747d3b078f66e764cf103,P1,semi,q9vSo1VnCiC,True,all_archived,4,26,0.1505531258039619,0.07533316182145613,0.7553177257525083
extended73|P1|semi|q9vSo1VnCiC_a412536ff52747d3b078f66e764cf103,P1|0|q9vSo1VnCiC_a412536ff52747d3b078f66e764cf103|semi,q9vSo1VnCiC_a412536ff52747d3b078f66e764cf103,P1,semi,q9vSo1VnCiC,True,all_archived,5,26,0.12317983020324157,0.06158991510162079,0.7998327759197325
extended73|P1|semi|q9vSo1VnCiC_a412536ff52747d3b078f66e764cf103,P1|0|q9vSo1VnCiC_a412536ff52747d3b078f66e764cf103|semi,q9vSo1VnCiC_a412536ff52747d3b078f66e764cf103,P1,semi,q9vSo1VnCiC,True,all_archived,6,26,0.09971700540262413,0.04985850270131207,0.8379598662207358
extended73|P1|semi|q9vSo1VnCiC_a412536ff52747d3b078f66e764cf103,P1|0|q9vSo1VnCiC_a412536ff52747d3b078f66e764cf103|semi,q9vSo1VnCiC_a412536ff52747d3b078f66e764cf103,P1,semi,q9vSo1VnCiC,True,all_archived,7,26,0.08974530486236172,0.03988680216104966,0.8703678929765886
extended73|P1|semi|q9vSo1VnCiC_a412536ff52747d3b078f66e764cf103,P1|0|q9vSo1VnCiC_a412536ff52747d3b078f66e764cf103|semi,q9vSo1VnCiC_a412536ff52747d3b078f66e764cf103,P1,semi,q9vSo1VnCiC,True,all_archived,8,26,0.0881708258296887,0.031489580653460254,0.8976588628762542
extended73|P1|semi|q9vSo1VnCiC_a412536ff52747d3b078f66e764cf103,P1|0|q9vSo1VnCiC_a412536ff52747d3b078f66e764cf103|semi,q9vSo1VnCiC_a412536ff52747d3b078f66e764cf103,P1,semi,q9vSo1VnCiC,True,all_archived,9,26,0.083972215075894,0.024491896063802417,0.9204013377926421
extended73|P1|semi|q9vSo1VnCiC_a412536ff52747d3b078f66e764cf103,P1|0|q9vSo1VnCiC_a412536ff52747d3b078f66e764cf103|semi,q9vSo1VnCiC_a412536ff52747d3b078f66e764cf103,P1,semi,q9vSo1VnCiC,True,all_archived,10,26,0.07779778749678415,0.018729096989966557,0.9391304347826087
extended73|P1|semi|q9vSo1VnCiC_a412536ff52747d3b078f66e764cf103,P1|0|q9vSo1VnCiC_a412536ff52747d3b078f66e764cf103|semi,q9vSo1VnCiC_a412536ff52747d3b078f66e764cf103,P1,semi,q9vSo1VnCiC,True,all_archived,11,26,0.07023411371237456,0.014046822742474917,0.9543478260869565
extended73|P1|semi|q9vSo1VnCiC_a412536ff52747d3b078f66e764cf103,P1|0|q9vSo1VnCiC_a412536ff52747d3b078f66e764cf103|semi,q9vSo1VnCiC_a412536ff52747d3b078f66e764cf103,P1,semi,q9vSo1VnCiC,True,all_archived,12,26,0.061806020066889615,0.010301003344481604,0.9665217391304348
extended73|P1|semi|q9vSo1VnCiC_a412536ff52747d3b078f66e764cf103,P1|0|q9vSo1VnCiC_a412536ff52747d3b078f66e764cf103|semi,q9vSo1VnCiC_a412536ff52747d3b078f66e764cf103,P1,semi,q9vSo1VnCiC,True,all_archived,13,26,0.05297658862876255,0.007357859531772576,0.9760869565217392
extended73|P1|semi|q9vSo1VnCiC_a412536ff52747d3b078f66e764cf103,P1|0|q9vSo1VnCiC_a412536ff52747d3b078f66e764cf103|semi,q9vSo1VnCiC_a412536ff52747d3b078f66e764cf103,P1,semi,q9vSo1VnCiC,True,all_archived,14,26,0.05297658862876255,0.005093902752765629,0.9834448160535116
extended73|P1|semi|q9vSo1VnCiC_a412536ff52747d3b078f66e764cf103,P1|0|q9vSo1VnCiC_a412536ff52747d3b078f66e764cf103|semi,q9vSo1VnCiC_a412536ff52747d3b078f66e764cf103,P1,semi,q9vSo1VnCiC,True,all_archived,15,26,0.05150501672240804,0.0033959351685104197,0.9889632107023412
extended73|P1|semi|q9vSo1VnCiC_a412536ff52747d3b078f66e764cf103,P1|0|q9vSo1VnCiC_a412536ff52747d3b078f66e764cf103|semi,q9vSo1VnCiC_a412536ff52747d3b078f66e764cf103,P1,semi,q9vSo1VnCiC,True,all_archived,16,26,0.04862361718549009,0.002161049652688449,0.9929765886287625
extended73|P1|semi|q9vSo1VnCiC_a412536ff52747d3b078f66e764cf103,P1|0|q9vSo1VnCiC_a412536ff52747d3b078f66e764cf103|semi,q9vSo1VnCiC_a412536ff52747d3b078f66e764cf103,P1,semi,q9vSo1VnCiC,True,all_archived,17,26,0.04445587856959095,0.0012966297916130692,0.9957859531772575
extended73|P1|semi|q9vSo1VnCiC_a412536ff52747d3b078f66e764cf103,P1|0|q9vSo1VnCiC_a412536ff52747d3b078f66e764cf103|semi,q9vSo1VnCiC_a412536ff52747d3b078f66e764cf103,P1,semi,q9vSo1VnCiC,True,all_archived,18,26,0.039187033702083846,0.0007203498842294828,0.9976588628762542
extended73|P1|semi|q9vSo1VnCiC_a412536ff52747d3b078f66e764cf103,P1|0|q9vSo1VnCiC_a412536ff52747d3b078f66e764cf103|semi,q9vSo1VnCiC_a412536ff52747d3b078f66e764cf103,P1,semi,q9vSo1VnCiC,True,all_archived,19,26,0.03306405968613327,0.0003601749421147414,0.9988294314381271
extended73|P1|semi|q9vSo1VnCiC_a412536ff52747d3b078f66e764cf103,P1|0|q9vSo1VnCiC_a412536ff52747d3b078f66e764cf103|semi,q9vSo1VnCiC_a412536ff52747d3b078f66e764cf103,P1,semi,q9vSo1VnCiC,True,all_archived,20,26,0.029915101620787237,0.00015436068947774633,0.9994983277591973
extended73|P1|semi|q9vSo1VnCiC_a412536ff52747d3b078f66e764cf103,P1|0|q9vSo1VnCiC_a412536ff52747d3b078f66e764cf103|semi,q9vSo1VnCiC_a412536ff52747d3b078f66e764cf103,P1,semi,q9vSo1VnCiC,True,current20,1,20,0.2230769230769231,0.2230769230769231,0.5
extended73|P1|semi|q9vSo1VnCiC_a412536ff52747d3b078f66e764cf103,P1|0|q9vSo1VnCiC_a412536ff52747d3b078f66e764cf103|semi,q9vSo1VnCiC_a412536ff52747d3b078f66e764cf103,P1,semi,q9vSo1VnCiC,True,current20,2,20,0.19392712550607288,0.12834008097165991,0.5947368421052632
extended73|P1|semi|q9vSo1VnCiC_a412536ff52747d3b078f66e764cf103,P1|0|q9vSo1VnCiC_a412536ff52747d3b078f66e764cf103|semi,q9vSo1VnCiC_a412536ff52747d3b078f66e764cf103,P1,semi,q9vSo1VnCiC,True,current20,3,20,0.16639676113360324,0.11012145748987855,0.6421052631578947
extended73|P1|semi|q9vSo1VnCiC_a412536ff52747d3b078f66e764cf103,P1|0|q9vSo1VnCiC_a412536ff52747d3b078f66e764cf103|semi,q9vSo1VnCiC_a412536ff52747d3b078f66e764cf103,P1,semi,q9vSo1VnCiC,True,current20,4,20,0.14048582995951417,0.09716599190283401,0.6842105263157895
extended73|P1|semi|q9vSo1VnCiC_a412536ff52747d3b078f66e764cf103,P1|0|q9vSo1VnCiC_a412536ff52747d3b078f66e764cf103|semi,q9vSo1VnCiC_a412536ff52747d3b078f66e764cf103,P1,semi,q9vSo1VnCiC,True,current20,5,20,0.11619433198380567,0.08502024291497977,0.7236842105263157
extended73|P1|semi|q9vSo1VnCiC_a412536ff52747d3b078f66e764cf103,P1|0|q9vSo1VnCiC_a412536ff52747d3b078f66e764cf103|semi,q9vSo1VnCiC_a412536ff52747d3b078f66e764cf103,P1,semi,q9vSo1VnCiC,True,current20,6,20,0.09352226720647772,0.0736842105263158,0.7605263157894737
extended73|P1|semi|q9vSo1VnCiC_a412536ff52747d3b078f66e764cf103,P1|0|q9vSo1VnCiC_a412536ff52747d3b078f66e764cf103|semi,q9vSo1VnCiC_a412536ff52747d3b078f66e764cf103,P1,semi,q9vSo1VnCiC,True,current20,7,20,0.08299595141700404,0.06315789473684211,0.7947368421052632
extended73|P1|semi|q9vSo1VnCiC_a412536ff52747d3b078f66e764cf103,P1|0|q9vSo1VnCiC_a412536ff52747d3b078f66e764cf103|semi,q9vSo1VnCiC_a412536ff52747d3b078f66e764cf103,P1,semi,q9vSo1VnCiC,True,current20,8,20,0.08218623481781379,0.053441295546558715,0.8263157894736842
extended73|P1|semi|q9vSo1VnCiC_a412536ff52747d3b078f66e764cf103,P1|0|q9vSo1VnCiC_a412536ff52747d3b078f66e764cf103|semi,q9vSo1VnCiC_a412536ff52747d3b078f66e764cf103,P1,semi,q9vSo1VnCiC,True,current20,9,20,0.07975708502024291,0.04453441295546559,0.8552631578947368
extended73|P1|semi|q9vSo1VnCiC_a412536ff52747d3b078f66e764cf103,P1|0|q9vSo1VnCiC_a412536ff52747d3b078f66e764cf103|semi,q9vSo1VnCiC_a412536ff52747d3b078f66e764cf103,P1,semi,q9vSo1VnCiC,True,current20,10,20,0.0757085020242915,0.03643724696356275,0.881578947368421
extended73|P1|semi|q9vSo1VnCiC_a412536ff52747d3b078f66e764cf103,P1|0|q9vSo1VnCiC_a412536ff52747d3b078f66e764cf103|semi,q9vSo1VnCiC_a412536ff52747d3b078f66e764cf103,P1,semi,q9vSo1VnCiC,True,current20,11,20,0.0700404858299595,0.029149797570850206,0.9052631578947368
extended73|P1|semi|q9vSo1VnCiC_a412536ff52747d3b078f66e764cf103,P1|0|q9vSo1VnCiC_a412536ff52747d3b078f66e764cf103|semi,q9vSo1VnCiC_a412536ff52747d3b078f66e764cf103,P1,semi,q9vSo1VnCiC,True,current20,12,20,0.06275303643724695,0.022672064777327933,0.9263157894736842
extended73|P1|semi|q9vSo1VnCiC_a412536ff52747d3b078f66e764cf103,P1|0|q9vSo1VnCiC_a412536ff52747d3b078f66e764cf103|semi,q9vSo1VnCiC_a412536ff52747d3b078f66e764cf103,P1,semi,q9vSo1VnCiC,True,current20,13,20,0.05384615384615386,0.01700404858299595,0.9447368421052631
extended73|P1|semi|q9vSo1VnCiC_a412536ff52747d3b078f66e764cf103,P1|0|q9vSo1VnCiC_a412536ff52747d3b078f66e764cf103|semi,q9vSo1VnCiC_a412536ff52747d3b078f66e764cf103,P1,semi,q9vSo1VnCiC,True,current20,14,20,0.05384615384615385,0.012145748987854251,0.9605263157894737
extended73|P1|semi|q9vSo1VnCiC_a412536ff52747d3b078f66e764cf103,P1|0|q9vSo1VnCiC_a412536ff52747d3b078f66e764cf103|semi,q9vSo1VnCiC_a412536ff52747d3b078f66e764cf103,P1,semi,q9vSo1VnCiC,True,current20,15,20,0.05384615384615386,0.008097165991902834,0.9736842105263158
extended73|P1|semi|q9vSo1VnCiC_a412536ff52747d3b078f66e764cf103,P1|0|q9vSo1VnCiC_a412536ff52747d3b078f66e764cf103|semi,q9vSo1VnCiC_a412536ff52747d3b078f66e764cf103,P1,semi,q9vSo1VnCiC,True,current20,16,20,0.05384615384615385,0.004858299595141701,0.9842105263157894
extended73|P1|semi|q9vSo1VnCiC_a412536ff52747d3b078f66e764cf103,P1|0|q9vSo1VnCiC_a412536ff52747d3b078f66e764cf103|semi,q9vSo1VnCiC_a412536ff52747d3b078f66e764cf103,P1,semi,q9vSo1VnCiC,True,current20,17,20,0.05384615384615385,0.0024291497975708503,0.9921052631578947
extended73|P1|semi|q9vSo1VnCiC_a412536ff52747d3b078f66e764cf103,P1|0|q9vSo1VnCiC_a412536ff52747d3b078f66e764cf103|semi,q9vSo1VnCiC_a412536ff52747d3b078f66e764cf103,P1,semi,q9vSo1VnCiC,True,current20,18,20,0.053846153846153835,0.0008097165991902835,0.9973684210526316
extended73|P1|semi|q9vSo1VnCiC_a412536ff52747d3b078f66e764cf103,P1|0|q9vSo1VnCiC_a412536ff52747d3b078f66e764cf103|semi,q9vSo1VnCiC_a412536ff52747d3b078f66e764cf103,P1,semi,q9vSo1VnCiC,True,current20,19,20,0.05384615384615386,0.0,1.0
extended73|P1|semi|q9vSo1VnCiC_a412536ff52747d3b078f66e764cf103,P1|0|q9vSo1VnCiC_a412536ff52747d3b078f66e764cf103|semi,q9vSo1VnCiC_a412536ff52747d3b078f66e764cf103,P1,semi,q9vSo1VnCiC,True,current20,20,20,0.05384615384615386,0.0,1.0
extended73|P1|semi|rPc6DW4iMge_acbe920a0c5d4c018b1803ee9b1f331a,P1|0|rPc6DW4iMge_acbe920a0c5d4c018b1803ee9b1f331a|semi,rPc6DW4iMge_acbe920a0c5d4c018b1803ee9b1f331a,P1,semi,rPc6DW4iMge,False,all_archived,1,24,0.7638888888888891,0.7638888888888891,0.12499999999999999
extended73|P1|semi|rPc6DW4iMge_acbe920a0c5d4c018b1803ee9b1f331a,P1|0|rPc6DW4iMge_acbe920a0c5d4c018b1803ee9b1f331a|semi,rPc6DW4iMge_acbe920a0c5d4c018b1803ee9b1f331a,P1,semi,rPc6DW4iMge,False,all_archived,2,24,0.5917874396135264,0.5917874396135264,0.2246376811594204
extended73|P1|semi|rPc6DW4iMge_acbe920a0c5d4c018b1803ee9b1f331a,P1|0|rPc6DW4iMge_acbe920a0c5d4c018b1803ee9b1f331a|semi,rPc6DW4iMge_acbe920a0c5d4c018b1803ee9b1f331a,P1,semi,rPc6DW4iMge,False,all_archived,3,24,0.4855278326745717,0.46607378129117255,0.30533596837944665
extended73|P1|semi|rPc6DW4iMge_acbe920a0c5d4c018b1803ee9b1f331a,P1|0|rPc6DW4iMge_acbe920a0c5d4c018b1803ee9b1f331a|semi,rPc6DW4iMge_acbe920a0c5d4c018b1803ee9b1f331a,P1,semi,rPc6DW4iMge,False,all_archived,4,24,0.42194068009285396,0.3737687433339607,0.37191793713532834
extended73|P1|semi|rPc6DW4iMge_acbe920a0c5d4c018b1803ee9b1f331a,P1|0|rPc6DW4iMge_acbe920a0c5d4c018b1803ee9b1f331a|semi,rPc6DW4iMge_acbe920a0c5d4c018b1803ee9b1f331a,P1,semi,rPc6DW4iMge,False,all_archived,5,24,0.36359421074094983,0.3054143923709141,0.42798324863542264
extended73|P1|semi|rPc6DW4iMge_acbe920a0c5d4c018b1803ee9b1f331a,P1|0|rPc6DW4iMge_acbe920a0c5d4c018b1803ee9b1f331a|semi,rPc6DW4iMge_acbe920a0c5d4c018b1803ee9b1f331a,P1,semi,rPc6DW4iMge,False,all_archived,6,24,0.34722892953728196,0.2541866028708134,0.47620657374661957
extended73|P1|semi|rPc6DW4iMge_acbe920a0c5d4c018b1803ee9b1f331a,P1|0|rPc6DW4iMge_acbe920a0c5d4c018b1803ee9b1f331a|semi,rPc6DW4iMge_acbe920a0c5d4c018b1803ee9b1f331a,P1,semi,rPc6DW4iMge,False,all_archived,7,24,0.3246332749693734,0.21520265584910897,0.5185710075584217
extended73|P1|semi|rPc6DW4iMge_acbe920a0c5d4c018b1803ee9b1f331a,P1|0|rPc6DW4iMge_acbe920a0c5d4c018b1803ee9b1f331a|semi,rPc6DW4iMge_acbe920a0c5d4c018b1803ee9b1f331a,P1,semi,rPc6DW4iMge,False,all_archived,8,24,0.29239171224970123,0.18498944893816344,0.5565479468259116
extended73|P1|semi|rPc6DW4iMge_acbe920a0c5d4c018b1803ee9b1f331a,P1|0|rPc6DW4iMge_acbe920a0c5d4c018b1803ee9b1f331a|semi,rPc6DW4iMge_acbe920a0c5d4c018b1803ee9b1f331a,P1,semi,rPc6DW4iMge,False,all_archived,9,24,0.2694379902470661,0.16108220319020053,0.5912334685018172
extended73|P1|semi|rPc6DW4iMge_acbe920a0c5d4c018b1803ee9b1f331a,P1|0|rPc6DW4iMge_acbe920a0c5d4c018b1803ee9b1f331a|semi,rPc6DW4iMge_acbe920a0c5d4c018b1803ee9b1f331a,P1,semi,rPc6DW4iMge,False,all_archived,10,24,0.2468344690001373,0.14172756726641839,0.6234499091398574
extended73|P1|semi|rPc6DW4iMge_acbe920a0c5d4c018b1803ee9b1f331a,P1|0|rPc6DW4iMge_acbe920a0c5d4c018b1803ee9b1f331a|semi,rPc6DW4iMge_acbe920a0c5d4c018b1803ee9b1f331a,P1,semi,rPc6DW4iMge,False,all_archived,11,24,0.23160990177917087,0.12566874814380366,0.6538201021255183
extended73|P1|semi|rPc6DW4iMge_acbe920a0c5d4c018b1803ee9b1f331a,P1|0|rPc6DW4iMge_acbe920a0c5d4c018b1803ee9b1f331a|semi,rPc6DW4iMge_acbe920a0c5d4c018b1803ee9b1f331a,P1,semi,rPc6DW4iMge,False,all_archived,12,24,0.21698067098693027,0.11199373914325454,0.6828205824663962
extended73|P1|semi|rPc6DW4iMge_acbe920a0c5d4c018b1803ee9b1f331a,P1|0|rPc6DW4iMge_acbe920a0c5d4c018b1803ee9b1f331a|semi,rPc6DW4iMge_acbe920a0c5d4c018b1803ee9b1f331a,P1,semi,rPc6DW4iMge,False,all_archived,13,24,0.19597760919775992,0.10003087094868458,0.71081901725221
extended73|P1|semi|rPc6DW4iMge_acbe920a0c5d4c018b1803ee9b1f331a,P1|0|rPc6DW4iMge_acbe920a0c5d4c018b1803ee9b1f331a|semi,rPc6DW4iMge_acbe920a0c5d4c018b1803ee9b1f331a,P1,semi,rPc6DW4iMge,False,all_archived,14,24,0.17631033500009805,0.08927877934684034,0.7381001638745781
extended73|P1|semi|rPc6DW4iMge_acbe920a0c5d4c018b1803ee9b1f331a,P1|0|rPc6DW4iMge_acbe920a0c5d4c018b1803ee9b1f331a|semi,rPc6DW4iMge_acbe920a0c5d4c018b1803ee9b1f331a,P1,semi,rPc6DW4iMge,False,all_archived,15,24,0.1616627941482397,0.0793604646716186,0.7648837976786305
extended73|P1|semi|rPc6DW4iMge_acbe920a0c5d4c018b1803ee9b1f331a,P1|0|rPc6DW4iMge_acbe920a0c5d4c018b1803ee9b1f331a|semi,rPc6DW4iMge_acbe920a0c5d4c018b1803ee9b1f331a,P1,semi,rPc6DW4iMge,False,all_archived,16,24,0.14619585612485064,0.06999341238471674,0.7913372859025035
extended73|P1|semi|rPc6DW4iMge_acbe920a0c5d4c018b1803ee9b1f331a,P1|0|rPc6DW4iMge_acbe920a0c5d4c018b1803ee9b1f331a|semi,rPc6DW4iMge_acbe920a0c5d4c018b1803ee9b1f331a,P1,semi,rPc6DW4iMge,False,all_archived,17,24,0.13367252498738902,0.06096975186649099,0.8175848155467719
extended73|P1|semi|rPc6DW4iMge_acbe920a0c5d4c018b1803ee9b1f331a,P1|0|rPc6DW4iMge_acbe920a0c5d4c018b1803ee9b1f331a|semi,rPc6DW4iMge_acbe920a0c5d4c018b1803ee9b1f331a,P1,semi,rPc6DW4iMge,False,all_archived,18,24,0.11574297651242733,0.05214215132693393,0.8437147092038396
extended73|P1|semi|rPc6DW4iMge_acbe920a0c5d4c018b1803ee9b1f331a,P1|0|rPc6DW4iMge_acbe920a0c5d4c018b1803ee9b1f331a|semi,rPc6DW4iMge_acbe920a0c5d4c018b1803ee9b1f331a,P1,semi,rPc6DW4iMge,False,all_archived,19,24,0.09568268703709205,0.043412580776711215,0.8697857848673067
extended73|P1|semi|rPc6DW4iMge_acbe920a0c5d4c018b1803ee9b1f331a,P1|0|rPc6DW4iMge_acbe920a0c5d4c018b1803ee9b1f331a|semi,rPc6DW4iMge_acbe920a0c5d4c018b1803ee9b1f331a,P1,semi,rPc6DW4iMge,False,all_archived,20,24,0.08438813601857083,0.034722222222222224,0.8958333333333333
extended73|P1|semi|rPc6DW4iMge_acbe920a0c5d4c018b1803ee9b1f331a,P1|0|rPc6DW4iMge_acbe920a0c5d4c018b1803ee9b1f331a|semi,rPc6DW4iMge_acbe920a0c5d4c018b1803ee9b1f331a,P1,semi,rPc6DW4iMge,False,current20,1,18,0.773148148148148,0.7731481481481481,0.125
extended73|P1|semi|rPc6DW4iMge_acbe920a0c5d4c018b1803ee9b1f331a,P1|0|rPc6DW4iMge_acbe920a0c5d4c018b1803ee9b1f331a|semi,rPc6DW4iMge_acbe920a0c5d4c018b1803ee9b1f331a,P1,semi,rPc6DW4iMge,False,current20,2,18,0.6072984749455339,0.6072984749455337,0.22712418300653597
extended73|P1|semi|rPc6DW4iMge_acbe920a0c5d4c018b1803ee9b1f331a,P1|0|rPc6DW4iMge_acbe920a0c5d4c018b1803ee9b1f331a|semi,rPc6DW4iMge_acbe920a0c5d4c018b1803ee9b1f331a,P1,semi,rPc6DW4iMge,False,current20,3,18,0.5050040849673203,0.48534517973856206,0.3123468137254901
extended73|P1|semi|rPc6DW4iMge_acbe920a0c5d4c018b1803ee9b1f331a,P1|0|rPc6DW4iMge_acbe920a0c5d4c018b1803ee9b1f331a|semi,rPc6DW4iMge_acbe920a0c5d4c018b1803ee9b1f331a,P1,semi,rPc6DW4iMge,False,current20,4,18,0.4417211328976035,0.3945397603485838,0.385171568627451
extended73|P1|semi|rPc6DW4iMge_acbe920a0c5d4c018b1803ee9b1f331a,P1|0|rPc6DW4iMge_acbe920a0c5d4c018b1803ee9b1f331a|semi,rPc6DW4iMge_acbe920a0c5d4c018b1803ee9b1f331a,P1,semi,rPc6DW4iMge,False,current20,5,18,0.380187908496732,0.32557189542483667,0.448937908496732
extended73|P1|semi|rPc6DW4iMge_acbe920a0c5d4c018b1803ee9b1f331a,P1|0|rPc6DW4iMge_acbe920a0c5d4c018b1803ee9b1f331a|semi,rPc6DW4iMge_acbe920a0c5d4c018b1803ee9b1f331a,P1,semi,rPc6DW4iMge,False,current20,6,18,0.36122109100050276,0.27179172951231784,0.5060803167420815
extended73|P1|semi|rPc6DW4iMge_acbe920a0c5d4c018b1803ee9b1f331a,P1|0|rPc6DW4iMge_acbe920a0c5d4c018b1803ee9b1f331a|semi,rPc6DW4iMge_acbe920a0c5d4c018b1803ee9b1f331a,P1,semi,rPc6DW4iMge,False,current20,7,18,0.3370386081783141,0.2285617772750126,0.5583443313222725
extended73|P1|semi|rPc6DW4iMge_acbe920a0c5d4c018b1803ee9b1f331a,P1|0|rPc6DW4iMge_acbe920a0c5d4c018b1803ee9b1f331a|semi,rPc6DW4iMge_acbe920a0c5d4c018b1803ee9b1f331a,P1,semi,rPc6DW4iMge,False,current20,8,18,0.3033559577677225,0.19272666331489857,0.6069632981397688
extended73|P1|semi|rPc6DW4iMge_acbe920a0c5d4c018b1803ee9b1f331a,P1|0|rPc6DW4iMge_acbe920a0c5d4c018b1803ee9b1f331a|semi,rPc6DW4iMge_acbe920a0c5d4c018b1803ee9b1f331a,P1,semi,rPc6DW4iMge,False,current20,9,18,0.27958144796380097,0.16218891402714933,0.6527997737556561
extended73|P1|semi|rPc6DW4iMge_acbe920a0c5d4c018b1803ee9b1f331a,P1|0|rPc6DW4iMge_acbe920a0c5d4c018b1803ee9b1f331a|semi,rPc6DW4iMge_acbe920a0c5d4c018b1803ee9b1f331a,P1,semi,rPc6DW4iMge,False,current20,10,18,0.25400536282889224,0.1355790179319591,0.6964555052790345
extended73|P1|semi|rPc6DW4iMge_acbe920a0c5d4c018b1803ee9b1f331a,P1|0|rPc6DW4iMge_acbe920a0c5d4c018b1803ee9b1f331a|semi,rPc6DW4iMge_acbe920a0c5d4c018b1803ee9b1f331a,P1,semi,rPc6DW4iMge,False,current20,11,18,0.23579950142450137,0.11200797092341211,0.7383539152840624
extended73|P1|semi|rPc6DW4iMge_acbe920a0c5d4c018b1803ee9b1f331a,P1|0|rPc6DW4iMge_acbe920a0c5d4c018b1803ee9b1f331a|semi,rPc6DW4iMge_acbe920a0c5d4c018b1803ee9b1f331a,P1,semi,rPc6DW4iMge,False,current20,12,18,0.2195984162895928,0.090890522875817,0.7787990196078433
extended73|P1|semi|rPc6DW4iMge_acbe920a0c5d4c018b1803ee9b1f331a,P1|0|rPc6DW4iMge_acbe920a0c5d4c018b1803ee9b1f331a|semi,rPc6DW4iMge_acbe920a0c5d4c018b1803ee9b1f331a,P1,semi,rPc6DW4iMge,False,current20,13,18,0.19704992039550864,0.07182734204793027,0.818014705882353
extended73|P1|semi|rPc6DW4iMge_acbe920a0c5d4c018b1803ee9b1f331a,P1|0|rPc6DW4iMge_acbe920a0c5d4c018b1803ee9b1f331a|semi,rPc6DW4iMge_acbe920a0c5d4c018b1803ee9b1f331a,P1,semi,rPc6DW4iMge,False,current20,14,18,0.17758714596949887,0.0545343137254902,0.8561683006535947
extended73|P1|semi|rPc6DW4iMge_acbe920a0c5d4c018b1803ee9b1f331a,P1|0|rPc6DW4iMge_acbe920a0c5d4c018b1803ee9b1f331a|semi,rPc6DW4iMge_acbe920a0c5d4c018b1803ee9b1f331a,P1,semi,rPc6DW4iMge,False,current20,15,18,0.16051879084967324,0.03880718954248366,0.8933823529411764
extended73|P1|semi|rPc6DW4iMge_acbe920a0c5d4c018b1803ee9b1f331a,P1|0|rPc6DW4iMge_acbe920a0c5d4c018b1803ee9b1f331a|semi,rPc6DW4iMge_acbe920a0c5d4c018b1803ee9b1f331a,P1,semi,rPc6DW4iMge,False,current20,16,18,0.1398420479302832,0.024509803921568627,0.9297385620915033
extended73|P1|semi|rPc6DW4iMge_acbe920a0c5d4c018b1803ee9b1f331a,P1|0|rPc6DW4iMge_acbe920a0c5d4c018b1803ee9b1f331a|semi,rPc6DW4iMge_acbe920a0c5d4c018b1803ee9b1f331a,P1,semi,rPc6DW4iMge,False,current20,17,18,0.12445533769063179,0.011574074074074073,0.9652777777777779
extended73|P1|semi|rPc6DW4iMge_acbe920a0c5d4c018b1803ee9b1f331a,P1|0|rPc6DW4iMge_acbe920a0c5d4c018b1803ee9b1f331a|semi,rPc6DW4iMge_acbe920a0c5d4c018b1803ee9b1f331a,P1,semi,rPc6DW4iMge,False,current20,18,18,0.09722222222222224,0.0,1.0
extended73|P1|semi|uNb9QFRL6hY_aed830f085ee4ad88ef6bed7f66f1359,P1|0|uNb9QFRL6hY_aed830f085ee4ad88ef6bed7f66f1359|semi,uNb9QFRL6hY_aed830f085ee4ad88ef6bed7f66f1359,P1,semi,uNb9QFRL6hY,True,all_archived,1,26,0.27514792899408286,0.27514792899408286,0.24999999999999997
extended73|P1|semi|uNb9QFRL6hY_aed830f085ee4ad88ef6bed7f66f1359,P1|0|uNb9QFRL6hY_aed830f085ee4ad88ef6bed7f66f1359|semi,uNb9QFRL6hY_aed830f085ee4ad88ef6bed7f66f1359,P1,semi,uNb9QFRL6hY,True,all_archived,2,26,0.2456804733727811,0.1519526627218935,0.32153846153846155
extended73|P1|semi|uNb9QFRL6hY_aed830f085ee4ad88ef6bed7f66f1359,P1|0|uNb9QFRL6hY_aed830f085ee4ad88ef6bed7f66f1359|semi,uNb9QFRL6hY_aed830f085ee4ad88ef6bed7f66f1359,P1,semi,uNb9QFRL6hY,True,all_archived,3,26,0.21905325443786983,0.12923076923076923,0.36269230769230776
extended73|P1|semi|uNb9QFRL6hY_aed830f085ee4ad88ef6bed7f66f1359,P1|0|uNb9QFRL6hY_aed830f085ee4ad88ef6bed7f66f1359|semi,uNb9QFRL6hY_aed830f085ee4ad88ef6bed7f66f1359,P1,semi,uNb9QFRL6hY,True,all_archived,4,26,0.1950398765114484,0.11981991252894264,0.3992140468227424
extended73|P1|semi|uNb9QFRL6hY_aed830f085ee4ad88ef6bed7f66f1359,P1|0|uNb9QFRL6hY_aed830f085ee4ad88ef6bed7f66f1359|semi,uNb9QFRL6hY_aed830f085ee4ad88ef6bed7f66f1359,P1,semi,uNb9QFRL6hY,True,all_archived,5,26,0.173424234628248,0.11183431952662723,0.4346153846153846
extended73|P1|semi|uNb9QFRL6hY_aed830f085ee4ad88ef6bed7f66f1359,P1|0|uNb9QFRL6hY_aed830f085ee4ad88ef6bed7f66f1359|semi,uNb9QFRL6hY_aed830f085ee4ad88ef6bed7f66f1359,P1,semi,uNb9QFRL6hY,True,all_archived,6,26,0.15400051453563157,0.10414201183431954,0.46923076923076923
extended73|P1|semi|uNb9QFRL6hY_aed830f085ee4ad88ef6bed7f66f1359,P1|0|uNb9QFRL6hY_aed830f085ee4ad88ef6bed7f66f1359|semi,uNb9QFRL6hY_aed830f085ee4ad88ef6bed7f66f1359,P1,semi,uNb9QFRL6hY,True,all_archived,7,26,0.14155904296372523,0.0966863905325444,0.5030769230769231
extended73|P1|semi|uNb9QFRL6hY_aed830f085ee4ad88ef6bed7f66f1359,P1|0|uNb9QFRL6hY_aed830f085ee4ad88ef6bed7f66f1359|semi,uNb9QFRL6hY_aed830f085ee4ad88ef6bed7f66f1359,P1,semi,uNb9QFRL6hY,True,all_archived,8,26,0.13355286853614612,0.08946745562130178,0.5361538461538462
extended73|P1|semi|uNb9QFRL6hY_aed830f085ee4ad88ef6bed7f66f1359,P1|0|uNb9QFRL6hY_aed830f085ee4ad88ef6bed7f66f1359|semi,uNb9QFRL6hY_aed830f085ee4ad88ef6bed7f66f1359,P1,semi,uNb9QFRL6hY,True,all_archived,9,26,0.1244713146385387,0.08248520710059172,0.5684615384615385
extended73|P1|semi|uNb9QFRL6hY_aed830f085ee4ad88ef6bed7f66f1359,P1|0|uNb9QFRL6hY_aed830f085ee4ad88ef6bed7f66f1359|semi,uNb9QFRL6hY_aed830f085ee4ad88ef6bed7f66f1359,P1,semi,uNb9QFRL6hY,True,all_archived,10,26,0.1146385387188063,0.07573964497041422,0.6
extended73|P1|semi|uNb9QFRL6hY_aed830f085ee4ad88ef6bed7f66f1359,P1|0|uNb9QFRL6hY_aed830f085ee4ad88ef6bed7f66f1359|semi,uNb9QFRL6hY_aed830f085ee4ad88ef6bed7f66f1359,P1,semi,uNb9QFRL6hY,True,all_archived,11,26,0.10434782608695652,0.06923076923076923,0.6307692307692307
extended73|P1|semi|uNb9QFRL6hY_aed830f085ee4ad88ef6bed7f66f1359,P1|0|uNb9QFRL6hY_aed830f085ee4ad88ef6bed7f66f1359|semi,uNb9QFRL6hY_aed830f085ee4ad88ef6bed7f66f1359,P1,semi,uNb9QFRL6hY,True,all_archived,12,26,0.0938615899151016,0.06295857988165682,0.6607692307692308
extended73|P1|semi|uNb9QFRL6hY_aed830f085ee4ad88ef6bed7f66f1359,P1|0|uNb9QFRL6hY_aed830f085ee4ad88ef6bed7f66f1359|semi,uNb9QFRL6hY_aed830f085ee4ad88ef6bed7f66f1359,P1,semi,uNb9QFRL6hY,True,all_archived,13,26,0.0834113712374582,0.05692307692307692,0.69
extended73|P1|semi|uNb9QFRL6hY_aed830f085ee4ad88ef6bed7f66f1359,P1|0|uNb9QFRL6hY_aed830f085ee4ad88ef6bed7f66f1359|semi,uNb9QFRL6hY_aed830f085ee4ad88ef6bed7f66f1359,P1,semi,uNb9QFRL6hY,True,all_archived,14,26,0.08045279135580138,0.05112426035502959,0.7184615384615384
extended73|P1|semi|uNb9QFRL6hY_aed830f085ee4ad88ef6bed7f66f1359,P1|0|uNb9QFRL6hY_aed830f085ee4ad88ef6bed7f66f1359|semi,uNb9QFRL6hY_aed830f085ee4ad88ef6bed7f66f1359,P1,semi,uNb9QFRL6hY,True,all_archived,15,26,0.0765217391304348,0.045562130177514794,0.7461538461538462
extended73|P1|semi|uNb9QFRL6hY_aed830f085ee4ad88ef6bed7f66f1359,P1|0|uNb9QFRL6hY_aed830f085ee4ad88ef6bed7f66f1359|semi,uNb9QFRL6hY_aed830f085ee4ad88ef6bed7f66f1359,P1,semi,uNb9QFRL6hY,True,all_archived,16,26,0.07164908669925392,0.040236686390532544,0.7730769230769231
extended73|P1|semi|uNb9QFRL6hY_aed830f085ee4ad88ef6bed7f66f1359,P1|0|uNb9QFRL6hY_aed830f085ee4ad88ef6bed7f66f1359|semi,uNb9QFRL6hY_aed830f085ee4ad88ef6bed7f66f1359,P1,semi,uNb9QFRL6hY,True,all_archived,17,26,0.0658965783380499,0.03514792899408284,0.7992307692307692
extended73|P1|semi|uNb9QFRL6hY_aed830f085ee4ad88ef6bed7f66f1359,P1|0|uNb9QFRL6hY_aed830f085ee4ad88ef6bed7f66f1359|semi,uNb9QFRL6hY_aed830f085ee4ad88ef6bed7f66f1359,P1,semi,uNb9QFRL6hY,True,all_archived,18,26,0.059356830460509366,0.030295857988165684,0.8246153846153847
extended73|P1|semi|uNb9QFRL6hY_aed830f085ee4ad88ef6bed7f66f1359,P1|0|uNb9QFRL6hY_aed830f085ee4ad88ef6bed7f66f1359|semi,uNb9QFRL6hY_aed830f085ee4ad88ef6bed7f66f1359,P1,semi,uNb9QFRL6hY,True,all_archived,19,26,0.05215333161821456,0.025680473372781065,0.8492307692307692
extended73|P1|semi|uNb9QFRL6hY_aed830f085ee4ad88ef6bed7f66f1359,P1|0|uNb9QFRL6hY_aed830f085ee4ad88ef6bed7f66f1359|semi,uNb9QFRL6hY_aed830f085ee4ad88ef6bed7f66f1359,P1,semi,uNb9QFRL6hY,True,all_archived,20,26,0.04620015436068947,0.021301775147928994,0.8730769230769231
extended73|P1|semi|uNb9QFRL6hY_aed830f085ee4ad88ef6bed7f66f1359,P1|0|uNb9QFRL6hY_aed830f085ee4ad88ef6bed7f66f1359|semi,uNb9QFRL6hY_aed830f085ee4ad88ef6bed7f66f1359,P1,semi,uNb9QFRL6hY,True,current20,1,20,0.2730769230769231,0.2730769230769231,0.25
extended73|P1|semi|uNb9QFRL6hY_aed830f085ee4ad88ef6bed7f66f1359,P1|0|uNb9QFRL6hY_aed830f085ee4ad88ef6bed7f66f1359|semi,uNb9QFRL6hY_aed830f085ee4ad88ef6bed7f66f1359,P1,semi,uNb9QFRL6hY,True,current20,2,20,0.24473684210526314,0.15182186234817813,0.32105263157894737
extended73|P1|semi|uNb9QFRL6hY_aed830f085ee4ad88ef6bed7f66f1359,P1|0|uNb9QFRL6hY_aed830f085ee4ad88ef6bed7f66f1359|semi,uNb9QFRL6hY_aed830f085ee4ad88ef6bed7f66f1359,P1,semi,uNb9QFRL6hY,True,current20,3,20,0.2186909581646424,0.1315114709851552,0.362280701754386
extended73|P1|semi|uNb9QFRL6hY_aed830f085ee4ad88ef6bed7f66f1359,P1|0|uNb9QFRL6hY_aed830f085ee4ad88ef6bed7f66f1359|semi,uNb9QFRL6hY_aed830f085ee4ad88ef6bed7f66f1359,P1,semi,uNb9QFRL6hY,True,current20,4,20,0.19480431848852903,0.12307692307692308,0.39999999999999997
extended73|P1|semi|uNb9QFRL6hY_aed830f085ee4ad88ef6bed7f66f1359,P1|0|uNb9QFRL6hY_aed830f085ee4ad88ef6bed7f66f1359|semi,uNb9QFRL6hY_aed830f085ee4ad88ef6bed7f66f1359,P1,semi,uNb9QFRL6hY,True,current20,5,20,0.17294197031039132,0.11538461538461539,0.4375
extended73|P1|semi|uNb9QFRL6hY_aed830f085ee4ad88ef6bed7f66f1359,P1|0|uNb9QFRL6hY_aed830f085ee4ad88ef6bed7f66f1359|semi,uNb9QFRL6hY_aed830f085ee4ad88ef6bed7f66f1359,P1,semi,uNb9QFRL6hY,True,current20,6,20,0.15296896086369768,0.1076923076923077,0.47500000000000003
extended73|P1|semi|uNb9QFRL6hY_aed830f085ee4ad88ef6bed7f66f1359,P1|0|uNb9QFRL6hY_aed830f085ee4ad88ef6bed7f66f1359|semi,uNb9QFRL6hY_aed830f085ee4ad88ef6bed7f66f1359,P1,semi,uNb9QFRL6hY,True,current20,7,20,0.14001349527665316,0.1,0.5125000000000001
extended73|P1|semi|uNb9QFRL6hY_aed830f085ee4ad88ef6bed7f66f1359,P1|0|uNb9QFRL6hY_aed830f085ee4ad88ef6bed7f66f1359|semi,uNb9QFRL6hY_aed830f085ee4ad88ef6bed7f66f1359,P1,semi,uNb9QFRL6hY,True,current20,8,20,0.1315114709851552,0.09230769230769231,0.5499999999999999
extended73|P1|semi|uNb9QFRL6hY_aed830f085ee4ad88ef6bed7f66f1359,P1|0|uNb9QFRL6hY_aed830f085ee4ad88ef6bed7f66f1359|semi,uNb9QFRL6hY_aed830f085ee4ad88ef6bed7f66f1359,P1,semi,uNb9QFRL6hY,True,current20,9,20,0.12159244264507421,0.08461538461538462,0.5874999999999999
extended73|P1|semi|uNb9QFRL6hY_aed830f085ee4ad88ef6bed7f66f1359,P1|0|uNb9QFRL6hY_aed830f085ee4ad88ef6bed7f66f1359|semi,uNb9QFRL6hY_aed830f085ee4ad88ef6bed7f66f1359,P1,semi,uNb9QFRL6hY,True,current20,10,20,0.1105263157894737,0.07692307692307693,0.625
extended73|P1|semi|uNb9QFRL6hY_aed830f085ee4ad88ef6bed7f66f1359,P1|0|uNb9QFRL6hY_aed830f085ee4ad88ef6bed7f66f1359|semi,uNb9QFRL6hY_aed830f085ee4ad88ef6bed7f66f1359,P1,semi,uNb9QFRL6hY,True,current20,11,20,0.098582995951417,0.06923076923076923,0.6625000000000001
extended73|P1|semi|uNb9QFRL6hY_aed830f085ee4ad88ef6bed7f66f1359,P1|0|uNb9QFRL6hY_aed830f085ee4ad88ef6bed7f66f1359|semi,uNb9QFRL6hY_aed830f085ee4ad88ef6bed7f66f1359,P1,semi,uNb9QFRL6hY,True,current20,12,20,0.08603238866396758,0.06153846153846154,0.7000000000000001
extended73|P1|semi|uNb9QFRL6hY_aed830f085ee4ad88ef6bed7f66f1359,P1|0|uNb9QFRL6hY_aed830f085ee4ad88ef6bed7f66f1359|semi,uNb9QFRL6hY_aed830f085ee4ad88ef6bed7f66f1359,P1,semi,uNb9QFRL6hY,True,current20,13,20,0.07314439946018894,0.05384615384615385,0.7374999999999999
extended73|P1|semi|uNb9QFRL6hY_aed830f085ee4ad88ef6bed7f66f1359,P1|0|uNb9QFRL6hY_aed830f085ee4ad88ef6bed7f66f1359|semi,uNb9QFRL6hY_aed830f085ee4ad88ef6bed7f66f1359,P1,semi,uNb9QFRL6hY,True,current20,14,20,0.06929824561403508,0.046153846153846156,0.7749999999999999
extended73|P1|semi|uNb9QFRL6hY_aed830f085ee4ad88ef6bed7f66f1359,P1|0|uNb9QFRL6hY_aed830f085ee4ad88ef6bed7f66f1359|semi,uNb9QFRL6hY_aed830f085ee4ad88ef6bed7f66f1359,P1,semi,uNb9QFRL6hY,True,current20,15,20,0.0645748987854251,0.038461538461538464,0.8125
extended73|P1|semi|uNb9QFRL6hY_aed830f085ee4ad88ef6bed7f66f1359,P1|0|uNb9QFRL6hY_aed830f085ee4ad88ef6bed7f66f1359|semi,uNb9QFRL6hY_aed830f085ee4ad88ef6bed7f66f1359,P1,semi,uNb9QFRL6hY,True,current20,16,20,0.058839406207827266,0.03076923076923077,0.8500000000000001
extended73|P1|semi|uNb9QFRL6hY_aed830f085ee4ad88ef6bed7f66f1359,P1|0|uNb9QFRL6hY_aed830f085ee4ad88ef6bed7f66f1359|semi,uNb9QFRL6hY_aed830f085ee4ad88ef6bed7f66f1359,P1,semi,uNb9QFRL6hY,True,current20,17,20,0.05195681511470986,0.023076923076923078,0.8875000000000001
extended73|P1|semi|uNb9QFRL6hY_aed830f085ee4ad88ef6bed7f66f1359,P1|0|uNb9QFRL6hY_aed830f085ee4ad88ef6bed7f66f1359|semi,uNb9QFRL6hY_aed830f085ee4ad88ef6bed7f66f1359,P1,semi,uNb9QFRL6hY,True,current20,18,20,0.04379217273954113,0.015384615384615385,0.9249999999999999
extended73|P1|semi|uNb9QFRL6hY_aed830f085ee4ad88ef6bed7f66f1359,P1|0|uNb9QFRL6hY_aed830f085ee4ad88ef6bed7f66f1359|semi,uNb9QFRL6hY_aed830f085ee4ad88ef6bed7f66f1359,P1,semi,uNb9QFRL6hY,True,current20,19,20,0.03421052631578948,0.007692307692307693,0.9624999999999999
extended73|P1|semi|uNb9QFRL6hY_aed830f085ee4ad88ef6bed7f66f1359,P1|0|uNb9QFRL6hY_aed830f085ee4ad88ef6bed7f66f1359|semi,uNb9QFRL6hY_aed830f085ee4ad88ef6bed7f66f1359,P1,semi,uNb9QFRL6hY,True,current20,20,20,0.026923076923076918,0.0,1.0
extended73|P1|semi|wc2JMjhGNzB_3504ff17bcae4d6c85bdc61fc3a5bf0c,P1|0|wc2JMjhGNzB_3504ff17bcae4d6c85bdc61fc3a5bf0c|semi,wc2JMjhGNzB_3504ff17bcae4d6c85bdc61fc3a5bf0c,P1,semi,wc2JMjhGNzB,True,all_archived,1,26,0.07396449704142011,0.07396449704142012,0.5
extended73|P1|semi|wc2JMjhGNzB_3504ff17bcae4d6c85bdc61fc3a5bf0c,P1|0|wc2JMjhGNzB_3504ff17bcae4d6c85bdc61fc3a5bf0c|semi,wc2JMjhGNzB_3504ff17bcae4d6c85bdc61fc3a5bf0c,P1,semi,wc2JMjhGNzB,True,all_archived,2,26,0.0710059171597633,0.03550295857988166,0.5384615384615384
extended73|P1|semi|wc2JMjhGNzB_3504ff17bcae4d6c85bdc61fc3a5bf0c,P1|0|wc2JMjhGNzB_3504ff17bcae4d6c85bdc61fc3a5bf0c|semi,wc2JMjhGNzB_3504ff17bcae4d6c85bdc61fc3a5bf0c,P1,semi,wc2JMjhGNzB,True,all_archived,3,26,0.0680473372781065,0.034023668639053255,0.5576923076923077
extended73|P1|semi|wc2JMjhGNzB_3504ff17bcae4d6c85bdc61fc3a5bf0c,P1|0|wc2JMjhGNzB_3504ff17bcae4d6c85bdc61fc3a5bf0c|semi,wc2JMjhGNzB_3504ff17bcae4d6c85bdc61fc3a5bf0c,P1,semi,wc2JMjhGNzB,True,all_archived,4,26,0.0650887573964497,0.03254437869822485,0.5769230769230769
extended73|P1|semi|wc2JMjhGNzB_3504ff17bcae4d6c85bdc61fc3a5bf0c,P1|0|wc2JMjhGNzB_3504ff17bcae4d6c85bdc61fc3a5bf0c|semi,wc2JMjhGNzB_3504ff17bcae4d6c85bdc61fc3a5bf0c,P1,semi,wc2JMjhGNzB,True,all_archived,5,26,0.06213017751479289,0.031065088757396452,0.5961538461538461
extended73|P1|semi|wc2JMjhGNzB_3504ff17bcae4d6c85bdc61fc3a5bf0c,P1|0|wc2JMjhGNzB_3504ff17bcae4d6c85bdc61fc3a5bf0c|semi,wc2JMjhGNzB_3504ff17bcae4d6c85bdc61fc3a5bf0c,P1,semi,wc2JMjhGNzB,True,all_archived,6,26,0.059171597633136085,0.02958579881656805,0.6153846153846154
extended73|P1|semi|wc2JMjhGNzB_3504ff17bcae4d6c85bdc61fc3a5bf0c,P1|0|wc2JMjhGNzB_3504ff17bcae4d6c85bdc61fc3a5bf0c|semi,wc2JMjhGNzB_3504ff17bcae4d6c85bdc61fc3a5bf0c,P1,semi,wc2JMjhGNzB,True,all_archived,7,26,0.056213017751479286,0.028106508875739646,0.6346153846153846
extended73|P1|semi|wc2JMjhGNzB_3504ff17bcae4d6c85bdc61fc3a5bf0c,P1|0|wc2JMjhGNzB_3504ff17bcae4d6c85bdc61fc3a5bf0c|semi,wc2JMjhGNzB_3504ff17bcae4d6c85bdc61fc3a5bf0c,P1,semi,wc2JMjhGNzB,True,all_archived,8,26,0.05325443786982248,0.026627218934911243,0.6538461538461539
extended73|P1|semi|wc2JMjhGNzB_3504ff17bcae4d6c85bdc61fc3a5bf0c,P1|0|wc2JMjhGNzB_3504ff17bcae4d6c85bdc61fc3a5bf0c|semi,wc2JMjhGNzB_3504ff17bcae4d6c85bdc61fc3a5bf0c,P1,semi,wc2JMjhGNzB,True,all_archived,9,26,0.05029585798816568,0.02514792899408284,0.6730769230769231
extended73|P1|semi|wc2JMjhGNzB_3504ff17bcae4d6c85bdc61fc3a5bf0c,P1|0|wc2JMjhGNzB_3504ff17bcae4d6c85bdc61fc3a5bf0c|semi,wc2JMjhGNzB_3504ff17bcae4d6c85bdc61fc3a5bf0c,P1,semi,wc2JMjhGNzB,True,all_archived,10,26,0.047337278106508875,0.02366863905325444,0.6923076923076923
extended73|P1|semi|wc2JMjhGNzB_3504ff17bcae4d6c85bdc61fc3a5bf0c,P1|0|wc2JMjhGNzB_3504ff17bcae4d6c85bdc61fc3a5bf0c|semi,wc2JMjhGNzB_3504ff17bcae4d6c85bdc61fc3a5bf0c,P1,semi,wc2JMjhGNzB,True,all_archived,11,26,0.044378698224852076,0.022189349112426034,0.7115384615384616
extended73|P1|semi|wc2JMjhGNzB_3504ff17bcae4d6c85bdc61fc3a5bf0c,P1|0|wc2JMjhGNzB_3504ff17bcae4d6c85bdc61fc3a5bf0c|semi,wc2JMjhGNzB_3504ff17bcae4d6c85bdc61fc3a5bf0c,P1,semi,wc2JMjhGNzB,True,all_archived,12,26,0.04142011834319528,0.020710059171597635,0.7307692307692308
extended73|P1|semi|wc2JMjhGNzB_3504ff17bcae4d6c85bdc61fc3a5bf0c,P1|0|wc2JMjhGNzB_3504ff17bcae4d6c85bdc61fc3a5bf0c|semi,wc2JMjhGNzB_3504ff17bcae4d6c85bdc61fc3a5bf0c,P1,semi,wc2JMjhGNzB,True,all_archived,13,26,0.03846153846153845,0.019230769230769232,0.75
extended73|P1|semi|wc2JMjhGNzB_3504ff17bcae4d6c85bdc61fc3a5bf0c,P1|0|wc2JMjhGNzB_3504ff17bcae4d6c85bdc61fc3a5bf0c|semi,wc2JMjhGNzB_3504ff17bcae4d6c85bdc61fc3a5bf0c,P1,semi,wc2JMjhGNzB,True,all_archived,14,26,0.03550295857988165,0.01775147928994083,0.7692307692307692
extended73|P1|semi|wc2JMjhGNzB_3504ff17bcae4d6c85bdc61fc3a5bf0c,P1|0|wc2JMjhGNzB_3504ff17bcae4d6c85bdc61fc3a5bf0c|semi,wc2JMjhGNzB_3504ff17bcae4d6c85bdc61fc3a5bf0c,P1,semi,wc2JMjhGNzB,True,all_archived,15,26,0.03254437869822485,0.016272189349112426,0.7884615384615384
extended73|P1|semi|wc2JMjhGNzB_3504ff17bcae4d6c85bdc61fc3a5bf0c,P1|0|wc2JMjhGNzB_3504ff17bcae4d6c85bdc61fc3a5bf0c|semi,wc2JMjhGNzB_3504ff17bcae4d6c85bdc61fc3a5bf0c,P1,semi,wc2JMjhGNzB,True,all_archived,16,26,0.02958579881656805,0.014792899408284025,0.8076923076923077
extended73|P1|semi|wc2JMjhGNzB_3504ff17bcae4d6c85bdc61fc3a5bf0c,P1|0|wc2JMjhGNzB_3504ff17bcae4d6c85bdc61fc3a5bf0c|semi,wc2JMjhGNzB_3504ff17bcae4d6c85bdc61fc3a5bf0c,P1,semi,wc2JMjhGNzB,True,all_archived,17,26,0.02662721893491125,0.013313609467455622,0.8269230769230769
extended73|P1|semi|wc2JMjhGNzB_3504ff17bcae4d6c85bdc61fc3a5bf0c,P1|0|wc2JMjhGNzB_3504ff17bcae4d6c85bdc61fc3a5bf0c|semi,wc2JMjhGNzB_3504ff17bcae4d6c85bdc61fc3a5bf0c,P1,semi,wc2JMjhGNzB,True,all_archived,18,26,0.023668639053254448,0.01183431952662722,0.8461538461538461
extended73|P1|semi|wc2JMjhGNzB_3504ff17bcae4d6c85bdc61fc3a5bf0c,P1|0|wc2JMjhGNzB_3504ff17bcae4d6c85bdc61fc3a5bf0c|semi,wc2JMjhGNzB_3504ff17bcae4d6c85bdc61fc3a5bf0c,P1,semi,wc2JMjhGNzB,True,all_archived,19,26,0.020710059171597656,0.010355029585798817,0.8653846153846154
extended73|P1|semi|wc2JMjhGNzB_3504ff17bcae4d6c85bdc61fc3a5bf0c,P1|0|wc2JMjhGNzB_3504ff17bcae4d6c85bdc61fc3a5bf0c|semi,wc2JMjhGNzB_3504ff17bcae4d6c85bdc61fc3a5bf0c,P1,semi,wc2JMjhGNzB,True,all_archived,20,26,0.017751479289940853,0.008875739644970414,0.8846153846153846
extended73|P1|semi|wc2JMjhGNzB_3504ff17bcae4d6c85bdc61fc3a5bf0c,P1|0|wc2JMjhGNzB_3504ff17bcae4d6c85bdc61fc3a5bf0c|semi,wc2JMjhGNzB_3504ff17bcae4d6c85bdc61fc3a5bf0c,P1,semi,wc2JMjhGNzB,True,current20,1,20,0.03846153846153845,0.038461538461538464,0.5
extended73|P1|semi|wc2JMjhGNzB_3504ff17bcae4d6c85bdc61fc3a5bf0c,P1|0|wc2JMjhGNzB_3504ff17bcae4d6c85bdc61fc3a5bf0c|semi,wc2JMjhGNzB_3504ff17bcae4d6c85bdc61fc3a5bf0c,P1,semi,wc2JMjhGNzB,True,current20,2,20,0.03846153846153845,0.038461538461538464,0.5
extended73|P1|semi|wc2JMjhGNzB_3504ff17bcae4d6c85bdc61fc3a5bf0c,P1|0|wc2JMjhGNzB_3504ff17bcae4d6c85bdc61fc3a5bf0c|semi,wc2JMjhGNzB_3504ff17bcae4d6c85bdc61fc3a5bf0c,P1,semi,wc2JMjhGNzB,True,current20,3,20,0.03846153846153845,0.038461538461538464,0.5
extended73|P1|semi|wc2JMjhGNzB_3504ff17bcae4d6c85bdc61fc3a5bf0c,P1|0|wc2JMjhGNzB_3504ff17bcae4d6c85bdc61fc3a5bf0c|semi,wc2JMjhGNzB_3504ff17bcae4d6c85bdc61fc3a5bf0c,P1,semi,wc2JMjhGNzB,True,current20,4,20,0.03846153846153845,0.038461538461538464,0.5
extended73|P1|semi|wc2JMjhGNzB_3504ff17bcae4d6c85bdc61fc3a5bf0c,P1|0|wc2JMjhGNzB_3504ff17bcae4d6c85bdc61fc3a5bf0c|semi,wc2JMjhGNzB_3504ff17bcae4d6c85bdc61fc3a5bf0c,P1,semi,wc2JMjhGNzB,True,current20,5,20,0.03846153846153845,0.038461538461538464,0.5
extended73|P1|semi|wc2JMjhGNzB_3504ff17bcae4d6c85bdc61fc3a5bf0c,P1|0|wc2JMjhGNzB_3504ff17bcae4d6c85bdc61fc3a5bf0c|semi,wc2JMjhGNzB_3504ff17bcae4d6c85bdc61fc3a5bf0c,P1,semi,wc2JMjhGNzB,True,current20,6,20,0.03846153846153845,0.038461538461538464,0.5
extended73|P1|semi|wc2JMjhGNzB_3504ff17bcae4d6c85bdc61fc3a5bf0c,P1|0|wc2JMjhGNzB_3504ff17bcae4d6c85bdc61fc3a5bf0c|semi,wc2JMjhGNzB_3504ff17bcae4d6c85bdc61fc3a5bf0c,P1,semi,wc2JMjhGNzB,True,current20,7,20,0.03846153846153845,0.038461538461538464,0.5
extended73|P1|semi|wc2JMjhGNzB_3504ff17bcae4d6c85bdc61fc3a5bf0c,P1|0|wc2JMjhGNzB_3504ff17bcae4d6c85bdc61fc3a5bf0c|semi,wc2JMjhGNzB_3504ff17bcae4d6c85bdc61fc3a5bf0c,P1,semi,wc2JMjhGNzB,True,current20,8,20,0.03846153846153845,0.038461538461538464,0.5
extended73|P1|semi|wc2JMjhGNzB_3504ff17bcae4d6c85bdc61fc3a5bf0c,P1|0|wc2JMjhGNzB_3504ff17bcae4d6c85bdc61fc3a5bf0c|semi,wc2JMjhGNzB_3504ff17bcae4d6c85bdc61fc3a5bf0c,P1,semi,wc2JMjhGNzB,True,current20,9,20,0.03846153846153845,0.038461538461538464,0.5
extended73|P1|semi|wc2JMjhGNzB_3504ff17bcae4d6c85bdc61fc3a5bf0c,P1|0|wc2JMjhGNzB_3504ff17bcae4d6c85bdc61fc3a5bf0c|semi,wc2JMjhGNzB_3504ff17bcae4d6c85bdc61fc3a5bf0c,P1,semi,wc2JMjhGNzB,True,current20,10,20,0.03846153846153845,0.038461538461538464,0.5
extended73|P1|semi|wc2JMjhGNzB_3504ff17bcae4d6c85bdc61fc3a5bf0c,P1|0|wc2JMjhGNzB_3504ff17bcae4d6c85bdc61fc3a5bf0c|semi,wc2JMjhGNzB_3504ff17bcae4d6c85bdc61fc3a5bf0c,P1,semi,wc2JMjhGNzB,True,current20,11,20,0.03846153846153845,0.038461538461538464,0.5
extended73|P1|semi|wc2JMjhGNzB_3504ff17bcae4d6c85bdc61fc3a5bf0c,P1|0|wc2JMjhGNzB_3504ff17bcae4d6c85bdc61fc3a5bf0c|semi,wc2JMjhGNzB_3504ff17bcae4d6c85bdc61fc3a5bf0c,P1,semi,wc2JMjhGNzB,True,current20,12,20,0.03846153846153845,0.038461538461538464,0.5
extended73|P1|semi|wc2JMjhGNzB_3504ff17bcae4d6c85bdc61fc3a5bf0c,P1|0|wc2JMjhGNzB_3504ff17bcae4d6c85bdc61fc3a5bf0c|semi,wc2JMjhGNzB_3504ff17bcae4d6c85bdc61fc3a5bf0c,P1,semi,wc2JMjhGNzB,True,current20,13,20,0.03846153846153845,0.038461538461538464,0.5
extended73|P1|semi|wc2JMjhGNzB_3504ff17bcae4d6c85bdc61fc3a5bf0c,P1|0|wc2JMjhGNzB_3504ff17bcae4d6c85bdc61fc3a5bf0c|semi,wc2JMjhGNzB_3504ff17bcae4d6c85bdc61fc3a5bf0c,P1,semi,wc2JMjhGNzB,True,current20,14,20,0.03846153846153845,0.038461538461538464,0.5
extended73|P1|semi|wc2JMjhGNzB_3504ff17bcae4d6c85bdc61fc3a5bf0c,P1|0|wc2JMjhGNzB_3504ff17bcae4d6c85bdc61fc3a5bf0c|semi,wc2JMjhGNzB_3504ff17bcae4d6c85bdc61fc3a5bf0c,P1,semi,wc2JMjhGNzB,True,current20,15,20,0.03846153846153845,0.038461538461538464,0.5
extended73|P1|semi|wc2JMjhGNzB_3504ff17bcae4d6c85bdc61fc3a5bf0c,P1|0|wc2JMjhGNzB_3504ff17bcae4d6c85bdc61fc3a5bf0c|semi,wc2JMjhGNzB_3504ff17bcae4d6c85bdc61fc3a5bf0c,P1,semi,wc2JMjhGNzB,True,current20,16,20,0.03846153846153845,0.038461538461538464,0.5
extended73|P1|semi|wc2JMjhGNzB_3504ff17bcae4d6c85bdc61fc3a5bf0c,P1|0|wc2JMjhGNzB_3504ff17bcae4d6c85bdc61fc3a5bf0c|semi,wc2JMjhGNzB_3504ff17bcae4d6c85bdc61fc3a5bf0c,P1,semi,wc2JMjhGNzB,True,current20,17,20,0.03846153846153845,0.038461538461538464,0.5
extended73|P1|semi|wc2JMjhGNzB_3504ff17bcae4d6c85bdc61fc3a5bf0c,P1|0|wc2JMjhGNzB_3504ff17bcae4d6c85bdc61fc3a5bf0c|semi,wc2JMjhGNzB_3504ff17bcae4d6c85bdc61fc3a5bf0c,P1,semi,wc2JMjhGNzB,True,current20,18,20,0.03846153846153845,0.038461538461538464,0.5
extended73|P1|semi|wc2JMjhGNzB_3504ff17bcae4d6c85bdc61fc3a5bf0c,P1|0|wc2JMjhGNzB_3504ff17bcae4d6c85bdc61fc3a5bf0c|semi,wc2JMjhGNzB_3504ff17bcae4d6c85bdc61fc3a5bf0c,P1,semi,wc2JMjhGNzB,True,current20,19,20,0.03846153846153845,0.038461538461538464,0.5
extended73|P1|semi|wc2JMjhGNzB_3504ff17bcae4d6c85bdc61fc3a5bf0c,P1|0|wc2JMjhGNzB_3504ff17bcae4d6c85bdc61fc3a5bf0c|semi,wc2JMjhGNzB_3504ff17bcae4d6c85bdc61fc3a5bf0c,P1,semi,wc2JMjhGNzB,True,current20,20,20,0.03846153846153845,0.038461538461538464,0.5
extended73|P1|semi|wc2JMjhGNzB_3848b1ba65fa49308c3d0a79f63782b3,P1|0|wc2JMjhGNzB_3848b1ba65fa49308c3d0a79f63782b3|semi,wc2JMjhGNzB_3848b1ba65fa49308c3d0a79f63782b3,P1,semi,wc2JMjhGNzB,True,all_archived,1,26,0.0,0.0,1.0
extended73|P1|semi|wc2JMjhGNzB_3848b1ba65fa49308c3d0a79f63782b3,P1|0|wc2JMjhGNzB_3848b1ba65fa49308c3d0a79f63782b3|semi,wc2JMjhGNzB_3848b1ba65fa49308c3d0a79f63782b3,P1,semi,wc2JMjhGNzB,True,all_archived,2,26,0.0,0.0,1.0
extended73|P1|semi|wc2JMjhGNzB_3848b1ba65fa49308c3d0a79f63782b3,P1|0|wc2JMjhGNzB_3848b1ba65fa49308c3d0a79f63782b3|semi,wc2JMjhGNzB_3848b1ba65fa49308c3d0a79f63782b3,P1,semi,wc2JMjhGNzB,True,all_archived,3,26,0.0,0.0,1.0
extended73|P1|semi|wc2JMjhGNzB_3848b1ba65fa49308c3d0a79f63782b3,P1|0|wc2JMjhGNzB_3848b1ba65fa49308c3d0a79f63782b3|semi,wc2JMjhGNzB_3848b1ba65fa49308c3d0a79f63782b3,P1,semi,wc2JMjhGNzB,True,all_archived,4,26,0.0,0.0,1.0
extended73|P1|semi|wc2JMjhGNzB_3848b1ba65fa49308c3d0a79f63782b3,P1|0|wc2JMjhGNzB_3848b1ba65fa49308c3d0a79f63782b3|semi,wc2JMjhGNzB_3848b1ba65fa49308c3d0a79f63782b3,P1,semi,wc2JMjhGNzB,True,all_archived,5,26,0.0,0.0,1.0
extended73|P1|semi|wc2JMjhGNzB_3848b1ba65fa49308c3d0a79f63782b3,P1|0|wc2JMjhGNzB_3848b1ba65fa49308c3d0a79f63782b3|semi,wc2JMjhGNzB_3848b1ba65fa49308c3d0a79f63782b3,P1,semi,wc2JMjhGNzB,True,all_archived,6,26,0.0,0.0,1.0
extended73|P1|semi|wc2JMjhGNzB_3848b1ba65fa49308c3d0a79f63782b3,P1|0|wc2JMjhGNzB_3848b1ba65fa49308c3d0a79f63782b3|semi,wc2JMjhGNzB_3848b1ba65fa49308c3d0a79f63782b3,P1,semi,wc2JMjhGNzB,True,all_archived,7,26,0.0,0.0,1.0
extended73|P1|semi|wc2JMjhGNzB_3848b1ba65fa49308c3d0a79f63782b3,P1|0|wc2JMjhGNzB_3848b1ba65fa49308c3d0a79f63782b3|semi,wc2JMjhGNzB_3848b1ba65fa49308c3d0a79f63782b3,P1,semi,wc2JMjhGNzB,True,all_archived,8,26,0.0,0.0,1.0
extended73|P1|semi|wc2JMjhGNzB_3848b1ba65fa49308c3d0a79f63782b3,P1|0|wc2JMjhGNzB_3848b1ba65fa49308c3d0a79f63782b3|semi,wc2JMjhGNzB_3848b1ba65fa49308c3d0a79f63782b3,P1,semi,wc2JMjhGNzB,True,all_archived,9,26,0.0,0.0,1.0
extended73|P1|semi|wc2JMjhGNzB_3848b1ba65fa49308c3d0a79f63782b3,P1|0|wc2JMjhGNzB_3848b1ba65fa49308c3d0a79f63782b3|semi,wc2JMjhGNzB_3848b1ba65fa49308c3d0a79f63782b3,P1,semi,wc2JMjhGNzB,True,all_archived,10,26,0.0,0.0,1.0
extended73|P1|semi|wc2JMjhGNzB_3848b1ba65fa49308c3d0a79f63782b3,P1|0|wc2JMjhGNzB_3848b1ba65fa49308c3d0a79f63782b3|semi,wc2JMjhGNzB_3848b1ba65fa49308c3d0a79f63782b3,P1,semi,wc2JMjhGNzB,True,all_archived,11,26,0.0,0.0,1.0
extended73|P1|semi|wc2JMjhGNzB_3848b1ba65fa49308c3d0a79f63782b3,P1|0|wc2JMjhGNzB_3848b1ba65fa49308c3d0a79f63782b3|semi,wc2JMjhGNzB_3848b1ba65fa49308c3d0a79f63782b3,P1,semi,wc2JMjhGNzB,True,all_archived,12,26,0.0,0.0,1.0
extended73|P1|semi|wc2JMjhGNzB_3848b1ba65fa49308c3d0a79f63782b3,P1|0|wc2JMjhGNzB_3848b1ba65fa49308c3d0a79f63782b3|semi,wc2JMjhGNzB_3848b1ba65fa49308c3d0a79f63782b3,P1,semi,wc2JMjhGNzB,True,all_archived,13,26,0.0,0.0,1.0
extended73|P1|semi|wc2JMjhGNzB_3848b1ba65fa49308c3d0a79f63782b3,P1|0|wc2JMjhGNzB_3848b1ba65fa49308c3d0a79f63782b3|semi,wc2JMjhGNzB_3848b1ba65fa49308c3d0a79f63782b3,P1,semi,wc2JMjhGNzB,True,all_archived,14,26,0.0,0.0,1.0
extended73|P1|semi|wc2JMjhGNzB_3848b1ba65fa49308c3d0a79f63782b3,P1|0|wc2JMjhGNzB_3848b1ba65fa49308c3d0a79f63782b3|semi,wc2JMjhGNzB_3848b1ba65fa49308c3d0a79f63782b3,P1,semi,wc2JMjhGNzB,True,all_archived,15,26,0.0,0.0,1.0
extended73|P1|semi|wc2JMjhGNzB_3848b1ba65fa49308c3d0a79f63782b3,P1|0|wc2JMjhGNzB_3848b1ba65fa49308c3d0a79f63782b3|semi,wc2JMjhGNzB_3848b1ba65fa49308c3d0a79f63782b3,P1,semi,wc2JMjhGNzB,True,all_archived,16,26,0.0,0.0,1.0
extended73|P1|semi|wc2JMjhGNzB_3848b1ba65fa49308c3d0a79f63782b3,P1|0|wc2JMjhGNzB_3848b1ba65fa49308c3d0a79f63782b3|semi,wc2JMjhGNzB_3848b1ba65fa49308c3d0a79f63782b3,P1,semi,wc2JMjhGNzB,True,all_archived,17,26,0.0,0.0,1.0
extended73|P1|semi|wc2JMjhGNzB_3848b1ba65fa49308c3d0a79f63782b3,P1|0|wc2JMjhGNzB_3848b1ba65fa49308c3d0a79f63782b3|semi,wc2JMjhGNzB_3848b1ba65fa49308c3d0a79f63782b3,P1,semi,wc2JMjhGNzB,True,all_archived,18,26,0.0,0.0,1.0
extended73|P1|semi|wc2JMjhGNzB_3848b1ba65fa49308c3d0a79f63782b3,P1|0|wc2JMjhGNzB_3848b1ba65fa49308c3d0a79f63782b3|semi,wc2JMjhGNzB_3848b1ba65fa49308c3d0a79f63782b3,P1,semi,wc2JMjhGNzB,True,all_archived,19,26,0.0,0.0,1.0
extended73|P1|semi|wc2JMjhGNzB_3848b1ba65fa49308c3d0a79f63782b3,P1|0|wc2JMjhGNzB_3848b1ba65fa49308c3d0a79f63782b3|semi,wc2JMjhGNzB_3848b1ba65fa49308c3d0a79f63782b3,P1,semi,wc2JMjhGNzB,True,all_archived,20,26,0.0,0.0,1.0
extended73|P1|semi|wc2JMjhGNzB_3848b1ba65fa49308c3d0a79f63782b3,P1|0|wc2JMjhGNzB_3848b1ba65fa49308c3d0a79f63782b3|semi,wc2JMjhGNzB_3848b1ba65fa49308c3d0a79f63782b3,P1,semi,wc2JMjhGNzB,True,current20,1,20,0.0,0.0,1.0
extended73|P1|semi|wc2JMjhGNzB_3848b1ba65fa49308c3d0a79f63782b3,P1|0|wc2JMjhGNzB_3848b1ba65fa49308c3d0a79f63782b3|semi,wc2JMjhGNzB_3848b1ba65fa49308c3d0a79f63782b3,P1,semi,wc2JMjhGNzB,True,current20,2,20,0.0,0.0,1.0
extended73|P1|semi|wc2JMjhGNzB_3848b1ba65fa49308c3d0a79f63782b3,P1|0|wc2JMjhGNzB_3848b1ba65fa49308c3d0a79f63782b3|semi,wc2JMjhGNzB_3848b1ba65fa49308c3d0a79f63782b3,P1,semi,wc2JMjhGNzB,True,current20,3,20,0.0,0.0,1.0
extended73|P1|semi|wc2JMjhGNzB_3848b1ba65fa49308c3d0a79f63782b3,P1|0|wc2JMjhGNzB_3848b1ba65fa49308c3d0a79f63782b3|semi,wc2JMjhGNzB_3848b1ba65fa49308c3d0a79f63782b3,P1,semi,wc2JMjhGNzB,True,current20,4,20,0.0,0.0,1.0
extended73|P1|semi|wc2JMjhGNzB_3848b1ba65fa49308c3d0a79f63782b3,P1|0|wc2JMjhGNzB_3848b1ba65fa49308c3d0a79f63782b3|semi,wc2JMjhGNzB_3848b1ba65fa49308c3d0a79f63782b3,P1,semi,wc2JMjhGNzB,True,current20,5,20,0.0,0.0,1.0
extended73|P1|semi|wc2JMjhGNzB_3848b1ba65fa49308c3d0a79f63782b3,P1|0|wc2JMjhGNzB_3848b1ba65fa49308c3d0a79f63782b3|semi,wc2JMjhGNzB_3848b1ba65fa49308c3d0a79f63782b3,P1,semi,wc2JMjhGNzB,True,current20,6,20,0.0,0.0,1.0
extended73|P1|semi|wc2JMjhGNzB_3848b1ba65fa49308c3d0a79f63782b3,P1|0|wc2JMjhGNzB_3848b1ba65fa49308c3d0a79f63782b3|semi,wc2JMjhGNzB_3848b1ba65fa49308c3d0a79f63782b3,P1,semi,wc2JMjhGNzB,True,current20,7,20,0.0,0.0,1.0
extended73|P1|semi|wc2JMjhGNzB_3848b1ba65fa49308c3d0a79f63782b3,P1|0|wc2JMjhGNzB_3848b1ba65fa49308c3d0a79f63782b3|semi,wc2JMjhGNzB_3848b1ba65fa49308c3d0a79f63782b3,P1,semi,wc2JMjhGNzB,True,current20,8,20,0.0,0.0,1.0
extended73|P1|semi|wc2JMjhGNzB_3848b1ba65fa49308c3d0a79f63782b3,P1|0|wc2JMjhGNzB_3848b1ba65fa49308c3d0a79f63782b3|semi,wc2JMjhGNzB_3848b1ba65fa49308c3d0a79f63782b3,P1,semi,wc2JMjhGNzB,True,current20,9,20,0.0,0.0,1.0
extended73|P1|semi|wc2JMjhGNzB_3848b1ba65fa49308c3d0a79f63782b3,P1|0|wc2JMjhGNzB_3848b1ba65fa49308c3d0a79f63782b3|semi,wc2JMjhGNzB_3848b1ba65fa49308c3d0a79f63782b3,P1,semi,wc2JMjhGNzB,True,current20,10,20,0.0,0.0,1.0
extended73|P1|semi|wc2JMjhGNzB_3848b1ba65fa49308c3d0a79f63782b3,P1|0|wc2JMjhGNzB_3848b1ba65fa49308c3d0a79f63782b3|semi,wc2JMjhGNzB_3848b1ba65fa49308c3d0a79f63782b3,P1,semi,wc2JMjhGNzB,True,current20,11,20,0.0,0.0,1.0
extended73|P1|semi|wc2JMjhGNzB_3848b1ba65fa49308c3d0a79f63782b3,P1|0|wc2JMjhGNzB_3848b1ba65fa49308c3d0a79f63782b3|semi,wc2JMjhGNzB_3848b1ba65fa49308c3d0a79f63782b3,P1,semi,wc2JMjhGNzB,True,current20,12,20,0.0,0.0,1.0
extended73|P1|semi|wc2JMjhGNzB_3848b1ba65fa49308c3d0a79f63782b3,P1|0|wc2JMjhGNzB_3848b1ba65fa49308c3d0a79f63782b3|semi,wc2JMjhGNzB_3848b1ba65fa49308c3d0a79f63782b3,P1,semi,wc2JMjhGNzB,True,current20,13,20,0.0,0.0,1.0
extended73|P1|semi|wc2JMjhGNzB_3848b1ba65fa49308c3d0a79f63782b3,P1|0|wc2JMjhGNzB_3848b1ba65fa49308c3d0a79f63782b3|semi,wc2JMjhGNzB_3848b1ba65fa49308c3d0a79f63782b3,P1,semi,wc2JMjhGNzB,True,current20,14,20,0.0,0.0,1.0
extended73|P1|semi|wc2JMjhGNzB_3848b1ba65fa49308c3d0a79f63782b3,P1|0|wc2JMjhGNzB_3848b1ba65fa49308c3d0a79f63782b3|semi,wc2JMjhGNzB_3848b1ba65fa49308c3d0a79f63782b3,P1,semi,wc2JMjhGNzB,True,current20,15,20,0.0,0.0,1.0
extended73|P1|semi|wc2JMjhGNzB_3848b1ba65fa49308c3d0a79f63782b3,P1|0|wc2JMjhGNzB_3848b1ba65fa49308c3d0a79f63782b3|semi,wc2JMjhGNzB_3848b1ba65fa49308c3d0a79f63782b3,P1,semi,wc2JMjhGNzB,True,current20,16,20,0.0,0.0,1.0
extended73|P1|semi|wc2JMjhGNzB_3848b1ba65fa49308c3d0a79f63782b3,P1|0|wc2JMjhGNzB_3848b1ba65fa49308c3d0a79f63782b3|semi,wc2JMjhGNzB_3848b1ba65fa49308c3d0a79f63782b3,P1,semi,wc2JMjhGNzB,True,current20,17,20,0.0,0.0,1.0
extended73|P1|semi|wc2JMjhGNzB_3848b1ba65fa49308c3d0a79f63782b3,P1|0|wc2JMjhGNzB_3848b1ba65fa49308c3d0a79f63782b3|semi,wc2JMjhGNzB_3848b1ba65fa49308c3d0a79f63782b3,P1,semi,wc2JMjhGNzB,True,current20,18,20,0.0,0.0,1.0
extended73|P1|semi|wc2JMjhGNzB_3848b1ba65fa49308c3d0a79f63782b3,P1|0|wc2JMjhGNzB_3848b1ba65fa49308c3d0a79f63782b3|semi,wc2JMjhGNzB_3848b1ba65fa49308c3d0a79f63782b3,P1,semi,wc2JMjhGNzB,True,current20,19,20,0.0,0.0,1.0
extended73|P1|semi|wc2JMjhGNzB_3848b1ba65fa49308c3d0a79f63782b3,P1|0|wc2JMjhGNzB_3848b1ba65fa49308c3d0a79f63782b3|semi,wc2JMjhGNzB_3848b1ba65fa49308c3d0a79f63782b3,P1,semi,wc2JMjhGNzB,True,current20,20,20,0.0,0.0,1.0
extended73|P1|semi|wc2JMjhGNzB_77962388887942148ee65c2892600e02,P1|0|wc2JMjhGNzB_77962388887942148ee65c2892600e02|semi,wc2JMjhGNzB_77962388887942148ee65c2892600e02,P1,semi,wc2JMjhGNzB,True,all_archived,1,26,0.0,0.0,1.0
extended73|P1|semi|wc2JMjhGNzB_77962388887942148ee65c2892600e02,P1|0|wc2JMjhGNzB_77962388887942148ee65c2892600e02|semi,wc2JMjhGNzB_77962388887942148ee65c2892600e02,P1,semi,wc2JMjhGNzB,True,all_archived,2,26,0.0,0.0,1.0
extended73|P1|semi|wc2JMjhGNzB_77962388887942148ee65c2892600e02,P1|0|wc2JMjhGNzB_77962388887942148ee65c2892600e02|semi,wc2JMjhGNzB_77962388887942148ee65c2892600e02,P1,semi,wc2JMjhGNzB,True,all_archived,3,26,0.0,0.0,1.0
extended73|P1|semi|wc2JMjhGNzB_77962388887942148ee65c2892600e02,P1|0|wc2JMjhGNzB_77962388887942148ee65c2892600e02|semi,wc2JMjhGNzB_77962388887942148ee65c2892600e02,P1,semi,wc2JMjhGNzB,True,all_archived,4,26,0.0,0.0,1.0
extended73|P1|semi|wc2JMjhGNzB_77962388887942148ee65c2892600e02,P1|0|wc2JMjhGNzB_77962388887942148ee65c2892600e02|semi,wc2JMjhGNzB_77962388887942148ee65c2892600e02,P1,semi,wc2JMjhGNzB,True,all_archived,5,26,0.0,0.0,1.0
extended73|P1|semi|wc2JMjhGNzB_77962388887942148ee65c2892600e02,P1|0|wc2JMjhGNzB_77962388887942148ee65c2892600e02|semi,wc2JMjhGNzB_77962388887942148ee65c2892600e02,P1,semi,wc2JMjhGNzB,True,all_archived,6,26,0.0,0.0,1.0
extended73|P1|semi|wc2JMjhGNzB_77962388887942148ee65c2892600e02,P1|0|wc2JMjhGNzB_77962388887942148ee65c2892600e02|semi,wc2JMjhGNzB_77962388887942148ee65c2892600e02,P1,semi,wc2JMjhGNzB,True,all_archived,7,26,0.0,0.0,1.0
extended73|P1|semi|wc2JMjhGNzB_77962388887942148ee65c2892600e02,P1|0|wc2JMjhGNzB_77962388887942148ee65c2892600e02|semi,wc2JMjhGNzB_77962388887942148ee65c2892600e02,P1,semi,wc2JMjhGNzB,True,all_archived,8,26,0.0,0.0,1.0
extended73|P1|semi|wc2JMjhGNzB_77962388887942148ee65c2892600e02,P1|0|wc2JMjhGNzB_77962388887942148ee65c2892600e02|semi,wc2JMjhGNzB_77962388887942148ee65c2892600e02,P1,semi,wc2JMjhGNzB,True,all_archived,9,26,0.0,0.0,1.0
extended73|P1|semi|wc2JMjhGNzB_77962388887942148ee65c2892600e02,P1|0|wc2JMjhGNzB_77962388887942148ee65c2892600e02|semi,wc2JMjhGNzB_77962388887942148ee65c2892600e02,P1,semi,wc2JMjhGNzB,True,all_archived,10,26,0.0,0.0,1.0
extended73|P1|semi|wc2JMjhGNzB_77962388887942148ee65c2892600e02,P1|0|wc2JMjhGNzB_77962388887942148ee65c2892600e02|semi,wc2JMjhGNzB_77962388887942148ee65c2892600e02,P1,semi,wc2JMjhGNzB,True,all_archived,11,26,0.0,0.0,1.0
extended73|P1|semi|wc2JMjhGNzB_77962388887942148ee65c2892600e02,P1|0|wc2JMjhGNzB_77962388887942148ee65c2892600e02|semi,wc2JMjhGNzB_77962388887942148ee65c2892600e02,P1,semi,wc2JMjhGNzB,True,all_archived,12,26,0.0,0.0,1.0
extended73|P1|semi|wc2JMjhGNzB_77962388887942148ee65c2892600e02,P1|0|wc2JMjhGNzB_77962388887942148ee65c2892600e02|semi,wc2JMjhGNzB_77962388887942148ee65c2892600e02,P1,semi,wc2JMjhGNzB,True,all_archived,13,26,0.0,0.0,1.0
extended73|P1|semi|wc2JMjhGNzB_77962388887942148ee65c2892600e02,P1|0|wc2JMjhGNzB_77962388887942148ee65c2892600e02|semi,wc2JMjhGNzB_77962388887942148ee65c2892600e02,P1,semi,wc2JMjhGNzB,True,all_archived,14,26,0.0,0.0,1.0
extended73|P1|semi|wc2JMjhGNzB_77962388887942148ee65c2892600e02,P1|0|wc2JMjhGNzB_77962388887942148ee65c2892600e02|semi,wc2JMjhGNzB_77962388887942148ee65c2892600e02,P1,semi,wc2JMjhGNzB,True,all_archived,15,26,0.0,0.0,1.0
extended73|P1|semi|wc2JMjhGNzB_77962388887942148ee65c2892600e02,P1|0|wc2JMjhGNzB_77962388887942148ee65c2892600e02|semi,wc2JMjhGNzB_77962388887942148ee65c2892600e02,P1,semi,wc2JMjhGNzB,True,all_archived,16,26,0.0,0.0,1.0
extended73|P1|semi|wc2JMjhGNzB_77962388887942148ee65c2892600e02,P1|0|wc2JMjhGNzB_77962388887942148ee65c2892600e02|semi,wc2JMjhGNzB_77962388887942148ee65c2892600e02,P1,semi,wc2JMjhGNzB,True,all_archived,17,26,0.0,0.0,1.0
extended73|P1|semi|wc2JMjhGNzB_77962388887942148ee65c2892600e02,P1|0|wc2JMjhGNzB_77962388887942148ee65c2892600e02|semi,wc2JMjhGNzB_77962388887942148ee65c2892600e02,P1,semi,wc2JMjhGNzB,True,all_archived,18,26,0.0,0.0,1.0
extended73|P1|semi|wc2JMjhGNzB_77962388887942148ee65c2892600e02,P1|0|wc2JMjhGNzB_77962388887942148ee65c2892600e02|semi,wc2JMjhGNzB_77962388887942148ee65c2892600e02,P1,semi,wc2JMjhGNzB,True,all_archived,19,26,0.0,0.0,1.0
extended73|P1|semi|wc2JMjhGNzB_77962388887942148ee65c2892600e02,P1|0|wc2JMjhGNzB_77962388887942148ee65c2892600e02|semi,wc2JMjhGNzB_77962388887942148ee65c2892600e02,P1,semi,wc2JMjhGNzB,True,all_archived,20,26,0.0,0.0,1.0
extended73|P1|semi|wc2JMjhGNzB_77962388887942148ee65c2892600e02,P1|0|wc2JMjhGNzB_77962388887942148ee65c2892600e02|semi,wc2JMjhGNzB_77962388887942148ee65c2892600e02,P1,semi,wc2JMjhGNzB,True,current20,1,20,0.0,0.0,1.0
extended73|P1|semi|wc2JMjhGNzB_77962388887942148ee65c2892600e02,P1|0|wc2JMjhGNzB_77962388887942148ee65c2892600e02|semi,wc2JMjhGNzB_77962388887942148ee65c2892600e02,P1,semi,wc2JMjhGNzB,True,current20,2,20,0.0,0.0,1.0
extended73|P1|semi|wc2JMjhGNzB_77962388887942148ee65c2892600e02,P1|0|wc2JMjhGNzB_77962388887942148ee65c2892600e02|semi,wc2JMjhGNzB_77962388887942148ee65c2892600e02,P1,semi,wc2JMjhGNzB,True,current20,3,20,0.0,0.0,1.0
extended73|P1|semi|wc2JMjhGNzB_77962388887942148ee65c2892600e02,P1|0|wc2JMjhGNzB_77962388887942148ee65c2892600e02|semi,wc2JMjhGNzB_77962388887942148ee65c2892600e02,P1,semi,wc2JMjhGNzB,True,current20,4,20,0.0,0.0,1.0
extended73|P1|semi|wc2JMjhGNzB_77962388887942148ee65c2892600e02,P1|0|wc2JMjhGNzB_77962388887942148ee65c2892600e02|semi,wc2JMjhGNzB_77962388887942148ee65c2892600e02,P1,semi,wc2JMjhGNzB,True,current20,5,20,0.0,0.0,1.0
extended73|P1|semi|wc2JMjhGNzB_77962388887942148ee65c2892600e02,P1|0|wc2JMjhGNzB_77962388887942148ee65c2892600e02|semi,wc2JMjhGNzB_77962388887942148ee65c2892600e02,P1,semi,wc2JMjhGNzB,True,current20,6,20,0.0,0.0,1.0
extended73|P1|semi|wc2JMjhGNzB_77962388887942148ee65c2892600e02,P1|0|wc2JMjhGNzB_77962388887942148ee65c2892600e02|semi,wc2JMjhGNzB_77962388887942148ee65c2892600e02,P1,semi,wc2JMjhGNzB,True,current20,7,20,0.0,0.0,1.0
extended73|P1|semi|wc2JMjhGNzB_77962388887942148ee65c2892600e02,P1|0|wc2JMjhGNzB_77962388887942148ee65c2892600e02|semi,wc2JMjhGNzB_77962388887942148ee65c2892600e02,P1,semi,wc2JMjhGNzB,True,current20,8,20,0.0,0.0,1.0
extended73|P1|semi|wc2JMjhGNzB_77962388887942148ee65c2892600e02,P1|0|wc2JMjhGNzB_77962388887942148ee65c2892600e02|semi,wc2JMjhGNzB_77962388887942148ee65c2892600e02,P1,semi,wc2JMjhGNzB,True,current20,9,20,0.0,0.0,1.0
extended73|P1|semi|wc2JMjhGNzB_77962388887942148ee65c2892600e02,P1|0|wc2JMjhGNzB_77962388887942148ee65c2892600e02|semi,wc2JMjhGNzB_77962388887942148ee65c2892600e02,P1,semi,wc2JMjhGNzB,True,current20,10,20,0.0,0.0,1.0
extended73|P1|semi|wc2JMjhGNzB_77962388887942148ee65c2892600e02,P1|0|wc2JMjhGNzB_77962388887942148ee65c2892600e02|semi,wc2JMjhGNzB_77962388887942148ee65c2892600e02,P1,semi,wc2JMjhGNzB,True,current20,11,20,0.0,0.0,1.0
extended73|P1|semi|wc2JMjhGNzB_77962388887942148ee65c2892600e02,P1|0|wc2JMjhGNzB_77962388887942148ee65c2892600e02|semi,wc2JMjhGNzB_77962388887942148ee65c2892600e02,P1,semi,wc2JMjhGNzB,True,current20,12,20,0.0,0.0,1.0
extended73|P1|semi|wc2JMjhGNzB_77962388887942148ee65c2892600e02,P1|0|wc2JMjhGNzB_77962388887942148ee65c2892600e02|semi,wc2JMjhGNzB_77962388887942148ee65c2892600e02,P1,semi,wc2JMjhGNzB,True,current20,13,20,0.0,0.0,1.0
extended73|P1|semi|wc2JMjhGNzB_77962388887942148ee65c2892600e02,P1|0|wc2JMjhGNzB_77962388887942148ee65c2892600e02|semi,wc2JMjhGNzB_77962388887942148ee65c2892600e02,P1,semi,wc2JMjhGNzB,True,current20,14,20,0.0,0.0,1.0
extended73|P1|semi|wc2JMjhGNzB_77962388887942148ee65c2892600e02,P1|0|wc2JMjhGNzB_77962388887942148ee65c2892600e02|semi,wc2JMjhGNzB_77962388887942148ee65c2892600e02,P1,semi,wc2JMjhGNzB,True,current20,15,20,0.0,0.0,1.0
extended73|P1|semi|wc2JMjhGNzB_77962388887942148ee65c2892600e02,P1|0|wc2JMjhGNzB_77962388887942148ee65c2892600e02|semi,wc2JMjhGNzB_77962388887942148ee65c2892600e02,P1,semi,wc2JMjhGNzB,True,current20,16,20,0.0,0.0,1.0
extended73|P1|semi|wc2JMjhGNzB_77962388887942148ee65c2892600e02,P1|0|wc2JMjhGNzB_77962388887942148ee65c2892600e02|semi,wc2JMjhGNzB_77962388887942148ee65c2892600e02,P1,semi,wc2JMjhGNzB,True,current20,17,20,0.0,0.0,1.0
extended73|P1|semi|wc2JMjhGNzB_77962388887942148ee65c2892600e02,P1|0|wc2JMjhGNzB_77962388887942148ee65c2892600e02|semi,wc2JMjhGNzB_77962388887942148ee65c2892600e02,P1,semi,wc2JMjhGNzB,True,current20,18,20,0.0,0.0,1.0
extended73|P1|semi|wc2JMjhGNzB_77962388887942148ee65c2892600e02,P1|0|wc2JMjhGNzB_77962388887942148ee65c2892600e02|semi,wc2JMjhGNzB_77962388887942148ee65c2892600e02,P1,semi,wc2JMjhGNzB,True,current20,19,20,0.0,0.0,1.0
extended73|P1|semi|wc2JMjhGNzB_77962388887942148ee65c2892600e02,P1|0|wc2JMjhGNzB_77962388887942148ee65c2892600e02|semi,wc2JMjhGNzB_77962388887942148ee65c2892600e02,P1,semi,wc2JMjhGNzB,True,current20,20,20,0.0,0.0,1.0
extended73|P1|semi|wc2JMjhGNzB_cae8fb3d40314ecea16654062030571b,P1|0|wc2JMjhGNzB_cae8fb3d40314ecea16654062030571b|semi,wc2JMjhGNzB_cae8fb3d40314ecea16654062030571b,P1,semi,wc2JMjhGNzB,False,all_archived,1,25,0.6528,0.6528,0.19999999999999998
extended73|P1|semi|wc2JMjhGNzB_cae8fb3d40314ecea16654062030571b,P1|0|wc2JMjhGNzB_cae8fb3d40314ecea16654062030571b|semi,wc2JMjhGNzB_cae8fb3d40314ecea16654062030571b,P1,semi,wc2JMjhGNzB,False,all_archived,2,25,0.46399999999999997,0.4536,0.336
extended73|P1|semi|wc2JMjhGNzB_cae8fb3d40314ecea16654062030571b,P1|0|wc2JMjhGNzB_cae8fb3d40314ecea16654062030571b|semi,wc2JMjhGNzB_cae8fb3d40314ecea16654062030571b,P1,semi,wc2JMjhGNzB,False,all_archived,3,25,0.40528695652173913,0.3356521739130435,0.43460869565217386
extended73|P1|semi|wc2JMjhGNzB_cae8fb3d40314ecea16654062030571b,P1|0|wc2JMjhGNzB_cae8fb3d40314ecea16654062030571b|semi,wc2JMjhGNzB_cae8fb3d40314ecea16654062030571b,P1,semi,wc2JMjhGNzB,False,all_archived,4,25,0.3310671936758893,0.26188458498023715,0.5108932806324111
extended73|P1|semi|wc2JMjhGNzB_cae8fb3d40314ecea16654062030571b,P1|0|wc2JMjhGNzB_cae8fb3d40314ecea16654062030571b|semi,wc2JMjhGNzB_cae8fb3d40314ecea16654062030571b,P1,semi,wc2JMjhGNzB,False,all_archived,5,25,0.3073020892151327,0.21227780914737435,0.5732467532467533
extended73|P1|semi|wc2JMjhGNzB_cae8fb3d40314ecea16654062030571b,P1|0|wc2JMjhGNzB_cae8fb3d40314ecea16654062030571b|semi,wc2JMjhGNzB_cae8fb3d40314ecea16654062030571b,P1,semi,wc2JMjhGNzB,False,all_archived,6,25,0.2735137210615471,0.17628142292490118,0.6263162055335969
extended73|P1|semi|wc2JMjhGNzB_cae8fb3d40314ecea16654062030571b,P1|0|wc2JMjhGNzB_cae8fb3d40314ecea16654062030571b|semi,wc2JMjhGNzB_cae8fb3d40314ecea16654062030571b,P1,semi,wc2JMjhGNzB,False,all_archived,7,25,0.24777145234628073,0.14841406282504682,0.6727060536717288
extended73|P1|semi|wc2JMjhGNzB_cae8fb3d40314ecea16654062030571b,P1|0|wc2JMjhGNzB_cae8fb3d40314ecea16654062030571b|semi,wc2JMjhGNzB_cae8fb3d40314ecea16654062030571b,P1,semi,wc2JMjhGNzB,False,all_archived,8,25,0.21661859787809445,0.12580952777199916,0.7139321822342417
extended73|P1|semi|wc2JMjhGNzB_cae8fb3d40314ecea16654062030571b,P1|0|wc2JMjhGNzB_cae8fb3d40314ecea16654062030571b|semi,wc2JMjhGNzB_cae8fb3d40314ecea16654062030571b,P1,semi,wc2JMjhGNzB,False,all_archived,9,25,0.19747632741467713,0.10690817068246063,0.7509349845201239
extended73|P1|semi|wc2JMjhGNzB_cae8fb3d40314ecea16654062030571b,P1|0|wc2JMjhGNzB_cae8fb3d40314ecea16654062030571b|semi,wc2JMjhGNzB_cae8fb3d40314ecea16654062030571b,P1,semi,wc2JMjhGNzB,False,all_archived,10,25,0.1782883784676758,0.09079310808991789,0.7843437878583928
extended73|P1|semi|wc2JMjhGNzB_cae8fb3d40314ecea16654062030571b,P1|0|wc2JMjhGNzB_cae8fb3d40314ecea16654062030571b|semi,wc2JMjhGNzB_cae8fb3d40314ecea16654062030571b,P1,semi,wc2JMjhGNzB,False,all_archived,11,25,0.16006256562121413,0.07687096513662674,0.8146081572216988
extended73|P1|semi|wc2JMjhGNzB_cae8fb3d40314ecea16654062030571b,P1|0|wc2JMjhGNzB_cae8fb3d40314ecea16654062030571b|semi,wc2JMjhGNzB_cae8fb3d40314ecea16654062030571b,P1,semi,wc2JMjhGNzB,False,all_archived,12,25,0.1406142876372517,0.06472556583274042,0.8420620733419227
extended73|P1|semi|wc2JMjhGNzB_cae8fb3d40314ecea16654062030571b,P1|0|wc2JMjhGNzB_cae8fb3d40314ecea16654062030571b|semi,wc2JMjhGNzB_cae8fb3d40314ecea16654062030571b,P1,semi,wc2JMjhGNzB,False,all_archived,13,25,0.1297978039728477,0.05405217391304348,0.8669565217391305
extended73|P1|semi|wc2JMjhGNzB_cae8fb3d40314ecea16654062030571b,P1|0|wc2JMjhGNzB_cae8fb3d40314ecea16654062030571b|semi,wc2JMjhGNzB_cae8fb3d40314ecea16654062030571b,P1,semi,wc2JMjhGNzB,False,all_archived,14,25,0.1257634444166683,0.04462608695652174,0.8894782608695652
extended73|P1|semi|wc2JMjhGNzB_cae8fb3d40314ecea16654062030571b,P1|0|wc2JMjhGNzB_cae8fb3d40314ecea16654062030571b|semi,wc2JMjhGNzB_cae8fb3d40314ecea16654062030571b,P1,semi,wc2JMjhGNzB,False,all_archived,15,25,0.11885891897845052,0.03628458498023715,0.9097628458498024
extended73|P1|semi|wc2JMjhGNzB_cae8fb3d40314ecea16654062030571b,P1|0|wc2JMjhGNzB_cae8fb3d40314ecea16654062030571b|semi,wc2JMjhGNzB_cae8fb3d40314ecea16654062030571b,P1,semi,wc2JMjhGNzB,False,all_archived,16,25,0.11108043417075589,0.028913833992094858,0.927905138339921
extended73|P1|semi|wc2JMjhGNzB_cae8fb3d40314ecea16654062030571b,P1|0|wc2JMjhGNzB_cae8fb3d40314ecea16654062030571b|semi,wc2JMjhGNzB_cae8fb3d40314ecea16654062030571b,P1,semi,wc2JMjhGNzB,False,all_archived,17,25,0.10193816370733857,0.022437944664031623,0.9439683794466402
extended73|P1|semi|wc2JMjhGNzB_cae8fb3d40314ecea16654062030571b,P1|0|wc2JMjhGNzB_cae8fb3d40314ecea16654062030571b|semi,wc2JMjhGNzB_cae8fb3d40314ecea16654062030571b,P1,semi,wc2JMjhGNzB,False,all_archived,18,25,0.09635556480133141,0.016809486166007907,0.95799209486166
extended73|P1|semi|wc2JMjhGNzB_cae8fb3d40314ecea16654062030571b,P1|0|wc2JMjhGNzB_cae8fb3d40314ecea16654062030571b|semi,wc2JMjhGNzB_cae8fb3d40314ecea16654062030571b,P1,semi,wc2JMjhGNzB,False,all_archived,19,25,0.08637275401943592,0.012001355166572558,0.9699988706945228
extended73|P1|semi|wc2JMjhGNzB_cae8fb3d40314ecea16654062030571b,P1|0|wc2JMjhGNzB_cae8fb3d40314ecea16654062030571b|semi,wc2JMjhGNzB_cae8fb3d40314ecea16654062030571b,P1,semi,wc2JMjhGNzB,False,all_archived,20,25,0.07682552230378317,0.008,0.9800000000000001
extended73|P1|semi|wc2JMjhGNzB_cae8fb3d40314ecea16654062030571b,P1|0|wc2JMjhGNzB_cae8fb3d40314ecea16654062030571b|semi,wc2JMjhGNzB_cae8fb3d40314ecea16654062030571b,P1,semi,wc2JMjhGNzB,False,current20,1,19,0.631578947368421,0.6315789473684211,0.2
extended73|P1|semi|wc2JMjhGNzB_cae8fb3d40314ecea16654062030571b,P1|0|wc2JMjhGNzB_cae8fb3d40314ecea16654062030571b|semi,wc2JMjhGNzB_cae8fb3d40314ecea16654062030571b,P1,semi,wc2JMjhGNzB,False,current20,2,19,0.4495906432748538,0.4392982456140351,0.32748538011695905
extended73|P1|semi|wc2JMjhGNzB_cae8fb3d40314ecea16654062030571b,P1|0|wc2JMjhGNzB_cae8fb3d40314ecea16654062030571b|semi,wc2JMjhGNzB_cae8fb3d40314ecea16654062030571b,P1,semi,wc2JMjhGNzB,False,current20,3,19,0.39295493636050904,0.3336222910216718,0.41733746130030963
extended73|P1|semi|wc2JMjhGNzB_cae8fb3d40314ecea16654062030571b,P1|0|wc2JMjhGNzB_cae8fb3d40314ecea16654062030571b|semi,wc2JMjhGNzB_cae8fb3d40314ecea16654062030571b,P1,semi,wc2JMjhGNzB,False,current20,4,19,0.3202063983488132,0.2693498452012384,0.48735810113519085
extended73|P1|semi|wc2JMjhGNzB_cae8fb3d40314ecea16654062030571b,P1|0|wc2JMjhGNzB_cae8fb3d40314ecea16654062030571b|semi,wc2JMjhGNzB_cae8fb3d40314ecea16654062030571b,P1,semi,wc2JMjhGNzB,False,current20,5,19,0.29671138630890953,0.22495356037151704,0.5462160302717578
extended73|P1|semi|wc2JMjhGNzB_cae8fb3d40314ecea16654062030571b,P1|0|wc2JMjhGNzB_cae8fb3d40314ecea16654062030571b|semi,wc2JMjhGNzB_cae8fb3d40314ecea16654062030571b,P1,semi,wc2JMjhGNzB,False,current20,6,19,0.26456140350877194,0.19077399380804955,0.5979876160990713
extended73|P1|semi|wc2JMjhGNzB_cae8fb3d40314ecea16654062030571b,P1|0|wc2JMjhGNzB_cae8fb3d40314ecea16654062030571b|semi,wc2JMjhGNzB_cae8fb3d40314ecea16654062030571b,P1,semi,wc2JMjhGNzB,False,current20,7,19,0.23884258156703977,0.1626625386996904,0.6446018893387314
extended73|P1|semi|wc2JMjhGNzB_cae8fb3d40314ecea16654062030571b,P1|0|wc2JMjhGNzB_cae8fb3d40314ecea16654062030571b|semi,wc2JMjhGNzB_cae8fb3d40314ecea16654062030571b,P1,semi,wc2JMjhGNzB,False,current20,8,19,0.2077671932470694,0.1388028895768834,0.6870630573416951
extended73|P1|semi|wc2JMjhGNzB_cae8fb3d40314ecea16654062030571b,P1|0|wc2JMjhGNzB_cae8fb3d40314ecea16654062030571b|semi,wc2JMjhGNzB_cae8fb3d40314ecea16654062030571b,P1,semi,wc2JMjhGNzB,False,current20,9,19,0.18752718901325713,0.11826625386996904,0.7260061919504645
extended73|P1|semi|wc2JMjhGNzB_cae8fb3d40314ecea16654062030571b,P1|0|wc2JMjhGNzB_cae8fb3d40314ecea16654062030571b|semi,wc2JMjhGNzB_cae8fb3d40314ecea16654062030571b,P1,semi,wc2JMjhGNzB,False,current20,10,19,0.16843057870921646,0.10043343653250773,0.7619195046439629
extended73|P1|semi|wc2JMjhGNzB_cae8fb3d40314ecea16654062030571b,P1|0|wc2JMjhGNzB_cae8fb3d40314ecea16654062030571b|semi,wc2JMjhGNzB_cae8fb3d40314ecea16654062030571b,P1,semi,wc2JMjhGNzB,False,current20,11,19,0.1488174433066074,0.08480220158238734,0.795218438252494
extended73|P1|semi|wc2JMjhGNzB_cae8fb3d40314ecea16654062030571b,P1|0|wc2JMjhGNzB_cae8fb3d40314ecea16654062030571b|semi,wc2JMjhGNzB_cae8fb3d40314ecea16654062030571b,P1,semi,wc2JMjhGNzB,False,current20,12,19,0.12807493847741525,0.07093911248710011,0.8262641898864809
extended73|P1|semi|wc2JMjhGNzB_cae8fb3d40314ecea16654062030571b,P1|0|wc2JMjhGNzB_cae8fb3d40314ecea16654062030571b|semi,wc2JMjhGNzB_cae8fb3d40314ecea16654062030571b,P1,semi,wc2JMjhGNzB,False,current20,13,19,0.11538779074382786,0.05847265221878225,0.8553663570691434
extended73|P1|semi|wc2JMjhGNzB_cae8fb3d40314ecea16654062030571b,P1|0|wc2JMjhGNzB_cae8fb3d40314ecea16654062030571b|semi,wc2JMjhGNzB_cae8fb3d40314ecea16654062030571b,P1,semi,wc2JMjhGNzB,False,current20,14,19,0.11237702098383215,0.047093223254213966,0.8827829377364982
extended73|P1|semi|wc2JMjhGNzB_cae8fb3d40314ecea16654062030571b,P1|0|wc2JMjhGNzB_cae8fb3d40314ecea16654062030571b|semi,wc2JMjhGNzB_cae8fb3d40314ecea16654062030571b,P1,semi,wc2JMjhGNzB,False,current20,15,19,0.10562779497764016,0.036553147574819395,0.9087203302373581
extended73|P1|semi|wc2JMjhGNzB_cae8fb3d40314ecea16654062030571b,P1|0|wc2JMjhGNzB_cae8fb3d40314ecea16654062030571b|semi,wc2JMjhGNzB_cae8fb3d40314ecea16654062030571b,P1,semi,wc2JMjhGNzB,False,current20,16,19,0.09862745098039215,0.026666666666666665,0.9333333333333332
extended73|P1|semi|wc2JMjhGNzB_cae8fb3d40314ecea16654062030571b,P1|0|wc2JMjhGNzB_cae8fb3d40314ecea16654062030571b|semi,wc2JMjhGNzB_cae8fb3d40314ecea16654062030571b,P1,semi,wc2JMjhGNzB,False,current20,17,19,0.08888888888888888,0.017309941520467834,0.9567251461988304
extended73|P1|semi|wc2JMjhGNzB_cae8fb3d40314ecea16654062030571b,P1|0|wc2JMjhGNzB_cae8fb3d40314ecea16654062030571b|semi,wc2JMjhGNzB_cae8fb3d40314ecea16654062030571b,P1,semi,wc2JMjhGNzB,False,current20,18,19,0.08678362573099417,0.008421052631578947,0.9789473684210528
extended73|P1|semi|wc2JMjhGNzB_cae8fb3d40314ecea16654062030571b,P1|0|wc2JMjhGNzB_cae8fb3d40314ecea16654062030571b|semi,wc2JMjhGNzB_cae8fb3d40314ecea16654062030571b,P1,semi,wc2JMjhGNzB,False,current20,19,19,0.08421052631578949,0.0,1.0
