truth,mode,flip_groups,missing_groups,b,geometry_count,truth_covered,status,fixed_events,wrong_fixed_events,event_values,candidate_ids
C000000,clean,[],[],0,1,True,single_geometry_conditional,7,0,"[false, false, false, false, false, false, false]","[""C000000""]"
C000000,clean,[],[],1,8,True,multiple_candidates,0,0,"[null, null, null, null, null, null, null]","[""C000000"", ""C000001"", ""C000010"", ""C000100"", ""C000200"", ""C001000"", ""C010000"", ""C100000""]"
C000000,single_flip,[0],[],0,1,False,single_geometry_conditional,7,1,"[true, false, false, false, false, false, false]","[""C100000""]"
C000000,single_flip,[0],[],1,8,True,multiple_candidates,0,0,"[null, null, null, null, null, null, null]","[""C000000"", ""C100000"", ""C100001"", ""C100010"", ""C100100"", ""C100200"", ""C101000"", ""C110000""]"
C000000,single_flip,[1],[],0,1,False,single_geometry_conditional,7,1,"[false, true, false, false, false, false, false]","[""C010000""]"
C000000,single_flip,[1],[],1,8,True,multiple_candidates,0,0,"[null, null, null, null, null, null, null]","[""C000000"", ""C010000"", ""C010001"", ""C010010"", ""C010100"", ""C010200"", ""C011000"", ""C110000""]"
C000000,single_flip,[2],[],0,1,False,single_geometry_conditional,7,1,"[false, false, true, false, false, false, false]","[""C001000""]"
C000000,single_flip,[2],[],1,8,True,multiple_candidates,0,0,"[null, null, null, null, null, null, null]","[""C000000"", ""C001000"", ""C001001"", ""C001010"", ""C001100"", ""C001200"", ""C011000"", ""C101000""]"
C000000,single_flip,[3],[],0,1,False,single_geometry_conditional,7,1,"[false, false, false, true, false, false, false]","[""C000100""]"
C000000,single_flip,[3],[],1,6,True,multiple_candidates,2,0,"[null, null, null, null, false, false, null]","[""C000000"", ""C000100"", ""C000101"", ""C001100"", ""C010100"", ""C100100""]"
C000000,single_flip,[4],[],0,1,False,single_geometry_conditional,7,1,"[false, false, false, false, true, false, false]","[""C000200""]"
C000000,single_flip,[4],[],1,7,True,multiple_candidates,1,0,"[null, null, null, false, null, null, null]","[""C000000"", ""C000200"", ""C000201"", ""C000210"", ""C001200"", ""C010200"", ""C100200""]"
C000000,single_flip,[5],[],0,1,False,single_geometry_conditional,7,1,"[false, false, false, false, false, true, false]","[""C000010""]"
C000000,single_flip,[5],[],1,7,True,multiple_candidates,1,0,"[null, null, null, false, null, null, null]","[""C000000"", ""C000010"", ""C000011"", ""C000210"", ""C001010"", ""C010010"", ""C100010""]"
C000000,single_flip,[6],[],0,1,False,single_geometry_conditional,7,1,"[false, false, false, false, false, false, true]","[""C000001""]"
C000000,single_flip,[6],[],1,8,True,multiple_candidates,0,0,"[null, null, null, null, null, null, null]","[""C000000"", ""C000001"", ""C000011"", ""C000101"", ""C000201"", ""C001001"", ""C010001"", ""C100001""]"
C000000,single_missing,[],[0],0,2,True,multiple_candidates,6,0,"[null, false, false, false, false, false, false]","[""C000000"", ""C100000""]"
C000000,single_missing,[],[0],1,14,True,multiple_candidates,0,0,"[null, null, null, null, null, null, null]","[""C000000"", ""C000001"", ""C000010"", ""C000100"", ""C000200"", ""C001000"", ""C010000"", ""C100000"", ""C100001"", ""C100010"", ""C100100"", ""C100200"", ""C101000"", ""C110000""]"
C000000,single_missing,[],[1],0,2,True,multiple_candidates,6,0,"[false, null, false, false, false, false, false]","[""C000000"", ""C010000""]"
C000000,single_missing,[],[1],1,14,True,multiple_candidates,0,0,"[null, null, null, null, null, null, null]","[""C000000"", ""C000001"", ""C000010"", ""C000100"", ""C000200"", ""C001000"", ""C010000"", ""C010001"", ""C010010"", ""C010100"", ""C010200"", ""C011000"", ""C100000"", ""C110000""]"
C000000,single_missing,[],[2],0,2,True,multiple_candidates,6,0,"[false, false, null, false, false, false, false]","[""C000000"", ""C001000""]"
C000000,single_missing,[],[2],1,14,True,multiple_candidates,0,0,"[null, null, null, null, null, null, null]","[""C000000"", ""C000001"", ""C000010"", ""C000100"", ""C000200"", ""C001000"", ""C001001"", ""C001010"", ""C001100"", ""C001200"", ""C010000"", ""C011000"", ""C100000"", ""C101000""]"
C000000,single_missing,[],[3],0,2,True,multiple_candidates,6,0,"[false, false, false, null, false, false, false]","[""C000000"", ""C000100""]"
C000000,single_missing,[],[3],1,12,True,multiple_candidates,0,0,"[null, null, null, null, null, null, null]","[""C000000"", ""C000001"", ""C000010"", ""C000100"", ""C000101"", ""C000200"", ""C001000"", ""C001100"", ""C010000"", ""C010100"", ""C100000"", ""C100100""]"
C000000,single_missing,[],[4],0,2,True,multiple_candidates,6,0,"[false, false, false, false, null, false, false]","[""C000000"", ""C000200""]"
C000000,single_missing,[],[4],1,13,True,multiple_candidates,0,0,"[null, null, null, null, null, null, null]","[""C000000"", ""C000001"", ""C000010"", ""C000100"", ""C000200"", ""C000201"", ""C000210"", ""C001000"", ""C001200"", ""C010000"", ""C010200"", ""C100000"", ""C100200""]"
C000000,single_missing,[],[5],0,2,True,multiple_candidates,6,0,"[false, false, false, false, false, null, false]","[""C000000"", ""C000010""]"
C000000,single_missing,[],[5],1,13,True,multiple_candidates,0,0,"[null, null, null, null, null, null, null]","[""C000000"", ""C000001"", ""C000010"", ""C000011"", ""C000100"", ""C000200"", ""C000210"", ""C001000"", ""C001010"", ""C010000"", ""C010010"", ""C100000"", ""C100010""]"
C000000,single_missing,[],[6],0,2,True,multiple_candidates,6,0,"[false, false, false, false, false, false, null]","[""C000000"", ""C000001""]"
C000000,single_missing,[],[6],1,14,True,multiple_candidates,0,0,"[null, null, null, null, null, null, null]","[""C000000"", ""C000001"", ""C000010"", ""C000011"", ""C000100"", ""C000101"", ""C000200"", ""C000201"", ""C001000"", ""C001001"", ""C010000"", ""C010001"", ""C100000"", ""C100001""]"
C000000,double_distinct_flip,"[0, 1]",[],0,1,False,single_geometry_conditional,7,2,"[true, true, false, false, false, false, false]","[""C110000""]"
C000000,double_distinct_flip,"[0, 1]",[],1,7,False,multiple_candidates,1,0,"[null, null, false, null, null, null, null]","[""C010000"", ""C100000"", ""C110000"", ""C110001"", ""C110010"", ""C110100"", ""C110200""]"
C000000,double_distinct_flip,"[0, 2]",[],0,1,False,single_geometry_conditional,7,2,"[true, false, true, false, false, false, false]","[""C101000""]"
C000000,double_distinct_flip,"[0, 2]",[],1,7,False,multiple_candidates,1,0,"[null, false, null, null, null, null, null]","[""C001000"", ""C100000"", ""C101000"", ""C101001"", ""C101010"", ""C101100"", ""C101200""]"
C000000,double_distinct_flip,"[0, 3]",[],0,1,False,single_geometry_conditional,7,2,"[true, false, false, true, false, false, false]","[""C100100""]"
C000000,double_distinct_flip,"[0, 3]",[],1,6,False,multiple_candidates,2,0,"[null, null, null, null, false, false, null]","[""C000100"", ""C100000"", ""C100100"", ""C100101"", ""C101100"", ""C110100""]"
C000000,double_distinct_flip,"[0, 4]",[],0,1,False,single_geometry_conditional,7,2,"[true, false, false, false, true, false, false]","[""C100200""]"
C000000,double_distinct_flip,"[0, 4]",[],1,7,False,multiple_candidates,1,0,"[null, null, null, false, null, null, null]","[""C000200"", ""C100000"", ""C100200"", ""C100201"", ""C100210"", ""C101200"", ""C110200""]"
C000000,double_distinct_flip,"[0, 5]",[],0,1,False,single_geometry_conditional,7,2,"[true, false, false, false, false, true, false]","[""C100010""]"
C000000,double_distinct_flip,"[0, 5]",[],1,7,False,multiple_candidates,1,0,"[null, null, null, false, null, null, null]","[""C000010"", ""C100000"", ""C100010"", ""C100011"", ""C100210"", ""C101010"", ""C110010""]"
C000000,double_distinct_flip,"[0, 6]",[],0,1,False,single_geometry_conditional,7,2,"[true, false, false, false, false, false, true]","[""C100001""]"
C000000,double_distinct_flip,"[0, 6]",[],1,8,False,multiple_candidates,0,0,"[null, null, null, null, null, null, null]","[""C000001"", ""C100000"", ""C100001"", ""C100011"", ""C100101"", ""C100201"", ""C101001"", ""C110001""]"
C000000,double_distinct_flip,"[1, 2]",[],0,1,False,single_geometry_conditional,7,2,"[false, true, true, false, false, false, false]","[""C011000""]"
C000000,double_distinct_flip,"[1, 2]",[],1,7,False,multiple_candidates,1,0,"[false, null, null, null, null, null, null]","[""C001000"", ""C010000"", ""C011000"", ""C011001"", ""C011010"", ""C011100"", ""C011200""]"
C000000,double_distinct_flip,"[1, 3]",[],0,1,False,single_geometry_conditional,7,2,"[false, true, false, true, false, false, false]","[""C010100""]"
C000000,double_distinct_flip,"[1, 3]",[],1,6,False,multiple_candidates,2,0,"[null, null, null, null, false, false, null]","[""C000100"", ""C010000"", ""C010100"", ""C010101"", ""C011100"", ""C110100""]"
C000000,double_distinct_flip,"[1, 4]",[],0,1,False,single_geometry_conditional,7,2,"[false, true, false, false, true, false, false]","[""C010200""]"
C000000,double_distinct_flip,"[1, 4]",[],1,7,False,multiple_candidates,1,0,"[null, null, null, false, null, null, null]","[""C000200"", ""C010000"", ""C010200"", ""C010201"", ""C010210"", ""C011200"", ""C110200""]"
C000000,double_distinct_flip,"[1, 5]",[],0,1,False,single_geometry_conditional,7,2,"[false, true, false, false, false, true, false]","[""C010010""]"
C000000,double_distinct_flip,"[1, 5]",[],1,7,False,multiple_candidates,1,0,"[null, null, null, false, null, null, null]","[""C000010"", ""C010000"", ""C010010"", ""C010011"", ""C010210"", ""C011010"", ""C110010""]"
C000000,double_distinct_flip,"[1, 6]",[],0,1,False,single_geometry_conditional,7,2,"[false, true, false, false, false, false, true]","[""C010001""]"
C000000,double_distinct_flip,"[1, 6]",[],1,8,False,multiple_candidates,0,0,"[null, null, null, null, null, null, null]","[""C000001"", ""C010000"", ""C010001"", ""C010011"", ""C010101"", ""C010201"", ""C011001"", ""C110001""]"
C000000,double_distinct_flip,"[2, 3]",[],0,1,False,single_geometry_conditional,7,2,"[false, false, true, true, false, false, false]","[""C001100""]"
C000000,double_distinct_flip,"[2, 3]",[],1,6,False,multiple_candidates,2,0,"[null, null, null, null, false, false, null]","[""C000100"", ""C001000"", ""C001100"", ""C001101"", ""C011100"", ""C101100""]"
C000000,double_distinct_flip,"[2, 4]",[],0,1,False,single_geometry_conditional,7,2,"[false, false, true, false, true, false, false]","[""C001200""]"
C000000,double_distinct_flip,"[2, 4]",[],1,7,False,multiple_candidates,1,0,"[null, null, null, false, null, null, null]","[""C000200"", ""C001000"", ""C001200"", ""C001201"", ""C001210"", ""C011200"", ""C101200""]"
C000000,double_distinct_flip,"[2, 5]",[],0,1,False,single_geometry_conditional,7,2,"[false, false, true, false, false, true, false]","[""C001010""]"
C000000,double_distinct_flip,"[2, 5]",[],1,7,False,multiple_candidates,1,0,"[null, null, null, false, null, null, null]","[""C000010"", ""C001000"", ""C001010"", ""C001011"", ""C001210"", ""C011010"", ""C101010""]"
C000000,double_distinct_flip,"[2, 6]",[],0,1,False,compatibility_unresolved,7,2,"[false, false, true, false, false, false, true]","[""C001001""]"
C000000,double_distinct_flip,"[2, 6]",[],1,8,False,multiple_candidates,0,0,"[null, null, null, null, null, null, null]","[""C000001"", ""C001000"", ""C001001"", ""C001011"", ""C001101"", ""C001201"", ""C011001"", ""C101001""]"
C000000,double_distinct_flip,"[3, 4]",[],0,0,False,no_feasible_candidate,0,0,"[null, null, null, null, null, null, null]",[]
C000000,double_distinct_flip,"[3, 4]",[],1,2,False,multiple_candidates,5,0,"[false, false, false, null, null, false, false]","[""C000100"", ""C000200""]"
C000000,double_distinct_flip,"[3, 5]",[],0,0,False,no_feasible_candidate,0,0,"[null, null, null, null, null, null, null]",[]
C000000,double_distinct_flip,"[3, 5]",[],1,2,False,multiple_candidates,5,0,"[false, false, false, null, false, null, false]","[""C000010"", ""C000100""]"
C000000,double_distinct_flip,"[3, 6]",[],0,1,False,single_geometry_conditional,7,2,"[false, false, false, true, false, false, true]","[""C000101""]"
C000000,double_distinct_flip,"[3, 6]",[],1,6,False,multiple_candidates,2,0,"[null, null, null, null, false, false, null]","[""C000001"", ""C000100"", ""C000101"", ""C001101"", ""C010101"", ""C100101""]"
C000000,double_distinct_flip,"[4, 5]",[],0,1,False,single_geometry_conditional,7,2,"[false, false, false, false, true, true, false]","[""C000210""]"
C000000,double_distinct_flip,"[4, 5]",[],1,7,False,multiple_candidates,1,0,"[null, null, null, false, null, null, null]","[""C000010"", ""C000200"", ""C000210"", ""C000211"", ""C001210"", ""C010210"", ""C100210""]"
C000000,double_distinct_flip,"[4, 6]",[],0,1,False,single_geometry_conditional,7,2,"[false, false, false, false, true, false, true]","[""C000201""]"
C000000,double_distinct_flip,"[4, 6]",[],1,7,False,multiple_candidates,1,0,"[null, null, null, false, null, null, null]","[""C000001"", ""C000200"", ""C000201"", ""C000211"", ""C001201"", ""C010201"", ""C100201""]"
C000000,double_distinct_flip,"[5, 6]",[],0,1,False,single_geometry_conditional,7,2,"[false, false, false, false, false, true, true]","[""C000011""]"
C000000,double_distinct_flip,"[5, 6]",[],1,7,False,multiple_candidates,1,0,"[null, null, null, false, null, null, null]","[""C000001"", ""C000010"", ""C000011"", ""C000211"", ""C001011"", ""C010011"", ""C100011""]"
C000001,clean,[],[],0,1,True,single_geometry_conditional,7,0,"[false, false, false, false, false, false, true]","[""C000001""]"
C000001,clean,[],[],1,8,True,multiple_candidates,0,0,"[null, null, null, null, null, null, null]","[""C000000"", ""C000001"", ""C000011"", ""C000101"", ""C000201"", ""C001001"", ""C010001"", ""C100001""]"
C000001,single_flip,[0],[],0,1,False,single_geometry_conditional,7,1,"[true, false, false, false, false, false, true]","[""C100001""]"
C000001,single_flip,[0],[],1,8,True,multiple_candidates,0,0,"[null, null, null, null, null, null, null]","[""C000001"", ""C100000"", ""C100001"", ""C100011"", ""C100101"", ""C100201"", ""C101001"", ""C110001""]"
C000001,single_flip,[1],[],0,1,False,single_geometry_conditional,7,1,"[false, true, false, false, false, false, true]","[""C010001""]"
C000001,single_flip,[1],[],1,8,True,multiple_candidates,0,0,"[null, null, null, null, null, null, null]","[""C000001"", ""C010000"", ""C010001"", ""C010011"", ""C010101"", ""C010201"", ""C011001"", ""C110001""]"
C000001,single_flip,[2],[],0,1,False,compatibility_unresolved,7,1,"[false, false, true, false, false, false, true]","[""C001001""]"
C000001,single_flip,[2],[],1,8,True,multiple_candidates,0,0,"[null, null, null, null, null, null, null]","[""C000001"", ""C001000"", ""C001001"", ""C001011"", ""C001101"", ""C001201"", ""C011001"", ""C101001""]"
C000001,single_flip,[3],[],0,1,False,single_geometry_conditional,7,1,"[false, false, false, true, false, false, true]","[""C000101""]"
C000001,single_flip,[3],[],1,6,True,multiple_candidates,2,0,"[null, null, null, null, false, false, null]","[""C000001"", ""C000100"", ""C000101"", ""C001101"", ""C010101"", ""C100101""]"
C000001,single_flip,[4],[],0,1,False,single_geometry_conditional,7,1,"[false, false, false, false, true, false, true]","[""C000201""]"
C000001,single_flip,[4],[],1,7,True,multiple_candidates,1,0,"[null, null, null, false, null, null, null]","[""C000001"", ""C000200"", ""C000201"", ""C000211"", ""C001201"", ""C010201"", ""C100201""]"
C000001,single_flip,[5],[],0,1,False,single_geometry_conditional,7,1,"[false, false, false, false, false, true, true]","[""C000011""]"
C000001,single_flip,[5],[],1,7,True,multiple_candidates,1,0,"[null, null, null, false, null, null, null]","[""C000001"", ""C000010"", ""C000011"", ""C000211"", ""C001011"", ""C010011"", ""C100011""]"
C000001,single_flip,[6],[],0,1,False,single_geometry_conditional,7,1,"[false, false, false, false, false, false, false]","[""C000000""]"
C000001,single_flip,[6],[],1,8,True,multiple_candidates,0,0,"[null, null, null, null, null, null, null]","[""C000000"", ""C000001"", ""C000010"", ""C000100"", ""C000200"", ""C001000"", ""C010000"", ""C100000""]"
C000001,single_missing,[],[0],0,2,True,multiple_candidates,6,0,"[null, false, false, false, false, false, true]","[""C000001"", ""C100001""]"
C000001,single_missing,[],[0],1,14,True,multiple_candidates,0,0,"[null, null, null, null, null, null, null]","[""C000000"", ""C000001"", ""C000011"", ""C000101"", ""C000201"", ""C001001"", ""C010001"", ""C100000"", ""C100001"", ""C100011"", ""C100101"", ""C100201"", ""C101001"", ""C110001""]"
C000001,single_missing,[],[1],0,2,True,multiple_candidates,6,0,"[false, null, false, false, false, false, true]","[""C000001"", ""C010001""]"
C000001,single_missing,[],[1],1,14,True,multiple_candidates,0,0,"[null, null, null, null, null, null, null]","[""C000000"", ""C000001"", ""C000011"", ""C000101"", ""C000201"", ""C001001"", ""C010000"", ""C010001"", ""C010011"", ""C010101"", ""C010201"", ""C011001"", ""C100001"", ""C110001""]"
C000001,single_missing,[],[2],0,2,True,multiple_candidates,6,0,"[false, false, null, false, false, false, true]","[""C000001"", ""C001001""]"
C000001,single_missing,[],[2],1,14,True,multiple_candidates,0,0,"[null, null, null, null, null, null, null]","[""C000000"", ""C000001"", ""C000011"", ""C000101"", ""C000201"", ""C001000"", ""C001001"", ""C001011"", ""C001101"", ""C001201"", ""C010001"", ""C011001"", ""C100001"", ""C101001""]"
C000001,single_missing,[],[3],0,2,True,multiple_candidates,6,0,"[false, false, false, null, false, false, true]","[""C000001"", ""C000101""]"
C000001,single_missing,[],[3],1,12,True,multiple_candidates,0,0,"[null, null, null, null, null, null, null]","[""C000000"", ""C000001"", ""C000011"", ""C000100"", ""C000101"", ""C000201"", ""C001001"", ""C001101"", ""C010001"", ""C010101"", ""C100001"", ""C100101""]"
C000001,single_missing,[],[4],0,2,True,multiple_candidates,6,0,"[false, false, false, false, null, false, true]","[""C000001"", ""C000201""]"
C000001,single_missing,[],[4],1,13,True,multiple_candidates,0,0,"[null, null, null, null, null, null, null]","[""C000000"", ""C000001"", ""C000011"", ""C000101"", ""C000200"", ""C000201"", ""C000211"", ""C001001"", ""C001201"", ""C010001"", ""C010201"", ""C100001"", ""C100201""]"
C000001,single_missing,[],[5],0,2,True,multiple_candidates,6,0,"[false, false, false, false, false, null, true]","[""C000001"", ""C000011""]"
C000001,single_missing,[],[5],1,13,True,multiple_candidates,0,0,"[null, null, null, null, null, null, null]","[""C000000"", ""C000001"", ""C000010"", ""C000011"", ""C000101"", ""C000201"", ""C000211"", ""C001001"", ""C001011"", ""C010001"", ""C010011"", ""C100001"", ""C100011""]"
C000001,single_missing,[],[6],0,2,True,multiple_candidates,6,0,"[false, false, false, false, false, false, null]","[""C000000"", ""C000001""]"
C000001,single_missing,[],[6],1,14,True,multiple_candidates,0,0,"[null, null, null, null, null, null, null]","[""C000000"", ""C000001"", ""C000010"", ""C000011"", ""C000100"", ""C000101"", ""C000200"", ""C000201"", ""C001000"", ""C001001"", ""C010000"", ""C010001"", ""C100000"", ""C100001""]"
C000001,double_distinct_flip,"[0, 1]",[],0,1,False,single_geometry_conditional,7,2,"[true, true, false, false, false, false, true]","[""C110001""]"
C000001,double_distinct_flip,"[0, 1]",[],1,7,False,multiple_candidates,1,0,"[null, null, false, null, null, null, null]","[""C010001"", ""C100001"", ""C110000"", ""C110001"", ""C110011"", ""C110101"", ""C110201""]"
C000001,double_distinct_flip,"[0, 2]",[],0,1,False,compatibility_unresolved,7,2,"[true, false, true, false, false, false, true]","[""C101001""]"
C000001,double_distinct_flip,"[0, 2]",[],1,7,False,multiple_candidates,1,0,"[null, false, null, null, null, null, null]","[""C001001"", ""C100001"", ""C101000"", ""C101001"", ""C101011"", ""C101101"", ""C101201""]"
C000001,double_distinct_flip,"[0, 3]",[],0,1,False,single_geometry_conditional,7,2,"[true, false, false, true, false, false, true]","[""C100101""]"
C000001,double_distinct_flip,"[0, 3]",[],1,6,False,multiple_candidates,2,0,"[null, null, null, null, false, false, null]","[""C000101"", ""C100001"", ""C100100"", ""C100101"", ""C101101"", ""C110101""]"
C000001,double_distinct_flip,"[0, 4]",[],0,1,False,single_geometry_conditional,7,2,"[true, false, false, false, true, false, true]","[""C100201""]"
C000001,double_distinct_flip,"[0, 4]",[],1,7,False,multiple_candidates,1,0,"[null, null, null, false, null, null, null]","[""C000201"", ""C100001"", ""C100200"", ""C100201"", ""C100211"", ""C101201"", ""C110201""]"
C000001,double_distinct_flip,"[0, 5]",[],0,1,False,single_geometry_conditional,7,2,"[true, false, false, false, false, true, true]","[""C100011""]"
C000001,double_distinct_flip,"[0, 5]",[],1,7,False,multiple_candidates,1,0,"[null, null, null, false, null, null, null]","[""C000011"", ""C100001"", ""C100010"", ""C100011"", ""C100211"", ""C101011"", ""C110011""]"
C000001,double_distinct_flip,"[0, 6]",[],0,1,False,single_geometry_conditional,7,2,"[true, false, false, false, false, false, false]","[""C100000""]"
C000001,double_distinct_flip,"[0, 6]",[],1,8,False,multiple_candidates,0,0,"[null, null, null, null, null, null, null]","[""C000000"", ""C100000"", ""C100001"", ""C100010"", ""C100100"", ""C100200"", ""C101000"", ""C110000""]"
C000001,double_distinct_flip,"[1, 2]",[],0,1,False,compatibility_unresolved,7,2,"[false, true, true, false, false, false, true]","[""C011001""]"
C000001,double_distinct_flip,"[1, 2]",[],1,7,False,multiple_candidates,1,0,"[false, null, null, null, null, null, null]","[""C001001"", ""C010001"", ""C011000"", ""C011001"", ""C011011"", ""C011101"", ""C011201""]"
C000001,double_distinct_flip,"[1, 3]",[],0,1,False,single_geometry_conditional,7,2,"[false, true, false, true, false, false, true]","[""C010101""]"
C000001,double_distinct_flip,"[1, 3]",[],1,6,False,multiple_candidates,2,0,"[null, null, null, null, false, false, null]","[""C000101"", ""C010001"", ""C010100"", ""C010101"", ""C011101"", ""C110101""]"
C000001,double_distinct_flip,"[1, 4]",[],0,1,False,single_geometry_conditional,7,2,"[false, true, false, false, true, false, true]","[""C010201""]"
C000001,double_distinct_flip,"[1, 4]",[],1,7,False,multiple_candidates,1,0,"[null, null, null, false, null, null, null]","[""C000201"", ""C010001"", ""C010200"", ""C010201"", ""C010211"", ""C011201"", ""C110201""]"
C000001,double_distinct_flip,"[1, 5]",[],0,1,False,single_geometry_conditional,7,2,"[false, true, false, false, false, true, true]","[""C010011""]"
C000001,double_distinct_flip,"[1, 5]",[],1,7,False,multiple_candidates,1,0,"[null, null, null, false, null, null, null]","[""C000011"", ""C010001"", ""C010010"", ""C010011"", ""C010211"", ""C011011"", ""C110011""]"
C000001,double_distinct_flip,"[1, 6]",[],0,1,False,single_geometry_conditional,7,2,"[false, true, false, false, false, false, false]","[""C010000""]"
C000001,double_distinct_flip,"[1, 6]",[],1,8,False,multiple_candidates,0,0,"[null, null, null, null, null, null, null]","[""C000000"", ""C010000"", ""C010001"", ""C010010"", ""C010100"", ""C010200"", ""C011000"", ""C110000""]"
C000001,double_distinct_flip,"[2, 3]",[],0,1,False,compatibility_unresolved,7,2,"[false, false, true, true, false, false, true]","[""C001101""]"
C000001,double_distinct_flip,"[2, 3]",[],1,6,False,multiple_candidates,2,0,"[null, null, null, null, false, false, null]","[""C000101"", ""C001001"", ""C001100"", ""C001101"", ""C011101"", ""C101101""]"
C000001,double_distinct_flip,"[2, 4]",[],0,1,False,compatibility_unresolved,7,2,"[false, false, true, false, true, false, true]","[""C001201""]"
C000001,double_distinct_flip,"[2, 4]",[],1,7,False,multiple_candidates,1,0,"[null, null, null, false, null, null, null]","[""C000201"", ""C001001"", ""C001200"", ""C001201"", ""C001211"", ""C011201"", ""C101201""]"
C000001,double_distinct_flip,"[2, 5]",[],0,1,False,compatibility_unresolved,7,2,"[false, false, true, false, false, true, true]","[""C001011""]"
C000001,double_distinct_flip,"[2, 5]",[],1,7,False,multiple_candidates,1,0,"[null, null, null, false, null, null, null]","[""C000011"", ""C001001"", ""C001010"", ""C001011"", ""C001211"", ""C011011"", ""C101011""]"
C000001,double_distinct_flip,"[2, 6]",[],0,1,False,single_geometry_conditional,7,2,"[false, false, true, false, false, false, false]","[""C001000""]"
C000001,double_distinct_flip,"[2, 6]",[],1,8,False,multiple_candidates,0,0,"[null, null, null, null, null, null, null]","[""C000000"", ""C001000"", ""C001001"", ""C001010"", ""C001100"", ""C001200"", ""C011000"", ""C101000""]"
C000001,double_distinct_flip,"[3, 4]",[],0,0,False,no_feasible_candidate,0,0,"[null, null, null, null, null, null, null]",[]
C000001,double_distinct_flip,"[3, 4]",[],1,2,False,multiple_candidates,5,0,"[false, false, false, null, null, false, true]","[""C000101"", ""C000201""]"
C000001,double_distinct_flip,"[3, 5]",[],0,0,False,no_feasible_candidate,0,0,"[null, null, null, null, null, null, null]",[]
C000001,double_distinct_flip,"[3, 5]",[],1,2,False,multiple_candidates,5,0,"[false, false, false, null, false, null, true]","[""C000011"", ""C000101""]"
C000001,double_distinct_flip,"[3, 6]",[],0,1,False,single_geometry_conditional,7,2,"[false, false, false, true, false, false, false]","[""C000100""]"
C000001,double_distinct_flip,"[3, 6]",[],1,6,False,multiple_candidates,2,0,"[null, null, null, null, false, false, null]","[""C000000"", ""C000100"", ""C000101"", ""C001100"", ""C010100"", ""C100100""]"
C000001,double_distinct_flip,"[4, 5]",[],0,1,False,single_geometry_conditional,7,2,"[false, false, false, false, true, true, true]","[""C000211""]"
C000001,double_distinct_flip,"[4, 5]",[],1,7,False,multiple_candidates,1,0,"[null, null, null, false, null, null, null]","[""C000011"", ""C000201"", ""C000210"", ""C000211"", ""C001211"", ""C010211"", ""C100211""]"
C000001,double_distinct_flip,"[4, 6]",[],0,1,False,single_geometry_conditional,7,2,"[false, false, false, false, true, false, false]","[""C000200""]"
C000001,double_distinct_flip,"[4, 6]",[],1,7,False,multiple_candidates,1,0,"[null, null, null, false, null, null, null]","[""C000000"", ""C000200"", ""C000201"", ""C000210"", ""C001200"", ""C010200"", ""C100200""]"
C000001,double_distinct_flip,"[5, 6]",[],0,1,False,single_geometry_conditional,7,2,"[false, false, false, false, false, true, false]","[""C000010""]"
C000001,double_distinct_flip,"[5, 6]",[],1,7,False,multiple_candidates,1,0,"[null, null, null, false, null, null, null]","[""C000000"", ""C000010"", ""C000011"", ""C000210"", ""C001010"", ""C010010"", ""C100010""]"
C000010,clean,[],[],0,1,True,single_geometry_conditional,7,0,"[false, false, false, false, false, true, false]","[""C000010""]"
C000010,clean,[],[],1,7,True,multiple_candidates,1,0,"[null, null, null, false, null, null, null]","[""C000000"", ""C000010"", ""C000011"", ""C000210"", ""C001010"", ""C010010"", ""C100010""]"
C000010,single_flip,[0],[],0,1,False,single_geometry_conditional,7,1,"[true, false, false, false, false, true, false]","[""C100010""]"
C000010,single_flip,[0],[],1,7,True,multiple_candidates,1,0,"[null, null, null, false, null, null, null]","[""C000010"", ""C100000"", ""C100010"", ""C100011"", ""C100210"", ""C101010"", ""C110010""]"
C000010,single_flip,[1],[],0,1,False,single_geometry_conditional,7,1,"[false, true, false, false, false, true, false]","[""C010010""]"
C000010,single_flip,[1],[],1,7,True,multiple_candidates,1,0,"[null, null, null, false, null, null, null]","[""C000010"", ""C010000"", ""C010010"", ""C010011"", ""C010210"", ""C011010"", ""C110010""]"
C000010,single_flip,[2],[],0,1,False,single_geometry_conditional,7,1,"[false, false, true, false, false, true, false]","[""C001010""]"
C000010,single_flip,[2],[],1,7,True,multiple_candidates,1,0,"[null, null, null, false, null, null, null]","[""C000010"", ""C001000"", ""C001010"", ""C001011"", ""C001210"", ""C011010"", ""C101010""]"
C000010,single_flip,[3],[],0,0,False,no_feasible_candidate,0,0,"[null, null, null, null, null, null, null]",[]
C000010,single_flip,[3],[],1,2,True,multiple_candidates,5,0,"[false, false, false, null, false, null, false]","[""C000010"", ""C000100""]"
C000010,single_flip,[4],[],0,1,False,single_geometry_conditional,7,1,"[false, false, false, false, true, true, false]","[""C000210""]"
C000010,single_flip,[4],[],1,7,True,multiple_candidates,1,0,"[null, null, null, false, null, null, null]","[""C000010"", ""C000200"", ""C000210"", ""C000211"", ""C001210"", ""C010210"", ""C100210""]"
C000010,single_flip,[5],[],0,1,False,single_geometry_conditional,7,1,"[false, false, false, false, false, false, false]","[""C000000""]"
C000010,single_flip,[5],[],1,8,True,multiple_candidates,0,0,"[null, null, null, null, null, null, null]","[""C000000"", ""C000001"", ""C000010"", ""C000100"", ""C000200"", ""C001000"", ""C010000"", ""C100000""]"
C000010,single_flip,[6],[],0,1,False,single_geometry_conditional,7,1,"[false, false, false, false, false, true, true]","[""C000011""]"
C000010,single_flip,[6],[],1,7,True,multiple_candidates,1,0,"[null, null, null, false, null, null, null]","[""C000001"", ""C000010"", ""C000011"", ""C000211"", ""C001011"", ""C010011"", ""C100011""]"
C000010,single_missing,[],[0],0,2,True,multiple_candidates,6,0,"[null, false, false, false, false, true, false]","[""C000010"", ""C100010""]"
C000010,single_missing,[],[0],1,12,True,multiple_candidates,1,0,"[null, null, null, false, null, null, null]","[""C000000"", ""C000010"", ""C000011"", ""C000210"", ""C001010"", ""C010010"", ""C100000"", ""C100010"", ""C100011"", ""C100210"", ""C101010"", ""C110010""]"
C000010,single_missing,[],[1],0,2,True,multiple_candidates,6,0,"[false, null, false, false, false, true, false]","[""C000010"", ""C010010""]"
C000010,single_missing,[],[1],1,12,True,multiple_candidates,1,0,"[null, null, null, false, null, null, null]","[""C000000"", ""C000010"", ""C000011"", ""C000210"", ""C001010"", ""C010000"", ""C010010"", ""C010011"", ""C010210"", ""C011010"", ""C100010"", ""C110010""]"
C000010,single_missing,[],[2],0,2,True,multiple_candidates,6,0,"[false, false, null, false, false, true, false]","[""C000010"", ""C001010""]"
C000010,single_missing,[],[2],1,12,True,multiple_candidates,1,0,"[null, null, null, false, null, null, null]","[""C000000"", ""C000010"", ""C000011"", ""C000210"", ""C001000"", ""C001010"", ""C001011"", ""C001210"", ""C010010"", ""C011010"", ""C100010"", ""C101010""]"
C000010,single_missing,[],[3],0,1,True,single_geometry_conditional,7,0,"[false, false, false, false, false, true, false]","[""C000010""]"
C000010,single_missing,[],[3],1,8,True,multiple_candidates,0,0,"[null, null, null, null, null, null, null]","[""C000000"", ""C000010"", ""C000011"", ""C000100"", ""C000210"", ""C001010"", ""C010010"", ""C100010""]"
C000010,single_missing,[],[4],0,2,True,multiple_candidates,6,0,"[false, false, false, false, null, true, false]","[""C000010"", ""C000210""]"
C000010,single_missing,[],[4],1,12,True,multiple_candidates,1,0,"[null, null, null, false, null, null, null]","[""C000000"", ""C000010"", ""C000011"", ""C000200"", ""C000210"", ""C000211"", ""C001010"", ""C001210"", ""C010010"", ""C010210"", ""C100010"", ""C100210""]"
C000010,single_missing,[],[5],0,2,True,multiple_candidates,6,0,"[false, false, false, false, false, null, false]","[""C000000"", ""C000010""]"
C000010,single_missing,[],[5],1,13,True,multiple_candidates,0,0,"[null, null, null, null, null, null, null]","[""C000000"", ""C000001"", ""C000010"", ""C000011"", ""C000100"", ""C000200"", ""C000210"", ""C001000"", ""C001010"", ""C010000"", ""C010010"", ""C100000"", ""C100010""]"
C000010,single_missing,[],[6],0,2,True,multiple_candidates,6,0,"[false, false, false, false, false, true, null]","[""C000010"", ""C000011""]"
C000010,single_missing,[],[6],1,12,True,multiple_candidates,1,0,"[null, null, null, false, null, null, null]","[""C000000"", ""C000001"", ""C000010"", ""C000011"", ""C000210"", ""C000211"", ""C001010"", ""C001011"", ""C010010"", ""C010011"", ""C100010"", ""C100011""]"
C000010,double_distinct_flip,"[0, 1]",[],0,1,False,single_geometry_conditional,7,2,"[true, true, false, false, false, true, false]","[""C110010""]"
C000010,double_distinct_flip,"[0, 1]",[],1,6,False,multiple_candidates,2,0,"[null, null, false, false, null, null, null]","[""C010010"", ""C100010"", ""C110000"", ""C110010"", ""C110011"", ""C110210""]"
C000010,double_distinct_flip,"[0, 2]",[],0,1,False,single_geometry_conditional,7,2,"[true, false, true, false, false, true, false]","[""C101010""]"
C000010,double_distinct_flip,"[0, 2]",[],1,6,False,multiple_candidates,2,0,"[null, false, null, false, null, null, null]","[""C001010"", ""C100010"", ""C101000"", ""C101010"", ""C101011"", ""C101210""]"
C000010,double_distinct_flip,"[0, 3]",[],0,0,False,no_feasible_candidate,0,0,"[null, null, null, null, null, null, null]",[]
C000010,double_distinct_flip,"[0, 3]",[],1,2,False,multiple_candidates,5,1,"[true, false, false, null, false, null, false]","[""C100010"", ""C100100""]"
C000010,double_distinct_flip,"[0, 4]",[],0,1,False,single_geometry_conditional,7,2,"[true, false, false, false, true, true, false]","[""C100210""]"
C000010,double_distinct_flip,"[0, 4]",[],1,7,False,multiple_candidates,1,0,"[null, null, null, false, null, null, null]","[""C000210"", ""C100010"", ""C100200"", ""C100210"", ""C100211"", ""C101210"", ""C110210""]"
C000010,double_distinct_flip,"[0, 5]",[],0,1,False,single_geometry_conditional,7,2,"[true, false, false, false, false, false, false]","[""C100000""]"
C000010,double_distinct_flip,"[0, 5]",[],1,8,False,multiple_candidates,0,0,"[null, null, null, null, null, null, null]","[""C000000"", ""C100000"", ""C100001"", ""C100010"", ""C100100"", ""C100200"", ""C101000"", ""C110000""]"
C000010,double_distinct_flip,"[0, 6]",[],0,1,False,single_geometry_conditional,7,2,"[true, false, false, false, false, true, true]","[""C100011""]"
C000010,double_distinct_flip,"[0, 6]",[],1,7,False,multiple_candidates,1,0,"[null, null, null, false, null, null, null]","[""C000011"", ""C100001"", ""C100010"", ""C100011"", ""C100211"", ""C101011"", ""C110011""]"
C000010,double_distinct_flip,"[1, 2]",[],0,1,False,single_geometry_conditional,7,2,"[false, true, true, false, false, true, false]","[""C011010""]"
C000010,double_distinct_flip,"[1, 2]",[],1,6,False,multiple_candidates,2,0,"[false, null, null, false, null, null, null]","[""C001010"", ""C010010"", ""C011000"", ""C011010"", ""C011011"", ""C011210""]"
C000010,double_distinct_flip,"[1, 3]",[],0,0,False,no_feasible_candidate,0,0,"[null, null, null, null, null, null, null]",[]
C000010,double_distinct_flip,"[1, 3]",[],1,2,False,multiple_candidates,5,1,"[false, true, false, null, false, null, false]","[""C010010"", ""C010100""]"
C000010,double_distinct_flip,"[1, 4]",[],0,1,False,single_geometry_conditional,7,2,"[false, true, false, false, true, true, false]","[""C010210""]"
C000010,double_distinct_flip,"[1, 4]",[],1,7,False,multiple_candidates,1,0,"[null, null, null, false, null, null, null]","[""C000210"", ""C010010"", ""C010200"", ""C010210"", ""C010211"", ""C011210"", ""C110210""]"
C000010,double_distinct_flip,"[1, 5]",[],0,1,False,single_geometry_conditional,7,2,"[false, true, false, false, false, false, false]","[""C010000""]"
C000010,double_distinct_flip,"[1, 5]",[],1,8,False,multiple_candidates,0,0,"[null, null, null, null, null, null, null]","[""C000000"", ""C010000"", ""C010001"", ""C010010"", ""C010100"", ""C010200"", ""C011000"", ""C110000""]"
C000010,double_distinct_flip,"[1, 6]",[],0,1,False,single_geometry_conditional,7,2,"[false, true, false, false, false, true, true]","[""C010011""]"
C000010,double_distinct_flip,"[1, 6]",[],1,7,False,multiple_candidates,1,0,"[null, null, null, false, null, null, null]","[""C000011"", ""C010001"", ""C010010"", ""C010011"", ""C010211"", ""C011011"", ""C110011""]"
C000010,double_distinct_flip,"[2, 3]",[],0,0,False,no_feasible_candidate,0,0,"[null, null, null, null, null, null, null]",[]
C000010,double_distinct_flip,"[2, 3]",[],1,2,False,multiple_candidates,5,1,"[false, false, true, null, false, null, false]","[""C001010"", ""C001100""]"
C000010,double_distinct_flip,"[2, 4]",[],0,1,False,single_geometry_conditional,7,2,"[false, false, true, false, true, true, false]","[""C001210""]"
C000010,double_distinct_flip,"[2, 4]",[],1,7,False,multiple_candidates,1,0,"[null, null, null, false, null, null, null]","[""C000210"", ""C001010"", ""C001200"", ""C001210"", ""C001211"", ""C011210"", ""C101210""]"
C000010,double_distinct_flip,"[2, 5]",[],0,1,False,single_geometry_conditional,7,2,"[false, false, true, false, false, false, false]","[""C001000""]"
C000010,double_distinct_flip,"[2, 5]",[],1,8,False,multiple_candidates,0,0,"[null, null, null, null, null, null, null]","[""C000000"", ""C001000"", ""C001001"", ""C001010"", ""C001100"", ""C001200"", ""C011000"", ""C101000""]"
C000010,double_distinct_flip,"[2, 6]",[],0,1,False,compatibility_unresolved,7,2,"[false, false, true, false, false, true, true]","[""C001011""]"
C000010,double_distinct_flip,"[2, 6]",[],1,7,False,multiple_candidates,1,0,"[null, null, null, false, null, null, null]","[""C000011"", ""C001001"", ""C001010"", ""C001011"", ""C001211"", ""C011011"", ""C101011""]"
C000010,double_distinct_flip,"[3, 4]",[],0,0,False,no_feasible_candidate,0,0,"[null, null, null, null, null, null, null]",[]
C000010,double_distinct_flip,"[3, 4]",[],1,1,False,single_geometry_conditional,7,1,"[false, false, false, false, true, true, false]","[""C000210""]"
C000010,double_distinct_flip,"[3, 5]",[],0,1,False,single_geometry_conditional,7,2,"[false, false, false, true, false, false, false]","[""C000100""]"
C000010,double_distinct_flip,"[3, 5]",[],1,6,False,multiple_candidates,2,1,"[null, null, null, null, false, false, null]","[""C000000"", ""C000100"", ""C000101"", ""C001100"", ""C010100"", ""C100100""]"
C000010,double_distinct_flip,"[3, 6]",[],0,0,False,no_feasible_candidate,0,0,"[null, null, null, null, null, null, null]",[]
C000010,double_distinct_flip,"[3, 6]",[],1,2,False,multiple_candidates,5,1,"[false, false, false, null, false, null, true]","[""C000011"", ""C000101""]"
C000010,double_distinct_flip,"[4, 5]",[],0,1,False,single_geometry_conditional,7,2,"[false, false, false, false, true, false, false]","[""C000200""]"
C000010,double_distinct_flip,"[4, 5]",[],1,7,False,multiple_candidates,1,0,"[null, null, null, false, null, null, null]","[""C000000"", ""C000200"", ""C000201"", ""C000210"", ""C001200"", ""C010200"", ""C100200""]"
C000010,double_distinct_flip,"[4, 6]",[],0,1,False,single_geometry_conditional,7,2,"[false, false, false, false, true, true, true]","[""C000211""]"
C000010,double_distinct_flip,"[4, 6]",[],1,7,False,multiple_candidates,1,0,"[null, null, null, false, null, null, null]","[""C000011"", ""C000201"", ""C000210"", ""C000211"", ""C001211"", ""C010211"", ""C100211""]"
C000010,double_distinct_flip,"[5, 6]",[],0,1,False,single_geometry_conditional,7,2,"[false, false, false, false, false, false, true]","[""C000001""]"
C000010,double_distinct_flip,"[5, 6]",[],1,8,False,multiple_candidates,0,0,"[null, null, null, null, null, null, null]","[""C000000"", ""C000001"", ""C000011"", ""C000101"", ""C000201"", ""C001001"", ""C010001"", ""C100001""]"
C000011,clean,[],[],0,1,True,single_geometry_conditional,7,0,"[false, false, false, false, false, true, true]","[""C000011""]"
C000011,clean,[],[],1,7,True,multiple_candidates,1,0,"[null, null, null, false, null, null, null]","[""C000001"", ""C000010"", ""C000011"", ""C000211"", ""C001011"", ""C010011"", ""C100011""]"
C000011,single_flip,[0],[],0,1,False,single_geometry_conditional,7,1,"[true, false, false, false, false, true, true]","[""C100011""]"
C000011,single_flip,[0],[],1,7,True,multiple_candidates,1,0,"[null, null, null, false, null, null, null]","[""C000011"", ""C100001"", ""C100010"", ""C100011"", ""C100211"", ""C101011"", ""C110011""]"
C000011,single_flip,[1],[],0,1,False,single_geometry_conditional,7,1,"[false, true, false, false, false, true, true]","[""C010011""]"
C000011,single_flip,[1],[],1,7,True,multiple_candidates,1,0,"[null, null, null, false, null, null, null]","[""C000011"", ""C010001"", ""C010010"", ""C010011"", ""C010211"", ""C011011"", ""C110011""]"
C000011,single_flip,[2],[],0,1,False,compatibility_unresolved,7,1,"[false, false, true, false, false, true, true]","[""C001011""]"
C000011,single_flip,[2],[],1,7,True,multiple_candidates,1,0,"[null, null, null, false, null, null, null]","[""C000011"", ""C001001"", ""C001010"", ""C001011"", ""C001211"", ""C011011"", ""C101011""]"
C000011,single_flip,[3],[],0,0,False,no_feasible_candidate,0,0,"[null, null, null, null, null, null, null]",[]
C000011,single_flip,[3],[],1,2,True,multiple_candidates,5,0,"[false, false, false, null, false, null, true]","[""C000011"", ""C000101""]"
C000011,single_flip,[4],[],0,1,False,single_geometry_conditional,7,1,"[false, false, false, false, true, true, true]","[""C000211""]"
C000011,single_flip,[4],[],1,7,True,multiple_candidates,1,0,"[null, null, null, false, null, null, null]","[""C000011"", ""C000201"", ""C000210"", ""C000211"", ""C001211"", ""C010211"", ""C100211""]"
C000011,single_flip,[5],[],0,1,False,single_geometry_conditional,7,1,"[false, false, false, false, false, false, true]","[""C000001""]"
C000011,single_flip,[5],[],1,8,True,multiple_candidates,0,0,"[null, null, null, null, null, null, null]","[""C000000"", ""C000001"", ""C000011"", ""C000101"", ""C000201"", ""C001001"", ""C010001"", ""C100001""]"
C000011,single_flip,[6],[],0,1,False,single_geometry_conditional,7,1,"[false, false, false, false, false, true, false]","[""C000010""]"
C000011,single_flip,[6],[],1,7,True,multiple_candidates,1,0,"[null, null, null, false, null, null, null]","[""C000000"", ""C000010"", ""C000011"", ""C000210"", ""C001010"", ""C010010"", ""C100010""]"
C000011,single_missing,[],[0],0,2,True,multiple_candidates,6,0,"[null, false, false, false, false, true, true]","[""C000011"", ""C100011""]"
C000011,single_missing,[],[0],1,12,True,multiple_candidates,1,0,"[null, null, null, false, null, null, null]","[""C000001"", ""C000010"", ""C000011"", ""C000211"", ""C001011"", ""C010011"", ""C100001"", ""C100010"", ""C100011"", ""C100211"", ""C101011"", ""C110011""]"
C000011,single_missing,[],[1],0,2,True,multiple_candidates,6,0,"[false, null, false, false, false, true, true]","[""C000011"", ""C010011""]"
C000011,single_missing,[],[1],1,12,True,multiple_candidates,1,0,"[null, null, null, false, null, null, null]","[""C000001"", ""C000010"", ""C000011"", ""C000211"", ""C001011"", ""C010001"", ""C010010"", ""C010011"", ""C010211"", ""C011011"", ""C100011"", ""C110011""]"
C000011,single_missing,[],[2],0,2,True,multiple_candidates,6,0,"[false, false, null, false, false, true, true]","[""C000011"", ""C001011""]"
C000011,single_missing,[],[2],1,12,True,multiple_candidates,1,0,"[null, null, null, false, null, null, null]","[""C000001"", ""C000010"", ""C000011"", ""C000211"", ""C001001"", ""C001010"", ""C001011"", ""C001211"", ""C010011"", ""C011011"", ""C100011"", ""C101011""]"
C000011,single_missing,[],[3],0,1,True,single_geometry_conditional,7,0,"[false, false, false, false, false, true, true]","[""C000011""]"
C000011,single_missing,[],[3],1,8,True,multiple_candidates,0,0,"[null, null, null, null, null, null, null]","[""C000001"", ""C000010"", ""C000011"", ""C000101"", ""C000211"", ""C001011"", ""C010011"", ""C100011""]"
C000011,single_missing,[],[4],0,2,True,multiple_candidates,6,0,"[false, false, false, false, null, true, true]","[""C000011"", ""C000211""]"
C000011,single_missing,[],[4],1,12,True,multiple_candidates,1,0,"[null, null, null, false, null, null, null]","[""C000001"", ""C000010"", ""C000011"", ""C000201"", ""C000210"", ""C000211"", ""C001011"", ""C001211"", ""C010011"", ""C010211"", ""C100011"", ""C100211""]"
C000011,single_missing,[],[5],0,2,True,multiple_candidates,6,0,"[false, false, false, false, false, null, true]","[""C000001"", ""C000011""]"
C000011,single_missing,[],[5],1,13,True,multiple_candidates,0,0,"[null, null, null, null, null, null, null]","[""C000000"", ""C000001"", ""C000010"", ""C000011"", ""C000101"", ""C000201"", ""C000211"", ""C001001"", ""C001011"", ""C010001"", ""C010011"", ""C100001"", ""C100011""]"
C000011,single_missing,[],[6],0,2,True,multiple_candidates,6,0,"[false, false, false, false, false, true, null]","[""C000010"", ""C000011""]"
C000011,single_missing,[],[6],1,12,True,multiple_candidates,1,0,"[null, null, null, false, null, null, null]","[""C000000"", ""C000001"", ""C000010"", ""C000011"", ""C000210"", ""C000211"", ""C001010"", ""C001011"", ""C010010"", ""C010011"", ""C100010"", ""C100011""]"
C000011,double_distinct_flip,"[0, 1]",[],0,1,False,single_geometry_conditional,7,2,"[true, true, false, false, false, true, true]","[""C110011""]"
C000011,double_distinct_flip,"[0, 1]",[],1,6,False,multiple_candidates,2,0,"[null, null, false, false, null, null, null]","[""C010011"", ""C100011"", ""C110001"", ""C110010"", ""C110011"", ""C110211""]"
C000011,double_distinct_flip,"[0, 2]",[],0,1,False,compatibility_unresolved,7,2,"[true, false, true, false, false, true, true]","[""C101011""]"
C000011,double_distinct_flip,"[0, 2]",[],1,6,False,multiple_candidates,2,0,"[null, false, null, false, null, null, null]","[""C001011"", ""C100011"", ""C101001"", ""C101010"", ""C101011"", ""C101211""]"
C000011,double_distinct_flip,"[0, 3]",[],0,0,False,no_feasible_candidate,0,0,"[null, null, null, null, null, null, null]",[]
C000011,double_distinct_flip,"[0, 3]",[],1,2,False,multiple_candidates,5,1,"[true, false, false, null, false, null, true]","[""C100011"", ""C100101""]"
C000011,double_distinct_flip,"[0, 4]",[],0,1,False,single_geometry_conditional,7,2,"[true, false, false, false, true, true, true]","[""C100211""]"
C000011,double_distinct_flip,"[0, 4]",[],1,7,False,multiple_candidates,1,0,"[null, null, null, false, null, null, null]","[""C000211"", ""C100011"", ""C100201"", ""C100210"", ""C100211"", ""C101211"", ""C110211""]"
C000011,double_distinct_flip,"[0, 5]",[],0,1,False,single_geometry_conditional,7,2,"[true, false, false, false, false, false, true]","[""C100001""]"
C000011,double_distinct_flip,"[0, 5]",[],1,8,False,multiple_candidates,0,0,"[null, null, null, null, null, null, null]","[""C000001"", ""C100000"", ""C100001"", ""C100011"", ""C100101"", ""C100201"", ""C101001"", ""C110001""]"
C000011,double_distinct_flip,"[0, 6]",[],0,1,False,single_geometry_conditional,7,2,"[true, false, false, false, false, true, false]","[""C100010""]"
C000011,double_distinct_flip,"[0, 6]",[],1,7,False,multiple_candidates,1,0,"[null, null, null, false, null, null, null]","[""C000010"", ""C100000"", ""C100010"", ""C100011"", ""C100210"", ""C101010"", ""C110010""]"
C000011,double_distinct_flip,"[1, 2]",[],0,1,False,compatibility_unresolved,7,2,"[false, true, true, false, false, true, true]","[""C011011""]"
C000011,double_distinct_flip,"[1, 2]",[],1,6,False,multiple_candidates,2,0,"[false, null, null, false, null, null, null]","[""C001011"", ""C010011"", ""C011001"", ""C011010"", ""C011011"", ""C011211""]"
C000011,double_distinct_flip,"[1, 3]",[],0,0,False,no_feasible_candidate,0,0,"[null, null, null, null, null, null, null]",[]
C000011,double_distinct_flip,"[1, 3]",[],1,2,False,multiple_candidates,5,1,"[false, true, false, null, false, null, true]","[""C010011"", ""C010101""]"
C000011,double_distinct_flip,"[1, 4]",[],0,1,False,single_geometry_conditional,7,2,"[false, true, false, false, true, true, true]","[""C010211""]"
C000011,double_distinct_flip,"[1, 4]",[],1,7,False,multiple_candidates,1,0,"[null, null, null, false, null, null, null]","[""C000211"", ""C010011"", ""C010201"", ""C010210"", ""C010211"", ""C011211"", ""C110211""]"
C000011,double_distinct_flip,"[1, 5]",[],0,1,False,single_geometry_conditional,7,2,"[false, true, false, false, false, false, true]","[""C010001""]"
C000011,double_distinct_flip,"[1, 5]",[],1,8,False,multiple_candidates,0,0,"[null, null, null, null, null, null, null]","[""C000001"", ""C010000"", ""C010001"", ""C010011"", ""C010101"", ""C010201"", ""C011001"", ""C110001""]"
C000011,double_distinct_flip,"[1, 6]",[],0,1,False,single_geometry_conditional,7,2,"[false, true, false, false, false, true, false]","[""C010010""]"
C000011,double_distinct_flip,"[1, 6]",[],1,7,False,multiple_candidates,1,0,"[null, null, null, false, null, null, null]","[""C000010"", ""C010000"", ""C010010"", ""C010011"", ""C010210"", ""C011010"", ""C110010""]"
C000011,double_distinct_flip,"[2, 3]",[],0,0,False,no_feasible_candidate,0,0,"[null, null, null, null, null, null, null]",[]
C000011,double_distinct_flip,"[2, 3]",[],1,2,False,multiple_candidates,5,1,"[false, false, true, null, false, null, true]","[""C001011"", ""C001101""]"
C000011,double_distinct_flip,"[2, 4]",[],0,1,False,compatibility_unresolved,7,2,"[false, false, true, false, true, true, true]","[""C001211""]"
C000011,double_distinct_flip,"[2, 4]",[],1,7,False,multiple_candidates,1,0,"[null, null, null, false, null, null, null]","[""C000211"", ""C001011"", ""C001201"", ""C001210"", ""C001211"", ""C011211"", ""C101211""]"
C000011,double_distinct_flip,"[2, 5]",[],0,1,False,compatibility_unresolved,7,2,"[false, false, true, false, false, false, true]","[""C001001""]"
C000011,double_distinct_flip,"[2, 5]",[],1,8,False,multiple_candidates,0,0,"[null, null, null, null, null, null, null]","[""C000001"", ""C001000"", ""C001001"", ""C001011"", ""C001101"", ""C001201"", ""C011001"", ""C101001""]"
C000011,double_distinct_flip,"[2, 6]",[],0,1,False,single_geometry_conditional,7,2,"[false, false, true, false, false, true, false]","[""C001010""]"
C000011,double_distinct_flip,"[2, 6]",[],1,7,False,multiple_candidates,1,0,"[null, null, null, false, null, null, null]","[""C000010"", ""C001000"", ""C001010"", ""C001011"", ""C001210"", ""C011010"", ""C101010""]"
C000011,double_distinct_flip,"[3, 4]",[],0,0,False,no_feasible_candidate,0,0,"[null, null, null, null, null, null, null]",[]
C000011,double_distinct_flip,"[3, 4]",[],1,1,False,single_geometry_conditional,7,1,"[false, false, false, false, true, true, true]","[""C000211""]"
C000011,double_distinct_flip,"[3, 5]",[],0,1,False,single_geometry_conditional,7,2,"[false, false, false, true, false, false, true]","[""C000101""]"
C000011,double_distinct_flip,"[3, 5]",[],1,6,False,multiple_candidates,2,1,"[null, null, null, null, false, false, null]","[""C000001"", ""C000100"", ""C000101"", ""C001101"", ""C010101"", ""C100101""]"
C000011,double_distinct_flip,"[3, 6]",[],0,0,False,no_feasible_candidate,0,0,"[null, null, null, null, null, null, null]",[]
C000011,double_distinct_flip,"[3, 6]",[],1,2,False,multiple_candidates,5,1,"[false, false, false, null, false, null, false]","[""C000010"", ""C000100""]"
C000011,double_distinct_flip,"[4, 5]",[],0,1,False,single_geometry_conditional,7,2,"[false, false, false, false, true, false, true]","[""C000201""]"
C000011,double_distinct_flip,"[4, 5]",[],1,7,False,multiple_candidates,1,0,"[null, null, null, false, null, null, null]","[""C000001"", ""C000200"", ""C000201"", ""C000211"", ""C001201"", ""C010201"", ""C100201""]"
C000011,double_distinct_flip,"[4, 6]",[],0,1,False,single_geometry_conditional,7,2,"[false, false, false, false, true, true, false]","[""C000210""]"
C000011,double_distinct_flip,"[4, 6]",[],1,7,False,multiple_candidates,1,0,"[null, null, null, false, null, null, null]","[""C000010"", ""C000200"", ""C000210"", ""C000211"", ""C001210"", ""C010210"", ""C100210""]"
C000011,double_distinct_flip,"[5, 6]",[],0,1,False,single_geometry_conditional,7,2,"[false, false, false, false, false, false, false]","[""C000000""]"
C000011,double_distinct_flip,"[5, 6]",[],1,8,False,multiple_candidates,0,0,"[null, null, null, null, null, null, null]","[""C000000"", ""C000001"", ""C000010"", ""C000100"", ""C000200"", ""C001000"", ""C010000"", ""C100000""]"
C000100,clean,[],[],0,1,True,single_geometry_conditional,7,0,"[false, false, false, true, false, false, false]","[""C000100""]"
C000100,clean,[],[],1,6,True,multiple_candidates,2,0,"[null, null, null, null, false, false, null]","[""C000000"", ""C000100"", ""C000101"", ""C001100"", ""C010100"", ""C100100""]"
C000100,single_flip,[0],[],0,1,False,single_geometry_conditional,7,1,"[true, false, false, true, false, false, false]","[""C100100""]"
C000100,single_flip,[0],[],1,6,True,multiple_candidates,2,0,"[null, null, null, null, false, false, null]","[""C000100"", ""C100000"", ""C100100"", ""C100101"", ""C101100"", ""C110100""]"
C000100,single_flip,[1],[],0,1,False,single_geometry_conditional,7,1,"[false, true, false, true, false, false, false]","[""C010100""]"
C000100,single_flip,[1],[],1,6,True,multiple_candidates,2,0,"[null, null, null, null, false, false, null]","[""C000100"", ""C010000"", ""C010100"", ""C010101"", ""C011100"", ""C110100""]"
C000100,single_flip,[2],[],0,1,False,single_geometry_conditional,7,1,"[false, false, true, true, false, false, false]","[""C001100""]"
C000100,single_flip,[2],[],1,6,True,multiple_candidates,2,0,"[null, null, null, null, false, false, null]","[""C000100"", ""C001000"", ""C001100"", ""C001101"", ""C011100"", ""C101100""]"
C000100,single_flip,[3],[],0,1,False,single_geometry_conditional,7,1,"[false, false, false, false, false, false, false]","[""C000000""]"
C000100,single_flip,[3],[],1,8,True,multiple_candidates,0,0,"[null, null, null, null, null, null, null]","[""C000000"", ""C000001"", ""C000010"", ""C000100"", ""C000200"", ""C001000"", ""C010000"", ""C100000""]"
C000100,single_flip,[4],[],0,0,False,no_feasible_candidate,0,0,"[null, null, null, null, null, null, null]",[]
C000100,single_flip,[4],[],1,2,True,multiple_candidates,5,0,"[false, false, false, null, null, false, false]","[""C000100"", ""C000200""]"
C000100,single_flip,[5],[],0,0,False,no_feasible_candidate,0,0,"[null, null, null, null, null, null, null]",[]
C000100,single_flip,[5],[],1,2,True,multiple_candidates,5,0,"[false, false, false, null, false, null, false]","[""C000010"", ""C000100""]"
C000100,single_flip,[6],[],0,1,False,single_geometry_conditional,7,1,"[false, false, false, true, false, false, true]","[""C000101""]"
C000100,single_flip,[6],[],1,6,True,multiple_candidates,2,0,"[null, null, null, null, false, false, null]","[""C000001"", ""C000100"", ""C000101"", ""C001101"", ""C010101"", ""C100101""]"
C000100,single_missing,[],[0],0,2,True,multiple_candidates,6,0,"[null, false, false, true, false, false, false]","[""C000100"", ""C100100""]"
C000100,single_missing,[],[0],1,10,True,multiple_candidates,2,0,"[null, null, null, null, false, false, null]","[""C000000"", ""C000100"", ""C000101"", ""C001100"", ""C010100"", ""C100000"", ""C100100"", ""C100101"", ""C101100"", ""C110100""]"
C000100,single_missing,[],[1],0,2,True,multiple_candidates,6,0,"[false, null, false, true, false, false, false]","[""C000100"", ""C010100""]"
C000100,single_missing,[],[1],1,10,True,multiple_candidates,2,0,"[null, null, null, null, false, false, null]","[""C000000"", ""C000100"", ""C000101"", ""C001100"", ""C010000"", ""C010100"", ""C010101"", ""C011100"", ""C100100"", ""C110100""]"
C000100,single_missing,[],[2],0,2,True,multiple_candidates,6,0,"[false, false, null, true, false, false, false]","[""C000100"", ""C001100""]"
C000100,single_missing,[],[2],1,10,True,multiple_candidates,2,0,"[null, null, null, null, false, false, null]","[""C000000"", ""C000100"", ""C000101"", ""C001000"", ""C001100"", ""C001101"", ""C010100"", ""C011100"", ""C100100"", ""C101100""]"
C000100,single_missing,[],[3],0,2,True,multiple_candidates,6,0,"[false, false, false, null, false, false, false]","[""C000000"", ""C000100""]"
C000100,single_missing,[],[3],1,12,True,multiple_candidates,0,0,"[null, null, null, null, null, null, null]","[""C000000"", ""C000001"", ""C000010"", ""C000100"", ""C000101"", ""C000200"", ""C001000"", ""C001100"", ""C010000"", ""C010100"", ""C100000"", ""C100100""]"
C000100,single_missing,[],[4],0,1,True,single_geometry_conditional,7,0,"[false, false, false, true, false, false, false]","[""C000100""]"
C000100,single_missing,[],[4],1,7,True,multiple_candidates,1,0,"[null, null, null, null, null, false, null]","[""C000000"", ""C000100"", ""C000101"", ""C000200"", ""C001100"", ""C010100"", ""C100100""]"
C000100,single_missing,[],[5],0,1,True,single_geometry_conditional,7,0,"[false, false, false, true, false, false, false]","[""C000100""]"
C000100,single_missing,[],[5],1,7,True,multiple_candidates,1,0,"[null, null, null, null, false, null, null]","[""C000000"", ""C000010"", ""C000100"", ""C000101"", ""C001100"", ""C010100"", ""C100100""]"
C000100,single_missing,[],[6],0,2,True,multiple_candidates,6,0,"[false, false, false, true, false, false, null]","[""C000100"", ""C000101""]"
C000100,single_missing,[],[6],1,10,True,multiple_candidates,2,0,"[null, null, null, null, false, false, null]","[""C000000"", ""C000001"", ""C000100"", ""C000101"", ""C001100"", ""C001101"", ""C010100"", ""C010101"", ""C100100"", ""C100101""]"
C000100,double_distinct_flip,"[0, 1]",[],0,1,False,single_geometry_conditional,7,2,"[true, true, false, true, false, false, false]","[""C110100""]"
C000100,double_distinct_flip,"[0, 1]",[],1,5,False,multiple_candidates,3,0,"[null, null, false, null, false, false, null]","[""C010100"", ""C100100"", ""C110000"", ""C110100"", ""C110101""]"
C000100,double_distinct_flip,"[0, 2]",[],0,1,False,single_geometry_conditional,7,2,"[true, false, true, true, false, false, false]","[""C101100""]"
C000100,double_distinct_flip,"[0, 2]",[],1,5,False,multiple_candidates,3,0,"[null, false, null, null, false, false, null]","[""C001100"", ""C100100"", ""C101000"", ""C101100"", ""C101101""]"
C000100,double_distinct_flip,"[0, 3]",[],0,1,False,single_geometry_conditional,7,2,"[true, false, false, false, false, false, false]","[""C100000""]"
C000100,double_distinct_flip,"[0, 3]",[],1,8,False,multiple_candidates,0,0,"[null, null, null, null, null, null, null]","[""C000000"", ""C100000"", ""C100001"", ""C100010"", ""C100100"", ""C100200"", ""C101000"", ""C110000""]"
C000100,double_distinct_flip,"[0, 4]",[],0,0,False,no_feasible_candidate,0,0,"[null, null, null, null, null, null, null]",[]
C000100,double_distinct_flip,"[0, 4]",[],1,2,False,multiple_candidates,5,1,"[true, false, false, null, null, false, false]","[""C100100"", ""C100200""]"
C000100,double_distinct_flip,"[0, 5]",[],0,0,False,no_feasible_candidate,0,0,"[null, null, null, null, null, null, null]",[]
C000100,double_distinct_flip,"[0, 5]",[],1,2,False,multiple_candidates,5,1,"[true, false, false, null, false, null, false]","[""C100010"", ""C100100""]"
C000100,double_distinct_flip,"[0, 6]",[],0,1,False,single_geometry_conditional,7,2,"[true, false, false, true, false, false, true]","[""C100101""]"
C000100,double_distinct_flip,"[0, 6]",[],1,6,False,multiple_candidates,2,0,"[null, null, null, null, false, false, null]","[""C000101"", ""C100001"", ""C100100"", ""C100101"", ""C101101"", ""C110101""]"
C000100,double_distinct_flip,"[1, 2]",[],0,1,False,single_geometry_conditional,7,2,"[false, true, true, true, false, false, false]","[""C011100""]"
C000100,double_distinct_flip,"[1, 2]",[],1,5,False,multiple_candidates,3,0,"[false, null, null, null, false, false, null]","[""C001100"", ""C010100"", ""C011000"", ""C011100"", ""C011101""]"
C000100,double_distinct_flip,"[1, 3]",[],0,1,False,single_geometry_conditional,7,2,"[false, true, false, false, false, false, false]","[""C010000""]"
C000100,double_distinct_flip,"[1, 3]",[],1,8,False,multiple_candidates,0,0,"[null, null, null, null, null, null, null]","[""C000000"", ""C010000"", ""C010001"", ""C010010"", ""C010100"", ""C010200"", ""C011000"", ""C110000""]"
C000100,double_distinct_flip,"[1, 4]",[],0,0,False,no_feasible_candidate,0,0,"[null, null, null, null, null, null, null]",[]
C000100,double_distinct_flip,"[1, 4]",[],1,2,False,multiple_candidates,5,1,"[false, true, false, null, null, false, false]","[""C010100"", ""C010200""]"
C000100,double_distinct_flip,"[1, 5]",[],0,0,False,no_feasible_candidate,0,0,"[null, null, null, null, null, null, null]",[]
C000100,double_distinct_flip,"[1, 5]",[],1,2,False,multiple_candidates,5,1,"[false, true, false, null, false, null, false]","[""C010010"", ""C010100""]"
C000100,double_distinct_flip,"[1, 6]",[],0,1,False,single_geometry_conditional,7,2,"[false, true, false, true, false, false, true]","[""C010101""]"
C000100,double_distinct_flip,"[1, 6]",[],1,6,False,multiple_candidates,2,0,"[null, null, null, null, false, false, null]","[""C000101"", ""C010001"", ""C010100"", ""C010101"", ""C011101"", ""C110101""]"
C000100,double_distinct_flip,"[2, 3]",[],0,1,False,single_geometry_conditional,7,2,"[false, false, true, false, false, false, false]","[""C001000""]"
C000100,double_distinct_flip,"[2, 3]",[],1,8,False,multiple_candidates,0,0,"[null, null, null, null, null, null, null]","[""C000000"", ""C001000"", ""C001001"", ""C001010"", ""C001100"", ""C001200"", ""C011000"", ""C101000""]"
C000100,double_distinct_flip,"[2, 4]",[],0,0,False,no_feasible_candidate,0,0,"[null, null, null, null, null, null, null]",[]
C000100,double_distinct_flip,"[2, 4]",[],1,2,False,multiple_candidates,5,1,"[false, false, true, null, null, false, false]","[""C001100"", ""C001200""]"
C000100,double_distinct_flip,"[2, 5]",[],0,0,False,no_feasible_candidate,0,0,"[null, null, null, null, null, null, null]",[]
C000100,double_distinct_flip,"[2, 5]",[],1,2,False,multiple_candidates,5,1,"[false, false, true, null, false, null, false]","[""C001010"", ""C001100""]"
C000100,double_distinct_flip,"[2, 6]",[],0,1,False,compatibility_unresolved,7,2,"[false, false, true, true, false, false, true]","[""C001101""]"
C000100,double_distinct_flip,"[2, 6]",[],1,6,False,multiple_candidates,2,0,"[null, null, null, null, false, false, null]","[""C000101"", ""C001001"", ""C001100"", ""C001101"", ""C011101"", ""C101101""]"
C000100,double_distinct_flip,"[3, 4]",[],0,1,False,single_geometry_conditional,7,2,"[false, false, false, false, true, false, false]","[""C000200""]"
C000100,double_distinct_flip,"[3, 4]",[],1,7,False,multiple_candidates,1,1,"[null, null, null, false, null, null, null]","[""C000000"", ""C000200"", ""C000201"", ""C000210"", ""C001200"", ""C010200"", ""C100200""]"
C000100,double_distinct_flip,"[3, 5]",[],0,1,False,single_geometry_conditional,7,2,"[false, false, false, false, false, true, false]","[""C000010""]"
C000100,double_distinct_flip,"[3, 5]",[],1,7,False,multiple_candidates,1,1,"[null, null, null, false, null, null, null]","[""C000000"", ""C000010"", ""C000011"", ""C000210"", ""C001010"", ""C010010"", ""C100010""]"
C000100,double_distinct_flip,"[3, 6]",[],0,1,False,single_geometry_conditional,7,2,"[false, false, false, false, false, false, true]","[""C000001""]"
C000100,double_distinct_flip,"[3, 6]",[],1,8,False,multiple_candidates,0,0,"[null, null, null, null, null, null, null]","[""C000000"", ""C000001"", ""C000011"", ""C000101"", ""C000201"", ""C001001"", ""C010001"", ""C100001""]"
C000100,double_distinct_flip,"[4, 5]",[],0,0,False,no_feasible_candidate,0,0,"[null, null, null, null, null, null, null]",[]
C000100,double_distinct_flip,"[4, 5]",[],1,1,False,single_geometry_conditional,7,3,"[false, false, false, false, true, true, false]","[""C000210""]"
C000100,double_distinct_flip,"[4, 6]",[],0,0,False,no_feasible_candidate,0,0,"[null, null, null, null, null, null, null]",[]
C000100,double_distinct_flip,"[4, 6]",[],1,2,False,multiple_candidates,5,1,"[false, false, false, null, null, false, true]","[""C000101"", ""C000201""]"
C000100,double_distinct_flip,"[5, 6]",[],0,0,False,no_feasible_candidate,0,0,"[null, null, null, null, null, null, null]",[]
C000100,double_distinct_flip,"[5, 6]",[],1,2,False,multiple_candidates,5,1,"[false, false, false, null, false, null, true]","[""C000011"", ""C000101""]"
C000101,clean,[],[],0,1,True,single_geometry_conditional,7,0,"[false, false, false, true, false, false, true]","[""C000101""]"
C000101,clean,[],[],1,6,True,multiple_candidates,2,0,"[null, null, null, null, false, false, null]","[""C000001"", ""C000100"", ""C000101"", ""C001101"", ""C010101"", ""C100101""]"
C000101,single_flip,[0],[],0,1,False,single_geometry_conditional,7,1,"[true, false, false, true, false, false, true]","[""C100101""]"
C000101,single_flip,[0],[],1,6,True,multiple_candidates,2,0,"[null, null, null, null, false, false, null]","[""C000101"", ""C100001"", ""C100100"", ""C100101"", ""C101101"", ""C110101""]"
C000101,single_flip,[1],[],0,1,False,single_geometry_conditional,7,1,"[false, true, false, true, false, false, true]","[""C010101""]"
C000101,single_flip,[1],[],1,6,True,multiple_candidates,2,0,"[null, null, null, null, false, false, null]","[""C000101"", ""C010001"", ""C010100"", ""C010101"", ""C011101"", ""C110101""]"
C000101,single_flip,[2],[],0,1,False,compatibility_unresolved,7,1,"[false, false, true, true, false, false, true]","[""C001101""]"
C000101,single_flip,[2],[],1,6,True,multiple_candidates,2,0,"[null, null, null, null, false, false, null]","[""C000101"", ""C001001"", ""C001100"", ""C001101"", ""C011101"", ""C101101""]"
C000101,single_flip,[3],[],0,1,False,single_geometry_conditional,7,1,"[false, false, false, false, false, false, true]","[""C000001""]"
C000101,single_flip,[3],[],1,8,True,multiple_candidates,0,0,"[null, null, null, null, null, null, null]","[""C000000"", ""C000001"", ""C000011"", ""C000101"", ""C000201"", ""C001001"", ""C010001"", ""C100001""]"
C000101,single_flip,[4],[],0,0,False,no_feasible_candidate,0,0,"[null, null, null, null, null, null, null]",[]
C000101,single_flip,[4],[],1,2,True,multiple_candidates,5,0,"[false, false, false, null, null, false, true]","[""C000101"", ""C000201""]"
C000101,single_flip,[5],[],0,0,False,no_feasible_candidate,0,0,"[null, null, null, null, null, null, null]",[]
C000101,single_flip,[5],[],1,2,True,multiple_candidates,5,0,"[false, false, false, null, false, null, true]","[""C000011"", ""C000101""]"
C000101,single_flip,[6],[],0,1,False,single_geometry_conditional,7,1,"[false, false, false, true, false, false, false]","[""C000100""]"
C000101,single_flip,[6],[],1,6,True,multiple_candidates,2,0,"[null, null, null, null, false, false, null]","[""C000000"", ""C000100"", ""C000101"", ""C001100"", ""C010100"", ""C100100""]"
C000101,single_missing,[],[0],0,2,True,multiple_candidates,6,0,"[null, false, false, true, false, false, true]","[""C000101"", ""C100101""]"
C000101,single_missing,[],[0],1,10,True,multiple_candidates,2,0,"[null, null, null, null, false, false, null]","[""C000001"", ""C000100"", ""C000101"", ""C001101"", ""C010101"", ""C100001"", ""C100100"", ""C100101"", ""C101101"", ""C110101""]"
C000101,single_missing,[],[1],0,2,True,multiple_candidates,6,0,"[false, null, false, true, false, false, true]","[""C000101"", ""C010101""]"
C000101,single_missing,[],[1],1,10,True,multiple_candidates,2,0,"[null, null, null, null, false, false, null]","[""C000001"", ""C000100"", ""C000101"", ""C001101"", ""C010001"", ""C010100"", ""C010101"", ""C011101"", ""C100101"", ""C110101""]"
C000101,single_missing,[],[2],0,2,True,multiple_candidates,6,0,"[false, false, null, true, false, false, true]","[""C000101"", ""C001101""]"
C000101,single_missing,[],[2],1,10,True,multiple_candidates,2,0,"[null, null, null, null, false, false, null]","[""C000001"", ""C000100"", ""C000101"", ""C001001"", ""C001100"", ""C001101"", ""C010101"", ""C011101"", ""C100101"", ""C101101""]"
C000101,single_missing,[],[3],0,2,True,multiple_candidates,6,0,"[false, false, false, null, false, false, true]","[""C000001"", ""C000101""]"
C000101,single_missing,[],[3],1,12,True,multiple_candidates,0,0,"[null, null, null, null, null, null, null]","[""C000000"", ""C000001"", ""C000011"", ""C000100"", ""C000101"", ""C000201"", ""C001001"", ""C001101"", ""C010001"", ""C010101"", ""C100001"", ""C100101""]"
C000101,single_missing,[],[4],0,1,True,single_geometry_conditional,7,0,"[false, false, false, true, false, false, true]","[""C000101""]"
C000101,single_missing,[],[4],1,7,True,multiple_candidates,1,0,"[null, null, null, null, null, false, null]","[""C000001"", ""C000100"", ""C000101"", ""C000201"", ""C001101"", ""C010101"", ""C100101""]"
C000101,single_missing,[],[5],0,1,True,single_geometry_conditional,7,0,"[false, false, false, true, false, false, true]","[""C000101""]"
C000101,single_missing,[],[5],1,7,True,multiple_candidates,1,0,"[null, null, null, null, false, null, null]","[""C000001"", ""C000011"", ""C000100"", ""C000101"", ""C001101"", ""C010101"", ""C100101""]"
C000101,single_missing,[],[6],0,2,True,multiple_candidates,6,0,"[false, false, false, true, false, false, null]","[""C000100"", ""C000101""]"
C000101,single_missing,[],[6],1,10,True,multiple_candidates,2,0,"[null, null, null, null, false, false, null]","[""C000000"", ""C000001"", ""C000100"", ""C000101"", ""C001100"", ""C001101"", ""C010100"", ""C010101"", ""C100100"", ""C100101""]"
C000101,double_distinct_flip,"[0, 1]",[],0,1,False,single_geometry_conditional,7,2,"[true, true, false, true, false, false, true]","[""C110101""]"
C000101,double_distinct_flip,"[0, 1]",[],1,5,False,multiple_candidates,3,0,"[null, null, false, null, false, false, null]","[""C010101"", ""C100101"", ""C110001"", ""C110100"", ""C110101""]"
C000101,double_distinct_flip,"[0, 2]",[],0,1,False,compatibility_unresolved,7,2,"[true, false, true, true, false, false, true]","[""C101101""]"
C000101,double_distinct_flip,"[0, 2]",[],1,5,False,multiple_candidates,3,0,"[null, false, null, null, false, false, null]","[""C001101"", ""C100101"", ""C101001"", ""C101100"", ""C101101""]"
C000101,double_distinct_flip,"[0, 3]",[],0,1,False,single_geometry_conditional,7,2,"[true, false, false, false, false, false, true]","[""C100001""]"
C000101,double_distinct_flip,"[0, 3]",[],1,8,False,multiple_candidates,0,0,"[null, null, null, null, null, null, null]","[""C000001"", ""C100000"", ""C100001"", ""C100011"", ""C100101"", ""C100201"", ""C101001"", ""C110001""]"
C000101,double_distinct_flip,"[0, 4]",[],0,0,False,no_feasible_candidate,0,0,"[null, null, null, null, null, null, null]",[]
C000101,double_distinct_flip,"[0, 4]",[],1,2,False,multiple_candidates,5,1,"[true, false, false, null, null, false, true]","[""C100101"", ""C100201""]"
C000101,double_distinct_flip,"[0, 5]",[],0,0,False,no_feasible_candidate,0,0,"[null, null, null, null, null, null, null]",[]
C000101,double_distinct_flip,"[0, 5]",[],1,2,False,multiple_candidates,5,1,"[true, false, false, null, false, null, true]","[""C100011"", ""C100101""]"
C000101,double_distinct_flip,"[0, 6]",[],0,1,False,single_geometry_conditional,7,2,"[true, false, false, true, false, false, false]","[""C100100""]"
C000101,double_distinct_flip,"[0, 6]",[],1,6,False,multiple_candidates,2,0,"[null, null, null, null, false, false, null]","[""C000100"", ""C100000"", ""C100100"", ""C100101"", ""C101100"", ""C110100""]"
C000101,double_distinct_flip,"[1, 2]",[],0,1,False,compatibility_unresolved,7,2,"[false, true, true, true, false, false, true]","[""C011101""]"
C000101,double_distinct_flip,"[1, 2]",[],1,5,False,multiple_candidates,3,0,"[false, null, null, null, false, false, null]","[""C001101"", ""C010101"", ""C011001"", ""C011100"", ""C011101""]"
C000101,double_distinct_flip,"[1, 3]",[],0,1,False,single_geometry_conditional,7,2,"[false, true, false, false, false, false, true]","[""C010001""]"
C000101,double_distinct_flip,"[1, 3]",[],1,8,False,multiple_candidates,0,0,"[null, null, null, null, null, null, null]","[""C000001"", ""C010000"", ""C010001"", ""C010011"", ""C010101"", ""C010201"", ""C011001"", ""C110001""]"
C000101,double_distinct_flip,"[1, 4]",[],0,0,False,no_feasible_candidate,0,0,"[null, null, null, null, null, null, null]",[]
C000101,double_distinct_flip,"[1, 4]",[],1,2,False,multiple_candidates,5,1,"[false, true, false, null, null, false, true]","[""C010101"", ""C010201""]"
C000101,double_distinct_flip,"[1, 5]",[],0,0,False,no_feasible_candidate,0,0,"[null, null, null, null, null, null, null]",[]
C000101,double_distinct_flip,"[1, 5]",[],1,2,False,multiple_candidates,5,1,"[false, true, false, null, false, null, true]","[""C010011"", ""C010101""]"
C000101,double_distinct_flip,"[1, 6]",[],0,1,False,single_geometry_conditional,7,2,"[false, true, false, true, false, false, false]","[""C010100""]"
C000101,double_distinct_flip,"[1, 6]",[],1,6,False,multiple_candidates,2,0,"[null, null, null, null, false, false, null]","[""C000100"", ""C010000"", ""C010100"", ""C010101"", ""C011100"", ""C110100""]"
C000101,double_distinct_flip,"[2, 3]",[],0,1,False,compatibility_unresolved,7,2,"[false, false, true, false, false, false, true]","[""C001001""]"
C000101,double_distinct_flip,"[2, 3]",[],1,8,False,multiple_candidates,0,0,"[null, null, null, null, null, null, null]","[""C000001"", ""C001000"", ""C001001"", ""C001011"", ""C001101"", ""C001201"", ""C011001"", ""C101001""]"
C000101,double_distinct_flip,"[2, 4]",[],0,0,False,no_feasible_candidate,0,0,"[null, null, null, null, null, null, null]",[]
C000101,double_distinct_flip,"[2, 4]",[],1,2,False,multiple_candidates,5,1,"[false, false, true, null, null, false, true]","[""C001101"", ""C001201""]"
C000101,double_distinct_flip,"[2, 5]",[],0,0,False,no_feasible_candidate,0,0,"[null, null, null, null, null, null, null]",[]
C000101,double_distinct_flip,"[2, 5]",[],1,2,False,multiple_candidates,5,1,"[false, false, true, null, false, null, true]","[""C001011"", ""C001101""]"
C000101,double_distinct_flip,"[2, 6]",[],0,1,False,single_geometry_conditional,7,2,"[false, false, true, true, false, false, false]","[""C001100""]"
C000101,double_distinct_flip,"[2, 6]",[],1,6,False,multiple_candidates,2,0,"[null, null, null, null, false, false, null]","[""C000100"", ""C001000"", ""C001100"", ""C001101"", ""C011100"", ""C101100""]"
C000101,double_distinct_flip,"[3, 4]",[],0,1,False,single_geometry_conditional,7,2,"[false, false, false, false, true, false, true]","[""C000201""]"
C000101,double_distinct_flip,"[3, 4]",[],1,7,False,multiple_candidates,1,1,"[null, null, null, false, null, null, null]","[""C000001"", ""C000200"", ""C000201"", ""C000211"", ""C001201"", ""C010201"", ""C100201""]"
C000101,double_distinct_flip,"[3, 5]",[],0,1,False,single_geometry_conditional,7,2,"[false, false, false, false, false, true, true]","[""C000011""]"
C000101,double_distinct_flip,"[3, 5]",[],1,7,False,multiple_candidates,1,1,"[null, null, null, false, null, null, null]","[""C000001"", ""C000010"", ""C000011"", ""C000211"", ""C001011"", ""C010011"", ""C100011""]"
C000101,double_distinct_flip,"[3, 6]",[],0,1,False,single_geometry_conditional,7,2,"[false, false, false, false, false, false, false]","[""C000000""]"
C000101,double_distinct_flip,"[3, 6]",[],1,8,False,multiple_candidates,0,0,"[null, null, null, null, null, null, null]","[""C000000"", ""C000001"", ""C000010"", ""C000100"", ""C000200"", ""C001000"", ""C010000"", ""C100000""]"
C000101,double_distinct_flip,"[4, 5]",[],0,0,False,no_feasible_candidate,0,0,"[null, null, null, null, null, null, null]",[]
C000101,double_distinct_flip,"[4, 5]",[],1,1,False,single_geometry_conditional,7,3,"[false, false, false, false, true, true, true]","[""C000211""]"
C000101,double_distinct_flip,"[4, 6]",[],0,0,False,no_feasible_candidate,0,0,"[null, null, null, null, null, null, null]",[]
C000101,double_distinct_flip,"[4, 6]",[],1,2,False,multiple_candidates,5,1,"[false, false, false, null, null, false, false]","[""C000100"", ""C000200""]"
C000101,double_distinct_flip,"[5, 6]",[],0,0,False,no_feasible_candidate,0,0,"[null, null, null, null, null, null, null]",[]
C000101,double_distinct_flip,"[5, 6]",[],1,2,False,multiple_candidates,5,1,"[false, false, false, null, false, null, false]","[""C000010"", ""C000100""]"
C000200,clean,[],[],0,1,True,single_geometry_conditional,7,0,"[false, false, false, false, true, false, false]","[""C000200""]"
C000200,clean,[],[],1,7,True,multiple_candidates,1,0,"[null, null, null, false, null, null, null]","[""C000000"", ""C000200"", ""C000201"", ""C000210"", ""C001200"", ""C010200"", ""C100200""]"
C000200,single_flip,[0],[],0,1,False,single_geometry_conditional,7,1,"[true, false, false, false, true, false, false]","[""C100200""]"
C000200,single_flip,[0],[],1,7,True,multiple_candidates,1,0,"[null, null, null, false, null, null, null]","[""C000200"", ""C100000"", ""C100200"", ""C100201"", ""C100210"", ""C101200"", ""C110200""]"
C000200,single_flip,[1],[],0,1,False,single_geometry_conditional,7,1,"[false, true, false, false, true, false, false]","[""C010200""]"
C000200,single_flip,[1],[],1,7,True,multiple_candidates,1,0,"[null, null, null, false, null, null, null]","[""C000200"", ""C010000"", ""C010200"", ""C010201"", ""C010210"", ""C011200"", ""C110200""]"
C000200,single_flip,[2],[],0,1,False,single_geometry_conditional,7,1,"[false, false, true, false, true, false, false]","[""C001200""]"
C000200,single_flip,[2],[],1,7,True,multiple_candidates,1,0,"[null, null, null, false, null, null, null]","[""C000200"", ""C001000"", ""C001200"", ""C001201"", ""C001210"", ""C011200"", ""C101200""]"
C000200,single_flip,[3],[],0,0,False,no_feasible_candidate,0,0,"[null, null, null, null, null, null, null]",[]
C000200,single_flip,[3],[],1,2,True,multiple_candidates,5,0,"[false, false, false, null, null, false, false]","[""C000100"", ""C000200""]"
C000200,single_flip,[4],[],0,1,False,single_geometry_conditional,7,1,"[false, false, false, false, false, false, false]","[""C000000""]"
C000200,single_flip,[4],[],1,8,True,multiple_candidates,0,0,"[null, null, null, null, null, null, null]","[""C000000"", ""C000001"", ""C000010"", ""C000100"", ""C000200"", ""C001000"", ""C010000"", ""C100000""]"
C000200,single_flip,[5],[],0,1,False,single_geometry_conditional,7,1,"[false, false, false, false, true, true, false]","[""C000210""]"
C000200,single_flip,[5],[],1,7,True,multiple_candidates,1,0,"[null, null, null, false, null, null, null]","[""C000010"", ""C000200"", ""C000210"", ""C000211"", ""C001210"", ""C010210"", ""C100210""]"
C000200,single_flip,[6],[],0,1,False,single_geometry_conditional,7,1,"[false, false, false, false, true, false, true]","[""C000201""]"
C000200,single_flip,[6],[],1,7,True,multiple_candidates,1,0,"[null, null, null, false, null, null, null]","[""C000001"", ""C000200"", ""C000201"", ""C000211"", ""C001201"", ""C010201"", ""C100201""]"
C000200,single_missing,[],[0],0,2,True,multiple_candidates,6,0,"[null, false, false, false, true, false, false]","[""C000200"", ""C100200""]"
C000200,single_missing,[],[0],1,12,True,multiple_candidates,1,0,"[null, null, null, false, null, null, null]","[""C000000"", ""C000200"", ""C000201"", ""C000210"", ""C001200"", ""C010200"", ""C100000"", ""C100200"", ""C100201"", ""C100210"", ""C101200"", ""C110200""]"
C000200,single_missing,[],[1],0,2,True,multiple_candidates,6,0,"[false, null, false, false, true, false, false]","[""C000200"", ""C010200""]"
C000200,single_missing,[],[1],1,12,True,multiple_candidates,1,0,"[null, null, null, false, null, null, null]","[""C000000"", ""C000200"", ""C000201"", ""C000210"", ""C001200"", ""C010000"", ""C010200"", ""C010201"", ""C010210"", ""C011200"", ""C100200"", ""C110200""]"
C000200,single_missing,[],[2],0,2,True,multiple_candidates,6,0,"[false, false, null, false, true, false, false]","[""C000200"", ""C001200""]"
C000200,single_missing,[],[2],1,12,True,multiple_candidates,1,0,"[null, null, null, false, null, null, null]","[""C000000"", ""C000200"", ""C000201"", ""C000210"", ""C001000"", ""C001200"", ""C001201"", ""C001210"", ""C010200"", ""C011200"", ""C100200"", ""C101200""]"
C000200,single_missing,[],[3],0,1,True,single_geometry_conditional,7,0,"[false, false, false, false, true, false, false]","[""C000200""]"
C000200,single_missing,[],[3],1,8,True,multiple_candidates,0,0,"[null, null, null, null, null, null, null]","[""C000000"", ""C000100"", ""C000200"", ""C000201"", ""C000210"", ""C001200"", ""C010200"", ""C100200""]"
C000200,single_missing,[],[4],0,2,True,multiple_candidates,6,0,"[false, false, false, false, null, false, false]","[""C000000"", ""C000200""]"
C000200,single_missing,[],[4],1,13,True,multiple_candidates,0,0,"[null, null, null, null, null, null, null]","[""C000000"", ""C000001"", ""C000010"", ""C000100"", ""C000200"", ""C000201"", ""C000210"", ""C001000"", ""C001200"", ""C010000"", ""C010200"", ""C100000"", ""C100200""]"
C000200,single_missing,[],[5],0,2,True,multiple_candidates,6,0,"[false, false, false, false, true, null, false]","[""C000200"", ""C000210""]"
C000200,single_missing,[],[5],1,12,True,multiple_candidates,1,0,"[null, null, null, false, null, null, null]","[""C000000"", ""C000010"", ""C000200"", ""C000201"", ""C000210"", ""C000211"", ""C001200"", ""C001210"", ""C010200"", ""C010210"", ""C100200"", ""C100210""]"
C000200,single_missing,[],[6],0,2,True,multiple_candidates,6,0,"[false, false, false, false, true, false, null]","[""C000200"", ""C000201""]"
C000200,single_missing,[],[6],1,12,True,multiple_candidates,1,0,"[null, null, null, false, null, null, null]","[""C000000"", ""C000001"", ""C000200"", ""C000201"", ""C000210"", ""C000211"", ""C001200"", ""C001201"", ""C010200"", ""C010201"", ""C100200"", ""C100201""]"
C000200,double_distinct_flip,"[0, 1]",[],0,1,False,single_geometry_conditional,7,2,"[true, true, false, false, true, false, false]","[""C110200""]"
C000200,double_distinct_flip,"[0, 1]",[],1,6,False,multiple_candidates,2,0,"[null, null, false, false, null, null, null]","[""C010200"", ""C100200"", ""C110000"", ""C110200"", ""C110201"", ""C110210""]"
C000200,double_distinct_flip,"[0, 2]",[],0,1,False,single_geometry_conditional,7,2,"[true, false, true, false, true, false, false]","[""C101200""]"
C000200,double_distinct_flip,"[0, 2]",[],1,6,False,multiple_candidates,2,0,"[null, false, null, false, null, null, null]","[""C001200"", ""C100200"", ""C101000"", ""C101200"", ""C101201"", ""C101210""]"
C000200,double_distinct_flip,"[0, 3]",[],0,0,False,no_feasible_candidate,0,0,"[null, null, null, null, null, null, null]",[]
C000200,double_distinct_flip,"[0, 3]",[],1,2,False,multiple_candidates,5,1,"[true, false, false, null, null, false, false]","[""C100100"", ""C100200""]"
C000200,double_distinct_flip,"[0, 4]",[],0,1,False,single_geometry_conditional,7,2,"[true, false, false, false, false, false, false]","[""C100000""]"
C000200,double_distinct_flip,"[0, 4]",[],1,8,False,multiple_candidates,0,0,"[null, null, null, null, null, null, null]","[""C000000"", ""C100000"", ""C100001"", ""C100010"", ""C100100"", ""C100200"", ""C101000"", ""C110000""]"
C000200,double_distinct_flip,"[0, 5]",[],0,1,False,single_geometry_conditional,7,2,"[true, false, false, false, true, true, false]","[""C100210""]"
C000200,double_distinct_flip,"[0, 5]",[],1,7,False,multiple_candidates,1,0,"[null, null, null, false, null, null, null]","[""C000210"", ""C100010"", ""C100200"", ""C100210"", ""C100211"", ""C101210"", ""C110210""]"
C000200,double_distinct_flip,"[0, 6]",[],0,1,False,single_geometry_conditional,7,2,"[true, false, false, false, true, false, true]","[""C100201""]"
C000200,double_distinct_flip,"[0, 6]",[],1,7,False,multiple_candidates,1,0,"[null, null, null, false, null, null, null]","[""C000201"", ""C100001"", ""C100200"", ""C100201"", ""C100211"", ""C101201"", ""C110201""]"
C000200,double_distinct_flip,"[1, 2]",[],0,1,False,single_geometry_conditional,7,2,"[false, true, true, false, true, false, false]","[""C011200""]"
C000200,double_distinct_flip,"[1, 2]",[],1,6,False,multiple_candidates,2,0,"[false, null, null, false, null, null, null]","[""C001200"", ""C010200"", ""C011000"", ""C011200"", ""C011201"", ""C011210""]"
C000200,double_distinct_flip,"[1, 3]",[],0,0,False,no_feasible_candidate,0,0,"[null, null, null, null, null, null, null]",[]
C000200,double_distinct_flip,"[1, 3]",[],1,2,False,multiple_candidates,5,1,"[false, true, false, null, null, false, false]","[""C010100"", ""C010200""]"
C000200,double_distinct_flip,"[1, 4]",[],0,1,False,single_geometry_conditional,7,2,"[false, true, false, false, false, false, false]","[""C010000""]"
C000200,double_distinct_flip,"[1, 4]",[],1,8,False,multiple_candidates,0,0,"[null, null, null, null, null, null, null]","[""C000000"", ""C010000"", ""C010001"", ""C010010"", ""C010100"", ""C010200"", ""C011000"", ""C110000""]"
C000200,double_distinct_flip,"[1, 5]",[],0,1,False,single_geometry_conditional,7,2,"[false, true, false, false, true, true, false]","[""C010210""]"
C000200,double_distinct_flip,"[1, 5]",[],1,7,False,multiple_candidates,1,0,"[null, null, null, false, null, null, null]","[""C000210"", ""C010010"", ""C010200"", ""C010210"", ""C010211"", ""C011210"", ""C110210""]"
C000200,double_distinct_flip,"[1, 6]",[],0,1,False,single_geometry_conditional,7,2,"[false, true, false, false, true, false, true]","[""C010201""]"
C000200,double_distinct_flip,"[1, 6]",[],1,7,False,multiple_candidates,1,0,"[null, null, null, false, null, null, null]","[""C000201"", ""C010001"", ""C010200"", ""C010201"", ""C010211"", ""C011201"", ""C110201""]"
C000200,double_distinct_flip,"[2, 3]",[],0,0,False,no_feasible_candidate,0,0,"[null, null, null, null, null, null, null]",[]
C000200,double_distinct_flip,"[2, 3]",[],1,2,False,multiple_candidates,5,1,"[false, false, true, null, null, false, false]","[""C001100"", ""C001200""]"
C000200,double_distinct_flip,"[2, 4]",[],0,1,False,single_geometry_conditional,7,2,"[false, false, true, false, false, false, false]","[""C001000""]"
C000200,double_distinct_flip,"[2, 4]",[],1,8,False,multiple_candidates,0,0,"[null, null, null, null, null, null, null]","[""C000000"", ""C001000"", ""C001001"", ""C001010"", ""C001100"", ""C001200"", ""C011000"", ""C101000""]"
C000200,double_distinct_flip,"[2, 5]",[],0,1,False,single_geometry_conditional,7,2,"[false, false, true, false, true, true, false]","[""C001210""]"
C000200,double_distinct_flip,"[2, 5]",[],1,7,False,multiple_candidates,1,0,"[null, null, null, false, null, null, null]","[""C000210"", ""C001010"", ""C001200"", ""C001210"", ""C001211"", ""C011210"", ""C101210""]"
C000200,double_distinct_flip,"[2, 6]",[],0,1,False,compatibility_unresolved,7,2,"[false, false, true, false, true, false, true]","[""C001201""]"
C000200,double_distinct_flip,"[2, 6]",[],1,7,False,multiple_candidates,1,0,"[null, null, null, false, null, null, null]","[""C000201"", ""C001001"", ""C001200"", ""C001201"", ""C001211"", ""C011201"", ""C101201""]"
C000200,double_distinct_flip,"[3, 4]",[],0,1,False,single_geometry_conditional,7,2,"[false, false, false, true, false, false, false]","[""C000100""]"
C000200,double_distinct_flip,"[3, 4]",[],1,6,False,multiple_candidates,2,1,"[null, null, null, null, false, false, null]","[""C000000"", ""C000100"", ""C000101"", ""C001100"", ""C010100"", ""C100100""]"
C000200,double_distinct_flip,"[3, 5]",[],0,0,False,no_feasible_candidate,0,0,"[null, null, null, null, null, null, null]",[]
C000200,double_distinct_flip,"[3, 5]",[],1,1,False,single_geometry_conditional,7,1,"[false, false, false, false, true, true, false]","[""C000210""]"
C000200,double_distinct_flip,"[3, 6]",[],0,0,False,no_feasible_candidate,0,0,"[null, null, null, null, null, null, null]",[]
C000200,double_distinct_flip,"[3, 6]",[],1,2,False,multiple_candidates,5,1,"[false, false, false, null, null, false, true]","[""C000101"", ""C000201""]"
C000200,double_distinct_flip,"[4, 5]",[],0,1,False,single_geometry_conditional,7,2,"[false, false, false, false, false, true, false]","[""C000010""]"
C000200,double_distinct_flip,"[4, 5]",[],1,7,False,multiple_candidates,1,0,"[null, null, null, false, null, null, null]","[""C000000"", ""C000010"", ""C000011"", ""C000210"", ""C001010"", ""C010010"", ""C100010""]"
C000200,double_distinct_flip,"[4, 6]",[],0,1,False,single_geometry_conditional,7,2,"[false, false, false, false, false, false, true]","[""C000001""]"
C000200,double_distinct_flip,"[4, 6]",[],1,8,False,multiple_candidates,0,0,"[null, null, null, null, null, null, null]","[""C000000"", ""C000001"", ""C000011"", ""C000101"", ""C000201"", ""C001001"", ""C010001"", ""C100001""]"
C000200,double_distinct_flip,"[5, 6]",[],0,1,False,single_geometry_conditional,7,2,"[false, false, false, false, true, true, true]","[""C000211""]"
C000200,double_distinct_flip,"[5, 6]",[],1,7,False,multiple_candidates,1,0,"[null, null, null, false, null, null, null]","[""C000011"", ""C000201"", ""C000210"", ""C000211"", ""C001211"", ""C010211"", ""C100211""]"
C000201,clean,[],[],0,1,True,single_geometry_conditional,7,0,"[false, false, false, false, true, false, true]","[""C000201""]"
C000201,clean,[],[],1,7,True,multiple_candidates,1,0,"[null, null, null, false, null, null, null]","[""C000001"", ""C000200"", ""C000201"", ""C000211"", ""C001201"", ""C010201"", ""C100201""]"
C000201,single_flip,[0],[],0,1,False,single_geometry_conditional,7,1,"[true, false, false, false, true, false, true]","[""C100201""]"
C000201,single_flip,[0],[],1,7,True,multiple_candidates,1,0,"[null, null, null, false, null, null, null]","[""C000201"", ""C100001"", ""C100200"", ""C100201"", ""C100211"", ""C101201"", ""C110201""]"
C000201,single_flip,[1],[],0,1,False,single_geometry_conditional,7,1,"[false, true, false, false, true, false, true]","[""C010201""]"
C000201,single_flip,[1],[],1,7,True,multiple_candidates,1,0,"[null, null, null, false, null, null, null]","[""C000201"", ""C010001"", ""C010200"", ""C010201"", ""C010211"", ""C011201"", ""C110201""]"
C000201,single_flip,[2],[],0,1,False,compatibility_unresolved,7,1,"[false, false, true, false, true, false, true]","[""C001201""]"
C000201,single_flip,[2],[],1,7,True,multiple_candidates,1,0,"[null, null, null, false, null, null, null]","[""C000201"", ""C001001"", ""C001200"", ""C001201"", ""C001211"", ""C011201"", ""C101201""]"
C000201,single_flip,[3],[],0,0,False,no_feasible_candidate,0,0,"[null, null, null, null, null, null, null]",[]
C000201,single_flip,[3],[],1,2,True,multiple_candidates,5,0,"[false, false, false, null, null, false, true]","[""C000101"", ""C000201""]"
C000201,single_flip,[4],[],0,1,False,single_geometry_conditional,7,1,"[false, false, false, false, false, false, true]","[""C000001""]"
C000201,single_flip,[4],[],1,8,True,multiple_candidates,0,0,"[null, null, null, null, null, null, null]","[""C000000"", ""C000001"", ""C000011"", ""C000101"", ""C000201"", ""C001001"", ""C010001"", ""C100001""]"
C000201,single_flip,[5],[],0,1,False,single_geometry_conditional,7,1,"[false, false, false, false, true, true, true]","[""C000211""]"
C000201,single_flip,[5],[],1,7,True,multiple_candidates,1,0,"[null, null, null, false, null, null, null]","[""C000011"", ""C000201"", ""C000210"", ""C000211"", ""C001211"", ""C010211"", ""C100211""]"
C000201,single_flip,[6],[],0,1,False,single_geometry_conditional,7,1,"[false, false, false, false, true, false, false]","[""C000200""]"
C000201,single_flip,[6],[],1,7,True,multiple_candidates,1,0,"[null, null, null, false, null, null, null]","[""C000000"", ""C000200"", ""C000201"", ""C000210"", ""C001200"", ""C010200"", ""C100200""]"
C000201,single_missing,[],[0],0,2,True,multiple_candidates,6,0,"[null, false, false, false, true, false, true]","[""C000201"", ""C100201""]"
C000201,single_missing,[],[0],1,12,True,multiple_candidates,1,0,"[null, null, null, false, null, null, null]","[""C000001"", ""C000200"", ""C000201"", ""C000211"", ""C001201"", ""C010201"", ""C100001"", ""C100200"", ""C100201"", ""C100211"", ""C101201"", ""C110201""]"
C000201,single_missing,[],[1],0,2,True,multiple_candidates,6,0,"[false, null, false, false, true, false, true]","[""C000201"", ""C010201""]"
C000201,single_missing,[],[1],1,12,True,multiple_candidates,1,0,"[null, null, null, false, null, null, null]","[""C000001"", ""C000200"", ""C000201"", ""C000211"", ""C001201"", ""C010001"", ""C010200"", ""C010201"", ""C010211"", ""C011201"", ""C100201"", ""C110201""]"
C000201,single_missing,[],[2],0,2,True,multiple_candidates,6,0,"[false, false, null, false, true, false, true]","[""C000201"", ""C001201""]"
C000201,single_missing,[],[2],1,12,True,multiple_candidates,1,0,"[null, null, null, false, null, null, null]","[""C000001"", ""C000200"", ""C000201"", ""C000211"", ""C001001"", ""C001200"", ""C001201"", ""C001211"", ""C010201"", ""C011201"", ""C100201"", ""C101201""]"
C000201,single_missing,[],[3],0,1,True,single_geometry_conditional,7,0,"[false, false, false, false, true, false, true]","[""C000201""]"
C000201,single_missing,[],[3],1,8,True,multiple_candidates,0,0,"[null, null, null, null, null, null, null]","[""C000001"", ""C000101"", ""C000200"", ""C000201"", ""C000211"", ""C001201"", ""C010201"", ""C100201""]"
C000201,single_missing,[],[4],0,2,True,multiple_candidates,6,0,"[false, false, false, false, null, false, true]","[""C000001"", ""C000201""]"
C000201,single_missing,[],[4],1,13,True,multiple_candidates,0,0,"[null, null, null, null, null, null, null]","[""C000000"", ""C000001"", ""C000011"", ""C000101"", ""C000200"", ""C000201"", ""C000211"", ""C001001"", ""C001201"", ""C010001"", ""C010201"", ""C100001"", ""C100201""]"
C000201,single_missing,[],[5],0,2,True,multiple_candidates,6,0,"[false, false, false, false, true, null, true]","[""C000201"", ""C000211""]"
C000201,single_missing,[],[5],1,12,True,multiple_candidates,1,0,"[null, null, null, false, null, null, null]","[""C000001"", ""C000011"", ""C000200"", ""C000201"", ""C000210"", ""C000211"", ""C001201"", ""C001211"", ""C010201"", ""C010211"", ""C100201"", ""C100211""]"
C000201,single_missing,[],[6],0,2,True,multiple_candidates,6,0,"[false, false, false, false, true, false, null]","[""C000200"", ""C000201""]"
C000201,single_missing,[],[6],1,12,True,multiple_candidates,1,0,"[null, null, null, false, null, null, null]","[""C000000"", ""C000001"", ""C000200"", ""C000201"", ""C000210"", ""C000211"", ""C001200"", ""C001201"", ""C010200"", ""C010201"", ""C100200"", ""C100201""]"
C000201,double_distinct_flip,"[0, 1]",[],0,1,False,single_geometry_conditional,7,2,"[true, true, false, false, true, false, true]","[""C110201""]"
C000201,double_distinct_flip,"[0, 1]",[],1,6,False,multiple_candidates,2,0,"[null, null, false, false, null, null, null]","[""C010201"", ""C100201"", ""C110001"", ""C110200"", ""C110201"", ""C110211""]"
C000201,double_distinct_flip,"[0, 2]",[],0,1,False,compatibility_unresolved,7,2,"[true, false, true, false, true, false, true]","[""C101201""]"
C000201,double_distinct_flip,"[0, 2]",[],1,6,False,multiple_candidates,2,0,"[null, false, null, false, null, null, null]","[""C001201"", ""C100201"", ""C101001"", ""C101200"", ""C101201"", ""C101211""]"
C000201,double_distinct_flip,"[0, 3]",[],0,0,False,no_feasible_candidate,0,0,"[null, null, null, null, null, null, null]",[]
C000201,double_distinct_flip,"[0, 3]",[],1,2,False,multiple_candidates,5,1,"[true, false, false, null, null, false, true]","[""C100101"", ""C100201""]"
C000201,double_distinct_flip,"[0, 4]",[],0,1,False,single_geometry_conditional,7,2,"[true, false, false, false, false, false, true]","[""C100001""]"
C000201,double_distinct_flip,"[0, 4]",[],1,8,False,multiple_candidates,0,0,"[null, null, null, null, null, null, null]","[""C000001"", ""C100000"", ""C100001"", ""C100011"", ""C100101"", ""C100201"", ""C101001"", ""C110001""]"
C000201,double_distinct_flip,"[0, 5]",[],0,1,False,single_geometry_conditional,7,2,"[true, false, false, false, true, true, true]","[""C100211""]"
C000201,double_distinct_flip,"[0, 5]",[],1,7,False,multiple_candidates,1,0,"[null, null, null, false, null, null, null]","[""C000211"", ""C100011"", ""C100201"", ""C100210"", ""C100211"", ""C101211"", ""C110211""]"
C000201,double_distinct_flip,"[0, 6]",[],0,1,False,single_geometry_conditional,7,2,"[true, false, false, false, true, false, false]","[""C100200""]"
C000201,double_distinct_flip,"[0, 6]",[],1,7,False,multiple_candidates,1,0,"[null, null, null, false, null, null, null]","[""C000200"", ""C100000"", ""C100200"", ""C100201"", ""C100210"", ""C101200"", ""C110200""]"
C000201,double_distinct_flip,"[1, 2]",[],0,1,False,compatibility_unresolved,7,2,"[false, true, true, false, true, false, true]","[""C011201""]"
C000201,double_distinct_flip,"[1, 2]",[],1,6,False,multiple_candidates,2,0,"[false, null, null, false, null, null, null]","[""C001201"", ""C010201"", ""C011001"", ""C011200"", ""C011201"", ""C011211""]"
C000201,double_distinct_flip,"[1, 3]",[],0,0,False,no_feasible_candidate,0,0,"[null, null, null, null, null, null, null]",[]
C000201,double_distinct_flip,"[1, 3]",[],1,2,False,multiple_candidates,5,1,"[false, true, false, null, null, false, true]","[""C010101"", ""C010201""]"
C000201,double_distinct_flip,"[1, 4]",[],0,1,False,single_geometry_conditional,7,2,"[false, true, false, false, false, false, true]","[""C010001""]"
C000201,double_distinct_flip,"[1, 4]",[],1,8,False,multiple_candidates,0,0,"[null, null, null, null, null, null, null]","[""C000001"", ""C010000"", ""C010001"", ""C010011"", ""C010101"", ""C010201"", ""C011001"", ""C110001""]"
C000201,double_distinct_flip,"[1, 5]",[],0,1,False,single_geometry_conditional,7,2,"[false, true, false, false, true, true, true]","[""C010211""]"
C000201,double_distinct_flip,"[1, 5]",[],1,7,False,multiple_candidates,1,0,"[null, null, null, false, null, null, null]","[""C000211"", ""C010011"", ""C010201"", ""C010210"", ""C010211"", ""C011211"", ""C110211""]"
C000201,double_distinct_flip,"[1, 6]",[],0,1,False,single_geometry_conditional,7,2,"[false, true, false, false, true, false, false]","[""C010200""]"
C000201,double_distinct_flip,"[1, 6]",[],1,7,False,multiple_candidates,1,0,"[null, null, null, false, null, null, null]","[""C000200"", ""C010000"", ""C010200"", ""C010201"", ""C010210"", ""C011200"", ""C110200""]"
C000201,double_distinct_flip,"[2, 3]",[],0,0,False,no_feasible_candidate,0,0,"[null, null, null, null, null, null, null]",[]
C000201,double_distinct_flip,"[2, 3]",[],1,2,False,multiple_candidates,5,1,"[false, false, true, null, null, false, true]","[""C001101"", ""C001201""]"
C000201,double_distinct_flip,"[2, 4]",[],0,1,False,compatibility_unresolved,7,2,"[false, false, true, false, false, false, true]","[""C001001""]"
C000201,double_distinct_flip,"[2, 4]",[],1,8,False,multiple_candidates,0,0,"[null, null, null, null, null, null, null]","[""C000001"", ""C001000"", ""C001001"", ""C001011"", ""C001101"", ""C001201"", ""C011001"", ""C101001""]"
C000201,double_distinct_flip,"[2, 5]",[],0,1,False,compatibility_unresolved,7,2,"[false, false, true, false, true, true, true]","[""C001211""]"
C000201,double_distinct_flip,"[2, 5]",[],1,7,False,multiple_candidates,1,0,"[null, null, null, false, null, null, null]","[""C000211"", ""C001011"", ""C001201"", ""C001210"", ""C001211"", ""C011211"", ""C101211""]"
C000201,double_distinct_flip,"[2, 6]",[],0,1,False,single_geometry_conditional,7,2,"[false, false, true, false, true, false, false]","[""C001200""]"
C000201,double_distinct_flip,"[2, 6]",[],1,7,False,multiple_candidates,1,0,"[null, null, null, false, null, null, null]","[""C000200"", ""C001000"", ""C001200"", ""C001201"", ""C001210"", ""C011200"", ""C101200""]"
C000201,double_distinct_flip,"[3, 4]",[],0,1,False,single_geometry_conditional,7,2,"[false, false, false, true, false, false, true]","[""C000101""]"
C000201,double_distinct_flip,"[3, 4]",[],1,6,False,multiple_candidates,2,1,"[null, null, null, null, false, false, null]","[""C000001"", ""C000100"", ""C000101"", ""C001101"", ""C010101"", ""C100101""]"
C000201,double_distinct_flip,"[3, 5]",[],0,0,False,no_feasible_candidate,0,0,"[null, null, null, null, null, null, null]",[]
C000201,double_distinct_flip,"[3, 5]",[],1,1,False,single_geometry_conditional,7,1,"[false, false, false, false, true, true, true]","[""C000211""]"
C000201,double_distinct_flip,"[3, 6]",[],0,0,False,no_feasible_candidate,0,0,"[null, null, null, null, null, null, null]",[]
C000201,double_distinct_flip,"[3, 6]",[],1,2,False,multiple_candidates,5,1,"[false, false, false, null, null, false, false]","[""C000100"", ""C000200""]"
C000201,double_distinct_flip,"[4, 5]",[],0,1,False,single_geometry_conditional,7,2,"[false, false, false, false, false, true, true]","[""C000011""]"
C000201,double_distinct_flip,"[4, 5]",[],1,7,False,multiple_candidates,1,0,"[null, null, null, false, null, null, null]","[""C000001"", ""C000010"", ""C000011"", ""C000211"", ""C001011"", ""C010011"", ""C100011""]"
C000201,double_distinct_flip,"[4, 6]",[],0,1,False,single_geometry_conditional,7,2,"[false, false, false, false, false, false, false]","[""C000000""]"
C000201,double_distinct_flip,"[4, 6]",[],1,8,False,multiple_candidates,0,0,"[null, null, null, null, null, null, null]","[""C000000"", ""C000001"", ""C000010"", ""C000100"", ""C000200"", ""C001000"", ""C010000"", ""C100000""]"
C000201,double_distinct_flip,"[5, 6]",[],0,1,False,single_geometry_conditional,7,2,"[false, false, false, false, true, true, false]","[""C000210""]"
C000201,double_distinct_flip,"[5, 6]",[],1,7,False,multiple_candidates,1,0,"[null, null, null, false, null, null, null]","[""C000010"", ""C000200"", ""C000210"", ""C000211"", ""C001210"", ""C010210"", ""C100210""]"
C000210,clean,[],[],0,1,True,single_geometry_conditional,7,0,"[false, false, false, false, true, true, false]","[""C000210""]"
C000210,clean,[],[],1,7,True,multiple_candidates,1,0,"[null, null, null, false, null, null, null]","[""C000010"", ""C000200"", ""C000210"", ""C000211"", ""C001210"", ""C010210"", ""C100210""]"
C000210,single_flip,[0],[],0,1,False,single_geometry_conditional,7,1,"[true, false, false, false, true, true, false]","[""C100210""]"
C000210,single_flip,[0],[],1,7,True,multiple_candidates,1,0,"[null, null, null, false, null, null, null]","[""C000210"", ""C100010"", ""C100200"", ""C100210"", ""C100211"", ""C101210"", ""C110210""]"
C000210,single_flip,[1],[],0,1,False,single_geometry_conditional,7,1,"[false, true, false, false, true, true, false]","[""C010210""]"
C000210,single_flip,[1],[],1,7,True,multiple_candidates,1,0,"[null, null, null, false, null, null, null]","[""C000210"", ""C010010"", ""C010200"", ""C010210"", ""C010211"", ""C011210"", ""C110210""]"
C000210,single_flip,[2],[],0,1,False,single_geometry_conditional,7,1,"[false, false, true, false, true, true, false]","[""C001210""]"
C000210,single_flip,[2],[],1,7,True,multiple_candidates,1,0,"[null, null, null, false, null, null, null]","[""C000210"", ""C001010"", ""C001200"", ""C001210"", ""C001211"", ""C011210"", ""C101210""]"
C000210,single_flip,[3],[],0,0,False,no_feasible_candidate,0,0,"[null, null, null, null, null, null, null]",[]
C000210,single_flip,[3],[],1,1,True,single_geometry_conditional,7,0,"[false, false, false, false, true, true, false]","[""C000210""]"
C000210,single_flip,[4],[],0,1,False,single_geometry_conditional,7,1,"[false, false, false, false, false, true, false]","[""C000010""]"
C000210,single_flip,[4],[],1,7,True,multiple_candidates,1,0,"[null, null, null, false, null, null, null]","[""C000000"", ""C000010"", ""C000011"", ""C000210"", ""C001010"", ""C010010"", ""C100010""]"
C000210,single_flip,[5],[],0,1,False,single_geometry_conditional,7,1,"[false, false, false, false, true, false, false]","[""C000200""]"
C000210,single_flip,[5],[],1,7,True,multiple_candidates,1,0,"[null, null, null, false, null, null, null]","[""C000000"", ""C000200"", ""C000201"", ""C000210"", ""C001200"", ""C010200"", ""C100200""]"
C000210,single_flip,[6],[],0,1,False,single_geometry_conditional,7,1,"[false, false, false, false, true, true, true]","[""C000211""]"
C000210,single_flip,[6],[],1,7,True,multiple_candidates,1,0,"[null, null, null, false, null, null, null]","[""C000011"", ""C000201"", ""C000210"", ""C000211"", ""C001211"", ""C010211"", ""C100211""]"
C000210,single_missing,[],[0],0,2,True,multiple_candidates,6,0,"[null, false, false, false, true, true, false]","[""C000210"", ""C100210""]"
C000210,single_missing,[],[0],1,12,True,multiple_candidates,1,0,"[null, null, null, false, null, null, null]","[""C000010"", ""C000200"", ""C000210"", ""C000211"", ""C001210"", ""C010210"", ""C100010"", ""C100200"", ""C100210"", ""C100211"", ""C101210"", ""C110210""]"
C000210,single_missing,[],[1],0,2,True,multiple_candidates,6,0,"[false, null, false, false, true, true, false]","[""C000210"", ""C010210""]"
C000210,single_missing,[],[1],1,12,True,multiple_candidates,1,0,"[null, null, null, false, null, null, null]","[""C000010"", ""C000200"", ""C000210"", ""C000211"", ""C001210"", ""C010010"", ""C010200"", ""C010210"", ""C010211"", ""C011210"", ""C100210"", ""C110210""]"
C000210,single_missing,[],[2],0,2,True,multiple_candidates,6,0,"[false, false, null, false, true, true, false]","[""C000210"", ""C001210""]"
C000210,single_missing,[],[2],1,12,True,multiple_candidates,1,0,"[null, null, null, false, null, null, null]","[""C000010"", ""C000200"", ""C000210"", ""C000211"", ""C001010"", ""C001200"", ""C001210"", ""C001211"", ""C010210"", ""C011210"", ""C100210"", ""C101210""]"
C000210,single_missing,[],[3],0,1,True,single_geometry_conditional,7,0,"[false, false, false, false, true, true, false]","[""C000210""]"
C000210,single_missing,[],[3],1,7,True,multiple_candidates,1,0,"[null, null, null, false, null, null, null]","[""C000010"", ""C000200"", ""C000210"", ""C000211"", ""C001210"", ""C010210"", ""C100210""]"
C000210,single_missing,[],[4],0,2,True,multiple_candidates,6,0,"[false, false, false, false, null, true, false]","[""C000010"", ""C000210""]"
C000210,single_missing,[],[4],1,12,True,multiple_candidates,1,0,"[null, null, null, false, null, null, null]","[""C000000"", ""C000010"", ""C000011"", ""C000200"", ""C000210"", ""C000211"", ""C001010"", ""C001210"", ""C010010"", ""C010210"", ""C100010"", ""C100210""]"
C000210,single_missing,[],[5],0,2,True,multiple_candidates,6,0,"[false, false, false, false, true, null, false]","[""C000200"", ""C000210""]"
C000210,single_missing,[],[5],1,12,True,multiple_candidates,1,0,"[null, null, null, false, null, null, null]","[""C000000"", ""C000010"", ""C000200"", ""C000201"", ""C000210"", ""C000211"", ""C001200"", ""C001210"", ""C010200"", ""C010210"", ""C100200"", ""C100210""]"
C000210,single_missing,[],[6],0,2,True,multiple_candidates,6,0,"[false, false, false, false, true, true, null]","[""C000210"", ""C000211""]"
C000210,single_missing,[],[6],1,12,True,multiple_candidates,1,0,"[null, null, null, false, null, null, null]","[""C000010"", ""C000011"", ""C000200"", ""C000201"", ""C000210"", ""C000211"", ""C001210"", ""C001211"", ""C010210"", ""C010211"", ""C100210"", ""C100211""]"
C000210,double_distinct_flip,"[0, 1]",[],0,1,False,single_geometry_conditional,7,2,"[true, true, false, false, true, true, false]","[""C110210""]"
C000210,double_distinct_flip,"[0, 1]",[],1,6,False,multiple_candidates,2,0,"[null, null, false, false, null, null, null]","[""C010210"", ""C100210"", ""C110010"", ""C110200"", ""C110210"", ""C110211""]"
C000210,double_distinct_flip,"[0, 2]",[],0,1,False,single_geometry_conditional,7,2,"[true, false, true, false, true, true, false]","[""C101210""]"
C000210,double_distinct_flip,"[0, 2]",[],1,6,False,multiple_candidates,2,0,"[null, false, null, false, null, null, null]","[""C001210"", ""C100210"", ""C101010"", ""C101200"", ""C101210"", ""C101211""]"
C000210,double_distinct_flip,"[0, 3]",[],0,0,False,no_feasible_candidate,0,0,"[null, null, null, null, null, null, null]",[]
C000210,double_distinct_flip,"[0, 3]",[],1,1,False,single_geometry_conditional,7,1,"[true, false, false, false, true, true, false]","[""C100210""]"
C000210,double_distinct_flip,"[0, 4]",[],0,1,False,single_geometry_conditional,7,2,"[true, false, false, false, false, true, false]","[""C100010""]"
C000210,double_distinct_flip,"[0, 4]",[],1,7,False,multiple_candidates,1,0,"[null, null, null, false, null, null, null]","[""C000010"", ""C100000"", ""C100010"", ""C100011"", ""C100210"", ""C101010"", ""C110010""]"
C000210,double_distinct_flip,"[0, 5]",[],0,1,False,single_geometry_conditional,7,2,"[true, false, false, false, true, false, false]","[""C100200""]"
C000210,double_distinct_flip,"[0, 5]",[],1,7,False,multiple_candidates,1,0,"[null, null, null, false, null, null, null]","[""C000200"", ""C100000"", ""C100200"", ""C100201"", ""C100210"", ""C101200"", ""C110200""]"
C000210,double_distinct_flip,"[0, 6]",[],0,1,False,single_geometry_conditional,7,2,"[true, false, false, false, true, true, true]","[""C100211""]"
C000210,double_distinct_flip,"[0, 6]",[],1,7,False,multiple_candidates,1,0,"[null, null, null, false, null, null, null]","[""C000211"", ""C100011"", ""C100201"", ""C100210"", ""C100211"", ""C101211"", ""C110211""]"
C000210,double_distinct_flip,"[1, 2]",[],0,1,False,single_geometry_conditional,7,2,"[false, true, true, false, true, true, false]","[""C011210""]"
C000210,double_distinct_flip,"[1, 2]",[],1,6,False,multiple_candidates,2,0,"[false, null, null, false, null, null, null]","[""C001210"", ""C010210"", ""C011010"", ""C011200"", ""C011210"", ""C011211""]"
C000210,double_distinct_flip,"[1, 3]",[],0,0,False,no_feasible_candidate,0,0,"[null, null, null, null, null, null, null]",[]
C000210,double_distinct_flip,"[1, 3]",[],1,1,False,single_geometry_conditional,7,1,"[false, true, false, false, true, true, false]","[""C010210""]"
C000210,double_distinct_flip,"[1, 4]",[],0,1,False,single_geometry_conditional,7,2,"[false, true, false, false, false, true, false]","[""C010010""]"
C000210,double_distinct_flip,"[1, 4]",[],1,7,False,multiple_candidates,1,0,"[null, null, null, false, null, null, null]","[""C000010"", ""C010000"", ""C010010"", ""C010011"", ""C010210"", ""C011010"", ""C110010""]"
C000210,double_distinct_flip,"[1, 5]",[],0,1,False,single_geometry_conditional,7,2,"[false, true, false, false, true, false, false]","[""C010200""]"
C000210,double_distinct_flip,"[1, 5]",[],1,7,False,multiple_candidates,1,0,"[null, null, null, false, null, null, null]","[""C000200"", ""C010000"", ""C010200"", ""C010201"", ""C010210"", ""C011200"", ""C110200""]"
C000210,double_distinct_flip,"[1, 6]",[],0,1,False,single_geometry_conditional,7,2,"[false, true, false, false, true, true, true]","[""C010211""]"
C000210,double_distinct_flip,"[1, 6]",[],1,7,False,multiple_candidates,1,0,"[null, null, null, false, null, null, null]","[""C000211"", ""C010011"", ""C010201"", ""C010210"", ""C010211"", ""C011211"", ""C110211""]"
C000210,double_distinct_flip,"[2, 3]",[],0,0,False,no_feasible_candidate,0,0,"[null, null, null, null, null, null, null]",[]
C000210,double_distinct_flip,"[2, 3]",[],1,1,False,single_geometry_conditional,7,1,"[false, false, true, false, true, true, false]","[""C001210""]"
C000210,double_distinct_flip,"[2, 4]",[],0,1,False,single_geometry_conditional,7,2,"[false, false, true, false, false, true, false]","[""C001010""]"
C000210,double_distinct_flip,"[2, 4]",[],1,7,False,multiple_candidates,1,0,"[null, null, null, false, null, null, null]","[""C000010"", ""C001000"", ""C001010"", ""C001011"", ""C001210"", ""C011010"", ""C101010""]"
C000210,double_distinct_flip,"[2, 5]",[],0,1,False,single_geometry_conditional,7,2,"[false, false, true, false, true, false, false]","[""C001200""]"
C000210,double_distinct_flip,"[2, 5]",[],1,7,False,multiple_candidates,1,0,"[null, null, null, false, null, null, null]","[""C000200"", ""C001000"", ""C001200"", ""C001201"", ""C001210"", ""C011200"", ""C101200""]"
C000210,double_distinct_flip,"[2, 6]",[],0,1,False,compatibility_unresolved,7,2,"[false, false, true, false, true, true, true]","[""C001211""]"
C000210,double_distinct_flip,"[2, 6]",[],1,7,False,multiple_candidates,1,0,"[null, null, null, false, null, null, null]","[""C000211"", ""C001011"", ""C001201"", ""C001210"", ""C001211"", ""C011211"", ""C101211""]"
C000210,double_distinct_flip,"[3, 4]",[],0,0,False,no_feasible_candidate,0,0,"[null, null, null, null, null, null, null]",[]
C000210,double_distinct_flip,"[3, 4]",[],1,2,False,multiple_candidates,5,1,"[false, false, false, null, false, null, false]","[""C000010"", ""C000100""]"
C000210,double_distinct_flip,"[3, 5]",[],0,0,False,no_feasible_candidate,0,0,"[null, null, null, null, null, null, null]",[]
C000210,double_distinct_flip,"[3, 5]",[],1,2,False,multiple_candidates,5,1,"[false, false, false, null, null, false, false]","[""C000100"", ""C000200""]"
C000210,double_distinct_flip,"[3, 6]",[],0,0,False,no_feasible_candidate,0,0,"[null, null, null, null, null, null, null]",[]
C000210,double_distinct_flip,"[3, 6]",[],1,1,False,single_geometry_conditional,7,1,"[false, false, false, false, true, true, true]","[""C000211""]"
C000210,double_distinct_flip,"[4, 5]",[],0,1,False,single_geometry_conditional,7,2,"[false, false, false, false, false, false, false]","[""C000000""]"
C000210,double_distinct_flip,"[4, 5]",[],1,8,False,multiple_candidates,0,0,"[null, null, null, null, null, null, null]","[""C000000"", ""C000001"", ""C000010"", ""C000100"", ""C000200"", ""C001000"", ""C010000"", ""C100000""]"
C000210,double_distinct_flip,"[4, 6]",[],0,1,False,single_geometry_conditional,7,2,"[false, false, false, false, false, true, true]","[""C000011""]"
C000210,double_distinct_flip,"[4, 6]",[],1,7,False,multiple_candidates,1,0,"[null, null, null, false, null, null, null]","[""C000001"", ""C000010"", ""C000011"", ""C000211"", ""C001011"", ""C010011"", ""C100011""]"
C000210,double_distinct_flip,"[5, 6]",[],0,1,False,single_geometry_conditional,7,2,"[false, false, false, false, true, false, true]","[""C000201""]"
C000210,double_distinct_flip,"[5, 6]",[],1,7,False,multiple_candidates,1,0,"[null, null, null, false, null, null, null]","[""C000001"", ""C000200"", ""C000201"", ""C000211"", ""C001201"", ""C010201"", ""C100201""]"
C000211,clean,[],[],0,1,True,single_geometry_conditional,7,0,"[false, false, false, false, true, true, true]","[""C000211""]"
C000211,clean,[],[],1,7,True,multiple_candidates,1,0,"[null, null, null, false, null, null, null]","[""C000011"", ""C000201"", ""C000210"", ""C000211"", ""C001211"", ""C010211"", ""C100211""]"
C000211,single_flip,[0],[],0,1,False,single_geometry_conditional,7,1,"[true, false, false, false, true, true, true]","[""C100211""]"
C000211,single_flip,[0],[],1,7,True,multiple_candidates,1,0,"[null, null, null, false, null, null, null]","[""C000211"", ""C100011"", ""C100201"", ""C100210"", ""C100211"", ""C101211"", ""C110211""]"
C000211,single_flip,[1],[],0,1,False,single_geometry_conditional,7,1,"[false, true, false, false, true, true, true]","[""C010211""]"
C000211,single_flip,[1],[],1,7,True,multiple_candidates,1,0,"[null, null, null, false, null, null, null]","[""C000211"", ""C010011"", ""C010201"", ""C010210"", ""C010211"", ""C011211"", ""C110211""]"
C000211,single_flip,[2],[],0,1,False,compatibility_unresolved,7,1,"[false, false, true, false, true, true, true]","[""C001211""]"
C000211,single_flip,[2],[],1,7,True,multiple_candidates,1,0,"[null, null, null, false, null, null, null]","[""C000211"", ""C001011"", ""C001201"", ""C001210"", ""C001211"", ""C011211"", ""C101211""]"
C000211,single_flip,[3],[],0,0,False,no_feasible_candidate,0,0,"[null, null, null, null, null, null, null]",[]
C000211,single_flip,[3],[],1,1,True,single_geometry_conditional,7,0,"[false, false, false, false, true, true, true]","[""C000211""]"
C000211,single_flip,[4],[],0,1,False,single_geometry_conditional,7,1,"[false, false, false, false, false, true, true]","[""C000011""]"
C000211,single_flip,[4],[],1,7,True,multiple_candidates,1,0,"[null, null, null, false, null, null, null]","[""C000001"", ""C000010"", ""C000011"", ""C000211"", ""C001011"", ""C010011"", ""C100011""]"
C000211,single_flip,[5],[],0,1,False,single_geometry_conditional,7,1,"[false, false, false, false, true, false, true]","[""C000201""]"
C000211,single_flip,[5],[],1,7,True,multiple_candidates,1,0,"[null, null, null, false, null, null, null]","[""C000001"", ""C000200"", ""C000201"", ""C000211"", ""C001201"", ""C010201"", ""C100201""]"
C000211,single_flip,[6],[],0,1,False,single_geometry_conditional,7,1,"[false, false, false, false, true, true, false]","[""C000210""]"
C000211,single_flip,[6],[],1,7,True,multiple_candidates,1,0,"[null, null, null, false, null, null, null]","[""C000010"", ""C000200"", ""C000210"", ""C000211"", ""C001210"", ""C010210"", ""C100210""]"
C000211,single_missing,[],[0],0,2,True,multiple_candidates,6,0,"[null, false, false, false, true, true, true]","[""C000211"", ""C100211""]"
C000211,single_missing,[],[0],1,12,True,multiple_candidates,1,0,"[null, null, null, false, null, null, null]","[""C000011"", ""C000201"", ""C000210"", ""C000211"", ""C001211"", ""C010211"", ""C100011"", ""C100201"", ""C100210"", ""C100211"", ""C101211"", ""C110211""]"
C000211,single_missing,[],[1],0,2,True,multiple_candidates,6,0,"[false, null, false, false, true, true, true]","[""C000211"", ""C010211""]"
C000211,single_missing,[],[1],1,12,True,multiple_candidates,1,0,"[null, null, null, false, null, null, null]","[""C000011"", ""C000201"", ""C000210"", ""C000211"", ""C001211"", ""C010011"", ""C010201"", ""C010210"", ""C010211"", ""C011211"", ""C100211"", ""C110211""]"
C000211,single_missing,[],[2],0,2,True,multiple_candidates,6,0,"[false, false, null, false, true, true, true]","[""C000211"", ""C001211""]"
C000211,single_missing,[],[2],1,12,True,multiple_candidates,1,0,"[null, null, null, false, null, null, null]","[""C000011"", ""C000201"", ""C000210"", ""C000211"", ""C001011"", ""C001201"", ""C001210"", ""C001211"", ""C010211"", ""C011211"", ""C100211"", ""C101211""]"
C000211,single_missing,[],[3],0,1,True,single_geometry_conditional,7,0,"[false, false, false, false, true, true, true]","[""C000211""]"
C000211,single_missing,[],[3],1,7,True,multiple_candidates,1,0,"[null, null, null, false, null, null, null]","[""C000011"", ""C000201"", ""C000210"", ""C000211"", ""C001211"", ""C010211"", ""C100211""]"
C000211,single_missing,[],[4],0,2,True,multiple_candidates,6,0,"[false, false, false, false, null, true, true]","[""C000011"", ""C000211""]"
C000211,single_missing,[],[4],1,12,True,multiple_candidates,1,0,"[null, null, null, false, null, null, null]","[""C000001"", ""C000010"", ""C000011"", ""C000201"", ""C000210"", ""C000211"", ""C001011"", ""C001211"", ""C010011"", ""C010211"", ""C100011"", ""C100211""]"
C000211,single_missing,[],[5],0,2,True,multiple_candidates,6,0,"[false, false, false, false, true, null, true]","[""C000201"", ""C000211""]"
C000211,single_missing,[],[5],1,12,True,multiple_candidates,1,0,"[null, null, null, false, null, null, null]","[""C000001"", ""C000011"", ""C000200"", ""C000201"", ""C000210"", ""C000211"", ""C001201"", ""C001211"", ""C010201"", ""C010211"", ""C100201"", ""C100211""]"
C000211,single_missing,[],[6],0,2,True,multiple_candidates,6,0,"[false, false, false, false, true, true, null]","[""C000210"", ""C000211""]"
C000211,single_missing,[],[6],1,12,True,multiple_candidates,1,0,"[null, null, null, false, null, null, null]","[""C000010"", ""C000011"", ""C000200"", ""C000201"", ""C000210"", ""C000211"", ""C001210"", ""C001211"", ""C010210"", ""C010211"", ""C100210"", ""C100211""]"
C000211,double_distinct_flip,"[0, 1]",[],0,1,False,single_geometry_conditional,7,2,"[true, true, false, false, true, true, true]","[""C110211""]"
C000211,double_distinct_flip,"[0, 1]",[],1,6,False,multiple_candidates,2,0,"[null, null, false, false, null, null, null]","[""C010211"", ""C100211"", ""C110011"", ""C110201"", ""C110210"", ""C110211""]"
C000211,double_distinct_flip,"[0, 2]",[],0,1,False,compatibility_unresolved,7,2,"[true, false, true, false, true, true, true]","[""C101211""]"
C000211,double_distinct_flip,"[0, 2]",[],1,6,False,multiple_candidates,2,0,"[null, false, null, false, null, null, null]","[""C001211"", ""C100211"", ""C101011"", ""C101201"", ""C101210"", ""C101211""]"
C000211,double_distinct_flip,"[0, 3]",[],0,0,False,no_feasible_candidate,0,0,"[null, null, null, null, null, null, null]",[]
C000211,double_distinct_flip,"[0, 3]",[],1,1,False,single_geometry_conditional,7,1,"[true, false, false, false, true, true, true]","[""C100211""]"
C000211,double_distinct_flip,"[0, 4]",[],0,1,False,single_geometry_conditional,7,2,"[true, false, false, false, false, true, true]","[""C100011""]"
C000211,double_distinct_flip,"[0, 4]",[],1,7,False,multiple_candidates,1,0,"[null, null, null, false, null, null, null]","[""C000011"", ""C100001"", ""C100010"", ""C100011"", ""C100211"", ""C101011"", ""C110011""]"
C000211,double_distinct_flip,"[0, 5]",[],0,1,False,single_geometry_conditional,7,2,"[true, false, false, false, true, false, true]","[""C100201""]"
C000211,double_distinct_flip,"[0, 5]",[],1,7,False,multiple_candidates,1,0,"[null, null, null, false, null, null, null]","[""C000201"", ""C100001"", ""C100200"", ""C100201"", ""C100211"", ""C101201"", ""C110201""]"
C000211,double_distinct_flip,"[0, 6]",[],0,1,False,single_geometry_conditional,7,2,"[true, false, false, false, true, true, false]","[""C100210""]"
C000211,double_distinct_flip,"[0, 6]",[],1,7,False,multiple_candidates,1,0,"[null, null, null, false, null, null, null]","[""C000210"", ""C100010"", ""C100200"", ""C100210"", ""C100211"", ""C101210"", ""C110210""]"
C000211,double_distinct_flip,"[1, 2]",[],0,1,False,compatibility_unresolved,7,2,"[false, true, true, false, true, true, true]","[""C011211""]"
C000211,double_distinct_flip,"[1, 2]",[],1,6,False,multiple_candidates,2,0,"[false, null, null, false, null, null, null]","[""C001211"", ""C010211"", ""C011011"", ""C011201"", ""C011210"", ""C011211""]"
C000211,double_distinct_flip,"[1, 3]",[],0,0,False,no_feasible_candidate,0,0,"[null, null, null, null, null, null, null]",[]
C000211,double_distinct_flip,"[1, 3]",[],1,1,False,single_geometry_conditional,7,1,"[false, true, false, false, true, true, true]","[""C010211""]"
C000211,double_distinct_flip,"[1, 4]",[],0,1,False,single_geometry_conditional,7,2,"[false, true, false, false, false, true, true]","[""C010011""]"
C000211,double_distinct_flip,"[1, 4]",[],1,7,False,multiple_candidates,1,0,"[null, null, null, false, null, null, null]","[""C000011"", ""C010001"", ""C010010"", ""C010011"", ""C010211"", ""C011011"", ""C110011""]"
C000211,double_distinct_flip,"[1, 5]",[],0,1,False,single_geometry_conditional,7,2,"[false, true, false, false, true, false, true]","[""C010201""]"
C000211,double_distinct_flip,"[1, 5]",[],1,7,False,multiple_candidates,1,0,"[null, null, null, false, null, null, null]","[""C000201"", ""C010001"", ""C010200"", ""C010201"", ""C010211"", ""C011201"", ""C110201""]"
C000211,double_distinct_flip,"[1, 6]",[],0,1,False,single_geometry_conditional,7,2,"[false, true, false, false, true, true, false]","[""C010210""]"
C000211,double_distinct_flip,"[1, 6]",[],1,7,False,multiple_candidates,1,0,"[null, null, null, false, null, null, null]","[""C000210"", ""C010010"", ""C010200"", ""C010210"", ""C010211"", ""C011210"", ""C110210""]"
C000211,double_distinct_flip,"[2, 3]",[],0,0,False,no_feasible_candidate,0,0,"[null, null, null, null, null, null, null]",[]
C000211,double_distinct_flip,"[2, 3]",[],1,1,False,compatibility_unresolved,7,1,"[false, false, true, false, true, true, true]","[""C001211""]"
C000211,double_distinct_flip,"[2, 4]",[],0,1,False,compatibility_unresolved,7,2,"[false, false, true, false, false, true, true]","[""C001011""]"
C000211,double_distinct_flip,"[2, 4]",[],1,7,False,multiple_candidates,1,0,"[null, null, null, false, null, null, null]","[""C000011"", ""C001001"", ""C001010"", ""C001011"", ""C001211"", ""C011011"", ""C101011""]"
C000211,double_distinct_flip,"[2, 5]",[],0,1,False,compatibility_unresolved,7,2,"[false, false, true, false, true, false, true]","[""C001201""]"
C000211,double_distinct_flip,"[2, 5]",[],1,7,False,multiple_candidates,1,0,"[null, null, null, false, null, null, null]","[""C000201"", ""C001001"", ""C001200"", ""C001201"", ""C001211"", ""C011201"", ""C101201""]"
C000211,double_distinct_flip,"[2, 6]",[],0,1,False,single_geometry_conditional,7,2,"[false, false, true, false, true, true, false]","[""C001210""]"
C000211,double_distinct_flip,"[2, 6]",[],1,7,False,multiple_candidates,1,0,"[null, null, null, false, null, null, null]","[""C000210"", ""C001010"", ""C001200"", ""C001210"", ""C001211"", ""C011210"", ""C101210""]"
C000211,double_distinct_flip,"[3, 4]",[],0,0,False,no_feasible_candidate,0,0,"[null, null, null, null, null, null, null]",[]
C000211,double_distinct_flip,"[3, 4]",[],1,2,False,multiple_candidates,5,1,"[false, false, false, null, false, null, true]","[""C000011"", ""C000101""]"
C000211,double_distinct_flip,"[3, 5]",[],0,0,False,no_feasible_candidate,0,0,"[null, null, null, null, null, null, null]",[]
C000211,double_distinct_flip,"[3, 5]",[],1,2,False,multiple_candidates,5,1,"[false, false, false, null, null, false, true]","[""C000101"", ""C000201""]"
C000211,double_distinct_flip,"[3, 6]",[],0,0,False,no_feasible_candidate,0,0,"[null, null, null, null, null, null, null]",[]
C000211,double_distinct_flip,"[3, 6]",[],1,1,False,single_geometry_conditional,7,1,"[false, false, false, false, true, true, false]","[""C000210""]"
C000211,double_distinct_flip,"[4, 5]",[],0,1,False,single_geometry_conditional,7,2,"[false, false, false, false, false, false, true]","[""C000001""]"
C000211,double_distinct_flip,"[4, 5]",[],1,8,False,multiple_candidates,0,0,"[null, null, null, null, null, null, null]","[""C000000"", ""C000001"", ""C000011"", ""C000101"", ""C000201"", ""C001001"", ""C010001"", ""C100001""]"
C000211,double_distinct_flip,"[4, 6]",[],0,1,False,single_geometry_conditional,7,2,"[false, false, false, false, false, true, false]","[""C000010""]"
C000211,double_distinct_flip,"[4, 6]",[],1,7,False,multiple_candidates,1,0,"[null, null, null, false, null, null, null]","[""C000000"", ""C000010"", ""C000011"", ""C000210"", ""C001010"", ""C010010"", ""C100010""]"
C000211,double_distinct_flip,"[5, 6]",[],0,1,False,single_geometry_conditional,7,2,"[false, false, false, false, true, false, false]","[""C000200""]"
C000211,double_distinct_flip,"[5, 6]",[],1,7,False,multiple_candidates,1,0,"[null, null, null, false, null, null, null]","[""C000000"", ""C000200"", ""C000201"", ""C000210"", ""C001200"", ""C010200"", ""C100200""]"
C001000,clean,[],[],0,1,True,single_geometry_conditional,7,0,"[false, false, true, false, false, false, false]","[""C001000""]"
C001000,clean,[],[],1,8,True,multiple_candidates,0,0,"[null, null, null, null, null, null, null]","[""C000000"", ""C001000"", ""C001001"", ""C001010"", ""C001100"", ""C001200"", ""C011000"", ""C101000""]"
C001000,single_flip,[0],[],0,1,False,single_geometry_conditional,7,1,"[true, false, true, false, false, false, false]","[""C101000""]"
C001000,single_flip,[0],[],1,7,True,multiple_candidates,1,0,"[null, false, null, null, null, null, null]","[""C001000"", ""C100000"", ""C101000"", ""C101001"", ""C101010"", ""C101100"", ""C101200""]"
C001000,single_flip,[1],[],0,1,False,single_geometry_conditional,7,1,"[false, true, true, false, false, false, false]","[""C011000""]"
C001000,single_flip,[1],[],1,7,True,multiple_candidates,1,0,"[false, null, null, null, null, null, null]","[""C001000"", ""C010000"", ""C011000"", ""C011001"", ""C011010"", ""C011100"", ""C011200""]"
C001000,single_flip,[2],[],0,1,False,single_geometry_conditional,7,1,"[false, false, false, false, false, false, false]","[""C000000""]"
C001000,single_flip,[2],[],1,8,True,multiple_candidates,0,0,"[null, null, null, null, null, null, null]","[""C000000"", ""C000001"", ""C000010"", ""C000100"", ""C000200"", ""C001000"", ""C010000"", ""C100000""]"
C001000,single_flip,[3],[],0,1,False,single_geometry_conditional,7,1,"[false, false, true, true, false, false, false]","[""C001100""]"
C001000,single_flip,[3],[],1,6,True,multiple_candidates,2,0,"[null, null, null, null, false, false, null]","[""C000100"", ""C001000"", ""C001100"", ""C001101"", ""C011100"", ""C101100""]"
C001000,single_flip,[4],[],0,1,False,single_geometry_conditional,7,1,"[false, false, true, false, true, false, false]","[""C001200""]"
C001000,single_flip,[4],[],1,7,True,multiple_candidates,1,0,"[null, null, null, false, null, null, null]","[""C000200"", ""C001000"", ""C001200"", ""C001201"", ""C001210"", ""C011200"", ""C101200""]"
C001000,single_flip,[5],[],0,1,False,single_geometry_conditional,7,1,"[false, false, true, false, false, true, false]","[""C001010""]"
C001000,single_flip,[5],[],1,7,True,multiple_candidates,1,0,"[null, null, null, false, null, null, null]","[""C000010"", ""C001000"", ""C001010"", ""C001011"", ""C001210"", ""C011010"", ""C101010""]"
C001000,single_flip,[6],[],0,1,False,compatibility_unresolved,7,1,"[false, false, true, false, false, false, true]","[""C001001""]"
C001000,single_flip,[6],[],1,8,True,multiple_candidates,0,0,"[null, null, null, null, null, null, null]","[""C000001"", ""C001000"", ""C001001"", ""C001011"", ""C001101"", ""C001201"", ""C011001"", ""C101001""]"
C001000,single_missing,[],[0],0,2,True,multiple_candidates,6,0,"[null, false, true, false, false, false, false]","[""C001000"", ""C101000""]"
C001000,single_missing,[],[0],1,13,True,multiple_candidates,0,0,"[null, null, null, null, null, null, null]","[""C000000"", ""C001000"", ""C001001"", ""C001010"", ""C001100"", ""C001200"", ""C011000"", ""C100000"", ""C101000"", ""C101001"", ""C101010"", ""C101100"", ""C101200""]"
C001000,single_missing,[],[1],0,2,True,multiple_candidates,6,0,"[false, null, true, false, false, false, false]","[""C001000"", ""C011000""]"
C001000,single_missing,[],[1],1,13,True,multiple_candidates,0,0,"[null, null, null, null, null, null, null]","[""C000000"", ""C001000"", ""C001001"", ""C001010"", ""C001100"", ""C001200"", ""C010000"", ""C011000"", ""C011001"", ""C011010"", ""C011100"", ""C011200"", ""C101000""]"
C001000,single_missing,[],[2],0,2,True,multiple_candidates,6,0,"[false, false, null, false, false, false, false]","[""C000000"", ""C001000""]"
C001000,single_missing,[],[2],1,14,True,multiple_candidates,0,0,"[null, null, null, null, null, null, null]","[""C000000"", ""C000001"", ""C000010"", ""C000100"", ""C000200"", ""C001000"", ""C001001"", ""C001010"", ""C001100"", ""C001200"", ""C010000"", ""C011000"", ""C100000"", ""C101000""]"
C001000,single_missing,[],[3],0,2,True,multiple_candidates,6,0,"[false, false, true, null, false, false, false]","[""C001000"", ""C001100""]"
C001000,single_missing,[],[3],1,12,True,multiple_candidates,0,0,"[null, null, null, null, null, null, null]","[""C000000"", ""C000100"", ""C001000"", ""C001001"", ""C001010"", ""C001100"", ""C001101"", ""C001200"", ""C011000"", ""C011100"", ""C101000"", ""C101100""]"
C001000,single_missing,[],[4],0,2,True,multiple_candidates,6,0,"[false, false, true, false, null, false, false]","[""C001000"", ""C001200""]"
C001000,single_missing,[],[4],1,13,True,multiple_candidates,0,0,"[null, null, null, null, null, null, null]","[""C000000"", ""C000200"", ""C001000"", ""C001001"", ""C001010"", ""C001100"", ""C001200"", ""C001201"", ""C001210"", ""C011000"", ""C011200"", ""C101000"", ""C101200""]"
C001000,single_missing,[],[5],0,2,True,multiple_candidates,6,0,"[false, false, true, false, false, null, false]","[""C001000"", ""C001010""]"
C001000,single_missing,[],[5],1,13,True,multiple_candidates,0,0,"[null, null, null, null, null, null, null]","[""C000000"", ""C000010"", ""C001000"", ""C001001"", ""C001010"", ""C001011"", ""C001100"", ""C001200"", ""C001210"", ""C011000"", ""C011010"", ""C101000"", ""C101010""]"
C001000,single_missing,[],[6],0,2,True,multiple_candidates,6,0,"[false, false, true, false, false, false, null]","[""C001000"", ""C001001""]"
C001000,single_missing,[],[6],1,14,True,multiple_candidates,0,0,"[null, null, null, null, null, null, null]","[""C000000"", ""C000001"", ""C001000"", ""C001001"", ""C001010"", ""C001011"", ""C001100"", ""C001101"", ""C001200"", ""C001201"", ""C011000"", ""C011001"", ""C101000"", ""C101001""]"
C001000,double_distinct_flip,"[0, 1]",[],0,0,False,no_feasible_candidate,0,0,"[null, null, null, null, null, null, null]",[]
C001000,double_distinct_flip,"[0, 1]",[],1,3,False,multiple_candidates,4,0,"[null, null, null, false, false, false, false]","[""C011000"", ""C101000"", ""C110000""]"
C001000,double_distinct_flip,"[0, 2]",[],0,1,False,single_geometry_conditional,7,2,"[true, false, false, false, false, false, false]","[""C100000""]"
C001000,double_distinct_flip,"[0, 2]",[],1,8,False,multiple_candidates,0,0,"[null, null, null, null, null, null, null]","[""C000000"", ""C100000"", ""C100001"", ""C100010"", ""C100100"", ""C100200"", ""C101000"", ""C110000""]"
C001000,double_distinct_flip,"[0, 3]",[],0,1,False,single_geometry_conditional,7,2,"[true, false, true, true, false, false, false]","[""C101100""]"
C001000,double_distinct_flip,"[0, 3]",[],1,5,False,multiple_candidates,3,0,"[null, false, null, null, false, false, null]","[""C001100"", ""C100100"", ""C101000"", ""C101100"", ""C101101""]"
C001000,double_distinct_flip,"[0, 4]",[],0,1,False,single_geometry_conditional,7,2,"[true, false, true, false, true, false, false]","[""C101200""]"
C001000,double_distinct_flip,"[0, 4]",[],1,6,False,multiple_candidates,2,0,"[null, false, null, false, null, null, null]","[""C001200"", ""C100200"", ""C101000"", ""C101200"", ""C101201"", ""C101210""]"
C001000,double_distinct_flip,"[0, 5]",[],0,1,False,single_geometry_conditional,7,2,"[true, false, true, false, false, true, false]","[""C101010""]"
C001000,double_distinct_flip,"[0, 5]",[],1,6,False,multiple_candidates,2,0,"[null, false, null, false, null, null, null]","[""C001010"", ""C100010"", ""C101000"", ""C101010"", ""C101011"", ""C101210""]"
C001000,double_distinct_flip,"[0, 6]",[],0,1,False,compatibility_unresolved,7,2,"[true, false, true, false, false, false, true]","[""C101001""]"
C001000,double_distinct_flip,"[0, 6]",[],1,7,False,multiple_candidates,1,0,"[null, false, null, null, null, null, null]","[""C001001"", ""C100001"", ""C101000"", ""C101001"", ""C101011"", ""C101101"", ""C101201""]"
C001000,double_distinct_flip,"[1, 2]",[],0,1,False,single_geometry_conditional,7,2,"[false, true, false, false, false, false, false]","[""C010000""]"
C001000,double_distinct_flip,"[1, 2]",[],1,8,False,multiple_candidates,0,0,"[null, null, null, null, null, null, null]","[""C000000"", ""C010000"", ""C010001"", ""C010010"", ""C010100"", ""C010200"", ""C011000"", ""C110000""]"
C001000,double_distinct_flip,"[1, 3]",[],0,1,False,single_geometry_conditional,7,2,"[false, true, true, true, false, false, false]","[""C011100""]"
C001000,double_distinct_flip,"[1, 3]",[],1,5,False,multiple_candidates,3,0,"[false, null, null, null, false, false, null]","[""C001100"", ""C010100"", ""C011000"", ""C011100"", ""C011101""]"
C001000,double_distinct_flip,"[1, 4]",[],0,1,False,single_geometry_conditional,7,2,"[false, true, true, false, true, false, false]","[""C011200""]"
C001000,double_distinct_flip,"[1, 4]",[],1,6,False,multiple_candidates,2,0,"[false, null, null, false, null, null, null]","[""C001200"", ""C010200"", ""C011000"", ""C011200"", ""C011201"", ""C011210""]"
C001000,double_distinct_flip,"[1, 5]",[],0,1,False,single_geometry_conditional,7,2,"[false, true, true, false, false, true, false]","[""C011010""]"
C001000,double_distinct_flip,"[1, 5]",[],1,6,False,multiple_candidates,2,0,"[false, null, null, false, null, null, null]","[""C001010"", ""C010010"", ""C011000"", ""C011010"", ""C011011"", ""C011210""]"
C001000,double_distinct_flip,"[1, 6]",[],0,1,False,compatibility_unresolved,7,2,"[false, true, true, false, false, false, true]","[""C011001""]"
C001000,double_distinct_flip,"[1, 6]",[],1,7,False,multiple_candidates,1,0,"[false, null, null, null, null, null, null]","[""C001001"", ""C010001"", ""C011000"", ""C011001"", ""C011011"", ""C011101"", ""C011201""]"
C001000,double_distinct_flip,"[2, 3]",[],0,1,False,single_geometry_conditional,7,2,"[false, false, false, true, false, false, false]","[""C000100""]"
C001000,double_distinct_flip,"[2, 3]",[],1,6,False,multiple_candidates,2,0,"[null, null, null, null, false, false, null]","[""C000000"", ""C000100"", ""C000101"", ""C001100"", ""C010100"", ""C100100""]"
C001000,double_distinct_flip,"[2, 4]",[],0,1,False,single_geometry_conditional,7,2,"[false, false, false, false, true, false, false]","[""C000200""]"
C001000,double_distinct_flip,"[2, 4]",[],1,7,False,multiple_candidates,1,0,"[null, null, null, false, null, null, null]","[""C000000"", ""C000200"", ""C000201"", ""C000210"", ""C001200"", ""C010200"", ""C100200""]"
C001000,double_distinct_flip,"[2, 5]",[],0,1,False,single_geometry_conditional,7,2,"[false, false, false, false, false, true, false]","[""C000010""]"
C001000,double_distinct_flip,"[2, 5]",[],1,7,False,multiple_candidates,1,0,"[null, null, null, false, null, null, null]","[""C000000"", ""C000010"", ""C000011"", ""C000210"", ""C001010"", ""C010010"", ""C100010""]"
C001000,double_distinct_flip,"[2, 6]",[],0,1,False,single_geometry_conditional,7,2,"[false, false, false, false, false, false, true]","[""C000001""]"
C001000,double_distinct_flip,"[2, 6]",[],1,8,False,multiple_candidates,0,0,"[null, null, null, null, null, null, null]","[""C000000"", ""C000001"", ""C000011"", ""C000101"", ""C000201"", ""C001001"", ""C010001"", ""C100001""]"
C001000,double_distinct_flip,"[3, 4]",[],0,0,False,no_feasible_candidate,0,0,"[null, null, null, null, null, null, null]",[]
C001000,double_distinct_flip,"[3, 4]",[],1,2,False,multiple_candidates,5,0,"[false, false, true, null, null, false, false]","[""C001100"", ""C001200""]"
C001000,double_distinct_flip,"[3, 5]",[],0,0,False,no_feasible_candidate,0,0,"[null, null, null, null, null, null, null]",[]
C001000,double_distinct_flip,"[3, 5]",[],1,2,False,multiple_candidates,5,0,"[false, false, true, null, false, null, false]","[""C001010"", ""C001100""]"
C001000,double_distinct_flip,"[3, 6]",[],0,1,False,compatibility_unresolved,7,2,"[false, false, true, true, false, false, true]","[""C001101""]"
C001000,double_distinct_flip,"[3, 6]",[],1,6,False,multiple_candidates,2,0,"[null, null, null, null, false, false, null]","[""C000101"", ""C001001"", ""C001100"", ""C001101"", ""C011101"", ""C101101""]"
C001000,double_distinct_flip,"[4, 5]",[],0,1,False,single_geometry_conditional,7,2,"[false, false, true, false, true, true, false]","[""C001210""]"
C001000,double_distinct_flip,"[4, 5]",[],1,7,False,multiple_candidates,1,0,"[null, null, null, false, null, null, null]","[""C000210"", ""C001010"", ""C001200"", ""C001210"", ""C001211"", ""C011210"", ""C101210""]"
C001000,double_distinct_flip,"[4, 6]",[],0,1,False,compatibility_unresolved,7,2,"[false, false, true, false, true, false, true]","[""C001201""]"
C001000,double_distinct_flip,"[4, 6]",[],1,7,False,multiple_candidates,1,0,"[null, null, null, false, null, null, null]","[""C000201"", ""C001001"", ""C001200"", ""C001201"", ""C001211"", ""C011201"", ""C101201""]"
C001000,double_distinct_flip,"[5, 6]",[],0,1,False,compatibility_unresolved,7,2,"[false, false, true, false, false, true, true]","[""C001011""]"
C001000,double_distinct_flip,"[5, 6]",[],1,7,False,multiple_candidates,1,0,"[null, null, null, false, null, null, null]","[""C000011"", ""C001001"", ""C001010"", ""C001011"", ""C001211"", ""C011011"", ""C101011""]"
C001001,clean,[],[],0,1,True,compatibility_unresolved,7,0,"[false, false, true, false, false, false, true]","[""C001001""]"
C001001,clean,[],[],1,8,True,multiple_candidates,0,0,"[null, null, null, null, null, null, null]","[""C000001"", ""C001000"", ""C001001"", ""C001011"", ""C001101"", ""C001201"", ""C011001"", ""C101001""]"
C001001,single_flip,[0],[],0,1,False,compatibility_unresolved,7,1,"[true, false, true, false, false, false, true]","[""C101001""]"
C001001,single_flip,[0],[],1,7,True,multiple_candidates,1,0,"[null, false, null, null, null, null, null]","[""C001001"", ""C100001"", ""C101000"", ""C101001"", ""C101011"", ""C101101"", ""C101201""]"
C001001,single_flip,[1],[],0,1,False,compatibility_unresolved,7,1,"[false, true, true, false, false, false, true]","[""C011001""]"
C001001,single_flip,[1],[],1,7,True,multiple_candidates,1,0,"[false, null, null, null, null, null, null]","[""C001001"", ""C010001"", ""C011000"", ""C011001"", ""C011011"", ""C011101"", ""C011201""]"
C001001,single_flip,[2],[],0,1,False,single_geometry_conditional,7,1,"[false, false, false, false, false, false, true]","[""C000001""]"
C001001,single_flip,[2],[],1,8,True,multiple_candidates,0,0,"[null, null, null, null, null, null, null]","[""C000000"", ""C000001"", ""C000011"", ""C000101"", ""C000201"", ""C001001"", ""C010001"", ""C100001""]"
C001001,single_flip,[3],[],0,1,False,compatibility_unresolved,7,1,"[false, false, true, true, false, false, true]","[""C001101""]"
C001001,single_flip,[3],[],1,6,True,multiple_candidates,2,0,"[null, null, null, null, false, false, null]","[""C000101"", ""C001001"", ""C001100"", ""C001101"", ""C011101"", ""C101101""]"
C001001,single_flip,[4],[],0,1,False,compatibility_unresolved,7,1,"[false, false, true, false, true, false, true]","[""C001201""]"
C001001,single_flip,[4],[],1,7,True,multiple_candidates,1,0,"[null, null, null, false, null, null, null]","[""C000201"", ""C001001"", ""C001200"", ""C001201"", ""C001211"", ""C011201"", ""C101201""]"
C001001,single_flip,[5],[],0,1,False,compatibility_unresolved,7,1,"[false, false, true, false, false, true, true]","[""C001011""]"
C001001,single_flip,[5],[],1,7,True,multiple_candidates,1,0,"[null, null, null, false, null, null, null]","[""C000011"", ""C001001"", ""C001010"", ""C001011"", ""C001211"", ""C011011"", ""C101011""]"
C001001,single_flip,[6],[],0,1,False,single_geometry_conditional,7,1,"[false, false, true, false, false, false, false]","[""C001000""]"
C001001,single_flip,[6],[],1,8,True,multiple_candidates,0,0,"[null, null, null, null, null, null, null]","[""C000000"", ""C001000"", ""C001001"", ""C001010"", ""C001100"", ""C001200"", ""C011000"", ""C101000""]"
C001001,single_missing,[],[0],0,2,True,multiple_candidates,6,0,"[null, false, true, false, false, false, true]","[""C001001"", ""C101001""]"
C001001,single_missing,[],[0],1,13,True,multiple_candidates,0,0,"[null, null, null, null, null, null, null]","[""C000001"", ""C001000"", ""C001001"", ""C001011"", ""C001101"", ""C001201"", ""C011001"", ""C100001"", ""C101000"", ""C101001"", ""C101011"", ""C101101"", ""C101201""]"
C001001,single_missing,[],[1],0,2,True,multiple_candidates,6,0,"[false, null, true, false, false, false, true]","[""C001001"", ""C011001""]"
C001001,single_missing,[],[1],1,13,True,multiple_candidates,0,0,"[null, null, null, null, null, null, null]","[""C000001"", ""C001000"", ""C001001"", ""C001011"", ""C001101"", ""C001201"", ""C010001"", ""C011000"", ""C011001"", ""C011011"", ""C011101"", ""C011201"", ""C101001""]"
C001001,single_missing,[],[2],0,2,True,multiple_candidates,6,0,"[false, false, null, false, false, false, true]","[""C000001"", ""C001001""]"
C001001,single_missing,[],[2],1,14,True,multiple_candidates,0,0,"[null, null, null, null, null, null, null]","[""C000000"", ""C000001"", ""C000011"", ""C000101"", ""C000201"", ""C001000"", ""C001001"", ""C001011"", ""C001101"", ""C001201"", ""C010001"", ""C011001"", ""C100001"", ""C101001""]"
C001001,single_missing,[],[3],0,2,True,multiple_candidates,6,0,"[false, false, true, null, false, false, true]","[""C001001"", ""C001101""]"
C001001,single_missing,[],[3],1,12,True,multiple_candidates,0,0,"[null, null, null, null, null, null, null]","[""C000001"", ""C000101"", ""C001000"", ""C001001"", ""C001011"", ""C001100"", ""C001101"", ""C001201"", ""C011001"", ""C011101"", ""C101001"", ""C101101""]"
C001001,single_missing,[],[4],0,2,True,multiple_candidates,6,0,"[false, false, true, false, null, false, true]","[""C001001"", ""C001201""]"
C001001,single_missing,[],[4],1,13,True,multiple_candidates,0,0,"[null, null, null, null, null, null, null]","[""C000001"", ""C000201"", ""C001000"", ""C001001"", ""C001011"", ""C001101"", ""C001200"", ""C001201"", ""C001211"", ""C011001"", ""C011201"", ""C101001"", ""C101201""]"
C001001,single_missing,[],[5],0,2,True,multiple_candidates,6,0,"[false, false, true, false, false, null, true]","[""C001001"", ""C001011""]"
C001001,single_missing,[],[5],1,13,True,multiple_candidates,0,0,"[null, null, null, null, null, null, null]","[""C000001"", ""C000011"", ""C001000"", ""C001001"", ""C001010"", ""C001011"", ""C001101"", ""C001201"", ""C001211"", ""C011001"", ""C011011"", ""C101001"", ""C101011""]"
C001001,single_missing,[],[6],0,2,True,multiple_candidates,6,0,"[false, false, true, false, false, false, null]","[""C001000"", ""C001001""]"
C001001,single_missing,[],[6],1,14,True,multiple_candidates,0,0,"[null, null, null, null, null, null, null]","[""C000000"", ""C000001"", ""C001000"", ""C001001"", ""C001010"", ""C001011"", ""C001100"", ""C001101"", ""C001200"", ""C001201"", ""C011000"", ""C011001"", ""C101000"", ""C101001""]"
C001001,double_distinct_flip,"[0, 1]",[],0,0,False,no_feasible_candidate,0,0,"[null, null, null, null, null, null, null]",[]
C001001,double_distinct_flip,"[0, 1]",[],1,3,False,multiple_candidates,4,0,"[null, null, null, false, false, false, true]","[""C011001"", ""C101001"", ""C110001""]"
C001001,double_distinct_flip,"[0, 2]",[],0,1,False,single_geometry_conditional,7,2,"[true, false, false, false, false, false, true]","[""C100001""]"
C001001,double_distinct_flip,"[0, 2]",[],1,8,False,multiple_candidates,0,0,"[null, null, null, null, null, null, null]","[""C000001"", ""C100000"", ""C100001"", ""C100011"", ""C100101"", ""C100201"", ""C101001"", ""C110001""]"
C001001,double_distinct_flip,"[0, 3]",[],0,1,False,compatibility_unresolved,7,2,"[true, false, true, true, false, false, true]","[""C101101""]"
C001001,double_distinct_flip,"[0, 3]",[],1,5,False,multiple_candidates,3,0,"[null, false, null, null, false, false, null]","[""C001101"", ""C100101"", ""C101001"", ""C101100"", ""C101101""]"
C001001,double_distinct_flip,"[0, 4]",[],0,1,False,compatibility_unresolved,7,2,"[true, false, true, false, true, false, true]","[""C101201""]"
C001001,double_distinct_flip,"[0, 4]",[],1,6,False,multiple_candidates,2,0,"[null, false, null, false, null, null, null]","[""C001201"", ""C100201"", ""C101001"", ""C101200"", ""C101201"", ""C101211""]"
C001001,double_distinct_flip,"[0, 5]",[],0,1,False,compatibility_unresolved,7,2,"[true, false, true, false, false, true, true]","[""C101011""]"
C001001,double_distinct_flip,"[0, 5]",[],1,6,False,multiple_candidates,2,0,"[null, false, null, false, null, null, null]","[""C001011"", ""C100011"", ""C101001"", ""C101010"", ""C101011"", ""C101211""]"
C001001,double_distinct_flip,"[0, 6]",[],0,1,False,single_geometry_conditional,7,2,"[true, false, true, false, false, false, false]","[""C101000""]"
C001001,double_distinct_flip,"[0, 6]",[],1,7,False,multiple_candidates,1,0,"[null, false, null, null, null, null, null]","[""C001000"", ""C100000"", ""C101000"", ""C101001"", ""C101010"", ""C101100"", ""C101200""]"
C001001,double_distinct_flip,"[1, 2]",[],0,1,False,single_geometry_conditional,7,2,"[false, true, false, false, false, false, true]","[""C010001""]"
C001001,double_distinct_flip,"[1, 2]",[],1,8,False,multiple_candidates,0,0,"[null, null, null, null, null, null, null]","[""C000001"", ""C010000"", ""C010001"", ""C010011"", ""C010101"", ""C010201"", ""C011001"", ""C110001""]"
C001001,double_distinct_flip,"[1, 3]",[],0,1,False,compatibility_unresolved,7,2,"[false, true, true, true, false, false, true]","[""C011101""]"
C001001,double_distinct_flip,"[1, 3]",[],1,5,False,multiple_candidates,3,0,"[false, null, null, null, false, false, null]","[""C001101"", ""C010101"", ""C011001"", ""C011100"", ""C011101""]"
C001001,double_distinct_flip,"[1, 4]",[],0,1,False,compatibility_unresolved,7,2,"[false, true, true, false, true, false, true]","[""C011201""]"
C001001,double_distinct_flip,"[1, 4]",[],1,6,False,multiple_candidates,2,0,"[false, null, null, false, null, null, null]","[""C001201"", ""C010201"", ""C011001"", ""C011200"", ""C011201"", ""C011211""]"
C001001,double_distinct_flip,"[1, 5]",[],0,1,False,compatibility_unresolved,7,2,"[false, true, true, false, false, true, true]","[""C011011""]"
C001001,double_distinct_flip,"[1, 5]",[],1,6,False,multiple_candidates,2,0,"[false, null, null, false, null, null, null]","[""C001011"", ""C010011"", ""C011001"", ""C011010"", ""C011011"", ""C011211""]"
C001001,double_distinct_flip,"[1, 6]",[],0,1,False,single_geometry_conditional,7,2,"[false, true, true, false, false, false, false]","[""C011000""]"
C001001,double_distinct_flip,"[1, 6]",[],1,7,False,multiple_candidates,1,0,"[false, null, null, null, null, null, null]","[""C001000"", ""C010000"", ""C011000"", ""C011001"", ""C011010"", ""C011100"", ""C011200""]"
C001001,double_distinct_flip,"[2, 3]",[],0,1,False,single_geometry_conditional,7,2,"[false, false, false, true, false, false, true]","[""C000101""]"
C001001,double_distinct_flip,"[2, 3]",[],1,6,False,multiple_candidates,2,0,"[null, null, null, null, false, false, null]","[""C000001"", ""C000100"", ""C000101"", ""C001101"", ""C010101"", ""C100101""]"
C001001,double_distinct_flip,"[2, 4]",[],0,1,False,single_geometry_conditional,7,2,"[false, false, false, false, true, false, true]","[""C000201""]"
C001001,double_distinct_flip,"[2, 4]",[],1,7,False,multiple_candidates,1,0,"[null, null, null, false, null, null, null]","[""C000001"", ""C000200"", ""C000201"", ""C000211"", ""C001201"", ""C010201"", ""C100201""]"
C001001,double_distinct_flip,"[2, 5]",[],0,1,False,single_geometry_conditional,7,2,"[false, false, false, false, false, true, true]","[""C000011""]"
C001001,double_distinct_flip,"[2, 5]",[],1,7,False,multiple_candidates,1,0,"[null, null, null, false, null, null, null]","[""C000001"", ""C000010"", ""C000011"", ""C000211"", ""C001011"", ""C010011"", ""C100011""]"
C001001,double_distinct_flip,"[2, 6]",[],0,1,False,single_geometry_conditional,7,2,"[false, false, false, false, false, false, false]","[""C000000""]"
C001001,double_distinct_flip,"[2, 6]",[],1,8,False,multiple_candidates,0,0,"[null, null, null, null, null, null, null]","[""C000000"", ""C000001"", ""C000010"", ""C000100"", ""C000200"", ""C001000"", ""C010000"", ""C100000""]"
C001001,double_distinct_flip,"[3, 4]",[],0,0,False,no_feasible_candidate,0,0,"[null, null, null, null, null, null, null]",[]
C001001,double_distinct_flip,"[3, 4]",[],1,2,False,multiple_candidates,5,0,"[false, false, true, null, null, false, true]","[""C001101"", ""C001201""]"
C001001,double_distinct_flip,"[3, 5]",[],0,0,False,no_feasible_candidate,0,0,"[null, null, null, null, null, null, null]",[]
C001001,double_distinct_flip,"[3, 5]",[],1,2,False,multiple_candidates,5,0,"[false, false, true, null, false, null, true]","[""C001011"", ""C001101""]"
C001001,double_distinct_flip,"[3, 6]",[],0,1,False,single_geometry_conditional,7,2,"[false, false, true, true, false, false, false]","[""C001100""]"
C001001,double_distinct_flip,"[3, 6]",[],1,6,False,multiple_candidates,2,0,"[null, null, null, null, false, false, null]","[""C000100"", ""C001000"", ""C001100"", ""C001101"", ""C011100"", ""C101100""]"
C001001,double_distinct_flip,"[4, 5]",[],0,1,False,compatibility_unresolved,7,2,"[false, false, true, false, true, true, true]","[""C001211""]"
C001001,double_distinct_flip,"[4, 5]",[],1,7,False,multiple_candidates,1,0,"[null, null, null, false, null, null, null]","[""C000211"", ""C001011"", ""C001201"", ""C001210"", ""C001211"", ""C011211"", ""C101211""]"
C001001,double_distinct_flip,"[4, 6]",[],0,1,False,single_geometry_conditional,7,2,"[false, false, true, false, true, false, false]","[""C001200""]"
C001001,double_distinct_flip,"[4, 6]",[],1,7,False,multiple_candidates,1,0,"[null, null, null, false, null, null, null]","[""C000200"", ""C001000"", ""C001200"", ""C001201"", ""C001210"", ""C011200"", ""C101200""]"
C001001,double_distinct_flip,"[5, 6]",[],0,1,False,single_geometry_conditional,7,2,"[false, false, true, false, false, true, false]","[""C001010""]"
C001001,double_distinct_flip,"[5, 6]",[],1,7,False,multiple_candidates,1,0,"[null, null, null, false, null, null, null]","[""C000010"", ""C001000"", ""C001010"", ""C001011"", ""C001210"", ""C011010"", ""C101010""]"
C001010,clean,[],[],0,1,True,single_geometry_conditional,7,0,"[false, false, true, false, false, true, false]","[""C001010""]"
C001010,clean,[],[],1,7,True,multiple_candidates,1,0,"[null, null, null, false, null, null, null]","[""C000010"", ""C001000"", ""C001010"", ""C001011"", ""C001210"", ""C011010"", ""C101010""]"
C001010,single_flip,[0],[],0,1,False,single_geometry_conditional,7,1,"[true, false, true, false, false, true, false]","[""C101010""]"
C001010,single_flip,[0],[],1,6,True,multiple_candidates,2,0,"[null, false, null, false, null, null, null]","[""C001010"", ""C100010"", ""C101000"", ""C101010"", ""C101011"", ""C101210""]"
C001010,single_flip,[1],[],0,1,False,single_geometry_conditional,7,1,"[false, true, true, false, false, true, false]","[""C011010""]"
C001010,single_flip,[1],[],1,6,True,multiple_candidates,2,0,"[false, null, null, false, null, null, null]","[""C001010"", ""C010010"", ""C011000"", ""C011010"", ""C011011"", ""C011210""]"
C001010,single_flip,[2],[],0,1,False,single_geometry_conditional,7,1,"[false, false, false, false, false, true, false]","[""C000010""]"
C001010,single_flip,[2],[],1,7,True,multiple_candidates,1,0,"[null, null, null, false, null, null, null]","[""C000000"", ""C000010"", ""C000011"", ""C000210"", ""C001010"", ""C010010"", ""C100010""]"
C001010,single_flip,[3],[],0,0,False,no_feasible_candidate,0,0,"[null, null, null, null, null, null, null]",[]
C001010,single_flip,[3],[],1,2,True,multiple_candidates,5,0,"[false, false, true, null, false, null, false]","[""C001010"", ""C001100""]"
C001010,single_flip,[4],[],0,1,False,single_geometry_conditional,7,1,"[false, false, true, false, true, true, false]","[""C001210""]"
C001010,single_flip,[4],[],1,7,True,multiple_candidates,1,0,"[null, null, null, false, null, null, null]","[""C000210"", ""C001010"", ""C001200"", ""C001210"", ""C001211"", ""C011210"", ""C101210""]"
C001010,single_flip,[5],[],0,1,False,single_geometry_conditional,7,1,"[false, false, true, false, false, false, false]","[""C001000""]"
C001010,single_flip,[5],[],1,8,True,multiple_candidates,0,0,"[null, null, null, null, null, null, null]","[""C000000"", ""C001000"", ""C001001"", ""C001010"", ""C001100"", ""C001200"", ""C011000"", ""C101000""]"
C001010,single_flip,[6],[],0,1,False,compatibility_unresolved,7,1,"[false, false, true, false, false, true, true]","[""C001011""]"
C001010,single_flip,[6],[],1,7,True,multiple_candidates,1,0,"[null, null, null, false, null, null, null]","[""C000011"", ""C001001"", ""C001010"", ""C001011"", ""C001211"", ""C011011"", ""C101011""]"
C001010,single_missing,[],[0],0,2,True,multiple_candidates,6,0,"[null, false, true, false, false, true, false]","[""C001010"", ""C101010""]"
C001010,single_missing,[],[0],1,11,True,multiple_candidates,1,0,"[null, null, null, false, null, null, null]","[""C000010"", ""C001000"", ""C001010"", ""C001011"", ""C001210"", ""C011010"", ""C100010"", ""C101000"", ""C101010"", ""C101011"", ""C101210""]"
C001010,single_missing,[],[1],0,2,True,multiple_candidates,6,0,"[false, null, true, false, false, true, false]","[""C001010"", ""C011010""]"
C001010,single_missing,[],[1],1,11,True,multiple_candidates,1,0,"[null, null, null, false, null, null, null]","[""C000010"", ""C001000"", ""C001010"", ""C001011"", ""C001210"", ""C010010"", ""C011000"", ""C011010"", ""C011011"", ""C011210"", ""C101010""]"
C001010,single_missing,[],[2],0,2,True,multiple_candidates,6,0,"[false, false, null, false, false, true, false]","[""C000010"", ""C001010""]"
C001010,single_missing,[],[2],1,12,True,multiple_candidates,1,0,"[null, null, null, false, null, null, null]","[""C000000"", ""C000010"", ""C000011"", ""C000210"", ""C001000"", ""C001010"", ""C001011"", ""C001210"", ""C010010"", ""C011010"", ""C100010"", ""C101010""]"
C001010,single_missing,[],[3],0,1,True,single_geometry_conditional,7,0,"[false, false, true, false, false, true, false]","[""C001010""]"
C001010,single_missing,[],[3],1,8,True,multiple_candidates,0,0,"[null, null, null, null, null, null, null]","[""C000010"", ""C001000"", ""C001010"", ""C001011"", ""C001100"", ""C001210"", ""C011010"", ""C101010""]"
C001010,single_missing,[],[4],0,2,True,multiple_candidates,6,0,"[false, false, true, false, null, true, false]","[""C001010"", ""C001210""]"
C001010,single_missing,[],[4],1,12,True,multiple_candidates,1,0,"[null, null, null, false, null, null, null]","[""C000010"", ""C000210"", ""C001000"", ""C001010"", ""C001011"", ""C001200"", ""C001210"", ""C001211"", ""C011010"", ""C011210"", ""C101010"", ""C101210""]"
C001010,single_missing,[],[5],0,2,True,multiple_candidates,6,0,"[false, false, true, false, false, null, false]","[""C001000"", ""C001010""]"
C001010,single_missing,[],[5],1,13,True,multiple_candidates,0,0,"[null, null, null, null, null, null, null]","[""C000000"", ""C000010"", ""C001000"", ""C001001"", ""C001010"", ""C001011"", ""C001100"", ""C001200"", ""C001210"", ""C011000"", ""C011010"", ""C101000"", ""C101010""]"
C001010,single_missing,[],[6],0,2,True,multiple_candidates,6,0,"[false, false, true, false, false, true, null]","[""C001010"", ""C001011""]"
C001010,single_missing,[],[6],1,12,True,multiple_candidates,1,0,"[null, null, null, false, null, null, null]","[""C000010"", ""C000011"", ""C001000"", ""C001001"", ""C001010"", ""C001011"", ""C001210"", ""C001211"", ""C011010"", ""C011011"", ""C101010"", ""C101011""]"
C001010,double_distinct_flip,"[0, 1]",[],0,0,False,no_feasible_candidate,0,0,"[null, null, null, null, null, null, null]",[]
C001010,double_distinct_flip,"[0, 1]",[],1,3,False,multiple_candidates,4,0,"[null, null, null, false, false, true, false]","[""C011010"", ""C101010"", ""C110010""]"
C001010,double_distinct_flip,"[0, 2]",[],0,1,False,single_geometry_conditional,7,2,"[true, false, false, false, false, true, false]","[""C100010""]"
C001010,double_distinct_flip,"[0, 2]",[],1,7,False,multiple_candidates,1,0,"[null, null, null, false, null, null, null]","[""C000010"", ""C100000"", ""C100010"", ""C100011"", ""C100210"", ""C101010"", ""C110010""]"
C001010,double_distinct_flip,"[0, 3]",[],0,0,False,no_feasible_candidate,0,0,"[null, null, null, null, null, null, null]",[]
C001010,double_distinct_flip,"[0, 3]",[],1,2,False,multiple_candidates,5,1,"[true, false, true, null, false, null, false]","[""C101010"", ""C101100""]"
C001010,double_distinct_flip,"[0, 4]",[],0,1,False,single_geometry_conditional,7,2,"[true, false, true, false, true, true, false]","[""C101210""]"
C001010,double_distinct_flip,"[0, 4]",[],1,6,False,multiple_candidates,2,0,"[null, false, null, false, null, null, null]","[""C001210"", ""C100210"", ""C101010"", ""C101200"", ""C101210"", ""C101211""]"
C001010,double_distinct_flip,"[0, 5]",[],0,1,False,single_geometry_conditional,7,2,"[true, false, true, false, false, false, false]","[""C101000""]"
C001010,double_distinct_flip,"[0, 5]",[],1,7,False,multiple_candidates,1,0,"[null, false, null, null, null, null, null]","[""C001000"", ""C100000"", ""C101000"", ""C101001"", ""C101010"", ""C101100"", ""C101200""]"
C001010,double_distinct_flip,"[0, 6]",[],0,1,False,compatibility_unresolved,7,2,"[true, false, true, false, false, true, true]","[""C101011""]"
C001010,double_distinct_flip,"[0, 6]",[],1,6,False,multiple_candidates,2,0,"[null, false, null, false, null, null, null]","[""C001011"", ""C100011"", ""C101001"", ""C101010"", ""C101011"", ""C101211""]"
C001010,double_distinct_flip,"[1, 2]",[],0,1,False,single_geometry_conditional,7,2,"[false, true, false, false, false, true, false]","[""C010010""]"
C001010,double_distinct_flip,"[1, 2]",[],1,7,False,multiple_candidates,1,0,"[null, null, null, false, null, null, null]","[""C000010"", ""C010000"", ""C010010"", ""C010011"", ""C010210"", ""C011010"", ""C110010""]"
C001010,double_distinct_flip,"[1, 3]",[],0,0,False,no_feasible_candidate,0,0,"[null, null, null, null, null, null, null]",[]
C001010,double_distinct_flip,"[1, 3]",[],1,2,False,multiple_candidates,5,1,"[false, true, true, null, false, null, false]","[""C011010"", ""C011100""]"
C001010,double_distinct_flip,"[1, 4]",[],0,1,False,single_geometry_conditional,7,2,"[false, true, true, false, true, true, false]","[""C011210""]"
C001010,double_distinct_flip,"[1, 4]",[],1,6,False,multiple_candidates,2,0,"[false, null, null, false, null, null, null]","[""C001210"", ""C010210"", ""C011010"", ""C011200"", ""C011210"", ""C011211""]"
C001010,double_distinct_flip,"[1, 5]",[],0,1,False,single_geometry_conditional,7,2,"[false, true, true, false, false, false, false]","[""C011000""]"
C001010,double_distinct_flip,"[1, 5]",[],1,7,False,multiple_candidates,1,0,"[false, null, null, null, null, null, null]","[""C001000"", ""C010000"", ""C011000"", ""C011001"", ""C011010"", ""C011100"", ""C011200""]"
C001010,double_distinct_flip,"[1, 6]",[],0,1,False,compatibility_unresolved,7,2,"[false, true, true, false, false, true, true]","[""C011011""]"
C001010,double_distinct_flip,"[1, 6]",[],1,6,False,multiple_candidates,2,0,"[false, null, null, false, null, null, null]","[""C001011"", ""C010011"", ""C011001"", ""C011010"", ""C011011"", ""C011211""]"
C001010,double_distinct_flip,"[2, 3]",[],0,0,False,no_feasible_candidate,0,0,"[null, null, null, null, null, null, null]",[]
C001010,double_distinct_flip,"[2, 3]",[],1,2,False,multiple_candidates,5,1,"[false, false, false, null, false, null, false]","[""C000010"", ""C000100""]"
C001010,double_distinct_flip,"[2, 4]",[],0,1,False,single_geometry_conditional,7,2,"[false, false, false, false, true, true, false]","[""C000210""]"
C001010,double_distinct_flip,"[2, 4]",[],1,7,False,multiple_candidates,1,0,"[null, null, null, false, null, null, null]","[""C000010"", ""C000200"", ""C000210"", ""C000211"", ""C001210"", ""C010210"", ""C100210""]"
C001010,double_distinct_flip,"[2, 5]",[],0,1,False,single_geometry_conditional,7,2,"[false, false, false, false, false, false, false]","[""C000000""]"
C001010,double_distinct_flip,"[2, 5]",[],1,8,False,multiple_candidates,0,0,"[null, null, null, null, null, null, null]","[""C000000"", ""C000001"", ""C000010"", ""C000100"", ""C000200"", ""C001000"", ""C010000"", ""C100000""]"
C001010,double_distinct_flip,"[2, 6]",[],0,1,False,single_geometry_conditional,7,2,"[false, false, false, false, false, true, true]","[""C000011""]"
C001010,double_distinct_flip,"[2, 6]",[],1,7,False,multiple_candidates,1,0,"[null, null, null, false, null, null, null]","[""C000001"", ""C000010"", ""C000011"", ""C000211"", ""C001011"", ""C010011"", ""C100011""]"
C001010,double_distinct_flip,"[3, 4]",[],0,0,False,no_feasible_candidate,0,0,"[null, null, null, null, null, null, null]",[]
C001010,double_distinct_flip,"[3, 4]",[],1,1,False,single_geometry_conditional,7,1,"[false, false, true, false, true, true, false]","[""C001210""]"
C001010,double_distinct_flip,"[3, 5]",[],0,1,False,single_geometry_conditional,7,2,"[false, false, true, true, false, false, false]","[""C001100""]"
C001010,double_distinct_flip,"[3, 5]",[],1,6,False,multiple_candidates,2,1,"[null, null, null, null, false, false, null]","[""C000100"", ""C001000"", ""C001100"", ""C001101"", ""C011100"", ""C101100""]"
C001010,double_distinct_flip,"[3, 6]",[],0,0,False,no_feasible_candidate,0,0,"[null, null, null, null, null, null, null]",[]
C001010,double_distinct_flip,"[3, 6]",[],1,2,False,multiple_candidates,5,1,"[false, false, true, null, false, null, true]","[""C001011"", ""C001101""]"
C001010,double_distinct_flip,"[4, 5]",[],0,1,False,single_geometry_conditional,7,2,"[false, false, true, false, true, false, false]","[""C001200""]"
C001010,double_distinct_flip,"[4, 5]",[],1,7,False,multiple_candidates,1,0,"[null, null, null, false, null, null, null]","[""C000200"", ""C001000"", ""C001200"", ""C001201"", ""C001210"", ""C011200"", ""C101200""]"
C001010,double_distinct_flip,"[4, 6]",[],0,1,False,compatibility_unresolved,7,2,"[false, false, true, false, true, true, true]","[""C001211""]"
C001010,double_distinct_flip,"[4, 6]",[],1,7,False,multiple_candidates,1,0,"[null, null, null, false, null, null, null]","[""C000211"", ""C001011"", ""C001201"", ""C001210"", ""C001211"", ""C011211"", ""C101211""]"
C001010,double_distinct_flip,"[5, 6]",[],0,1,False,compatibility_unresolved,7,2,"[false, false, true, false, false, false, true]","[""C001001""]"
C001010,double_distinct_flip,"[5, 6]",[],1,8,False,multiple_candidates,0,0,"[null, null, null, null, null, null, null]","[""C000001"", ""C001000"", ""C001001"", ""C001011"", ""C001101"", ""C001201"", ""C011001"", ""C101001""]"
C001011,clean,[],[],0,1,True,compatibility_unresolved,7,0,"[false, false, true, false, false, true, true]","[""C001011""]"
C001011,clean,[],[],1,7,True,multiple_candidates,1,0,"[null, null, null, false, null, null, null]","[""C000011"", ""C001001"", ""C001010"", ""C001011"", ""C001211"", ""C011011"", ""C101011""]"
C001011,single_flip,[0],[],0,1,False,compatibility_unresolved,7,1,"[true, false, true, false, false, true, true]","[""C101011""]"
C001011,single_flip,[0],[],1,6,True,multiple_candidates,2,0,"[null, false, null, false, null, null, null]","[""C001011"", ""C100011"", ""C101001"", ""C101010"", ""C101011"", ""C101211""]"
C001011,single_flip,[1],[],0,1,False,compatibility_unresolved,7,1,"[false, true, true, false, false, true, true]","[""C011011""]"
C001011,single_flip,[1],[],1,6,True,multiple_candidates,2,0,"[false, null, null, false, null, null, null]","[""C001011"", ""C010011"", ""C011001"", ""C011010"", ""C011011"", ""C011211""]"
C001011,single_flip,[2],[],0,1,False,single_geometry_conditional,7,1,"[false, false, false, false, false, true, true]","[""C000011""]"
C001011,single_flip,[2],[],1,7,True,multiple_candidates,1,0,"[null, null, null, false, null, null, null]","[""C000001"", ""C000010"", ""C000011"", ""C000211"", ""C001011"", ""C010011"", ""C100011""]"
C001011,single_flip,[3],[],0,0,False,no_feasible_candidate,0,0,"[null, null, null, null, null, null, null]",[]
C001011,single_flip,[3],[],1,2,True,multiple_candidates,5,0,"[false, false, true, null, false, null, true]","[""C001011"", ""C001101""]"
C001011,single_flip,[4],[],0,1,False,compatibility_unresolved,7,1,"[false, false, true, false, true, true, true]","[""C001211""]"
C001011,single_flip,[4],[],1,7,True,multiple_candidates,1,0,"[null, null, null, false, null, null, null]","[""C000211"", ""C001011"", ""C001201"", ""C001210"", ""C001211"", ""C011211"", ""C101211""]"
C001011,single_flip,[5],[],0,1,False,compatibility_unresolved,7,1,"[false, false, true, false, false, false, true]","[""C001001""]"
C001011,single_flip,[5],[],1,8,True,multiple_candidates,0,0,"[null, null, null, null, null, null, null]","[""C000001"", ""C001000"", ""C001001"", ""C001011"", ""C001101"", ""C001201"", ""C011001"", ""C101001""]"
C001011,single_flip,[6],[],0,1,False,single_geometry_conditional,7,1,"[false, false, true, false, false, true, false]","[""C001010""]"
C001011,single_flip,[6],[],1,7,True,multiple_candidates,1,0,"[null, null, null, false, null, null, null]","[""C000010"", ""C001000"", ""C001010"", ""C001011"", ""C001210"", ""C011010"", ""C101010""]"
C001011,single_missing,[],[0],0,2,True,multiple_candidates,6,0,"[null, false, true, false, false, true, true]","[""C001011"", ""C101011""]"
C001011,single_missing,[],[0],1,11,True,multiple_candidates,1,0,"[null, null, null, false, null, null, null]","[""C000011"", ""C001001"", ""C001010"", ""C001011"", ""C001211"", ""C011011"", ""C100011"", ""C101001"", ""C101010"", ""C101011"", ""C101211""]"
C001011,single_missing,[],[1],0,2,True,multiple_candidates,6,0,"[false, null, true, false, false, true, true]","[""C001011"", ""C011011""]"
C001011,single_missing,[],[1],1,11,True,multiple_candidates,1,0,"[null, null, null, false, null, null, null]","[""C000011"", ""C001001"", ""C001010"", ""C001011"", ""C001211"", ""C010011"", ""C011001"", ""C011010"", ""C011011"", ""C011211"", ""C101011""]"
C001011,single_missing,[],[2],0,2,True,multiple_candidates,6,0,"[false, false, null, false, false, true, true]","[""C000011"", ""C001011""]"
C001011,single_missing,[],[2],1,12,True,multiple_candidates,1,0,"[null, null, null, false, null, null, null]","[""C000001"", ""C000010"", ""C000011"", ""C000211"", ""C001001"", ""C001010"", ""C001011"", ""C001211"", ""C010011"", ""C011011"", ""C100011"", ""C101011""]"
C001011,single_missing,[],[3],0,1,True,compatibility_unresolved,7,0,"[false, false, true, false, false, true, true]","[""C001011""]"
C001011,single_missing,[],[3],1,8,True,multiple_candidates,0,0,"[null, null, null, null, null, null, null]","[""C000011"", ""C001001"", ""C001010"", ""C001011"", ""C001101"", ""C001211"", ""C011011"", ""C101011""]"
C001011,single_missing,[],[4],0,2,True,multiple_candidates,6,0,"[false, false, true, false, null, true, true]","[""C001011"", ""C001211""]"
C001011,single_missing,[],[4],1,12,True,multiple_candidates,1,0,"[null, null, null, false, null, null, null]","[""C000011"", ""C000211"", ""C001001"", ""C001010"", ""C001011"", ""C001201"", ""C001210"", ""C001211"", ""C011011"", ""C011211"", ""C101011"", ""C101211""]"
C001011,single_missing,[],[5],0,2,True,multiple_candidates,6,0,"[false, false, true, false, false, null, true]","[""C001001"", ""C001011""]"
C001011,single_missing,[],[5],1,13,True,multiple_candidates,0,0,"[null, null, null, null, null, null, null]","[""C000001"", ""C000011"", ""C001000"", ""C001001"", ""C001010"", ""C001011"", ""C001101"", ""C001201"", ""C001211"", ""C011001"", ""C011011"", ""C101001"", ""C101011""]"
C001011,single_missing,[],[6],0,2,True,multiple_candidates,6,0,"[false, false, true, false, false, true, null]","[""C001010"", ""C001011""]"
C001011,single_missing,[],[6],1,12,True,multiple_candidates,1,0,"[null, null, null, false, null, null, null]","[""C000010"", ""C000011"", ""C001000"", ""C001001"", ""C001010"", ""C001011"", ""C001210"", ""C001211"", ""C011010"", ""C011011"", ""C101010"", ""C101011""]"
C001011,double_distinct_flip,"[0, 1]",[],0,0,False,no_feasible_candidate,0,0,"[null, null, null, null, null, null, null]",[]
C001011,double_distinct_flip,"[0, 1]",[],1,3,False,multiple_candidates,4,0,"[null, null, null, false, false, true, true]","[""C011011"", ""C101011"", ""C110011""]"
C001011,double_distinct_flip,"[0, 2]",[],0,1,False,single_geometry_conditional,7,2,"[true, false, false, false, false, true, true]","[""C100011""]"
C001011,double_distinct_flip,"[0, 2]",[],1,7,False,multiple_candidates,1,0,"[null, null, null, false, null, null, null]","[""C000011"", ""C100001"", ""C100010"", ""C100011"", ""C100211"", ""C101011"", ""C110011""]"
C001011,double_distinct_flip,"[0, 3]",[],0,0,False,no_feasible_candidate,0,0,"[null, null, null, null, null, null, null]",[]
C001011,double_distinct_flip,"[0, 3]",[],1,2,False,multiple_candidates,5,1,"[true, false, true, null, false, null, true]","[""C101011"", ""C101101""]"
C001011,double_distinct_flip,"[0, 4]",[],0,1,False,compatibility_unresolved,7,2,"[true, false, true, false, true, true, true]","[""C101211""]"
C001011,double_distinct_flip,"[0, 4]",[],1,6,False,multiple_candidates,2,0,"[null, false, null, false, null, null, null]","[""C001211"", ""C100211"", ""C101011"", ""C101201"", ""C101210"", ""C101211""]"
C001011,double_distinct_flip,"[0, 5]",[],0,1,False,compatibility_unresolved,7,2,"[true, false, true, false, false, false, true]","[""C101001""]"
C001011,double_distinct_flip,"[0, 5]",[],1,7,False,multiple_candidates,1,0,"[null, false, null, null, null, null, null]","[""C001001"", ""C100001"", ""C101000"", ""C101001"", ""C101011"", ""C101101"", ""C101201""]"
C001011,double_distinct_flip,"[0, 6]",[],0,1,False,single_geometry_conditional,7,2,"[true, false, true, false, false, true, false]","[""C101010""]"
C001011,double_distinct_flip,"[0, 6]",[],1,6,False,multiple_candidates,2,0,"[null, false, null, false, null, null, null]","[""C001010"", ""C100010"", ""C101000"", ""C101010"", ""C101011"", ""C101210""]"
C001011,double_distinct_flip,"[1, 2]",[],0,1,False,single_geometry_conditional,7,2,"[false, true, false, false, false, true, true]","[""C010011""]"
C001011,double_distinct_flip,"[1, 2]",[],1,7,False,multiple_candidates,1,0,"[null, null, null, false, null, null, null]","[""C000011"", ""C010001"", ""C010010"", ""C010011"", ""C010211"", ""C011011"", ""C110011""]"
C001011,double_distinct_flip,"[1, 3]",[],0,0,False,no_feasible_candidate,0,0,"[null, null, null, null, null, null, null]",[]
C001011,double_distinct_flip,"[1, 3]",[],1,2,False,multiple_candidates,5,1,"[false, true, true, null, false, null, true]","[""C011011"", ""C011101""]"
C001011,double_distinct_flip,"[1, 4]",[],0,1,False,compatibility_unresolved,7,2,"[false, true, true, false, true, true, true]","[""C011211""]"
C001011,double_distinct_flip,"[1, 4]",[],1,6,False,multiple_candidates,2,0,"[false, null, null, false, null, null, null]","[""C001211"", ""C010211"", ""C011011"", ""C011201"", ""C011210"", ""C011211""]"
C001011,double_distinct_flip,"[1, 5]",[],0,1,False,compatibility_unresolved,7,2,"[false, true, true, false, false, false, true]","[""C011001""]"
C001011,double_distinct_flip,"[1, 5]",[],1,7,False,multiple_candidates,1,0,"[false, null, null, null, null, null, null]","[""C001001"", ""C010001"", ""C011000"", ""C011001"", ""C011011"", ""C011101"", ""C011201""]"
C001011,double_distinct_flip,"[1, 6]",[],0,1,False,single_geometry_conditional,7,2,"[false, true, true, false, false, true, false]","[""C011010""]"
C001011,double_distinct_flip,"[1, 6]",[],1,6,False,multiple_candidates,2,0,"[false, null, null, false, null, null, null]","[""C001010"", ""C010010"", ""C011000"", ""C011010"", ""C011011"", ""C011210""]"
C001011,double_distinct_flip,"[2, 3]",[],0,0,False,no_feasible_candidate,0,0,"[null, null, null, null, null, null, null]",[]
C001011,double_distinct_flip,"[2, 3]",[],1,2,False,multiple_candidates,5,1,"[false, false, false, null, false, null, true]","[""C000011"", ""C000101""]"
C001011,double_distinct_flip,"[2, 4]",[],0,1,False,single_geometry_conditional,7,2,"[false, false, false, false, true, true, true]","[""C000211""]"
C001011,double_distinct_flip,"[2, 4]",[],1,7,False,multiple_candidates,1,0,"[null, null, null, false, null, null, null]","[""C000011"", ""C000201"", ""C000210"", ""C000211"", ""C001211"", ""C010211"", ""C100211""]"
C001011,double_distinct_flip,"[2, 5]",[],0,1,False,single_geometry_conditional,7,2,"[false, false, false, false, false, false, true]","[""C000001""]"
C001011,double_distinct_flip,"[2, 5]",[],1,8,False,multiple_candidates,0,0,"[null, null, null, null, null, null, null]","[""C000000"", ""C000001"", ""C000011"", ""C000101"", ""C000201"", ""C001001"", ""C010001"", ""C100001""]"
C001011,double_distinct_flip,"[2, 6]",[],0,1,False,single_geometry_conditional,7,2,"[false, false, false, false, false, true, false]","[""C000010""]"
C001011,double_distinct_flip,"[2, 6]",[],1,7,False,multiple_candidates,1,0,"[null, null, null, false, null, null, null]","[""C000000"", ""C000010"", ""C000011"", ""C000210"", ""C001010"", ""C010010"", ""C100010""]"
C001011,double_distinct_flip,"[3, 4]",[],0,0,False,no_feasible_candidate,0,0,"[null, null, null, null, null, null, null]",[]
C001011,double_distinct_flip,"[3, 4]",[],1,1,False,compatibility_unresolved,7,1,"[false, false, true, false, true, true, true]","[""C001211""]"
C001011,double_distinct_flip,"[3, 5]",[],0,1,False,compatibility_unresolved,7,2,"[false, false, true, true, false, false, true]","[""C001101""]"
C001011,double_distinct_flip,"[3, 5]",[],1,6,False,multiple_candidates,2,1,"[null, null, null, null, false, false, null]","[""C000101"", ""C001001"", ""C001100"", ""C001101"", ""C011101"", ""C101101""]"
C001011,double_distinct_flip,"[3, 6]",[],0,0,False,no_feasible_candidate,0,0,"[null, null, null, null, null, null, null]",[]
C001011,double_distinct_flip,"[3, 6]",[],1,2,False,multiple_candidates,5,1,"[false, false, true, null, false, null, false]","[""C001010"", ""C001100""]"
C001011,double_distinct_flip,"[4, 5]",[],0,1,False,compatibility_unresolved,7,2,"[false, false, true, false, true, false, true]","[""C001201""]"
C001011,double_distinct_flip,"[4, 5]",[],1,7,False,multiple_candidates,1,0,"[null, null, null, false, null, null, null]","[""C000201"", ""C001001"", ""C001200"", ""C001201"", ""C001211"", ""C011201"", ""C101201""]"
C001011,double_distinct_flip,"[4, 6]",[],0,1,False,single_geometry_conditional,7,2,"[false, false, true, false, true, true, false]","[""C001210""]"
C001011,double_distinct_flip,"[4, 6]",[],1,7,False,multiple_candidates,1,0,"[null, null, null, false, null, null, null]","[""C000210"", ""C001010"", ""C001200"", ""C001210"", ""C001211"", ""C011210"", ""C101210""]"
C001011,double_distinct_flip,"[5, 6]",[],0,1,False,single_geometry_conditional,7,2,"[false, false, true, false, false, false, false]","[""C001000""]"
C001011,double_distinct_flip,"[5, 6]",[],1,8,False,multiple_candidates,0,0,"[null, null, null, null, null, null, null]","[""C000000"", ""C001000"", ""C001001"", ""C001010"", ""C001100"", ""C001200"", ""C011000"", ""C101000""]"
C001100,clean,[],[],0,1,True,single_geometry_conditional,7,0,"[false, false, true, true, false, false, false]","[""C001100""]"
C001100,clean,[],[],1,6,True,multiple_candidates,2,0,"[null, null, null, null, false, false, null]","[""C000100"", ""C001000"", ""C001100"", ""C001101"", ""C011100"", ""C101100""]"
C001100,single_flip,[0],[],0,1,False,single_geometry_conditional,7,1,"[true, false, true, true, false, false, false]","[""C101100""]"
C001100,single_flip,[0],[],1,5,True,multiple_candidates,3,0,"[null, false, null, null, false, false, null]","[""C001100"", ""C100100"", ""C101000"", ""C101100"", ""C101101""]"
C001100,single_flip,[1],[],0,1,False,single_geometry_conditional,7,1,"[false, true, true, true, false, false, false]","[""C011100""]"
C001100,single_flip,[1],[],1,5,True,multiple_candidates,3,0,"[false, null, null, null, false, false, null]","[""C001100"", ""C010100"", ""C011000"", ""C011100"", ""C011101""]"
C001100,single_flip,[2],[],0,1,False,single_geometry_conditional,7,1,"[false, false, false, true, false, false, false]","[""C000100""]"
C001100,single_flip,[2],[],1,6,True,multiple_candidates,2,0,"[null, null, null, null, false, false, null]","[""C000000"", ""C000100"", ""C000101"", ""C001100"", ""C010100"", ""C100100""]"
C001100,single_flip,[3],[],0,1,False,single_geometry_conditional,7,1,"[false, false, true, false, false, false, false]","[""C001000""]"
C001100,single_flip,[3],[],1,8,True,multiple_candidates,0,0,"[null, null, null, null, null, null, null]","[""C000000"", ""C001000"", ""C001001"", ""C001010"", ""C001100"", ""C001200"", ""C011000"", ""C101000""]"
C001100,single_flip,[4],[],0,0,False,no_feasible_candidate,0,0,"[null, null, null, null, null, null, null]",[]
C001100,single_flip,[4],[],1,2,True,multiple_candidates,5,0,"[false, false, true, null, null, false, false]","[""C001100"", ""C001200""]"
C001100,single_flip,[5],[],0,0,False,no_feasible_candidate,0,0,"[null, null, null, null, null, null, null]",[]
C001100,single_flip,[5],[],1,2,True,multiple_candidates,5,0,"[false, false, true, null, false, null, false]","[""C001010"", ""C001100""]"
C001100,single_flip,[6],[],0,1,False,compatibility_unresolved,7,1,"[false, false, true, true, false, false, true]","[""C001101""]"
C001100,single_flip,[6],[],1,6,True,multiple_candidates,2,0,"[null, null, null, null, false, false, null]","[""C000101"", ""C001001"", ""C001100"", ""C001101"", ""C011101"", ""C101101""]"
C001100,single_missing,[],[0],0,2,True,multiple_candidates,6,0,"[null, false, true, true, false, false, false]","[""C001100"", ""C101100""]"
C001100,single_missing,[],[0],1,9,True,multiple_candidates,2,0,"[null, null, null, null, false, false, null]","[""C000100"", ""C001000"", ""C001100"", ""C001101"", ""C011100"", ""C100100"", ""C101000"", ""C101100"", ""C101101""]"
C001100,single_missing,[],[1],0,2,True,multiple_candidates,6,0,"[false, null, true, true, false, false, false]","[""C001100"", ""C011100""]"
C001100,single_missing,[],[1],1,9,True,multiple_candidates,2,0,"[null, null, null, null, false, false, null]","[""C000100"", ""C001000"", ""C001100"", ""C001101"", ""C010100"", ""C011000"", ""C011100"", ""C011101"", ""C101100""]"
C001100,single_missing,[],[2],0,2,True,multiple_candidates,6,0,"[false, false, null, true, false, false, false]","[""C000100"", ""C001100""]"
C001100,single_missing,[],[2],1,10,True,multiple_candidates,2,0,"[null, null, null, null, false, false, null]","[""C000000"", ""C000100"", ""C000101"", ""C001000"", ""C001100"", ""C001101"", ""C010100"", ""C011100"", ""C100100"", ""C101100""]"
C001100,single_missing,[],[3],0,2,True,multiple_candidates,6,0,"[false, false, true, null, false, false, false]","[""C001000"", ""C001100""]"
C001100,single_missing,[],[3],1,12,True,multiple_candidates,0,0,"[null, null, null, null, null, null, null]","[""C000000"", ""C000100"", ""C001000"", ""C001001"", ""C001010"", ""C001100"", ""C001101"", ""C001200"", ""C011000"", ""C011100"", ""C101000"", ""C101100""]"
C001100,single_missing,[],[4],0,1,True,single_geometry_conditional,7,0,"[false, false, true, true, false, false, false]","[""C001100""]"
C001100,single_missing,[],[4],1,7,True,multiple_candidates,1,0,"[null, null, null, null, null, false, null]","[""C000100"", ""C001000"", ""C001100"", ""C001101"", ""C001200"", ""C011100"", ""C101100""]"
C001100,single_missing,[],[5],0,1,True,single_geometry_conditional,7,0,"[false, false, true, true, false, false, false]","[""C001100""]"
C001100,single_missing,[],[5],1,7,True,multiple_candidates,1,0,"[null, null, null, null, false, null, null]","[""C000100"", ""C001000"", ""C001010"", ""C001100"", ""C001101"", ""C011100"", ""C101100""]"
C001100,single_missing,[],[6],0,2,True,multiple_candidates,6,0,"[false, false, true, true, false, false, null]","[""C001100"", ""C001101""]"
C001100,single_missing,[],[6],1,10,True,multiple_candidates,2,0,"[null, null, null, null, false, false, null]","[""C000100"", ""C000101"", ""C001000"", ""C001001"", ""C001100"", ""C001101"", ""C011100"", ""C011101"", ""C101100"", ""C101101""]"
C001100,double_distinct_flip,"[0, 1]",[],0,0,False,no_feasible_candidate,0,0,"[null, null, null, null, null, null, null]",[]
C001100,double_distinct_flip,"[0, 1]",[],1,3,False,multiple_candidates,4,0,"[null, null, null, true, false, false, false]","[""C011100"", ""C101100"", ""C110100""]"
C001100,double_distinct_flip,"[0, 2]",[],0,1,False,single_geometry_conditional,7,2,"[true, false, false, true, false, false, false]","[""C100100""]"
C001100,double_distinct_flip,"[0, 2]",[],1,6,False,multiple_candidates,2,0,"[null, null, null, null, false, false, null]","[""C000100"", ""C100000"", ""C100100"", ""C100101"", ""C101100"", ""C110100""]"
C001100,double_distinct_flip,"[0, 3]",[],0,1,False,single_geometry_conditional,7,2,"[true, false, true, false, false, false, false]","[""C101000""]"
C001100,double_distinct_flip,"[0, 3]",[],1,7,False,multiple_candidates,1,0,"[null, false, null, null, null, null, null]","[""C001000"", ""C100000"", ""C101000"", ""C101001"", ""C101010"", ""C101100"", ""C101200""]"
C001100,double_distinct_flip,"[0, 4]",[],0,0,False,no_feasible_candidate,0,0,"[null, null, null, null, null, null, null]",[]
C001100,double_distinct_flip,"[0, 4]",[],1,2,False,multiple_candidates,5,1,"[true, false, true, null, null, false, false]","[""C101100"", ""C101200""]"
C001100,double_distinct_flip,"[0, 5]",[],0,0,False,no_feasible_candidate,0,0,"[null, null, null, null, null, null, null]",[]
C001100,double_distinct_flip,"[0, 5]",[],1,2,False,multiple_candidates,5,1,"[true, false, true, null, false, null, false]","[""C101010"", ""C101100""]"
C001100,double_distinct_flip,"[0, 6]",[],0,1,False,compatibility_unresolved,7,2,"[true, false, true, true, false, false, true]","[""C101101""]"
C001100,double_distinct_flip,"[0, 6]",[],1,5,False,multiple_candidates,3,0,"[null, false, null, null, false, false, null]","[""C001101"", ""C100101"", ""C101001"", ""C101100"", ""C101101""]"
C001100,double_distinct_flip,"[1, 2]",[],0,1,False,single_geometry_conditional,7,2,"[false, true, false, true, false, false, false]","[""C010100""]"
C001100,double_distinct_flip,"[1, 2]",[],1,6,False,multiple_candidates,2,0,"[null, null, null, null, false, false, null]","[""C000100"", ""C010000"", ""C010100"", ""C010101"", ""C011100"", ""C110100""]"
C001100,double_distinct_flip,"[1, 3]",[],0,1,False,single_geometry_conditional,7,2,"[false, true, true, false, false, false, false]","[""C011000""]"
C001100,double_distinct_flip,"[1, 3]",[],1,7,False,multiple_candidates,1,0,"[false, null, null, null, null, null, null]","[""C001000"", ""C010000"", ""C011000"", ""C011001"", ""C011010"", ""C011100"", ""C011200""]"
C001100,double_distinct_flip,"[1, 4]",[],0,0,False,no_feasible_candidate,0,0,"[null, null, null, null, null, null, null]",[]
C001100,double_distinct_flip,"[1, 4]",[],1,2,False,multiple_candidates,5,1,"[false, true, true, null, null, false, false]","[""C011100"", ""C011200""]"
C001100,double_distinct_flip,"[1, 5]",[],0,0,False,no_feasible_candidate,0,0,"[null, null, null, null, null, null, null]",[]
C001100,double_distinct_flip,"[1, 5]",[],1,2,False,multiple_candidates,5,1,"[false, true, true, null, false, null, false]","[""C011010"", ""C011100""]"
C001100,double_distinct_flip,"[1, 6]",[],0,1,False,compatibility_unresolved,7,2,"[false, true, true, true, false, false, true]","[""C011101""]"
C001100,double_distinct_flip,"[1, 6]",[],1,5,False,multiple_candidates,3,0,"[false, null, null, null, false, false, null]","[""C001101"", ""C010101"", ""C011001"", ""C011100"", ""C011101""]"
C001100,double_distinct_flip,"[2, 3]",[],0,1,False,single_geometry_conditional,7,2,"[false, false, false, false, false, false, false]","[""C000000""]"
C001100,double_distinct_flip,"[2, 3]",[],1,8,False,multiple_candidates,0,0,"[null, null, null, null, null, null, null]","[""C000000"", ""C000001"", ""C000010"", ""C000100"", ""C000200"", ""C001000"", ""C010000"", ""C100000""]"
C001100,double_distinct_flip,"[2, 4]",[],0,0,False,no_feasible_candidate,0,0,"[null, null, null, null, null, null, null]",[]
C001100,double_distinct_flip,"[2, 4]",[],1,2,False,multiple_candidates,5,1,"[false, false, false, null, null, false, false]","[""C000100"", ""C000200""]"
C001100,double_distinct_flip,"[2, 5]",[],0,0,False,no_feasible_candidate,0,0,"[null, null, null, null, null, null, null]",[]
C001100,double_distinct_flip,"[2, 5]",[],1,2,False,multiple_candidates,5,1,"[false, false, false, null, false, null, false]","[""C000010"", ""C000100""]"
C001100,double_distinct_flip,"[2, 6]",[],0,1,False,single_geometry_conditional,7,2,"[false, false, false, true, false, false, true]","[""C000101""]"
C001100,double_distinct_flip,"[2, 6]",[],1,6,False,multiple_candidates,2,0,"[null, null, null, null, false, false, null]","[""C000001"", ""C000100"", ""C000101"", ""C001101"", ""C010101"", ""C100101""]"
C001100,double_distinct_flip,"[3, 4]",[],0,1,False,single_geometry_conditional,7,2,"[false, false, true, false, true, false, false]","[""C001200""]"
C001100,double_distinct_flip,"[3, 4]",[],1,7,False,multiple_candidates,1,1,"[null, null, null, false, null, null, null]","[""C000200"", ""C001000"", ""C001200"", ""C001201"", ""C001210"", ""C011200"", ""C101200""]"
C001100,double_distinct_flip,"[3, 5]",[],0,1,False,single_geometry_conditional,7,2,"[false, false, true, false, false, true, false]","[""C001010""]"
C001100,double_distinct_flip,"[3, 5]",[],1,7,False,multiple_candidates,1,1,"[null, null, null, false, null, null, null]","[""C000010"", ""C001000"", ""C001010"", ""C001011"", ""C001210"", ""C011010"", ""C101010""]"
C001100,double_distinct_flip,"[3, 6]",[],0,1,False,compatibility_unresolved,7,2,"[false, false, true, false, false, false, true]","[""C001001""]"
C001100,double_distinct_flip,"[3, 6]",[],1,8,False,multiple_candidates,0,0,"[null, null, null, null, null, null, null]","[""C000001"", ""C001000"", ""C001001"", ""C001011"", ""C001101"", ""C001201"", ""C011001"", ""C101001""]"
C001100,double_distinct_flip,"[4, 5]",[],0,0,False,no_feasible_candidate,0,0,"[null, null, null, null, null, null, null]",[]
C001100,double_distinct_flip,"[4, 5]",[],1,1,False,single_geometry_conditional,7,3,"[false, false, true, false, true, true, false]","[""C001210""]"
C001100,double_distinct_flip,"[4, 6]",[],0,0,False,no_feasible_candidate,0,0,"[null, null, null, null, null, null, null]",[]
C001100,double_distinct_flip,"[4, 6]",[],1,2,False,multiple_candidates,5,1,"[false, false, true, null, null, false, true]","[""C001101"", ""C001201""]"
C001100,double_distinct_flip,"[5, 6]",[],0,0,False,no_feasible_candidate,0,0,"[null, null, null, null, null, null, null]",[]
C001100,double_distinct_flip,"[5, 6]",[],1,2,False,multiple_candidates,5,1,"[false, false, true, null, false, null, true]","[""C001011"", ""C001101""]"
C001101,clean,[],[],0,1,True,compatibility_unresolved,7,0,"[false, false, true, true, false, false, true]","[""C001101""]"
C001101,clean,[],[],1,6,True,multiple_candidates,2,0,"[null, null, null, null, false, false, null]","[""C000101"", ""C001001"", ""C001100"", ""C001101"", ""C011101"", ""C101101""]"
C001101,single_flip,[0],[],0,1,False,compatibility_unresolved,7,1,"[true, false, true, true, false, false, true]","[""C101101""]"
C001101,single_flip,[0],[],1,5,True,multiple_candidates,3,0,"[null, false, null, null, false, false, null]","[""C001101"", ""C100101"", ""C101001"", ""C101100"", ""C101101""]"
C001101,single_flip,[1],[],0,1,False,compatibility_unresolved,7,1,"[false, true, true, true, false, false, true]","[""C011101""]"
C001101,single_flip,[1],[],1,5,True,multiple_candidates,3,0,"[false, null, null, null, false, false, null]","[""C001101"", ""C010101"", ""C011001"", ""C011100"", ""C011101""]"
C001101,single_flip,[2],[],0,1,False,single_geometry_conditional,7,1,"[false, false, false, true, false, false, true]","[""C000101""]"
C001101,single_flip,[2],[],1,6,True,multiple_candidates,2,0,"[null, null, null, null, false, false, null]","[""C000001"", ""C000100"", ""C000101"", ""C001101"", ""C010101"", ""C100101""]"
C001101,single_flip,[3],[],0,1,False,compatibility_unresolved,7,1,"[false, false, true, false, false, false, true]","[""C001001""]"
C001101,single_flip,[3],[],1,8,True,multiple_candidates,0,0,"[null, null, null, null, null, null, null]","[""C000001"", ""C001000"", ""C001001"", ""C001011"", ""C001101"", ""C001201"", ""C011001"", ""C101001""]"
C001101,single_flip,[4],[],0,0,False,no_feasible_candidate,0,0,"[null, null, null, null, null, null, null]",[]
C001101,single_flip,[4],[],1,2,True,multiple_candidates,5,0,"[false, false, true, null, null, false, true]","[""C001101"", ""C001201""]"
C001101,single_flip,[5],[],0,0,False,no_feasible_candidate,0,0,"[null, null, null, null, null, null, null]",[]
C001101,single_flip,[5],[],1,2,True,multiple_candidates,5,0,"[false, false, true, null, false, null, true]","[""C001011"", ""C001101""]"
C001101,single_flip,[6],[],0,1,False,single_geometry_conditional,7,1,"[false, false, true, true, false, false, false]","[""C001100""]"
C001101,single_flip,[6],[],1,6,True,multiple_candidates,2,0,"[null, null, null, null, false, false, null]","[""C000100"", ""C001000"", ""C001100"", ""C001101"", ""C011100"", ""C101100""]"
C001101,single_missing,[],[0],0,2,True,multiple_candidates,6,0,"[null, false, true, true, false, false, true]","[""C001101"", ""C101101""]"
C001101,single_missing,[],[0],1,9,True,multiple_candidates,2,0,"[null, null, null, null, false, false, null]","[""C000101"", ""C001001"", ""C001100"", ""C001101"", ""C011101"", ""C100101"", ""C101001"", ""C101100"", ""C101101""]"
C001101,single_missing,[],[1],0,2,True,multiple_candidates,6,0,"[false, null, true, true, false, false, true]","[""C001101"", ""C011101""]"
C001101,single_missing,[],[1],1,9,True,multiple_candidates,2,0,"[null, null, null, null, false, false, null]","[""C000101"", ""C001001"", ""C001100"", ""C001101"", ""C010101"", ""C011001"", ""C011100"", ""C011101"", ""C101101""]"
C001101,single_missing,[],[2],0,2,True,multiple_candidates,6,0,"[false, false, null, true, false, false, true]","[""C000101"", ""C001101""]"
C001101,single_missing,[],[2],1,10,True,multiple_candidates,2,0,"[null, null, null, null, false, false, null]","[""C000001"", ""C000100"", ""C000101"", ""C001001"", ""C001100"", ""C001101"", ""C010101"", ""C011101"", ""C100101"", ""C101101""]"
C001101,single_missing,[],[3],0,2,True,multiple_candidates,6,0,"[false, false, true, null, false, false, true]","[""C001001"", ""C001101""]"
C001101,single_missing,[],[3],1,12,True,multiple_candidates,0,0,"[null, null, null, null, null, null, null]","[""C000001"", ""C000101"", ""C001000"", ""C001001"", ""C001011"", ""C001100"", ""C001101"", ""C001201"", ""C011001"", ""C011101"", ""C101001"", ""C101101""]"
C001101,single_missing,[],[4],0,1,True,compatibility_unresolved,7,0,"[false, false, true, true, false, false, true]","[""C001101""]"
C001101,single_missing,[],[4],1,7,True,multiple_candidates,1,0,"[null, null, null, null, null, false, null]","[""C000101"", ""C001001"", ""C001100"", ""C001101"", ""C001201"", ""C011101"", ""C101101""]"
C001101,single_missing,[],[5],0,1,True,compatibility_unresolved,7,0,"[false, false, true, true, false, false, true]","[""C001101""]"
C001101,single_missing,[],[5],1,7,True,multiple_candidates,1,0,"[null, null, null, null, false, null, null]","[""C000101"", ""C001001"", ""C001011"", ""C001100"", ""C001101"", ""C011101"", ""C101101""]"
C001101,single_missing,[],[6],0,2,True,multiple_candidates,6,0,"[false, false, true, true, false, false, null]","[""C001100"", ""C001101""]"
C001101,single_missing,[],[6],1,10,True,multiple_candidates,2,0,"[null, null, null, null, false, false, null]","[""C000100"", ""C000101"", ""C001000"", ""C001001"", ""C001100"", ""C001101"", ""C011100"", ""C011101"", ""C101100"", ""C101101""]"
C001101,double_distinct_flip,"[0, 1]",[],0,0,False,no_feasible_candidate,0,0,"[null, null, null, null, null, null, null]",[]
C001101,double_distinct_flip,"[0, 1]",[],1,3,False,multiple_candidates,4,0,"[null, null, null, true, false, false, true]","[""C011101"", ""C101101"", ""C110101""]"
C001101,double_distinct_flip,"[0, 2]",[],0,1,False,single_geometry_conditional,7,2,"[true, false, false, true, false, false, true]","[""C100101""]"
C001101,double_distinct_flip,"[0, 2]",[],1,6,False,multiple_candidates,2,0,"[null, null, null, null, false, false, null]","[""C000101"", ""C100001"", ""C100100"", ""C100101"", ""C101101"", ""C110101""]"
C001101,double_distinct_flip,"[0, 3]",[],0,1,False,compatibility_unresolved,7,2,"[true, false, true, false, false, false, true]","[""C101001""]"
C001101,double_distinct_flip,"[0, 3]",[],1,7,False,multiple_candidates,1,0,"[null, false, null, null, null, null, null]","[""C001001"", ""C100001"", ""C101000"", ""C101001"", ""C101011"", ""C101101"", ""C101201""]"
C001101,double_distinct_flip,"[0, 4]",[],0,0,False,no_feasible_candidate,0,0,"[null, null, null, null, null, null, null]",[]
C001101,double_distinct_flip,"[0, 4]",[],1,2,False,multiple_candidates,5,1,"[true, false, true, null, null, false, true]","[""C101101"", ""C101201""]"
C001101,double_distinct_flip,"[0, 5]",[],0,0,False,no_feasible_candidate,0,0,"[null, null, null, null, null, null, null]",[]
C001101,double_distinct_flip,"[0, 5]",[],1,2,False,multiple_candidates,5,1,"[true, false, true, null, false, null, true]","[""C101011"", ""C101101""]"
C001101,double_distinct_flip,"[0, 6]",[],0,1,False,single_geometry_conditional,7,2,"[true, false, true, true, false, false, false]","[""C101100""]"
C001101,double_distinct_flip,"[0, 6]",[],1,5,False,multiple_candidates,3,0,"[null, false, null, null, false, false, null]","[""C001100"", ""C100100"", ""C101000"", ""C101100"", ""C101101""]"
C001101,double_distinct_flip,"[1, 2]",[],0,1,False,single_geometry_conditional,7,2,"[false, true, false, true, false, false, true]","[""C010101""]"
C001101,double_distinct_flip,"[1, 2]",[],1,6,False,multiple_candidates,2,0,"[null, null, null, null, false, false, null]","[""C000101"", ""C010001"", ""C010100"", ""C010101"", ""C011101"", ""C110101""]"
C001101,double_distinct_flip,"[1, 3]",[],0,1,False,compatibility_unresolved,7,2,"[false, true, true, false, false, false, true]","[""C011001""]"
C001101,double_distinct_flip,"[1, 3]",[],1,7,False,multiple_candidates,1,0,"[false, null, null, null, null, null, null]","[""C001001"", ""C010001"", ""C011000"", ""C011001"", ""C011011"", ""C011101"", ""C011201""]"
C001101,double_distinct_flip,"[1, 4]",[],0,0,False,no_feasible_candidate,0,0,"[null, null, null, null, null, null, null]",[]
C001101,double_distinct_flip,"[1, 4]",[],1,2,False,multiple_candidates,5,1,"[false, true, true, null, null, false, true]","[""C011101"", ""C011201""]"
C001101,double_distinct_flip,"[1, 5]",[],0,0,False,no_feasible_candidate,0,0,"[null, null, null, null, null, null, null]",[]
C001101,double_distinct_flip,"[1, 5]",[],1,2,False,multiple_candidates,5,1,"[false, true, true, null, false, null, true]","[""C011011"", ""C011101""]"
C001101,double_distinct_flip,"[1, 6]",[],0,1,False,single_geometry_conditional,7,2,"[false, true, true, true, false, false, false]","[""C011100""]"
C001101,double_distinct_flip,"[1, 6]",[],1,5,False,multiple_candidates,3,0,"[false, null, null, null, false, false, null]","[""C001100"", ""C010100"", ""C011000"", ""C011100"", ""C011101""]"
C001101,double_distinct_flip,"[2, 3]",[],0,1,False,single_geometry_conditional,7,2,"[false, false, false, false, false, false, true]","[""C000001""]"
C001101,double_distinct_flip,"[2, 3]",[],1,8,False,multiple_candidates,0,0,"[null, null, null, null, null, null, null]","[""C000000"", ""C000001"", ""C000011"", ""C000101"", ""C000201"", ""C001001"", ""C010001"", ""C100001""]"
C001101,double_distinct_flip,"[2, 4]",[],0,0,False,no_feasible_candidate,0,0,"[null, null, null, null, null, null, null]",[]
C001101,double_distinct_flip,"[2, 4]",[],1,2,False,multiple_candidates,5,1,"[false, false, false, null, null, false, true]","[""C000101"", ""C000201""]"
C001101,double_distinct_flip,"[2, 5]",[],0,0,False,no_feasible_candidate,0,0,"[null, null, null, null, null, null, null]",[]
C001101,double_distinct_flip,"[2, 5]",[],1,2,False,multiple_candidates,5,1,"[false, false, false, null, false, null, true]","[""C000011"", ""C000101""]"
C001101,double_distinct_flip,"[2, 6]",[],0,1,False,single_geometry_conditional,7,2,"[false, false, false, true, false, false, false]","[""C000100""]"
C001101,double_distinct_flip,"[2, 6]",[],1,6,False,multiple_candidates,2,0,"[null, null, null, null, false, false, null]","[""C000000"", ""C000100"", ""C000101"", ""C001100"", ""C010100"", ""C100100""]"
C001101,double_distinct_flip,"[3, 4]",[],0,1,False,compatibility_unresolved,7,2,"[false, false, true, false, true, false, true]","[""C001201""]"
C001101,double_distinct_flip,"[3, 4]",[],1,7,False,multiple_candidates,1,1,"[null, null, null, false, null, null, null]","[""C000201"", ""C001001"", ""C001200"", ""C001201"", ""C001211"", ""C011201"", ""C101201""]"
C001101,double_distinct_flip,"[3, 5]",[],0,1,False,compatibility_unresolved,7,2,"[false, false, true, false, false, true, true]","[""C001011""]"
C001101,double_distinct_flip,"[3, 5]",[],1,7,False,multiple_candidates,1,1,"[null, null, null, false, null, null, null]","[""C000011"", ""C001001"", ""C001010"", ""C001011"", ""C001211"", ""C011011"", ""C101011""]"
C001101,double_distinct_flip,"[3, 6]",[],0,1,False,single_geometry_conditional,7,2,"[false, false, true, false, false, false, false]","[""C001000""]"
C001101,double_distinct_flip,"[3, 6]",[],1,8,False,multiple_candidates,0,0,"[null, null, null, null, null, null, null]","[""C000000"", ""C001000"", ""C001001"", ""C001010"", ""C001100"", ""C001200"", ""C011000"", ""C101000""]"
C001101,double_distinct_flip,"[4, 5]",[],0,0,False,no_feasible_candidate,0,0,"[null, null, null, null, null, null, null]",[]
C001101,double_distinct_flip,"[4, 5]",[],1,1,False,compatibility_unresolved,7,3,"[false, false, true, false, true, true, true]","[""C001211""]"
C001101,double_distinct_flip,"[4, 6]",[],0,0,False,no_feasible_candidate,0,0,"[null, null, null, null, null, null, null]",[]
C001101,double_distinct_flip,"[4, 6]",[],1,2,False,multiple_candidates,5,1,"[false, false, true, null, null, false, false]","[""C001100"", ""C001200""]"
C001101,double_distinct_flip,"[5, 6]",[],0,0,False,no_feasible_candidate,0,0,"[null, null, null, null, null, null, null]",[]
C001101,double_distinct_flip,"[5, 6]",[],1,2,False,multiple_candidates,5,1,"[false, false, true, null, false, null, false]","[""C001010"", ""C001100""]"
C001200,clean,[],[],0,1,True,single_geometry_conditional,7,0,"[false, false, true, false, true, false, false]","[""C001200""]"
C001200,clean,[],[],1,7,True,multiple_candidates,1,0,"[null, null, null, false, null, null, null]","[""C000200"", ""C001000"", ""C001200"", ""C001201"", ""C001210"", ""C011200"", ""C101200""]"
C001200,single_flip,[0],[],0,1,False,single_geometry_conditional,7,1,"[true, false, true, false, true, false, false]","[""C101200""]"
C001200,single_flip,[0],[],1,6,True,multiple_candidates,2,0,"[null, false, null, false, null, null, null]","[""C001200"", ""C100200"", ""C101000"", ""C101200"", ""C101201"", ""C101210""]"
C001200,single_flip,[1],[],0,1,False,single_geometry_conditional,7,1,"[false, true, true, false, true, false, false]","[""C011200""]"
C001200,single_flip,[1],[],1,6,True,multiple_candidates,2,0,"[false, null, null, false, null, null, null]","[""C001200"", ""C010200"", ""C011000"", ""C011200"", ""C011201"", ""C011210""]"
C001200,single_flip,[2],[],0,1,False,single_geometry_conditional,7,1,"[false, false, false, false, true, false, false]","[""C000200""]"
C001200,single_flip,[2],[],1,7,True,multiple_candidates,1,0,"[null, null, null, false, null, null, null]","[""C000000"", ""C000200"", ""C000201"", ""C000210"", ""C001200"", ""C010200"", ""C100200""]"
C001200,single_flip,[3],[],0,0,False,no_feasible_candidate,0,0,"[null, null, null, null, null, null, null]",[]
C001200,single_flip,[3],[],1,2,True,multiple_candidates,5,0,"[false, false, true, null, null, false, false]","[""C001100"", ""C001200""]"
C001200,single_flip,[4],[],0,1,False,single_geometry_conditional,7,1,"[false, false, true, false, false, false, false]","[""C001000""]"
C001200,single_flip,[4],[],1,8,True,multiple_candidates,0,0,"[null, null, null, null, null, null, null]","[""C000000"", ""C001000"", ""C001001"", ""C001010"", ""C001100"", ""C001200"", ""C011000"", ""C101000""]"
C001200,single_flip,[5],[],0,1,False,single_geometry_conditional,7,1,"[false, false, true, false, true, true, false]","[""C001210""]"
C001200,single_flip,[5],[],1,7,True,multiple_candidates,1,0,"[null, null, null, false, null, null, null]","[""C000210"", ""C001010"", ""C001200"", ""C001210"", ""C001211"", ""C011210"", ""C101210""]"
C001200,single_flip,[6],[],0,1,False,compatibility_unresolved,7,1,"[false, false, true, false, true, false, true]","[""C001201""]"
C001200,single_flip,[6],[],1,7,True,multiple_candidates,1,0,"[null, null, null, false, null, null, null]","[""C000201"", ""C001001"", ""C001200"", ""C001201"", ""C001211"", ""C011201"", ""C101201""]"
C001200,single_missing,[],[0],0,2,True,multiple_candidates,6,0,"[null, false, true, false, true, false, false]","[""C001200"", ""C101200""]"
C001200,single_missing,[],[0],1,11,True,multiple_candidates,1,0,"[null, null, null, false, null, null, null]","[""C000200"", ""C001000"", ""C001200"", ""C001201"", ""C001210"", ""C011200"", ""C100200"", ""C101000"", ""C101200"", ""C101201"", ""C101210""]"
C001200,single_missing,[],[1],0,2,True,multiple_candidates,6,0,"[false, null, true, false, true, false, false]","[""C001200"", ""C011200""]"
C001200,single_missing,[],[1],1,11,True,multiple_candidates,1,0,"[null, null, null, false, null, null, null]","[""C000200"", ""C001000"", ""C001200"", ""C001201"", ""C001210"", ""C010200"", ""C011000"", ""C011200"", ""C011201"", ""C011210"", ""C101200""]"
C001200,single_missing,[],[2],0,2,True,multiple_candidates,6,0,"[false, false, null, false, true, false, false]","[""C000200"", ""C001200""]"
C001200,single_missing,[],[2],1,12,True,multiple_candidates,1,0,"[null, null, null, false, null, null, null]","[""C000000"", ""C000200"", ""C000201"", ""C000210"", ""C001000"", ""C001200"", ""C001201"", ""C001210"", ""C010200"", ""C011200"", ""C100200"", ""C101200""]"
C001200,single_missing,[],[3],0,1,True,single_geometry_conditional,7,0,"[false, false, true, false, true, false, false]","[""C001200""]"
C001200,single_missing,[],[3],1,8,True,multiple_candidates,0,0,"[null, null, null, null, null, null, null]","[""C000200"", ""C001000"", ""C001100"", ""C001200"", ""C001201"", ""C001210"", ""C011200"", ""C101200""]"
C001200,single_missing,[],[4],0,2,True,multiple_candidates,6,0,"[false, false, true, false, null, false, false]","[""C001000"", ""C001200""]"
C001200,single_missing,[],[4],1,13,True,multiple_candidates,0,0,"[null, null, null, null, null, null, null]","[""C000000"", ""C000200"", ""C001000"", ""C001001"", ""C001010"", ""C001100"", ""C001200"", ""C001201"", ""C001210"", ""C011000"", ""C011200"", ""C101000"", ""C101200""]"
C001200,single_missing,[],[5],0,2,True,multiple_candidates,6,0,"[false, false, true, false, true, null, false]","[""C001200"", ""C001210""]"
C001200,single_missing,[],[5],1,12,True,multiple_candidates,1,0,"[null, null, null, false, null, null, null]","[""C000200"", ""C000210"", ""C001000"", ""C001010"", ""C001200"", ""C001201"", ""C001210"", ""C001211"", ""C011200"", ""C011210"", ""C101200"", ""C101210""]"
C001200,single_missing,[],[6],0,2,True,multiple_candidates,6,0,"[false, false, true, false, true, false, null]","[""C001200"", ""C001201""]"
C001200,single_missing,[],[6],1,12,True,multiple_candidates,1,0,"[null, null, null, false, null, null, null]","[""C000200"", ""C000201"", ""C001000"", ""C001001"", ""C001200"", ""C001201"", ""C001210"", ""C001211"", ""C011200"", ""C011201"", ""C101200"", ""C101201""]"
C001200,double_distinct_flip,"[0, 1]",[],0,0,False,no_feasible_candidate,0,0,"[null, null, null, null, null, null, null]",[]
C001200,double_distinct_flip,"[0, 1]",[],1,3,False,multiple_candidates,4,0,"[null, null, null, false, true, false, false]","[""C011200"", ""C101200"", ""C110200""]"
C001200,double_distinct_flip,"[0, 2]",[],0,1,False,single_geometry_conditional,7,2,"[true, false, false, false, true, false, false]","[""C100200""]"
C001200,double_distinct_flip,"[0, 2]",[],1,7,False,multiple_candidates,1,0,"[null, null, null, false, null, null, null]","[""C000200"", ""C100000"", ""C100200"", ""C100201"", ""C100210"", ""C101200"", ""C110200""]"
C001200,double_distinct_flip,"[0, 3]",[],0,0,False,no_feasible_candidate,0,0,"[null, null, null, null, null, null, null]",[]
C001200,double_distinct_flip,"[0, 3]",[],1,2,False,multiple_candidates,5,1,"[true, false, true, null, null, false, false]","[""C101100"", ""C101200""]"
C001200,double_distinct_flip,"[0, 4]",[],0,1,False,single_geometry_conditional,7,2,"[true, false, true, false, false, false, false]","[""C101000""]"
C001200,double_distinct_flip,"[0, 4]",[],1,7,False,multiple_candidates,1,0,"[null, false, null, null, null, null, null]","[""C001000"", ""C100000"", ""C101000"", ""C101001"", ""C101010"", ""C101100"", ""C101200""]"
C001200,double_distinct_flip,"[0, 5]",[],0,1,False,single_geometry_conditional,7,2,"[true, false, true, false, true, true, false]","[""C101210""]"
C001200,double_distinct_flip,"[0, 5]",[],1,6,False,multiple_candidates,2,0,"[null, false, null, false, null, null, null]","[""C001210"", ""C100210"", ""C101010"", ""C101200"", ""C101210"", ""C101211""]"
C001200,double_distinct_flip,"[0, 6]",[],0,1,False,compatibility_unresolved,7,2,"[true, false, true, false, true, false, true]","[""C101201""]"
C001200,double_distinct_flip,"[0, 6]",[],1,6,False,multiple_candidates,2,0,"[null, false, null, false, null, null, null]","[""C001201"", ""C100201"", ""C101001"", ""C101200"", ""C101201"", ""C101211""]"
C001200,double_distinct_flip,"[1, 2]",[],0,1,False,single_geometry_conditional,7,2,"[false, true, false, false, true, false, false]","[""C010200""]"
C001200,double_distinct_flip,"[1, 2]",[],1,7,False,multiple_candidates,1,0,"[null, null, null, false, null, null, null]","[""C000200"", ""C010000"", ""C010200"", ""C010201"", ""C010210"", ""C011200"", ""C110200""]"
C001200,double_distinct_flip,"[1, 3]",[],0,0,False,no_feasible_candidate,0,0,"[null, null, null, null, null, null, null]",[]
C001200,double_distinct_flip,"[1, 3]",[],1,2,False,multiple_candidates,5,1,"[false, true, true, null, null, false, false]","[""C011100"", ""C011200""]"
C001200,double_distinct_flip,"[1, 4]",[],0,1,False,single_geometry_conditional,7,2,"[false, true, true, false, false, false, false]","[""C011000""]"
C001200,double_distinct_flip,"[1, 4]",[],1,7,False,multiple_candidates,1,0,"[false, null, null, null, null, null, null]","[""C001000"", ""C010000"", ""C011000"", ""C011001"", ""C011010"", ""C011100"", ""C011200""]"
C001200,double_distinct_flip,"[1, 5]",[],0,1,False,single_geometry_conditional,7,2,"[false, true, true, false, true, true, false]","[""C011210""]"
C001200,double_distinct_flip,"[1, 5]",[],1,6,False,multiple_candidates,2,0,"[false, null, null, false, null, null, null]","[""C001210"", ""C010210"", ""C011010"", ""C011200"", ""C011210"", ""C011211""]"
C001200,double_distinct_flip,"[1, 6]",[],0,1,False,compatibility_unresolved,7,2,"[false, true, true, false, true, false, true]","[""C011201""]"
C001200,double_distinct_flip,"[1, 6]",[],1,6,False,multiple_candidates,2,0,"[false, null, null, false, null, null, null]","[""C001201"", ""C010201"", ""C011001"", ""C011200"", ""C011201"", ""C011211""]"
C001200,double_distinct_flip,"[2, 3]",[],0,0,False,no_feasible_candidate,0,0,"[null, null, null, null, null, null, null]",[]
C001200,double_distinct_flip,"[2, 3]",[],1,2,False,multiple_candidates,5,1,"[false, false, false, null, null, false, false]","[""C000100"", ""C000200""]"
C001200,double_distinct_flip,"[2, 4]",[],0,1,False,single_geometry_conditional,7,2,"[false, false, false, false, false, false, false]","[""C000000""]"
C001200,double_distinct_flip,"[2, 4]",[],1,8,False,multiple_candidates,0,0,"[null, null, null, null, null, null, null]","[""C000000"", ""C000001"", ""C000010"", ""C000100"", ""C000200"", ""C001000"", ""C010000"", ""C100000""]"
C001200,double_distinct_flip,"[2, 5]",[],0,1,False,single_geometry_conditional,7,2,"[false, false, false, false, true, true, false]","[""C000210""]"
C001200,double_distinct_flip,"[2, 5]",[],1,7,False,multiple_candidates,1,0,"[null, null, null, false, null, null, null]","[""C000010"", ""C000200"", ""C000210"", ""C000211"", ""C001210"", ""C010210"", ""C100210""]"
C001200,double_distinct_flip,"[2, 6]",[],0,1,False,single_geometry_conditional,7,2,"[false, false, false, false, true, false, true]","[""C000201""]"
C001200,double_distinct_flip,"[2, 6]",[],1,7,False,multiple_candidates,1,0,"[null, null, null, false, null, null, null]","[""C000001"", ""C000200"", ""C000201"", ""C000211"", ""C001201"", ""C010201"", ""C100201""]"
C001200,double_distinct_flip,"[3, 4]",[],0,1,False,single_geometry_conditional,7,2,"[false, false, true, true, false, false, false]","[""C001100""]"
C001200,double_distinct_flip,"[3, 4]",[],1,6,False,multiple_candidates,2,1,"[null, null, null, null, false, false, null]","[""C000100"", ""C001000"", ""C001100"", ""C001101"", ""C011100"", ""C101100""]"
C001200,double_distinct_flip,"[3, 5]",[],0,0,False,no_feasible_candidate,0,0,"[null, null, null, null, null, null, null]",[]
C001200,double_distinct_flip,"[3, 5]",[],1,1,False,single_geometry_conditional,7,1,"[false, false, true, false, true, true, false]","[""C001210""]"
C001200,double_distinct_flip,"[3, 6]",[],0,0,False,no_feasible_candidate,0,0,"[null, null, null, null, null, null, null]",[]
C001200,double_distinct_flip,"[3, 6]",[],1,2,False,multiple_candidates,5,1,"[false, false, true, null, null, false, true]","[""C001101"", ""C001201""]"
C001200,double_distinct_flip,"[4, 5]",[],0,1,False,single_geometry_conditional,7,2,"[false, false, true, false, false, true, false]","[""C001010""]"
C001200,double_distinct_flip,"[4, 5]",[],1,7,False,multiple_candidates,1,0,"[null, null, null, false, null, null, null]","[""C000010"", ""C001000"", ""C001010"", ""C001011"", ""C001210"", ""C011010"", ""C101010""]"
C001200,double_distinct_flip,"[4, 6]",[],0,1,False,compatibility_unresolved,7,2,"[false, false, true, false, false, false, true]","[""C001001""]"
C001200,double_distinct_flip,"[4, 6]",[],1,8,False,multiple_candidates,0,0,"[null, null, null, null, null, null, null]","[""C000001"", ""C001000"", ""C001001"", ""C001011"", ""C001101"", ""C001201"", ""C011001"", ""C101001""]"
C001200,double_distinct_flip,"[5, 6]",[],0,1,False,compatibility_unresolved,7,2,"[false, false, true, false, true, true, true]","[""C001211""]"
C001200,double_distinct_flip,"[5, 6]",[],1,7,False,multiple_candidates,1,0,"[null, null, null, false, null, null, null]","[""C000211"", ""C001011"", ""C001201"", ""C001210"", ""C001211"", ""C011211"", ""C101211""]"
C001201,clean,[],[],0,1,True,compatibility_unresolved,7,0,"[false, false, true, false, true, false, true]","[""C001201""]"
C001201,clean,[],[],1,7,True,multiple_candidates,1,0,"[null, null, null, false, null, null, null]","[""C000201"", ""C001001"", ""C001200"", ""C001201"", ""C001211"", ""C011201"", ""C101201""]"
C001201,single_flip,[0],[],0,1,False,compatibility_unresolved,7,1,"[true, false, true, false, true, false, true]","[""C101201""]"
C001201,single_flip,[0],[],1,6,True,multiple_candidates,2,0,"[null, false, null, false, null, null, null]","[""C001201"", ""C100201"", ""C101001"", ""C101200"", ""C101201"", ""C101211""]"
C001201,single_flip,[1],[],0,1,False,compatibility_unresolved,7,1,"[false, true, true, false, true, false, true]","[""C011201""]"
C001201,single_flip,[1],[],1,6,True,multiple_candidates,2,0,"[false, null, null, false, null, null, null]","[""C001201"", ""C010201"", ""C011001"", ""C011200"", ""C011201"", ""C011211""]"
C001201,single_flip,[2],[],0,1,False,single_geometry_conditional,7,1,"[false, false, false, false, true, false, true]","[""C000201""]"
C001201,single_flip,[2],[],1,7,True,multiple_candidates,1,0,"[null, null, null, false, null, null, null]","[""C000001"", ""C000200"", ""C000201"", ""C000211"", ""C001201"", ""C010201"", ""C100201""]"
C001201,single_flip,[3],[],0,0,False,no_feasible_candidate,0,0,"[null, null, null, null, null, null, null]",[]
C001201,single_flip,[3],[],1,2,True,multiple_candidates,5,0,"[false, false, true, null, null, false, true]","[""C001101"", ""C001201""]"
C001201,single_flip,[4],[],0,1,False,compatibility_unresolved,7,1,"[false, false, true, false, false, false, true]","[""C001001""]"
C001201,single_flip,[4],[],1,8,True,multiple_candidates,0,0,"[null, null, null, null, null, null, null]","[""C000001"", ""C001000"", ""C001001"", ""C001011"", ""C001101"", ""C001201"", ""C011001"", ""C101001""]"
C001201,single_flip,[5],[],0,1,False,compatibility_unresolved,7,1,"[false, false, true, false, true, true, true]","[""C001211""]"
C001201,single_flip,[5],[],1,7,True,multiple_candidates,1,0,"[null, null, null, false, null, null, null]","[""C000211"", ""C001011"", ""C001201"", ""C001210"", ""C001211"", ""C011211"", ""C101211""]"
C001201,single_flip,[6],[],0,1,False,single_geometry_conditional,7,1,"[false, false, true, false, true, false, false]","[""C001200""]"
C001201,single_flip,[6],[],1,7,True,multiple_candidates,1,0,"[null, null, null, false, null, null, null]","[""C000200"", ""C001000"", ""C001200"", ""C001201"", ""C001210"", ""C011200"", ""C101200""]"
C001201,single_missing,[],[0],0,2,True,multiple_candidates,6,0,"[null, false, true, false, true, false, true]","[""C001201"", ""C101201""]"
C001201,single_missing,[],[0],1,11,True,multiple_candidates,1,0,"[null, null, null, false, null, null, null]","[""C000201"", ""C001001"", ""C001200"", ""C001201"", ""C001211"", ""C011201"", ""C100201"", ""C101001"", ""C101200"", ""C101201"", ""C101211""]"
C001201,single_missing,[],[1],0,2,True,multiple_candidates,6,0,"[false, null, true, false, true, false, true]","[""C001201"", ""C011201""]"
C001201,single_missing,[],[1],1,11,True,multiple_candidates,1,0,"[null, null, null, false, null, null, null]","[""C000201"", ""C001001"", ""C001200"", ""C001201"", ""C001211"", ""C010201"", ""C011001"", ""C011200"", ""C011201"", ""C011211"", ""C101201""]"
C001201,single_missing,[],[2],0,2,True,multiple_candidates,6,0,"[false, false, null, false, true, false, true]","[""C000201"", ""C001201""]"
C001201,single_missing,[],[2],1,12,True,multiple_candidates,1,0,"[null, null, null, false, null, null, null]","[""C000001"", ""C000200"", ""C000201"", ""C000211"", ""C001001"", ""C001200"", ""C001201"", ""C001211"", ""C010201"", ""C011201"", ""C100201"", ""C101201""]"
C001201,single_missing,[],[3],0,1,True,compatibility_unresolved,7,0,"[false, false, true, false, true, false, true]","[""C001201""]"
C001201,single_missing,[],[3],1,8,True,multiple_candidates,0,0,"[null, null, null, null, null, null, null]","[""C000201"", ""C001001"", ""C001101"", ""C001200"", ""C001201"", ""C001211"", ""C011201"", ""C101201""]"
C001201,single_missing,[],[4],0,2,True,multiple_candidates,6,0,"[false, false, true, false, null, false, true]","[""C001001"", ""C001201""]"
C001201,single_missing,[],[4],1,13,True,multiple_candidates,0,0,"[null, null, null, null, null, null, null]","[""C000001"", ""C000201"", ""C001000"", ""C001001"", ""C001011"", ""C001101"", ""C001200"", ""C001201"", ""C001211"", ""C011001"", ""C011201"", ""C101001"", ""C101201""]"
C001201,single_missing,[],[5],0,2,True,multiple_candidates,6,0,"[false, false, true, false, true, null, true]","[""C001201"", ""C001211""]"
C001201,single_missing,[],[5],1,12,True,multiple_candidates,1,0,"[null, null, null, false, null, null, null]","[""C000201"", ""C000211"", ""C001001"", ""C001011"", ""C001200"", ""C001201"", ""C001210"", ""C001211"", ""C011201"", ""C011211"", ""C101201"", ""C101211""]"
C001201,single_missing,[],[6],0,2,True,multiple_candidates,6,0,"[false, false, true, false, true, false, null]","[""C001200"", ""C001201""]"
C001201,single_missing,[],[6],1,12,True,multiple_candidates,1,0,"[null, null, null, false, null, null, null]","[""C000200"", ""C000201"", ""C001000"", ""C001001"", ""C001200"", ""C001201"", ""C001210"", ""C001211"", ""C011200"", ""C011201"", ""C101200"", ""C101201""]"
C001201,double_distinct_flip,"[0, 1]",[],0,0,False,no_feasible_candidate,0,0,"[null, null, null, null, null, null, null]",[]
C001201,double_distinct_flip,"[0, 1]",[],1,3,False,multiple_candidates,4,0,"[null, null, null, false, true, false, true]","[""C011201"", ""C101201"", ""C110201""]"
C001201,double_distinct_flip,"[0, 2]",[],0,1,False,single_geometry_conditional,7,2,"[true, false, false, false, true, false, true]","[""C100201""]"
C001201,double_distinct_flip,"[0, 2]",[],1,7,False,multiple_candidates,1,0,"[null, null, null, false, null, null, null]","[""C000201"", ""C100001"", ""C100200"", ""C100201"", ""C100211"", ""C101201"", ""C110201""]"
C001201,double_distinct_flip,"[0, 3]",[],0,0,False,no_feasible_candidate,0,0,"[null, null, null, null, null, null, null]",[]
C001201,double_distinct_flip,"[0, 3]",[],1,2,False,multiple_candidates,5,1,"[true, false, true, null, null, false, true]","[""C101101"", ""C101201""]"
C001201,double_distinct_flip,"[0, 4]",[],0,1,False,compatibility_unresolved,7,2,"[true, false, true, false, false, false, true]","[""C101001""]"
C001201,double_distinct_flip,"[0, 4]",[],1,7,False,multiple_candidates,1,0,"[null, false, null, null, null, null, null]","[""C001001"", ""C100001"", ""C101000"", ""C101001"", ""C101011"", ""C101101"", ""C101201""]"
C001201,double_distinct_flip,"[0, 5]",[],0,1,False,compatibility_unresolved,7,2,"[true, false, true, false, true, true, true]","[""C101211""]"
C001201,double_distinct_flip,"[0, 5]",[],1,6,False,multiple_candidates,2,0,"[null, false, null, false, null, null, null]","[""C001211"", ""C100211"", ""C101011"", ""C101201"", ""C101210"", ""C101211""]"
C001201,double_distinct_flip,"[0, 6]",[],0,1,False,single_geometry_conditional,7,2,"[true, false, true, false, true, false, false]","[""C101200""]"
C001201,double_distinct_flip,"[0, 6]",[],1,6,False,multiple_candidates,2,0,"[null, false, null, false, null, null, null]","[""C001200"", ""C100200"", ""C101000"", ""C101200"", ""C101201"", ""C101210""]"
C001201,double_distinct_flip,"[1, 2]",[],0,1,False,single_geometry_conditional,7,2,"[false, true, false, false, true, false, true]","[""C010201""]"
C001201,double_distinct_flip,"[1, 2]",[],1,7,False,multiple_candidates,1,0,"[null, null, null, false, null, null, null]","[""C000201"", ""C010001"", ""C010200"", ""C010201"", ""C010211"", ""C011201"", ""C110201""]"
C001201,double_distinct_flip,"[1, 3]",[],0,0,False,no_feasible_candidate,0,0,"[null, null, null, null, null, null, null]",[]
C001201,double_distinct_flip,"[1, 3]",[],1,2,False,multiple_candidates,5,1,"[false, true, true, null, null, false, true]","[""C011101"", ""C011201""]"
C001201,double_distinct_flip,"[1, 4]",[],0,1,False,compatibility_unresolved,7,2,"[false, true, true, false, false, false, true]","[""C011001""]"
C001201,double_distinct_flip,"[1, 4]",[],1,7,False,multiple_candidates,1,0,"[false, null, null, null, null, null, null]","[""C001001"", ""C010001"", ""C011000"", ""C011001"", ""C011011"", ""C011101"", ""C011201""]"
C001201,double_distinct_flip,"[1, 5]",[],0,1,False,compatibility_unresolved,7,2,"[false, true, true, false, true, true, true]","[""C011211""]"
C001201,double_distinct_flip,"[1, 5]",[],1,6,False,multiple_candidates,2,0,"[false, null, null, false, null, null, null]","[""C001211"", ""C010211"", ""C011011"", ""C011201"", ""C011210"", ""C011211""]"
C001201,double_distinct_flip,"[1, 6]",[],0,1,False,single_geometry_conditional,7,2,"[false, true, true, false, true, false, false]","[""C011200""]"
C001201,double_distinct_flip,"[1, 6]",[],1,6,False,multiple_candidates,2,0,"[false, null, null, false, null, null, null]","[""C001200"", ""C010200"", ""C011000"", ""C011200"", ""C011201"", ""C011210""]"
C001201,double_distinct_flip,"[2, 3]",[],0,0,False,no_feasible_candidate,0,0,"[null, null, null, null, null, null, null]",[]
C001201,double_distinct_flip,"[2, 3]",[],1,2,False,multiple_candidates,5,1,"[false, false, false, null, null, false, true]","[""C000101"", ""C000201""]"
C001201,double_distinct_flip,"[2, 4]",[],0,1,False,single_geometry_conditional,7,2,"[false, false, false, false, false, false, true]","[""C000001""]"
C001201,double_distinct_flip,"[2, 4]",[],1,8,False,multiple_candidates,0,0,"[null, null, null, null, null, null, null]","[""C000000"", ""C000001"", ""C000011"", ""C000101"", ""C000201"", ""C001001"", ""C010001"", ""C100001""]"
C001201,double_distinct_flip,"[2, 5]",[],0,1,False,single_geometry_conditional,7,2,"[false, false, false, false, true, true, true]","[""C000211""]"
C001201,double_distinct_flip,"[2, 5]",[],1,7,False,multiple_candidates,1,0,"[null, null, null, false, null, null, null]","[""C000011"", ""C000201"", ""C000210"", ""C000211"", ""C001211"", ""C010211"", ""C100211""]"
C001201,double_distinct_flip,"[2, 6]",[],0,1,False,single_geometry_conditional,7,2,"[false, false, false, false, true, false, false]","[""C000200""]"
C001201,double_distinct_flip,"[2, 6]",[],1,7,False,multiple_candidates,1,0,"[null, null, null, false, null, null, null]","[""C000000"", ""C000200"", ""C000201"", ""C000210"", ""C001200"", ""C010200"", ""C100200""]"
C001201,double_distinct_flip,"[3, 4]",[],0,1,False,compatibility_unresolved,7,2,"[false, false, true, true, false, false, true]","[""C001101""]"
C001201,double_distinct_flip,"[3, 4]",[],1,6,False,multiple_candidates,2,1,"[null, null, null, null, false, false, null]","[""C000101"", ""C001001"", ""C001100"", ""C001101"", ""C011101"", ""C101101""]"
C001201,double_distinct_flip,"[3, 5]",[],0,0,False,no_feasible_candidate,0,0,"[null, null, null, null, null, null, null]",[]
C001201,double_distinct_flip,"[3, 5]",[],1,1,False,compatibility_unresolved,7,1,"[false, false, true, false, true, true, true]","[""C001211""]"
C001201,double_distinct_flip,"[3, 6]",[],0,0,False,no_feasible_candidate,0,0,"[null, null, null, null, null, null, null]",[]
C001201,double_distinct_flip,"[3, 6]",[],1,2,False,multiple_candidates,5,1,"[false, false, true, null, null, false, false]","[""C001100"", ""C001200""]"
C001201,double_distinct_flip,"[4, 5]",[],0,1,False,compatibility_unresolved,7,2,"[false, false, true, false, false, true, true]","[""C001011""]"
C001201,double_distinct_flip,"[4, 5]",[],1,7,False,multiple_candidates,1,0,"[null, null, null, false, null, null, null]","[""C000011"", ""C001001"", ""C001010"", ""C001011"", ""C001211"", ""C011011"", ""C101011""]"
C001201,double_distinct_flip,"[4, 6]",[],0,1,False,single_geometry_conditional,7,2,"[false, false, true, false, false, false, false]","[""C001000""]"
C001201,double_distinct_flip,"[4, 6]",[],1,8,False,multiple_candidates,0,0,"[null, null, null, null, null, null, null]","[""C000000"", ""C001000"", ""C001001"", ""C001010"", ""C001100"", ""C001200"", ""C011000"", ""C101000""]"
C001201,double_distinct_flip,"[5, 6]",[],0,1,False,single_geometry_conditional,7,2,"[false, false, true, false, true, true, false]","[""C001210""]"
C001201,double_distinct_flip,"[5, 6]",[],1,7,False,multiple_candidates,1,0,"[null, null, null, false, null, null, null]","[""C000210"", ""C001010"", ""C001200"", ""C001210"", ""C001211"", ""C011210"", ""C101210""]"
C001210,clean,[],[],0,1,True,single_geometry_conditional,7,0,"[false, false, true, false, true, true, false]","[""C001210""]"
C001210,clean,[],[],1,7,True,multiple_candidates,1,0,"[null, null, null, false, null, null, null]","[""C000210"", ""C001010"", ""C001200"", ""C001210"", ""C001211"", ""C011210"", ""C101210""]"
C001210,single_flip,[0],[],0,1,False,single_geometry_conditional,7,1,"[true, false, true, false, true, true, false]","[""C101210""]"
C001210,single_flip,[0],[],1,6,True,multiple_candidates,2,0,"[null, false, null, false, null, null, null]","[""C001210"", ""C100210"", ""C101010"", ""C101200"", ""C101210"", ""C101211""]"
C001210,single_flip,[1],[],0,1,False,single_geometry_conditional,7,1,"[false, true, true, false, true, true, false]","[""C011210""]"
C001210,single_flip,[1],[],1,6,True,multiple_candidates,2,0,"[false, null, null, false, null, null, null]","[""C001210"", ""C010210"", ""C011010"", ""C011200"", ""C011210"", ""C011211""]"
C001210,single_flip,[2],[],0,1,False,single_geometry_conditional,7,1,"[false, false, false, false, true, true, false]","[""C000210""]"
C001210,single_flip,[2],[],1,7,True,multiple_candidates,1,0,"[null, null, null, false, null, null, null]","[""C000010"", ""C000200"", ""C000210"", ""C000211"", ""C001210"", ""C010210"", ""C100210""]"
C001210,single_flip,[3],[],0,0,False,no_feasible_candidate,0,0,"[null, null, null, null, null, null, null]",[]
C001210,single_flip,[3],[],1,1,True,single_geometry_conditional,7,0,"[false, false, true, false, true, true, false]","[""C001210""]"
C001210,single_flip,[4],[],0,1,False,single_geometry_conditional,7,1,"[false, false, true, false, false, true, false]","[""C001010""]"
C001210,single_flip,[4],[],1,7,True,multiple_candidates,1,0,"[null, null, null, false, null, null, null]","[""C000010"", ""C001000"", ""C001010"", ""C001011"", ""C001210"", ""C011010"", ""C101010""]"
C001210,single_flip,[5],[],0,1,False,single_geometry_conditional,7,1,"[false, false, true, false, true, false, false]","[""C001200""]"
C001210,single_flip,[5],[],1,7,True,multiple_candidates,1,0,"[null, null, null, false, null, null, null]","[""C000200"", ""C001000"", ""C001200"", ""C001201"", ""C001210"", ""C011200"", ""C101200""]"
C001210,single_flip,[6],[],0,1,False,compatibility_unresolved,7,1,"[false, false, true, false, true, true, true]","[""C001211""]"
C001210,single_flip,[6],[],1,7,True,multiple_candidates,1,0,"[null, null, null, false, null, null, null]","[""C000211"", ""C001011"", ""C001201"", ""C001210"", ""C001211"", ""C011211"", ""C101211""]"
C001210,single_missing,[],[0],0,2,True,multiple_candidates,6,0,"[null, false, true, false, true, true, false]","[""C001210"", ""C101210""]"
C001210,single_missing,[],[0],1,11,True,multiple_candidates,1,0,"[null, null, null, false, null, null, null]","[""C000210"", ""C001010"", ""C001200"", ""C001210"", ""C001211"", ""C011210"", ""C100210"", ""C101010"", ""C101200"", ""C101210"", ""C101211""]"
C001210,single_missing,[],[1],0,2,True,multiple_candidates,6,0,"[false, null, true, false, true, true, false]","[""C001210"", ""C011210""]"
C001210,single_missing,[],[1],1,11,True,multiple_candidates,1,0,"[null, null, null, false, null, null, null]","[""C000210"", ""C001010"", ""C001200"", ""C001210"", ""C001211"", ""C010210"", ""C011010"", ""C011200"", ""C011210"", ""C011211"", ""C101210""]"
C001210,single_missing,[],[2],0,2,True,multiple_candidates,6,0,"[false, false, null, false, true, true, false]","[""C000210"", ""C001210""]"
C001210,single_missing,[],[2],1,12,True,multiple_candidates,1,0,"[null, null, null, false, null, null, null]","[""C000010"", ""C000200"", ""C000210"", ""C000211"", ""C001010"", ""C001200"", ""C001210"", ""C001211"", ""C010210"", ""C011210"", ""C100210"", ""C101210""]"
C001210,single_missing,[],[3],0,1,True,single_geometry_conditional,7,0,"[false, false, true, false, true, true, false]","[""C001210""]"
C001210,single_missing,[],[3],1,7,True,multiple_candidates,1,0,"[null, null, null, false, null, null, null]","[""C000210"", ""C001010"", ""C001200"", ""C001210"", ""C001211"", ""C011210"", ""C101210""]"
C001210,single_missing,[],[4],0,2,True,multiple_candidates,6,0,"[false, false, true, false, null, true, false]","[""C001010"", ""C001210""]"
C001210,single_missing,[],[4],1,12,True,multiple_candidates,1,0,"[null, null, null, false, null, null, null]","[""C000010"", ""C000210"", ""C001000"", ""C001010"", ""C001011"", ""C001200"", ""C001210"", ""C001211"", ""C011010"", ""C011210"", ""C101010"", ""C101210""]"
C001210,single_missing,[],[5],0,2,True,multiple_candidates,6,0,"[false, false, true, false, true, null, false]","[""C001200"", ""C001210""]"
C001210,single_missing,[],[5],1,12,True,multiple_candidates,1,0,"[null, null, null, false, null, null, null]","[""C000200"", ""C000210"", ""C001000"", ""C001010"", ""C001200"", ""C001201"", ""C001210"", ""C001211"", ""C011200"", ""C011210"", ""C101200"", ""C101210""]"
C001210,single_missing,[],[6],0,2,True,multiple_candidates,6,0,"[false, false, true, false, true, true, null]","[""C001210"", ""C001211""]"
C001210,single_missing,[],[6],1,12,True,multiple_candidates,1,0,"[null, null, null, false, null, null, null]","[""C000210"", ""C000211"", ""C001010"", ""C001011"", ""C001200"", ""C001201"", ""C001210"", ""C001211"", ""C011210"", ""C011211"", ""C101210"", ""C101211""]"
C001210,double_distinct_flip,"[0, 1]",[],0,0,False,no_feasible_candidate,0,0,"[null, null, null, null, null, null, null]",[]
C001210,double_distinct_flip,"[0, 1]",[],1,3,False,multiple_candidates,4,0,"[null, null, null, false, true, true, false]","[""C011210"", ""C101210"", ""C110210""]"
C001210,double_distinct_flip,"[0, 2]",[],0,1,False,single_geometry_conditional,7,2,"[true, false, false, false, true, true, false]","[""C100210""]"
C001210,double_distinct_flip,"[0, 2]",[],1,7,False,multiple_candidates,1,0,"[null, null, null, false, null, null, null]","[""C000210"", ""C100010"", ""C100200"", ""C100210"", ""C100211"", ""C101210"", ""C110210""]"
C001210,double_distinct_flip,"[0, 3]",[],0,0,False,no_feasible_candidate,0,0,"[null, null, null, null, null, null, null]",[]
C001210,double_distinct_flip,"[0, 3]",[],1,1,False,single_geometry_conditional,7,1,"[true, false, true, false, true, true, false]","[""C101210""]"
C001210,double_distinct_flip,"[0, 4]",[],0,1,False,single_geometry_conditional,7,2,"[true, false, true, false, false, true, false]","[""C101010""]"
C001210,double_distinct_flip,"[0, 4]",[],1,6,False,multiple_candidates,2,0,"[null, false, null, false, null, null, null]","[""C001010"", ""C100010"", ""C101000"", ""C101010"", ""C101011"", ""C101210""]"
C001210,double_distinct_flip,"[0, 5]",[],0,1,False,single_geometry_conditional,7,2,"[true, false, true, false, true, false, false]","[""C101200""]"
C001210,double_distinct_flip,"[0, 5]",[],1,6,False,multiple_candidates,2,0,"[null, false, null, false, null, null, null]","[""C001200"", ""C100200"", ""C101000"", ""C101200"", ""C101201"", ""C101210""]"
C001210,double_distinct_flip,"[0, 6]",[],0,1,False,compatibility_unresolved,7,2,"[true, false, true, false, true, true, true]","[""C101211""]"
C001210,double_distinct_flip,"[0, 6]",[],1,6,False,multiple_candidates,2,0,"[null, false, null, false, null, null, null]","[""C001211"", ""C100211"", ""C101011"", ""C101201"", ""C101210"", ""C101211""]"
C001210,double_distinct_flip,"[1, 2]",[],0,1,False,single_geometry_conditional,7,2,"[false, true, false, false, true, true, false]","[""C010210""]"
C001210,double_distinct_flip,"[1, 2]",[],1,7,False,multiple_candidates,1,0,"[null, null, null, false, null, null, null]","[""C000210"", ""C010010"", ""C010200"", ""C010210"", ""C010211"", ""C011210"", ""C110210""]"
C001210,double_distinct_flip,"[1, 3]",[],0,0,False,no_feasible_candidate,0,0,"[null, null, null, null, null, null, null]",[]
C001210,double_distinct_flip,"[1, 3]",[],1,1,False,single_geometry_conditional,7,1,"[false, true, true, false, true, true, false]","[""C011210""]"
C001210,double_distinct_flip,"[1, 4]",[],0,1,False,single_geometry_conditional,7,2,"[false, true, true, false, false, true, false]","[""C011010""]"
C001210,double_distinct_flip,"[1, 4]",[],1,6,False,multiple_candidates,2,0,"[false, null, null, false, null, null, null]","[""C001010"", ""C010010"", ""C011000"", ""C011010"", ""C011011"", ""C011210""]"
C001210,double_distinct_flip,"[1, 5]",[],0,1,False,single_geometry_conditional,7,2,"[false, true, true, false, true, false, false]","[""C011200""]"
C001210,double_distinct_flip,"[1, 5]",[],1,6,False,multiple_candidates,2,0,"[false, null, null, false, null, null, null]","[""C001200"", ""C010200"", ""C011000"", ""C011200"", ""C011201"", ""C011210""]"
C001210,double_distinct_flip,"[1, 6]",[],0,1,False,compatibility_unresolved,7,2,"[false, true, true, false, true, true, true]","[""C011211""]"
C001210,double_distinct_flip,"[1, 6]",[],1,6,False,multiple_candidates,2,0,"[false, null, null, false, null, null, null]","[""C001211"", ""C010211"", ""C011011"", ""C011201"", ""C011210"", ""C011211""]"
C001210,double_distinct_flip,"[2, 3]",[],0,0,False,no_feasible_candidate,0,0,"[null, null, null, null, null, null, null]",[]
C001210,double_distinct_flip,"[2, 3]",[],1,1,False,single_geometry_conditional,7,1,"[false, false, false, false, true, true, false]","[""C000210""]"
C001210,double_distinct_flip,"[2, 4]",[],0,1,False,single_geometry_conditional,7,2,"[false, false, false, false, false, true, false]","[""C000010""]"
C001210,double_distinct_flip,"[2, 4]",[],1,7,False,multiple_candidates,1,0,"[null, null, null, false, null, null, null]","[""C000000"", ""C000010"", ""C000011"", ""C000210"", ""C001010"", ""C010010"", ""C100010""]"
C001210,double_distinct_flip,"[2, 5]",[],0,1,False,single_geometry_conditional,7,2,"[false, false, false, false, true, false, false]","[""C000200""]"
C001210,double_distinct_flip,"[2, 5]",[],1,7,False,multiple_candidates,1,0,"[null, null, null, false, null, null, null]","[""C000000"", ""C000200"", ""C000201"", ""C000210"", ""C001200"", ""C010200"", ""C100200""]"
C001210,double_distinct_flip,"[2, 6]",[],0,1,False,single_geometry_conditional,7,2,"[false, false, false, false, true, true, true]","[""C000211""]"
C001210,double_distinct_flip,"[2, 6]",[],1,7,False,multiple_candidates,1,0,"[null, null, null, false, null, null, null]","[""C000011"", ""C000201"", ""C000210"", ""C000211"", ""C001211"", ""C010211"", ""C100211""]"
C001210,double_distinct_flip,"[3, 4]",[],0,0,False,no_feasible_candidate,0,0,"[null, null, null, null, null, null, null]",[]
C001210,double_distinct_flip,"[3, 4]",[],1,2,False,multiple_candidates,5,1,"[false, false, true, null, false, null, false]","[""C001010"", ""C001100""]"
C001210,double_distinct_flip,"[3, 5]",[],0,0,False,no_feasible_candidate,0,0,"[null, null, null, null, null, null, null]",[]
C001210,double_distinct_flip,"[3, 5]",[],1,2,False,multiple_candidates,5,1,"[false, false, true, null, null, false, false]","[""C001100"", ""C001200""]"
C001210,double_distinct_flip,"[3, 6]",[],0,0,False,no_feasible_candidate,0,0,"[null, null, null, null, null, null, null]",[]
C001210,double_distinct_flip,"[3, 6]",[],1,1,False,compatibility_unresolved,7,1,"[false, false, true, false, true, true, true]","[""C001211""]"
C001210,double_distinct_flip,"[4, 5]",[],0,1,False,single_geometry_conditional,7,2,"[false, false, true, false, false, false, false]","[""C001000""]"
C001210,double_distinct_flip,"[4, 5]",[],1,8,False,multiple_candidates,0,0,"[null, null, null, null, null, null, null]","[""C000000"", ""C001000"", ""C001001"", ""C001010"", ""C001100"", ""C001200"", ""C011000"", ""C101000""]"
C001210,double_distinct_flip,"[4, 6]",[],0,1,False,compatibility_unresolved,7,2,"[false, false, true, false, false, true, true]","[""C001011""]"
C001210,double_distinct_flip,"[4, 6]",[],1,7,False,multiple_candidates,1,0,"[null, null, null, false, null, null, null]","[""C000011"", ""C001001"", ""C001010"", ""C001011"", ""C001211"", ""C011011"", ""C101011""]"
C001210,double_distinct_flip,"[5, 6]",[],0,1,False,compatibility_unresolved,7,2,"[false, false, true, false, true, false, true]","[""C001201""]"
C001210,double_distinct_flip,"[5, 6]",[],1,7,False,multiple_candidates,1,0,"[null, null, null, false, null, null, null]","[""C000201"", ""C001001"", ""C001200"", ""C001201"", ""C001211"", ""C011201"", ""C101201""]"
C001211,clean,[],[],0,1,True,compatibility_unresolved,7,0,"[false, false, true, false, true, true, true]","[""C001211""]"
C001211,clean,[],[],1,7,True,multiple_candidates,1,0,"[null, null, null, false, null, null, null]","[""C000211"", ""C001011"", ""C001201"", ""C001210"", ""C001211"", ""C011211"", ""C101211""]"
C001211,single_flip,[0],[],0,1,False,compatibility_unresolved,7,1,"[true, false, true, false, true, true, true]","[""C101211""]"
C001211,single_flip,[0],[],1,6,True,multiple_candidates,2,0,"[null, false, null, false, null, null, null]","[""C001211"", ""C100211"", ""C101011"", ""C101201"", ""C101210"", ""C101211""]"
C001211,single_flip,[1],[],0,1,False,compatibility_unresolved,7,1,"[false, true, true, false, true, true, true]","[""C011211""]"
C001211,single_flip,[1],[],1,6,True,multiple_candidates,2,0,"[false, null, null, false, null, null, null]","[""C001211"", ""C010211"", ""C011011"", ""C011201"", ""C011210"", ""C011211""]"
C001211,single_flip,[2],[],0,1,False,single_geometry_conditional,7,1,"[false, false, false, false, true, true, true]","[""C000211""]"
C001211,single_flip,[2],[],1,7,True,multiple_candidates,1,0,"[null, null, null, false, null, null, null]","[""C000011"", ""C000201"", ""C000210"", ""C000211"", ""C001211"", ""C010211"", ""C100211""]"
C001211,single_flip,[3],[],0,0,False,no_feasible_candidate,0,0,"[null, null, null, null, null, null, null]",[]
C001211,single_flip,[3],[],1,1,True,compatibility_unresolved,7,0,"[false, false, true, false, true, true, true]","[""C001211""]"
C001211,single_flip,[4],[],0,1,False,compatibility_unresolved,7,1,"[false, false, true, false, false, true, true]","[""C001011""]"
C001211,single_flip,[4],[],1,7,True,multiple_candidates,1,0,"[null, null, null, false, null, null, null]","[""C000011"", ""C001001"", ""C001010"", ""C001011"", ""C001211"", ""C011011"", ""C101011""]"
C001211,single_flip,[5],[],0,1,False,compatibility_unresolved,7,1,"[false, false, true, false, true, false, true]","[""C001201""]"
C001211,single_flip,[5],[],1,7,True,multiple_candidates,1,0,"[null, null, null, false, null, null, null]","[""C000201"", ""C001001"", ""C001200"", ""C001201"", ""C001211"", ""C011201"", ""C101201""]"
C001211,single_flip,[6],[],0,1,False,single_geometry_conditional,7,1,"[false, false, true, false, true, true, false]","[""C001210""]"
C001211,single_flip,[6],[],1,7,True,multiple_candidates,1,0,"[null, null, null, false, null, null, null]","[""C000210"", ""C001010"", ""C001200"", ""C001210"", ""C001211"", ""C011210"", ""C101210""]"
C001211,single_missing,[],[0],0,2,True,multiple_candidates,6,0,"[null, false, true, false, true, true, true]","[""C001211"", ""C101211""]"
C001211,single_missing,[],[0],1,11,True,multiple_candidates,1,0,"[null, null, null, false, null, null, null]","[""C000211"", ""C001011"", ""C001201"", ""C001210"", ""C001211"", ""C011211"", ""C100211"", ""C101011"", ""C101201"", ""C101210"", ""C101211""]"
C001211,single_missing,[],[1],0,2,True,multiple_candidates,6,0,"[false, null, true, false, true, true, true]","[""C001211"", ""C011211""]"
C001211,single_missing,[],[1],1,11,True,multiple_candidates,1,0,"[null, null, null, false, null, null, null]","[""C000211"", ""C001011"", ""C001201"", ""C001210"", ""C001211"", ""C010211"", ""C011011"", ""C011201"", ""C011210"", ""C011211"", ""C101211""]"
C001211,single_missing,[],[2],0,2,True,multiple_candidates,6,0,"[false, false, null, false, true, true, true]","[""C000211"", ""C001211""]"
C001211,single_missing,[],[2],1,12,True,multiple_candidates,1,0,"[null, null, null, false, null, null, null]","[""C000011"", ""C000201"", ""C000210"", ""C000211"", ""C001011"", ""C001201"", ""C001210"", ""C001211"", ""C010211"", ""C011211"", ""C100211"", ""C101211""]"
C001211,single_missing,[],[3],0,1,True,compatibility_unresolved,7,0,"[false, false, true, false, true, true, true]","[""C001211""]"
C001211,single_missing,[],[3],1,7,True,multiple_candidates,1,0,"[null, null, null, false, null, null, null]","[""C000211"", ""C001011"", ""C001201"", ""C001210"", ""C001211"", ""C011211"", ""C101211""]"
C001211,single_missing,[],[4],0,2,True,multiple_candidates,6,0,"[false, false, true, false, null, true, true]","[""C001011"", ""C001211""]"
C001211,single_missing,[],[4],1,12,True,multiple_candidates,1,0,"[null, null, null, false, null, null, null]","[""C000011"", ""C000211"", ""C001001"", ""C001010"", ""C001011"", ""C001201"", ""C001210"", ""C001211"", ""C011011"", ""C011211"", ""C101011"", ""C101211""]"
C001211,single_missing,[],[5],0,2,True,multiple_candidates,6,0,"[false, false, true, false, true, null, true]","[""C001201"", ""C001211""]"
C001211,single_missing,[],[5],1,12,True,multiple_candidates,1,0,"[null, null, null, false, null, null, null]","[""C000201"", ""C000211"", ""C001001"", ""C001011"", ""C001200"", ""C001201"", ""C001210"", ""C001211"", ""C011201"", ""C011211"", ""C101201"", ""C101211""]"
C001211,single_missing,[],[6],0,2,True,multiple_candidates,6,0,"[false, false, true, false, true, true, null]","[""C001210"", ""C001211""]"
C001211,single_missing,[],[6],1,12,True,multiple_candidates,1,0,"[null, null, null, false, null, null, null]","[""C000210"", ""C000211"", ""C001010"", ""C001011"", ""C001200"", ""C001201"", ""C001210"", ""C001211"", ""C011210"", ""C011211"", ""C101210"", ""C101211""]"
C001211,double_distinct_flip,"[0, 1]",[],0,0,False,no_feasible_candidate,0,0,"[null, null, null, null, null, null, null]",[]
C001211,double_distinct_flip,"[0, 1]",[],1,3,False,multiple_candidates,4,0,"[null, null, null, false, true, true, true]","[""C011211"", ""C101211"", ""C110211""]"
C001211,double_distinct_flip,"[0, 2]",[],0,1,False,single_geometry_conditional,7,2,"[true, false, false, false, true, true, true]","[""C100211""]"
C001211,double_distinct_flip,"[0, 2]",[],1,7,False,multiple_candidates,1,0,"[null, null, null, false, null, null, null]","[""C000211"", ""C100011"", ""C100201"", ""C100210"", ""C100211"", ""C101211"", ""C110211""]"
C001211,double_distinct_flip,"[0, 3]",[],0,0,False,no_feasible_candidate,0,0,"[null, null, null, null, null, null, null]",[]
C001211,double_distinct_flip,"[0, 3]",[],1,1,False,compatibility_unresolved,7,1,"[true, false, true, false, true, true, true]","[""C101211""]"
C001211,double_distinct_flip,"[0, 4]",[],0,1,False,compatibility_unresolved,7,2,"[true, false, true, false, false, true, true]","[""C101011""]"
C001211,double_distinct_flip,"[0, 4]",[],1,6,False,multiple_candidates,2,0,"[null, false, null, false, null, null, null]","[""C001011"", ""C100011"", ""C101001"", ""C101010"", ""C101011"", ""C101211""]"
C001211,double_distinct_flip,"[0, 5]",[],0,1,False,compatibility_unresolved,7,2,"[true, false, true, false, true, false, true]","[""C101201""]"
C001211,double_distinct_flip,"[0, 5]",[],1,6,False,multiple_candidates,2,0,"[null, false, null, false, null, null, null]","[""C001201"", ""C100201"", ""C101001"", ""C101200"", ""C101201"", ""C101211""]"
C001211,double_distinct_flip,"[0, 6]",[],0,1,False,single_geometry_conditional,7,2,"[true, false, true, false, true, true, false]","[""C101210""]"
C001211,double_distinct_flip,"[0, 6]",[],1,6,False,multiple_candidates,2,0,"[null, false, null, false, null, null, null]","[""C001210"", ""C100210"", ""C101010"", ""C101200"", ""C101210"", ""C101211""]"
C001211,double_distinct_flip,"[1, 2]",[],0,1,False,single_geometry_conditional,7,2,"[false, true, false, false, true, true, true]","[""C010211""]"
C001211,double_distinct_flip,"[1, 2]",[],1,7,False,multiple_candidates,1,0,"[null, null, null, false, null, null, null]","[""C000211"", ""C010011"", ""C010201"", ""C010210"", ""C010211"", ""C011211"", ""C110211""]"
C001211,double_distinct_flip,"[1, 3]",[],0,0,False,no_feasible_candidate,0,0,"[null, null, null, null, null, null, null]",[]
C001211,double_distinct_flip,"[1, 3]",[],1,1,False,compatibility_unresolved,7,1,"[false, true, true, false, true, true, true]","[""C011211""]"
C001211,double_distinct_flip,"[1, 4]",[],0,1,False,compatibility_unresolved,7,2,"[false, true, true, false, false, true, true]","[""C011011""]"
C001211,double_distinct_flip,"[1, 4]",[],1,6,False,multiple_candidates,2,0,"[false, null, null, false, null, null, null]","[""C001011"", ""C010011"", ""C011001"", ""C011010"", ""C011011"", ""C011211""]"
C001211,double_distinct_flip,"[1, 5]",[],0,1,False,compatibility_unresolved,7,2,"[false, true, true, false, true, false, true]","[""C011201""]"
C001211,double_distinct_flip,"[1, 5]",[],1,6,False,multiple_candidates,2,0,"[false, null, null, false, null, null, null]","[""C001201"", ""C010201"", ""C011001"", ""C011200"", ""C011201"", ""C011211""]"
C001211,double_distinct_flip,"[1, 6]",[],0,1,False,single_geometry_conditional,7,2,"[false, true, true, false, true, true, false]","[""C011210""]"
C001211,double_distinct_flip,"[1, 6]",[],1,6,False,multiple_candidates,2,0,"[false, null, null, false, null, null, null]","[""C001210"", ""C010210"", ""C011010"", ""C011200"", ""C011210"", ""C011211""]"
C001211,double_distinct_flip,"[2, 3]",[],0,0,False,no_feasible_candidate,0,0,"[null, null, null, null, null, null, null]",[]
C001211,double_distinct_flip,"[2, 3]",[],1,1,False,single_geometry_conditional,7,1,"[false, false, false, false, true, true, true]","[""C000211""]"
C001211,double_distinct_flip,"[2, 4]",[],0,1,False,single_geometry_conditional,7,2,"[false, false, false, false, false, true, true]","[""C000011""]"
C001211,double_distinct_flip,"[2, 4]",[],1,7,False,multiple_candidates,1,0,"[null, null, null, false, null, null, null]","[""C000001"", ""C000010"", ""C000011"", ""C000211"", ""C001011"", ""C010011"", ""C100011""]"
C001211,double_distinct_flip,"[2, 5]",[],0,1,False,single_geometry_conditional,7,2,"[false, false, false, false, true, false, true]","[""C000201""]"
C001211,double_distinct_flip,"[2, 5]",[],1,7,False,multiple_candidates,1,0,"[null, null, null, false, null, null, null]","[""C000001"", ""C000200"", ""C000201"", ""C000211"", ""C001201"", ""C010201"", ""C100201""]"
C001211,double_distinct_flip,"[2, 6]",[],0,1,False,single_geometry_conditional,7,2,"[false, false, false, false, true, true, false]","[""C000210""]"
C001211,double_distinct_flip,"[2, 6]",[],1,7,False,multiple_candidates,1,0,"[null, null, null, false, null, null, null]","[""C000010"", ""C000200"", ""C000210"", ""C000211"", ""C001210"", ""C010210"", ""C100210""]"
C001211,double_distinct_flip,"[3, 4]",[],0,0,False,no_feasible_candidate,0,0,"[null, null, null, null, null, null, null]",[]
C001211,double_distinct_flip,"[3, 4]",[],1,2,False,multiple_candidates,5,1,"[false, false, true, null, false, null, true]","[""C001011"", ""C001101""]"
C001211,double_distinct_flip,"[3, 5]",[],0,0,False,no_feasible_candidate,0,0,"[null, null, null, null, null, null, null]",[]
C001211,double_distinct_flip,"[3, 5]",[],1,2,False,multiple_candidates,5,1,"[false, false, true, null, null, false, true]","[""C001101"", ""C001201""]"
C001211,double_distinct_flip,"[3, 6]",[],0,0,False,no_feasible_candidate,0,0,"[null, null, null, null, null, null, null]",[]
C001211,double_distinct_flip,"[3, 6]",[],1,1,False,single_geometry_conditional,7,1,"[false, false, true, false, true, true, false]","[""C001210""]"
C001211,double_distinct_flip,"[4, 5]",[],0,1,False,compatibility_unresolved,7,2,"[false, false, true, false, false, false, true]","[""C001001""]"
C001211,double_distinct_flip,"[4, 5]",[],1,8,False,multiple_candidates,0,0,"[null, null, null, null, null, null, null]","[""C000001"", ""C001000"", ""C001001"", ""C001011"", ""C001101"", ""C001201"", ""C011001"", ""C101001""]"
C001211,double_distinct_flip,"[4, 6]",[],0,1,False,single_geometry_conditional,7,2,"[false, false, true, false, false, true, false]","[""C001010""]"
C001211,double_distinct_flip,"[4, 6]",[],1,7,False,multiple_candidates,1,0,"[null, null, null, false, null, null, null]","[""C000010"", ""C001000"", ""C001010"", ""C001011"", ""C001210"", ""C011010"", ""C101010""]"
C001211,double_distinct_flip,"[5, 6]",[],0,1,False,single_geometry_conditional,7,2,"[false, false, true, false, true, false, false]","[""C001200""]"
C001211,double_distinct_flip,"[5, 6]",[],1,7,False,multiple_candidates,1,0,"[null, null, null, false, null, null, null]","[""C000200"", ""C001000"", ""C001200"", ""C001201"", ""C001210"", ""C011200"", ""C101200""]"
C010000,clean,[],[],0,1,True,single_geometry_conditional,7,0,"[false, true, false, false, false, false, false]","[""C010000""]"
C010000,clean,[],[],1,8,True,multiple_candidates,0,0,"[null, null, null, null, null, null, null]","[""C000000"", ""C010000"", ""C010001"", ""C010010"", ""C010100"", ""C010200"", ""C011000"", ""C110000""]"
C010000,single_flip,[0],[],0,1,False,single_geometry_conditional,7,1,"[true, true, false, false, false, false, false]","[""C110000""]"
C010000,single_flip,[0],[],1,7,True,multiple_candidates,1,0,"[null, null, false, null, null, null, null]","[""C010000"", ""C100000"", ""C110000"", ""C110001"", ""C110010"", ""C110100"", ""C110200""]"
C010000,single_flip,[1],[],0,1,False,single_geometry_conditional,7,1,"[false, false, false, false, false, false, false]","[""C000000""]"
C010000,single_flip,[1],[],1,8,True,multiple_candidates,0,0,"[null, null, null, null, null, null, null]","[""C000000"", ""C000001"", ""C000010"", ""C000100"", ""C000200"", ""C001000"", ""C010000"", ""C100000""]"
C010000,single_flip,[2],[],0,1,False,single_geometry_conditional,7,1,"[false, true, true, false, false, false, false]","[""C011000""]"
C010000,single_flip,[2],[],1,7,True,multiple_candidates,1,0,"[false, null, null, null, null, null, null]","[""C001000"", ""C010000"", ""C011000"", ""C011001"", ""C011010"", ""C011100"", ""C011200""]"
C010000,single_flip,[3],[],0,1,False,single_geometry_conditional,7,1,"[false, true, false, true, false, false, false]","[""C010100""]"
C010000,single_flip,[3],[],1,6,True,multiple_candidates,2,0,"[null, null, null, null, false, false, null]","[""C000100"", ""C010000"", ""C010100"", ""C010101"", ""C011100"", ""C110100""]"
C010000,single_flip,[4],[],0,1,False,single_geometry_conditional,7,1,"[false, true, false, false, true, false, false]","[""C010200""]"
C010000,single_flip,[4],[],1,7,True,multiple_candidates,1,0,"[null, null, null, false, null, null, null]","[""C000200"", ""C010000"", ""C010200"", ""C010201"", ""C010210"", ""C011200"", ""C110200""]"
C010000,single_flip,[5],[],0,1,False,single_geometry_conditional,7,1,"[false, true, false, false, false, true, false]","[""C010010""]"
C010000,single_flip,[5],[],1,7,True,multiple_candidates,1,0,"[null, null, null, false, null, null, null]","[""C000010"", ""C010000"", ""C010010"", ""C010011"", ""C010210"", ""C011010"", ""C110010""]"
C010000,single_flip,[6],[],0,1,False,single_geometry_conditional,7,1,"[false, true, false, false, false, false, true]","[""C010001""]"
C010000,single_flip,[6],[],1,8,True,multiple_candidates,0,0,"[null, null, null, null, null, null, null]","[""C000001"", ""C010000"", ""C010001"", ""C010011"", ""C010101"", ""C010201"", ""C011001"", ""C110001""]"
C010000,single_missing,[],[0],0,2,True,multiple_candidates,6,0,"[null, true, false, false, false, false, false]","[""C010000"", ""C110000""]"
C010000,single_missing,[],[0],1,13,True,multiple_candidates,0,0,"[null, null, null, null, null, null, null]","[""C000000"", ""C010000"", ""C010001"", ""C010010"", ""C010100"", ""C010200"", ""C011000"", ""C100000"", ""C110000"", ""C110001"", ""C110010"", ""C110100"", ""C110200""]"
C010000,single_missing,[],[1],0,2,True,multiple_candidates,6,0,"[false, null, false, false, false, false, false]","[""C000000"", ""C010000""]"
C010000,single_missing,[],[1],1,14,True,multiple_candidates,0,0,"[null, null, null, null, null, null, null]","[""C000000"", ""C000001"", ""C000010"", ""C000100"", ""C000200"", ""C001000"", ""C010000"", ""C010001"", ""C010010"", ""C010100"", ""C010200"", ""C011000"", ""C100000"", ""C110000""]"
C010000,single_missing,[],[2],0,2,True,multiple_candidates,6,0,"[false, true, null, false, false, false, false]","[""C010000"", ""C011000""]"
C010000,single_missing,[],[2],1,13,True,multiple_candidates,0,0,"[null, null, null, null, null, null, null]","[""C000000"", ""C001000"", ""C010000"", ""C010001"", ""C010010"", ""C010100"", ""C010200"", ""C011000"", ""C011001"", ""C011010"", ""C011100"", ""C011200"", ""C110000""]"
C010000,single_missing,[],[3],0,2,True,multiple_candidates,6,0,"[false, true, false, null, false, false, false]","[""C010000"", ""C010100""]"
C010000,single_missing,[],[3],1,12,True,multiple_candidates,0,0,"[null, null, null, null, null, null, null]","[""C000000"", ""C000100"", ""C010000"", ""C010001"", ""C010010"", ""C010100"", ""C010101"", ""C010200"", ""C011000"", ""C011100"", ""C110000"", ""C110100""]"
C010000,single_missing,[],[4],0,2,True,multiple_candidates,6,0,"[false, true, false, false, null, false, false]","[""C010000"", ""C010200""]"
C010000,single_missing,[],[4],1,13,True,multiple_candidates,0,0,"[null, null, null, null, null, null, null]","[""C000000"", ""C000200"", ""C010000"", ""C010001"", ""C010010"", ""C010100"", ""C010200"", ""C010201"", ""C010210"", ""C011000"", ""C011200"", ""C110000"", ""C110200""]"
C010000,single_missing,[],[5],0,2,True,multiple_candidates,6,0,"[false, true, false, false, false, null, false]","[""C010000"", ""C010010""]"
C010000,single_missing,[],[5],1,13,True,multiple_candidates,0,0,"[null, null, null, null, null, null, null]","[""C000000"", ""C000010"", ""C010000"", ""C010001"", ""C010010"", ""C010011"", ""C010100"", ""C010200"", ""C010210"", ""C011000"", ""C011010"", ""C110000"", ""C110010""]"
C010000,single_missing,[],[6],0,2,True,multiple_candidates,6,0,"[false, true, false, false, false, false, null]","[""C010000"", ""C010001""]"
C010000,single_missing,[],[6],1,14,True,multiple_candidates,0,0,"[null, null, null, null, null, null, null]","[""C000000"", ""C000001"", ""C010000"", ""C010001"", ""C010010"", ""C010011"", ""C010100"", ""C010101"", ""C010200"", ""C010201"", ""C011000"", ""C011001"", ""C110000"", ""C110001""]"
C010000,double_distinct_flip,"[0, 1]",[],0,1,False,single_geometry_conditional,7,2,"[true, false, false, false, false, false, false]","[""C100000""]"
C010000,double_distinct_flip,"[0, 1]",[],1,8,False,multiple_candidates,0,0,"[null, null, null, null, null, null, null]","[""C000000"", ""C100000"", ""C100001"", ""C100010"", ""C100100"", ""C100200"", ""C101000"", ""C110000""]"
C010000,double_distinct_flip,"[0, 2]",[],0,0,False,no_feasible_candidate,0,0,"[null, null, null, null, null, null, null]",[]
C010000,double_distinct_flip,"[0, 2]",[],1,3,False,multiple_candidates,4,0,"[null, null, null, false, false, false, false]","[""C011000"", ""C101000"", ""C110000""]"
C010000,double_distinct_flip,"[0, 3]",[],0,1,False,single_geometry_conditional,7,2,"[true, true, false, true, false, false, false]","[""C110100""]"
C010000,double_distinct_flip,"[0, 3]",[],1,5,False,multiple_candidates,3,0,"[null, null, false, null, false, false, null]","[""C010100"", ""C100100"", ""C110000"", ""C110100"", ""C110101""]"
C010000,double_distinct_flip,"[0, 4]",[],0,1,False,single_geometry_conditional,7,2,"[true, true, false, false, true, false, false]","[""C110200""]"
C010000,double_distinct_flip,"[0, 4]",[],1,6,False,multiple_candidates,2,0,"[null, null, false, false, null, null, null]","[""C010200"", ""C100200"", ""C110000"", ""C110200"", ""C110201"", ""C110210""]"
C010000,double_distinct_flip,"[0, 5]",[],0,1,False,single_geometry_conditional,7,2,"[true, true, false, false, false, true, false]","[""C110010""]"
C010000,double_distinct_flip,"[0, 5]",[],1,6,False,multiple_candidates,2,0,"[null, null, false, false, null, null, null]","[""C010010"", ""C100010"", ""C110000"", ""C110010"", ""C110011"", ""C110210""]"
C010000,double_distinct_flip,"[0, 6]",[],0,1,False,single_geometry_conditional,7,2,"[true, true, false, false, false, false, true]","[""C110001""]"
C010000,double_distinct_flip,"[0, 6]",[],1,7,False,multiple_candidates,1,0,"[null, null, false, null, null, null, null]","[""C010001"", ""C100001"", ""C110000"", ""C110001"", ""C110011"", ""C110101"", ""C110201""]"
C010000,double_distinct_flip,"[1, 2]",[],0,1,False,single_geometry_conditional,7,2,"[false, false, true, false, false, false, false]","[""C001000""]"
C010000,double_distinct_flip,"[1, 2]",[],1,8,False,multiple_candidates,0,0,"[null, null, null, null, null, null, null]","[""C000000"", ""C001000"", ""C001001"", ""C001010"", ""C001100"", ""C001200"", ""C011000"", ""C101000""]"
C010000,double_distinct_flip,"[1, 3]",[],0,1,False,single_geometry_conditional,7,2,"[false, false, false, true, false, false, false]","[""C000100""]"
C010000,double_distinct_flip,"[1, 3]",[],1,6,False,multiple_candidates,2,0,"[null, null, null, null, false, false, null]","[""C000000"", ""C000100"", ""C000101"", ""C001100"", ""C010100"", ""C100100""]"
C010000,double_distinct_flip,"[1, 4]",[],0,1,False,single_geometry_conditional,7,2,"[false, false, false, false, true, false, false]","[""C000200""]"
C010000,double_distinct_flip,"[1, 4]",[],1,7,False,multiple_candidates,1,0,"[null, null, null, false, null, null, null]","[""C000000"", ""C000200"", ""C000201"", ""C000210"", ""C001200"", ""C010200"", ""C100200""]"
C010000,double_distinct_flip,"[1, 5]",[],0,1,False,single_geometry_conditional,7,2,"[false, false, false, false, false, true, false]","[""C000010""]"
C010000,double_distinct_flip,"[1, 5]",[],1,7,False,multiple_candidates,1,0,"[null, null, null, false, null, null, null]","[""C000000"", ""C000010"", ""C000011"", ""C000210"", ""C001010"", ""C010010"", ""C100010""]"
C010000,double_distinct_flip,"[1, 6]",[],0,1,False,single_geometry_conditional,7,2,"[false, false, false, false, false, false, true]","[""C000001""]"
C010000,double_distinct_flip,"[1, 6]",[],1,8,False,multiple_candidates,0,0,"[null, null, null, null, null, null, null]","[""C000000"", ""C000001"", ""C000011"", ""C000101"", ""C000201"", ""C001001"", ""C010001"", ""C100001""]"
C010000,double_distinct_flip,"[2, 3]",[],0,1,False,single_geometry_conditional,7,2,"[false, true, true, true, false, false, false]","[""C011100""]"
C010000,double_distinct_flip,"[2, 3]",[],1,5,False,multiple_candidates,3,0,"[false, null, null, null, false, false, null]","[""C001100"", ""C010100"", ""C011000"", ""C011100"", ""C011101""]"
C010000,double_distinct_flip,"[2, 4]",[],0,1,False,single_geometry_conditional,7,2,"[false, true, true, false, true, false, false]","[""C011200""]"
C010000,double_distinct_flip,"[2, 4]",[],1,6,False,multiple_candidates,2,0,"[false, null, null, false, null, null, null]","[""C001200"", ""C010200"", ""C011000"", ""C011200"", ""C011201"", ""C011210""]"
C010000,double_distinct_flip,"[2, 5]",[],0,1,False,single_geometry_conditional,7,2,"[false, true, true, false, false, true, false]","[""C011010""]"
C010000,double_distinct_flip,"[2, 5]",[],1,6,False,multiple_candidates,2,0,"[false, null, null, false, null, null, null]","[""C001010"", ""C010010"", ""C011000"", ""C011010"", ""C011011"", ""C011210""]"
C010000,double_distinct_flip,"[2, 6]",[],0,1,False,compatibility_unresolved,7,2,"[false, true, true, false, false, false, true]","[""C011001""]"
C010000,double_distinct_flip,"[2, 6]",[],1,7,False,multiple_candidates,1,0,"[false, null, null, null, null, null, null]","[""C001001"", ""C010001"", ""C011000"", ""C011001"", ""C011011"", ""C011101"", ""C011201""]"
C010000,double_distinct_flip,"[3, 4]",[],0,0,False,no_feasible_candidate,0,0,"[null, null, null, null, null, null, null]",[]
C010000,double_distinct_flip,"[3, 4]",[],1,2,False,multiple_candidates,5,0,"[false, true, false, null, null, false, false]","[""C010100"", ""C010200""]"
C010000,double_distinct_flip,"[3, 5]",[],0,0,False,no_feasible_candidate,0,0,"[null, null, null, null, null, null, null]",[]
C010000,double_distinct_flip,"[3, 5]",[],1,2,False,multiple_candidates,5,0,"[false, true, false, null, false, null, false]","[""C010010"", ""C010100""]"
C010000,double_distinct_flip,"[3, 6]",[],0,1,False,single_geometry_conditional,7,2,"[false, true, false, true, false, false, true]","[""C010101""]"
C010000,double_distinct_flip,"[3, 6]",[],1,6,False,multiple_candidates,2,0,"[null, null, null, null, false, false, null]","[""C000101"", ""C010001"", ""C010100"", ""C010101"", ""C011101"", ""C110101""]"
C010000,double_distinct_flip,"[4, 5]",[],0,1,False,single_geometry_conditional,7,2,"[false, true, false, false, true, true, false]","[""C010210""]"
C010000,double_distinct_flip,"[4, 5]",[],1,7,False,multiple_candidates,1,0,"[null, null, null, false, null, null, null]","[""C000210"", ""C010010"", ""C010200"", ""C010210"", ""C010211"", ""C011210"", ""C110210""]"
C010000,double_distinct_flip,"[4, 6]",[],0,1,False,single_geometry_conditional,7,2,"[false, true, false, false, true, false, true]","[""C010201""]"
C010000,double_distinct_flip,"[4, 6]",[],1,7,False,multiple_candidates,1,0,"[null, null, null, false, null, null, null]","[""C000201"", ""C010001"", ""C010200"", ""C010201"", ""C010211"", ""C011201"", ""C110201""]"
C010000,double_distinct_flip,"[5, 6]",[],0,1,False,single_geometry_conditional,7,2,"[false, true, false, false, false, true, true]","[""C010011""]"
C010000,double_distinct_flip,"[5, 6]",[],1,7,False,multiple_candidates,1,0,"[null, null, null, false, null, null, null]","[""C000011"", ""C010001"", ""C010010"", ""C010011"", ""C010211"", ""C011011"", ""C110011""]"
C010001,clean,[],[],0,1,True,single_geometry_conditional,7,0,"[false, true, false, false, false, false, true]","[""C010001""]"
C010001,clean,[],[],1,8,True,multiple_candidates,0,0,"[null, null, null, null, null, null, null]","[""C000001"", ""C010000"", ""C010001"", ""C010011"", ""C010101"", ""C010201"", ""C011001"", ""C110001""]"
C010001,single_flip,[0],[],0,1,False,single_geometry_conditional,7,1,"[true, true, false, false, false, false, true]","[""C110001""]"
C010001,single_flip,[0],[],1,7,True,multiple_candidates,1,0,"[null, null, false, null, null, null, null]","[""C010001"", ""C100001"", ""C110000"", ""C110001"", ""C110011"", ""C110101"", ""C110201""]"
C010001,single_flip,[1],[],0,1,False,single_geometry_conditional,7,1,"[false, false, false, false, false, false, true]","[""C000001""]"
C010001,single_flip,[1],[],1,8,True,multiple_candidates,0,0,"[null, null, null, null, null, null, null]","[""C000000"", ""C000001"", ""C000011"", ""C000101"", ""C000201"", ""C001001"", ""C010001"", ""C100001""]"
C010001,single_flip,[2],[],0,1,False,compatibility_unresolved,7,1,"[false, true, true, false, false, false, true]","[""C011001""]"
C010001,single_flip,[2],[],1,7,True,multiple_candidates,1,0,"[false, null, null, null, null, null, null]","[""C001001"", ""C010001"", ""C011000"", ""C011001"", ""C011011"", ""C011101"", ""C011201""]"
C010001,single_flip,[3],[],0,1,False,single_geometry_conditional,7,1,"[false, true, false, true, false, false, true]","[""C010101""]"
C010001,single_flip,[3],[],1,6,True,multiple_candidates,2,0,"[null, null, null, null, false, false, null]","[""C000101"", ""C010001"", ""C010100"", ""C010101"", ""C011101"", ""C110101""]"
C010001,single_flip,[4],[],0,1,False,single_geometry_conditional,7,1,"[false, true, false, false, true, false, true]","[""C010201""]"
C010001,single_flip,[4],[],1,7,True,multiple_candidates,1,0,"[null, null, null, false, null, null, null]","[""C000201"", ""C010001"", ""C010200"", ""C010201"", ""C010211"", ""C011201"", ""C110201""]"
C010001,single_flip,[5],[],0,1,False,single_geometry_conditional,7,1,"[false, true, false, false, false, true, true]","[""C010011""]"
C010001,single_flip,[5],[],1,7,True,multiple_candidates,1,0,"[null, null, null, false, null, null, null]","[""C000011"", ""C010001"", ""C010010"", ""C010011"", ""C010211"", ""C011011"", ""C110011""]"
C010001,single_flip,[6],[],0,1,False,single_geometry_conditional,7,1,"[false, true, false, false, false, false, false]","[""C010000""]"
C010001,single_flip,[6],[],1,8,True,multiple_candidates,0,0,"[null, null, null, null, null, null, null]","[""C000000"", ""C010000"", ""C010001"", ""C010010"", ""C010100"", ""C010200"", ""C011000"", ""C110000""]"
C010001,single_missing,[],[0],0,2,True,multiple_candidates,6,0,"[null, true, false, false, false, false, true]","[""C010001"", ""C110001""]"
C010001,single_missing,[],[0],1,13,True,multiple_candidates,0,0,"[null, null, null, null, null, null, null]","[""C000001"", ""C010000"", ""C010001"", ""C010011"", ""C010101"", ""C010201"", ""C011001"", ""C100001"", ""C110000"", ""C110001"", ""C110011"", ""C110101"", ""C110201""]"
C010001,single_missing,[],[1],0,2,True,multiple_candidates,6,0,"[false, null, false, false, false, false, true]","[""C000001"", ""C010001""]"
C010001,single_missing,[],[1],1,14,True,multiple_candidates,0,0,"[null, null, null, null, null, null, null]","[""C000000"", ""C000001"", ""C000011"", ""C000101"", ""C000201"", ""C001001"", ""C010000"", ""C010001"", ""C010011"", ""C010101"", ""C010201"", ""C011001"", ""C100001"", ""C110001""]"
C010001,single_missing,[],[2],0,2,True,multiple_candidates,6,0,"[false, true, null, false, false, false, true]","[""C010001"", ""C011001""]"
C010001,single_missing,[],[2],1,13,True,multiple_candidates,0,0,"[null, null, null, null, null, null, null]","[""C000001"", ""C001001"", ""C010000"", ""C010001"", ""C010011"", ""C010101"", ""C010201"", ""C011000"", ""C011001"", ""C011011"", ""C011101"", ""C011201"", ""C110001""]"
C010001,single_missing,[],[3],0,2,True,multiple_candidates,6,0,"[false, true, false, null, false, false, true]","[""C010001"", ""C010101""]"
C010001,single_missing,[],[3],1,12,True,multiple_candidates,0,0,"[null, null, null, null, null, null, null]","[""C000001"", ""C000101"", ""C010000"", ""C010001"", ""C010011"", ""C010100"", ""C010101"", ""C010201"", ""C011001"", ""C011101"", ""C110001"", ""C110101""]"
C010001,single_missing,[],[4],0,2,True,multiple_candidates,6,0,"[false, true, false, false, null, false, true]","[""C010001"", ""C010201""]"
C010001,single_missing,[],[4],1,13,True,multiple_candidates,0,0,"[null, null, null, null, null, null, null]","[""C000001"", ""C000201"", ""C010000"", ""C010001"", ""C010011"", ""C010101"", ""C010200"", ""C010201"", ""C010211"", ""C011001"", ""C011201"", ""C110001"", ""C110201""]"
C010001,single_missing,[],[5],0,2,True,multiple_candidates,6,0,"[false, true, false, false, false, null, true]","[""C010001"", ""C010011""]"
C010001,single_missing,[],[5],1,13,True,multiple_candidates,0,0,"[null, null, null, null, null, null, null]","[""C000001"", ""C000011"", ""C010000"", ""C010001"", ""C010010"", ""C010011"", ""C010101"", ""C010201"", ""C010211"", ""C011001"", ""C011011"", ""C110001"", ""C110011""]"
C010001,single_missing,[],[6],0,2,True,multiple_candidates,6,0,"[false, true, false, false, false, false, null]","[""C010000"", ""C010001""]"
C010001,single_missing,[],[6],1,14,True,multiple_candidates,0,0,"[null, null, null, null, null, null, null]","[""C000000"", ""C000001"", ""C010000"", ""C010001"", ""C010010"", ""C010011"", ""C010100"", ""C010101"", ""C010200"", ""C010201"", ""C011000"", ""C011001"", ""C110000"", ""C110001""]"
C010001,double_distinct_flip,"[0, 1]",[],0,1,False,single_geometry_conditional,7,2,"[true, false, false, false, false, false, true]","[""C100001""]"
C010001,double_distinct_flip,"[0, 1]",[],1,8,False,multiple_candidates,0,0,"[null, null, null, null, null, null, null]","[""C000001"", ""C100000"", ""C100001"", ""C100011"", ""C100101"", ""C100201"", ""C101001"", ""C110001""]"
C010001,double_distinct_flip,"[0, 2]",[],0,0,False,no_feasible_candidate,0,0,"[null, null, null, null, null, null, null]",[]
C010001,double_distinct_flip,"[0, 2]",[],1,3,False,multiple_candidates,4,0,"[null, null, null, false, false, false, true]","[""C011001"", ""C101001"", ""C110001""]"
C010001,double_distinct_flip,"[0, 3]",[],0,1,False,single_geometry_conditional,7,2,"[true, true, false, true, false, false, true]","[""C110101""]"
C010001,double_distinct_flip,"[0, 3]",[],1,5,False,multiple_candidates,3,0,"[null, null, false, null, false, false, null]","[""C010101"", ""C100101"", ""C110001"", ""C110100"", ""C110101""]"
C010001,double_distinct_flip,"[0, 4]",[],0,1,False,single_geometry_conditional,7,2,"[true, true, false, false, true, false, true]","[""C110201""]"
C010001,double_distinct_flip,"[0, 4]",[],1,6,False,multiple_candidates,2,0,"[null, null, false, false, null, null, null]","[""C010201"", ""C100201"", ""C110001"", ""C110200"", ""C110201"", ""C110211""]"
C010001,double_distinct_flip,"[0, 5]",[],0,1,False,single_geometry_conditional,7,2,"[true, true, false, false, false, true, true]","[""C110011""]"
C010001,double_distinct_flip,"[0, 5]",[],1,6,False,multiple_candidates,2,0,"[null, null, false, false, null, null, null]","[""C010011"", ""C100011"", ""C110001"", ""C110010"", ""C110011"", ""C110211""]"
C010001,double_distinct_flip,"[0, 6]",[],0,1,False,single_geometry_conditional,7,2,"[true, true, false, false, false, false, false]","[""C110000""]"
C010001,double_distinct_flip,"[0, 6]",[],1,7,False,multiple_candidates,1,0,"[null, null, false, null, null, null, null]","[""C010000"", ""C100000"", ""C110000"", ""C110001"", ""C110010"", ""C110100"", ""C110200""]"
C010001,double_distinct_flip,"[1, 2]",[],0,1,False,compatibility_unresolved,7,2,"[false, false, true, false, false, false, true]","[""C001001""]"
C010001,double_distinct_flip,"[1, 2]",[],1,8,False,multiple_candidates,0,0,"[null, null, null, null, null, null, null]","[""C000001"", ""C001000"", ""C001001"", ""C001011"", ""C001101"", ""C001201"", ""C011001"", ""C101001""]"
C010001,double_distinct_flip,"[1, 3]",[],0,1,False,single_geometry_conditional,7,2,"[false, false, false, true, false, false, true]","[""C000101""]"
C010001,double_distinct_flip,"[1, 3]",[],1,6,False,multiple_candidates,2,0,"[null, null, null, null, false, false, null]","[""C000001"", ""C000100"", ""C000101"", ""C001101"", ""C010101"", ""C100101""]"
C010001,double_distinct_flip,"[1, 4]",[],0,1,False,single_geometry_conditional,7,2,"[false, false, false, false, true, false, true]","[""C000201""]"
C010001,double_distinct_flip,"[1, 4]",[],1,7,False,multiple_candidates,1,0,"[null, null, null, false, null, null, null]","[""C000001"", ""C000200"", ""C000201"", ""C000211"", ""C001201"", ""C010201"", ""C100201""]"
C010001,double_distinct_flip,"[1, 5]",[],0,1,False,single_geometry_conditional,7,2,"[false, false, false, false, false, true, true]","[""C000011""]"
C010001,double_distinct_flip,"[1, 5]",[],1,7,False,multiple_candidates,1,0,"[null, null, null, false, null, null, null]","[""C000001"", ""C000010"", ""C000011"", ""C000211"", ""C001011"", ""C010011"", ""C100011""]"
C010001,double_distinct_flip,"[1, 6]",[],0,1,False,single_geometry_conditional,7,2,"[false, false, false, false, false, false, false]","[""C000000""]"
C010001,double_distinct_flip,"[1, 6]",[],1,8,False,multiple_candidates,0,0,"[null, null, null, null, null, null, null]","[""C000000"", ""C000001"", ""C000010"", ""C000100"", ""C000200"", ""C001000"", ""C010000"", ""C100000""]"
C010001,double_distinct_flip,"[2, 3]",[],0,1,False,compatibility_unresolved,7,2,"[false, true, true, true, false, false, true]","[""C011101""]"
C010001,double_distinct_flip,"[2, 3]",[],1,5,False,multiple_candidates,3,0,"[false, null, null, null, false, false, null]","[""C001101"", ""C010101"", ""C011001"", ""C011100"", ""C011101""]"
C010001,double_distinct_flip,"[2, 4]",[],0,1,False,compatibility_unresolved,7,2,"[false, true, true, false, true, false, true]","[""C011201""]"
C010001,double_distinct_flip,"[2, 4]",[],1,6,False,multiple_candidates,2,0,"[false, null, null, false, null, null, null]","[""C001201"", ""C010201"", ""C011001"", ""C011200"", ""C011201"", ""C011211""]"
C010001,double_distinct_flip,"[2, 5]",[],0,1,False,compatibility_unresolved,7,2,"[false, true, true, false, false, true, true]","[""C011011""]"
C010001,double_distinct_flip,"[2, 5]",[],1,6,False,multiple_candidates,2,0,"[false, null, null, false, null, null, null]","[""C001011"", ""C010011"", ""C011001"", ""C011010"", ""C011011"", ""C011211""]"
C010001,double_distinct_flip,"[2, 6]",[],0,1,False,single_geometry_conditional,7,2,"[false, true, true, false, false, false, false]","[""C011000""]"
C010001,double_distinct_flip,"[2, 6]",[],1,7,False,multiple_candidates,1,0,"[false, null, null, null, null, null, null]","[""C001000"", ""C010000"", ""C011000"", ""C011001"", ""C011010"", ""C011100"", ""C011200""]"
C010001,double_distinct_flip,"[3, 4]",[],0,0,False,no_feasible_candidate,0,0,"[null, null, null, null, null, null, null]",[]
C010001,double_distinct_flip,"[3, 4]",[],1,2,False,multiple_candidates,5,0,"[false, true, false, null, null, false, true]","[""C010101"", ""C010201""]"
C010001,double_distinct_flip,"[3, 5]",[],0,0,False,no_feasible_candidate,0,0,"[null, null, null, null, null, null, null]",[]
C010001,double_distinct_flip,"[3, 5]",[],1,2,False,multiple_candidates,5,0,"[false, true, false, null, false, null, true]","[""C010011"", ""C010101""]"
C010001,double_distinct_flip,"[3, 6]",[],0,1,False,single_geometry_conditional,7,2,"[false, true, false, true, false, false, false]","[""C010100""]"
C010001,double_distinct_flip,"[3, 6]",[],1,6,False,multiple_candidates,2,0,"[null, null, null, null, false, false, null]","[""C000100"", ""C010000"", ""C010100"", ""C010101"", ""C011100"", ""C110100""]"
C010001,double_distinct_flip,"[4, 5]",[],0,1,False,single_geometry_conditional,7,2,"[false, true, false, false, true, true, true]","[""C010211""]"
C010001,double_distinct_flip,"[4, 5]",[],1,7,False,multiple_candidates,1,0,"[null, null, null, false, null, null, null]","[""C000211"", ""C010011"", ""C010201"", ""C010210"", ""C010211"", ""C011211"", ""C110211""]"
C010001,double_distinct_flip,"[4, 6]",[],0,1,False,single_geometry_conditional,7,2,"[false, true, false, false, true, false, false]","[""C010200""]"
C010001,double_distinct_flip,"[4, 6]",[],1,7,False,multiple_candidates,1,0,"[null, null, null, false, null, null, null]","[""C000200"", ""C010000"", ""C010200"", ""C010201"", ""C010210"", ""C011200"", ""C110200""]"
C010001,double_distinct_flip,"[5, 6]",[],0,1,False,single_geometry_conditional,7,2,"[false, true, false, false, false, true, false]","[""C010010""]"
C010001,double_distinct_flip,"[5, 6]",[],1,7,False,multiple_candidates,1,0,"[null, null, null, false, null, null, null]","[""C000010"", ""C010000"", ""C010010"", ""C010011"", ""C010210"", ""C011010"", ""C110010""]"
C010010,clean,[],[],0,1,True,single_geometry_conditional,7,0,"[false, true, false, false, false, true, false]","[""C010010""]"
C010010,clean,[],[],1,7,True,multiple_candidates,1,0,"[null, null, null, false, null, null, null]","[""C000010"", ""C010000"", ""C010010"", ""C010011"", ""C010210"", ""C011010"", ""C110010""]"
C010010,single_flip,[0],[],0,1,False,single_geometry_conditional,7,1,"[true, true, false, false, false, true, false]","[""C110010""]"
C010010,single_flip,[0],[],1,6,True,multiple_candidates,2,0,"[null, null, false, false, null, null, null]","[""C010010"", ""C100010"", ""C110000"", ""C110010"", ""C110011"", ""C110210""]"
C010010,single_flip,[1],[],0,1,False,single_geometry_conditional,7,1,"[false, false, false, false, false, true, false]","[""C000010""]"
C010010,single_flip,[1],[],1,7,True,multiple_candidates,1,0,"[null, null, null, false, null, null, null]","[""C000000"", ""C000010"", ""C000011"", ""C000210"", ""C001010"", ""C010010"", ""C100010""]"
C010010,single_flip,[2],[],0,1,False,single_geometry_conditional,7,1,"[false, true, true, false, false, true, false]","[""C011010""]"
C010010,single_flip,[2],[],1,6,True,multiple_candidates,2,0,"[false, null, null, false, null, null, null]","[""C001010"", ""C010010"", ""C011000"", ""C011010"", ""C011011"", ""C011210""]"
C010010,single_flip,[3],[],0,0,False,no_feasible_candidate,0,0,"[null, null, null, null, null, null, null]",[]
C010010,single_flip,[3],[],1,2,True,multiple_candidates,5,0,"[false, true, false, null, false, null, false]","[""C010010"", ""C010100""]"
C010010,single_flip,[4],[],0,1,False,single_geometry_conditional,7,1,"[false, true, false, false, true, true, false]","[""C010210""]"
C010010,single_flip,[4],[],1,7,True,multiple_candidates,1,0,"[null, null, null, false, null, null, null]","[""C000210"", ""C010010"", ""C010200"", ""C010210"", ""C010211"", ""C011210"", ""C110210""]"
C010010,single_flip,[5],[],0,1,False,single_geometry_conditional,7,1,"[false, true, false, false, false, false, false]","[""C010000""]"
C010010,single_flip,[5],[],1,8,True,multiple_candidates,0,0,"[null, null, null, null, null, null, null]","[""C000000"", ""C010000"", ""C010001"", ""C010010"", ""C010100"", ""C010200"", ""C011000"", ""C110000""]"
C010010,single_flip,[6],[],0,1,False,single_geometry_conditional,7,1,"[false, true, false, false, false, true, true]","[""C010011""]"
C010010,single_flip,[6],[],1,7,True,multiple_candidates,1,0,"[null, null, null, false, null, null, null]","[""C000011"", ""C010001"", ""C010010"", ""C010011"", ""C010211"", ""C011011"", ""C110011""]"
C010010,single_missing,[],[0],0,2,True,multiple_candidates,6,0,"[null, true, false, false, false, true, false]","[""C010010"", ""C110010""]"
C010010,single_missing,[],[0],1,11,True,multiple_candidates,1,0,"[null, null, null, false, null, null, null]","[""C000010"", ""C010000"", ""C010010"", ""C010011"", ""C010210"", ""C011010"", ""C100010"", ""C110000"", ""C110010"", ""C110011"", ""C110210""]"
C010010,single_missing,[],[1],0,2,True,multiple_candidates,6,0,"[false, null, false, false, false, true, false]","[""C000010"", ""C010010""]"
C010010,single_missing,[],[1],1,12,True,multiple_candidates,1,0,"[null, null, null, false, null, null, null]","[""C000000"", ""C000010"", ""C000011"", ""C000210"", ""C001010"", ""C010000"", ""C010010"", ""C010011"", ""C010210"", ""C011010"", ""C100010"", ""C110010""]"
C010010,single_missing,[],[2],0,2,True,multiple_candidates,6,0,"[false, true, null, false, false, true, false]","[""C010010"", ""C011010""]"
C010010,single_missing,[],[2],1,11,True,multiple_candidates,1,0,"[null, null, null, false, null, null, null]","[""C000010"", ""C001010"", ""C010000"", ""C010010"", ""C010011"", ""C010210"", ""C011000"", ""C011010"", ""C011011"", ""C011210"", ""C110010""]"
C010010,single_missing,[],[3],0,1,True,single_geometry_conditional,7,0,"[false, true, false, false, false, true, false]","[""C010010""]"
C010010,single_missing,[],[3],1,8,True,multiple_candidates,0,0,"[null, null, null, null, null, null, null]","[""C000010"", ""C010000"", ""C010010"", ""C010011"", ""C010100"", ""C010210"", ""C011010"", ""C110010""]"
C010010,single_missing,[],[4],0,2,True,multiple_candidates,6,0,"[false, true, false, false, null, true, false]","[""C010010"", ""C010210""]"
C010010,single_missing,[],[4],1,12,True,multiple_candidates,1,0,"[null, null, null, false, null, null, null]","[""C000010"", ""C000210"", ""C010000"", ""C010010"", ""C010011"", ""C010200"", ""C010210"", ""C010211"", ""C011010"", ""C011210"", ""C110010"", ""C110210""]"
C010010,single_missing,[],[5],0,2,True,multiple_candidates,6,0,"[false, true, false, false, false, null, false]","[""C010000"", ""C010010""]"
C010010,single_missing,[],[5],1,13,True,multiple_candidates,0,0,"[null, null, null, null, null, null, null]","[""C000000"", ""C000010"", ""C010000"", ""C010001"", ""C010010"", ""C010011"", ""C010100"", ""C010200"", ""C010210"", ""C011000"", ""C011010"", ""C110000"", ""C110010""]"
C010010,single_missing,[],[6],0,2,True,multiple_candidates,6,0,"[false, true, false, false, false, true, null]","[""C010010"", ""C010011""]"
C010010,single_missing,[],[6],1,12,True,multiple_candidates,1,0,"[null, null, null, false, null, null, null]","[""C000010"", ""C000011"", ""C010000"", ""C010001"", ""C010010"", ""C010011"", ""C010210"", ""C010211"", ""C011010"", ""C011011"", ""C110010"", ""C110011""]"
C010010,double_distinct_flip,"[0, 1]",[],0,1,False,single_geometry_conditional,7,2,"[true, false, false, false, false, true, false]","[""C100010""]"
C010010,double_distinct_flip,"[0, 1]",[],1,7,False,multiple_candidates,1,0,"[null, null, null, false, null, null, null]","[""C000010"", ""C100000"", ""C100010"", ""C100011"", ""C100210"", ""C101010"", ""C110010""]"
C010010,double_distinct_flip,"[0, 2]",[],0,0,False,no_feasible_candidate,0,0,"[null, null, null, null, null, null, null]",[]
C010010,double_distinct_flip,"[0, 2]",[],1,3,False,multiple_candidates,4,0,"[null, null, null, false, false, true, false]","[""C011010"", ""C101010"", ""C110010""]"
C010010,double_distinct_flip,"[0, 3]",[],0,0,False,no_feasible_candidate,0,0,"[null, null, null, null, null, null, null]",[]
C010010,double_distinct_flip,"[0, 3]",[],1,2,False,multiple_candidates,5,1,"[true, true, false, null, false, null, false]","[""C110010"", ""C110100""]"
C010010,double_distinct_flip,"[0, 4]",[],0,1,False,single_geometry_conditional,7,2,"[true, true, false, false, true, true, false]","[""C110210""]"
C010010,double_distinct_flip,"[0, 4]",[],1,6,False,multiple_candidates,2,0,"[null, null, false, false, null, null, null]","[""C010210"", ""C100210"", ""C110010"", ""C110200"", ""C110210"", ""C110211""]"
C010010,double_distinct_flip,"[0, 5]",[],0,1,False,single_geometry_conditional,7,2,"[true, true, false, false, false, false, false]","[""C110000""]"
C010010,double_distinct_flip,"[0, 5]",[],1,7,False,multiple_candidates,1,0,"[null, null, false, null, null, null, null]","[""C010000"", ""C100000"", ""C110000"", ""C110001"", ""C110010"", ""C110100"", ""C110200""]"
C010010,double_distinct_flip,"[0, 6]",[],0,1,False,single_geometry_conditional,7,2,"[true, true, false, false, false, true, true]","[""C110011""]"
C010010,double_distinct_flip,"[0, 6]",[],1,6,False,multiple_candidates,2,0,"[null, null, false, false, null, null, null]","[""C010011"", ""C100011"", ""C110001"", ""C110010"", ""C110011"", ""C110211""]"
C010010,double_distinct_flip,"[1, 2]",[],0,1,False,single_geometry_conditional,7,2,"[false, false, true, false, false, true, false]","[""C001010""]"
C010010,double_distinct_flip,"[1, 2]",[],1,7,False,multiple_candidates,1,0,"[null, null, null, false, null, null, null]","[""C000010"", ""C001000"", ""C001010"", ""C001011"", ""C001210"", ""C011010"", ""C101010""]"
C010010,double_distinct_flip,"[1, 3]",[],0,0,False,no_feasible_candidate,0,0,"[null, null, null, null, null, null, null]",[]
C010010,double_distinct_flip,"[1, 3]",[],1,2,False,multiple_candidates,5,1,"[false, false, false, null, false, null, false]","[""C000010"", ""C000100""]"
C010010,double_distinct_flip,"[1, 4]",[],0,1,False,single_geometry_conditional,7,2,"[false, false, false, false, true, true, false]","[""C000210""]"
C010010,double_distinct_flip,"[1, 4]",[],1,7,False,multiple_candidates,1,0,"[null, null, null, false, null, null, null]","[""C000010"", ""C000200"", ""C000210"", ""C000211"", ""C001210"", ""C010210"", ""C100210""]"
C010010,double_distinct_flip,"[1, 5]",[],0,1,False,single_geometry_conditional,7,2,"[false, false, false, false, false, false, false]","[""C000000""]"
C010010,double_distinct_flip,"[1, 5]",[],1,8,False,multiple_candidates,0,0,"[null, null, null, null, null, null, null]","[""C000000"", ""C000001"", ""C000010"", ""C000100"", ""C000200"", ""C001000"", ""C010000"", ""C100000""]"
C010010,double_distinct_flip,"[1, 6]",[],0,1,False,single_geometry_conditional,7,2,"[false, false, false, false, false, true, true]","[""C000011""]"
C010010,double_distinct_flip,"[1, 6]",[],1,7,False,multiple_candidates,1,0,"[null, null, null, false, null, null, null]","[""C000001"", ""C000010"", ""C000011"", ""C000211"", ""C001011"", ""C010011"", ""C100011""]"
C010010,double_distinct_flip,"[2, 3]",[],0,0,False,no_feasible_candidate,0,0,"[null, null, null, null, null, null, null]",[]
C010010,double_distinct_flip,"[2, 3]",[],1,2,False,multiple_candidates,5,1,"[false, true, true, null, false, null, false]","[""C011010"", ""C011100""]"
C010010,double_distinct_flip,"[2, 4]",[],0,1,False,single_geometry_conditional,7,2,"[false, true, true, false, true, true, false]","[""C011210""]"
C010010,double_distinct_flip,"[2, 4]",[],1,6,False,multiple_candidates,2,0,"[false, null, null, false, null, null, null]","[""C001210"", ""C010210"", ""C011010"", ""C011200"", ""C011210"", ""C011211""]"
C010010,double_distinct_flip,"[2, 5]",[],0,1,False,single_geometry_conditional,7,2,"[false, true, true, false, false, false, false]","[""C011000""]"
C010010,double_distinct_flip,"[2, 5]",[],1,7,False,multiple_candidates,1,0,"[false, null, null, null, null, null, null]","[""C001000"", ""C010000"", ""C011000"", ""C011001"", ""C011010"", ""C011100"", ""C011200""]"
C010010,double_distinct_flip,"[2, 6]",[],0,1,False,compatibility_unresolved,7,2,"[false, true, true, false, false, true, true]","[""C011011""]"
C010010,double_distinct_flip,"[2, 6]",[],1,6,False,multiple_candidates,2,0,"[false, null, null, false, null, null, null]","[""C001011"", ""C010011"", ""C011001"", ""C011010"", ""C011011"", ""C011211""]"
C010010,double_distinct_flip,"[3, 4]",[],0,0,False,no_feasible_candidate,0,0,"[null, null, null, null, null, null, null]",[]
C010010,double_distinct_flip,"[3, 4]",[],1,1,False,single_geometry_conditional,7,1,"[false, true, false, false, true, true, false]","[""C010210""]"
C010010,double_distinct_flip,"[3, 5]",[],0,1,False,single_geometry_conditional,7,2,"[false, true, false, true, false, false, false]","[""C010100""]"
C010010,double_distinct_flip,"[3, 5]",[],1,6,False,multiple_candidates,2,1,"[null, null, null, null, false, false, null]","[""C000100"", ""C010000"", ""C010100"", ""C010101"", ""C011100"", ""C110100""]"
C010010,double_distinct_flip,"[3, 6]",[],0,0,False,no_feasible_candidate,0,0,"[null, null, null, null, null, null, null]",[]
C010010,double_distinct_flip,"[3, 6]",[],1,2,False,multiple_candidates,5,1,"[false, true, false, null, false, null, true]","[""C010011"", ""C010101""]"
C010010,double_distinct_flip,"[4, 5]",[],0,1,False,single_geometry_conditional,7,2,"[false, true, false, false, true, false, false]","[""C010200""]"
C010010,double_distinct_flip,"[4, 5]",[],1,7,False,multiple_candidates,1,0,"[null, null, null, false, null, null, null]","[""C000200"", ""C010000"", ""C010200"", ""C010201"", ""C010210"", ""C011200"", ""C110200""]"
C010010,double_distinct_flip,"[4, 6]",[],0,1,False,single_geometry_conditional,7,2,"[false, true, false, false, true, true, true]","[""C010211""]"
C010010,double_distinct_flip,"[4, 6]",[],1,7,False,multiple_candidates,1,0,"[null, null, null, false, null, null, null]","[""C000211"", ""C010011"", ""C010201"", ""C010210"", ""C010211"", ""C011211"", ""C110211""]"
C010010,double_distinct_flip,"[5, 6]",[],0,1,False,single_geometry_conditional,7,2,"[false, true, false, false, false, false, true]","[""C010001""]"
C010010,double_distinct_flip,"[5, 6]",[],1,8,False,multiple_candidates,0,0,"[null, null, null, null, null, null, null]","[""C000001"", ""C010000"", ""C010001"", ""C010011"", ""C010101"", ""C010201"", ""C011001"", ""C110001""]"
C010011,clean,[],[],0,1,True,single_geometry_conditional,7,0,"[false, true, false, false, false, true, true]","[""C010011""]"
C010011,clean,[],[],1,7,True,multiple_candidates,1,0,"[null, null, null, false, null, null, null]","[""C000011"", ""C010001"", ""C010010"", ""C010011"", ""C010211"", ""C011011"", ""C110011""]"
C010011,single_flip,[0],[],0,1,False,single_geometry_conditional,7,1,"[true, true, false, false, false, true, true]","[""C110011""]"
C010011,single_flip,[0],[],1,6,True,multiple_candidates,2,0,"[null, null, false, false, null, null, null]","[""C010011"", ""C100011"", ""C110001"", ""C110010"", ""C110011"", ""C110211""]"
C010011,single_flip,[1],[],0,1,False,single_geometry_conditional,7,1,"[false, false, false, false, false, true, true]","[""C000011""]"
C010011,single_flip,[1],[],1,7,True,multiple_candidates,1,0,"[null, null, null, false, null, null, null]","[""C000001"", ""C000010"", ""C000011"", ""C000211"", ""C001011"", ""C010011"", ""C100011""]"
C010011,single_flip,[2],[],0,1,False,compatibility_unresolved,7,1,"[false, true, true, false, false, true, true]","[""C011011""]"
C010011,single_flip,[2],[],1,6,True,multiple_candidates,2,0,"[false, null, null, false, null, null, null]","[""C001011"", ""C010011"", ""C011001"", ""C011010"", ""C011011"", ""C011211""]"
C010011,single_flip,[3],[],0,0,False,no_feasible_candidate,0,0,"[null, null, null, null, null, null, null]",[]
C010011,single_flip,[3],[],1,2,True,multiple_candidates,5,0,"[false, true, false, null, false, null, true]","[""C010011"", ""C010101""]"
C010011,single_flip,[4],[],0,1,False,single_geometry_conditional,7,1,"[false, true, false, false, true, true, true]","[""C010211""]"
C010011,single_flip,[4],[],1,7,True,multiple_candidates,1,0,"[null, null, null, false, null, null, null]","[""C000211"", ""C010011"", ""C010201"", ""C010210"", ""C010211"", ""C011211"", ""C110211""]"
C010011,single_flip,[5],[],0,1,False,single_geometry_conditional,7,1,"[false, true, false, false, false, false, true]","[""C010001""]"
C010011,single_flip,[5],[],1,8,True,multiple_candidates,0,0,"[null, null, null, null, null, null, null]","[""C000001"", ""C010000"", ""C010001"", ""C010011"", ""C010101"", ""C010201"", ""C011001"", ""C110001""]"
C010011,single_flip,[6],[],0,1,False,single_geometry_conditional,7,1,"[false, true, false, false, false, true, false]","[""C010010""]"
C010011,single_flip,[6],[],1,7,True,multiple_candidates,1,0,"[null, null, null, false, null, null, null]","[""C000010"", ""C010000"", ""C010010"", ""C010011"", ""C010210"", ""C011010"", ""C110010""]"
C010011,single_missing,[],[0],0,2,True,multiple_candidates,6,0,"[null, true, false, false, false, true, true]","[""C010011"", ""C110011""]"
C010011,single_missing,[],[0],1,11,True,multiple_candidates,1,0,"[null, null, null, false, null, null, null]","[""C000011"", ""C010001"", ""C010010"", ""C010011"", ""C010211"", ""C011011"", ""C100011"", ""C110001"", ""C110010"", ""C110011"", ""C110211""]"
C010011,single_missing,[],[1],0,2,True,multiple_candidates,6,0,"[false, null, false, false, false, true, true]","[""C000011"", ""C010011""]"
C010011,single_missing,[],[1],1,12,True,multiple_candidates,1,0,"[null, null, null, false, null, null, null]","[""C000001"", ""C000010"", ""C000011"", ""C000211"", ""C001011"", ""C010001"", ""C010010"", ""C010011"", ""C010211"", ""C011011"", ""C100011"", ""C110011""]"
C010011,single_missing,[],[2],0,2,True,multiple_candidates,6,0,"[false, true, null, false, false, true, true]","[""C010011"", ""C011011""]"
C010011,single_missing,[],[2],1,11,True,multiple_candidates,1,0,"[null, null, null, false, null, null, null]","[""C000011"", ""C001011"", ""C010001"", ""C010010"", ""C010011"", ""C010211"", ""C011001"", ""C011010"", ""C011011"", ""C011211"", ""C110011""]"
C010011,single_missing,[],[3],0,1,True,single_geometry_conditional,7,0,"[false, true, false, false, false, true, true]","[""C010011""]"
C010011,single_missing,[],[3],1,8,True,multiple_candidates,0,0,"[null, null, null, null, null, null, null]","[""C000011"", ""C010001"", ""C010010"", ""C010011"", ""C010101"", ""C010211"", ""C011011"", ""C110011""]"
C010011,single_missing,[],[4],0,2,True,multiple_candidates,6,0,"[false, true, false, false, null, true, true]","[""C010011"", ""C010211""]"
C010011,single_missing,[],[4],1,12,True,multiple_candidates,1,0,"[null, null, null, false, null, null, null]","[""C000011"", ""C000211"", ""C010001"", ""C010010"", ""C010011"", ""C010201"", ""C010210"", ""C010211"", ""C011011"", ""C011211"", ""C110011"", ""C110211""]"
C010011,single_missing,[],[5],0,2,True,multiple_candidates,6,0,"[false, true, false, false, false, null, true]","[""C010001"", ""C010011""]"
C010011,single_missing,[],[5],1,13,True,multiple_candidates,0,0,"[null, null, null, null, null, null, null]","[""C000001"", ""C000011"", ""C010000"", ""C010001"", ""C010010"", ""C010011"", ""C010101"", ""C010201"", ""C010211"", ""C011001"", ""C011011"", ""C110001"", ""C110011""]"
C010011,single_missing,[],[6],0,2,True,multiple_candidates,6,0,"[false, true, false, false, false, true, null]","[""C010010"", ""C010011""]"
C010011,single_missing,[],[6],1,12,True,multiple_candidates,1,0,"[null, null, null, false, null, null, null]","[""C000010"", ""C000011"", ""C010000"", ""C010001"", ""C010010"", ""C010011"", ""C010210"", ""C010211"", ""C011010"", ""C011011"", ""C110010"", ""C110011""]"
C010011,double_distinct_flip,"[0, 1]",[],0,1,False,single_geometry_conditional,7,2,"[true, false, false, false, false, true, true]","[""C100011""]"
C010011,double_distinct_flip,"[0, 1]",[],1,7,False,multiple_candidates,1,0,"[null, null, null, false, null, null, null]","[""C000011"", ""C100001"", ""C100010"", ""C100011"", ""C100211"", ""C101011"", ""C110011""]"
C010011,double_distinct_flip,"[0, 2]",[],0,0,False,no_feasible_candidate,0,0,"[null, null, null, null, null, null, null]",[]
C010011,double_distinct_flip,"[0, 2]",[],1,3,False,multiple_candidates,4,0,"[null, null, null, false, false, true, true]","[""C011011"", ""C101011"", ""C110011""]"
C010011,double_distinct_flip,"[0, 3]",[],0,0,False,no_feasible_candidate,0,0,"[null, null, null, null, null, null, null]",[]
C010011,double_distinct_flip,"[0, 3]",[],1,2,False,multiple_candidates,5,1,"[true, true, false, null, false, null, true]","[""C110011"", ""C110101""]"
C010011,double_distinct_flip,"[0, 4]",[],0,1,False,single_geometry_conditional,7,2,"[true, true, false, false, true, true, true]","[""C110211""]"
C010011,double_distinct_flip,"[0, 4]",[],1,6,False,multiple_candidates,2,0,"[null, null, false, false, null, null, null]","[""C010211"", ""C100211"", ""C110011"", ""C110201"", ""C110210"", ""C110211""]"
C010011,double_distinct_flip,"[0, 5]",[],0,1,False,single_geometry_conditional,7,2,"[true, true, false, false, false, false, true]","[""C110001""]"
C010011,double_distinct_flip,"[0, 5]",[],1,7,False,multiple_candidates,1,0,"[null, null, false, null, null, null, null]","[""C010001"", ""C100001"", ""C110000"", ""C110001"", ""C110011"", ""C110101"", ""C110201""]"
C010011,double_distinct_flip,"[0, 6]",[],0,1,False,single_geometry_conditional,7,2,"[true, true, false, false, false, true, false]","[""C110010""]"
C010011,double_distinct_flip,"[0, 6]",[],1,6,False,multiple_candidates,2,0,"[null, null, false, false, null, null, null]","[""C010010"", ""C100010"", ""C110000"", ""C110010"", ""C110011"", ""C110210""]"
C010011,double_distinct_flip,"[1, 2]",[],0,1,False,compatibility_unresolved,7,2,"[false, false, true, false, false, true, true]","[""C001011""]"
C010011,double_distinct_flip,"[1, 2]",[],1,7,False,multiple_candidates,1,0,"[null, null, null, false, null, null, null]","[""C000011"", ""C001001"", ""C001010"", ""C001011"", ""C001211"", ""C011011"", ""C101011""]"
C010011,double_distinct_flip,"[1, 3]",[],0,0,False,no_feasible_candidate,0,0,"[null, null, null, null, null, null, null]",[]
C010011,double_distinct_flip,"[1, 3]",[],1,2,False,multiple_candidates,5,1,"[false, false, false, null, false, null, true]","[""C000011"", ""C000101""]"
C010011,double_distinct_flip,"[1, 4]",[],0,1,False,single_geometry_conditional,7,2,"[false, false, false, false, true, true, true]","[""C000211""]"
C010011,double_distinct_flip,"[1, 4]",[],1,7,False,multiple_candidates,1,0,"[null, null, null, false, null, null, null]","[""C000011"", ""C000201"", ""C000210"", ""C000211"", ""C001211"", ""C010211"", ""C100211""]"
C010011,double_distinct_flip,"[1, 5]",[],0,1,False,single_geometry_conditional,7,2,"[false, false, false, false, false, false, true]","[""C000001""]"
C010011,double_distinct_flip,"[1, 5]",[],1,8,False,multiple_candidates,0,0,"[null, null, null, null, null, null, null]","[""C000000"", ""C000001"", ""C000011"", ""C000101"", ""C000201"", ""C001001"", ""C010001"", ""C100001""]"
C010011,double_distinct_flip,"[1, 6]",[],0,1,False,single_geometry_conditional,7,2,"[false, false, false, false, false, true, false]","[""C000010""]"
C010011,double_distinct_flip,"[1, 6]",[],1,7,False,multiple_candidates,1,0,"[null, null, null, false, null, null, null]","[""C000000"", ""C000010"", ""C000011"", ""C000210"", ""C001010"", ""C010010"", ""C100010""]"
C010011,double_distinct_flip,"[2, 3]",[],0,0,False,no_feasible_candidate,0,0,"[null, null, null, null, null, null, null]",[]
C010011,double_distinct_flip,"[2, 3]",[],1,2,False,multiple_candidates,5,1,"[false, true, true, null, false, null, true]","[""C011011"", ""C011101""]"
C010011,double_distinct_flip,"[2, 4]",[],0,1,False,compatibility_unresolved,7,2,"[false, true, true, false, true, true, true]","[""C011211""]"
C010011,double_distinct_flip,"[2, 4]",[],1,6,False,multiple_candidates,2,0,"[false, null, null, false, null, null, null]","[""C001211"", ""C010211"", ""C011011"", ""C011201"", ""C011210"", ""C011211""]"
C010011,double_distinct_flip,"[2, 5]",[],0,1,False,compatibility_unresolved,7,2,"[false, true, true, false, false, false, true]","[""C011001""]"
C010011,double_distinct_flip,"[2, 5]",[],1,7,False,multiple_candidates,1,0,"[false, null, null, null, null, null, null]","[""C001001"", ""C010001"", ""C011000"", ""C011001"", ""C011011"", ""C011101"", ""C011201""]"
C010011,double_distinct_flip,"[2, 6]",[],0,1,False,single_geometry_conditional,7,2,"[false, true, true, false, false, true, false]","[""C011010""]"
C010011,double_distinct_flip,"[2, 6]",[],1,6,False,multiple_candidates,2,0,"[false, null, null, false, null, null, null]","[""C001010"", ""C010010"", ""C011000"", ""C011010"", ""C011011"", ""C011210""]"
C010011,double_distinct_flip,"[3, 4]",[],0,0,False,no_feasible_candidate,0,0,"[null, null, null, null, null, null, null]",[]
C010011,double_distinct_flip,"[3, 4]",[],1,1,False,single_geometry_conditional,7,1,"[false, true, false, false, true, true, true]","[""C010211""]"
C010011,double_distinct_flip,"[3, 5]",[],0,1,False,single_geometry_conditional,7,2,"[false, true, false, true, false, false, true]","[""C010101""]"
C010011,double_distinct_flip,"[3, 5]",[],1,6,False,multiple_candidates,2,1,"[null, null, null, null, false, false, null]","[""C000101"", ""C010001"", ""C010100"", ""C010101"", ""C011101"", ""C110101""]"
C010011,double_distinct_flip,"[3, 6]",[],0,0,False,no_feasible_candidate,0,0,"[null, null, null, null, null, null, null]",[]
C010011,double_distinct_flip,"[3, 6]",[],1,2,False,multiple_candidates,5,1,"[false, true, false, null, false, null, false]","[""C010010"", ""C010100""]"
C010011,double_distinct_flip,"[4, 5]",[],0,1,False,single_geometry_conditional,7,2,"[false, true, false, false, true, false, true]","[""C010201""]"
C010011,double_distinct_flip,"[4, 5]",[],1,7,False,multiple_candidates,1,0,"[null, null, null, false, null, null, null]","[""C000201"", ""C010001"", ""C010200"", ""C010201"", ""C010211"", ""C011201"", ""C110201""]"
C010011,double_distinct_flip,"[4, 6]",[],0,1,False,single_geometry_conditional,7,2,"[false, true, false, false, true, true, false]","[""C010210""]"
C010011,double_distinct_flip,"[4, 6]",[],1,7,False,multiple_candidates,1,0,"[null, null, null, false, null, null, null]","[""C000210"", ""C010010"", ""C010200"", ""C010210"", ""C010211"", ""C011210"", ""C110210""]"
C010011,double_distinct_flip,"[5, 6]",[],0,1,False,single_geometry_conditional,7,2,"[false, true, false, false, false, false, false]","[""C010000""]"
C010011,double_distinct_flip,"[5, 6]",[],1,8,False,multiple_candidates,0,0,"[null, null, null, null, null, null, null]","[""C000000"", ""C010000"", ""C010001"", ""C010010"", ""C010100"", ""C010200"", ""C011000"", ""C110000""]"
C010100,clean,[],[],0,1,True,single_geometry_conditional,7,0,"[false, true, false, true, false, false, false]","[""C010100""]"
C010100,clean,[],[],1,6,True,multiple_candidates,2,0,"[null, null, null, null, false, false, null]","[""C000100"", ""C010000"", ""C010100"", ""C010101"", ""C011100"", ""C110100""]"
C010100,single_flip,[0],[],0,1,False,single_geometry_conditional,7,1,"[true, true, false, true, false, false, false]","[""C110100""]"
C010100,single_flip,[0],[],1,5,True,multiple_candidates,3,0,"[null, null, false, null, false, false, null]","[""C010100"", ""C100100"", ""C110000"", ""C110100"", ""C110101""]"
C010100,single_flip,[1],[],0,1,False,single_geometry_conditional,7,1,"[false, false, false, true, false, false, false]","[""C000100""]"
C010100,single_flip,[1],[],1,6,True,multiple_candidates,2,0,"[null, null, null, null, false, false, null]","[""C000000"", ""C000100"", ""C000101"", ""C001100"", ""C010100"", ""C100100""]"
C010100,single_flip,[2],[],0,1,False,single_geometry_conditional,7,1,"[false, true, true, true, false, false, false]","[""C011100""]"
C010100,single_flip,[2],[],1,5,True,multiple_candidates,3,0,"[false, null, null, null, false, false, null]","[""C001100"", ""C010100"", ""C011000"", ""C011100"", ""C011101""]"
C010100,single_flip,[3],[],0,1,False,single_geometry_conditional,7,1,"[false, true, false, false, false, false, false]","[""C010000""]"
C010100,single_flip,[3],[],1,8,True,multiple_candidates,0,0,"[null, null, null, null, null, null, null]","[""C000000"", ""C010000"", ""C010001"", ""C010010"", ""C010100"", ""C010200"", ""C011000"", ""C110000""]"
C010100,single_flip,[4],[],0,0,False,no_feasible_candidate,0,0,"[null, null, null, null, null, null, null]",[]
C010100,single_flip,[4],[],1,2,True,multiple_candidates,5,0,"[false, true, false, null, null, false, false]","[""C010100"", ""C010200""]"
C010100,single_flip,[5],[],0,0,False,no_feasible_candidate,0,0,"[null, null, null, null, null, null, null]",[]
C010100,single_flip,[5],[],1,2,True,multiple_candidates,5,0,"[false, true, false, null, false, null, false]","[""C010010"", ""C010100""]"
C010100,single_flip,[6],[],0,1,False,single_geometry_conditional,7,1,"[false, true, false, true, false, false, true]","[""C010101""]"
C010100,single_flip,[6],[],1,6,True,multiple_candidates,2,0,"[null, null, null, null, false, false, null]","[""C000101"", ""C010001"", ""C010100"", ""C010101"", ""C011101"", ""C110101""]"
C010100,single_missing,[],[0],0,2,True,multiple_candidates,6,0,"[null, true, false, true, false, false, false]","[""C010100"", ""C110100""]"
C010100,single_missing,[],[0],1,9,True,multiple_candidates,2,0,"[null, null, null, null, false, false, null]","[""C000100"", ""C010000"", ""C010100"", ""C010101"", ""C011100"", ""C100100"", ""C110000"", ""C110100"", ""C110101""]"
C010100,single_missing,[],[1],0,2,True,multiple_candidates,6,0,"[false, null, false, true, false, false, false]","[""C000100"", ""C010100""]"
C010100,single_missing,[],[1],1,10,True,multiple_candidates,2,0,"[null, null, null, null, false, false, null]","[""C000000"", ""C000100"", ""C000101"", ""C001100"", ""C010000"", ""C010100"", ""C010101"", ""C011100"", ""C100100"", ""C110100""]"
C010100,single_missing,[],[2],0,2,True,multiple_candidates,6,0,"[false, true, null, true, false, false, false]","[""C010100"", ""C011100""]"
C010100,single_missing,[],[2],1,9,True,multiple_candidates,2,0,"[null, null, null, null, false, false, null]","[""C000100"", ""C001100"", ""C010000"", ""C010100"", ""C010101"", ""C011000"", ""C011100"", ""C011101"", ""C110100""]"
C010100,single_missing,[],[3],0,2,True,multiple_candidates,6,0,"[false, true, false, null, false, false, false]","[""C010000"", ""C010100""]"
C010100,single_missing,[],[3],1,12,True,multiple_candidates,0,0,"[null, null, null, null, null, null, null]","[""C000000"", ""C000100"", ""C010000"", ""C010001"", ""C010010"", ""C010100"", ""C010101"", ""C010200"", ""C011000"", ""C011100"", ""C110000"", ""C110100""]"
C010100,single_missing,[],[4],0,1,True,single_geometry_conditional,7,0,"[false, true, false, true, false, false, false]","[""C010100""]"
C010100,single_missing,[],[4],1,7,True,multiple_candidates,1,0,"[null, null, null, null, null, false, null]","[""C000100"", ""C010000"", ""C010100"", ""C010101"", ""C010200"", ""C011100"", ""C110100""]"
C010100,single_missing,[],[5],0,1,True,single_geometry_conditional,7,0,"[false, true, false, true, false, false, false]","[""C010100""]"
C010100,single_missing,[],[5],1,7,True,multiple_candidates,1,0,"[null, null, null, null, false, null, null]","[""C000100"", ""C010000"", ""C010010"", ""C010100"", ""C010101"", ""C011100"", ""C110100""]"
C010100,single_missing,[],[6],0,2,True,multiple_candidates,6,0,"[false, true, false, true, false, false, null]","[""C010100"", ""C010101""]"
C010100,single_missing,[],[6],1,10,True,multiple_candidates,2,0,"[null, null, null, null, false, false, null]","[""C000100"", ""C000101"", ""C010000"", ""C010001"", ""C010100"", ""C010101"", ""C011100"", ""C011101"", ""C110100"", ""C110101""]"
C010100,double_distinct_flip,"[0, 1]",[],0,1,False,single_geometry_conditional,7,2,"[true, false, false, true, false, false, false]","[""C100100""]"
C010100,double_distinct_flip,"[0, 1]",[],1,6,False,multiple_candidates,2,0,"[null, null, null, null, false, false, null]","[""C000100"", ""C100000"", ""C100100"", ""C100101"", ""C101100"", ""C110100""]"
C010100,double_distinct_flip,"[0, 2]",[],0,0,False,no_feasible_candidate,0,0,"[null, null, null, null, null, null, null]",[]
C010100,double_distinct_flip,"[0, 2]",[],1,3,False,multiple_candidates,4,0,"[null, null, null, true, false, false, false]","[""C011100"", ""C101100"", ""C110100""]"
C010100,double_distinct_flip,"[0, 3]",[],0,1,False,single_geometry_conditional,7,2,"[true, true, false, false, false, false, false]","[""C110000""]"
C010100,double_distinct_flip,"[0, 3]",[],1,7,False,multiple_candidates,1,0,"[null, null, false, null, null, null, null]","[""C010000"", ""C100000"", ""C110000"", ""C110001"", ""C110010"", ""C110100"", ""C110200""]"
C010100,double_distinct_flip,"[0, 4]",[],0,0,False,no_feasible_candidate,0,0,"[null, null, null, null, null, null, null]",[]
C010100,double_distinct_flip,"[0, 4]",[],1,2,False,multiple_candidates,5,1,"[true, true, false, null, null, false, false]","[""C110100"", ""C110200""]"
C010100,double_distinct_flip,"[0, 5]",[],0,0,False,no_feasible_candidate,0,0,"[null, null, null, null, null, null, null]",[]
C010100,double_distinct_flip,"[0, 5]",[],1,2,False,multiple_candidates,5,1,"[true, true, false, null, false, null, false]","[""C110010"", ""C110100""]"
C010100,double_distinct_flip,"[0, 6]",[],0,1,False,single_geometry_conditional,7,2,"[true, true, false, true, false, false, true]","[""C110101""]"
C010100,double_distinct_flip,"[0, 6]",[],1,5,False,multiple_candidates,3,0,"[null, null, false, null, false, false, null]","[""C010101"", ""C100101"", ""C110001"", ""C110100"", ""C110101""]"
C010100,double_distinct_flip,"[1, 2]",[],0,1,False,single_geometry_conditional,7,2,"[false, false, true, true, false, false, false]","[""C001100""]"
C010100,double_distinct_flip,"[1, 2]",[],1,6,False,multiple_candidates,2,0,"[null, null, null, null, false, false, null]","[""C000100"", ""C001000"", ""C001100"", ""C001101"", ""C011100"", ""C101100""]"
C010100,double_distinct_flip,"[1, 3]",[],0,1,False,single_geometry_conditional,7,2,"[false, false, false, false, false, false, false]","[""C000000""]"
C010100,double_distinct_flip,"[1, 3]",[],1,8,False,multiple_candidates,0,0,"[null, null, null, null, null, null, null]","[""C000000"", ""C000001"", ""C000010"", ""C000100"", ""C000200"", ""C001000"", ""C010000"", ""C100000""]"
C010100,double_distinct_flip,"[1, 4]",[],0,0,False,no_feasible_candidate,0,0,"[null, null, null, null, null, null, null]",[]
C010100,double_distinct_flip,"[1, 4]",[],1,2,False,multiple_candidates,5,1,"[false, false, false, null, null, false, false]","[""C000100"", ""C000200""]"
C010100,double_distinct_flip,"[1, 5]",[],0,0,False,no_feasible_candidate,0,0,"[null, null, null, null, null, null, null]",[]
C010100,double_distinct_flip,"[1, 5]",[],1,2,False,multiple_candidates,5,1,"[false, false, false, null, false, null, false]","[""C000010"", ""C000100""]"
C010100,double_distinct_flip,"[1, 6]",[],0,1,False,single_geometry_conditional,7,2,"[false, false, false, true, false, false, true]","[""C000101""]"
C010100,double_distinct_flip,"[1, 6]",[],1,6,False,multiple_candidates,2,0,"[null, null, null, null, false, false, null]","[""C000001"", ""C000100"", ""C000101"", ""C001101"", ""C010101"", ""C100101""]"
C010100,double_distinct_flip,"[2, 3]",[],0,1,False,single_geometry_conditional,7,2,"[false, true, true, false, false, false, false]","[""C011000""]"
C010100,double_distinct_flip,"[2, 3]",[],1,7,False,multiple_candidates,1,0,"[false, null, null, null, null, null, null]","[""C001000"", ""C010000"", ""C011000"", ""C011001"", ""C011010"", ""C011100"", ""C011200""]"
C010100,double_distinct_flip,"[2, 4]",[],0,0,False,no_feasible_candidate,0,0,"[null, null, null, null, null, null, null]",[]
C010100,double_distinct_flip,"[2, 4]",[],1,2,False,multiple_candidates,5,1,"[false, true, true, null, null, false, false]","[""C011100"", ""C011200""]"
C010100,double_distinct_flip,"[2, 5]",[],0,0,False,no_feasible_candidate,0,0,"[null, null, null, null, null, null, null]",[]
C010100,double_distinct_flip,"[2, 5]",[],1,2,False,multiple_candidates,5,1,"[false, true, true, null, false, null, false]","[""C011010"", ""C011100""]"
C010100,double_distinct_flip,"[2, 6]",[],0,1,False,compatibility_unresolved,7,2,"[false, true, true, true, false, false, true]","[""C011101""]"
C010100,double_distinct_flip,"[2, 6]",[],1,5,False,multiple_candidates,3,0,"[false, null, null, null, false, false, null]","[""C001101"", ""C010101"", ""C011001"", ""C011100"", ""C011101""]"
C010100,double_distinct_flip,"[3, 4]",[],0,1,False,single_geometry_conditional,7,2,"[false, true, false, false, true, false, false]","[""C010200""]"
C010100,double_distinct_flip,"[3, 4]",[],1,7,False,multiple_candidates,1,1,"[null, null, null, false, null, null, null]","[""C000200"", ""C010000"", ""C010200"", ""C010201"", ""C010210"", ""C011200"", ""C110200""]"
C010100,double_distinct_flip,"[3, 5]",[],0,1,False,single_geometry_conditional,7,2,"[false, true, false, false, false, true, false]","[""C010010""]"
C010100,double_distinct_flip,"[3, 5]",[],1,7,False,multiple_candidates,1,1,"[null, null, null, false, null, null, null]","[""C000010"", ""C010000"", ""C010010"", ""C010011"", ""C010210"", ""C011010"", ""C110010""]"
C010100,double_distinct_flip,"[3, 6]",[],0,1,False,single_geometry_conditional,7,2,"[false, true, false, false, false, false, true]","[""C010001""]"
C010100,double_distinct_flip,"[3, 6]",[],1,8,False,multiple_candidates,0,0,"[null, null, null, null, null, null, null]","[""C000001"", ""C010000"", ""C010001"", ""C010011"", ""C010101"", ""C010201"", ""C011001"", ""C110001""]"
C010100,double_distinct_flip,"[4, 5]",[],0,0,False,no_feasible_candidate,0,0,"[null, null, null, null, null, null, null]",[]
C010100,double_distinct_flip,"[4, 5]",[],1,1,False,single_geometry_conditional,7,3,"[false, true, false, false, true, true, false]","[""C010210""]"
C010100,double_distinct_flip,"[4, 6]",[],0,0,False,no_feasible_candidate,0,0,"[null, null, null, null, null, null, null]",[]
C010100,double_distinct_flip,"[4, 6]",[],1,2,False,multiple_candidates,5,1,"[false, true, false, null, null, false, true]","[""C010101"", ""C010201""]"
C010100,double_distinct_flip,"[5, 6]",[],0,0,False,no_feasible_candidate,0,0,"[null, null, null, null, null, null, null]",[]
C010100,double_distinct_flip,"[5, 6]",[],1,2,False,multiple_candidates,5,1,"[false, true, false, null, false, null, true]","[""C010011"", ""C010101""]"
C010101,clean,[],[],0,1,True,single_geometry_conditional,7,0,"[false, true, false, true, false, false, true]","[""C010101""]"
C010101,clean,[],[],1,6,True,multiple_candidates,2,0,"[null, null, null, null, false, false, null]","[""C000101"", ""C010001"", ""C010100"", ""C010101"", ""C011101"", ""C110101""]"
C010101,single_flip,[0],[],0,1,False,single_geometry_conditional,7,1,"[true, true, false, true, false, false, true]","[""C110101""]"
C010101,single_flip,[0],[],1,5,True,multiple_candidates,3,0,"[null, null, false, null, false, false, null]","[""C010101"", ""C100101"", ""C110001"", ""C110100"", ""C110101""]"
C010101,single_flip,[1],[],0,1,False,single_geometry_conditional,7,1,"[false, false, false, true, false, false, true]","[""C000101""]"
C010101,single_flip,[1],[],1,6,True,multiple_candidates,2,0,"[null, null, null, null, false, false, null]","[""C000001"", ""C000100"", ""C000101"", ""C001101"", ""C010101"", ""C100101""]"
C010101,single_flip,[2],[],0,1,False,compatibility_unresolved,7,1,"[false, true, true, true, false, false, true]","[""C011101""]"
C010101,single_flip,[2],[],1,5,True,multiple_candidates,3,0,"[false, null, null, null, false, false, null]","[""C001101"", ""C010101"", ""C011001"", ""C011100"", ""C011101""]"
C010101,single_flip,[3],[],0,1,False,single_geometry_conditional,7,1,"[false, true, false, false, false, false, true]","[""C010001""]"
C010101,single_flip,[3],[],1,8,True,multiple_candidates,0,0,"[null, null, null, null, null, null, null]","[""C000001"", ""C010000"", ""C010001"", ""C010011"", ""C010101"", ""C010201"", ""C011001"", ""C110001""]"
C010101,single_flip,[4],[],0,0,False,no_feasible_candidate,0,0,"[null, null, null, null, null, null, null]",[]
C010101,single_flip,[4],[],1,2,True,multiple_candidates,5,0,"[false, true, false, null, null, false, true]","[""C010101"", ""C010201""]"
C010101,single_flip,[5],[],0,0,False,no_feasible_candidate,0,0,"[null, null, null, null, null, null, null]",[]
C010101,single_flip,[5],[],1,2,True,multiple_candidates,5,0,"[false, true, false, null, false, null, true]","[""C010011"", ""C010101""]"
C010101,single_flip,[6],[],0,1,False,single_geometry_conditional,7,1,"[false, true, false, true, false, false, false]","[""C010100""]"
C010101,single_flip,[6],[],1,6,True,multiple_candidates,2,0,"[null, null, null, null, false, false, null]","[""C000100"", ""C010000"", ""C010100"", ""C010101"", ""C011100"", ""C110100""]"
C010101,single_missing,[],[0],0,2,True,multiple_candidates,6,0,"[null, true, false, true, false, false, true]","[""C010101"", ""C110101""]"
C010101,single_missing,[],[0],1,9,True,multiple_candidates,2,0,"[null, null, null, null, false, false, null]","[""C000101"", ""C010001"", ""C010100"", ""C010101"", ""C011101"", ""C100101"", ""C110001"", ""C110100"", ""C110101""]"
C010101,single_missing,[],[1],0,2,True,multiple_candidates,6,0,"[false, null, false, true, false, false, true]","[""C000101"", ""C010101""]"
C010101,single_missing,[],[1],1,10,True,multiple_candidates,2,0,"[null, null, null, null, false, false, null]","[""C000001"", ""C000100"", ""C000101"", ""C001101"", ""C010001"", ""C010100"", ""C010101"", ""C011101"", ""C100101"", ""C110101""]"
C010101,single_missing,[],[2],0,2,True,multiple_candidates,6,0,"[false, true, null, true, false, false, true]","[""C010101"", ""C011101""]"
C010101,single_missing,[],[2],1,9,True,multiple_candidates,2,0,"[null, null, null, null, false, false, null]","[""C000101"", ""C001101"", ""C010001"", ""C010100"", ""C010101"", ""C011001"", ""C011100"", ""C011101"", ""C110101""]"
C010101,single_missing,[],[3],0,2,True,multiple_candidates,6,0,"[false, true, false, null, false, false, true]","[""C010001"", ""C010101""]"
C010101,single_missing,[],[3],1,12,True,multiple_candidates,0,0,"[null, null, null, null, null, null, null]","[""C000001"", ""C000101"", ""C010000"", ""C010001"", ""C010011"", ""C010100"", ""C010101"", ""C010201"", ""C011001"", ""C011101"", ""C110001"", ""C110101""]"
C010101,single_missing,[],[4],0,1,True,single_geometry_conditional,7,0,"[false, true, false, true, false, false, true]","[""C010101""]"
C010101,single_missing,[],[4],1,7,True,multiple_candidates,1,0,"[null, null, null, null, null, false, null]","[""C000101"", ""C010001"", ""C010100"", ""C010101"", ""C010201"", ""C011101"", ""C110101""]"
C010101,single_missing,[],[5],0,1,True,single_geometry_conditional,7,0,"[false, true, false, true, false, false, true]","[""C010101""]"
C010101,single_missing,[],[5],1,7,True,multiple_candidates,1,0,"[null, null, null, null, false, null, null]","[""C000101"", ""C010001"", ""C010011"", ""C010100"", ""C010101"", ""C011101"", ""C110101""]"
C010101,single_missing,[],[6],0,2,True,multiple_candidates,6,0,"[false, true, false, true, false, false, null]","[""C010100"", ""C010101""]"
C010101,single_missing,[],[6],1,10,True,multiple_candidates,2,0,"[null, null, null, null, false, false, null]","[""C000100"", ""C000101"", ""C010000"", ""C010001"", ""C010100"", ""C010101"", ""C011100"", ""C011101"", ""C110100"", ""C110101""]"
C010101,double_distinct_flip,"[0, 1]",[],0,1,False,single_geometry_conditional,7,2,"[true, false, false, true, false, false, true]","[""C100101""]"
C010101,double_distinct_flip,"[0, 1]",[],1,6,False,multiple_candidates,2,0,"[null, null, null, null, false, false, null]","[""C000101"", ""C100001"", ""C100100"", ""C100101"", ""C101101"", ""C110101""]"
C010101,double_distinct_flip,"[0, 2]",[],0,0,False,no_feasible_candidate,0,0,"[null, null, null, null, null, null, null]",[]
C010101,double_distinct_flip,"[0, 2]",[],1,3,False,multiple_candidates,4,0,"[null, null, null, true, false, false, true]","[""C011101"", ""C101101"", ""C110101""]"
C010101,double_distinct_flip,"[0, 3]",[],0,1,False,single_geometry_conditional,7,2,"[true, true, false, false, false, false, true]","[""C110001""]"
C010101,double_distinct_flip,"[0, 3]",[],1,7,False,multiple_candidates,1,0,"[null, null, false, null, null, null, null]","[""C010001"", ""C100001"", ""C110000"", ""C110001"", ""C110011"", ""C110101"", ""C110201""]"
C010101,double_distinct_flip,"[0, 4]",[],0,0,False,no_feasible_candidate,0,0,"[null, null, null, null, null, null, null]",[]
C010101,double_distinct_flip,"[0, 4]",[],1,2,False,multiple_candidates,5,1,"[true, true, false, null, null, false, true]","[""C110101"", ""C110201""]"
C010101,double_distinct_flip,"[0, 5]",[],0,0,False,no_feasible_candidate,0,0,"[null, null, null, null, null, null, null]",[]
C010101,double_distinct_flip,"[0, 5]",[],1,2,False,multiple_candidates,5,1,"[true, true, false, null, false, null, true]","[""C110011"", ""C110101""]"
C010101,double_distinct_flip,"[0, 6]",[],0,1,False,single_geometry_conditional,7,2,"[true, true, false, true, false, false, false]","[""C110100""]"
C010101,double_distinct_flip,"[0, 6]",[],1,5,False,multiple_candidates,3,0,"[null, null, false, null, false, false, null]","[""C010100"", ""C100100"", ""C110000"", ""C110100"", ""C110101""]"
C010101,double_distinct_flip,"[1, 2]",[],0,1,False,compatibility_unresolved,7,2,"[false, false, true, true, false, false, true]","[""C001101""]"
C010101,double_distinct_flip,"[1, 2]",[],1,6,False,multiple_candidates,2,0,"[null, null, null, null, false, false, null]","[""C000101"", ""C001001"", ""C001100"", ""C001101"", ""C011101"", ""C101101""]"
C010101,double_distinct_flip,"[1, 3]",[],0,1,False,single_geometry_conditional,7,2,"[false, false, false, false, false, false, true]","[""C000001""]"
C010101,double_distinct_flip,"[1, 3]",[],1,8,False,multiple_candidates,0,0,"[null, null, null, null, null, null, null]","[""C000000"", ""C000001"", ""C000011"", ""C000101"", ""C000201"", ""C001001"", ""C010001"", ""C100001""]"
C010101,double_distinct_flip,"[1, 4]",[],0,0,False,no_feasible_candidate,0,0,"[null, null, null, null, null, null, null]",[]
C010101,double_distinct_flip,"[1, 4]",[],1,2,False,multiple_candidates,5,1,"[false, false, false, null, null, false, true]","[""C000101"", ""C000201""]"
C010101,double_distinct_flip,"[1, 5]",[],0,0,False,no_feasible_candidate,0,0,"[null, null, null, null, null, null, null]",[]
C010101,double_distinct_flip,"[1, 5]",[],1,2,False,multiple_candidates,5,1,"[false, false, false, null, false, null, true]","[""C000011"", ""C000101""]"
C010101,double_distinct_flip,"[1, 6]",[],0,1,False,single_geometry_conditional,7,2,"[false, false, false, true, false, false, false]","[""C000100""]"
C010101,double_distinct_flip,"[1, 6]",[],1,6,False,multiple_candidates,2,0,"[null, null, null, null, false, false, null]","[""C000000"", ""C000100"", ""C000101"", ""C001100"", ""C010100"", ""C100100""]"
C010101,double_distinct_flip,"[2, 3]",[],0,1,False,compatibility_unresolved,7,2,"[false, true, true, false, false, false, true]","[""C011001""]"
C010101,double_distinct_flip,"[2, 3]",[],1,7,False,multiple_candidates,1,0,"[false, null, null, null, null, null, null]","[""C001001"", ""C010001"", ""C011000"", ""C011001"", ""C011011"", ""C011101"", ""C011201""]"
C010101,double_distinct_flip,"[2, 4]",[],0,0,False,no_feasible_candidate,0,0,"[null, null, null, null, null, null, null]",[]
C010101,double_distinct_flip,"[2, 4]",[],1,2,False,multiple_candidates,5,1,"[false, true, true, null, null, false, true]","[""C011101"", ""C011201""]"
C010101,double_distinct_flip,"[2, 5]",[],0,0,False,no_feasible_candidate,0,0,"[null, null, null, null, null, null, null]",[]
C010101,double_distinct_flip,"[2, 5]",[],1,2,False,multiple_candidates,5,1,"[false, true, true, null, false, null, true]","[""C011011"", ""C011101""]"
C010101,double_distinct_flip,"[2, 6]",[],0,1,False,single_geometry_conditional,7,2,"[false, true, true, true, false, false, false]","[""C011100""]"
C010101,double_distinct_flip,"[2, 6]",[],1,5,False,multiple_candidates,3,0,"[false, null, null, null, false, false, null]","[""C001100"", ""C010100"", ""C011000"", ""C011100"", ""C011101""]"
C010101,double_distinct_flip,"[3, 4]",[],0,1,False,single_geometry_conditional,7,2,"[false, true, false, false, true, false, true]","[""C010201""]"
C010101,double_distinct_flip,"[3, 4]",[],1,7,False,multiple_candidates,1,1,"[null, null, null, false, null, null, null]","[""C000201"", ""C010001"", ""C010200"", ""C010201"", ""C010211"", ""C011201"", ""C110201""]"
C010101,double_distinct_flip,"[3, 5]",[],0,1,False,single_geometry_conditional,7,2,"[false, true, false, false, false, true, true]","[""C010011""]"
C010101,double_distinct_flip,"[3, 5]",[],1,7,False,multiple_candidates,1,1,"[null, null, null, false, null, null, null]","[""C000011"", ""C010001"", ""C010010"", ""C010011"", ""C010211"", ""C011011"", ""C110011""]"
C010101,double_distinct_flip,"[3, 6]",[],0,1,False,single_geometry_conditional,7,2,"[false, true, false, false, false, false, false]","[""C010000""]"
C010101,double_distinct_flip,"[3, 6]",[],1,8,False,multiple_candidates,0,0,"[null, null, null, null, null, null, null]","[""C000000"", ""C010000"", ""C010001"", ""C010010"", ""C010100"", ""C010200"", ""C011000"", ""C110000""]"
C010101,double_distinct_flip,"[4, 5]",[],0,0,False,no_feasible_candidate,0,0,"[null, null, null, null, null, null, null]",[]
C010101,double_distinct_flip,"[4, 5]",[],1,1,False,single_geometry_conditional,7,3,"[false, true, false, false, true, true, true]","[""C010211""]"
C010101,double_distinct_flip,"[4, 6]",[],0,0,False,no_feasible_candidate,0,0,"[null, null, null, null, null, null, null]",[]
C010101,double_distinct_flip,"[4, 6]",[],1,2,False,multiple_candidates,5,1,"[false, true, false, null, null, false, false]","[""C010100"", ""C010200""]"
C010101,double_distinct_flip,"[5, 6]",[],0,0,False,no_feasible_candidate,0,0,"[null, null, null, null, null, null, null]",[]
C010101,double_distinct_flip,"[5, 6]",[],1,2,False,multiple_candidates,5,1,"[false, true, false, null, false, null, false]","[""C010010"", ""C010100""]"
C010200,clean,[],[],0,1,True,single_geometry_conditional,7,0,"[false, true, false, false, true, false, false]","[""C010200""]"
C010200,clean,[],[],1,7,True,multiple_candidates,1,0,"[null, null, null, false, null, null, null]","[""C000200"", ""C010000"", ""C010200"", ""C010201"", ""C010210"", ""C011200"", ""C110200""]"
C010200,single_flip,[0],[],0,1,False,single_geometry_conditional,7,1,"[true, true, false, false, true, false, false]","[""C110200""]"
C010200,single_flip,[0],[],1,6,True,multiple_candidates,2,0,"[null, null, false, false, null, null, null]","[""C010200"", ""C100200"", ""C110000"", ""C110200"", ""C110201"", ""C110210""]"
C010200,single_flip,[1],[],0,1,False,single_geometry_conditional,7,1,"[false, false, false, false, true, false, false]","[""C000200""]"
C010200,single_flip,[1],[],1,7,True,multiple_candidates,1,0,"[null, null, null, false, null, null, null]","[""C000000"", ""C000200"", ""C000201"", ""C000210"", ""C001200"", ""C010200"", ""C100200""]"
C010200,single_flip,[2],[],0,1,False,single_geometry_conditional,7,1,"[false, true, true, false, true, false, false]","[""C011200""]"
C010200,single_flip,[2],[],1,6,True,multiple_candidates,2,0,"[false, null, null, false, null, null, null]","[""C001200"", ""C010200"", ""C011000"", ""C011200"", ""C011201"", ""C011210""]"
C010200,single_flip,[3],[],0,0,False,no_feasible_candidate,0,0,"[null, null, null, null, null, null, null]",[]
C010200,single_flip,[3],[],1,2,True,multiple_candidates,5,0,"[false, true, false, null, null, false, false]","[""C010100"", ""C010200""]"
C010200,single_flip,[4],[],0,1,False,single_geometry_conditional,7,1,"[false, true, false, false, false, false, false]","[""C010000""]"
C010200,single_flip,[4],[],1,8,True,multiple_candidates,0,0,"[null, null, null, null, null, null, null]","[""C000000"", ""C010000"", ""C010001"", ""C010010"", ""C010100"", ""C010200"", ""C011000"", ""C110000""]"
C010200,single_flip,[5],[],0,1,False,single_geometry_conditional,7,1,"[false, true, false, false, true, true, false]","[""C010210""]"
C010200,single_flip,[5],[],1,7,True,multiple_candidates,1,0,"[null, null, null, false, null, null, null]","[""C000210"", ""C010010"", ""C010200"", ""C010210"", ""C010211"", ""C011210"", ""C110210""]"
C010200,single_flip,[6],[],0,1,False,single_geometry_conditional,7,1,"[false, true, false, false, true, false, true]","[""C010201""]"
C010200,single_flip,[6],[],1,7,True,multiple_candidates,1,0,"[null, null, null, false, null, null, null]","[""C000201"", ""C010001"", ""C010200"", ""C010201"", ""C010211"", ""C011201"", ""C110201""]"
C010200,single_missing,[],[0],0,2,True,multiple_candidates,6,0,"[null, true, false, false, true, false, false]","[""C010200"", ""C110200""]"
C010200,single_missing,[],[0],1,11,True,multiple_candidates,1,0,"[null, null, null, false, null, null, null]","[""C000200"", ""C010000"", ""C010200"", ""C010201"", ""C010210"", ""C011200"", ""C100200"", ""C110000"", ""C110200"", ""C110201"", ""C110210""]"
C010200,single_missing,[],[1],0,2,True,multiple_candidates,6,0,"[false, null, false, false, true, false, false]","[""C000200"", ""C010200""]"
C010200,single_missing,[],[1],1,12,True,multiple_candidates,1,0,"[null, null, null, false, null, null, null]","[""C000000"", ""C000200"", ""C000201"", ""C000210"", ""C001200"", ""C010000"", ""C010200"", ""C010201"", ""C010210"", ""C011200"", ""C100200"", ""C110200""]"
C010200,single_missing,[],[2],0,2,True,multiple_candidates,6,0,"[false, true, null, false, true, false, false]","[""C010200"", ""C011200""]"
C010200,single_missing,[],[2],1,11,True,multiple_candidates,1,0,"[null, null, null, false, null, null, null]","[""C000200"", ""C001200"", ""C010000"", ""C010200"", ""C010201"", ""C010210"", ""C011000"", ""C011200"", ""C011201"", ""C011210"", ""C110200""]"
C010200,single_missing,[],[3],0,1,True,single_geometry_conditional,7,0,"[false, true, false, false, true, false, false]","[""C010200""]"
C010200,single_missing,[],[3],1,8,True,multiple_candidates,0,0,"[null, null, null, null, null, null, null]","[""C000200"", ""C010000"", ""C010100"", ""C010200"", ""C010201"", ""C010210"", ""C011200"", ""C110200""]"
C010200,single_missing,[],[4],0,2,True,multiple_candidates,6,0,"[false, true, false, false, null, false, false]","[""C010000"", ""C010200""]"
C010200,single_missing,[],[4],1,13,True,multiple_candidates,0,0,"[null, null, null, null, null, null, null]","[""C000000"", ""C000200"", ""C010000"", ""C010001"", ""C010010"", ""C010100"", ""C010200"", ""C010201"", ""C010210"", ""C011000"", ""C011200"", ""C110000"", ""C110200""]"
C010200,single_missing,[],[5],0,2,True,multiple_candidates,6,0,"[false, true, false, false, true, null, false]","[""C010200"", ""C010210""]"
C010200,single_missing,[],[5],1,12,True,multiple_candidates,1,0,"[null, null, null, false, null, null, null]","[""C000200"", ""C000210"", ""C010000"", ""C010010"", ""C010200"", ""C010201"", ""C010210"", ""C010211"", ""C011200"", ""C011210"", ""C110200"", ""C110210""]"
C010200,single_missing,[],[6],0,2,True,multiple_candidates,6,0,"[false, true, false, false, true, false, null]","[""C010200"", ""C010201""]"
C010200,single_missing,[],[6],1,12,True,multiple_candidates,1,0,"[null, null, null, false, null, null, null]","[""C000200"", ""C000201"", ""C010000"", ""C010001"", ""C010200"", ""C010201"", ""C010210"", ""C010211"", ""C011200"", ""C011201"", ""C110200"", ""C110201""]"
C010200,double_distinct_flip,"[0, 1]",[],0,1,False,single_geometry_conditional,7,2,"[true, false, false, false, true, false, false]","[""C100200""]"
C010200,double_distinct_flip,"[0, 1]",[],1,7,False,multiple_candidates,1,0,"[null, null, null, false, null, null, null]","[""C000200"", ""C100000"", ""C100200"", ""C100201"", ""C100210"", ""C101200"", ""C110200""]"
C010200,double_distinct_flip,"[0, 2]",[],0,0,False,no_feasible_candidate,0,0,"[null, null, null, null, null, null, null]",[]
C010200,double_distinct_flip,"[0, 2]",[],1,3,False,multiple_candidates,4,0,"[null, null, null, false, true, false, false]","[""C011200"", ""C101200"", ""C110200""]"
C010200,double_distinct_flip,"[0, 3]",[],0,0,False,no_feasible_candidate,0,0,"[null, null, null, null, null, null, null]",[]
C010200,double_distinct_flip,"[0, 3]",[],1,2,False,multiple_candidates,5,1,"[true, true, false, null, null, false, false]","[""C110100"", ""C110200""]"
C010200,double_distinct_flip,"[0, 4]",[],0,1,False,single_geometry_conditional,7,2,"[true, true, false, false, false, false, false]","[""C110000""]"
C010200,double_distinct_flip,"[0, 4]",[],1,7,False,multiple_candidates,1,0,"[null, null, false, null, null, null, null]","[""C010000"", ""C100000"", ""C110000"", ""C110001"", ""C110010"", ""C110100"", ""C110200""]"
C010200,double_distinct_flip,"[0, 5]",[],0,1,False,single_geometry_conditional,7,2,"[true, true, false, false, true, true, false]","[""C110210""]"
C010200,double_distinct_flip,"[0, 5]",[],1,6,False,multiple_candidates,2,0,"[null, null, false, false, null, null, null]","[""C010210"", ""C100210"", ""C110010"", ""C110200"", ""C110210"", ""C110211""]"
C010200,double_distinct_flip,"[0, 6]",[],0,1,False,single_geometry_conditional,7,2,"[true, true, false, false, true, false, true]","[""C110201""]"
C010200,double_distinct_flip,"[0, 6]",[],1,6,False,multiple_candidates,2,0,"[null, null, false, false, null, null, null]","[""C010201"", ""C100201"", ""C110001"", ""C110200"", ""C110201"", ""C110211""]"
C010200,double_distinct_flip,"[1, 2]",[],0,1,False,single_geometry_conditional,7,2,"[false, false, true, false, true, false, false]","[""C001200""]"
C010200,double_distinct_flip,"[1, 2]",[],1,7,False,multiple_candidates,1,0,"[null, null, null, false, null, null, null]","[""C000200"", ""C001000"", ""C001200"", ""C001201"", ""C001210"", ""C011200"", ""C101200""]"
C010200,double_distinct_flip,"[1, 3]",[],0,0,False,no_feasible_candidate,0,0,"[null, null, null, null, null, null, null]",[]
C010200,double_distinct_flip,"[1, 3]",[],1,2,False,multiple_candidates,5,1,"[false, false, false, null, null, false, false]","[""C000100"", ""C000200""]"
C010200,double_distinct_flip,"[1, 4]",[],0,1,False,single_geometry_conditional,7,2,"[false, false, false, false, false, false, false]","[""C000000""]"
C010200,double_distinct_flip,"[1, 4]",[],1,8,False,multiple_candidates,0,0,"[null, null, null, null, null, null, null]","[""C000000"", ""C000001"", ""C000010"", ""C000100"", ""C000200"", ""C001000"", ""C010000"", ""C100000""]"
C010200,double_distinct_flip,"[1, 5]",[],0,1,False,single_geometry_conditional,7,2,"[false, false, false, false, true, true, false]","[""C000210""]"
C010200,double_distinct_flip,"[1, 5]",[],1,7,False,multiple_candidates,1,0,"[null, null, null, false, null, null, null]","[""C000010"", ""C000200"", ""C000210"", ""C000211"", ""C001210"", ""C010210"", ""C100210""]"
C010200,double_distinct_flip,"[1, 6]",[],0,1,False,single_geometry_conditional,7,2,"[false, false, false, false, true, false, true]","[""C000201""]"
C010200,double_distinct_flip,"[1, 6]",[],1,7,False,multiple_candidates,1,0,"[null, null, null, false, null, null, null]","[""C000001"", ""C000200"", ""C000201"", ""C000211"", ""C001201"", ""C010201"", ""C100201""]"
C010200,double_distinct_flip,"[2, 3]",[],0,0,False,no_feasible_candidate,0,0,"[null, null, null, null, null, null, null]",[]
C010200,double_distinct_flip,"[2, 3]",[],1,2,False,multiple_candidates,5,1,"[false, true, true, null, null, false, false]","[""C011100"", ""C011200""]"
C010200,double_distinct_flip,"[2, 4]",[],0,1,False,single_geometry_conditional,7,2,"[false, true, true, false, false, false, false]","[""C011000""]"
C010200,double_distinct_flip,"[2, 4]",[],1,7,False,multiple_candidates,1,0,"[false, null, null, null, null, null, null]","[""C001000"", ""C010000"", ""C011000"", ""C011001"", ""C011010"", ""C011100"", ""C011200""]"
C010200,double_distinct_flip,"[2, 5]",[],0,1,False,single_geometry_conditional,7,2,"[false, true, true, false, true, true, false]","[""C011210""]"
C010200,double_distinct_flip,"[2, 5]",[],1,6,False,multiple_candidates,2,0,"[false, null, null, false, null, null, null]","[""C001210"", ""C010210"", ""C011010"", ""C011200"", ""C011210"", ""C011211""]"
C010200,double_distinct_flip,"[2, 6]",[],0,1,False,compatibility_unresolved,7,2,"[false, true, true, false, true, false, true]","[""C011201""]"
C010200,double_distinct_flip,"[2, 6]",[],1,6,False,multiple_candidates,2,0,"[false, null, null, false, null, null, null]","[""C001201"", ""C010201"", ""C011001"", ""C011200"", ""C011201"", ""C011211""]"
C010200,double_distinct_flip,"[3, 4]",[],0,1,False,single_geometry_conditional,7,2,"[false, true, false, true, false, false, false]","[""C010100""]"
C010200,double_distinct_flip,"[3, 4]",[],1,6,False,multiple_candidates,2,1,"[null, null, null, null, false, false, null]","[""C000100"", ""C010000"", ""C010100"", ""C010101"", ""C011100"", ""C110100""]"
C010200,double_distinct_flip,"[3, 5]",[],0,0,False,no_feasible_candidate,0,0,"[null, null, null, null, null, null, null]",[]
C010200,double_distinct_flip,"[3, 5]",[],1,1,False,single_geometry_conditional,7,1,"[false, true, false, false, true, true, false]","[""C010210""]"
C010200,double_distinct_flip,"[3, 6]",[],0,0,False,no_feasible_candidate,0,0,"[null, null, null, null, null, null, null]",[]
C010200,double_distinct_flip,"[3, 6]",[],1,2,False,multiple_candidates,5,1,"[false, true, false, null, null, false, true]","[""C010101"", ""C010201""]"
C010200,double_distinct_flip,"[4, 5]",[],0,1,False,single_geometry_conditional,7,2,"[false, true, false, false, false, true, false]","[""C010010""]"
C010200,double_distinct_flip,"[4, 5]",[],1,7,False,multiple_candidates,1,0,"[null, null, null, false, null, null, null]","[""C000010"", ""C010000"", ""C010010"", ""C010011"", ""C010210"", ""C011010"", ""C110010""]"
C010200,double_distinct_flip,"[4, 6]",[],0,1,False,single_geometry_conditional,7,2,"[false, true, false, false, false, false, true]","[""C010001""]"
C010200,double_distinct_flip,"[4, 6]",[],1,8,False,multiple_candidates,0,0,"[null, null, null, null, null, null, null]","[""C000001"", ""C010000"", ""C010001"", ""C010011"", ""C010101"", ""C010201"", ""C011001"", ""C110001""]"
C010200,double_distinct_flip,"[5, 6]",[],0,1,False,single_geometry_conditional,7,2,"[false, true, false, false, true, true, true]","[""C010211""]"
C010200,double_distinct_flip,"[5, 6]",[],1,7,False,multiple_candidates,1,0,"[null, null, null, false, null, null, null]","[""C000211"", ""C010011"", ""C010201"", ""C010210"", ""C010211"", ""C011211"", ""C110211""]"
C010201,clean,[],[],0,1,True,single_geometry_conditional,7,0,"[false, true, false, false, true, false, true]","[""C010201""]"
C010201,clean,[],[],1,7,True,multiple_candidates,1,0,"[null, null, null, false, null, null, null]","[""C000201"", ""C010001"", ""C010200"", ""C010201"", ""C010211"", ""C011201"", ""C110201""]"
C010201,single_flip,[0],[],0,1,False,single_geometry_conditional,7,1,"[true, true, false, false, true, false, true]","[""C110201""]"
C010201,single_flip,[0],[],1,6,True,multiple_candidates,2,0,"[null, null, false, false, null, null, null]","[""C010201"", ""C100201"", ""C110001"", ""C110200"", ""C110201"", ""C110211""]"
C010201,single_flip,[1],[],0,1,False,single_geometry_conditional,7,1,"[false, false, false, false, true, false, true]","[""C000201""]"
C010201,single_flip,[1],[],1,7,True,multiple_candidates,1,0,"[null, null, null, false, null, null, null]","[""C000001"", ""C000200"", ""C000201"", ""C000211"", ""C001201"", ""C010201"", ""C100201""]"
C010201,single_flip,[2],[],0,1,False,compatibility_unresolved,7,1,"[false, true, true, false, true, false, true]","[""C011201""]"
C010201,single_flip,[2],[],1,6,True,multiple_candidates,2,0,"[false, null, null, false, null, null, null]","[""C001201"", ""C010201"", ""C011001"", ""C011200"", ""C011201"", ""C011211""]"
C010201,single_flip,[3],[],0,0,False,no_feasible_candidate,0,0,"[null, null, null, null, null, null, null]",[]
C010201,single_flip,[3],[],1,2,True,multiple_candidates,5,0,"[false, true, false, null, null, false, true]","[""C010101"", ""C010201""]"
C010201,single_flip,[4],[],0,1,False,single_geometry_conditional,7,1,"[false, true, false, false, false, false, true]","[""C010001""]"
C010201,single_flip,[4],[],1,8,True,multiple_candidates,0,0,"[null, null, null, null, null, null, null]","[""C000001"", ""C010000"", ""C010001"", ""C010011"", ""C010101"", ""C010201"", ""C011001"", ""C110001""]"
C010201,single_flip,[5],[],0,1,False,single_geometry_conditional,7,1,"[false, true, false, false, true, true, true]","[""C010211""]"
C010201,single_flip,[5],[],1,7,True,multiple_candidates,1,0,"[null, null, null, false, null, null, null]","[""C000211"", ""C010011"", ""C010201"", ""C010210"", ""C010211"", ""C011211"", ""C110211""]"
C010201,single_flip,[6],[],0,1,False,single_geometry_conditional,7,1,"[false, true, false, false, true, false, false]","[""C010200""]"
C010201,single_flip,[6],[],1,7,True,multiple_candidates,1,0,"[null, null, null, false, null, null, null]","[""C000200"", ""C010000"", ""C010200"", ""C010201"", ""C010210"", ""C011200"", ""C110200""]"
C010201,single_missing,[],[0],0,2,True,multiple_candidates,6,0,"[null, true, false, false, true, false, true]","[""C010201"", ""C110201""]"
C010201,single_missing,[],[0],1,11,True,multiple_candidates,1,0,"[null, null, null, false, null, null, null]","[""C000201"", ""C010001"", ""C010200"", ""C010201"", ""C010211"", ""C011201"", ""C100201"", ""C110001"", ""C110200"", ""C110201"", ""C110211""]"
C010201,single_missing,[],[1],0,2,True,multiple_candidates,6,0,"[false, null, false, false, true, false, true]","[""C000201"", ""C010201""]"
C010201,single_missing,[],[1],1,12,True,multiple_candidates,1,0,"[null, null, null, false, null, null, null]","[""C000001"", ""C000200"", ""C000201"", ""C000211"", ""C001201"", ""C010001"", ""C010200"", ""C010201"", ""C010211"", ""C011201"", ""C100201"", ""C110201""]"
C010201,single_missing,[],[2],0,2,True,multiple_candidates,6,0,"[false, true, null, false, true, false, true]","[""C010201"", ""C011201""]"
C010201,single_missing,[],[2],1,11,True,multiple_candidates,1,0,"[null, null, null, false, null, null, null]","[""C000201"", ""C001201"", ""C010001"", ""C010200"", ""C010201"", ""C010211"", ""C011001"", ""C011200"", ""C011201"", ""C011211"", ""C110201""]"
C010201,single_missing,[],[3],0,1,True,single_geometry_conditional,7,0,"[false, true, false, false, true, false, true]","[""C010201""]"
C010201,single_missing,[],[3],1,8,True,multiple_candidates,0,0,"[null, null, null, null, null, null, null]","[""C000201"", ""C010001"", ""C010101"", ""C010200"", ""C010201"", ""C010211"", ""C011201"", ""C110201""]"
C010201,single_missing,[],[4],0,2,True,multiple_candidates,6,0,"[false, true, false, false, null, false, true]","[""C010001"", ""C010201""]"
C010201,single_missing,[],[4],1,13,True,multiple_candidates,0,0,"[null, null, null, null, null, null, null]","[""C000001"", ""C000201"", ""C010000"", ""C010001"", ""C010011"", ""C010101"", ""C010200"", ""C010201"", ""C010211"", ""C011001"", ""C011201"", ""C110001"", ""C110201""]"
C010201,single_missing,[],[5],0,2,True,multiple_candidates,6,0,"[false, true, false, false, true, null, true]","[""C010201"", ""C010211""]"
C010201,single_missing,[],[5],1,12,True,multiple_candidates,1,0,"[null, null, null, false, null, null, null]","[""C000201"", ""C000211"", ""C010001"", ""C010011"", ""C010200"", ""C010201"", ""C010210"", ""C010211"", ""C011201"", ""C011211"", ""C110201"", ""C110211""]"
C010201,single_missing,[],[6],0,2,True,multiple_candidates,6,0,"[false, true, false, false, true, false, null]","[""C010200"", ""C010201""]"
C010201,single_missing,[],[6],1,12,True,multiple_candidates,1,0,"[null, null, null, false, null, null, null]","[""C000200"", ""C000201"", ""C010000"", ""C010001"", ""C010200"", ""C010201"", ""C010210"", ""C010211"", ""C011200"", ""C011201"", ""C110200"", ""C110201""]"
C010201,double_distinct_flip,"[0, 1]",[],0,1,False,single_geometry_conditional,7,2,"[true, false, false, false, true, false, true]","[""C100201""]"
C010201,double_distinct_flip,"[0, 1]",[],1,7,False,multiple_candidates,1,0,"[null, null, null, false, null, null, null]","[""C000201"", ""C100001"", ""C100200"", ""C100201"", ""C100211"", ""C101201"", ""C110201""]"
C010201,double_distinct_flip,"[0, 2]",[],0,0,False,no_feasible_candidate,0,0,"[null, null, null, null, null, null, null]",[]
C010201,double_distinct_flip,"[0, 2]",[],1,3,False,multiple_candidates,4,0,"[null, null, null, false, true, false, true]","[""C011201"", ""C101201"", ""C110201""]"
C010201,double_distinct_flip,"[0, 3]",[],0,0,False,no_feasible_candidate,0,0,"[null, null, null, null, null, null, null]",[]
C010201,double_distinct_flip,"[0, 3]",[],1,2,False,multiple_candidates,5,1,"[true, true, false, null, null, false, true]","[""C110101"", ""C110201""]"
C010201,double_distinct_flip,"[0, 4]",[],0,1,False,single_geometry_conditional,7,2,"[true, true, false, false, false, false, true]","[""C110001""]"
C010201,double_distinct_flip,"[0, 4]",[],1,7,False,multiple_candidates,1,0,"[null, null, false, null, null, null, null]","[""C010001"", ""C100001"", ""C110000"", ""C110001"", ""C110011"", ""C110101"", ""C110201""]"
C010201,double_distinct_flip,"[0, 5]",[],0,1,False,single_geometry_conditional,7,2,"[true, true, false, false, true, true, true]","[""C110211""]"
C010201,double_distinct_flip,"[0, 5]",[],1,6,False,multiple_candidates,2,0,"[null, null, false, false, null, null, null]","[""C010211"", ""C100211"", ""C110011"", ""C110201"", ""C110210"", ""C110211""]"
C010201,double_distinct_flip,"[0, 6]",[],0,1,False,single_geometry_conditional,7,2,"[true, true, false, false, true, false, false]","[""C110200""]"
C010201,double_distinct_flip,"[0, 6]",[],1,6,False,multiple_candidates,2,0,"[null, null, false, false, null, null, null]","[""C010200"", ""C100200"", ""C110000"", ""C110200"", ""C110201"", ""C110210""]"
C010201,double_distinct_flip,"[1, 2]",[],0,1,False,compatibility_unresolved,7,2,"[false, false, true, false, true, false, true]","[""C001201""]"
C010201,double_distinct_flip,"[1, 2]",[],1,7,False,multiple_candidates,1,0,"[null, null, null, false, null, null, null]","[""C000201"", ""C001001"", ""C001200"", ""C001201"", ""C001211"", ""C011201"", ""C101201""]"
C010201,double_distinct_flip,"[1, 3]",[],0,0,False,no_feasible_candidate,0,0,"[null, null, null, null, null, null, null]",[]
C010201,double_distinct_flip,"[1, 3]",[],1,2,False,multiple_candidates,5,1,"[false, false, false, null, null, false, true]","[""C000101"", ""C000201""]"
C010201,double_distinct_flip,"[1, 4]",[],0,1,False,single_geometry_conditional,7,2,"[false, false, false, false, false, false, true]","[""C000001""]"
C010201,double_distinct_flip,"[1, 4]",[],1,8,False,multiple_candidates,0,0,"[null, null, null, null, null, null, null]","[""C000000"", ""C000001"", ""C000011"", ""C000101"", ""C000201"", ""C001001"", ""C010001"", ""C100001""]"
C010201,double_distinct_flip,"[1, 5]",[],0,1,False,single_geometry_conditional,7,2,"[false, false, false, false, true, true, true]","[""C000211""]"
C010201,double_distinct_flip,"[1, 5]",[],1,7,False,multiple_candidates,1,0,"[null, null, null, false, null, null, null]","[""C000011"", ""C000201"", ""C000210"", ""C000211"", ""C001211"", ""C010211"", ""C100211""]"
C010201,double_distinct_flip,"[1, 6]",[],0,1,False,single_geometry_conditional,7,2,"[false, false, false, false, true, false, false]","[""C000200""]"
C010201,double_distinct_flip,"[1, 6]",[],1,7,False,multiple_candidates,1,0,"[null, null, null, false, null, null, null]","[""C000000"", ""C000200"", ""C000201"", ""C000210"", ""C001200"", ""C010200"", ""C100200""]"
C010201,double_distinct_flip,"[2, 3]",[],0,0,False,no_feasible_candidate,0,0,"[null, null, null, null, null, null, null]",[]
C010201,double_distinct_flip,"[2, 3]",[],1,2,False,multiple_candidates,5,1,"[false, true, true, null, null, false, true]","[""C011101"", ""C011201""]"
C010201,double_distinct_flip,"[2, 4]",[],0,1,False,compatibility_unresolved,7,2,"[false, true, true, false, false, false, true]","[""C011001""]"
C010201,double_distinct_flip,"[2, 4]",[],1,7,False,multiple_candidates,1,0,"[false, null, null, null, null, null, null]","[""C001001"", ""C010001"", ""C011000"", ""C011001"", ""C011011"", ""C011101"", ""C011201""]"
C010201,double_distinct_flip,"[2, 5]",[],0,1,False,compatibility_unresolved,7,2,"[false, true, true, false, true, true, true]","[""C011211""]"
C010201,double_distinct_flip,"[2, 5]",[],1,6,False,multiple_candidates,2,0,"[false, null, null, false, null, null, null]","[""C001211"", ""C010211"", ""C011011"", ""C011201"", ""C011210"", ""C011211""]"
C010201,double_distinct_flip,"[2, 6]",[],0,1,False,single_geometry_conditional,7,2,"[false, true, true, false, true, false, false]","[""C011200""]"
C010201,double_distinct_flip,"[2, 6]",[],1,6,False,multiple_candidates,2,0,"[false, null, null, false, null, null, null]","[""C001200"", ""C010200"", ""C011000"", ""C011200"", ""C011201"", ""C011210""]"
C010201,double_distinct_flip,"[3, 4]",[],0,1,False,single_geometry_conditional,7,2,"[false, true, false, true, false, false, true]","[""C010101""]"
C010201,double_distinct_flip,"[3, 4]",[],1,6,False,multiple_candidates,2,1,"[null, null, null, null, false, false, null]","[""C000101"", ""C010001"", ""C010100"", ""C010101"", ""C011101"", ""C110101""]"
C010201,double_distinct_flip,"[3, 5]",[],0,0,False,no_feasible_candidate,0,0,"[null, null, null, null, null, null, null]",[]
C010201,double_distinct_flip,"[3, 5]",[],1,1,False,single_geometry_conditional,7,1,"[false, true, false, false, true, true, true]","[""C010211""]"
C010201,double_distinct_flip,"[3, 6]",[],0,0,False,no_feasible_candidate,0,0,"[null, null, null, null, null, null, null]",[]
C010201,double_distinct_flip,"[3, 6]",[],1,2,False,multiple_candidates,5,1,"[false, true, false, null, null, false, false]","[""C010100"", ""C010200""]"
C010201,double_distinct_flip,"[4, 5]",[],0,1,False,single_geometry_conditional,7,2,"[false, true, false, false, false, true, true]","[""C010011""]"
C010201,double_distinct_flip,"[4, 5]",[],1,7,False,multiple_candidates,1,0,"[null, null, null, false, null, null, null]","[""C000011"", ""C010001"", ""C010010"", ""C010011"", ""C010211"", ""C011011"", ""C110011""]"
C010201,double_distinct_flip,"[4, 6]",[],0,1,False,single_geometry_conditional,7,2,"[false, true, false, false, false, false, false]","[""C010000""]"
C010201,double_distinct_flip,"[4, 6]",[],1,8,False,multiple_candidates,0,0,"[null, null, null, null, null, null, null]","[""C000000"", ""C010000"", ""C010001"", ""C010010"", ""C010100"", ""C010200"", ""C011000"", ""C110000""]"
C010201,double_distinct_flip,"[5, 6]",[],0,1,False,single_geometry_conditional,7,2,"[false, true, false, false, true, true, false]","[""C010210""]"
C010201,double_distinct_flip,"[5, 6]",[],1,7,False,multiple_candidates,1,0,"[null, null, null, false, null, null, null]","[""C000210"", ""C010010"", ""C010200"", ""C010210"", ""C010211"", ""C011210"", ""C110210""]"
C010210,clean,[],[],0,1,True,single_geometry_conditional,7,0,"[false, true, false, false, true, true, false]","[""C010210""]"
C010210,clean,[],[],1,7,True,multiple_candidates,1,0,"[null, null, null, false, null, null, null]","[""C000210"", ""C010010"", ""C010200"", ""C010210"", ""C010211"", ""C011210"", ""C110210""]"
C010210,single_flip,[0],[],0,1,False,single_geometry_conditional,7,1,"[true, true, false, false, true, true, false]","[""C110210""]"
C010210,single_flip,[0],[],1,6,True,multiple_candidates,2,0,"[null, null, false, false, null, null, null]","[""C010210"", ""C100210"", ""C110010"", ""C110200"", ""C110210"", ""C110211""]"
C010210,single_flip,[1],[],0,1,False,single_geometry_conditional,7,1,"[false, false, false, false, true, true, false]","[""C000210""]"
C010210,single_flip,[1],[],1,7,True,multiple_candidates,1,0,"[null, null, null, false, null, null, null]","[""C000010"", ""C000200"", ""C000210"", ""C000211"", ""C001210"", ""C010210"", ""C100210""]"
C010210,single_flip,[2],[],0,1,False,single_geometry_conditional,7,1,"[false, true, true, false, true, true, false]","[""C011210""]"
C010210,single_flip,[2],[],1,6,True,multiple_candidates,2,0,"[false, null, null, false, null, null, null]","[""C001210"", ""C010210"", ""C011010"", ""C011200"", ""C011210"", ""C011211""]"
C010210,single_flip,[3],[],0,0,False,no_feasible_candidate,0,0,"[null, null, null, null, null, null, null]",[]
C010210,single_flip,[3],[],1,1,True,single_geometry_conditional,7,0,"[false, true, false, false, true, true, false]","[""C010210""]"
C010210,single_flip,[4],[],0,1,False,single_geometry_conditional,7,1,"[false, true, false, false, false, true, false]","[""C010010""]"
C010210,single_flip,[4],[],1,7,True,multiple_candidates,1,0,"[null, null, null, false, null, null, null]","[""C000010"", ""C010000"", ""C010010"", ""C010011"", ""C010210"", ""C011010"", ""C110010""]"
C010210,single_flip,[5],[],0,1,False,single_geometry_conditional,7,1,"[false, true, false, false, true, false, false]","[""C010200""]"
C010210,single_flip,[5],[],1,7,True,multiple_candidates,1,0,"[null, null, null, false, null, null, null]","[""C000200"", ""C010000"", ""C010200"", ""C010201"", ""C010210"", ""C011200"", ""C110200""]"
C010210,single_flip,[6],[],0,1,False,single_geometry_conditional,7,1,"[false, true, false, false, true, true, true]","[""C010211""]"
C010210,single_flip,[6],[],1,7,True,multiple_candidates,1,0,"[null, null, null, false, null, null, null]","[""C000211"", ""C010011"", ""C010201"", ""C010210"", ""C010211"", ""C011211"", ""C110211""]"
C010210,single_missing,[],[0],0,2,True,multiple_candidates,6,0,"[null, true, false, false, true, true, false]","[""C010210"", ""C110210""]"
C010210,single_missing,[],[0],1,11,True,multiple_candidates,1,0,"[null, null, null, false, null, null, null]","[""C000210"", ""C010010"", ""C010200"", ""C010210"", ""C010211"", ""C011210"", ""C100210"", ""C110010"", ""C110200"", ""C110210"", ""C110211""]"
C010210,single_missing,[],[1],0,2,True,multiple_candidates,6,0,"[false, null, false, false, true, true, false]","[""C000210"", ""C010210""]"
C010210,single_missing,[],[1],1,12,True,multiple_candidates,1,0,"[null, null, null, false, null, null, null]","[""C000010"", ""C000200"", ""C000210"", ""C000211"", ""C001210"", ""C010010"", ""C010200"", ""C010210"", ""C010211"", ""C011210"", ""C100210"", ""C110210""]"
C010210,single_missing,[],[2],0,2,True,multiple_candidates,6,0,"[false, true, null, false, true, true, false]","[""C010210"", ""C011210""]"
C010210,single_missing,[],[2],1,11,True,multiple_candidates,1,0,"[null, null, null, false, null, null, null]","[""C000210"", ""C001210"", ""C010010"", ""C010200"", ""C010210"", ""C010211"", ""C011010"", ""C011200"", ""C011210"", ""C011211"", ""C110210""]"
C010210,single_missing,[],[3],0,1,True,single_geometry_conditional,7,0,"[false, true, false, false, true, true, false]","[""C010210""]"
C010210,single_missing,[],[3],1,7,True,multiple_candidates,1,0,"[null, null, null, false, null, null, null]","[""C000210"", ""C010010"", ""C010200"", ""C010210"", ""C010211"", ""C011210"", ""C110210""]"
C010210,single_missing,[],[4],0,2,True,multiple_candidates,6,0,"[false, true, false, false, null, true, false]","[""C010010"", ""C010210""]"
C010210,single_missing,[],[4],1,12,True,multiple_candidates,1,0,"[null, null, null, false, null, null, null]","[""C000010"", ""C000210"", ""C010000"", ""C010010"", ""C010011"", ""C010200"", ""C010210"", ""C010211"", ""C011010"", ""C011210"", ""C110010"", ""C110210""]"
C010210,single_missing,[],[5],0,2,True,multiple_candidates,6,0,"[false, true, false, false, true, null, false]","[""C010200"", ""C010210""]"
C010210,single_missing,[],[5],1,12,True,multiple_candidates,1,0,"[null, null, null, false, null, null, null]","[""C000200"", ""C000210"", ""C010000"", ""C010010"", ""C010200"", ""C010201"", ""C010210"", ""C010211"", ""C011200"", ""C011210"", ""C110200"", ""C110210""]"
C010210,single_missing,[],[6],0,2,True,multiple_candidates,6,0,"[false, true, false, false, true, true, null]","[""C010210"", ""C010211""]"
C010210,single_missing,[],[6],1,12,True,multiple_candidates,1,0,"[null, null, null, false, null, null, null]","[""C000210"", ""C000211"", ""C010010"", ""C010011"", ""C010200"", ""C010201"", ""C010210"", ""C010211"", ""C011210"", ""C011211"", ""C110210"", ""C110211""]"
C010210,double_distinct_flip,"[0, 1]",[],0,1,False,single_geometry_conditional,7,2,"[true, false, false, false, true, true, false]","[""C100210""]"
C010210,double_distinct_flip,"[0, 1]",[],1,7,False,multiple_candidates,1,0,"[null, null, null, false, null, null, null]","[""C000210"", ""C100010"", ""C100200"", ""C100210"", ""C100211"", ""C101210"", ""C110210""]"
C010210,double_distinct_flip,"[0, 2]",[],0,0,False,no_feasible_candidate,0,0,"[null, null, null, null, null, null, null]",[]
C010210,double_distinct_flip,"[0, 2]",[],1,3,False,multiple_candidates,4,0,"[null, null, null, false, true, true, false]","[""C011210"", ""C101210"", ""C110210""]"
C010210,double_distinct_flip,"[0, 3]",[],0,0,False,no_feasible_candidate,0,0,"[null, null, null, null, null, null, null]",[]
C010210,double_distinct_flip,"[0, 3]",[],1,1,False,single_geometry_conditional,7,1,"[true, true, false, false, true, true, false]","[""C110210""]"
C010210,double_distinct_flip,"[0, 4]",[],0,1,False,single_geometry_conditional,7,2,"[true, true, false, false, false, true, false]","[""C110010""]"
C010210,double_distinct_flip,"[0, 4]",[],1,6,False,multiple_candidates,2,0,"[null, null, false, false, null, null, null]","[""C010010"", ""C100010"", ""C110000"", ""C110010"", ""C110011"", ""C110210""]"
C010210,double_distinct_flip,"[0, 5]",[],0,1,False,single_geometry_conditional,7,2,"[true, true, false, false, true, false, false]","[""C110200""]"
C010210,double_distinct_flip,"[0, 5]",[],1,6,False,multiple_candidates,2,0,"[null, null, false, false, null, null, null]","[""C010200"", ""C100200"", ""C110000"", ""C110200"", ""C110201"", ""C110210""]"
C010210,double_distinct_flip,"[0, 6]",[],0,1,False,single_geometry_conditional,7,2,"[true, true, false, false, true, true, true]","[""C110211""]"
C010210,double_distinct_flip,"[0, 6]",[],1,6,False,multiple_candidates,2,0,"[null, null, false, false, null, null, null]","[""C010211"", ""C100211"", ""C110011"", ""C110201"", ""C110210"", ""C110211""]"
C010210,double_distinct_flip,"[1, 2]",[],0,1,False,single_geometry_conditional,7,2,"[false, false, true, false, true, true, false]","[""C001210""]"
C010210,double_distinct_flip,"[1, 2]",[],1,7,False,multiple_candidates,1,0,"[null, null, null, false, null, null, null]","[""C000210"", ""C001010"", ""C001200"", ""C001210"", ""C001211"", ""C011210"", ""C101210""]"
C010210,double_distinct_flip,"[1, 3]",[],0,0,False,no_feasible_candidate,0,0,"[null, null, null, null, null, null, null]",[]
C010210,double_distinct_flip,"[1, 3]",[],1,1,False,single_geometry_conditional,7,1,"[false, false, false, false, true, true, false]","[""C000210""]"
C010210,double_distinct_flip,"[1, 4]",[],0,1,False,single_geometry_conditional,7,2,"[false, false, false, false, false, true, false]","[""C000010""]"
C010210,double_distinct_flip,"[1, 4]",[],1,7,False,multiple_candidates,1,0,"[null, null, null, false, null, null, null]","[""C000000"", ""C000010"", ""C000011"", ""C000210"", ""C001010"", ""C010010"", ""C100010""]"
C010210,double_distinct_flip,"[1, 5]",[],0,1,False,single_geometry_conditional,7,2,"[false, false, false, false, true, false, false]","[""C000200""]"
C010210,double_distinct_flip,"[1, 5]",[],1,7,False,multiple_candidates,1,0,"[null, null, null, false, null, null, null]","[""C000000"", ""C000200"", ""C000201"", ""C000210"", ""C001200"", ""C010200"", ""C100200""]"
C010210,double_distinct_flip,"[1, 6]",[],0,1,False,single_geometry_conditional,7,2,"[false, false, false, false, true, true, true]","[""C000211""]"
C010210,double_distinct_flip,"[1, 6]",[],1,7,False,multiple_candidates,1,0,"[null, null, null, false, null, null, null]","[""C000011"", ""C000201"", ""C000210"", ""C000211"", ""C001211"", ""C010211"", ""C100211""]"
C010210,double_distinct_flip,"[2, 3]",[],0,0,False,no_feasible_candidate,0,0,"[null, null, null, null, null, null, null]",[]
C010210,double_distinct_flip,"[2, 3]",[],1,1,False,single_geometry_conditional,7,1,"[false, true, true, false, true, true, false]","[""C011210""]"
C010210,double_distinct_flip,"[2, 4]",[],0,1,False,single_geometry_conditional,7,2,"[false, true, true, false, false, true, false]","[""C011010""]"
C010210,double_distinct_flip,"[2, 4]",[],1,6,False,multiple_candidates,2,0,"[false, null, null, false, null, null, null]","[""C001010"", ""C010010"", ""C011000"", ""C011010"", ""C011011"", ""C011210""]"
C010210,double_distinct_flip,"[2, 5]",[],0,1,False,single_geometry_conditional,7,2,"[false, true, true, false, true, false, false]","[""C011200""]"
C010210,double_distinct_flip,"[2, 5]",[],1,6,False,multiple_candidates,2,0,"[false, null, null, false, null, null, null]","[""C001200"", ""C010200"", ""C011000"", ""C011200"", ""C011201"", ""C011210""]"
C010210,double_distinct_flip,"[2, 6]",[],0,1,False,compatibility_unresolved,7,2,"[false, true, true, false, true, true, true]","[""C011211""]"
C010210,double_distinct_flip,"[2, 6]",[],1,6,False,multiple_candidates,2,0,"[false, null, null, false, null, null, null]","[""C001211"", ""C010211"", ""C011011"", ""C011201"", ""C011210"", ""C011211""]"
C010210,double_distinct_flip,"[3, 4]",[],0,0,False,no_feasible_candidate,0,0,"[null, null, null, null, null, null, null]",[]
C010210,double_distinct_flip,"[3, 4]",[],1,2,False,multiple_candidates,5,1,"[false, true, false, null, false, null, false]","[""C010010"", ""C010100""]"
C010210,double_distinct_flip,"[3, 5]",[],0,0,False,no_feasible_candidate,0,0,"[null, null, null, null, null, null, null]",[]
C010210,double_distinct_flip,"[3, 5]",[],1,2,False,multiple_candidates,5,1,"[false, true, false, null, null, false, false]","[""C010100"", ""C010200""]"
C010210,double_distinct_flip,"[3, 6]",[],0,0,False,no_feasible_candidate,0,0,"[null, null, null, null, null, null, null]",[]
C010210,double_distinct_flip,"[3, 6]",[],1,1,False,single_geometry_conditional,7,1,"[false, true, false, false, true, true, true]","[""C010211""]"
C010210,double_distinct_flip,"[4, 5]",[],0,1,False,single_geometry_conditional,7,2,"[false, true, false, false, false, false, false]","[""C010000""]"
C010210,double_distinct_flip,"[4, 5]",[],1,8,False,multiple_candidates,0,0,"[null, null, null, null, null, null, null]","[""C000000"", ""C010000"", ""C010001"", ""C010010"", ""C010100"", ""C010200"", ""C011000"", ""C110000""]"
C010210,double_distinct_flip,"[4, 6]",[],0,1,False,single_geometry_conditional,7,2,"[false, true, false, false, false, true, true]","[""C010011""]"
C010210,double_distinct_flip,"[4, 6]",[],1,7,False,multiple_candidates,1,0,"[null, null, null, false, null, null, null]","[""C000011"", ""C010001"", ""C010010"", ""C010011"", ""C010211"", ""C011011"", ""C110011""]"
C010210,double_distinct_flip,"[5, 6]",[],0,1,False,single_geometry_conditional,7,2,"[false, true, false, false, true, false, true]","[""C010201""]"
C010210,double_distinct_flip,"[5, 6]",[],1,7,False,multiple_candidates,1,0,"[null, null, null, false, null, null, null]","[""C000201"", ""C010001"", ""C010200"", ""C010201"", ""C010211"", ""C011201"", ""C110201""]"
C010211,clean,[],[],0,1,True,single_geometry_conditional,7,0,"[false, true, false, false, true, true, true]","[""C010211""]"
C010211,clean,[],[],1,7,True,multiple_candidates,1,0,"[null, null, null, false, null, null, null]","[""C000211"", ""C010011"", ""C010201"", ""C010210"", ""C010211"", ""C011211"", ""C110211""]"
C010211,single_flip,[0],[],0,1,False,single_geometry_conditional,7,1,"[true, true, false, false, true, true, true]","[""C110211""]"
C010211,single_flip,[0],[],1,6,True,multiple_candidates,2,0,"[null, null, false, false, null, null, null]","[""C010211"", ""C100211"", ""C110011"", ""C110201"", ""C110210"", ""C110211""]"
C010211,single_flip,[1],[],0,1,False,single_geometry_conditional,7,1,"[false, false, false, false, true, true, true]","[""C000211""]"
C010211,single_flip,[1],[],1,7,True,multiple_candidates,1,0,"[null, null, null, false, null, null, null]","[""C000011"", ""C000201"", ""C000210"", ""C000211"", ""C001211"", ""C010211"", ""C100211""]"
C010211,single_flip,[2],[],0,1,False,compatibility_unresolved,7,1,"[false, true, true, false, true, true, true]","[""C011211""]"
C010211,single_flip,[2],[],1,6,True,multiple_candidates,2,0,"[false, null, null, false, null, null, null]","[""C001211"", ""C010211"", ""C011011"", ""C011201"", ""C011210"", ""C011211""]"
C010211,single_flip,[3],[],0,0,False,no_feasible_candidate,0,0,"[null, null, null, null, null, null, null]",[]
C010211,single_flip,[3],[],1,1,True,single_geometry_conditional,7,0,"[false, true, false, false, true, true, true]","[""C010211""]"
C010211,single_flip,[4],[],0,1,False,single_geometry_conditional,7,1,"[false, true, false, false, false, true, true]","[""C010011""]"
C010211,single_flip,[4],[],1,7,True,multiple_candidates,1,0,"[null, null, null, false, null, null, null]","[""C000011"", ""C010001"", ""C010010"", ""C010011"", ""C010211"", ""C011011"", ""C110011""]"
C010211,single_flip,[5],[],0,1,False,single_geometry_conditional,7,1,"[false, true, false, false, true, false, true]","[""C010201""]"
C010211,single_flip,[5],[],1,7,True,multiple_candidates,1,0,"[null, null, null, false, null, null, null]","[""C000201"", ""C010001"", ""C010200"", ""C010201"", ""C010211"", ""C011201"", ""C110201""]"
C010211,single_flip,[6],[],0,1,False,single_geometry_conditional,7,1,"[false, true, false, false, true, true, false]","[""C010210""]"
C010211,single_flip,[6],[],1,7,True,multiple_candidates,1,0,"[null, null, null, false, null, null, null]","[""C000210"", ""C010010"", ""C010200"", ""C010210"", ""C010211"", ""C011210"", ""C110210""]"
C010211,single_missing,[],[0],0,2,True,multiple_candidates,6,0,"[null, true, false, false, true, true, true]","[""C010211"", ""C110211""]"
C010211,single_missing,[],[0],1,11,True,multiple_candidates,1,0,"[null, null, null, false, null, null, null]","[""C000211"", ""C010011"", ""C010201"", ""C010210"", ""C010211"", ""C011211"", ""C100211"", ""C110011"", ""C110201"", ""C110210"", ""C110211""]"
C010211,single_missing,[],[1],0,2,True,multiple_candidates,6,0,"[false, null, false, false, true, true, true]","[""C000211"", ""C010211""]"
C010211,single_missing,[],[1],1,12,True,multiple_candidates,1,0,"[null, null, null, false, null, null, null]","[""C000011"", ""C000201"", ""C000210"", ""C000211"", ""C001211"", ""C010011"", ""C010201"", ""C010210"", ""C010211"", ""C011211"", ""C100211"", ""C110211""]"
C010211,single_missing,[],[2],0,2,True,multiple_candidates,6,0,"[false, true, null, false, true, true, true]","[""C010211"", ""C011211""]"
C010211,single_missing,[],[2],1,11,True,multiple_candidates,1,0,"[null, null, null, false, null, null, null]","[""C000211"", ""C001211"", ""C010011"", ""C010201"", ""C010210"", ""C010211"", ""C011011"", ""C011201"", ""C011210"", ""C011211"", ""C110211""]"
C010211,single_missing,[],[3],0,1,True,single_geometry_conditional,7,0,"[false, true, false, false, true, true, true]","[""C010211""]"
C010211,single_missing,[],[3],1,7,True,multiple_candidates,1,0,"[null, null, null, false, null, null, null]","[""C000211"", ""C010011"", ""C010201"", ""C010210"", ""C010211"", ""C011211"", ""C110211""]"
C010211,single_missing,[],[4],0,2,True,multiple_candidates,6,0,"[false, true, false, false, null, true, true]","[""C010011"", ""C010211""]"
C010211,single_missing,[],[4],1,12,True,multiple_candidates,1,0,"[null, null, null, false, null, null, null]","[""C000011"", ""C000211"", ""C010001"", ""C010010"", ""C010011"", ""C010201"", ""C010210"", ""C010211"", ""C011011"", ""C011211"", ""C110011"", ""C110211""]"
C010211,single_missing,[],[5],0,2,True,multiple_candidates,6,0,"[false, true, false, false, true, null, true]","[""C010201"", ""C010211""]"
C010211,single_missing,[],[5],1,12,True,multiple_candidates,1,0,"[null, null, null, false, null, null, null]","[""C000201"", ""C000211"", ""C010001"", ""C010011"", ""C010200"", ""C010201"", ""C010210"", ""C010211"", ""C011201"", ""C011211"", ""C110201"", ""C110211""]"
C010211,single_missing,[],[6],0,2,True,multiple_candidates,6,0,"[false, true, false, false, true, true, null]","[""C010210"", ""C010211""]"
C010211,single_missing,[],[6],1,12,True,multiple_candidates,1,0,"[null, null, null, false, null, null, null]","[""C000210"", ""C000211"", ""C010010"", ""C010011"", ""C010200"", ""C010201"", ""C010210"", ""C010211"", ""C011210"", ""C011211"", ""C110210"", ""C110211""]"
C010211,double_distinct_flip,"[0, 1]",[],0,1,False,single_geometry_conditional,7,2,"[true, false, false, false, true, true, true]","[""C100211""]"
C010211,double_distinct_flip,"[0, 1]",[],1,7,False,multiple_candidates,1,0,"[null, null, null, false, null, null, null]","[""C000211"", ""C100011"", ""C100201"", ""C100210"", ""C100211"", ""C101211"", ""C110211""]"
C010211,double_distinct_flip,"[0, 2]",[],0,0,False,no_feasible_candidate,0,0,"[null, null, null, null, null, null, null]",[]
C010211,double_distinct_flip,"[0, 2]",[],1,3,False,multiple_candidates,4,0,"[null, null, null, false, true, true, true]","[""C011211"", ""C101211"", ""C110211""]"
C010211,double_distinct_flip,"[0, 3]",[],0,0,False,no_feasible_candidate,0,0,"[null, null, null, null, null, null, null]",[]
C010211,double_distinct_flip,"[0, 3]",[],1,1,False,single_geometry_conditional,7,1,"[true, true, false, false, true, true, true]","[""C110211""]"
C010211,double_distinct_flip,"[0, 4]",[],0,1,False,single_geometry_conditional,7,2,"[true, true, false, false, false, true, true]","[""C110011""]"
C010211,double_distinct_flip,"[0, 4]",[],1,6,False,multiple_candidates,2,0,"[null, null, false, false, null, null, null]","[""C010011"", ""C100011"", ""C110001"", ""C110010"", ""C110011"", ""C110211""]"
C010211,double_distinct_flip,"[0, 5]",[],0,1,False,single_geometry_conditional,7,2,"[true, true, false, false, true, false, true]","[""C110201""]"
C010211,double_distinct_flip,"[0, 5]",[],1,6,False,multiple_candidates,2,0,"[null, null, false, false, null, null, null]","[""C010201"", ""C100201"", ""C110001"", ""C110200"", ""C110201"", ""C110211""]"
C010211,double_distinct_flip,"[0, 6]",[],0,1,False,single_geometry_conditional,7,2,"[true, true, false, false, true, true, false]","[""C110210""]"
C010211,double_distinct_flip,"[0, 6]",[],1,6,False,multiple_candidates,2,0,"[null, null, false, false, null, null, null]","[""C010210"", ""C100210"", ""C110010"", ""C110200"", ""C110210"", ""C110211""]"
C010211,double_distinct_flip,"[1, 2]",[],0,1,False,compatibility_unresolved,7,2,"[false, false, true, false, true, true, true]","[""C001211""]"
C010211,double_distinct_flip,"[1, 2]",[],1,7,False,multiple_candidates,1,0,"[null, null, null, false, null, null, null]","[""C000211"", ""C001011"", ""C001201"", ""C001210"", ""C001211"", ""C011211"", ""C101211""]"
C010211,double_distinct_flip,"[1, 3]",[],0,0,False,no_feasible_candidate,0,0,"[null, null, null, null, null, null, null]",[]
C010211,double_distinct_flip,"[1, 3]",[],1,1,False,single_geometry_conditional,7,1,"[false, false, false, false, true, true, true]","[""C000211""]"
C010211,double_distinct_flip,"[1, 4]",[],0,1,False,single_geometry_conditional,7,2,"[false, false, false, false, false, true, true]","[""C000011""]"
C010211,double_distinct_flip,"[1, 4]",[],1,7,False,multiple_candidates,1,0,"[null, null, null, false, null, null, null]","[""C000001"", ""C000010"", ""C000011"", ""C000211"", ""C001011"", ""C010011"", ""C100011""]"
C010211,double_distinct_flip,"[1, 5]",[],0,1,False,single_geometry_conditional,7,2,"[false, false, false, false, true, false, true]","[""C000201""]"
C010211,double_distinct_flip,"[1, 5]",[],1,7,False,multiple_candidates,1,0,"[null, null, null, false, null, null, null]","[""C000001"", ""C000200"", ""C000201"", ""C000211"", ""C001201"", ""C010201"", ""C100201""]"
C010211,double_distinct_flip,"[1, 6]",[],0,1,False,single_geometry_conditional,7,2,"[false, false, false, false, true, true, false]","[""C000210""]"
C010211,double_distinct_flip,"[1, 6]",[],1,7,False,multiple_candidates,1,0,"[null, null, null, false, null, null, null]","[""C000010"", ""C000200"", ""C000210"", ""C000211"", ""C001210"", ""C010210"", ""C100210""]"
C010211,double_distinct_flip,"[2, 3]",[],0,0,False,no_feasible_candidate,0,0,"[null, null, null, null, null, null, null]",[]
C010211,double_distinct_flip,"[2, 3]",[],1,1,False,compatibility_unresolved,7,1,"[false, true, true, false, true, true, true]","[""C011211""]"
C010211,double_distinct_flip,"[2, 4]",[],0,1,False,compatibility_unresolved,7,2,"[false, true, true, false, false, true, true]","[""C011011""]"
C010211,double_distinct_flip,"[2, 4]",[],1,6,False,multiple_candidates,2,0,"[false, null, null, false, null, null, null]","[""C001011"", ""C010011"", ""C011001"", ""C011010"", ""C011011"", ""C011211""]"
C010211,double_distinct_flip,"[2, 5]",[],0,1,False,compatibility_unresolved,7,2,"[false, true, true, false, true, false, true]","[""C011201""]"
C010211,double_distinct_flip,"[2, 5]",[],1,6,False,multiple_candidates,2,0,"[false, null, null, false, null, null, null]","[""C001201"", ""C010201"", ""C011001"", ""C011200"", ""C011201"", ""C011211""]"
C010211,double_distinct_flip,"[2, 6]",[],0,1,False,single_geometry_conditional,7,2,"[false, true, true, false, true, true, false]","[""C011210""]"
C010211,double_distinct_flip,"[2, 6]",[],1,6,False,multiple_candidates,2,0,"[false, null, null, false, null, null, null]","[""C001210"", ""C010210"", ""C011010"", ""C011200"", ""C011210"", ""C011211""]"
C010211,double_distinct_flip,"[3, 4]",[],0,0,False,no_feasible_candidate,0,0,"[null, null, null, null, null, null, null]",[]
C010211,double_distinct_flip,"[3, 4]",[],1,2,False,multiple_candidates,5,1,"[false, true, false, null, false, null, true]","[""C010011"", ""C010101""]"
C010211,double_distinct_flip,"[3, 5]",[],0,0,False,no_feasible_candidate,0,0,"[null, null, null, null, null, null, null]",[]
C010211,double_distinct_flip,"[3, 5]",[],1,2,False,multiple_candidates,5,1,"[false, true, false, null, null, false, true]","[""C010101"", ""C010201""]"
C010211,double_distinct_flip,"[3, 6]",[],0,0,False,no_feasible_candidate,0,0,"[null, null, null, null, null, null, null]",[]
C010211,double_distinct_flip,"[3, 6]",[],1,1,False,single_geometry_conditional,7,1,"[false, true, false, false, true, true, false]","[""C010210""]"
C010211,double_distinct_flip,"[4, 5]",[],0,1,False,single_geometry_conditional,7,2,"[false, true, false, false, false, false, true]","[""C010001""]"
C010211,double_distinct_flip,"[4, 5]",[],1,8,False,multiple_candidates,0,0,"[null, null, null, null, null, null, null]","[""C000001"", ""C010000"", ""C010001"", ""C010011"", ""C010101"", ""C010201"", ""C011001"", ""C110001""]"
C010211,double_distinct_flip,"[4, 6]",[],0,1,False,single_geometry_conditional,7,2,"[false, true, false, false, false, true, false]","[""C010010""]"
C010211,double_distinct_flip,"[4, 6]",[],1,7,False,multiple_candidates,1,0,"[null, null, null, false, null, null, null]","[""C000010"", ""C010000"", ""C010010"", ""C010011"", ""C010210"", ""C011010"", ""C110010""]"
C010211,double_distinct_flip,"[5, 6]",[],0,1,False,single_geometry_conditional,7,2,"[false, true, false, false, true, false, false]","[""C010200""]"
C010211,double_distinct_flip,"[5, 6]",[],1,7,False,multiple_candidates,1,0,"[null, null, null, false, null, null, null]","[""C000200"", ""C010000"", ""C010200"", ""C010201"", ""C010210"", ""C011200"", ""C110200""]"
C011000,clean,[],[],0,1,True,single_geometry_conditional,7,0,"[false, true, true, false, false, false, false]","[""C011000""]"
C011000,clean,[],[],1,7,True,multiple_candidates,1,0,"[false, null, null, null, null, null, null]","[""C001000"", ""C010000"", ""C011000"", ""C011001"", ""C011010"", ""C011100"", ""C011200""]"
C011000,single_flip,[0],[],0,0,False,no_feasible_candidate,0,0,"[null, null, null, null, null, null, null]",[]
C011000,single_flip,[0],[],1,3,True,multiple_candidates,4,0,"[null, null, null, false, false, false, false]","[""C011000"", ""C101000"", ""C110000""]"
C011000,single_flip,[1],[],0,1,False,single_geometry_conditional,7,1,"[false, false, true, false, false, false, false]","[""C001000""]"
C011000,single_flip,[1],[],1,8,True,multiple_candidates,0,0,"[null, null, null, null, null, null, null]","[""C000000"", ""C001000"", ""C001001"", ""C001010"", ""C001100"", ""C001200"", ""C011000"", ""C101000""]"
C011000,single_flip,[2],[],0,1,False,single_geometry_conditional,7,1,"[false, true, false, false, false, false, false]","[""C010000""]"
C011000,single_flip,[2],[],1,8,True,multiple_candidates,0,0,"[null, null, null, null, null, null, null]","[""C000000"", ""C010000"", ""C010001"", ""C010010"", ""C010100"", ""C010200"", ""C011000"", ""C110000""]"
C011000,single_flip,[3],[],0,1,False,single_geometry_conditional,7,1,"[false, true, true, true, false, false, false]","[""C011100""]"
C011000,single_flip,[3],[],1,5,True,multiple_candidates,3,0,"[false, null, null, null, false, false, null]","[""C001100"", ""C010100"", ""C011000"", ""C011100"", ""C011101""]"
C011000,single_flip,[4],[],0,1,False,single_geometry_conditional,7,1,"[false, true, true, false, true, false, false]","[""C011200""]"
C011000,single_flip,[4],[],1,6,True,multiple_candidates,2,0,"[false, null, null, false, null, null, null]","[""C001200"", ""C010200"", ""C011000"", ""C011200"", ""C011201"", ""C011210""]"
C011000,single_flip,[5],[],0,1,False,single_geometry_conditional,7,1,"[false, true, true, false, false, true, false]","[""C011010""]"
C011000,single_flip,[5],[],1,6,True,multiple_candidates,2,0,"[false, null, null, false, null, null, null]","[""C001010"", ""C010010"", ""C011000"", ""C011010"", ""C011011"", ""C011210""]"
C011000,single_flip,[6],[],0,1,False,compatibility_unresolved,7,1,"[false, true, true, false, false, false, true]","[""C011001""]"
C011000,single_flip,[6],[],1,7,True,multiple_candidates,1,0,"[false, null, null, null, null, null, null]","[""C001001"", ""C010001"", ""C011000"", ""C011001"", ""C011011"", ""C011101"", ""C011201""]"
C011000,single_missing,[],[0],0,1,True,single_geometry_conditional,7,0,"[false, true, true, false, false, false, false]","[""C011000""]"
C011000,single_missing,[],[0],1,9,True,multiple_candidates,0,0,"[null, null, null, null, null, null, null]","[""C001000"", ""C010000"", ""C011000"", ""C011001"", ""C011010"", ""C011100"", ""C011200"", ""C101000"", ""C110000""]"
C011000,single_missing,[],[1],0,2,True,multiple_candidates,6,0,"[false, null, true, false, false, false, false]","[""C001000"", ""C011000""]"
C011000,single_missing,[],[1],1,13,True,multiple_candidates,0,0,"[null, null, null, null, null, null, null]","[""C000000"", ""C001000"", ""C001001"", ""C001010"", ""C001100"", ""C001200"", ""C010000"", ""C011000"", ""C011001"", ""C011010"", ""C011100"", ""C011200"", ""C101000""]"
C011000,single_missing,[],[2],0,2,True,multiple_candidates,6,0,"[false, true, null, false, false, false, false]","[""C010000"", ""C011000""]"
C011000,single_missing,[],[2],1,13,True,multiple_candidates,0,0,"[null, null, null, null, null, null, null]","[""C000000"", ""C001000"", ""C010000"", ""C010001"", ""C010010"", ""C010100"", ""C010200"", ""C011000"", ""C011001"", ""C011010"", ""C011100"", ""C011200"", ""C110000""]"
C011000,single_missing,[],[3],0,2,True,multiple_candidates,6,0,"[false, true, true, null, false, false, false]","[""C011000"", ""C011100""]"
C011000,single_missing,[],[3],1,10,True,multiple_candidates,1,0,"[false, null, null, null, null, null, null]","[""C001000"", ""C001100"", ""C010000"", ""C010100"", ""C011000"", ""C011001"", ""C011010"", ""C011100"", ""C011101"", ""C011200""]"
C011000,single_missing,[],[4],0,2,True,multiple_candidates,6,0,"[false, true, true, false, null, false, false]","[""C011000"", ""C011200""]"
C011000,single_missing,[],[4],1,11,True,multiple_candidates,1,0,"[false, null, null, null, null, null, null]","[""C001000"", ""C001200"", ""C010000"", ""C010200"", ""C011000"", ""C011001"", ""C011010"", ""C011100"", ""C011200"", ""C011201"", ""C011210""]"
C011000,single_missing,[],[5],0,2,True,multiple_candidates,6,0,"[false, true, true, false, false, null, false]","[""C011000"", ""C011010""]"
C011000,single_missing,[],[5],1,11,True,multiple_candidates,1,0,"[false, null, null, null, null, null, null]","[""C001000"", ""C001010"", ""C010000"", ""C010010"", ""C011000"", ""C011001"", ""C011010"", ""C011011"", ""C011100"", ""C011200"", ""C011210""]"
C011000,single_missing,[],[6],0,2,True,multiple_candidates,6,0,"[false, true, true, false, false, false, null]","[""C011000"", ""C011001""]"
C011000,single_missing,[],[6],1,12,True,multiple_candidates,1,0,"[false, null, null, null, null, null, null]","[""C001000"", ""C001001"", ""C010000"", ""C010001"", ""C011000"", ""C011001"", ""C011010"", ""C011011"", ""C011100"", ""C011101"", ""C011200"", ""C011201""]"
C011000,double_distinct_flip,"[0, 1]",[],0,1,False,single_geometry_conditional,7,2,"[true, false, true, false, false, false, false]","[""C101000""]"
C011000,double_distinct_flip,"[0, 1]",[],1,7,False,multiple_candidates,1,1,"[null, false, null, null, null, null, null]","[""C001000"", ""C100000"", ""C101000"", ""C101001"", ""C101010"", ""C101100"", ""C101200""]"
C011000,double_distinct_flip,"[0, 2]",[],0,1,False,single_geometry_conditional,7,2,"[true, true, false, false, false, false, false]","[""C110000""]"
C011000,double_distinct_flip,"[0, 2]",[],1,7,False,multiple_candidates,1,1,"[null, null, false, null, null, null, null]","[""C010000"", ""C100000"", ""C110000"", ""C110001"", ""C110010"", ""C110100"", ""C110200""]"
C011000,double_distinct_flip,"[0, 3]",[],0,0,False,no_feasible_candidate,0,0,"[null, null, null, null, null, null, null]",[]
C011000,double_distinct_flip,"[0, 3]",[],1,3,False,multiple_candidates,4,1,"[null, null, null, true, false, false, false]","[""C011100"", ""C101100"", ""C110100""]"
C011000,double_distinct_flip,"[0, 4]",[],0,0,False,no_feasible_candidate,0,0,"[null, null, null, null, null, null, null]",[]
C011000,double_distinct_flip,"[0, 4]",[],1,3,False,multiple_candidates,4,1,"[null, null, null, false, true, false, false]","[""C011200"", ""C101200"", ""C110200""]"
C011000,double_distinct_flip,"[0, 5]",[],0,0,False,no_feasible_candidate,0,0,"[null, null, null, null, null, null, null]",[]
C011000,double_distinct_flip,"[0, 5]",[],1,3,False,multiple_candidates,4,1,"[null, null, null, false, false, true, false]","[""C011010"", ""C101010"", ""C110010""]"
C011000,double_distinct_flip,"[0, 6]",[],0,0,False,no_feasible_candidate,0,0,"[null, null, null, null, null, null, null]",[]
C011000,double_distinct_flip,"[0, 6]",[],1,3,False,multiple_candidates,4,1,"[null, null, null, false, false, false, true]","[""C011001"", ""C101001"", ""C110001""]"
C011000,double_distinct_flip,"[1, 2]",[],0,1,False,single_geometry_conditional,7,2,"[false, false, false, false, false, false, false]","[""C000000""]"
C011000,double_distinct_flip,"[1, 2]",[],1,8,False,multiple_candidates,0,0,"[null, null, null, null, null, null, null]","[""C000000"", ""C000001"", ""C000010"", ""C000100"", ""C000200"", ""C001000"", ""C010000"", ""C100000""]"
C011000,double_distinct_flip,"[1, 3]",[],0,1,False,single_geometry_conditional,7,2,"[false, false, true, true, false, false, false]","[""C001100""]"
C011000,double_distinct_flip,"[1, 3]",[],1,6,False,multiple_candidates,2,0,"[null, null, null, null, false, false, null]","[""C000100"", ""C001000"", ""C001100"", ""C001101"", ""C011100"", ""C101100""]"
C011000,double_distinct_flip,"[1, 4]",[],0,1,False,single_geometry_conditional,7,2,"[false, false, true, false, true, false, false]","[""C001200""]"
C011000,double_distinct_flip,"[1, 4]",[],1,7,False,multiple_candidates,1,0,"[null, null, null, false, null, null, null]","[""C000200"", ""C001000"", ""C001200"", ""C001201"", ""C001210"", ""C011200"", ""C101200""]"
C011000,double_distinct_flip,"[1, 5]",[],0,1,False,single_geometry_conditional,7,2,"[false, false, true, false, false, true, false]","[""C001010""]"
C011000,double_distinct_flip,"[1, 5]",[],1,7,False,multiple_candidates,1,0,"[null, null, null, false, null, null, null]","[""C000010"", ""C001000"", ""C001010"", ""C001011"", ""C001210"", ""C011010"", ""C101010""]"
C011000,double_distinct_flip,"[1, 6]",[],0,1,False,compatibility_unresolved,7,2,"[false, false, true, false, false, false, true]","[""C001001""]"
C011000,double_distinct_flip,"[1, 6]",[],1,8,False,multiple_candidates,0,0,"[null, null, null, null, null, null, null]","[""C000001"", ""C001000"", ""C001001"", ""C001011"", ""C001101"", ""C001201"", ""C011001"", ""C101001""]"
C011000,double_distinct_flip,"[2, 3]",[],0,1,False,single_geometry_conditional,7,2,"[false, true, false, true, false, false, false]","[""C010100""]"
C011000,double_distinct_flip,"[2, 3]",[],1,6,False,multiple_candidates,2,0,"[null, null, null, null, false, false, null]","[""C000100"", ""C010000"", ""C010100"", ""C010101"", ""C011100"", ""C110100""]"
C011000,double_distinct_flip,"[2, 4]",[],0,1,False,single_geometry_conditional,7,2,"[false, true, false, false, true, false, false]","[""C010200""]"
C011000,double_distinct_flip,"[2, 4]",[],1,7,False,multiple_candidates,1,0,"[null, null, null, false, null, null, null]","[""C000200"", ""C010000"", ""C010200"", ""C010201"", ""C010210"", ""C011200"", ""C110200""]"
C011000,double_distinct_flip,"[2, 5]",[],0,1,False,single_geometry_conditional,7,2,"[false, true, false, false, false, true, false]","[""C010010""]"
C011000,double_distinct_flip,"[2, 5]",[],1,7,False,multiple_candidates,1,0,"[null, null, null, false, null, null, null]","[""C000010"", ""C010000"", ""C010010"", ""C010011"", ""C010210"", ""C011010"", ""C110010""]"
C011000,double_distinct_flip,"[2, 6]",[],0,1,False,single_geometry_conditional,7,2,"[false, true, false, false, false, false, true]","[""C010001""]"
C011000,double_distinct_flip,"[2, 6]",[],1,8,False,multiple_candidates,0,0,"[null, null, null, null, null, null, null]","[""C000001"", ""C010000"", ""C010001"", ""C010011"", ""C010101"", ""C010201"", ""C011001"", ""C110001""]"
C011000,double_distinct_flip,"[3, 4]",[],0,0,False,no_feasible_candidate,0,0,"[null, null, null, null, null, null, null]",[]
C011000,double_distinct_flip,"[3, 4]",[],1,2,False,multiple_candidates,5,0,"[false, true, true, null, null, false, false]","[""C011100"", ""C011200""]"
C011000,double_distinct_flip,"[3, 5]",[],0,0,False,no_feasible_candidate,0,0,"[null, null, null, null, null, null, null]",[]
C011000,double_distinct_flip,"[3, 5]",[],1,2,False,multiple_candidates,5,0,"[false, true, true, null, false, null, false]","[""C011010"", ""C011100""]"
C011000,double_distinct_flip,"[3, 6]",[],0,1,False,compatibility_unresolved,7,2,"[false, true, true, true, false, false, true]","[""C011101""]"
C011000,double_distinct_flip,"[3, 6]",[],1,5,False,multiple_candidates,3,0,"[false, null, null, null, false, false, null]","[""C001101"", ""C010101"", ""C011001"", ""C011100"", ""C011101""]"
C011000,double_distinct_flip,"[4, 5]",[],0,1,False,single_geometry_conditional,7,2,"[false, true, true, false, true, true, false]","[""C011210""]"
C011000,double_distinct_flip,"[4, 5]",[],1,6,False,multiple_candidates,2,0,"[false, null, null, false, null, null, null]","[""C001210"", ""C010210"", ""C011010"", ""C011200"", ""C011210"", ""C011211""]"
C011000,double_distinct_flip,"[4, 6]",[],0,1,False,compatibility_unresolved,7,2,"[false, true, true, false, true, false, true]","[""C011201""]"
C011000,double_distinct_flip,"[4, 6]",[],1,6,False,multiple_candidates,2,0,"[false, null, null, false, null, null, null]","[""C001201"", ""C010201"", ""C011001"", ""C011200"", ""C011201"", ""C011211""]"
C011000,double_distinct_flip,"[5, 6]",[],0,1,False,compatibility_unresolved,7,2,"[false, true, true, false, false, true, true]","[""C011011""]"
C011000,double_distinct_flip,"[5, 6]",[],1,6,False,multiple_candidates,2,0,"[false, null, null, false, null, null, null]","[""C001011"", ""C010011"", ""C011001"", ""C011010"", ""C011011"", ""C011211""]"
C011001,clean,[],[],0,1,True,compatibility_unresolved,7,0,"[false, true, true, false, false, false, true]","[""C011001""]"
C011001,clean,[],[],1,7,True,multiple_candidates,1,0,"[false, null, null, null, null, null, null]","[""C001001"", ""C010001"", ""C011000"", ""C011001"", ""C011011"", ""C011101"", ""C011201""]"
C011001,single_flip,[0],[],0,0,False,no_feasible_candidate,0,0,"[null, null, null, null, null, null, null]",[]
C011001,single_flip,[0],[],1,3,True,multiple_candidates,4,0,"[null, null, null, false, false, false, true]","[""C011001"", ""C101001"", ""C110001""]"
C011001,single_flip,[1],[],0,1,False,compatibility_unresolved,7,1,"[false, false, true, false, false, false, true]","[""C001001""]"
C011001,single_flip,[1],[],1,8,True,multiple_candidates,0,0,"[null, null, null, null, null, null, null]","[""C000001"", ""C001000"", ""C001001"", ""C001011"", ""C001101"", ""C001201"", ""C011001"", ""C101001""]"
C011001,single_flip,[2],[],0,1,False,single_geometry_conditional,7,1,"[false, true, false, false, false, false, true]","[""C010001""]"
C011001,single_flip,[2],[],1,8,True,multiple_candidates,0,0,"[null, null, null, null, null, null, null]","[""C000001"", ""C010000"", ""C010001"", ""C010011"", ""C010101"", ""C010201"", ""C011001"", ""C110001""]"
C011001,single_flip,[3],[],0,1,False,compatibility_unresolved,7,1,"[false, true, true, true, false, false, true]","[""C011101""]"
C011001,single_flip,[3],[],1,5,True,multiple_candidates,3,0,"[false, null, null, null, false, false, null]","[""C001101"", ""C010101"", ""C011001"", ""C011100"", ""C011101""]"
C011001,single_flip,[4],[],0,1,False,compatibility_unresolved,7,1,"[false, true, true, false, true, false, true]","[""C011201""]"
C011001,single_flip,[4],[],1,6,True,multiple_candidates,2,0,"[false, null, null, false, null, null, null]","[""C001201"", ""C010201"", ""C011001"", ""C011200"", ""C011201"", ""C011211""]"
C011001,single_flip,[5],[],0,1,False,compatibility_unresolved,7,1,"[false, true, true, false, false, true, true]","[""C011011""]"
C011001,single_flip,[5],[],1,6,True,multiple_candidates,2,0,"[false, null, null, false, null, null, null]","[""C001011"", ""C010011"", ""C011001"", ""C011010"", ""C011011"", ""C011211""]"
C011001,single_flip,[6],[],0,1,False,single_geometry_conditional,7,1,"[false, true, true, false, false, false, false]","[""C011000""]"
C011001,single_flip,[6],[],1,7,True,multiple_candidates,1,0,"[false, null, null, null, null, null, null]","[""C001000"", ""C010000"", ""C011000"", ""C011001"", ""C011010"", ""C011100"", ""C011200""]"
C011001,single_missing,[],[0],0,1,True,compatibility_unresolved,7,0,"[false, true, true, false, false, false, true]","[""C011001""]"
C011001,single_missing,[],[0],1,9,True,multiple_candidates,0,0,"[null, null, null, null, null, null, null]","[""C001001"", ""C010001"", ""C011000"", ""C011001"", ""C011011"", ""C011101"", ""C011201"", ""C101001"", ""C110001""]"
C011001,single_missing,[],[1],0,2,True,multiple_candidates,6,0,"[false, null, true, false, false, false, true]","[""C001001"", ""C011001""]"
C011001,single_missing,[],[1],1,13,True,multiple_candidates,0,0,"[null, null, null, null, null, null, null]","[""C000001"", ""C001000"", ""C001001"", ""C001011"", ""C001101"", ""C001201"", ""C010001"", ""C011000"", ""C011001"", ""C011011"", ""C011101"", ""C011201"", ""C101001""]"
C011001,single_missing,[],[2],0,2,True,multiple_candidates,6,0,"[false, true, null, false, false, false, true]","[""C010001"", ""C011001""]"
C011001,single_missing,[],[2],1,13,True,multiple_candidates,0,0,"[null, null, null, null, null, null, null]","[""C000001"", ""C001001"", ""C010000"", ""C010001"", ""C010011"", ""C010101"", ""C010201"", ""C011000"", ""C011001"", ""C011011"", ""C011101"", ""C011201"", ""C110001""]"
C011001,single_missing,[],[3],0,2,True,multiple_candidates,6,0,"[false, true, true, null, false, false, true]","[""C011001"", ""C011101""]"
C011001,single_missing,[],[3],1,10,True,multiple_candidates,1,0,"[false, null, null, null, null, null, null]","[""C001001"", ""C001101"", ""C010001"", ""C010101"", ""C011000"", ""C011001"", ""C011011"", ""C011100"", ""C011101"", ""C011201""]"
C011001,single_missing,[],[4],0,2,True,multiple_candidates,6,0,"[false, true, true, false, null, false, true]","[""C011001"", ""C011201""]"
C011001,single_missing,[],[4],1,11,True,multiple_candidates,1,0,"[false, null, null, null, null, null, null]","[""C001001"", ""C001201"", ""C010001"", ""C010201"", ""C011000"", ""C011001"", ""C011011"", ""C011101"", ""C011200"", ""C011201"", ""C011211""]"
C011001,single_missing,[],[5],0,2,True,multiple_candidates,6,0,"[false, true, true, false, false, null, true]","[""C011001"", ""C011011""]"
C011001,single_missing,[],[5],1,11,True,multiple_candidates,1,0,"[false, null, null, null, null, null, null]","[""C001001"", ""C001011"", ""C010001"", ""C010011"", ""C011000"", ""C011001"", ""C011010"", ""C011011"", ""C011101"", ""C011201"", ""C011211""]"
C011001,single_missing,[],[6],0,2,True,multiple_candidates,6,0,"[false, true, true, false, false, false, null]","[""C011000"", ""C011001""]"
C011001,single_missing,[],[6],1,12,True,multiple_candidates,1,0,"[false, null, null, null, null, null, null]","[""C001000"", ""C001001"", ""C010000"", ""C010001"", ""C011000"", ""C011001"", ""C011010"", ""C011011"", ""C011100"", ""C011101"", ""C011200"", ""C011201""]"
C011001,double_distinct_flip,"[0, 1]",[],0,1,False,compatibility_unresolved,7,2,"[true, false, true, false, false, false, true]","[""C101001""]"
C011001,double_distinct_flip,"[0, 1]",[],1,7,False,multiple_candidates,1,1,"[null, false, null, null, null, null, null]","[""C001001"", ""C100001"", ""C101000"", ""C101001"", ""C101011"", ""C101101"", ""C101201""]"
C011001,double_distinct_flip,"[0, 2]",[],0,1,False,single_geometry_conditional,7,2,"[true, true, false, false, false, false, true]","[""C110001""]"
C011001,double_distinct_flip,"[0, 2]",[],1,7,False,multiple_candidates,1,1,"[null, null, false, null, null, null, null]","[""C010001"", ""C100001"", ""C110000"", ""C110001"", ""C110011"", ""C110101"", ""C110201""]"
C011001,double_distinct_flip,"[0, 3]",[],0,0,False,no_feasible_candidate,0,0,"[null, null, null, null, null, null, null]",[]
C011001,double_distinct_flip,"[0, 3]",[],1,3,False,multiple_candidates,4,1,"[null, null, null, true, false, false, true]","[""C011101"", ""C101101"", ""C110101""]"
C011001,double_distinct_flip,"[0, 4]",[],0,0,False,no_feasible_candidate,0,0,"[null, null, null, null, null, null, null]",[]
C011001,double_distinct_flip,"[0, 4]",[],1,3,False,multiple_candidates,4,1,"[null, null, null, false, true, false, true]","[""C011201"", ""C101201"", ""C110201""]"
C011001,double_distinct_flip,"[0, 5]",[],0,0,False,no_feasible_candidate,0,0,"[null, null, null, null, null, null, null]",[]
C011001,double_distinct_flip,"[0, 5]",[],1,3,False,multiple_candidates,4,1,"[null, null, null, false, false, true, true]","[""C011011"", ""C101011"", ""C110011""]"
C011001,double_distinct_flip,"[0, 6]",[],0,0,False,no_feasible_candidate,0,0,"[null, null, null, null, null, null, null]",[]
C011001,double_distinct_flip,"[0, 6]",[],1,3,False,multiple_candidates,4,1,"[null, null, null, false, false, false, false]","[""C011000"", ""C101000"", ""C110000""]"
C011001,double_distinct_flip,"[1, 2]",[],0,1,False,single_geometry_conditional,7,2,"[false, false, false, false, false, false, true]","[""C000001""]"
C011001,double_distinct_flip,"[1, 2]",[],1,8,False,multiple_candidates,0,0,"[null, null, null, null, null, null, null]","[""C000000"", ""C000001"", ""C000011"", ""C000101"", ""C000201"", ""C001001"", ""C010001"", ""C100001""]"
C011001,double_distinct_flip,"[1, 3]",[],0,1,False,compatibility_unresolved,7,2,"[false, false, true, true, false, false, true]","[""C001101""]"
C011001,double_distinct_flip,"[1, 3]",[],1,6,False,multiple_candidates,2,0,"[null, null, null, null, false, false, null]","[""C000101"", ""C001001"", ""C001100"", ""C001101"", ""C011101"", ""C101101""]"
C011001,double_distinct_flip,"[1, 4]",[],0,1,False,compatibility_unresolved,7,2,"[false, false, true, false, true, false, true]","[""C001201""]"
C011001,double_distinct_flip,"[1, 4]",[],1,7,False,multiple_candidates,1,0,"[null, null, null, false, null, null, null]","[""C000201"", ""C001001"", ""C001200"", ""C001201"", ""C001211"", ""C011201"", ""C101201""]"
C011001,double_distinct_flip,"[1, 5]",[],0,1,False,compatibility_unresolved,7,2,"[false, false, true, false, false, true, true]","[""C001011""]"
C011001,double_distinct_flip,"[1, 5]",[],1,7,False,multiple_candidates,1,0,"[null, null, null, false, null, null, null]","[""C000011"", ""C001001"", ""C001010"", ""C001011"", ""C001211"", ""C011011"", ""C101011""]"
C011001,double_distinct_flip,"[1, 6]",[],0,1,False,single_geometry_conditional,7,2,"[false, false, true, false, false, false, false]","[""C001000""]"
C011001,double_distinct_flip,"[1, 6]",[],1,8,False,multiple_candidates,0,0,"[null, null, null, null, null, null, null]","[""C000000"", ""C001000"", ""C001001"", ""C001010"", ""C001100"", ""C001200"", ""C011000"", ""C101000""]"
C011001,double_distinct_flip,"[2, 3]",[],0,1,False,single_geometry_conditional,7,2,"[false, true, false, true, false, false, true]","[""C010101""]"
C011001,double_distinct_flip,"[2, 3]",[],1,6,False,multiple_candidates,2,0,"[null, null, null, null, false, false, null]","[""C000101"", ""C010001"", ""C010100"", ""C010101"", ""C011101"", ""C110101""]"
C011001,double_distinct_flip,"[2, 4]",[],0,1,False,single_geometry_conditional,7,2,"[false, true, false, false, true, false, true]","[""C010201""]"
C011001,double_distinct_flip,"[2, 4]",[],1,7,False,multiple_candidates,1,0,"[null, null, null, false, null, null, null]","[""C000201"", ""C010001"", ""C010200"", ""C010201"", ""C010211"", ""C011201"", ""C110201""]"
C011001,double_distinct_flip,"[2, 5]",[],0,1,False,single_geometry_conditional,7,2,"[false, true, false, false, false, true, true]","[""C010011""]"
C011001,double_distinct_flip,"[2, 5]",[],1,7,False,multiple_candidates,1,0,"[null, null, null, false, null, null, null]","[""C000011"", ""C010001"", ""C010010"", ""C010011"", ""C010211"", ""C011011"", ""C110011""]"
C011001,double_distinct_flip,"[2, 6]",[],0,1,False,single_geometry_conditional,7,2,"[false, true, false, false, false, false, false]","[""C010000""]"
C011001,double_distinct_flip,"[2, 6]",[],1,8,False,multiple_candidates,0,0,"[null, null, null, null, null, null, null]","[""C000000"", ""C010000"", ""C010001"", ""C010010"", ""C010100"", ""C010200"", ""C011000"", ""C110000""]"
C011001,double_distinct_flip,"[3, 4]",[],0,0,False,no_feasible_candidate,0,0,"[null, null, null, null, null, null, null]",[]
C011001,double_distinct_flip,"[3, 4]",[],1,2,False,multiple_candidates,5,0,"[false, true, true, null, null, false, true]","[""C011101"", ""C011201""]"
C011001,double_distinct_flip,"[3, 5]",[],0,0,False,no_feasible_candidate,0,0,"[null, null, null, null, null, null, null]",[]
C011001,double_distinct_flip,"[3, 5]",[],1,2,False,multiple_candidates,5,0,"[false, true, true, null, false, null, true]","[""C011011"", ""C011101""]"
C011001,double_distinct_flip,"[3, 6]",[],0,1,False,single_geometry_conditional,7,2,"[false, true, true, true, false, false, false]","[""C011100""]"
C011001,double_distinct_flip,"[3, 6]",[],1,5,False,multiple_candidates,3,0,"[false, null, null, null, false, false, null]","[""C001100"", ""C010100"", ""C011000"", ""C011100"", ""C011101""]"
C011001,double_distinct_flip,"[4, 5]",[],0,1,False,compatibility_unresolved,7,2,"[false, true, true, false, true, true, true]","[""C011211""]"
C011001,double_distinct_flip,"[4, 5]",[],1,6,False,multiple_candidates,2,0,"[false, null, null, false, null, null, null]","[""C001211"", ""C010211"", ""C011011"", ""C011201"", ""C011210"", ""C011211""]"
C011001,double_distinct_flip,"[4, 6]",[],0,1,False,single_geometry_conditional,7,2,"[false, true, true, false, true, false, false]","[""C011200""]"
C011001,double_distinct_flip,"[4, 6]",[],1,6,False,multiple_candidates,2,0,"[false, null, null, false, null, null, null]","[""C001200"", ""C010200"", ""C011000"", ""C011200"", ""C011201"", ""C011210""]"
C011001,double_distinct_flip,"[5, 6]",[],0,1,False,single_geometry_conditional,7,2,"[false, true, true, false, false, true, false]","[""C011010""]"
C011001,double_distinct_flip,"[5, 6]",[],1,6,False,multiple_candidates,2,0,"[false, null, null, false, null, null, null]","[""C001010"", ""C010010"", ""C011000"", ""C011010"", ""C011011"", ""C011210""]"
C011010,clean,[],[],0,1,True,single_geometry_conditional,7,0,"[false, true, true, false, false, true, false]","[""C011010""]"
C011010,clean,[],[],1,6,True,multiple_candidates,2,0,"[false, null, null, false, null, null, null]","[""C001010"", ""C010010"", ""C011000"", ""C011010"", ""C011011"", ""C011210""]"
C011010,single_flip,[0],[],0,0,False,no_feasible_candidate,0,0,"[null, null, null, null, null, null, null]",[]
C011010,single_flip,[0],[],1,3,True,multiple_candidates,4,0,"[null, null, null, false, false, true, false]","[""C011010"", ""C101010"", ""C110010""]"
C011010,single_flip,[1],[],0,1,False,single_geometry_conditional,7,1,"[false, false, true, false, false, true, false]","[""C001010""]"
C011010,single_flip,[1],[],1,7,True,multiple_candidates,1,0,"[null, null, null, false, null, null, null]","[""C000010"", ""C001000"", ""C001010"", ""C001011"", ""C001210"", ""C011010"", ""C101010""]"
C011010,single_flip,[2],[],0,1,False,single_geometry_conditional,7,1,"[false, true, false, false, false, true, false]","[""C010010""]"
C011010,single_flip,[2],[],1,7,True,multiple_candidates,1,0,"[null, null, null, false, null, null, null]","[""C000010"", ""C010000"", ""C010010"", ""C010011"", ""C010210"", ""C011010"", ""C110010""]"
C011010,single_flip,[3],[],0,0,False,no_feasible_candidate,0,0,"[null, null, null, null, null, null, null]",[]
C011010,single_flip,[3],[],1,2,True,multiple_candidates,5,0,"[false, true, true, null, false, null, false]","[""C011010"", ""C011100""]"
C011010,single_flip,[4],[],0,1,False,single_geometry_conditional,7,1,"[false, true, true, false, true, true, false]","[""C011210""]"
C011010,single_flip,[4],[],1,6,True,multiple_candidates,2,0,"[false, null, null, false, null, null, null]","[""C001210"", ""C010210"", ""C011010"", ""C011200"", ""C011210"", ""C011211""]"
C011010,single_flip,[5],[],0,1,False,single_geometry_conditional,7,1,"[false, true, true, false, false, false, false]","[""C011000""]"
C011010,single_flip,[5],[],1,7,True,multiple_candidates,1,0,"[false, null, null, null, null, null, null]","[""C001000"", ""C010000"", ""C011000"", ""C011001"", ""C011010"", ""C011100"", ""C011200""]"
C011010,single_flip,[6],[],0,1,False,compatibility_unresolved,7,1,"[false, true, true, false, false, true, true]","[""C011011""]"
C011010,single_flip,[6],[],1,6,True,multiple_candidates,2,0,"[false, null, null, false, null, null, null]","[""C001011"", ""C010011"", ""C011001"", ""C011010"", ""C011011"", ""C011211""]"
C011010,single_missing,[],[0],0,1,True,single_geometry_conditional,7,0,"[false, true, true, false, false, true, false]","[""C011010""]"
C011010,single_missing,[],[0],1,8,True,multiple_candidates,1,0,"[null, null, null, false, null, null, null]","[""C001010"", ""C010010"", ""C011000"", ""C011010"", ""C011011"", ""C011210"", ""C101010"", ""C110010""]"
C011010,single_missing,[],[1],0,2,True,multiple_candidates,6,0,"[false, null, true, false, false, true, false]","[""C001010"", ""C011010""]"
C011010,single_missing,[],[1],1,11,True,multiple_candidates,1,0,"[null, null, null, false, null, null, null]","[""C000010"", ""C001000"", ""C001010"", ""C001011"", ""C001210"", ""C010010"", ""C011000"", ""C011010"", ""C011011"", ""C011210"", ""C101010""]"
C011010,single_missing,[],[2],0,2,True,multiple_candidates,6,0,"[false, true, null, false, false, true, false]","[""C010010"", ""C011010""]"
C011010,single_missing,[],[2],1,11,True,multiple_candidates,1,0,"[null, null, null, false, null, null, null]","[""C000010"", ""C001010"", ""C010000"", ""C010010"", ""C010011"", ""C010210"", ""C011000"", ""C011010"", ""C011011"", ""C011210"", ""C110010""]"
C011010,single_missing,[],[3],0,1,True,single_geometry_conditional,7,0,"[false, true, true, false, false, true, false]","[""C011010""]"
C011010,single_missing,[],[3],1,7,True,multiple_candidates,1,0,"[false, null, null, null, null, null, null]","[""C001010"", ""C010010"", ""C011000"", ""C011010"", ""C011011"", ""C011100"", ""C011210""]"
C011010,single_missing,[],[4],0,2,True,multiple_candidates,6,0,"[false, true, true, false, null, true, false]","[""C011010"", ""C011210""]"
C011010,single_missing,[],[4],1,10,True,multiple_candidates,2,0,"[false, null, null, false, null, null, null]","[""C001010"", ""C001210"", ""C010010"", ""C010210"", ""C011000"", ""C011010"", ""C011011"", ""C011200"", ""C011210"", ""C011211""]"
C011010,single_missing,[],[5],0,2,True,multiple_candidates,6,0,"[false, true, true, false, false, null, false]","[""C011000"", ""C011010""]"
C011010,single_missing,[],[5],1,11,True,multiple_candidates,1,0,"[false, null, null, null, null, null, null]","[""C001000"", ""C001010"", ""C010000"", ""C010010"", ""C011000"", ""C011001"", ""C011010"", ""C011011"", ""C011100"", ""C011200"", ""C011210""]"
C011010,single_missing,[],[6],0,2,True,multiple_candidates,6,0,"[false, true, true, false, false, true, null]","[""C011010"", ""C011011""]"
C011010,single_missing,[],[6],1,10,True,multiple_candidates,2,0,"[false, null, null, false, null, null, null]","[""C001010"", ""C001011"", ""C010010"", ""C010011"", ""C011000"", ""C011001"", ""C011010"", ""C011011"", ""C011210"", ""C011211""]"
C011010,double_distinct_flip,"[0, 1]",[],0,1,False,single_geometry_conditional,7,2,"[true, false, true, false, false, true, false]","[""C101010""]"
C011010,double_distinct_flip,"[0, 1]",[],1,6,False,multiple_candidates,2,1,"[null, false, null, false, null, null, null]","[""C001010"", ""C100010"", ""C101000"", ""C101010"", ""C101011"", ""C101210""]"
C011010,double_distinct_flip,"[0, 2]",[],0,1,False,single_geometry_conditional,7,2,"[true, true, false, false, false, true, false]","[""C110010""]"
C011010,double_distinct_flip,"[0, 2]",[],1,6,False,multiple_candidates,2,1,"[null, null, false, false, null, null, null]","[""C010010"", ""C100010"", ""C110000"", ""C110010"", ""C110011"", ""C110210""]"
C011010,double_distinct_flip,"[0, 3]",[],0,0,False,no_feasible_candidate,0,0,"[null, null, null, null, null, null, null]",[]
C011010,double_distinct_flip,"[0, 3]",[],1,0,False,no_feasible_candidate,0,0,"[null, null, null, null, null, null, null]",[]
C011010,double_distinct_flip,"[0, 4]",[],0,0,False,no_feasible_candidate,0,0,"[null, null, null, null, null, null, null]",[]
C011010,double_distinct_flip,"[0, 4]",[],1,3,False,multiple_candidates,4,1,"[null, null, null, false, true, true, false]","[""C011210"", ""C101210"", ""C110210""]"
C011010,double_distinct_flip,"[0, 5]",[],0,0,False,no_feasible_candidate,0,0,"[null, null, null, null, null, null, null]",[]
C011010,double_distinct_flip,"[0, 5]",[],1,3,False,multiple_candidates,4,1,"[null, null, null, false, false, false, false]","[""C011000"", ""C101000"", ""C110000""]"
C011010,double_distinct_flip,"[0, 6]",[],0,0,False,no_feasible_candidate,0,0,"[null, null, null, null, null, null, null]",[]
C011010,double_distinct_flip,"[0, 6]",[],1,3,False,multiple_candidates,4,1,"[null, null, null, false, false, true, true]","[""C011011"", ""C101011"", ""C110011""]"
C011010,double_distinct_flip,"[1, 2]",[],0,1,False,single_geometry_conditional,7,2,"[false, false, false, false, false, true, false]","[""C000010""]"
C011010,double_distinct_flip,"[1, 2]",[],1,7,False,multiple_candidates,1,0,"[null, null, null, false, null, null, null]","[""C000000"", ""C000010"", ""C000011"", ""C000210"", ""C001010"", ""C010010"", ""C100010""]"
C011010,double_distinct_flip,"[1, 3]",[],0,0,False,no_feasible_candidate,0,0,"[null, null, null, null, null, null, null]",[]
C011010,double_distinct_flip,"[1, 3]",[],1,2,False,multiple_candidates,5,1,"[false, false, true, null, false, null, false]","[""C001010"", ""C001100""]"
C011010,double_distinct_flip,"[1, 4]",[],0,1,False,single_geometry_conditional,7,2,"[false, false, true, false, true, true, false]","[""C001210""]"
C011010,double_distinct_flip,"[1, 4]",[],1,7,False,multiple_candidates,1,0,"[null, null, null, false, null, null, null]","[""C000210"", ""C001010"", ""C001200"", ""C001210"", ""C001211"", ""C011210"", ""C101210""]"
C011010,double_distinct_flip,"[1, 5]",[],0,1,False,single_geometry_conditional,7,2,"[false, false, true, false, false, false, false]","[""C001000""]"
C011010,double_distinct_flip,"[1, 5]",[],1,8,False,multiple_candidates,0,0,"[null, null, null, null, null, null, null]","[""C000000"", ""C001000"", ""C001001"", ""C001010"", ""C001100"", ""C001200"", ""C011000"", ""C101000""]"
C011010,double_distinct_flip,"[1, 6]",[],0,1,False,compatibility_unresolved,7,2,"[false, false, true, false, false, true, true]","[""C001011""]"
C011010,double_distinct_flip,"[1, 6]",[],1,7,False,multiple_candidates,1,0,"[null, null, null, false, null, null, null]","[""C000011"", ""C001001"", ""C001010"", ""C001011"", ""C001211"", ""C011011"", ""C101011""]"
C011010,double_distinct_flip,"[2, 3]",[],0,0,False,no_feasible_candidate,0,0,"[null, null, null, null, null, null, null]",[]
C011010,double_distinct_flip,"[2, 3]",[],1,2,False,multiple_candidates,5,1,"[false, true, false, null, false, null, false]","[""C010010"", ""C010100""]"
C011010,double_distinct_flip,"[2, 4]",[],0,1,False,single_geometry_conditional,7,2,"[false, true, false, false, true, true, false]","[""C010210""]"
C011010,double_distinct_flip,"[2, 4]",[],1,7,False,multiple_candidates,1,0,"[null, null, null, false, null, null, null]","[""C000210"", ""C010010"", ""C010200"", ""C010210"", ""C010211"", ""C011210"", ""C110210""]"
C011010,double_distinct_flip,"[2, 5]",[],0,1,False,single_geometry_conditional,7,2,"[false, true, false, false, false, false, false]","[""C010000""]"
C011010,double_distinct_flip,"[2, 5]",[],1,8,False,multiple_candidates,0,0,"[null, null, null, null, null, null, null]","[""C000000"", ""C010000"", ""C010001"", ""C010010"", ""C010100"", ""C010200"", ""C011000"", ""C110000""]"
C011010,double_distinct_flip,"[2, 6]",[],0,1,False,single_geometry_conditional,7,2,"[false, true, false, false, false, true, true]","[""C010011""]"
C011010,double_distinct_flip,"[2, 6]",[],1,7,False,multiple_candidates,1,0,"[null, null, null, false, null, null, null]","[""C000011"", ""C010001"", ""C010010"", ""C010011"", ""C010211"", ""C011011"", ""C110011""]"
C011010,double_distinct_flip,"[3, 4]",[],0,0,False,no_feasible_candidate,0,0,"[null, null, null, null, null, null, null]",[]
C011010,double_distinct_flip,"[3, 4]",[],1,1,False,single_geometry_conditional,7,1,"[false, true, true, false, true, true, false]","[""C011210""]"
C011010,double_distinct_flip,"[3, 5]",[],0,1,False,single_geometry_conditional,7,2,"[false, true, true, true, false, false, false]","[""C011100""]"
C011010,double_distinct_flip,"[3, 5]",[],1,5,False,multiple_candidates,3,1,"[false, null, null, null, false, false, null]","[""C001100"", ""C010100"", ""C011000"", ""C011100"", ""C011101""]"
C011010,double_distinct_flip,"[3, 6]",[],0,0,False,no_feasible_candidate,0,0,"[null, null, null, null, null, null, null]",[]
C011010,double_distinct_flip,"[3, 6]",[],1,2,False,multiple_candidates,5,1,"[false, true, true, null, false, null, true]","[""C011011"", ""C011101""]"
C011010,double_distinct_flip,"[4, 5]",[],0,1,False,single_geometry_conditional,7,2,"[false, true, true, false, true, false, false]","[""C011200""]"
C011010,double_distinct_flip,"[4, 5]",[],1,6,False,multiple_candidates,2,0,"[false, null, null, false, null, null, null]","[""C001200"", ""C010200"", ""C011000"", ""C011200"", ""C011201"", ""C011210""]"
C011010,double_distinct_flip,"[4, 6]",[],0,1,False,compatibility_unresolved,7,2,"[false, true, true, false, true, true, true]","[""C011211""]"
C011010,double_distinct_flip,"[4, 6]",[],1,6,False,multiple_candidates,2,0,"[false, null, null, false, null, null, null]","[""C001211"", ""C010211"", ""C011011"", ""C011201"", ""C011210"", ""C011211""]"
C011010,double_distinct_flip,"[5, 6]",[],0,1,False,compatibility_unresolved,7,2,"[false, true, true, false, false, false, true]","[""C011001""]"
C011010,double_distinct_flip,"[5, 6]",[],1,7,False,multiple_candidates,1,0,"[false, null, null, null, null, null, null]","[""C001001"", ""C010001"", ""C011000"", ""C011001"", ""C011011"", ""C011101"", ""C011201""]"
C011011,clean,[],[],0,1,True,compatibility_unresolved,7,0,"[false, true, true, false, false, true, true]","[""C011011""]"
C011011,clean,[],[],1,6,True,multiple_candidates,2,0,"[false, null, null, false, null, null, null]","[""C001011"", ""C010011"", ""C011001"", ""C011010"", ""C011011"", ""C011211""]"
C011011,single_flip,[0],[],0,0,False,no_feasible_candidate,0,0,"[null, null, null, null, null, null, null]",[]
C011011,single_flip,[0],[],1,3,True,multiple_candidates,4,0,"[null, null, null, false, false, true, true]","[""C011011"", ""C101011"", ""C110011""]"
C011011,single_flip,[1],[],0,1,False,compatibility_unresolved,7,1,"[false, false, true, false, false, true, true]","[""C001011""]"
C011011,single_flip,[1],[],1,7,True,multiple_candidates,1,0,"[null, null, null, false, null, null, null]","[""C000011"", ""C001001"", ""C001010"", ""C001011"", ""C001211"", ""C011011"", ""C101011""]"
C011011,single_flip,[2],[],0,1,False,single_geometry_conditional,7,1,"[false, true, false, false, false, true, true]","[""C010011""]"
C011011,single_flip,[2],[],1,7,True,multiple_candidates,1,0,"[null, null, null, false, null, null, null]","[""C000011"", ""C010001"", ""C010010"", ""C010011"", ""C010211"", ""C011011"", ""C110011""]"
C011011,single_flip,[3],[],0,0,False,no_feasible_candidate,0,0,"[null, null, null, null, null, null, null]",[]
C011011,single_flip,[3],[],1,2,True,multiple_candidates,5,0,"[false, true, true, null, false, null, true]","[""C011011"", ""C011101""]"
C011011,single_flip,[4],[],0,1,False,compatibility_unresolved,7,1,"[false, true, true, false, true, true, true]","[""C011211""]"
C011011,single_flip,[4],[],1,6,True,multiple_candidates,2,0,"[false, null, null, false, null, null, null]","[""C001211"", ""C010211"", ""C011011"", ""C011201"", ""C011210"", ""C011211""]"
C011011,single_flip,[5],[],0,1,False,compatibility_unresolved,7,1,"[false, true, true, false, false, false, true]","[""C011001""]"
C011011,single_flip,[5],[],1,7,True,multiple_candidates,1,0,"[false, null, null, null, null, null, null]","[""C001001"", ""C010001"", ""C011000"", ""C011001"", ""C011011"", ""C011101"", ""C011201""]"
C011011,single_flip,[6],[],0,1,False,single_geometry_conditional,7,1,"[false, true, true, false, false, true, false]","[""C011010""]"
C011011,single_flip,[6],[],1,6,True,multiple_candidates,2,0,"[false, null, null, false, null, null, null]","[""C001010"", ""C010010"", ""C011000"", ""C011010"", ""C011011"", ""C011210""]"
C011011,single_missing,[],[0],0,1,True,compatibility_unresolved,7,0,"[false, true, true, false, false, true, true]","[""C011011""]"
C011011,single_missing,[],[0],1,8,True,multiple_candidates,1,0,"[null, null, null, false, null, null, null]","[""C001011"", ""C010011"", ""C011001"", ""C011010"", ""C011011"", ""C011211"", ""C101011"", ""C110011""]"
C011011,single_missing,[],[1],0,2,True,multiple_candidates,6,0,"[false, null, true, false, false, true, true]","[""C001011"", ""C011011""]"
C011011,single_missing,[],[1],1,11,True,multiple_candidates,1,0,"[null, null, null, false, null, null, null]","[""C000011"", ""C001001"", ""C001010"", ""C001011"", ""C001211"", ""C010011"", ""C011001"", ""C011010"", ""C011011"", ""C011211"", ""C101011""]"
C011011,single_missing,[],[2],0,2,True,multiple_candidates,6,0,"[false, true, null, false, false, true, true]","[""C010011"", ""C011011""]"
C011011,single_missing,[],[2],1,11,True,multiple_candidates,1,0,"[null, null, null, false, null, null, null]","[""C000011"", ""C001011"", ""C010001"", ""C010010"", ""C010011"", ""C010211"", ""C011001"", ""C011010"", ""C011011"", ""C011211"", ""C110011""]"
C011011,single_missing,[],[3],0,1,True,compatibility_unresolved,7,0,"[false, true, true, false, false, true, true]","[""C011011""]"
C011011,single_missing,[],[3],1,7,True,multiple_candidates,1,0,"[false, null, null, null, null, null, null]","[""C001011"", ""C010011"", ""C011001"", ""C011010"", ""C011011"", ""C011101"", ""C011211""]"
C011011,single_missing,[],[4],0,2,True,multiple_candidates,6,0,"[false, true, true, false, null, true, true]","[""C011011"", ""C011211""]"
C011011,single_missing,[],[4],1,10,True,multiple_candidates,2,0,"[false, null, null, false, null, null, null]","[""C001011"", ""C001211"", ""C010011"", ""C010211"", ""C011001"", ""C011010"", ""C011011"", ""C011201"", ""C011210"", ""C011211""]"
C011011,single_missing,[],[5],0,2,True,multiple_candidates,6,0,"[false, true, true, false, false, null, true]","[""C011001"", ""C011011""]"
C011011,single_missing,[],[5],1,11,True,multiple_candidates,1,0,"[false, null, null, null, null, null, null]","[""C001001"", ""C001011"", ""C010001"", ""C010011"", ""C011000"", ""C011001"", ""C011010"", ""C011011"", ""C011101"", ""C011201"", ""C011211""]"
C011011,single_missing,[],[6],0,2,True,multiple_candidates,6,0,"[false, true, true, false, false, true, null]","[""C011010"", ""C011011""]"
C011011,single_missing,[],[6],1,10,True,multiple_candidates,2,0,"[false, null, null, false, null, null, null]","[""C001010"", ""C001011"", ""C010010"", ""C010011"", ""C011000"", ""C011001"", ""C011010"", ""C011011"", ""C011210"", ""C011211""]"
C011011,double_distinct_flip,"[0, 1]",[],0,1,False,compatibility_unresolved,7,2,"[true, false, true, false, false, true, true]","[""C101011""]"
C011011,double_distinct_flip,"[0, 1]",[],1,6,False,multiple_candidates,2,1,"[null, false, null, false, null, null, null]","[""C001011"", ""C100011"", ""C101001"", ""C101010"", ""C101011"", ""C101211""]"
C011011,double_distinct_flip,"[0, 2]",[],0,1,False,single_geometry_conditional,7,2,"[true, true, false, false, false, true, true]","[""C110011""]"
C011011,double_distinct_flip,"[0, 2]",[],1,6,False,multiple_candidates,2,1,"[null, null, false, false, null, null, null]","[""C010011"", ""C100011"", ""C110001"", ""C110010"", ""C110011"", ""C110211""]"
C011011,double_distinct_flip,"[0, 3]",[],0,0,False,no_feasible_candidate,0,0,"[null, null, null, null, null, null, null]",[]
C011011,double_distinct_flip,"[0, 3]",[],1,0,False,no_feasible_candidate,0,0,"[null, null, null, null, null, null, null]",[]
C011011,double_distinct_flip,"[0, 4]",[],0,0,False,no_feasible_candidate,0,0,"[null, null, null, null, null, null, null]",[]
C011011,double_distinct_flip,"[0, 4]",[],1,3,False,multiple_candidates,4,1,"[null, null, null, false, true, true, true]","[""C011211"", ""C101211"", ""C110211""]"
C011011,double_distinct_flip,"[0, 5]",[],0,0,False,no_feasible_candidate,0,0,"[null, null, null, null, null, null, null]",[]
C011011,double_distinct_flip,"[0, 5]",[],1,3,False,multiple_candidates,4,1,"[null, null, null, false, false, false, true]","[""C011001"", ""C101001"", ""C110001""]"
C011011,double_distinct_flip,"[0, 6]",[],0,0,False,no_feasible_candidate,0,0,"[null, null, null, null, null, null, null]",[]
C011011,double_distinct_flip,"[0, 6]",[],1,3,False,multiple_candidates,4,1,"[null, null, null, false, false, true, false]","[""C011010"", ""C101010"", ""C110010""]"
C011011,double_distinct_flip,"[1, 2]",[],0,1,False,single_geometry_conditional,7,2,"[false, false, false, false, false, true, true]","[""C000011""]"
C011011,double_distinct_flip,"[1, 2]",[],1,7,False,multiple_candidates,1,0,"[null, null, null, false, null, null, null]","[""C000001"", ""C000010"", ""C000011"", ""C000211"", ""C001011"", ""C010011"", ""C100011""]"
C011011,double_distinct_flip,"[1, 3]",[],0,0,False,no_feasible_candidate,0,0,"[null, null, null, null, null, null, null]",[]
C011011,double_distinct_flip,"[1, 3]",[],1,2,False,multiple_candidates,5,1,"[false, false, true, null, false, null, true]","[""C001011"", ""C001101""]"
C011011,double_distinct_flip,"[1, 4]",[],0,1,False,compatibility_unresolved,7,2,"[false, false, true, false, true, true, true]","[""C001211""]"
C011011,double_distinct_flip,"[1, 4]",[],1,7,False,multiple_candidates,1,0,"[null, null, null, false, null, null, null]","[""C000211"", ""C001011"", ""C001201"", ""C001210"", ""C001211"", ""C011211"", ""C101211""]"
C011011,double_distinct_flip,"[1, 5]",[],0,1,False,compatibility_unresolved,7,2,"[false, false, true, false, false, false, true]","[""C001001""]"
C011011,double_distinct_flip,"[1, 5]",[],1,8,False,multiple_candidates,0,0,"[null, null, null, null, null, null, null]","[""C000001"", ""C001000"", ""C001001"", ""C001011"", ""C001101"", ""C001201"", ""C011001"", ""C101001""]"
C011011,double_distinct_flip,"[1, 6]",[],0,1,False,single_geometry_conditional,7,2,"[false, false, true, false, false, true, false]","[""C001010""]"
C011011,double_distinct_flip,"[1, 6]",[],1,7,False,multiple_candidates,1,0,"[null, null, null, false, null, null, null]","[""C000010"", ""C001000"", ""C001010"", ""C001011"", ""C001210"", ""C011010"", ""C101010""]"
C011011,double_distinct_flip,"[2, 3]",[],0,0,False,no_feasible_candidate,0,0,"[null, null, null, null, null, null, null]",[]
C011011,double_distinct_flip,"[2, 3]",[],1,2,False,multiple_candidates,5,1,"[false, true, false, null, false, null, true]","[""C010011"", ""C010101""]"
C011011,double_distinct_flip,"[2, 4]",[],0,1,False,single_geometry_conditional,7,2,"[false, true, false, false, true, true, true]","[""C010211""]"
C011011,double_distinct_flip,"[2, 4]",[],1,7,False,multiple_candidates,1,0,"[null, null, null, false, null, null, null]","[""C000211"", ""C010011"", ""C010201"", ""C010210"", ""C010211"", ""C011211"", ""C110211""]"
C011011,double_distinct_flip,"[2, 5]",[],0,1,False,single_geometry_conditional,7,2,"[false, true, false, false, false, false, true]","[""C010001""]"
C011011,double_distinct_flip,"[2, 5]",[],1,8,False,multiple_candidates,0,0,"[null, null, null, null, null, null, null]","[""C000001"", ""C010000"", ""C010001"", ""C010011"", ""C010101"", ""C010201"", ""C011001"", ""C110001""]"
C011011,double_distinct_flip,"[2, 6]",[],0,1,False,single_geometry_conditional,7,2,"[false, true, false, false, false, true, false]","[""C010010""]"
C011011,double_distinct_flip,"[2, 6]",[],1,7,False,multiple_candidates,1,0,"[null, null, null, false, null, null, null]","[""C000010"", ""C010000"", ""C010010"", ""C010011"", ""C010210"", ""C011010"", ""C110010""]"
C011011,double_distinct_flip,"[3, 4]",[],0,0,False,no_feasible_candidate,0,0,"[null, null, null, null, null, null, null]",[]
C011011,double_distinct_flip,"[3, 4]",[],1,1,False,compatibility_unresolved,7,1,"[false, true, true, false, true, true, true]","[""C011211""]"
C011011,double_distinct_flip,"[3, 5]",[],0,1,False,compatibility_unresolved,7,2,"[false, true, true, true, false, false, true]","[""C011101""]"
C011011,double_distinct_flip,"[3, 5]",[],1,5,False,multiple_candidates,3,1,"[false, null, null, null, false, false, null]","[""C001101"", ""C010101"", ""C011001"", ""C011100"", ""C011101""]"
C011011,double_distinct_flip,"[3, 6]",[],0,0,False,no_feasible_candidate,0,0,"[null, null, null, null, null, null, null]",[]
C011011,double_distinct_flip,"[3, 6]",[],1,2,False,multiple_candidates,5,1,"[false, true, true, null, false, null, false]","[""C011010"", ""C011100""]"
C011011,double_distinct_flip,"[4, 5]",[],0,1,False,compatibility_unresolved,7,2,"[false, true, true, false, true, false, true]","[""C011201""]"
C011011,double_distinct_flip,"[4, 5]",[],1,6,False,multiple_candidates,2,0,"[false, null, null, false, null, null, null]","[""C001201"", ""C010201"", ""C011001"", ""C011200"", ""C011201"", ""C011211""]"
C011011,double_distinct_flip,"[4, 6]",[],0,1,False,single_geometry_conditional,7,2,"[false, true, true, false, true, true, false]","[""C011210""]"
C011011,double_distinct_flip,"[4, 6]",[],1,6,False,multiple_candidates,2,0,"[false, null, null, false, null, null, null]","[""C001210"", ""C010210"", ""C011010"", ""C011200"", ""C011210"", ""C011211""]"
C011011,double_distinct_flip,"[5, 6]",[],0,1,False,single_geometry_conditional,7,2,"[false, true, true, false, false, false, false]","[""C011000""]"
C011011,double_distinct_flip,"[5, 6]",[],1,7,False,multiple_candidates,1,0,"[false, null, null, null, null, null, null]","[""C001000"", ""C010000"", ""C011000"", ""C011001"", ""C011010"", ""C011100"", ""C011200""]"
C011100,clean,[],[],0,1,True,single_geometry_conditional,7,0,"[false, true, true, true, false, false, false]","[""C011100""]"
C011100,clean,[],[],1,5,True,multiple_candidates,3,0,"[false, null, null, null, false, false, null]","[""C001100"", ""C010100"", ""C011000"", ""C011100"", ""C011101""]"
C011100,single_flip,[0],[],0,0,False,no_feasible_candidate,0,0,"[null, null, null, null, null, null, null]",[]
C011100,single_flip,[0],[],1,3,True,multiple_candidates,4,0,"[null, null, null, true, false, false, false]","[""C011100"", ""C101100"", ""C110100""]"
C011100,single_flip,[1],[],0,1,False,single_geometry_conditional,7,1,"[false, false, true, true, false, false, false]","[""C001100""]"
C011100,single_flip,[1],[],1,6,True,multiple_candidates,2,0,"[null, null, null, null, false, false, null]","[""C000100"", ""C001000"", ""C001100"", ""C001101"", ""C011100"", ""C101100""]"
C011100,single_flip,[2],[],0,1,False,single_geometry_conditional,7,1,"[false, true, false, true, false, false, false]","[""C010100""]"
C011100,single_flip,[2],[],1,6,True,multiple_candidates,2,0,"[null, null, null, null, false, false, null]","[""C000100"", ""C010000"", ""C010100"", ""C010101"", ""C011100"", ""C110100""]"
C011100,single_flip,[3],[],0,1,False,single_geometry_conditional,7,1,"[false, true, true, false, false, false, false]","[""C011000""]"
C011100,single_flip,[3],[],1,7,True,multiple_candidates,1,0,"[false, null, null, null, null, null, null]","[""C001000"", ""C010000"", ""C011000"", ""C011001"", ""C011010"", ""C011100"", ""C011200""]"
C011100,single_flip,[4],[],0,0,False,no_feasible_candidate,0,0,"[null, null, null, null, null, null, null]",[]
C011100,single_flip,[4],[],1,2,True,multiple_candidates,5,0,"[false, true, true, null, null, false, false]","[""C011100"", ""C011200""]"
C011100,single_flip,[5],[],0,0,False,no_feasible_candidate,0,0,"[null, null, null, null, null, null, null]",[]
C011100,single_flip,[5],[],1,2,True,multiple_candidates,5,0,"[false, true, true, null, false, null, false]","[""C011010"", ""C011100""]"
C011100,single_flip,[6],[],0,1,False,compatibility_unresolved,7,1,"[false, true, true, true, false, false, true]","[""C011101""]"
C011100,single_flip,[6],[],1,5,True,multiple_candidates,3,0,"[false, null, null, null, false, false, null]","[""C001101"", ""C010101"", ""C011001"", ""C011100"", ""C011101""]"
C011100,single_missing,[],[0],0,1,True,single_geometry_conditional,7,0,"[false, true, true, true, false, false, false]","[""C011100""]"
C011100,single_missing,[],[0],1,7,True,multiple_candidates,2,0,"[null, null, null, null, false, false, null]","[""C001100"", ""C010100"", ""C011000"", ""C011100"", ""C011101"", ""C101100"", ""C110100""]"
C011100,single_missing,[],[1],0,2,True,multiple_candidates,6,0,"[false, null, true, true, false, false, false]","[""C001100"", ""C011100""]"
C011100,single_missing,[],[1],1,9,True,multiple_candidates,2,0,"[null, null, null, null, false, false, null]","[""C000100"", ""C001000"", ""C001100"", ""C001101"", ""C010100"", ""C011000"", ""C011100"", ""C011101"", ""C101100""]"
C011100,single_missing,[],[2],0,2,True,multiple_candidates,6,0,"[false, true, null, true, false, false, false]","[""C010100"", ""C011100""]"
C011100,single_missing,[],[2],1,9,True,multiple_candidates,2,0,"[null, null, null, null, false, false, null]","[""C000100"", ""C001100"", ""C010000"", ""C010100"", ""C010101"", ""C011000"", ""C011100"", ""C011101"", ""C110100""]"
C011100,single_missing,[],[3],0,2,True,multiple_candidates,6,0,"[false, true, true, null, false, false, false]","[""C011000"", ""C011100""]"
C011100,single_missing,[],[3],1,10,True,multiple_candidates,1,0,"[false, null, null, null, null, null, null]","[""C001000"", ""C001100"", ""C010000"", ""C010100"", ""C011000"", ""C011001"", ""C011010"", ""C011100"", ""C011101"", ""C011200""]"
C011100,single_missing,[],[4],0,1,True,single_geometry_conditional,7,0,"[false, true, true, true, false, false, false]","[""C011100""]"
C011100,single_missing,[],[4],1,6,True,multiple_candidates,2,0,"[false, null, null, null, null, false, null]","[""C001100"", ""C010100"", ""C011000"", ""C011100"", ""C011101"", ""C011200""]"
C011100,single_missing,[],[5],0,1,True,single_geometry_conditional,7,0,"[false, true, true, true, false, false, false]","[""C011100""]"
C011100,single_missing,[],[5],1,6,True,multiple_candidates,2,0,"[false, null, null, null, false, null, null]","[""C001100"", ""C010100"", ""C011000"", ""C011010"", ""C011100"", ""C011101""]"
C011100,single_missing,[],[6],0,2,True,multiple_candidates,6,0,"[false, true, true, true, false, false, null]","[""C011100"", ""C011101""]"
C011100,single_missing,[],[6],1,8,True,multiple_candidates,3,0,"[false, null, null, null, false, false, null]","[""C001100"", ""C001101"", ""C010100"", ""C010101"", ""C011000"", ""C011001"", ""C011100"", ""C011101""]"
C011100,double_distinct_flip,"[0, 1]",[],0,1,False,single_geometry_conditional,7,2,"[true, false, true, true, false, false, false]","[""C101100""]"
C011100,double_distinct_flip,"[0, 1]",[],1,5,False,multiple_candidates,3,1,"[null, false, null, null, false, false, null]","[""C001100"", ""C100100"", ""C101000"", ""C101100"", ""C101101""]"
C011100,double_distinct_flip,"[0, 2]",[],0,1,False,single_geometry_conditional,7,2,"[true, true, false, true, false, false, false]","[""C110100""]"
C011100,double_distinct_flip,"[0, 2]",[],1,5,False,multiple_candidates,3,1,"[null, null, false, null, false, false, null]","[""C010100"", ""C100100"", ""C110000"", ""C110100"", ""C110101""]"
C011100,double_distinct_flip,"[0, 3]",[],0,0,False,no_feasible_candidate,0,0,"[null, null, null, null, null, null, null]",[]
C011100,double_distinct_flip,"[0, 3]",[],1,3,False,multiple_candidates,4,1,"[null, null, null, false, false, false, false]","[""C011000"", ""C101000"", ""C110000""]"
C011100,double_distinct_flip,"[0, 4]",[],0,0,False,no_feasible_candidate,0,0,"[null, null, null, null, null, null, null]",[]
C011100,double_distinct_flip,"[0, 4]",[],1,0,False,no_feasible_candidate,0,0,"[null, null, null, null, null, null, null]",[]
C011100,double_distinct_flip,"[0, 5]",[],0,0,False,no_feasible_candidate,0,0,"[null, null, null, null, null, null, null]",[]
C011100,double_distinct_flip,"[0, 5]",[],1,0,False,no_feasible_candidate,0,0,"[null, null, null, null, null, null, null]",[]
C011100,double_distinct_flip,"[0, 6]",[],0,0,False,no_feasible_candidate,0,0,"[null, null, null, null, null, null, null]",[]
C011100,double_distinct_flip,"[0, 6]",[],1,3,False,multiple_candidates,4,1,"[null, null, null, true, false, false, true]","[""C011101"", ""C101101"", ""C110101""]"
C011100,double_distinct_flip,"[1, 2]",[],0,1,False,single_geometry_conditional,7,2,"[false, false, false, true, false, false, false]","[""C000100""]"
C011100,double_distinct_flip,"[1, 2]",[],1,6,False,multiple_candidates,2,0,"[null, null, null, null, false, false, null]","[""C000000"", ""C000100"", ""C000101"", ""C001100"", ""C010100"", ""C100100""]"
C011100,double_distinct_flip,"[1, 3]",[],0,1,False,single_geometry_conditional,7,2,"[false, false, true, false, false, false, false]","[""C001000""]"
C011100,double_distinct_flip,"[1, 3]",[],1,8,False,multiple_candidates,0,0,"[null, null, null, null, null, null, null]","[""C000000"", ""C001000"", ""C001001"", ""C001010"", ""C001100"", ""C001200"", ""C011000"", ""C101000""]"
C011100,double_distinct_flip,"[1, 4]",[],0,0,False,no_feasible_candidate,0,0,"[null, null, null, null, null, null, null]",[]
C011100,double_distinct_flip,"[1, 4]",[],1,2,False,multiple_candidates,5,1,"[false, false, true, null, null, false, false]","[""C001100"", ""C001200""]"
C011100,double_distinct_flip,"[1, 5]",[],0,0,False,no_feasible_candidate,0,0,"[null, null, null, null, null, null, null]",[]
C011100,double_distinct_flip,"[1, 5]",[],1,2,False,multiple_candidates,5,1,"[false, false, true, null, false, null, false]","[""C001010"", ""C001100""]"
C011100,double_distinct_flip,"[1, 6]",[],0,1,False,compatibility_unresolved,7,2,"[false, false, true, true, false, false, true]","[""C001101""]"
C011100,double_distinct_flip,"[1, 6]",[],1,6,False,multiple_candidates,2,0,"[null, null, null, null, false, false, null]","[""C000101"", ""C001001"", ""C001100"", ""C001101"", ""C011101"", ""C101101""]"
C011100,double_distinct_flip,"[2, 3]",[],0,1,False,single_geometry_conditional,7,2,"[false, true, false, false, false, false, false]","[""C010000""]"
C011100,double_distinct_flip,"[2, 3]",[],1,8,False,multiple_candidates,0,0,"[null, null, null, null, null, null, null]","[""C000000"", ""C010000"", ""C010001"", ""C010010"", ""C010100"", ""C010200"", ""C011000"", ""C110000""]"
C011100,double_distinct_flip,"[2, 4]",[],0,0,False,no_feasible_candidate,0,0,"[null, null, null, null, null, null, null]",[]
C011100,double_distinct_flip,"[2, 4]",[],1,2,False,multiple_candidates,5,1,"[false, true, false, null, null, false, false]","[""C010100"", ""C010200""]"
C011100,double_distinct_flip,"[2, 5]",[],0,0,False,no_feasible_candidate,0,0,"[null, null, null, null, null, null, null]",[]
C011100,double_distinct_flip,"[2, 5]",[],1,2,False,multiple_candidates,5,1,"[false, true, false, null, false, null, false]","[""C010010"", ""C010100""]"
C011100,double_distinct_flip,"[2, 6]",[],0,1,False,single_geometry_conditional,7,2,"[false, true, false, true, false, false, true]","[""C010101""]"
C011100,double_distinct_flip,"[2, 6]",[],1,6,False,multiple_candidates,2,0,"[null, null, null, null, false, false, null]","[""C000101"", ""C010001"", ""C010100"", ""C010101"", ""C011101"", ""C110101""]"
C011100,double_distinct_flip,"[3, 4]",[],0,1,False,single_geometry_conditional,7,2,"[false, true, true, false, true, false, false]","[""C011200""]"
C011100,double_distinct_flip,"[3, 4]",[],1,6,False,multiple_candidates,2,1,"[false, null, null, false, null, null, null]","[""C001200"", ""C010200"", ""C011000"", ""C011200"", ""C011201"", ""C011210""]"
C011100,double_distinct_flip,"[3, 5]",[],0,1,False,single_geometry_conditional,7,2,"[false, true, true, false, false, true, false]","[""C011010""]"
C011100,double_distinct_flip,"[3, 5]",[],1,6,False,multiple_candidates,2,1,"[false, null, null, false, null, null, null]","[""C001010"", ""C010010"", ""C011000"", ""C011010"", ""C011011"", ""C011210""]"
C011100,double_distinct_flip,"[3, 6]",[],0,1,False,compatibility_unresolved,7,2,"[false, true, true, false, false, false, true]","[""C011001""]"
C011100,double_distinct_flip,"[3, 6]",[],1,7,False,multiple_candidates,1,0,"[false, null, null, null, null, null, null]","[""C001001"", ""C010001"", ""C011000"", ""C011001"", ""C011011"", ""C011101"", ""C011201""]"
C011100,double_distinct_flip,"[4, 5]",[],0,0,False,no_feasible_candidate,0,0,"[null, null, null, null, null, null, null]",[]
C011100,double_distinct_flip,"[4, 5]",[],1,1,False,single_geometry_conditional,7,3,"[false, true, true, false, true, true, false]","[""C011210""]"
C011100,double_distinct_flip,"[4, 6]",[],0,0,False,no_feasible_candidate,0,0,"[null, null, null, null, null, null, null]",[]
C011100,double_distinct_flip,"[4, 6]",[],1,2,False,multiple_candidates,5,1,"[false, true, true, null, null, false, true]","[""C011101"", ""C011201""]"
C011100,double_distinct_flip,"[5, 6]",[],0,0,False,no_feasible_candidate,0,0,"[null, null, null, null, null, null, null]",[]
C011100,double_distinct_flip,"[5, 6]",[],1,2,False,multiple_candidates,5,1,"[false, true, true, null, false, null, true]","[""C011011"", ""C011101""]"
C011101,clean,[],[],0,1,True,compatibility_unresolved,7,0,"[false, true, true, true, false, false, true]","[""C011101""]"
C011101,clean,[],[],1,5,True,multiple_candidates,3,0,"[false, null, null, null, false, false, null]","[""C001101"", ""C010101"", ""C011001"", ""C011100"", ""C011101""]"
C011101,single_flip,[0],[],0,0,False,no_feasible_candidate,0,0,"[null, null, null, null, null, null, null]",[]
C011101,single_flip,[0],[],1,3,True,multiple_candidates,4,0,"[null, null, null, true, false, false, true]","[""C011101"", ""C101101"", ""C110101""]"
C011101,single_flip,[1],[],0,1,False,compatibility_unresolved,7,1,"[false, false, true, true, false, false, true]","[""C001101""]"
C011101,single_flip,[1],[],1,6,True,multiple_candidates,2,0,"[null, null, null, null, false, false, null]","[""C000101"", ""C001001"", ""C001100"", ""C001101"", ""C011101"", ""C101101""]"
C011101,single_flip,[2],[],0,1,False,single_geometry_conditional,7,1,"[false, true, false, true, false, false, true]","[""C010101""]"
C011101,single_flip,[2],[],1,6,True,multiple_candidates,2,0,"[null, null, null, null, false, false, null]","[""C000101"", ""C010001"", ""C010100"", ""C010101"", ""C011101"", ""C110101""]"
C011101,single_flip,[3],[],0,1,False,compatibility_unresolved,7,1,"[false, true, true, false, false, false, true]","[""C011001""]"
C011101,single_flip,[3],[],1,7,True,multiple_candidates,1,0,"[false, null, null, null, null, null, null]","[""C001001"", ""C010001"", ""C011000"", ""C011001"", ""C011011"", ""C011101"", ""C011201""]"
C011101,single_flip,[4],[],0,0,False,no_feasible_candidate,0,0,"[null, null, null, null, null, null, null]",[]
C011101,single_flip,[4],[],1,2,True,multiple_candidates,5,0,"[false, true, true, null, null, false, true]","[""C011101"", ""C011201""]"
C011101,single_flip,[5],[],0,0,False,no_feasible_candidate,0,0,"[null, null, null, null, null, null, null]",[]
C011101,single_flip,[5],[],1,2,True,multiple_candidates,5,0,"[false, true, true, null, false, null, true]","[""C011011"", ""C011101""]"
C011101,single_flip,[6],[],0,1,False,single_geometry_conditional,7,1,"[false, true, true, true, false, false, false]","[""C011100""]"
C011101,single_flip,[6],[],1,5,True,multiple_candidates,3,0,"[false, null, null, null, false, false, null]","[""C001100"", ""C010100"", ""C011000"", ""C011100"", ""C011101""]"
C011101,single_missing,[],[0],0,1,True,compatibility_unresolved,7,0,"[false, true, true, true, false, false, true]","[""C011101""]"
C011101,single_missing,[],[0],1,7,True,multiple_candidates,2,0,"[null, null, null, null, false, false, null]","[""C001101"", ""C010101"", ""C011001"", ""C011100"", ""C011101"", ""C101101"", ""C110101""]"
C011101,single_missing,[],[1],0,2,True,multiple_candidates,6,0,"[false, null, true, true, false, false, true]","[""C001101"", ""C011101""]"
C011101,single_missing,[],[1],1,9,True,multiple_candidates,2,0,"[null, null, null, null, false, false, null]","[""C000101"", ""C001001"", ""C001100"", ""C001101"", ""C010101"", ""C011001"", ""C011100"", ""C011101"", ""C101101""]"
C011101,single_missing,[],[2],0,2,True,multiple_candidates,6,0,"[false, true, null, true, false, false, true]","[""C010101"", ""C011101""]"
C011101,single_missing,[],[2],1,9,True,multiple_candidates,2,0,"[null, null, null, null, false, false, null]","[""C000101"", ""C001101"", ""C010001"", ""C010100"", ""C010101"", ""C011001"", ""C011100"", ""C011101"", ""C110101""]"
C011101,single_missing,[],[3],0,2,True,multiple_candidates,6,0,"[false, true, true, null, false, false, true]","[""C011001"", ""C011101""]"
C011101,single_missing,[],[3],1,10,True,multiple_candidates,1,0,"[false, null, null, null, null, null, null]","[""C001001"", ""C001101"", ""C010001"", ""C010101"", ""C011000"", ""C011001"", ""C011011"", ""C011100"", ""C011101"", ""C011201""]"
C011101,single_missing,[],[4],0,1,True,compatibility_unresolved,7,0,"[false, true, true, true, false, false, true]","[""C011101""]"
C011101,single_missing,[],[4],1,6,True,multiple_candidates,2,0,"[false, null, null, null, null, false, null]","[""C001101"", ""C010101"", ""C011001"", ""C011100"", ""C011101"", ""C011201""]"
C011101,single_missing,[],[5],0,1,True,compatibility_unresolved,7,0,"[false, true, true, true, false, false, true]","[""C011101""]"
C011101,single_missing,[],[5],1,6,True,multiple_candidates,2,0,"[false, null, null, null, false, null, null]","[""C001101"", ""C010101"", ""C011001"", ""C011011"", ""C011100"", ""C011101""]"
C011101,single_missing,[],[6],0,2,True,multiple_candidates,6,0,"[false, true, true, true, false, false, null]","[""C011100"", ""C011101""]"
C011101,single_missing,[],[6],1,8,True,multiple_candidates,3,0,"[false, null, null, null, false, false, null]","[""C001100"", ""C001101"", ""C010100"", ""C010101"", ""C011000"", ""C011001"", ""C011100"", ""C011101""]"
C011101,double_distinct_flip,"[0, 1]",[],0,1,False,compatibility_unresolved,7,2,"[true, false, true, true, false, false, true]","[""C101101""]"
C011101,double_distinct_flip,"[0, 1]",[],1,5,False,multiple_candidates,3,1,"[null, false, null, null, false, false, null]","[""C001101"", ""C100101"", ""C101001"", ""C101100"", ""C101101""]"
C011101,double_distinct_flip,"[0, 2]",[],0,1,False,single_geometry_conditional,7,2,"[true, true, false, true, false, false, true]","[""C110101""]"
C011101,double_distinct_flip,"[0, 2]",[],1,5,False,multiple_candidates,3,1,"[null, null, false, null, false, false, null]","[""C010101"", ""C100101"", ""C110001"", ""C110100"", ""C110101""]"
C011101,double_distinct_flip,"[0, 3]",[],0,0,False,no_feasible_candidate,0,0,"[null, null, null, null, null, null, null]",[]
C011101,double_distinct_flip,"[0, 3]",[],1,3,False,multiple_candidates,4,1,"[null, null, null, false, false, false, true]","[""C011001"", ""C101001"", ""C110001""]"
C011101,double_distinct_flip,"[0, 4]",[],0,0,False,no_feasible_candidate,0,0,"[null, null, null, null, null, null, null]",[]
C011101,double_distinct_flip,"[0, 4]",[],1,0,False,no_feasible_candidate,0,0,"[null, null, null, null, null, null, null]",[]
C011101,double_distinct_flip,"[0, 5]",[],0,0,False,no_feasible_candidate,0,0,"[null, null, null, null, null, null, null]",[]
C011101,double_distinct_flip,"[0, 5]",[],1,0,False,no_feasible_candidate,0,0,"[null, null, null, null, null, null, null]",[]
C011101,double_distinct_flip,"[0, 6]",[],0,0,False,no_feasible_candidate,0,0,"[null, null, null, null, null, null, null]",[]
C011101,double_distinct_flip,"[0, 6]",[],1,3,False,multiple_candidates,4,1,"[null, null, null, true, false, false, false]","[""C011100"", ""C101100"", ""C110100""]"
C011101,double_distinct_flip,"[1, 2]",[],0,1,False,single_geometry_conditional,7,2,"[false, false, false, true, false, false, true]","[""C000101""]"
C011101,double_distinct_flip,"[1, 2]",[],1,6,False,multiple_candidates,2,0,"[null, null, null, null, false, false, null]","[""C000001"", ""C000100"", ""C000101"", ""C001101"", ""C010101"", ""C100101""]"
C011101,double_distinct_flip,"[1, 3]",[],0,1,False,compatibility_unresolved,7,2,"[false, false, true, false, false, false, true]","[""C001001""]"
C011101,double_distinct_flip,"[1, 3]",[],1,8,False,multiple_candidates,0,0,"[null, null, null, null, null, null, null]","[""C000001"", ""C001000"", ""C001001"", ""C001011"", ""C001101"", ""C001201"", ""C011001"", ""C101001""]"
C011101,double_distinct_flip,"[1, 4]",[],0,0,False,no_feasible_candidate,0,0,"[null, null, null, null, null, null, null]",[]
C011101,double_distinct_flip,"[1, 4]",[],1,2,False,multiple_candidates,5,1,"[false, false, true, null, null, false, true]","[""C001101"", ""C001201""]"
C011101,double_distinct_flip,"[1, 5]",[],0,0,False,no_feasible_candidate,0,0,"[null, null, null, null, null, null, null]",[]
C011101,double_distinct_flip,"[1, 5]",[],1,2,False,multiple_candidates,5,1,"[false, false, true, null, false, null, true]","[""C001011"", ""C001101""]"
C011101,double_distinct_flip,"[1, 6]",[],0,1,False,single_geometry_conditional,7,2,"[false, false, true, true, false, false, false]","[""C001100""]"
C011101,double_distinct_flip,"[1, 6]",[],1,6,False,multiple_candidates,2,0,"[null, null, null, null, false, false, null]","[""C000100"", ""C001000"", ""C001100"", ""C001101"", ""C011100"", ""C101100""]"
C011101,double_distinct_flip,"[2, 3]",[],0,1,False,single_geometry_conditional,7,2,"[false, true, false, false, false, false, true]","[""C010001""]"
C011101,double_distinct_flip,"[2, 3]",[],1,8,False,multiple_candidates,0,0,"[null, null, null, null, null, null, null]","[""C000001"", ""C010000"", ""C010001"", ""C010011"", ""C010101"", ""C010201"", ""C011001"", ""C110001""]"
C011101,double_distinct_flip,"[2, 4]",[],0,0,False,no_feasible_candidate,0,0,"[null, null, null, null, null, null, null]",[]
C011101,double_distinct_flip,"[2, 4]",[],1,2,False,multiple_candidates,5,1,"[false, true, false, null, null, false, true]","[""C010101"", ""C010201""]"
C011101,double_distinct_flip,"[2, 5]",[],0,0,False,no_feasible_candidate,0,0,"[null, null, null, null, null, null, null]",[]
C011101,double_distinct_flip,"[2, 5]",[],1,2,False,multiple_candidates,5,1,"[false, true, false, null, false, null, true]","[""C010011"", ""C010101""]"
C011101,double_distinct_flip,"[2, 6]",[],0,1,False,single_geometry_conditional,7,2,"[false, true, false, true, false, false, false]","[""C010100""]"
C011101,double_distinct_flip,"[2, 6]",[],1,6,False,multiple_candidates,2,0,"[null, null, null, null, false, false, null]","[""C000100"", ""C010000"", ""C010100"", ""C010101"", ""C011100"", ""C110100""]"
C011101,double_distinct_flip,"[3, 4]",[],0,1,False,compatibility_unresolved,7,2,"[false, true, true, false, true, false, true]","[""C011201""]"
C011101,double_distinct_flip,"[3, 4]",[],1,6,False,multiple_candidates,2,1,"[false, null, null, false, null, null, null]","[""C001201"", ""C010201"", ""C011001"", ""C011200"", ""C011201"", ""C011211""]"
C011101,double_distinct_flip,"[3, 5]",[],0,1,False,compatibility_unresolved,7,2,"[false, true, true, false, false, true, true]","[""C011011""]"
C011101,double_distinct_flip,"[3, 5]",[],1,6,False,multiple_candidates,2,1,"[false, null, null, false, null, null, null]","[""C001011"", ""C010011"", ""C011001"", ""C011010"", ""C011011"", ""C011211""]"
C011101,double_distinct_flip,"[3, 6]",[],0,1,False,single_geometry_conditional,7,2,"[false, true, true, false, false, false, false]","[""C011000""]"
C011101,double_distinct_flip,"[3, 6]",[],1,7,False,multiple_candidates,1,0,"[false, null, null, null, null, null, null]","[""C001000"", ""C010000"", ""C011000"", ""C011001"", ""C011010"", ""C011100"", ""C011200""]"
C011101,double_distinct_flip,"[4, 5]",[],0,0,False,no_feasible_candidate,0,0,"[null, null, null, null, null, null, null]",[]
C011101,double_distinct_flip,"[4, 5]",[],1,1,False,compatibility_unresolved,7,3,"[false, true, true, false, true, true, true]","[""C011211""]"
C011101,double_distinct_flip,"[4, 6]",[],0,0,False,no_feasible_candidate,0,0,"[null, null, null, null, null, null, null]",[]
C011101,double_distinct_flip,"[4, 6]",[],1,2,False,multiple_candidates,5,1,"[false, true, true, null, null, false, false]","[""C011100"", ""C011200""]"
C011101,double_distinct_flip,"[5, 6]",[],0,0,False,no_feasible_candidate,0,0,"[null, null, null, null, null, null, null]",[]
C011101,double_distinct_flip,"[5, 6]",[],1,2,False,multiple_candidates,5,1,"[false, true, true, null, false, null, false]","[""C011010"", ""C011100""]"
C011200,clean,[],[],0,1,True,single_geometry_conditional,7,0,"[false, true, true, false, true, false, false]","[""C011200""]"
C011200,clean,[],[],1,6,True,multiple_candidates,2,0,"[false, null, null, false, null, null, null]","[""C001200"", ""C010200"", ""C011000"", ""C011200"", ""C011201"", ""C011210""]"
C011200,single_flip,[0],[],0,0,False,no_feasible_candidate,0,0,"[null, null, null, null, null, null, null]",[]
C011200,single_flip,[0],[],1,3,True,multiple_candidates,4,0,"[null, null, null, false, true, false, false]","[""C011200"", ""C101200"", ""C110200""]"
C011200,single_flip,[1],[],0,1,False,single_geometry_conditional,7,1,"[false, false, true, false, true, false, false]","[""C001200""]"
C011200,single_flip,[1],[],1,7,True,multiple_candidates,1,0,"[null, null, null, false, null, null, null]","[""C000200"", ""C001000"", ""C001200"", ""C001201"", ""C001210"", ""C011200"", ""C101200""]"
C011200,single_flip,[2],[],0,1,False,single_geometry_conditional,7,1,"[false, true, false, false, true, false, false]","[""C010200""]"
C011200,single_flip,[2],[],1,7,True,multiple_candidates,1,0,"[null, null, null, false, null, null, null]","[""C000200"", ""C010000"", ""C010200"", ""C010201"", ""C010210"", ""C011200"", ""C110200""]"
C011200,single_flip,[3],[],0,0,False,no_feasible_candidate,0,0,"[null, null, null, null, null, null, null]",[]
C011200,single_flip,[3],[],1,2,True,multiple_candidates,5,0,"[false, true, true, null, null, false, false]","[""C011100"", ""C011200""]"
C011200,single_flip,[4],[],0,1,False,single_geometry_conditional,7,1,"[false, true, true, false, false, false, false]","[""C011000""]"
C011200,single_flip,[4],[],1,7,True,multiple_candidates,1,0,"[false, null, null, null, null, null, null]","[""C001000"", ""C010000"", ""C011000"", ""C011001"", ""C011010"", ""C011100"", ""C011200""]"
C011200,single_flip,[5],[],0,1,False,single_geometry_conditional,7,1,"[false, true, true, false, true, true, false]","[""C011210""]"
C011200,single_flip,[5],[],1,6,True,multiple_candidates,2,0,"[false, null, null, false, null, null, null]","[""C001210"", ""C010210"", ""C011010"", ""C011200"", ""C011210"", ""C011211""]"
C011200,single_flip,[6],[],0,1,False,compatibility_unresolved,7,1,"[false, true, true, false, true, false, true]","[""C011201""]"
C011200,single_flip,[6],[],1,6,True,multiple_candidates,2,0,"[false, null, null, false, null, null, null]","[""C001201"", ""C010201"", ""C011001"", ""C011200"", ""C011201"", ""C011211""]"
C011200,single_missing,[],[0],0,1,True,single_geometry_conditional,7,0,"[false, true, true, false, true, false, false]","[""C011200""]"
C011200,single_missing,[],[0],1,8,True,multiple_candidates,1,0,"[null, null, null, false, null, null, null]","[""C001200"", ""C010200"", ""C011000"", ""C011200"", ""C011201"", ""C011210"", ""C101200"", ""C110200""]"
C011200,single_missing,[],[1],0,2,True,multiple_candidates,6,0,"[false, null, true, false, true, false, false]","[""C001200"", ""C011200""]"
C011200,single_missing,[],[1],1,11,True,multiple_candidates,1,0,"[null, null, null, false, null, null, null]","[""C000200"", ""C001000"", ""C001200"", ""C001201"", ""C001210"", ""C010200"", ""C011000"", ""C011200"", ""C011201"", ""C011210"", ""C101200""]"
C011200,single_missing,[],[2],0,2,True,multiple_candidates,6,0,"[false, true, null, false, true, false, false]","[""C010200"", ""C011200""]"
C011200,single_missing,[],[2],1,11,True,multiple_candidates,1,0,"[null, null, null, false, null, null, null]","[""C000200"", ""C001200"", ""C010000"", ""C010200"", ""C010201"", ""C010210"", ""C011000"", ""C011200"", ""C011201"", ""C011210"", ""C110200""]"
C011200,single_missing,[],[3],0,1,True,single_geometry_conditional,7,0,"[false, true, true, false, true, false, false]","[""C011200""]"
C011200,single_missing,[],[3],1,7,True,multiple_candidates,1,0,"[false, null, null, null, null, null, null]","[""C001200"", ""C010200"", ""C011000"", ""C011100"", ""C011200"", ""C011201"", ""C011210""]"
C011200,single_missing,[],[4],0,2,True,multiple_candidates,6,0,"[false, true, true, false, null, false, false]","[""C011000"", ""C011200""]"
C011200,single_missing,[],[4],1,11,True,multiple_candidates,1,0,"[false, null, null, null, null, null, null]","[""C001000"", ""C001200"", ""C010000"", ""C010200"", ""C011000"", ""C011001"", ""C011010"", ""C011100"", ""C011200"", ""C011201"", ""C011210""]"
C011200,single_missing,[],[5],0,2,True,multiple_candidates,6,0,"[false, true, true, false, true, null, false]","[""C011200"", ""C011210""]"
C011200,single_missing,[],[5],1,10,True,multiple_candidates,2,0,"[false, null, null, false, null, null, null]","[""C001200"", ""C001210"", ""C010200"", ""C010210"", ""C011000"", ""C011010"", ""C011200"", ""C011201"", ""C011210"", ""C011211""]"
C011200,single_missing,[],[6],0,2,True,multiple_candidates,6,0,"[false, true, true, false, true, false, null]","[""C011200"", ""C011201""]"
C011200,single_missing,[],[6],1,10,True,multiple_candidates,2,0,"[false, null, null, false, null, null, null]","[""C001200"", ""C001201"", ""C010200"", ""C010201"", ""C011000"", ""C011001"", ""C011200"", ""C011201"", ""C011210"", ""C011211""]"
C011200,double_distinct_flip,"[0, 1]",[],0,1,False,single_geometry_conditional,7,2,"[true, false, true, false, true, false, false]","[""C101200""]"
C011200,double_distinct_flip,"[0, 1]",[],1,6,False,multiple_candidates,2,1,"[null, false, null, false, null, null, null]","[""C001200"", ""C100200"", ""C101000"", ""C101200"", ""C101201"", ""C101210""]"
C011200,double_distinct_flip,"[0, 2]",[],0,1,False,single_geometry_conditional,7,2,"[true, true, false, false, true, false, false]","[""C110200""]"
C011200,double_distinct_flip,"[0, 2]",[],1,6,False,multiple_candidates,2,1,"[null, null, false, false, null, null, null]","[""C010200"", ""C100200"", ""C110000"", ""C110200"", ""C110201"", ""C110210""]"
C011200,double_distinct_flip,"[0, 3]",[],0,0,False,no_feasible_candidate,0,0,"[null, null, null, null, null, null, null]",[]
C011200,double_distinct_flip,"[0, 3]",[],1,0,False,no_feasible_candidate,0,0,"[null, null, null, null, null, null, null]",[]
C011200,double_distinct_flip,"[0, 4]",[],0,0,False,no_feasible_candidate,0,0,"[null, null, null, null, null, null, null]",[]
C011200,double_distinct_flip,"[0, 4]",[],1,3,False,multiple_candidates,4,1,"[null, null, null, false, false, false, false]","[""C011000"", ""C101000"", ""C110000""]"
C011200,double_distinct_flip,"[0, 5]",[],0,0,False,no_feasible_candidate,0,0,"[null, null, null, null, null, null, null]",[]
C011200,double_distinct_flip,"[0, 5]",[],1,3,False,multiple_candidates,4,1,"[null, null, null, false, true, true, false]","[""C011210"", ""C101210"", ""C110210""]"
C011200,double_distinct_flip,"[0, 6]",[],0,0,False,no_feasible_candidate,0,0,"[null, null, null, null, null, null, null]",[]
C011200,double_distinct_flip,"[0, 6]",[],1,3,False,multiple_candidates,4,1,"[null, null, null, false, true, false, true]","[""C011201"", ""C101201"", ""C110201""]"
C011200,double_distinct_flip,"[1, 2]",[],0,1,False,single_geometry_conditional,7,2,"[false, false, false, false, true, false, false]","[""C000200""]"
C011200,double_distinct_flip,"[1, 2]",[],1,7,False,multiple_candidates,1,0,"[null, null, null, false, null, null, null]","[""C000000"", ""C000200"", ""C000201"", ""C000210"", ""C001200"", ""C010200"", ""C100200""]"
C011200,double_distinct_flip,"[1, 3]",[],0,0,False,no_feasible_candidate,0,0,"[null, null, null, null, null, null, null]",[]
C011200,double_distinct_flip,"[1, 3]",[],1,2,False,multiple_candidates,5,1,"[false, false, true, null, null, false, false]","[""C001100"", ""C001200""]"
C011200,double_distinct_flip,"[1, 4]",[],0,1,False,single_geometry_conditional,7,2,"[false, false, true, false, false, false, false]","[""C001000""]"
C011200,double_distinct_flip,"[1, 4]",[],1,8,False,multiple_candidates,0,0,"[null, null, null, null, null, null, null]","[""C000000"", ""C001000"", ""C001001"", ""C001010"", ""C001100"", ""C001200"", ""C011000"", ""C101000""]"
C011200,double_distinct_flip,"[1, 5]",[],0,1,False,single_geometry_conditional,7,2,"[false, false, true, false, true, true, false]","[""C001210""]"
C011200,double_distinct_flip,"[1, 5]",[],1,7,False,multiple_candidates,1,0,"[null, null, null, false, null, null, null]","[""C000210"", ""C001010"", ""C001200"", ""C001210"", ""C001211"", ""C011210"", ""C101210""]"
C011200,double_distinct_flip,"[1, 6]",[],0,1,False,compatibility_unresolved,7,2,"[false, false, true, false, true, false, true]","[""C001201""]"
C011200,double_distinct_flip,"[1, 6]",[],1,7,False,multiple_candidates,1,0,"[null, null, null, false, null, null, null]","[""C000201"", ""C001001"", ""C001200"", ""C001201"", ""C001211"", ""C011201"", ""C101201""]"
C011200,double_distinct_flip,"[2, 3]",[],0,0,False,no_feasible_candidate,0,0,"[null, null, null, null, null, null, null]",[]
C011200,double_distinct_flip,"[2, 3]",[],1,2,False,multiple_candidates,5,1,"[false, true, false, null, null, false, false]","[""C010100"", ""C010200""]"
C011200,double_distinct_flip,"[2, 4]",[],0,1,False,single_geometry_conditional,7,2,"[false, true, false, false, false, false, false]","[""C010000""]"
C011200,double_distinct_flip,"[2, 4]",[],1,8,False,multiple_candidates,0,0,"[null, null, null, null, null, null, null]","[""C000000"", ""C010000"", ""C010001"", ""C010010"", ""C010100"", ""C010200"", ""C011000"", ""C110000""]"
C011200,double_distinct_flip,"[2, 5]",[],0,1,False,single_geometry_conditional,7,2,"[false, true, false, false, true, true, false]","[""C010210""]"
C011200,double_distinct_flip,"[2, 5]",[],1,7,False,multiple_candidates,1,0,"[null, null, null, false, null, null, null]","[""C000210"", ""C010010"", ""C010200"", ""C010210"", ""C010211"", ""C011210"", ""C110210""]"
C011200,double_distinct_flip,"[2, 6]",[],0,1,False,single_geometry_conditional,7,2,"[false, true, false, false, true, false, true]","[""C010201""]"
C011200,double_distinct_flip,"[2, 6]",[],1,7,False,multiple_candidates,1,0,"[null, null, null, false, null, null, null]","[""C000201"", ""C010001"", ""C010200"", ""C010201"", ""C010211"", ""C011201"", ""C110201""]"
C011200,double_distinct_flip,"[3, 4]",[],0,1,False,single_geometry_conditional,7,2,"[false, true, true, true, false, false, false]","[""C011100""]"
C011200,double_distinct_flip,"[3, 4]",[],1,5,False,multiple_candidates,3,1,"[false, null, null, null, false, false, null]","[""C001100"", ""C010100"", ""C011000"", ""C011100"", ""C011101""]"
C011200,double_distinct_flip,"[3, 5]",[],0,0,False,no_feasible_candidate,0,0,"[null, null, null, null, null, null, null]",[]
C011200,double_distinct_flip,"[3, 5]",[],1,1,False,single_geometry_conditional,7,1,"[false, true, true, false, true, true, false]","[""C011210""]"
C011200,double_distinct_flip,"[3, 6]",[],0,0,False,no_feasible_candidate,0,0,"[null, null, null, null, null, null, null]",[]
C011200,double_distinct_flip,"[3, 6]",[],1,2,False,multiple_candidates,5,1,"[false, true, true, null, null, false, true]","[""C011101"", ""C011201""]"
C011200,double_distinct_flip,"[4, 5]",[],0,1,False,single_geometry_conditional,7,2,"[false, true, true, false, false, true, false]","[""C011010""]"
C011200,double_distinct_flip,"[4, 5]",[],1,6,False,multiple_candidates,2,0,"[false, null, null, false, null, null, null]","[""C001010"", ""C010010"", ""C011000"", ""C011010"", ""C011011"", ""C011210""]"
C011200,double_distinct_flip,"[4, 6]",[],0,1,False,compatibility_unresolved,7,2,"[false, true, true, false, false, false, true]","[""C011001""]"
C011200,double_distinct_flip,"[4, 6]",[],1,7,False,multiple_candidates,1,0,"[false, null, null, null, null, null, null]","[""C001001"", ""C010001"", ""C011000"", ""C011001"", ""C011011"", ""C011101"", ""C011201""]"
C011200,double_distinct_flip,"[5, 6]",[],0,1,False,compatibility_unresolved,7,2,"[false, true, true, false, true, true, true]","[""C011211""]"
C011200,double_distinct_flip,"[5, 6]",[],1,6,False,multiple_candidates,2,0,"[false, null, null, false, null, null, null]","[""C001211"", ""C010211"", ""C011011"", ""C011201"", ""C011210"", ""C011211""]"
C011201,clean,[],[],0,1,True,compatibility_unresolved,7,0,"[false, true, true, false, true, false, true]","[""C011201""]"
C011201,clean,[],[],1,6,True,multiple_candidates,2,0,"[false, null, null, false, null, null, null]","[""C001201"", ""C010201"", ""C011001"", ""C011200"", ""C011201"", ""C011211""]"
C011201,single_flip,[0],[],0,0,False,no_feasible_candidate,0,0,"[null, null, null, null, null, null, null]",[]
C011201,single_flip,[0],[],1,3,True,multiple_candidates,4,0,"[null, null, null, false, true, false, true]","[""C011201"", ""C101201"", ""C110201""]"
C011201,single_flip,[1],[],0,1,False,compatibility_unresolved,7,1,"[false, false, true, false, true, false, true]","[""C001201""]"
C011201,single_flip,[1],[],1,7,True,multiple_candidates,1,0,"[null, null, null, false, null, null, null]","[""C000201"", ""C001001"", ""C001200"", ""C001201"", ""C001211"", ""C011201"", ""C101201""]"
C011201,single_flip,[2],[],0,1,False,single_geometry_conditional,7,1,"[false, true, false, false, true, false, true]","[""C010201""]"
C011201,single_flip,[2],[],1,7,True,multiple_candidates,1,0,"[null, null, null, false, null, null, null]","[""C000201"", ""C010001"", ""C010200"", ""C010201"", ""C010211"", ""C011201"", ""C110201""]"
C011201,single_flip,[3],[],0,0,False,no_feasible_candidate,0,0,"[null, null, null, null, null, null, null]",[]
C011201,single_flip,[3],[],1,2,True,multiple_candidates,5,0,"[false, true, true, null, null, false, true]","[""C011101"", ""C011201""]"
C011201,single_flip,[4],[],0,1,False,compatibility_unresolved,7,1,"[false, true, true, false, false, false, true]","[""C011001""]"
C011201,single_flip,[4],[],1,7,True,multiple_candidates,1,0,"[false, null, null, null, null, null, null]","[""C001001"", ""C010001"", ""C011000"", ""C011001"", ""C011011"", ""C011101"", ""C011201""]"
C011201,single_flip,[5],[],0,1,False,compatibility_unresolved,7,1,"[false, true, true, false, true, true, true]","[""C011211""]"
C011201,single_flip,[5],[],1,6,True,multiple_candidates,2,0,"[false, null, null, false, null, null, null]","[""C001211"", ""C010211"", ""C011011"", ""C011201"", ""C011210"", ""C011211""]"
C011201,single_flip,[6],[],0,1,False,single_geometry_conditional,7,1,"[false, true, true, false, true, false, false]","[""C011200""]"
C011201,single_flip,[6],[],1,6,True,multiple_candidates,2,0,"[false, null, null, false, null, null, null]","[""C001200"", ""C010200"", ""C011000"", ""C011200"", ""C011201"", ""C011210""]"
C011201,single_missing,[],[0],0,1,True,compatibility_unresolved,7,0,"[false, true, true, false, true, false, true]","[""C011201""]"
C011201,single_missing,[],[0],1,8,True,multiple_candidates,1,0,"[null, null, null, false, null, null, null]","[""C001201"", ""C010201"", ""C011001"", ""C011200"", ""C011201"", ""C011211"", ""C101201"", ""C110201""]"
C011201,single_missing,[],[1],0,2,True,multiple_candidates,6,0,"[false, null, true, false, true, false, true]","[""C001201"", ""C011201""]"
C011201,single_missing,[],[1],1,11,True,multiple_candidates,1,0,"[null, null, null, false, null, null, null]","[""C000201"", ""C001001"", ""C001200"", ""C001201"", ""C001211"", ""C010201"", ""C011001"", ""C011200"", ""C011201"", ""C011211"", ""C101201""]"
C011201,single_missing,[],[2],0,2,True,multiple_candidates,6,0,"[false, true, null, false, true, false, true]","[""C010201"", ""C011201""]"
C011201,single_missing,[],[2],1,11,True,multiple_candidates,1,0,"[null, null, null, false, null, null, null]","[""C000201"", ""C001201"", ""C010001"", ""C010200"", ""C010201"", ""C010211"", ""C011001"", ""C011200"", ""C011201"", ""C011211"", ""C110201""]"
C011201,single_missing,[],[3],0,1,True,compatibility_unresolved,7,0,"[false, true, true, false, true, false, true]","[""C011201""]"
C011201,single_missing,[],[3],1,7,True,multiple_candidates,1,0,"[false, null, null, null, null, null, null]","[""C001201"", ""C010201"", ""C011001"", ""C011101"", ""C011200"", ""C011201"", ""C011211""]"
C011201,single_missing,[],[4],0,2,True,multiple_candidates,6,0,"[false, true, true, false, null, false, true]","[""C011001"", ""C011201""]"
C011201,single_missing,[],[4],1,11,True,multiple_candidates,1,0,"[false, null, null, null, null, null, null]","[""C001001"", ""C001201"", ""C010001"", ""C010201"", ""C011000"", ""C011001"", ""C011011"", ""C011101"", ""C011200"", ""C011201"", ""C011211""]"
C011201,single_missing,[],[5],0,2,True,multiple_candidates,6,0,"[false, true, true, false, true, null, true]","[""C011201"", ""C011211""]"
C011201,single_missing,[],[5],1,10,True,multiple_candidates,2,0,"[false, null, null, false, null, null, null]","[""C001201"", ""C001211"", ""C010201"", ""C010211"", ""C011001"", ""C011011"", ""C011200"", ""C011201"", ""C011210"", ""C011211""]"
C011201,single_missing,[],[6],0,2,True,multiple_candidates,6,0,"[false, true, true, false, true, false, null]","[""C011200"", ""C011201""]"
C011201,single_missing,[],[6],1,10,True,multiple_candidates,2,0,"[false, null, null, false, null, null, null]","[""C001200"", ""C001201"", ""C010200"", ""C010201"", ""C011000"", ""C011001"", ""C011200"", ""C011201"", ""C011210"", ""C011211""]"
C011201,double_distinct_flip,"[0, 1]",[],0,1,False,compatibility_unresolved,7,2,"[true, false, true, false, true, false, true]","[""C101201""]"
C011201,double_distinct_flip,"[0, 1]",[],1,6,False,multiple_candidates,2,1,"[null, false, null, false, null, null, null]","[""C001201"", ""C100201"", ""C101001"", ""C101200"", ""C101201"", ""C101211""]"
C011201,double_distinct_flip,"[0, 2]",[],0,1,False,single_geometry_conditional,7,2,"[true, true, false, false, true, false, true]","[""C110201""]"
C011201,double_distinct_flip,"[0, 2]",[],1,6,False,multiple_candidates,2,1,"[null, null, false, false, null, null, null]","[""C010201"", ""C100201"", ""C110001"", ""C110200"", ""C110201"", ""C110211""]"
C011201,double_distinct_flip,"[0, 3]",[],0,0,False,no_feasible_candidate,0,0,"[null, null, null, null, null, null, null]",[]
C011201,double_distinct_flip,"[0, 3]",[],1,0,False,no_feasible_candidate,0,0,"[null, null, null, null, null, null, null]",[]
C011201,double_distinct_flip,"[0, 4]",[],0,0,False,no_feasible_candidate,0,0,"[null, null, null, null, null, null, null]",[]
C011201,double_distinct_flip,"[0, 4]",[],1,3,False,multiple_candidates,4,1,"[null, null, null, false, false, false, true]","[""C011001"", ""C101001"", ""C110001""]"
C011201,double_distinct_flip,"[0, 5]",[],0,0,False,no_feasible_candidate,0,0,"[null, null, null, null, null, null, null]",[]
C011201,double_distinct_flip,"[0, 5]",[],1,3,False,multiple_candidates,4,1,"[null, null, null, false, true, true, true]","[""C011211"", ""C101211"", ""C110211""]"
C011201,double_distinct_flip,"[0, 6]",[],0,0,False,no_feasible_candidate,0,0,"[null, null, null, null, null, null, null]",[]
C011201,double_distinct_flip,"[0, 6]",[],1,3,False,multiple_candidates,4,1,"[null, null, null, false, true, false, false]","[""C011200"", ""C101200"", ""C110200""]"
C011201,double_distinct_flip,"[1, 2]",[],0,1,False,single_geometry_conditional,7,2,"[false, false, false, false, true, false, true]","[""C000201""]"
C011201,double_distinct_flip,"[1, 2]",[],1,7,False,multiple_candidates,1,0,"[null, null, null, false, null, null, null]","[""C000001"", ""C000200"", ""C000201"", ""C000211"", ""C001201"", ""C010201"", ""C100201""]"
C011201,double_distinct_flip,"[1, 3]",[],0,0,False,no_feasible_candidate,0,0,"[null, null, null, null, null, null, null]",[]
C011201,double_distinct_flip,"[1, 3]",[],1,2,False,multiple_candidates,5,1,"[false, false, true, null, null, false, true]","[""C001101"", ""C001201""]"
C011201,double_distinct_flip,"[1, 4]",[],0,1,False,compatibility_unresolved,7,2,"[false, false, true, false, false, false, true]","[""C001001""]"
C011201,double_distinct_flip,"[1, 4]",[],1,8,False,multiple_candidates,0,0,"[null, null, null, null, null, null, null]","[""C000001"", ""C001000"", ""C001001"", ""C001011"", ""C001101"", ""C001201"", ""C011001"", ""C101001""]"
C011201,double_distinct_flip,"[1, 5]",[],0,1,False,compatibility_unresolved,7,2,"[false, false, true, false, true, true, true]","[""C001211""]"
C011201,double_distinct_flip,"[1, 5]",[],1,7,False,multiple_candidates,1,0,"[null, null, null, false, null, null, null]","[""C000211"", ""C001011"", ""C001201"", ""C001210"", ""C001211"", ""C011211"", ""C101211""]"
C011201,double_distinct_flip,"[1, 6]",[],0,1,False,single_geometry_conditional,7,2,"[false, false, true, false, true, false, false]","[""C001200""]"
C011201,double_distinct_flip,"[1, 6]",[],1,7,False,multiple_candidates,1,0,"[null, null, null, false, null, null, null]","[""C000200"", ""C001000"", ""C001200"", ""C001201"", ""C001210"", ""C011200"", ""C101200""]"
C011201,double_distinct_flip,"[2, 3]",[],0,0,False,no_feasible_candidate,0,0,"[null, null, null, null, null, null, null]",[]
C011201,double_distinct_flip,"[2, 3]",[],1,2,False,multiple_candidates,5,1,"[false, true, false, null, null, false, true]","[""C010101"", ""C010201""]"
C011201,double_distinct_flip,"[2, 4]",[],0,1,False,single_geometry_conditional,7,2,"[false, true, false, false, false, false, true]","[""C010001""]"
C011201,double_distinct_flip,"[2, 4]",[],1,8,False,multiple_candidates,0,0,"[null, null, null, null, null, null, null]","[""C000001"", ""C010000"", ""C010001"", ""C010011"", ""C010101"", ""C010201"", ""C011001"", ""C110001""]"
C011201,double_distinct_flip,"[2, 5]",[],0,1,False,single_geometry_conditional,7,2,"[false, true, false, false, true, true, true]","[""C010211""]"
C011201,double_distinct_flip,"[2, 5]",[],1,7,False,multiple_candidates,1,0,"[null, null, null, false, null, null, null]","[""C000211"", ""C010011"", ""C010201"", ""C010210"", ""C010211"", ""C011211"", ""C110211""]"
C011201,double_distinct_flip,"[2, 6]",[],0,1,False,single_geometry_conditional,7,2,"[false, true, false, false, true, false, false]","[""C010200""]"
C011201,double_distinct_flip,"[2, 6]",[],1,7,False,multiple_candidates,1,0,"[null, null, null, false, null, null, null]","[""C000200"", ""C010000"", ""C010200"", ""C010201"", ""C010210"", ""C011200"", ""C110200""]"
C011201,double_distinct_flip,"[3, 4]",[],0,1,False,compatibility_unresolved,7,2,"[false, true, true, true, false, false, true]","[""C011101""]"
C011201,double_distinct_flip,"[3, 4]",[],1,5,False,multiple_candidates,3,1,"[false, null, null, null, false, false, null]","[""C001101"", ""C010101"", ""C011001"", ""C011100"", ""C011101""]"
C011201,double_distinct_flip,"[3, 5]",[],0,0,False,no_feasible_candidate,0,0,"[null, null, null, null, null, null, null]",[]
C011201,double_distinct_flip,"[3, 5]",[],1,1,False,compatibility_unresolved,7,1,"[false, true, true, false, true, true, true]","[""C011211""]"
C011201,double_distinct_flip,"[3, 6]",[],0,0,False,no_feasible_candidate,0,0,"[null, null, null, null, null, null, null]",[]
C011201,double_distinct_flip,"[3, 6]",[],1,2,False,multiple_candidates,5,1,"[false, true, true, null, null, false, false]","[""C011100"", ""C011200""]"
C011201,double_distinct_flip,"[4, 5]",[],0,1,False,compatibility_unresolved,7,2,"[false, true, true, false, false, true, true]","[""C011011""]"
C011201,double_distinct_flip,"[4, 5]",[],1,6,False,multiple_candidates,2,0,"[false, null, null, false, null, null, null]","[""C001011"", ""C010011"", ""C011001"", ""C011010"", ""C011011"", ""C011211""]"
C011201,double_distinct_flip,"[4, 6]",[],0,1,False,single_geometry_conditional,7,2,"[false, true, true, false, false, false, false]","[""C011000""]"
C011201,double_distinct_flip,"[4, 6]",[],1,7,False,multiple_candidates,1,0,"[false, null, null, null, null, null, null]","[""C001000"", ""C010000"", ""C011000"", ""C011001"", ""C011010"", ""C011100"", ""C011200""]"
C011201,double_distinct_flip,"[5, 6]",[],0,1,False,single_geometry_conditional,7,2,"[false, true, true, false, true, true, false]","[""C011210""]"
C011201,double_distinct_flip,"[5, 6]",[],1,6,False,multiple_candidates,2,0,"[false, null, null, false, null, null, null]","[""C001210"", ""C010210"", ""C011010"", ""C011200"", ""C011210"", ""C011211""]"
C011210,clean,[],[],0,1,True,single_geometry_conditional,7,0,"[false, true, true, false, true, true, false]","[""C011210""]"
C011210,clean,[],[],1,6,True,multiple_candidates,2,0,"[false, null, null, false, null, null, null]","[""C001210"", ""C010210"", ""C011010"", ""C011200"", ""C011210"", ""C011211""]"
C011210,single_flip,[0],[],0,0,False,no_feasible_candidate,0,0,"[null, null, null, null, null, null, null]",[]
C011210,single_flip,[0],[],1,3,True,multiple_candidates,4,0,"[null, null, null, false, true, true, false]","[""C011210"", ""C101210"", ""C110210""]"
C011210,single_flip,[1],[],0,1,False,single_geometry_conditional,7,1,"[false, false, true, false, true, true, false]","[""C001210""]"
C011210,single_flip,[1],[],1,7,True,multiple_candidates,1,0,"[null, null, null, false, null, null, null]","[""C000210"", ""C001010"", ""C001200"", ""C001210"", ""C001211"", ""C011210"", ""C101210""]"
C011210,single_flip,[2],[],0,1,False,single_geometry_conditional,7,1,"[false, true, false, false, true, true, false]","[""C010210""]"
C011210,single_flip,[2],[],1,7,True,multiple_candidates,1,0,"[null, null, null, false, null, null, null]","[""C000210"", ""C010010"", ""C010200"", ""C010210"", ""C010211"", ""C011210"", ""C110210""]"
C011210,single_flip,[3],[],0,0,False,no_feasible_candidate,0,0,"[null, null, null, null, null, null, null]",[]
C011210,single_flip,[3],[],1,1,True,single_geometry_conditional,7,0,"[false, true, true, false, true, true, false]","[""C011210""]"
C011210,single_flip,[4],[],0,1,False,single_geometry_conditional,7,1,"[false, true, true, false, false, true, false]","[""C011010""]"
C011210,single_flip,[4],[],1,6,True,multiple_candidates,2,0,"[false, null, null, false, null, null, null]","[""C001010"", ""C010010"", ""C011000"", ""C011010"", ""C011011"", ""C011210""]"
C011210,single_flip,[5],[],0,1,False,single_geometry_conditional,7,1,"[false, true, true, false, true, false, false]","[""C011200""]"
C011210,single_flip,[5],[],1,6,True,multiple_candidates,2,0,"[false, null, null, false, null, null, null]","[""C001200"", ""C010200"", ""C011000"", ""C011200"", ""C011201"", ""C011210""]"
C011210,single_flip,[6],[],0,1,False,compatibility_unresolved,7,1,"[false, true, true, false, true, true, true]","[""C011211""]"
C011210,single_flip,[6],[],1,6,True,multiple_candidates,2,0,"[false, null, null, false, null, null, null]","[""C001211"", ""C010211"", ""C011011"", ""C011201"", ""C011210"", ""C011211""]"
C011210,single_missing,[],[0],0,1,True,single_geometry_conditional,7,0,"[false, true, true, false, true, true, false]","[""C011210""]"
C011210,single_missing,[],[0],1,8,True,multiple_candidates,1,0,"[null, null, null, false, null, null, null]","[""C001210"", ""C010210"", ""C011010"", ""C011200"", ""C011210"", ""C011211"", ""C101210"", ""C110210""]"
C011210,single_missing,[],[1],0,2,True,multiple_candidates,6,0,"[false, null, true, false, true, true, false]","[""C001210"", ""C011210""]"
C011210,single_missing,[],[1],1,11,True,multiple_candidates,1,0,"[null, null, null, false, null, null, null]","[""C000210"", ""C001010"", ""C001200"", ""C001210"", ""C001211"", ""C010210"", ""C011010"", ""C011200"", ""C011210"", ""C011211"", ""C101210""]"
C011210,single_missing,[],[2],0,2,True,multiple_candidates,6,0,"[false, true, null, false, true, true, false]","[""C010210"", ""C011210""]"
C011210,single_missing,[],[2],1,11,True,multiple_candidates,1,0,"[null, null, null, false, null, null, null]","[""C000210"", ""C001210"", ""C010010"", ""C010200"", ""C010210"", ""C010211"", ""C011010"", ""C011200"", ""C011210"", ""C011211"", ""C110210""]"
C011210,single_missing,[],[3],0,1,True,single_geometry_conditional,7,0,"[false, true, true, false, true, true, false]","[""C011210""]"
C011210,single_missing,[],[3],1,6,True,multiple_candidates,2,0,"[false, null, null, false, null, null, null]","[""C001210"", ""C010210"", ""C011010"", ""C011200"", ""C011210"", ""C011211""]"
C011210,single_missing,[],[4],0,2,True,multiple_candidates,6,0,"[false, true, true, false, null, true, false]","[""C011010"", ""C011210""]"
C011210,single_missing,[],[4],1,10,True,multiple_candidates,2,0,"[false, null, null, false, null, null, null]","[""C001010"", ""C001210"", ""C010010"", ""C010210"", ""C011000"", ""C011010"", ""C011011"", ""C011200"", ""C011210"", ""C011211""]"
C011210,single_missing,[],[5],0,2,True,multiple_candidates,6,0,"[false, true, true, false, true, null, false]","[""C011200"", ""C011210""]"
C011210,single_missing,[],[5],1,10,True,multiple_candidates,2,0,"[false, null, null, false, null, null, null]","[""C001200"", ""C001210"", ""C010200"", ""C010210"", ""C011000"", ""C011010"", ""C011200"", ""C011201"", ""C011210"", ""C011211""]"
C011210,single_missing,[],[6],0,2,True,multiple_candidates,6,0,"[false, true, true, false, true, true, null]","[""C011210"", ""C011211""]"
C011210,single_missing,[],[6],1,10,True,multiple_candidates,2,0,"[false, null, null, false, null, null, null]","[""C001210"", ""C001211"", ""C010210"", ""C010211"", ""C011010"", ""C011011"", ""C011200"", ""C011201"", ""C011210"", ""C011211""]"
C011210,double_distinct_flip,"[0, 1]",[],0,1,False,single_geometry_conditional,7,2,"[true, false, true, false, true, true, false]","[""C101210""]"
C011210,double_distinct_flip,"[0, 1]",[],1,6,False,multiple_candidates,2,1,"[null, false, null, false, null, null, null]","[""C001210"", ""C100210"", ""C101010"", ""C101200"", ""C101210"", ""C101211""]"
C011210,double_distinct_flip,"[0, 2]",[],0,1,False,single_geometry_conditional,7,2,"[true, true, false, false, true, true, false]","[""C110210""]"
C011210,double_distinct_flip,"[0, 2]",[],1,6,False,multiple_candidates,2,1,"[null, null, false, false, null, null, null]","[""C010210"", ""C100210"", ""C110010"", ""C110200"", ""C110210"", ""C110211""]"
C011210,double_distinct_flip,"[0, 3]",[],0,0,False,no_feasible_candidate,0,0,"[null, null, null, null, null, null, null]",[]
C011210,double_distinct_flip,"[0, 3]",[],1,0,False,no_feasible_candidate,0,0,"[null, null, null, null, null, null, null]",[]
C011210,double_distinct_flip,"[0, 4]",[],0,0,False,no_feasible_candidate,0,0,"[null, null, null, null, null, null, null]",[]
C011210,double_distinct_flip,"[0, 4]",[],1,3,False,multiple_candidates,4,1,"[null, null, null, false, false, true, false]","[""C011010"", ""C101010"", ""C110010""]"
C011210,double_distinct_flip,"[0, 5]",[],0,0,False,no_feasible_candidate,0,0,"[null, null, null, null, null, null, null]",[]
C011210,double_distinct_flip,"[0, 5]",[],1,3,False,multiple_candidates,4,1,"[null, null, null, false, true, false, false]","[""C011200"", ""C101200"", ""C110200""]"
C011210,double_distinct_flip,"[0, 6]",[],0,0,False,no_feasible_candidate,0,0,"[null, null, null, null, null, null, null]",[]
C011210,double_distinct_flip,"[0, 6]",[],1,3,False,multiple_candidates,4,1,"[null, null, null, false, true, true, true]","[""C011211"", ""C101211"", ""C110211""]"
C011210,double_distinct_flip,"[1, 2]",[],0,1,False,single_geometry_conditional,7,2,"[false, false, false, false, true, true, false]","[""C000210""]"
C011210,double_distinct_flip,"[1, 2]",[],1,7,False,multiple_candidates,1,0,"[null, null, null, false, null, null, null]","[""C000010"", ""C000200"", ""C000210"", ""C000211"", ""C001210"", ""C010210"", ""C100210""]"
C011210,double_distinct_flip,"[1, 3]",[],0,0,False,no_feasible_candidate,0,0,"[null, null, null, null, null, null, null]",[]
C011210,double_distinct_flip,"[1, 3]",[],1,1,False,single_geometry_conditional,7,1,"[false, false, true, false, true, true, false]","[""C001210""]"
C011210,double_distinct_flip,"[1, 4]",[],0,1,False,single_geometry_conditional,7,2,"[false, false, true, false, false, true, false]","[""C001010""]"
C011210,double_distinct_flip,"[1, 4]",[],1,7,False,multiple_candidates,1,0,"[null, null, null, false, null, null, null]","[""C000010"", ""C001000"", ""C001010"", ""C001011"", ""C001210"", ""C011010"", ""C101010""]"
C011210,double_distinct_flip,"[1, 5]",[],0,1,False,single_geometry_conditional,7,2,"[false, false, true, false, true, false, false]","[""C001200""]"
C011210,double_distinct_flip,"[1, 5]",[],1,7,False,multiple_candidates,1,0,"[null, null, null, false, null, null, null]","[""C000200"", ""C001000"", ""C001200"", ""C001201"", ""C001210"", ""C011200"", ""C101200""]"
C011210,double_distinct_flip,"[1, 6]",[],0,1,False,compatibility_unresolved,7,2,"[false, false, true, false, true, true, true]","[""C001211""]"
C011210,double_distinct_flip,"[1, 6]",[],1,7,False,multiple_candidates,1,0,"[null, null, null, false, null, null, null]","[""C000211"", ""C001011"", ""C001201"", ""C001210"", ""C001211"", ""C011211"", ""C101211""]"
C011210,double_distinct_flip,"[2, 3]",[],0,0,False,no_feasible_candidate,0,0,"[null, null, null, null, null, null, null]",[]
C011210,double_distinct_flip,"[2, 3]",[],1,1,False,single_geometry_conditional,7,1,"[false, true, false, false, true, true, false]","[""C010210""]"
C011210,double_distinct_flip,"[2, 4]",[],0,1,False,single_geometry_conditional,7,2,"[false, true, false, false, false, true, false]","[""C010010""]"
C011210,double_distinct_flip,"[2, 4]",[],1,7,False,multiple_candidates,1,0,"[null, null, null, false, null, null, null]","[""C000010"", ""C010000"", ""C010010"", ""C010011"", ""C010210"", ""C011010"", ""C110010""]"
C011210,double_distinct_flip,"[2, 5]",[],0,1,False,single_geometry_conditional,7,2,"[false, true, false, false, true, false, false]","[""C010200""]"
C011210,double_distinct_flip,"[2, 5]",[],1,7,False,multiple_candidates,1,0,"[null, null, null, false, null, null, null]","[""C000200"", ""C010000"", ""C010200"", ""C010201"", ""C010210"", ""C011200"", ""C110200""]"
C011210,double_distinct_flip,"[2, 6]",[],0,1,False,single_geometry_conditional,7,2,"[false, true, false, false, true, true, true]","[""C010211""]"
C011210,double_distinct_flip,"[2, 6]",[],1,7,False,multiple_candidates,1,0,"[null, null, null, false, null, null, null]","[""C000211"", ""C010011"", ""C010201"", ""C010210"", ""C010211"", ""C011211"", ""C110211""]"
C011210,double_distinct_flip,"[3, 4]",[],0,0,False,no_feasible_candidate,0,0,"[null, null, null, null, null, null, null]",[]
C011210,double_distinct_flip,"[3, 4]",[],1,2,False,multiple_candidates,5,1,"[false, true, true, null, false, null, false]","[""C011010"", ""C011100""]"
C011210,double_distinct_flip,"[3, 5]",[],0,0,False,no_feasible_candidate,0,0,"[null, null, null, null, null, null, null]",[]
C011210,double_distinct_flip,"[3, 5]",[],1,2,False,multiple_candidates,5,1,"[false, true, true, null, null, false, false]","[""C011100"", ""C011200""]"
C011210,double_distinct_flip,"[3, 6]",[],0,0,False,no_feasible_candidate,0,0,"[null, null, null, null, null, null, null]",[]
C011210,double_distinct_flip,"[3, 6]",[],1,1,False,compatibility_unresolved,7,1,"[false, true, true, false, true, true, true]","[""C011211""]"
C011210,double_distinct_flip,"[4, 5]",[],0,1,False,single_geometry_conditional,7,2,"[false, true, true, false, false, false, false]","[""C011000""]"
C011210,double_distinct_flip,"[4, 5]",[],1,7,False,multiple_candidates,1,0,"[false, null, null, null, null, null, null]","[""C001000"", ""C010000"", ""C011000"", ""C011001"", ""C011010"", ""C011100"", ""C011200""]"
C011210,double_distinct_flip,"[4, 6]",[],0,1,False,compatibility_unresolved,7,2,"[false, true, true, false, false, true, true]","[""C011011""]"
C011210,double_distinct_flip,"[4, 6]",[],1,6,False,multiple_candidates,2,0,"[false, null, null, false, null, null, null]","[""C001011"", ""C010011"", ""C011001"", ""C011010"", ""C011011"", ""C011211""]"
C011210,double_distinct_flip,"[5, 6]",[],0,1,False,compatibility_unresolved,7,2,"[false, true, true, false, true, false, true]","[""C011201""]"
C011210,double_distinct_flip,"[5, 6]",[],1,6,False,multiple_candidates,2,0,"[false, null, null, false, null, null, null]","[""C001201"", ""C010201"", ""C011001"", ""C011200"", ""C011201"", ""C011211""]"
C011211,clean,[],[],0,1,True,compatibility_unresolved,7,0,"[false, true, true, false, true, true, true]","[""C011211""]"
C011211,clean,[],[],1,6,True,multiple_candidates,2,0,"[false, null, null, false, null, null, null]","[""C001211"", ""C010211"", ""C011011"", ""C011201"", ""C011210"", ""C011211""]"
C011211,single_flip,[0],[],0,0,False,no_feasible_candidate,0,0,"[null, null, null, null, null, null, null]",[]
C011211,single_flip,[0],[],1,3,True,multiple_candidates,4,0,"[null, null, null, false, true, true, true]","[""C011211"", ""C101211"", ""C110211""]"
C011211,single_flip,[1],[],0,1,False,compatibility_unresolved,7,1,"[false, false, true, false, true, true, true]","[""C001211""]"
C011211,single_flip,[1],[],1,7,True,multiple_candidates,1,0,"[null, null, null, false, null, null, null]","[""C000211"", ""C001011"", ""C001201"", ""C001210"", ""C001211"", ""C011211"", ""C101211""]"
C011211,single_flip,[2],[],0,1,False,single_geometry_conditional,7,1,"[false, true, false, false, true, true, true]","[""C010211""]"
C011211,single_flip,[2],[],1,7,True,multiple_candidates,1,0,"[null, null, null, false, null, null, null]","[""C000211"", ""C010011"", ""C010201"", ""C010210"", ""C010211"", ""C011211"", ""C110211""]"
C011211,single_flip,[3],[],0,0,False,no_feasible_candidate,0,0,"[null, null, null, null, null, null, null]",[]
C011211,single_flip,[3],[],1,1,True,compatibility_unresolved,7,0,"[false, true, true, false, true, true, true]","[""C011211""]"
C011211,single_flip,[4],[],0,1,False,compatibility_unresolved,7,1,"[false, true, true, false, false, true, true]","[""C011011""]"
C011211,single_flip,[4],[],1,6,True,multiple_candidates,2,0,"[false, null, null, false, null, null, null]","[""C001011"", ""C010011"", ""C011001"", ""C011010"", ""C011011"", ""C011211""]"
C011211,single_flip,[5],[],0,1,False,compatibility_unresolved,7,1,"[false, true, true, false, true, false, true]","[""C011201""]"
C011211,single_flip,[5],[],1,6,True,multiple_candidates,2,0,"[false, null, null, false, null, null, null]","[""C001201"", ""C010201"", ""C011001"", ""C011200"", ""C011201"", ""C011211""]"
C011211,single_flip,[6],[],0,1,False,single_geometry_conditional,7,1,"[false, true, true, false, true, true, false]","[""C011210""]"
C011211,single_flip,[6],[],1,6,True,multiple_candidates,2,0,"[false, null, null, false, null, null, null]","[""C001210"", ""C010210"", ""C011010"", ""C011200"", ""C011210"", ""C011211""]"
C011211,single_missing,[],[0],0,1,True,compatibility_unresolved,7,0,"[false, true, true, false, true, true, true]","[""C011211""]"
C011211,single_missing,[],[0],1,8,True,multiple_candidates,1,0,"[null, null, null, false, null, null, null]","[""C001211"", ""C010211"", ""C011011"", ""C011201"", ""C011210"", ""C011211"", ""C101211"", ""C110211""]"
C011211,single_missing,[],[1],0,2,True,multiple_candidates,6,0,"[false, null, true, false, true, true, true]","[""C001211"", ""C011211""]"
C011211,single_missing,[],[1],1,11,True,multiple_candidates,1,0,"[null, null, null, false, null, null, null]","[""C000211"", ""C001011"", ""C001201"", ""C001210"", ""C001211"", ""C010211"", ""C011011"", ""C011201"", ""C011210"", ""C011211"", ""C101211""]"
C011211,single_missing,[],[2],0,2,True,multiple_candidates,6,0,"[false, true, null, false, true, true, true]","[""C010211"", ""C011211""]"
C011211,single_missing,[],[2],1,11,True,multiple_candidates,1,0,"[null, null, null, false, null, null, null]","[""C000211"", ""C001211"", ""C010011"", ""C010201"", ""C010210"", ""C010211"", ""C011011"", ""C011201"", ""C011210"", ""C011211"", ""C110211""]"
C011211,single_missing,[],[3],0,1,True,compatibility_unresolved,7,0,"[false, true, true, false, true, true, true]","[""C011211""]"
C011211,single_missing,[],[3],1,6,True,multiple_candidates,2,0,"[false, null, null, false, null, null, null]","[""C001211"", ""C010211"", ""C011011"", ""C011201"", ""C011210"", ""C011211""]"
C011211,single_missing,[],[4],0,2,True,multiple_candidates,6,0,"[false, true, true, false, null, true, true]","[""C011011"", ""C011211""]"
C011211,single_missing,[],[4],1,10,True,multiple_candidates,2,0,"[false, null, null, false, null, null, null]","[""C001011"", ""C001211"", ""C010011"", ""C010211"", ""C011001"", ""C011010"", ""C011011"", ""C011201"", ""C011210"", ""C011211""]"
C011211,single_missing,[],[5],0,2,True,multiple_candidates,6,0,"[false, true, true, false, true, null, true]","[""C011201"", ""C011211""]"
C011211,single_missing,[],[5],1,10,True,multiple_candidates,2,0,"[false, null, null, false, null, null, null]","[""C001201"", ""C001211"", ""C010201"", ""C010211"", ""C011001"", ""C011011"", ""C011200"", ""C011201"", ""C011210"", ""C011211""]"
C011211,single_missing,[],[6],0,2,True,multiple_candidates,6,0,"[false, true, true, false, true, true, null]","[""C011210"", ""C011211""]"
C011211,single_missing,[],[6],1,10,True,multiple_candidates,2,0,"[false, null, null, false, null, null, null]","[""C001210"", ""C001211"", ""C010210"", ""C010211"", ""C011010"", ""C011011"", ""C011200"", ""C011201"", ""C011210"", ""C011211""]"
C011211,double_distinct_flip,"[0, 1]",[],0,1,False,compatibility_unresolved,7,2,"[true, false, true, false, true, true, true]","[""C101211""]"
C011211,double_distinct_flip,"[0, 1]",[],1,6,False,multiple_candidates,2,1,"[null, false, null, false, null, null, null]","[""C001211"", ""C100211"", ""C101011"", ""C101201"", ""C101210"", ""C101211""]"
C011211,double_distinct_flip,"[0, 2]",[],0,1,False,single_geometry_conditional,7,2,"[true, true, false, false, true, true, true]","[""C110211""]"
C011211,double_distinct_flip,"[0, 2]",[],1,6,False,multiple_candidates,2,1,"[null, null, false, false, null, null, null]","[""C010211"", ""C100211"", ""C110011"", ""C110201"", ""C110210"", ""C110211""]"
C011211,double_distinct_flip,"[0, 3]",[],0,0,False,no_feasible_candidate,0,0,"[null, null, null, null, null, null, null]",[]
C011211,double_distinct_flip,"[0, 3]",[],1,0,False,no_feasible_candidate,0,0,"[null, null, null, null, null, null, null]",[]
C011211,double_distinct_flip,"[0, 4]",[],0,0,False,no_feasible_candidate,0,0,"[null, null, null, null, null, null, null]",[]
C011211,double_distinct_flip,"[0, 4]",[],1,3,False,multiple_candidates,4,1,"[null, null, null, false, false, true, true]","[""C011011"", ""C101011"", ""C110011""]"
C011211,double_distinct_flip,"[0, 5]",[],0,0,False,no_feasible_candidate,0,0,"[null, null, null, null, null, null, null]",[]
C011211,double_distinct_flip,"[0, 5]",[],1,3,False,multiple_candidates,4,1,"[null, null, null, false, true, false, true]","[""C011201"", ""C101201"", ""C110201""]"
C011211,double_distinct_flip,"[0, 6]",[],0,0,False,no_feasible_candidate,0,0,"[null, null, null, null, null, null, null]",[]
C011211,double_distinct_flip,"[0, 6]",[],1,3,False,multiple_candidates,4,1,"[null, null, null, false, true, true, false]","[""C011210"", ""C101210"", ""C110210""]"
C011211,double_distinct_flip,"[1, 2]",[],0,1,False,single_geometry_conditional,7,2,"[false, false, false, false, true, true, true]","[""C000211""]"
C011211,double_distinct_flip,"[1, 2]",[],1,7,False,multiple_candidates,1,0,"[null, null, null, false, null, null, null]","[""C000011"", ""C000201"", ""C000210"", ""C000211"", ""C001211"", ""C010211"", ""C100211""]"
C011211,double_distinct_flip,"[1, 3]",[],0,0,False,no_feasible_candidate,0,0,"[null, null, null, null, null, null, null]",[]
C011211,double_distinct_flip,"[1, 3]",[],1,1,False,compatibility_unresolved,7,1,"[false, false, true, false, true, true, true]","[""C001211""]"
C011211,double_distinct_flip,"[1, 4]",[],0,1,False,compatibility_unresolved,7,2,"[false, false, true, false, false, true, true]","[""C001011""]"
C011211,double_distinct_flip,"[1, 4]",[],1,7,False,multiple_candidates,1,0,"[null, null, null, false, null, null, null]","[""C000011"", ""C001001"", ""C001010"", ""C001011"", ""C001211"", ""C011011"", ""C101011""]"
C011211,double_distinct_flip,"[1, 5]",[],0,1,False,compatibility_unresolved,7,2,"[false, false, true, false, true, false, true]","[""C001201""]"
C011211,double_distinct_flip,"[1, 5]",[],1,7,False,multiple_candidates,1,0,"[null, null, null, false, null, null, null]","[""C000201"", ""C001001"", ""C001200"", ""C001201"", ""C001211"", ""C011201"", ""C101201""]"
C011211,double_distinct_flip,"[1, 6]",[],0,1,False,single_geometry_conditional,7,2,"[false, false, true, false, true, true, false]","[""C001210""]"
C011211,double_distinct_flip,"[1, 6]",[],1,7,False,multiple_candidates,1,0,"[null, null, null, false, null, null, null]","[""C000210"", ""C001010"", ""C001200"", ""C001210"", ""C001211"", ""C011210"", ""C101210""]"
C011211,double_distinct_flip,"[2, 3]",[],0,0,False,no_feasible_candidate,0,0,"[null, null, null, null, null, null, null]",[]
C011211,double_distinct_flip,"[2, 3]",[],1,1,False,single_geometry_conditional,7,1,"[false, true, false, false, true, true, true]","[""C010211""]"
C011211,double_distinct_flip,"[2, 4]",[],0,1,False,single_geometry_conditional,7,2,"[false, true, false, false, false, true, true]","[""C010011""]"
C011211,double_distinct_flip,"[2, 4]",[],1,7,False,multiple_candidates,1,0,"[null, null, null, false, null, null, null]","[""C000011"", ""C010001"", ""C010010"", ""C010011"", ""C010211"", ""C011011"", ""C110011""]"
C011211,double_distinct_flip,"[2, 5]",[],0,1,False,single_geometry_conditional,7,2,"[false, true, false, false, true, false, true]","[""C010201""]"
C011211,double_distinct_flip,"[2, 5]",[],1,7,False,multiple_candidates,1,0,"[null, null, null, false, null, null, null]","[""C000201"", ""C010001"", ""C010200"", ""C010201"", ""C010211"", ""C011201"", ""C110201""]"
C011211,double_distinct_flip,"[2, 6]",[],0,1,False,single_geometry_conditional,7,2,"[false, true, false, false, true, true, false]","[""C010210""]"
C011211,double_distinct_flip,"[2, 6]",[],1,7,False,multiple_candidates,1,0,"[null, null, null, false, null, null, null]","[""C000210"", ""C010010"", ""C010200"", ""C010210"", ""C010211"", ""C011210"", ""C110210""]"
C011211,double_distinct_flip,"[3, 4]",[],0,0,False,no_feasible_candidate,0,0,"[null, null, null, null, null, null, null]",[]
C011211,double_distinct_flip,"[3, 4]",[],1,2,False,multiple_candidates,5,1,"[false, true, true, null, false, null, true]","[""C011011"", ""C011101""]"
C011211,double_distinct_flip,"[3, 5]",[],0,0,False,no_feasible_candidate,0,0,"[null, null, null, null, null, null, null]",[]
C011211,double_distinct_flip,"[3, 5]",[],1,2,False,multiple_candidates,5,1,"[false, true, true, null, null, false, true]","[""C011101"", ""C011201""]"
C011211,double_distinct_flip,"[3, 6]",[],0,0,False,no_feasible_candidate,0,0,"[null, null, null, null, null, null, null]",[]
C011211,double_distinct_flip,"[3, 6]",[],1,1,False,single_geometry_conditional,7,1,"[false, true, true, false, true, true, false]","[""C011210""]"
C011211,double_distinct_flip,"[4, 5]",[],0,1,False,compatibility_unresolved,7,2,"[false, true, true, false, false, false, true]","[""C011001""]"
C011211,double_distinct_flip,"[4, 5]",[],1,7,False,multiple_candidates,1,0,"[false, null, null, null, null, null, null]","[""C001001"", ""C010001"", ""C011000"", ""C011001"", ""C011011"", ""C011101"", ""C011201""]"
C011211,double_distinct_flip,"[4, 6]",[],0,1,False,single_geometry_conditional,7,2,"[false, true, true, false, false, true, false]","[""C011010""]"
C011211,double_distinct_flip,"[4, 6]",[],1,6,False,multiple_candidates,2,0,"[false, null, null, false, null, null, null]","[""C001010"", ""C010010"", ""C011000"", ""C011010"", ""C011011"", ""C011210""]"
C011211,double_distinct_flip,"[5, 6]",[],0,1,False,single_geometry_conditional,7,2,"[false, true, true, false, true, false, false]","[""C011200""]"
C011211,double_distinct_flip,"[5, 6]",[],1,6,False,multiple_candidates,2,0,"[false, null, null, false, null, null, null]","[""C001200"", ""C010200"", ""C011000"", ""C011200"", ""C011201"", ""C011210""]"
C100000,clean,[],[],0,1,True,single_geometry_conditional,7,0,"[true, false, false, false, false, false, false]","[""C100000""]"
C100000,clean,[],[],1,8,True,multiple_candidates,0,0,"[null, null, null, null, null, null, null]","[""C000000"", ""C100000"", ""C100001"", ""C100010"", ""C100100"", ""C100200"", ""C101000"", ""C110000""]"
C100000,single_flip,[0],[],0,1,False,single_geometry_conditional,7,1,"[false, false, false, false, false, false, false]","[""C000000""]"
C100000,single_flip,[0],[],1,8,True,multiple_candidates,0,0,"[null, null, null, null, null, null, null]","[""C000000"", ""C000001"", ""C000010"", ""C000100"", ""C000200"", ""C001000"", ""C010000"", ""C100000""]"
C100000,single_flip,[1],[],0,1,False,single_geometry_conditional,7,1,"[true, true, false, false, false, false, false]","[""C110000""]"
C100000,single_flip,[1],[],1,7,True,multiple_candidates,1,0,"[null, null, false, null, null, null, null]","[""C010000"", ""C100000"", ""C110000"", ""C110001"", ""C110010"", ""C110100"", ""C110200""]"
C100000,single_flip,[2],[],0,1,False,single_geometry_conditional,7,1,"[true, false, true, false, false, false, false]","[""C101000""]"
C100000,single_flip,[2],[],1,7,True,multiple_candidates,1,0,"[null, false, null, null, null, null, null]","[""C001000"", ""C100000"", ""C101000"", ""C101001"", ""C101010"", ""C101100"", ""C101200""]"
C100000,single_flip,[3],[],0,1,False,single_geometry_conditional,7,1,"[true, false, false, true, false, false, false]","[""C100100""]"
C100000,single_flip,[3],[],1,6,True,multiple_candidates,2,0,"[null, null, null, null, false, false, null]","[""C000100"", ""C100000"", ""C100100"", ""C100101"", ""C101100"", ""C110100""]"
C100000,single_flip,[4],[],0,1,False,single_geometry_conditional,7,1,"[true, false, false, false, true, false, false]","[""C100200""]"
C100000,single_flip,[4],[],1,7,True,multiple_candidates,1,0,"[null, null, null, false, null, null, null]","[""C000200"", ""C100000"", ""C100200"", ""C100201"", ""C100210"", ""C101200"", ""C110200""]"
C100000,single_flip,[5],[],0,1,False,single_geometry_conditional,7,1,"[true, false, false, false, false, true, false]","[""C100010""]"
C100000,single_flip,[5],[],1,7,True,multiple_candidates,1,0,"[null, null, null, false, null, null, null]","[""C000010"", ""C100000"", ""C100010"", ""C100011"", ""C100210"", ""C101010"", ""C110010""]"
C100000,single_flip,[6],[],0,1,False,single_geometry_conditional,7,1,"[true, false, false, false, false, false, true]","[""C100001""]"
C100000,single_flip,[6],[],1,8,True,multiple_candidates,0,0,"[null, null, null, null, null, null, null]","[""C000001"", ""C100000"", ""C100001"", ""C100011"", ""C100101"", ""C100201"", ""C101001"", ""C110001""]"
C100000,single_missing,[],[0],0,2,True,multiple_candidates,6,0,"[null, false, false, false, false, false, false]","[""C000000"", ""C100000""]"
C100000,single_missing,[],[0],1,14,True,multiple_candidates,0,0,"[null, null, null, null, null, null, null]","[""C000000"", ""C000001"", ""C000010"", ""C000100"", ""C000200"", ""C001000"", ""C010000"", ""C100000"", ""C100001"", ""C100010"", ""C100100"", ""C100200"", ""C101000"", ""C110000""]"
C100000,single_missing,[],[1],0,2,True,multiple_candidates,6,0,"[true, null, false, false, false, false, false]","[""C100000"", ""C110000""]"
C100000,single_missing,[],[1],1,13,True,multiple_candidates,0,0,"[null, null, null, null, null, null, null]","[""C000000"", ""C010000"", ""C100000"", ""C100001"", ""C100010"", ""C100100"", ""C100200"", ""C101000"", ""C110000"", ""C110001"", ""C110010"", ""C110100"", ""C110200""]"
C100000,single_missing,[],[2],0,2,True,multiple_candidates,6,0,"[true, false, null, false, false, false, false]","[""C100000"", ""C101000""]"
C100000,single_missing,[],[2],1,13,True,multiple_candidates,0,0,"[null, null, null, null, null, null, null]","[""C000000"", ""C001000"", ""C100000"", ""C100001"", ""C100010"", ""C100100"", ""C100200"", ""C101000"", ""C101001"", ""C101010"", ""C101100"", ""C101200"", ""C110000""]"
C100000,single_missing,[],[3],0,2,True,multiple_candidates,6,0,"[true, false, false, null, false, false, false]","[""C100000"", ""C100100""]"
C100000,single_missing,[],[3],1,12,True,multiple_candidates,0,0,"[null, null, null, null, null, null, null]","[""C000000"", ""C000100"", ""C100000"", ""C100001"", ""C100010"", ""C100100"", ""C100101"", ""C100200"", ""C101000"", ""C101100"", ""C110000"", ""C110100""]"
C100000,single_missing,[],[4],0,2,True,multiple_candidates,6,0,"[true, false, false, false, null, false, false]","[""C100000"", ""C100200""]"
C100000,single_missing,[],[4],1,13,True,multiple_candidates,0,0,"[null, null, null, null, null, null, null]","[""C000000"", ""C000200"", ""C100000"", ""C100001"", ""C100010"", ""C100100"", ""C100200"", ""C100201"", ""C100210"", ""C101000"", ""C101200"", ""C110000"", ""C110200""]"
C100000,single_missing,[],[5],0,2,True,multiple_candidates,6,0,"[true, false, false, false, false, null, false]","[""C100000"", ""C100010""]"
C100000,single_missing,[],[5],1,13,True,multiple_candidates,0,0,"[null, null, null, null, null, null, null]","[""C000000"", ""C000010"", ""C100000"", ""C100001"", ""C100010"", ""C100011"", ""C100100"", ""C100200"", ""C100210"", ""C101000"", ""C101010"", ""C110000"", ""C110010""]"
C100000,single_missing,[],[6],0,2,True,multiple_candidates,6,0,"[true, false, false, false, false, false, null]","[""C100000"", ""C100001""]"
C100000,single_missing,[],[6],1,14,True,multiple_candidates,0,0,"[null, null, null, null, null, null, null]","[""C000000"", ""C000001"", ""C100000"", ""C100001"", ""C100010"", ""C100011"", ""C100100"", ""C100101"", ""C100200"", ""C100201"", ""C101000"", ""C101001"", ""C110000"", ""C110001""]"
C100000,double_distinct_flip,"[0, 1]",[],0,1,False,single_geometry_conditional,7,2,"[false, true, false, false, false, false, false]","[""C010000""]"
C100000,double_distinct_flip,"[0, 1]",[],1,8,False,multiple_candidates,0,0,"[null, null, null, null, null, null, null]","[""C000000"", ""C010000"", ""C010001"", ""C010010"", ""C010100"", ""C010200"", ""C011000"", ""C110000""]"
C100000,double_distinct_flip,"[0, 2]",[],0,1,False,single_geometry_conditional,7,2,"[false, false, true, false, false, false, false]","[""C001000""]"
C100000,double_distinct_flip,"[0, 2]",[],1,8,False,multiple_candidates,0,0,"[null, null, null, null, null, null, null]","[""C000000"", ""C001000"", ""C001001"", ""C001010"", ""C001100"", ""C001200"", ""C011000"", ""C101000""]"
C100000,double_distinct_flip,"[0, 3]",[],0,1,False,single_geometry_conditional,7,2,"[false, false, false, true, false, false, false]","[""C000100""]"
C100000,double_distinct_flip,"[0, 3]",[],1,6,False,multiple_candidates,2,0,"[null, null, null, null, false, false, null]","[""C000000"", ""C000100"", ""C000101"", ""C001100"", ""C010100"", ""C100100""]"
C100000,double_distinct_flip,"[0, 4]",[],0,1,False,single_geometry_conditional,7,2,"[false, false, false, false, true, false, false]","[""C000200""]"
C100000,double_distinct_flip,"[0, 4]",[],1,7,False,multiple_candidates,1,0,"[null, null, null, false, null, null, null]","[""C000000"", ""C000200"", ""C000201"", ""C000210"", ""C001200"", ""C010200"", ""C100200""]"
C100000,double_distinct_flip,"[0, 5]",[],0,1,False,single_geometry_conditional,7,2,"[false, false, false, false, false, true, false]","[""C000010""]"
C100000,double_distinct_flip,"[0, 5]",[],1,7,False,multiple_candidates,1,0,"[null, null, null, false, null, null, null]","[""C000000"", ""C000010"", ""C000011"", ""C000210"", ""C001010"", ""C010010"", ""C100010""]"
C100000,double_distinct_flip,"[0, 6]",[],0,1,False,single_geometry_conditional,7,2,"[false, false, false, false, false, false, true]","[""C000001""]"
C100000,double_distinct_flip,"[0, 6]",[],1,8,False,multiple_candidates,0,0,"[null, null, null, null, null, null, null]","[""C000000"", ""C000001"", ""C000011"", ""C000101"", ""C000201"", ""C001001"", ""C010001"", ""C100001""]"
C100000,double_distinct_flip,"[1, 2]",[],0,0,False,no_feasible_candidate,0,0,"[null, null, null, null, null, null, null]",[]
C100000,double_distinct_flip,"[1, 2]",[],1,3,False,multiple_candidates,4,0,"[null, null, null, false, false, false, false]","[""C011000"", ""C101000"", ""C110000""]"
C100000,double_distinct_flip,"[1, 3]",[],0,1,False,single_geometry_conditional,7,2,"[true, true, false, true, false, false, false]","[""C110100""]"
C100000,double_distinct_flip,"[1, 3]",[],1,5,False,multiple_candidates,3,0,"[null, null, false, null, false, false, null]","[""C010100"", ""C100100"", ""C110000"", ""C110100"", ""C110101""]"
C100000,double_distinct_flip,"[1, 4]",[],0,1,False,single_geometry_conditional,7,2,"[true, true, false, false, true, false, false]","[""C110200""]"
C100000,double_distinct_flip,"[1, 4]",[],1,6,False,multiple_candidates,2,0,"[null, null, false, false, null, null, null]","[""C010200"", ""C100200"", ""C110000"", ""C110200"", ""C110201"", ""C110210""]"
C100000,double_distinct_flip,"[1, 5]",[],0,1,False,single_geometry_conditional,7,2,"[true, true, false, false, false, true, false]","[""C110010""]"
C100000,double_distinct_flip,"[1, 5]",[],1,6,False,multiple_candidates,2,0,"[null, null, false, false, null, null, null]","[""C010010"", ""C100010"", ""C110000"", ""C110010"", ""C110011"", ""C110210""]"
C100000,double_distinct_flip,"[1, 6]",[],0,1,False,single_geometry_conditional,7,2,"[true, true, false, false, false, false, true]","[""C110001""]"
C100000,double_distinct_flip,"[1, 6]",[],1,7,False,multiple_candidates,1,0,"[null, null, false, null, null, null, null]","[""C010001"", ""C100001"", ""C110000"", ""C110001"", ""C110011"", ""C110101"", ""C110201""]"
C100000,double_distinct_flip,"[2, 3]",[],0,1,False,single_geometry_conditional,7,2,"[true, false, true, true, false, false, false]","[""C101100""]"
C100000,double_distinct_flip,"[2, 3]",[],1,5,False,multiple_candidates,3,0,"[null, false, null, null, false, false, null]","[""C001100"", ""C100100"", ""C101000"", ""C101100"", ""C101101""]"
C100000,double_distinct_flip,"[2, 4]",[],0,1,False,single_geometry_conditional,7,2,"[true, false, true, false, true, false, false]","[""C101200""]"
C100000,double_distinct_flip,"[2, 4]",[],1,6,False,multiple_candidates,2,0,"[null, false, null, false, null, null, null]","[""C001200"", ""C100200"", ""C101000"", ""C101200"", ""C101201"", ""C101210""]"
C100000,double_distinct_flip,"[2, 5]",[],0,1,False,single_geometry_conditional,7,2,"[true, false, true, false, false, true, false]","[""C101010""]"
C100000,double_distinct_flip,"[2, 5]",[],1,6,False,multiple_candidates,2,0,"[null, false, null, false, null, null, null]","[""C001010"", ""C100010"", ""C101000"", ""C101010"", ""C101011"", ""C101210""]"
C100000,double_distinct_flip,"[2, 6]",[],0,1,False,compatibility_unresolved,7,2,"[true, false, true, false, false, false, true]","[""C101001""]"
C100000,double_distinct_flip,"[2, 6]",[],1,7,False,multiple_candidates,1,0,"[null, false, null, null, null, null, null]","[""C001001"", ""C100001"", ""C101000"", ""C101001"", ""C101011"", ""C101101"", ""C101201""]"
C100000,double_distinct_flip,"[3, 4]",[],0,0,False,no_feasible_candidate,0,0,"[null, null, null, null, null, null, null]",[]
C100000,double_distinct_flip,"[3, 4]",[],1,2,False,multiple_candidates,5,0,"[true, false, false, null, null, false, false]","[""C100100"", ""C100200""]"
C100000,double_distinct_flip,"[3, 5]",[],0,0,False,no_feasible_candidate,0,0,"[null, null, null, null, null, null, null]",[]
C100000,double_distinct_flip,"[3, 5]",[],1,2,False,multiple_candidates,5,0,"[true, false, false, null, false, null, false]","[""C100010"", ""C100100""]"
C100000,double_distinct_flip,"[3, 6]",[],0,1,False,single_geometry_conditional,7,2,"[true, false, false, true, false, false, true]","[""C100101""]"
C100000,double_distinct_flip,"[3, 6]",[],1,6,False,multiple_candidates,2,0,"[null, null, null, null, false, false, null]","[""C000101"", ""C100001"", ""C100100"", ""C100101"", ""C101101"", ""C110101""]"
C100000,double_distinct_flip,"[4, 5]",[],0,1,False,single_geometry_conditional,7,2,"[true, false, false, false, true, true, false]","[""C100210""]"
C100000,double_distinct_flip,"[4, 5]",[],1,7,False,multiple_candidates,1,0,"[null, null, null, false, null, null, null]","[""C000210"", ""C100010"", ""C100200"", ""C100210"", ""C100211"", ""C101210"", ""C110210""]"
C100000,double_distinct_flip,"[4, 6]",[],0,1,False,single_geometry_conditional,7,2,"[true, false, false, false, true, false, true]","[""C100201""]"
C100000,double_distinct_flip,"[4, 6]",[],1,7,False,multiple_candidates,1,0,"[null, null, null, false, null, null, null]","[""C000201"", ""C100001"", ""C100200"", ""C100201"", ""C100211"", ""C101201"", ""C110201""]"
C100000,double_distinct_flip,"[5, 6]",[],0,1,False,single_geometry_conditional,7,2,"[true, false, false, false, false, true, true]","[""C100011""]"
C100000,double_distinct_flip,"[5, 6]",[],1,7,False,multiple_candidates,1,0,"[null, null, null, false, null, null, null]","[""C000011"", ""C100001"", ""C100010"", ""C100011"", ""C100211"", ""C101011"", ""C110011""]"
C100001,clean,[],[],0,1,True,single_geometry_conditional,7,0,"[true, false, false, false, false, false, true]","[""C100001""]"
C100001,clean,[],[],1,8,True,multiple_candidates,0,0,"[null, null, null, null, null, null, null]","[""C000001"", ""C100000"", ""C100001"", ""C100011"", ""C100101"", ""C100201"", ""C101001"", ""C110001""]"
C100001,single_flip,[0],[],0,1,False,single_geometry_conditional,7,1,"[false, false, false, false, false, false, true]","[""C000001""]"
C100001,single_flip,[0],[],1,8,True,multiple_candidates,0,0,"[null, null, null, null, null, null, null]","[""C000000"", ""C000001"", ""C000011"", ""C000101"", ""C000201"", ""C001001"", ""C010001"", ""C100001""]"
C100001,single_flip,[1],[],0,1,False,single_geometry_conditional,7,1,"[true, true, false, false, false, false, true]","[""C110001""]"
C100001,single_flip,[1],[],1,7,True,multiple_candidates,1,0,"[null, null, false, null, null, null, null]","[""C010001"", ""C100001"", ""C110000"", ""C110001"", ""C110011"", ""C110101"", ""C110201""]"
C100001,single_flip,[2],[],0,1,False,compatibility_unresolved,7,1,"[true, false, true, false, false, false, true]","[""C101001""]"
C100001,single_flip,[2],[],1,7,True,multiple_candidates,1,0,"[null, false, null, null, null, null, null]","[""C001001"", ""C100001"", ""C101000"", ""C101001"", ""C101011"", ""C101101"", ""C101201""]"
C100001,single_flip,[3],[],0,1,False,single_geometry_conditional,7,1,"[true, false, false, true, false, false, true]","[""C100101""]"
C100001,single_flip,[3],[],1,6,True,multiple_candidates,2,0,"[null, null, null, null, false, false, null]","[""C000101"", ""C100001"", ""C100100"", ""C100101"", ""C101101"", ""C110101""]"
C100001,single_flip,[4],[],0,1,False,single_geometry_conditional,7,1,"[true, false, false, false, true, false, true]","[""C100201""]"
C100001,single_flip,[4],[],1,7,True,multiple_candidates,1,0,"[null, null, null, false, null, null, null]","[""C000201"", ""C100001"", ""C100200"", ""C100201"", ""C100211"", ""C101201"", ""C110201""]"
C100001,single_flip,[5],[],0,1,False,single_geometry_conditional,7,1,"[true, false, false, false, false, true, true]","[""C100011""]"
C100001,single_flip,[5],[],1,7,True,multiple_candidates,1,0,"[null, null, null, false, null, null, null]","[""C000011"", ""C100001"", ""C100010"", ""C100011"", ""C100211"", ""C101011"", ""C110011""]"
C100001,single_flip,[6],[],0,1,False,single_geometry_conditional,7,1,"[true, false, false, false, false, false, false]","[""C100000""]"
C100001,single_flip,[6],[],1,8,True,multiple_candidates,0,0,"[null, null, null, null, null, null, null]","[""C000000"", ""C100000"", ""C100001"", ""C100010"", ""C100100"", ""C100200"", ""C101000"", ""C110000""]"
C100001,single_missing,[],[0],0,2,True,multiple_candidates,6,0,"[null, false, false, false, false, false, true]","[""C000001"", ""C100001""]"
C100001,single_missing,[],[0],1,14,True,multiple_candidates,0,0,"[null, null, null, null, null, null, null]","[""C000000"", ""C000001"", ""C000011"", ""C000101"", ""C000201"", ""C001001"", ""C010001"", ""C100000"", ""C100001"", ""C100011"", ""C100101"", ""C100201"", ""C101001"", ""C110001""]"
C100001,single_missing,[],[1],0,2,True,multiple_candidates,6,0,"[true, null, false, false, false, false, true]","[""C100001"", ""C110001""]"
C100001,single_missing,[],[1],1,13,True,multiple_candidates,0,0,"[null, null, null, null, null, null, null]","[""C000001"", ""C010001"", ""C100000"", ""C100001"", ""C100011"", ""C100101"", ""C100201"", ""C101001"", ""C110000"", ""C110001"", ""C110011"", ""C110101"", ""C110201""]"
C100001,single_missing,[],[2],0,2,True,multiple_candidates,6,0,"[true, false, null, false, false, false, true]","[""C100001"", ""C101001""]"
C100001,single_missing,[],[2],1,13,True,multiple_candidates,0,0,"[null, null, null, null, null, null, null]","[""C000001"", ""C001001"", ""C100000"", ""C100001"", ""C100011"", ""C100101"", ""C100201"", ""C101000"", ""C101001"", ""C101011"", ""C101101"", ""C101201"", ""C110001""]"
C100001,single_missing,[],[3],0,2,True,multiple_candidates,6,0,"[true, false, false, null, false, false, true]","[""C100001"", ""C100101""]"
C100001,single_missing,[],[3],1,12,True,multiple_candidates,0,0,"[null, null, null, null, null, null, null]","[""C000001"", ""C000101"", ""C100000"", ""C100001"", ""C100011"", ""C100100"", ""C100101"", ""C100201"", ""C101001"", ""C101101"", ""C110001"", ""C110101""]"
C100001,single_missing,[],[4],0,2,True,multiple_candidates,6,0,"[true, false, false, false, null, false, true]","[""C100001"", ""C100201""]"
C100001,single_missing,[],[4],1,13,True,multiple_candidates,0,0,"[null, null, null, null, null, null, null]","[""C000001"", ""C000201"", ""C100000"", ""C100001"", ""C100011"", ""C100101"", ""C100200"", ""C100201"", ""C100211"", ""C101001"", ""C101201"", ""C110001"", ""C110201""]"
C100001,single_missing,[],[5],0,2,True,multiple_candidates,6,0,"[true, false, false, false, false, null, true]","[""C100001"", ""C100011""]"
C100001,single_missing,[],[5],1,13,True,multiple_candidates,0,0,"[null, null, null, null, null, null, null]","[""C000001"", ""C000011"", ""C100000"", ""C100001"", ""C100010"", ""C100011"", ""C100101"", ""C100201"", ""C100211"", ""C101001"", ""C101011"", ""C110001"", ""C110011""]"
C100001,single_missing,[],[6],0,2,True,multiple_candidates,6,0,"[true, false, false, false, false, false, null]","[""C100000"", ""C100001""]"
C100001,single_missing,[],[6],1,14,True,multiple_candidates,0,0,"[null, null, null, null, null, null, null]","[""C000000"", ""C000001"", ""C100000"", ""C100001"", ""C100010"", ""C100011"", ""C100100"", ""C100101"", ""C100200"", ""C100201"", ""C101000"", ""C101001"", ""C110000"", ""C110001""]"
C100001,double_distinct_flip,"[0, 1]",[],0,1,False,single_geometry_conditional,7,2,"[false, true, false, false, false, false, true]","[""C010001""]"
C100001,double_distinct_flip,"[0, 1]",[],1,8,False,multiple_candidates,0,0,"[null, null, null, null, null, null, null]","[""C000001"", ""C010000"", ""C010001"", ""C010011"", ""C010101"", ""C010201"", ""C011001"", ""C110001""]"
C100001,double_distinct_flip,"[0, 2]",[],0,1,False,compatibility_unresolved,7,2,"[false, false, true, false, false, false, true]","[""C001001""]"
C100001,double_distinct_flip,"[0, 2]",[],1,8,False,multiple_candidates,0,0,"[null, null, null, null, null, null, null]","[""C000001"", ""C001000"", ""C001001"", ""C001011"", ""C001101"", ""C001201"", ""C011001"", ""C101001""]"
C100001,double_distinct_flip,"[0, 3]",[],0,1,False,single_geometry_conditional,7,2,"[false, false, false, true, false, false, true]","[""C000101""]"
C100001,double_distinct_flip,"[0, 3]",[],1,6,False,multiple_candidates,2,0,"[null, null, null, null, false, false, null]","[""C000001"", ""C000100"", ""C000101"", ""C001101"", ""C010101"", ""C100101""]"
C100001,double_distinct_flip,"[0, 4]",[],0,1,False,single_geometry_conditional,7,2,"[false, false, false, false, true, false, true]","[""C000201""]"
C100001,double_distinct_flip,"[0, 4]",[],1,7,False,multiple_candidates,1,0,"[null, null, null, false, null, null, null]","[""C000001"", ""C000200"", ""C000201"", ""C000211"", ""C001201"", ""C010201"", ""C100201""]"
C100001,double_distinct_flip,"[0, 5]",[],0,1,False,single_geometry_conditional,7,2,"[false, false, false, false, false, true, true]","[""C000011""]"
C100001,double_distinct_flip,"[0, 5]",[],1,7,False,multiple_candidates,1,0,"[null, null, null, false, null, null, null]","[""C000001"", ""C000010"", ""C000011"", ""C000211"", ""C001011"", ""C010011"", ""C100011""]"
C100001,double_distinct_flip,"[0, 6]",[],0,1,False,single_geometry_conditional,7,2,"[false, false, false, false, false, false, false]","[""C000000""]"
C100001,double_distinct_flip,"[0, 6]",[],1,8,False,multiple_candidates,0,0,"[null, null, null, null, null, null, null]","[""C000000"", ""C000001"", ""C000010"", ""C000100"", ""C000200"", ""C001000"", ""C010000"", ""C100000""]"
C100001,double_distinct_flip,"[1, 2]",[],0,0,False,no_feasible_candidate,0,0,"[null, null, null, null, null, null, null]",[]
C100001,double_distinct_flip,"[1, 2]",[],1,3,False,multiple_candidates,4,0,"[null, null, null, false, false, false, true]","[""C011001"", ""C101001"", ""C110001""]"
C100001,double_distinct_flip,"[1, 3]",[],0,1,False,single_geometry_conditional,7,2,"[true, true, false, true, false, false, true]","[""C110101""]"
C100001,double_distinct_flip,"[1, 3]",[],1,5,False,multiple_candidates,3,0,"[null, null, false, null, false, false, null]","[""C010101"", ""C100101"", ""C110001"", ""C110100"", ""C110101""]"
C100001,double_distinct_flip,"[1, 4]",[],0,1,False,single_geometry_conditional,7,2,"[true, true, false, false, true, false, true]","[""C110201""]"
C100001,double_distinct_flip,"[1, 4]",[],1,6,False,multiple_candidates,2,0,"[null, null, false, false, null, null, null]","[""C010201"", ""C100201"", ""C110001"", ""C110200"", ""C110201"", ""C110211""]"
C100001,double_distinct_flip,"[1, 5]",[],0,1,False,single_geometry_conditional,7,2,"[true, true, false, false, false, true, true]","[""C110011""]"
C100001,double_distinct_flip,"[1, 5]",[],1,6,False,multiple_candidates,2,0,"[null, null, false, false, null, null, null]","[""C010011"", ""C100011"", ""C110001"", ""C110010"", ""C110011"", ""C110211""]"
C100001,double_distinct_flip,"[1, 6]",[],0,1,False,single_geometry_conditional,7,2,"[true, true, false, false, false, false, false]","[""C110000""]"
C100001,double_distinct_flip,"[1, 6]",[],1,7,False,multiple_candidates,1,0,"[null, null, false, null, null, null, null]","[""C010000"", ""C100000"", ""C110000"", ""C110001"", ""C110010"", ""C110100"", ""C110200""]"
C100001,double_distinct_flip,"[2, 3]",[],0,1,False,compatibility_unresolved,7,2,"[true, false, true, true, false, false, true]","[""C101101""]"
C100001,double_distinct_flip,"[2, 3]",[],1,5,False,multiple_candidates,3,0,"[null, false, null, null, false, false, null]","[""C001101"", ""C100101"", ""C101001"", ""C101100"", ""C101101""]"
C100001,double_distinct_flip,"[2, 4]",[],0,1,False,compatibility_unresolved,7,2,"[true, false, true, false, true, false, true]","[""C101201""]"
C100001,double_distinct_flip,"[2, 4]",[],1,6,False,multiple_candidates,2,0,"[null, false, null, false, null, null, null]","[""C001201"", ""C100201"", ""C101001"", ""C101200"", ""C101201"", ""C101211""]"
C100001,double_distinct_flip,"[2, 5]",[],0,1,False,compatibility_unresolved,7,2,"[true, false, true, false, false, true, true]","[""C101011""]"
C100001,double_distinct_flip,"[2, 5]",[],1,6,False,multiple_candidates,2,0,"[null, false, null, false, null, null, null]","[""C001011"", ""C100011"", ""C101001"", ""C101010"", ""C101011"", ""C101211""]"
C100001,double_distinct_flip,"[2, 6]",[],0,1,False,single_geometry_conditional,7,2,"[true, false, true, false, false, false, false]","[""C101000""]"
C100001,double_distinct_flip,"[2, 6]",[],1,7,False,multiple_candidates,1,0,"[null, false, null, null, null, null, null]","[""C001000"", ""C100000"", ""C101000"", ""C101001"", ""C101010"", ""C101100"", ""C101200""]"
C100001,double_distinct_flip,"[3, 4]",[],0,0,False,no_feasible_candidate,0,0,"[null, null, null, null, null, null, null]",[]
C100001,double_distinct_flip,"[3, 4]",[],1,2,False,multiple_candidates,5,0,"[true, false, false, null, null, false, true]","[""C100101"", ""C100201""]"
C100001,double_distinct_flip,"[3, 5]",[],0,0,False,no_feasible_candidate,0,0,"[null, null, null, null, null, null, null]",[]
C100001,double_distinct_flip,"[3, 5]",[],1,2,False,multiple_candidates,5,0,"[true, false, false, null, false, null, true]","[""C100011"", ""C100101""]"
C100001,double_distinct_flip,"[3, 6]",[],0,1,False,single_geometry_conditional,7,2,"[true, false, false, true, false, false, false]","[""C100100""]"
C100001,double_distinct_flip,"[3, 6]",[],1,6,False,multiple_candidates,2,0,"[null, null, null, null, false, false, null]","[""C000100"", ""C100000"", ""C100100"", ""C100101"", ""C101100"", ""C110100""]"
C100001,double_distinct_flip,"[4, 5]",[],0,1,False,single_geometry_conditional,7,2,"[true, false, false, false, true, true, true]","[""C100211""]"
C100001,double_distinct_flip,"[4, 5]",[],1,7,False,multiple_candidates,1,0,"[null, null, null, false, null, null, null]","[""C000211"", ""C100011"", ""C100201"", ""C100210"", ""C100211"", ""C101211"", ""C110211""]"
C100001,double_distinct_flip,"[4, 6]",[],0,1,False,single_geometry_conditional,7,2,"[true, false, false, false, true, false, false]","[""C100200""]"
C100001,double_distinct_flip,"[4, 6]",[],1,7,False,multiple_candidates,1,0,"[null, null, null, false, null, null, null]","[""C000200"", ""C100000"", ""C100200"", ""C100201"", ""C100210"", ""C101200"", ""C110200""]"
C100001,double_distinct_flip,"[5, 6]",[],0,1,False,single_geometry_conditional,7,2,"[true, false, false, false, false, true, false]","[""C100010""]"
C100001,double_distinct_flip,"[5, 6]",[],1,7,False,multiple_candidates,1,0,"[null, null, null, false, null, null, null]","[""C000010"", ""C100000"", ""C100010"", ""C100011"", ""C100210"", ""C101010"", ""C110010""]"
C100010,clean,[],[],0,1,True,single_geometry_conditional,7,0,"[true, false, false, false, false, true, false]","[""C100010""]"
C100010,clean,[],[],1,7,True,multiple_candidates,1,0,"[null, null, null, false, null, null, null]","[""C000010"", ""C100000"", ""C100010"", ""C100011"", ""C100210"", ""C101010"", ""C110010""]"
C100010,single_flip,[0],[],0,1,False,single_geometry_conditional,7,1,"[false, false, false, false, false, true, false]","[""C000010""]"
C100010,single_flip,[0],[],1,7,True,multiple_candidates,1,0,"[null, null, null, false, null, null, null]","[""C000000"", ""C000010"", ""C000011"", ""C000210"", ""C001010"", ""C010010"", ""C100010""]"
C100010,single_flip,[1],[],0,1,False,single_geometry_conditional,7,1,"[true, true, false, false, false, true, false]","[""C110010""]"
C100010,single_flip,[1],[],1,6,True,multiple_candidates,2,0,"[null, null, false, false, null, null, null]","[""C010010"", ""C100010"", ""C110000"", ""C110010"", ""C110011"", ""C110210""]"
C100010,single_flip,[2],[],0,1,False,single_geometry_conditional,7,1,"[true, false, true, false, false, true, false]","[""C101010""]"
C100010,single_flip,[2],[],1,6,True,multiple_candidates,2,0,"[null, false, null, false, null, null, null]","[""C001010"", ""C100010"", ""C101000"", ""C101010"", ""C101011"", ""C101210""]"
C100010,single_flip,[3],[],0,0,False,no_feasible_candidate,0,0,"[null, null, null, null, null, null, null]",[]
C100010,single_flip,[3],[],1,2,True,multiple_candidates,5,0,"[true, false, false, null, false, null, false]","[""C100010"", ""C100100""]"
C100010,single_flip,[4],[],0,1,False,single_geometry_conditional,7,1,"[true, false, false, false, true, true, false]","[""C100210""]"
C100010,single_flip,[4],[],1,7,True,multiple_candidates,1,0,"[null, null, null, false, null, null, null]","[""C000210"", ""C100010"", ""C100200"", ""C100210"", ""C100211"", ""C101210"", ""C110210""]"
C100010,single_flip,[5],[],0,1,False,single_geometry_conditional,7,1,"[true, false, false, false, false, false, false]","[""C100000""]"
C100010,single_flip,[5],[],1,8,True,multiple_candidates,0,0,"[null, null, null, null, null, null, null]","[""C000000"", ""C100000"", ""C100001"", ""C100010"", ""C100100"", ""C100200"", ""C101000"", ""C110000""]"
C100010,single_flip,[6],[],0,1,False,single_geometry_conditional,7,1,"[true, false, false, false, false, true, true]","[""C100011""]"
C100010,single_flip,[6],[],1,7,True,multiple_candidates,1,0,"[null, null, null, false, null, null, null]","[""C000011"", ""C100001"", ""C100010"", ""C100011"", ""C100211"", ""C101011"", ""C110011""]"
C100010,single_missing,[],[0],0,2,True,multiple_candidates,6,0,"[null, false, false, false, false, true, false]","[""C000010"", ""C100010""]"
C100010,single_missing,[],[0],1,12,True,multiple_candidates,1,0,"[null, null, null, false, null, null, null]","[""C000000"", ""C000010"", ""C000011"", ""C000210"", ""C001010"", ""C010010"", ""C100000"", ""C100010"", ""C100011"", ""C100210"", ""C101010"", ""C110010""]"
C100010,single_missing,[],[1],0,2,True,multiple_candidates,6,0,"[true, null, false, false, false, true, false]","[""C100010"", ""C110010""]"
C100010,single_missing,[],[1],1,11,True,multiple_candidates,1,0,"[null, null, null, false, null, null, null]","[""C000010"", ""C010010"", ""C100000"", ""C100010"", ""C100011"", ""C100210"", ""C101010"", ""C110000"", ""C110010"", ""C110011"", ""C110210""]"
C100010,single_missing,[],[2],0,2,True,multiple_candidates,6,0,"[true, false, null, false, false, true, false]","[""C100010"", ""C101010""]"
C100010,single_missing,[],[2],1,11,True,multiple_candidates,1,0,"[null, null, null, false, null, null, null]","[""C000010"", ""C001010"", ""C100000"", ""C100010"", ""C100011"", ""C100210"", ""C101000"", ""C101010"", ""C101011"", ""C101210"", ""C110010""]"
C100010,single_missing,[],[3],0,1,True,single_geometry_conditional,7,0,"[true, false, false, false, false, true, false]","[""C100010""]"
C100010,single_missing,[],[3],1,8,True,multiple_candidates,0,0,"[null, null, null, null, null, null, null]","[""C000010"", ""C100000"", ""C100010"", ""C100011"", ""C100100"", ""C100210"", ""C101010"", ""C110010""]"
C100010,single_missing,[],[4],0,2,True,multiple_candidates,6,0,"[true, false, false, false, null, true, false]","[""C100010"", ""C100210""]"
C100010,single_missing,[],[4],1,12,True,multiple_candidates,1,0,"[null, null, null, false, null, null, null]","[""C000010"", ""C000210"", ""C100000"", ""C100010"", ""C100011"", ""C100200"", ""C100210"", ""C100211"", ""C101010"", ""C101210"", ""C110010"", ""C110210""]"
C100010,single_missing,[],[5],0,2,True,multiple_candidates,6,0,"[true, false, false, false, false, null, false]","[""C100000"", ""C100010""]"
C100010,single_missing,[],[5],1,13,True,multiple_candidates,0,0,"[null, null, null, null, null, null, null]","[""C000000"", ""C000010"", ""C100000"", ""C100001"", ""C100010"", ""C100011"", ""C100100"", ""C100200"", ""C100210"", ""C101000"", ""C101010"", ""C110000"", ""C110010""]"
C100010,single_missing,[],[6],0,2,True,multiple_candidates,6,0,"[true, false, false, false, false, true, null]","[""C100010"", ""C100011""]"
C100010,single_missing,[],[6],1,12,True,multiple_candidates,1,0,"[null, null, null, false, null, null, null]","[""C000010"", ""C000011"", ""C100000"", ""C100001"", ""C100010"", ""C100011"", ""C100210"", ""C100211"", ""C101010"", ""C101011"", ""C110010"", ""C110011""]"
C100010,double_distinct_flip,"[0, 1]",[],0,1,False,single_geometry_conditional,7,2,"[false, true, false, false, false, true, false]","[""C010010""]"
C100010,double_distinct_flip,"[0, 1]",[],1,7,False,multiple_candidates,1,0,"[null, null, null, false, null, null, null]","[""C000010"", ""C010000"", ""C010010"", ""C010011"", ""C010210"", ""C011010"", ""C110010""]"
C100010,double_distinct_flip,"[0, 2]",[],0,1,False,single_geometry_conditional,7,2,"[false, false, true, false, false, true, false]","[""C001010""]"
C100010,double_distinct_flip,"[0, 2]",[],1,7,False,multiple_candidates,1,0,"[null, null, null, false, null, null, null]","[""C000010"", ""C001000"", ""C001010"", ""C001011"", ""C001210"", ""C011010"", ""C101010""]"
C100010,double_distinct_flip,"[0, 3]",[],0,0,False,no_feasible_candidate,0,0,"[null, null, null, null, null, null, null]",[]
C100010,double_distinct_flip,"[0, 3]",[],1,2,False,multiple_candidates,5,1,"[false, false, false, null, false, null, false]","[""C000010"", ""C000100""]"
C100010,double_distinct_flip,"[0, 4]",[],0,1,False,single_geometry_conditional,7,2,"[false, false, false, false, true, true, false]","[""C000210""]"
C100010,double_distinct_flip,"[0, 4]",[],1,7,False,multiple_candidates,1,0,"[null, null, null, false, null, null, null]","[""C000010"", ""C000200"", ""C000210"", ""C000211"", ""C001210"", ""C010210"", ""C100210""]"
C100010,double_distinct_flip,"[0, 5]",[],0,1,False,single_geometry_conditional,7,2,"[false, false, false, false, false, false, false]","[""C000000""]"
C100010,double_distinct_flip,"[0, 5]",[],1,8,False,multiple_candidates,0,0,"[null, null, null, null, null, null, null]","[""C000000"", ""C000001"", ""C000010"", ""C000100"", ""C000200"", ""C001000"", ""C010000"", ""C100000""]"
C100010,double_distinct_flip,"[0, 6]",[],0,1,False,single_geometry_conditional,7,2,"[false, false, false, false, false, true, true]","[""C000011""]"
C100010,double_distinct_flip,"[0, 6]",[],1,7,False,multiple_candidates,1,0,"[null, null, null, false, null, null, null]","[""C000001"", ""C000010"", ""C000011"", ""C000211"", ""C001011"", ""C010011"", ""C100011""]"
C100010,double_distinct_flip,"[1, 2]",[],0,0,False,no_feasible_candidate,0,0,"[null, null, null, null, null, null, null]",[]
C100010,double_distinct_flip,"[1, 2]",[],1,3,False,multiple_candidates,4,0,"[null, null, null, false, false, true, false]","[""C011010"", ""C101010"", ""C110010""]"
C100010,double_distinct_flip,"[1, 3]",[],0,0,False,no_feasible_candidate,0,0,"[null, null, null, null, null, null, null]",[]
C100010,double_distinct_flip,"[1, 3]",[],1,2,False,multiple_candidates,5,1,"[true, true, false, null, false, null, false]","[""C110010"", ""C110100""]"
C100010,double_distinct_flip,"[1, 4]",[],0,1,False,single_geometry_conditional,7,2,"[true, true, false, false, true, true, false]","[""C110210""]"
C100010,double_distinct_flip,"[1, 4]",[],1,6,False,multiple_candidates,2,0,"[null, null, false, false, null, null, null]","[""C010210"", ""C100210"", ""C110010"", ""C110200"", ""C110210"", ""C110211""]"
C100010,double_distinct_flip,"[1, 5]",[],0,1,False,single_geometry_conditional,7,2,"[true, true, false, false, false, false, false]","[""C110000""]"
C100010,double_distinct_flip,"[1, 5]",[],1,7,False,multiple_candidates,1,0,"[null, null, false, null, null, null, null]","[""C010000"", ""C100000"", ""C110000"", ""C110001"", ""C110010"", ""C110100"", ""C110200""]"
C100010,double_distinct_flip,"[1, 6]",[],0,1,False,single_geometry_conditional,7,2,"[true, true, false, false, false, true, true]","[""C110011""]"
C100010,double_distinct_flip,"[1, 6]",[],1,6,False,multiple_candidates,2,0,"[null, null, false, false, null, null, null]","[""C010011"", ""C100011"", ""C110001"", ""C110010"", ""C110011"", ""C110211""]"
C100010,double_distinct_flip,"[2, 3]",[],0,0,False,no_feasible_candidate,0,0,"[null, null, null, null, null, null, null]",[]
C100010,double_distinct_flip,"[2, 3]",[],1,2,False,multiple_candidates,5,1,"[true, false, true, null, false, null, false]","[""C101010"", ""C101100""]"
C100010,double_distinct_flip,"[2, 4]",[],0,1,False,single_geometry_conditional,7,2,"[true, false, true, false, true, true, false]","[""C101210""]"
C100010,double_distinct_flip,"[2, 4]",[],1,6,False,multiple_candidates,2,0,"[null, false, null, false, null, null, null]","[""C001210"", ""C100210"", ""C101010"", ""C101200"", ""C101210"", ""C101211""]"
C100010,double_distinct_flip,"[2, 5]",[],0,1,False,single_geometry_conditional,7,2,"[true, false, true, false, false, false, false]","[""C101000""]"
C100010,double_distinct_flip,"[2, 5]",[],1,7,False,multiple_candidates,1,0,"[null, false, null, null, null, null, null]","[""C001000"", ""C100000"", ""C101000"", ""C101001"", ""C101010"", ""C101100"", ""C101200""]"
C100010,double_distinct_flip,"[2, 6]",[],0,1,False,compatibility_unresolved,7,2,"[true, false, true, false, false, true, true]","[""C101011""]"
C100010,double_distinct_flip,"[2, 6]",[],1,6,False,multiple_candidates,2,0,"[null, false, null, false, null, null, null]","[""C001011"", ""C100011"", ""C101001"", ""C101010"", ""C101011"", ""C101211""]"
C100010,double_distinct_flip,"[3, 4]",[],0,0,False,no_feasible_candidate,0,0,"[null, null, null, null, null, null, null]",[]
C100010,double_distinct_flip,"[3, 4]",[],1,1,False,single_geometry_conditional,7,1,"[true, false, false, false, true, true, false]","[""C100210""]"
C100010,double_distinct_flip,"[3, 5]",[],0,1,False,single_geometry_conditional,7,2,"[true, false, false, true, false, false, false]","[""C100100""]"
C100010,double_distinct_flip,"[3, 5]",[],1,6,False,multiple_candidates,2,1,"[null, null, null, null, false, false, null]","[""C000100"", ""C100000"", ""C100100"", ""C100101"", ""C101100"", ""C110100""]"
C100010,double_distinct_flip,"[3, 6]",[],0,0,False,no_feasible_candidate,0,0,"[null, null, null, null, null, null, null]",[]
C100010,double_distinct_flip,"[3, 6]",[],1,2,False,multiple_candidates,5,1,"[true, false, false, null, false, null, true]","[""C100011"", ""C100101""]"
C100010,double_distinct_flip,"[4, 5]",[],0,1,False,single_geometry_conditional,7,2,"[true, false, false, false, true, false, false]","[""C100200""]"
C100010,double_distinct_flip,"[4, 5]",[],1,7,False,multiple_candidates,1,0,"[null, null, null, false, null, null, null]","[""C000200"", ""C100000"", ""C100200"", ""C100201"", ""C100210"", ""C101200"", ""C110200""]"
C100010,double_distinct_flip,"[4, 6]",[],0,1,False,single_geometry_conditional,7,2,"[true, false, false, false, true, true, true]","[""C100211""]"
C100010,double_distinct_flip,"[4, 6]",[],1,7,False,multiple_candidates,1,0,"[null, null, null, false, null, null, null]","[""C000211"", ""C100011"", ""C100201"", ""C100210"", ""C100211"", ""C101211"", ""C110211""]"
C100010,double_distinct_flip,"[5, 6]",[],0,1,False,single_geometry_conditional,7,2,"[true, false, false, false, false, false, true]","[""C100001""]"
C100010,double_distinct_flip,"[5, 6]",[],1,8,False,multiple_candidates,0,0,"[null, null, null, null, null, null, null]","[""C000001"", ""C100000"", ""C100001"", ""C100011"", ""C100101"", ""C100201"", ""C101001"", ""C110001""]"
C100011,clean,[],[],0,1,True,single_geometry_conditional,7,0,"[true, false, false, false, false, true, true]","[""C100011""]"
C100011,clean,[],[],1,7,True,multiple_candidates,1,0,"[null, null, null, false, null, null, null]","[""C000011"", ""C100001"", ""C100010"", ""C100011"", ""C100211"", ""C101011"", ""C110011""]"
C100011,single_flip,[0],[],0,1,False,single_geometry_conditional,7,1,"[false, false, false, false, false, true, true]","[""C000011""]"
C100011,single_flip,[0],[],1,7,True,multiple_candidates,1,0,"[null, null, null, false, null, null, null]","[""C000001"", ""C000010"", ""C000011"", ""C000211"", ""C001011"", ""C010011"", ""C100011""]"
C100011,single_flip,[1],[],0,1,False,single_geometry_conditional,7,1,"[true, true, false, false, false, true, true]","[""C110011""]"
C100011,single_flip,[1],[],1,6,True,multiple_candidates,2,0,"[null, null, false, false, null, null, null]","[""C010011"", ""C100011"", ""C110001"", ""C110010"", ""C110011"", ""C110211""]"
C100011,single_flip,[2],[],0,1,False,compatibility_unresolved,7,1,"[true, false, true, false, false, true, true]","[""C101011""]"
C100011,single_flip,[2],[],1,6,True,multiple_candidates,2,0,"[null, false, null, false, null, null, null]","[""C001011"", ""C100011"", ""C101001"", ""C101010"", ""C101011"", ""C101211""]"
C100011,single_flip,[3],[],0,0,False,no_feasible_candidate,0,0,"[null, null, null, null, null, null, null]",[]
C100011,single_flip,[3],[],1,2,True,multiple_candidates,5,0,"[true, false, false, null, false, null, true]","[""C100011"", ""C100101""]"
C100011,single_flip,[4],[],0,1,False,single_geometry_conditional,7,1,"[true, false, false, false, true, true, true]","[""C100211""]"
C100011,single_flip,[4],[],1,7,True,multiple_candidates,1,0,"[null, null, null, false, null, null, null]","[""C000211"", ""C100011"", ""C100201"", ""C100210"", ""C100211"", ""C101211"", ""C110211""]"
C100011,single_flip,[5],[],0,1,False,single_geometry_conditional,7,1,"[true, false, false, false, false, false, true]","[""C100001""]"
C100011,single_flip,[5],[],1,8,True,multiple_candidates,0,0,"[null, null, null, null, null, null, null]","[""C000001"", ""C100000"", ""C100001"", ""C100011"", ""C100101"", ""C100201"", ""C101001"", ""C110001""]"
C100011,single_flip,[6],[],0,1,False,single_geometry_conditional,7,1,"[true, false, false, false, false, true, false]","[""C100010""]"
C100011,single_flip,[6],[],1,7,True,multiple_candidates,1,0,"[null, null, null, false, null, null, null]","[""C000010"", ""C100000"", ""C100010"", ""C100011"", ""C100210"", ""C101010"", ""C110010""]"
C100011,single_missing,[],[0],0,2,True,multiple_candidates,6,0,"[null, false, false, false, false, true, true]","[""C000011"", ""C100011""]"
C100011,single_missing,[],[0],1,12,True,multiple_candidates,1,0,"[null, null, null, false, null, null, null]","[""C000001"", ""C000010"", ""C000011"", ""C000211"", ""C001011"", ""C010011"", ""C100001"", ""C100010"", ""C100011"", ""C100211"", ""C101011"", ""C110011""]"
C100011,single_missing,[],[1],0,2,True,multiple_candidates,6,0,"[true, null, false, false, false, true, true]","[""C100011"", ""C110011""]"
C100011,single_missing,[],[1],1,11,True,multiple_candidates,1,0,"[null, null, null, false, null, null, null]","[""C000011"", ""C010011"", ""C100001"", ""C100010"", ""C100011"", ""C100211"", ""C101011"", ""C110001"", ""C110010"", ""C110011"", ""C110211""]"
C100011,single_missing,[],[2],0,2,True,multiple_candidates,6,0,"[true, false, null, false, false, true, true]","[""C100011"", ""C101011""]"
C100011,single_missing,[],[2],1,11,True,multiple_candidates,1,0,"[null, null, null, false, null, null, null]","[""C000011"", ""C001011"", ""C100001"", ""C100010"", ""C100011"", ""C100211"", ""C101001"", ""C101010"", ""C101011"", ""C101211"", ""C110011""]"
C100011,single_missing,[],[3],0,1,True,single_geometry_conditional,7,0,"[true, false, false, false, false, true, true]","[""C100011""]"
C100011,single_missing,[],[3],1,8,True,multiple_candidates,0,0,"[null, null, null, null, null, null, null]","[""C000011"", ""C100001"", ""C100010"", ""C100011"", ""C100101"", ""C100211"", ""C101011"", ""C110011""]"
C100011,single_missing,[],[4],0,2,True,multiple_candidates,6,0,"[true, false, false, false, null, true, true]","[""C100011"", ""C100211""]"
C100011,single_missing,[],[4],1,12,True,multiple_candidates,1,0,"[null, null, null, false, null, null, null]","[""C000011"", ""C000211"", ""C100001"", ""C100010"", ""C100011"", ""C100201"", ""C100210"", ""C100211"", ""C101011"", ""C101211"", ""C110011"", ""C110211""]"
C100011,single_missing,[],[5],0,2,True,multiple_candidates,6,0,"[true, false, false, false, false, null, true]","[""C100001"", ""C100011""]"
C100011,single_missing,[],[5],1,13,True,multiple_candidates,0,0,"[null, null, null, null, null, null, null]","[""C000001"", ""C000011"", ""C100000"", ""C100001"", ""C100010"", ""C100011"", ""C100101"", ""C100201"", ""C100211"", ""C101001"", ""C101011"", ""C110001"", ""C110011""]"
C100011,single_missing,[],[6],0,2,True,multiple_candidates,6,0,"[true, false, false, false, false, true, null]","[""C100010"", ""C100011""]"
C100011,single_missing,[],[6],1,12,True,multiple_candidates,1,0,"[null, null, null, false, null, null, null]","[""C000010"", ""C000011"", ""C100000"", ""C100001"", ""C100010"", ""C100011"", ""C100210"", ""C100211"", ""C101010"", ""C101011"", ""C110010"", ""C110011""]"
C100011,double_distinct_flip,"[0, 1]",[],0,1,False,single_geometry_conditional,7,2,"[false, true, false, false, false, true, true]","[""C010011""]"
C100011,double_distinct_flip,"[0, 1]",[],1,7,False,multiple_candidates,1,0,"[null, null, null, false, null, null, null]","[""C000011"", ""C010001"", ""C010010"", ""C010011"", ""C010211"", ""C011011"", ""C110011""]"
C100011,double_distinct_flip,"[0, 2]",[],0,1,False,compatibility_unresolved,7,2,"[false, false, true, false, false, true, true]","[""C001011""]"
C100011,double_distinct_flip,"[0, 2]",[],1,7,False,multiple_candidates,1,0,"[null, null, null, false, null, null, null]","[""C000011"", ""C001001"", ""C001010"", ""C001011"", ""C001211"", ""C011011"", ""C101011""]"
C100011,double_distinct_flip,"[0, 3]",[],0,0,False,no_feasible_candidate,0,0,"[null, null, null, null, null, null, null]",[]
C100011,double_distinct_flip,"[0, 3]",[],1,2,False,multiple_candidates,5,1,"[false, false, false, null, false, null, true]","[""C000011"", ""C000101""]"
C100011,double_distinct_flip,"[0, 4]",[],0,1,False,single_geometry_conditional,7,2,"[false, false, false, false, true, true, true]","[""C000211""]"
C100011,double_distinct_flip,"[0, 4]",[],1,7,False,multiple_candidates,1,0,"[null, null, null, false, null, null, null]","[""C000011"", ""C000201"", ""C000210"", ""C000211"", ""C001211"", ""C010211"", ""C100211""]"
C100011,double_distinct_flip,"[0, 5]",[],0,1,False,single_geometry_conditional,7,2,"[false, false, false, false, false, false, true]","[""C000001""]"
C100011,double_distinct_flip,"[0, 5]",[],1,8,False,multiple_candidates,0,0,"[null, null, null, null, null, null, null]","[""C000000"", ""C000001"", ""C000011"", ""C000101"", ""C000201"", ""C001001"", ""C010001"", ""C100001""]"
C100011,double_distinct_flip,"[0, 6]",[],0,1,False,single_geometry_conditional,7,2,"[false, false, false, false, false, true, false]","[""C000010""]"
C100011,double_distinct_flip,"[0, 6]",[],1,7,False,multiple_candidates,1,0,"[null, null, null, false, null, null, null]","[""C000000"", ""C000010"", ""C000011"", ""C000210"", ""C001010"", ""C010010"", ""C100010""]"
C100011,double_distinct_flip,"[1, 2]",[],0,0,False,no_feasible_candidate,0,0,"[null, null, null, null, null, null, null]",[]
C100011,double_distinct_flip,"[1, 2]",[],1,3,False,multiple_candidates,4,0,"[null, null, null, false, false, true, true]","[""C011011"", ""C101011"", ""C110011""]"
C100011,double_distinct_flip,"[1, 3]",[],0,0,False,no_feasible_candidate,0,0,"[null, null, null, null, null, null, null]",[]
C100011,double_distinct_flip,"[1, 3]",[],1,2,False,multiple_candidates,5,1,"[true, true, false, null, false, null, true]","[""C110011"", ""C110101""]"
C100011,double_distinct_flip,"[1, 4]",[],0,1,False,single_geometry_conditional,7,2,"[true, true, false, false, true, true, true]","[""C110211""]"
C100011,double_distinct_flip,"[1, 4]",[],1,6,False,multiple_candidates,2,0,"[null, null, false, false, null, null, null]","[""C010211"", ""C100211"", ""C110011"", ""C110201"", ""C110210"", ""C110211""]"
C100011,double_distinct_flip,"[1, 5]",[],0,1,False,single_geometry_conditional,7,2,"[true, true, false, false, false, false, true]","[""C110001""]"
C100011,double_distinct_flip,"[1, 5]",[],1,7,False,multiple_candidates,1,0,"[null, null, false, null, null, null, null]","[""C010001"", ""C100001"", ""C110000"", ""C110001"", ""C110011"", ""C110101"", ""C110201""]"
C100011,double_distinct_flip,"[1, 6]",[],0,1,False,single_geometry_conditional,7,2,"[true, true, false, false, false, true, false]","[""C110010""]"
C100011,double_distinct_flip,"[1, 6]",[],1,6,False,multiple_candidates,2,0,"[null, null, false, false, null, null, null]","[""C010010"", ""C100010"", ""C110000"", ""C110010"", ""C110011"", ""C110210""]"
C100011,double_distinct_flip,"[2, 3]",[],0,0,False,no_feasible_candidate,0,0,"[null, null, null, null, null, null, null]",[]
C100011,double_distinct_flip,"[2, 3]",[],1,2,False,multiple_candidates,5,1,"[true, false, true, null, false, null, true]","[""C101011"", ""C101101""]"
C100011,double_distinct_flip,"[2, 4]",[],0,1,False,compatibility_unresolved,7,2,"[true, false, true, false, true, true, true]","[""C101211""]"
C100011,double_distinct_flip,"[2, 4]",[],1,6,False,multiple_candidates,2,0,"[null, false, null, false, null, null, null]","[""C001211"", ""C100211"", ""C101011"", ""C101201"", ""C101210"", ""C101211""]"
C100011,double_distinct_flip,"[2, 5]",[],0,1,False,compatibility_unresolved,7,2,"[true, false, true, false, false, false, true]","[""C101001""]"
C100011,double_distinct_flip,"[2, 5]",[],1,7,False,multiple_candidates,1,0,"[null, false, null, null, null, null, null]","[""C001001"", ""C100001"", ""C101000"", ""C101001"", ""C101011"", ""C101101"", ""C101201""]"
C100011,double_distinct_flip,"[2, 6]",[],0,1,False,single_geometry_conditional,7,2,"[true, false, true, false, false, true, false]","[""C101010""]"
C100011,double_distinct_flip,"[2, 6]",[],1,6,False,multiple_candidates,2,0,"[null, false, null, false, null, null, null]","[""C001010"", ""C100010"", ""C101000"", ""C101010"", ""C101011"", ""C101210""]"
C100011,double_distinct_flip,"[3, 4]",[],0,0,False,no_feasible_candidate,0,0,"[null, null, null, null, null, null, null]",[]
C100011,double_distinct_flip,"[3, 4]",[],1,1,False,single_geometry_conditional,7,1,"[true, false, false, false, true, true, true]","[""C100211""]"
C100011,double_distinct_flip,"[3, 5]",[],0,1,False,single_geometry_conditional,7,2,"[true, false, false, true, false, false, true]","[""C100101""]"
C100011,double_distinct_flip,"[3, 5]",[],1,6,False,multiple_candidates,2,1,"[null, null, null, null, false, false, null]","[""C000101"", ""C100001"", ""C100100"", ""C100101"", ""C101101"", ""C110101""]"
C100011,double_distinct_flip,"[3, 6]",[],0,0,False,no_feasible_candidate,0,0,"[null, null, null, null, null, null, null]",[]
C100011,double_distinct_flip,"[3, 6]",[],1,2,False,multiple_candidates,5,1,"[true, false, false, null, false, null, false]","[""C100010"", ""C100100""]"
C100011,double_distinct_flip,"[4, 5]",[],0,1,False,single_geometry_conditional,7,2,"[true, false, false, false, true, false, true]","[""C100201""]"
C100011,double_distinct_flip,"[4, 5]",[],1,7,False,multiple_candidates,1,0,"[null, null, null, false, null, null, null]","[""C000201"", ""C100001"", ""C100200"", ""C100201"", ""C100211"", ""C101201"", ""C110201""]"
C100011,double_distinct_flip,"[4, 6]",[],0,1,False,single_geometry_conditional,7,2,"[true, false, false, false, true, true, false]","[""C100210""]"
C100011,double_distinct_flip,"[4, 6]",[],1,7,False,multiple_candidates,1,0,"[null, null, null, false, null, null, null]","[""C000210"", ""C100010"", ""C100200"", ""C100210"", ""C100211"", ""C101210"", ""C110210""]"
C100011,double_distinct_flip,"[5, 6]",[],0,1,False,single_geometry_conditional,7,2,"[true, false, false, false, false, false, false]","[""C100000""]"
C100011,double_distinct_flip,"[5, 6]",[],1,8,False,multiple_candidates,0,0,"[null, null, null, null, null, null, null]","[""C000000"", ""C100000"", ""C100001"", ""C100010"", ""C100100"", ""C100200"", ""C101000"", ""C110000""]"
C100100,clean,[],[],0,1,True,single_geometry_conditional,7,0,"[true, false, false, true, false, false, false]","[""C100100""]"
C100100,clean,[],[],1,6,True,multiple_candidates,2,0,"[null, null, null, null, false, false, null]","[""C000100"", ""C100000"", ""C100100"", ""C100101"", ""C101100"", ""C110100""]"
C100100,single_flip,[0],[],0,1,False,single_geometry_conditional,7,1,"[false, false, false, true, false, false, false]","[""C000100""]"
C100100,single_flip,[0],[],1,6,True,multiple_candidates,2,0,"[null, null, null, null, false, false, null]","[""C000000"", ""C000100"", ""C000101"", ""C001100"", ""C010100"", ""C100100""]"
C100100,single_flip,[1],[],0,1,False,single_geometry_conditional,7,1,"[true, true, false, true, false, false, false]","[""C110100""]"
C100100,single_flip,[1],[],1,5,True,multiple_candidates,3,0,"[null, null, false, null, false, false, null]","[""C010100"", ""C100100"", ""C110000"", ""C110100"", ""C110101""]"
C100100,single_flip,[2],[],0,1,False,single_geometry_conditional,7,1,"[true, false, true, true, false, false, false]","[""C101100""]"
C100100,single_flip,[2],[],1,5,True,multiple_candidates,3,0,"[null, false, null, null, false, false, null]","[""C001100"", ""C100100"", ""C101000"", ""C101100"", ""C101101""]"
C100100,single_flip,[3],[],0,1,False,single_geometry_conditional,7,1,"[true, false, false, false, false, false, false]","[""C100000""]"
C100100,single_flip,[3],[],1,8,True,multiple_candidates,0,0,"[null, null, null, null, null, null, null]","[""C000000"", ""C100000"", ""C100001"", ""C100010"", ""C100100"", ""C100200"", ""C101000"", ""C110000""]"
C100100,single_flip,[4],[],0,0,False,no_feasible_candidate,0,0,"[null, null, null, null, null, null, null]",[]
C100100,single_flip,[4],[],1,2,True,multiple_candidates,5,0,"[true, false, false, null, null, false, false]","[""C100100"", ""C100200""]"
C100100,single_flip,[5],[],0,0,False,no_feasible_candidate,0,0,"[null, null, null, null, null, null, null]",[]
C100100,single_flip,[5],[],1,2,True,multiple_candidates,5,0,"[true, false, false, null, false, null, false]","[""C100010"", ""C100100""]"
C100100,single_flip,[6],[],0,1,False,single_geometry_conditional,7,1,"[true, false, false, true, false, false, true]","[""C100101""]"
C100100,single_flip,[6],[],1,6,True,multiple_candidates,2,0,"[null, null, null, null, false, false, null]","[""C000101"", ""C100001"", ""C100100"", ""C100101"", ""C101101"", ""C110101""]"
C100100,single_missing,[],[0],0,2,True,multiple_candidates,6,0,"[null, false, false, true, false, false, false]","[""C000100"", ""C100100""]"
C100100,single_missing,[],[0],1,10,True,multiple_candidates,2,0,"[null, null, null, null, false, false, null]","[""C000000"", ""C000100"", ""C000101"", ""C001100"", ""C010100"", ""C100000"", ""C100100"", ""C100101"", ""C101100"", ""C110100""]"
C100100,single_missing,[],[1],0,2,True,multiple_candidates,6,0,"[true, null, false, true, false, false, false]","[""C100100"", ""C110100""]"
C100100,single_missing,[],[1],1,9,True,multiple_candidates,2,0,"[null, null, null, null, false, false, null]","[""C000100"", ""C010100"", ""C100000"", ""C100100"", ""C100101"", ""C101100"", ""C110000"", ""C110100"", ""C110101""]"
C100100,single_missing,[],[2],0,2,True,multiple_candidates,6,0,"[true, false, null, true, false, false, false]","[""C100100"", ""C101100""]"
C100100,single_missing,[],[2],1,9,True,multiple_candidates,2,0,"[null, null, null, null, false, false, null]","[""C000100"", ""C001100"", ""C100000"", ""C100100"", ""C100101"", ""C101000"", ""C101100"", ""C101101"", ""C110100""]"
C100100,single_missing,[],[3],0,2,True,multiple_candidates,6,0,"[true, false, false, null, false, false, false]","[""C100000"", ""C100100""]"
C100100,single_missing,[],[3],1,12,True,multiple_candidates,0,0,"[null, null, null, null, null, null, null]","[""C000000"", ""C000100"", ""C100000"", ""C100001"", ""C100010"", ""C100100"", ""C100101"", ""C100200"", ""C101000"", ""C101100"", ""C110000"", ""C110100""]"
C100100,single_missing,[],[4],0,1,True,single_geometry_conditional,7,0,"[true, false, false, true, false, false, false]","[""C100100""]"
C100100,single_missing,[],[4],1,7,True,multiple_candidates,1,0,"[null, null, null, null, null, false, null]","[""C000100"", ""C100000"", ""C100100"", ""C100101"", ""C100200"", ""C101100"", ""C110100""]"
C100100,single_missing,[],[5],0,1,True,single_geometry_conditional,7,0,"[true, false, false, true, false, false, false]","[""C100100""]"
C100100,single_missing,[],[5],1,7,True,multiple_candidates,1,0,"[null, null, null, null, false, null, null]","[""C000100"", ""C100000"", ""C100010"", ""C100100"", ""C100101"", ""C101100"", ""C110100""]"
C100100,single_missing,[],[6],0,2,True,multiple_candidates,6,0,"[true, false, false, true, false, false, null]","[""C100100"", ""C100101""]"
C100100,single_missing,[],[6],1,10,True,multiple_candidates,2,0,"[null, null, null, null, false, false, null]","[""C000100"", ""C000101"", ""C100000"", ""C100001"", ""C100100"", ""C100101"", ""C101100"", ""C101101"", ""C110100"", ""C110101""]"
C100100,double_distinct_flip,"[0, 1]",[],0,1,False,single_geometry_conditional,7,2,"[false, true, false, true, false, false, false]","[""C010100""]"
C100100,double_distinct_flip,"[0, 1]",[],1,6,False,multiple_candidates,2,0,"[null, null, null, null, false, false, null]","[""C000100"", ""C010000"", ""C010100"", ""C010101"", ""C011100"", ""C110100""]"
C100100,double_distinct_flip,"[0, 2]",[],0,1,False,single_geometry_conditional,7,2,"[false, false, true, true, false, false, false]","[""C001100""]"
C100100,double_distinct_flip,"[0, 2]",[],1,6,False,multiple_candidates,2,0,"[null, null, null, null, false, false, null]","[""C000100"", ""C001000"", ""C001100"", ""C001101"", ""C011100"", ""C101100""]"
C100100,double_distinct_flip,"[0, 3]",[],0,1,False,single_geometry_conditional,7,2,"[false, false, false, false, false, false, false]","[""C000000""]"
C100100,double_distinct_flip,"[0, 3]",[],1,8,False,multiple_candidates,0,0,"[null, null, null, null, null, null, null]","[""C000000"", ""C000001"", ""C000010"", ""C000100"", ""C000200"", ""C001000"", ""C010000"", ""C100000""]"
C100100,double_distinct_flip,"[0, 4]",[],0,0,False,no_feasible_candidate,0,0,"[null, null, null, null, null, null, null]",[]
C100100,double_distinct_flip,"[0, 4]",[],1,2,False,multiple_candidates,5,1,"[false, false, false, null, null, false, false]","[""C000100"", ""C000200""]"
C100100,double_distinct_flip,"[0, 5]",[],0,0,False,no_feasible_candidate,0,0,"[null, null, null, null, null, null, null]",[]
C100100,double_distinct_flip,"[0, 5]",[],1,2,False,multiple_candidates,5,1,"[false, false, false, null, false, null, false]","[""C000010"", ""C000100""]"
C100100,double_distinct_flip,"[0, 6]",[],0,1,False,single_geometry_conditional,7,2,"[false, false, false, true, false, false, true]","[""C000101""]"
C100100,double_distinct_flip,"[0, 6]",[],1,6,False,multiple_candidates,2,0,"[null, null, null, null, false, false, null]","[""C000001"", ""C000100"", ""C000101"", ""C001101"", ""C010101"", ""C100101""]"
C100100,double_distinct_flip,"[1, 2]",[],0,0,False,no_feasible_candidate,0,0,"[null, null, null, null, null, null, null]",[]
C100100,double_distinct_flip,"[1, 2]",[],1,3,False,multiple_candidates,4,0,"[null, null, null, true, false, false, false]","[""C011100"", ""C101100"", ""C110100""]"
C100100,double_distinct_flip,"[1, 3]",[],0,1,False,single_geometry_conditional,7,2,"[true, true, false, false, false, false, false]","[""C110000""]"
C100100,double_distinct_flip,"[1, 3]",[],1,7,False,multiple_candidates,1,0,"[null, null, false, null, null, null, null]","[""C010000"", ""C100000"", ""C110000"", ""C110001"", ""C110010"", ""C110100"", ""C110200""]"
C100100,double_distinct_flip,"[1, 4]",[],0,0,False,no_feasible_candidate,0,0,"[null, null, null, null, null, null, null]",[]
C100100,double_distinct_flip,"[1, 4]",[],1,2,False,multiple_candidates,5,1,"[true, true, false, null, null, false, false]","[""C110100"", ""C110200""]"
C100100,double_distinct_flip,"[1, 5]",[],0,0,False,no_feasible_candidate,0,0,"[null, null, null, null, null, null, null]",[]
C100100,double_distinct_flip,"[1, 5]",[],1,2,False,multiple_candidates,5,1,"[true, true, false, null, false, null, false]","[""C110010"", ""C110100""]"
C100100,double_distinct_flip,"[1, 6]",[],0,1,False,single_geometry_conditional,7,2,"[true, true, false, true, false, false, true]","[""C110101""]"
C100100,double_distinct_flip,"[1, 6]",[],1,5,False,multiple_candidates,3,0,"[null, null, false, null, false, false, null]","[""C010101"", ""C100101"", ""C110001"", ""C110100"", ""C110101""]"
C100100,double_distinct_flip,"[2, 3]",[],0,1,False,single_geometry_conditional,7,2,"[true, false, true, false, false, false, false]","[""C101000""]"
C100100,double_distinct_flip,"[2, 3]",[],1,7,False,multiple_candidates,1,0,"[null, false, null, null, null, null, null]","[""C001000"", ""C100000"", ""C101000"", ""C101001"", ""C101010"", ""C101100"", ""C101200""]"
C100100,double_distinct_flip,"[2, 4]",[],0,0,False,no_feasible_candidate,0,0,"[null, null, null, null, null, null, null]",[]
C100100,double_distinct_flip,"[2, 4]",[],1,2,False,multiple_candidates,5,1,"[true, false, true, null, null, false, false]","[""C101100"", ""C101200""]"
C100100,double_distinct_flip,"[2, 5]",[],0,0,False,no_feasible_candidate,0,0,"[null, null, null, null, null, null, null]",[]
C100100,double_distinct_flip,"[2, 5]",[],1,2,False,multiple_candidates,5,1,"[true, false, true, null, false, null, false]","[""C101010"", ""C101100""]"
C100100,double_distinct_flip,"[2, 6]",[],0,1,False,compatibility_unresolved,7,2,"[true, false, true, true, false, false, true]","[""C101101""]"
C100100,double_distinct_flip,"[2, 6]",[],1,5,False,multiple_candidates,3,0,"[null, false, null, null, false, false, null]","[""C001101"", ""C100101"", ""C101001"", ""C101100"", ""C101101""]"
C100100,double_distinct_flip,"[3, 4]",[],0,1,False,single_geometry_conditional,7,2,"[true, false, false, false, true, false, false]","[""C100200""]"
C100100,double_distinct_flip,"[3, 4]",[],1,7,False,multiple_candidates,1,1,"[null, null, null, false, null, null, null]","[""C000200"", ""C100000"", ""C100200"", ""C100201"", ""C100210"", ""C101200"", ""C110200""]"
C100100,double_distinct_flip,"[3, 5]",[],0,1,False,single_geometry_conditional,7,2,"[true, false, false, false, false, true, false]","[""C100010""]"
C100100,double_distinct_flip,"[3, 5]",[],1,7,False,multiple_candidates,1,1,"[null, null, null, false, null, null, null]","[""C000010"", ""C100000"", ""C100010"", ""C100011"", ""C100210"", ""C101010"", ""C110010""]"
C100100,double_distinct_flip,"[3, 6]",[],0,1,False,single_geometry_conditional,7,2,"[true, false, false, false, false, false, true]","[""C100001""]"
C100100,double_distinct_flip,"[3, 6]",[],1,8,False,multiple_candidates,0,0,"[null, null, null, null, null, null, null]","[""C000001"", ""C100000"", ""C100001"", ""C100011"", ""C100101"", ""C100201"", ""C101001"", ""C110001""]"
C100100,double_distinct_flip,"[4, 5]",[],0,0,False,no_feasible_candidate,0,0,"[null, null, null, null, null, null, null]",[]
C100100,double_distinct_flip,"[4, 5]",[],1,1,False,single_geometry_conditional,7,3,"[true, false, false, false, true, true, false]","[""C100210""]"
C100100,double_distinct_flip,"[4, 6]",[],0,0,False,no_feasible_candidate,0,0,"[null, null, null, null, null, null, null]",[]
C100100,double_distinct_flip,"[4, 6]",[],1,2,False,multiple_candidates,5,1,"[true, false, false, null, null, false, true]","[""C100101"", ""C100201""]"
C100100,double_distinct_flip,"[5, 6]",[],0,0,False,no_feasible_candidate,0,0,"[null, null, null, null, null, null, null]",[]
C100100,double_distinct_flip,"[5, 6]",[],1,2,False,multiple_candidates,5,1,"[true, false, false, null, false, null, true]","[""C100011"", ""C100101""]"
C100101,clean,[],[],0,1,True,single_geometry_conditional,7,0,"[true, false, false, true, false, false, true]","[""C100101""]"
C100101,clean,[],[],1,6,True,multiple_candidates,2,0,"[null, null, null, null, false, false, null]","[""C000101"", ""C100001"", ""C100100"", ""C100101"", ""C101101"", ""C110101""]"
C100101,single_flip,[0],[],0,1,False,single_geometry_conditional,7,1,"[false, false, false, true, false, false, true]","[""C000101""]"
C100101,single_flip,[0],[],1,6,True,multiple_candidates,2,0,"[null, null, null, null, false, false, null]","[""C000001"", ""C000100"", ""C000101"", ""C001101"", ""C010101"", ""C100101""]"
C100101,single_flip,[1],[],0,1,False,single_geometry_conditional,7,1,"[true, true, false, true, false, false, true]","[""C110101""]"
C100101,single_flip,[1],[],1,5,True,multiple_candidates,3,0,"[null, null, false, null, false, false, null]","[""C010101"", ""C100101"", ""C110001"", ""C110100"", ""C110101""]"
C100101,single_flip,[2],[],0,1,False,compatibility_unresolved,7,1,"[true, false, true, true, false, false, true]","[""C101101""]"
C100101,single_flip,[2],[],1,5,True,multiple_candidates,3,0,"[null, false, null, null, false, false, null]","[""C001101"", ""C100101"", ""C101001"", ""C101100"", ""C101101""]"
C100101,single_flip,[3],[],0,1,False,single_geometry_conditional,7,1,"[true, false, false, false, false, false, true]","[""C100001""]"
C100101,single_flip,[3],[],1,8,True,multiple_candidates,0,0,"[null, null, null, null, null, null, null]","[""C000001"", ""C100000"", ""C100001"", ""C100011"", ""C100101"", ""C100201"", ""C101001"", ""C110001""]"
C100101,single_flip,[4],[],0,0,False,no_feasible_candidate,0,0,"[null, null, null, null, null, null, null]",[]
C100101,single_flip,[4],[],1,2,True,multiple_candidates,5,0,"[true, false, false, null, null, false, true]","[""C100101"", ""C100201""]"
C100101,single_flip,[5],[],0,0,False,no_feasible_candidate,0,0,"[null, null, null, null, null, null, null]",[]
C100101,single_flip,[5],[],1,2,True,multiple_candidates,5,0,"[true, false, false, null, false, null, true]","[""C100011"", ""C100101""]"
C100101,single_flip,[6],[],0,1,False,single_geometry_conditional,7,1,"[true, false, false, true, false, false, false]","[""C100100""]"
C100101,single_flip,[6],[],1,6,True,multiple_candidates,2,0,"[null, null, null, null, false, false, null]","[""C000100"", ""C100000"", ""C100100"", ""C100101"", ""C101100"", ""C110100""]"
C100101,single_missing,[],[0],0,2,True,multiple_candidates,6,0,"[null, false, false, true, false, false, true]","[""C000101"", ""C100101""]"
C100101,single_missing,[],[0],1,10,True,multiple_candidates,2,0,"[null, null, null, null, false, false, null]","[""C000001"", ""C000100"", ""C000101"", ""C001101"", ""C010101"", ""C100001"", ""C100100"", ""C100101"", ""C101101"", ""C110101""]"
C100101,single_missing,[],[1],0,2,True,multiple_candidates,6,0,"[true, null, false, true, false, false, true]","[""C100101"", ""C110101""]"
C100101,single_missing,[],[1],1,9,True,multiple_candidates,2,0,"[null, null, null, null, false, false, null]","[""C000101"", ""C010101"", ""C100001"", ""C100100"", ""C100101"", ""C101101"", ""C110001"", ""C110100"", ""C110101""]"
C100101,single_missing,[],[2],0,2,True,multiple_candidates,6,0,"[true, false, null, true, false, false, true]","[""C100101"", ""C101101""]"
C100101,single_missing,[],[2],1,9,True,multiple_candidates,2,0,"[null, null, null, null, false, false, null]","[""C000101"", ""C001101"", ""C100001"", ""C100100"", ""C100101"", ""C101001"", ""C101100"", ""C101101"", ""C110101""]"
C100101,single_missing,[],[3],0,2,True,multiple_candidates,6,0,"[true, false, false, null, false, false, true]","[""C100001"", ""C100101""]"
C100101,single_missing,[],[3],1,12,True,multiple_candidates,0,0,"[null, null, null, null, null, null, null]","[""C000001"", ""C000101"", ""C100000"", ""C100001"", ""C100011"", ""C100100"", ""C100101"", ""C100201"", ""C101001"", ""C101101"", ""C110001"", ""C110101""]"
C100101,single_missing,[],[4],0,1,True,single_geometry_conditional,7,0,"[true, false, false, true, false, false, true]","[""C100101""]"
C100101,single_missing,[],[4],1,7,True,multiple_candidates,1,0,"[null, null, null, null, null, false, null]","[""C000101"", ""C100001"", ""C100100"", ""C100101"", ""C100201"", ""C101101"", ""C110101""]"
C100101,single_missing,[],[5],0,1,True,single_geometry_conditional,7,0,"[true, false, false, true, false, false, true]","[""C100101""]"
C100101,single_missing,[],[5],1,7,True,multiple_candidates,1,0,"[null, null, null, null, false, null, null]","[""C000101"", ""C100001"", ""C100011"", ""C100100"", ""C100101"", ""C101101"", ""C110101""]"
C100101,single_missing,[],[6],0,2,True,multiple_candidates,6,0,"[true, false, false, true, false, false, null]","[""C100100"", ""C100101""]"
C100101,single_missing,[],[6],1,10,True,multiple_candidates,2,0,"[null, null, null, null, false, false, null]","[""C000100"", ""C000101"", ""C100000"", ""C100001"", ""C100100"", ""C100101"", ""C101100"", ""C101101"", ""C110100"", ""C110101""]"
C100101,double_distinct_flip,"[0, 1]",[],0,1,False,single_geometry_conditional,7,2,"[false, true, false, true, false, false, true]","[""C010101""]"
C100101,double_distinct_flip,"[0, 1]",[],1,6,False,multiple_candidates,2,0,"[null, null, null, null, false, false, null]","[""C000101"", ""C010001"", ""C010100"", ""C010101"", ""C011101"", ""C110101""]"
C100101,double_distinct_flip,"[0, 2]",[],0,1,False,compatibility_unresolved,7,2,"[false, false, true, true, false, false, true]","[""C001101""]"
C100101,double_distinct_flip,"[0, 2]",[],1,6,False,multiple_candidates,2,0,"[null, null, null, null, false, false, null]","[""C000101"", ""C001001"", ""C001100"", ""C001101"", ""C011101"", ""C101101""]"
C100101,double_distinct_flip,"[0, 3]",[],0,1,False,single_geometry_conditional,7,2,"[false, false, false, false, false, false, true]","[""C000001""]"
C100101,double_distinct_flip,"[0, 3]",[],1,8,False,multiple_candidates,0,0,"[null, null, null, null, null, null, null]","[""C000000"", ""C000001"", ""C000011"", ""C000101"", ""C000201"", ""C001001"", ""C010001"", ""C100001""]"
C100101,double_distinct_flip,"[0, 4]",[],0,0,False,no_feasible_candidate,0,0,"[null, null, null, null, null, null, null]",[]
C100101,double_distinct_flip,"[0, 4]",[],1,2,False,multiple_candidates,5,1,"[false, false, false, null, null, false, true]","[""C000101"", ""C000201""]"
C100101,double_distinct_flip,"[0, 5]",[],0,0,False,no_feasible_candidate,0,0,"[null, null, null, null, null, null, null]",[]
C100101,double_distinct_flip,"[0, 5]",[],1,2,False,multiple_candidates,5,1,"[false, false, false, null, false, null, true]","[""C000011"", ""C000101""]"
C100101,double_distinct_flip,"[0, 6]",[],0,1,False,single_geometry_conditional,7,2,"[false, false, false, true, false, false, false]","[""C000100""]"
C100101,double_distinct_flip,"[0, 6]",[],1,6,False,multiple_candidates,2,0,"[null, null, null, null, false, false, null]","[""C000000"", ""C000100"", ""C000101"", ""C001100"", ""C010100"", ""C100100""]"
C100101,double_distinct_flip,"[1, 2]",[],0,0,False,no_feasible_candidate,0,0,"[null, null, null, null, null, null, null]",[]
C100101,double_distinct_flip,"[1, 2]",[],1,3,False,multiple_candidates,4,0,"[null, null, null, true, false, false, true]","[""C011101"", ""C101101"", ""C110101""]"
C100101,double_distinct_flip,"[1, 3]",[],0,1,False,single_geometry_conditional,7,2,"[true, true, false, false, false, false, true]","[""C110001""]"
C100101,double_distinct_flip,"[1, 3]",[],1,7,False,multiple_candidates,1,0,"[null, null, false, null, null, null, null]","[""C010001"", ""C100001"", ""C110000"", ""C110001"", ""C110011"", ""C110101"", ""C110201""]"
C100101,double_distinct_flip,"[1, 4]",[],0,0,False,no_feasible_candidate,0,0,"[null, null, null, null, null, null, null]",[]
C100101,double_distinct_flip,"[1, 4]",[],1,2,False,multiple_candidates,5,1,"[true, true, false, null, null, false, true]","[""C110101"", ""C110201""]"
C100101,double_distinct_flip,"[1, 5]",[],0,0,False,no_feasible_candidate,0,0,"[null, null, null, null, null, null, null]",[]
C100101,double_distinct_flip,"[1, 5]",[],1,2,False,multiple_candidates,5,1,"[true, true, false, null, false, null, true]","[""C110011"", ""C110101""]"
C100101,double_distinct_flip,"[1, 6]",[],0,1,False,single_geometry_conditional,7,2,"[true, true, false, true, false, false, false]","[""C110100""]"
C100101,double_distinct_flip,"[1, 6]",[],1,5,False,multiple_candidates,3,0,"[null, null, false, null, false, false, null]","[""C010100"", ""C100100"", ""C110000"", ""C110100"", ""C110101""]"
C100101,double_distinct_flip,"[2, 3]",[],0,1,False,compatibility_unresolved,7,2,"[true, false, true, false, false, false, true]","[""C101001""]"
C100101,double_distinct_flip,"[2, 3]",[],1,7,False,multiple_candidates,1,0,"[null, false, null, null, null, null, null]","[""C001001"", ""C100001"", ""C101000"", ""C101001"", ""C101011"", ""C101101"", ""C101201""]"
C100101,double_distinct_flip,"[2, 4]",[],0,0,False,no_feasible_candidate,0,0,"[null, null, null, null, null, null, null]",[]
C100101,double_distinct_flip,"[2, 4]",[],1,2,False,multiple_candidates,5,1,"[true, false, true, null, null, false, true]","[""C101101"", ""C101201""]"
C100101,double_distinct_flip,"[2, 5]",[],0,0,False,no_feasible_candidate,0,0,"[null, null, null, null, null, null, null]",[]
C100101,double_distinct_flip,"[2, 5]",[],1,2,False,multiple_candidates,5,1,"[true, false, true, null, false, null, true]","[""C101011"", ""C101101""]"
C100101,double_distinct_flip,"[2, 6]",[],0,1,False,single_geometry_conditional,7,2,"[true, false, true, true, false, false, false]","[""C101100""]"
C100101,double_distinct_flip,"[2, 6]",[],1,5,False,multiple_candidates,3,0,"[null, false, null, null, false, false, null]","[""C001100"", ""C100100"", ""C101000"", ""C101100"", ""C101101""]"
C100101,double_distinct_flip,"[3, 4]",[],0,1,False,single_geometry_conditional,7,2,"[true, false, false, false, true, false, true]","[""C100201""]"
C100101,double_distinct_flip,"[3, 4]",[],1,7,False,multiple_candidates,1,1,"[null, null, null, false, null, null, null]","[""C000201"", ""C100001"", ""C100200"", ""C100201"", ""C100211"", ""C101201"", ""C110201""]"
C100101,double_distinct_flip,"[3, 5]",[],0,1,False,single_geometry_conditional,7,2,"[true, false, false, false, false, true, true]","[""C100011""]"
C100101,double_distinct_flip,"[3, 5]",[],1,7,False,multiple_candidates,1,1,"[null, null, null, false, null, null, null]","[""C000011"", ""C100001"", ""C100010"", ""C100011"", ""C100211"", ""C101011"", ""C110011""]"
C100101,double_distinct_flip,"[3, 6]",[],0,1,False,single_geometry_conditional,7,2,"[true, false, false, false, false, false, false]","[""C100000""]"
C100101,double_distinct_flip,"[3, 6]",[],1,8,False,multiple_candidates,0,0,"[null, null, null, null, null, null, null]","[""C000000"", ""C100000"", ""C100001"", ""C100010"", ""C100100"", ""C100200"", ""C101000"", ""C110000""]"
C100101,double_distinct_flip,"[4, 5]",[],0,0,False,no_feasible_candidate,0,0,"[null, null, null, null, null, null, null]",[]
C100101,double_distinct_flip,"[4, 5]",[],1,1,False,single_geometry_conditional,7,3,"[true, false, false, false, true, true, true]","[""C100211""]"
C100101,double_distinct_flip,"[4, 6]",[],0,0,False,no_feasible_candidate,0,0,"[null, null, null, null, null, null, null]",[]
C100101,double_distinct_flip,"[4, 6]",[],1,2,False,multiple_candidates,5,1,"[true, false, false, null, null, false, false]","[""C100100"", ""C100200""]"
C100101,double_distinct_flip,"[5, 6]",[],0,0,False,no_feasible_candidate,0,0,"[null, null, null, null, null, null, null]",[]
C100101,double_distinct_flip,"[5, 6]",[],1,2,False,multiple_candidates,5,1,"[true, false, false, null, false, null, false]","[""C100010"", ""C100100""]"
C100200,clean,[],[],0,1,True,single_geometry_conditional,7,0,"[true, false, false, false, true, false, false]","[""C100200""]"
C100200,clean,[],[],1,7,True,multiple_candidates,1,0,"[null, null, null, false, null, null, null]","[""C000200"", ""C100000"", ""C100200"", ""C100201"", ""C100210"", ""C101200"", ""C110200""]"
C100200,single_flip,[0],[],0,1,False,single_geometry_conditional,7,1,"[false, false, false, false, true, false, false]","[""C000200""]"
C100200,single_flip,[0],[],1,7,True,multiple_candidates,1,0,"[null, null, null, false, null, null, null]","[""C000000"", ""C000200"", ""C000201"", ""C000210"", ""C001200"", ""C010200"", ""C100200""]"
C100200,single_flip,[1],[],0,1,False,single_geometry_conditional,7,1,"[true, true, false, false, true, false, false]","[""C110200""]"
C100200,single_flip,[1],[],1,6,True,multiple_candidates,2,0,"[null, null, false, false, null, null, null]","[""C010200"", ""C100200"", ""C110000"", ""C110200"", ""C110201"", ""C110210""]"
C100200,single_flip,[2],[],0,1,False,single_geometry_conditional,7,1,"[true, false, true, false, true, false, false]","[""C101200""]"
C100200,single_flip,[2],[],1,6,True,multiple_candidates,2,0,"[null, false, null, false, null, null, null]","[""C001200"", ""C100200"", ""C101000"", ""C101200"", ""C101201"", ""C101210""]"
C100200,single_flip,[3],[],0,0,False,no_feasible_candidate,0,0,"[null, null, null, null, null, null, null]",[]
C100200,single_flip,[3],[],1,2,True,multiple_candidates,5,0,"[true, false, false, null, null, false, false]","[""C100100"", ""C100200""]"
C100200,single_flip,[4],[],0,1,False,single_geometry_conditional,7,1,"[true, false, false, false, false, false, false]","[""C100000""]"
C100200,single_flip,[4],[],1,8,True,multiple_candidates,0,0,"[null, null, null, null, null, null, null]","[""C000000"", ""C100000"", ""C100001"", ""C100010"", ""C100100"", ""C100200"", ""C101000"", ""C110000""]"
C100200,single_flip,[5],[],0,1,False,single_geometry_conditional,7,1,"[true, false, false, false, true, true, false]","[""C100210""]"
C100200,single_flip,[5],[],1,7,True,multiple_candidates,1,0,"[null, null, null, false, null, null, null]","[""C000210"", ""C100010"", ""C100200"", ""C100210"", ""C100211"", ""C101210"", ""C110210""]"
C100200,single_flip,[6],[],0,1,False,single_geometry_conditional,7,1,"[true, false, false, false, true, false, true]","[""C100201""]"
C100200,single_flip,[6],[],1,7,True,multiple_candidates,1,0,"[null, null, null, false, null, null, null]","[""C000201"", ""C100001"", ""C100200"", ""C100201"", ""C100211"", ""C101201"", ""C110201""]"
C100200,single_missing,[],[0],0,2,True,multiple_candidates,6,0,"[null, false, false, false, true, false, false]","[""C000200"", ""C100200""]"
C100200,single_missing,[],[0],1,12,True,multiple_candidates,1,0,"[null, null, null, false, null, null, null]","[""C000000"", ""C000200"", ""C000201"", ""C000210"", ""C001200"", ""C010200"", ""C100000"", ""C100200"", ""C100201"", ""C100210"", ""C101200"", ""C110200""]"
C100200,single_missing,[],[1],0,2,True,multiple_candidates,6,0,"[true, null, false, false, true, false, false]","[""C100200"", ""C110200""]"
C100200,single_missing,[],[1],1,11,True,multiple_candidates,1,0,"[null, null, null, false, null, null, null]","[""C000200"", ""C010200"", ""C100000"", ""C100200"", ""C100201"", ""C100210"", ""C101200"", ""C110000"", ""C110200"", ""C110201"", ""C110210""]"
C100200,single_missing,[],[2],0,2,True,multiple_candidates,6,0,"[true, false, null, false, true, false, false]","[""C100200"", ""C101200""]"
C100200,single_missing,[],[2],1,11,True,multiple_candidates,1,0,"[null, null, null, false, null, null, null]","[""C000200"", ""C001200"", ""C100000"", ""C100200"", ""C100201"", ""C100210"", ""C101000"", ""C101200"", ""C101201"", ""C101210"", ""C110200""]"
C100200,single_missing,[],[3],0,1,True,single_geometry_conditional,7,0,"[true, false, false, false, true, false, false]","[""C100200""]"
C100200,single_missing,[],[3],1,8,True,multiple_candidates,0,0,"[null, null, null, null, null, null, null]","[""C000200"", ""C100000"", ""C100100"", ""C100200"", ""C100201"", ""C100210"", ""C101200"", ""C110200""]"
C100200,single_missing,[],[4],0,2,True,multiple_candidates,6,0,"[true, false, false, false, null, false, false]","[""C100000"", ""C100200""]"
C100200,single_missing,[],[4],1,13,True,multiple_candidates,0,0,"[null, null, null, null, null, null, null]","[""C000000"", ""C000200"", ""C100000"", ""C100001"", ""C100010"", ""C100100"", ""C100200"", ""C100201"", ""C100210"", ""C101000"", ""C101200"", ""C110000"", ""C110200""]"
C100200,single_missing,[],[5],0,2,True,multiple_candidates,6,0,"[true, false, false, false, true, null, false]","[""C100200"", ""C100210""]"
C100200,single_missing,[],[5],1,12,True,multiple_candidates,1,0,"[null, null, null, false, null, null, null]","[""C000200"", ""C000210"", ""C100000"", ""C100010"", ""C100200"", ""C100201"", ""C100210"", ""C100211"", ""C101200"", ""C101210"", ""C110200"", ""C110210""]"
C100200,single_missing,[],[6],0,2,True,multiple_candidates,6,0,"[true, false, false, false, true, false, null]","[""C100200"", ""C100201""]"
C100200,single_missing,[],[6],1,12,True,multiple_candidates,1,0,"[null, null, null, false, null, null, null]","[""C000200"", ""C000201"", ""C100000"", ""C100001"", ""C100200"", ""C100201"", ""C100210"", ""C100211"", ""C101200"", ""C101201"", ""C110200"", ""C110201""]"
C100200,double_distinct_flip,"[0, 1]",[],0,1,False,single_geometry_conditional,7,2,"[false, true, false, false, true, false, false]","[""C010200""]"
C100200,double_distinct_flip,"[0, 1]",[],1,7,False,multiple_candidates,1,0,"[null, null, null, false, null, null, null]","[""C000200"", ""C010000"", ""C010200"", ""C010201"", ""C010210"", ""C011200"", ""C110200""]"
C100200,double_distinct_flip,"[0, 2]",[],0,1,False,single_geometry_conditional,7,2,"[false, false, true, false, true, false, false]","[""C001200""]"
C100200,double_distinct_flip,"[0, 2]",[],1,7,False,multiple_candidates,1,0,"[null, null, null, false, null, null, null]","[""C000200"", ""C001000"", ""C001200"", ""C001201"", ""C001210"", ""C011200"", ""C101200""]"
C100200,double_distinct_flip,"[0, 3]",[],0,0,False,no_feasible_candidate,0,0,"[null, null, null, null, null, null, null]",[]
C100200,double_distinct_flip,"[0, 3]",[],1,2,False,multiple_candidates,5,1,"[false, false, false, null, null, false, false]","[""C000100"", ""C000200""]"
C100200,double_distinct_flip,"[0, 4]",[],0,1,False,single_geometry_conditional,7,2,"[false, false, false, false, false, false, false]","[""C000000""]"
C100200,double_distinct_flip,"[0, 4]",[],1,8,False,multiple_candidates,0,0,"[null, null, null, null, null, null, null]","[""C000000"", ""C000001"", ""C000010"", ""C000100"", ""C000200"", ""C001000"", ""C010000"", ""C100000""]"
C100200,double_distinct_flip,"[0, 5]",[],0,1,False,single_geometry_conditional,7,2,"[false, false, false, false, true, true, false]","[""C000210""]"
C100200,double_distinct_flip,"[0, 5]",[],1,7,False,multiple_candidates,1,0,"[null, null, null, false, null, null, null]","[""C000010"", ""C000200"", ""C000210"", ""C000211"", ""C001210"", ""C010210"", ""C100210""]"
C100200,double_distinct_flip,"[0, 6]",[],0,1,False,single_geometry_conditional,7,2,"[false, false, false, false, true, false, true]","[""C000201""]"
C100200,double_distinct_flip,"[0, 6]",[],1,7,False,multiple_candidates,1,0,"[null, null, null, false, null, null, null]","[""C000001"", ""C000200"", ""C000201"", ""C000211"", ""C001201"", ""C010201"", ""C100201""]"
C100200,double_distinct_flip,"[1, 2]",[],0,0,False,no_feasible_candidate,0,0,"[null, null, null, null, null, null, null]",[]
C100200,double_distinct_flip,"[1, 2]",[],1,3,False,multiple_candidates,4,0,"[null, null, null, false, true, false, false]","[""C011200"", ""C101200"", ""C110200""]"
C100200,double_distinct_flip,"[1, 3]",[],0,0,False,no_feasible_candidate,0,0,"[null, null, null, null, null, null, null]",[]
C100200,double_distinct_flip,"[1, 3]",[],1,2,False,multiple_candidates,5,1,"[true, true, false, null, null, false, false]","[""C110100"", ""C110200""]"
C100200,double_distinct_flip,"[1, 4]",[],0,1,False,single_geometry_conditional,7,2,"[true, true, false, false, false, false, false]","[""C110000""]"
C100200,double_distinct_flip,"[1, 4]",[],1,7,False,multiple_candidates,1,0,"[null, null, false, null, null, null, null]","[""C010000"", ""C100000"", ""C110000"", ""C110001"", ""C110010"", ""C110100"", ""C110200""]"
C100200,double_distinct_flip,"[1, 5]",[],0,1,False,single_geometry_conditional,7,2,"[true, true, false, false, true, true, false]","[""C110210""]"
C100200,double_distinct_flip,"[1, 5]",[],1,6,False,multiple_candidates,2,0,"[null, null, false, false, null, null, null]","[""C010210"", ""C100210"", ""C110010"", ""C110200"", ""C110210"", ""C110211""]"
C100200,double_distinct_flip,"[1, 6]",[],0,1,False,single_geometry_conditional,7,2,"[true, true, false, false, true, false, true]","[""C110201""]"
C100200,double_distinct_flip,"[1, 6]",[],1,6,False,multiple_candidates,2,0,"[null, null, false, false, null, null, null]","[""C010201"", ""C100201"", ""C110001"", ""C110200"", ""C110201"", ""C110211""]"
C100200,double_distinct_flip,"[2, 3]",[],0,0,False,no_feasible_candidate,0,0,"[null, null, null, null, null, null, null]",[]
C100200,double_distinct_flip,"[2, 3]",[],1,2,False,multiple_candidates,5,1,"[true, false, true, null, null, false, false]","[""C101100"", ""C101200""]"
C100200,double_distinct_flip,"[2, 4]",[],0,1,False,single_geometry_conditional,7,2,"[true, false, true, false, false, false, false]","[""C101000""]"
C100200,double_distinct_flip,"[2, 4]",[],1,7,False,multiple_candidates,1,0,"[null, false, null, null, null, null, null]","[""C001000"", ""C100000"", ""C101000"", ""C101001"", ""C101010"", ""C101100"", ""C101200""]"
C100200,double_distinct_flip,"[2, 5]",[],0,1,False,single_geometry_conditional,7,2,"[true, false, true, false, true, true, false]","[""C101210""]"
C100200,double_distinct_flip,"[2, 5]",[],1,6,False,multiple_candidates,2,0,"[null, false, null, false, null, null, null]","[""C001210"", ""C100210"", ""C101010"", ""C101200"", ""C101210"", ""C101211""]"
C100200,double_distinct_flip,"[2, 6]",[],0,1,False,compatibility_unresolved,7,2,"[true, false, true, false, true, false, true]","[""C101201""]"
C100200,double_distinct_flip,"[2, 6]",[],1,6,False,multiple_candidates,2,0,"[null, false, null, false, null, null, null]","[""C001201"", ""C100201"", ""C101001"", ""C101200"", ""C101201"", ""C101211""]"
C100200,double_distinct_flip,"[3, 4]",[],0,1,False,single_geometry_conditional,7,2,"[true, false, false, true, false, false, false]","[""C100100""]"
C100200,double_distinct_flip,"[3, 4]",[],1,6,False,multiple_candidates,2,1,"[null, null, null, null, false, false, null]","[""C000100"", ""C100000"", ""C100100"", ""C100101"", ""C101100"", ""C110100""]"
C100200,double_distinct_flip,"[3, 5]",[],0,0,False,no_feasible_candidate,0,0,"[null, null, null, null, null, null, null]",[]
C100200,double_distinct_flip,"[3, 5]",[],1,1,False,single_geometry_conditional,7,1,"[true, false, false, false, true, true, false]","[""C100210""]"
C100200,double_distinct_flip,"[3, 6]",[],0,0,False,no_feasible_candidate,0,0,"[null, null, null, null, null, null, null]",[]
C100200,double_distinct_flip,"[3, 6]",[],1,2,False,multiple_candidates,5,1,"[true, false, false, null, null, false, true]","[""C100101"", ""C100201""]"
C100200,double_distinct_flip,"[4, 5]",[],0,1,False,single_geometry_conditional,7,2,"[true, false, false, false, false, true, false]","[""C100010""]"
C100200,double_distinct_flip,"[4, 5]",[],1,7,False,multiple_candidates,1,0,"[null, null, null, false, null, null, null]","[""C000010"", ""C100000"", ""C100010"", ""C100011"", ""C100210"", ""C101010"", ""C110010""]"
C100200,double_distinct_flip,"[4, 6]",[],0,1,False,single_geometry_conditional,7,2,"[true, false, false, false, false, false, true]","[""C100001""]"
C100200,double_distinct_flip,"[4, 6]",[],1,8,False,multiple_candidates,0,0,"[null, null, null, null, null, null, null]","[""C000001"", ""C100000"", ""C100001"", ""C100011"", ""C100101"", ""C100201"", ""C101001"", ""C110001""]"
C100200,double_distinct_flip,"[5, 6]",[],0,1,False,single_geometry_conditional,7,2,"[true, false, false, false, true, true, true]","[""C100211""]"
C100200,double_distinct_flip,"[5, 6]",[],1,7,False,multiple_candidates,1,0,"[null, null, null, false, null, null, null]","[""C000211"", ""C100011"", ""C100201"", ""C100210"", ""C100211"", ""C101211"", ""C110211""]"
C100201,clean,[],[],0,1,True,single_geometry_conditional,7,0,"[true, false, false, false, true, false, true]","[""C100201""]"
C100201,clean,[],[],1,7,True,multiple_candidates,1,0,"[null, null, null, false, null, null, null]","[""C000201"", ""C100001"", ""C100200"", ""C100201"", ""C100211"", ""C101201"", ""C110201""]"
C100201,single_flip,[0],[],0,1,False,single_geometry_conditional,7,1,"[false, false, false, false, true, false, true]","[""C000201""]"
C100201,single_flip,[0],[],1,7,True,multiple_candidates,1,0,"[null, null, null, false, null, null, null]","[""C000001"", ""C000200"", ""C000201"", ""C000211"", ""C001201"", ""C010201"", ""C100201""]"
C100201,single_flip,[1],[],0,1,False,single_geometry_conditional,7,1,"[true, true, false, false, true, false, true]","[""C110201""]"
C100201,single_flip,[1],[],1,6,True,multiple_candidates,2,0,"[null, null, false, false, null, null, null]","[""C010201"", ""C100201"", ""C110001"", ""C110200"", ""C110201"", ""C110211""]"
C100201,single_flip,[2],[],0,1,False,compatibility_unresolved,7,1,"[true, false, true, false, true, false, true]","[""C101201""]"
C100201,single_flip,[2],[],1,6,True,multiple_candidates,2,0,"[null, false, null, false, null, null, null]","[""C001201"", ""C100201"", ""C101001"", ""C101200"", ""C101201"", ""C101211""]"
C100201,single_flip,[3],[],0,0,False,no_feasible_candidate,0,0,"[null, null, null, null, null, null, null]",[]
C100201,single_flip,[3],[],1,2,True,multiple_candidates,5,0,"[true, false, false, null, null, false, true]","[""C100101"", ""C100201""]"
C100201,single_flip,[4],[],0,1,False,single_geometry_conditional,7,1,"[true, false, false, false, false, false, true]","[""C100001""]"
C100201,single_flip,[4],[],1,8,True,multiple_candidates,0,0,"[null, null, null, null, null, null, null]","[""C000001"", ""C100000"", ""C100001"", ""C100011"", ""C100101"", ""C100201"", ""C101001"", ""C110001""]"
C100201,single_flip,[5],[],0,1,False,single_geometry_conditional,7,1,"[true, false, false, false, true, true, true]","[""C100211""]"
C100201,single_flip,[5],[],1,7,True,multiple_candidates,1,0,"[null, null, null, false, null, null, null]","[""C000211"", ""C100011"", ""C100201"", ""C100210"", ""C100211"", ""C101211"", ""C110211""]"
C100201,single_flip,[6],[],0,1,False,single_geometry_conditional,7,1,"[true, false, false, false, true, false, false]","[""C100200""]"
C100201,single_flip,[6],[],1,7,True,multiple_candidates,1,0,"[null, null, null, false, null, null, null]","[""C000200"", ""C100000"", ""C100200"", ""C100201"", ""C100210"", ""C101200"", ""C110200""]"
C100201,single_missing,[],[0],0,2,True,multiple_candidates,6,0,"[null, false, false, false, true, false, true]","[""C000201"", ""C100201""]"
C100201,single_missing,[],[0],1,12,True,multiple_candidates,1,0,"[null, null, null, false, null, null, null]","[""C000001"", ""C000200"", ""C000201"", ""C000211"", ""C001201"", ""C010201"", ""C100001"", ""C100200"", ""C100201"", ""C100211"", ""C101201"", ""C110201""]"
C100201,single_missing,[],[1],0,2,True,multiple_candidates,6,0,"[true, null, false, false, true, false, true]","[""C100201"", ""C110201""]"
C100201,single_missing,[],[1],1,11,True,multiple_candidates,1,0,"[null, null, null, false, null, null, null]","[""C000201"", ""C010201"", ""C100001"", ""C100200"", ""C100201"", ""C100211"", ""C101201"", ""C110001"", ""C110200"", ""C110201"", ""C110211""]"
C100201,single_missing,[],[2],0,2,True,multiple_candidates,6,0,"[true, false, null, false, true, false, true]","[""C100201"", ""C101201""]"
C100201,single_missing,[],[2],1,11,True,multiple_candidates,1,0,"[null, null, null, false, null, null, null]","[""C000201"", ""C001201"", ""C100001"", ""C100200"", ""C100201"", ""C100211"", ""C101001"", ""C101200"", ""C101201"", ""C101211"", ""C110201""]"
C100201,single_missing,[],[3],0,1,True,single_geometry_conditional,7,0,"[true, false, false, false, true, false, true]","[""C100201""]"
C100201,single_missing,[],[3],1,8,True,multiple_candidates,0,0,"[null, null, null, null, null, null, null]","[""C000201"", ""C100001"", ""C100101"", ""C100200"", ""C100201"", ""C100211"", ""C101201"", ""C110201""]"
C100201,single_missing,[],[4],0,2,True,multiple_candidates,6,0,"[true, false, false, false, null, false, true]","[""C100001"", ""C100201""]"
C100201,single_missing,[],[4],1,13,True,multiple_candidates,0,0,"[null, null, null, null, null, null, null]","[""C000001"", ""C000201"", ""C100000"", ""C100001"", ""C100011"", ""C100101"", ""C100200"", ""C100201"", ""C100211"", ""C101001"", ""C101201"", ""C110001"", ""C110201""]"
C100201,single_missing,[],[5],0,2,True,multiple_candidates,6,0,"[true, false, false, false, true, null, true]","[""C100201"", ""C100211""]"
C100201,single_missing,[],[5],1,12,True,multiple_candidates,1,0,"[null, null, null, false, null, null, null]","[""C000201"", ""C000211"", ""C100001"", ""C100011"", ""C100200"", ""C100201"", ""C100210"", ""C100211"", ""C101201"", ""C101211"", ""C110201"", ""C110211""]"
C100201,single_missing,[],[6],0,2,True,multiple_candidates,6,0,"[true, false, false, false, true, false, null]","[""C100200"", ""C100201""]"
C100201,single_missing,[],[6],1,12,True,multiple_candidates,1,0,"[null, null, null, false, null, null, null]","[""C000200"", ""C000201"", ""C100000"", ""C100001"", ""C100200"", ""C100201"", ""C100210"", ""C100211"", ""C101200"", ""C101201"", ""C110200"", ""C110201""]"
C100201,double_distinct_flip,"[0, 1]",[],0,1,False,single_geometry_conditional,7,2,"[false, true, false, false, true, false, true]","[""C010201""]"
C100201,double_distinct_flip,"[0, 1]",[],1,7,False,multiple_candidates,1,0,"[null, null, null, false, null, null, null]","[""C000201"", ""C010001"", ""C010200"", ""C010201"", ""C010211"", ""C011201"", ""C110201""]"
C100201,double_distinct_flip,"[0, 2]",[],0,1,False,compatibility_unresolved,7,2,"[false, false, true, false, true, false, true]","[""C001201""]"
C100201,double_distinct_flip,"[0, 2]",[],1,7,False,multiple_candidates,1,0,"[null, null, null, false, null, null, null]","[""C000201"", ""C001001"", ""C001200"", ""C001201"", ""C001211"", ""C011201"", ""C101201""]"
C100201,double_distinct_flip,"[0, 3]",[],0,0,False,no_feasible_candidate,0,0,"[null, null, null, null, null, null, null]",[]
C100201,double_distinct_flip,"[0, 3]",[],1,2,False,multiple_candidates,5,1,"[false, false, false, null, null, false, true]","[""C000101"", ""C000201""]"
C100201,double_distinct_flip,"[0, 4]",[],0,1,False,single_geometry_conditional,7,2,"[false, false, false, false, false, false, true]","[""C000001""]"
C100201,double_distinct_flip,"[0, 4]",[],1,8,False,multiple_candidates,0,0,"[null, null, null, null, null, null, null]","[""C000000"", ""C000001"", ""C000011"", ""C000101"", ""C000201"", ""C001001"", ""C010001"", ""C100001""]"
C100201,double_distinct_flip,"[0, 5]",[],0,1,False,single_geometry_conditional,7,2,"[false, false, false, false, true, true, true]","[""C000211""]"
C100201,double_distinct_flip,"[0, 5]",[],1,7,False,multiple_candidates,1,0,"[null, null, null, false, null, null, null]","[""C000011"", ""C000201"", ""C000210"", ""C000211"", ""C001211"", ""C010211"", ""C100211""]"
C100201,double_distinct_flip,"[0, 6]",[],0,1,False,single_geometry_conditional,7,2,"[false, false, false, false, true, false, false]","[""C000200""]"
C100201,double_distinct_flip,"[0, 6]",[],1,7,False,multiple_candidates,1,0,"[null, null, null, false, null, null, null]","[""C000000"", ""C000200"", ""C000201"", ""C000210"", ""C001200"", ""C010200"", ""C100200""]"
C100201,double_distinct_flip,"[1, 2]",[],0,0,False,no_feasible_candidate,0,0,"[null, null, null, null, null, null, null]",[]
C100201,double_distinct_flip,"[1, 2]",[],1,3,False,multiple_candidates,4,0,"[null, null, null, false, true, false, true]","[""C011201"", ""C101201"", ""C110201""]"
C100201,double_distinct_flip,"[1, 3]",[],0,0,False,no_feasible_candidate,0,0,"[null, null, null, null, null, null, null]",[]
C100201,double_distinct_flip,"[1, 3]",[],1,2,False,multiple_candidates,5,1,"[true, true, false, null, null, false, true]","[""C110101"", ""C110201""]"
C100201,double_distinct_flip,"[1, 4]",[],0,1,False,single_geometry_conditional,7,2,"[true, true, false, false, false, false, true]","[""C110001""]"
C100201,double_distinct_flip,"[1, 4]",[],1,7,False,multiple_candidates,1,0,"[null, null, false, null, null, null, null]","[""C010001"", ""C100001"", ""C110000"", ""C110001"", ""C110011"", ""C110101"", ""C110201""]"
C100201,double_distinct_flip,"[1, 5]",[],0,1,False,single_geometry_conditional,7,2,"[true, true, false, false, true, true, true]","[""C110211""]"
C100201,double_distinct_flip,"[1, 5]",[],1,6,False,multiple_candidates,2,0,"[null, null, false, false, null, null, null]","[""C010211"", ""C100211"", ""C110011"", ""C110201"", ""C110210"", ""C110211""]"
C100201,double_distinct_flip,"[1, 6]",[],0,1,False,single_geometry_conditional,7,2,"[true, true, false, false, true, false, false]","[""C110200""]"
C100201,double_distinct_flip,"[1, 6]",[],1,6,False,multiple_candidates,2,0,"[null, null, false, false, null, null, null]","[""C010200"", ""C100200"", ""C110000"", ""C110200"", ""C110201"", ""C110210""]"
C100201,double_distinct_flip,"[2, 3]",[],0,0,False,no_feasible_candidate,0,0,"[null, null, null, null, null, null, null]",[]
C100201,double_distinct_flip,"[2, 3]",[],1,2,False,multiple_candidates,5,1,"[true, false, true, null, null, false, true]","[""C101101"", ""C101201""]"
C100201,double_distinct_flip,"[2, 4]",[],0,1,False,compatibility_unresolved,7,2,"[true, false, true, false, false, false, true]","[""C101001""]"
C100201,double_distinct_flip,"[2, 4]",[],1,7,False,multiple_candidates,1,0,"[null, false, null, null, null, null, null]","[""C001001"", ""C100001"", ""C101000"", ""C101001"", ""C101011"", ""C101101"", ""C101201""]"
C100201,double_distinct_flip,"[2, 5]",[],0,1,False,compatibility_unresolved,7,2,"[true, false, true, false, true, true, true]","[""C101211""]"
C100201,double_distinct_flip,"[2, 5]",[],1,6,False,multiple_candidates,2,0,"[null, false, null, false, null, null, null]","[""C001211"", ""C100211"", ""C101011"", ""C101201"", ""C101210"", ""C101211""]"
C100201,double_distinct_flip,"[2, 6]",[],0,1,False,single_geometry_conditional,7,2,"[true, false, true, false, true, false, false]","[""C101200""]"
C100201,double_distinct_flip,"[2, 6]",[],1,6,False,multiple_candidates,2,0,"[null, false, null, false, null, null, null]","[""C001200"", ""C100200"", ""C101000"", ""C101200"", ""C101201"", ""C101210""]"
C100201,double_distinct_flip,"[3, 4]",[],0,1,False,single_geometry_conditional,7,2,"[true, false, false, true, false, false, true]","[""C100101""]"
C100201,double_distinct_flip,"[3, 4]",[],1,6,False,multiple_candidates,2,1,"[null, null, null, null, false, false, null]","[""C000101"", ""C100001"", ""C100100"", ""C100101"", ""C101101"", ""C110101""]"
C100201,double_distinct_flip,"[3, 5]",[],0,0,False,no_feasible_candidate,0,0,"[null, null, null, null, null, null, null]",[]
C100201,double_distinct_flip,"[3, 5]",[],1,1,False,single_geometry_conditional,7,1,"[true, false, false, false, true, true, true]","[""C100211""]"
C100201,double_distinct_flip,"[3, 6]",[],0,0,False,no_feasible_candidate,0,0,"[null, null, null, null, null, null, null]",[]
C100201,double_distinct_flip,"[3, 6]",[],1,2,False,multiple_candidates,5,1,"[true, false, false, null, null, false, false]","[""C100100"", ""C100200""]"
C100201,double_distinct_flip,"[4, 5]",[],0,1,False,single_geometry_conditional,7,2,"[true, false, false, false, false, true, true]","[""C100011""]"
C100201,double_distinct_flip,"[4, 5]",[],1,7,False,multiple_candidates,1,0,"[null, null, null, false, null, null, null]","[""C000011"", ""C100001"", ""C100010"", ""C100011"", ""C100211"", ""C101011"", ""C110011""]"
C100201,double_distinct_flip,"[4, 6]",[],0,1,False,single_geometry_conditional,7,2,"[true, false, false, false, false, false, false]","[""C100000""]"
C100201,double_distinct_flip,"[4, 6]",[],1,8,False,multiple_candidates,0,0,"[null, null, null, null, null, null, null]","[""C000000"", ""C100000"", ""C100001"", ""C100010"", ""C100100"", ""C100200"", ""C101000"", ""C110000""]"
C100201,double_distinct_flip,"[5, 6]",[],0,1,False,single_geometry_conditional,7,2,"[true, false, false, false, true, true, false]","[""C100210""]"
C100201,double_distinct_flip,"[5, 6]",[],1,7,False,multiple_candidates,1,0,"[null, null, null, false, null, null, null]","[""C000210"", ""C100010"", ""C100200"", ""C100210"", ""C100211"", ""C101210"", ""C110210""]"
C100210,clean,[],[],0,1,True,single_geometry_conditional,7,0,"[true, false, false, false, true, true, false]","[""C100210""]"
C100210,clean,[],[],1,7,True,multiple_candidates,1,0,"[null, null, null, false, null, null, null]","[""C000210"", ""C100010"", ""C100200"", ""C100210"", ""C100211"", ""C101210"", ""C110210""]"
C100210,single_flip,[0],[],0,1,False,single_geometry_conditional,7,1,"[false, false, false, false, true, true, false]","[""C000210""]"
C100210,single_flip,[0],[],1,7,True,multiple_candidates,1,0,"[null, null, null, false, null, null, null]","[""C000010"", ""C000200"", ""C000210"", ""C000211"", ""C001210"", ""C010210"", ""C100210""]"
C100210,single_flip,[1],[],0,1,False,single_geometry_conditional,7,1,"[true, true, false, false, true, true, false]","[""C110210""]"
C100210,single_flip,[1],[],1,6,True,multiple_candidates,2,0,"[null, null, false, false, null, null, null]","[""C010210"", ""C100210"", ""C110010"", ""C110200"", ""C110210"", ""C110211""]"
C100210,single_flip,[2],[],0,1,False,single_geometry_conditional,7,1,"[true, false, true, false, true, true, false]","[""C101210""]"
C100210,single_flip,[2],[],1,6,True,multiple_candidates,2,0,"[null, false, null, false, null, null, null]","[""C001210"", ""C100210"", ""C101010"", ""C101200"", ""C101210"", ""C101211""]"
C100210,single_flip,[3],[],0,0,False,no_feasible_candidate,0,0,"[null, null, null, null, null, null, null]",[]
C100210,single_flip,[3],[],1,1,True,single_geometry_conditional,7,0,"[true, false, false, false, true, true, false]","[""C100210""]"
C100210,single_flip,[4],[],0,1,False,single_geometry_conditional,7,1,"[true, false, false, false, false, true, false]","[""C100010""]"
C100210,single_flip,[4],[],1,7,True,multiple_candidates,1,0,"[null, null, null, false, null, null, null]","[""C000010"", ""C100000"", ""C100010"", ""C100011"", ""C100210"", ""C101010"", ""C110010""]"
C100210,single_flip,[5],[],0,1,False,single_geometry_conditional,7,1,"[true, false, false, false, true, false, false]","[""C100200""]"
C100210,single_flip,[5],[],1,7,True,multiple_candidates,1,0,"[null, null, null, false, null, null, null]","[""C000200"", ""C100000"", ""C100200"", ""C100201"", ""C100210"", ""C101200"", ""C110200""]"
C100210,single_flip,[6],[],0,1,False,single_geometry_conditional,7,1,"[true, false, false, false, true, true, true]","[""C100211""]"
C100210,single_flip,[6],[],1,7,True,multiple_candidates,1,0,"[null, null, null, false, null, null, null]","[""C000211"", ""C100011"", ""C100201"", ""C100210"", ""C100211"", ""C101211"", ""C110211""]"
C100210,single_missing,[],[0],0,2,True,multiple_candidates,6,0,"[null, false, false, false, true, true, false]","[""C000210"", ""C100210""]"
C100210,single_missing,[],[0],1,12,True,multiple_candidates,1,0,"[null, null, null, false, null, null, null]","[""C000010"", ""C000200"", ""C000210"", ""C000211"", ""C001210"", ""C010210"", ""C100010"", ""C100200"", ""C100210"", ""C100211"", ""C101210"", ""C110210""]"
C100210,single_missing,[],[1],0,2,True,multiple_candidates,6,0,"[true, null, false, false, true, true, false]","[""C100210"", ""C110210""]"
C100210,single_missing,[],[1],1,11,True,multiple_candidates,1,0,"[null, null, null, false, null, null, null]","[""C000210"", ""C010210"", ""C100010"", ""C100200"", ""C100210"", ""C100211"", ""C101210"", ""C110010"", ""C110200"", ""C110210"", ""C110211""]"
C100210,single_missing,[],[2],0,2,True,multiple_candidates,6,0,"[true, false, null, false, true, true, false]","[""C100210"", ""C101210""]"
C100210,single_missing,[],[2],1,11,True,multiple_candidates,1,0,"[null, null, null, false, null, null, null]","[""C000210"", ""C001210"", ""C100010"", ""C100200"", ""C100210"", ""C100211"", ""C101010"", ""C101200"", ""C101210"", ""C101211"", ""C110210""]"
C100210,single_missing,[],[3],0,1,True,single_geometry_conditional,7,0,"[true, false, false, false, true, true, false]","[""C100210""]"
C100210,single_missing,[],[3],1,7,True,multiple_candidates,1,0,"[null, null, null, false, null, null, null]","[""C000210"", ""C100010"", ""C100200"", ""C100210"", ""C100211"", ""C101210"", ""C110210""]"
C100210,single_missing,[],[4],0,2,True,multiple_candidates,6,0,"[true, false, false, false, null, true, false]","[""C100010"", ""C100210""]"
C100210,single_missing,[],[4],1,12,True,multiple_candidates,1,0,"[null, null, null, false, null, null, null]","[""C000010"", ""C000210"", ""C100000"", ""C100010"", ""C100011"", ""C100200"", ""C100210"", ""C100211"", ""C101010"", ""C101210"", ""C110010"", ""C110210""]"
C100210,single_missing,[],[5],0,2,True,multiple_candidates,6,0,"[true, false, false, false, true, null, false]","[""C100200"", ""C100210""]"
C100210,single_missing,[],[5],1,12,True,multiple_candidates,1,0,"[null, null, null, false, null, null, null]","[""C000200"", ""C000210"", ""C100000"", ""C100010"", ""C100200"", ""C100201"", ""C100210"", ""C100211"", ""C101200"", ""C101210"", ""C110200"", ""C110210""]"
C100210,single_missing,[],[6],0,2,True,multiple_candidates,6,0,"[true, false, false, false, true, true, null]","[""C100210"", ""C100211""]"
C100210,single_missing,[],[6],1,12,True,multiple_candidates,1,0,"[null, null, null, false, null, null, null]","[""C000210"", ""C000211"", ""C100010"", ""C100011"", ""C100200"", ""C100201"", ""C100210"", ""C100211"", ""C101210"", ""C101211"", ""C110210"", ""C110211""]"
C100210,double_distinct_flip,"[0, 1]",[],0,1,False,single_geometry_conditional,7,2,"[false, true, false, false, true, true, false]","[""C010210""]"
C100210,double_distinct_flip,"[0, 1]",[],1,7,False,multiple_candidates,1,0,"[null, null, null, false, null, null, null]","[""C000210"", ""C010010"", ""C010200"", ""C010210"", ""C010211"", ""C011210"", ""C110210""]"
C100210,double_distinct_flip,"[0, 2]",[],0,1,False,single_geometry_conditional,7,2,"[false, false, true, false, true, true, false]","[""C001210""]"
C100210,double_distinct_flip,"[0, 2]",[],1,7,False,multiple_candidates,1,0,"[null, null, null, false, null, null, null]","[""C000210"", ""C001010"", ""C001200"", ""C001210"", ""C001211"", ""C011210"", ""C101210""]"
C100210,double_distinct_flip,"[0, 3]",[],0,0,False,no_feasible_candidate,0,0,"[null, null, null, null, null, null, null]",[]
C100210,double_distinct_flip,"[0, 3]",[],1,1,False,single_geometry_conditional,7,1,"[false, false, false, false, true, true, false]","[""C000210""]"
C100210,double_distinct_flip,"[0, 4]",[],0,1,False,single_geometry_conditional,7,2,"[false, false, false, false, false, true, false]","[""C000010""]"
C100210,double_distinct_flip,"[0, 4]",[],1,7,False,multiple_candidates,1,0,"[null, null, null, false, null, null, null]","[""C000000"", ""C000010"", ""C000011"", ""C000210"", ""C001010"", ""C010010"", ""C100010""]"
C100210,double_distinct_flip,"[0, 5]",[],0,1,False,single_geometry_conditional,7,2,"[false, false, false, false, true, false, false]","[""C000200""]"
C100210,double_distinct_flip,"[0, 5]",[],1,7,False,multiple_candidates,1,0,"[null, null, null, false, null, null, null]","[""C000000"", ""C000200"", ""C000201"", ""C000210"", ""C001200"", ""C010200"", ""C100200""]"
C100210,double_distinct_flip,"[0, 6]",[],0,1,False,single_geometry_conditional,7,2,"[false, false, false, false, true, true, true]","[""C000211""]"
C100210,double_distinct_flip,"[0, 6]",[],1,7,False,multiple_candidates,1,0,"[null, null, null, false, null, null, null]","[""C000011"", ""C000201"", ""C000210"", ""C000211"", ""C001211"", ""C010211"", ""C100211""]"
C100210,double_distinct_flip,"[1, 2]",[],0,0,False,no_feasible_candidate,0,0,"[null, null, null, null, null, null, null]",[]
C100210,double_distinct_flip,"[1, 2]",[],1,3,False,multiple_candidates,4,0,"[null, null, null, false, true, true, false]","[""C011210"", ""C101210"", ""C110210""]"
C100210,double_distinct_flip,"[1, 3]",[],0,0,False,no_feasible_candidate,0,0,"[null, null, null, null, null, null, null]",[]
C100210,double_distinct_flip,"[1, 3]",[],1,1,False,single_geometry_conditional,7,1,"[true, true, false, false, true, true, false]","[""C110210""]"
C100210,double_distinct_flip,"[1, 4]",[],0,1,False,single_geometry_conditional,7,2,"[true, true, false, false, false, true, false]","[""C110010""]"
C100210,double_distinct_flip,"[1, 4]",[],1,6,False,multiple_candidates,2,0,"[null, null, false, false, null, null, null]","[""C010010"", ""C100010"", ""C110000"", ""C110010"", ""C110011"", ""C110210""]"
C100210,double_distinct_flip,"[1, 5]",[],0,1,False,single_geometry_conditional,7,2,"[true, true, false, false, true, false, false]","[""C110200""]"
C100210,double_distinct_flip,"[1, 5]",[],1,6,False,multiple_candidates,2,0,"[null, null, false, false, null, null, null]","[""C010200"", ""C100200"", ""C110000"", ""C110200"", ""C110201"", ""C110210""]"
C100210,double_distinct_flip,"[1, 6]",[],0,1,False,single_geometry_conditional,7,2,"[true, true, false, false, true, true, true]","[""C110211""]"
C100210,double_distinct_flip,"[1, 6]",[],1,6,False,multiple_candidates,2,0,"[null, null, false, false, null, null, null]","[""C010211"", ""C100211"", ""C110011"", ""C110201"", ""C110210"", ""C110211""]"
C100210,double_distinct_flip,"[2, 3]",[],0,0,False,no_feasible_candidate,0,0,"[null, null, null, null, null, null, null]",[]
C100210,double_distinct_flip,"[2, 3]",[],1,1,False,single_geometry_conditional,7,1,"[true, false, true, false, true, true, false]","[""C101210""]"
C100210,double_distinct_flip,"[2, 4]",[],0,1,False,single_geometry_conditional,7,2,"[true, false, true, false, false, true, false]","[""C101010""]"
C100210,double_distinct_flip,"[2, 4]",[],1,6,False,multiple_candidates,2,0,"[null, false, null, false, null, null, null]","[""C001010"", ""C100010"", ""C101000"", ""C101010"", ""C101011"", ""C101210""]"
C100210,double_distinct_flip,"[2, 5]",[],0,1,False,single_geometry_conditional,7,2,"[true, false, true, false, true, false, false]","[""C101200""]"
C100210,double_distinct_flip,"[2, 5]",[],1,6,False,multiple_candidates,2,0,"[null, false, null, false, null, null, null]","[""C001200"", ""C100200"", ""C101000"", ""C101200"", ""C101201"", ""C101210""]"
C100210,double_distinct_flip,"[2, 6]",[],0,1,False,compatibility_unresolved,7,2,"[true, false, true, false, true, true, true]","[""C101211""]"
C100210,double_distinct_flip,"[2, 6]",[],1,6,False,multiple_candidates,2,0,"[null, false, null, false, null, null, null]","[""C001211"", ""C100211"", ""C101011"", ""C101201"", ""C101210"", ""C101211""]"
C100210,double_distinct_flip,"[3, 4]",[],0,0,False,no_feasible_candidate,0,0,"[null, null, null, null, null, null, null]",[]
C100210,double_distinct_flip,"[3, 4]",[],1,2,False,multiple_candidates,5,1,"[true, false, false, null, false, null, false]","[""C100010"", ""C100100""]"
C100210,double_distinct_flip,"[3, 5]",[],0,0,False,no_feasible_candidate,0,0,"[null, null, null, null, null, null, null]",[]
C100210,double_distinct_flip,"[3, 5]",[],1,2,False,multiple_candidates,5,1,"[true, false, false, null, null, false, false]","[""C100100"", ""C100200""]"
C100210,double_distinct_flip,"[3, 6]",[],0,0,False,no_feasible_candidate,0,0,"[null, null, null, null, null, null, null]",[]
C100210,double_distinct_flip,"[3, 6]",[],1,1,False,single_geometry_conditional,7,1,"[true, false, false, false, true, true, true]","[""C100211""]"
C100210,double_distinct_flip,"[4, 5]",[],0,1,False,single_geometry_conditional,7,2,"[true, false, false, false, false, false, false]","[""C100000""]"
C100210,double_distinct_flip,"[4, 5]",[],1,8,False,multiple_candidates,0,0,"[null, null, null, null, null, null, null]","[""C000000"", ""C100000"", ""C100001"", ""C100010"", ""C100100"", ""C100200"", ""C101000"", ""C110000""]"
C100210,double_distinct_flip,"[4, 6]",[],0,1,False,single_geometry_conditional,7,2,"[true, false, false, false, false, true, true]","[""C100011""]"
C100210,double_distinct_flip,"[4, 6]",[],1,7,False,multiple_candidates,1,0,"[null, null, null, false, null, null, null]","[""C000011"", ""C100001"", ""C100010"", ""C100011"", ""C100211"", ""C101011"", ""C110011""]"
C100210,double_distinct_flip,"[5, 6]",[],0,1,False,single_geometry_conditional,7,2,"[true, false, false, false, true, false, true]","[""C100201""]"
C100210,double_distinct_flip,"[5, 6]",[],1,7,False,multiple_candidates,1,0,"[null, null, null, false, null, null, null]","[""C000201"", ""C100001"", ""C100200"", ""C100201"", ""C100211"", ""C101201"", ""C110201""]"
C100211,clean,[],[],0,1,True,single_geometry_conditional,7,0,"[true, false, false, false, true, true, true]","[""C100211""]"
C100211,clean,[],[],1,7,True,multiple_candidates,1,0,"[null, null, null, false, null, null, null]","[""C000211"", ""C100011"", ""C100201"", ""C100210"", ""C100211"", ""C101211"", ""C110211""]"
C100211,single_flip,[0],[],0,1,False,single_geometry_conditional,7,1,"[false, false, false, false, true, true, true]","[""C000211""]"
C100211,single_flip,[0],[],1,7,True,multiple_candidates,1,0,"[null, null, null, false, null, null, null]","[""C000011"", ""C000201"", ""C000210"", ""C000211"", ""C001211"", ""C010211"", ""C100211""]"
C100211,single_flip,[1],[],0,1,False,single_geometry_conditional,7,1,"[true, true, false, false, true, true, true]","[""C110211""]"
C100211,single_flip,[1],[],1,6,True,multiple_candidates,2,0,"[null, null, false, false, null, null, null]","[""C010211"", ""C100211"", ""C110011"", ""C110201"", ""C110210"", ""C110211""]"
C100211,single_flip,[2],[],0,1,False,compatibility_unresolved,7,1,"[true, false, true, false, true, true, true]","[""C101211""]"
C100211,single_flip,[2],[],1,6,True,multiple_candidates,2,0,"[null, false, null, false, null, null, null]","[""C001211"", ""C100211"", ""C101011"", ""C101201"", ""C101210"", ""C101211""]"
C100211,single_flip,[3],[],0,0,False,no_feasible_candidate,0,0,"[null, null, null, null, null, null, null]",[]
C100211,single_flip,[3],[],1,1,True,single_geometry_conditional,7,0,"[true, false, false, false, true, true, true]","[""C100211""]"
C100211,single_flip,[4],[],0,1,False,single_geometry_conditional,7,1,"[true, false, false, false, false, true, true]","[""C100011""]"
C100211,single_flip,[4],[],1,7,True,multiple_candidates,1,0,"[null, null, null, false, null, null, null]","[""C000011"", ""C100001"", ""C100010"", ""C100011"", ""C100211"", ""C101011"", ""C110011""]"
C100211,single_flip,[5],[],0,1,False,single_geometry_conditional,7,1,"[true, false, false, false, true, false, true]","[""C100201""]"
C100211,single_flip,[5],[],1,7,True,multiple_candidates,1,0,"[null, null, null, false, null, null, null]","[""C000201"", ""C100001"", ""C100200"", ""C100201"", ""C100211"", ""C101201"", ""C110201""]"
C100211,single_flip,[6],[],0,1,False,single_geometry_conditional,7,1,"[true, false, false, false, true, true, false]","[""C100210""]"
C100211,single_flip,[6],[],1,7,True,multiple_candidates,1,0,"[null, null, null, false, null, null, null]","[""C000210"", ""C100010"", ""C100200"", ""C100210"", ""C100211"", ""C101210"", ""C110210""]"
C100211,single_missing,[],[0],0,2,True,multiple_candidates,6,0,"[null, false, false, false, true, true, true]","[""C000211"", ""C100211""]"
C100211,single_missing,[],[0],1,12,True,multiple_candidates,1,0,"[null, null, null, false, null, null, null]","[""C000011"", ""C000201"", ""C000210"", ""C000211"", ""C001211"", ""C010211"", ""C100011"", ""C100201"", ""C100210"", ""C100211"", ""C101211"", ""C110211""]"
C100211,single_missing,[],[1],0,2,True,multiple_candidates,6,0,"[true, null, false, false, true, true, true]","[""C100211"", ""C110211""]"
C100211,single_missing,[],[1],1,11,True,multiple_candidates,1,0,"[null, null, null, false, null, null, null]","[""C000211"", ""C010211"", ""C100011"", ""C100201"", ""C100210"", ""C100211"", ""C101211"", ""C110011"", ""C110201"", ""C110210"", ""C110211""]"
C100211,single_missing,[],[2],0,2,True,multiple_candidates,6,0,"[true, false, null, false, true, true, true]","[""C100211"", ""C101211""]"
C100211,single_missing,[],[2],1,11,True,multiple_candidates,1,0,"[null, null, null, false, null, null, null]","[""C000211"", ""C001211"", ""C100011"", ""C100201"", ""C100210"", ""C100211"", ""C101011"", ""C101201"", ""C101210"", ""C101211"", ""C110211""]"
C100211,single_missing,[],[3],0,1,True,single_geometry_conditional,7,0,"[true, false, false, false, true, true, true]","[""C100211""]"
C100211,single_missing,[],[3],1,7,True,multiple_candidates,1,0,"[null, null, null, false, null, null, null]","[""C000211"", ""C100011"", ""C100201"", ""C100210"", ""C100211"", ""C101211"", ""C110211""]"
C100211,single_missing,[],[4],0,2,True,multiple_candidates,6,0,"[true, false, false, false, null, true, true]","[""C100011"", ""C100211""]"
C100211,single_missing,[],[4],1,12,True,multiple_candidates,1,0,"[null, null, null, false, null, null, null]","[""C000011"", ""C000211"", ""C100001"", ""C100010"", ""C100011"", ""C100201"", ""C100210"", ""C100211"", ""C101011"", ""C101211"", ""C110011"", ""C110211""]"
C100211,single_missing,[],[5],0,2,True,multiple_candidates,6,0,"[true, false, false, false, true, null, true]","[""C100201"", ""C100211""]"
C100211,single_missing,[],[5],1,12,True,multiple_candidates,1,0,"[null, null, null, false, null, null, null]","[""C000201"", ""C000211"", ""C100001"", ""C100011"", ""C100200"", ""C100201"", ""C100210"", ""C100211"", ""C101201"", ""C101211"", ""C110201"", ""C110211""]"
C100211,single_missing,[],[6],0,2,True,multiple_candidates,6,0,"[true, false, false, false, true, true, null]","[""C100210"", ""C100211""]"
C100211,single_missing,[],[6],1,12,True,multiple_candidates,1,0,"[null, null, null, false, null, null, null]","[""C000210"", ""C000211"", ""C100010"", ""C100011"", ""C100200"", ""C100201"", ""C100210"", ""C100211"", ""C101210"", ""C101211"", ""C110210"", ""C110211""]"
C100211,double_distinct_flip,"[0, 1]",[],0,1,False,single_geometry_conditional,7,2,"[false, true, false, false, true, true, true]","[""C010211""]"
C100211,double_distinct_flip,"[0, 1]",[],1,7,False,multiple_candidates,1,0,"[null, null, null, false, null, null, null]","[""C000211"", ""C010011"", ""C010201"", ""C010210"", ""C010211"", ""C011211"", ""C110211""]"
C100211,double_distinct_flip,"[0, 2]",[],0,1,False,compatibility_unresolved,7,2,"[false, false, true, false, true, true, true]","[""C001211""]"
C100211,double_distinct_flip,"[0, 2]",[],1,7,False,multiple_candidates,1,0,"[null, null, null, false, null, null, null]","[""C000211"", ""C001011"", ""C001201"", ""C001210"", ""C001211"", ""C011211"", ""C101211""]"
C100211,double_distinct_flip,"[0, 3]",[],0,0,False,no_feasible_candidate,0,0,"[null, null, null, null, null, null, null]",[]
C100211,double_distinct_flip,"[0, 3]",[],1,1,False,single_geometry_conditional,7,1,"[false, false, false, false, true, true, true]","[""C000211""]"
C100211,double_distinct_flip,"[0, 4]",[],0,1,False,single_geometry_conditional,7,2,"[false, false, false, false, false, true, true]","[""C000011""]"
C100211,double_distinct_flip,"[0, 4]",[],1,7,False,multiple_candidates,1,0,"[null, null, null, false, null, null, null]","[""C000001"", ""C000010"", ""C000011"", ""C000211"", ""C001011"", ""C010011"", ""C100011""]"
C100211,double_distinct_flip,"[0, 5]",[],0,1,False,single_geometry_conditional,7,2,"[false, false, false, false, true, false, true]","[""C000201""]"
C100211,double_distinct_flip,"[0, 5]",[],1,7,False,multiple_candidates,1,0,"[null, null, null, false, null, null, null]","[""C000001"", ""C000200"", ""C000201"", ""C000211"", ""C001201"", ""C010201"", ""C100201""]"
C100211,double_distinct_flip,"[0, 6]",[],0,1,False,single_geometry_conditional,7,2,"[false, false, false, false, true, true, false]","[""C000210""]"
C100211,double_distinct_flip,"[0, 6]",[],1,7,False,multiple_candidates,1,0,"[null, null, null, false, null, null, null]","[""C000010"", ""C000200"", ""C000210"", ""C000211"", ""C001210"", ""C010210"", ""C100210""]"
C100211,double_distinct_flip,"[1, 2]",[],0,0,False,no_feasible_candidate,0,0,"[null, null, null, null, null, null, null]",[]
C100211,double_distinct_flip,"[1, 2]",[],1,3,False,multiple_candidates,4,0,"[null, null, null, false, true, true, true]","[""C011211"", ""C101211"", ""C110211""]"
C100211,double_distinct_flip,"[1, 3]",[],0,0,False,no_feasible_candidate,0,0,"[null, null, null, null, null, null, null]",[]
C100211,double_distinct_flip,"[1, 3]",[],1,1,False,single_geometry_conditional,7,1,"[true, true, false, false, true, true, true]","[""C110211""]"
C100211,double_distinct_flip,"[1, 4]",[],0,1,False,single_geometry_conditional,7,2,"[true, true, false, false, false, true, true]","[""C110011""]"
C100211,double_distinct_flip,"[1, 4]",[],1,6,False,multiple_candidates,2,0,"[null, null, false, false, null, null, null]","[""C010011"", ""C100011"", ""C110001"", ""C110010"", ""C110011"", ""C110211""]"
C100211,double_distinct_flip,"[1, 5]",[],0,1,False,single_geometry_conditional,7,2,"[true, true, false, false, true, false, true]","[""C110201""]"
C100211,double_distinct_flip,"[1, 5]",[],1,6,False,multiple_candidates,2,0,"[null, null, false, false, null, null, null]","[""C010201"", ""C100201"", ""C110001"", ""C110200"", ""C110201"", ""C110211""]"
C100211,double_distinct_flip,"[1, 6]",[],0,1,False,single_geometry_conditional,7,2,"[true, true, false, false, true, true, false]","[""C110210""]"
C100211,double_distinct_flip,"[1, 6]",[],1,6,False,multiple_candidates,2,0,"[null, null, false, false, null, null, null]","[""C010210"", ""C100210"", ""C110010"", ""C110200"", ""C110210"", ""C110211""]"
C100211,double_distinct_flip,"[2, 3]",[],0,0,False,no_feasible_candidate,0,0,"[null, null, null, null, null, null, null]",[]
C100211,double_distinct_flip,"[2, 3]",[],1,1,False,compatibility_unresolved,7,1,"[true, false, true, false, true, true, true]","[""C101211""]"
C100211,double_distinct_flip,"[2, 4]",[],0,1,False,compatibility_unresolved,7,2,"[true, false, true, false, false, true, true]","[""C101011""]"
C100211,double_distinct_flip,"[2, 4]",[],1,6,False,multiple_candidates,2,0,"[null, false, null, false, null, null, null]","[""C001011"", ""C100011"", ""C101001"", ""C101010"", ""C101011"", ""C101211""]"
C100211,double_distinct_flip,"[2, 5]",[],0,1,False,compatibility_unresolved,7,2,"[true, false, true, false, true, false, true]","[""C101201""]"
C100211,double_distinct_flip,"[2, 5]",[],1,6,False,multiple_candidates,2,0,"[null, false, null, false, null, null, null]","[""C001201"", ""C100201"", ""C101001"", ""C101200"", ""C101201"", ""C101211""]"
C100211,double_distinct_flip,"[2, 6]",[],0,1,False,single_geometry_conditional,7,2,"[true, false, true, false, true, true, false]","[""C101210""]"
C100211,double_distinct_flip,"[2, 6]",[],1,6,False,multiple_candidates,2,0,"[null, false, null, false, null, null, null]","[""C001210"", ""C100210"", ""C101010"", ""C101200"", ""C101210"", ""C101211""]"
C100211,double_distinct_flip,"[3, 4]",[],0,0,False,no_feasible_candidate,0,0,"[null, null, null, null, null, null, null]",[]
C100211,double_distinct_flip,"[3, 4]",[],1,2,False,multiple_candidates,5,1,"[true, false, false, null, false, null, true]","[""C100011"", ""C100101""]"
C100211,double_distinct_flip,"[3, 5]",[],0,0,False,no_feasible_candidate,0,0,"[null, null, null, null, null, null, null]",[]
C100211,double_distinct_flip,"[3, 5]",[],1,2,False,multiple_candidates,5,1,"[true, false, false, null, null, false, true]","[""C100101"", ""C100201""]"
C100211,double_distinct_flip,"[3, 6]",[],0,0,False,no_feasible_candidate,0,0,"[null, null, null, null, null, null, null]",[]
C100211,double_distinct_flip,"[3, 6]",[],1,1,False,single_geometry_conditional,7,1,"[true, false, false, false, true, true, false]","[""C100210""]"
C100211,double_distinct_flip,"[4, 5]",[],0,1,False,single_geometry_conditional,7,2,"[true, false, false, false, false, false, true]","[""C100001""]"
C100211,double_distinct_flip,"[4, 5]",[],1,8,False,multiple_candidates,0,0,"[null, null, null, null, null, null, null]","[""C000001"", ""C100000"", ""C100001"", ""C100011"", ""C100101"", ""C100201"", ""C101001"", ""C110001""]"
C100211,double_distinct_flip,"[4, 6]",[],0,1,False,single_geometry_conditional,7,2,"[true, false, false, false, false, true, false]","[""C100010""]"
C100211,double_distinct_flip,"[4, 6]",[],1,7,False,multiple_candidates,1,0,"[null, null, null, false, null, null, null]","[""C000010"", ""C100000"", ""C100010"", ""C100011"", ""C100210"", ""C101010"", ""C110010""]"
C100211,double_distinct_flip,"[5, 6]",[],0,1,False,single_geometry_conditional,7,2,"[true, false, false, false, true, false, false]","[""C100200""]"
C100211,double_distinct_flip,"[5, 6]",[],1,7,False,multiple_candidates,1,0,"[null, null, null, false, null, null, null]","[""C000200"", ""C100000"", ""C100200"", ""C100201"", ""C100210"", ""C101200"", ""C110200""]"
C101000,clean,[],[],0,1,True,single_geometry_conditional,7,0,"[true, false, true, false, false, false, false]","[""C101000""]"
C101000,clean,[],[],1,7,True,multiple_candidates,1,0,"[null, false, null, null, null, null, null]","[""C001000"", ""C100000"", ""C101000"", ""C101001"", ""C101010"", ""C101100"", ""C101200""]"
C101000,single_flip,[0],[],0,1,False,single_geometry_conditional,7,1,"[false, false, true, false, false, false, false]","[""C001000""]"
C101000,single_flip,[0],[],1,8,True,multiple_candidates,0,0,"[null, null, null, null, null, null, null]","[""C000000"", ""C001000"", ""C001001"", ""C001010"", ""C001100"", ""C001200"", ""C011000"", ""C101000""]"
C101000,single_flip,[1],[],0,0,False,no_feasible_candidate,0,0,"[null, null, null, null, null, null, null]",[]
C101000,single_flip,[1],[],1,3,True,multiple_candidates,4,0,"[null, null, null, false, false, false, false]","[""C011000"", ""C101000"", ""C110000""]"
C101000,single_flip,[2],[],0,1,False,single_geometry_conditional,7,1,"[true, false, false, false, false, false, false]","[""C100000""]"
C101000,single_flip,[2],[],1,8,True,multiple_candidates,0,0,"[null, null, null, null, null, null, null]","[""C000000"", ""C100000"", ""C100001"", ""C100010"", ""C100100"", ""C100200"", ""C101000"", ""C110000""]"
C101000,single_flip,[3],[],0,1,False,single_geometry_conditional,7,1,"[true, false, true, true, false, false, false]","[""C101100""]"
C101000,single_flip,[3],[],1,5,True,multiple_candidates,3,0,"[null, false, null, null, false, false, null]","[""C001100"", ""C100100"", ""C101000"", ""C101100"", ""C101101""]"
C101000,single_flip,[4],[],0,1,False,single_geometry_conditional,7,1,"[true, false, true, false, true, false, false]","[""C101200""]"
C101000,single_flip,[4],[],1,6,True,multiple_candidates,2,0,"[null, false, null, false, null, null, null]","[""C001200"", ""C100200"", ""C101000"", ""C101200"", ""C101201"", ""C101210""]"
C101000,single_flip,[5],[],0,1,False,single_geometry_conditional,7,1,"[true, false, true, false, false, true, false]","[""C101010""]"
C101000,single_flip,[5],[],1,6,True,multiple_candidates,2,0,"[null, false, null, false, null, null, null]","[""C001010"", ""C100010"", ""C101000"", ""C101010"", ""C101011"", ""C101210""]"
C101000,single_flip,[6],[],0,1,False,compatibility_unresolved,7,1,"[true, false, true, false, false, false, true]","[""C101001""]"
C101000,single_flip,[6],[],1,7,True,multiple_candidates,1,0,"[null, false, null, null, null, null, null]","[""C001001"", ""C100001"", ""C101000"", ""C101001"", ""C101011"", ""C101101"", ""C101201""]"
C101000,single_missing,[],[0],0,2,True,multiple_candidates,6,0,"[null, false, true, false, false, false, false]","[""C001000"", ""C101000""]"
C101000,single_missing,[],[0],1,13,True,multiple_candidates,0,0,"[null, null, null, null, null, null, null]","[""C000000"", ""C001000"", ""C001001"", ""C001010"", ""C001100"", ""C001200"", ""C011000"", ""C100000"", ""C101000"", ""C101001"", ""C101010"", ""C101100"", ""C101200""]"
C101000,single_missing,[],[1],0,1,True,single_geometry_conditional,7,0,"[true, false, true, false, false, false, false]","[""C101000""]"
C101000,single_missing,[],[1],1,9,True,multiple_candidates,0,0,"[null, null, null, null, null, null, null]","[""C001000"", ""C011000"", ""C100000"", ""C101000"", ""C101001"", ""C101010"", ""C101100"", ""C101200"", ""C110000""]"
C101000,single_missing,[],[2],0,2,True,multiple_candidates,6,0,"[true, false, null, false, false, false, false]","[""C100000"", ""C101000""]"
C101000,single_missing,[],[2],1,13,True,multiple_candidates,0,0,"[null, null, null, null, null, null, null]","[""C000000"", ""C001000"", ""C100000"", ""C100001"", ""C100010"", ""C100100"", ""C100200"", ""C101000"", ""C101001"", ""C101010"", ""C101100"", ""C101200"", ""C110000""]"
C101000,single_missing,[],[3],0,2,True,multiple_candidates,6,0,"[true, false, true, null, false, false, false]","[""C101000"", ""C101100""]"
C101000,single_missing,[],[3],1,10,True,multiple_candidates,1,0,"[null, false, null, null, null, null, null]","[""C001000"", ""C001100"", ""C100000"", ""C100100"", ""C101000"", ""C101001"", ""C101010"", ""C101100"", ""C101101"", ""C101200""]"
C101000,single_missing,[],[4],0,2,True,multiple_candidates,6,0,"[true, false, true, false, null, false, false]","[""C101000"", ""C101200""]"
C101000,single_missing,[],[4],1,11,True,multiple_candidates,1,0,"[null, false, null, null, null, null, null]","[""C001000"", ""C001200"", ""C100000"", ""C100200"", ""C101000"", ""C101001"", ""C101010"", ""C101100"", ""C101200"", ""C101201"", ""C101210""]"
C101000,single_missing,[],[5],0,2,True,multiple_candidates,6,0,"[true, false, true, false, false, null, false]","[""C101000"", ""C101010""]"
C101000,single_missing,[],[5],1,11,True,multiple_candidates,1,0,"[null, false, null, null, null, null, null]","[""C001000"", ""C001010"", ""C100000"", ""C100010"", ""C101000"", ""C101001"", ""C101010"", ""C101011"", ""C101100"", ""C101200"", ""C101210""]"
C101000,single_missing,[],[6],0,2,True,multiple_candidates,6,0,"[true, false, true, false, false, false, null]","[""C101000"", ""C101001""]"
C101000,single_missing,[],[6],1,12,True,multiple_candidates,1,0,"[null, false, null, null, null, null, null]","[""C001000"", ""C001001"", ""C100000"", ""C100001"", ""C101000"", ""C101001"", ""C101010"", ""C101011"", ""C101100"", ""C101101"", ""C101200"", ""C101201""]"
C101000,double_distinct_flip,"[0, 1]",[],0,1,False,single_geometry_conditional,7,2,"[false, true, true, false, false, false, false]","[""C011000""]"
C101000,double_distinct_flip,"[0, 1]",[],1,7,False,multiple_candidates,1,1,"[false, null, null, null, null, null, null]","[""C001000"", ""C010000"", ""C011000"", ""C011001"", ""C011010"", ""C011100"", ""C011200""]"
C101000,double_distinct_flip,"[0, 2]",[],0,1,False,single_geometry_conditional,7,2,"[false, false, false, false, false, false, false]","[""C000000""]"
C101000,double_distinct_flip,"[0, 2]",[],1,8,False,multiple_candidates,0,0,"[null, null, null, null, null, null, null]","[""C000000"", ""C000001"", ""C000010"", ""C000100"", ""C000200"", ""C001000"", ""C010000"", ""C100000""]"
C101000,double_distinct_flip,"[0, 3]",[],0,1,False,single_geometry_conditional,7,2,"[false, false, true, true, false, false, false]","[""C001100""]"
C101000,double_distinct_flip,"[0, 3]",[],1,6,False,multiple_candidates,2,0,"[null, null, null, null, false, false, null]","[""C000100"", ""C001000"", ""C001100"", ""C001101"", ""C011100"", ""C101100""]"
C101000,double_distinct_flip,"[0, 4]",[],0,1,False,single_geometry_conditional,7,2,"[false, false, true, false, true, false, false]","[""C001200""]"
C101000,double_distinct_flip,"[0, 4]",[],1,7,False,multiple_candidates,1,0,"[null, null, null, false, null, null, null]","[""C000200"", ""C001000"", ""C001200"", ""C001201"", ""C001210"", ""C011200"", ""C101200""]"
C101000,double_distinct_flip,"[0, 5]",[],0,1,False,single_geometry_conditional,7,2,"[false, false, true, false, false, true, false]","[""C001010""]"
C101000,double_distinct_flip,"[0, 5]",[],1,7,False,multiple_candidates,1,0,"[null, null, null, false, null, null, null]","[""C000010"", ""C001000"", ""C001010"", ""C001011"", ""C001210"", ""C011010"", ""C101010""]"
C101000,double_distinct_flip,"[0, 6]",[],0,1,False,compatibility_unresolved,7,2,"[false, false, true, false, false, false, true]","[""C001001""]"
C101000,double_distinct_flip,"[0, 6]",[],1,8,False,multiple_candidates,0,0,"[null, null, null, null, null, null, null]","[""C000001"", ""C001000"", ""C001001"", ""C001011"", ""C001101"", ""C001201"", ""C011001"", ""C101001""]"
C101000,double_distinct_flip,"[1, 2]",[],0,1,False,single_geometry_conditional,7,2,"[true, true, false, false, false, false, false]","[""C110000""]"
C101000,double_distinct_flip,"[1, 2]",[],1,7,False,multiple_candidates,1,1,"[null, null, false, null, null, null, null]","[""C010000"", ""C100000"", ""C110000"", ""C110001"", ""C110010"", ""C110100"", ""C110200""]"
C101000,double_distinct_flip,"[1, 3]",[],0,0,False,no_feasible_candidate,0,0,"[null, null, null, null, null, null, null]",[]
C101000,double_distinct_flip,"[1, 3]",[],1,3,False,multiple_candidates,4,1,"[null, null, null, true, false, false, false]","[""C011100"", ""C101100"", ""C110100""]"
C101000,double_distinct_flip,"[1, 4]",[],0,0,False,no_feasible_candidate,0,0,"[null, null, null, null, null, null, null]",[]
C101000,double_distinct_flip,"[1, 4]",[],1,3,False,multiple_candidates,4,1,"[null, null, null, false, true, false, false]","[""C011200"", ""C101200"", ""C110200""]"
C101000,double_distinct_flip,"[1, 5]",[],0,0,False,no_feasible_candidate,0,0,"[null, null, null, null, null, null, null]",[]
C101000,double_distinct_flip,"[1, 5]",[],1,3,False,multiple_candidates,4,1,"[null, null, null, false, false, true, false]","[""C011010"", ""C101010"", ""C110010""]"
C101000,double_distinct_flip,"[1, 6]",[],0,0,False,no_feasible_candidate,0,0,"[null, null, null, null, null, null, null]",[]
C101000,double_distinct_flip,"[1, 6]",[],1,3,False,multiple_candidates,4,1,"[null, null, null, false, false, false, true]","[""C011001"", ""C101001"", ""C110001""]"
C101000,double_distinct_flip,"[2, 3]",[],0,1,False,single_geometry_conditional,7,2,"[true, false, false, true, false, false, false]","[""C100100""]"
C101000,double_distinct_flip,"[2, 3]",[],1,6,False,multiple_candidates,2,0,"[null, null, null, null, false, false, null]","[""C000100"", ""C100000"", ""C100100"", ""C100101"", ""C101100"", ""C110100""]"
C101000,double_distinct_flip,"[2, 4]",[],0,1,False,single_geometry_conditional,7,2,"[true, false, false, false, true, false, false]","[""C100200""]"
C101000,double_distinct_flip,"[2, 4]",[],1,7,False,multiple_candidates,1,0,"[null, null, null, false, null, null, null]","[""C000200"", ""C100000"", ""C100200"", ""C100201"", ""C100210"", ""C101200"", ""C110200""]"
C101000,double_distinct_flip,"[2, 5]",[],0,1,False,single_geometry_conditional,7,2,"[true, false, false, false, false, true, false]","[""C100010""]"
C101000,double_distinct_flip,"[2, 5]",[],1,7,False,multiple_candidates,1,0,"[null, null, null, false, null, null, null]","[""C000010"", ""C100000"", ""C100010"", ""C100011"", ""C100210"", ""C101010"", ""C110010""]"
C101000,double_distinct_flip,"[2, 6]",[],0,1,False,single_geometry_conditional,7,2,"[true, false, false, false, false, false, true]","[""C100001""]"
C101000,double_distinct_flip,"[2, 6]",[],1,8,False,multiple_candidates,0,0,"[null, null, null, null, null, null, null]","[""C000001"", ""C100000"", ""C100001"", ""C100011"", ""C100101"", ""C100201"", ""C101001"", ""C110001""]"
C101000,double_distinct_flip,"[3, 4]",[],0,0,False,no_feasible_candidate,0,0,"[null, null, null, null, null, null, null]",[]
C101000,double_distinct_flip,"[3, 4]",[],1,2,False,multiple_candidates,5,0,"[true, false, true, null, null, false, false]","[""C101100"", ""C101200""]"
C101000,double_distinct_flip,"[3, 5]",[],0,0,False,no_feasible_candidate,0,0,"[null, null, null, null, null, null, null]",[]
C101000,double_distinct_flip,"[3, 5]",[],1,2,False,multiple_candidates,5,0,"[true, false, true, null, false, null, false]","[""C101010"", ""C101100""]"
C101000,double_distinct_flip,"[3, 6]",[],0,1,False,compatibility_unresolved,7,2,"[true, false, true, true, false, false, true]","[""C101101""]"
C101000,double_distinct_flip,"[3, 6]",[],1,5,False,multiple_candidates,3,0,"[null, false, null, null, false, false, null]","[""C001101"", ""C100101"", ""C101001"", ""C101100"", ""C101101""]"
C101000,double_distinct_flip,"[4, 5]",[],0,1,False,single_geometry_conditional,7,2,"[true, false, true, false, true, true, false]","[""C101210""]"
C101000,double_distinct_flip,"[4, 5]",[],1,6,False,multiple_candidates,2,0,"[null, false, null, false, null, null, null]","[""C001210"", ""C100210"", ""C101010"", ""C101200"", ""C101210"", ""C101211""]"
C101000,double_distinct_flip,"[4, 6]",[],0,1,False,compatibility_unresolved,7,2,"[true, false, true, false, true, false, true]","[""C101201""]"
C101000,double_distinct_flip,"[4, 6]",[],1,6,False,multiple_candidates,2,0,"[null, false, null, false, null, null, null]","[""C001201"", ""C100201"", ""C101001"", ""C101200"", ""C101201"", ""C101211""]"
C101000,double_distinct_flip,"[5, 6]",[],0,1,False,compatibility_unresolved,7,2,"[true, false, true, false, false, true, true]","[""C101011""]"
C101000,double_distinct_flip,"[5, 6]",[],1,6,False,multiple_candidates,2,0,"[null, false, null, false, null, null, null]","[""C001011"", ""C100011"", ""C101001"", ""C101010"", ""C101011"", ""C101211""]"
C101001,clean,[],[],0,1,True,compatibility_unresolved,7,0,"[true, false, true, false, false, false, true]","[""C101001""]"
C101001,clean,[],[],1,7,True,multiple_candidates,1,0,"[null, false, null, null, null, null, null]","[""C001001"", ""C100001"", ""C101000"", ""C101001"", ""C101011"", ""C101101"", ""C101201""]"
C101001,single_flip,[0],[],0,1,False,compatibility_unresolved,7,1,"[false, false, true, false, false, false, true]","[""C001001""]"
C101001,single_flip,[0],[],1,8,True,multiple_candidates,0,0,"[null, null, null, null, null, null, null]","[""C000001"", ""C001000"", ""C001001"", ""C001011"", ""C001101"", ""C001201"", ""C011001"", ""C101001""]"
C101001,single_flip,[1],[],0,0,False,no_feasible_candidate,0,0,"[null, null, null, null, null, null, null]",[]
C101001,single_flip,[1],[],1,3,True,multiple_candidates,4,0,"[null, null, null, false, false, false, true]","[""C011001"", ""C101001"", ""C110001""]"
C101001,single_flip,[2],[],0,1,False,single_geometry_conditional,7,1,"[true, false, false, false, false, false, true]","[""C100001""]"
C101001,single_flip,[2],[],1,8,True,multiple_candidates,0,0,"[null, null, null, null, null, null, null]","[""C000001"", ""C100000"", ""C100001"", ""C100011"", ""C100101"", ""C100201"", ""C101001"", ""C110001""]"
C101001,single_flip,[3],[],0,1,False,compatibility_unresolved,7,1,"[true, false, true, true, false, false, true]","[""C101101""]"
C101001,single_flip,[3],[],1,5,True,multiple_candidates,3,0,"[null, false, null, null, false, false, null]","[""C001101"", ""C100101"", ""C101001"", ""C101100"", ""C101101""]"
C101001,single_flip,[4],[],0,1,False,compatibility_unresolved,7,1,"[true, false, true, false, true, false, true]","[""C101201""]"
C101001,single_flip,[4],[],1,6,True,multiple_candidates,2,0,"[null, false, null, false, null, null, null]","[""C001201"", ""C100201"", ""C101001"", ""C101200"", ""C101201"", ""C101211""]"
C101001,single_flip,[5],[],0,1,False,compatibility_unresolved,7,1,"[true, false, true, false, false, true, true]","[""C101011""]"
C101001,single_flip,[5],[],1,6,True,multiple_candidates,2,0,"[null, false, null, false, null, null, null]","[""C001011"", ""C100011"", ""C101001"", ""C101010"", ""C101011"", ""C101211""]"
C101001,single_flip,[6],[],0,1,False,single_geometry_conditional,7,1,"[true, false, true, false, false, false, false]","[""C101000""]"
C101001,single_flip,[6],[],1,7,True,multiple_candidates,1,0,"[null, false, null, null, null, null, null]","[""C001000"", ""C100000"", ""C101000"", ""C101001"", ""C101010"", ""C101100"", ""C101200""]"
C101001,single_missing,[],[0],0,2,True,multiple_candidates,6,0,"[null, false, true, false, false, false, true]","[""C001001"", ""C101001""]"
C101001,single_missing,[],[0],1,13,True,multiple_candidates,0,0,"[null, null, null, null, null, null, null]","[""C000001"", ""C001000"", ""C001001"", ""C001011"", ""C001101"", ""C001201"", ""C011001"", ""C100001"", ""C101000"", ""C101001"", ""C101011"", ""C101101"", ""C101201""]"
C101001,single_missing,[],[1],0,1,True,compatibility_unresolved,7,0,"[true, false, true, false, false, false, true]","[""C101001""]"
C101001,single_missing,[],[1],1,9,True,multiple_candidates,0,0,"[null, null, null, null, null, null, null]","[""C001001"", ""C011001"", ""C100001"", ""C101000"", ""C101001"", ""C101011"", ""C101101"", ""C101201"", ""C110001""]"
C101001,single_missing,[],[2],0,2,True,multiple_candidates,6,0,"[true, false, null, false, false, false, true]","[""C100001"", ""C101001""]"
C101001,single_missing,[],[2],1,13,True,multiple_candidates,0,0,"[null, null, null, null, null, null, null]","[""C000001"", ""C001001"", ""C100000"", ""C100001"", ""C100011"", ""C100101"", ""C100201"", ""C101000"", ""C101001"", ""C101011"", ""C101101"", ""C101201"", ""C110001""]"
C101001,single_missing,[],[3],0,2,True,multiple_candidates,6,0,"[true, false, true, null, false, false, true]","[""C101001"", ""C101101""]"
C101001,single_missing,[],[3],1,10,True,multiple_candidates,1,0,"[null, false, null, null, null, null, null]","[""C001001"", ""C001101"", ""C100001"", ""C100101"", ""C101000"", ""C101001"", ""C101011"", ""C101100"", ""C101101"", ""C101201""]"
C101001,single_missing,[],[4],0,2,True,multiple_candidates,6,0,"[true, false, true, false, null, false, true]","[""C101001"", ""C101201""]"
C101001,single_missing,[],[4],1,11,True,multiple_candidates,1,0,"[null, false, null, null, null, null, null]","[""C001001"", ""C001201"", ""C100001"", ""C100201"", ""C101000"", ""C101001"", ""C101011"", ""C101101"", ""C101200"", ""C101201"", ""C101211""]"
C101001,single_missing,[],[5],0,2,True,multiple_candidates,6,0,"[true, false, true, false, false, null, true]","[""C101001"", ""C101011""]"
C101001,single_missing,[],[5],1,11,True,multiple_candidates,1,0,"[null, false, null, null, null, null, null]","[""C001001"", ""C001011"", ""C100001"", ""C100011"", ""C101000"", ""C101001"", ""C101010"", ""C101011"", ""C101101"", ""C101201"", ""C101211""]"
C101001,single_missing,[],[6],0,2,True,multiple_candidates,6,0,"[true, false, true, false, false, false, null]","[""C101000"", ""C101001""]"
C101001,single_missing,[],[6],1,12,True,multiple_candidates,1,0,"[null, false, null, null, null, null, null]","[""C001000"", ""C001001"", ""C100000"", ""C100001"", ""C101000"", ""C101001"", ""C101010"", ""C101011"", ""C101100"", ""C101101"", ""C101200"", ""C101201""]"
C101001,double_distinct_flip,"[0, 1]",[],0,1,False,compatibility_unresolved,7,2,"[false, true, true, false, false, false, true]","[""C011001""]"
C101001,double_distinct_flip,"[0, 1]",[],1,7,False,multiple_candidates,1,1,"[false, null, null, null, null, null, null]","[""C001001"", ""C010001"", ""C011000"", ""C011001"", ""C011011"", ""C011101"", ""C011201""]"
C101001,double_distinct_flip,"[0, 2]",[],0,1,False,single_geometry_conditional,7,2,"[false, false, false, false, false, false, true]","[""C000001""]"
C101001,double_distinct_flip,"[0, 2]",[],1,8,False,multiple_candidates,0,0,"[null, null, null, null, null, null, null]","[""C000000"", ""C000001"", ""C000011"", ""C000101"", ""C000201"", ""C001001"", ""C010001"", ""C100001""]"
C101001,double_distinct_flip,"[0, 3]",[],0,1,False,compatibility_unresolved,7,2,"[false, false, true, true, false, false, true]","[""C001101""]"
C101001,double_distinct_flip,"[0, 3]",[],1,6,False,multiple_candidates,2,0,"[null, null, null, null, false, false, null]","[""C000101"", ""C001001"", ""C001100"", ""C001101"", ""C011101"", ""C101101""]"
C101001,double_distinct_flip,"[0, 4]",[],0,1,False,compatibility_unresolved,7,2,"[false, false, true, false, true, false, true]","[""C001201""]"
C101001,double_distinct_flip,"[0, 4]",[],1,7,False,multiple_candidates,1,0,"[null, null, null, false, null, null, null]","[""C000201"", ""C001001"", ""C001200"", ""C001201"", ""C001211"", ""C011201"", ""C101201""]"
C101001,double_distinct_flip,"[0, 5]",[],0,1,False,compatibility_unresolved,7,2,"[false, false, true, false, false, true, true]","[""C001011""]"
C101001,double_distinct_flip,"[0, 5]",[],1,7,False,multiple_candidates,1,0,"[null, null, null, false, null, null, null]","[""C000011"", ""C001001"", ""C001010"", ""C001011"", ""C001211"", ""C011011"", ""C101011""]"
C101001,double_distinct_flip,"[0, 6]",[],0,1,False,single_geometry_conditional,7,2,"[false, false, true, false, false, false, false]","[""C001000""]"
C101001,double_distinct_flip,"[0, 6]",[],1,8,False,multiple_candidates,0,0,"[null, null, null, null, null, null, null]","[""C000000"", ""C001000"", ""C001001"", ""C001010"", ""C001100"", ""C001200"", ""C011000"", ""C101000""]"
C101001,double_distinct_flip,"[1, 2]",[],0,1,False,single_geometry_conditional,7,2,"[true, true, false, false, false, false, true]","[""C110001""]"
C101001,double_distinct_flip,"[1, 2]",[],1,7,False,multiple_candidates,1,1,"[null, null, false, null, null, null, null]","[""C010001"", ""C100001"", ""C110000"", ""C110001"", ""C110011"", ""C110101"", ""C110201""]"
C101001,double_distinct_flip,"[1, 3]",[],0,0,False,no_feasible_candidate,0,0,"[null, null, null, null, null, null, null]",[]
C101001,double_distinct_flip,"[1, 3]",[],1,3,False,multiple_candidates,4,1,"[null, null, null, true, false, false, true]","[""C011101"", ""C101101"", ""C110101""]"
C101001,double_distinct_flip,"[1, 4]",[],0,0,False,no_feasible_candidate,0,0,"[null, null, null, null, null, null, null]",[]
C101001,double_distinct_flip,"[1, 4]",[],1,3,False,multiple_candidates,4,1,"[null, null, null, false, true, false, true]","[""C011201"", ""C101201"", ""C110201""]"
C101001,double_distinct_flip,"[1, 5]",[],0,0,False,no_feasible_candidate,0,0,"[null, null, null, null, null, null, null]",[]
C101001,double_distinct_flip,"[1, 5]",[],1,3,False,multiple_candidates,4,1,"[null, null, null, false, false, true, true]","[""C011011"", ""C101011"", ""C110011""]"
C101001,double_distinct_flip,"[1, 6]",[],0,0,False,no_feasible_candidate,0,0,"[null, null, null, null, null, null, null]",[]
C101001,double_distinct_flip,"[1, 6]",[],1,3,False,multiple_candidates,4,1,"[null, null, null, false, false, false, false]","[""C011000"", ""C101000"", ""C110000""]"
C101001,double_distinct_flip,"[2, 3]",[],0,1,False,single_geometry_conditional,7,2,"[true, false, false, true, false, false, true]","[""C100101""]"
C101001,double_distinct_flip,"[2, 3]",[],1,6,False,multiple_candidates,2,0,"[null, null, null, null, false, false, null]","[""C000101"", ""C100001"", ""C100100"", ""C100101"", ""C101101"", ""C110101""]"
C101001,double_distinct_flip,"[2, 4]",[],0,1,False,single_geometry_conditional,7,2,"[true, false, false, false, true, false, true]","[""C100201""]"
C101001,double_distinct_flip,"[2, 4]",[],1,7,False,multiple_candidates,1,0,"[null, null, null, false, null, null, null]","[""C000201"", ""C100001"", ""C100200"", ""C100201"", ""C100211"", ""C101201"", ""C110201""]"
C101001,double_distinct_flip,"[2, 5]",[],0,1,False,single_geometry_conditional,7,2,"[true, false, false, false, false, true, true]","[""C100011""]"
C101001,double_distinct_flip,"[2, 5]",[],1,7,False,multiple_candidates,1,0,"[null, null, null, false, null, null, null]","[""C000011"", ""C100001"", ""C100010"", ""C100011"", ""C100211"", ""C101011"", ""C110011""]"
C101001,double_distinct_flip,"[2, 6]",[],0,1,False,single_geometry_conditional,7,2,"[true, false, false, false, false, false, false]","[""C100000""]"
C101001,double_distinct_flip,"[2, 6]",[],1,8,False,multiple_candidates,0,0,"[null, null, null, null, null, null, null]","[""C000000"", ""C100000"", ""C100001"", ""C100010"", ""C100100"", ""C100200"", ""C101000"", ""C110000""]"
C101001,double_distinct_flip,"[3, 4]",[],0,0,False,no_feasible_candidate,0,0,"[null, null, null, null, null, null, null]",[]
C101001,double_distinct_flip,"[3, 4]",[],1,2,False,multiple_candidates,5,0,"[true, false, true, null, null, false, true]","[""C101101"", ""C101201""]"
C101001,double_distinct_flip,"[3, 5]",[],0,0,False,no_feasible_candidate,0,0,"[null, null, null, null, null, null, null]",[]
C101001,double_distinct_flip,"[3, 5]",[],1,2,False,multiple_candidates,5,0,"[true, false, true, null, false, null, true]","[""C101011"", ""C101101""]"
C101001,double_distinct_flip,"[3, 6]",[],0,1,False,single_geometry_conditional,7,2,"[true, false, true, true, false, false, false]","[""C101100""]"
C101001,double_distinct_flip,"[3, 6]",[],1,5,False,multiple_candidates,3,0,"[null, false, null, null, false, false, null]","[""C001100"", ""C100100"", ""C101000"", ""C101100"", ""C101101""]"
C101001,double_distinct_flip,"[4, 5]",[],0,1,False,compatibility_unresolved,7,2,"[true, false, true, false, true, true, true]","[""C101211""]"
C101001,double_distinct_flip,"[4, 5]",[],1,6,False,multiple_candidates,2,0,"[null, false, null, false, null, null, null]","[""C001211"", ""C100211"", ""C101011"", ""C101201"", ""C101210"", ""C101211""]"
C101001,double_distinct_flip,"[4, 6]",[],0,1,False,single_geometry_conditional,7,2,"[true, false, true, false, true, false, false]","[""C101200""]"
C101001,double_distinct_flip,"[4, 6]",[],1,6,False,multiple_candidates,2,0,"[null, false, null, false, null, null, null]","[""C001200"", ""C100200"", ""C101000"", ""C101200"", ""C101201"", ""C101210""]"
C101001,double_distinct_flip,"[5, 6]",[],0,1,False,single_geometry_conditional,7,2,"[true, false, true, false, false, true, false]","[""C101010""]"
C101001,double_distinct_flip,"[5, 6]",[],1,6,False,multiple_candidates,2,0,"[null, false, null, false, null, null, null]","[""C001010"", ""C100010"", ""C101000"", ""C101010"", ""C101011"", ""C101210""]"
C101010,clean,[],[],0,1,True,single_geometry_conditional,7,0,"[true, false, true, false, false, true, false]","[""C101010""]"
C101010,clean,[],[],1,6,True,multiple_candidates,2,0,"[null, false, null, false, null, null, null]","[""C001010"", ""C100010"", ""C101000"", ""C101010"", ""C101011"", ""C101210""]"
C101010,single_flip,[0],[],0,1,False,single_geometry_conditional,7,1,"[false, false, true, false, false, true, false]","[""C001010""]"
C101010,single_flip,[0],[],1,7,True,multiple_candidates,1,0,"[null, null, null, false, null, null, null]","[""C000010"", ""C001000"", ""C001010"", ""C001011"", ""C001210"", ""C011010"", ""C101010""]"
C101010,single_flip,[1],[],0,0,False,no_feasible_candidate,0,0,"[null, null, null, null, null, null, null]",[]
C101010,single_flip,[1],[],1,3,True,multiple_candidates,4,0,"[null, null, null, false, false, true, false]","[""C011010"", ""C101010"", ""C110010""]"
C101010,single_flip,[2],[],0,1,False,single_geometry_conditional,7,1,"[true, false, false, false, false, true, false]","[""C100010""]"
C101010,single_flip,[2],[],1,7,True,multiple_candidates,1,0,"[null, null, null, false, null, null, null]","[""C000010"", ""C100000"", ""C100010"", ""C100011"", ""C100210"", ""C101010"", ""C110010""]"
C101010,single_flip,[3],[],0,0,False,no_feasible_candidate,0,0,"[null, null, null, null, null, null, null]",[]
C101010,single_flip,[3],[],1,2,True,multiple_candidates,5,0,"[true, false, true, null, false, null, false]","[""C101010"", ""C101100""]"
C101010,single_flip,[4],[],0,1,False,single_geometry_conditional,7,1,"[true, false, true, false, true, true, false]","[""C101210""]"
C101010,single_flip,[4],[],1,6,True,multiple_candidates,2,0,"[null, false, null, false, null, null, null]","[""C001210"", ""C100210"", ""C101010"", ""C101200"", ""C101210"", ""C101211""]"
C101010,single_flip,[5],[],0,1,False,single_geometry_conditional,7,1,"[true, false, true, false, false, false, false]","[""C101000""]"
C101010,single_flip,[5],[],1,7,True,multiple_candidates,1,0,"[null, false, null, null, null, null, null]","[""C001000"", ""C100000"", ""C101000"", ""C101001"", ""C101010"", ""C101100"", ""C101200""]"
C101010,single_flip,[6],[],0,1,False,compatibility_unresolved,7,1,"[true, false, true, false, false, true, true]","[""C101011""]"
C101010,single_flip,[6],[],1,6,True,multiple_candidates,2,0,"[null, false, null, false, null, null, null]","[""C001011"", ""C100011"", ""C101001"", ""C101010"", ""C101011"", ""C101211""]"
C101010,single_missing,[],[0],0,2,True,multiple_candidates,6,0,"[null, false, true, false, false, true, false]","[""C001010"", ""C101010""]"
C101010,single_missing,[],[0],1,11,True,multiple_candidates,1,0,"[null, null, null, false, null, null, null]","[""C000010"", ""C001000"", ""C001010"", ""C001011"", ""C001210"", ""C011010"", ""C100010"", ""C101000"", ""C101010"", ""C101011"", ""C101210""]"
C101010,single_missing,[],[1],0,1,True,single_geometry_conditional,7,0,"[true, false, true, false, false, true, false]","[""C101010""]"
C101010,single_missing,[],[1],1,8,True,multiple_candidates,1,0,"[null, null, null, false, null, null, null]","[""C001010"", ""C011010"", ""C100010"", ""C101000"", ""C101010"", ""C101011"", ""C101210"", ""C110010""]"
C101010,single_missing,[],[2],0,2,True,multiple_candidates,6,0,"[true, false, null, false, false, true, false]","[""C100010"", ""C101010""]"
C101010,single_missing,[],[2],1,11,True,multiple_candidates,1,0,"[null, null, null, false, null, null, null]","[""C000010"", ""C001010"", ""C100000"", ""C100010"", ""C100011"", ""C100210"", ""C101000"", ""C101010"", ""C101011"", ""C101210"", ""C110010""]"
C101010,single_missing,[],[3],0,1,True,single_geometry_conditional,7,0,"[true, false, true, false, false, true, false]","[""C101010""]"
C101010,single_missing,[],[3],1,7,True,multiple_candidates,1,0,"[null, false, null, null, null, null, null]","[""C001010"", ""C100010"", ""C101000"", ""C101010"", ""C101011"", ""C101100"", ""C101210""]"
C101010,single_missing,[],[4],0,2,True,multiple_candidates,6,0,"[true, false, true, false, null, true, false]","[""C101010"", ""C101210""]"
C101010,single_missing,[],[4],1,10,True,multiple_candidates,2,0,"[null, false, null, false, null, null, null]","[""C001010"", ""C001210"", ""C100010"", ""C100210"", ""C101000"", ""C101010"", ""C101011"", ""C101200"", ""C101210"", ""C101211""]"
C101010,single_missing,[],[5],0,2,True,multiple_candidates,6,0,"[true, false, true, false, false, null, false]","[""C101000"", ""C101010""]"
C101010,single_missing,[],[5],1,11,True,multiple_candidates,1,0,"[null, false, null, null, null, null, null]","[""C001000"", ""C001010"", ""C100000"", ""C100010"", ""C101000"", ""C101001"", ""C101010"", ""C101011"", ""C101100"", ""C101200"", ""C101210""]"
C101010,single_missing,[],[6],0,2,True,multiple_candidates,6,0,"[true, false, true, false, false, true, null]","[""C101010"", ""C101011""]"
C101010,single_missing,[],[6],1,10,True,multiple_candidates,2,0,"[null, false, null, false, null, null, null]","[""C001010"", ""C001011"", ""C100010"", ""C100011"", ""C101000"", ""C101001"", ""C101010"", ""C101011"", ""C101210"", ""C101211""]"
C101010,double_distinct_flip,"[0, 1]",[],0,1,False,single_geometry_conditional,7,2,"[false, true, true, false, false, true, false]","[""C011010""]"
C101010,double_distinct_flip,"[0, 1]",[],1,6,False,multiple_candidates,2,1,"[false, null, null, false, null, null, null]","[""C001010"", ""C010010"", ""C011000"", ""C011010"", ""C011011"", ""C011210""]"
C101010,double_distinct_flip,"[0, 2]",[],0,1,False,single_geometry_conditional,7,2,"[false, false, false, false, false, true, false]","[""C000010""]"
C101010,double_distinct_flip,"[0, 2]",[],1,7,False,multiple_candidates,1,0,"[null, null, null, false, null, null, null]","[""C000000"", ""C000010"", ""C000011"", ""C000210"", ""C001010"", ""C010010"", ""C100010""]"
C101010,double_distinct_flip,"[0, 3]",[],0,0,False,no_feasible_candidate,0,0,"[null, null, null, null, null, null, null]",[]
C101010,double_distinct_flip,"[0, 3]",[],1,2,False,multiple_candidates,5,1,"[false, false, true, null, false, null, false]","[""C001010"", ""C001100""]"
C101010,double_distinct_flip,"[0, 4]",[],0,1,False,single_geometry_conditional,7,2,"[false, false, true, false, true, true, false]","[""C001210""]"
C101010,double_distinct_flip,"[0, 4]",[],1,7,False,multiple_candidates,1,0,"[null, null, null, false, null, null, null]","[""C000210"", ""C001010"", ""C001200"", ""C001210"", ""C001211"", ""C011210"", ""C101210""]"
C101010,double_distinct_flip,"[0, 5]",[],0,1,False,single_geometry_conditional,7,2,"[false, false, true, false, false, false, false]","[""C001000""]"
C101010,double_distinct_flip,"[0, 5]",[],1,8,False,multiple_candidates,0,0,"[null, null, null, null, null, null, null]","[""C000000"", ""C001000"", ""C001001"", ""C001010"", ""C001100"", ""C001200"", ""C011000"", ""C101000""]"
C101010,double_distinct_flip,"[0, 6]",[],0,1,False,compatibility_unresolved,7,2,"[false, false, true, false, false, true, true]","[""C001011""]"
C101010,double_distinct_flip,"[0, 6]",[],1,7,False,multiple_candidates,1,0,"[null, null, null, false, null, null, null]","[""C000011"", ""C001001"", ""C001010"", ""C001011"", ""C001211"", ""C011011"", ""C101011""]"
C101010,double_distinct_flip,"[1, 2]",[],0,1,False,single_geometry_conditional,7,2,"[true, true, false, false, false, true, false]","[""C110010""]"
C101010,double_distinct_flip,"[1, 2]",[],1,6,False,multiple_candidates,2,1,"[null, null, false, false, null, null, null]","[""C010010"", ""C100010"", ""C110000"", ""C110010"", ""C110011"", ""C110210""]"
C101010,double_distinct_flip,"[1, 3]",[],0,0,False,no_feasible_candidate,0,0,"[null, null, null, null, null, null, null]",[]
C101010,double_distinct_flip,"[1, 3]",[],1,0,False,no_feasible_candidate,0,0,"[null, null, null, null, null, null, null]",[]
C101010,double_distinct_flip,"[1, 4]",[],0,0,False,no_feasible_candidate,0,0,"[null, null, null, null, null, null, null]",[]
C101010,double_distinct_flip,"[1, 4]",[],1,3,False,multiple_candidates,4,1,"[null, null, null, false, true, true, false]","[""C011210"", ""C101210"", ""C110210""]"
C101010,double_distinct_flip,"[1, 5]",[],0,0,False,no_feasible_candidate,0,0,"[null, null, null, null, null, null, null]",[]
C101010,double_distinct_flip,"[1, 5]",[],1,3,False,multiple_candidates,4,1,"[null, null, null, false, false, false, false]","[""C011000"", ""C101000"", ""C110000""]"
C101010,double_distinct_flip,"[1, 6]",[],0,0,False,no_feasible_candidate,0,0,"[null, null, null, null, null, null, null]",[]
C101010,double_distinct_flip,"[1, 6]",[],1,3,False,multiple_candidates,4,1,"[null, null, null, false, false, true, true]","[""C011011"", ""C101011"", ""C110011""]"
C101010,double_distinct_flip,"[2, 3]",[],0,0,False,no_feasible_candidate,0,0,"[null, null, null, null, null, null, null]",[]
C101010,double_distinct_flip,"[2, 3]",[],1,2,False,multiple_candidates,5,1,"[true, false, false, null, false, null, false]","[""C100010"", ""C100100""]"
C101010,double_distinct_flip,"[2, 4]",[],0,1,False,single_geometry_conditional,7,2,"[true, false, false, false, true, true, false]","[""C100210""]"
C101010,double_distinct_flip,"[2, 4]",[],1,7,False,multiple_candidates,1,0,"[null, null, null, false, null, null, null]","[""C000210"", ""C100010"", ""C100200"", ""C100210"", ""C100211"", ""C101210"", ""C110210""]"
C101010,double_distinct_flip,"[2, 5]",[],0,1,False,single_geometry_conditional,7,2,"[true, false, false, false, false, false, false]","[""C100000""]"
C101010,double_distinct_flip,"[2, 5]",[],1,8,False,multiple_candidates,0,0,"[null, null, null, null, null, null, null]","[""C000000"", ""C100000"", ""C100001"", ""C100010"", ""C100100"", ""C100200"", ""C101000"", ""C110000""]"
C101010,double_distinct_flip,"[2, 6]",[],0,1,False,single_geometry_conditional,7,2,"[true, false, false, false, false, true, true]","[""C100011""]"
C101010,double_distinct_flip,"[2, 6]",[],1,7,False,multiple_candidates,1,0,"[null, null, null, false, null, null, null]","[""C000011"", ""C100001"", ""C100010"", ""C100011"", ""C100211"", ""C101011"", ""C110011""]"
C101010,double_distinct_flip,"[3, 4]",[],0,0,False,no_feasible_candidate,0,0,"[null, null, null, null, null, null, null]",[]
C101010,double_distinct_flip,"[3, 4]",[],1,1,False,single_geometry_conditional,7,1,"[true, false, true, false, true, true, false]","[""C101210""]"
C101010,double_distinct_flip,"[3, 5]",[],0,1,False,single_geometry_conditional,7,2,"[true, false, true, true, false, false, false]","[""C101100""]"
C101010,double_distinct_flip,"[3, 5]",[],1,5,False,multiple_candidates,3,1,"[null, false, null, null, false, false, null]","[""C001100"", ""C100100"", ""C101000"", ""C101100"", ""C101101""]"
C101010,double_distinct_flip,"[3, 6]",[],0,0,False,no_feasible_candidate,0,0,"[null, null, null, null, null, null, null]",[]
C101010,double_distinct_flip,"[3, 6]",[],1,2,False,multiple_candidates,5,1,"[true, false, true, null, false, null, true]","[""C101011"", ""C101101""]"
C101010,double_distinct_flip,"[4, 5]",[],0,1,False,single_geometry_conditional,7,2,"[true, false, true, false, true, false, false]","[""C101200""]"
C101010,double_distinct_flip,"[4, 5]",[],1,6,False,multiple_candidates,2,0,"[null, false, null, false, null, null, null]","[""C001200"", ""C100200"", ""C101000"", ""C101200"", ""C101201"", ""C101210""]"
C101010,double_distinct_flip,"[4, 6]",[],0,1,False,compatibility_unresolved,7,2,"[true, false, true, false, true, true, true]","[""C101211""]"
C101010,double_distinct_flip,"[4, 6]",[],1,6,False,multiple_candidates,2,0,"[null, false, null, false, null, null, null]","[""C001211"", ""C100211"", ""C101011"", ""C101201"", ""C101210"", ""C101211""]"
C101010,double_distinct_flip,"[5, 6]",[],0,1,False,compatibility_unresolved,7,2,"[true, false, true, false, false, false, true]","[""C101001""]"
C101010,double_distinct_flip,"[5, 6]",[],1,7,False,multiple_candidates,1,0,"[null, false, null, null, null, null, null]","[""C001001"", ""C100001"", ""C101000"", ""C101001"", ""C101011"", ""C101101"", ""C101201""]"
C101011,clean,[],[],0,1,True,compatibility_unresolved,7,0,"[true, false, true, false, false, true, true]","[""C101011""]"
C101011,clean,[],[],1,6,True,multiple_candidates,2,0,"[null, false, null, false, null, null, null]","[""C001011"", ""C100011"", ""C101001"", ""C101010"", ""C101011"", ""C101211""]"
C101011,single_flip,[0],[],0,1,False,compatibility_unresolved,7,1,"[false, false, true, false, false, true, true]","[""C001011""]"
C101011,single_flip,[0],[],1,7,True,multiple_candidates,1,0,"[null, null, null, false, null, null, null]","[""C000011"", ""C001001"", ""C001010"", ""C001011"", ""C001211"", ""C011011"", ""C101011""]"
C101011,single_flip,[1],[],0,0,False,no_feasible_candidate,0,0,"[null, null, null, null, null, null, null]",[]
C101011,single_flip,[1],[],1,3,True,multiple_candidates,4,0,"[null, null, null, false, false, true, true]","[""C011011"", ""C101011"", ""C110011""]"
C101011,single_flip,[2],[],0,1,False,single_geometry_conditional,7,1,"[true, false, false, false, false, true, true]","[""C100011""]"
C101011,single_flip,[2],[],1,7,True,multiple_candidates,1,0,"[null, null, null, false, null, null, null]","[""C000011"", ""C100001"", ""C100010"", ""C100011"", ""C100211"", ""C101011"", ""C110011""]"
C101011,single_flip,[3],[],0,0,False,no_feasible_candidate,0,0,"[null, null, null, null, null, null, null]",[]
C101011,single_flip,[3],[],1,2,True,multiple_candidates,5,0,"[true, false, true, null, false, null, true]","[""C101011"", ""C101101""]"
C101011,single_flip,[4],[],0,1,False,compatibility_unresolved,7,1,"[true, false, true, false, true, true, true]","[""C101211""]"
C101011,single_flip,[4],[],1,6,True,multiple_candidates,2,0,"[null, false, null, false, null, null, null]","[""C001211"", ""C100211"", ""C101011"", ""C101201"", ""C101210"", ""C101211""]"
C101011,single_flip,[5],[],0,1,False,compatibility_unresolved,7,1,"[true, false, true, false, false, false, true]","[""C101001""]"
C101011,single_flip,[5],[],1,7,True,multiple_candidates,1,0,"[null, false, null, null, null, null, null]","[""C001001"", ""C100001"", ""C101000"", ""C101001"", ""C101011"", ""C101101"", ""C101201""]"
C101011,single_flip,[6],[],0,1,False,single_geometry_conditional,7,1,"[true, false, true, false, false, true, false]","[""C101010""]"
C101011,single_flip,[6],[],1,6,True,multiple_candidates,2,0,"[null, false, null, false, null, null, null]","[""C001010"", ""C100010"", ""C101000"", ""C101010"", ""C101011"", ""C101210""]"
C101011,single_missing,[],[0],0,2,True,multiple_candidates,6,0,"[null, false, true, false, false, true, true]","[""C001011"", ""C101011""]"
C101011,single_missing,[],[0],1,11,True,multiple_candidates,1,0,"[null, null, null, false, null, null, null]","[""C000011"", ""C001001"", ""C001010"", ""C001011"", ""C001211"", ""C011011"", ""C100011"", ""C101001"", ""C101010"", ""C101011"", ""C101211""]"
C101011,single_missing,[],[1],0,1,True,compatibility_unresolved,7,0,"[true, false, true, false, false, true, true]","[""C101011""]"
C101011,single_missing,[],[1],1,8,True,multiple_candidates,1,0,"[null, null, null, false, null, null, null]","[""C001011"", ""C011011"", ""C100011"", ""C101001"", ""C101010"", ""C101011"", ""C101211"", ""C110011""]"
C101011,single_missing,[],[2],0,2,True,multiple_candidates,6,0,"[true, false, null, false, false, true, true]","[""C100011"", ""C101011""]"
C101011,single_missing,[],[2],1,11,True,multiple_candidates,1,0,"[null, null, null, false, null, null, null]","[""C000011"", ""C001011"", ""C100001"", ""C100010"", ""C100011"", ""C100211"", ""C101001"", ""C101010"", ""C101011"", ""C101211"", ""C110011""]"
C101011,single_missing,[],[3],0,1,True,compatibility_unresolved,7,0,"[true, false, true, false, false, true, true]","[""C101011""]"
C101011,single_missing,[],[3],1,7,True,multiple_candidates,1,0,"[null, false, null, null, null, null, null]","[""C001011"", ""C100011"", ""C101001"", ""C101010"", ""C101011"", ""C101101"", ""C101211""]"
C101011,single_missing,[],[4],0,2,True,multiple_candidates,6,0,"[true, false, true, false, null, true, true]","[""C101011"", ""C101211""]"
C101011,single_missing,[],[4],1,10,True,multiple_candidates,2,0,"[null, false, null, false, null, null, null]","[""C001011"", ""C001211"", ""C100011"", ""C100211"", ""C101001"", ""C101010"", ""C101011"", ""C101201"", ""C101210"", ""C101211""]"
C101011,single_missing,[],[5],0,2,True,multiple_candidates,6,0,"[true, false, true, false, false, null, true]","[""C101001"", ""C101011""]"
C101011,single_missing,[],[5],1,11,True,multiple_candidates,1,0,"[null, false, null, null, null, null, null]","[""C001001"", ""C001011"", ""C100001"", ""C100011"", ""C101000"", ""C101001"", ""C101010"", ""C101011"", ""C101101"", ""C101201"", ""C101211""]"
C101011,single_missing,[],[6],0,2,True,multiple_candidates,6,0,"[true, false, true, false, false, true, null]","[""C101010"", ""C101011""]"
C101011,single_missing,[],[6],1,10,True,multiple_candidates,2,0,"[null, false, null, false, null, null, null]","[""C001010"", ""C001011"", ""C100010"", ""C100011"", ""C101000"", ""C101001"", ""C101010"", ""C101011"", ""C101210"", ""C101211""]"
C101011,double_distinct_flip,"[0, 1]",[],0,1,False,compatibility_unresolved,7,2,"[false, true, true, false, false, true, true]","[""C011011""]"
C101011,double_distinct_flip,"[0, 1]",[],1,6,False,multiple_candidates,2,1,"[false, null, null, false, null, null, null]","[""C001011"", ""C010011"", ""C011001"", ""C011010"", ""C011011"", ""C011211""]"
C101011,double_distinct_flip,"[0, 2]",[],0,1,False,single_geometry_conditional,7,2,"[false, false, false, false, false, true, true]","[""C000011""]"
C101011,double_distinct_flip,"[0, 2]",[],1,7,False,multiple_candidates,1,0,"[null, null, null, false, null, null, null]","[""C000001"", ""C000010"", ""C000011"", ""C000211"", ""C001011"", ""C010011"", ""C100011""]"
C101011,double_distinct_flip,"[0, 3]",[],0,0,False,no_feasible_candidate,0,0,"[null, null, null, null, null, null, null]",[]
C101011,double_distinct_flip,"[0, 3]",[],1,2,False,multiple_candidates,5,1,"[false, false, true, null, false, null, true]","[""C001011"", ""C001101""]"
C101011,double_distinct_flip,"[0, 4]",[],0,1,False,compatibility_unresolved,7,2,"[false, false, true, false, true, true, true]","[""C001211""]"
C101011,double_distinct_flip,"[0, 4]",[],1,7,False,multiple_candidates,1,0,"[null, null, null, false, null, null, null]","[""C000211"", ""C001011"", ""C001201"", ""C001210"", ""C001211"", ""C011211"", ""C101211""]"
C101011,double_distinct_flip,"[0, 5]",[],0,1,False,compatibility_unresolved,7,2,"[false, false, true, false, false, false, true]","[""C001001""]"
C101011,double_distinct_flip,"[0, 5]",[],1,8,False,multiple_candidates,0,0,"[null, null, null, null, null, null, null]","[""C000001"", ""C001000"", ""C001001"", ""C001011"", ""C001101"", ""C001201"", ""C011001"", ""C101001""]"
C101011,double_distinct_flip,"[0, 6]",[],0,1,False,single_geometry_conditional,7,2,"[false, false, true, false, false, true, false]","[""C001010""]"
C101011,double_distinct_flip,"[0, 6]",[],1,7,False,multiple_candidates,1,0,"[null, null, null, false, null, null, null]","[""C000010"", ""C001000"", ""C001010"", ""C001011"", ""C001210"", ""C011010"", ""C101010""]"
C101011,double_distinct_flip,"[1, 2]",[],0,1,False,single_geometry_conditional,7,2,"[true, true, false, false, false, true, true]","[""C110011""]"
C101011,double_distinct_flip,"[1, 2]",[],1,6,False,multiple_candidates,2,1,"[null, null, false, false, null, null, null]","[""C010011"", ""C100011"", ""C110001"", ""C110010"", ""C110011"", ""C110211""]"
C101011,double_distinct_flip,"[1, 3]",[],0,0,False,no_feasible_candidate,0,0,"[null, null, null, null, null, null, null]",[]
C101011,double_distinct_flip,"[1, 3]",[],1,0,False,no_feasible_candidate,0,0,"[null, null, null, null, null, null, null]",[]
C101011,double_distinct_flip,"[1, 4]",[],0,0,False,no_feasible_candidate,0,0,"[null, null, null, null, null, null, null]",[]
C101011,double_distinct_flip,"[1, 4]",[],1,3,False,multiple_candidates,4,1,"[null, null, null, false, true, true, true]","[""C011211"", ""C101211"", ""C110211""]"
C101011,double_distinct_flip,"[1, 5]",[],0,0,False,no_feasible_candidate,0,0,"[null, null, null, null, null, null, null]",[]
C101011,double_distinct_flip,"[1, 5]",[],1,3,False,multiple_candidates,4,1,"[null, null, null, false, false, false, true]","[""C011001"", ""C101001"", ""C110001""]"
C101011,double_distinct_flip,"[1, 6]",[],0,0,False,no_feasible_candidate,0,0,"[null, null, null, null, null, null, null]",[]
C101011,double_distinct_flip,"[1, 6]",[],1,3,False,multiple_candidates,4,1,"[null, null, null, false, false, true, false]","[""C011010"", ""C101010"", ""C110010""]"
C101011,double_distinct_flip,"[2, 3]",[],0,0,False,no_feasible_candidate,0,0,"[null, null, null, null, null, null, null]",[]
C101011,double_distinct_flip,"[2, 3]",[],1,2,False,multiple_candidates,5,1,"[true, false, false, null, false, null, true]","[""C100011"", ""C100101""]"
C101011,double_distinct_flip,"[2, 4]",[],0,1,False,single_geometry_conditional,7,2,"[true, false, false, false, true, true, true]","[""C100211""]"
C101011,double_distinct_flip,"[2, 4]",[],1,7,False,multiple_candidates,1,0,"[null, null, null, false, null, null, null]","[""C000211"", ""C100011"", ""C100201"", ""C100210"", ""C100211"", ""C101211"", ""C110211""]"
C101011,double_distinct_flip,"[2, 5]",[],0,1,False,single_geometry_conditional,7,2,"[true, false, false, false, false, false, true]","[""C100001""]"
C101011,double_distinct_flip,"[2, 5]",[],1,8,False,multiple_candidates,0,0,"[null, null, null, null, null, null, null]","[""C000001"", ""C100000"", ""C100001"", ""C100011"", ""C100101"", ""C100201"", ""C101001"", ""C110001""]"
C101011,double_distinct_flip,"[2, 6]",[],0,1,False,single_geometry_conditional,7,2,"[true, false, false, false, false, true, false]","[""C100010""]"
C101011,double_distinct_flip,"[2, 6]",[],1,7,False,multiple_candidates,1,0,"[null, null, null, false, null, null, null]","[""C000010"", ""C100000"", ""C100010"", ""C100011"", ""C100210"", ""C101010"", ""C110010""]"
C101011,double_distinct_flip,"[3, 4]",[],0,0,False,no_feasible_candidate,0,0,"[null, null, null, null, null, null, null]",[]
C101011,double_distinct_flip,"[3, 4]",[],1,1,False,compatibility_unresolved,7,1,"[true, false, true, false, true, true, true]","[""C101211""]"
C101011,double_distinct_flip,"[3, 5]",[],0,1,False,compatibility_unresolved,7,2,"[true, false, true, true, false, false, true]","[""C101101""]"
C101011,double_distinct_flip,"[3, 5]",[],1,5,False,multiple_candidates,3,1,"[null, false, null, null, false, false, null]","[""C001101"", ""C100101"", ""C101001"", ""C101100"", ""C101101""]"
C101011,double_distinct_flip,"[3, 6]",[],0,0,False,no_feasible_candidate,0,0,"[null, null, null, null, null, null, null]",[]
C101011,double_distinct_flip,"[3, 6]",[],1,2,False,multiple_candidates,5,1,"[true, false, true, null, false, null, false]","[""C101010"", ""C101100""]"
C101011,double_distinct_flip,"[4, 5]",[],0,1,False,compatibility_unresolved,7,2,"[true, false, true, false, true, false, true]","[""C101201""]"
C101011,double_distinct_flip,"[4, 5]",[],1,6,False,multiple_candidates,2,0,"[null, false, null, false, null, null, null]","[""C001201"", ""C100201"", ""C101001"", ""C101200"", ""C101201"", ""C101211""]"
C101011,double_distinct_flip,"[4, 6]",[],0,1,False,single_geometry_conditional,7,2,"[true, false, true, false, true, true, false]","[""C101210""]"
C101011,double_distinct_flip,"[4, 6]",[],1,6,False,multiple_candidates,2,0,"[null, false, null, false, null, null, null]","[""C001210"", ""C100210"", ""C101010"", ""C101200"", ""C101210"", ""C101211""]"
C101011,double_distinct_flip,"[5, 6]",[],0,1,False,single_geometry_conditional,7,2,"[true, false, true, false, false, false, false]","[""C101000""]"
C101011,double_distinct_flip,"[5, 6]",[],1,7,False,multiple_candidates,1,0,"[null, false, null, null, null, null, null]","[""C001000"", ""C100000"", ""C101000"", ""C101001"", ""C101010"", ""C101100"", ""C101200""]"
C101100,clean,[],[],0,1,True,single_geometry_conditional,7,0,"[true, false, true, true, false, false, false]","[""C101100""]"
C101100,clean,[],[],1,5,True,multiple_candidates,3,0,"[null, false, null, null, false, false, null]","[""C001100"", ""C100100"", ""C101000"", ""C101100"", ""C101101""]"
C101100,single_flip,[0],[],0,1,False,single_geometry_conditional,7,1,"[false, false, true, true, false, false, false]","[""C001100""]"
C101100,single_flip,[0],[],1,6,True,multiple_candidates,2,0,"[null, null, null, null, false, false, null]","[""C000100"", ""C001000"", ""C001100"", ""C001101"", ""C011100"", ""C101100""]"
C101100,single_flip,[1],[],0,0,False,no_feasible_candidate,0,0,"[null, null, null, null, null, null, null]",[]
C101100,single_flip,[1],[],1,3,True,multiple_candidates,4,0,"[null, null, null, true, false, false, false]","[""C011100"", ""C101100"", ""C110100""]"
C101100,single_flip,[2],[],0,1,False,single_geometry_conditional,7,1,"[true, false, false, true, false, false, false]","[""C100100""]"
C101100,single_flip,[2],[],1,6,True,multiple_candidates,2,0,"[null, null, null, null, false, false, null]","[""C000100"", ""C100000"", ""C100100"", ""C100101"", ""C101100"", ""C110100""]"
C101100,single_flip,[3],[],0,1,False,single_geometry_conditional,7,1,"[true, false, true, false, false, false, false]","[""C101000""]"
C101100,single_flip,[3],[],1,7,True,multiple_candidates,1,0,"[null, false, null, null, null, null, null]","[""C001000"", ""C100000"", ""C101000"", ""C101001"", ""C101010"", ""C101100"", ""C101200""]"
C101100,single_flip,[4],[],0,0,False,no_feasible_candidate,0,0,"[null, null, null, null, null, null, null]",[]
C101100,single_flip,[4],[],1,2,True,multiple_candidates,5,0,"[true, false, true, null, null, false, false]","[""C101100"", ""C101200""]"
C101100,single_flip,[5],[],0,0,False,no_feasible_candidate,0,0,"[null, null, null, null, null, null, null]",[]
C101100,single_flip,[5],[],1,2,True,multiple_candidates,5,0,"[true, false, true, null, false, null, false]","[""C101010"", ""C101100""]"
C101100,single_flip,[6],[],0,1,False,compatibility_unresolved,7,1,"[true, false, true, true, false, false, true]","[""C101101""]"
C101100,single_flip,[6],[],1,5,True,multiple_candidates,3,0,"[null, false, null, null, false, false, null]","[""C001101"", ""C100101"", ""C101001"", ""C101100"", ""C101101""]"
C101100,single_missing,[],[0],0,2,True,multiple_candidates,6,0,"[null, false, true, true, false, false, false]","[""C001100"", ""C101100""]"
C101100,single_missing,[],[0],1,9,True,multiple_candidates,2,0,"[null, null, null, null, false, false, null]","[""C000100"", ""C001000"", ""C001100"", ""C001101"", ""C011100"", ""C100100"", ""C101000"", ""C101100"", ""C101101""]"
C101100,single_missing,[],[1],0,1,True,single_geometry_conditional,7,0,"[true, false, true, true, false, false, false]","[""C101100""]"
C101100,single_missing,[],[1],1,7,True,multiple_candidates,2,0,"[null, null, null, null, false, false, null]","[""C001100"", ""C011100"", ""C100100"", ""C101000"", ""C101100"", ""C101101"", ""C110100""]"
C101100,single_missing,[],[2],0,2,True,multiple_candidates,6,0,"[true, false, null, true, false, false, false]","[""C100100"", ""C101100""]"
C101100,single_missing,[],[2],1,9,True,multiple_candidates,2,0,"[null, null, null, null, false, false, null]","[""C000100"", ""C001100"", ""C100000"", ""C100100"", ""C100101"", ""C101000"", ""C101100"", ""C101101"", ""C110100""]"
C101100,single_missing,[],[3],0,2,True,multiple_candidates,6,0,"[true, false, true, null, false, false, false]","[""C101000"", ""C101100""]"
C101100,single_missing,[],[3],1,10,True,multiple_candidates,1,0,"[null, false, null, null, null, null, null]","[""C001000"", ""C001100"", ""C100000"", ""C100100"", ""C101000"", ""C101001"", ""C101010"", ""C101100"", ""C101101"", ""C101200""]"
C101100,single_missing,[],[4],0,1,True,single_geometry_conditional,7,0,"[true, false, true, true, false, false, false]","[""C101100""]"
C101100,single_missing,[],[4],1,6,True,multiple_candidates,2,0,"[null, false, null, null, null, false, null]","[""C001100"", ""C100100"", ""C101000"", ""C101100"", ""C101101"", ""C101200""]"
C101100,single_missing,[],[5],0,1,True,single_geometry_conditional,7,0,"[true, false, true, true, false, false, false]","[""C101100""]"
C101100,single_missing,[],[5],1,6,True,multiple_candidates,2,0,"[null, false, null, null, false, null, null]","[""C001100"", ""C100100"", ""C101000"", ""C101010"", ""C101100"", ""C101101""]"
C101100,single_missing,[],[6],0,2,True,multiple_candidates,6,0,"[true, false, true, true, false, false, null]","[""C101100"", ""C101101""]"
C101100,single_missing,[],[6],1,8,True,multiple_candidates,3,0,"[null, false, null, null, false, false, null]","[""C001100"", ""C001101"", ""C100100"", ""C100101"", ""C101000"", ""C101001"", ""C101100"", ""C101101""]"
C101100,double_distinct_flip,"[0, 1]",[],0,1,False,single_geometry_conditional,7,2,"[false, true, true, true, false, false, false]","[""C011100""]"
C101100,double_distinct_flip,"[0, 1]",[],1,5,False,multiple_candidates,3,1,"[false, null, null, null, false, false, null]","[""C001100"", ""C010100"", ""C011000"", ""C011100"", ""C011101""]"
C101100,double_distinct_flip,"[0, 2]",[],0,1,False,single_geometry_conditional,7,2,"[false, false, false, true, false, false, false]","[""C000100""]"
C101100,double_distinct_flip,"[0, 2]",[],1,6,False,multiple_candidates,2,0,"[null, null, null, null, false, false, null]","[""C000000"", ""C000100"", ""C000101"", ""C001100"", ""C010100"", ""C100100""]"
C101100,double_distinct_flip,"[0, 3]",[],0,1,False,single_geometry_conditional,7,2,"[false, false, true, false, false, false, false]","[""C001000""]"
C101100,double_distinct_flip,"[0, 3]",[],1,8,False,multiple_candidates,0,0,"[null, null, null, null, null, null, null]","[""C000000"", ""C001000"", ""C001001"", ""C001010"", ""C001100"", ""C001200"", ""C011000"", ""C101000""]"
C101100,double_distinct_flip,"[0, 4]",[],0,0,False,no_feasible_candidate,0,0,"[null, null, null, null, null, null, null]",[]
C101100,double_distinct_flip,"[0, 4]",[],1,2,False,multiple_candidates,5,1,"[false, false, true, null, null, false, false]","[""C001100"", ""C001200""]"
C101100,double_distinct_flip,"[0, 5]",[],0,0,False,no_feasible_candidate,0,0,"[null, null, null, null, null, null, null]",[]
C101100,double_distinct_flip,"[0, 5]",[],1,2,False,multiple_candidates,5,1,"[false, false, true, null, false, null, false]","[""C001010"", ""C001100""]"
C101100,double_distinct_flip,"[0, 6]",[],0,1,False,compatibility_unresolved,7,2,"[false, false, true, true, false, false, true]","[""C001101""]"
C101100,double_distinct_flip,"[0, 6]",[],1,6,False,multiple_candidates,2,0,"[null, null, null, null, false, false, null]","[""C000101"", ""C001001"", ""C001100"", ""C001101"", ""C011101"", ""C101101""]"
C101100,double_distinct_flip,"[1, 2]",[],0,1,False,single_geometry_conditional,7,2,"[true, true, false, true, false, false, false]","[""C110100""]"
C101100,double_distinct_flip,"[1, 2]",[],1,5,False,multiple_candidates,3,1,"[null, null, false, null, false, false, null]","[""C010100"", ""C100100"", ""C110000"", ""C110100"", ""C110101""]"
C101100,double_distinct_flip,"[1, 3]",[],0,0,False,no_feasible_candidate,0,0,"[null, null, null, null, null, null, null]",[]
C101100,double_distinct_flip,"[1, 3]",[],1,3,False,multiple_candidates,4,1,"[null, null, null, false, false, false, false]","[""C011000"", ""C101000"", ""C110000""]"
C101100,double_distinct_flip,"[1, 4]",[],0,0,False,no_feasible_candidate,0,0,"[null, null, null, null, null, null, null]",[]
C101100,double_distinct_flip,"[1, 4]",[],1,0,False,no_feasible_candidate,0,0,"[null, null, null, null, null, null, null]",[]
C101100,double_distinct_flip,"[1, 5]",[],0,0,False,no_feasible_candidate,0,0,"[null, null, null, null, null, null, null]",[]
C101100,double_distinct_flip,"[1, 5]",[],1,0,False,no_feasible_candidate,0,0,"[null, null, null, null, null, null, null]",[]
C101100,double_distinct_flip,"[1, 6]",[],0,0,False,no_feasible_candidate,0,0,"[null, null, null, null, null, null, null]",[]
C101100,double_distinct_flip,"[1, 6]",[],1,3,False,multiple_candidates,4,1,"[null, null, null, true, false, false, true]","[""C011101"", ""C101101"", ""C110101""]"
C101100,double_distinct_flip,"[2, 3]",[],0,1,False,single_geometry_conditional,7,2,"[true, false, false, false, false, false, false]","[""C100000""]"
C101100,double_distinct_flip,"[2, 3]",[],1,8,False,multiple_candidates,0,0,"[null, null, null, null, null, null, null]","[""C000000"", ""C100000"", ""C100001"", ""C100010"", ""C100100"", ""C100200"", ""C101000"", ""C110000""]"
C101100,double_distinct_flip,"[2, 4]",[],0,0,False,no_feasible_candidate,0,0,"[null, null, null, null, null, null, null]",[]
C101100,double_distinct_flip,"[2, 4]",[],1,2,False,multiple_candidates,5,1,"[true, false, false, null, null, false, false]","[""C100100"", ""C100200""]"
C101100,double_distinct_flip,"[2, 5]",[],0,0,False,no_feasible_candidate,0,0,"[null, null, null, null, null, null, null]",[]
C101100,double_distinct_flip,"[2, 5]",[],1,2,False,multiple_candidates,5,1,"[true, false, false, null, false, null, false]","[""C100010"", ""C100100""]"
C101100,double_distinct_flip,"[2, 6]",[],0,1,False,single_geometry_conditional,7,2,"[true, false, false, true, false, false, true]","[""C100101""]"
C101100,double_distinct_flip,"[2, 6]",[],1,6,False,multiple_candidates,2,0,"[null, null, null, null, false, false, null]","[""C000101"", ""C100001"", ""C100100"", ""C100101"", ""C101101"", ""C110101""]"
C101100,double_distinct_flip,"[3, 4]",[],0,1,False,single_geometry_conditional,7,2,"[true, false, true, false, true, false, false]","[""C101200""]"
C101100,double_distinct_flip,"[3, 4]",[],1,6,False,multiple_candidates,2,1,"[null, false, null, false, null, null, null]","[""C001200"", ""C100200"", ""C101000"", ""C101200"", ""C101201"", ""C101210""]"
C101100,double_distinct_flip,"[3, 5]",[],0,1,False,single_geometry_conditional,7,2,"[true, false, true, false, false, true, false]","[""C101010""]"
C101100,double_distinct_flip,"[3, 5]",[],1,6,False,multiple_candidates,2,1,"[null, false, null, false, null, null, null]","[""C001010"", ""C100010"", ""C101000"", ""C101010"", ""C101011"", ""C101210""]"
C101100,double_distinct_flip,"[3, 6]",[],0,1,False,compatibility_unresolved,7,2,"[true, false, true, false, false, false, true]","[""C101001""]"
C101100,double_distinct_flip,"[3, 6]",[],1,7,False,multiple_candidates,1,0,"[null, false, null, null, null, null, null]","[""C001001"", ""C100001"", ""C101000"", ""C101001"", ""C101011"", ""C101101"", ""C101201""]"
C101100,double_distinct_flip,"[4, 5]",[],0,0,False,no_feasible_candidate,0,0,"[null, null, null, null, null, null, null]",[]
C101100,double_distinct_flip,"[4, 5]",[],1,1,False,single_geometry_conditional,7,3,"[true, false, true, false, true, true, false]","[""C101210""]"
C101100,double_distinct_flip,"[4, 6]",[],0,0,False,no_feasible_candidate,0,0,"[null, null, null, null, null, null, null]",[]
C101100,double_distinct_flip,"[4, 6]",[],1,2,False,multiple_candidates,5,1,"[true, false, true, null, null, false, true]","[""C101101"", ""C101201""]"
C101100,double_distinct_flip,"[5, 6]",[],0,0,False,no_feasible_candidate,0,0,"[null, null, null, null, null, null, null]",[]
C101100,double_distinct_flip,"[5, 6]",[],1,2,False,multiple_candidates,5,1,"[true, false, true, null, false, null, true]","[""C101011"", ""C101101""]"
C101101,clean,[],[],0,1,True,compatibility_unresolved,7,0,"[true, false, true, true, false, false, true]","[""C101101""]"
C101101,clean,[],[],1,5,True,multiple_candidates,3,0,"[null, false, null, null, false, false, null]","[""C001101"", ""C100101"", ""C101001"", ""C101100"", ""C101101""]"
C101101,single_flip,[0],[],0,1,False,compatibility_unresolved,7,1,"[false, false, true, true, false, false, true]","[""C001101""]"
C101101,single_flip,[0],[],1,6,True,multiple_candidates,2,0,"[null, null, null, null, false, false, null]","[""C000101"", ""C001001"", ""C001100"", ""C001101"", ""C011101"", ""C101101""]"
C101101,single_flip,[1],[],0,0,False,no_feasible_candidate,0,0,"[null, null, null, null, null, null, null]",[]
C101101,single_flip,[1],[],1,3,True,multiple_candidates,4,0,"[null, null, null, true, false, false, true]","[""C011101"", ""C101101"", ""C110101""]"
C101101,single_flip,[2],[],0,1,False,single_geometry_conditional,7,1,"[true, false, false, true, false, false, true]","[""C100101""]"
C101101,single_flip,[2],[],1,6,True,multiple_candidates,2,0,"[null, null, null, null, false, false, null]","[""C000101"", ""C100001"", ""C100100"", ""C100101"", ""C101101"", ""C110101""]"
C101101,single_flip,[3],[],0,1,False,compatibility_unresolved,7,1,"[true, false, true, false, false, false, true]","[""C101001""]"
C101101,single_flip,[3],[],1,7,True,multiple_candidates,1,0,"[null, false, null, null, null, null, null]","[""C001001"", ""C100001"", ""C101000"", ""C101001"", ""C101011"", ""C101101"", ""C101201""]"
C101101,single_flip,[4],[],0,0,False,no_feasible_candidate,0,0,"[null, null, null, null, null, null, null]",[]
C101101,single_flip,[4],[],1,2,True,multiple_candidates,5,0,"[true, false, true, null, null, false, true]","[""C101101"", ""C101201""]"
C101101,single_flip,[5],[],0,0,False,no_feasible_candidate,0,0,"[null, null, null, null, null, null, null]",[]
C101101,single_flip,[5],[],1,2,True,multiple_candidates,5,0,"[true, false, true, null, false, null, true]","[""C101011"", ""C101101""]"
C101101,single_flip,[6],[],0,1,False,single_geometry_conditional,7,1,"[true, false, true, true, false, false, false]","[""C101100""]"
C101101,single_flip,[6],[],1,5,True,multiple_candidates,3,0,"[null, false, null, null, false, false, null]","[""C001100"", ""C100100"", ""C101000"", ""C101100"", ""C101101""]"
C101101,single_missing,[],[0],0,2,True,multiple_candidates,6,0,"[null, false, true, true, false, false, true]","[""C001101"", ""C101101""]"
C101101,single_missing,[],[0],1,9,True,multiple_candidates,2,0,"[null, null, null, null, false, false, null]","[""C000101"", ""C001001"", ""C001100"", ""C001101"", ""C011101"", ""C100101"", ""C101001"", ""C101100"", ""C101101""]"
C101101,single_missing,[],[1],0,1,True,compatibility_unresolved,7,0,"[true, false, true, true, false, false, true]","[""C101101""]"
C101101,single_missing,[],[1],1,7,True,multiple_candidates,2,0,"[null, null, null, null, false, false, null]","[""C001101"", ""C011101"", ""C100101"", ""C101001"", ""C101100"", ""C101101"", ""C110101""]"
C101101,single_missing,[],[2],0,2,True,multiple_candidates,6,0,"[true, false, null, true, false, false, true]","[""C100101"", ""C101101""]"
C101101,single_missing,[],[2],1,9,True,multiple_candidates,2,0,"[null, null, null, null, false, false, null]","[""C000101"", ""C001101"", ""C100001"", ""C100100"", ""C100101"", ""C101001"", ""C101100"", ""C101101"", ""C110101""]"
C101101,single_missing,[],[3],0,2,True,multiple_candidates,6,0,"[true, false, true, null, false, false, true]","[""C101001"", ""C101101""]"
C101101,single_missing,[],[3],1,10,True,multiple_candidates,1,0,"[null, false, null, null, null, null, null]","[""C001001"", ""C001101"", ""C100001"", ""C100101"", ""C101000"", ""C101001"", ""C101011"", ""C101100"", ""C101101"", ""C101201""]"
C101101,single_missing,[],[4],0,1,True,compatibility_unresolved,7,0,"[true, false, true, true, false, false, true]","[""C101101""]"
C101101,single_missing,[],[4],1,6,True,multiple_candidates,2,0,"[null, false, null, null, null, false, null]","[""C001101"", ""C100101"", ""C101001"", ""C101100"", ""C101101"", ""C101201""]"
C101101,single_missing,[],[5],0,1,True,compatibility_unresolved,7,0,"[true, false, true, true, false, false, true]","[""C101101""]"
C101101,single_missing,[],[5],1,6,True,multiple_candidates,2,0,"[null, false, null, null, false, null, null]","[""C001101"", ""C100101"", ""C101001"", ""C101011"", ""C101100"", ""C101101""]"
C101101,single_missing,[],[6],0,2,True,multiple_candidates,6,0,"[true, false, true, true, false, false, null]","[""C101100"", ""C101101""]"
C101101,single_missing,[],[6],1,8,True,multiple_candidates,3,0,"[null, false, null, null, false, false, null]","[""C001100"", ""C001101"", ""C100100"", ""C100101"", ""C101000"", ""C101001"", ""C101100"", ""C101101""]"
C101101,double_distinct_flip,"[0, 1]",[],0,1,False,compatibility_unresolved,7,2,"[false, true, true, true, false, false, true]","[""C011101""]"
C101101,double_distinct_flip,"[0, 1]",[],1,5,False,multiple_candidates,3,1,"[false, null, null, null, false, false, null]","[""C001101"", ""C010101"", ""C011001"", ""C011100"", ""C011101""]"
C101101,double_distinct_flip,"[0, 2]",[],0,1,False,single_geometry_conditional,7,2,"[false, false, false, true, false, false, true]","[""C000101""]"
C101101,double_distinct_flip,"[0, 2]",[],1,6,False,multiple_candidates,2,0,"[null, null, null, null, false, false, null]","[""C000001"", ""C000100"", ""C000101"", ""C001101"", ""C010101"", ""C100101""]"
C101101,double_distinct_flip,"[0, 3]",[],0,1,False,compatibility_unresolved,7,2,"[false, false, true, false, false, false, true]","[""C001001""]"
C101101,double_distinct_flip,"[0, 3]",[],1,8,False,multiple_candidates,0,0,"[null, null, null, null, null, null, null]","[""C000001"", ""C001000"", ""C001001"", ""C001011"", ""C001101"", ""C001201"", ""C011001"", ""C101001""]"
C101101,double_distinct_flip,"[0, 4]",[],0,0,False,no_feasible_candidate,0,0,"[null, null, null, null, null, null, null]",[]
C101101,double_distinct_flip,"[0, 4]",[],1,2,False,multiple_candidates,5,1,"[false, false, true, null, null, false, true]","[""C001101"", ""C001201""]"
C101101,double_distinct_flip,"[0, 5]",[],0,0,False,no_feasible_candidate,0,0,"[null, null, null, null, null, null, null]",[]
C101101,double_distinct_flip,"[0, 5]",[],1,2,False,multiple_candidates,5,1,"[false, false, true, null, false, null, true]","[""C001011"", ""C001101""]"
C101101,double_distinct_flip,"[0, 6]",[],0,1,False,single_geometry_conditional,7,2,"[false, false, true, true, false, false, false]","[""C001100""]"
C101101,double_distinct_flip,"[0, 6]",[],1,6,False,multiple_candidates,2,0,"[null, null, null, null, false, false, null]","[""C000100"", ""C001000"", ""C001100"", ""C001101"", ""C011100"", ""C101100""]"
C101101,double_distinct_flip,"[1, 2]",[],0,1,False,single_geometry_conditional,7,2,"[true, true, false, true, false, false, true]","[""C110101""]"
C101101,double_distinct_flip,"[1, 2]",[],1,5,False,multiple_candidates,3,1,"[null, null, false, null, false, false, null]","[""C010101"", ""C100101"", ""C110001"", ""C110100"", ""C110101""]"
C101101,double_distinct_flip,"[1, 3]",[],0,0,False,no_feasible_candidate,0,0,"[null, null, null, null, null, null, null]",[]
C101101,double_distinct_flip,"[1, 3]",[],1,3,False,multiple_candidates,4,1,"[null, null, null, false, false, false, true]","[""C011001"", ""C101001"", ""C110001""]"
C101101,double_distinct_flip,"[1, 4]",[],0,0,False,no_feasible_candidate,0,0,"[null, null, null, null, null, null, null]",[]
C101101,double_distinct_flip,"[1, 4]",[],1,0,False,no_feasible_candidate,0,0,"[null, null, null, null, null, null, null]",[]
C101101,double_distinct_flip,"[1, 5]",[],0,0,False,no_feasible_candidate,0,0,"[null, null, null, null, null, null, null]",[]
C101101,double_distinct_flip,"[1, 5]",[],1,0,False,no_feasible_candidate,0,0,"[null, null, null, null, null, null, null]",[]
C101101,double_distinct_flip,"[1, 6]",[],0,0,False,no_feasible_candidate,0,0,"[null, null, null, null, null, null, null]",[]
C101101,double_distinct_flip,"[1, 6]",[],1,3,False,multiple_candidates,4,1,"[null, null, null, true, false, false, false]","[""C011100"", ""C101100"", ""C110100""]"
C101101,double_distinct_flip,"[2, 3]",[],0,1,False,single_geometry_conditional,7,2,"[true, false, false, false, false, false, true]","[""C100001""]"
C101101,double_distinct_flip,"[2, 3]",[],1,8,False,multiple_candidates,0,0,"[null, null, null, null, null, null, null]","[""C000001"", ""C100000"", ""C100001"", ""C100011"", ""C100101"", ""C100201"", ""C101001"", ""C110001""]"
C101101,double_distinct_flip,"[2, 4]",[],0,0,False,no_feasible_candidate,0,0,"[null, null, null, null, null, null, null]",[]
C101101,double_distinct_flip,"[2, 4]",[],1,2,False,multiple_candidates,5,1,"[true, false, false, null, null, false, true]","[""C100101"", ""C100201""]"
C101101,double_distinct_flip,"[2, 5]",[],0,0,False,no_feasible_candidate,0,0,"[null, null, null, null, null, null, null]",[]
C101101,double_distinct_flip,"[2, 5]",[],1,2,False,multiple_candidates,5,1,"[true, false, false, null, false, null, true]","[""C100011"", ""C100101""]"
C101101,double_distinct_flip,"[2, 6]",[],0,1,False,single_geometry_conditional,7,2,"[true, false, false, true, false, false, false]","[""C100100""]"
C101101,double_distinct_flip,"[2, 6]",[],1,6,False,multiple_candidates,2,0,"[null, null, null, null, false, false, null]","[""C000100"", ""C100000"", ""C100100"", ""C100101"", ""C101100"", ""C110100""]"
C101101,double_distinct_flip,"[3, 4]",[],0,1,False,compatibility_unresolved,7,2,"[true, false, true, false, true, false, true]","[""C101201""]"
C101101,double_distinct_flip,"[3, 4]",[],1,6,False,multiple_candidates,2,1,"[null, false, null, false, null, null, null]","[""C001201"", ""C100201"", ""C101001"", ""C101200"", ""C101201"", ""C101211""]"
C101101,double_distinct_flip,"[3, 5]",[],0,1,False,compatibility_unresolved,7,2,"[true, false, true, false, false, true, true]","[""C101011""]"
C101101,double_distinct_flip,"[3, 5]",[],1,6,False,multiple_candidates,2,1,"[null, false, null, false, null, null, null]","[""C001011"", ""C100011"", ""C101001"", ""C101010"", ""C101011"", ""C101211""]"
C101101,double_distinct_flip,"[3, 6]",[],0,1,False,single_geometry_conditional,7,2,"[true, false, true, false, false, false, false]","[""C101000""]"
C101101,double_distinct_flip,"[3, 6]",[],1,7,False,multiple_candidates,1,0,"[null, false, null, null, null, null, null]","[""C001000"", ""C100000"", ""C101000"", ""C101001"", ""C101010"", ""C101100"", ""C101200""]"
C101101,double_distinct_flip,"[4, 5]",[],0,0,False,no_feasible_candidate,0,0,"[null, null, null, null, null, null, null]",[]
C101101,double_distinct_flip,"[4, 5]",[],1,1,False,compatibility_unresolved,7,3,"[true, false, true, false, true, true, true]","[""C101211""]"
C101101,double_distinct_flip,"[4, 6]",[],0,0,False,no_feasible_candidate,0,0,"[null, null, null, null, null, null, null]",[]
C101101,double_distinct_flip,"[4, 6]",[],1,2,False,multiple_candidates,5,1,"[true, false, true, null, null, false, false]","[""C101100"", ""C101200""]"
C101101,double_distinct_flip,"[5, 6]",[],0,0,False,no_feasible_candidate,0,0,"[null, null, null, null, null, null, null]",[]
C101101,double_distinct_flip,"[5, 6]",[],1,2,False,multiple_candidates,5,1,"[true, false, true, null, false, null, false]","[""C101010"", ""C101100""]"
C101200,clean,[],[],0,1,True,single_geometry_conditional,7,0,"[true, false, true, false, true, false, false]","[""C101200""]"
C101200,clean,[],[],1,6,True,multiple_candidates,2,0,"[null, false, null, false, null, null, null]","[""C001200"", ""C100200"", ""C101000"", ""C101200"", ""C101201"", ""C101210""]"
C101200,single_flip,[0],[],0,1,False,single_geometry_conditional,7,1,"[false, false, true, false, true, false, false]","[""C001200""]"
C101200,single_flip,[0],[],1,7,True,multiple_candidates,1,0,"[null, null, null, false, null, null, null]","[""C000200"", ""C001000"", ""C001200"", ""C001201"", ""C001210"", ""C011200"", ""C101200""]"
C101200,single_flip,[1],[],0,0,False,no_feasible_candidate,0,0,"[null, null, null, null, null, null, null]",[]
C101200,single_flip,[1],[],1,3,True,multiple_candidates,4,0,"[null, null, null, false, true, false, false]","[""C011200"", ""C101200"", ""C110200""]"
C101200,single_flip,[2],[],0,1,False,single_geometry_conditional,7,1,"[true, false, false, false, true, false, false]","[""C100200""]"
C101200,single_flip,[2],[],1,7,True,multiple_candidates,1,0,"[null, null, null, false, null, null, null]","[""C000200"", ""C100000"", ""C100200"", ""C100201"", ""C100210"", ""C101200"", ""C110200""]"
C101200,single_flip,[3],[],0,0,False,no_feasible_candidate,0,0,"[null, null, null, null, null, null, null]",[]
C101200,single_flip,[3],[],1,2,True,multiple_candidates,5,0,"[true, false, true, null, null, false, false]","[""C101100"", ""C101200""]"
C101200,single_flip,[4],[],0,1,False,single_geometry_conditional,7,1,"[true, false, true, false, false, false, false]","[""C101000""]"
C101200,single_flip,[4],[],1,7,True,multiple_candidates,1,0,"[null, false, null, null, null, null, null]","[""C001000"", ""C100000"", ""C101000"", ""C101001"", ""C101010"", ""C101100"", ""C101200""]"
C101200,single_flip,[5],[],0,1,False,single_geometry_conditional,7,1,"[true, false, true, false, true, true, false]","[""C101210""]"
C101200,single_flip,[5],[],1,6,True,multiple_candidates,2,0,"[null, false, null, false, null, null, null]","[""C001210"", ""C100210"", ""C101010"", ""C101200"", ""C101210"", ""C101211""]"
C101200,single_flip,[6],[],0,1,False,compatibility_unresolved,7,1,"[true, false, true, false, true, false, true]","[""C101201""]"
C101200,single_flip,[6],[],1,6,True,multiple_candidates,2,0,"[null, false, null, false, null, null, null]","[""C001201"", ""C100201"", ""C101001"", ""C101200"", ""C101201"", ""C101211""]"
C101200,single_missing,[],[0],0,2,True,multiple_candidates,6,0,"[null, false, true, false, true, false, false]","[""C001200"", ""C101200""]"
C101200,single_missing,[],[0],1,11,True,multiple_candidates,1,0,"[null, null, null, false, null, null, null]","[""C000200"", ""C001000"", ""C001200"", ""C001201"", ""C001210"", ""C011200"", ""C100200"", ""C101000"", ""C101200"", ""C101201"", ""C101210""]"
C101200,single_missing,[],[1],0,1,True,single_geometry_conditional,7,0,"[true, false, true, false, true, false, false]","[""C101200""]"
C101200,single_missing,[],[1],1,8,True,multiple_candidates,1,0,"[null, null, null, false, null, null, null]","[""C001200"", ""C011200"", ""C100200"", ""C101000"", ""C101200"", ""C101201"", ""C101210"", ""C110200""]"
C101200,single_missing,[],[2],0,2,True,multiple_candidates,6,0,"[true, false, null, false, true, false, false]","[""C100200"", ""C101200""]"
C101200,single_missing,[],[2],1,11,True,multiple_candidates,1,0,"[null, null, null, false, null, null, null]","[""C000200"", ""C001200"", ""C100000"", ""C100200"", ""C100201"", ""C100210"", ""C101000"", ""C101200"", ""C101201"", ""C101210"", ""C110200""]"
C101200,single_missing,[],[3],0,1,True,single_geometry_conditional,7,0,"[true, false, true, false, true, false, false]","[""C101200""]"
C101200,single_missing,[],[3],1,7,True,multiple_candidates,1,0,"[null, false, null, null, null, null, null]","[""C001200"", ""C100200"", ""C101000"", ""C101100"", ""C101200"", ""C101201"", ""C101210""]"
C101200,single_missing,[],[4],0,2,True,multiple_candidates,6,0,"[true, false, true, false, null, false, false]","[""C101000"", ""C101200""]"
C101200,single_missing,[],[4],1,11,True,multiple_candidates,1,0,"[null, false, null, null, null, null, null]","[""C001000"", ""C001200"", ""C100000"", ""C100200"", ""C101000"", ""C101001"", ""C101010"", ""C101100"", ""C101200"", ""C101201"", ""C101210""]"
C101200,single_missing,[],[5],0,2,True,multiple_candidates,6,0,"[true, false, true, false, true, null, false]","[""C101200"", ""C101210""]"
C101200,single_missing,[],[5],1,10,True,multiple_candidates,2,0,"[null, false, null, false, null, null, null]","[""C001200"", ""C001210"", ""C100200"", ""C100210"", ""C101000"", ""C101010"", ""C101200"", ""C101201"", ""C101210"", ""C101211""]"
C101200,single_missing,[],[6],0,2,True,multiple_candidates,6,0,"[true, false, true, false, true, false, null]","[""C101200"", ""C101201""]"
C101200,single_missing,[],[6],1,10,True,multiple_candidates,2,0,"[null, false, null, false, null, null, null]","[""C001200"", ""C001201"", ""C100200"", ""C100201"", ""C101000"", ""C101001"", ""C101200"", ""C101201"", ""C101210"", ""C101211""]"
C101200,double_distinct_flip,"[0, 1]",[],0,1,False,single_geometry_conditional,7,2,"[false, true, true, false, true, false, false]","[""C011200""]"
C101200,double_distinct_flip,"[0, 1]",[],1,6,False,multiple_candidates,2,1,"[false, null, null, false, null, null, null]","[""C001200"", ""C010200"", ""C011000"", ""C011200"", ""C011201"", ""C011210""]"
C101200,double_distinct_flip,"[0, 2]",[],0,1,False,single_geometry_conditional,7,2,"[false, false, false, false, true, false, false]","[""C000200""]"
C101200,double_distinct_flip,"[0, 2]",[],1,7,False,multiple_candidates,1,0,"[null, null, null, false, null, null, null]","[""C000000"", ""C000200"", ""C000201"", ""C000210"", ""C001200"", ""C010200"", ""C100200""]"
C101200,double_distinct_flip,"[0, 3]",[],0,0,False,no_feasible_candidate,0,0,"[null, null, null, null, null, null, null]",[]
C101200,double_distinct_flip,"[0, 3]",[],1,2,False,multiple_candidates,5,1,"[false, false, true, null, null, false, false]","[""C001100"", ""C001200""]"
C101200,double_distinct_flip,"[0, 4]",[],0,1,False,single_geometry_conditional,7,2,"[false, false, true, false, false, false, false]","[""C001000""]"
C101200,double_distinct_flip,"[0, 4]",[],1,8,False,multiple_candidates,0,0,"[null, null, null, null, null, null, null]","[""C000000"", ""C001000"", ""C001001"", ""C001010"", ""C001100"", ""C001200"", ""C011000"", ""C101000""]"
C101200,double_distinct_flip,"[0, 5]",[],0,1,False,single_geometry_conditional,7,2,"[false, false, true, false, true, true, false]","[""C001210""]"
C101200,double_distinct_flip,"[0, 5]",[],1,7,False,multiple_candidates,1,0,"[null, null, null, false, null, null, null]","[""C000210"", ""C001010"", ""C001200"", ""C001210"", ""C001211"", ""C011210"", ""C101210""]"
C101200,double_distinct_flip,"[0, 6]",[],0,1,False,compatibility_unresolved,7,2,"[false, false, true, false, true, false, true]","[""C001201""]"
C101200,double_distinct_flip,"[0, 6]",[],1,7,False,multiple_candidates,1,0,"[null, null, null, false, null, null, null]","[""C000201"", ""C001001"", ""C001200"", ""C001201"", ""C001211"", ""C011201"", ""C101201""]"
C101200,double_distinct_flip,"[1, 2]",[],0,1,False,single_geometry_conditional,7,2,"[true, true, false, false, true, false, false]","[""C110200""]"
C101200,double_distinct_flip,"[1, 2]",[],1,6,False,multiple_candidates,2,1,"[null, null, false, false, null, null, null]","[""C010200"", ""C100200"", ""C110000"", ""C110200"", ""C110201"", ""C110210""]"
C101200,double_distinct_flip,"[1, 3]",[],0,0,False,no_feasible_candidate,0,0,"[null, null, null, null, null, null, null]",[]
C101200,double_distinct_flip,"[1, 3]",[],1,0,False,no_feasible_candidate,0,0,"[null, null, null, null, null, null, null]",[]
C101200,double_distinct_flip,"[1, 4]",[],0,0,False,no_feasible_candidate,0,0,"[null, null, null, null, null, null, null]",[]
C101200,double_distinct_flip,"[1, 4]",[],1,3,False,multiple_candidates,4,1,"[null, null, null, false, false, false, false]","[""C011000"", ""C101000"", ""C110000""]"
C101200,double_distinct_flip,"[1, 5]",[],0,0,False,no_feasible_candidate,0,0,"[null, null, null, null, null, null, null]",[]
C101200,double_distinct_flip,"[1, 5]",[],1,3,False,multiple_candidates,4,1,"[null, null, null, false, true, true, false]","[""C011210"", ""C101210"", ""C110210""]"
C101200,double_distinct_flip,"[1, 6]",[],0,0,False,no_feasible_candidate,0,0,"[null, null, null, null, null, null, null]",[]
C101200,double_distinct_flip,"[1, 6]",[],1,3,False,multiple_candidates,4,1,"[null, null, null, false, true, false, true]","[""C011201"", ""C101201"", ""C110201""]"
C101200,double_distinct_flip,"[2, 3]",[],0,0,False,no_feasible_candidate,0,0,"[null, null, null, null, null, null, null]",[]
C101200,double_distinct_flip,"[2, 3]",[],1,2,False,multiple_candidates,5,1,"[true, false, false, null, null, false, false]","[""C100100"", ""C100200""]"
C101200,double_distinct_flip,"[2, 4]",[],0,1,False,single_geometry_conditional,7,2,"[true, false, false, false, false, false, false]","[""C100000""]"
C101200,double_distinct_flip,"[2, 4]",[],1,8,False,multiple_candidates,0,0,"[null, null, null, null, null, null, null]","[""C000000"", ""C100000"", ""C100001"", ""C100010"", ""C100100"", ""C100200"", ""C101000"", ""C110000""]"
C101200,double_distinct_flip,"[2, 5]",[],0,1,False,single_geometry_conditional,7,2,"[true, false, false, false, true, true, false]","[""C100210""]"
C101200,double_distinct_flip,"[2, 5]",[],1,7,False,multiple_candidates,1,0,"[null, null, null, false, null, null, null]","[""C000210"", ""C100010"", ""C100200"", ""C100210"", ""C100211"", ""C101210"", ""C110210""]"
C101200,double_distinct_flip,"[2, 6]",[],0,1,False,single_geometry_conditional,7,2,"[true, false, false, false, true, false, true]","[""C100201""]"
C101200,double_distinct_flip,"[2, 6]",[],1,7,False,multiple_candidates,1,0,"[null, null, null, false, null, null, null]","[""C000201"", ""C100001"", ""C100200"", ""C100201"", ""C100211"", ""C101201"", ""C110201""]"
C101200,double_distinct_flip,"[3, 4]",[],0,1,False,single_geometry_conditional,7,2,"[true, false, true, true, false, false, false]","[""C101100""]"
C101200,double_distinct_flip,"[3, 4]",[],1,5,False,multiple_candidates,3,1,"[null, false, null, null, false, false, null]","[""C001100"", ""C100100"", ""C101000"", ""C101100"", ""C101101""]"
C101200,double_distinct_flip,"[3, 5]",[],0,0,False,no_feasible_candidate,0,0,"[null, null, null, null, null, null, null]",[]
C101200,double_distinct_flip,"[3, 5]",[],1,1,False,single_geometry_conditional,7,1,"[true, false, true, false, true, true, false]","[""C101210""]"
C101200,double_distinct_flip,"[3, 6]",[],0,0,False,no_feasible_candidate,0,0,"[null, null, null, null, null, null, null]",[]
C101200,double_distinct_flip,"[3, 6]",[],1,2,False,multiple_candidates,5,1,"[true, false, true, null, null, false, true]","[""C101101"", ""C101201""]"
C101200,double_distinct_flip,"[4, 5]",[],0,1,False,single_geometry_conditional,7,2,"[true, false, true, false, false, true, false]","[""C101010""]"
C101200,double_distinct_flip,"[4, 5]",[],1,6,False,multiple_candidates,2,0,"[null, false, null, false, null, null, null]","[""C001010"", ""C100010"", ""C101000"", ""C101010"", ""C101011"", ""C101210""]"
C101200,double_distinct_flip,"[4, 6]",[],0,1,False,compatibility_unresolved,7,2,"[true, false, true, false, false, false, true]","[""C101001""]"
C101200,double_distinct_flip,"[4, 6]",[],1,7,False,multiple_candidates,1,0,"[null, false, null, null, null, null, null]","[""C001001"", ""C100001"", ""C101000"", ""C101001"", ""C101011"", ""C101101"", ""C101201""]"
C101200,double_distinct_flip,"[5, 6]",[],0,1,False,compatibility_unresolved,7,2,"[true, false, true, false, true, true, true]","[""C101211""]"
C101200,double_distinct_flip,"[5, 6]",[],1,6,False,multiple_candidates,2,0,"[null, false, null, false, null, null, null]","[""C001211"", ""C100211"", ""C101011"", ""C101201"", ""C101210"", ""C101211""]"
C101201,clean,[],[],0,1,True,compatibility_unresolved,7,0,"[true, false, true, false, true, false, true]","[""C101201""]"
C101201,clean,[],[],1,6,True,multiple_candidates,2,0,"[null, false, null, false, null, null, null]","[""C001201"", ""C100201"", ""C101001"", ""C101200"", ""C101201"", ""C101211""]"
C101201,single_flip,[0],[],0,1,False,compatibility_unresolved,7,1,"[false, false, true, false, true, false, true]","[""C001201""]"
C101201,single_flip,[0],[],1,7,True,multiple_candidates,1,0,"[null, null, null, false, null, null, null]","[""C000201"", ""C001001"", ""C001200"", ""C001201"", ""C001211"", ""C011201"", ""C101201""]"
C101201,single_flip,[1],[],0,0,False,no_feasible_candidate,0,0,"[null, null, null, null, null, null, null]",[]
C101201,single_flip,[1],[],1,3,True,multiple_candidates,4,0,"[null, null, null, false, true, false, true]","[""C011201"", ""C101201"", ""C110201""]"
C101201,single_flip,[2],[],0,1,False,single_geometry_conditional,7,1,"[true, false, false, false, true, false, true]","[""C100201""]"
C101201,single_flip,[2],[],1,7,True,multiple_candidates,1,0,"[null, null, null, false, null, null, null]","[""C000201"", ""C100001"", ""C100200"", ""C100201"", ""C100211"", ""C101201"", ""C110201""]"
C101201,single_flip,[3],[],0,0,False,no_feasible_candidate,0,0,"[null, null, null, null, null, null, null]",[]
C101201,single_flip,[3],[],1,2,True,multiple_candidates,5,0,"[true, false, true, null, null, false, true]","[""C101101"", ""C101201""]"
C101201,single_flip,[4],[],0,1,False,compatibility_unresolved,7,1,"[true, false, true, false, false, false, true]","[""C101001""]"
C101201,single_flip,[4],[],1,7,True,multiple_candidates,1,0,"[null, false, null, null, null, null, null]","[""C001001"", ""C100001"", ""C101000"", ""C101001"", ""C101011"", ""C101101"", ""C101201""]"
C101201,single_flip,[5],[],0,1,False,compatibility_unresolved,7,1,"[true, false, true, false, true, true, true]","[""C101211""]"
C101201,single_flip,[5],[],1,6,True,multiple_candidates,2,0,"[null, false, null, false, null, null, null]","[""C001211"", ""C100211"", ""C101011"", ""C101201"", ""C101210"", ""C101211""]"
C101201,single_flip,[6],[],0,1,False,single_geometry_conditional,7,1,"[true, false, true, false, true, false, false]","[""C101200""]"
C101201,single_flip,[6],[],1,6,True,multiple_candidates,2,0,"[null, false, null, false, null, null, null]","[""C001200"", ""C100200"", ""C101000"", ""C101200"", ""C101201"", ""C101210""]"
C101201,single_missing,[],[0],0,2,True,multiple_candidates,6,0,"[null, false, true, false, true, false, true]","[""C001201"", ""C101201""]"
C101201,single_missing,[],[0],1,11,True,multiple_candidates,1,0,"[null, null, null, false, null, null, null]","[""C000201"", ""C001001"", ""C001200"", ""C001201"", ""C001211"", ""C011201"", ""C100201"", ""C101001"", ""C101200"", ""C101201"", ""C101211""]"
C101201,single_missing,[],[1],0,1,True,compatibility_unresolved,7,0,"[true, false, true, false, true, false, true]","[""C101201""]"
C101201,single_missing,[],[1],1,8,True,multiple_candidates,1,0,"[null, null, null, false, null, null, null]","[""C001201"", ""C011201"", ""C100201"", ""C101001"", ""C101200"", ""C101201"", ""C101211"", ""C110201""]"
C101201,single_missing,[],[2],0,2,True,multiple_candidates,6,0,"[true, false, null, false, true, false, true]","[""C100201"", ""C101201""]"
C101201,single_missing,[],[2],1,11,True,multiple_candidates,1,0,"[null, null, null, false, null, null, null]","[""C000201"", ""C001201"", ""C100001"", ""C100200"", ""C100201"", ""C100211"", ""C101001"", ""C101200"", ""C101201"", ""C101211"", ""C110201""]"
C101201,single_missing,[],[3],0,1,True,compatibility_unresolved,7,0,"[true, false, true, false, true, false, true]","[""C101201""]"
C101201,single_missing,[],[3],1,7,True,multiple_candidates,1,0,"[null, false, null, null, null, null, null]","[""C001201"", ""C100201"", ""C101001"", ""C101101"", ""C101200"", ""C101201"", ""C101211""]"
C101201,single_missing,[],[4],0,2,True,multiple_candidates,6,0,"[true, false, true, false, null, false, true]","[""C101001"", ""C101201""]"
C101201,single_missing,[],[4],1,11,True,multiple_candidates,1,0,"[null, false, null, null, null, null, null]","[""C001001"", ""C001201"", ""C100001"", ""C100201"", ""C101000"", ""C101001"", ""C101011"", ""C101101"", ""C101200"", ""C101201"", ""C101211""]"
C101201,single_missing,[],[5],0,2,True,multiple_candidates,6,0,"[true, false, true, false, true, null, true]","[""C101201"", ""C101211""]"
C101201,single_missing,[],[5],1,10,True,multiple_candidates,2,0,"[null, false, null, false, null, null, null]","[""C001201"", ""C001211"", ""C100201"", ""C100211"", ""C101001"", ""C101011"", ""C101200"", ""C101201"", ""C101210"", ""C101211""]"
C101201,single_missing,[],[6],0,2,True,multiple_candidates,6,0,"[true, false, true, false, true, false, null]","[""C101200"", ""C101201""]"
C101201,single_missing,[],[6],1,10,True,multiple_candidates,2,0,"[null, false, null, false, null, null, null]","[""C001200"", ""C001201"", ""C100200"", ""C100201"", ""C101000"", ""C101001"", ""C101200"", ""C101201"", ""C101210"", ""C101211""]"
C101201,double_distinct_flip,"[0, 1]",[],0,1,False,compatibility_unresolved,7,2,"[false, true, true, false, true, false, true]","[""C011201""]"
C101201,double_distinct_flip,"[0, 1]",[],1,6,False,multiple_candidates,2,1,"[false, null, null, false, null, null, null]","[""C001201"", ""C010201"", ""C011001"", ""C011200"", ""C011201"", ""C011211""]"
C101201,double_distinct_flip,"[0, 2]",[],0,1,False,single_geometry_conditional,7,2,"[false, false, false, false, true, false, true]","[""C000201""]"
C101201,double_distinct_flip,"[0, 2]",[],1,7,False,multiple_candidates,1,0,"[null, null, null, false, null, null, null]","[""C000001"", ""C000200"", ""C000201"", ""C000211"", ""C001201"", ""C010201"", ""C100201""]"
C101201,double_distinct_flip,"[0, 3]",[],0,0,False,no_feasible_candidate,0,0,"[null, null, null, null, null, null, null]",[]
C101201,double_distinct_flip,"[0, 3]",[],1,2,False,multiple_candidates,5,1,"[false, false, true, null, null, false, true]","[""C001101"", ""C001201""]"
C101201,double_distinct_flip,"[0, 4]",[],0,1,False,compatibility_unresolved,7,2,"[false, false, true, false, false, false, true]","[""C001001""]"
C101201,double_distinct_flip,"[0, 4]",[],1,8,False,multiple_candidates,0,0,"[null, null, null, null, null, null, null]","[""C000001"", ""C001000"", ""C001001"", ""C001011"", ""C001101"", ""C001201"", ""C011001"", ""C101001""]"
C101201,double_distinct_flip,"[0, 5]",[],0,1,False,compatibility_unresolved,7,2,"[false, false, true, false, true, true, true]","[""C001211""]"
C101201,double_distinct_flip,"[0, 5]",[],1,7,False,multiple_candidates,1,0,"[null, null, null, false, null, null, null]","[""C000211"", ""C001011"", ""C001201"", ""C001210"", ""C001211"", ""C011211"", ""C101211""]"
C101201,double_distinct_flip,"[0, 6]",[],0,1,False,single_geometry_conditional,7,2,"[false, false, true, false, true, false, false]","[""C001200""]"
C101201,double_distinct_flip,"[0, 6]",[],1,7,False,multiple_candidates,1,0,"[null, null, null, false, null, null, null]","[""C000200"", ""C001000"", ""C001200"", ""C001201"", ""C001210"", ""C011200"", ""C101200""]"
C101201,double_distinct_flip,"[1, 2]",[],0,1,False,single_geometry_conditional,7,2,"[true, true, false, false, true, false, true]","[""C110201""]"
C101201,double_distinct_flip,"[1, 2]",[],1,6,False,multiple_candidates,2,1,"[null, null, false, false, null, null, null]","[""C010201"", ""C100201"", ""C110001"", ""C110200"", ""C110201"", ""C110211""]"
C101201,double_distinct_flip,"[1, 3]",[],0,0,False,no_feasible_candidate,0,0,"[null, null, null, null, null, null, null]",[]
C101201,double_distinct_flip,"[1, 3]",[],1,0,False,no_feasible_candidate,0,0,"[null, null, null, null, null, null, null]",[]
C101201,double_distinct_flip,"[1, 4]",[],0,0,False,no_feasible_candidate,0,0,"[null, null, null, null, null, null, null]",[]
C101201,double_distinct_flip,"[1, 4]",[],1,3,False,multiple_candidates,4,1,"[null, null, null, false, false, false, true]","[""C011001"", ""C101001"", ""C110001""]"
C101201,double_distinct_flip,"[1, 5]",[],0,0,False,no_feasible_candidate,0,0,"[null, null, null, null, null, null, null]",[]
C101201,double_distinct_flip,"[1, 5]",[],1,3,False,multiple_candidates,4,1,"[null, null, null, false, true, true, true]","[""C011211"", ""C101211"", ""C110211""]"
C101201,double_distinct_flip,"[1, 6]",[],0,0,False,no_feasible_candidate,0,0,"[null, null, null, null, null, null, null]",[]
C101201,double_distinct_flip,"[1, 6]",[],1,3,False,multiple_candidates,4,1,"[null, null, null, false, true, false, false]","[""C011200"", ""C101200"", ""C110200""]"
C101201,double_distinct_flip,"[2, 3]",[],0,0,False,no_feasible_candidate,0,0,"[null, null, null, null, null, null, null]",[]
C101201,double_distinct_flip,"[2, 3]",[],1,2,False,multiple_candidates,5,1,"[true, false, false, null, null, false, true]","[""C100101"", ""C100201""]"
C101201,double_distinct_flip,"[2, 4]",[],0,1,False,single_geometry_conditional,7,2,"[true, false, false, false, false, false, true]","[""C100001""]"
C101201,double_distinct_flip,"[2, 4]",[],1,8,False,multiple_candidates,0,0,"[null, null, null, null, null, null, null]","[""C000001"", ""C100000"", ""C100001"", ""C100011"", ""C100101"", ""C100201"", ""C101001"", ""C110001""]"
C101201,double_distinct_flip,"[2, 5]",[],0,1,False,single_geometry_conditional,7,2,"[true, false, false, false, true, true, true]","[""C100211""]"
C101201,double_distinct_flip,"[2, 5]",[],1,7,False,multiple_candidates,1,0,"[null, null, null, false, null, null, null]","[""C000211"", ""C100011"", ""C100201"", ""C100210"", ""C100211"", ""C101211"", ""C110211""]"
C101201,double_distinct_flip,"[2, 6]",[],0,1,False,single_geometry_conditional,7,2,"[true, false, false, false, true, false, false]","[""C100200""]"
C101201,double_distinct_flip,"[2, 6]",[],1,7,False,multiple_candidates,1,0,"[null, null, null, false, null, null, null]","[""C000200"", ""C100000"", ""C100200"", ""C100201"", ""C100210"", ""C101200"", ""C110200""]"
C101201,double_distinct_flip,"[3, 4]",[],0,1,False,compatibility_unresolved,7,2,"[true, false, true, true, false, false, true]","[""C101101""]"
C101201,double_distinct_flip,"[3, 4]",[],1,5,False,multiple_candidates,3,1,"[null, false, null, null, false, false, null]","[""C001101"", ""C100101"", ""C101001"", ""C101100"", ""C101101""]"
C101201,double_distinct_flip,"[3, 5]",[],0,0,False,no_feasible_candidate,0,0,"[null, null, null, null, null, null, null]",[]
C101201,double_distinct_flip,"[3, 5]",[],1,1,False,compatibility_unresolved,7,1,"[true, false, true, false, true, true, true]","[""C101211""]"
C101201,double_distinct_flip,"[3, 6]",[],0,0,False,no_feasible_candidate,0,0,"[null, null, null, null, null, null, null]",[]
C101201,double_distinct_flip,"[3, 6]",[],1,2,False,multiple_candidates,5,1,"[true, false, true, null, null, false, false]","[""C101100"", ""C101200""]"
C101201,double_distinct_flip,"[4, 5]",[],0,1,False,compatibility_unresolved,7,2,"[true, false, true, false, false, true, true]","[""C101011""]"
C101201,double_distinct_flip,"[4, 5]",[],1,6,False,multiple_candidates,2,0,"[null, false, null, false, null, null, null]","[""C001011"", ""C100011"", ""C101001"", ""C101010"", ""C101011"", ""C101211""]"
C101201,double_distinct_flip,"[4, 6]",[],0,1,False,single_geometry_conditional,7,2,"[true, false, true, false, false, false, false]","[""C101000""]"
C101201,double_distinct_flip,"[4, 6]",[],1,7,False,multiple_candidates,1,0,"[null, false, null, null, null, null, null]","[""C001000"", ""C100000"", ""C101000"", ""C101001"", ""C101010"", ""C101100"", ""C101200""]"
C101201,double_distinct_flip,"[5, 6]",[],0,1,False,single_geometry_conditional,7,2,"[true, false, true, false, true, true, false]","[""C101210""]"
C101201,double_distinct_flip,"[5, 6]",[],1,6,False,multiple_candidates,2,0,"[null, false, null, false, null, null, null]","[""C001210"", ""C100210"", ""C101010"", ""C101200"", ""C101210"", ""C101211""]"
C101210,clean,[],[],0,1,True,single_geometry_conditional,7,0,"[true, false, true, false, true, true, false]","[""C101210""]"
C101210,clean,[],[],1,6,True,multiple_candidates,2,0,"[null, false, null, false, null, null, null]","[""C001210"", ""C100210"", ""C101010"", ""C101200"", ""C101210"", ""C101211""]"
C101210,single_flip,[0],[],0,1,False,single_geometry_conditional,7,1,"[false, false, true, false, true, true, false]","[""C001210""]"
C101210,single_flip,[0],[],1,7,True,multiple_candidates,1,0,"[null, null, null, false, null, null, null]","[""C000210"", ""C001010"", ""C001200"", ""C001210"", ""C001211"", ""C011210"", ""C101210""]"
C101210,single_flip,[1],[],0,0,False,no_feasible_candidate,0,0,"[null, null, null, null, null, null, null]",[]
C101210,single_flip,[1],[],1,3,True,multiple_candidates,4,0,"[null, null, null, false, true, true, false]","[""C011210"", ""C101210"", ""C110210""]"
C101210,single_flip,[2],[],0,1,False,single_geometry_conditional,7,1,"[true, false, false, false, true, true, false]","[""C100210""]"
C101210,single_flip,[2],[],1,7,True,multiple_candidates,1,0,"[null, null, null, false, null, null, null]","[""C000210"", ""C100010"", ""C100200"", ""C100210"", ""C100211"", ""C101210"", ""C110210""]"
C101210,single_flip,[3],[],0,0,False,no_feasible_candidate,0,0,"[null, null, null, null, null, null, null]",[]
C101210,single_flip,[3],[],1,1,True,single_geometry_conditional,7,0,"[true, false, true, false, true, true, false]","[""C101210""]"
C101210,single_flip,[4],[],0,1,False,single_geometry_conditional,7,1,"[true, false, true, false, false, true, false]","[""C101010""]"
C101210,single_flip,[4],[],1,6,True,multiple_candidates,2,0,"[null, false, null, false, null, null, null]","[""C001010"", ""C100010"", ""C101000"", ""C101010"", ""C101011"", ""C101210""]"
C101210,single_flip,[5],[],0,1,False,single_geometry_conditional,7,1,"[true, false, true, false, true, false, false]","[""C101200""]"
C101210,single_flip,[5],[],1,6,True,multiple_candidates,2,0,"[null, false, null, false, null, null, null]","[""C001200"", ""C100200"", ""C101000"", ""C101200"", ""C101201"", ""C101210""]"
C101210,single_flip,[6],[],0,1,False,compatibility_unresolved,7,1,"[true, false, true, false, true, true, true]","[""C101211""]"
C101210,single_flip,[6],[],1,6,True,multiple_candidates,2,0,"[null, false, null, false, null, null, null]","[""C001211"", ""C100211"", ""C101011"", ""C101201"", ""C101210"", ""C101211""]"
C101210,single_missing,[],[0],0,2,True,multiple_candidates,6,0,"[null, false, true, false, true, true, false]","[""C001210"", ""C101210""]"
C101210,single_missing,[],[0],1,11,True,multiple_candidates,1,0,"[null, null, null, false, null, null, null]","[""C000210"", ""C001010"", ""C001200"", ""C001210"", ""C001211"", ""C011210"", ""C100210"", ""C101010"", ""C101200"", ""C101210"", ""C101211""]"
C101210,single_missing,[],[1],0,1,True,single_geometry_conditional,7,0,"[true, false, true, false, true, true, false]","[""C101210""]"
C101210,single_missing,[],[1],1,8,True,multiple_candidates,1,0,"[null, null, null, false, null, null, null]","[""C001210"", ""C011210"", ""C100210"", ""C101010"", ""C101200"", ""C101210"", ""C101211"", ""C110210""]"
C101210,single_missing,[],[2],0,2,True,multiple_candidates,6,0,"[true, false, null, false, true, true, false]","[""C100210"", ""C101210""]"
C101210,single_missing,[],[2],1,11,True,multiple_candidates,1,0,"[null, null, null, false, null, null, null]","[""C000210"", ""C001210"", ""C100010"", ""C100200"", ""C100210"", ""C100211"", ""C101010"", ""C101200"", ""C101210"", ""C101211"", ""C110210""]"
C101210,single_missing,[],[3],0,1,True,single_geometry_conditional,7,0,"[true, false, true, false, true, true, false]","[""C101210""]"
C101210,single_missing,[],[3],1,6,True,multiple_candidates,2,0,"[null, false, null, false, null, null, null]","[""C001210"", ""C100210"", ""C101010"", ""C101200"", ""C101210"", ""C101211""]"
C101210,single_missing,[],[4],0,2,True,multiple_candidates,6,0,"[true, false, true, false, null, true, false]","[""C101010"", ""C101210""]"
C101210,single_missing,[],[4],1,10,True,multiple_candidates,2,0,"[null, false, null, false, null, null, null]","[""C001010"", ""C001210"", ""C100010"", ""C100210"", ""C101000"", ""C101010"", ""C101011"", ""C101200"", ""C101210"", ""C101211""]"
C101210,single_missing,[],[5],0,2,True,multiple_candidates,6,0,"[true, false, true, false, true, null, false]","[""C101200"", ""C101210""]"
C101210,single_missing,[],[5],1,10,True,multiple_candidates,2,0,"[null, false, null, false, null, null, null]","[""C001200"", ""C001210"", ""C100200"", ""C100210"", ""C101000"", ""C101010"", ""C101200"", ""C101201"", ""C101210"", ""C101211""]"
C101210,single_missing,[],[6],0,2,True,multiple_candidates,6,0,"[true, false, true, false, true, true, null]","[""C101210"", ""C101211""]"
C101210,single_missing,[],[6],1,10,True,multiple_candidates,2,0,"[null, false, null, false, null, null, null]","[""C001210"", ""C001211"", ""C100210"", ""C100211"", ""C101010"", ""C101011"", ""C101200"", ""C101201"", ""C101210"", ""C101211""]"
C101210,double_distinct_flip,"[0, 1]",[],0,1,False,single_geometry_conditional,7,2,"[false, true, true, false, true, true, false]","[""C011210""]"
C101210,double_distinct_flip,"[0, 1]",[],1,6,False,multiple_candidates,2,1,"[false, null, null, false, null, null, null]","[""C001210"", ""C010210"", ""C011010"", ""C011200"", ""C011210"", ""C011211""]"
C101210,double_distinct_flip,"[0, 2]",[],0,1,False,single_geometry_conditional,7,2,"[false, false, false, false, true, true, false]","[""C000210""]"
C101210,double_distinct_flip,"[0, 2]",[],1,7,False,multiple_candidates,1,0,"[null, null, null, false, null, null, null]","[""C000010"", ""C000200"", ""C000210"", ""C000211"", ""C001210"", ""C010210"", ""C100210""]"
C101210,double_distinct_flip,"[0, 3]",[],0,0,False,no_feasible_candidate,0,0,"[null, null, null, null, null, null, null]",[]
C101210,double_distinct_flip,"[0, 3]",[],1,1,False,single_geometry_conditional,7,1,"[false, false, true, false, true, true, false]","[""C001210""]"
C101210,double_distinct_flip,"[0, 4]",[],0,1,False,single_geometry_conditional,7,2,"[false, false, true, false, false, true, false]","[""C001010""]"
C101210,double_distinct_flip,"[0, 4]",[],1,7,False,multiple_candidates,1,0,"[null, null, null, false, null, null, null]","[""C000010"", ""C001000"", ""C001010"", ""C001011"", ""C001210"", ""C011010"", ""C101010""]"
C101210,double_distinct_flip,"[0, 5]",[],0,1,False,single_geometry_conditional,7,2,"[false, false, true, false, true, false, false]","[""C001200""]"
C101210,double_distinct_flip,"[0, 5]",[],1,7,False,multiple_candidates,1,0,"[null, null, null, false, null, null, null]","[""C000200"", ""C001000"", ""C001200"", ""C001201"", ""C001210"", ""C011200"", ""C101200""]"
C101210,double_distinct_flip,"[0, 6]",[],0,1,False,compatibility_unresolved,7,2,"[false, false, true, false, true, true, true]","[""C001211""]"
C101210,double_distinct_flip,"[0, 6]",[],1,7,False,multiple_candidates,1,0,"[null, null, null, false, null, null, null]","[""C000211"", ""C001011"", ""C001201"", ""C001210"", ""C001211"", ""C011211"", ""C101211""]"
C101210,double_distinct_flip,"[1, 2]",[],0,1,False,single_geometry_conditional,7,2,"[true, true, false, false, true, true, false]","[""C110210""]"
C101210,double_distinct_flip,"[1, 2]",[],1,6,False,multiple_candidates,2,1,"[null, null, false, false, null, null, null]","[""C010210"", ""C100210"", ""C110010"", ""C110200"", ""C110210"", ""C110211""]"
C101210,double_distinct_flip,"[1, 3]",[],0,0,False,no_feasible_candidate,0,0,"[null, null, null, null, null, null, null]",[]
C101210,double_distinct_flip,"[1, 3]",[],1,0,False,no_feasible_candidate,0,0,"[null, null, null, null, null, null, null]",[]
C101210,double_distinct_flip,"[1, 4]",[],0,0,False,no_feasible_candidate,0,0,"[null, null, null, null, null, null, null]",[]
C101210,double_distinct_flip,"[1, 4]",[],1,3,False,multiple_candidates,4,1,"[null, null, null, false, false, true, false]","[""C011010"", ""C101010"", ""C110010""]"
C101210,double_distinct_flip,"[1, 5]",[],0,0,False,no_feasible_candidate,0,0,"[null, null, null, null, null, null, null]",[]
C101210,double_distinct_flip,"[1, 5]",[],1,3,False,multiple_candidates,4,1,"[null, null, null, false, true, false, false]","[""C011200"", ""C101200"", ""C110200""]"
C101210,double_distinct_flip,"[1, 6]",[],0,0,False,no_feasible_candidate,0,0,"[null, null, null, null, null, null, null]",[]
C101210,double_distinct_flip,"[1, 6]",[],1,3,False,multiple_candidates,4,1,"[null, null, null, false, true, true, true]","[""C011211"", ""C101211"", ""C110211""]"
C101210,double_distinct_flip,"[2, 3]",[],0,0,False,no_feasible_candidate,0,0,"[null, null, null, null, null, null, null]",[]
C101210,double_distinct_flip,"[2, 3]",[],1,1,False,single_geometry_conditional,7,1,"[true, false, false, false, true, true, false]","[""C100210""]"
C101210,double_distinct_flip,"[2, 4]",[],0,1,False,single_geometry_conditional,7,2,"[true, false, false, false, false, true, false]","[""C100010""]"
C101210,double_distinct_flip,"[2, 4]",[],1,7,False,multiple_candidates,1,0,"[null, null, null, false, null, null, null]","[""C000010"", ""C100000"", ""C100010"", ""C100011"", ""C100210"", ""C101010"", ""C110010""]"
C101210,double_distinct_flip,"[2, 5]",[],0,1,False,single_geometry_conditional,7,2,"[true, false, false, false, true, false, false]","[""C100200""]"
C101210,double_distinct_flip,"[2, 5]",[],1,7,False,multiple_candidates,1,0,"[null, null, null, false, null, null, null]","[""C000200"", ""C100000"", ""C100200"", ""C100201"", ""C100210"", ""C101200"", ""C110200""]"
C101210,double_distinct_flip,"[2, 6]",[],0,1,False,single_geometry_conditional,7,2,"[true, false, false, false, true, true, true]","[""C100211""]"
C101210,double_distinct_flip,"[2, 6]",[],1,7,False,multiple_candidates,1,0,"[null, null, null, false, null, null, null]","[""C000211"", ""C100011"", ""C100201"", ""C100210"", ""C100211"", ""C101211"", ""C110211""]"
C101210,double_distinct_flip,"[3, 4]",[],0,0,False,no_feasible_candidate,0,0,"[null, null, null, null, null, null, null]",[]
C101210,double_distinct_flip,"[3, 4]",[],1,2,False,multiple_candidates,5,1,"[true, false, true, null, false, null, false]","[""C101010"", ""C101100""]"
C101210,double_distinct_flip,"[3, 5]",[],0,0,False,no_feasible_candidate,0,0,"[null, null, null, null, null, null, null]",[]
C101210,double_distinct_flip,"[3, 5]",[],1,2,False,multiple_candidates,5,1,"[true, false, true, null, null, false, false]","[""C101100"", ""C101200""]"
C101210,double_distinct_flip,"[3, 6]",[],0,0,False,no_feasible_candidate,0,0,"[null, null, null, null, null, null, null]",[]
C101210,double_distinct_flip,"[3, 6]",[],1,1,False,compatibility_unresolved,7,1,"[true, false, true, false, true, true, true]","[""C101211""]"
C101210,double_distinct_flip,"[4, 5]",[],0,1,False,single_geometry_conditional,7,2,"[true, false, true, false, false, false, false]","[""C101000""]"
C101210,double_distinct_flip,"[4, 5]",[],1,7,False,multiple_candidates,1,0,"[null, false, null, null, null, null, null]","[""C001000"", ""C100000"", ""C101000"", ""C101001"", ""C101010"", ""C101100"", ""C101200""]"
C101210,double_distinct_flip,"[4, 6]",[],0,1,False,compatibility_unresolved,7,2,"[true, false, true, false, false, true, true]","[""C101011""]"
C101210,double_distinct_flip,"[4, 6]",[],1,6,False,multiple_candidates,2,0,"[null, false, null, false, null, null, null]","[""C001011"", ""C100011"", ""C101001"", ""C101010"", ""C101011"", ""C101211""]"
C101210,double_distinct_flip,"[5, 6]",[],0,1,False,compatibility_unresolved,7,2,"[true, false, true, false, true, false, true]","[""C101201""]"
C101210,double_distinct_flip,"[5, 6]",[],1,6,False,multiple_candidates,2,0,"[null, false, null, false, null, null, null]","[""C001201"", ""C100201"", ""C101001"", ""C101200"", ""C101201"", ""C101211""]"
C101211,clean,[],[],0,1,True,compatibility_unresolved,7,0,"[true, false, true, false, true, true, true]","[""C101211""]"
C101211,clean,[],[],1,6,True,multiple_candidates,2,0,"[null, false, null, false, null, null, null]","[""C001211"", ""C100211"", ""C101011"", ""C101201"", ""C101210"", ""C101211""]"
C101211,single_flip,[0],[],0,1,False,compatibility_unresolved,7,1,"[false, false, true, false, true, true, true]","[""C001211""]"
C101211,single_flip,[0],[],1,7,True,multiple_candidates,1,0,"[null, null, null, false, null, null, null]","[""C000211"", ""C001011"", ""C001201"", ""C001210"", ""C001211"", ""C011211"", ""C101211""]"
C101211,single_flip,[1],[],0,0,False,no_feasible_candidate,0,0,"[null, null, null, null, null, null, null]",[]
C101211,single_flip,[1],[],1,3,True,multiple_candidates,4,0,"[null, null, null, false, true, true, true]","[""C011211"", ""C101211"", ""C110211""]"
C101211,single_flip,[2],[],0,1,False,single_geometry_conditional,7,1,"[true, false, false, false, true, true, true]","[""C100211""]"
C101211,single_flip,[2],[],1,7,True,multiple_candidates,1,0,"[null, null, null, false, null, null, null]","[""C000211"", ""C100011"", ""C100201"", ""C100210"", ""C100211"", ""C101211"", ""C110211""]"
C101211,single_flip,[3],[],0,0,False,no_feasible_candidate,0,0,"[null, null, null, null, null, null, null]",[]
C101211,single_flip,[3],[],1,1,True,compatibility_unresolved,7,0,"[true, false, true, false, true, true, true]","[""C101211""]"
C101211,single_flip,[4],[],0,1,False,compatibility_unresolved,7,1,"[true, false, true, false, false, true, true]","[""C101011""]"
C101211,single_flip,[4],[],1,6,True,multiple_candidates,2,0,"[null, false, null, false, null, null, null]","[""C001011"", ""C100011"", ""C101001"", ""C101010"", ""C101011"", ""C101211""]"
C101211,single_flip,[5],[],0,1,False,compatibility_unresolved,7,1,"[true, false, true, false, true, false, true]","[""C101201""]"
C101211,single_flip,[5],[],1,6,True,multiple_candidates,2,0,"[null, false, null, false, null, null, null]","[""C001201"", ""C100201"", ""C101001"", ""C101200"", ""C101201"", ""C101211""]"
C101211,single_flip,[6],[],0,1,False,single_geometry_conditional,7,1,"[true, false, true, false, true, true, false]","[""C101210""]"
C101211,single_flip,[6],[],1,6,True,multiple_candidates,2,0,"[null, false, null, false, null, null, null]","[""C001210"", ""C100210"", ""C101010"", ""C101200"", ""C101210"", ""C101211""]"
C101211,single_missing,[],[0],0,2,True,multiple_candidates,6,0,"[null, false, true, false, true, true, true]","[""C001211"", ""C101211""]"
C101211,single_missing,[],[0],1,11,True,multiple_candidates,1,0,"[null, null, null, false, null, null, null]","[""C000211"", ""C001011"", ""C001201"", ""C001210"", ""C001211"", ""C011211"", ""C100211"", ""C101011"", ""C101201"", ""C101210"", ""C101211""]"
C101211,single_missing,[],[1],0,1,True,compatibility_unresolved,7,0,"[true, false, true, false, true, true, true]","[""C101211""]"
C101211,single_missing,[],[1],1,8,True,multiple_candidates,1,0,"[null, null, null, false, null, null, null]","[""C001211"", ""C011211"", ""C100211"", ""C101011"", ""C101201"", ""C101210"", ""C101211"", ""C110211""]"
C101211,single_missing,[],[2],0,2,True,multiple_candidates,6,0,"[true, false, null, false, true, true, true]","[""C100211"", ""C101211""]"
C101211,single_missing,[],[2],1,11,True,multiple_candidates,1,0,"[null, null, null, false, null, null, null]","[""C000211"", ""C001211"", ""C100011"", ""C100201"", ""C100210"", ""C100211"", ""C101011"", ""C101201"", ""C101210"", ""C101211"", ""C110211""]"
C101211,single_missing,[],[3],0,1,True,compatibility_unresolved,7,0,"[true, false, true, false, true, true, true]","[""C101211""]"
C101211,single_missing,[],[3],1,6,True,multiple_candidates,2,0,"[null, false, null, false, null, null, null]","[""C001211"", ""C100211"", ""C101011"", ""C101201"", ""C101210"", ""C101211""]"
C101211,single_missing,[],[4],0,2,True,multiple_candidates,6,0,"[true, false, true, false, null, true, true]","[""C101011"", ""C101211""]"
C101211,single_missing,[],[4],1,10,True,multiple_candidates,2,0,"[null, false, null, false, null, null, null]","[""C001011"", ""C001211"", ""C100011"", ""C100211"", ""C101001"", ""C101010"", ""C101011"", ""C101201"", ""C101210"", ""C101211""]"
C101211,single_missing,[],[5],0,2,True,multiple_candidates,6,0,"[true, false, true, false, true, null, true]","[""C101201"", ""C101211""]"
C101211,single_missing,[],[5],1,10,True,multiple_candidates,2,0,"[null, false, null, false, null, null, null]","[""C001201"", ""C001211"", ""C100201"", ""C100211"", ""C101001"", ""C101011"", ""C101200"", ""C101201"", ""C101210"", ""C101211""]"
C101211,single_missing,[],[6],0,2,True,multiple_candidates,6,0,"[true, false, true, false, true, true, null]","[""C101210"", ""C101211""]"
C101211,single_missing,[],[6],1,10,True,multiple_candidates,2,0,"[null, false, null, false, null, null, null]","[""C001210"", ""C001211"", ""C100210"", ""C100211"", ""C101010"", ""C101011"", ""C101200"", ""C101201"", ""C101210"", ""C101211""]"
C101211,double_distinct_flip,"[0, 1]",[],0,1,False,compatibility_unresolved,7,2,"[false, true, true, false, true, true, true]","[""C011211""]"
C101211,double_distinct_flip,"[0, 1]",[],1,6,False,multiple_candidates,2,1,"[false, null, null, false, null, null, null]","[""C001211"", ""C010211"", ""C011011"", ""C011201"", ""C011210"", ""C011211""]"
C101211,double_distinct_flip,"[0, 2]",[],0,1,False,single_geometry_conditional,7,2,"[false, false, false, false, true, true, true]","[""C000211""]"
C101211,double_distinct_flip,"[0, 2]",[],1,7,False,multiple_candidates,1,0,"[null, null, null, false, null, null, null]","[""C000011"", ""C000201"", ""C000210"", ""C000211"", ""C001211"", ""C010211"", ""C100211""]"
C101211,double_distinct_flip,"[0, 3]",[],0,0,False,no_feasible_candidate,0,0,"[null, null, null, null, null, null, null]",[]
C101211,double_distinct_flip,"[0, 3]",[],1,1,False,compatibility_unresolved,7,1,"[false, false, true, false, true, true, true]","[""C001211""]"
C101211,double_distinct_flip,"[0, 4]",[],0,1,False,compatibility_unresolved,7,2,"[false, false, true, false, false, true, true]","[""C001011""]"
C101211,double_distinct_flip,"[0, 4]",[],1,7,False,multiple_candidates,1,0,"[null, null, null, false, null, null, null]","[""C000011"", ""C001001"", ""C001010"", ""C001011"", ""C001211"", ""C011011"", ""C101011""]"
C101211,double_distinct_flip,"[0, 5]",[],0,1,False,compatibility_unresolved,7,2,"[false, false, true, false, true, false, true]","[""C001201""]"
C101211,double_distinct_flip,"[0, 5]",[],1,7,False,multiple_candidates,1,0,"[null, null, null, false, null, null, null]","[""C000201"", ""C001001"", ""C001200"", ""C001201"", ""C001211"", ""C011201"", ""C101201""]"
C101211,double_distinct_flip,"[0, 6]",[],0,1,False,single_geometry_conditional,7,2,"[false, false, true, false, true, true, false]","[""C001210""]"
C101211,double_distinct_flip,"[0, 6]",[],1,7,False,multiple_candidates,1,0,"[null, null, null, false, null, null, null]","[""C000210"", ""C001010"", ""C001200"", ""C001210"", ""C001211"", ""C011210"", ""C101210""]"
C101211,double_distinct_flip,"[1, 2]",[],0,1,False,single_geometry_conditional,7,2,"[true, true, false, false, true, true, true]","[""C110211""]"
C101211,double_distinct_flip,"[1, 2]",[],1,6,False,multiple_candidates,2,1,"[null, null, false, false, null, null, null]","[""C010211"", ""C100211"", ""C110011"", ""C110201"", ""C110210"", ""C110211""]"
C101211,double_distinct_flip,"[1, 3]",[],0,0,False,no_feasible_candidate,0,0,"[null, null, null, null, null, null, null]",[]
C101211,double_distinct_flip,"[1, 3]",[],1,0,False,no_feasible_candidate,0,0,"[null, null, null, null, null, null, null]",[]
C101211,double_distinct_flip,"[1, 4]",[],0,0,False,no_feasible_candidate,0,0,"[null, null, null, null, null, null, null]",[]
C101211,double_distinct_flip,"[1, 4]",[],1,3,False,multiple_candidates,4,1,"[null, null, null, false, false, true, true]","[""C011011"", ""C101011"", ""C110011""]"
C101211,double_distinct_flip,"[1, 5]",[],0,0,False,no_feasible_candidate,0,0,"[null, null, null, null, null, null, null]",[]
C101211,double_distinct_flip,"[1, 5]",[],1,3,False,multiple_candidates,4,1,"[null, null, null, false, true, false, true]","[""C011201"", ""C101201"", ""C110201""]"
C101211,double_distinct_flip,"[1, 6]",[],0,0,False,no_feasible_candidate,0,0,"[null, null, null, null, null, null, null]",[]
C101211,double_distinct_flip,"[1, 6]",[],1,3,False,multiple_candidates,4,1,"[null, null, null, false, true, true, false]","[""C011210"", ""C101210"", ""C110210""]"
C101211,double_distinct_flip,"[2, 3]",[],0,0,False,no_feasible_candidate,0,0,"[null, null, null, null, null, null, null]",[]
C101211,double_distinct_flip,"[2, 3]",[],1,1,False,single_geometry_conditional,7,1,"[true, false, false, false, true, true, true]","[""C100211""]"
C101211,double_distinct_flip,"[2, 4]",[],0,1,False,single_geometry_conditional,7,2,"[true, false, false, false, false, true, true]","[""C100011""]"
C101211,double_distinct_flip,"[2, 4]",[],1,7,False,multiple_candidates,1,0,"[null, null, null, false, null, null, null]","[""C000011"", ""C100001"", ""C100010"", ""C100011"", ""C100211"", ""C101011"", ""C110011""]"
C101211,double_distinct_flip,"[2, 5]",[],0,1,False,single_geometry_conditional,7,2,"[true, false, false, false, true, false, true]","[""C100201""]"
C101211,double_distinct_flip,"[2, 5]",[],1,7,False,multiple_candidates,1,0,"[null, null, null, false, null, null, null]","[""C000201"", ""C100001"", ""C100200"", ""C100201"", ""C100211"", ""C101201"", ""C110201""]"
C101211,double_distinct_flip,"[2, 6]",[],0,1,False,single_geometry_conditional,7,2,"[true, false, false, false, true, true, false]","[""C100210""]"
C101211,double_distinct_flip,"[2, 6]",[],1,7,False,multiple_candidates,1,0,"[null, null, null, false, null, null, null]","[""C000210"", ""C100010"", ""C100200"", ""C100210"", ""C100211"", ""C101210"", ""C110210""]"
C101211,double_distinct_flip,"[3, 4]",[],0,0,False,no_feasible_candidate,0,0,"[null, null, null, null, null, null, null]",[]
C101211,double_distinct_flip,"[3, 4]",[],1,2,False,multiple_candidates,5,1,"[true, false, true, null, false, null, true]","[""C101011"", ""C101101""]"
C101211,double_distinct_flip,"[3, 5]",[],0,0,False,no_feasible_candidate,0,0,"[null, null, null, null, null, null, null]",[]
C101211,double_distinct_flip,"[3, 5]",[],1,2,False,multiple_candidates,5,1,"[true, false, true, null, null, false, true]","[""C101101"", ""C101201""]"
C101211,double_distinct_flip,"[3, 6]",[],0,0,False,no_feasible_candidate,0,0,"[null, null, null, null, null, null, null]",[]
C101211,double_distinct_flip,"[3, 6]",[],1,1,False,single_geometry_conditional,7,1,"[true, false, true, false, true, true, false]","[""C101210""]"
C101211,double_distinct_flip,"[4, 5]",[],0,1,False,compatibility_unresolved,7,2,"[true, false, true, false, false, false, true]","[""C101001""]"
C101211,double_distinct_flip,"[4, 5]",[],1,7,False,multiple_candidates,1,0,"[null, false, null, null, null, null, null]","[""C001001"", ""C100001"", ""C101000"", ""C101001"", ""C101011"", ""C101101"", ""C101201""]"
C101211,double_distinct_flip,"[4, 6]",[],0,1,False,single_geometry_conditional,7,2,"[true, false, true, false, false, true, false]","[""C101010""]"
C101211,double_distinct_flip,"[4, 6]",[],1,6,False,multiple_candidates,2,0,"[null, false, null, false, null, null, null]","[""C001010"", ""C100010"", ""C101000"", ""C101010"", ""C101011"", ""C101210""]"
C101211,double_distinct_flip,"[5, 6]",[],0,1,False,single_geometry_conditional,7,2,"[true, false, true, false, true, false, false]","[""C101200""]"
C101211,double_distinct_flip,"[5, 6]",[],1,6,False,multiple_candidates,2,0,"[null, false, null, false, null, null, null]","[""C001200"", ""C100200"", ""C101000"", ""C101200"", ""C101201"", ""C101210""]"
C110000,clean,[],[],0,1,True,single_geometry_conditional,7,0,"[true, true, false, false, false, false, false]","[""C110000""]"
C110000,clean,[],[],1,7,True,multiple_candidates,1,0,"[null, null, false, null, null, null, null]","[""C010000"", ""C100000"", ""C110000"", ""C110001"", ""C110010"", ""C110100"", ""C110200""]"
C110000,single_flip,[0],[],0,1,False,single_geometry_conditional,7,1,"[false, true, false, false, false, false, false]","[""C010000""]"
C110000,single_flip,[0],[],1,8,True,multiple_candidates,0,0,"[null, null, null, null, null, null, null]","[""C000000"", ""C010000"", ""C010001"", ""C010010"", ""C010100"", ""C010200"", ""C011000"", ""C110000""]"
C110000,single_flip,[1],[],0,1,False,single_geometry_conditional,7,1,"[true, false, false, false, false, false, false]","[""C100000""]"
C110000,single_flip,[1],[],1,8,True,multiple_candidates,0,0,"[null, null, null, null, null, null, null]","[""C000000"", ""C100000"", ""C100001"", ""C100010"", ""C100100"", ""C100200"", ""C101000"", ""C110000""]"
C110000,single_flip,[2],[],0,0,False,no_feasible_candidate,0,0,"[null, null, null, null, null, null, null]",[]
C110000,single_flip,[2],[],1,3,True,multiple_candidates,4,0,"[null, null, null, false, false, false, false]","[""C011000"", ""C101000"", ""C110000""]"
C110000,single_flip,[3],[],0,1,False,single_geometry_conditional,7,1,"[true, true, false, true, false, false, false]","[""C110100""]"
C110000,single_flip,[3],[],1,5,True,multiple_candidates,3,0,"[null, null, false, null, false, false, null]","[""C010100"", ""C100100"", ""C110000"", ""C110100"", ""C110101""]"
C110000,single_flip,[4],[],0,1,False,single_geometry_conditional,7,1,"[true, true, false, false, true, false, false]","[""C110200""]"
C110000,single_flip,[4],[],1,6,True,multiple_candidates,2,0,"[null, null, false, false, null, null, null]","[""C010200"", ""C100200"", ""C110000"", ""C110200"", ""C110201"", ""C110210""]"
C110000,single_flip,[5],[],0,1,False,single_geometry_conditional,7,1,"[true, true, false, false, false, true, false]","[""C110010""]"
C110000,single_flip,[5],[],1,6,True,multiple_candidates,2,0,"[null, null, false, false, null, null, null]","[""C010010"", ""C100010"", ""C110000"", ""C110010"", ""C110011"", ""C110210""]"
C110000,single_flip,[6],[],0,1,False,single_geometry_conditional,7,1,"[true, true, false, false, false, false, true]","[""C110001""]"
C110000,single_flip,[6],[],1,7,True,multiple_candidates,1,0,"[null, null, false, null, null, null, null]","[""C010001"", ""C100001"", ""C110000"", ""C110001"", ""C110011"", ""C110101"", ""C110201""]"
C110000,single_missing,[],[0],0,2,True,multiple_candidates,6,0,"[null, true, false, false, false, false, false]","[""C010000"", ""C110000""]"
C110000,single_missing,[],[0],1,13,True,multiple_candidates,0,0,"[null, null, null, null, null, null, null]","[""C000000"", ""C010000"", ""C010001"", ""C010010"", ""C010100"", ""C010200"", ""C011000"", ""C100000"", ""C110000"", ""C110001"", ""C110010"", ""C110100"", ""C110200""]"
C110000,single_missing,[],[1],0,2,True,multiple_candidates,6,0,"[true, null, false, false, false, false, false]","[""C100000"", ""C110000""]"
C110000,single_missing,[],[1],1,13,True,multiple_candidates,0,0,"[null, null, null, null, null, null, null]","[""C000000"", ""C010000"", ""C100000"", ""C100001"", ""C100010"", ""C100100"", ""C100200"", ""C101000"", ""C110000"", ""C110001"", ""C110010"", ""C110100"", ""C110200""]"
C110000,single_missing,[],[2],0,1,True,single_geometry_conditional,7,0,"[true, true, false, false, false, false, false]","[""C110000""]"
C110000,single_missing,[],[2],1,9,True,multiple_candidates,0,0,"[null, null, null, null, null, null, null]","[""C010000"", ""C011000"", ""C100000"", ""C101000"", ""C110000"", ""C110001"", ""C110010"", ""C110100"", ""C110200""]"
C110000,single_missing,[],[3],0,2,True,multiple_candidates,6,0,"[true, true, false, null, false, false, false]","[""C110000"", ""C110100""]"
C110000,single_missing,[],[3],1,10,True,multiple_candidates,1,0,"[null, null, false, null, null, null, null]","[""C010000"", ""C010100"", ""C100000"", ""C100100"", ""C110000"", ""C110001"", ""C110010"", ""C110100"", ""C110101"", ""C110200""]"
C110000,single_missing,[],[4],0,2,True,multiple_candidates,6,0,"[true, true, false, false, null, false, false]","[""C110000"", ""C110200""]"
C110000,single_missing,[],[4],1,11,True,multiple_candidates,1,0,"[null, null, false, null, null, null, null]","[""C010000"", ""C010200"", ""C100000"", ""C100200"", ""C110000"", ""C110001"", ""C110010"", ""C110100"", ""C110200"", ""C110201"", ""C110210""]"
C110000,single_missing,[],[5],0,2,True,multiple_candidates,6,0,"[true, true, false, false, false, null, false]","[""C110000"", ""C110010""]"
C110000,single_missing,[],[5],1,11,True,multiple_candidates,1,0,"[null, null, false, null, null, null, null]","[""C010000"", ""C010010"", ""C100000"", ""C100010"", ""C110000"", ""C110001"", ""C110010"", ""C110011"", ""C110100"", ""C110200"", ""C110210""]"
C110000,single_missing,[],[6],0,2,True,multiple_candidates,6,0,"[true, true, false, false, false, false, null]","[""C110000"", ""C110001""]"
C110000,single_missing,[],[6],1,12,True,multiple_candidates,1,0,"[null, null, false, null, null, null, null]","[""C010000"", ""C010001"", ""C100000"", ""C100001"", ""C110000"", ""C110001"", ""C110010"", ""C110011"", ""C110100"", ""C110101"", ""C110200"", ""C110201""]"
C110000,double_distinct_flip,"[0, 1]",[],0,1,False,single_geometry_conditional,7,2,"[false, false, false, false, false, false, false]","[""C000000""]"
C110000,double_distinct_flip,"[0, 1]",[],1,8,False,multiple_candidates,0,0,"[null, null, null, null, null, null, null]","[""C000000"", ""C000001"", ""C000010"", ""C000100"", ""C000200"", ""C001000"", ""C010000"", ""C100000""]"
C110000,double_distinct_flip,"[0, 2]",[],0,1,False,single_geometry_conditional,7,2,"[false, true, true, false, false, false, false]","[""C011000""]"
C110000,double_distinct_flip,"[0, 2]",[],1,7,False,multiple_candidates,1,1,"[false, null, null, null, null, null, null]","[""C001000"", ""C010000"", ""C011000"", ""C011001"", ""C011010"", ""C011100"", ""C011200""]"
C110000,double_distinct_flip,"[0, 3]",[],0,1,False,single_geometry_conditional,7,2,"[false, true, false, true, false, false, false]","[""C010100""]"
C110000,double_distinct_flip,"[0, 3]",[],1,6,False,multiple_candidates,2,0,"[null, null, null, null, false, false, null]","[""C000100"", ""C010000"", ""C010100"", ""C010101"", ""C011100"", ""C110100""]"
C110000,double_distinct_flip,"[0, 4]",[],0,1,False,single_geometry_conditional,7,2,"[false, true, false, false, true, false, false]","[""C010200""]"
C110000,double_distinct_flip,"[0, 4]",[],1,7,False,multiple_candidates,1,0,"[null, null, null, false, null, null, null]","[""C000200"", ""C010000"", ""C010200"", ""C010201"", ""C010210"", ""C011200"", ""C110200""]"
C110000,double_distinct_flip,"[0, 5]",[],0,1,False,single_geometry_conditional,7,2,"[false, true, false, false, false, true, false]","[""C010010""]"
C110000,double_distinct_flip,"[0, 5]",[],1,7,False,multiple_candidates,1,0,"[null, null, null, false, null, null, null]","[""C000010"", ""C010000"", ""C010010"", ""C010011"", ""C010210"", ""C011010"", ""C110010""]"
C110000,double_distinct_flip,"[0, 6]",[],0,1,False,single_geometry_conditional,7,2,"[false, true, false, false, false, false, true]","[""C010001""]"
C110000,double_distinct_flip,"[0, 6]",[],1,8,False,multiple_candidates,0,0,"[null, null, null, null, null, null, null]","[""C000001"", ""C010000"", ""C010001"", ""C010011"", ""C010101"", ""C010201"", ""C011001"", ""C110001""]"
C110000,double_distinct_flip,"[1, 2]",[],0,1,False,single_geometry_conditional,7,2,"[true, false, true, false, false, false, false]","[""C101000""]"
C110000,double_distinct_flip,"[1, 2]",[],1,7,False,multiple_candidates,1,1,"[null, false, null, null, null, null, null]","[""C001000"", ""C100000"", ""C101000"", ""C101001"", ""C101010"", ""C101100"", ""C101200""]"
C110000,double_distinct_flip,"[1, 3]",[],0,1,False,single_geometry_conditional,7,2,"[true, false, false, true, false, false, false]","[""C100100""]"
C110000,double_distinct_flip,"[1, 3]",[],1,6,False,multiple_candidates,2,0,"[null, null, null, null, false, false, null]","[""C000100"", ""C100000"", ""C100100"", ""C100101"", ""C101100"", ""C110100""]"
C110000,double_distinct_flip,"[1, 4]",[],0,1,False,single_geometry_conditional,7,2,"[true, false, false, false, true, false, false]","[""C100200""]"
C110000,double_distinct_flip,"[1, 4]",[],1,7,False,multiple_candidates,1,0,"[null, null, null, false, null, null, null]","[""C000200"", ""C100000"", ""C100200"", ""C100201"", ""C100210"", ""C101200"", ""C110200""]"
C110000,double_distinct_flip,"[1, 5]",[],0,1,False,single_geometry_conditional,7,2,"[true, false, false, false, false, true, false]","[""C100010""]"
C110000,double_distinct_flip,"[1, 5]",[],1,7,False,multiple_candidates,1,0,"[null, null, null, false, null, null, null]","[""C000010"", ""C100000"", ""C100010"", ""C100011"", ""C100210"", ""C101010"", ""C110010""]"
C110000,double_distinct_flip,"[1, 6]",[],0,1,False,single_geometry_conditional,7,2,"[true, false, false, false, false, false, true]","[""C100001""]"
C110000,double_distinct_flip,"[1, 6]",[],1,8,False,multiple_candidates,0,0,"[null, null, null, null, null, null, null]","[""C000001"", ""C100000"", ""C100001"", ""C100011"", ""C100101"", ""C100201"", ""C101001"", ""C110001""]"
C110000,double_distinct_flip,"[2, 3]",[],0,0,False,no_feasible_candidate,0,0,"[null, null, null, null, null, null, null]",[]
C110000,double_distinct_flip,"[2, 3]",[],1,3,False,multiple_candidates,4,1,"[null, null, null, true, false, false, false]","[""C011100"", ""C101100"", ""C110100""]"
C110000,double_distinct_flip,"[2, 4]",[],0,0,False,no_feasible_candidate,0,0,"[null, null, null, null, null, null, null]",[]
C110000,double_distinct_flip,"[2, 4]",[],1,3,False,multiple_candidates,4,1,"[null, null, null, false, true, false, false]","[""C011200"", ""C101200"", ""C110200""]"
C110000,double_distinct_flip,"[2, 5]",[],0,0,False,no_feasible_candidate,0,0,"[null, null, null, null, null, null, null]",[]
C110000,double_distinct_flip,"[2, 5]",[],1,3,False,multiple_candidates,4,1,"[null, null, null, false, false, true, false]","[""C011010"", ""C101010"", ""C110010""]"
C110000,double_distinct_flip,"[2, 6]",[],0,0,False,no_feasible_candidate,0,0,"[null, null, null, null, null, null, null]",[]
C110000,double_distinct_flip,"[2, 6]",[],1,3,False,multiple_candidates,4,1,"[null, null, null, false, false, false, true]","[""C011001"", ""C101001"", ""C110001""]"
C110000,double_distinct_flip,"[3, 4]",[],0,0,False,no_feasible_candidate,0,0,"[null, null, null, null, null, null, null]",[]
C110000,double_distinct_flip,"[3, 4]",[],1,2,False,multiple_candidates,5,0,"[true, true, false, null, null, false, false]","[""C110100"", ""C110200""]"
C110000,double_distinct_flip,"[3, 5]",[],0,0,False,no_feasible_candidate,0,0,"[null, null, null, null, null, null, null]",[]
C110000,double_distinct_flip,"[3, 5]",[],1,2,False,multiple_candidates,5,0,"[true, true, false, null, false, null, false]","[""C110010"", ""C110100""]"
C110000,double_distinct_flip,"[3, 6]",[],0,1,False,single_geometry_conditional,7,2,"[true, true, false, true, false, false, true]","[""C110101""]"
C110000,double_distinct_flip,"[3, 6]",[],1,5,False,multiple_candidates,3,0,"[null, null, false, null, false, false, null]","[""C010101"", ""C100101"", ""C110001"", ""C110100"", ""C110101""]"
C110000,double_distinct_flip,"[4, 5]",[],0,1,False,single_geometry_conditional,7,2,"[true, true, false, false, true, true, false]","[""C110210""]"
C110000,double_distinct_flip,"[4, 5]",[],1,6,False,multiple_candidates,2,0,"[null, null, false, false, null, null, null]","[""C010210"", ""C100210"", ""C110010"", ""C110200"", ""C110210"", ""C110211""]"
C110000,double_distinct_flip,"[4, 6]",[],0,1,False,single_geometry_conditional,7,2,"[true, true, false, false, true, false, true]","[""C110201""]"
C110000,double_distinct_flip,"[4, 6]",[],1,6,False,multiple_candidates,2,0,"[null, null, false, false, null, null, null]","[""C010201"", ""C100201"", ""C110001"", ""C110200"", ""C110201"", ""C110211""]"
C110000,double_distinct_flip,"[5, 6]",[],0,1,False,single_geometry_conditional,7,2,"[true, true, false, false, false, true, true]","[""C110011""]"
C110000,double_distinct_flip,"[5, 6]",[],1,6,False,multiple_candidates,2,0,"[null, null, false, false, null, null, null]","[""C010011"", ""C100011"", ""C110001"", ""C110010"", ""C110011"", ""C110211""]"
C110001,clean,[],[],0,1,True,single_geometry_conditional,7,0,"[true, true, false, false, false, false, true]","[""C110001""]"
C110001,clean,[],[],1,7,True,multiple_candidates,1,0,"[null, null, false, null, null, null, null]","[""C010001"", ""C100001"", ""C110000"", ""C110001"", ""C110011"", ""C110101"", ""C110201""]"
C110001,single_flip,[0],[],0,1,False,single_geometry_conditional,7,1,"[false, true, false, false, false, false, true]","[""C010001""]"
C110001,single_flip,[0],[],1,8,True,multiple_candidates,0,0,"[null, null, null, null, null, null, null]","[""C000001"", ""C010000"", ""C010001"", ""C010011"", ""C010101"", ""C010201"", ""C011001"", ""C110001""]"
C110001,single_flip,[1],[],0,1,False,single_geometry_conditional,7,1,"[true, false, false, false, false, false, true]","[""C100001""]"
C110001,single_flip,[1],[],1,8,True,multiple_candidates,0,0,"[null, null, null, null, null, null, null]","[""C000001"", ""C100000"", ""C100001"", ""C100011"", ""C100101"", ""C100201"", ""C101001"", ""C110001""]"
C110001,single_flip,[2],[],0,0,False,no_feasible_candidate,0,0,"[null, null, null, null, null, null, null]",[]
C110001,single_flip,[2],[],1,3,True,multiple_candidates,4,0,"[null, null, null, false, false, false, true]","[""C011001"", ""C101001"", ""C110001""]"
C110001,single_flip,[3],[],0,1,False,single_geometry_conditional,7,1,"[true, true, false, true, false, false, true]","[""C110101""]"
C110001,single_flip,[3],[],1,5,True,multiple_candidates,3,0,"[null, null, false, null, false, false, null]","[""C010101"", ""C100101"", ""C110001"", ""C110100"", ""C110101""]"
C110001,single_flip,[4],[],0,1,False,single_geometry_conditional,7,1,"[true, true, false, false, true, false, true]","[""C110201""]"
C110001,single_flip,[4],[],1,6,True,multiple_candidates,2,0,"[null, null, false, false, null, null, null]","[""C010201"", ""C100201"", ""C110001"", ""C110200"", ""C110201"", ""C110211""]"
C110001,single_flip,[5],[],0,1,False,single_geometry_conditional,7,1,"[true, true, false, false, false, true, true]","[""C110011""]"
C110001,single_flip,[5],[],1,6,True,multiple_candidates,2,0,"[null, null, false, false, null, null, null]","[""C010011"", ""C100011"", ""C110001"", ""C110010"", ""C110011"", ""C110211""]"
C110001,single_flip,[6],[],0,1,False,single_geometry_conditional,7,1,"[true, true, false, false, false, false, false]","[""C110000""]"
C110001,single_flip,[6],[],1,7,True,multiple_candidates,1,0,"[null, null, false, null, null, null, null]","[""C010000"", ""C100000"", ""C110000"", ""C110001"", ""C110010"", ""C110100"", ""C110200""]"
C110001,single_missing,[],[0],0,2,True,multiple_candidates,6,0,"[null, true, false, false, false, false, true]","[""C010001"", ""C110001""]"
C110001,single_missing,[],[0],1,13,True,multiple_candidates,0,0,"[null, null, null, null, null, null, null]","[""C000001"", ""C010000"", ""C010001"", ""C010011"", ""C010101"", ""C010201"", ""C011001"", ""C100001"", ""C110000"", ""C110001"", ""C110011"", ""C110101"", ""C110201""]"
C110001,single_missing,[],[1],0,2,True,multiple_candidates,6,0,"[true, null, false, false, false, false, true]","[""C100001"", ""C110001""]"
C110001,single_missing,[],[1],1,13,True,multiple_candidates,0,0,"[null, null, null, null, null, null, null]","[""C000001"", ""C010001"", ""C100000"", ""C100001"", ""C100011"", ""C100101"", ""C100201"", ""C101001"", ""C110000"", ""C110001"", ""C110011"", ""C110101"", ""C110201""]"
C110001,single_missing,[],[2],0,1,True,single_geometry_conditional,7,0,"[true, true, false, false, false, false, true]","[""C110001""]"
C110001,single_missing,[],[2],1,9,True,multiple_candidates,0,0,"[null, null, null, null, null, null, null]","[""C010001"", ""C011001"", ""C100001"", ""C101001"", ""C110000"", ""C110001"", ""C110011"", ""C110101"", ""C110201""]"
C110001,single_missing,[],[3],0,2,True,multiple_candidates,6,0,"[true, true, false, null, false, false, true]","[""C110001"", ""C110101""]"
C110001,single_missing,[],[3],1,10,True,multiple_candidates,1,0,"[null, null, false, null, null, null, null]","[""C010001"", ""C010101"", ""C100001"", ""C100101"", ""C110000"", ""C110001"", ""C110011"", ""C110100"", ""C110101"", ""C110201""]"
C110001,single_missing,[],[4],0,2,True,multiple_candidates,6,0,"[true, true, false, false, null, false, true]","[""C110001"", ""C110201""]"
C110001,single_missing,[],[4],1,11,True,multiple_candidates,1,0,"[null, null, false, null, null, null, null]","[""C010001"", ""C010201"", ""C100001"", ""C100201"", ""C110000"", ""C110001"", ""C110011"", ""C110101"", ""C110200"", ""C110201"", ""C110211""]"
C110001,single_missing,[],[5],0,2,True,multiple_candidates,6,0,"[true, true, false, false, false, null, true]","[""C110001"", ""C110011""]"
C110001,single_missing,[],[5],1,11,True,multiple_candidates,1,0,"[null, null, false, null, null, null, null]","[""C010001"", ""C010011"", ""C100001"", ""C100011"", ""C110000"", ""C110001"", ""C110010"", ""C110011"", ""C110101"", ""C110201"", ""C110211""]"
C110001,single_missing,[],[6],0,2,True,multiple_candidates,6,0,"[true, true, false, false, false, false, null]","[""C110000"", ""C110001""]"
C110001,single_missing,[],[6],1,12,True,multiple_candidates,1,0,"[null, null, false, null, null, null, null]","[""C010000"", ""C010001"", ""C100000"", ""C100001"", ""C110000"", ""C110001"", ""C110010"", ""C110011"", ""C110100"", ""C110101"", ""C110200"", ""C110201""]"
C110001,double_distinct_flip,"[0, 1]",[],0,1,False,single_geometry_conditional,7,2,"[false, false, false, false, false, false, true]","[""C000001""]"
C110001,double_distinct_flip,"[0, 1]",[],1,8,False,multiple_candidates,0,0,"[null, null, null, null, null, null, null]","[""C000000"", ""C000001"", ""C000011"", ""C000101"", ""C000201"", ""C001001"", ""C010001"", ""C100001""]"
C110001,double_distinct_flip,"[0, 2]",[],0,1,False,compatibility_unresolved,7,2,"[false, true, true, false, false, false, true]","[""C011001""]"
C110001,double_distinct_flip,"[0, 2]",[],1,7,False,multiple_candidates,1,1,"[false, null, null, null, null, null, null]","[""C001001"", ""C010001"", ""C011000"", ""C011001"", ""C011011"", ""C011101"", ""C011201""]"
C110001,double_distinct_flip,"[0, 3]",[],0,1,False,single_geometry_conditional,7,2,"[false, true, false, true, false, false, true]","[""C010101""]"
C110001,double_distinct_flip,"[0, 3]",[],1,6,False,multiple_candidates,2,0,"[null, null, null, null, false, false, null]","[""C000101"", ""C010001"", ""C010100"", ""C010101"", ""C011101"", ""C110101""]"
C110001,double_distinct_flip,"[0, 4]",[],0,1,False,single_geometry_conditional,7,2,"[false, true, false, false, true, false, true]","[""C010201""]"
C110001,double_distinct_flip,"[0, 4]",[],1,7,False,multiple_candidates,1,0,"[null, null, null, false, null, null, null]","[""C000201"", ""C010001"", ""C010200"", ""C010201"", ""C010211"", ""C011201"", ""C110201""]"
C110001,double_distinct_flip,"[0, 5]",[],0,1,False,single_geometry_conditional,7,2,"[false, true, false, false, false, true, true]","[""C010011""]"
C110001,double_distinct_flip,"[0, 5]",[],1,7,False,multiple_candidates,1,0,"[null, null, null, false, null, null, null]","[""C000011"", ""C010001"", ""C010010"", ""C010011"", ""C010211"", ""C011011"", ""C110011""]"
C110001,double_distinct_flip,"[0, 6]",[],0,1,False,single_geometry_conditional,7,2,"[false, true, false, false, false, false, false]","[""C010000""]"
C110001,double_distinct_flip,"[0, 6]",[],1,8,False,multiple_candidates,0,0,"[null, null, null, null, null, null, null]","[""C000000"", ""C010000"", ""C010001"", ""C010010"", ""C010100"", ""C010200"", ""C011000"", ""C110000""]"
C110001,double_distinct_flip,"[1, 2]",[],0,1,False,compatibility_unresolved,7,2,"[true, false, true, false, false, false, true]","[""C101001""]"
C110001,double_distinct_flip,"[1, 2]",[],1,7,False,multiple_candidates,1,1,"[null, false, null, null, null, null, null]","[""C001001"", ""C100001"", ""C101000"", ""C101001"", ""C101011"", ""C101101"", ""C101201""]"
C110001,double_distinct_flip,"[1, 3]",[],0,1,False,single_geometry_conditional,7,2,"[true, false, false, true, false, false, true]","[""C100101""]"
C110001,double_distinct_flip,"[1, 3]",[],1,6,False,multiple_candidates,2,0,"[null, null, null, null, false, false, null]","[""C000101"", ""C100001"", ""C100100"", ""C100101"", ""C101101"", ""C110101""]"
C110001,double_distinct_flip,"[1, 4]",[],0,1,False,single_geometry_conditional,7,2,"[true, false, false, false, true, false, true]","[""C100201""]"
C110001,double_distinct_flip,"[1, 4]",[],1,7,False,multiple_candidates,1,0,"[null, null, null, false, null, null, null]","[""C000201"", ""C100001"", ""C100200"", ""C100201"", ""C100211"", ""C101201"", ""C110201""]"
C110001,double_distinct_flip,"[1, 5]",[],0,1,False,single_geometry_conditional,7,2,"[true, false, false, false, false, true, true]","[""C100011""]"
C110001,double_distinct_flip,"[1, 5]",[],1,7,False,multiple_candidates,1,0,"[null, null, null, false, null, null, null]","[""C000011"", ""C100001"", ""C100010"", ""C100011"", ""C100211"", ""C101011"", ""C110011""]"
C110001,double_distinct_flip,"[1, 6]",[],0,1,False,single_geometry_conditional,7,2,"[true, false, false, false, false, false, false]","[""C100000""]"
C110001,double_distinct_flip,"[1, 6]",[],1,8,False,multiple_candidates,0,0,"[null, null, null, null, null, null, null]","[""C000000"", ""C100000"", ""C100001"", ""C100010"", ""C100100"", ""C100200"", ""C101000"", ""C110000""]"
C110001,double_distinct_flip,"[2, 3]",[],0,0,False,no_feasible_candidate,0,0,"[null, null, null, null, null, null, null]",[]
C110001,double_distinct_flip,"[2, 3]",[],1,3,False,multiple_candidates,4,1,"[null, null, null, true, false, false, true]","[""C011101"", ""C101101"", ""C110101""]"
C110001,double_distinct_flip,"[2, 4]",[],0,0,False,no_feasible_candidate,0,0,"[null, null, null, null, null, null, null]",[]
C110001,double_distinct_flip,"[2, 4]",[],1,3,False,multiple_candidates,4,1,"[null, null, null, false, true, false, true]","[""C011201"", ""C101201"", ""C110201""]"
C110001,double_distinct_flip,"[2, 5]",[],0,0,False,no_feasible_candidate,0,0,"[null, null, null, null, null, null, null]",[]
C110001,double_distinct_flip,"[2, 5]",[],1,3,False,multiple_candidates,4,1,"[null, null, null, false, false, true, true]","[""C011011"", ""C101011"", ""C110011""]"
C110001,double_distinct_flip,"[2, 6]",[],0,0,False,no_feasible_candidate,0,0,"[null, null, null, null, null, null, null]",[]
C110001,double_distinct_flip,"[2, 6]",[],1,3,False,multiple_candidates,4,1,"[null, null, null, false, false, false, false]","[""C011000"", ""C101000"", ""C110000""]"
C110001,double_distinct_flip,"[3, 4]",[],0,0,False,no_feasible_candidate,0,0,"[null, null, null, null, null, null, null]",[]
C110001,double_distinct_flip,"[3, 4]",[],1,2,False,multiple_candidates,5,0,"[true, true, false, null, null, false, true]","[""C110101"", ""C110201""]"
C110001,double_distinct_flip,"[3, 5]",[],0,0,False,no_feasible_candidate,0,0,"[null, null, null, null, null, null, null]",[]
C110001,double_distinct_flip,"[3, 5]",[],1,2,False,multiple_candidates,5,0,"[true, true, false, null, false, null, true]","[""C110011"", ""C110101""]"
C110001,double_distinct_flip,"[3, 6]",[],0,1,False,single_geometry_conditional,7,2,"[true, true, false, true, false, false, false]","[""C110100""]"
C110001,double_distinct_flip,"[3, 6]",[],1,5,False,multiple_candidates,3,0,"[null, null, false, null, false, false, null]","[""C010100"", ""C100100"", ""C110000"", ""C110100"", ""C110101""]"
C110001,double_distinct_flip,"[4, 5]",[],0,1,False,single_geometry_conditional,7,2,"[true, true, false, false, true, true, true]","[""C110211""]"
C110001,double_distinct_flip,"[4, 5]",[],1,6,False,multiple_candidates,2,0,"[null, null, false, false, null, null, null]","[""C010211"", ""C100211"", ""C110011"", ""C110201"", ""C110210"", ""C110211""]"
C110001,double_distinct_flip,"[4, 6]",[],0,1,False,single_geometry_conditional,7,2,"[true, true, false, false, true, false, false]","[""C110200""]"
C110001,double_distinct_flip,"[4, 6]",[],1,6,False,multiple_candidates,2,0,"[null, null, false, false, null, null, null]","[""C010200"", ""C100200"", ""C110000"", ""C110200"", ""C110201"", ""C110210""]"
C110001,double_distinct_flip,"[5, 6]",[],0,1,False,single_geometry_conditional,7,2,"[true, true, false, false, false, true, false]","[""C110010""]"
C110001,double_distinct_flip,"[5, 6]",[],1,6,False,multiple_candidates,2,0,"[null, null, false, false, null, null, null]","[""C010010"", ""C100010"", ""C110000"", ""C110010"", ""C110011"", ""C110210""]"
C110010,clean,[],[],0,1,True,single_geometry_conditional,7,0,"[true, true, false, false, false, true, false]","[""C110010""]"
C110010,clean,[],[],1,6,True,multiple_candidates,2,0,"[null, null, false, false, null, null, null]","[""C010010"", ""C100010"", ""C110000"", ""C110010"", ""C110011"", ""C110210""]"
C110010,single_flip,[0],[],0,1,False,single_geometry_conditional,7,1,"[false, true, false, false, false, true, false]","[""C010010""]"
C110010,single_flip,[0],[],1,7,True,multiple_candidates,1,0,"[null, null, null, false, null, null, null]","[""C000010"", ""C010000"", ""C010010"", ""C010011"", ""C010210"", ""C011010"", ""C110010""]"
C110010,single_flip,[1],[],0,1,False,single_geometry_conditional,7,1,"[true, false, false, false, false, true, false]","[""C100010""]"
C110010,single_flip,[1],[],1,7,True,multiple_candidates,1,0,"[null, null, null, false, null, null, null]","[""C000010"", ""C100000"", ""C100010"", ""C100011"", ""C100210"", ""C101010"", ""C110010""]"
C110010,single_flip,[2],[],0,0,False,no_feasible_candidate,0,0,"[null, null, null, null, null, null, null]",[]
C110010,single_flip,[2],[],1,3,True,multiple_candidates,4,0,"[null, null, null, false, false, true, false]","[""C011010"", ""C101010"", ""C110010""]"
C110010,single_flip,[3],[],0,0,False,no_feasible_candidate,0,0,"[null, null, null, null, null, null, null]",[]
C110010,single_flip,[3],[],1,2,True,multiple_candidates,5,0,"[true, true, false, null, false, null, false]","[""C110010"", ""C110100""]"
C110010,single_flip,[4],[],0,1,False,single_geometry_conditional,7,1,"[true, true, false, false, true, true, false]","[""C110210""]"
C110010,single_flip,[4],[],1,6,True,multiple_candidates,2,0,"[null, null, false, false, null, null, null]","[""C010210"", ""C100210"", ""C110010"", ""C110200"", ""C110210"", ""C110211""]"
C110010,single_flip,[5],[],0,1,False,single_geometry_conditional,7,1,"[true, true, false, false, false, false, false]","[""C110000""]"
C110010,single_flip,[5],[],1,7,True,multiple_candidates,1,0,"[null, null, false, null, null, null, null]","[""C010000"", ""C100000"", ""C110000"", ""C110001"", ""C110010"", ""C110100"", ""C110200""]"
C110010,single_flip,[6],[],0,1,False,single_geometry_conditional,7,1,"[true, true, false, false, false, true, true]","[""C110011""]"
C110010,single_flip,[6],[],1,6,True,multiple_candidates,2,0,"[null, null, false, false, null, null, null]","[""C010011"", ""C100011"", ""C110001"", ""C110010"", ""C110011"", ""C110211""]"
C110010,single_missing,[],[0],0,2,True,multiple_candidates,6,0,"[null, true, false, false, false, true, false]","[""C010010"", ""C110010""]"
C110010,single_missing,[],[0],1,11,True,multiple_candidates,1,0,"[null, null, null, false, null, null, null]","[""C000010"", ""C010000"", ""C010010"", ""C010011"", ""C010210"", ""C011010"", ""C100010"", ""C110000"", ""C110010"", ""C110011"", ""C110210""]"
C110010,single_missing,[],[1],0,2,True,multiple_candidates,6,0,"[true, null, false, false, false, true, false]","[""C100010"", ""C110010""]"
C110010,single_missing,[],[1],1,11,True,multiple_candidates,1,0,"[null, null, null, false, null, null, null]","[""C000010"", ""C010010"", ""C100000"", ""C100010"", ""C100011"", ""C100210"", ""C101010"", ""C110000"", ""C110010"", ""C110011"", ""C110210""]"
C110010,single_missing,[],[2],0,1,True,single_geometry_conditional,7,0,"[true, true, false, false, false, true, false]","[""C110010""]"
C110010,single_missing,[],[2],1,8,True,multiple_candidates,1,0,"[null, null, null, false, null, null, null]","[""C010010"", ""C011010"", ""C100010"", ""C101010"", ""C110000"", ""C110010"", ""C110011"", ""C110210""]"
C110010,single_missing,[],[3],0,1,True,single_geometry_conditional,7,0,"[true, true, false, false, false, true, false]","[""C110010""]"
C110010,single_missing,[],[3],1,7,True,multiple_candidates,1,0,"[null, null, false, null, null, null, null]","[""C010010"", ""C100010"", ""C110000"", ""C110010"", ""C110011"", ""C110100"", ""C110210""]"
C110010,single_missing,[],[4],0,2,True,multiple_candidates,6,0,"[true, true, false, false, null, true, false]","[""C110010"", ""C110210""]"
C110010,single_missing,[],[4],1,10,True,multiple_candidates,2,0,"[null, null, false, false, null, null, null]","[""C010010"", ""C010210"", ""C100010"", ""C100210"", ""C110000"", ""C110010"", ""C110011"", ""C110200"", ""C110210"", ""C110211""]"
C110010,single_missing,[],[5],0,2,True,multiple_candidates,6,0,"[true, true, false, false, false, null, false]","[""C110000"", ""C110010""]"
C110010,single_missing,[],[5],1,11,True,multiple_candidates,1,0,"[null, null, false, null, null, null, null]","[""C010000"", ""C010010"", ""C100000"", ""C100010"", ""C110000"", ""C110001"", ""C110010"", ""C110011"", ""C110100"", ""C110200"", ""C110210""]"
C110010,single_missing,[],[6],0,2,True,multiple_candidates,6,0,"[true, true, false, false, false, true, null]","[""C110010"", ""C110011""]"
C110010,single_missing,[],[6],1,10,True,multiple_candidates,2,0,"[null, null, false, false, null, null, null]","[""C010010"", ""C010011"", ""C100010"", ""C100011"", ""C110000"", ""C110001"", ""C110010"", ""C110011"", ""C110210"", ""C110211""]"
C110010,double_distinct_flip,"[0, 1]",[],0,1,False,single_geometry_conditional,7,2,"[false, false, false, false, false, true, false]","[""C000010""]"
C110010,double_distinct_flip,"[0, 1]",[],1,7,False,multiple_candidates,1,0,"[null, null, null, false, null, null, null]","[""C000000"", ""C000010"", ""C000011"", ""C000210"", ""C001010"", ""C010010"", ""C100010""]"
C110010,double_distinct_flip,"[0, 2]",[],0,1,False,single_geometry_conditional,7,2,"[false, true, true, false, false, true, false]","[""C011010""]"
C110010,double_distinct_flip,"[0, 2]",[],1,6,False,multiple_candidates,2,1,"[false, null, null, false, null, null, null]","[""C001010"", ""C010010"", ""C011000"", ""C011010"", ""C011011"", ""C011210""]"
C110010,double_distinct_flip,"[0, 3]",[],0,0,False,no_feasible_candidate,0,0,"[null, null, null, null, null, null, null]",[]
C110010,double_distinct_flip,"[0, 3]",[],1,2,False,multiple_candidates,5,1,"[false, true, false, null, false, null, false]","[""C010010"", ""C010100""]"
C110010,double_distinct_flip,"[0, 4]",[],0,1,False,single_geometry_conditional,7,2,"[false, true, false, false, true, true, false]","[""C010210""]"
C110010,double_distinct_flip,"[0, 4]",[],1,7,False,multiple_candidates,1,0,"[null, null, null, false, null, null, null]","[""C000210"", ""C010010"", ""C010200"", ""C010210"", ""C010211"", ""C011210"", ""C110210""]"
C110010,double_distinct_flip,"[0, 5]",[],0,1,False,single_geometry_conditional,7,2,"[false, true, false, false, false, false, false]","[""C010000""]"
C110010,double_distinct_flip,"[0, 5]",[],1,8,False,multiple_candidates,0,0,"[null, null, null, null, null, null, null]","[""C000000"", ""C010000"", ""C010001"", ""C010010"", ""C010100"", ""C010200"", ""C011000"", ""C110000""]"
C110010,double_distinct_flip,"[0, 6]",[],0,1,False,single_geometry_conditional,7,2,"[false, true, false, false, false, true, true]","[""C010011""]"
C110010,double_distinct_flip,"[0, 6]",[],1,7,False,multiple_candidates,1,0,"[null, null, null, false, null, null, null]","[""C000011"", ""C010001"", ""C010010"", ""C010011"", ""C010211"", ""C011011"", ""C110011""]"
C110010,double_distinct_flip,"[1, 2]",[],0,1,False,single_geometry_conditional,7,2,"[true, false, true, false, false, true, false]","[""C101010""]"
C110010,double_distinct_flip,"[1, 2]",[],1,6,False,multiple_candidates,2,1,"[null, false, null, false, null, null, null]","[""C001010"", ""C100010"", ""C101000"", ""C101010"", ""C101011"", ""C101210""]"
C110010,double_distinct_flip,"[1, 3]",[],0,0,False,no_feasible_candidate,0,0,"[null, null, null, null, null, null, null]",[]
C110010,double_distinct_flip,"[1, 3]",[],1,2,False,multiple_candidates,5,1,"[true, false, false, null, false, null, false]","[""C100010"", ""C100100""]"
C110010,double_distinct_flip,"[1, 4]",[],0,1,False,single_geometry_conditional,7,2,"[true, false, false, false, true, true, false]","[""C100210""]"
C110010,double_distinct_flip,"[1, 4]",[],1,7,False,multiple_candidates,1,0,"[null, null, null, false, null, null, null]","[""C000210"", ""C100010"", ""C100200"", ""C100210"", ""C100211"", ""C101210"", ""C110210""]"
C110010,double_distinct_flip,"[1, 5]",[],0,1,False,single_geometry_conditional,7,2,"[true, false, false, false, false, false, false]","[""C100000""]"
C110010,double_distinct_flip,"[1, 5]",[],1,8,False,multiple_candidates,0,0,"[null, null, null, null, null, null, null]","[""C000000"", ""C100000"", ""C100001"", ""C100010"", ""C100100"", ""C100200"", ""C101000"", ""C110000""]"
C110010,double_distinct_flip,"[1, 6]",[],0,1,False,single_geometry_conditional,7,2,"[true, false, false, false, false, true, true]","[""C100011""]"
C110010,double_distinct_flip,"[1, 6]",[],1,7,False,multiple_candidates,1,0,"[null, null, null, false, null, null, null]","[""C000011"", ""C100001"", ""C100010"", ""C100011"", ""C100211"", ""C101011"", ""C110011""]"
C110010,double_distinct_flip,"[2, 3]",[],0,0,False,no_feasible_candidate,0,0,"[null, null, null, null, null, null, null]",[]
C110010,double_distinct_flip,"[2, 3]",[],1,0,False,no_feasible_candidate,0,0,"[null, null, null, null, null, null, null]",[]
C110010,double_distinct_flip,"[2, 4]",[],0,0,False,no_feasible_candidate,0,0,"[null, null, null, null, null, null, null]",[]
C110010,double_distinct_flip,"[2, 4]",[],1,3,False,multiple_candidates,4,1,"[null, null, null, false, true, true, false]","[""C011210"", ""C101210"", ""C110210""]"
C110010,double_distinct_flip,"[2, 5]",[],0,0,False,no_feasible_candidate,0,0,"[null, null, null, null, null, null, null]",[]
C110010,double_distinct_flip,"[2, 5]",[],1,3,False,multiple_candidates,4,1,"[null, null, null, false, false, false, false]","[""C011000"", ""C101000"", ""C110000""]"
C110010,double_distinct_flip,"[2, 6]",[],0,0,False,no_feasible_candidate,0,0,"[null, null, null, null, null, null, null]",[]
C110010,double_distinct_flip,"[2, 6]",[],1,3,False,multiple_candidates,4,1,"[null, null, null, false, false, true, true]","[""C011011"", ""C101011"", ""C110011""]"
C110010,double_distinct_flip,"[3, 4]",[],0,0,False,no_feasible_candidate,0,0,"[null, null, null, null, null, null, null]",[]
C110010,double_distinct_flip,"[3, 4]",[],1,1,False,single_geometry_conditional,7,1,"[true, true, false, false, true, true, false]","[""C110210""]"
C110010,double_distinct_flip,"[3, 5]",[],0,1,False,single_geometry_conditional,7,2,"[true, true, false, true, false, false, false]","[""C110100""]"
C110010,double_distinct_flip,"[3, 5]",[],1,5,False,multiple_candidates,3,1,"[null, null, false, null, false, false, null]","[""C010100"", ""C100100"", ""C110000"", ""C110100"", ""C110101""]"
C110010,double_distinct_flip,"[3, 6]",[],0,0,False,no_feasible_candidate,0,0,"[null, null, null, null, null, null, null]",[]
C110010,double_distinct_flip,"[3, 6]",[],1,2,False,multiple_candidates,5,1,"[true, true, false, null, false, null, true]","[""C110011"", ""C110101""]"
C110010,double_distinct_flip,"[4, 5]",[],0,1,False,single_geometry_conditional,7,2,"[true, true, false, false, true, false, false]","[""C110200""]"
C110010,double_distinct_flip,"[4, 5]",[],1,6,False,multiple_candidates,2,0,"[null, null, false, false, null, null, null]","[""C010200"", ""C100200"", ""C110000"", ""C110200"", ""C110201"", ""C110210""]"
C110010,double_distinct_flip,"[4, 6]",[],0,1,False,single_geometry_conditional,7,2,"[true, true, false, false, true, true, true]","[""C110211""]"
C110010,double_distinct_flip,"[4, 6]",[],1,6,False,multiple_candidates,2,0,"[null, null, false, false, null, null, null]","[""C010211"", ""C100211"", ""C110011"", ""C110201"", ""C110210"", ""C110211""]"
C110010,double_distinct_flip,"[5, 6]",[],0,1,False,single_geometry_conditional,7,2,"[true, true, false, false, false, false, true]","[""C110001""]"
C110010,double_distinct_flip,"[5, 6]",[],1,7,False,multiple_candidates,1,0,"[null, null, false, null, null, null, null]","[""C010001"", ""C100001"", ""C110000"", ""C110001"", ""C110011"", ""C110101"", ""C110201""]"
C110011,clean,[],[],0,1,True,single_geometry_conditional,7,0,"[true, true, false, false, false, true, true]","[""C110011""]"
C110011,clean,[],[],1,6,True,multiple_candidates,2,0,"[null, null, false, false, null, null, null]","[""C010011"", ""C100011"", ""C110001"", ""C110010"", ""C110011"", ""C110211""]"
C110011,single_flip,[0],[],0,1,False,single_geometry_conditional,7,1,"[false, true, false, false, false, true, true]","[""C010011""]"
C110011,single_flip,[0],[],1,7,True,multiple_candidates,1,0,"[null, null, null, false, null, null, null]","[""C000011"", ""C010001"", ""C010010"", ""C010011"", ""C010211"", ""C011011"", ""C110011""]"
C110011,single_flip,[1],[],0,1,False,single_geometry_conditional,7,1,"[true, false, false, false, false, true, true]","[""C100011""]"
C110011,single_flip,[1],[],1,7,True,multiple_candidates,1,0,"[null, null, null, false, null, null, null]","[""C000011"", ""C100001"", ""C100010"", ""C100011"", ""C100211"", ""C101011"", ""C110011""]"
C110011,single_flip,[2],[],0,0,False,no_feasible_candidate,0,0,"[null, null, null, null, null, null, null]",[]
C110011,single_flip,[2],[],1,3,True,multiple_candidates,4,0,"[null, null, null, false, false, true, true]","[""C011011"", ""C101011"", ""C110011""]"
C110011,single_flip,[3],[],0,0,False,no_feasible_candidate,0,0,"[null, null, null, null, null, null, null]",[]
C110011,single_flip,[3],[],1,2,True,multiple_candidates,5,0,"[true, true, false, null, false, null, true]","[""C110011"", ""C110101""]"
C110011,single_flip,[4],[],0,1,False,single_geometry_conditional,7,1,"[true, true, false, false, true, true, true]","[""C110211""]"
C110011,single_flip,[4],[],1,6,True,multiple_candidates,2,0,"[null, null, false, false, null, null, null]","[""C010211"", ""C100211"", ""C110011"", ""C110201"", ""C110210"", ""C110211""]"
C110011,single_flip,[5],[],0,1,False,single_geometry_conditional,7,1,"[true, true, false, false, false, false, true]","[""C110001""]"
C110011,single_flip,[5],[],1,7,True,multiple_candidates,1,0,"[null, null, false, null, null, null, null]","[""C010001"", ""C100001"", ""C110000"", ""C110001"", ""C110011"", ""C110101"", ""C110201""]"
C110011,single_flip,[6],[],0,1,False,single_geometry_conditional,7,1,"[true, true, false, false, false, true, false]","[""C110010""]"
C110011,single_flip,[6],[],1,6,True,multiple_candidates,2,0,"[null, null, false, false, null, null, null]","[""C010010"", ""C100010"", ""C110000"", ""C110010"", ""C110011"", ""C110210""]"
C110011,single_missing,[],[0],0,2,True,multiple_candidates,6,0,"[null, true, false, false, false, true, true]","[""C010011"", ""C110011""]"
C110011,single_missing,[],[0],1,11,True,multiple_candidates,1,0,"[null, null, null, false, null, null, null]","[""C000011"", ""C010001"", ""C010010"", ""C010011"", ""C010211"", ""C011011"", ""C100011"", ""C110001"", ""C110010"", ""C110011"", ""C110211""]"
C110011,single_missing,[],[1],0,2,True,multiple_candidates,6,0,"[true, null, false, false, false, true, true]","[""C100011"", ""C110011""]"
C110011,single_missing,[],[1],1,11,True,multiple_candidates,1,0,"[null, null, null, false, null, null, null]","[""C000011"", ""C010011"", ""C100001"", ""C100010"", ""C100011"", ""C100211"", ""C101011"", ""C110001"", ""C110010"", ""C110011"", ""C110211""]"
C110011,single_missing,[],[2],0,1,True,single_geometry_conditional,7,0,"[true, true, false, false, false, true, true]","[""C110011""]"
C110011,single_missing,[],[2],1,8,True,multiple_candidates,1,0,"[null, null, null, false, null, null, null]","[""C010011"", ""C011011"", ""C100011"", ""C101011"", ""C110001"", ""C110010"", ""C110011"", ""C110211""]"
C110011,single_missing,[],[3],0,1,True,single_geometry_conditional,7,0,"[true, true, false, false, false, true, true]","[""C110011""]"
C110011,single_missing,[],[3],1,7,True,multiple_candidates,1,0,"[null, null, false, null, null, null, null]","[""C010011"", ""C100011"", ""C110001"", ""C110010"", ""C110011"", ""C110101"", ""C110211""]"
C110011,single_missing,[],[4],0,2,True,multiple_candidates,6,0,"[true, true, false, false, null, true, true]","[""C110011"", ""C110211""]"
C110011,single_missing,[],[4],1,10,True,multiple_candidates,2,0,"[null, null, false, false, null, null, null]","[""C010011"", ""C010211"", ""C100011"", ""C100211"", ""C110001"", ""C110010"", ""C110011"", ""C110201"", ""C110210"", ""C110211""]"
C110011,single_missing,[],[5],0,2,True,multiple_candidates,6,0,"[true, true, false, false, false, null, true]","[""C110001"", ""C110011""]"
C110011,single_missing,[],[5],1,11,True,multiple_candidates,1,0,"[null, null, false, null, null, null, null]","[""C010001"", ""C010011"", ""C100001"", ""C100011"", ""C110000"", ""C110001"", ""C110010"", ""C110011"", ""C110101"", ""C110201"", ""C110211""]"
C110011,single_missing,[],[6],0,2,True,multiple_candidates,6,0,"[true, true, false, false, false, true, null]","[""C110010"", ""C110011""]"
C110011,single_missing,[],[6],1,10,True,multiple_candidates,2,0,"[null, null, false, false, null, null, null]","[""C010010"", ""C010011"", ""C100010"", ""C100011"", ""C110000"", ""C110001"", ""C110010"", ""C110011"", ""C110210"", ""C110211""]"
C110011,double_distinct_flip,"[0, 1]",[],0,1,False,single_geometry_conditional,7,2,"[false, false, false, false, false, true, true]","[""C000011""]"
C110011,double_distinct_flip,"[0, 1]",[],1,7,False,multiple_candidates,1,0,"[null, null, null, false, null, null, null]","[""C000001"", ""C000010"", ""C000011"", ""C000211"", ""C001011"", ""C010011"", ""C100011""]"
C110011,double_distinct_flip,"[0, 2]",[],0,1,False,compatibility_unresolved,7,2,"[false, true, true, false, false, true, true]","[""C011011""]"
C110011,double_distinct_flip,"[0, 2]",[],1,6,False,multiple_candidates,2,1,"[false, null, null, false, null, null, null]","[""C001011"", ""C010011"", ""C011001"", ""C011010"", ""C011011"", ""C011211""]"
C110011,double_distinct_flip,"[0, 3]",[],0,0,False,no_feasible_candidate,0,0,"[null, null, null, null, null, null, null]",[]
C110011,double_distinct_flip,"[0, 3]",[],1,2,False,multiple_candidates,5,1,"[false, true, false, null, false, null, true]","[""C010011"", ""C010101""]"
C110011,double_distinct_flip,"[0, 4]",[],0,1,False,single_geometry_conditional,7,2,"[false, true, false, false, true, true, true]","[""C010211""]"
C110011,double_distinct_flip,"[0, 4]",[],1,7,False,multiple_candidates,1,0,"[null, null, null, false, null, null, null]","[""C000211"", ""C010011"", ""C010201"", ""C010210"", ""C010211"", ""C011211"", ""C110211""]"
C110011,double_distinct_flip,"[0, 5]",[],0,1,False,single_geometry_conditional,7,2,"[false, true, false, false, false, false, true]","[""C010001""]"
C110011,double_distinct_flip,"[0, 5]",[],1,8,False,multiple_candidates,0,0,"[null, null, null, null, null, null, null]","[""C000001"", ""C010000"", ""C010001"", ""C010011"", ""C010101"", ""C010201"", ""C011001"", ""C110001""]"
C110011,double_distinct_flip,"[0, 6]",[],0,1,False,single_geometry_conditional,7,2,"[false, true, false, false, false, true, false]","[""C010010""]"
C110011,double_distinct_flip,"[0, 6]",[],1,7,False,multiple_candidates,1,0,"[null, null, null, false, null, null, null]","[""C000010"", ""C010000"", ""C010010"", ""C010011"", ""C010210"", ""C011010"", ""C110010""]"
C110011,double_distinct_flip,"[1, 2]",[],0,1,False,compatibility_unresolved,7,2,"[true, false, true, false, false, true, true]","[""C101011""]"
C110011,double_distinct_flip,"[1, 2]",[],1,6,False,multiple_candidates,2,1,"[null, false, null, false, null, null, null]","[""C001011"", ""C100011"", ""C101001"", ""C101010"", ""C101011"", ""C101211""]"
C110011,double_distinct_flip,"[1, 3]",[],0,0,False,no_feasible_candidate,0,0,"[null, null, null, null, null, null, null]",[]
C110011,double_distinct_flip,"[1, 3]",[],1,2,False,multiple_candidates,5,1,"[true, false, false, null, false, null, true]","[""C100011"", ""C100101""]"
C110011,double_distinct_flip,"[1, 4]",[],0,1,False,single_geometry_conditional,7,2,"[true, false, false, false, true, true, true]","[""C100211""]"
C110011,double_distinct_flip,"[1, 4]",[],1,7,False,multiple_candidates,1,0,"[null, null, null, false, null, null, null]","[""C000211"", ""C100011"", ""C100201"", ""C100210"", ""C100211"", ""C101211"", ""C110211""]"
C110011,double_distinct_flip,"[1, 5]",[],0,1,False,single_geometry_conditional,7,2,"[true, false, false, false, false, false, true]","[""C100001""]"
C110011,double_distinct_flip,"[1, 5]",[],1,8,False,multiple_candidates,0,0,"[null, null, null, null, null, null, null]","[""C000001"", ""C100000"", ""C100001"", ""C100011"", ""C100101"", ""C100201"", ""C101001"", ""C110001""]"
C110011,double_distinct_flip,"[1, 6]",[],0,1,False,single_geometry_conditional,7,2,"[true, false, false, false, false, true, false]","[""C100010""]"
C110011,double_distinct_flip,"[1, 6]",[],1,7,False,multiple_candidates,1,0,"[null, null, null, false, null, null, null]","[""C000010"", ""C100000"", ""C100010"", ""C100011"", ""C100210"", ""C101010"", ""C110010""]"
C110011,double_distinct_flip,"[2, 3]",[],0,0,False,no_feasible_candidate,0,0,"[null, null, null, null, null, null, null]",[]
C110011,double_distinct_flip,"[2, 3]",[],1,0,False,no_feasible_candidate,0,0,"[null, null, null, null, null, null, null]",[]
C110011,double_distinct_flip,"[2, 4]",[],0,0,False,no_feasible_candidate,0,0,"[null, null, null, null, null, null, null]",[]
C110011,double_distinct_flip,"[2, 4]",[],1,3,False,multiple_candidates,4,1,"[null, null, null, false, true, true, true]","[""C011211"", ""C101211"", ""C110211""]"
C110011,double_distinct_flip,"[2, 5]",[],0,0,False,no_feasible_candidate,0,0,"[null, null, null, null, null, null, null]",[]
C110011,double_distinct_flip,"[2, 5]",[],1,3,False,multiple_candidates,4,1,"[null, null, null, false, false, false, true]","[""C011001"", ""C101001"", ""C110001""]"
C110011,double_distinct_flip,"[2, 6]",[],0,0,False,no_feasible_candidate,0,0,"[null, null, null, null, null, null, null]",[]
C110011,double_distinct_flip,"[2, 6]",[],1,3,False,multiple_candidates,4,1,"[null, null, null, false, false, true, false]","[""C011010"", ""C101010"", ""C110010""]"
C110011,double_distinct_flip,"[3, 4]",[],0,0,False,no_feasible_candidate,0,0,"[null, null, null, null, null, null, null]",[]
C110011,double_distinct_flip,"[3, 4]",[],1,1,False,single_geometry_conditional,7,1,"[true, true, false, false, true, true, true]","[""C110211""]"
C110011,double_distinct_flip,"[3, 5]",[],0,1,False,single_geometry_conditional,7,2,"[true, true, false, true, false, false, true]","[""C110101""]"
C110011,double_distinct_flip,"[3, 5]",[],1,5,False,multiple_candidates,3,1,"[null, null, false, null, false, false, null]","[""C010101"", ""C100101"", ""C110001"", ""C110100"", ""C110101""]"
C110011,double_distinct_flip,"[3, 6]",[],0,0,False,no_feasible_candidate,0,0,"[null, null, null, null, null, null, null]",[]
C110011,double_distinct_flip,"[3, 6]",[],1,2,False,multiple_candidates,5,1,"[true, true, false, null, false, null, false]","[""C110010"", ""C110100""]"
C110011,double_distinct_flip,"[4, 5]",[],0,1,False,single_geometry_conditional,7,2,"[true, true, false, false, true, false, true]","[""C110201""]"
C110011,double_distinct_flip,"[4, 5]",[],1,6,False,multiple_candidates,2,0,"[null, null, false, false, null, null, null]","[""C010201"", ""C100201"", ""C110001"", ""C110200"", ""C110201"", ""C110211""]"
C110011,double_distinct_flip,"[4, 6]",[],0,1,False,single_geometry_conditional,7,2,"[true, true, false, false, true, true, false]","[""C110210""]"
C110011,double_distinct_flip,"[4, 6]",[],1,6,False,multiple_candidates,2,0,"[null, null, false, false, null, null, null]","[""C010210"", ""C100210"", ""C110010"", ""C110200"", ""C110210"", ""C110211""]"
C110011,double_distinct_flip,"[5, 6]",[],0,1,False,single_geometry_conditional,7,2,"[true, true, false, false, false, false, false]","[""C110000""]"
C110011,double_distinct_flip,"[5, 6]",[],1,7,False,multiple_candidates,1,0,"[null, null, false, null, null, null, null]","[""C010000"", ""C100000"", ""C110000"", ""C110001"", ""C110010"", ""C110100"", ""C110200""]"
C110100,clean,[],[],0,1,True,single_geometry_conditional,7,0,"[true, true, false, true, false, false, false]","[""C110100""]"
C110100,clean,[],[],1,5,True,multiple_candidates,3,0,"[null, null, false, null, false, false, null]","[""C010100"", ""C100100"", ""C110000"", ""C110100"", ""C110101""]"
C110100,single_flip,[0],[],0,1,False,single_geometry_conditional,7,1,"[false, true, false, true, false, false, false]","[""C010100""]"
C110100,single_flip,[0],[],1,6,True,multiple_candidates,2,0,"[null, null, null, null, false, false, null]","[""C000100"", ""C010000"", ""C010100"", ""C010101"", ""C011100"", ""C110100""]"
C110100,single_flip,[1],[],0,1,False,single_geometry_conditional,7,1,"[true, false, false, true, false, false, false]","[""C100100""]"
C110100,single_flip,[1],[],1,6,True,multiple_candidates,2,0,"[null, null, null, null, false, false, null]","[""C000100"", ""C100000"", ""C100100"", ""C100101"", ""C101100"", ""C110100""]"
C110100,single_flip,[2],[],0,0,False,no_feasible_candidate,0,0,"[null, null, null, null, null, null, null]",[]
C110100,single_flip,[2],[],1,3,True,multiple_candidates,4,0,"[null, null, null, true, false, false, false]","[""C011100"", ""C101100"", ""C110100""]"
C110100,single_flip,[3],[],0,1,False,single_geometry_conditional,7,1,"[true, true, false, false, false, false, false]","[""C110000""]"
C110100,single_flip,[3],[],1,7,True,multiple_candidates,1,0,"[null, null, false, null, null, null, null]","[""C010000"", ""C100000"", ""C110000"", ""C110001"", ""C110010"", ""C110100"", ""C110200""]"
C110100,single_flip,[4],[],0,0,False,no_feasible_candidate,0,0,"[null, null, null, null, null, null, null]",[]
C110100,single_flip,[4],[],1,2,True,multiple_candidates,5,0,"[true, true, false, null, null, false, false]","[""C110100"", ""C110200""]"
C110100,single_flip,[5],[],0,0,False,no_feasible_candidate,0,0,"[null, null, null, null, null, null, null]",[]
C110100,single_flip,[5],[],1,2,True,multiple_candidates,5,0,"[true, true, false, null, false, null, false]","[""C110010"", ""C110100""]"
C110100,single_flip,[6],[],0,1,False,single_geometry_conditional,7,1,"[true, true, false, true, false, false, true]","[""C110101""]"
C110100,single_flip,[6],[],1,5,True,multiple_candidates,3,0,"[null, null, false, null, false, false, null]","[""C010101"", ""C100101"", ""C110001"", ""C110100"", ""C110101""]"
C110100,single_missing,[],[0],0,2,True,multiple_candidates,6,0,"[null, true, false, true, false, false, false]","[""C010100"", ""C110100""]"
C110100,single_missing,[],[0],1,9,True,multiple_candidates,2,0,"[null, null, null, null, false, false, null]","[""C000100"", ""C010000"", ""C010100"", ""C010101"", ""C011100"", ""C100100"", ""C110000"", ""C110100"", ""C110101""]"
C110100,single_missing,[],[1],0,2,True,multiple_candidates,6,0,"[true, null, false, true, false, false, false]","[""C100100"", ""C110100""]"
C110100,single_missing,[],[1],1,9,True,multiple_candidates,2,0,"[null, null, null, null, false, false, null]","[""C000100"", ""C010100"", ""C100000"", ""C100100"", ""C100101"", ""C101100"", ""C110000"", ""C110100"", ""C110101""]"
C110100,single_missing,[],[2],0,1,True,single_geometry_conditional,7,0,"[true, true, false, true, false, false, false]","[""C110100""]"
C110100,single_missing,[],[2],1,7,True,multiple_candidates,2,0,"[null, null, null, null, false, false, null]","[""C010100"", ""C011100"", ""C100100"", ""C101100"", ""C110000"", ""C110100"", ""C110101""]"
C110100,single_missing,[],[3],0,2,True,multiple_candidates,6,0,"[true, true, false, null, false, false, false]","[""C110000"", ""C110100""]"
C110100,single_missing,[],[3],1,10,True,multiple_candidates,1,0,"[null, null, false, null, null, null, null]","[""C010000"", ""C010100"", ""C100000"", ""C100100"", ""C110000"", ""C110001"", ""C110010"", ""C110100"", ""C110101"", ""C110200""]"
C110100,single_missing,[],[4],0,1,True,single_geometry_conditional,7,0,"[true, true, false, true, false, false, false]","[""C110100""]"
C110100,single_missing,[],[4],1,6,True,multiple_candidates,2,0,"[null, null, false, null, null, false, null]","[""C010100"", ""C100100"", ""C110000"", ""C110100"", ""C110101"", ""C110200""]"
C110100,single_missing,[],[5],0,1,True,single_geometry_conditional,7,0,"[true, true, false, true, false, false, false]","[""C110100""]"
C110100,single_missing,[],[5],1,6,True,multiple_candidates,2,0,"[null, null, false, null, false, null, null]","[""C010100"", ""C100100"", ""C110000"", ""C110010"", ""C110100"", ""C110101""]"
C110100,single_missing,[],[6],0,2,True,multiple_candidates,6,0,"[true, true, false, true, false, false, null]","[""C110100"", ""C110101""]"
C110100,single_missing,[],[6],1,8,True,multiple_candidates,3,0,"[null, null, false, null, false, false, null]","[""C010100"", ""C010101"", ""C100100"", ""C100101"", ""C110000"", ""C110001"", ""C110100"", ""C110101""]"
C110100,double_distinct_flip,"[0, 1]",[],0,1,False,single_geometry_conditional,7,2,"[false, false, false, true, false, false, false]","[""C000100""]"
C110100,double_distinct_flip,"[0, 1]",[],1,6,False,multiple_candidates,2,0,"[null, null, null, null, false, false, null]","[""C000000"", ""C000100"", ""C000101"", ""C001100"", ""C010100"", ""C100100""]"
C110100,double_distinct_flip,"[0, 2]",[],0,1,False,single_geometry_conditional,7,2,"[false, true, true, true, false, false, false]","[""C011100""]"
C110100,double_distinct_flip,"[0, 2]",[],1,5,False,multiple_candidates,3,1,"[false, null, null, null, false, false, null]","[""C001100"", ""C010100"", ""C011000"", ""C011100"", ""C011101""]"
C110100,double_distinct_flip,"[0, 3]",[],0,1,False,single_geometry_conditional,7,2,"[false, true, false, false, false, false, false]","[""C010000""]"
C110100,double_distinct_flip,"[0, 3]",[],1,8,False,multiple_candidates,0,0,"[null, null, null, null, null, null, null]","[""C000000"", ""C010000"", ""C010001"", ""C010010"", ""C010100"", ""C010200"", ""C011000"", ""C110000""]"
C110100,double_distinct_flip,"[0, 4]",[],0,0,False,no_feasible_candidate,0,0,"[null, null, null, null, null, null, null]",[]
C110100,double_distinct_flip,"[0, 4]",[],1,2,False,multiple_candidates,5,1,"[false, true, false, null, null, false, false]","[""C010100"", ""C010200""]"
C110100,double_distinct_flip,"[0, 5]",[],0,0,False,no_feasible_candidate,0,0,"[null, null, null, null, null, null, null]",[]
C110100,double_distinct_flip,"[0, 5]",[],1,2,False,multiple_candidates,5,1,"[false, true, false, null, false, null, false]","[""C010010"", ""C010100""]"
C110100,double_distinct_flip,"[0, 6]",[],0,1,False,single_geometry_conditional,7,2,"[false, true, false, true, false, false, true]","[""C010101""]"
C110100,double_distinct_flip,"[0, 6]",[],1,6,False,multiple_candidates,2,0,"[null, null, null, null, false, false, null]","[""C000101"", ""C010001"", ""C010100"", ""C010101"", ""C011101"", ""C110101""]"
C110100,double_distinct_flip,"[1, 2]",[],0,1,False,single_geometry_conditional,7,2,"[true, false, true, true, false, false, false]","[""C101100""]"
C110100,double_distinct_flip,"[1, 2]",[],1,5,False,multiple_candidates,3,1,"[null, false, null, null, false, false, null]","[""C001100"", ""C100100"", ""C101000"", ""C101100"", ""C101101""]"
C110100,double_distinct_flip,"[1, 3]",[],0,1,False,single_geometry_conditional,7,2,"[true, false, false, false, false, false, false]","[""C100000""]"
C110100,double_distinct_flip,"[1, 3]",[],1,8,False,multiple_candidates,0,0,"[null, null, null, null, null, null, null]","[""C000000"", ""C100000"", ""C100001"", ""C100010"", ""C100100"", ""C100200"", ""C101000"", ""C110000""]"
C110100,double_distinct_flip,"[1, 4]",[],0,0,False,no_feasible_candidate,0,0,"[null, null, null, null, null, null, null]",[]
C110100,double_distinct_flip,"[1, 4]",[],1,2,False,multiple_candidates,5,1,"[true, false, false, null, null, false, false]","[""C100100"", ""C100200""]"
C110100,double_distinct_flip,"[1, 5]",[],0,0,False,no_feasible_candidate,0,0,"[null, null, null, null, null, null, null]",[]
C110100,double_distinct_flip,"[1, 5]",[],1,2,False,multiple_candidates,5,1,"[true, false, false, null, false, null, false]","[""C100010"", ""C100100""]"
C110100,double_distinct_flip,"[1, 6]",[],0,1,False,single_geometry_conditional,7,2,"[true, false, false, true, false, false, true]","[""C100101""]"
C110100,double_distinct_flip,"[1, 6]",[],1,6,False,multiple_candidates,2,0,"[null, null, null, null, false, false, null]","[""C000101"", ""C100001"", ""C100100"", ""C100101"", ""C101101"", ""C110101""]"
C110100,double_distinct_flip,"[2, 3]",[],0,0,False,no_feasible_candidate,0,0,"[null, null, null, null, null, null, null]",[]
C110100,double_distinct_flip,"[2, 3]",[],1,3,False,multiple_candidates,4,1,"[null, null, null, false, false, false, false]","[""C011000"", ""C101000"", ""C110000""]"
C110100,double_distinct_flip,"[2, 4]",[],0,0,False,no_feasible_candidate,0,0,"[null, null, null, null, null, null, null]",[]
C110100,double_distinct_flip,"[2, 4]",[],1,0,False,no_feasible_candidate,0,0,"[null, null, null, null, null, null, null]",[]
C110100,double_distinct_flip,"[2, 5]",[],0,0,False,no_feasible_candidate,0,0,"[null, null, null, null, null, null, null]",[]
C110100,double_distinct_flip,"[2, 5]",[],1,0,False,no_feasible_candidate,0,0,"[null, null, null, null, null, null, null]",[]
C110100,double_distinct_flip,"[2, 6]",[],0,0,False,no_feasible_candidate,0,0,"[null, null, null, null, null, null, null]",[]
C110100,double_distinct_flip,"[2, 6]",[],1,3,False,multiple_candidates,4,1,"[null, null, null, true, false, false, true]","[""C011101"", ""C101101"", ""C110101""]"
C110100,double_distinct_flip,"[3, 4]",[],0,1,False,single_geometry_conditional,7,2,"[true, true, false, false, true, false, false]","[""C110200""]"
C110100,double_distinct_flip,"[3, 4]",[],1,6,False,multiple_candidates,2,1,"[null, null, false, false, null, null, null]","[""C010200"", ""C100200"", ""C110000"", ""C110200"", ""C110201"", ""C110210""]"
C110100,double_distinct_flip,"[3, 5]",[],0,1,False,single_geometry_conditional,7,2,"[true, true, false, false, false, true, false]","[""C110010""]"
C110100,double_distinct_flip,"[3, 5]",[],1,6,False,multiple_candidates,2,1,"[null, null, false, false, null, null, null]","[""C010010"", ""C100010"", ""C110000"", ""C110010"", ""C110011"", ""C110210""]"
C110100,double_distinct_flip,"[3, 6]",[],0,1,False,single_geometry_conditional,7,2,"[true, true, false, false, false, false, true]","[""C110001""]"
C110100,double_distinct_flip,"[3, 6]",[],1,7,False,multiple_candidates,1,0,"[null, null, false, null, null, null, null]","[""C010001"", ""C100001"", ""C110000"", ""C110001"", ""C110011"", ""C110101"", ""C110201""]"
C110100,double_distinct_flip,"[4, 5]",[],0,0,False,no_feasible_candidate,0,0,"[null, null, null, null, null, null, null]",[]
C110100,double_distinct_flip,"[4, 5]",[],1,1,False,single_geometry_conditional,7,3,"[true, true, false, false, true, true, false]","[""C110210""]"
C110100,double_distinct_flip,"[4, 6]",[],0,0,False,no_feasible_candidate,0,0,"[null, null, null, null, null, null, null]",[]
C110100,double_distinct_flip,"[4, 6]",[],1,2,False,multiple_candidates,5,1,"[true, true, false, null, null, false, true]","[""C110101"", ""C110201""]"
C110100,double_distinct_flip,"[5, 6]",[],0,0,False,no_feasible_candidate,0,0,"[null, null, null, null, null, null, null]",[]
C110100,double_distinct_flip,"[5, 6]",[],1,2,False,multiple_candidates,5,1,"[true, true, false, null, false, null, true]","[""C110011"", ""C110101""]"
C110101,clean,[],[],0,1,True,single_geometry_conditional,7,0,"[true, true, false, true, false, false, true]","[""C110101""]"
C110101,clean,[],[],1,5,True,multiple_candidates,3,0,"[null, null, false, null, false, false, null]","[""C010101"", ""C100101"", ""C110001"", ""C110100"", ""C110101""]"
C110101,single_flip,[0],[],0,1,False,single_geometry_conditional,7,1,"[false, true, false, true, false, false, true]","[""C010101""]"
C110101,single_flip,[0],[],1,6,True,multiple_candidates,2,0,"[null, null, null, null, false, false, null]","[""C000101"", ""C010001"", ""C010100"", ""C010101"", ""C011101"", ""C110101""]"
C110101,single_flip,[1],[],0,1,False,single_geometry_conditional,7,1,"[true, false, false, true, false, false, true]","[""C100101""]"
C110101,single_flip,[1],[],1,6,True,multiple_candidates,2,0,"[null, null, null, null, false, false, null]","[""C000101"", ""C100001"", ""C100100"", ""C100101"", ""C101101"", ""C110101""]"
C110101,single_flip,[2],[],0,0,False,no_feasible_candidate,0,0,"[null, null, null, null, null, null, null]",[]
C110101,single_flip,[2],[],1,3,True,multiple_candidates,4,0,"[null, null, null, true, false, false, true]","[""C011101"", ""C101101"", ""C110101""]"
C110101,single_flip,[3],[],0,1,False,single_geometry_conditional,7,1,"[true, true, false, false, false, false, true]","[""C110001""]"
C110101,single_flip,[3],[],1,7,True,multiple_candidates,1,0,"[null, null, false, null, null, null, null]","[""C010001"", ""C100001"", ""C110000"", ""C110001"", ""C110011"", ""C110101"", ""C110201""]"
C110101,single_flip,[4],[],0,0,False,no_feasible_candidate,0,0,"[null, null, null, null, null, null, null]",[]
C110101,single_flip,[4],[],1,2,True,multiple_candidates,5,0,"[true, true, false, null, null, false, true]","[""C110101"", ""C110201""]"
C110101,single_flip,[5],[],0,0,False,no_feasible_candidate,0,0,"[null, null, null, null, null, null, null]",[]
C110101,single_flip,[5],[],1,2,True,multiple_candidates,5,0,"[true, true, false, null, false, null, true]","[""C110011"", ""C110101""]"
C110101,single_flip,[6],[],0,1,False,single_geometry_conditional,7,1,"[true, true, false, true, false, false, false]","[""C110100""]"
C110101,single_flip,[6],[],1,5,True,multiple_candidates,3,0,"[null, null, false, null, false, false, null]","[""C010100"", ""C100100"", ""C110000"", ""C110100"", ""C110101""]"
C110101,single_missing,[],[0],0,2,True,multiple_candidates,6,0,"[null, true, false, true, false, false, true]","[""C010101"", ""C110101""]"
C110101,single_missing,[],[0],1,9,True,multiple_candidates,2,0,"[null, null, null, null, false, false, null]","[""C000101"", ""C010001"", ""C010100"", ""C010101"", ""C011101"", ""C100101"", ""C110001"", ""C110100"", ""C110101""]"
C110101,single_missing,[],[1],0,2,True,multiple_candidates,6,0,"[true, null, false, true, false, false, true]","[""C100101"", ""C110101""]"
C110101,single_missing,[],[1],1,9,True,multiple_candidates,2,0,"[null, null, null, null, false, false, null]","[""C000101"", ""C010101"", ""C100001"", ""C100100"", ""C100101"", ""C101101"", ""C110001"", ""C110100"", ""C110101""]"
C110101,single_missing,[],[2],0,1,True,single_geometry_conditional,7,0,"[true, true, false, true, false, false, true]","[""C110101""]"
C110101,single_missing,[],[2],1,7,True,multiple_candidates,2,0,"[null, null, null, null, false, false, null]","[""C010101"", ""C011101"", ""C100101"", ""C101101"", ""C110001"", ""C110100"", ""C110101""]"
C110101,single_missing,[],[3],0,2,True,multiple_candidates,6,0,"[true, true, false, null, false, false, true]","[""C110001"", ""C110101""]"
C110101,single_missing,[],[3],1,10,True,multiple_candidates,1,0,"[null, null, false, null, null, null, null]","[""C010001"", ""C010101"", ""C100001"", ""C100101"", ""C110000"", ""C110001"", ""C110011"", ""C110100"", ""C110101"", ""C110201""]"
C110101,single_missing,[],[4],0,1,True,single_geometry_conditional,7,0,"[true, true, false, true, false, false, true]","[""C110101""]"
C110101,single_missing,[],[4],1,6,True,multiple_candidates,2,0,"[null, null, false, null, null, false, null]","[""C010101"", ""C100101"", ""C110001"", ""C110100"", ""C110101"", ""C110201""]"
C110101,single_missing,[],[5],0,1,True,single_geometry_conditional,7,0,"[true, true, false, true, false, false, true]","[""C110101""]"
C110101,single_missing,[],[5],1,6,True,multiple_candidates,2,0,"[null, null, false, null, false, null, null]","[""C010101"", ""C100101"", ""C110001"", ""C110011"", ""C110100"", ""C110101""]"
C110101,single_missing,[],[6],0,2,True,multiple_candidates,6,0,"[true, true, false, true, false, false, null]","[""C110100"", ""C110101""]"
C110101,single_missing,[],[6],1,8,True,multiple_candidates,3,0,"[null, null, false, null, false, false, null]","[""C010100"", ""C010101"", ""C100100"", ""C100101"", ""C110000"", ""C110001"", ""C110100"", ""C110101""]"
C110101,double_distinct_flip,"[0, 1]",[],0,1,False,single_geometry_conditional,7,2,"[false, false, false, true, false, false, true]","[""C000101""]"
C110101,double_distinct_flip,"[0, 1]",[],1,6,False,multiple_candidates,2,0,"[null, null, null, null, false, false, null]","[""C000001"", ""C000100"", ""C000101"", ""C001101"", ""C010101"", ""C100101""]"
C110101,double_distinct_flip,"[0, 2]",[],0,1,False,compatibility_unresolved,7,2,"[false, true, true, true, false, false, true]","[""C011101""]"
C110101,double_distinct_flip,"[0, 2]",[],1,5,False,multiple_candidates,3,1,"[false, null, null, null, false, false, null]","[""C001101"", ""C010101"", ""C011001"", ""C011100"", ""C011101""]"
C110101,double_distinct_flip,"[0, 3]",[],0,1,False,single_geometry_conditional,7,2,"[false, true, false, false, false, false, true]","[""C010001""]"
C110101,double_distinct_flip,"[0, 3]",[],1,8,False,multiple_candidates,0,0,"[null, null, null, null, null, null, null]","[""C000001"", ""C010000"", ""C010001"", ""C010011"", ""C010101"", ""C010201"", ""C011001"", ""C110001""]"
C110101,double_distinct_flip,"[0, 4]",[],0,0,False,no_feasible_candidate,0,0,"[null, null, null, null, null, null, null]",[]
C110101,double_distinct_flip,"[0, 4]",[],1,2,False,multiple_candidates,5,1,"[false, true, false, null, null, false, true]","[""C010101"", ""C010201""]"
C110101,double_distinct_flip,"[0, 5]",[],0,0,False,no_feasible_candidate,0,0,"[null, null, null, null, null, null, null]",[]
C110101,double_distinct_flip,"[0, 5]",[],1,2,False,multiple_candidates,5,1,"[false, true, false, null, false, null, true]","[""C010011"", ""C010101""]"
C110101,double_distinct_flip,"[0, 6]",[],0,1,False,single_geometry_conditional,7,2,"[false, true, false, true, false, false, false]","[""C010100""]"
C110101,double_distinct_flip,"[0, 6]",[],1,6,False,multiple_candidates,2,0,"[null, null, null, null, false, false, null]","[""C000100"", ""C010000"", ""C010100"", ""C010101"", ""C011100"", ""C110100""]"
C110101,double_distinct_flip,"[1, 2]",[],0,1,False,compatibility_unresolved,7,2,"[true, false, true, true, false, false, true]","[""C101101""]"
C110101,double_distinct_flip,"[1, 2]",[],1,5,False,multiple_candidates,3,1,"[null, false, null, null, false, false, null]","[""C001101"", ""C100101"", ""C101001"", ""C101100"", ""C101101""]"
C110101,double_distinct_flip,"[1, 3]",[],0,1,False,single_geometry_conditional,7,2,"[true, false, false, false, false, false, true]","[""C100001""]"
C110101,double_distinct_flip,"[1, 3]",[],1,8,False,multiple_candidates,0,0,"[null, null, null, null, null, null, null]","[""C000001"", ""C100000"", ""C100001"", ""C100011"", ""C100101"", ""C100201"", ""C101001"", ""C110001""]"
C110101,double_distinct_flip,"[1, 4]",[],0,0,False,no_feasible_candidate,0,0,"[null, null, null, null, null, null, null]",[]
C110101,double_distinct_flip,"[1, 4]",[],1,2,False,multiple_candidates,5,1,"[true, false, false, null, null, false, true]","[""C100101"", ""C100201""]"
C110101,double_distinct_flip,"[1, 5]",[],0,0,False,no_feasible_candidate,0,0,"[null, null, null, null, null, null, null]",[]
C110101,double_distinct_flip,"[1, 5]",[],1,2,False,multiple_candidates,5,1,"[true, false, false, null, false, null, true]","[""C100011"", ""C100101""]"
C110101,double_distinct_flip,"[1, 6]",[],0,1,False,single_geometry_conditional,7,2,"[true, false, false, true, false, false, false]","[""C100100""]"
C110101,double_distinct_flip,"[1, 6]",[],1,6,False,multiple_candidates,2,0,"[null, null, null, null, false, false, null]","[""C000100"", ""C100000"", ""C100100"", ""C100101"", ""C101100"", ""C110100""]"
C110101,double_distinct_flip,"[2, 3]",[],0,0,False,no_feasible_candidate,0,0,"[null, null, null, null, null, null, null]",[]
C110101,double_distinct_flip,"[2, 3]",[],1,3,False,multiple_candidates,4,1,"[null, null, null, false, false, false, true]","[""C011001"", ""C101001"", ""C110001""]"
C110101,double_distinct_flip,"[2, 4]",[],0,0,False,no_feasible_candidate,0,0,"[null, null, null, null, null, null, null]",[]
C110101,double_distinct_flip,"[2, 4]",[],1,0,False,no_feasible_candidate,0,0,"[null, null, null, null, null, null, null]",[]
C110101,double_distinct_flip,"[2, 5]",[],0,0,False,no_feasible_candidate,0,0,"[null, null, null, null, null, null, null]",[]
C110101,double_distinct_flip,"[2, 5]",[],1,0,False,no_feasible_candidate,0,0,"[null, null, null, null, null, null, null]",[]
C110101,double_distinct_flip,"[2, 6]",[],0,0,False,no_feasible_candidate,0,0,"[null, null, null, null, null, null, null]",[]
C110101,double_distinct_flip,"[2, 6]",[],1,3,False,multiple_candidates,4,1,"[null, null, null, true, false, false, false]","[""C011100"", ""C101100"", ""C110100""]"
C110101,double_distinct_flip,"[3, 4]",[],0,1,False,single_geometry_conditional,7,2,"[true, true, false, false, true, false, true]","[""C110201""]"
C110101,double_distinct_flip,"[3, 4]",[],1,6,False,multiple_candidates,2,1,"[null, null, false, false, null, null, null]","[""C010201"", ""C100201"", ""C110001"", ""C110200"", ""C110201"", ""C110211""]"
C110101,double_distinct_flip,"[3, 5]",[],0,1,False,single_geometry_conditional,7,2,"[true, true, false, false, false, true, true]","[""C110011""]"
C110101,double_distinct_flip,"[3, 5]",[],1,6,False,multiple_candidates,2,1,"[null, null, false, false, null, null, null]","[""C010011"", ""C100011"", ""C110001"", ""C110010"", ""C110011"", ""C110211""]"
C110101,double_distinct_flip,"[3, 6]",[],0,1,False,single_geometry_conditional,7,2,"[true, true, false, false, false, false, false]","[""C110000""]"
C110101,double_distinct_flip,"[3, 6]",[],1,7,False,multiple_candidates,1,0,"[null, null, false, null, null, null, null]","[""C010000"", ""C100000"", ""C110000"", ""C110001"", ""C110010"", ""C110100"", ""C110200""]"
C110101,double_distinct_flip,"[4, 5]",[],0,0,False,no_feasible_candidate,0,0,"[null, null, null, null, null, null, null]",[]
C110101,double_distinct_flip,"[4, 5]",[],1,1,False,single_geometry_conditional,7,3,"[true, true, false, false, true, true, true]","[""C110211""]"
C110101,double_distinct_flip,"[4, 6]",[],0,0,False,no_feasible_candidate,0,0,"[null, null, null, null, null, null, null]",[]
C110101,double_distinct_flip,"[4, 6]",[],1,2,False,multiple_candidates,5,1,"[true, true, false, null, null, false, false]","[""C110100"", ""C110200""]"
C110101,double_distinct_flip,"[5, 6]",[],0,0,False,no_feasible_candidate,0,0,"[null, null, null, null, null, null, null]",[]
C110101,double_distinct_flip,"[5, 6]",[],1,2,False,multiple_candidates,5,1,"[true, true, false, null, false, null, false]","[""C110010"", ""C110100""]"
C110200,clean,[],[],0,1,True,single_geometry_conditional,7,0,"[true, true, false, false, true, false, false]","[""C110200""]"
C110200,clean,[],[],1,6,True,multiple_candidates,2,0,"[null, null, false, false, null, null, null]","[""C010200"", ""C100200"", ""C110000"", ""C110200"", ""C110201"", ""C110210""]"
C110200,single_flip,[0],[],0,1,False,single_geometry_conditional,7,1,"[false, true, false, false, true, false, false]","[""C010200""]"
C110200,single_flip,[0],[],1,7,True,multiple_candidates,1,0,"[null, null, null, false, null, null, null]","[""C000200"", ""C010000"", ""C010200"", ""C010201"", ""C010210"", ""C011200"", ""C110200""]"
C110200,single_flip,[1],[],0,1,False,single_geometry_conditional,7,1,"[true, false, false, false, true, false, false]","[""C100200""]"
C110200,single_flip,[1],[],1,7,True,multiple_candidates,1,0,"[null, null, null, false, null, null, null]","[""C000200"", ""C100000"", ""C100200"", ""C100201"", ""C100210"", ""C101200"", ""C110200""]"
C110200,single_flip,[2],[],0,0,False,no_feasible_candidate,0,0,"[null, null, null, null, null, null, null]",[]
C110200,single_flip,[2],[],1,3,True,multiple_candidates,4,0,"[null, null, null, false, true, false, false]","[""C011200"", ""C101200"", ""C110200""]"
C110200,single_flip,[3],[],0,0,False,no_feasible_candidate,0,0,"[null, null, null, null, null, null, null]",[]
C110200,single_flip,[3],[],1,2,True,multiple_candidates,5,0,"[true, true, false, null, null, false, false]","[""C110100"", ""C110200""]"
C110200,single_flip,[4],[],0,1,False,single_geometry_conditional,7,1,"[true, true, false, false, false, false, false]","[""C110000""]"
C110200,single_flip,[4],[],1,7,True,multiple_candidates,1,0,"[null, null, false, null, null, null, null]","[""C010000"", ""C100000"", ""C110000"", ""C110001"", ""C110010"", ""C110100"", ""C110200""]"
C110200,single_flip,[5],[],0,1,False,single_geometry_conditional,7,1,"[true, true, false, false, true, true, false]","[""C110210""]"
C110200,single_flip,[5],[],1,6,True,multiple_candidates,2,0,"[null, null, false, false, null, null, null]","[""C010210"", ""C100210"", ""C110010"", ""C110200"", ""C110210"", ""C110211""]"
C110200,single_flip,[6],[],0,1,False,single_geometry_conditional,7,1,"[true, true, false, false, true, false, true]","[""C110201""]"
C110200,single_flip,[6],[],1,6,True,multiple_candidates,2,0,"[null, null, false, false, null, null, null]","[""C010201"", ""C100201"", ""C110001"", ""C110200"", ""C110201"", ""C110211""]"
C110200,single_missing,[],[0],0,2,True,multiple_candidates,6,0,"[null, true, false, false, true, false, false]","[""C010200"", ""C110200""]"
C110200,single_missing,[],[0],1,11,True,multiple_candidates,1,0,"[null, null, null, false, null, null, null]","[""C000200"", ""C010000"", ""C010200"", ""C010201"", ""C010210"", ""C011200"", ""C100200"", ""C110000"", ""C110200"", ""C110201"", ""C110210""]"
C110200,single_missing,[],[1],0,2,True,multiple_candidates,6,0,"[true, null, false, false, true, false, false]","[""C100200"", ""C110200""]"
C110200,single_missing,[],[1],1,11,True,multiple_candidates,1,0,"[null, null, null, false, null, null, null]","[""C000200"", ""C010200"", ""C100000"", ""C100200"", ""C100201"", ""C100210"", ""C101200"", ""C110000"", ""C110200"", ""C110201"", ""C110210""]"
C110200,single_missing,[],[2],0,1,True,single_geometry_conditional,7,0,"[true, true, false, false, true, false, false]","[""C110200""]"
C110200,single_missing,[],[2],1,8,True,multiple_candidates,1,0,"[null, null, null, false, null, null, null]","[""C010200"", ""C011200"", ""C100200"", ""C101200"", ""C110000"", ""C110200"", ""C110201"", ""C110210""]"
C110200,single_missing,[],[3],0,1,True,single_geometry_conditional,7,0,"[true, true, false, false, true, false, false]","[""C110200""]"
C110200,single_missing,[],[3],1,7,True,multiple_candidates,1,0,"[null, null, false, null, null, null, null]","[""C010200"", ""C100200"", ""C110000"", ""C110100"", ""C110200"", ""C110201"", ""C110210""]"
C110200,single_missing,[],[4],0,2,True,multiple_candidates,6,0,"[true, true, false, false, null, false, false]","[""C110000"", ""C110200""]"
C110200,single_missing,[],[4],1,11,True,multiple_candidates,1,0,"[null, null, false, null, null, null, null]","[""C010000"", ""C010200"", ""C100000"", ""C100200"", ""C110000"", ""C110001"", ""C110010"", ""C110100"", ""C110200"", ""C110201"", ""C110210""]"
C110200,single_missing,[],[5],0,2,True,multiple_candidates,6,0,"[true, true, false, false, true, null, false]","[""C110200"", ""C110210""]"
C110200,single_missing,[],[5],1,10,True,multiple_candidates,2,0,"[null, null, false, false, null, null, null]","[""C010200"", ""C010210"", ""C100200"", ""C100210"", ""C110000"", ""C110010"", ""C110200"", ""C110201"", ""C110210"", ""C110211""]"
C110200,single_missing,[],[6],0,2,True,multiple_candidates,6,0,"[true, true, false, false, true, false, null]","[""C110200"", ""C110201""]"
C110200,single_missing,[],[6],1,10,True,multiple_candidates,2,0,"[null, null, false, false, null, null, null]","[""C010200"", ""C010201"", ""C100200"", ""C100201"", ""C110000"", ""C110001"", ""C110200"", ""C110201"", ""C110210"", ""C110211""]"
C110200,double_distinct_flip,"[0, 1]",[],0,1,False,single_geometry_conditional,7,2,"[false, false, false, false, true, false, false]","[""C000200""]"
C110200,double_distinct_flip,"[0, 1]",[],1,7,False,multiple_candidates,1,0,"[null, null, null, false, null, null, null]","[""C000000"", ""C000200"", ""C000201"", ""C000210"", ""C001200"", ""C010200"", ""C100200""]"
C110200,double_distinct_flip,"[0, 2]",[],0,1,False,single_geometry_conditional,7,2,"[false, true, true, false, true, false, false]","[""C011200""]"
C110200,double_distinct_flip,"[0, 2]",[],1,6,False,multiple_candidates,2,1,"[false, null, null, false, null, null, null]","[""C001200"", ""C010200"", ""C011000"", ""C011200"", ""C011201"", ""C011210""]"
C110200,double_distinct_flip,"[0, 3]",[],0,0,False,no_feasible_candidate,0,0,"[null, null, null, null, null, null, null]",[]
C110200,double_distinct_flip,"[0, 3]",[],1,2,False,multiple_candidates,5,1,"[false, true, false, null, null, false, false]","[""C010100"", ""C010200""]"
C110200,double_distinct_flip,"[0, 4]",[],0,1,False,single_geometry_conditional,7,2,"[false, true, false, false, false, false, false]","[""C010000""]"
C110200,double_distinct_flip,"[0, 4]",[],1,8,False,multiple_candidates,0,0,"[null, null, null, null, null, null, null]","[""C000000"", ""C010000"", ""C010001"", ""C010010"", ""C010100"", ""C010200"", ""C011000"", ""C110000""]"
C110200,double_distinct_flip,"[0, 5]",[],0,1,False,single_geometry_conditional,7,2,"[false, true, false, false, true, true, false]","[""C010210""]"
C110200,double_distinct_flip,"[0, 5]",[],1,7,False,multiple_candidates,1,0,"[null, null, null, false, null, null, null]","[""C000210"", ""C010010"", ""C010200"", ""C010210"", ""C010211"", ""C011210"", ""C110210""]"
C110200,double_distinct_flip,"[0, 6]",[],0,1,False,single_geometry_conditional,7,2,"[false, true, false, false, true, false, true]","[""C010201""]"
C110200,double_distinct_flip,"[0, 6]",[],1,7,False,multiple_candidates,1,0,"[null, null, null, false, null, null, null]","[""C000201"", ""C010001"", ""C010200"", ""C010201"", ""C010211"", ""C011201"", ""C110201""]"
C110200,double_distinct_flip,"[1, 2]",[],0,1,False,single_geometry_conditional,7,2,"[true, false, true, false, true, false, false]","[""C101200""]"
C110200,double_distinct_flip,"[1, 2]",[],1,6,False,multiple_candidates,2,1,"[null, false, null, false, null, null, null]","[""C001200"", ""C100200"", ""C101000"", ""C101200"", ""C101201"", ""C101210""]"
C110200,double_distinct_flip,"[1, 3]",[],0,0,False,no_feasible_candidate,0,0,"[null, null, null, null, null, null, null]",[]
C110200,double_distinct_flip,"[1, 3]",[],1,2,False,multiple_candidates,5,1,"[true, false, false, null, null, false, false]","[""C100100"", ""C100200""]"
C110200,double_distinct_flip,"[1, 4]",[],0,1,False,single_geometry_conditional,7,2,"[true, false, false, false, false, false, false]","[""C100000""]"
C110200,double_distinct_flip,"[1, 4]",[],1,8,False,multiple_candidates,0,0,"[null, null, null, null, null, null, null]","[""C000000"", ""C100000"", ""C100001"", ""C100010"", ""C100100"", ""C100200"", ""C101000"", ""C110000""]"
C110200,double_distinct_flip,"[1, 5]",[],0,1,False,single_geometry_conditional,7,2,"[true, false, false, false, true, true, false]","[""C100210""]"
C110200,double_distinct_flip,"[1, 5]",[],1,7,False,multiple_candidates,1,0,"[null, null, null, false, null, null, null]","[""C000210"", ""C100010"", ""C100200"", ""C100210"", ""C100211"", ""C101210"", ""C110210""]"
C110200,double_distinct_flip,"[1, 6]",[],0,1,False,single_geometry_conditional,7,2,"[true, false, false, false, true, false, true]","[""C100201""]"
C110200,double_distinct_flip,"[1, 6]",[],1,7,False,multiple_candidates,1,0,"[null, null, null, false, null, null, null]","[""C000201"", ""C100001"", ""C100200"", ""C100201"", ""C100211"", ""C101201"", ""C110201""]"
C110200,double_distinct_flip,"[2, 3]",[],0,0,False,no_feasible_candidate,0,0,"[null, null, null, null, null, null, null]",[]
C110200,double_distinct_flip,"[2, 3]",[],1,0,False,no_feasible_candidate,0,0,"[null, null, null, null, null, null, null]",[]
C110200,double_distinct_flip,"[2, 4]",[],0,0,False,no_feasible_candidate,0,0,"[null, null, null, null, null, null, null]",[]
C110200,double_distinct_flip,"[2, 4]",[],1,3,False,multiple_candidates,4,1,"[null, null, null, false, false, false, false]","[""C011000"", ""C101000"", ""C110000""]"
C110200,double_distinct_flip,"[2, 5]",[],0,0,False,no_feasible_candidate,0,0,"[null, null, null, null, null, null, null]",[]
C110200,double_distinct_flip,"[2, 5]",[],1,3,False,multiple_candidates,4,1,"[null, null, null, false, true, true, false]","[""C011210"", ""C101210"", ""C110210""]"
C110200,double_distinct_flip,"[2, 6]",[],0,0,False,no_feasible_candidate,0,0,"[null, null, null, null, null, null, null]",[]
C110200,double_distinct_flip,"[2, 6]",[],1,3,False,multiple_candidates,4,1,"[null, null, null, false, true, false, true]","[""C011201"", ""C101201"", ""C110201""]"
C110200,double_distinct_flip,"[3, 4]",[],0,1,False,single_geometry_conditional,7,2,"[true, true, false, true, false, false, false]","[""C110100""]"
C110200,double_distinct_flip,"[3, 4]",[],1,5,False,multiple_candidates,3,1,"[null, null, false, null, false, false, null]","[""C010100"", ""C100100"", ""C110000"", ""C110100"", ""C110101""]"
C110200,double_distinct_flip,"[3, 5]",[],0,0,False,no_feasible_candidate,0,0,"[null, null, null, null, null, null, null]",[]
C110200,double_distinct_flip,"[3, 5]",[],1,1,False,single_geometry_conditional,7,1,"[true, true, false, false, true, true, false]","[""C110210""]"
C110200,double_distinct_flip,"[3, 6]",[],0,0,False,no_feasible_candidate,0,0,"[null, null, null, null, null, null, null]",[]
C110200,double_distinct_flip,"[3, 6]",[],1,2,False,multiple_candidates,5,1,"[true, true, false, null, null, false, true]","[""C110101"", ""C110201""]"
C110200,double_distinct_flip,"[4, 5]",[],0,1,False,single_geometry_conditional,7,2,"[true, true, false, false, false, true, false]","[""C110010""]"
C110200,double_distinct_flip,"[4, 5]",[],1,6,False,multiple_candidates,2,0,"[null, null, false, false, null, null, null]","[""C010010"", ""C100010"", ""C110000"", ""C110010"", ""C110011"", ""C110210""]"
C110200,double_distinct_flip,"[4, 6]",[],0,1,False,single_geometry_conditional,7,2,"[true, true, false, false, false, false, true]","[""C110001""]"
C110200,double_distinct_flip,"[4, 6]",[],1,7,False,multiple_candidates,1,0,"[null, null, false, null, null, null, null]","[""C010001"", ""C100001"", ""C110000"", ""C110001"", ""C110011"", ""C110101"", ""C110201""]"
C110200,double_distinct_flip,"[5, 6]",[],0,1,False,single_geometry_conditional,7,2,"[true, true, false, false, true, true, true]","[""C110211""]"
C110200,double_distinct_flip,"[5, 6]",[],1,6,False,multiple_candidates,2,0,"[null, null, false, false, null, null, null]","[""C010211"", ""C100211"", ""C110011"", ""C110201"", ""C110210"", ""C110211""]"
C110201,clean,[],[],0,1,True,single_geometry_conditional,7,0,"[true, true, false, false, true, false, true]","[""C110201""]"
C110201,clean,[],[],1,6,True,multiple_candidates,2,0,"[null, null, false, false, null, null, null]","[""C010201"", ""C100201"", ""C110001"", ""C110200"", ""C110201"", ""C110211""]"
C110201,single_flip,[0],[],0,1,False,single_geometry_conditional,7,1,"[false, true, false, false, true, false, true]","[""C010201""]"
C110201,single_flip,[0],[],1,7,True,multiple_candidates,1,0,"[null, null, null, false, null, null, null]","[""C000201"", ""C010001"", ""C010200"", ""C010201"", ""C010211"", ""C011201"", ""C110201""]"
C110201,single_flip,[1],[],0,1,False,single_geometry_conditional,7,1,"[true, false, false, false, true, false, true]","[""C100201""]"
C110201,single_flip,[1],[],1,7,True,multiple_candidates,1,0,"[null, null, null, false, null, null, null]","[""C000201"", ""C100001"", ""C100200"", ""C100201"", ""C100211"", ""C101201"", ""C110201""]"
C110201,single_flip,[2],[],0,0,False,no_feasible_candidate,0,0,"[null, null, null, null, null, null, null]",[]
C110201,single_flip,[2],[],1,3,True,multiple_candidates,4,0,"[null, null, null, false, true, false, true]","[""C011201"", ""C101201"", ""C110201""]"
C110201,single_flip,[3],[],0,0,False,no_feasible_candidate,0,0,"[null, null, null, null, null, null, null]",[]
C110201,single_flip,[3],[],1,2,True,multiple_candidates,5,0,"[true, true, false, null, null, false, true]","[""C110101"", ""C110201""]"
C110201,single_flip,[4],[],0,1,False,single_geometry_conditional,7,1,"[true, true, false, false, false, false, true]","[""C110001""]"
C110201,single_flip,[4],[],1,7,True,multiple_candidates,1,0,"[null, null, false, null, null, null, null]","[""C010001"", ""C100001"", ""C110000"", ""C110001"", ""C110011"", ""C110101"", ""C110201""]"
C110201,single_flip,[5],[],0,1,False,single_geometry_conditional,7,1,"[true, true, false, false, true, true, true]","[""C110211""]"
C110201,single_flip,[5],[],1,6,True,multiple_candidates,2,0,"[null, null, false, false, null, null, null]","[""C010211"", ""C100211"", ""C110011"", ""C110201"", ""C110210"", ""C110211""]"
C110201,single_flip,[6],[],0,1,False,single_geometry_conditional,7,1,"[true, true, false, false, true, false, false]","[""C110200""]"
C110201,single_flip,[6],[],1,6,True,multiple_candidates,2,0,"[null, null, false, false, null, null, null]","[""C010200"", ""C100200"", ""C110000"", ""C110200"", ""C110201"", ""C110210""]"
C110201,single_missing,[],[0],0,2,True,multiple_candidates,6,0,"[null, true, false, false, true, false, true]","[""C010201"", ""C110201""]"
C110201,single_missing,[],[0],1,11,True,multiple_candidates,1,0,"[null, null, null, false, null, null, null]","[""C000201"", ""C010001"", ""C010200"", ""C010201"", ""C010211"", ""C011201"", ""C100201"", ""C110001"", ""C110200"", ""C110201"", ""C110211""]"
C110201,single_missing,[],[1],0,2,True,multiple_candidates,6,0,"[true, null, false, false, true, false, true]","[""C100201"", ""C110201""]"
C110201,single_missing,[],[1],1,11,True,multiple_candidates,1,0,"[null, null, null, false, null, null, null]","[""C000201"", ""C010201"", ""C100001"", ""C100200"", ""C100201"", ""C100211"", ""C101201"", ""C110001"", ""C110200"", ""C110201"", ""C110211""]"
C110201,single_missing,[],[2],0,1,True,single_geometry_conditional,7,0,"[true, true, false, false, true, false, true]","[""C110201""]"
C110201,single_missing,[],[2],1,8,True,multiple_candidates,1,0,"[null, null, null, false, null, null, null]","[""C010201"", ""C011201"", ""C100201"", ""C101201"", ""C110001"", ""C110200"", ""C110201"", ""C110211""]"
C110201,single_missing,[],[3],0,1,True,single_geometry_conditional,7,0,"[true, true, false, false, true, false, true]","[""C110201""]"
C110201,single_missing,[],[3],1,7,True,multiple_candidates,1,0,"[null, null, false, null, null, null, null]","[""C010201"", ""C100201"", ""C110001"", ""C110101"", ""C110200"", ""C110201"", ""C110211""]"
C110201,single_missing,[],[4],0,2,True,multiple_candidates,6,0,"[true, true, false, false, null, false, true]","[""C110001"", ""C110201""]"
C110201,single_missing,[],[4],1,11,True,multiple_candidates,1,0,"[null, null, false, null, null, null, null]","[""C010001"", ""C010201"", ""C100001"", ""C100201"", ""C110000"", ""C110001"", ""C110011"", ""C110101"", ""C110200"", ""C110201"", ""C110211""]"
C110201,single_missing,[],[5],0,2,True,multiple_candidates,6,0,"[true, true, false, false, true, null, true]","[""C110201"", ""C110211""]"
C110201,single_missing,[],[5],1,10,True,multiple_candidates,2,0,"[null, null, false, false, null, null, null]","[""C010201"", ""C010211"", ""C100201"", ""C100211"", ""C110001"", ""C110011"", ""C110200"", ""C110201"", ""C110210"", ""C110211""]"
C110201,single_missing,[],[6],0,2,True,multiple_candidates,6,0,"[true, true, false, false, true, false, null]","[""C110200"", ""C110201""]"
C110201,single_missing,[],[6],1,10,True,multiple_candidates,2,0,"[null, null, false, false, null, null, null]","[""C010200"", ""C010201"", ""C100200"", ""C100201"", ""C110000"", ""C110001"", ""C110200"", ""C110201"", ""C110210"", ""C110211""]"
C110201,double_distinct_flip,"[0, 1]",[],0,1,False,single_geometry_conditional,7,2,"[false, false, false, false, true, false, true]","[""C000201""]"
C110201,double_distinct_flip,"[0, 1]",[],1,7,False,multiple_candidates,1,0,"[null, null, null, false, null, null, null]","[""C000001"", ""C000200"", ""C000201"", ""C000211"", ""C001201"", ""C010201"", ""C100201""]"
C110201,double_distinct_flip,"[0, 2]",[],0,1,False,compatibility_unresolved,7,2,"[false, true, true, false, true, false, true]","[""C011201""]"
C110201,double_distinct_flip,"[0, 2]",[],1,6,False,multiple_candidates,2,1,"[false, null, null, false, null, null, null]","[""C001201"", ""C010201"", ""C011001"", ""C011200"", ""C011201"", ""C011211""]"
C110201,double_distinct_flip,"[0, 3]",[],0,0,False,no_feasible_candidate,0,0,"[null, null, null, null, null, null, null]",[]
C110201,double_distinct_flip,"[0, 3]",[],1,2,False,multiple_candidates,5,1,"[false, true, false, null, null, false, true]","[""C010101"", ""C010201""]"
C110201,double_distinct_flip,"[0, 4]",[],0,1,False,single_geometry_conditional,7,2,"[false, true, false, false, false, false, true]","[""C010001""]"
C110201,double_distinct_flip,"[0, 4]",[],1,8,False,multiple_candidates,0,0,"[null, null, null, null, null, null, null]","[""C000001"", ""C010000"", ""C010001"", ""C010011"", ""C010101"", ""C010201"", ""C011001"", ""C110001""]"
C110201,double_distinct_flip,"[0, 5]",[],0,1,False,single_geometry_conditional,7,2,"[false, true, false, false, true, true, true]","[""C010211""]"
C110201,double_distinct_flip,"[0, 5]",[],1,7,False,multiple_candidates,1,0,"[null, null, null, false, null, null, null]","[""C000211"", ""C010011"", ""C010201"", ""C010210"", ""C010211"", ""C011211"", ""C110211""]"
C110201,double_distinct_flip,"[0, 6]",[],0,1,False,single_geometry_conditional,7,2,"[false, true, false, false, true, false, false]","[""C010200""]"
C110201,double_distinct_flip,"[0, 6]",[],1,7,False,multiple_candidates,1,0,"[null, null, null, false, null, null, null]","[""C000200"", ""C010000"", ""C010200"", ""C010201"", ""C010210"", ""C011200"", ""C110200""]"
C110201,double_distinct_flip,"[1, 2]",[],0,1,False,compatibility_unresolved,7,2,"[true, false, true, false, true, false, true]","[""C101201""]"
C110201,double_distinct_flip,"[1, 2]",[],1,6,False,multiple_candidates,2,1,"[null, false, null, false, null, null, null]","[""C001201"", ""C100201"", ""C101001"", ""C101200"", ""C101201"", ""C101211""]"
C110201,double_distinct_flip,"[1, 3]",[],0,0,False,no_feasible_candidate,0,0,"[null, null, null, null, null, null, null]",[]
C110201,double_distinct_flip,"[1, 3]",[],1,2,False,multiple_candidates,5,1,"[true, false, false, null, null, false, true]","[""C100101"", ""C100201""]"
C110201,double_distinct_flip,"[1, 4]",[],0,1,False,single_geometry_conditional,7,2,"[true, false, false, false, false, false, true]","[""C100001""]"
C110201,double_distinct_flip,"[1, 4]",[],1,8,False,multiple_candidates,0,0,"[null, null, null, null, null, null, null]","[""C000001"", ""C100000"", ""C100001"", ""C100011"", ""C100101"", ""C100201"", ""C101001"", ""C110001""]"
C110201,double_distinct_flip,"[1, 5]",[],0,1,False,single_geometry_conditional,7,2,"[true, false, false, false, true, true, true]","[""C100211""]"
C110201,double_distinct_flip,"[1, 5]",[],1,7,False,multiple_candidates,1,0,"[null, null, null, false, null, null, null]","[""C000211"", ""C100011"", ""C100201"", ""C100210"", ""C100211"", ""C101211"", ""C110211""]"
C110201,double_distinct_flip,"[1, 6]",[],0,1,False,single_geometry_conditional,7,2,"[true, false, false, false, true, false, false]","[""C100200""]"
C110201,double_distinct_flip,"[1, 6]",[],1,7,False,multiple_candidates,1,0,"[null, null, null, false, null, null, null]","[""C000200"", ""C100000"", ""C100200"", ""C100201"", ""C100210"", ""C101200"", ""C110200""]"
C110201,double_distinct_flip,"[2, 3]",[],0,0,False,no_feasible_candidate,0,0,"[null, null, null, null, null, null, null]",[]
C110201,double_distinct_flip,"[2, 3]",[],1,0,False,no_feasible_candidate,0,0,"[null, null, null, null, null, null, null]",[]
C110201,double_distinct_flip,"[2, 4]",[],0,0,False,no_feasible_candidate,0,0,"[null, null, null, null, null, null, null]",[]
C110201,double_distinct_flip,"[2, 4]",[],1,3,False,multiple_candidates,4,1,"[null, null, null, false, false, false, true]","[""C011001"", ""C101001"", ""C110001""]"
C110201,double_distinct_flip,"[2, 5]",[],0,0,False,no_feasible_candidate,0,0,"[null, null, null, null, null, null, null]",[]
C110201,double_distinct_flip,"[2, 5]",[],1,3,False,multiple_candidates,4,1,"[null, null, null, false, true, true, true]","[""C011211"", ""C101211"", ""C110211""]"
C110201,double_distinct_flip,"[2, 6]",[],0,0,False,no_feasible_candidate,0,0,"[null, null, null, null, null, null, null]",[]
C110201,double_distinct_flip,"[2, 6]",[],1,3,False,multiple_candidates,4,1,"[null, null, null, false, true, false, false]","[""C011200"", ""C101200"", ""C110200""]"
C110201,double_distinct_flip,"[3, 4]",[],0,1,False,single_geometry_conditional,7,2,"[true, true, false, true, false, false, true]","[""C110101""]"
C110201,double_distinct_flip,"[3, 4]",[],1,5,False,multiple_candidates,3,1,"[null, null, false, null, false, false, null]","[""C010101"", ""C100101"", ""C110001"", ""C110100"", ""C110101""]"
C110201,double_distinct_flip,"[3, 5]",[],0,0,False,no_feasible_candidate,0,0,"[null, null, null, null, null, null, null]",[]
C110201,double_distinct_flip,"[3, 5]",[],1,1,False,single_geometry_conditional,7,1,"[true, true, false, false, true, true, true]","[""C110211""]"
C110201,double_distinct_flip,"[3, 6]",[],0,0,False,no_feasible_candidate,0,0,"[null, null, null, null, null, null, null]",[]
C110201,double_distinct_flip,"[3, 6]",[],1,2,False,multiple_candidates,5,1,"[true, true, false, null, null, false, false]","[""C110100"", ""C110200""]"
C110201,double_distinct_flip,"[4, 5]",[],0,1,False,single_geometry_conditional,7,2,"[true, true, false, false, false, true, true]","[""C110011""]"
C110201,double_distinct_flip,"[4, 5]",[],1,6,False,multiple_candidates,2,0,"[null, null, false, false, null, null, null]","[""C010011"", ""C100011"", ""C110001"", ""C110010"", ""C110011"", ""C110211""]"
C110201,double_distinct_flip,"[4, 6]",[],0,1,False,single_geometry_conditional,7,2,"[true, true, false, false, false, false, false]","[""C110000""]"
C110201,double_distinct_flip,"[4, 6]",[],1,7,False,multiple_candidates,1,0,"[null, null, false, null, null, null, null]","[""C010000"", ""C100000"", ""C110000"", ""C110001"", ""C110010"", ""C110100"", ""C110200""]"
C110201,double_distinct_flip,"[5, 6]",[],0,1,False,single_geometry_conditional,7,2,"[true, true, false, false, true, true, false]","[""C110210""]"
C110201,double_distinct_flip,"[5, 6]",[],1,6,False,multiple_candidates,2,0,"[null, null, false, false, null, null, null]","[""C010210"", ""C100210"", ""C110010"", ""C110200"", ""C110210"", ""C110211""]"
C110210,clean,[],[],0,1,True,single_geometry_conditional,7,0,"[true, true, false, false, true, true, false]","[""C110210""]"
C110210,clean,[],[],1,6,True,multiple_candidates,2,0,"[null, null, false, false, null, null, null]","[""C010210"", ""C100210"", ""C110010"", ""C110200"", ""C110210"", ""C110211""]"
C110210,single_flip,[0],[],0,1,False,single_geometry_conditional,7,1,"[false, true, false, false, true, true, false]","[""C010210""]"
C110210,single_flip,[0],[],1,7,True,multiple_candidates,1,0,"[null, null, null, false, null, null, null]","[""C000210"", ""C010010"", ""C010200"", ""C010210"", ""C010211"", ""C011210"", ""C110210""]"
C110210,single_flip,[1],[],0,1,False,single_geometry_conditional,7,1,"[true, false, false, false, true, true, false]","[""C100210""]"
C110210,single_flip,[1],[],1,7,True,multiple_candidates,1,0,"[null, null, null, false, null, null, null]","[""C000210"", ""C100010"", ""C100200"", ""C100210"", ""C100211"", ""C101210"", ""C110210""]"
C110210,single_flip,[2],[],0,0,False,no_feasible_candidate,0,0,"[null, null, null, null, null, null, null]",[]
C110210,single_flip,[2],[],1,3,True,multiple_candidates,4,0,"[null, null, null, false, true, true, false]","[""C011210"", ""C101210"", ""C110210""]"
C110210,single_flip,[3],[],0,0,False,no_feasible_candidate,0,0,"[null, null, null, null, null, null, null]",[]
C110210,single_flip,[3],[],1,1,True,single_geometry_conditional,7,0,"[true, true, false, false, true, true, false]","[""C110210""]"
C110210,single_flip,[4],[],0,1,False,single_geometry_conditional,7,1,"[true, true, false, false, false, true, false]","[""C110010""]"
C110210,single_flip,[4],[],1,6,True,multiple_candidates,2,0,"[null, null, false, false, null, null, null]","[""C010010"", ""C100010"", ""C110000"", ""C110010"", ""C110011"", ""C110210""]"
C110210,single_flip,[5],[],0,1,False,single_geometry_conditional,7,1,"[true, true, false, false, true, false, false]","[""C110200""]"
C110210,single_flip,[5],[],1,6,True,multiple_candidates,2,0,"[null, null, false, false, null, null, null]","[""C010200"", ""C100200"", ""C110000"", ""C110200"", ""C110201"", ""C110210""]"
C110210,single_flip,[6],[],0,1,False,single_geometry_conditional,7,1,"[true, true, false, false, true, true, true]","[""C110211""]"
C110210,single_flip,[6],[],1,6,True,multiple_candidates,2,0,"[null, null, false, false, null, null, null]","[""C010211"", ""C100211"", ""C110011"", ""C110201"", ""C110210"", ""C110211""]"
C110210,single_missing,[],[0],0,2,True,multiple_candidates,6,0,"[null, true, false, false, true, true, false]","[""C010210"", ""C110210""]"
C110210,single_missing,[],[0],1,11,True,multiple_candidates,1,0,"[null, null, null, false, null, null, null]","[""C000210"", ""C010010"", ""C010200"", ""C010210"", ""C010211"", ""C011210"", ""C100210"", ""C110010"", ""C110200"", ""C110210"", ""C110211""]"
C110210,single_missing,[],[1],0,2,True,multiple_candidates,6,0,"[true, null, false, false, true, true, false]","[""C100210"", ""C110210""]"
C110210,single_missing,[],[1],1,11,True,multiple_candidates,1,0,"[null, null, null, false, null, null, null]","[""C000210"", ""C010210"", ""C100010"", ""C100200"", ""C100210"", ""C100211"", ""C101210"", ""C110010"", ""C110200"", ""C110210"", ""C110211""]"
C110210,single_missing,[],[2],0,1,True,single_geometry_conditional,7,0,"[true, true, false, false, true, true, false]","[""C110210""]"
C110210,single_missing,[],[2],1,8,True,multiple_candidates,1,0,"[null, null, null, false, null, null, null]","[""C010210"", ""C011210"", ""C100210"", ""C101210"", ""C110010"", ""C110200"", ""C110210"", ""C110211""]"
C110210,single_missing,[],[3],0,1,True,single_geometry_conditional,7,0,"[true, true, false, false, true, true, false]","[""C110210""]"
C110210,single_missing,[],[3],1,6,True,multiple_candidates,2,0,"[null, null, false, false, null, null, null]","[""C010210"", ""C100210"", ""C110010"", ""C110200"", ""C110210"", ""C110211""]"
C110210,single_missing,[],[4],0,2,True,multiple_candidates,6,0,"[true, true, false, false, null, true, false]","[""C110010"", ""C110210""]"
C110210,single_missing,[],[4],1,10,True,multiple_candidates,2,0,"[null, null, false, false, null, null, null]","[""C010010"", ""C010210"", ""C100010"", ""C100210"", ""C110000"", ""C110010"", ""C110011"", ""C110200"", ""C110210"", ""C110211""]"
C110210,single_missing,[],[5],0,2,True,multiple_candidates,6,0,"[true, true, false, false, true, null, false]","[""C110200"", ""C110210""]"
C110210,single_missing,[],[5],1,10,True,multiple_candidates,2,0,"[null, null, false, false, null, null, null]","[""C010200"", ""C010210"", ""C100200"", ""C100210"", ""C110000"", ""C110010"", ""C110200"", ""C110201"", ""C110210"", ""C110211""]"
C110210,single_missing,[],[6],0,2,True,multiple_candidates,6,0,"[true, true, false, false, true, true, null]","[""C110210"", ""C110211""]"
C110210,single_missing,[],[6],1,10,True,multiple_candidates,2,0,"[null, null, false, false, null, null, null]","[""C010210"", ""C010211"", ""C100210"", ""C100211"", ""C110010"", ""C110011"", ""C110200"", ""C110201"", ""C110210"", ""C110211""]"
C110210,double_distinct_flip,"[0, 1]",[],0,1,False,single_geometry_conditional,7,2,"[false, false, false, false, true, true, false]","[""C000210""]"
C110210,double_distinct_flip,"[0, 1]",[],1,7,False,multiple_candidates,1,0,"[null, null, null, false, null, null, null]","[""C000010"", ""C000200"", ""C000210"", ""C000211"", ""C001210"", ""C010210"", ""C100210""]"
C110210,double_distinct_flip,"[0, 2]",[],0,1,False,single_geometry_conditional,7,2,"[false, true, true, false, true, true, false]","[""C011210""]"
C110210,double_distinct_flip,"[0, 2]",[],1,6,False,multiple_candidates,2,1,"[false, null, null, false, null, null, null]","[""C001210"", ""C010210"", ""C011010"", ""C011200"", ""C011210"", ""C011211""]"
C110210,double_distinct_flip,"[0, 3]",[],0,0,False,no_feasible_candidate,0,0,"[null, null, null, null, null, null, null]",[]
C110210,double_distinct_flip,"[0, 3]",[],1,1,False,single_geometry_conditional,7,1,"[false, true, false, false, true, true, false]","[""C010210""]"
C110210,double_distinct_flip,"[0, 4]",[],0,1,False,single_geometry_conditional,7,2,"[false, true, false, false, false, true, false]","[""C010010""]"
C110210,double_distinct_flip,"[0, 4]",[],1,7,False,multiple_candidates,1,0,"[null, null, null, false, null, null, null]","[""C000010"", ""C010000"", ""C010010"", ""C010011"", ""C010210"", ""C011010"", ""C110010""]"
C110210,double_distinct_flip,"[0, 5]",[],0,1,False,single_geometry_conditional,7,2,"[false, true, false, false, true, false, false]","[""C010200""]"
C110210,double_distinct_flip,"[0, 5]",[],1,7,False,multiple_candidates,1,0,"[null, null, null, false, null, null, null]","[""C000200"", ""C010000"", ""C010200"", ""C010201"", ""C010210"", ""C011200"", ""C110200""]"
C110210,double_distinct_flip,"[0, 6]",[],0,1,False,single_geometry_conditional,7,2,"[false, true, false, false, true, true, true]","[""C010211""]"
C110210,double_distinct_flip,"[0, 6]",[],1,7,False,multiple_candidates,1,0,"[null, null, null, false, null, null, null]","[""C000211"", ""C010011"", ""C010201"", ""C010210"", ""C010211"", ""C011211"", ""C110211""]"
C110210,double_distinct_flip,"[1, 2]",[],0,1,False,single_geometry_conditional,7,2,"[true, false, true, false, true, true, false]","[""C101210""]"
C110210,double_distinct_flip,"[1, 2]",[],1,6,False,multiple_candidates,2,1,"[null, false, null, false, null, null, null]","[""C001210"", ""C100210"", ""C101010"", ""C101200"", ""C101210"", ""C101211""]"
C110210,double_distinct_flip,"[1, 3]",[],0,0,False,no_feasible_candidate,0,0,"[null, null, null, null, null, null, null]",[]
C110210,double_distinct_flip,"[1, 3]",[],1,1,False,single_geometry_conditional,7,1,"[true, false, false, false, true, true, false]","[""C100210""]"
C110210,double_distinct_flip,"[1, 4]",[],0,1,False,single_geometry_conditional,7,2,"[true, false, false, false, false, true, false]","[""C100010""]"
C110210,double_distinct_flip,"[1, 4]",[],1,7,False,multiple_candidates,1,0,"[null, null, null, false, null, null, null]","[""C000010"", ""C100000"", ""C100010"", ""C100011"", ""C100210"", ""C101010"", ""C110010""]"
C110210,double_distinct_flip,"[1, 5]",[],0,1,False,single_geometry_conditional,7,2,"[true, false, false, false, true, false, false]","[""C100200""]"
C110210,double_distinct_flip,"[1, 5]",[],1,7,False,multiple_candidates,1,0,"[null, null, null, false, null, null, null]","[""C000200"", ""C100000"", ""C100200"", ""C100201"", ""C100210"", ""C101200"", ""C110200""]"
C110210,double_distinct_flip,"[1, 6]",[],0,1,False,single_geometry_conditional,7,2,"[true, false, false, false, true, true, true]","[""C100211""]"
C110210,double_distinct_flip,"[1, 6]",[],1,7,False,multiple_candidates,1,0,"[null, null, null, false, null, null, null]","[""C000211"", ""C100011"", ""C100201"", ""C100210"", ""C100211"", ""C101211"", ""C110211""]"
C110210,double_distinct_flip,"[2, 3]",[],0,0,False,no_feasible_candidate,0,0,"[null, null, null, null, null, null, null]",[]
C110210,double_distinct_flip,"[2, 3]",[],1,0,False,no_feasible_candidate,0,0,"[null, null, null, null, null, null, null]",[]
C110210,double_distinct_flip,"[2, 4]",[],0,0,False,no_feasible_candidate,0,0,"[null, null, null, null, null, null, null]",[]
C110210,double_distinct_flip,"[2, 4]",[],1,3,False,multiple_candidates,4,1,"[null, null, null, false, false, true, false]","[""C011010"", ""C101010"", ""C110010""]"
C110210,double_distinct_flip,"[2, 5]",[],0,0,False,no_feasible_candidate,0,0,"[null, null, null, null, null, null, null]",[]
C110210,double_distinct_flip,"[2, 5]",[],1,3,False,multiple_candidates,4,1,"[null, null, null, false, true, false, false]","[""C011200"", ""C101200"", ""C110200""]"
C110210,double_distinct_flip,"[2, 6]",[],0,0,False,no_feasible_candidate,0,0,"[null, null, null, null, null, null, null]",[]
C110210,double_distinct_flip,"[2, 6]",[],1,3,False,multiple_candidates,4,1,"[null, null, null, false, true, true, true]","[""C011211"", ""C101211"", ""C110211""]"
C110210,double_distinct_flip,"[3, 4]",[],0,0,False,no_feasible_candidate,0,0,"[null, null, null, null, null, null, null]",[]
C110210,double_distinct_flip,"[3, 4]",[],1,2,False,multiple_candidates,5,1,"[true, true, false, null, false, null, false]","[""C110010"", ""C110100""]"
C110210,double_distinct_flip,"[3, 5]",[],0,0,False,no_feasible_candidate,0,0,"[null, null, null, null, null, null, null]",[]
C110210,double_distinct_flip,"[3, 5]",[],1,2,False,multiple_candidates,5,1,"[true, true, false, null, null, false, false]","[""C110100"", ""C110200""]"
C110210,double_distinct_flip,"[3, 6]",[],0,0,False,no_feasible_candidate,0,0,"[null, null, null, null, null, null, null]",[]
C110210,double_distinct_flip,"[3, 6]",[],1,1,False,single_geometry_conditional,7,1,"[true, true, false, false, true, true, true]","[""C110211""]"
C110210,double_distinct_flip,"[4, 5]",[],0,1,False,single_geometry_conditional,7,2,"[true, true, false, false, false, false, false]","[""C110000""]"
C110210,double_distinct_flip,"[4, 5]",[],1,7,False,multiple_candidates,1,0,"[null, null, false, null, null, null, null]","[""C010000"", ""C100000"", ""C110000"", ""C110001"", ""C110010"", ""C110100"", ""C110200""]"
C110210,double_distinct_flip,"[4, 6]",[],0,1,False,single_geometry_conditional,7,2,"[true, true, false, false, false, true, true]","[""C110011""]"
C110210,double_distinct_flip,"[4, 6]",[],1,6,False,multiple_candidates,2,0,"[null, null, false, false, null, null, null]","[""C010011"", ""C100011"", ""C110001"", ""C110010"", ""C110011"", ""C110211""]"
C110210,double_distinct_flip,"[5, 6]",[],0,1,False,single_geometry_conditional,7,2,"[true, true, false, false, true, false, true]","[""C110201""]"
C110210,double_distinct_flip,"[5, 6]",[],1,6,False,multiple_candidates,2,0,"[null, null, false, false, null, null, null]","[""C010201"", ""C100201"", ""C110001"", ""C110200"", ""C110201"", ""C110211""]"
C110211,clean,[],[],0,1,True,single_geometry_conditional,7,0,"[true, true, false, false, true, true, true]","[""C110211""]"
C110211,clean,[],[],1,6,True,multiple_candidates,2,0,"[null, null, false, false, null, null, null]","[""C010211"", ""C100211"", ""C110011"", ""C110201"", ""C110210"", ""C110211""]"
C110211,single_flip,[0],[],0,1,False,single_geometry_conditional,7,1,"[false, true, false, false, true, true, true]","[""C010211""]"
C110211,single_flip,[0],[],1,7,True,multiple_candidates,1,0,"[null, null, null, false, null, null, null]","[""C000211"", ""C010011"", ""C010201"", ""C010210"", ""C010211"", ""C011211"", ""C110211""]"
C110211,single_flip,[1],[],0,1,False,single_geometry_conditional,7,1,"[true, false, false, false, true, true, true]","[""C100211""]"
C110211,single_flip,[1],[],1,7,True,multiple_candidates,1,0,"[null, null, null, false, null, null, null]","[""C000211"", ""C100011"", ""C100201"", ""C100210"", ""C100211"", ""C101211"", ""C110211""]"
C110211,single_flip,[2],[],0,0,False,no_feasible_candidate,0,0,"[null, null, null, null, null, null, null]",[]
C110211,single_flip,[2],[],1,3,True,multiple_candidates,4,0,"[null, null, null, false, true, true, true]","[""C011211"", ""C101211"", ""C110211""]"
C110211,single_flip,[3],[],0,0,False,no_feasible_candidate,0,0,"[null, null, null, null, null, null, null]",[]
C110211,single_flip,[3],[],1,1,True,single_geometry_conditional,7,0,"[true, true, false, false, true, true, true]","[""C110211""]"
C110211,single_flip,[4],[],0,1,False,single_geometry_conditional,7,1,"[true, true, false, false, false, true, true]","[""C110011""]"
C110211,single_flip,[4],[],1,6,True,multiple_candidates,2,0,"[null, null, false, false, null, null, null]","[""C010011"", ""C100011"", ""C110001"", ""C110010"", ""C110011"", ""C110211""]"
C110211,single_flip,[5],[],0,1,False,single_geometry_conditional,7,1,"[true, true, false, false, true, false, true]","[""C110201""]"
C110211,single_flip,[5],[],1,6,True,multiple_candidates,2,0,"[null, null, false, false, null, null, null]","[""C010201"", ""C100201"", ""C110001"", ""C110200"", ""C110201"", ""C110211""]"
C110211,single_flip,[6],[],0,1,False,single_geometry_conditional,7,1,"[true, true, false, false, true, true, false]","[""C110210""]"
C110211,single_flip,[6],[],1,6,True,multiple_candidates,2,0,"[null, null, false, false, null, null, null]","[""C010210"", ""C100210"", ""C110010"", ""C110200"", ""C110210"", ""C110211""]"
C110211,single_missing,[],[0],0,2,True,multiple_candidates,6,0,"[null, true, false, false, true, true, true]","[""C010211"", ""C110211""]"
C110211,single_missing,[],[0],1,11,True,multiple_candidates,1,0,"[null, null, null, false, null, null, null]","[""C000211"", ""C010011"", ""C010201"", ""C010210"", ""C010211"", ""C011211"", ""C100211"", ""C110011"", ""C110201"", ""C110210"", ""C110211""]"
C110211,single_missing,[],[1],0,2,True,multiple_candidates,6,0,"[true, null, false, false, true, true, true]","[""C100211"", ""C110211""]"
C110211,single_missing,[],[1],1,11,True,multiple_candidates,1,0,"[null, null, null, false, null, null, null]","[""C000211"", ""C010211"", ""C100011"", ""C100201"", ""C100210"", ""C100211"", ""C101211"", ""C110011"", ""C110201"", ""C110210"", ""C110211""]"
C110211,single_missing,[],[2],0,1,True,single_geometry_conditional,7,0,"[true, true, false, false, true, true, true]","[""C110211""]"
C110211,single_missing,[],[2],1,8,True,multiple_candidates,1,0,"[null, null, null, false, null, null, null]","[""C010211"", ""C011211"", ""C100211"", ""C101211"", ""C110011"", ""C110201"", ""C110210"", ""C110211""]"
C110211,single_missing,[],[3],0,1,True,single_geometry_conditional,7,0,"[true, true, false, false, true, true, true]","[""C110211""]"
C110211,single_missing,[],[3],1,6,True,multiple_candidates,2,0,"[null, null, false, false, null, null, null]","[""C010211"", ""C100211"", ""C110011"", ""C110201"", ""C110210"", ""C110211""]"
C110211,single_missing,[],[4],0,2,True,multiple_candidates,6,0,"[true, true, false, false, null, true, true]","[""C110011"", ""C110211""]"
C110211,single_missing,[],[4],1,10,True,multiple_candidates,2,0,"[null, null, false, false, null, null, null]","[""C010011"", ""C010211"", ""C100011"", ""C100211"", ""C110001"", ""C110010"", ""C110011"", ""C110201"", ""C110210"", ""C110211""]"
C110211,single_missing,[],[5],0,2,True,multiple_candidates,6,0,"[true, true, false, false, true, null, true]","[""C110201"", ""C110211""]"
C110211,single_missing,[],[5],1,10,True,multiple_candidates,2,0,"[null, null, false, false, null, null, null]","[""C010201"", ""C010211"", ""C100201"", ""C100211"", ""C110001"", ""C110011"", ""C110200"", ""C110201"", ""C110210"", ""C110211""]"
C110211,single_missing,[],[6],0,2,True,multiple_candidates,6,0,"[true, true, false, false, true, true, null]","[""C110210"", ""C110211""]"
C110211,single_missing,[],[6],1,10,True,multiple_candidates,2,0,"[null, null, false, false, null, null, null]","[""C010210"", ""C010211"", ""C100210"", ""C100211"", ""C110010"", ""C110011"", ""C110200"", ""C110201"", ""C110210"", ""C110211""]"
C110211,double_distinct_flip,"[0, 1]",[],0,1,False,single_geometry_conditional,7,2,"[false, false, false, false, true, true, true]","[""C000211""]"
C110211,double_distinct_flip,"[0, 1]",[],1,7,False,multiple_candidates,1,0,"[null, null, null, false, null, null, null]","[""C000011"", ""C000201"", ""C000210"", ""C000211"", ""C001211"", ""C010211"", ""C100211""]"
C110211,double_distinct_flip,"[0, 2]",[],0,1,False,compatibility_unresolved,7,2,"[false, true, true, false, true, true, true]","[""C011211""]"
C110211,double_distinct_flip,"[0, 2]",[],1,6,False,multiple_candidates,2,1,"[false, null, null, false, null, null, null]","[""C001211"", ""C010211"", ""C011011"", ""C011201"", ""C011210"", ""C011211""]"
C110211,double_distinct_flip,"[0, 3]",[],0,0,False,no_feasible_candidate,0,0,"[null, null, null, null, null, null, null]",[]
C110211,double_distinct_flip,"[0, 3]",[],1,1,False,single_geometry_conditional,7,1,"[false, true, false, false, true, true, true]","[""C010211""]"
C110211,double_distinct_flip,"[0, 4]",[],0,1,False,single_geometry_conditional,7,2,"[false, true, false, false, false, true, true]","[""C010011""]"
C110211,double_distinct_flip,"[0, 4]",[],1,7,False,multiple_candidates,1,0,"[null, null, null, false, null, null, null]","[""C000011"", ""C010001"", ""C010010"", ""C010011"", ""C010211"", ""C011011"", ""C110011""]"
C110211,double_distinct_flip,"[0, 5]",[],0,1,False,single_geometry_conditional,7,2,"[false, true, false, false, true, false, true]","[""C010201""]"
C110211,double_distinct_flip,"[0, 5]",[],1,7,False,multiple_candidates,1,0,"[null, null, null, false, null, null, null]","[""C000201"", ""C010001"", ""C010200"", ""C010201"", ""C010211"", ""C011201"", ""C110201""]"
C110211,double_distinct_flip,"[0, 6]",[],0,1,False,single_geometry_conditional,7,2,"[false, true, false, false, true, true, false]","[""C010210""]"
C110211,double_distinct_flip,"[0, 6]",[],1,7,False,multiple_candidates,1,0,"[null, null, null, false, null, null, null]","[""C000210"", ""C010010"", ""C010200"", ""C010210"", ""C010211"", ""C011210"", ""C110210""]"
C110211,double_distinct_flip,"[1, 2]",[],0,1,False,compatibility_unresolved,7,2,"[true, false, true, false, true, true, true]","[""C101211""]"
C110211,double_distinct_flip,"[1, 2]",[],1,6,False,multiple_candidates,2,1,"[null, false, null, false, null, null, null]","[""C001211"", ""C100211"", ""C101011"", ""C101201"", ""C101210"", ""C101211""]"
C110211,double_distinct_flip,"[1, 3]",[],0,0,False,no_feasible_candidate,0,0,"[null, null, null, null, null, null, null]",[]
C110211,double_distinct_flip,"[1, 3]",[],1,1,False,single_geometry_conditional,7,1,"[true, false, false, false, true, true, true]","[""C100211""]"
C110211,double_distinct_flip,"[1, 4]",[],0,1,False,single_geometry_conditional,7,2,"[true, false, false, false, false, true, true]","[""C100011""]"
C110211,double_distinct_flip,"[1, 4]",[],1,7,False,multiple_candidates,1,0,"[null, null, null, false, null, null, null]","[""C000011"", ""C100001"", ""C100010"", ""C100011"", ""C100211"", ""C101011"", ""C110011""]"
C110211,double_distinct_flip,"[1, 5]",[],0,1,False,single_geometry_conditional,7,2,"[true, false, false, false, true, false, true]","[""C100201""]"
C110211,double_distinct_flip,"[1, 5]",[],1,7,False,multiple_candidates,1,0,"[null, null, null, false, null, null, null]","[""C000201"", ""C100001"", ""C100200"", ""C100201"", ""C100211"", ""C101201"", ""C110201""]"
C110211,double_distinct_flip,"[1, 6]",[],0,1,False,single_geometry_conditional,7,2,"[true, false, false, false, true, true, false]","[""C100210""]"
C110211,double_distinct_flip,"[1, 6]",[],1,7,False,multiple_candidates,1,0,"[null, null, null, false, null, null, null]","[""C000210"", ""C100010"", ""C100200"", ""C100210"", ""C100211"", ""C101210"", ""C110210""]"
C110211,double_distinct_flip,"[2, 3]",[],0,0,False,no_feasible_candidate,0,0,"[null, null, null, null, null, null, null]",[]
C110211,double_distinct_flip,"[2, 3]",[],1,0,False,no_feasible_candidate,0,0,"[null, null, null, null, null, null, null]",[]
C110211,double_distinct_flip,"[2, 4]",[],0,0,False,no_feasible_candidate,0,0,"[null, null, null, null, null, null, null]",[]
C110211,double_distinct_flip,"[2, 4]",[],1,3,False,multiple_candidates,4,1,"[null, null, null, false, false, true, true]","[""C011011"", ""C101011"", ""C110011""]"
C110211,double_distinct_flip,"[2, 5]",[],0,0,False,no_feasible_candidate,0,0,"[null, null, null, null, null, null, null]",[]
C110211,double_distinct_flip,"[2, 5]",[],1,3,False,multiple_candidates,4,1,"[null, null, null, false, true, false, true]","[""C011201"", ""C101201"", ""C110201""]"
C110211,double_distinct_flip,"[2, 6]",[],0,0,False,no_feasible_candidate,0,0,"[null, null, null, null, null, null, null]",[]
C110211,double_distinct_flip,"[2, 6]",[],1,3,False,multiple_candidates,4,1,"[null, null, null, false, true, true, false]","[""C011210"", ""C101210"", ""C110210""]"
C110211,double_distinct_flip,"[3, 4]",[],0,0,False,no_feasible_candidate,0,0,"[null, null, null, null, null, null, null]",[]
C110211,double_distinct_flip,"[3, 4]",[],1,2,False,multiple_candidates,5,1,"[true, true, false, null, false, null, true]","[""C110011"", ""C110101""]"
C110211,double_distinct_flip,"[3, 5]",[],0,0,False,no_feasible_candidate,0,0,"[null, null, null, null, null, null, null]",[]
C110211,double_distinct_flip,"[3, 5]",[],1,2,False,multiple_candidates,5,1,"[true, true, false, null, null, false, true]","[""C110101"", ""C110201""]"
C110211,double_distinct_flip,"[3, 6]",[],0,0,False,no_feasible_candidate,0,0,"[null, null, null, null, null, null, null]",[]
C110211,double_distinct_flip,"[3, 6]",[],1,1,False,single_geometry_conditional,7,1,"[true, true, false, false, true, true, false]","[""C110210""]"
C110211,double_distinct_flip,"[4, 5]",[],0,1,False,single_geometry_conditional,7,2,"[true, true, false, false, false, false, true]","[""C110001""]"
C110211,double_distinct_flip,"[4, 5]",[],1,7,False,multiple_candidates,1,0,"[null, null, false, null, null, null, null]","[""C010001"", ""C100001"", ""C110000"", ""C110001"", ""C110011"", ""C110101"", ""C110201""]"
C110211,double_distinct_flip,"[4, 6]",[],0,1,False,single_geometry_conditional,7,2,"[true, true, false, false, false, true, false]","[""C110010""]"
C110211,double_distinct_flip,"[4, 6]",[],1,6,False,multiple_candidates,2,0,"[null, null, false, false, null, null, null]","[""C010010"", ""C100010"", ""C110000"", ""C110010"", ""C110011"", ""C110210""]"
C110211,double_distinct_flip,"[5, 6]",[],0,1,False,single_geometry_conditional,7,2,"[true, true, false, false, true, false, false]","[""C110200""]"
C110211,double_distinct_flip,"[5, 6]",[],1,6,False,multiple_candidates,2,0,"[null, null, false, false, null, null, null]","[""C010200"", ""C100200"", ""C110000"", ""C110200"", ""C110201"", ""C110210""]"
