{"type": "FeatureCollection", "features": [{"type": "Feature", "geometry": {"type": "Polygon", "coordinates": [[[-0.7809151052399587, -0.745559783150341], [-0.7806403233073985, -0.7307892906693336], [-0.7938422250685238, -0.7300757036151401], [-0.793421159858393, -0.5385756825070167], [-0.771871001435539, 0.26705458241388713], [-0.7719799258409864, 0.27022950672005663], [-0.7804777823974378, 0.5179246969815061], [-0.7756879173143927, 0.7863536020886256], [-0.7748188656829037, 0.8350561383558576], [-0.7735906293698493, 0.8350266170380646], [0.1203598511771632, 0.8135400383179111], [0.3194704318845007, 0.8144768761924102], [0.42009438692162104, 0.8109380904645112], [0.6433955847262861, 0.8030849396762879], [0.7870813811056898, 0.7980317369340416], [0.7934914492536085, 0.797806304951485], [0.7961034016153143, 0.7977144467082252], [0.7961297519606254, 0.7907988992469146], [0.7961388899342767, 0.7884006729716828], [0.7963547770763065, 0.7317419172942818], [0.7994234320967478, 0.6609400994760087], [0.7971972196990276, 0.5106460693238613], [0.797299668436379, 0.48375878958834984], [0.8010835758047352, -0.5093132436690039], [0.8019946042547145, -0.7484091799866148], [0.802025325536806, -0.7564718631077973], [0.8020601350945546, -0.7656074985568199], [0.6856999679169068, -0.7616888294589526], [0.5928632114952362, -0.7585623598314174], [0.4920262497477674, -0.7643069979612135], [0.3958243492150996, -0.7656074985568199], [0.21264347163844383, -0.7656074985568199], [-0.19707235474382903, -0.7623322119199087], [-0.30012580833904917, -0.7567619833493532], [-0.4923630373605878, -0.7599716449988821], [-0.555258361404786, -0.7594688569660519], [-0.7209026923546183, -0.7631611269515741], [-0.7210681143794133, -0.7581433663864406], [-0.7586284228710503, -0.7578431076008156], [-0.7586588076635581, -0.7509753910548647], [-0.7719638164767032, -0.7509666392559574], [-0.7719438965678652, -0.7455986041684892], [-0.7809151052399587, -0.745559783150341]]]}, "properties": {"image": "7y3sRwLe3Va-04", "condition": "manual", "method": "mv50", "n": 24, "workers": ["P001", "P002", "P003", "P004", "P005", "P006", "P007", "P008", "P009", "P010", "P011", "P012", "P014", "P017", "P018", "P019", "P020", "P021", "P022", "P023", "P024", "P025", "P026", "P027"], "records": ["R01553", "R02398", "R00862", "R00194", "R01300", "R01787", "R02226", "R01649", "R01550", "R01041", "R02003", "R01837", "R01441", "R00332", "R00478", "R01896", "R00992", "R01556", "R01020", "R00917", "R00441", "R02365", "R00755", "R01449"], "output_type": "BEV_region_only"}}, {"type": "Feature", "geometry": {"type": "Polygon", "coordinates": [[[-0.7697083309954008, -0.14315636756416203], [-0.7685457725330176, 0.17013094052825997], [-0.771871001435539, 0.26705458241388713], [-0.7719799258409864, 0.27022950672005663], [-0.7804777823974378, 0.5179246969815061], [-0.7756879173143927, 0.7863536020886256], [-0.7719860114170201, 0.7863536020886256], [-0.7735906293698493, 0.8350266170380646], [0.1203598511771632, 0.8135400383179111], [0.20816412539951062, 0.811429615547189], [0.42009438692162104, 0.8109380904645112], [0.6433955847262861, 0.8030849396762879], [0.7870813811056898, 0.7980317369340416], [0.7934914492536085, 0.797806304951485], [0.7961034016153143, 0.7977144467082252], [0.7961297519606254, 0.7907988992469146], [0.7961388899342767, 0.7884006729716828], [0.7963547770763065, 0.7317419172942818], [0.7971972196990276, 0.5106460693238613], [0.797299668436379, 0.48375878958834984], [0.8010835758047352, -0.5093132436690039], [0.8019946042547145, -0.7484091799866148], [0.802025325536806, -0.7564718631077973], [0.8000481220624086, -0.7564508426345458], [0.800076445373593, -0.7601426367514055], [0.6856999679169068, -0.7616888294589526], [0.5928632114952362, -0.7585623598314174], [0.4056614541163081, -0.752257953783364], [0.3538555124354243, -0.7517071832503995], [0.015935791061894904, -0.7514849056487984], [-0.30012580833904917, -0.7567619833493532], [-0.3391621551260857, -0.7546519970599336], [-0.555258361404786, -0.7594688569660519], [-0.7210681143794133, -0.7581433663864406], [-0.7213036131236041, -0.7509999626395474], [-0.7586588076635581, -0.7509753910548647], [-0.7586823422508262, -0.7456559907548049], [-0.7719438965678652, -0.7455986041684892], [-0.7718906965831634, -0.7312622240748695], [-0.7806403233073985, -0.7307892906693336], [-0.7697083309954008, -0.14315636756416203]]]}, "properties": {"image": "7y3sRwLe3Va-04", "condition": "manual", "method": "mv_strict", "n": 24, "workers": ["P001", "P002", "P003", "P004", "P005", "P006", "P007", "P008", "P009", "P010", "P011", "P012", "P014", "P017", "P018", "P019", "P020", "P021", "P022", "P023", "P024", "P025", "P026", "P027"], "records": ["R01553", "R02398", "R00862", "R00194", "R01300", "R01787", "R02226", "R01649", "R01550", "R01041", "R02003", "R01837", "R01441", "R00332", "R00478", "R01896", "R00992", "R01556", "R01020", "R00917", "R00441", "R02365", "R00755", "R01449"], "output_type": "BEV_region_only"}}, {"type": "Feature", "geometry": {"type": "Polygon", "coordinates": [[[-5.330333151053754, -0.2541615907323458], [-5.330429490441344, -0.23796991046179272], [-5.3383099995277306, -0.23767296981528868], [-5.352693786273766, -0.23713098313794043], [-5.437455601746518, -0.23393712497352154], [-5.4897883517959585, 0.001857770844725437], [-5.508598460304786, 0.39059412226569096], [-5.3341723106895715, 0.3910827572556034], [-5.334428087247606, 0.4340709093710417], [-5.299800527603242, 0.4339442625716935], [-5.309988584464225, 0.47058164399806973], [-3.375057616801303, 0.45282558822511476], [-1.2669414803827235, 0.4334802842738704], [1.2965836367682515, 0.4099558817415765], [1.3114758743675687, 0.4098192218783479], [1.3125937147619862, 0.409808963922524], [1.3214473650722915, 0.4097277176603414], [1.3187296229505086, 0.09380251077854597], [1.3152571254978533, -0.30985958333023245], [1.3137421399134643, -0.4859697927334058], [1.3137218868657161, -0.488324117762466], [0.2705832288332193, -0.4897677284560471], [-1.6251737742076486, -0.4923912867538317], [-4.483929699142808, -0.49634754951122834], [-4.632192858225597, -0.4965527324754181], [-4.654586094699273, -0.4967115952357842], [-4.6545868747477535, -0.4965837237932786], [-4.994100669032801, -0.4970535805474829], [-5.040892321661077, -0.49711833601367555], [-5.047026539263271, -0.4750590097740773], [-5.160057063932585, -0.4748232887527013], [-5.176253236134932, -0.2631871629960671], [-5.330333151053754, -0.2541615907323458]]]}, "properties": {"image": "7y3sRwLe3Va-13", "condition": "semi", "method": "mv50", "n": 18, "workers": ["P001", "P002", "P003", "P004", "P005", "P006", "P007", "P008", "P009", "P010", "P011", "P012", "P014", "P017", "P019", "P020", "P023", "P026"], "records": ["R01862", "R01055", "R00618", "R01357", "R00168", "R01760", "R00556", "R02197", "R01984", "R02313", "R02439", "R02178", "R02083", "R00370", "R00935", "R01917", "R00763", "R02207"], "output_type": "BEV_region_only"}}, {"type": "Feature", "geometry": {"type": "Polygon", "coordinates": [[[-5.3383099995277306, -0.23767296981528868], [-5.352693786273766, -0.23713098313794043], [-5.347819675276413, -0.11576502713817485], [-5.372119941830152, 0.195748801551763], [-5.335261820751155, 0.19692707622006272], [-5.333306749373606, 0.24560859104664243], [-5.3341723106895715, 0.3910827572556034], [-5.334428087247606, 0.4340709093710417], [-5.299800527603242, 0.4339442625716935], [-4.660249064210792, 0.43160516773830165], [-4.660312252011612, 0.4419633896212631], [-3.375057616801303, 0.45282558822511476], [-1.2669414803827235, 0.4334802842738704], [1.2965836367682515, 0.4099558817415765], [1.3114758743675687, 0.4098192218783479], [1.3125937147619862, 0.409808963922524], [1.3214473650722915, 0.4097277176603414], [1.3187296229505086, 0.09380251077854597], [1.3152571254978533, -0.30985958333023245], [1.3137421399134643, -0.4859697927334058], [1.3137218868657161, -0.488324117762466], [0.9025898723050525, -0.4874667169968221], [0.2705832288332193, -0.4897677284560471], [-1.6251737742076486, -0.4923912867538317], [-1.6250464839815837, -0.48219542390750797], [-2.384993269904021, -0.48061058270560164], [-4.366323327009357, -0.4946665929852245], [-4.483929699142808, -0.49634754951122834], [-4.632192858225597, -0.4965527324754181], [-4.6545868747477535, -0.4965837237932786], [-4.994100669032801, -0.4970535805474829], [-4.99426836091822, -0.47516903502364427], [-5.047026539263271, -0.4750590097740773], [-5.104779236506845, -0.26737391082079404], [-5.176253236134932, -0.2631871629960671], [-5.177742781523081, -0.24372320502204903], [-5.330429490441344, -0.23796991046179272], [-5.3383099995277306, -0.23767296981528868]]]}, "properties": {"image": "7y3sRwLe3Va-13", "condition": "semi", "method": "mv_strict", "n": 18, "workers": ["P001", "P002", "P003", "P004", "P005", "P006", "P007", "P008", "P009", "P010", "P011", "P012", "P014", "P017", "P019", "P020", "P023", "P026"], "records": ["R01862", "R01055", "R00618", "R01357", "R00168", "R01760", "R00556", "R02197", "R01984", "R02313", "R02439", "R02178", "R02083", "R00370", "R00935", "R01917", "R00763", "R02207"], "output_type": "BEV_region_only"}}, {"type": "Feature", "geometry": {"type": "Polygon", "coordinates": [[[-1.5221530908512575, -1.629817666594386], [-1.5305784056767955, -1.4719154556655552], [-1.5418058330726552, -1.2614977270038916], [-1.5574870757195585, -0.9676092569194098], [-1.5601006416776362, -0.9186273670156753], [-1.5906047062431425, -0.3469384346793537], [-1.632602237839779, 0.44015418203349804], [-1.7305293510298747, 2.2754455631607833], [-1.7373711445810347, 2.4036703655351883], [0.4107693240921929, 2.3635000777874016], [1.294151098191609, 2.346980813533402], [1.5240812428001567, 2.342681113301731], [1.5234766607454484, 2.2482687731077946], [1.5223912605253278, 2.078771226777132], [1.5220841201485833, 2.0308077758101657], [1.5112019604028075, 0.33143519278043404], [1.5073476830713641, -0.27045389702000017], [1.5051558263297555, -0.6127371697926188], [1.503891514101742, -0.8101738539498552], [1.5024443235918945, -1.0361690545634232], [1.4975096407926067, -1.806775703515921], [1.497397437566777, -1.8242975089439881], [1.497392207088044, -1.8251143074805307], [1.4973734960010006, -1.8280362557943912], [1.4972043143922138, -1.8544558815159042], [1.4970120171133179, -1.8844852811186652], [1.4969648789792507, -1.8918464350183084], [1.4969505300861787, -1.8940871773022745], [1.4350405270071631, -1.893897239195748], [0.048182174974492606, -1.8896423977112593], [-1.2444954295049224, -1.8856765000479923], [-1.5085442508508593, -1.8848664058683333], [-1.5098164572633164, -1.8610234742456575], [-1.5100782580502565, -1.8561169604907715], [-1.5221530908512575, -1.629817666594386]]]}, "properties": {"image": "B6ByNegPMKs-10", "condition": "semi", "method": "mv50", "n": 24, "workers": ["P001", "P002", "P003", "P004", "P005", "P006", "P007", "P008", "P009", "P010", "P011", "P012", "P014", "P017", "P018", "P019", "P020", "P021", "P022", "P023", "P024", "P025", "P026", "P027"], "records": ["R01394", "R00232", "R01458", "R02126", "R00344", "R01044", "R02259", "R01631", "R01214", "R00865", "R00095", "R01519", "R01112", "R01011", "R02013", "R00450", "R00397", "R00842", "R01289", "R01193", "R01672", "R01816", "R00682", "R01098"], "output_type": "BEV_region_only"}}, {"type": "Feature", "geometry": {"type": "Polygon", "coordinates": [[[-1.5221530908512575, -1.629817666594386], [-1.5305784056767955, -1.4719154556655552], [-1.5418058330726552, -1.2614977270038916], [-1.5574870757195585, -0.9676092569194098], [-1.5601006416776362, -0.9186273670156753], [-1.5906047062431425, -0.3469384346793537], [-1.632602237839779, 0.44015418203349804], [-1.7305293510298747, 2.2754455631607833], [-1.7373711445810347, 2.4036703655351883], [0.4107693240921929, 2.3635000777874016], [1.294151098191609, 2.346980813533402], [1.5240812428001567, 2.342681113301731], [1.5234766607454484, 2.2482687731077946], [1.5223912605253278, 2.078771226777132], [1.5220841201485833, 2.0308077758101657], [1.5112019604028075, 0.33143519278043404], [1.5073476830713641, -0.27045389702000017], [1.5051558263297555, -0.6127371697926188], [1.503891514101742, -0.8101738539498552], [1.5024443235918945, -1.0361690545634232], [1.4975096407926067, -1.806775703515921], [1.497397437566777, -1.8242975089439881], [1.497392207088044, -1.8251143074805307], [1.4973734960010006, -1.8280362557943912], [1.4972043143922138, -1.8544558815159042], [1.4970120171133179, -1.8844852811186652], [1.4969648789792507, -1.8918464350183084], [1.4969505300861787, -1.8940871773022745], [1.4350405270071631, -1.893897239195748], [0.048182174974492606, -1.8896423977112593], [-1.2444954295049224, -1.8856765000479923], [-1.5085442508508593, -1.8848664058683333], [-1.5098164572633164, -1.8610234742456575], [-1.5100782580502565, -1.8561169604907715], [-1.5221530908512575, -1.629817666594386]]]}, "properties": {"image": "B6ByNegPMKs-10", "condition": "semi", "method": "mv_strict", "n": 24, "workers": ["P001", "P002", "P003", "P004", "P005", "P006", "P007", "P008", "P009", "P010", "P011", "P012", "P014", "P017", "P018", "P019", "P020", "P021", "P022", "P023", "P024", "P025", "P026", "P027"], "records": ["R01394", "R00232", "R01458", "R02126", "R00344", "R01044", "R02259", "R01631", "R01214", "R00865", "R00095", "R01519", "R01112", "R01011", "R02013", "R00450", "R00397", "R00842", "R01289", "R01193", "R01672", "R01816", "R00682", "R01098"], "output_type": "BEV_region_only"}}, {"type": "Feature", "geometry": {"type": "Polygon", "coordinates": [[[-5.86716511556135, -0.5864319910487731], [-6.122992266427048, -0.5814478968904753], [-6.1194221033412655, -0.5648792395929821], [-6.182439267376424, -0.5639902935973283], [-6.121662896083947, -0.34030766355349484], [-6.395664273655232, -0.18171945769049216], [-6.31361857817503, 0.4341960536427356], [-5.9490158073763535, 0.4397320312486168], [-5.949263367315303, 0.472039717099438], [-5.900884020088735, 0.47225153651911245], [-5.896739429595196, 0.4875053741921102], [-5.890434371440109, 0.5107106423039925], [-5.885214719353306, 0.5299211591851537], [-5.883516168258416, 0.5299291764139995], [-5.879070518217887, 0.5505608535156559], [-5.876933791772109, 0.5505644302632815], [-5.877015692533755, 0.5600970292444476], [-5.407316721173192, 0.5532149111714418], [-5.293121171531771, 0.5515416964020597], [-5.01376454604395, 0.5474485103439455], [-4.321326325952115, 0.5373027747143143], [-4.090235973757978, 0.5339167952118987], [-3.4539364088562525, 0.5245936137649155], [-2.3297944239500765, 0.5309988853202948], [-1.090577265313916, 0.538059846056329], [-0.9547858633305655, 0.5337300638538688], [0.2607463591939361, 0.5450995757294188], [0.5824904641055446, 0.5389037198575379], [0.7644726875058503, 0.5416668626367486], [0.7644143580334064, 0.5354003946707779], [0.7714799778649983, 0.5352643313786966], [0.7730168135467059, 0.5014718936050677], [0.773251488715894, 0.5014729210839611], [0.7732159969100563, 0.49709218568204583], [0.7740567706220738, 0.47860498260417117], [0.7764508959078912, 0.4785286446262021], [0.7763811656103848, 0.4637914128011434], [0.7827330359073403, 0.4636539791190738], [0.7827432738542227, 0.46251698257822366], [0.7827792129964684, 0.4625164559911212], [0.7845114392354191, 0.46249107508498233], [0.7869386353572465, 0.4624555113488124], [0.7872189963215258, 0.46245140344699254], [0.7916666432863736, 0.46238623568332793], [0.7897044177006386, 0.351625324176833], [0.7977473438559602, 0.029329893614701175], [0.8017089942753676, -0.12942101407761264], [0.8144586655942574, -0.6403247234854625], [0.8146118584646763, -0.6464634547354169], [0.7985402017222218, -0.6465692695975589], [0.7987661643573329, -0.6624700444460623], [0.7947580995440883, -0.662413505037782], [0.7928723339008051, -0.662386903653175], [0.7818138294443737, -0.6622309078478261], [0.7755125139084683, -0.6621420189030639], [0.7753714823390586, -0.6797673202021215], [0.7714315969067242, -0.6798128048753658], [0.7713537860155346, -0.6842049630940437], [0.7709493019756682, -0.6842122024075438], [0.7708297526015274, -0.7094785056395292], [0.7634414136410076, -0.7093796168932625], [0.7634368372183435, -0.7099444823968601], [0.6970472979683242, -0.7084909691344842], [0.19076697212433613, -0.7017146927684764], [-0.010343140267019102, -0.698195500553458], [-0.03679428290070508, -0.6986689138283712], [-0.1596469183377418, -0.6970246006534003], [-0.1674061866169767, -0.6974762452857716], [-0.2585037506422547, -0.6957014577577194], [-0.38737208427933423, -0.6931908098194663], [-0.4188941968569839, -0.6935547221755961], [-1.9267579586763723, -0.6733728169132436], [-2.2618495532183256, -0.6667186994422347], [-2.3704765858752728, -0.6674338935675004], [-3.8461458364992183, -0.6476828936636864], [-4.074409949948237, -0.6455811529735949], [-4.074422745191602, -0.6446275361032305], [-4.268863709120646, -0.6420250535630296], [-4.2996705941687505, -0.6412431874402046], [-4.37810734549249, -0.640562889158262], [-4.997315797724751, -0.6322751335685124], [-4.997437672304928, -0.6235341448295847], [-5.26876331207071, -0.6166480112378416], [-5.268977836173599, -0.6070043253096059], [-5.620343946465306, -0.6000270348872414], [-5.6586570790123805, -0.5993565997898245], [-5.658637456619486, -0.5992666173802267], [-5.674800100978848, -0.5989456659270684], [-5.69047309641982, -0.5898743530398327], [-5.86716511556135, -0.5864319910487731]]]}, "properties": {"image": "B6ByNegPMKs-11", "condition": "manual", "method": "mv50", "n": 23, "workers": ["P001", "P002", "P003", "P004", "P005", "P006", "P007", "P008", "P009", "P010", "P011", "P012", "P014", "P017", "P018", "P019", "P020", "P021", "P022", "P023", "P025", "P026", "P027"], "records": ["R00637", "R01148", "R02211", "R02402", "R02015", "R01496", "R01205", "R01167", "R00036", "R01889", "R02323", "R01017", "R00209", "R01736", "R02421", "R02142", "R02093", "R00008", "R00410", "R00107", "R01100", "R01244", "R01536"], "output_type": "BEV_region_only"}}, {"type": "Feature", "geometry": {"type": "Polygon", "coordinates": [[[-5.86716511556135, -0.5864319910487731], [-6.122992266427048, -0.5814478968904753], [-6.1194221033412655, -0.5648792395929821], [-6.182439267376424, -0.5639902935973283], [-6.121662896083947, -0.34030766355349484], [-6.395664273655232, -0.18171945769049216], [-6.31361857817503, 0.4341960536427356], [-5.9490158073763535, 0.4397320312486168], [-5.949263367315303, 0.472039717099438], [-5.900884020088735, 0.47225153651911245], [-5.896739429595196, 0.4875053741921102], [-5.890434371440109, 0.5107106423039925], [-5.885214719353306, 0.5299211591851537], [-5.883516168258416, 0.5299291764139995], [-5.879070518217887, 0.5505608535156559], [-5.876933791772109, 0.5505644302632815], [-5.877015692533755, 0.5600970292444476], [-5.407316721173192, 0.5532149111714418], [-5.293121171531771, 0.5515416964020597], [-5.01376454604395, 0.5474485103439455], [-4.321326325952115, 0.5373027747143143], [-4.090235973757978, 0.5339167952118987], [-3.4539364088562525, 0.5245936137649155], [-2.3297944239500765, 0.5309988853202948], [-1.090577265313916, 0.538059846056329], [-0.9547858633305655, 0.5337300638538688], [0.2607463591939361, 0.5450995757294188], [0.5824904641055446, 0.5389037198575379], [0.7644726875058503, 0.5416668626367486], [0.7644143580334064, 0.5354003946707779], [0.7714799778649983, 0.5352643313786966], [0.7730168135467059, 0.5014718936050677], [0.773251488715894, 0.5014729210839611], [0.7732159969100563, 0.49709218568204583], [0.7740567706220738, 0.47860498260417117], [0.7764508959078912, 0.4785286446262021], [0.7763811656103848, 0.4637914128011434], [0.7827330359073403, 0.4636539791190738], [0.7827432738542227, 0.46251698257822366], [0.7827792129964684, 0.4625164559911212], [0.7845114392354191, 0.46249107508498233], [0.7869386353572465, 0.4624555113488124], [0.7872189963215258, 0.46245140344699254], [0.7916666432863736, 0.46238623568332793], [0.7897044177006386, 0.351625324176833], [0.7977473438559602, 0.029329893614701175], [0.8017089942753676, -0.12942101407761264], [0.8144586655942574, -0.6403247234854625], [0.8146118584646763, -0.6464634547354169], [0.7985402017222218, -0.6465692695975589], [0.7987661643573329, -0.6624700444460623], [0.7947580995440883, -0.662413505037782], [0.7928723339008051, -0.662386903653175], [0.7818138294443737, -0.6622309078478261], [0.7755125139084683, -0.6621420189030639], [0.7753714823390586, -0.6797673202021215], [0.7714315969067242, -0.6798128048753658], [0.7713537860155346, -0.6842049630940437], [0.7709493019756682, -0.6842122024075438], [0.7708297526015274, -0.7094785056395292], [0.7634414136410076, -0.7093796168932625], [0.7634368372183435, -0.7099444823968601], [0.6970472979683242, -0.7084909691344842], [0.19076697212433613, -0.7017146927684764], [-0.010343140267019102, -0.698195500553458], [-0.03679428290070508, -0.6986689138283712], [-0.1596469183377418, -0.6970246006534003], [-0.1674061866169767, -0.6974762452857716], [-0.2585037506422547, -0.6957014577577194], [-0.38737208427933423, -0.6931908098194663], [-0.4188941968569839, -0.6935547221755961], [-1.9267579586763723, -0.6733728169132436], [-2.2618495532183256, -0.6667186994422347], [-2.3704765858752728, -0.6674338935675004], [-3.8461458364992183, -0.6476828936636864], [-4.074409949948237, -0.6455811529735949], [-4.074422745191602, -0.6446275361032305], [-4.268863709120646, -0.6420250535630296], [-4.2996705941687505, -0.6412431874402046], [-4.37810734549249, -0.640562889158262], [-4.997315797724751, -0.6322751335685124], [-4.997437672304928, -0.6235341448295847], [-5.26876331207071, -0.6166480112378416], [-5.268977836173599, -0.6070043253096059], [-5.620343946465306, -0.6000270348872414], [-5.6586570790123805, -0.5993565997898245], [-5.658637456619486, -0.5992666173802267], [-5.674800100978848, -0.5989456659270684], [-5.69047309641982, -0.5898743530398327], [-5.86716511556135, -0.5864319910487731]]]}, "properties": {"image": "B6ByNegPMKs-11", "condition": "manual", "method": "mv_strict", "n": 23, "workers": ["P001", "P002", "P003", "P004", "P005", "P006", "P007", "P008", "P009", "P010", "P011", "P012", "P014", "P017", "P018", "P019", "P020", "P021", "P022", "P023", "P025", "P026", "P027"], "records": ["R00637", "R01148", "R02211", "R02402", "R02015", "R01496", "R01205", "R01167", "R00036", "R01889", "R02323", "R01017", "R00209", "R01736", "R02421", "R02142", "R02093", "R00008", "R00410", "R00107", "R01100", "R01244", "R01536"], "output_type": "BEV_region_only"}}, {"type": "Feature", "geometry": {"type": "Polygon", "coordinates": [[[-7.215169528986135, -0.3045069199093709], [-7.220184198002686, -0.2712968571558758], [-7.2239094799427725, -0.271274131983941], [-7.281520456058668, 0.12218939525953154], [-7.27975507507451, 0.12321623220390132], [-7.3198918323197475, 0.38902524620600754], [-7.316124329559375, 0.39179183958235086], [-7.321989517954486, 0.42457161836232593], [-7.332432264697818, 0.4829347782545256], [-7.336840590292891, 0.5075723394140332], [-7.33830744892995, 0.515770422473801], [-7.340575187299408, 0.5284445186961305], [-7.341233398447725, 0.5321231756085548], [-7.342937578290141, 0.5416476161674021], [-7.113070482881208, 0.5409005365074477], [-7.081196623358909, 0.5407969448555369], [-5.072357810177637, 0.5342681173398599], [-4.899331334136161, 0.5337057725612206], [-3.2334828330977867, 0.5282916808684656], [-2.5166589257590037, 0.5259619669962425], [-1.6858793398470664, 0.5232618914180656], [3.0723799803365837, 0.5077973085095222], [5.821563660275825, 0.4988623228165621], [6.502878806403213, 0.4966480142101689], [6.723186148073969, 0.4959320042322813], [6.722789158834141, 0.3665340360755318], [6.720860233589891, -0.2621958696535176], [6.720771804257533, -0.291019260276486], [6.720596388731257, -0.34819565299915467], [6.720571405087329, -0.3563390292856817], [6.72035567263114, -0.42665665680724396], [6.720263835801248, -0.45659071546120156], [6.720260414703449, -0.4577058164753966], [6.720173553176653, -0.48601818353941845], [6.720016604422917, -0.5371753631318282], [6.273126375288795, -0.5259628628758073], [4.593047257986985, -0.48380958606467267], [3.5791421994616073, -0.45837065277153777], [3.5600861771939805, -0.4578925361320926], [2.81727014412774, -0.43925524129333693], [1.3596790643286452, -0.4026842014943974], [-1.067988483090201, -0.34177389014185683], [-4.212086049394987, -0.3738968738651028], [-6.2950983480037745, -0.34278564924427724], [-6.80800401128239, -0.344825564652042], [-6.807929688902172, -0.33512615964359405], [-7.074170761570903, -0.3311496656878845], [-7.074381883720129, -0.3049482902576304], [-7.215169528986135, -0.3045069199093709]]]}, "properties": {"image": "B6ByNegPMKs-22", "condition": "semi", "method": "mv50", "n": 24, "workers": ["P001", "P002", "P003", "P004", "P005", "P006", "P007", "P008", "P009", "P010", "P011", "P012", "P014", "P017", "P018", "P019", "P020", "P021", "P022", "P023", "P024", "P025", "P026", "P027"], "records": ["R01770", "R02403", "R01763", "R01693", "R02167", "R00861", "R00748", "R02321", "R01591", "R01413", "R02420", "R00324", "R01989", "R01969", "R00828", "R01718", "R00284", "R01636", "R01350", "R00600", "R00695", "R01659", "R01600", "R00791"], "output_type": "BEV_region_only"}}, {"type": "Feature", "geometry": {"type": "Polygon", "coordinates": [[[-7.269170468432337, 0.1293727872134638], [-7.316124329559375, 0.39179183958235086], [-7.321989517954486, 0.42457161836232593], [-7.332432264697818, 0.4829347782545256], [-7.336840590292891, 0.5075723394140332], [-7.33830744892995, 0.515770422473801], [-7.340575187299408, 0.5284445186961305], [-7.341233398447725, 0.5321231756085548], [-7.342937578290141, 0.5416476161674021], [-7.113070482881208, 0.5409005365074477], [-7.081196623358909, 0.5407969448555369], [-5.072357810177637, 0.5342681173398599], [-4.899331334136161, 0.5337057725612206], [-3.2334828330977867, 0.5282916808684656], [-2.5166589257590037, 0.5259619669962425], [-1.6858793398470664, 0.5232618914180656], [3.0723799803365837, 0.5077973085095222], [5.821563660275825, 0.4988623228165621], [6.502878806403213, 0.4966480142101689], [6.723186148073969, 0.4959320042322813], [6.722789158834141, 0.3665340360755318], [6.720860233589891, -0.2621958696535176], [6.720771804257533, -0.291019260276486], [6.720596388731257, -0.34819565299915467], [6.720571405087329, -0.3563390292856817], [6.72035567263114, -0.42665665680724396], [6.720263835801248, -0.45659071546120156], [6.720260414703449, -0.4577058164753966], [6.720173553176653, -0.48601818353941845], [6.720016604422917, -0.5371753631318282], [6.273126375288795, -0.5259628628758073], [4.593047257986985, -0.48380958606467267], [3.5791421994616073, -0.45837065277153777], [3.5600861771939805, -0.4578925361320926], [2.81727014412774, -0.43925524129333693], [1.3596790643286452, -0.4026842014943974], [-1.067988483090201, -0.34177389014185683], [-1.7483894121621584, -0.3247025936711377], [-6.2950983480037745, -0.34278564924427724], [-6.807929688902172, -0.33512615964359405], [-6.807704855007266, -0.3057843247890228], [-7.074381883720129, -0.3049482902576304], [-7.074645882235707, -0.2721846780784515], [-7.220184198002686, -0.2712968571558758], [-7.27975507507451, 0.12321623220390132], [-7.269170468432337, 0.1293727872134638]]]}, "properties": {"image": "B6ByNegPMKs-22", "condition": "semi", "method": "mv_strict", "n": 24, "workers": ["P001", "P002", "P003", "P004", "P005", "P006", "P007", "P008", "P009", "P010", "P011", "P012", "P014", "P017", "P018", "P019", "P020", "P021", "P022", "P023", "P024", "P025", "P026", "P027"], "records": ["R01770", "R02403", "R01763", "R01693", "R02167", "R00861", "R00748", "R02321", "R01591", "R01413", "R02420", "R00324", "R01989", "R01969", "R00828", "R01718", "R00284", "R01636", "R01350", "R00600", "R00695", "R01659", "R01600", "R00791"], "output_type": "BEV_region_only"}}, {"type": "Feature", "geometry": {"type": "Polygon", "coordinates": [[[-3.074667303297537, -0.6194485643748773], [-3.1195543365376657, -0.6209331898028909], [-3.119415583586741, -0.6056927258924802], [-3.1455793896499604, -0.6062577498786673], [-3.159249483281274, -0.3524017526942905], [-3.1348773967115573, -0.10650123845394308], [-3.146582592288065, 0.44886829278044893], [-3.1387514447786518, 0.4488159612606368], [-3.1467541260819463, 0.4570069558276539], [-3.1468638427562436, 0.46221261835374705], [-3.0913196226978403, 0.4619942582311703], [-3.0913034351930757, 0.4638800791798502], [-3.078360164467667, 0.4637255425998421], [-3.0782190057366448, 0.46514975404142456], [-3.0041333042618112, 0.46428892659424575], [-3.004309463340231, 0.47036279206122117], [-2.4307666203265863, 0.46842465557513613], [-2.431918088726304, 0.47537502650126795], [-0.20987067175968477, 0.4619369358482032], [1.2354847363329091, 0.4671253666006185], [1.3399769297951365, 0.4689561102513695], [1.550095730349156, 0.4682547340539537], [1.97890904881972, 0.46979405662896934], [3.0595932792512137, 0.4645338630993441], [3.403836285734605, 0.4620669512458298], [3.9212194865036505, 0.4603399270052315], [6.293485157752581, 0.44879300498761926], [6.307170292408177, 0.44878802525333406], [7.221962943966489, 0.4484551513397449], [7.221950190225468, 0.4442737331977948], [7.512928703790865, 0.44285740523518025], [7.51217490144834, 0.43482511200642004], [7.510337665821233, 0.4152480764166689], [7.50864004498881, 0.3971587344923822], [7.551507253846492, 0.39690370039830425], [7.549629032748399, 0.3773910271693089], [7.785667889096737, 0.37581370123175273], [7.78621433519391, 0.33891213690696886], [7.811155847934006, 0.33862233282448845], [7.789259194728522, 0.13329244164769705], [7.747155875792924, -0.26151994424985475], [7.744177399893209, -0.28944978935549753], [7.533645031849844, -0.2990430438148952], [7.540257242035459, -0.3443494330948743], [7.479994460693948, -0.3460363964277753], [7.47944095155385, -0.35178675403527576], [7.438252150061237, -0.35287370759230813], [7.435918198689523, -0.3777435982011266], [7.4357879759228345, -0.3791312132138311], [7.343042475141799, -0.37974930835706266], [7.237026938054008, -0.38203878112025186], [7.2194294573175934, -0.38216913513554907], [7.219428695734643, -0.3824188263247281], [6.463966069153973, -0.3987335208938037], [6.40558520838989, -0.3999111024932185], [6.40558520838989, -0.3999942926097478], [4.380140229598925, -0.443735061554211], [4.360081761961479, -0.4437665461593617], [4.352509857989843, -0.44399671282171227], [4.338532805324213, -0.4446336002707062], [4.314444566823258, -0.4451538010589687], [3.250469908276887, -0.4774959301853482], [1.8322419734890194, -0.5041364898373724], [0.02825192204353355, -0.5546364004282959], [-0.2112263718317755, -0.5547399330590895], [-1.4201396815413023, -0.5866426001558296], [-1.7847962603446028, -0.5901478680774467], [-2.4123101854339777, -0.6126059174661296], [-3.0748688323687565, -0.6263444138370114], [-3.074667303297537, -0.6194485643748773]]]}, "properties": {"image": "B6ByNegPMKs-33", "condition": "manual", "method": "mv50", "n": 23, "workers": ["P001", "P002", "P003", "P004", "P005", "P006", "P007", "P008", "P009", "P010", "P011", "P012", "P014", "P017", "P018", "P019", "P020", "P021", "P022", "P023", "P024", "P025", "P026"], "records": ["R00220", "R00980", "R00274", "R01393", "R01764", "R00601", "R00714", "R01276", "R00129", "R01988", "R02405", "R01495", "R01251", "R00378", "R01955", "R00345", "R01977", "R01348", "R02410", "R01361", "R02390", "R00812", "R02135"], "output_type": "BEV_region_only"}}, {"type": "Feature", "geometry": {"type": "Polygon", "coordinates": [[[-3.074667303297537, -0.6194485643748773], [-3.1195543365376657, -0.6209331898028909], [-3.119415583586741, -0.6056927258924802], [-3.1455793896499604, -0.6062577498786673], [-3.159249483281274, -0.3524017526942905], [-3.1348773967115573, -0.10650123845394308], [-3.146582592288065, 0.44886829278044893], [-3.1387514447786518, 0.4488159612606368], [-3.1467541260819463, 0.4570069558276539], [-3.1468638427562436, 0.46221261835374705], [-3.0913196226978403, 0.4619942582311703], [-3.0913034351930757, 0.4638800791798502], [-3.078360164467667, 0.4637255425998421], [-3.0782190057366448, 0.46514975404142456], [-3.0041333042618112, 0.46428892659424575], [-3.004309463340231, 0.47036279206122117], [-2.4307666203265863, 0.46842465557513613], [-2.431918088726304, 0.47537502650126795], [-0.20987067175968477, 0.4619369358482032], [1.2354847363329091, 0.4671253666006185], [1.3399769297951365, 0.4689561102513695], [1.550095730349156, 0.4682547340539537], [1.97890904881972, 0.46979405662896934], [3.0595932792512137, 0.4645338630993441], [3.403836285734605, 0.4620669512458298], [3.9212194865036505, 0.4603399270052315], [6.293485157752581, 0.44879300498761926], [6.307170292408177, 0.44878802525333406], [7.221962943966489, 0.4484551513397449], [7.221950190225468, 0.4442737331977948], [7.512928703790865, 0.44285740523518025], [7.51217490144834, 0.43482511200642004], [7.510337665821233, 0.4152480764166689], [7.50864004498881, 0.3971587344923822], [7.551507253846492, 0.39690370039830425], [7.549629032748399, 0.3773910271693089], [7.785667889096737, 0.37581370123175273], [7.78621433519391, 0.33891213690696886], [7.811155847934006, 0.33862233282448845], [7.789259194728522, 0.13329244164769705], [7.747155875792924, -0.26151994424985475], [7.744177399893209, -0.28944978935549753], [7.533645031849844, -0.2990430438148952], [7.540257242035459, -0.3443494330948743], [7.479994460693948, -0.3460363964277753], [7.47944095155385, -0.35178675403527576], [7.438252150061237, -0.35287370759230813], [7.435918198689523, -0.3777435982011266], [7.4357879759228345, -0.3791312132138311], [7.343042475141799, -0.37974930835706266], [7.237026938054008, -0.38203878112025186], [7.2194294573175934, -0.38216913513554907], [7.219428695734643, -0.3824188263247281], [6.463966069153973, -0.3987335208938037], [6.40558520838989, -0.3999111024932185], [6.40558520838989, -0.3999942926097478], [4.380140229598925, -0.443735061554211], [4.360081761961479, -0.4437665461593617], [4.352509857989843, -0.44399671282171227], [4.338532805324213, -0.4446336002707062], [4.314444566823258, -0.4451538010589687], [3.250469908276887, -0.4774959301853482], [1.8322419734890194, -0.5041364898373724], [0.02825192204353355, -0.5546364004282959], [-0.2112263718317755, -0.5547399330590895], [-1.4201396815413023, -0.5866426001558296], [-1.7847962603446028, -0.5901478680774467], [-2.4123101854339777, -0.6126059174661296], [-3.0748688323687565, -0.6263444138370114], [-3.074667303297537, -0.6194485643748773]]]}, "properties": {"image": "B6ByNegPMKs-33", "condition": "manual", "method": "mv_strict", "n": 23, "workers": ["P001", "P002", "P003", "P004", "P005", "P006", "P007", "P008", "P009", "P010", "P011", "P012", "P014", "P017", "P018", "P019", "P020", "P021", "P022", "P023", "P024", "P025", "P026"], "records": ["R00220", "R00980", "R00274", "R01393", "R01764", "R00601", "R00714", "R01276", "R00129", "R01988", "R02405", "R01495", "R01251", "R00378", "R01955", "R00345", "R01977", "R01348", "R02410", "R01361", "R02390", "R00812", "R02135"], "output_type": "BEV_region_only"}}, {"type": "Feature", "geometry": {"type": "Polygon", "coordinates": [[[-8.40271822310039, -0.2453736024183053], [-8.463282694191083, -0.24545326975567097], [-8.463579714042414, -0.2443928405355791], [-8.717609537605192, -0.24029923776361678], [-8.701957588972306, -0.22395353351385333], [-8.52195654096333, -0.035974134627996424], [-8.65243386631236, 0.42985994258841786], [-8.660107915137687, 0.45725806286331616], [-7.784174097284477, 0.45920640054251655], [-7.7832953539106695, 0.48334427075844666], [-7.7832120216283585, 0.4856332937828874], [-7.7810181141907835, 0.545896909500957], [-7.3367346166568845, 0.5460504820085835], [-7.3287247821458665, 0.5646996273731463], [-5.10710603218421, 0.5819977272902536], [-5.103630256231158, 0.58502405225233], [-4.789694037365961, 0.584469179424581], [-3.7760714268670794, 0.5923615080227941], [3.9054177089139266, 0.6069432892929623], [7.549950746629835, 0.5651491304430107], [7.71123231811369, 0.5632996129469667], [7.806637437287636, 0.5622055422760219], [8.324920643331852, 0.5562620618853902], [8.325600792219145, 0.5562542621891484], [8.325668579604871, 0.5514644002559588], [8.326272738681746, 0.5087744730230032], [8.326467094659188, 0.4950412645819847], [8.327589293606461, 0.41574659992579815], [8.380247883010824, 0.41552565625504717], [8.380427700657396, 0.3967904130635014], [9.616517001899483, 0.3943905290814623], [9.661727814621353, 0.3903824577298929], [9.664354366945298, -0.2216079269105301], [8.386379116305784, -0.2232889931132751], [8.386539806981634, -0.24003139269443657], [8.336869374840125, -0.2399846598428051], [8.338007808789984, -0.32042649104102455], [4.326653528348027, -0.3238471584171843], [4.328164645825344, -0.3601346573408773], [4.229856416171448, -0.3592873532723749], [4.2222075552840534, -0.38539359803444795], [4.216412930268897, -0.40517117030006633], [4.211625841690236, -0.40517016476393936], [4.057632740365632, -0.4048020876471364], [4.057637117923937, -0.40513781916967095], [1.4778743645385748, -0.40459593559995943], [1.0436100038923453, -0.3975979155817841], [-1.7011671863797524, -0.3533667802098378], [-4.170258223473723, -0.340016767373207], [-4.170512439029507, -0.33109308495031037], [-4.313451065482382, -0.33121497532999694], [-5.496867839727523, -0.33222412956296954], [-6.146482506593162, -0.3229774529244076], [-6.099972409369983, -0.28248155499648714], [-7.681643141912618, -0.2569934780287521], [-7.73094739513561, -0.25619895703577394], [-8.40271822310039, -0.2453736024183053]]]}, "properties": {"image": "B6ByNegPMKs-40", "condition": "manual", "method": "mv50", "n": 22, "workers": ["P001", "P002", "P003", "P004", "P005", "P006", "P007", "P008", "P009", "P010", "P011", "P012", "P014", "P017", "P018", "P019", "P021", "P022", "P023", "P025", "P026", "P027"], "records": ["R01979", "R00933", "R01429", "R01848", "R01073", "R01031", "R01321", "R01426", "R00961", "R02033", "R01590", "R01749", "R00396", "R00440", "R00279", "R00212", "R00383", "R02166", "R00740", "R01176", "R00086", "R01427"], "output_type": "BEV_region_only"}}, {"type": "Feature", "geometry": {"type": "Polygon", "coordinates": [[[-8.463579714042414, -0.2443928405355791], [-8.469243314177643, -0.22417248473307208], [-8.701957588972306, -0.22395353351385333], [-8.52195654096333, -0.035974134627996424], [-8.65243386631236, 0.42985994258841786], [-7.785303749943882, 0.42817639781982775], [-7.784174097284477, 0.45920640054251655], [-7.7832953539106695, 0.48334427075844666], [-7.7832120216283585, 0.4856332937828874], [-7.361745135089308, 0.4878189675811899], [-7.3367346166568845, 0.5460504820085835], [-5.147522824032997, 0.5468072122193269], [-5.10710603218421, 0.5819977272902536], [-4.789694037365961, 0.584469179424581], [3.363445441570644, 0.5700587505353533], [4.507675488919845, 0.5889339334677705], [4.501555883636962, 0.5680471745484768], [7.19186368841091, 0.5632921363928084], [7.549950746629835, 0.5651491304430107], [7.71123231811369, 0.5632996129469667], [7.806637437287636, 0.5622055422760219], [8.324920643331852, 0.5562620618853902], [8.324992266088671, 0.5514641664791852], [8.325668579604871, 0.5514644002559588], [8.326272738681746, 0.5087744730230032], [8.326467094659188, 0.4950412645819847], [8.327589293606461, 0.41574659992579815], [8.327856122048862, 0.39689248148953366], [8.380427700657396, 0.3967904130635014], [8.386379116305784, -0.2232889931132751], [8.336634019432672, -0.223354428497148], [8.336869374840125, -0.2399846598428051], [8.338007808789984, -0.32042649104102455], [4.326653528348027, -0.3238471584171843], [4.240218432868196, -0.3239208656219318], [4.229856416171448, -0.3592873532723749], [4.2222075552840534, -0.38539359803444795], [4.057368054613403, -0.3845023350486461], [4.057632740365632, -0.4048020876471364], [1.0436100038923453, -0.3975979155817841], [-1.7011671863797524, -0.3533667802098378], [-3.138006035112338, -0.33021261897183135], [-4.170512439029507, -0.33109308495031037], [-4.313451065482382, -0.33121497532999694], [-4.313306162734953, -0.31127306379344244], [-6.099972409369983, -0.28248155499648714], [-7.681643141912618, -0.2569934780287521], [-7.681484994381986, -0.25662526614075926], [-7.73094739513561, -0.25619895703577394], [-8.40271822310039, -0.2453736024183053], [-8.463579714042414, -0.2443928405355791]]]}, "properties": {"image": "B6ByNegPMKs-40", "condition": "manual", "method": "mv_strict", "n": 22, "workers": ["P001", "P002", "P003", "P004", "P005", "P006", "P007", "P008", "P009", "P010", "P011", "P012", "P014", "P017", "P018", "P019", "P021", "P022", "P023", "P025", "P026", "P027"], "records": ["R01979", "R00933", "R01429", "R01848", "R01073", "R01031", "R01321", "R01426", "R00961", "R02033", "R01590", "R01749", "R00396", "R00440", "R00279", "R00212", "R00383", "R02166", "R00740", "R01176", "R00086", "R01427"], "output_type": "BEV_region_only"}}, {"type": "Feature", "geometry": {"type": "Polygon", "coordinates": [[[-2.4644206221148757, -1.7332182543345234], [-2.4637668575383835, -1.4227821980818796], [-2.4714577041046644, -0.30153363496665453], [-2.4610726488180745, -0.14345388949988042], [-2.458607500563095, 1.0271064771389535], [-2.4578630798197385, 1.038691883287129], [-2.458347774046828, 1.1504360032611667], [-2.457560383562606, 1.5243234934097996], [-2.32208312568275, 1.5235096833133956], [-2.3218637039932357, 1.528782557184521], [-2.0923425190662686, 1.5257952436477789], [-1.458188631136888, 1.534812332064039], [-1.128540867348992, 1.528371656009006], [-1.032922692842328, 1.5313873078208313], [-0.44337906820580014, 1.5262738167891547], [-0.4090773320885911, 1.5264447453364174], [-0.3416782155957728, 1.5253916998838013], [0.24955868718570184, 1.5202635219617122], [0.7478285581773156, 1.521224472776396], [0.7502897556170381, 1.4349834875809824], [0.7590137978373873, 0.6068127580311965], [0.7593775362874917, 0.5494185713753349], [0.7594943393447889, 0.32793560791949156], [0.7609733414358278, 0.29761693059823485], [0.7674967415116173, -0.7317085132016216], [0.7722692524952903, -1.096595576316079], [0.7724514378386512, -1.1025100684700395], [0.7724750442506492, -1.1123295891832972], [0.774204121481107, -1.2445279046357323], [0.7742698513532917, -1.2538895789985478], [0.7744280141250531, -1.2616458389017695], [0.7795608391659955, -1.6540810708115643], [0.7770801589024067, -1.654151792504951], [0.7771439046870452, -1.6632308802614273], [0.7737995220961652, -1.6632704792870254], [0.7738611191544235, -1.6888929071890555], [0.7735629585909617, -1.6888951819384672], [0.7735906489418712, -1.6932644345379877], [0.7668201406389228, -1.6934973337270145], [0.7669936835402129, -1.7114700927256967], [0.7574369640761658, -1.711607708011834], [0.7574551620373052, -1.717631681709367], [0.7443847218873506, -1.717882350680891], [0.7443850851116707, -1.718057135131976], [0.4730874428570968, -1.7239524061214961], [0.43574280824813805, -1.7238015814163143], [0.2903253048748231, -1.726590443581166], [-0.5362919532995019, -1.7383231778600328], [-0.8070004660866134, -1.7476352989401167], [-1.3579858135451963, -1.7582022675186524], [-1.5814090289503135, -1.7531572268925915], [-1.8555719160293207, -1.7570486050018863], [-2.152059202860317, -1.7543204063964144], [-2.4457173830067935, -1.7614450401188575], [-2.4457334846881458, -1.7577328683779523], [-2.458634191299941, -1.7579186365631998], [-2.4576127239274026, -1.733371981076266], [-2.4644206221148757, -1.7332182543345234]]]}, "properties": {"image": "S9hNv5qa7GM-15", "condition": "manual", "method": "mv50", "n": 20, "workers": ["P001", "P002", "P003", "P004", "P005", "P006", "P007", "P008", "P010", "P011", "P018", "P019", "P020", "P021", "P022", "P023", "P024", "P025", "P026", "P027"], "records": ["R02337", "R01443", "R01155", "R01912", "R02120", "R01175", "R00499", "R01769", "R00508", "R00099", "R01846", "R00978", "R02252", "R01773", "R02441", "R00667", "R01703", "R01104", "R02343", "R01781"], "output_type": "BEV_region_only"}}, {"type": "Feature", "geometry": {"type": "Polygon", "coordinates": [[[-2.461664253897828, -1.7293207943802322], [-2.4637668575383835, -1.4227821980818796], [-2.4610726488180745, -0.14345388949988042], [-2.4532518499160645, -0.024406868019603914], [-2.4578630798197385, 1.038691883287129], [-2.433009780749145, 1.425483313301128], [-2.4336472854322575, 1.5027631469737026], [-2.4293901424946553, 1.5027299064161914], [-2.429284705631758, 1.5150971715748929], [-2.4272513866699494, 1.5151010929830024], [-2.4268698738070147, 1.5210385705550626], [-2.322123978372244, 1.5225279614085345], [-2.32208312568275, 1.5235096833133956], [-2.2735743989877095, 1.523218292033664], [-2.0923425190662686, 1.5257952436477789], [-1.6623980992914336, 1.5201993384782893], [-1.336109271332159, 1.5218252642087113], [-1.128540867348992, 1.528371656009006], [-0.9037527929635795, 1.523979734305928], [-0.44337906820580014, 1.5262738167891547], [-0.3416782155957728, 1.5253916998838013], [0.01544396469456022, 1.5198120141616127], [0.24955868718570184, 1.5202635219617122], [0.7476867818616498, 1.5159429366168669], [0.7505664031658005, 0.5627173053398402], [0.7514914817330086, 0.4919895055100518], [0.7594943393447889, 0.32793560791949156], [0.7597404236295626, -0.1386915327803744], [0.7674967415116173, -0.7317085132016216], [0.7691719907084542, -0.9960456078111136], [0.7722692524952903, -1.096595576316079], [0.7724750442506492, -1.1123295891832972], [0.7726209667145493, -1.1730287185944959], [0.7742698513532917, -1.2538895789985478], [0.7770801589024067, -1.654151792504951], [0.7737778268393101, -1.654245938662783], [0.7737995220961652, -1.6632704792870254], [0.7734005907268957, -1.6632752028176248], [0.7735629585909617, -1.6888951819384672], [0.7667762027514365, -1.6889469599760258], [0.7668201406389228, -1.6934973337270145], [0.7606907610848153, -1.6937081786833328], [0.76085236263664, -1.7079519694873393], [0.7574259890085527, -1.7079746901081425], [0.7574369640761658, -1.711607708011834], [0.7443720733448927, -1.7117958404230762], [0.7443847218873506, -1.717882350680891], [0.43574280824813805, -1.7238015814163143], [0.025649893105516464, -1.7221453289540458], [-0.13197762101037613, -1.724415140842924], [-0.5362919532995019, -1.7383231778600328], [-1.5814090289503135, -1.7531572268925915], [-1.7942373850598266, -1.748351425038011], [-2.069274971234492, -1.7523119238537737], [-2.152059202860317, -1.7543204063964144], [-2.186650201239959, -1.754002109060465], [-2.4457334846881458, -1.7577328683779523], [-2.445760008812638, -1.7516178482604838], [-2.457134124566003, -1.7515131866169156], [-2.4569795839802975, -1.7333862777855376], [-2.4576127239274026, -1.733371981076266], [-2.457442975847016, -1.7292928026699554], [-2.461664253897828, -1.7293207943802322]]]}, "properties": {"image": "S9hNv5qa7GM-15", "condition": "manual", "method": "mv_strict", "n": 20, "workers": ["P001", "P002", "P003", "P004", "P005", "P006", "P007", "P008", "P010", "P011", "P018", "P019", "P020", "P021", "P022", "P023", "P024", "P025", "P026", "P027"], "records": ["R02337", "R01443", "R01155", "R01912", "R02120", "R01175", "R00499", "R01769", "R00508", "R00099", "R01846", "R00978", "R02252", "R01773", "R02441", "R00667", "R01703", "R01104", "R02343", "R01781"], "output_type": "BEV_region_only"}}, {"type": "Feature", "geometry": {"type": "Polygon", "coordinates": [[[-0.499208308324595, -0.2929685317494202], [-0.500531473251526, -0.2929412964838079], [-0.5011573520115423, -0.24156231241444498], [-0.5030882284043131, -0.24158590173129119], [-0.5030169726359804, -0.23716949241098895], [-0.502909482020611, -0.23050725906944705], [-0.5052576087924467, -0.23054154704121071], [-0.5053004672079859, -0.22622823932560748], [-0.5064127580164003, -0.22624152078679435], [-0.5095221848471518, -0.15728981872916512], [-0.5097825284512423, -0.1436423231025236], [-0.5073527405458418, -0.01968568959880375], [-0.5118265115530679, 0.430558463400657], [-0.5093439709640254, 0.43048504182177666], [-0.5094524309043146, 0.43938862171660026], [-0.5045646624915818, 0.4393450602844495], [-0.50471890113419, 0.45392107050352215], [-0.5012340490771281, 0.4538853732017337], [-0.5012366304400209, 0.45468959585305513], [-0.5012960338300159, 0.47319669996203495], [-0.4872986010617648, 0.47280931603492415], [-0.48736435067699135, 0.4766628794859832], [-0.4873859976030472, 0.4779315987444779], [-0.47343061658554475, 0.47811104004222166], [-0.4153278577136784, 0.4788581378420873], [-0.37165422334890286, 0.47466186450806985], [-0.26580447513641337, 0.4728313684532087], [-0.1524018782274233, 0.4779096511404132], [-0.019133237715755067, 0.4717874843255118], [0.00045502034234690125, 0.4701204936480002], [0.014125792271381261, 0.47025961303560226], [0.11620221444900419, 0.4712983846145357], [0.31364002786189094, 0.46395453690911614], [0.3239577527096494, 0.46357076138689685], [0.3391556926203552, 0.46375314655769945], [0.5096494645751581, 0.4624074712255706], [0.5102897603784974, 0.45941010425276285], [0.5713894041181494, 0.45835348712605667], [0.5714202136801746, 0.45810252470258167], [0.5725910618656783, 0.4581062500520004], [0.5726553837227669, 0.4543202662801689], [0.5743010333470501, 0.4542590551068465], [0.5768677518187365, 0.43656635621735046], [0.5787011513319553, 0.42392851303768275], [0.5778560566703776, 0.4209827836030643], [0.5791444004526832, 0.4208731435795276], [0.5938849027805585, 0.3192650895432536], [0.5929435487513546, 0.28278200809423226], [0.5973065287665318, 0.2472429102879172], [0.5976633318553981, 0.22468955427115267], [0.603460931897755, 0.16733304285784512], [0.6025404237619827, 0.027564244568493004], [0.6053909010650802, 0.014220526742318843], [0.6042160378430402, -0.11900147449422215], [0.6214142115724828, -0.21277454793328673], [0.6045873671454829, -0.21297547118057458], [0.6048258621726892, -0.22805063006976134], [0.6032541816953529, -0.22806983112732238], [0.6031983439188603, -0.23440147909229805], [0.6008131966592432, -0.23469574764787082], [0.6008088404212816, -0.23535719334431868], [0.5794195530189403, -0.24135346327474638], [0.579417989856742, -0.24141404513027898], [0.579047940882741, -0.24145764097062558], [0.5788868742163754, -0.2415027943780372], [0.5788913332799073, -0.2430002535835856], [0.5651347317058819, -0.2476761041371131], [0.5644908459209645, -0.24774292346205115], [0.5644672417214824, -0.2479029830938259], [0.561625932162794, -0.24886874042867682], [0.5564584173689904, -0.2494738014287193], [0.5224496199048702, -0.26217964497679475], [0.5017599440411757, -0.26635641144520517], [0.4993736619991733, -0.26661085485783487], [0.49934885000609897, -0.26684315549978777], [0.4605702994843675, -0.27467164689712986], [0.43949205298646055, -0.2789268567788775], [0.4391174477166392, -0.2790024809085249], [0.37322223715380454, -0.2923051980569679], [0.3720581830757663, -0.2963627179030448], [0.37103349195643376, -0.29643423199246877], [0.3710154133303226, -0.29832854730312297], [0.37101166326059576, -0.298721487256411], [0.3707174576590352, -0.2987466331036129], [0.36018041202345796, -0.2996472377763513], [0.3595466107525456, -0.3106446489445886], [0.2563608165944465, -0.3085207319225177], [-0.47290403945610193, -0.3708512332544571], [-0.4729137264965989, -0.37028347897818636], [-0.49048782557557047, -0.37215736214238826], [-0.49048844543053927, -0.3720601395571343], [-0.4985799199702293, -0.3730075651325141], [-0.49858849859278126, -0.37033489845988454], [-0.4985946584565319, -0.3684157951942416], [-0.49961061429651255, -0.3685354859695466], [-0.4997009252524469, -0.36112177350210506], [-0.4996796426885055, -0.35817734418308256], [-0.4997367209874579, -0.35818326749043605], [-0.49981989767962, -0.3513552135372616], [-0.49957460259680625, -0.34364511364338235], [-0.499208308324595, -0.2929685317494202]]]}, "properties": {"image": "UwV83HsGsw3-09", "condition": "manual", "method": "mv50", "n": 24, "workers": ["P001", "P002", "P003", "P004", "P005", "P006", "P007", "P008", "P009", "P010", "P011", "P012", "P014", "P017", "P018", "P019", "P020", "P021", "P022", "P023", "P024", "P025", "P026", "P027"], "records": ["R01572", "R00408", "R00480", "R01271", "R00741", "R00257", "R02381", "R00400", "R01359", "R01297", "R00402", "R00224", "R00307", "R01411", "R01228", "R00164", "R02140", "R00704", "R00886", "R01780", "R00130", "R00686", "R00064", "R00593"], "output_type": "BEV_region_only"}}, {"type": "Feature", "geometry": {"type": "Polygon", "coordinates": [[[-0.5011573520115423, -0.24156231241444498], [-0.501211177880429, -0.2371436955245265], [-0.5030169726359804, -0.23716949241098895], [-0.502909482020611, -0.23050725906944705], [-0.5028399689148474, -0.2261988594077537], [-0.5053004672079859, -0.22622823932560748], [-0.5073527405458418, -0.01968568959880375], [-0.5051987584632948, 0.09020059594341912], [-0.5093439709640254, 0.43048504182177666], [-0.5044693831049658, 0.43034087501999985], [-0.5045646624915818, 0.4393450602844495], [-0.501187281525773, 0.43931495993202563], [-0.5012340490771281, 0.4538853732017337], [-0.5012366304400209, 0.45468959585305513], [-0.4980538760602925, 0.4546997225905137], [-0.49774693079953575, 0.4703586618373345], [-0.48725537505578637, 0.4702758539576205], [-0.4872986010617648, 0.47280931603492415], [-0.48736435067699135, 0.4766628794859832], [-0.47348432605063995, 0.4764228474523792], [-0.47343061658554475, 0.47811104004222166], [-0.4153278577136784, 0.4788581378420873], [-0.37165422334890286, 0.47466186450806985], [-0.32500940267963363, 0.4701801120734168], [-0.26580447513641337, 0.4728313684532087], [-0.06848051168072113, 0.46941897737307026], [0.00045502034234690125, 0.4701204936480002], [0.014125792271381261, 0.47025961303560226], [0.09334238366428822, 0.46662051845826397], [0.19197655442024292, 0.46491480386288464], [0.31364002786189094, 0.46395453690911614], [0.3239577527096494, 0.46357076138689685], [0.37110550257708386, 0.46181706543223405], [0.5102897603784974, 0.45941010425276285], [0.5106104162251275, 0.45790904296309914], [0.5714202136801746, 0.45810252470258167], [0.5718810089744459, 0.45434906973033024], [0.5726553837227669, 0.4543202662801689], [0.5743010333470501, 0.4542590551068465], [0.5768677518187365, 0.43656635621735046], [0.5768865995907354, 0.43023682772275795], [0.5778217034861086, 0.42098570711151256], [0.5778560566703776, 0.4209827836030643], [0.5778308722801274, 0.4208949988813925], [0.5864207178092874, 0.3359143914693079], [0.5929435487513546, 0.28278200809423226], [0.5927092393421685, 0.27370112141991476], [0.5976633318553981, 0.22468955427115267], [0.6006412849403694, 0.036454535510576605], [0.6025404237619827, 0.027564244568493004], [0.6020235473341133, -0.05091762254373591], [0.6029953648594545, -0.11234575283821269], [0.6042160378430402, -0.11900147449422215], [0.6038168238853502, -0.1642697928544477], [0.6045873671454829, -0.21297547118057458], [0.6033871700238052, -0.21298980229917017], [0.6032541816953529, -0.22806983112732238], [0.6008566416054393, -0.22809912162620888], [0.6008131966592432, -0.23469574764787082], [0.5843958127077324, -0.23672124936153446], [0.5844348954684593, -0.23902166021046445], [0.5794314868350093, -0.2408909567467732], [0.5794195530189403, -0.24135346327474638], [0.579047940882741, -0.24145764097062558], [0.5788867962921495, -0.2414766255762798], [0.5788868742163754, -0.2415027943780372], [0.5745082868017415, -0.24273028698020988], [0.564689066576509, -0.24639879293304537], [0.5644908459209645, -0.24774292346205115], [0.5597838942243223, -0.24823138794170402], [0.5564584173689904, -0.2494738014287193], [0.5461465564348693, -0.25068121062599524], [0.4996838699066565, -0.2637065538679359], [0.4993736619991733, -0.26661085485783487], [0.48315525290279693, -0.26834018411785954], [0.4605702994843675, -0.27467164689712986], [0.43949205298646055, -0.2789268567788775], [0.4393428898958007, -0.2789306528964299], [0.4391174477166392, -0.2790024809085249], [0.37322223715380454, -0.2923051980569679], [0.37106874890075225, -0.29273993746925847], [0.37103349195643376, -0.29643423199246877], [0.3710154133303226, -0.29832854730312297], [0.3707174576590352, -0.2987466331036129], [0.36018041202345796, -0.2996472377763513], [0.2563608165944465, -0.3085207319225177], [-0.47290403945610193, -0.3708512332544571], [-0.4729137264965989, -0.37028347897818636], [-0.4729185139563849, -0.37000288752542715], [-0.49048844543053927, -0.3720601395571343], [-0.49050580273877936, -0.36933769242805525], [-0.49858849859278126, -0.37033489845988454], [-0.4985946584565319, -0.3684157951942416], [-0.49862787178020085, -0.3580681965303022], [-0.4996796426885055, -0.35817734418308256], [-0.49957460259680625, -0.34364511364338235], [-0.4987566853132792, -0.31793638810112357], [-0.4988368016323356, -0.29297617862943837], [-0.499208308324595, -0.2929685317494202], [-0.4989510614193075, -0.2573785843989771], [-0.49900191240193376, -0.24153597963204407], [-0.5011573520115423, -0.24156231241444498]]]}, "properties": {"image": "UwV83HsGsw3-09", "condition": "manual", "method": "mv_strict", "n": 24, "workers": ["P001", "P002", "P003", "P004", "P005", "P006", "P007", "P008", "P009", "P010", "P011", "P012", "P014", "P017", "P018", "P019", "P020", "P021", "P022", "P023", "P024", "P025", "P026", "P027"], "records": ["R01572", "R00408", "R00480", "R01271", "R00741", "R00257", "R02381", "R00400", "R01359", "R01297", "R00402", "R00224", "R00307", "R01411", "R01228", "R00164", "R02140", "R00704", "R00886", "R01780", "R00130", "R00686", "R00064", "R00593"], "output_type": "BEV_region_only"}}, {"type": "Feature", "geometry": {"type": "Polygon", "coordinates": [[[-0.6017391193950662, -0.40671282433571954], [-0.6045974154441791, -0.15297648330738733], [-0.5902299314183997, 0.010202997644178646], [-0.6093124120314871, 0.2655826727310304], [-0.6109569343517087, 0.4115700264209924], [-0.5682610646377062, 0.654846258779979], [-0.5576884592057946, 1.176821550822792], [-0.5409970601026761, 1.1771915202292798], [-0.53993382717241, 1.2309251406347073], [-0.5295966742959702, 1.2310996919250488], [-0.5292760793151228, 1.3042926013499654], [-0.529272696595259, 1.305064887640744], [-0.5259678618977885, 1.3044528074740889], [-0.5226948769434665, 1.304611307405532], [-0.5220838900599276, 1.3510491623827956], [-0.36244426196625146, 1.3123717193359545], [-0.24737506595431025, 1.3179441432650743], [0.013885470291325586, 1.285235118649151], [0.13753565443920718, 1.2423647675412381], [0.19743817046673975, 1.2433762705723228], [0.24254260839417852, 1.2441378959380753], [0.258443836018589, 1.2370678808751752], [0.26118476623596465, 1.2346593800831966], [0.2636247103313981, 1.2347643568771711], [0.2978310020965925, 1.2195555312608], [0.2999209969800208, 1.2197615180013743], [0.30551261314531547, 1.217195493138768], [0.3735230396696502, 1.2224209237991683], [0.37341104611392134, 1.2070542750531539], [0.37842483944158056, 1.2073820496016534], [0.3789467210837696, 1.1834961580694305], [0.3789468612982472, 1.1834897406223834], [0.3793915990199227, 1.1832920010223], [0.37957532860517235, 1.1711380385239254], [0.3803805501404066, 1.117871536404393], [0.3836554251355211, 0.9679844689329484], [0.3860231200457512, 0.8596179366864087], [0.38609796593107043, 0.8561923310435846], [0.38739411635170945, 0.8351983926783542], [0.3871033172434689, 0.810178617476265], [0.39266513031144495, 0.555621160526934], [0.39598833074122775, 0.5026558983078836], [0.39764914425746695, 0.32750887052488026], [0.40106222274976344, 0.17129639614849484], [0.41142913270811093, -0.30318453357105757], [0.4036376433435942, -0.3040297131636006], [0.3882036640407333, -0.3057039096783152], [0.3882383886051043, -0.3154281732918554], [0.38482188498663616, -0.3161354090185649], [0.3740082049415861, -0.31649872352931296], [0.37398635760300436, -0.31837842496095087], [0.3622758843492863, -0.3208025596865621], [0.3622404843619615, -0.3256597960453302], [0.36223339106431063, -0.3266330682371332], [0.3238277652941576, -0.33455516253627154], [0.28874398015644226, -0.33602408306415943], [0.2588803080043969, -0.34220603345417117], [0.1832744619750108, -0.347391933669067], [0.17881937012433619, -0.3483349623123751], [0.16177619867241314, -0.3519425644428544], [0.08988625066117076, -0.35379754871810626], [0.07744280654981166, -0.35411862828201046], [0.07288636707726072, -0.35496359214676837], [0.04117722203564669, -0.35713856234710917], [0.04040389896923616, -0.3609872674210203], [0.003926406190780579, -0.3677517956146769], [-0.13421136216930613, -0.3691686862632574], [-0.3046067068138385, -0.3808563175882991], [-0.601667395485686, -0.41307989129368405], [-0.6021689325042072, -0.413134295379107], [-0.60210210755176, -0.412135920764676], [-0.6017391193950662, -0.40671282433571954]]]}, "properties": {"image": "UwV83HsGsw3-10", "condition": "manual", "method": "mv50", "n": 23, "workers": ["P001", "P002", "P003", "P004", "P005", "P006", "P007", "P008", "P009", "P010", "P011", "P012", "P014", "P017", "P018", "P019", "P020", "P021", "P022", "P024", "P025", "P026", "P027"], "records": ["R01123", "R02031", "R01871", "R00142", "R01340", "R00819", "R00197", "R01728", "R01422", "R02046", "R00085", "R02112", "R01008", "R00143", "R02054", "R02276", "R00208", "R02133", "R00645", "R00892", "R01573", "R00278", "R00986"], "output_type": "BEV_region_only"}}, {"type": "Feature", "geometry": {"type": "Polygon", "coordinates": [[[-0.6017391193950662, -0.40671282433571954], [-0.6045974154441791, -0.15297648330738733], [-0.5902299314183997, 0.010202997644178646], [-0.6093124120314871, 0.2655826727310304], [-0.6109569343517087, 0.4115700264209924], [-0.5682610646377062, 0.654846258779979], [-0.5576884592057946, 1.176821550822792], [-0.5409970601026761, 1.1771915202292798], [-0.53993382717241, 1.2309251406347073], [-0.5295966742959702, 1.2310996919250488], [-0.5292760793151228, 1.3042926013499654], [-0.529272696595259, 1.305064887640744], [-0.5259678618977885, 1.3044528074740889], [-0.5226948769434665, 1.304611307405532], [-0.5220838900599276, 1.3510491623827956], [-0.36244426196625146, 1.3123717193359545], [-0.24737506595431025, 1.3179441432650743], [0.013885470291325586, 1.285235118649151], [0.13753565443920718, 1.2423647675412381], [0.19743817046673975, 1.2433762705723228], [0.24254260839417852, 1.2441378959380753], [0.258443836018589, 1.2370678808751752], [0.26118476623596465, 1.2346593800831966], [0.2636247103313981, 1.2347643568771711], [0.2978310020965925, 1.2195555312608], [0.2999209969800208, 1.2197615180013743], [0.30551261314531547, 1.217195493138768], [0.3735230396696502, 1.2224209237991683], [0.37341104611392134, 1.2070542750531539], [0.37842483944158056, 1.2073820496016534], [0.3789467210837696, 1.1834961580694305], [0.3789468612982472, 1.1834897406223834], [0.3793915990199227, 1.1832920010223], [0.37957532860517235, 1.1711380385239254], [0.3803805501404066, 1.117871536404393], [0.3836554251355211, 0.9679844689329484], [0.3860231200457512, 0.8596179366864087], [0.38609796593107043, 0.8561923310435846], [0.38739411635170945, 0.8351983926783542], [0.3871033172434689, 0.810178617476265], [0.39266513031144495, 0.555621160526934], [0.39598833074122775, 0.5026558983078836], [0.39764914425746695, 0.32750887052488026], [0.40106222274976344, 0.17129639614849484], [0.41142913270811093, -0.30318453357105757], [0.4036376433435942, -0.3040297131636006], [0.3882036640407333, -0.3057039096783152], [0.3882383886051043, -0.3154281732918554], [0.38482188498663616, -0.3161354090185649], [0.3740082049415861, -0.31649872352931296], [0.37398635760300436, -0.31837842496095087], [0.3622758843492863, -0.3208025596865621], [0.3622404843619615, -0.3256597960453302], [0.36223339106431063, -0.3266330682371332], [0.3238277652941576, -0.33455516253627154], [0.28874398015644226, -0.33602408306415943], [0.2588803080043969, -0.34220603345417117], [0.1832744619750108, -0.347391933669067], [0.17881937012433619, -0.3483349623123751], [0.16177619867241314, -0.3519425644428544], [0.08988625066117076, -0.35379754871810626], [0.07744280654981166, -0.35411862828201046], [0.07288636707726072, -0.35496359214676837], [0.04117722203564669, -0.35713856234710917], [0.04040389896923616, -0.3609872674210203], [0.003926406190780579, -0.3677517956146769], [-0.13421136216930613, -0.3691686862632574], [-0.3046067068138385, -0.3808563175882991], [-0.601667395485686, -0.41307989129368405], [-0.6021689325042072, -0.413134295379107], [-0.60210210755176, -0.412135920764676], [-0.6017391193950662, -0.40671282433571954]]]}, "properties": {"image": "UwV83HsGsw3-10", "condition": "manual", "method": "mv_strict", "n": 23, "workers": ["P001", "P002", "P003", "P004", "P005", "P006", "P007", "P008", "P009", "P010", "P011", "P012", "P014", "P017", "P018", "P019", "P020", "P021", "P022", "P024", "P025", "P026", "P027"], "records": ["R01123", "R02031", "R01871", "R00142", "R01340", "R00819", "R00197", "R01728", "R01422", "R02046", "R00085", "R02112", "R01008", "R00143", "R02054", "R02276", "R00208", "R02133", "R00645", "R00892", "R01573", "R00278", "R00986"], "output_type": "BEV_region_only"}}, {"type": "Feature", "geometry": {"type": "Polygon", "coordinates": [[[-1.0127369183833819, -0.4185897833753261], [-1.0140296346449789, -0.331928845512269], [-1.0218401048432781, -0.06761075299480979], [-1.02380286448899, -0.035220658168042505], [-1.0241344124948526, 0.010032078578176368], [-1.0296052885972724, 0.19517477793906807], [-1.0301983368041445, 0.21524442379028258], [-1.030089528320389, 0.3125861621355761], [-1.0316660489195257, 0.33647121573772876], [-1.031665512610604, 0.34820089404311894], [-1.029732349702005, 0.3482623064978159], [-1.026613210866135, 0.34836139487345125], [-1.0266134390408643, 0.3483925382698145], [-1.0241790115460052, 0.3484637101456974], [-1.0242107808142877, 0.3505934540549901], [-0.9793017888649651, 0.3511961008794661], [-0.9360741332764644, 0.3512682489141874], [-0.9111680608794777, 0.3521104071915851], [-0.9067226690240375, 0.3521700611978085], [-0.8959055060823877, 0.35251369934964216], [-0.754020038061023, 0.3570210974785152], [-0.7223892606735036, 0.35728670558802816], [-0.7144083060681856, 0.3575200333465242], [-0.5738742770173174, 0.35916296435254313], [-0.4899830898325263, 0.36348020340894693], [-0.4740558151845476, 0.3642998586609445], [-0.4724450146525592, 0.36438275426895944], [-0.4629423468549856, 0.36487178404589354], [-0.16361549674102446, 0.37362277518024267], [0.4010307468596045, 0.376495210258082], [0.5719988517284398, 0.3773649491205694], [0.5870200768534981, 0.3774413642113459], [0.5869716578404506, 0.37618074804114515], [0.6405119687094638, 0.3777134850096129], [0.6408312385358854, 0.3777151091802491], [0.6405653410661099, 0.37336052573296014], [0.641603476689813, 0.37337266218998877], [0.6416169735744933, 0.37294768118703703], [0.641617834371918, 0.37294769273832806], [0.6416182811591046, 0.37290650882521603], [0.641750554266225, 0.3687415804688612], [0.649824256826307, 0.368809376490675], [0.6502041164373986, 0.3539157868544227], [0.6572785653641773, 0.35392759428602766], [0.6610105872785116, 0.22827905091495834], [0.6636160892758581, 0.20329509129332632], [0.6623209985377325, 0.18416053561210258], [0.6650913709436072, 0.09088850629829487], [0.6597761797615113, -0.021387032815936603], [0.6618066661441011, -0.10099863157840704], [0.6714868688764914, -0.32200706868956674], [0.6716230588166883, -0.4183044183535345], [0.6703014554394674, -0.4340635379738215], [0.6717242408144742, -0.48984830923423667], [0.6717576164959728, -0.5134476269730144], [0.6697680921011698, -0.5134561719267967], [0.6701219826746003, -0.5245992448946473], [0.6627072915368496, -0.5246181925851616], [-0.10959435961444192, -0.5265917518876168], [-0.21236735398456857, -0.5307780878353071], [-0.47925593593874116, -0.5321129880423054], [-0.47922938657368414, -0.5275363266465611], [-0.6706864399746739, -0.5280255808753938], [-0.6873714421116157, -0.5285448937714966], [-0.766883608075638, -0.5335516192353773], [-0.8638083087820353, -0.5340364088134434], [-0.886547116686111, -0.5347441435856461], [-0.9935243865925172, -0.5348858985960302], [-0.9935365440516541, -0.5346852722711715], [-1.0121455825286612, -0.5347783493490034], [-1.0126872135235676, -0.5176246699443854], [-1.0173326268241225, -0.5178505295667819], [-1.014566514033295, -0.4581064393557357], [-1.0127369183833819, -0.4185897833753261]]]}, "properties": {"image": "UwV83HsGsw3-17", "condition": "manual", "method": "mv50", "n": 23, "workers": ["P001", "P002", "P003", "P004", "P005", "P006", "P007", "P008", "P009", "P010", "P011", "P012", "P017", "P018", "P019", "P020", "P021", "P022", "P023", "P024", "P025", "P026", "P027"], "records": ["R01970", "R00923", "R00679", "R00860", "R00265", "R02334", "R00056", "R01665", "R00818", "R01802", "R01870", "R01774", "R00147", "R01635", "R02168", "R01151", "R01472", "R02077", "R01568", "R01165", "R00625", "R01901", "R00213"], "output_type": "BEV_region_only"}}, {"type": "Feature", "geometry": {"type": "Polygon", "coordinates": [[[-1.0127369183833819, -0.4185897833753261], [-1.0140296346449789, -0.331928845512269], [-1.0218401048432781, -0.06761075299480979], [-1.02380286448899, -0.035220658168042505], [-1.0241344124948526, 0.010032078578176368], [-1.0296052885972724, 0.19517477793906807], [-1.0301983368041445, 0.21524442379028258], [-1.030089528320389, 0.3125861621355761], [-1.0316660489195257, 0.33647121573772876], [-1.031665512610604, 0.34820089404311894], [-1.029732349702005, 0.3482623064978159], [-1.026613210866135, 0.34836139487345125], [-1.0266134390408643, 0.3483925382698145], [-1.0241790115460052, 0.3484637101456974], [-1.0242107808142877, 0.3505934540549901], [-0.9793017888649651, 0.3511961008794661], [-0.9360741332764644, 0.3512682489141874], [-0.9111680608794777, 0.3521104071915851], [-0.9067226690240375, 0.3521700611978085], [-0.8959055060823877, 0.35251369934964216], [-0.754020038061023, 0.3570210974785152], [-0.7223892606735036, 0.35728670558802816], [-0.7144083060681856, 0.3575200333465242], [-0.5738742770173174, 0.35916296435254313], [-0.4899830898325263, 0.36348020340894693], [-0.4740558151845476, 0.3642998586609445], [-0.4724450146525592, 0.36438275426895944], [-0.4629423468549856, 0.36487178404589354], [-0.16361549674102446, 0.37362277518024267], [0.4010307468596045, 0.376495210258082], [0.5719988517284398, 0.3773649491205694], [0.5870200768534981, 0.3774413642113459], [0.5869716578404506, 0.37618074804114515], [0.6405119687094638, 0.3777134850096129], [0.6408312385358854, 0.3777151091802491], [0.6405653410661099, 0.37336052573296014], [0.641603476689813, 0.37337266218998877], [0.6416169735744933, 0.37294768118703703], [0.641617834371918, 0.37294769273832806], [0.6416182811591046, 0.37290650882521603], [0.641750554266225, 0.3687415804688612], [0.649824256826307, 0.368809376490675], [0.6502041164373986, 0.3539157868544227], [0.6572785653641773, 0.35392759428602766], [0.6610105872785116, 0.22827905091495834], [0.6636160892758581, 0.20329509129332632], [0.6623209985377325, 0.18416053561210258], [0.6650913709436072, 0.09088850629829487], [0.6597761797615113, -0.021387032815936603], [0.6618066661441011, -0.10099863157840704], [0.6714868688764914, -0.32200706868956674], [0.6716230588166883, -0.4183044183535345], [0.6703014554394674, -0.4340635379738215], [0.6717242408144742, -0.48984830923423667], [0.6717576164959728, -0.5134476269730144], [0.6697680921011698, -0.5134561719267967], [0.6701219826746003, -0.5245992448946473], [0.6627072915368496, -0.5246181925851616], [-0.10959435961444192, -0.5265917518876168], [-0.21236735398456857, -0.5307780878353071], [-0.47925593593874116, -0.5321129880423054], [-0.47922938657368414, -0.5275363266465611], [-0.6706864399746739, -0.5280255808753938], [-0.6873714421116157, -0.5285448937714966], [-0.766883608075638, -0.5335516192353773], [-0.8638083087820353, -0.5340364088134434], [-0.886547116686111, -0.5347441435856461], [-0.9935243865925172, -0.5348858985960302], [-0.9935365440516541, -0.5346852722711715], [-1.0121455825286612, -0.5347783493490034], [-1.0126872135235676, -0.5176246699443854], [-1.0173326268241225, -0.5178505295667819], [-1.014566514033295, -0.4581064393557357], [-1.0127369183833819, -0.4185897833753261]]]}, "properties": {"image": "UwV83HsGsw3-17", "condition": "manual", "method": "mv_strict", "n": 23, "workers": ["P001", "P002", "P003", "P004", "P005", "P006", "P007", "P008", "P009", "P010", "P011", "P012", "P017", "P018", "P019", "P020", "P021", "P022", "P023", "P024", "P025", "P026", "P027"], "records": ["R01970", "R00923", "R00679", "R00860", "R00265", "R02334", "R00056", "R01665", "R00818", "R01802", "R01870", "R01774", "R00147", "R01635", "R02168", "R01151", "R01472", "R02077", "R01568", "R01165", "R00625", "R01901", "R00213"], "output_type": "BEV_region_only"}}, {"type": "Feature", "geometry": {"type": "Polygon", "coordinates": [[[-2.2817862321979563, -2.0517961309174266], [-2.2852406650402215, -1.6031051382885333], [-2.2876246134729903, -1.293457726537469], [-2.2833626348289333, -1.157723345636333], [-2.2798542589380033, -0.325699060718781], [-2.2540852189163787, 0.24062378351348335], [-2.254706237799188, 0.6610691184517412], [-2.260811397150696, 1.098399742468426], [-2.2647184442053683, 1.2414607441038794], [-2.25556334615526, 1.2413529388356241], [-2.255571485321812, 1.2468633584085704], [-2.2308302005557845, 1.246709247433114], [-2.230870545366442, 1.251232787702825], [-2.208072985187379, 1.2518286655354844], [-2.2078538468250235, 1.2566446408510372], [-2.207552874424632, 1.256646071509983], [-2.207535992008544, 1.2571837382810298], [-1.7963332984609501, 1.26259063086069], [-1.7194654788919914, 1.2645997857599962], [-1.4891410941689203, 1.266629892460818], [-1.3083674193525456, 1.269006880394749], [-1.1921145029452873, 1.2742859622435914], [-0.8772068552205938, 1.2761296968757603], [-0.8747854943602065, 1.2793390419990993], [-0.8741463368979558, 1.2887249976309685], [-0.8674755060786518, 1.2890279221767194], [-0.8461701805214986, 1.3172666468528336], [-0.8430603131651546, 1.3301455987393584], [-0.8420287634574807, 1.3301273394651527], [-0.8353259159243164, 1.3517681559904866], [-0.8343429659260889, 1.366246912012747], [-0.8161305301981018, 1.4416704129536109], [-0.8054955029654153, 1.448078640530742], [-0.7861084389387938, 1.5106717240656358], [-0.17775614729231518, 1.4739217458273415], [-0.14784671222242998, 1.4609087502912668], [0.14442153916774936, 1.454459300910389], [0.1871771372668752, 1.4518764762522365], [0.2330224468671632, 1.3110980530542982], [0.24192130080278682, 1.3109405360554398], [0.24757578371339473, 1.2959480732740187], [0.2683190008206881, 1.2926531821924865], [0.26820649040878963, 1.2870006800025413], [0.2711795471766001, 1.2871414828110974], [0.2715310373904577, 1.2821486674117473], [0.2826461666398453, 1.2822466374916275], [0.2826453976392723, 1.2821115137052181], [0.3292025169621361, 1.2829823315568702], [0.3501462286405249, 1.2796555935457714], [0.37046103241453243, 1.2742122582801292], [0.3765254755186862, 1.274319299023576], [0.38503281829186814, 1.2703077600220178], [0.3895083461506057, 1.2681973766700643], [0.395979889911909, 1.265145795125637], [0.39601765498253383, 1.2600858990648083], [0.4020275970873523, 1.2600293975404773], [0.40201970411355265, 1.2585629412437367], [0.4046514639013264, 1.258359540066673], [0.4038646388591261, 1.0163547737368597], [0.400305497389011, 0.9400759794312027], [0.3995096587688169, 0.7922150355847252], [0.4020355674160383, 0.4537849730259359], [0.3991921284050931, -0.4207751343806205], [0.3994975164787152, -0.716464878836974], [0.39954660192886804, -0.7232437101185634], [0.39951143580434484, -0.729942162968011], [0.3995248566310498, -0.742936779200809], [0.40133383967670166, -0.9700659989011622], [0.4018343701026653, -1.0391905826290029], [0.40113431974246605, -1.1294236631630987], [0.40127067334149824, -1.1419329133700065], [0.4001378767324111, -1.3364889600971968], [0.40020078429066125, -1.3973987382779394], [0.3972147137066446, -2.0204820598195963], [0.39705414891633817, -2.020520608628648], [0.39615515343599583, -2.0205154601263917], [0.3961538649759826, -2.0207367511194323], [0.39421568419970177, -2.0212020745599566], [0.39387161077500543, -2.065551462554595], [0.393844499769296, -2.0655519894813352], [0.39382494511669297, -2.0715664385393033], [0.39381336140142903, -2.0730595229968265], [0.3924591007275114, -2.073272843592001], [0.3924262975855691, -2.0795211948844226], [0.38405732385644775, -2.0787147820929843], [0.3840466828907707, -2.0806917950055537], [0.3589495990213256, -2.080023697206201], [0.3589407911729284, -2.0809887440876853], [0.34900875503997, -2.0801170603525576], [0.2889563144966573, -2.0895764078807577], [0.2707948166865731, -2.0882532883608884], [0.2695909396653803, -2.0884903300962394], [0.26935025578369176, -2.092664717387354], [0.2604951175051541, -2.0940595621202096], [0.2583773358450005, -2.1016994407084195], [0.2582646804007012, -2.104113849221055], [0.25771216206789327, -2.1040990492198994], [0.25368159993057493, -2.118639266443764], [0.2516462621807019, -2.1186049844478987], [0.25153636632230936, -2.126378177691729], [0.24675149856758716, -2.143639545751772], [0.2461296902189544, -2.1771973855039155], [0.2436449154108642, -2.1910462437440055], [0.23954944825771765, -2.1936147834272726], [0.2390896760951115, -2.2164348074593754], [0.23069605429730064, -2.263216543180592], [0.21670640796506363, -2.4615102087867204], [-0.07504372873495901, -2.427241744458961], [-0.7010119006840112, -2.538868244189828], [-0.812413741573582, -2.514642173764103], [-0.8647682711188792, -2.183891199091861], [-0.8762976505076191, -2.160218551583427], [-0.8736142469319337, -2.128006538347016], [-0.8781145166351784, -2.0995759784018957], [-0.8946424291590956, -2.0992975922574635], [-1.117951743712785, -2.094935106987015], [-1.50675952286249, -2.102491935303749], [-1.741689190734383, -2.09557274979024], [-1.8932965091422824, -2.085511323664825], [-2.024333923397074, -2.0872482526868095], [-2.0415686693715025, -2.0867406522387455], [-2.1197756536045977, -2.0753638586527416], [-2.174163796983249, -2.074301352707342], [-2.174318260652606, -2.0686454885866117], [-2.1901586295329527, -2.0684927944960814], [-2.201261382068987, -2.068605385901681], [-2.2012633409699998, -2.0683857500310006], [-2.256316762354843, -2.067855059605012], [-2.256244739233281, -2.0614242489591996], [-2.2817251250710218, -2.05973324207084], [-2.2817862321979563, -2.0517961309174266]]]}, "properties": {"image": "VFuaQ6m2Qom-07", "condition": "manual", "method": "mv50", "n": 18, "workers": ["P001", "P002", "P003", "P004", "P005", "P006", "P007", "P008", "P010", "P011", "P019", "P020", "P021", "P022", "P023", "P025", "P026", "P027"], "records": ["R01028", "R00706", "R00701", "R02238", "R01078", "R01076", "R00502", "R01740", "R01530", "R00226", "R02124", "R01110", "R01486", "R00004", "R00459", "R00789", "R02193", "R01577"], "output_type": "BEV_region_only"}}, {"type": "Feature", "geometry": {"type": "Polygon", "coordinates": [[[-2.2534279392754266, -0.2043709927132935], [-2.2540852189163787, 0.24062378351348335], [-2.250068974866979, 0.32888825713292824], [-2.254706237799188, 0.6610691184517412], [-2.2549200169816013, 0.8058029783080876], [-2.256694395737071, 0.947651021573622], [-2.260811397150696, 1.098399742468426], [-2.262654019793116, 1.230392253005911], [-2.260232118495853, 1.2304649638631346], [-2.2602831912447554, 1.2345478404607486], [-2.2555534253531464, 1.2346363073726292], [-2.25556334615526, 1.2413529388356241], [-2.2307798255527693, 1.2410611020827855], [-2.2308302005557845, 1.246709247433114], [-2.2083123131600972, 1.2465689857763496], [-2.208072985187379, 1.2518286655354844], [-2.207703835134885, 1.2518383143019085], [-2.207552874424632, 1.256646071509983], [-1.9829112550658665, 1.2577138954762674], [-1.7963332984609501, 1.26259063086069], [-1.4891410941689203, 1.266629892460818], [-1.329780220926871, 1.2680345182758677], [-1.3083674193525456, 1.269006880394749], [-0.8751011355525677, 1.2747038864981972], [-0.8747854943602065, 1.2793390419990993], [-0.8674755060786518, 1.2890279221767194], [-0.8545771413525735, 1.2896136410146593], [-0.8467292669096076, 1.3149512919300013], [-0.8461701805214986, 1.3172666468528336], [-0.845902055061961, 1.317622028469051], [-0.8420287634574807, 1.3301273394651527], [-0.8368013736218153, 1.3300348103861575], [-0.8353259159243164, 1.3517681559904866], [-0.8054955029654153, 1.448078640530742], [-0.7617214852576648, 1.4744550532374705], [-0.14784671222242998, 1.4609087502912668], [0.19493276651875763, 1.3117722715749478], [0.2330224468671632, 1.3110980530542982], [0.23743137811839396, 1.2975594294753992], [0.24757578371339473, 1.2959480732740187], [0.25103172975959526, 1.2867848759858886], [0.25219805927873423, 1.2862425269500695], [0.26820649040878963, 1.2870006800025413], [0.2681093130574015, 1.2821185079238353], [0.2715310373904577, 1.2821486674117473], [0.2715482653199231, 1.2819039497264673], [0.2826453976392723, 1.2821115137052181], [0.28262032127242914, 1.2777052573821783], [0.30581410582002866, 1.273071204606217], [0.37046103241453243, 1.2742122582801292], [0.38503281829186814, 1.2703077600220178], [0.3895083461506057, 1.2681973766700643], [0.38943487865835896, 1.26014778599985], [0.39601765498253383, 1.2600858990648083], [0.396025564075536, 1.2590262111610298], [0.40201970411355265, 1.2585629412437367], [0.400305497389011, 0.9400759794312027], [0.3986680125325523, 0.9049817378582748], [0.3995096587688169, 0.7922150355847252], [0.39819216294253185, 0.5474340316912678], [0.3991921284050931, -0.4207751343806205], [0.3986232935926725, -0.5957323719834641], [0.3994975164787152, -0.716464878836974], [0.39951143580434484, -0.729942162968011], [0.39947565024039183, -0.7367586068065027], [0.3995248566310498, -0.742936779200809], [0.399797340773472, -1.0067675355417762], [0.40113431974246605, -1.1294236631630987], [0.40006620966135525, -1.267097848404163], [0.4001378767324111, -1.3364889600971968], [0.39615515343599583, -2.0205154601263917], [0.39422109705502617, -2.0205043838820065], [0.39421568419970177, -2.0212020745599566], [0.3939885163997635, -2.0212566135913708], [0.393844499769296, -2.0655519894813352], [0.3924994971046656, -2.0655781308158643], [0.3924591007275114, -2.073272843592001], [0.38407950988872847, -2.0745927809862352], [0.38405732385644775, -2.0787147820929843], [0.3678347832303874, -2.0771516197873168], [0.3589630576715461, -2.0785490773173794], [0.3589495990213256, -2.080023697206201], [0.35095290811134205, -2.0798108210160087], [0.34900875503997, -2.0801170603525576], [0.34315385768915274, -2.079603206121338], [0.31811209551941083, -2.0789365810152276], [0.2707948166865731, -2.0882532883608884], [0.26346741260460915, -2.0877194650236177], [0.2634422298656125, -2.0921444123706308], [0.2588252466942821, -2.0920999067122295], [0.2583773358450005, -2.1016994407084195], [0.25771216206789327, -2.1040990492198994], [0.25185356286449445, -2.1039421181828066], [0.2516462621807019, -2.1186049844478987], [0.2472167576887706, -2.118530376558035], [0.24675149856758716, -2.143639545751772], [0.2365310261230529, -2.180509809603583], [0.23069605429730064, -2.263216543180592], [0.21039938132041044, -2.376339771043024], [-0.07504372873495901, -2.427241744458961], [-0.7855319983274642, -2.343789026330996], [-0.7958542361025231, -2.3017156478425345], [-0.8071281224421103, -2.3022405807846407], [-0.8647682711188792, -2.183891199091861], [-0.8736142469319337, -2.128006538347016], [-0.8712554793048459, -2.099691507870856], [-0.8781145166351784, -2.0995759784018957], [-0.8795824640512453, -2.090302185993702], [-1.117951743712785, -2.094935106987015], [-1.718764333861176, -2.083197862259624], [-1.8932965091422824, -2.085511323664825], [-2.015507172973475, -2.0774008077689685], [-2.1197756536045977, -2.0753638586527416], [-2.165366241660649, -2.068731782056714], [-2.174318260652606, -2.0686454885866117], [-2.1743268154096533, -2.0683322463617744], [-2.1901586295329527, -2.0684927944960814], [-2.2012633409699998, -2.0683857500310006], [-2.2012929035946285, -2.065071129865349], [-2.256244739233281, -2.0614242489591996], [-2.2561786277427736, -2.055521276861558], [-2.2817862321979563, -2.0517961309174266], [-2.2852406650402215, -1.6031051382885333], [-2.2833626348289333, -1.157723345636333], [-2.2534279392754266, -0.2043709927132935]]]}, "properties": {"image": "VFuaQ6m2Qom-07", "condition": "manual", "method": "mv_strict", "n": 18, "workers": ["P001", "P002", "P003", "P004", "P005", "P006", "P007", "P008", "P010", "P011", "P019", "P020", "P021", "P022", "P023", "P025", "P026", "P027"], "records": ["R01028", "R00706", "R00701", "R02238", "R01078", "R01076", "R00502", "R01740", "R01530", "R00226", "R02124", "R01110", "R01486", "R00004", "R00459", "R00789", "R02193", "R01577"], "output_type": "BEV_region_only"}}, {"type": "Feature", "geometry": {"type": "Polygon", "coordinates": [[[-2.166548130796135, -2.114015079830366], [-2.1665116445051065, -2.1071740957676792], [-2.1605896942116396, -0.9968401474292808], [-2.1533527621513597, 0.3600458360974097], [-2.107895505485786, 0.3597677588771796], [-1.9187284227912076, 0.35861056065684394], [-1.695702567407631, 0.35724623701626945], [-1.529100511055053, 0.35622707659803354], [-0.43421632700529966, 0.3495293043894209], [0.8665615998795247, 0.3415720113942469], [0.8751869013734136, 0.34151924754444596], [0.9013727860890385, 0.3413590597424288], [0.8984188978730508, -0.3057658357372619], [0.8983791953774537, -0.3144636846181004], [0.8983756544794146, -0.31523940905515885], [0.8603791706451291, -0.3151182624101586], [0.8582520521635133, -0.3151114803808348], [0.7951848625414837, -0.31491039918433195], [0.5334306315022153, -0.31407583125316973], [0.42300752518008294, -0.3137237621269903], [0.42300269235423105, -0.31595219994965723], [0.4228715875654277, -0.37640521006335204], [0.42073705813839796, -1.3606463672170037], [0.4206406000848105, -1.4051236112772014], [0.4191247415960092, -2.104092805239126], [0.4191188749843142, -2.106797926382039], [0.41911832804524696, -2.1070501224556266], [0.4157982926034942, -2.107059065567858], [0.34425184820978294, -2.107251788776148], [0.1919618934878009, -2.1076620091429756], [-2.0278484727221877, -2.113641467370386], [-2.158295319635904, -2.1139928494000815], [-2.166548130796135, -2.114015079830366]]]}, "properties": {"image": "X7HyMhZNoso-05", "condition": "semi", "method": "mv50", "n": 22, "workers": ["P002", "P003", "P004", "P005", "P006", "P007", "P008", "P009", "P010", "P011", "P012", "P014", "P017", "P018", "P019", "P020", "P021", "P022", "P023", "P025", "P026", "P027"], "records": ["R00028", "R00906", "R00616", "R02327", "R00663", "R00519", "R00673", "R01277", "R01308", "R02150", "R00333", "R00366", "R02186", "R02025", "R00318", "R01318", "R00776", "R01944", "R01980", "R01582", "R02457", "R00708"], "output_type": "BEV_region_only"}}, {"type": "Feature", "geometry": {"type": "Polygon", "coordinates": [[[-2.166548130796135, -2.114015079830366], [-2.1665116445051065, -2.1071740957676792], [-2.1605896942116396, -0.9968401474292808], [-2.1533527621513597, 0.3600458360974097], [-2.107895505485786, 0.3597677588771796], [-1.9187284227912076, 0.35861056065684394], [-1.695702567407631, 0.35724623701626945], [-1.529100511055053, 0.35622707659803354], [-0.43421632700529966, 0.3495293043894209], [0.8665615998795247, 0.3415720113942469], [0.8751869013734136, 0.34151924754444596], [0.9013727860890385, 0.3413590597424288], [0.8984188978730508, -0.3057658357372619], [0.8983791953774537, -0.3144636846181004], [0.8983756544794146, -0.31523940905515885], [0.8603791706451291, -0.3151182624101586], [0.8582520521635133, -0.3151114803808348], [0.7951848625414837, -0.31491039918433195], [0.5334306315022153, -0.31407583125316973], [0.42300752518008294, -0.3137237621269903], [0.42300269235423105, -0.31595219994965723], [0.4228715875654277, -0.37640521006335204], [0.42073705813839796, -1.3606463672170037], [0.4206406000848105, -1.4051236112772014], [0.4191247415960092, -2.104092805239126], [0.4191188749843142, -2.106797926382039], [0.41911832804524696, -2.1070501224556266], [0.4157982926034942, -2.107059065567858], [0.34425184820978294, -2.107251788776148], [0.1919618934878009, -2.1076620091429756], [-2.0278484727221877, -2.113641467370386], [-2.158295319635904, -2.1139928494000815], [-2.166548130796135, -2.114015079830366]]]}, "properties": {"image": "X7HyMhZNoso-05", "condition": "semi", "method": "mv_strict", "n": 22, "workers": ["P002", "P003", "P004", "P005", "P006", "P007", "P008", "P009", "P010", "P011", "P012", "P014", "P017", "P018", "P019", "P020", "P021", "P022", "P023", "P025", "P026", "P027"], "records": ["R00028", "R00906", "R00616", "R02327", "R00663", "R00519", "R00673", "R01277", "R01308", "R02150", "R00333", "R00366", "R02186", "R02025", "R00318", "R01318", "R00776", "R01944", "R01980", "R01582", "R02457", "R00708"], "output_type": "BEV_region_only"}}, {"type": "Feature", "geometry": {"type": "Polygon", "coordinates": [[[-0.541946028924101, -1.1075091071519958], [-0.5422828306961534, -1.107507733488736], [-0.5421619338134429, -1.094561466460933], [-0.5431162693301974, -1.0945404675459334], [-0.5498982752783389, -1.0943912383032492], [-0.5467290075670018, -0.9621792883712443], [-0.544605830603069, -0.873606977030009], [-0.5460468226237127, -0.7781209339981515], [-0.5445741265427144, -0.6994962462984962], [-0.5387974059282523, -0.591565812689659], [-0.538246550109308, -0.5013008408671702], [-0.5386862698976842, -0.3851537991983204], [-0.5369827070894642, -0.2942035376329821], [-0.536513411775201, -0.21730332733915986], [-0.5366251591514933, -0.2081097003883919], [-0.5363718302193363, -0.19410332706469402], [-0.5355942329638635, -0.06668378833856321], [-0.5360920908541797, -0.03138250031024989], [-0.5349334794810616, 0.04158936128707963], [-0.534704231662218, 0.0791546319016988], [-0.5334661577004975, 0.13400447508136804], [-0.5287295459796371, 0.34384848935264556], [-0.5272518006385432, 0.5020931467498205], [-0.5271355087056109, 0.5327225033990713], [-0.5267233780163442, 0.5586793896466561], [-0.526033152234393, 0.6325923564848446], [-0.5264251423898929, 0.6861319115515261], [-0.5255332943844665, 0.6861197349913108], [-0.5255235006827887, 0.6871684955074493], [-0.5246836258961902, 0.6871474099493945], [-0.5246687148478553, 0.6880865401708113], [-0.5204142319426495, 0.6881807330692924], [-0.5203853726044586, 0.6897763449922357], [-0.5185523003711161, 0.6897638885758656], [-0.5185165109093263, 0.6916746258233339], [-0.4581424439385868, 0.6895594106515961], [-0.40822472546666, 0.6906645730633852], [-0.3563683973746665, 0.6886617878580008], [-0.30972999501832393, 0.6883448623446339], [-0.2784940578255709, 0.6882758047935688], [-0.2768238469199858, 0.6881212526720875], [-0.030267135250011235, 0.6864458069348381], [0.018456311969547695, 0.6845493929980062], [0.13353287654082965, 0.6838672979403175], [0.14994367892385493, 0.6852212065645267], [0.18612132999368558, 0.6849753657968668], [0.2272338004738745, 0.6833119030399423], [0.28389989561632867, 0.682976025239113], [0.2893394363035694, 0.6829437833675148], [0.8630670199531041, 0.6795431192033998], [0.9130159858459579, 0.6792470559441331], [0.9128712181197074, 0.6664809411006939], [0.9322589906146734, 0.6662162363777061], [0.9311622808625017, 0.5763408672462261], [0.9395578631643219, 0.575563986283781], [0.9415204180743331, 0.5407867686673611], [0.941187642229667, 0.46039065447653216], [0.9264137368349658, 0.1871976627960365], [0.9248357469041757, 0.05788138085847094], [0.9216030557044861, 0.006794325041103222], [0.9225854084678576, -0.12653386413624446], [0.9218682490174331, -0.18530508432955514], [0.9232067699711461, -0.2108671170642763], [0.9250556212260139, -0.4617993677394398], [0.9151537056188175, -0.7355619460971423], [0.9101312857445614, -0.8744189783033192], [0.910781055576892, -1.0222170455568804], [0.9109679385882918, -1.0647258640847155], [0.9078226815806509, -1.0648822515957492], [0.9079679066699626, -1.1140327496729974], [0.904276275518443, -1.1140454423349777], [0.904329441863372, -1.1198536182510452], [0.9012558426159699, -1.1198022244687857], [0.9011259812203539, -1.1233925590972826], [0.9010957883154466, -1.1242273155043696], [0.8955379427862132, -1.124235887689583], [0.8955732453120812, -1.1261969639231768], [0.8122841235748679, -1.1243642948492012], [0.5157796976240914, -1.117840099607338], [0.4544392038054138, -1.1169562436535638], [0.16720763910548492, -1.1236313351697413], [0.11084782925864908, -1.1226569241639204], [-0.008290597546016243, -1.1256299144951432], [-0.019992962205299447, -1.1256479637260486], [-0.2715604729448583, -1.1235231816193851], [-0.46984504526773135, -1.12184843629929], [-0.47835664740497136, -1.121776545855778], [-0.4809873197431728, -1.1212328062674275], [-0.5132055444839689, -1.119452693349958], [-0.5132094513479053, -1.1189190785284486], [-0.5222978699327276, -1.1189503265649663], [-0.525556194413869, -1.1187702984738828], [-0.5256384407685105, -1.1120037655339456], [-0.5274922807455928, -1.1116205911752963], [-0.5291531637935483, -1.1115918759839978], [-0.5291488608784247, -1.1112781888979715], [-0.5419528797031885, -1.108631697419763], [-0.541946028924101, -1.1075091071519958]]]}, "properties": {"image": "X7HyMhZNoso-13", "condition": "manual", "method": "mv50", "n": 24, "workers": ["P001", "P002", "P003", "P004", "P005", "P006", "P007", "P008", "P009", "P010", "P011", "P012", "P014", "P017", "P018", "P019", "P020", "P021", "P022", "P023", "P024", "P025", "P026", "P027"], "records": ["R00434", "R01057", "R02088", "R01788", "R01792", "R02090", "R01776", "R00007", "R02127", "R01174", "R00156", "R00945", "R00831", "R00121", "R00179", "R02454", "R01012", "R01079", "R01872", "R00999", "R02479", "R00151", "R01480", "R00904"], "output_type": "BEV_region_only"}}, {"type": "Feature", "geometry": {"type": "Polygon", "coordinates": [[[-0.541946028924101, -1.1075091071519958], [-0.5418670535600388, -1.0945679549183651], [-0.5421619338134429, -1.094561466460933], [-0.5431162693301974, -1.0945404675459334], [-0.5467290075670018, -0.9621792883712443], [-0.544605830603069, -0.873606977030009], [-0.5391226866489595, -0.6448673374793721], [-0.5387974059282523, -0.591565812689659], [-0.5379637827597962, -0.5759906592344957], [-0.538246550109308, -0.5013008408671702], [-0.5369827070894642, -0.2942035376329821], [-0.5361312399568897, -0.24874518526213008], [-0.536513411775201, -0.21730332733915986], [-0.5363718302193363, -0.19410332706469402], [-0.5349252181276622, -0.11412119143556354], [-0.5355942329638635, -0.06668378833856321], [-0.5349334794810616, 0.04158936128707963], [-0.5334661577004975, 0.13400447508136804], [-0.5287295459796371, 0.34384848935264556], [-0.5276752826163017, 0.3905550528835152], [-0.5272518006385432, 0.5020931467498205], [-0.5267233780163442, 0.5586793896466561], [-0.5258806160703329, 0.6117583680778123], [-0.526033152234393, 0.6325923564848446], [-0.5255332943844665, 0.6861197349913108], [-0.5247001234278801, 0.6861083595593306], [-0.5246836258961902, 0.6871474099493945], [-0.520434850609361, 0.6870407419086322], [-0.5204142319426495, 0.6881807330692924], [-0.5185811938488217, 0.6882213159497342], [-0.5185523003711161, 0.6897638885758656], [-0.4652628652128345, 0.6894017667890701], [-0.4581424439385868, 0.6895594106515961], [-0.45084671520604924, 0.6893038036190033], [-0.3563683973746665, 0.6886617878580008], [-0.3504961117855128, 0.6884349895648613], [-0.30972999501832393, 0.6883448623446339], [-0.2768238469199858, 0.6881212526720875], [-0.25579047359395435, 0.6861749401084608], [0.018456311969547695, 0.6845493929980062], [0.13353287654082965, 0.6838672979403175], [0.2272338004738745, 0.6833119030399423], [0.28389989561632867, 0.682976025239113], [0.2860879580857224, 0.6827907118217723], [0.2893394363035694, 0.6829437833675148], [0.8630670199531041, 0.6795431192033998], [0.8632899741274658, 0.6671578826864157], [0.9128712181197074, 0.6664809411006939], [0.9127475464223141, 0.6555751464688538], [0.916824099319069, 0.6554102039625733], [0.917397291856388, 0.5776146035426111], [0.9311622808625017, 0.5763408672462261], [0.9264137368349658, 0.1871976627960365], [0.9210100767785152, 0.08727540003567058], [0.9216030557044861, 0.006794325041103222], [0.9162439619233544, -0.07789682119441341], [0.9218682490174331, -0.18530508432955514], [0.9151537056188175, -0.7355619460971423], [0.9101312857445614, -0.8744189783033192], [0.910781055576892, -1.0222170455568804], [0.9076971567111309, -1.0223991662884249], [0.9078226815806509, -1.0648822515957492], [0.9038280681379322, -1.0650808705487733], [0.904276275518443, -1.1140454423349777], [0.9014637140404683, -1.1140551125568046], [0.9012558426159699, -1.1198022244687857], [0.9011259812203539, -1.1233925590972826], [0.8955213077448998, -1.123311801286058], [0.8955379427862132, -1.124235887689583], [0.8122841235748679, -1.1243642948492012], [0.5157796976240914, -1.117840099607338], [0.4647360651262478, -1.1167169506924377], [0.4544392038054138, -1.1169562436535638], [0.3814437384734998, -1.1159044510673668], [0.11084782925864908, -1.1226569241639204], [-0.15997015753368304, -1.117974721941771], [-0.2715604729448583, -1.1235231816193851], [-0.46984504526773135, -1.12184843629929], [-0.4809873197431728, -1.1212328062674275], [-0.4925254589890733, -1.11884796228941], [-0.5132094513479053, -1.1189190785284486], [-0.5132413213089966, -1.1145661540662464], [-0.5256384407685105, -1.1120037655339456], [-0.5256427095227462, -1.1116525686173866], [-0.5274922807455928, -1.1116205911752963], [-0.5291488608784247, -1.1112781888979715], [-0.5290978783582915, -1.1075615089914521], [-0.5340382803181007, -1.1075413593092842], [-0.5410692310186689, -1.1079565745743687], [-0.5410759302519389, -1.1075126558939485], [-0.541946028924101, -1.1075091071519958]]]}, "properties": {"image": "X7HyMhZNoso-13", "condition": "manual", "method": "mv_strict", "n": 24, "workers": ["P001", "P002", "P003", "P004", "P005", "P006", "P007", "P008", "P009", "P010", "P011", "P012", "P014", "P017", "P018", "P019", "P020", "P021", "P022", "P023", "P024", "P025", "P026", "P027"], "records": ["R00434", "R01057", "R02088", "R01788", "R01792", "R02090", "R01776", "R00007", "R02127", "R01174", "R00156", "R00945", "R00831", "R00121", "R00179", "R02454", "R01012", "R01079", "R01872", "R00999", "R02479", "R00151", "R01480", "R00904"], "output_type": "BEV_region_only"}}, {"type": "Feature", "geometry": {"type": "Polygon", "coordinates": [[[-2.500348044290999, -1.9267223624673886], [-2.501613990121683, 0.5513642742904752], [-2.502725687686007, 2.727510213156197], [-0.7093512952596422, 2.7185533783596147], [1.40676577238553, 2.7079846365145386], [1.4855142557417331, 2.7075913348376095], [1.4902292146163283, 2.7075677864319387], [1.4892000698872272, 2.5274780005957473], [1.4836758015144016, 1.560787621650947], [1.4634799797140237, -1.9732743231570724], [-2.30192115283088, -1.976632821282528], [-2.374427734909874, -1.9766974925383713], [-2.3927979130703005, -1.9694067540744453], [-2.4880304559990787, -1.9316109549436538], [-2.500348044290999, -1.9267223624673886]]]}, "properties": {"image": "Z6MFQCViBuw-10", "condition": "semi", "method": "mv50", "n": 24, "workers": ["P001", "P002", "P003", "P004", "P005", "P006", "P007", "P008", "P009", "P010", "P011", "P012", "P014", "P017", "P018", "P019", "P020", "P021", "P022", "P023", "P024", "P025", "P026", "P027"], "records": ["R00138", "R00316", "R02293", "R00868", "R02347", "R01457", "R00713", "R00573", "R00608", "R00835", "R00202", "R02382", "R00323", "R00249", "R00131", "R01157", "R01972", "R01161", "R01612", "R00809", "R01927", "R00438", "R00433", "R01826"], "output_type": "BEV_region_only"}}, {"type": "Feature", "geometry": {"type": "Polygon", "coordinates": [[[-2.3927979130703005, -1.9694067540744453], [-2.4880304559990787, -1.9316109549436538], [-2.500348044290999, -1.9267223624673886], [-2.501613990121683, 0.5513642742904752], [-2.502725687686007, 2.727510213156197], [-0.7093512952596422, 2.7185533783596147], [1.40676577238553, 2.7079846365145386], [1.4855142557417331, 2.7075913348376095], [1.4902292146163283, 2.7075677864319387], [1.4892000698872272, 2.5274780005957473], [1.4836758015144016, 1.560787621650947], [1.4634799797140237, -1.9732743231570724], [-2.30192115283088, -1.976632821282528], [-2.3927979130703005, -1.9694067540744453]]]}, "properties": {"image": "Z6MFQCViBuw-10", "condition": "semi", "method": "mv_strict", "n": 24, "workers": ["P001", "P002", "P003", "P004", "P005", "P006", "P007", "P008", "P009", "P010", "P011", "P012", "P014", "P017", "P018", "P019", "P020", "P021", "P022", "P023", "P024", "P025", "P026", "P027"], "records": ["R00138", "R00316", "R02293", "R00868", "R02347", "R01457", "R00713", "R00573", "R00608", "R00835", "R00202", "R02382", "R00323", "R00249", "R00131", "R01157", "R01972", "R01161", "R01612", "R00809", "R01927", "R00438", "R00433", "R01826"], "output_type": "BEV_region_only"}}, {"type": "Feature", "geometry": {"type": "Polygon", "coordinates": [[[-1.8838200849666669, 0.07358511981059201], [-1.8835553998903498, 0.10261874861782727], [-1.8824628740900369, 0.11307318819691925], [-1.8786487022164895, 0.50918337925957], [-1.7274402490404934, 0.5077960621441694], [-1.6974893585848962, 0.5075212667734227], [-1.6923634940119383, 0.5120175936452503], [-1.554854046168271, 0.508650621031176], [-1.4758230056837258, 0.505487507953535], [-1.395756258583341, 0.50475290637344], [-1.395616282904197, 0.5047516221155077], [-0.9905616546456016, 0.5010353006622266], [-0.9800734283863495, 0.5009390726042442], [-0.9790670693951644, 0.504854596427987], [-0.9772871952844634, 0.5048310420682518], [-0.9763003544504101, 0.5156192821659605], [-0.975304126213615, 0.5194953894290983], [-0.9732437956745107, 0.5195676316315355], [-0.970077714999119, 0.534494535232396], [-0.9705964622583402, 0.5378118853639616], [-0.9636011857196959, 0.565028984014293], [-0.9606147909920488, 0.5791087345905135], [-0.9601867884834526, 0.5948347293835221], [-0.9662499318233483, 0.6254914810481653], [-0.9655568909897184, 0.6330678709306204], [-0.9674324327307037, 0.6453944861314105], [-0.9717716343564866, 0.6739130029688815], [-0.9618811316856262, 0.7326373928492427], [-0.9564223221371421, 0.7331516246622617], [-0.9553868775991563, 0.7711967180572112], [-0.9543849601192811, 0.7771455555100826], [-0.9523114792500038, 0.777868001924521], [-0.9510826035953227, 0.7913021902509974], [-0.950181518265524, 0.7913494096378655], [-0.9501818059117529, 0.7941092383454869], [-0.941478607432536, 0.7945478826944065], [-0.9416727119604121, 0.8081106257325599], [-0.7864579387486219, 0.8143955067876667], [-0.5258354669893173, 0.815496447197216], [-0.5038090243480324, 0.8166065878672782], [-0.48462219499782094, 0.8164795499691805], [-0.32594116906146625, 0.8246673458899634], [-0.321689323034893, 0.8242841552483345], [-0.2571135781788968, 0.8276681045568194], [-0.25202230147807125, 0.8274918773004794], [0.2592311837477623, 0.8546160292312427], [0.2644962154878816, 0.8539813185698515], [0.42806530543018345, 0.8635733908922357], [0.4249926635568411, 0.1701186996514934], [0.42381454100436816, -0.09576800128713647], [0.41764564011908684, -1.4880074600445603], [0.41671792456660667, -1.6973806081441711], [0.4163969141024577, -1.7698284304018668], [0.4160298712790687, -1.8526651482027896], [-0.8510820798536809, -1.8416167818054796], [-1.8770588667547987, -1.832670952317655], [-1.9011965497032344, -1.832460487910814], [-1.8974331954555241, -1.4196535710324703], [-1.8888797258340255, -0.4814130572110949], [-1.888642725863795, -0.4554162414527496], [-1.8838200849666669, 0.07358511981059201]]]}, "properties": {"image": "b8cTxDM8gDG-07", "condition": "semi", "method": "mv50", "n": 24, "workers": ["P001", "P002", "P003", "P004", "P005", "P006", "P007", "P008", "P009", "P010", "P011", "P012", "P014", "P017", "P018", "P019", "P020", "P021", "P022", "P023", "P024", "P025", "P026", "P027"], "records": ["R02067", "R00563", "R00182", "R00628", "R00943", "R01799", "R01539", "R00805", "R01983", "R00882", "R02146", "R00103", "R02500", "R02284", "R01747", "R01092", "R00607", "R00591", "R00266", "R00015", "R01765", "R00513", "R01991", "R00430"], "output_type": "BEV_region_only"}}, {"type": "Feature", "geometry": {"type": "Polygon", "coordinates": [[[-1.888642725863795, -0.4554162414527496], [-1.8838200849666669, 0.07358511981059201], [-1.882790995684332, 0.07899703439024552], [-1.8824628740900369, 0.11307318819691925], [-1.8424248799396423, 0.49619896023218973], [-1.7635230942563407, 0.4952240039519905], [-1.7274402490404934, 0.5077960621441694], [-1.6974893585848962, 0.5075212667734227], [-1.4758230056837258, 0.505487507953535], [-1.4286509210061085, 0.503599507529543], [-1.395756258583341, 0.50475290637344], [-1.395616282904197, 0.5047516221155077], [-1.0811337761075055, 0.4970513949340728], [-0.9906728780418026, 0.5003411087460542], [-0.9905616546456016, 0.5010353006622266], [-0.9800734283863495, 0.5009390726042442], [-0.9776452462211295, 0.5009167943611541], [-0.9772871952844634, 0.5048310420682518], [-0.976372078351228, 0.5048189316648725], [-0.9732437956745107, 0.5195676316315355], [-0.9677735290963653, 0.5197594377995378], [-0.970077714999119, 0.534494535232396], [-0.9636011857196959, 0.565028984014293], [-0.9606896826288535, 0.5763570089188754], [-0.9606147909920488, 0.5791087345905135], [-0.9599833190010629, 0.5820858923140524], [-0.9594482118802741, 0.5911003034859895], [-0.9601867884834526, 0.5948347293835221], [-0.9601189312716611, 0.5973279908431348], [-0.9655568909897184, 0.6330678709306204], [-0.9674324327307037, 0.6453944861314105], [-0.960433396845792, 0.6890784078445156], [-0.9564309913245743, 0.7328330947618981], [-0.9564223221371421, 0.7331516246622617], [-0.9564016762926137, 0.733153569546026], [-0.9523114792500038, 0.777868001924521], [-0.9501801905478073, 0.7786105898614772], [-0.950181518265524, 0.7913494096378655], [-0.9439956049825817, 0.7916735687632901], [-0.9438174523177969, 0.792785494346958], [-0.9414551293325125, 0.7929073880540874], [-0.941478607432536, 0.7945478826944065], [-0.5258354669893173, 0.815496447197216], [-0.5016989202122502, 0.8155984065544214], [-0.48462219499782094, 0.8164795499691805], [-0.4721944802838053, 0.8163972648387605], [-0.321689323034893, 0.8242841552483345], [-0.31827812513115394, 0.8239767266384349], [-0.25202230147807125, 0.8274918773004794], [-0.21126984034560534, 0.8260812891834922], [0.2644962154878816, 0.8539813185698515], [0.26565624312720804, 0.8538414747955817], [0.42806530543018345, 0.8635733908922357], [0.4249926635568411, 0.1701186996514934], [0.42381454100436816, -0.09576800128713647], [0.41764564011908684, -1.4880074600445603], [0.41671792456660667, -1.6973806081441711], [0.4163969141024577, -1.7698284304018668], [0.4160298712790687, -1.8526651482027896], [-0.8510820798536809, -1.8416167818054796], [-1.8770588667547987, -1.832670952317655], [-1.9011965497032344, -1.832460487910814], [-1.897256160340337, -1.4232423312190832], [-1.8974331954555241, -1.4196535710324703], [-1.8888797258340255, -0.4814130572110949], [-1.888642725863795, -0.4554162414527496]]]}, "properties": {"image": "b8cTxDM8gDG-07", "condition": "semi", "method": "mv_strict", "n": 24, "workers": ["P001", "P002", "P003", "P004", "P005", "P006", "P007", "P008", "P009", "P010", "P011", "P012", "P014", "P017", "P018", "P019", "P020", "P021", "P022", "P023", "P024", "P025", "P026", "P027"], "records": ["R02067", "R00563", "R00182", "R00628", "R00943", "R01799", "R01539", "R00805", "R01983", "R00882", "R02146", "R00103", "R02500", "R02284", "R01747", "R01092", "R00607", "R00591", "R00266", "R00015", "R01765", "R00513", "R01991", "R00430"], "output_type": "BEV_region_only"}}, {"type": "Feature", "geometry": {"type": "Polygon", "coordinates": [[[-0.5612528434310892, -2.1394800461240466], [-0.5617075504948793, -2.1395663330325307], [-0.5617649365501649, -2.1341341893881447], [-0.5617819637525902, -2.129656893855213], [-0.5618122450897203, -2.129655979809314], [-0.5788583970478559, -0.5160732799731548], [-0.5792065429883875, -0.42184001003507876], [-0.5717268513925219, 0.48534702127996565], [-0.5718577961877747, 0.5197788987079012], [-0.5713267023713853, 0.5832130349129935], [-0.5708091827806845, 0.5966480091661327], [-0.5705218495530993, 0.63149770509147], [-0.569466522518884, 0.6315038994012815], [-0.5692591556647332, 0.636887209321393], [-0.5417860972188612, 0.6367618398133876], [-0.5417808889661269, 0.6375046126032482], [-0.5417367432902166, 0.6438004297474577], [-0.5417365251277976, 0.6438315428897915], [-0.5364570945474743, 0.643799560109621], [0.020641549561298378, 0.6404246576089206], [0.47816009748082056, 0.637653011136938], [1.495629379027582, 0.6314891842115083], [1.8135804359235803, 0.629563037328248], [1.9532881395187771, 0.6287166883320396], [1.955448453387432, 0.6287036011548319], [1.9704057618130832, 0.6286129898095284], [1.9791198834327732, 0.6285601996777327], [1.9840073050006026, 0.6285305916873962], [1.9810598687397873, -0.8124517235829622], [1.978201872365681, -2.209707463069217], [1.969776737305183, -2.209625338448577], [1.9561147312689469, -2.209492167044813], [1.947240519552862, -2.2094056650166043], [1.9309614149705343, -2.209246983253216], [1.9309617014534615, -2.20935674970277], [1.9307535848977484, -2.209355204635162], [1.3136651790031388, -2.2047739097742953], [0.7841568181458648, -2.2008428135015263], [0.10675467298147401, -2.1914653945214995], [-0.4807912814853118, -2.1857382473276896], [-0.5612280658035964, -2.1849541838853574], [-0.5615716803096178, -2.1849508344778106], [-0.5615524890380085, -2.1822138792873864], [-0.5614346107333755, -2.165402714072752], [-0.5613359733075192, -2.151335578753987], [-0.5612528434310892, -2.1394800461240466]]]}, "properties": {"image": "e9zR4mvMWw7-03", "condition": "semi", "method": "mv50", "n": 24, "workers": ["P001", "P002", "P003", "P004", "P005", "P006", "P007", "P008", "P009", "P010", "P011", "P012", "P014", "P017", "P018", "P019", "P020", "P021", "P022", "P023", "P024", "P025", "P026", "P027"], "records": ["R01633", "R01735", "R00798", "R01024", "R02182", "R00890", "R00262", "R01378", "R01593", "R01328", "R01822", "R00044", "R01618", "R01847", "R00057", "R01926", "R00577", "R01492", "R01679", "R00575", "R01154", "R00636", "R02265", "R00869"], "output_type": "BEV_region_only"}}, {"type": "Feature", "geometry": {"type": "Polygon", "coordinates": [[[-0.5613359733075192, -2.151335578753987], [-0.5612528434310892, -2.1394800461240466], [-0.561184090956939, -2.1296749407193465], [-0.5617819637525902, -2.129656893855213], [-0.5717268513925219, 0.48534702127996565], [-0.5708091827806845, 0.5966480091661327], [-0.569466522518884, 0.6315038994012815], [-0.5418218276330052, 0.6316661617135464], [-0.5417860972188612, 0.6367618398133876], [-0.5417808889661269, 0.6375046126032482], [-0.5417367432902166, 0.6438004297474577], [-0.5417365251277976, 0.6438315428897915], [-0.5364570945474743, 0.643799560109621], [0.020641549561298378, 0.6404246576089206], [0.47816009748082056, 0.637653011136938], [1.495629379027582, 0.6314891842115083], [1.8135804359235803, 0.629563037328248], [1.9532881395187771, 0.6287166883320396], [1.955448453387432, 0.6287036011548319], [1.9704057618130832, 0.6286129898095284], [1.9791198834327732, 0.6285601996777327], [1.9840073050006026, 0.6285305916873962], [1.9810598687397873, -0.8124517235829622], [1.978201872365681, -2.209707463069217], [1.969776737305183, -2.209625338448577], [1.9561147312689469, -2.209492167044813], [1.947240519552862, -2.2094056650166043], [1.9309614149705343, -2.209246983253216], [1.9307539725402736, -2.2092449611929443], [1.9307535848977484, -2.209355204635162], [1.3136651790031388, -2.2047739097742953], [1.2313274780682446, -2.2024272502468665], [0.10675467298147401, -2.1914653945214995], [-0.4807912814853118, -2.1857382473276896], [-0.5612280658035964, -2.1849541838853574], [-0.5615716803096178, -2.1849508344778106], [-0.5615524890380085, -2.1822138792873864], [-0.5614346107333755, -2.165402714072752], [-0.5613359733075192, -2.151335578753987]]]}, "properties": {"image": "e9zR4mvMWw7-03", "condition": "semi", "method": "mv_strict", "n": 24, "workers": ["P001", "P002", "P003", "P004", "P005", "P006", "P007", "P008", "P009", "P010", "P011", "P012", "P014", "P017", "P018", "P019", "P020", "P021", "P022", "P023", "P024", "P025", "P026", "P027"], "records": ["R01633", "R01735", "R00798", "R01024", "R02182", "R00890", "R00262", "R01378", "R01593", "R01328", "R01822", "R00044", "R01618", "R01847", "R00057", "R01926", "R00577", "R01492", "R01679", "R00575", "R01154", "R00636", "R02265", "R00869"], "output_type": "BEV_region_only"}}, {"type": "Feature", "geometry": {"type": "Polygon", "coordinates": [[[-1.397885803452893, -0.5283332432029093], [-1.3979712116545413, -0.5041211143446234], [-1.4015279556423803, 0.5041701514521247], [-1.402837972657841, 0.8755431598132652], [-1.4056423496015218, 1.670548026056924], [-0.7977475823093958, 1.6641436811303112], [0.3085151116385351, 1.652488887812964], [0.4285622307843953, 1.651224157139461], [0.4294066011798865, 1.6512152614562778], [0.4593116709908558, 1.6509002030079596], [0.46396439808954487, 1.6508511851996273], [0.46776464063190576, 1.650811148559479], [0.4677298448706576, 1.6460080792074292], [0.46557893443382914, 1.3491049040058818], [0.4624243477814934, 0.9136582310575045], [0.4612976014608659, 0.758126622435888], [0.4547147183098189, -0.15054854881322177], [0.4527924770290786, -0.4158871375258292], [0.4516013832466962, -0.5803010154340156], [0.4512027362431893, -0.6353286721412322], [0.45116034319098564, -0.6411804415083981], [0.45115163036783634, -0.6423831251783942], [0.4511041257010331, -0.6489404816211743], [0.4469689268048639, -0.6489207019693739], [0.09441784536650888, -0.6472343652760664], [0.005936354726522208, -0.6468111370058934], [-0.6658278730932683, -0.6435979269882071], [-1.112213584854152, -0.641462756668946], [-1.3377228438653348, -0.6403840915955058], [-1.3408563033681449, -0.6403691035043758], [-1.345365777639956, -0.6403475336033531], [-1.3561659860291395, -0.6402958736066577], [-1.3844457645259223, -0.640160604618223], [-1.3933965055862232, -0.64011779106899], [-1.3974915529382135, -0.6400982034716912], [-1.397885803452893, -0.5283332432029093]]]}, "properties": {"image": "e9zR4mvMWw7-10", "condition": "semi", "method": "mv50", "n": 24, "workers": ["P001", "P002", "P003", "P004", "P005", "P006", "P007", "P008", "P009", "P010", "P011", "P012", "P014", "P017", "P018", "P019", "P020", "P021", "P022", "P023", "P024", "P025", "P026", "P027"], "records": ["R01673", "R01042", "R00711", "R01746", "R00135", "R00192", "R02026", "R02430", "R00995", "R01866", "R00403", "R02084", "R00196", "R01878", "R00707", "R01997", "R00668", "R01585", "R01657", "R02341", "R01943", "R00709", "R02107", "R02262"], "output_type": "BEV_region_only"}}, {"type": "Feature", "geometry": {"type": "Polygon", "coordinates": [[[-1.397885803452893, -0.5283332432029093], [-1.3979712116545413, -0.5041211143446234], [-1.4015279556423803, 0.5041701514521247], [-1.402837972657841, 0.8755431598132652], [-1.4056423496015218, 1.670548026056924], [-0.7977475823093958, 1.6641436811303112], [0.3085151116385351, 1.652488887812964], [0.4285622307843953, 1.651224157139461], [0.4294066011798865, 1.6512152614562778], [0.4593116709908558, 1.6509002030079596], [0.46396439808954487, 1.6508511851996273], [0.46776464063190576, 1.650811148559479], [0.4677298448706576, 1.6460080792074292], [0.46557893443382914, 1.3491049040058818], [0.4624243477814934, 0.9136582310575045], [0.4612976014608659, 0.758126622435888], [0.4547147183098189, -0.15054854881322177], [0.4527924770290786, -0.4158871375258292], [0.4516013832466962, -0.5803010154340156], [0.4512027362431893, -0.6353286721412322], [0.45116034319098564, -0.6411804415083981], [0.45115163036783634, -0.6423831251783942], [0.4511041257010331, -0.6489404816211743], [0.4469689268048639, -0.6489207019693739], [0.09441784536650888, -0.6472343652760664], [0.005936354726522208, -0.6468111370058934], [-0.6658278730932683, -0.6435979269882071], [-1.112213584854152, -0.641462756668946], [-1.3377228438653348, -0.6403840915955058], [-1.3408563033681449, -0.6403691035043758], [-1.345365777639956, -0.6403475336033531], [-1.3561659860291395, -0.6402958736066577], [-1.3844457645259223, -0.640160604618223], [-1.3933965055862232, -0.64011779106899], [-1.3974915529382135, -0.6400982034716912], [-1.397885803452893, -0.5283332432029093]]]}, "properties": {"image": "e9zR4mvMWw7-10", "condition": "semi", "method": "mv_strict", "n": 24, "workers": ["P001", "P002", "P003", "P004", "P005", "P006", "P007", "P008", "P009", "P010", "P011", "P012", "P014", "P017", "P018", "P019", "P020", "P021", "P022", "P023", "P024", "P025", "P026", "P027"], "records": ["R01673", "R01042", "R00711", "R01746", "R00135", "R00192", "R02026", "R02430", "R00995", "R01866", "R00403", "R02084", "R00196", "R01878", "R00707", "R01997", "R00668", "R01585", "R01657", "R02341", "R01943", "R00709", "R02107", "R02262"], "output_type": "BEV_region_only"}}, {"type": "Feature", "geometry": {"type": "Polygon", "coordinates": [[[-3.0703236092559107, -2.5109097462088257], [-3.0702619291835473, -2.487930903409632], [-3.0701240035723307, -2.4365468693661336], [-3.075479915345594, -2.4363843886482193], [-3.1245832175723005, -1.316192177586097], [-3.1102019938366623, -0.9151662013385233], [-3.0772412031081684, -0.7135139522331347], [-3.091376015217406, -0.3901965191066715], [-3.0640269148135393, 0.37244370474119354], [-3.062584103630302, 0.3724345220410546], [-3.0625431884268486, 0.387677435874006], [-3.0624673447377635, 0.41593291843130237], [-2.3178630282922086, 0.41091688018718875], [-2.006869072249187, 0.40882186469675136], [-1.963555216584183, 0.40853008025269544], [-1.4741197419508607, 0.40523299077233094], [-1.1117217006238247, 0.40279169088359845], [0.9079032743168985, 0.38918645668158797], [0.9078235960181069, 0.3743498791012963], [0.9078177389280618, 0.3732592537721105], [0.9078115945181368, 0.37211512775635397], [0.9055702515643419, -0.0452363860476388], [0.904725673415985, -0.20250190766080334], [0.9025065260129068, -0.6157204766712889], [0.9018161478455387, -0.744273036091309], [0.8982149008035403, -1.4148468552453315], [0.8963051373997352, -1.7704562662174697], [0.8934077628689696, -2.309964798111173], [0.8927354128861429, -2.4351604013381216], [0.8926495915291386, -2.4511408532371894], [0.8926329827606416, -2.454233505641365], [0.8925529061423738, -2.4691442526994227], [0.8920914129508711, -2.555077055512013], [0.8920824438318629, -2.5567471593170916], [0.8353550324854881, -2.5550262365477927], [-0.2528353675594389, -2.554051540796119], [-0.285001842686187, -2.5564360319187798], [-2.2459786851417283, -2.552980584245731], [-2.41530005575669, -2.558307777432612], [-2.6312199821768703, -2.5560732218576265], [-2.9976020959372516, -2.5522815329271427], [-3.070432636725637, -2.5515278095740177], [-3.070394795663236, -2.5374301635930356], [-3.0703296081996743, -2.5131446460787354], [-3.0703268663421706, -2.512123170095652], [-3.0703236092559107, -2.5109097462088257]]]}, "properties": {"image": "e9zR4mvMWw7-16", "condition": "semi", "method": "mv50", "n": 24, "workers": ["P001", "P002", "P003", "P004", "P005", "P006", "P007", "P008", "P009", "P010", "P011", "P012", "P014", "P017", "P018", "P019", "P020", "P021", "P022", "P023", "P024", "P025", "P026", "P027"], "records": ["R01609", "R00338", "R02215", "R01199", "R01650", "R01858", "R01859", "R02063", "R01376", "R01304", "R01503", "R02400", "R01669", "R01761", "R00736", "R02174", "R02115", "R02070", "R01954", "R00087", "R01101", "R02297", "R01998", "R00612"], "output_type": "BEV_region_only"}}, {"type": "Feature", "geometry": {"type": "Polygon", "coordinates": [[[-3.0703236092559107, -2.5109097462088257], [-3.0702619291835473, -2.487930903409632], [-3.0701240035723307, -2.4365468693661336], [-3.0661782637504906, -0.9665658589946329], [-3.0772412031081684, -0.7135139522331347], [-3.065302971035307, -0.6404765251985498], [-3.062584103630302, 0.3724345220410546], [-3.0625431884268486, 0.387677435874006], [-3.0624673447377635, 0.41593291843130237], [-2.3178630282922086, 0.41091688018718875], [-2.006869072249187, 0.40882186469675136], [-1.963555216584183, 0.40853008025269544], [-1.4741197419508607, 0.40523299077233094], [-1.1117217006238247, 0.40279169088359845], [0.40571511888036005, 0.37974193651851723], [0.8932106421511982, 0.38409143533647405], [0.8914622901709627, 0.3745212400505779], [0.9078235960181069, 0.3743498791012963], [0.9078177389280618, 0.3732592537721105], [0.9078115945181368, 0.37211512775635397], [0.9055702515643419, -0.0452363860476388], [0.904725673415985, -0.20250190766080334], [0.9025065260129068, -0.6157204766712889], [0.9018161478455387, -0.744273036091309], [0.8982149008035403, -1.4148468552453315], [0.8963051373997352, -1.7704562662174697], [0.8934077628689696, -2.309964798111173], [0.8927354128861429, -2.4351604013381216], [0.8926495915291386, -2.4511408532371894], [0.8926329827606416, -2.454233505641365], [0.8925529061423738, -2.4691442526994227], [0.8920914129508711, -2.555077055512013], [0.8353550324854881, -2.5550262365477927], [0.053841367672838425, -2.531317686688494], [-0.2528353675594389, -2.554051540796119], [-2.223903324163783, -2.5522860486878596], [-2.2459786851417283, -2.552980584245731], [-2.5760693545980367, -2.5523989297299954], [-2.6312199821768703, -2.5560732218576265], [-2.9976020959372516, -2.5522815329271427], [-3.070432636725637, -2.5515278095740177], [-3.070394795663236, -2.5374301635930356], [-3.0703296081996743, -2.5131446460787354], [-3.0703268663421706, -2.512123170095652], [-3.0703236092559107, -2.5109097462088257]]]}, "properties": {"image": "e9zR4mvMWw7-16", "condition": "semi", "method": "mv_strict", "n": 24, "workers": ["P001", "P002", "P003", "P004", "P005", "P006", "P007", "P008", "P009", "P010", "P011", "P012", "P014", "P017", "P018", "P019", "P020", "P021", "P022", "P023", "P024", "P025", "P026", "P027"], "records": ["R01609", "R00338", "R02215", "R01199", "R01650", "R01858", "R01859", "R02063", "R01376", "R01304", "R01503", "R02400", "R01669", "R01761", "R00736", "R02174", "R02115", "R02070", "R01954", "R00087", "R01101", "R02297", "R01998", "R00612"], "output_type": "BEV_region_only"}}, {"type": "Feature", "geometry": {"type": "Polygon", "coordinates": [[[-0.15457791425518977, -0.8752223324458364], [-0.15223167582888494, -0.4567406410993518], [-0.15219241608562148, -0.4497381627584763], [-0.15009403075291075, -0.07546424699431986], [-0.15091758045208106, 0.08556937708052781], [-0.1509169995899225, 0.08580909131537684], [-0.150921222168574, 0.08628146380134127], [-0.15342249306801348, 0.5753700010632457], [-0.1532451502694845, 0.656982427316291], [-0.15458983456769418, 0.8036273028580607], [-0.15511231772899556, 0.9057915766926667], [-0.1526488258181545, 1.0169377847494994], [-0.15927901539705627, 1.8713864816596], [-0.15723151598805596, 1.8719290173123206], [-0.15789250278333133, 1.9503550567390637], [-0.1504349636365028, 1.9502187540453642], [-0.15040221926478292, 1.965287579192805], [-0.1473893639175416, 1.965654043050403], [-0.14736675174891212, 2.0057289177296758], [-0.14735906759890036, 2.019347308507884], [-0.13974824500880936, 2.019892747759705], [-0.1399029807764139, 2.046133118950733], [-0.13819874554220152, 2.04621231333139], [-0.13816626265343668, 2.052006052824242], [-0.13799796715561152, 2.082023711637715], [-0.12904946616628593, 2.0816781747348228], [-0.12845898196952474, 2.1083192524256704], [0.19054823770657958, 2.0838276248052447], [0.24793639140369222, 2.0877800811014233], [0.27196854022798533, 2.0775766197899936], [0.37180470635872476, 2.0699117456018556], [0.41682782350231595, 2.0720039320593644], [0.4170207777359698, 2.066440303219597], [0.45106403733491934, 2.063826648149566], [0.45111297584115195, 2.0622375663933683], [0.4519914462674302, 2.062300523090412], [0.4520534121901838, 2.0592395015884954], [0.45226689351620364, 2.0486938516543725], [0.45250126467174195, 2.048692536883331], [0.46083535758432764, 2.048645784440643], [0.4610426709570527, 2.0357560680553983], [0.4621877351183612, 2.0360594811501382], [0.4623257724120595, 2.025913796221389], [0.46697971101870345, 2.026256941995779], [0.46738663018845983, 2.0080461557007743], [0.4684514931925318, 2.0012902915811344], [0.4685855029869215, 1.9940978769048092], [0.46965686289023323, 1.9936430037511856], [0.4781975433871635, 1.9394579332718096], [0.4788787347331562, 1.8604897750065157], [0.4809952784262412, 1.840950769999834], [0.484047359922499, 1.2624312737893582], [0.48406260458637856, 1.2595416604948446], [0.4856064370370005, 1.0805705006100235], [0.492133367611487, 0.7302648272888099], [0.4969676447200831, 0.5732910626797697], [0.49710009630366714, 0.46369645815079324], [0.49741466261065415, 0.2034144057997932], [0.5016148511476599, 0.030037999488871092], [0.501576066557489, 0.016070780774968263], [0.5032882769736025, -0.05484700206051263], [0.5050412729131034, -0.11505679040583194], [0.5051470450473857, -0.1318350342308241], [0.51325321908341, -0.4675834238582324], [0.5136701465737332, -0.46758342382920315], [0.5144517968260011, -0.46758342377477935], [0.5144931523793606, -0.4698030099646227], [0.515369535548103, -0.4697994873029134], [0.5155021779196592, -0.4743553273576806], [0.5155416393771132, -0.47435485712770104], [0.5155644322140157, -0.4764935627079879], [0.51583462455794, -0.48577380316584134], [0.5230975428310506, -0.485175102568332], [0.5295485541939312, -0.48464332949692146], [0.5298672064946228, -0.49499028522934024], [0.5298865519126551, -0.4949948009995729], [0.5432869392875697, -0.49698328102985645], [0.5435290231428694, -0.4981793414100484], [0.7393302823898596, -0.5438849186454293], [0.7410480191174664, -0.559742312296466], [0.8699623050285002, -0.5970892004888779], [0.8702012145600593, -0.5986778963002558], [0.8708118604769923, -0.598825571883751], [0.8771909051882559, -0.6431396227660962], [0.8858416963995361, -0.6467794478619325], [1.0081324540357608, -1.4226348757610086], [1.0073519276147165, -1.5106999572687516], [1.0524050599292212, -1.810293372945605], [1.0465108492415052, -1.8193741462399489], [1.1200768845219284, -2.3304238689159518], [1.1379400358080882, -2.905042546762619], [1.2326033788885458, -3.2675902242338006], [1.2324432800204752, -3.2773504363123793], [1.2500635824098698, -3.345864747801354], [1.2567462597949364, -3.4536217692169133], [1.2335255533233493, -3.457396475041934], [1.233533275435506, -3.4574285391489643], [1.1532292239613646, -3.473641910685727], [1.135716931518012, -3.4732960246494193], [1.13536523997406, -3.473353194835916], [1.0650105469853148, -3.4719983846665134], [0.9616202198566903, -3.501596794586331], [0.8344440949751282, -3.5380045629027568], [0.2034630263960312, -3.718640767837233], [0.06777261881915031, -3.745735059200175], [-0.10971548043672202, -3.765845449874818], [-0.11002860360094353, -3.728693407204387], [-0.11428430810562636, -3.7295526330718056], [-0.11468632307529443, -3.6765587657944194], [-0.11622717435718423, -3.676809243113719], [-0.11729750067518367, -3.5388736808194805], [-0.11850865346622096, -3.539655888253284], [-0.11931731842735492, -3.4491919538826474], [-0.13284162168351435, -3.44893151832665], [-0.13284515513827513, -3.4482406006732154], [-0.14174021436354106, -3.448064913978392], [-0.14726091261317426, -2.853422742402573], [-0.15010867808893336, -2.8537056750663594], [-0.14994536811789516, -2.5642762651554323], [-0.1494789847498477, -1.7377188777031338], [-0.15473880898722236, -1.4914017872212164], [-0.1532438426301409, -0.8744486751426889], [-0.15457791425518977, -0.8752223324458364]]]}, "properties": {"image": "e9zR4mvMWw7-19", "condition": "manual", "method": "mv50", "n": 24, "workers": ["P001", "P002", "P003", "P004", "P005", "P006", "P007", "P008", "P009", "P010", "P011", "P012", "P014", "P017", "P018", "P019", "P020", "P021", "P022", "P023", "P024", "P025", "P026", "P027"], "records": ["R02444", "R01884", "R00377", "R00565", "R00080", "R02122", "R00927", "R00053", "R01075", "R02463", "R00225", "R01783", "R00054", "R00509", "R00496", "R01240", "R00398", "R01301", "R00813", "R01329", "R02038", "R00303", "R01346", "R00540"], "output_type": "BEV_region_only"}}, {"type": "Feature", "geometry": {"type": "Polygon", "coordinates": [[[-0.15219241608562148, -0.4497381627584763], [-0.15009403075291075, -0.07546424699431986], [-0.14985556815355394, -0.03293138640227955], [-0.1509169995899225, 0.08580909131537684], [-0.15030889027076136, 0.3367678738747806], [-0.1532451502694845, 0.656982427316291], [-0.15250363162782465, 0.9982262554259587], [-0.1526488258181545, 1.0169377847494994], [-0.15244277012166324, 1.0262344701628867], [-0.151979463003578, 1.239446499751192], [-0.15268760916160748, 1.332794773678872], [-0.15723151598805596, 1.8719290173123206], [-0.15677842782459647, 1.8720490742370857], [-0.15726481412682697, 1.936164823875022], [-0.15046337289659667, 1.93714492943255], [-0.1504349636365028, 1.9502187540453642], [-0.14739810456746694, 1.950163248862844], [-0.1473893639175416, 1.965654043050403], [-0.14736675174891212, 2.0057289177296758], [-0.13966101951473509, 2.0051008907943553], [-0.13974824500880936, 2.019892747759705], [-0.1383457439706329, 2.0199932597750467], [-0.13819874554220152, 2.04621231333139], [-0.13816626265343668, 2.052006052824242], [-0.13351305966726723, 2.051979949370848], [-0.13354878467715722, 2.0615063052615947], [-0.1294903688397708, 2.0617858178473045], [-0.12904946616628593, 2.0816781747348228], [0.05573682344092437, 2.074542847568408], [0.19054823770657958, 2.0838276248052447], [0.27196854022798533, 2.0775766197899936], [0.2980895821712679, 2.0664862656634786], [0.37180470635872476, 2.0699117456018556], [0.4170207777359698, 2.066440303219597], [0.4172238681800581, 2.0605844075990962], [0.42425638176784924, 2.0603128545236062], [0.45111297584115195, 2.0622375663933683], [0.4512042966505304, 2.0592722892871413], [0.4520534121901838, 2.0592395015884954], [0.45226689351620364, 2.0486938516543725], [0.45250126467174195, 2.048692536883331], [0.45274372102136823, 2.038650274210434], [0.45949077416429307, 2.039470941264509], [0.459925257455195, 2.0354599816873513], [0.4610426709570527, 2.0357560680553983], [0.46120230267652995, 2.025830960171113], [0.4623257724120595, 2.025913796221389], [0.46233207764089107, 2.0254503644674435], [0.46459203758705214, 2.025776030635546], [0.46738663018845983, 2.0080461557007743], [0.4676898062451184, 1.994478167785936], [0.4685855029869215, 1.9940978769048092], [0.4694537780042928, 1.947496850416614], [0.4788787347331562, 1.8604897750065157], [0.48403159072740626, 1.2631369899689369], [0.484047359922499, 1.2624312737893582], [0.48406260458637856, 1.2595416604948446], [0.4847699462342705, 1.1254656424432699], [0.4856064370370005, 1.0805705006100235], [0.48726444263382857, 0.8883636425145658], [0.492133367611487, 0.7302648272888099], [0.49710009630366714, 0.46369645815079324], [0.49741466261065415, 0.2034144057997932], [0.49743372473250913, 0.18764180686477516], [0.501576066557489, 0.016070780774968263], [0.5015453700377608, 0.005016261366379671], [0.5032882769736025, -0.05484700206051263], [0.5051470450473857, -0.1318350342308241], [0.507263644625225, -0.46758342427526695], [0.51325321908341, -0.4675834238582324], [0.5136701465737332, -0.46758342382920315], [0.5137239928037093, -0.46980610163625924], [0.5144931523793606, -0.4698030099646227], [0.5145781767653641, -0.4743663379252557], [0.5155021779196592, -0.4743553273576806], [0.5155644322140157, -0.4764935627079879], [0.5156634849113152, -0.48578791063681087], [0.51583462455794, -0.48577380316584134], [0.5230975428310506, -0.485175102568332], [0.5232825172393376, -0.49345323166550803], [0.5298672064946228, -0.49499028522934024], [0.5298672573911661, -0.49499193789049994], [0.5298865519126551, -0.4949948009995729], [0.5435290231428694, -0.4981793414100484], [0.5444623903241916, -0.5027908158281524], [0.7410480191174664, -0.559742312296466], [0.7419047542319022, -0.5676513158975026], [0.8702012145600593, -0.5986778963002558], [0.8768669095931361, -0.6430033014436581], [0.8771909051882559, -0.6431396227660962], [0.8839852891127048, -0.6903389588062685], [1.0073519276147165, -1.5106999572687516], [1.0070459833371246, -1.5452189780431065], [1.0465108492415052, -1.8193741462399489], [1.0040361508655897, -1.8848117641217068], [0.9997145004406577, -2.372414088217838], [1.0551502749678139, -2.5879690679026437], [1.1379400358080882, -2.905042546762619], [1.138111326554702, -2.910552597076239], [1.2324432800204752, -3.2773504363123793], [1.2300253180905425, -3.4247582319980614], [1.2259463931585377, -3.4259259398051896], [1.2335255533233493, -3.457396475041934], [1.135716931518012, -3.4732960246494193], [1.0653336690408035, -3.471905881824922], [1.0650105469853148, -3.4719983846665134], [0.9616202198566903, -3.501596794586331], [0.8344440949751282, -3.5380045629027568], [-0.11002860360094353, -3.728693407204387], [-0.11047377387869457, -3.675873983270251], [-0.11468632307529443, -3.6765587657944194], [-0.11573844956120295, -3.537866787733769], [-0.11729750067518367, -3.5388736808194805], [-0.11799319813990303, -3.449217452275928], [-0.11931731842735492, -3.4491919538826474], [-0.119323435311644, -3.4485076687392624], [-0.13284515513827513, -3.4482406006732154], [-0.13589291749309992, -2.8522933034903404], [-0.14726091261317426, -2.853422742402573], [-0.14994536811789516, -2.5642762651554323], [-0.1494789847498477, -1.7377188777031338], [-0.14899049446904677, -0.871982065550015], [-0.1532438426301409, -0.8744486751426889], [-0.15223167582888494, -0.4567406410993518], [-0.15219241608562148, -0.4497381627584763]]]}, "properties": {"image": "e9zR4mvMWw7-19", "condition": "manual", "method": "mv_strict", "n": 24, "workers": ["P001", "P002", "P003", "P004", "P005", "P006", "P007", "P008", "P009", "P010", "P011", "P012", "P014", "P017", "P018", "P019", "P020", "P021", "P022", "P023", "P024", "P025", "P026", "P027"], "records": ["R02444", "R01884", "R00377", "R00565", "R00080", "R02122", "R00927", "R00053", "R01075", "R02463", "R00225", "R01783", "R00054", "R00509", "R00496", "R01240", "R00398", "R01301", "R00813", "R01329", "R02038", "R00303", "R01346", "R00540"], "output_type": "BEV_region_only"}}, {"type": "Feature", "geometry": {"type": "Polygon", "coordinates": [[[-1.8103180383572186, -0.3485611069467062], [-1.8104344882784378, -0.21497052357801893], [-1.8105308647750256, -0.1044080408608914], [-1.8107220183569392, 0.11488209049762155], [-1.8112165989598046, 0.6822617037073581], [-1.8124763311206114, 2.127418149401634], [-1.8091927643734214, 2.12740017495049], [-0.41302484835811737, 2.119757463859813], [-0.13033472115030792, 2.118210000302133], [0.4105760158888183, 2.115249020865767], [0.4613454912706423, 2.1149711055605107], [0.4989453419337055, 2.114765281610272], [0.5052573542628841, 2.114730729257307], [0.5139916164263664, 2.114682917356217], [0.5204425892914633, 2.1146476043245275], [0.5304707872145911, 2.1145927093376087], [0.53289470975846, 2.114579440632966], [0.5434700869898049, 2.114521550352057], [0.5419336548463328, 1.8824745600251418], [0.5403341060710495, 1.6408950794326378], [0.53889398764635, 1.423394327716607], [0.5382477676624571, 1.3257958734089645], [0.5374957569811307, 1.2122198746010249], [0.5370955810964353, 1.1517814035370502], [0.5336483464782144, 0.6311463585677253], [0.533589942325728, 0.6223255929617416], [0.5282077051299375, -0.19055244256696124], [0.527157604908192, -0.34914883553686243], [0.5271483202333603, -0.35055109782353927], [0.5271015817048939, -0.35761000693907424], [0.5270435879730999, -0.3663687868030564], [-0.5293360634092067, -0.35832053683323317], [-0.9513147006769256, -0.35510560406714675], [-1.0414393404352356, -0.35588371397193863], [-1.1769999841248615, -0.3533861733934087], [-1.1972320080944194, -0.353232031474744], [-1.549313777413796, -0.3537794210777438], [-1.7905201401424933, -0.348956930569069], [-1.7904984269312632, -0.34871210681389614], [-1.8086877536107127, -0.3485735276130308], [-1.8088099298621374, -0.34857259678763053], [-1.8103180383572186, -0.3485611069467062]]]}, "properties": {"image": "e9zR4mvMWw7-32", "condition": "semi", "method": "mv50", "n": 24, "workers": ["P001", "P002", "P003", "P004", "P005", "P006", "P007", "P008", "P009", "P010", "P011", "P012", "P014", "P017", "P018", "P019", "P020", "P021", "P022", "P023", "P024", "P025", "P026", "P027"], "records": ["R01709", "R01232", "R01222", "R02338", "R01580", "R01529", "R01506", "R00458", "R01880", "R01588", "R00488", "R00376", "R01745", "R00958", "R01821", "R02392", "R01604", "R00557", "R02258", "R02060", "R00058", "R02023", "R01150", "R00900"], "output_type": "BEV_region_only"}}, {"type": "Feature", "geometry": {"type": "Polygon", "coordinates": [[[-1.8103180383572186, -0.3485611069467062], [-1.8104344882784378, -0.21497052357801893], [-1.8105308647750256, -0.1044080408608914], [-1.8107220183569392, 0.11488209049762155], [-1.8112165989598046, 0.6822617037073581], [-1.8124763311206114, 2.127418149401634], [-1.8091927643734214, 2.12740017495049], [-0.41302484835811737, 2.119757463859813], [-0.13033472115030792, 2.118210000302133], [0.4105760158888183, 2.115249020865767], [0.4613454912706423, 2.1149711055605107], [0.4989453419337055, 2.114765281610272], [0.5052573542628841, 2.114730729257307], [0.5139916164263664, 2.114682917356217], [0.5204425892914633, 2.1146476043245275], [0.5304707872145911, 2.1145927093376087], [0.53289470975846, 2.114579440632966], [0.5434700869898049, 2.114521550352057], [0.5398441417071499, 1.936129736927282], [0.5419336548463328, 1.8824745600251418], [0.5403341060710495, 1.6408950794326378], [0.53889398764635, 1.423394327716607], [0.5382477676624571, 1.3257958734089645], [0.5374957569811307, 1.2122198746010249], [0.5370955810964353, 1.1517814035370502], [0.5336483464782144, 0.6311463585677253], [0.533589942325728, 0.6223255929617416], [0.5282077051299375, -0.19055244256696124], [0.527157604908192, -0.34914883553686243], [0.5271483202333603, -0.35055109782353927], [0.5271015817048939, -0.35761000693907424], [0.5270435879730999, -0.3663687868030564], [-0.5293360634092067, -0.35832053683323317], [-0.9513147006769256, -0.35510560406714675], [-1.1769999841248615, -0.3533861733934087], [-1.1972320080944194, -0.353232031474744], [-1.7904984269312632, -0.34871210681389614], [-1.8086877536107127, -0.3485735276130308], [-1.8088099298621374, -0.34857259678763053], [-1.8103180383572186, -0.3485611069467062]]]}, "properties": {"image": "e9zR4mvMWw7-32", "condition": "semi", "method": "mv_strict", "n": 24, "workers": ["P001", "P002", "P003", "P004", "P005", "P006", "P007", "P008", "P009", "P010", "P011", "P012", "P014", "P017", "P018", "P019", "P020", "P021", "P022", "P023", "P024", "P025", "P026", "P027"], "records": ["R01709", "R01232", "R01222", "R02338", "R01580", "R01529", "R01506", "R00458", "R01880", "R01588", "R00488", "R00376", "R01745", "R00958", "R01821", "R02392", "R01604", "R00557", "R02258", "R02060", "R00058", "R02023", "R01150", "R00900"], "output_type": "BEV_region_only"}}, {"type": "Feature", "geometry": {"type": "Polygon", "coordinates": [[[-1.8854100782206469, 0.8718659953819844], [-1.8842448604070936, 1.434804846470405], [-1.8826128675175058, 2.223251599998477], [-1.8818310001802472, 2.60098655686273], [-1.881713047251977, 2.6579718562210872], [-1.8816119533576194, 2.7068122361738265], [-1.223695043472734, 2.6998656365220257], [-0.9623871441438784, 2.6971066234381267], [0.1489721800457998, 2.685372363110645], [0.1649691065189578, 2.6852034599525125], [0.15337069722742247, 1.674669028193391], [0.15378308784659503, 1.5799087813020658], [0.15444438942467797, 1.5589834474662525], [0.15405533275234046, 1.5173516006001777], [0.15489929199579022, 1.3234243322351045], [0.15418584625764836, 1.2269423649927838], [0.15555066456164407, 1.1737501585538679], [0.1561700432134503, 1.0314276341420923], [0.15510919331000372, 0.8320418740652052], [0.1573832131957483, 0.7526621101484475], [0.1576036999038451, 0.7019980699784021], [0.16063930726240153, 0.6003102522007604], [0.16054987654672578, 0.5572474031796691], [0.15980163192713873, 0.19695122484029337], [0.15947253790415472, 0.03848524233726838], [0.1605550664344601, 0.023824978483211967], [0.16056454681515445, 0.021646550620272726], [0.16071599982527482, 0.021645520015169277], [0.1721466933291933, 0.021567736608608057], [0.17355124980860961, 0.021558178904376096], [0.17379680200602876, -0.05465401306580142], [0.17688564480405597, -0.19733370794889782], [0.18198159603786263, -0.2663461982284236], [0.18250158954930823, -0.3565614879576591], [0.18033274289893955, -0.356561916235904], [0.17476953900358738, -0.35656301479176555], [0.1622105017879099, -0.35656549480224303], [0.16236649596814895, -0.39241026513848426], [0.15416984095223732, -0.3957825896076412], [0.14215590628292699, -0.39573449890109247], [0.1422025305137697, -0.39960436104863406], [0.1361413242678315, -0.39957544630997605], [0.13610654233286787, -0.4032973621465841], [0.12952139752531538, -0.4032485479616994], [0.1294594133948284, -0.408649038365626], [-0.88045730571551, -0.3981161772177795], [-1.4795716173037843, -0.3918677532277242], [-1.6609133769428204, -0.3899764610662609], [-1.7990796775165259, -0.3889522656175436], [-1.8162670177585591, -0.3886924636484512], [-1.8162496043214722, -0.3883563919226874], [-1.8199139489878409, -0.3883181748768277], [-1.8579020479371522, -0.38792198045412696], [-1.8855237229486415, -0.3876339019798709], [-1.8880170423935994, -0.38760789806587087], [-1.887502011578641, -0.13878673186369173], [-1.8854100782206469, 0.8718659953819844]]]}, "properties": {"image": "e9zR4mvMWw7-39", "condition": "semi", "method": "mv50", "n": 24, "workers": ["P001", "P002", "P003", "P004", "P005", "P006", "P007", "P008", "P009", "P010", "P011", "P012", "P014", "P017", "P018", "P019", "P020", "P021", "P022", "P023", "P024", "P025", "P026", "P027"], "records": ["R00081", "R00710", "R00299", "R00826", "R02289", "R02367", "R02233", "R01660", "R00183", "R00484", "R01249", "R01851", "R00493", "R01820", "R00446", "R01508", "R00925", "R00561", "R02218", "R01962", "R02043", "R00839", "R00967", "R00414"], "output_type": "BEV_region_only"}}, {"type": "Feature", "geometry": {"type": "Polygon", "coordinates": [[[-1.8855237229486415, -0.3876339019798709], [-1.8880170423935994, -0.38760789806587087], [-1.887502011578641, -0.13878673186369173], [-1.8854100782206469, 0.8718659953819844], [-1.8842448604070936, 1.434804846470405], [-1.8826128675175058, 2.223251599998477], [-1.8818310001802472, 2.60098655686273], [-1.881713047251977, 2.6579718562210872], [-1.8816119533576194, 2.7068122361738265], [-1.223695043472734, 2.6998656365220257], [-0.9623871441438784, 2.6971066234381267], [0.1489721800457998, 2.685372363110645], [0.1649691065189578, 2.6852034599525125], [0.15337069722742247, 1.674669028193391], [0.1526827173762872, 1.6147274180593103], [0.15378308784659503, 1.5799087813020658], [0.15405533275234046, 1.5173516006001777], [0.15210081372207712, 1.3082040836693765], [0.15418584625764836, 1.2269423649927838], [0.15211487252523972, 0.9468767494487574], [0.15302862120629243, 0.9046689093166216], [0.15510919331000372, 0.8320418740652052], [0.15500891758189853, 0.8131951435328665], [0.1569213882391936, 0.7248543804386699], [0.1576036999038451, 0.7019980699784021], [0.15765087547931156, 0.6911579369331551], [0.16054987654672578, 0.5572474031796691], [0.15980163192713873, 0.19695122484029337], [0.15947253790415472, 0.03848524233726838], [0.15943758409908282, 0.02165421935875246], [0.16056454681515445, 0.021646550620272726], [0.16071599982527482, 0.021645520015169277], [0.1721466933291933, 0.021567736608608057], [0.17379680200602876, -0.05465401306580142], [0.17413655663435904, -0.16010387354032782], [0.17688564480405597, -0.19733370794889782], [0.18033274289893955, -0.356561916235904], [0.17476953900358738, -0.35656301479176555], [0.1622105017879099, -0.35656549480224303], [0.1487850865913294, -0.3565681458948213], [0.148705859758913, -0.3714587559127965], [0.14236593457398375, -0.3715090250745676], [0.14232676842060799, -0.3768056122219648], [0.1419278759813328, -0.37680773449806754], [0.14215590628292699, -0.39573449890109247], [0.13617744221469244, -0.39571056764384566], [0.1361413242678315, -0.39957544630997605], [0.1295639156833228, -0.39954406904899015], [0.12952139752531538, -0.4032485479616994], [0.1294594133948284, -0.408649038365626], [-0.88045730571551, -0.3981161772177795], [-1.4795716173037843, -0.3918677532277242], [-1.6609133769428204, -0.3899764610662609], [-1.8162496043214722, -0.3883563919226874], [-1.8199139489878409, -0.3883181748768277], [-1.8579020479371522, -0.38792198045412696], [-1.8855237229486415, -0.3876339019798709]]]}, "properties": {"image": "e9zR4mvMWw7-39", "condition": "semi", "method": "mv_strict", "n": 24, "workers": ["P001", "P002", "P003", "P004", "P005", "P006", "P007", "P008", "P009", "P010", "P011", "P012", "P014", "P017", "P018", "P019", "P020", "P021", "P022", "P023", "P024", "P025", "P026", "P027"], "records": ["R00081", "R00710", "R00299", "R00826", "R02289", "R02367", "R02233", "R01660", "R00183", "R00484", "R01249", "R01851", "R00493", "R01820", "R00446", "R01508", "R00925", "R00561", "R02218", "R01962", "R02043", "R00839", "R00967", "R00414"], "output_type": "BEV_region_only"}}, {"type": "Feature", "geometry": {"type": "Polygon", "coordinates": [[[-0.5358529844802389, -0.5327355579302703], [-0.5358480702446703, -0.532589730912088], [-0.5372325295889583, -0.5325907723332498], [-0.5345133498541148, -0.1654846266539281], [-0.530228284369691, -0.009118952598595298], [-0.5268642508700282, 0.11363748312720193], [-0.5280731810968916, 0.2503974548893427], [-0.5222146358754319, 0.40375387130792123], [-0.5216007411132427, 0.5564899671833587], [-0.5215193162688979, 0.5581743587405124], [-0.5215712833353795, 0.5638190181235443], [-0.5211001044617648, 0.681047615022248], [-0.510486563974615, 0.9854352569250837], [-0.5116920884215295, 1.0447180911225844], [-0.5084149339807708, 1.0448479071604033], [-0.5081249110152392, 1.0531655280978018], [-0.5011192623163453, 1.0530939519668518], [-0.5006772813582807, 1.0692222120082893], [-0.5005856548618954, 1.0725657405776192], [-0.49802032291070963, 1.0724611425827477], [-0.48978395971117783, 1.0721253158390365], [-0.3792733356019622, 1.082980260429704], [-0.09854067083032922, 1.110555324324691], [-0.04331028204923533, 1.1101449994294286], [0.0027343966800414746, 1.1138680030953976], [0.5119560851535787, 1.1207726524842725], [0.5530040721082622, 1.1208097895588824], [0.5530596441538498, 1.1057143692472482], [0.5645420772007653, 1.105629062439867], [0.5649839726782343, 0.6463658157097933], [0.5752185254709923, 0.3341724152012919], [0.5750822138185476, 0.2939307427884147], [0.5741061214293194, 0.263927352879199], [0.5749317254808866, 0.24950385574310885], [0.5745813042775778, 0.14605316009690916], [0.5785974219864833, 0.033476294621871905], [0.5783524517941608, 0.01729397522820081], [0.5811114856648345, -0.06042065729499563], [0.5809666794297629, -0.09440642134893751], [0.5853567684119239, -0.17999896046622804], [0.5874882582126566, -0.24003734866855986], [0.5850805859502755, -0.5317465434048142], [0.5810243334430161, -0.5317495946083155], [0.5814822016404991, -0.5505785218223781], [0.5791384115395788, -0.5505410933383735], [0.5793435234867018, -0.5540213804799354], [0.5790083528307656, -0.5540221671842408], [0.5697034582796007, -0.5540440074034673], [0.5696640227410822, -0.5566490528325362], [0.5279322735109143, -0.5566509345501839], [0.5279212577488811, -0.5590475834524055], [0.3829399077267004, -0.5586443816831502], [0.33999005976339697, -0.5566594090135575], [-0.043191534275916404, -0.5566766869753277], [-0.050411085201013076, -0.5574392067621674], [-0.31363588077554494, -0.5567071629284518], [-0.517157217477265, -0.560817620101029], [-0.5172548196854567, -0.5566980628645911], [-0.5209386200435615, -0.5566982289700689], [-0.5209394535602531, -0.5566039375737063], [-0.5260746666346641, -0.5566159908193077], [-0.5333931015886175, -0.556633168469512], [-0.532755174552708, -0.5327850275177031], [-0.5358529844802389, -0.5327355579302703]]]}, "properties": {"image": "q9vSo1VnCiC-02", "condition": "manual", "method": "mv50", "n": 24, "workers": ["P001", "P002", "P003", "P004", "P005", "P006", "P007", "P008", "P009", "P010", "P011", "P012", "P014", "P017", "P018", "P019", "P020", "P021", "P022", "P023", "P024", "P025", "P026", "P027"], "records": ["R00954", "R00849", "R01190", "R01087", "R00579", "R02450", "R00357", "R00912", "R01727", "R00498", "R01096", "R01015", "R01589", "R00604", "R00911", "R00816", "R01266", "R00449", "R01507", "R00119", "R02285", "R00060", "R00019", "R02376"], "output_type": "BEV_region_only"}}, {"type": "Feature", "geometry": {"type": "Polygon", "coordinates": [[[-0.5252658899975777, -0.21856982491437055], [-0.530228284369691, -0.009118952598595298], [-0.5268642508700282, 0.11363748312720193], [-0.5227819634887818, 0.2626036122042223], [-0.5222146358754319, 0.40375387130792123], [-0.520508759918799, 0.4484077936853686], [-0.5215193162688979, 0.5581743587405124], [-0.5076376457833397, 0.8453369410361777], [-0.510486563974615, 0.9854352569250837], [-0.5084149339807708, 1.0448479071604033], [-0.501337555205097, 1.0451282593035232], [-0.5011192623163453, 1.0530939519668518], [-0.5006772813582807, 1.0692222120082893], [-0.4980169468021986, 1.0693517961069647], [-0.49802032291070963, 1.0724611425827477], [-0.48978395971117783, 1.0721253158390365], [-0.3792733356019622, 1.082980260429704], [-0.04331028204923533, 1.1101449994294286], [0.28880406450422813, 1.1076776116838], [0.5494447107408853, 1.1203733394235909], [0.5499245082672384, 1.1057376612126444], [0.5530596441538498, 1.1057143692472482], [0.5534561491335303, 0.9980089705948558], [0.5649839726782343, 0.6463658157097933], [0.565202278851701, 0.419479578761199], [0.5741061214293194, 0.263927352879199], [0.5723270667547647, 0.20924229267431732], [0.5745813042775778, 0.14605316009690916], [0.5745116165224613, 0.12548007069261977], [0.5783524517941608, 0.01729397522820081], [0.5776426002391385, -0.029597626058316895], [0.5809666794297629, -0.09440642134893751], [0.5793896715523418, -0.46452734609158947], [0.5810243334430161, -0.5317495946083155], [0.5791032454486751, -0.5317510396935029], [0.5790309537297679, -0.5487177766618407], [0.5791384115395788, -0.5505410933383735], [0.579023192798272, -0.5505392533857199], [0.5790083528307656, -0.5540221671842408], [0.5697034582796007, -0.5540440074034673], [0.5279438052603477, -0.5541420246321149], [0.5279322735109143, -0.5566509345501839], [0.33999005976339697, -0.5566594090135575], [0.29723705852516796, -0.5546835338236511], [-0.03162874167967399, -0.5554554395269431], [-0.043191534275916404, -0.5566766869753277], [-0.31272868706946116, -0.556688840619172], [-0.31363588077554494, -0.5567071629284518], [-0.3201045398796104, -0.556689173202221], [-0.5172548196854567, -0.5566980628645911], [-0.5172572545076463, -0.556595294806816], [-0.5209394535602531, -0.5566039375737063], [-0.5260746666346641, -0.5566159908193077], [-0.5259793173531744, -0.5328932326264755], [-0.532755174552708, -0.5327850275177031], [-0.5327498881160107, -0.5325874003904695], [-0.5358480702446703, -0.532589730912088], [-0.5252658899975777, -0.21856982491437055]]]}, "properties": {"image": "q9vSo1VnCiC-02", "condition": "manual", "method": "mv_strict", "n": 24, "workers": ["P001", "P002", "P003", "P004", "P005", "P006", "P007", "P008", "P009", "P010", "P011", "P012", "P014", "P017", "P018", "P019", "P020", "P021", "P022", "P023", "P024", "P025", "P026", "P027"], "records": ["R00954", "R00849", "R01190", "R01087", "R00579", "R02450", "R00357", "R00912", "R01727", "R00498", "R01096", "R01015", "R01589", "R00604", "R00911", "R00816", "R01266", "R00449", "R01507", "R00119", "R02285", "R00060", "R00019", "R02376"], "output_type": "BEV_region_only"}}, {"type": "Feature", "geometry": {"type": "Polygon", "coordinates": [[[-0.6649094636134876, 0.6814323934037672], [-0.6604393160665718, 0.6814207947735225], [-0.6576145191140264, 0.6814134653117934], [-0.651792855394875, 0.6813983599211595], [-0.6180541213898637, 0.6813108184929315], [-0.5521835738451395, 0.6811399050908646], [0.7100890501411927, 0.6778647037065907], [0.7826790464808931, 0.6776763554433245], [1.4617230370609788, 0.6759144493576904], [2.015277889713057, 0.6744781482090907], [3.1807742236411056, 0.6714540509311252], [3.564899602384838, 0.6704573661038625], [4.139217334835483, 0.6689671917971465], [4.157330819259309, 0.6689201929887024], [4.160865036277843, -0.5296470306557446], [4.1651672106603215, -1.9886534182657356], [4.165869149158929, -2.226703451139298], [3.673690378321379, -2.2189784071281986], [3.1697160817694456, -2.2110682251943024], [-0.22081317862173555, -2.1578518141880525], [-0.4298447427383021, -2.1545709371405493], [-0.6813145047317282, -2.150623966864781], [-0.6812349139751586, -2.136883952028071], [-0.674141941841974, -0.9124007765084559], [-0.6658621184787917, 0.5169724416743188], [-0.6649094636134876, 0.6814323934037672]]]}, "properties": {"image": "q9vSo1VnCiC-15", "condition": "semi", "method": "mv50", "n": 24, "workers": ["P001", "P002", "P003", "P004", "P005", "P006", "P007", "P008", "P009", "P010", "P011", "P012", "P014", "P017", "P018", "P019", "P020", "P021", "P022", "P023", "P024", "P025", "P026", "P027"], "records": ["R00547", "R02085", "R02049", "R00437", "R01967", "R00422", "R02189", "R00409", "R02244", "R00462", "R02235", "R02261", "R01996", "R00170", "R00856", "R01716", "R00193", "R01775", "R01574", "R01861", "R01262", "R01995", "R01415", "R02037"], "output_type": "BEV_region_only"}}, {"type": "Feature", "geometry": {"type": "Polygon", "coordinates": [[[-0.6634004130948274, 0.5457421196451734], [-0.6649094636134876, 0.6814323934037672], [-0.6604393160665718, 0.6814207947735225], [-0.6576145191140264, 0.6814134653117934], [-0.651792855394875, 0.6813983599211595], [-0.6180541213898637, 0.6813108184929315], [-0.5521835738451395, 0.6811399050908646], [0.7100890501411927, 0.6778647037065907], [0.7826790464808931, 0.6776763554433245], [1.4617230370609788, 0.6759144493576904], [2.015277889713057, 0.6744781482090907], [3.1807742236411056, 0.6714540509311252], [3.564899602384838, 0.6704573661038625], [4.139217334835483, 0.6689671917971465], [4.157330819259309, 0.6689201929887024], [4.160865036277843, -0.5296470306557446], [4.1651672106603215, -1.9886534182657356], [4.165869149158929, -2.226703451139298], [3.673690378321379, -2.2189784071281986], [3.1697160817694456, -2.2110682251943024], [-0.22081317862173555, -2.1578518141880525], [-0.4298447427383021, -2.1545709371405493], [-0.6813145047317282, -2.150623966864781], [-0.6812349139751586, -2.136883952028071], [-0.674141941841974, -0.9124007765084559], [-0.6658621184787917, 0.5169724416743188], [-0.6634004130948274, 0.5457421196451734]]]}, "properties": {"image": "q9vSo1VnCiC-15", "condition": "semi", "method": "mv_strict", "n": 24, "workers": ["P001", "P002", "P003", "P004", "P005", "P006", "P007", "P008", "P009", "P010", "P011", "P012", "P014", "P017", "P018", "P019", "P020", "P021", "P022", "P023", "P024", "P025", "P026", "P027"], "records": ["R00547", "R02085", "R02049", "R00437", "R01967", "R00422", "R02189", "R00409", "R02244", "R00462", "R02235", "R02261", "R01996", "R00170", "R00856", "R01716", "R00193", "R01775", "R01574", "R01861", "R01262", "R01995", "R01415", "R02037"], "output_type": "BEV_region_only"}}, {"type": "Feature", "geometry": {"type": "Polygon", "coordinates": [[[-0.9775613995636345, -0.09657539651417162], [-0.9795550142512466, -0.05971819472846476], [-0.9779602946635249, 0.14142872862024247], [-0.9778898958205209, 0.15030835284169014], [-0.9968834329840539, 0.36666131753523723], [-0.9684412419275779, 0.3678901092326364], [-0.9330600152475956, 0.3660647088304159], [-0.9103787394611994, 0.3648945286578108], [-0.8593060537242581, 0.3688877475496696], [-0.8252453103810525, 0.3683910460938042], [-0.8133010368895901, 0.3682168649852863], [-0.702577148935229, 0.376467334646236], [-0.6096718957979181, 0.3833900681820037], [-0.5702302318094828, 0.38632902072536174], [-0.4876009919874834, 0.38866391339309964], [-0.2090582244461298, 0.4006978329826898], [-0.20889775652941567, 0.4132533157432794], [-0.01561768107692881, 0.4276553696094163], [0.29951431138402684, 0.4488111272253088], [0.3016814342003932, 0.426256362915827], [0.767722784176992, 0.4589699989048913], [0.7654885607781289, 0.44285631063597536], [0.7869954023289186, 0.4438963975965799], [0.7869849150317912, 0.44373001491310265], [0.8172575767893192, 0.44503788867542843], [0.8156617617982181, 0.40625895284382885], [0.8572156343770674, 0.40707434302896284], [0.8556855292053881, 0.36707684365565696], [0.8950441587144168, 0.3662297593797781], [0.8914060317090711, 0.27193622973399956], [0.8979243963824066, 0.27159993202436533], [0.9042911310866548, 0.12571858284938325], [0.9084681577452328, 0.03001013687210015], [0.910114802847254, -0.007719534655588202], [0.8865664255535116, -0.2883128466343875], [0.8841542935489233, -0.3446578426116585], [0.8818420869109685, -0.34460622982953637], [0.8676302155193563, -0.34428899424615794], [0.828505623674965, -0.3434156600893682], [0.8207043636805391, -0.547343401471744], [0.8433811037261717, -0.7293571685200562], [0.8024101127564482, -0.7296858773341026], [0.8024206365088937, -0.7397697212586475], [0.7239590925724958, -0.7391303199495108], [0.6339246013127362, -0.7349093933286092], [0.6021523509010214, -0.7346624883075982], [0.38878408913182266, -0.7330043843183457], [-0.7352422770337265, -0.7242694741385921], [-0.918839304470258, -0.7228427250940846], [-0.9206569154456765, -0.7104681742112054], [-0.9358455911056224, -0.7112817933789756], [-0.9359174575658786, -0.7071264326568989], [-0.9365530344470155, -0.7071246291651916], [-0.9367305195295419, -0.6793328101474754], [-0.9368884888081417, -0.6793332932178825], [-0.9373039918998063, -0.6269562073463243], [-0.937888627063796, -0.5931522605743937], [-0.9490791165249974, -0.5169658361333367], [-0.9450220364455537, -0.30382720151183173], [-0.9663768845745363, -0.3033505213113513], [-0.979469789462546, -0.3030582631557704], [-0.9775613995636345, -0.09657539651417162]]]}, "properties": {"image": "q9vSo1VnCiC-32", "condition": "manual", "method": "mv50", "n": 24, "workers": ["P001", "P002", "P003", "P004", "P005", "P006", "P007", "P008", "P009", "P010", "P011", "P012", "P014", "P017", "P018", "P019", "P020", "P021", "P022", "P023", "P024", "P025", "P026", "P027"], "records": ["R02129", "R00876", "R01682", "R00627", "R01587", "R00429", "R00283", "R01592", "R01135", "R00001", "R01202", "R00302", "R00722", "R01212", "R00693", "R00599", "R01051", "R02056", "R02314", "R02449", "R00211", "R01758", "R02351", "R00948"], "output_type": "BEV_region_only"}}, {"type": "Feature", "geometry": {"type": "Polygon", "coordinates": [[[-0.9663768845745363, -0.3033505213113513], [-0.9775613995636345, -0.09657539651417162], [-0.9795550142512466, -0.05971819472846476], [-0.9779602946635249, 0.14142872862024247], [-0.9778898958205209, 0.15030835284169014], [-0.9762585562881482, 0.3560742632878494], [-0.9733758611875137, 0.35628906416694567], [-0.9733742830359952, 0.3564598160922917], [-0.9683618305215114, 0.3566626791894418], [-0.9671899441087201, 0.35675000102643145], [-0.9678687464455799, 0.36372789410592377], [-0.9330600152475956, 0.3660647088304159], [-0.9103787394611994, 0.3648945286578108], [-0.8795201097483967, 0.3633024596320754], [-0.8787616321502576, 0.36333914017663016], [-0.8365266679557317, 0.3664862324360879], [-0.8252453103810525, 0.3683910460938042], [-0.8133010368895901, 0.3682168649852863], [-0.702577148935229, 0.376467334646236], [-0.6096718957979181, 0.3833900681820037], [-0.4876009919874834, 0.38866391339309964], [-0.2091114498403899, 0.39653332126132745], [-0.2090582244461298, 0.4006978329826898], [0.17227151470722488, 0.4171724715403381], [0.3016814342003932, 0.426256362915827], [0.30201566155282805, 0.4227778248731191], [0.7548236521869831, 0.44234054767117675], [0.7654885607781289, 0.44285631063597536], [0.7654808880939824, 0.4428009736268896], [0.7869849150317912, 0.44373001491310265], [0.7845846326422825, 0.4056491423851813], [0.8156617617982181, 0.40625895284382885], [0.8154643061280191, 0.40146070191441063], [0.815808761585845, 0.4014724527588239], [0.8151404571821235, 0.36794946278400864], [0.8556855292053881, 0.36707684365565696], [0.8521234537335312, 0.2739629099925836], [0.8914060317090711, 0.27193622973399956], [0.8979243963824066, 0.27159993202436533], [0.9042911310866548, 0.12571858284938325], [0.9084681577452328, 0.03001013687210015], [0.8985904887785754, -0.007442731417665313], [0.8865664255535116, -0.2883128466343875], [0.8818420869109685, -0.34460622982953637], [0.8676302155193563, -0.34428899424615794], [0.828505623674965, -0.3434156600893682], [0.810090748643837, -0.3430046055939842], [0.8020384261881025, -0.3735363609483451], [0.8020636698139246, -0.39772476562596537], [0.8207043636805391, -0.547343401471744], [0.8158601310604533, -0.6739733840195361], [0.8023520129109423, -0.6740146918750387], [0.8024101127564482, -0.7296858773341026], [0.7889108894051191, -0.7297941811264528], [0.7889108105696007, -0.7361138051268639], [0.6339246013127362, -0.7349093933286092], [0.6021523509010214, -0.7346624883075982], [0.5402159239218707, -0.7317894520542104], [0.38878408913182266, -0.7330043843183457], [-0.7352422770337265, -0.7242694741385921], [-0.9020560102359804, -0.7135057871567961], [-0.9023696815048097, -0.7099327976516764], [-0.9175259337361634, -0.7103004553929337], [-0.9206569154456765, -0.7104681742112054], [-0.920670346747836, -0.7103767320190947], [-0.9338808562144587, -0.7106971902694075], [-0.9339749789911834, -0.7071319445691554], [-0.9359174575658786, -0.7071264326568989], [-0.9363981624775398, -0.6793317937988672], [-0.9367305195295419, -0.6793328101474754], [-0.9369251012237952, -0.6488638876111408], [-0.9373039918998063, -0.6269562073463243], [-0.937554087883533, -0.5954298503141497], [-0.937888627063796, -0.5931522605743937], [-0.9396068224898019, -0.4938051971372495], [-0.9446220213113429, -0.3038361305987173], [-0.9450220364455537, -0.30382720151183173], [-0.9663768845745363, -0.3033505213113513]]]}, "properties": {"image": "q9vSo1VnCiC-32", "condition": "manual", "method": "mv_strict", "n": 24, "workers": ["P001", "P002", "P003", "P004", "P005", "P006", "P007", "P008", "P009", "P010", "P011", "P012", "P014", "P017", "P018", "P019", "P020", "P021", "P022", "P023", "P024", "P025", "P026", "P027"], "records": ["R02129", "R00876", "R01682", "R00627", "R01587", "R00429", "R00283", "R01592", "R01135", "R00001", "R01202", "R00302", "R00722", "R01212", "R00693", "R00599", "R01051", "R02056", "R02314", "R02449", "R00211", "R01758", "R02351", "R00948"], "output_type": "BEV_region_only"}}, {"type": "Feature", "geometry": {"type": "Polygon", "coordinates": [[[-0.34234800242232816, 0.08230850805440966], [-0.342380942750218, 0.08337381016499379], [-0.3425535085612266, 0.08458006037163604], [-0.35051447301993055, 0.14022790259053378], [-0.34973482261550937, 0.16395837319564066], [-0.35544161797202767, 0.2270381638311907], [-0.35301466761881634, 0.2615890612950551], [-0.36213041059527434, 0.30097241447802403], [-0.36573836315373204, 0.34085274622157524], [-0.36480037700809925, 0.3686370728538637], [-0.36660595643607474, 0.38426865614705524], [-0.35550270321584615, 0.38403923869063017], [-0.35591671455081086, 0.3924704397453078], [-0.3558487593946297, 0.392468754787197], [-0.3558569751339693, 0.3926161591360366], [-0.3268651590167341, 0.3917501021450465], [-0.10207626014105253, 0.386176428274415], [-0.02419828380333594, 0.38270869673050767], [0.028193401866804246, 0.38037581252395136], [0.05682648950540731, 0.3802882870851213], [0.151652138553308, 0.3774556112723672], [0.22724649611847175, 0.3736990182977859], [0.22798646054189184, 0.3737073311243889], [0.2866780970921998, 0.3707703811000216], [0.3581920775069618, 0.36719179650319045], [0.3673709440091286, 0.3667324828124895], [0.4093275641283484, 0.3646329588645435], [0.4453654925854126, 0.3628296083178365], [0.44597251232244933, 0.36282962748218517], [0.4655849071793612, 0.362830246669255], [0.7050357285741105, 0.35121504390475916], [0.7050356737006389, 0.34995571885524523], [0.7050356684675675, 0.34983562187939626], [0.707735179560152, 0.3497005373999858], [0.7176888050245231, 0.3492024544997915], [0.7176244183026707, 0.34570294589476475], [0.7176234296166689, 0.3456492094243958], [0.718162655531778, 0.3456314836648631], [0.7179005363485444, 0.33360348305437293], [0.7173248352799698, 0.3294201885855173], [0.7146978827533302, 0.18664163568702113], [0.713932465602808, 0.14504014041559635], [0.713390978257463, 0.11560954401266109], [0.7113180686104293, 0.0029439984074624936], [0.7108704685744673, -0.021383691097349663], [0.7099444536715738, -0.0314814608066151], [0.7072211887768962, -0.15644534712591882], [0.7050127545594298, -0.17602975000180723], [0.7050110441031169, -0.21528406400522454], [0.7050091850453591, -0.25794872396815216], [0.7029857214450417, -0.35080046079901234], [0.6986396279082221, -0.35089023810040904], [0.6889472648178081, -0.3510904533500448], [0.6889401902075535, -0.3514045825775027], [0.6886597093870075, -0.3638585864454017], [0.6703971959096526, -0.36198320237230774], [0.5851942440961742, -0.353233680626042], [0.5357734374591183, -0.35425456676554534], [0.49124673207327907, -0.3564265868435019], [0.48201497273927246, -0.3553650559551799], [0.47083637268468137, -0.35559597241792795], [0.41326176333896075, -0.3567852917485496], [0.3827330499214493, -0.3542752989570072], [0.33543897955754803, -0.35471868464135226], [0.28656561554090365, -0.3519833316909962], [0.25365319398824143, -0.3518596867118103], [0.1743525029453692, -0.3477237219921297], [0.024351601068188216, -0.33990035463018725], [-0.29632332352901153, -0.3231754035966179], [-0.29633362896381577, -0.3230912263719846], [-0.2967785968886638, -0.319456623303207], [-0.29988466388690693, -0.31934473161170995], [-0.29990744232777033, -0.3191595054326058], [-0.30069095982296384, -0.31911565338895675], [-0.30155632172465086, -0.3117241816318437], [-0.30671805194290813, -0.31152545237132984], [-0.3075246063579947, -0.3026102415636166], [-0.3171315250072344, -0.3021843358043291], [-0.31831984845115147, -0.2808637904192972], [-0.3197208565742824, -0.28073111656938615], [-0.32153149109613605, -0.25877845008125244], [-0.32248594303115896, -0.20611696199807739], [-0.329678336184493, -0.0770731857117372], [-0.33395246849347104, -0.04231746202872476], [-0.3345448681289601, -0.02995315776274351], [-0.3356280654619887, -0.020701048929604164], [-0.3371511392733051, 0.010315835005268826], [-0.3400762408856573, 0.034208755602571535], [-0.3411257901669775, 0.042781721934970124], [-0.34234800242232816, 0.08230850805440966]]]}, "properties": {"image": "rPc6DW4iMge-01", "condition": "manual", "method": "mv50", "n": 23, "workers": ["P001", "P002", "P003", "P004", "P005", "P006", "P007", "P008", "P009", "P010", "P011", "P012", "P017", "P018", "P019", "P020", "P021", "P022", "P023", "P024", "P025", "P026", "P027"], "records": ["R01380", "R02467", "R02087", "R01077", "R01932", "R00195", "R01332", "R01145", "R02491", "R01164", "R00655", "R00032", "R01125", "R00391", "R01005", "R00368", "R01881", "R01535", "R01674", "R01887", "R00348", "R00269", "R01127"], "output_type": "BEV_region_only"}}, {"type": "Feature", "geometry": {"type": "Polygon", "coordinates": [[[-0.34234800242232816, 0.08230850805440966], [-0.342380942750218, 0.08337381016499379], [-0.3425535085612266, 0.08458006037163604], [-0.35051447301993055, 0.14022790259053378], [-0.34973482261550937, 0.16395837319564066], [-0.35544161797202767, 0.2270381638311907], [-0.35301466761881634, 0.2615890612950551], [-0.36213041059527434, 0.30097241447802403], [-0.36573836315373204, 0.34085274622157524], [-0.36480037700809925, 0.3686370728538637], [-0.36660595643607474, 0.38426865614705524], [-0.35550270321584615, 0.38403923869063017], [-0.35591671455081086, 0.3924704397453078], [-0.3558487593946297, 0.392468754787197], [-0.3558569751339693, 0.3926161591360366], [-0.3268651590167341, 0.3917501021450465], [-0.10207626014105253, 0.386176428274415], [-0.02419828380333594, 0.38270869673050767], [0.028193401866804246, 0.38037581252395136], [0.05682648950540731, 0.3802882870851213], [0.151652138553308, 0.3774556112723672], [0.22724649611847175, 0.3736990182977859], [0.22798646054189184, 0.3737073311243889], [0.2866780970921998, 0.3707703811000216], [0.3581920775069618, 0.36719179650319045], [0.3673709440091286, 0.3667324828124895], [0.4093275641283484, 0.3646329588645435], [0.4453654925854126, 0.3628296083178365], [0.44597251232244933, 0.36282962748218517], [0.4655849071793612, 0.362830246669255], [0.7050357285741105, 0.35121504390475916], [0.7050356737006389, 0.34995571885524523], [0.7050356684675675, 0.34983562187939626], [0.707735179560152, 0.3497005373999858], [0.7176888050245231, 0.3492024544997915], [0.7176244183026707, 0.34570294589476475], [0.7176234296166689, 0.3456492094243958], [0.718162655531778, 0.3456314836648631], [0.7179005363485444, 0.33360348305437293], [0.7173248352799698, 0.3294201885855173], [0.7146978827533302, 0.18664163568702113], [0.713932465602808, 0.14504014041559635], [0.713390978257463, 0.11560954401266109], [0.7113180686104293, 0.0029439984074624936], [0.7108704685744673, -0.021383691097349663], [0.7099444536715738, -0.0314814608066151], [0.7072211887768962, -0.15644534712591882], [0.7050127545594298, -0.17602975000180723], [0.7050110441031169, -0.21528406400522454], [0.7050091850453591, -0.25794872396815216], [0.7029857214450417, -0.35080046079901234], [0.6986396279082221, -0.35089023810040904], [0.6889472648178081, -0.3510904533500448], [0.6889401902075535, -0.3514045825775027], [0.6886597093870075, -0.3638585864454017], [0.6703971959096526, -0.36198320237230774], [0.5851942440961742, -0.353233680626042], [0.5357734374591183, -0.35425456676554534], [0.49124673207327907, -0.3564265868435019], [0.48201497273927246, -0.3553650559551799], [0.47083637268468137, -0.35559597241792795], [0.41326176333896075, -0.3567852917485496], [0.3827330499214493, -0.3542752989570072], [0.33543897955754803, -0.35471868464135226], [0.28656561554090365, -0.3519833316909962], [0.25365319398824143, -0.3518596867118103], [0.1743525029453692, -0.3477237219921297], [0.024351601068188216, -0.33990035463018725], [-0.29632332352901153, -0.3231754035966179], [-0.29633362896381577, -0.3230912263719846], [-0.2967785968886638, -0.319456623303207], [-0.29988466388690693, -0.31934473161170995], [-0.29990744232777033, -0.3191595054326058], [-0.30069095982296384, -0.31911565338895675], [-0.30155632172465086, -0.3117241816318437], [-0.30671805194290813, -0.31152545237132984], [-0.3075246063579947, -0.3026102415636166], [-0.3171315250072344, -0.3021843358043291], [-0.31831984845115147, -0.2808637904192972], [-0.3197208565742824, -0.28073111656938615], [-0.32153149109613605, -0.25877845008125244], [-0.32248594303115896, -0.20611696199807739], [-0.329678336184493, -0.0770731857117372], [-0.33395246849347104, -0.04231746202872476], [-0.3345448681289601, -0.02995315776274351], [-0.3356280654619887, -0.020701048929604164], [-0.3371511392733051, 0.010315835005268826], [-0.3400762408856573, 0.034208755602571535], [-0.3411257901669775, 0.042781721934970124], [-0.34234800242232816, 0.08230850805440966]]]}, "properties": {"image": "rPc6DW4iMge-01", "condition": "manual", "method": "mv_strict", "n": 23, "workers": ["P001", "P002", "P003", "P004", "P005", "P006", "P007", "P008", "P009", "P010", "P011", "P012", "P017", "P018", "P019", "P020", "P021", "P022", "P023", "P024", "P025", "P026", "P027"], "records": ["R01380", "R02467", "R02087", "R01077", "R01932", "R00195", "R01332", "R01145", "R02491", "R01164", "R00655", "R00032", "R01125", "R00391", "R01005", "R00368", "R01881", "R01535", "R01674", "R01887", "R00348", "R00269", "R01127"], "output_type": "BEV_region_only"}}, {"type": "Feature", "geometry": {"type": "Polygon", "coordinates": [[[-2.6721832962465473, -0.4237428991938129], [-2.6722996414559894, -0.4209518389041521], [-2.6727496652452754, -0.410156005249274], [-2.766592439294333, -0.4135811587299487], [-2.765188478223589, -0.3799346107048883], [-2.806452588494563, -0.37995939638761334], [-2.8094464759890223, -0.1294913644023406], [-2.7442709810835444, 0.1213624599563762], [-2.7307549161716036, 0.44528093365619137], [-2.7258788601206816, 0.47268932775688954], [-2.709540218545165, 0.4724299889866999], [-2.7142310909469254, 0.5849615469873237], [-2.7106884615402698, 0.5846985154640746], [-2.7112253807228366, 0.5987381409606796], [-2.583618064886461, 0.5885098593339992], [-2.583875132862785, 0.6151549664983309], [-2.2366067246508337, 0.6323934036521766], [-2.3387498507756725, 0.6912497553321812], [-2.1304110834380725, 0.6628804386411248], [-2.1354585756493214, 0.6374144074882818], [-1.994704862195509, 0.644401435349633], [-1.8627381357158286, 0.6264316359501891], [-1.6699714915008421, 0.63814640722044], [-1.455806598432875, 0.6070104147077833], [-0.48939541082768767, 0.6642427172213573], [-0.48169878114095166, 0.6641082485699061], [-0.4803548197458267, 0.6647781144211566], [-0.3458202094659391, 0.6727454533891217], [-0.34300968560976913, 0.7072211293448225], [-0.33832374086558714, 0.7072071554538704], [-0.33821612810426144, 0.7186914693641243], [-0.33821142443868113, 0.7191934393106969], [-0.33817079022935254, 0.7235298768268021], [-0.33075000182388425, 0.7236034798803472], [-0.3307702095957288, 0.7269993113978352], [-0.3300385195195143, 0.7270356325635292], [-0.32914293128189087, 0.7322905285525568], [-0.29538012753156295, 0.7304174667139033], [-0.26239271112447254, 0.7351461242512699], [-0.23767875707911346, 0.7325372165503783], [-0.19518852826943203, 0.738176976868998], [-0.14310007839186467, 0.7363152747446573], [-0.11462193001256671, 0.737728932766768], [-0.10506562062377035, 0.7369648718106806], [-0.10234580688678477, 0.7348586694124715], [-0.059626026461753745, 0.7333318144925116], [0.018698573751570226, 0.7270694838699476], [0.05458844080596466, 0.7241999612310532], [0.07974858705441258, 0.7221883179683911], [0.21569879322660884, 0.7234913834007377], [0.3721270766919607, 0.71790045358196], [0.3721522658962784, 0.7152648472386238], [0.37796045905167247, 0.7156088170435995], [0.3766941459369726, 0.7050749105119389], [0.3790759894488357, 0.705067807649375], [0.37907181046133764, 0.7040909696412443], [0.37612697526727457, 0.6636676818612124], [0.3788863631990491, 0.6607426862612142], [0.37869989086084543, 0.6171547914643996], [0.37365517953567723, 0.5580114194795929], [0.3740653057248109, 0.5150989411013841], [0.367222568091205, 0.3747618481522136], [0.3672837580055991, 0.37118122253608427], [0.3674770028578474, 0.37103157524012714], [0.5319539777676994, 0.37469216554771406], [0.6337103729728125, 0.3745191974169555], [0.6478626420815381, 0.3756235034251818], [0.6489288284746817, 0.37449332869591945], [0.661256048292567, 0.37447237457146315], [0.6822600447040801, 0.37556979853268607], [0.6822990520299216, 0.37443660513392896], [0.6953374452580803, 0.3744144421386673], [0.7000976445891839, 0.374523545504755], [0.7000977319574753, 0.37440635048122795], [0.703599110250196, 0.3744003987485909], [0.7003420504280384, 0.2912945157360545], [0.7001607169701544, 0.28991883310277444], [0.7001630954445828, 0.28672836935507645], [0.6988607881279737, 0.25349919782921015], [0.7002131198403632, 0.21962610441820724], [0.700400599881119, -0.03185789991429608], [0.6977106899324474, -0.05515286425793453], [0.6986379780244305, -0.0706606692313903], [0.70008589774501, -0.09487542712388773], [0.7004521453274398, -0.10100048807250323], [0.7078103537933684, -0.22405788828090994], [0.7105175337684605, -0.26933229592696073], [0.7147758899363089, -0.340548304769777], [0.7116461747662052, -0.4781203194919862], [0.7125363720527021, -0.5039812486095047], [0.7052316881837268, -0.7600801128270765], [0.7038357602975872, -0.8214405246426887], [0.7031420421017127, -0.8333421454926443], [0.7023509428648401, -0.8610777216901231], [0.7015257472952202, -0.8610717453258652], [0.701025176821978, -0.8696596705333064], [0.7010329148012857, -0.8800393248896902], [0.6805624008566463, -0.8799704385035406], [0.6799993596350005, -0.8914480856497592], [0.5330159908145282, -0.8914578941117097], [0.48812226601807396, -0.895920845707427], [0.35547555131898345, -0.8914697417014027], [0.3109021273157392, -0.8914727161653632], [0.21385124789898413, -0.8867173849940904], [-0.061645411122589644, -0.8774727965743994], [-0.1508478325330183, -0.8771726168884683], [-0.3215751723107421, -0.8915149225018878], [-0.49940569476915053, -0.8915267894493334], [-0.49934941139148875, -0.8759998561849562], [-0.5023330634758147, -0.8759898157428759], [-0.5017112995863744, -0.8497351744406259], [-0.5216711440053573, -0.8472901426047289], [-0.525287717445309, -0.8265004065769236], [-0.5365857904580216, -0.7281661729127209], [-0.5347128289606019, -0.6996936948094844], [-0.5319625220016234, -0.6578839433679436], [-0.519712387840373, -0.4716592520710719], [-0.5172952379382133, -0.43491410394267044], [-0.5163575660605098, -0.42065975752779966], [-0.514258835113908, -0.38875516632075824], [-0.5414685855984538, -0.3891611194541986], [-0.5415062924190339, -0.38622582539351846], [-0.6293304442339287, -0.39047196560999947], [-0.6370673979726178, -0.39058739631250766], [-0.691121209116318, -0.3880751116693072], [-0.7363510867283034, -0.38929313304485563], [-0.780958302378377, -0.39273416217683504], [-0.8269421906687392, -0.39342021416947814], [-0.8445973983489639, -0.3922081601981307], [-0.9674481478220917, -0.3955164786539995], [-1.1498742221751894, -0.40042913528167495], [-1.2086805564483079, -0.4020127648633594], [-1.2086807989955581, -0.4031072326255268], [-1.2239367762187212, -0.403802001719195], [-1.2232596798009774, -0.41161358442764423], [-1.4746661360309918, -0.4152204121903574], [-1.751008192791786, -0.42780524484379107], [-2.1079958515581425, -0.4262309434354632], [-2.56342722555978, -0.43849551672014553], [-2.5737070010580623, -0.4387723467040814], [-2.6714470755725537, -0.44140444535859563], [-2.6718226114782646, -0.43239553679417614], [-2.672022229683342, -0.4276068012032841], [-2.6721832962465473, -0.4237428991938129]]]}, "properties": {"image": "rPc6DW4iMge-06", "condition": "manual", "method": "mv50", "n": 24, "workers": ["P001", "P002", "P003", "P004", "P005", "P006", "P007", "P008", "P009", "P010", "P011", "P012", "P014", "P017", "P018", "P019", "P020", "P021", "P022", "P023", "P024", "P025", "P026", "P027"], "records": ["R01784", "R00020", "R02452", "R01886", "R02165", "R02468", "R01986", "R01798", "R01341", "R00525", "R02407", "R02456", "R00553", "R01518", "R01905", "R01662", "R01489", "R00634", "R02190", "R01557", "R02094", "R00500", "R00233", "R01695"], "output_type": "BEV_region_only"}}, {"type": "Feature", "geometry": {"type": "Polygon", "coordinates": [[[-2.672022229683342, -0.4276068012032841], [-2.6721832962465473, -0.4237428991938129], [-2.6722996414559894, -0.4209518389041521], [-2.6727496652452754, -0.410156005249274], [-2.674011725500542, -0.37987984451581863], [-2.765188478223589, -0.3799346107048883], [-2.7442709810835444, 0.1213624599563762], [-2.7017311276472844, 0.2850940117861137], [-2.709540218545165, 0.4724299889866999], [-2.7142310909469254, 0.5849615469873237], [-2.7106884615402698, 0.5846985154640746], [-2.583490177785464, 0.5752543556352631], [-2.583618064886461, 0.5885098593339992], [-2.477342885433971, 0.579991441261795], [-2.4765706518789035, 0.589127943942804], [-2.1915783994784874, 0.6064474291901637], [-2.2366067246508337, 0.6323934036521766], [-2.1354585756493214, 0.6374144074882818], [-2.140986995743962, 0.6095219586317299], [-1.8627381357158286, 0.6264316359501891], [-1.640003271885839, 0.5961020147717502], [-1.455806598432875, 0.6070104147077833], [-0.7903564799143025, 0.5102651003337539], [-0.48169878114095166, 0.6641082485699061], [-0.34671658337966804, 0.6617499599628625], [-0.3458202094659391, 0.6727454533891217], [-0.33922458655641324, 0.6731360559509142], [-0.33860916446580136, 0.6767470670603245], [-0.33832374086558714, 0.7072071554538704], [-0.33821612810426144, 0.7186914693641243], [-0.33821142443868113, 0.7191934393106969], [-0.33121683288970954, 0.7201218367556609], [-0.3307457324842729, 0.7228860352198208], [-0.33075000182388425, 0.7236034798803472], [-0.33062324462334913, 0.7236047371210215], [-0.3300385195195143, 0.7270356325635292], [-0.30785343065777493, 0.7281369025064667], [-0.307780669143165, 0.7286398823818812], [-0.29538012753156295, 0.7304174667139033], [-0.2795750206140709, 0.7295406454984049], [-0.24871292713418472, 0.7310726427843901], [-0.23767875707911346, 0.7325372165503783], [-0.2317714672232185, 0.7319136184823332], [-0.14310007839186467, 0.7363152747446573], [-0.10234580688678477, 0.7348586694124715], [-0.09088381317908643, 0.725982591500545], [0.018698573751570226, 0.7270694838699476], [0.05458844080596466, 0.7241999612310532], [0.07974858705441258, 0.7221883179683911], [0.2539181044891149, 0.7082628450061559], [0.3721522658962784, 0.7152648472386238], [0.37224952720966964, 0.7050881647479168], [0.3766941459369726, 0.7050749105119389], [0.3725769799822263, 0.6708260025292485], [0.372609761590152, 0.6673959849429836], [0.37612697526727457, 0.6636676818612124], [0.37304917425234246, 0.6214191932506773], [0.37365517953567723, 0.5580114194795929], [0.36568734574412687, 0.46459783692319895], [0.367222568091205, 0.3747618481522136], [0.3672837580055991, 0.37118122253608427], [0.36728638785111906, 0.37102733292325274], [0.3674770028578474, 0.37103157524012714], [0.3675080059958209, 0.37100756665355966], [0.4261464772021043, 0.368244607916938], [0.6061794062038407, 0.37237094742384935], [0.6337103729728125, 0.3745191974169555], [0.6489288284746817, 0.37449332869591945], [0.6495267356707985, 0.3738595374490598], [0.661256048292567, 0.37447237457146315], [0.6822990520299216, 0.37443660513392896], [0.6823100929989678, 0.3741158563266423], [0.6953374452580803, 0.3744144421386673], [0.7000977319574753, 0.37440635048122795], [0.7001607169701544, 0.28991883310277444], [0.6980469918513361, 0.2738830999765348], [0.6988607881279737, 0.25349919782921015], [0.6922597658761043, 0.08507005836574955], [0.6962398732636127, -0.03055518178018679], [0.6977106899324474, -0.05515286425793453], [0.6986379780244305, -0.0706606692313903], [0.70008589774501, -0.09487542712388773], [0.7004521453274398, -0.10100048807250323], [0.7078103537933684, -0.22405788828090994], [0.7105175337684605, -0.26933229592696073], [0.7069573638769752, -0.34190668697351984], [0.7116461747662052, -0.4781203194919862], [0.7052316881837268, -0.7600801128270765], [0.7031420421017127, -0.8333421454926443], [0.7015257472952202, -0.8610717453258652], [0.7010187718303661, -0.8610680736265016], [0.701025176821978, -0.8696596705333064], [0.7007264008165981, -0.8747855541503737], [0.6807191789973748, -0.8767745016691821], [0.6805624008566463, -0.8799704385035406], [0.6496180971485892, -0.8798663062252731], [0.5330159908145282, -0.8914578941117097], [0.35547555131898345, -0.8914697417014027], [0.21385124789898413, -0.8867173849940904], [0.031582548189918055, -0.8777865228063104], [-0.061645411122589644, -0.8774727965743994], [-0.12794011231091254, -0.8752482061598766], [-0.1508478325330183, -0.8771726168884683], [-0.49934941139148875, -0.8759998561849562], [-0.49925529545297853, -0.8500360289046784], [-0.5017112995863744, -0.8497351744406259], [-0.49881013970793414, -0.7272306140077522], [-0.49872056347905264, -0.7025191594771535], [-0.5347128289606019, -0.6996936948094844], [-0.5319625220016234, -0.6578839433679436], [-0.519712387840373, -0.4716592520710719], [-0.5172952379382133, -0.43491410394267044], [-0.5163575660605098, -0.42065975752779966], [-0.514258835113908, -0.38875516632075824], [-0.5140049857469213, -0.3848961865430078], [-0.5415062924190339, -0.38622582539351846], [-0.5415342842118172, -0.3840467993754007], [-0.691121209116318, -0.3880751116693072], [-0.7363510867283034, -0.38929313304485563], [-0.8445973983489639, -0.3922081601981307], [-0.9674481478220917, -0.3955164786539995], [-1.1498742221751894, -0.40042913528167495], [-1.2086805564483079, -0.4020127648633594], [-1.2240559750760411, -0.4024268183504647], [-1.2239367762187212, -0.403802001719195], [-1.4746661360309918, -0.4152204121903574], [-1.955058778772017, -0.42211241308335035], [-2.1079958515581425, -0.4262309434354632], [-2.56342722555978, -0.43849551672014553], [-2.5737070010580623, -0.4387723467040814], [-2.6714470755725537, -0.44140444535859563], [-2.6718226114782646, -0.43239553679417614], [-2.672022229683342, -0.4276068012032841]], [[-2.1238917856798967, 0.5674454199811494], [-2.1467196364353405, 0.5805991588878573], [-2.14962887359638, 0.5659212314987035], [-2.1238917856798967, 0.5674454199811494]]]}, "properties": {"image": "rPc6DW4iMge-06", "condition": "manual", "method": "mv_strict", "n": 24, "workers": ["P001", "P002", "P003", "P004", "P005", "P006", "P007", "P008", "P009", "P010", "P011", "P012", "P014", "P017", "P018", "P019", "P020", "P021", "P022", "P023", "P024", "P025", "P026", "P027"], "records": ["R01784", "R00020", "R02452", "R01886", "R02165", "R02468", "R01986", "R01798", "R01341", "R00525", "R02407", "R02456", "R00553", "R01518", "R01905", "R01662", "R01489", "R00634", "R02190", "R01557", "R02094", "R00500", "R00233", "R01695"], "output_type": "BEV_region_only"}}, {"type": "Feature", "geometry": {"type": "Polygon", "coordinates": [[[-0.6087358384693241, -0.2383349274598169], [-0.6219542899804066, -0.23855429047878118], [-0.6512565947964143, -0.23800632435415348], [-0.6512576162435082, -0.2379489192570236], [-0.6733395486494789, -0.2393256939995769], [-0.6751174721513635, -0.23943654481311008], [-0.6850716659886188, -0.23960173678054025], [-0.6916341258549534, -0.23971064220012772], [-0.693616357035415, -0.0007699346395867446], [-0.6926195788238214, 0.06113800686016338], [-0.6923690225241977, 0.0766995676558169], [-0.6918161161298249, 0.11103950037058721], [-0.6857489831412525, 0.4878572415281072], [-0.6856908828991726, 0.4914657337142039], [-0.6794792819701095, 0.4915914517305023], [-0.6675311883458067, 0.49183327193855314], [-0.6605706243529866, 0.4919741483901296], [-0.6605480667801394, 0.4994373256017097], [-0.6217013618001787, 0.5006038753799489], [-0.3212454033272877, 0.503225398372687], [-0.17648465160183088, 0.5017716754539517], [-0.15787617239033983, 0.5021482967339591], [-0.021482311422530903, 0.5058408760014107], [-0.014869552051609752, 0.5058985733119398], [-0.008461575312775707, 0.506193385270264], [0.086900779722559, 0.5105807237054992], [0.17389561466480433, 0.5117798310453784], [0.2640616390871925, 0.515903698264826], [0.2969964287967122, 0.5157824573403934], [0.3738125628626365, 0.519039556447778], [0.40509513159847893, 0.5192990669408857], [0.4047944971376587, 0.5173814313776993], [0.40839495654315394, 0.5174789063055274], [0.40926854356571296, 0.47453166359420035], [0.4083456705656189, 0.46423581300086325], [0.40973401783992336, 0.45164803996637654], [0.41077106003731884, 0.4006650219002812], [0.40833660648602016, 0.34094733161255175], [0.407691557904516, 0.3251241455878058], [0.40856918435269646, 0.32008581473414355], [0.4133947990045787, -0.11275692712934193], [0.42020069739456295, -0.20829827928772215], [0.4144618603800451, -0.20846903943266296], [0.4144716775987544, -0.20934961365380486], [0.38584638744056354, -0.21074277343927436], [0.3857598773745226, -0.2128648847146564], [0.3857525445069379, -0.21389887101256277], [0.38571773498156803, -0.21389864704259287], [0.38559594259494073, -0.21688624153587535], [0.3853941145312492, -0.22183712909438916], [0.3749642022592351, -0.22201021571059404], [0.3467918053892469, -0.2224777426386672], [0.34630007014220904, -0.22796368992985894], [0.11414236573758554, -0.23464302101571807], [-0.07413748839038828, -0.2331296570037962], [-0.13984294094280492, -0.23632746543390248], [-0.303901606115866, -0.2332761384302056], [-0.5646972395024696, -0.23760409752771577], [-0.6057457710310544, -0.2388255040906997], [-0.6087358384693241, -0.2383349274598169]]]}, "properties": {"image": "rPc6DW4iMge-09", "condition": "manual", "method": "mv50", "n": 21, "workers": ["P001", "P002", "P003", "P004", "P005", "P006", "P007", "P008", "P009", "P010", "P011", "P012", "P014", "P017", "P018", "P020", "P021", "P023", "P024", "P025", "P026"], "records": ["R02028", "R00201", "R02263", "R01239", "R00167", "R00908", "R00247", "R00598", "R01047", "R01825", "R02162", "R01719", "R00975", "R00558", "R00800", "R00250", "R00538", "R00322", "R00653", "R01319", "R01455"], "output_type": "BEV_region_only"}}, {"type": "Feature", "geometry": {"type": "Polygon", "coordinates": [[[-0.6087358384693241, -0.2383349274598169], [-0.6219542899804066, -0.23855429047878118], [-0.6512565947964143, -0.23800632435415348], [-0.6512576162435082, -0.2379489192570236], [-0.6733395486494789, -0.2393256939995769], [-0.6751174721513635, -0.23943654481311008], [-0.6850716659886188, -0.23960173678054025], [-0.6916341258549534, -0.23971064220012772], [-0.693616357035415, -0.0007699346395867446], [-0.6926195788238214, 0.06113800686016338], [-0.6923690225241977, 0.0766995676558169], [-0.6918161161298249, 0.11103950037058721], [-0.6857489831412525, 0.4878572415281072], [-0.6856908828991726, 0.4914657337142039], [-0.6794792819701095, 0.4915914517305023], [-0.6675311883458067, 0.49183327193855314], [-0.6605706243529866, 0.4919741483901296], [-0.6605480667801394, 0.4994373256017097], [-0.6217013618001787, 0.5006038753799489], [-0.3212454033272877, 0.503225398372687], [-0.17648465160183088, 0.5017716754539517], [-0.15787617239033983, 0.5021482967339591], [-0.021482311422530903, 0.5058408760014107], [-0.014869552051609752, 0.5058985733119398], [-0.008461575312775707, 0.506193385270264], [0.086900779722559, 0.5105807237054992], [0.17389561466480433, 0.5117798310453784], [0.2640616390871925, 0.515903698264826], [0.2969964287967122, 0.5157824573403934], [0.3738125628626365, 0.519039556447778], [0.40509513159847893, 0.5192990669408857], [0.4047944971376587, 0.5173814313776993], [0.40839495654315394, 0.5174789063055274], [0.40926854356571296, 0.47453166359420035], [0.4083456705656189, 0.46423581300086325], [0.40973401783992336, 0.45164803996637654], [0.41077106003731884, 0.4006650219002812], [0.40833660648602016, 0.34094733161255175], [0.407691557904516, 0.3251241455878058], [0.40856918435269646, 0.32008581473414355], [0.4133947990045787, -0.11275692712934193], [0.42020069739456295, -0.20829827928772215], [0.4144618603800451, -0.20846903943266296], [0.4144716775987544, -0.20934961365380486], [0.38584638744056354, -0.21074277343927436], [0.3857598773745226, -0.2128648847146564], [0.3857525445069379, -0.21389887101256277], [0.38571773498156803, -0.21389864704259287], [0.38559594259494073, -0.21688624153587535], [0.3853941145312492, -0.22183712909438916], [0.3749642022592351, -0.22201021571059404], [0.3467918053892469, -0.2224777426386672], [0.34630007014220904, -0.22796368992985894], [0.11414236573758554, -0.23464302101571807], [-0.07413748839038828, -0.2331296570037962], [-0.13984294094280492, -0.23632746543390248], [-0.303901606115866, -0.2332761384302056], [-0.5646972395024696, -0.23760409752771577], [-0.6057457710310544, -0.2388255040906997], [-0.6087358384693241, -0.2383349274598169]]]}, "properties": {"image": "rPc6DW4iMge-09", "condition": "manual", "method": "mv_strict", "n": 21, "workers": ["P001", "P002", "P003", "P004", "P005", "P006", "P007", "P008", "P009", "P010", "P011", "P012", "P014", "P017", "P018", "P020", "P021", "P023", "P024", "P025", "P026"], "records": ["R02028", "R00201", "R02263", "R01239", "R00167", "R00908", "R00247", "R00598", "R01047", "R01825", "R02162", "R01719", "R00975", "R00558", "R00800", "R00250", "R00538", "R00322", "R00653", "R01319", "R01455"], "output_type": "BEV_region_only"}}, {"type": "Feature", "geometry": {"type": "Polygon", "coordinates": [[[-1.8625501074604789, -0.8090160836718485], [-1.9493581663240693, -0.8036882763291714], [-2.215573300939296, -0.8095426349181984], [-2.2686661348066153, -0.8095440457244306], [-2.268660714079834, -0.7737766338734043], [-2.268660510340149, -0.7724323046859581], [-2.282507465024756, -0.7718557852686261], [-2.268634013908293, -0.5976017277173302], [-2.2685357295691784, 0.0509047507302236], [-2.165622732582409, 0.6962460390645467], [-2.1001919665486946, 1.5180730217202467], [-2.1000693562003283, 1.5196130387298035], [-1.4005897669754388, 1.5340238951607625], [-1.378693750284448, 1.537448613322952], [-1.0315614799374584, 1.59174297232518], [-0.9502409183381814, 1.5918293061506918], [-0.7298442380236463, 1.621203816668481], [-0.22843206696574625, 1.6046087353401504], [-0.08393371264357319, 1.6234696555739827], [-0.014016800504191629, 1.6325956924000948], [0.22264334737633518, 1.6234690930181903], [0.45732787214493786, 1.623468662382125], [0.45732806529543807, 1.6144186744298261], [0.4582340365952649, 1.6143837364092972], [0.45820080312194933, 1.6077949670983889], [0.46518951690393895, 1.6085456205972943], [0.46567826090658104, 1.5816359835667486], [0.46584461650624254, 1.5724766511131771], [0.4704834041662516, 1.5725722205965644], [0.47045821841739094, 1.5715784541389914], [0.4710812567133679, 1.571723937375066], [0.47045297561178107, 1.5191762956353576], [0.4723863373237577, 1.4587488570113918], [0.4714130106755264, 1.2658877924706482], [0.4715961163798394, 1.255806220083775], [0.4748052364673288, 1.0791160586190158], [0.4667481799166255, 0.3415688829875608], [0.4632159678269224, -0.35832583893511083], [0.46099362581629055, -0.4452327201351399], [0.457375043820057, -0.586740946211387], [0.4573797974770755, -0.8094716080278475], [0.45167947591338375, -0.8094717594993098], [0.4511831740302237, -0.8288801352546152], [0.4507502041173365, -0.8458118517062028], [0.024899583690470628, -0.8349757519311333], [-0.9758974669824994, -0.8095096937043846], [-1.3778720726364582, -0.8095203751511547], [-1.6388028949590074, -0.79865649286976], [-1.8625501074604789, -0.8090160836718485]]]}, "properties": {"image": "rPc6DW4iMge-15", "condition": "manual", "method": "mv50", "n": 22, "workers": ["P001", "P002", "P003", "P004", "P005", "P006", "P007", "P008", "P009", "P010", "P011", "P012", "P017", "P018", "P019", "P020", "P021", "P022", "P023", "P024", "P025", "P026"], "records": ["R00199", "R01627", "R00974", "R01994", "R02050", "R01586", "R02335", "R00451", "R00511", "R01054", "R01809", "R01911", "R02136", "R01045", "R00335", "R00190", "R01126", "R02461", "R01323", "R01268", "R00677", "R00631"], "output_type": "BEV_region_only"}}, {"type": "Feature", "geometry": {"type": "Polygon", "coordinates": [[[-2.24036361987975, -0.7773343703920496], [-2.2398255877914193, -0.7736328497245788], [-2.241550521344242, -0.7735610319343527], [-2.268660714079834, -0.7737766338734043], [-2.268660510340149, -0.7724323046859581], [-2.2686604124201617, -0.7717862023000056], [-2.282507465024756, -0.7718557852686261], [-2.268634013908293, -0.5976017277173302], [-2.2685357295691784, 0.0509047507302236], [-2.165622732582409, 0.6962460390645467], [-2.1001919665486946, 1.5180730217202467], [-1.4529979260595076, 1.5258268254930187], [-1.4005897669754388, 1.5340238951607625], [-1.378693750284448, 1.537448613322952], [-1.3536045293366057, 1.538068929103011], [-0.9502409183381814, 1.5918293061506918], [-0.3212223969115319, 1.5924971025136863], [-0.22843206696574625, 1.6046087353401504], [-0.08393371264357319, 1.6234696555739827], [0.22264334737633518, 1.6234690930181903], [0.45732787214493786, 1.623468662382125], [0.45732806529543807, 1.6144186744298261], [0.4573282086630747, 1.6077012422580088], [0.45820080312194933, 1.6077949670983889], [0.4580701284056463, 1.5818877875413975], [0.46567826090658104, 1.5816359835667486], [0.46584461650624254, 1.5724766511131771], [0.46588034485271224, 1.5705094927848822], [0.47045821841739094, 1.5715784541389914], [0.46971484283633885, 1.542246718882111], [0.47045297561178107, 1.5191762956353576], [0.46900787049573645, 1.3983118199693916], [0.4714130106755264, 1.2658877924706482], [0.4715961163798394, 1.255806220083775], [0.471325483702141, 1.2485446473982331], [0.4667481799166255, 0.3415688829875608], [0.46006264152932447, -0.2704288017871686], [0.46099362581629055, -0.4452327201351399], [0.457375043820057, -0.586740946211387], [0.45603455243095914, -0.6391621871115976], [0.4551866532000281, -0.7167793267031852], [0.45598910605219883, -0.7789321605506492], [0.4524650214414072, -0.7787522250826695], [0.45167947591338375, -0.8094717594993098], [0.4511831740302237, -0.8288801352546152], [0.024899583690470628, -0.8349757519311333], [-0.9758974669824994, -0.8095096937043846], [-1.5498998738060918, -0.7949037566618703], [-1.564853439789068, -0.7952326017426563], [-1.6388028949590074, -0.79865649286976], [-1.6670563982890072, -0.7974801552815748], [-1.9493581663240693, -0.8036882763291714], [-2.0284606872154916, -0.798833393071249], [-2.028482157335885, -0.7827258587649244], [-2.24036361987975, -0.7773343703920496]]]}, "properties": {"image": "rPc6DW4iMge-15", "condition": "manual", "method": "mv_strict", "n": 22, "workers": ["P001", "P002", "P003", "P004", "P005", "P006", "P007", "P008", "P009", "P010", "P011", "P012", "P017", "P018", "P019", "P020", "P021", "P022", "P023", "P024", "P025", "P026"], "records": ["R00199", "R01627", "R00974", "R01994", "R02050", "R01586", "R02335", "R00451", "R00511", "R01054", "R01809", "R01911", "R02136", "R01045", "R00335", "R00190", "R01126", "R02461", "R01323", "R01268", "R00677", "R00631"], "output_type": "BEV_region_only"}}, {"type": "Feature", "geometry": {"type": "Polygon", "coordinates": [[[-0.5902162763283234, -0.29621368460423686], [-0.9301908950721458, -0.29468310534358], [-0.921514039342042, 0.3883450466988262], [-0.5813762014653123, 0.38742223357630146], [-0.43274051720704926, 0.3870189765885897], [-0.4310269576640404, 0.3870143276049824], [-0.4271202530000056, 0.38762897002793695], [-0.38936368256260273, 0.3917268663919912], [-0.3369141731766357, 0.39290270576204844], [-0.313578131697869, 0.39666441736329144], [-0.169715833657368, 0.39863311795654743], [-0.1571575460537281, 0.3969325798576174], [-0.08754718863105479, 0.3984931397137451], [-0.03136015614326626, 0.4005264625514298], [0.016762918716369646, 0.4011850084478592], [0.033635010172235025, 0.4028785382912751], [0.13198892198126022, 0.40643781604990004], [0.13250209561932874, 0.4034263147768419], [0.24504317863630562, 0.40594931714062843], [0.24520099820645547, 0.40431109630228634], [0.25262287490395957, 0.40441266184973323], [0.25424671828662215, 0.39612499006013235], [0.2547208328053156, 0.3851538552043293], [0.25639723663691666, 0.38514930702626093], [0.25700945881046827, 0.3851476460330025], [0.32193436050395036, 0.38497150111588485], [0.32792630174310733, 0.38495524464162895], [0.33618671329047317, 0.38493283367958797], [0.32302606467256273, 0.25517277503819347], [0.3089865399907031, 0.11674726130354787], [0.2971642974128224, 0.0001834858608332282], [0.29048105425039766, -0.06571129256906316], [0.29463816028909406, -0.10886346776079395], [0.29217115399074367, -0.21535789313206088], [0.2935883083950093, -0.23048853491943003], [0.29182089576345965, -0.23047765536011655], [0.2809040864443077, -0.23041045539086122], [0.2773897089653264, -0.2303888221414717], [0.27441384276510244, -0.27149880782297636], [0.2718335210942346, -0.9893569623963562], [0.2733467203888244, -1.0279611040425676], [0.271731755038124, -1.0976750756414009], [0.2714442266196575, -1.0976605961101848], [0.271396895700055, -1.1108282902716178], [0.27139553223803364, -1.1108282687710729], [0.27139135693781585, -1.1123692011140551], [-0.1767906033785269, -1.104118238958667], [-0.3121506791502723, -1.1016262804207668], [-0.3116602281630981, -0.9892866173766699], [-0.3086399540591804, -0.2974813524105855], [-0.42657537803859347, -0.29695040243935933], [-0.5469510725111649, -0.29640846627327827], [-0.5796930647813723, -0.2962610605213238], [-0.5902162763283234, -0.29621368460423686]]]}, "properties": {"image": "rPc6DW4iMge-17", "condition": "semi", "method": "mv50", "n": 22, "workers": ["P001", "P002", "P003", "P004", "P005", "P006", "P007", "P008", "P009", "P010", "P011", "P012", "P014", "P017", "P018", "P019", "P020", "P021", "P022", "P023", "P024", "P026"], "records": ["R01715", "R00309", "R00656", "R02103", "R00012", "R02486", "R00124", "R02036", "R00454", "R02039", "R00617", "R00423", "R01130", "R02030", "R02125", "R00544", "R01420", "R02236", "R01916", "R00697", "R00877", "R01721"], "output_type": "BEV_region_only"}}, {"type": "Feature", "geometry": {"type": "Polygon", "coordinates": [[[-0.5813762014653123, 0.38742223357630146], [-0.43274051720704926, 0.3870189765885897], [-0.4310269576640404, 0.3870143276049824], [-0.4065755837797572, 0.3869479896496845], [-0.36438239772182335, 0.3884748965712224], [-0.3369141731766357, 0.39290270576204844], [-0.1571575460537281, 0.3969325798576174], [-0.15157169482508, 0.396176190680281], [-0.08754718863105479, 0.3984931397137451], [0.012229695552823383, 0.40072998787531117], [0.016762918716369646, 0.4011850084478592], [0.057225163500172815, 0.4017387188111395], [0.13250209561932874, 0.4034263147768419], [0.13261386915745846, 0.4027703844495579], [0.24520099820645547, 0.40431109630228634], [0.24704452301891414, 0.3851746814653759], [0.2547208328053156, 0.3851538552043293], [0.25639723663691666, 0.38514930702626093], [0.25700945881046827, 0.3851476460330025], [0.32193436050395036, 0.38497150111588485], [0.32792630174310733, 0.38495524464162895], [0.33618671329047317, 0.38493283367958797], [0.32302606467256273, 0.25517277503819347], [0.3089865399907031, 0.11674726130354787], [0.2971642974128224, 0.0001834858608332282], [0.29048105425039766, -0.06571129256906316], [0.28639171808760583, -0.10603092389529614], [0.28444729940025043, -0.13289201878928558], [0.29217115399074367, -0.21535789313206088], [0.29182089576345965, -0.23047765536011655], [0.2809040864443077, -0.23041045539086122], [0.2773897089653264, -0.2303888221414717], [0.273781225402306, -0.2303666096087248], [0.2717317080342328, -0.9867595478959694], [0.2718335210942346, -0.9893569623963562], [0.2714442266196575, -1.0976605961101848], [0.27143121305363965, -1.0976599407651015], [0.27139553223803364, -1.1108282687710729], [0.27139135693781585, -1.1123692011140551], [-0.1767906033785269, -1.104118238958667], [-0.3121506791502723, -1.1016262804207668], [-0.3116602281630981, -0.9892866173766699], [-0.3086399540591804, -0.2974813524105855], [-0.42657537803859347, -0.29695040243935933], [-0.5469510725111649, -0.29640846627327827], [-0.5796930647813723, -0.2962610605213238], [-0.5902162763283234, -0.29621368460423686], [-0.9301908950721458, -0.29468310534358], [-0.921514039342042, 0.3883450466988262], [-0.5813762014653123, 0.38742223357630146]]]}, "properties": {"image": "rPc6DW4iMge-17", "condition": "semi", "method": "mv_strict", "n": 22, "workers": ["P001", "P002", "P003", "P004", "P005", "P006", "P007", "P008", "P009", "P010", "P011", "P012", "P014", "P017", "P018", "P019", "P020", "P021", "P022", "P023", "P024", "P026"], "records": ["R01715", "R00309", "R00656", "R02103", "R00012", "R02486", "R00124", "R02036", "R00454", "R02039", "R00617", "R00423", "R01130", "R02030", "R02125", "R00544", "R01420", "R02236", "R01916", "R00697", "R00877", "R01721"], "output_type": "BEV_region_only"}}, {"type": "Feature", "geometry": {"type": "Polygon", "coordinates": [[[-1.493047256087865, -0.30934850047160367], [-1.4929341563196699, -0.3020908502242249], [-1.4941053435668268, -0.3020931795107641], [-1.4941517715885972, -0.29987468385542015], [-1.494216780694963, -0.2967683180329907], [-1.500782699486681, 0.01697458457905806], [-1.506547302003086, 0.08036540692660339], [-1.5060131989309542, 0.14326239058951487], [-1.5077752479933566, 0.1650324022319413], [-1.5087121895988567, 0.3680234045776174], [-1.5081294666602878, 0.3680291941440889], [-1.5081704940951106, 0.36998963058814976], [-1.5040874798621244, 0.370038694886162], [-1.5040145223966757, 0.37863030341990817], [-1.4916468745657627, 0.37874407875506755], [-1.4918368866763823, 0.3896221708591123], [-1.4821544042876174, 0.38964947118069143], [-1.4821401666136473, 0.3905631075184116], [-1.3047433307451373, 0.3901496920088771], [-0.4179002081935789, 0.3926501977122446], [-0.28302482823733127, 0.39217144834984324], [-0.07080700046922968, 0.39301428562406926], [0.1108043242460145, 0.393735567127614], [0.12062447585933253, 0.3935760594008935], [0.1585958286634436, 0.3939253742787755], [0.46266254676077423, 0.3951329955543267], [0.6214604010879793, 0.39558073532963806], [0.6441992211118694, 0.39585398057896526], [0.7004412276118019, 0.39652982308409923], [0.7366025070758465, 0.3962209663995746], [1.3393990698819858, 0.3986150132016346], [1.3394378799061168, 0.3976051145405957], [1.3394478602059472, 0.39734541123813705], [1.339487215951973, 0.3963213120239301], [1.3435645853122342, 0.3963618221864406], [1.3435377668659423, 0.3931309661332842], [1.348936192373666, 0.39313141149218944], [1.3490078653685094, 0.3909903580983538], [1.3506265456868842, 0.3909765328066648], [1.35074513515382, 0.3863722704084152], [1.3578019289399286, 0.38634722183745446], [1.3579083152193516, 0.37347898348032715], [1.3640948868502591, 0.3733784956247526], [1.3604865833493807, 0.25446518761937903], [1.3590117066196845, 0.2400153111188625], [1.3592336198693526, 0.21317319757925074], [1.3572018509026829, 0.14621531311345085], [1.3592339767327846, 0.08551058164869106], [1.3606350770665714, 0.0436561756577704], [1.3609518780971324, 0.005336655554751088], [1.3626534638911443, -0.016638137008672414], [1.3643970852447467, -0.06872451103077913], [1.3633354302538696, -0.10244873376568994], [1.3660613061004743, -0.20828146905923522], [1.3654907777306562, -0.22762767757898245], [1.3643267770077545, -0.2500436416886504], [1.3646113459606035, -0.2574485792245136], [1.3653743385621233, -0.27730286233591056], [1.3658847559956497, -0.290584737166728], [1.3662556643471433, -0.3002363634135215], [1.3634782315363025, -0.3002452146437501], [1.3633492418567836, -0.3002456257130462], [1.3617196533373355, -0.3002508189487231], [1.3571080614247353, -0.3002655153480669], [1.3570880990510257, -0.30089963428791283], [1.3044131910098364, -0.30115940301076133], [1.3040648941755886, -0.30361606118848466], [1.1346613774706888, -0.30199654185815705], [0.48180547993303935, -0.3052161306341801], [0.11040769124543068, -0.3042385482723669], [0.001747072853689094, -0.30458483213075954], [-0.7588527454090207, -0.3070087410285645], [-0.9150306637687242, -0.3075064548550251], [-1.0425126586691178, -0.3079127194035163], [-1.1008146871862396, -0.30809851856135134], [-1.2540314560804187, -0.3085867956822476], [-1.3112615931965643, -0.3087691788951378], [-1.4440898809392033, -0.3097129001355357], [-1.4441035247055516, -0.3091925246967733], [-1.4711140522626762, -0.30927860288994147], [-1.4796284253359644, -0.3093057368231295], [-1.4804873587762932, -0.3093084741054147], [-1.493047256087865, -0.30934850047160367]]]}, "properties": {"image": "rPc6DW4iMge-20", "condition": "manual", "method": "mv50", "n": 22, "workers": ["P001", "P002", "P003", "P004", "P005", "P006", "P007", "P008", "P009", "P010", "P011", "P012", "P014", "P017", "P018", "P019", "P020", "P021", "P022", "P023", "P025", "P026"], "records": ["R01899", "R00981", "R02375", "R00850", "R01372", "R00676", "R01910", "R00237", "R01511", "R01117", "R01342", "R01229", "R00136", "R01512", "R01036", "R00635", "R01215", "R00872", "R00926", "R01407", "R01521", "R00047"], "output_type": "BEV_region_only"}}, {"type": "Feature", "geometry": {"type": "Polygon", "coordinates": [[[-1.500782699486681, 0.01697458457905806], [-1.5025232503717558, 0.10014428316200148], [-1.5060131989309542, 0.14326239058951487], [-1.5052663101829664, 0.23121741618540312], [-1.5081294666602878, 0.3680291941440889], [-1.5081704940951106, 0.36998963058814976], [-1.5040874798621244, 0.370038694886162], [-1.491497456694633, 0.3701899852352576], [-1.4916468745657627, 0.37874407875506755], [-1.4823230120693593, 0.37882985299403454], [-1.4821544042876174, 0.38964947118069143], [-1.3047433307451373, 0.3901496920088771], [-0.981661835956534, 0.3893967648208848], [-0.28302482823733127, 0.39217144834984324], [-0.07080700046922968, 0.39301428562406926], [0.06073799724834825, 0.3930251378134879], [0.12062447585933253, 0.3935760594008935], [0.1540681399619003, 0.3930328373566463], [0.4111956418699141, 0.3930540498421369], [0.6214604010879793, 0.39558073532963806], [0.6441992211118694, 0.39585398057896526], [0.7004412276118019, 0.39652982308409923], [0.7366025070758465, 0.3962209663995746], [1.3393990698819858, 0.3986150132016346], [1.3394378799061168, 0.3976051145405957], [1.3394478602059472, 0.39734541123813705], [1.339487215951973, 0.3963213120239301], [1.3396098321926224, 0.39313064208682225], [1.3435377668659423, 0.3931309661332842], [1.3435203873151385, 0.3910372271334954], [1.3490078653685094, 0.3909903580983538], [1.349162270430241, 0.3863778888947352], [1.35074513515382, 0.3863722704084152], [1.35080723967922, 0.38396104841333734], [1.3551328148418889, 0.3839509678510142], [1.355015795515883, 0.3735259663845187], [1.3579083152193516, 0.37347898348032715], [1.3590117066196845, 0.2400153111188625], [1.3554208942937882, 0.20483488308645786], [1.356026063665371, 0.18133904779731028], [1.3572018509026829, 0.14621531311345085], [1.3592339767327846, 0.08551058164869106], [1.3586079879036899, 0.08109526567408407], [1.3603635760547632, 0.012934165707451106], [1.3609518780971324, 0.005336655554751088], [1.3611374739786009, -0.017112593105773358], [1.3633354302538696, -0.10244873376568994], [1.3621534006973874, -0.13999673983602298], [1.3627168553865567, -0.20815091613566555], [1.3643267770077545, -0.2500436416886504], [1.3646113459606035, -0.2574485792245136], [1.3653743385621233, -0.27730286233591056], [1.3658847559956497, -0.290584737166728], [1.363633668162547, -0.2906009333350796], [1.363449990933678, -0.29682929665233626], [1.3634782315363025, -0.3002452146437501], [1.3633492418567836, -0.3002456257130462], [1.3617196533373355, -0.3002508189487231], [1.3571080614247353, -0.3002655153480669], [1.3045161613922482, -0.3004331172477523], [1.3044131910098364, -0.30115940301076133], [1.1346613774706888, -0.30199654185815705], [1.0544756489375717, -0.3012299560168371], [0.11040769124543068, -0.3042385482723669], [0.001747072853689094, -0.30458483213075954], [-0.7588527454090207, -0.3070087410285645], [-0.9150306637687242, -0.3075064548550251], [-1.0425126586691178, -0.3079127194035163], [-1.1008146871862396, -0.30809851856135134], [-1.2540314560804187, -0.3085867956822476], [-1.3112615931965643, -0.3087691788951378], [-1.4441035247055516, -0.3091925246967733], [-1.4711140522626762, -0.30927860288994147], [-1.4796284253359644, -0.3093057368231295], [-1.4804873587762932, -0.3093084741054147], [-1.4803176922090888, -0.3020657582843186], [-1.4929341563196699, -0.3020908502242249], [-1.4928998099281632, -0.2998868307041798], [-1.4941517715885972, -0.29987468385542015], [-1.494216780694963, -0.2967683180329907], [-1.500782699486681, 0.01697458457905806]]]}, "properties": {"image": "rPc6DW4iMge-20", "condition": "manual", "method": "mv_strict", "n": 22, "workers": ["P001", "P002", "P003", "P004", "P005", "P006", "P007", "P008", "P009", "P010", "P011", "P012", "P014", "P017", "P018", "P019", "P020", "P021", "P022", "P023", "P025", "P026"], "records": ["R01899", "R00981", "R02375", "R00850", "R01372", "R00676", "R01910", "R00237", "R01511", "R01117", "R01342", "R01229", "R00136", "R01512", "R01036", "R00635", "R01215", "R00872", "R00926", "R01407", "R01521", "R00047"], "output_type": "BEV_region_only"}}, {"type": "Feature", "geometry": {"type": "Polygon", "coordinates": [[[-0.8553009948401809, -1.2250322693863993], [-0.8608633468564401, -1.2252988702242713], [-0.866081517020125, -1.1607074677560358], [-0.8652455181754295, -1.1446214827810313], [-0.8673823130400914, -1.1446059922159229], [-0.8785234406192879, -1.0066992101745988], [-0.8790413815710344, -0.9714205870950883], [-0.8773127350473419, -0.9130261251339773], [-0.879894510019913, -0.8764306698479265], [-0.8691162303519828, -0.6361444867613042], [-0.8587113760531574, -0.4041832831124368], [-0.8603290869597546, -0.33931080588348517], [-0.8520226270250487, -0.05871482975959176], [-0.8626577591391432, 0.06581453622910122], [-0.8544540891742227, 0.49019975410149697], [-0.833674148434612, 0.7115235220555425], [-0.8292047361364558, 0.7120838519052534], [-0.8277791639007244, 0.760240327246678], [-0.8076472610109168, 0.7594280913943748], [-0.8102773205878689, 0.9547573431146625], [-0.7975988691097653, 0.9582318225165977], [-0.7957481171359497, 0.9994916655833314], [-0.7911101954607757, 1.1028874329151233], [-0.7870990726049687, 1.1073734037492962], [-0.7859735597853779, 1.1790865095081737], [-0.7850485816211403, 1.2380223614700743], [-0.7760298541824804, 1.4390818681167712], [-0.6886193214885135, 1.8127776149120407], [-0.4275558676758735, 1.8088978937394238], [-0.1884289917680703, 1.7769157285470072], [-0.17505824298213501, 1.7918693440908249], [-0.175026706970057, 1.8043453640234217], [-0.16415244484818103, 1.804066201208145], [-0.16334308998162633, 1.8049713697747483], [-0.09686779177273619, 1.8039834658067644], [0.18271611746778776, 1.8091288138529502], [0.27903542113437607, 1.7983970858187899], [0.34560795860554955, 1.7909796903488473], [0.8635503781379955, 1.7776831317072197], [1.04777898590779, 1.7869726193107167], [1.2245727487858002, 1.7843452484742124], [1.4454251091159591, 1.7747919251114561], [1.4611801191900817, 1.778997961869854], [1.4617123104645555, 1.7740873960725776], [1.526348271388548, 1.7712914638278587], [1.527070748651956, 1.7606493125340044], [1.557740850083831, 1.3088761202591561], [1.5769360938080035, 1.0261285540985], [1.5931282277073702, 0.7876170500623226], [1.6002874222043078, 0.6821615086392785], [1.607331288233437, 0.6819396786574438], [1.7412096101901202, 0.6777234960093208], [1.937596698677821, 0.6715387468826839], [2.1205325966880184, 0.6761251386255682], [2.225422978903478, 0.6821527627039361], [2.2549800518463816, 0.6838512875905245], [2.3464540002357106, 0.6849423065464468], [2.3536213236326398, 0.6849076140831463], [2.353725753667817, 0.6819715317135431], [2.3558790893804566, 0.6820255180619827], [2.3558767386895862, 0.6800186399797984], [2.3624816674908176, 0.679910588447446], [2.362839242605648, 0.6675896093479301], [2.3756092135475724, 0.66764282740007], [2.383276847412612, 0.2237858020703708], [2.3825336802392094, -0.011022364459772963], [2.3865811160459205, -0.15048501136327677], [2.3852792104471243, -0.2051635534437505], [2.3957938091506086, -0.5007847109432736], [2.4021975975401326, -0.8714813972280189], [2.3813997602902064, -0.8735673267485798], [2.38180566615859, -0.8856771976971091], [2.381962109940807, -0.8903445705066995], [2.379750760013779, -0.8903028535868491], [2.368970766647217, -0.8900994899700088], [2.368923737171786, -0.8920746740031322], [2.2076459495352, -0.8909940523647314], [2.1684737348598526, -0.894922849286986], [2.084456655074228, -0.8917246067987938], [2.03485010814301, -0.8898362554481787], [1.750213065744866, -0.8879290805568729], [1.7508814663942656, -0.8940964597027695], [1.7162947627286442, -0.893078405216601], [1.7166487846510947, -0.8981956330998957], [1.5902387834342202, -0.8974405448534668], [1.6030509535724167, -0.9924893678149006], [1.602856844618762, -0.9925122010655193], [1.6033073781555496, -0.9953575558480346], [1.6041829615798175, -1.0008873228471724], [1.6091600504483097, -1.0378105320788606], [1.5906250878838504, -1.0678806177236506], [1.5994907073534894, -1.1266002035662053], [1.5860485208311206, -1.206987547291685], [1.5936018258727132, -1.2748628029485378], [1.5956133872424543, -1.2929390280564597], [1.5787896741149197, -1.292602687627554], [1.5800955190199415, -1.3746916753708782], [1.5578980057196061, -1.3753340533123284], [1.5543631577062438, -1.3964732512988043], [0.17756205436237038, -1.4596272895711302], [-0.8272227526695074, -1.4491445335140576], [-0.8271475877279151, -1.444355328707195], [-0.8245374707506992, -1.2780492755267585], [-0.8368837533084094, -1.279501582380935], [-0.8377617949120824, -1.2442908820586103], [-0.8539651713841729, -1.2439669434279983], [-0.8553009948401809, -1.2250322693863993]]]}, "properties": {"image": "uNb9QFRL6hY-18", "condition": "manual", "method": "mv50", "n": 17, "workers": ["P002", "P003", "P004", "P005", "P007", "P008", "P010", "P011", "P018", "P019", "P020", "P021", "P022", "P023", "P024", "P025", "P026"], "records": ["R02849", "R02844", "R02850", "R02847", "R02845", "R02848", "R02846", "R02843", "R03067", "R03066", "R03068", "R03061", "R03069", "R03060", "R03064", "R03062", "R03063"], "output_type": "BEV_region_only"}}, {"type": "Feature", "geometry": {"type": "Polygon", "coordinates": [[[-0.8553009948401809, -1.2250322693863993], [-0.8608633468564401, -1.2252988702242713], [-0.866081517020125, -1.1607074677560358], [-0.8652455181754295, -1.1446214827810313], [-0.8673823130400914, -1.1446059922159229], [-0.8785234406192879, -1.0066992101745988], [-0.8790413815710344, -0.9714205870950883], [-0.8773127350473419, -0.9130261251339773], [-0.879894510019913, -0.8764306698479265], [-0.8691162303519828, -0.6361444867613042], [-0.8587113760531574, -0.4041832831124368], [-0.8603290869597546, -0.33931080588348517], [-0.8520226270250487, -0.05871482975959176], [-0.8626577591391432, 0.06581453622910122], [-0.8544540891742227, 0.49019975410149697], [-0.833674148434612, 0.7115235220555425], [-0.8292047361364558, 0.7120838519052534], [-0.8277791639007244, 0.760240327246678], [-0.8076472610109168, 0.7594280913943748], [-0.8102773205878689, 0.9547573431146625], [-0.7975988691097653, 0.9582318225165977], [-0.7957481171359497, 0.9994916655833314], [-0.7911101954607757, 1.1028874329151233], [-0.7870990726049687, 1.1073734037492962], [-0.7859735597853779, 1.1790865095081737], [-0.7850485816211403, 1.2380223614700743], [-0.7760298541824804, 1.4390818681167712], [-0.6886193214885135, 1.8127776149120407], [-0.4275558676758735, 1.8088978937394238], [-0.1884289917680703, 1.7769157285470072], [-0.17505824298213501, 1.7918693440908249], [-0.175026706970057, 1.8043453640234217], [-0.16415244484818103, 1.804066201208145], [-0.16334308998162633, 1.8049713697747483], [-0.09686779177273619, 1.8039834658067644], [0.18271611746778776, 1.8091288138529502], [0.27903542113437607, 1.7983970858187899], [0.34560795860554955, 1.7909796903488473], [0.8635503781379955, 1.7776831317072197], [1.04777898590779, 1.7869726193107167], [1.2245727487858002, 1.7843452484742124], [1.4454251091159591, 1.7747919251114561], [1.4611801191900817, 1.778997961869854], [1.4617123104645555, 1.7740873960725776], [1.526348271388548, 1.7712914638278587], [1.527070748651956, 1.7606493125340044], [1.557740850083831, 1.3088761202591561], [1.5769360938080035, 1.0261285540985], [1.5931282277073702, 0.7876170500623226], [1.6002874222043078, 0.6821615086392785], [1.607331288233437, 0.6819396786574438], [1.7412096101901202, 0.6777234960093208], [1.937596698677821, 0.6715387468826839], [2.1205325966880184, 0.6761251386255682], [2.225422978903478, 0.6821527627039361], [2.2549800518463816, 0.6838512875905245], [2.3464540002357106, 0.6849423065464468], [2.3536213236326398, 0.6849076140831463], [2.353725753667817, 0.6819715317135431], [2.3558790893804566, 0.6820255180619827], [2.3558767386895862, 0.6800186399797984], [2.3624816674908176, 0.679910588447446], [2.362839242605648, 0.6675896093479301], [2.3756092135475724, 0.66764282740007], [2.383276847412612, 0.2237858020703708], [2.3825336802392094, -0.011022364459772963], [2.3865811160459205, -0.15048501136327677], [2.3852792104471243, -0.2051635534437505], [2.3957938091506086, -0.5007847109432736], [2.4021975975401326, -0.8714813972280189], [2.3813997602902064, -0.8735673267485798], [2.38180566615859, -0.8856771976971091], [2.381962109940807, -0.8903445705066995], [2.379750760013779, -0.8903028535868491], [2.368970766647217, -0.8900994899700088], [2.368923737171786, -0.8920746740031322], [2.2076459495352, -0.8909940523647314], [2.1684737348598526, -0.894922849286986], [2.084456655074228, -0.8917246067987938], [2.03485010814301, -0.8898362554481787], [1.750213065744866, -0.8879290805568729], [1.7508814663942656, -0.8940964597027695], [1.7162947627286442, -0.893078405216601], [1.7166487846510947, -0.8981956330998957], [1.5902387834342202, -0.8974405448534668], [1.6030509535724167, -0.9924893678149006], [1.602856844618762, -0.9925122010655193], [1.6033073781555496, -0.9953575558480346], [1.6041829615798175, -1.0008873228471724], [1.6091600504483097, -1.0378105320788606], [1.5906250878838504, -1.0678806177236506], [1.5994907073534894, -1.1266002035662053], [1.5860485208311206, -1.206987547291685], [1.5936018258727132, -1.2748628029485378], [1.5956133872424543, -1.2929390280564597], [1.5787896741149197, -1.292602687627554], [1.5800955190199415, -1.3746916753708782], [1.5578980057196061, -1.3753340533123284], [1.5543631577062438, -1.3964732512988043], [0.17756205436237038, -1.4596272895711302], [-0.8272227526695074, -1.4491445335140576], [-0.8271475877279151, -1.444355328707195], [-0.8245374707506992, -1.2780492755267585], [-0.8368837533084094, -1.279501582380935], [-0.8377617949120824, -1.2442908820586103], [-0.8539651713841729, -1.2439669434279983], [-0.8553009948401809, -1.2250322693863993]]]}, "properties": {"image": "uNb9QFRL6hY-18", "condition": "manual", "method": "mv_strict", "n": 17, "workers": ["P002", "P003", "P004", "P005", "P007", "P008", "P010", "P011", "P018", "P019", "P020", "P021", "P022", "P023", "P024", "P025", "P026"], "records": ["R02849", "R02844", "R02850", "R02847", "R02845", "R02848", "R02846", "R02843", "R03067", "R03066", "R03068", "R03061", "R03069", "R03060", "R03064", "R03062", "R03063"], "output_type": "BEV_region_only"}}, {"type": "Feature", "geometry": {"type": "Polygon", "coordinates": [[[-0.29655463319944375, -0.9289337313749778], [-0.29608125447241523, -0.8023786141605935], [-0.29603971274327096, -0.8009480584259956], [-0.29607374958741756, -0.8003722257313451], [-0.2987657068263596, -0.7548299015338171], [-0.2992220354570631, -0.7188977818140074], [-0.2986095166164435, -0.6923625426921148], [-0.3000370582429722, -0.654721452854527], [-0.30086508222406844, -0.5895213868982173], [-0.2948496542478107, -0.44828244575452214], [-0.30265448725111443, -0.44862048493218987], [-0.3034855897844769, -0.38317800835083715], [-0.3035222748176423, -0.3802893642576675], [-0.31267556220107195, -0.3801741102996892], [-0.43485299080754547, -0.3786357086705652], [-0.4773239599976868, -0.37810093388492916], [-0.49551665530477723, -0.3791338617659629], [-0.6445429143918427, -0.37599539021131845], [-0.6876694675646393, -0.37545236061562093], [-0.8526271389047995, -0.37337528997155306], [-0.8566220040891941, -0.22358752788404357], [-0.8987981817446845, 0.2738044331119178], [-0.9010965022622623, 0.327413067779695], [-0.888086412635446, 0.5739749563347226], [-0.910485968375228, 1.1330677363781414], [-0.8989798700735784, 1.3646237532846177], [-0.8711923791264077, 1.92383683793462], [-0.8830741391343004, 2.030787667437798], [-0.8751422258836911, 2.031567592823382], [-0.8782642533364909, 2.076090979930399], [-0.6547380860943878, 2.0968500845453586], [-0.6549133710810774, 2.099400420240148], [-0.6316989720398283, 2.1015905440091753], [-0.6358237981349313, 2.1336786205963185], [-0.27228714691983225, 2.154005278566943], [-0.17087086680318908, 2.1450666031964563], [0.20928386438004853, 2.1809316674263393], [0.31315964883008796, 2.186739740793602], [0.48278823110522967, 2.202493321363536], [0.7678916817454128, 2.2336325905130145], [1.1881870987048295, 2.279537654382301], [1.2799020771471739, 2.281937357522742], [1.2954466951792243, 2.2834038885913235], [1.3421213343067846, 2.283809645338738], [1.4926883413648167, 2.3020123228129257], [1.675115033565462, 2.3192230649038024], [1.7341955630876158, 2.3207751105117356], [1.7339585948212612, 2.3186907974442077], [1.765160635833603, 2.321588563023814], [2.483103588462579, 2.3404489255728067], [2.4644353483556087, 1.6345311683894088], [2.51555768743417, 1.6359582124457435], [2.515284457910723, 1.6058157487466782], [2.5033437958816567, 1.4274750129132021], [2.5114415725891814, 1.426301458057838], [2.485628497568458, 1.0095847898499102], [2.506380292176761, 0.6235152673766341], [2.5043820692131527, 0.4030728994240297], [2.50384638416536, 0.3940127418488396], [2.5042567951772168, 0.38925276742291626], [2.497351245487068, -0.37256198169897664], [2.4007096343925802, -0.3739938051483116], [2.3944302378660867, -0.3783176426405301], [1.8938382516180658, -0.38150351368311464], [1.637754868061663, -0.3852975956464483], [1.538349940441443, -0.39219495396108556], [1.5171784918757774, -0.3918819774013318], [1.3550789570462194, -0.38948566736183304], [1.2979684556672013, -0.39033180552273156], [1.2976581294185807, -0.3975640174020658], [1.2947294374542906, -0.39755497967982467], [1.2943240901016237, -0.40912704946301326], [1.289371883568307, -0.5505052506705528], [1.2832562415908366, -0.7250978198994911], [1.2833024088645537, -0.7321267983099762], [1.2817104866361426, -0.7692268467347102], [1.2784117513968032, -0.8634008783022902], [1.2765780363434087, -0.8888395708990138], [1.2715585413523944, -1.0058198504068925], [1.2687484474590238, -1.0310069270813953], [1.2674170275105194, -1.1023386132855464], [1.2667001561019569, -1.1190454369590381], [1.266094623018163, -1.150231419954982], [1.2653613754214554, -1.1502459737630721], [1.2651837674377422, -1.1543851613934613], [1.2573961185022222, -1.1549457527042477], [1.2572734075393464, -1.1566480926927152], [1.257134025562448, -1.1585817056917904], [1.2545094826478758, -1.1586318079830602], [1.1887513229240412, -1.1598871254151213], [1.1526650821361264, -1.1624847814204382], [0.8697930613748497, -1.1659760103155523], [0.6474361087325483, -1.1702207848038304], [0.6088399812413482, -1.1709575814516264], [0.5676236381963564, -1.17051346314544], [0.4744762606022933, -1.1708550415957293], [0.296537405536908, -1.1730511770448837], [0.1419408425013493, -1.179870644565559], [0.07469727774495538, -1.1811543182478386], [-0.2735575700884402, -1.18129920763064], [-0.2735875693402054, -1.1807916826113674], [-0.2736291503764852, -1.180088217858165], [-0.279514264799238, -1.1801608524067093], [-0.27954764374004903, -1.1736201040524399], [-0.28035766882748825, -1.1736230744754534], [-0.2808223219896643, -1.1613712065818935], [-0.281618605262146, -1.1613626263937427], [-0.28187723110191515, -1.1407179100759095], [-0.29386660479224874, -1.1405938202645856], [-0.29655463319944375, -0.9289337313749778]]]}, "properties": {"image": "uNb9QFRL6hY-26", "condition": "manual", "method": "mv50", "n": 18, "workers": ["P001", "P002", "P003", "P004", "P005", "P007", "P008", "P010", "P011", "P018", "P019", "P020", "P021", "P022", "P023", "P024", "P025", "P026"], "records": ["R02861", "R02866", "R01129", "R02867", "R02864", "R02862", "R02865", "R02863", "R00137", "R00602", "R00532", "R03095", "R03090", "R03096", "R03092", "R03094", "R03091", "R02483"], "output_type": "BEV_region_only"}}, {"type": "Feature", "geometry": {"type": "Polygon", "coordinates": [[[-0.8566220040891941, -0.22358752788404357], [-0.8575961528182774, -0.1870617500831364], [-0.888086412635446, 0.5739749563347226], [-0.881315457702155, 0.7022953202645852], [-0.8989798700735784, 1.3646237532846177], [-0.8711923791264077, 1.92383683793462], [-0.8696975187312447, 1.9539203562446925], [-0.8751422258836911, 2.031567592823382], [-0.8657935236884438, 2.0324868275570416], [-0.8646587424032961, 2.0553238855727134], [-0.653469334740778, 2.0783901928796067], [-0.6547380860943878, 2.0968500845453586], [-0.6313685920285727, 2.0990204334494558], [-0.6316989720398283, 2.1015905440091753], [-0.17087086680318908, 2.1450666031964563], [-0.15275428502827965, 2.1434698354672266], [0.31315964883008796, 2.186739740793602], [0.36518655040399206, 2.1896487543140526], [0.48278823110522967, 2.202493321363536], [0.7678916817454128, 2.2336325905130145], [1.2799020771471739, 2.281937357522742], [1.3395420505143152, 2.2834978248947637], [1.3421213343067846, 2.283809645338738], [1.3561060636658764, 2.283931218818561], [1.361082717242492, 2.2840614319137336], [1.7339585948212612, 2.3186907974442077], [1.7311222972471458, 2.2937434397744547], [2.2431554925528125, 2.307140680744832], [2.2439529331236057, 2.2946974242091085], [2.3975577620650643, 2.3032860295398043], [2.3974470073080463, 2.2555531553161625], [2.4186740289433137, 2.255215840921457], [2.452055302266587, 1.634185588130232], [2.4644353483556087, 1.6345311683894088], [2.460346832565861, 1.4799287055986063], [2.4628508614295823, 1.433343374261079], [2.5033437958816567, 1.4274750129132021], [2.4810577416255915, 1.0946198240487508], [2.485628497568458, 1.0095847898499102], [2.471055495282219, 0.7743236691336652], [2.50384638416536, 0.3940127418488396], [2.4585917394041257, -0.3713888952430284], [2.403673964027389, -0.37195264091219404], [2.4007096343925802, -0.3739938051483116], [1.8938382516180658, -0.38150351368311464], [1.6720969202982265, -0.3829147214247544], [1.637754868061663, -0.3852975956464483], [1.6042920528050941, -0.38579337425591576], [1.5171784918757774, -0.3918819774013318], [1.3550789570462194, -0.38948566736183304], [1.298040942894192, -0.3886424769967941], [1.2979684556672013, -0.39033180552273156], [1.294980900906647, -0.3903760685571935], [1.2947294374542906, -0.39755497967982467], [1.2943240901016237, -0.40912704946301326], [1.2844407456427744, -0.40981281997471375], [1.289371883568307, -0.5505052506705528], [1.2832562415908366, -0.7250978198994911], [1.2817104866361426, -0.7692268467347102], [1.2784117513968032, -0.8634008783022902], [1.2765780363434087, -0.8888395708990138], [1.2695934573884184, -0.9857349727361998], [1.2687484474590238, -1.0310069270813953], [1.2683381855929807, -1.0346841341316748], [1.2667001561019569, -1.1190454369590381], [1.2653613754214554, -1.1502459737630721], [1.257723968749461, -1.1503975642374364], [1.2573961185022222, -1.1549457527042477], [1.2572734075393464, -1.1566480926927152], [1.254733736187639, -1.15662180713794], [1.2545094826478758, -1.1586318079830602], [1.1887513229240412, -1.1598871254151213], [0.8697930613748497, -1.1659760103155523], [0.6474361087325483, -1.1702207848038304], [0.5676236381963564, -1.17051346314544], [0.5326692435792346, -1.1701368191885955], [0.4744762606022933, -1.1708550415957293], [0.3347039738619189, -1.1713675971000426], [0.296537405536908, -1.1730511770448837], [-0.17980316245868044, -1.1789302100804793], [-0.2735875693402054, -1.1807916826113674], [-0.2736291503764852, -1.180088217858165], [-0.27401267328970724, -1.1735998068988576], [-0.27954764374004903, -1.1736201040524399], [-0.27961008601715415, -1.1613842687836087], [-0.2808223219896643, -1.1613712065818935], [-0.2814194729246847, -1.1456256678361254], [-0.2816914341744068, -1.1456285109709932], [-0.28154287211887297, -1.1423719062168434], [-0.2816054934037105, -1.1407207225564084], [-0.28187723110191515, -1.1407179100759095], [-0.28201121395374906, -1.1300227762484658], [-0.29171948260727903, -0.8740373774593838], [-0.29603971274327096, -0.8009480584259956], [-0.29607374958741756, -0.8003722257313451], [-0.2959336560720279, -0.7629190191362598], [-0.2986095166164435, -0.6923625426921148], [-0.2951012462888273, -0.5403789858216507], [-0.29475674463007806, -0.44827842169779186], [-0.2948496542478107, -0.44828244575452214], [-0.29474781574000425, -0.44589133358976724], [-0.2945139436232695, -0.38336694992695786], [-0.3034855897844769, -0.38317800835083715], [-0.3035222748176423, -0.3802893642576675], [-0.31267556220107195, -0.3801741102996892], [-0.31286470725395993, -0.3787027025837727], [-0.36474018984132844, -0.3721381591739609], [-0.43485299080754547, -0.3786357086705652], [-0.4773239599976868, -0.37810093388492916], [-0.6445429143918427, -0.37599539021131845], [-0.6876694675646393, -0.37545236061562093], [-0.6878452047812524, -0.3750834502118133], [-0.8440549137937542, -0.37179369623624975], [-0.8445168234459559, -0.36634630482993846], [-0.850396842100496, -0.3667565034238089], [-0.8556945932040146, -0.23452466691537932], [-0.8566220040891941, -0.22358752788404357]]]}, "properties": {"image": "uNb9QFRL6hY-26", "condition": "manual", "method": "mv_strict", "n": 18, "workers": ["P001", "P002", "P003", "P004", "P005", "P007", "P008", "P010", "P011", "P018", "P019", "P020", "P021", "P022", "P023", "P024", "P025", "P026"], "records": ["R02861", "R02866", "R01129", "R02867", "R02864", "R02862", "R02865", "R02863", "R00137", "R00602", "R00532", "R03095", "R03090", "R03096", "R03092", "R03094", "R03091", "R02483"], "output_type": "BEV_region_only"}}, {"type": "Feature", "geometry": {"type": "Polygon", "coordinates": [[[-2.3476481661188138, -2.174499420001313], [-2.347638611631047, -2.171917572918389], [-2.3476867962459185, -2.171916692617687], [-2.3475843973684034, -2.0912887159355615], [-2.3472887570863206, -2.077378654893745], [-2.345094526482612, -1.4844459910253913], [-2.329634113711309, -1.1293597090979297], [-2.326594492863857, -1.103700519688769], [-2.3255431867772476, -1.0542359077105432], [-2.326068111098923, -1.0474577167186523], [-2.324761131937958, -1.0174397361065677], [-2.3247016863986634, -1.0146427861293115], [-2.3243681791490616, -1.0084146119493889], [-2.3194556356114697, -0.8955860060529125], [-2.317111144700698, -0.8728910974589593], [-2.2942808851849867, -0.4465410465789606], [-2.298731896320851, -0.41961452707668856], [-2.2897182443055977, -0.2125939107432654], [-2.2629600234914755, 0.13836912351544206], [-2.2595158547325114, 0.2026882139144467], [-2.258052618651817, 0.20273505071316367], [-2.2538236645055676, 0.25820236258038015], [-2.20023084367748, 0.2585220105928108], [-2.200186037416891, 0.25895573971661595], [-2.192300083125533, 0.2589376514431198], [-2.192839782673217, 0.26970671833871024], [-2.163912553561895, 0.26959138199607147], [-2.1638009238722007, 0.27053371246928065], [-2.076335490000208, 0.27082300766111894], [-2.0764554883306436, 0.2712242968251624], [-2.0348515642727705, 0.27096021729605985], [-2.0024157951838153, 0.27106749981471456], [-2.002025698028146, 0.2751459216264089], [-2.0019166810374083, 0.2762856819820276], [-1.823843915333193, 0.2762648878061207], [-1.345557365039951, 0.2732400836246478], [-0.47853532053015846, 0.27610779144464886], [-0.42832576910188747, 0.2761019283007791], [-0.09688187828673045, 0.27191207572989234], [0.03233344144971967, 0.27604813552331847], [0.054109062724445656, 0.276045592708321], [0.10411530195899579, 0.2755795622276731], [0.10408359207510086, 0.27226582026773705], [0.3209165415794555, 0.27355909463298983], [0.39878803102983273, 0.27283337543848873], [0.8054215867198299, 0.2655981862131255], [0.8863940737593391, 0.2682891569181914], [1.0421310401568302, 0.2668377745623927], [1.0423793640709291, 0.2667640760951653], [1.04613690545499, 0.2668004421143045], [1.3225301612460176, 0.2642246099018485], [1.3229696632048147, 0.2570538651225429], [1.329035618731359, 0.2570599133793761], [1.329081636803041, 0.25632499531253655], [1.338785987874192, 0.2562636225608242], [1.3387871286009951, 0.25610806773224776], [1.3448859781996556, 0.25599955152573733], [1.34493333994958, 0.25368578353903676], [1.3484547756822522, 0.25364126832253525], [1.3487736658781035, 0.2508153737737824], [1.3584492279020912, 0.16507389179839227], [1.3659181117737882, 0.09888722788432548], [1.3654658730069273, -0.062179773486468345], [1.3765830969419697, -0.14589327586894765], [1.3788085825470344, -0.15084402027392432], [1.3788365917962564, -0.16286225553109082], [1.387446021885646, -0.22769188840626517], [1.3789899173953462, -0.2286513492053585], [1.378999071733363, -0.2325793012556192], [1.364986560882937, -0.23288908058029842], [1.3649723257511255, -0.23795899090861106], [1.362046352558554, -0.23792035272063383], [1.3324361634632782, -0.23752934296866152], [1.327024643797183, -0.2377766594149532], [1.3271123104735567, -0.23990603749831219], [1.2897182766721107, -0.24020920319019218], [1.2596049555346203, -0.24219720723466986], [1.2417100856918206, -0.24422762515804575], [1.2139301852262134, -0.2452125381471628], [1.2024098641596597, -0.24597308012688743], [1.1975787299678333, -0.24579226523059433], [1.172320491953262, -0.24484692496352456], [0.9926848871744183, -0.2530566039710149], [0.30495915940525264, -0.27743934080149446], [0.10215171027465024, -0.2765695584741375], [0.10232526243712682, -0.2846235550648391], [0.09875339035299614, -0.28475019278319524], [0.094219885203904, -0.758509929271378], [0.09353022916895302, -1.0064916460554718], [0.09375428649747841, -1.0274279672899351], [0.09917334798602502, -1.2056893017280141], [0.09733551326428504, -1.3620642610312712], [0.09867625675009697, -1.4873457525884268], [0.09527817436851233, -1.5371160664487242], [0.09247556533784983, -1.7755803134936754], [0.09405910963250509, -1.880321736130889], [0.09172292734252463, -1.8831398650357274], [0.09146119065174882, -2.0368722385203624], [0.09116264002293695, -2.0545067498309426], [0.09139837354804951, -2.073768183137454], [0.0913433245877428, -2.106101469314216], [0.09047217218845535, -2.106086489884116], [0.09025959215537979, -2.182524538541], [0.08932883245462542, -2.1825280575506], [0.0893398400867081, -2.1839826010463237], [0.08950867787897164, -2.20629275010695], [0.08741689913613092, -2.2060046122976655], [0.08723360211344786, -2.22160071793405], [0.07271825079414714, -2.221866882909796], [0.07267068809728237, -2.2296531314583046], [0.07249740954741785, -2.2296609181491074], [0.07247563036245572, -2.2363113328889583], [-0.0049165327088513955, -2.2331397009103897], [-0.17012341723912128, -2.240563671905776], [-0.27116205044956676, -2.228172544414405], [-0.34395421716855956, -2.2192454935475396], [-0.41079177282929225, -2.2165064031733936], [-0.4396394348627376, -2.2216883285777547], [-0.5555859038156387, -2.210572550468925], [-0.8160376040644921, -2.199898899435025], [-1.4235741161872952, -2.188799613503178], [-2.0264538222840827, -2.190719140414943], [-2.029986444095646, -2.190540749545955], [-2.1061945741863957, -2.1908288766975477], [-2.311713727420373, -2.1806532813054043], [-2.3115972204804023, -2.176319926090931], [-2.3476481661188138, -2.174499420001313]]]}, "properties": {"image": "uNb9QFRL6hY-29", "condition": "manual", "method": "mv50", "n": 20, "workers": ["P001", "P002", "P003", "P004", "P005", "P007", "P008", "P010", "P011", "P017", "P018", "P019", "P020", "P021", "P022", "P023", "P024", "P025", "P026", "P027"], "records": ["R02348", "R00292", "R02869", "R02872", "R02871", "R01418", "R02873", "R02870", "R02868", "R00788", "R03104", "R03099", "R02223", "R03097", "R03105", "R03101", "R03103", "R03098", "R03100", "R03102"], "output_type": "BEV_region_only"}}, {"type": "Feature", "geometry": {"type": "Polygon", "coordinates": [[[-2.3255431867772476, -1.0542359077105432], [-2.324761131937958, -1.0174397361065677], [-2.3243681791490616, -1.0084146119493889], [-2.317111144700698, -0.8728910974589593], [-2.2812258520754933, -0.5255178437370618], [-2.2942808851849867, -0.4465410465789606], [-2.2629600234914755, 0.13836912351544206], [-2.258052618651817, 0.20273505071316367], [-2.247624781125738, 0.20306883589909958], [-2.2467681259545462, 0.2349312395810064], [-2.202623745947128, 0.2353584751598476], [-2.20023084367748, 0.2585220105928108], [-2.1922816290786713, 0.258569422738834], [-2.192300083125533, 0.2589376514431198], [-2.1651819767904135, 0.2588754497480598], [-2.163912553561895, 0.26959138199607147], [-2.075862214043534, 0.2692403146992672], [-2.076335490000208, 0.27082300766111894], [-2.0348515642727705, 0.27096021729605985], [-2.002445731180275, 0.2707545223445131], [-2.0024157951838153, 0.27106749981471456], [-2.002025698028146, 0.2751459216264089], [-1.6902551513871031, 0.2720999828120973], [-1.345557365039951, 0.2732400836246478], [-0.5626814122842455, 0.2682889796180263], [-0.12932191806816434, 0.2708737008335504], [-0.09688187828673045, 0.27191207572989234], [-0.051471333533107066, 0.27133803139553037], [0.10408359207510086, 0.27226582026773705], [0.10405590030438357, 0.26937197862281437], [0.6277776052352775, 0.2627515013938113], [0.7575582533743717, 0.2640075369371981], [0.8054215867198299, 0.2655981862131255], [0.8464619387973944, 0.26486795943030905], [1.0423793640709291, 0.2667640760951653], [1.0616705273633744, 0.2610387750469492], [1.2876125818759867, 0.25701861120289016], [1.3229696632048147, 0.2570538651225429], [1.3230104268627523, 0.25638878097106205], [1.3252242716110416, 0.25634939025810854], [1.329081636803041, 0.25632499531253655], [1.3290844099734167, 0.2562807072114267], [1.3387871286009951, 0.25610806773224776], [1.3388043237152514, 0.25376326173410396], [1.34493333994958, 0.25368578353903676], [1.3449919183374435, 0.25082404809286685], [1.3487736658781035, 0.2508153737737824], [1.3584492279020912, 0.16507389179839227], [1.3601182619366323, -0.021911874351809652], [1.3654658730069273, -0.062179773486468345], [1.3653012918743432, -0.12079613159199515], [1.3765830969419697, -0.14589327586894765], [1.3788365917962564, -0.16286225553109082], [1.3789899173953462, -0.2286513492053585], [1.3649940006342705, -0.2302393775338909], [1.364986560882937, -0.23288908058029842], [1.3620020323850281, -0.2329550605629323], [1.362046352558554, -0.23792035272063383], [1.3324361634632782, -0.23752934296866152], [1.3306656495623779, -0.23750596290178566], [1.3270233986297746, -0.2377464149446526], [1.327024643797183, -0.2377766594149532], [1.3255318648298025, -0.2378448821716078], [1.2897182766721107, -0.24020920319019218], [1.2761570220607867, -0.24031914872746243], [1.2596049555346203, -0.24219720723466986], [1.2139301852262134, -0.2452125381471628], [1.1975787299678333, -0.24579226523059433], [1.172320491953262, -0.24484692496352456], [1.0913719197786065, -0.24181726213453555], [0.8857085100410114, -0.24348464282522433], [0.09898183715819303, -0.26087707591835313], [0.09875339035299614, -0.28475019278319524], [0.09553712997613598, -0.2848642225877827], [0.094219885203904, -0.758509929271378], [0.09351165560741359, -0.8325212419250363], [0.09325866552742784, -0.9811162491782948], [0.09353022916895302, -1.0064916460554718], [0.09349566356952167, -1.0189205037095177], [0.09375428649747841, -1.0274279672899351], [0.09733551326428504, -1.3620642610312712], [0.09527817436851233, -1.5371160664487242], [0.09223619293233064, -1.5816707163466934], [0.09196369565202162, -1.7417233766972329], [0.09247556533784983, -1.7755803134936754], [0.09180957462287662, -1.8322471452377629], [0.09172292734252463, -1.8831398650357274], [0.09120408985007777, -1.8837657369724545], [0.09105524062656048, -1.8964307992843699], [0.09071690672295642, -2.0180865494119864], [0.09116264002293695, -2.0545067498309426], [0.09054334201368078, -2.091086869565776], [0.0905139367372413, -2.091069084128524], [0.09047217218845535, -2.106086489884116], [0.08875011714051176, -2.1060568792175545], [0.08932883245462542, -2.1825280575506], [0.0893398400867081, -2.1839826010463237], [0.0876756559029713, -2.183987899692628], [0.08741689913613092, -2.2060046122976655], [0.08037778696698687, -2.2050349904546924], [0.0802702400418016, -2.216273844555496], [0.07275325504363762, -2.216136514264764], [0.07271825079414714, -2.221866882909796], [0.07252292220117164, -2.2218704646095473], [0.07249740954741785, -2.2296609181491074], [-0.0049165327088513955, -2.2331397009103897], [-0.1709576796798189, -2.226335117725318], [-0.27116205044956676, -2.228172544414405], [-0.34395421716855956, -2.2192454935475396], [-0.39273594830743097, -2.213263022975787], [-0.41079177282929225, -2.2165064031733936], [-0.5555859038156387, -2.210572550468925], [-0.6318143588972736, -2.2032645349690263], [-0.8160376040644921, -2.199898899435025], [-1.1111484349084115, -2.1878048719368643], [-1.4235741161872952, -2.188799613503178], [-1.448589092464356, -2.1883426066093743], [-2.029986444095646, -2.190540749545955], [-2.3115972204804023, -2.176319926090931], [-2.3114966110713366, -2.172577863107302], [-2.347638611631047, -2.171917572918389], [-2.3472887570863206, -2.077378654893745], [-2.326594492863857, -1.103700519688769], [-2.3236423997798696, -1.0787802025186242], [-2.3255431867772476, -1.0542359077105432]]]}, "properties": {"image": "uNb9QFRL6hY-29", "condition": "manual", "method": "mv_strict", "n": 20, "workers": ["P001", "P002", "P003", "P004", "P005", "P007", "P008", "P010", "P011", "P017", "P018", "P019", "P020", "P021", "P022", "P023", "P024", "P025", "P026", "P027"], "records": ["R02348", "R00292", "R02869", "R02872", "R02871", "R01418", "R02873", "R02870", "R02868", "R00788", "R03104", "R03099", "R02223", "R03097", "R03105", "R03101", "R03103", "R03098", "R03100", "R03102"], "output_type": "BEV_region_only"}}, {"type": "Feature", "geometry": {"type": "Polygon", "coordinates": [[[-1.2656615180664457, -0.14693914809501907], [-1.273565606375715, -0.07645461989703306], [-1.2662900422025678, 0.18634503581613993], [-1.266751271589805, 0.430918714194854], [-1.2746764216447208, 0.7560790902390185], [-1.28125184664015, 0.7966633212369584], [-1.2772851550766842, 0.8631126148862955], [-1.2844060645495898, 1.1552758655430155], [-1.2773443580276556, 1.450902231670435], [-1.2686743596857768, 1.4506645120409187], [-1.268787203492597, 1.5105016032583347], [-1.2664517363661394, 1.511420686327393], [-1.2671300705337563, 1.565980363449802], [-1.2682417247870565, 1.6553927799655603], [-1.247123464160781, 1.6617038894412892], [-1.2450825886058943, 1.6891857847135732], [-1.2265726771479304, 1.7126387965057919], [-1.2218399573174297, 1.7919204559807775], [-1.215014761667887, 2.0384524120172482], [-1.2148561329327483, 2.0962073139159445], [-1.2125597388423666, 2.127129954811246], [-1.2031843788335956, 2.4657760479328856], [-1.1873756335570047, 2.466252515381534], [-1.1868752022859983, 2.4729911917049603], [-1.181195013859102, 2.472797136209327], [-1.1752414184925053, 2.5725306800089034], [-1.1089868989833545, 2.5737574469916114], [-1.1089867237491722, 2.573766120851706], [-1.1089040771528422, 2.573758980518499], [-0.5828193959285857, 2.5283073819555058], [-0.5386135514198116, 2.584318465255594], [-0.3178629441078365, 2.588405877834681], [-0.18730285914011746, 2.5839255901298976], [-0.017143986867038052, 2.56065265424992], [0.02627595663634119, 2.576596439397788], [1.1484154013354488, 2.5380892068206875], [1.1501459522144566, 2.4740285254146714], [1.1736674589892826, 2.4734128649314764], [1.186740744835638, 2.4562508976601394], [1.1839045994611563, 2.314359962839764], [1.2002588053464553, 2.1590468143471977], [1.2066749250601059, 1.9095401048480583], [1.2047676811597474, 1.781101640135334], [1.1958321012194324, 1.5729756432584452], [1.1968426937680872, 1.5410873965402634], [1.200799511422351, 1.5138753935630416], [1.2002395013974563, 1.4761629500692117], [1.2002105285012517, 1.4757773480407899], [1.2002293629820289, 1.4754802044005162], [1.1998122014089265, 1.4473875247089794], [1.2011942529712534, 1.4037782568043298], [1.2047907275034422, 1.4035174848251208], [1.2060429170170044, 1.3837622202772668], [1.2315848435049028, 1.3831780339038557], [1.343535071587776, 1.385547376375225], [1.46804864916222, 1.3836480939441262], [1.4721991259211957, 1.3841283256114565], [1.4816926280779479, 1.3834399739145702], [1.5277992446933673, 1.3827366812407835], [1.5746470539147883, 1.3904386878512893], [1.9253789332416646, 1.3978616645792796], [1.953582362066693, 1.3975670189213811], [1.95341711304564, 1.384418363640017], [1.96626301779976, 1.3845122924838646], [1.9667400163968956, 1.3760412467971699], [1.9866804137026348, 1.3757370836126426], [1.9891719655344378, 1.2014398175411574], [1.983002813808209, 1.087229286569303], [1.99345903346695, 0.9015366766304204], [1.9959841412596548, 0.7248919931097184], [1.9825446397546258, 0.5623847279996358], [2.001616675148677, 0.08407308100219357], [2.0051154466396963, -0.0036733561116552016], [2.004239917315841, -0.16830577190068352], [1.9998186175668036, -0.16874769687523802], [1.9996965290954039, -0.18591427853552], [1.98720908284574, -0.18636188720082866], [1.9828520247804937, -0.18651806460542086], [1.9832296582963287, -0.20048962110623583], [1.9548192551858297, -0.20115792795744283], [1.9548174557130704, -0.20328032557403203], [1.933455586561501, -0.2038950130893345], [1.9334163238076958, -0.20701910067480334], [1.9130430540236452, -0.20794737081255762], [1.9128153176926486, -0.21216349134889276], [1.863924259998536, -0.21307880266066256], [1.792509012491418, -0.21343928018808622], [1.7561283274217672, -0.2150968984250782], [1.7036516467106488, -0.21607933778565686], [1.6648731491083484, -0.21621113637849243], [1.6500889167458033, -0.21708210955903162], [1.4854047093525165, -0.22016523610622163], [1.4236057324668059, -0.2263422683903721], [1.2306956745973137, -0.22942149949365143], [1.2275431236583445, -0.2425913584882391], [1.2148899489792135, -0.24304064101874182], [1.214107304592762, -0.25087862430480845], [1.216362741486923, -0.2892976796718606], [1.2146014025966603, -0.29665571615580955], [1.2078354283005837, -0.31368986067392], [1.207653497334586, -0.31551185275025995], [1.2070936298597907, -0.315557426421414], [1.2033478222206897, -0.3249879423928518], [1.198023714683547, -0.36590941466809057], [1.1923395559905219, -0.3896551272479095], [1.1907971705883207, -0.40279773220427195], [1.189674853458952, -0.41661493968036645], [1.1867637847932981, -0.4524540431547342], [1.181241184263325, -0.4949011468050486], [1.181325885767503, -0.5194017686302692], [1.173354309134669, -0.6175424147677964], [1.1647515478593324, -0.6216416745324227], [1.14685685908556, -0.7591815355178293], [1.1413178704296385, -0.7594633754863057], [1.1307498111363374, -0.7595122436211866], [1.1037747020830104, -0.7596369801722465], [1.1033538509770706, -0.761395096006136], [1.0950939522293464, -0.7618153838505944], [0.779649777250266, -0.7611357776435104], [0.686996679733608, -0.7615642180923108], [-1.2227294993865725, -0.7703950501227348], [-1.222630017247543, -0.73417474504822], [-1.238359889456231, -0.7339491339842733], [-1.238717974666708, -0.719257283244827], [-1.240341490866786, -0.588674859554645], [-1.2421666802584337, -0.4418714864540262], [-1.2454778743477413, -0.44190587575416507], [-1.2457703424800957, -0.429906223099223], [-1.2651278790498222, -0.4299090993460256], [-1.2656615180664457, -0.14693914809501907]]]}, "properties": {"image": "uNb9QFRL6hY-41", "condition": "manual", "method": "mv50", "n": 18, "workers": ["P001", "P002", "P003", "P004", "P005", "P007", "P008", "P010", "P011", "P018", "P019", "P020", "P021", "P022", "P023", "P024", "P025", "P026"], "records": ["R02877", "R02884", "R02879", "R02885", "R02882", "R02880", "R02883", "R02881", "R02878", "R03119", "R03122", "R03120", "R03113", "R03121", "R03116", "R03118", "R03114", "R03115"], "output_type": "BEV_region_only"}}, {"type": "Feature", "geometry": {"type": "Polygon", "coordinates": [[[-1.240341490866786, -0.588674859554645], [-1.2421666802584337, -0.4418714864540262], [-1.2423154493789037, -0.42990570975264086], [-1.2457703424800957, -0.429906223099223], [-1.2490585147732463, -0.2949960533320725], [-1.2656615180664457, -0.14693914809501907], [-1.2662900422025678, 0.18634503581613993], [-1.2633652131981026, 0.29199238316967147], [-1.266751271589805, 0.430918714194854], [-1.2672783644789882, 0.7104174849193974], [-1.2746764216447208, 0.7560790902390185], [-1.2772851550766842, 0.8631126148862955], [-1.2678639538182395, 1.020934860184574], [-1.2686743596857768, 1.4506645120409187], [-1.265695346340127, 1.4505828315237], [-1.2664517363661394, 1.511420686327393], [-1.2671300705337563, 1.565980363449802], [-1.2543193880349175, 1.5648054647319358], [-1.247123464160781, 1.6617038894412892], [-1.2292951874701414, 1.6670318001035063], [-1.2265726771479304, 1.7126387965057919], [-1.2239425985138341, 1.7159712416857706], [-1.2218399573174297, 1.7919204559807775], [-1.2153953650454423, 1.899879090394337], [-1.215014761667887, 2.0384524120172482], [-1.2125597388423666, 2.127129954811246], [-1.1873756335570047, 2.466252515381534], [-1.1815752591955322, 2.4664273356803537], [-1.181195013859102, 2.472797136209327], [-1.1110749520278476, 2.4704015848068255], [-1.1089868989833545, 2.5737574469916114], [-1.1089040771528422, 2.573758980518499], [-0.5828193959285857, 2.5283073819555058], [-0.43470660917679865, 2.5155110334478428], [-0.15968280352201797, 2.508312460214398], [-0.017143986867038052, 2.56065265424992], [0.33711580846893274, 2.512199903055868], [1.0525008973134147, 2.5337612415504247], [1.0608465888138672, 2.476365879468837], [1.1501459522144566, 2.4740285254146714], [1.1523328369407502, 2.3930755020611443], [1.175700049719354, 2.392277194731082], [1.1839045994611563, 2.314359962839764], [1.1794303641534276, 2.090516207815038], [1.1958321012194324, 1.5729756432584452], [1.1968426937680872, 1.5410873965402634], [1.1976145014798891, 1.5167337687941533], [1.2002105285012517, 1.4757773480407899], [1.1992975584287455, 1.4636265741118621], [1.1998122014089265, 1.4473875247089794], [1.2011942529712534, 1.4037782568043298], [1.2018255381381637, 1.3838586787520688], [1.2060429170170044, 1.3837622202772668], [1.2315848435049028, 1.3831780339038557], [1.3653555117649139, 1.3801184760589686], [1.4424130133046134, 1.3806819180405152], [1.46804864916222, 1.3836480939441262], [1.4816926280779479, 1.3834399739145702], [1.5126479760795382, 1.381195473837278], [1.5186936641008932, 1.3812396797143245], [1.5277992446933673, 1.3827366812407835], [1.5911887740310933, 1.3817697616346483], [1.95341711304564, 1.384418363640017], [1.9533144052686684, 1.376246035928117], [1.9667400163968956, 1.3760412467971699], [1.983002813808209, 1.087229286569303], [1.973245646648092, 0.906593229686434], [1.975332315254726, 0.7432641537636633], [1.9825446397546258, 0.5623847279996358], [2.001616675148677, 0.08407308100219357], [1.9998186175668036, -0.16874769687523802], [1.9870004152589207, -0.17002892277040121], [1.98720908284574, -0.18636188720082866], [1.9828520247804937, -0.18651806460542086], [1.954830815990364, -0.18752247620536852], [1.9548192551858297, -0.20115792795744283], [1.9548174557130704, -0.20328032557403203], [1.933455586561501, -0.2038950130893345], [1.9132305087969568, -0.20447698944681883], [1.9130430540236452, -0.20794737081255762], [1.792509012491418, -0.21343928018808622], [1.704372095591809, -0.21388416246445932], [1.6648731491083484, -0.21621113637849243], [1.5200392156334526, -0.2167033913601734], [1.4854047093525165, -0.22016523610622163], [1.2370612975811979, -0.2248145839567011], [1.2317316742809883, -0.22509358536424726], [1.2306956745973137, -0.22942149949365143], [1.2162267968356097, -0.2296524517774537], [1.2148899489792135, -0.24304064101874182], [1.2140055289164355, -0.2430720445592689], [1.2137598604701196, -0.24496026985236888], [1.214107304592762, -0.25087862430480845], [1.2078354283005837, -0.31368986067392], [1.2070936298597907, -0.315557426421414], [1.2045478221026567, -0.31576465725865344], [1.2033478222206897, -0.3249879423928518], [1.1984948889537008, -0.33720577872938245], [1.1923395559905219, -0.3896551272479095], [1.191620802129217, -0.39265773916075514], [1.1907971705883207, -0.40279773220427195], [1.189674853458952, -0.41661493968036645], [1.1891750061723012, -0.41662013097930595], [1.1876582146840555, -0.4295446512079961], [1.1827907797822614, -0.42954537443762936], [1.1810405193361664, -0.4368571304489098], [1.181241184263325, -0.4949011468050486], [1.1647515478593324, -0.6216416745324227], [1.1501256880528963, -0.6286109715649317], [1.1307498111363374, -0.7595122436211866], [1.1037747020830104, -0.7596369801722465], [0.779649777250266, -0.7611357776435104], [0.686996679733608, -0.7615642180923108], [0.6354676675681108, -0.7608251456380313], [-0.4437896144470996, -0.7584999483255535], [-1.2076307539263664, -0.7638614791787494], [-1.2083706591501215, -0.7343792647613413], [-1.222630017247543, -0.73417474504822], [-1.2222285903706869, -0.5880198263189049], [-1.240341490866786, -0.588674859554645]]]}, "properties": {"image": "uNb9QFRL6hY-41", "condition": "manual", "method": "mv_strict", "n": 18, "workers": ["P001", "P002", "P003", "P004", "P005", "P007", "P008", "P010", "P011", "P018", "P019", "P020", "P021", "P022", "P023", "P024", "P025", "P026"], "records": ["R02877", "R02884", "R02879", "R02885", "R02882", "R02880", "R02883", "R02881", "R02878", "R03119", "R03122", "R03120", "R03113", "R03121", "R03116", "R03118", "R03114", "R03115"], "output_type": "BEV_region_only"}}, {"type": "Feature", "geometry": {"type": "Polygon", "coordinates": [[[-2.3109949189355476, -1.6122361133663867], [-2.3108761846205623, -1.4913717850248038], [-2.3112508388118735, -1.4496318200557865], [-2.3107744966858217, -1.3878596374675374], [-2.3094296482355436, -0.018885514997581537], [-2.3331183676697713, 1.2243724234376079], [-2.3355907662053172, 1.3541316159860952], [-2.3368835251731963, 1.4219796418686685], [-2.3369709790855975, 1.4265694961721849], [-2.3134476866894618, 1.4252520175695573], [-2.3134925136064752, 1.4285635173212723], [-2.308036111808187, 1.4283574161623414], [-2.30800768319635, 1.4285886158682506], [-2.3080048022559336, 1.4315212384084492], [-2.3076476732258184, 1.4315164478633082], [-2.3072884269406324, 1.4344380690792942], [-2.2397958543972187, 1.4306062804627455], [-2.213584389079994, 1.42911816420579], [-2.147710615846007, 1.4253782804690316], [-2.1475071280499933, 1.4293683152672525], [-1.804140643364588, 1.4247623815398762], [-1.3902675498738404, 1.4047363104777943], [-1.1748689610121499, 1.391923169333088], [-1.1208422505906352, 1.3916996326308235], [-0.7287411137535063, 1.3727270409032606], [-0.4038969134262905, 1.373013230664258], [0.42701746172558663, 1.3737452713969986], [0.7713214336877585, 1.3616900517101107], [0.7730238380032382, 1.311978518517604], [0.9325636692786721, 1.3059523229885626], [0.9336582663344865, 1.2922885474549126], [0.9347243051350292, 1.27898126254728], [0.964999762437211, 1.2768545512742993], [0.9658326300740306, 1.276826890930966], [0.9658370707110616, 1.276795734228955], [0.9666180135192423, 1.2767408765976687], [0.969498727069507, 1.2643639035145893], [0.9706157337654129, 1.2595646891645278], [0.9732632341170775, 1.2481897155622461], [1.6235491285676482, 1.2112707184940124], [1.7113030026489617, 1.2062886251600158], [1.8136898792160885, 1.200475765265521], [1.9968039415093521, 1.20325390840797], [2.101003941312821, 1.1970554959122526], [2.2834603714925787, 1.18423877301297], [2.3158312923975277, 1.1842763352606516], [2.4647073381688003, 1.1754203357965234], [2.464521170224925, 1.1726676649014656], [2.49300705848934, 1.1715475914840556], [2.4927160877010146, 1.1619250803833125], [2.50200656208148, 1.1613976277669449], [2.4936107399408463, 1.070724337319257], [2.4961929174797026, 0.9194990473452658], [2.4812321317996195, 0.7821464305144764], [2.478669365555944, 0.6973948072663992], [2.481277307649202, 0.6557338196904537], [2.4755307915915, 0.5936010106892675], [2.4729158844903254, 0.5071250700862768], [2.455355560042641, 0.37546122028534823], [2.428291285840189, 0.08283532959062878], [2.454554493003955, -0.1000929067399908], [2.42453512727463, -1.0928443840612532], [2.408667584800035, -1.2561241014298954], [2.4135984051682033, -1.454525810847717], [2.417983908251278, -1.6309855565638942], [2.4158178479931154, -1.686670968879029], [2.406576305012914, -1.6867492484086177], [2.4057339108103886, -1.7146075348422471], [2.3737935668156154, -1.7149153828226513], [1.7936485638334492, -1.7205069465058371], [1.31311958246188, -1.7656831869742107], [1.258844408857013, -1.7643976146397298], [1.2263564455572507, -1.7710313389777614], [0.5980222168632292, -1.781778216055395], [-1.2123128955931763, -1.767988870586077], [-1.3220112269986097, -1.7505363530266655], [-2.2703341318507384, -1.7596764953832265], [-2.2850203487816, -1.7598180443353193], [-2.3101426932394813, -1.75962668711955], [-2.3078852350312125, -1.7153619352131737], [-2.3125181366271574, -1.7155005964893495], [-2.3110149988080537, -1.6326762052130506], [-2.3107729772695915, -1.619340577339064], [-2.3109949189355476, -1.6122361133663867]]]}, "properties": {"image": "uNb9QFRL6hY-45", "condition": "manual", "method": "mv50", "n": 23, "workers": ["P001", "P002", "P003", "P004", "P005", "P006", "P007", "P008", "P009", "P010", "P011", "P012", "P017", "P018", "P019", "P020", "P021", "P022", "P023", "P024", "P025", "P026", "P027"], "records": ["R02102", "R01254", "R00844", "R00241", "R01865", "R00002", "R02465", "R01388", "R00180", "R01373", "R01421", "R00731", "R02138", "R00455", "R00665", "R01704", "R01829", "R01345", "R01468", "R01952", "R00139", "R00699", "R00678"], "output_type": "BEV_region_only"}}, {"type": "Feature", "geometry": {"type": "Polygon", "coordinates": [[[-2.3109949189355476, -1.6122361133663867], [-2.3108761846205623, -1.4913717850248038], [-2.3112508388118735, -1.4496318200557865], [-2.3107744966858217, -1.3878596374675374], [-2.3094296482355436, -0.018885514997581537], [-2.3331183676697713, 1.2243724234376079], [-2.3355907662053172, 1.3541316159860952], [-2.3368835251731963, 1.4219796418686685], [-2.3369709790855975, 1.4265694961721849], [-2.3134476866894618, 1.4252520175695573], [-2.3134925136064752, 1.4285635173212723], [-2.308036111808187, 1.4283574161623414], [-2.30800768319635, 1.4285886158682506], [-2.3080048022559336, 1.4315212384084492], [-2.3076476732258184, 1.4315164478633082], [-2.3072884269406324, 1.4344380690792942], [-2.2397958543972187, 1.4306062804627455], [-2.213584389079994, 1.42911816420579], [-2.147710615846007, 1.4253782804690316], [-2.1475071280499933, 1.4293683152672525], [-1.804140643364588, 1.4247623815398762], [-1.3902675498738404, 1.4047363104777943], [-1.1748689610121499, 1.391923169333088], [-1.1208422505906352, 1.3916996326308235], [-0.7287411137535063, 1.3727270409032606], [-0.4038969134262905, 1.373013230664258], [0.42701746172558663, 1.3737452713969986], [0.7713214336877585, 1.3616900517101107], [0.7730238380032382, 1.311978518517604], [0.9325636692786721, 1.3059523229885626], [0.9336582663344865, 1.2922885474549126], [0.9347243051350292, 1.27898126254728], [0.964999762437211, 1.2768545512742993], [0.9658326300740306, 1.276826890930966], [0.9658370707110616, 1.276795734228955], [0.9666180135192423, 1.2767408765976687], [0.969498727069507, 1.2643639035145893], [0.9706157337654129, 1.2595646891645278], [0.9732632341170775, 1.2481897155622461], [1.6235491285676482, 1.2112707184940124], [1.7113030026489617, 1.2062886251600158], [1.8136898792160885, 1.200475765265521], [1.9968039415093521, 1.20325390840797], [2.101003941312821, 1.1970554959122526], [2.2834603714925787, 1.18423877301297], [2.3158312923975277, 1.1842763352606516], [2.4647073381688003, 1.1754203357965234], [2.464521170224925, 1.1726676649014656], [2.49300705848934, 1.1715475914840556], [2.4927160877010146, 1.1619250803833125], [2.50200656208148, 1.1613976277669449], [2.4936107399408463, 1.070724337319257], [2.4961929174797026, 0.9194990473452658], [2.4812321317996195, 0.7821464305144764], [2.478669365555944, 0.6973948072663992], [2.481277307649202, 0.6557338196904537], [2.4755307915915, 0.5936010106892675], [2.4729158844903254, 0.5071250700862768], [2.455355560042641, 0.37546122028534823], [2.428291285840189, 0.08283532959062878], [2.454554493003955, -0.1000929067399908], [2.42453512727463, -1.0928443840612532], [2.408667584800035, -1.2561241014298954], [2.4135984051682033, -1.454525810847717], [2.417983908251278, -1.6309855565638942], [2.4158178479931154, -1.686670968879029], [2.406576305012914, -1.6867492484086177], [2.4057339108103886, -1.7146075348422471], [2.3737935668156154, -1.7149153828226513], [1.7936485638334492, -1.7205069465058371], [1.31311958246188, -1.7656831869742107], [1.258844408857013, -1.7643976146397298], [1.2263564455572507, -1.7710313389777614], [0.5980222168632292, -1.781778216055395], [-1.2123128955931763, -1.767988870586077], [-1.3220112269986097, -1.7505363530266655], [-2.2703341318507384, -1.7596764953832265], [-2.2850203487816, -1.7598180443353193], [-2.3101426932394813, -1.75962668711955], [-2.3078852350312125, -1.7153619352131737], [-2.3125181366271574, -1.7155005964893495], [-2.3110149988080537, -1.6326762052130506], [-2.3107729772695915, -1.619340577339064], [-2.3109949189355476, -1.6122361133663867]]]}, "properties": {"image": "uNb9QFRL6hY-45", "condition": "manual", "method": "mv_strict", "n": 23, "workers": ["P001", "P002", "P003", "P004", "P005", "P006", "P007", "P008", "P009", "P010", "P011", "P012", "P017", "P018", "P019", "P020", "P021", "P022", "P023", "P024", "P025", "P026", "P027"], "records": ["R02102", "R01254", "R00844", "R00241", "R01865", "R00002", "R02465", "R01388", "R00180", "R01373", "R01421", "R00731", "R02138", "R00455", "R00665", "R01704", "R01829", "R01345", "R01468", "R01952", "R00139", "R00699", "R00678"], "output_type": "BEV_region_only"}}, {"type": "Feature", "geometry": {"type": "Polygon", "coordinates": [[[-0.5015793289722493, 0.06802336090543001], [-0.5017361549250227, 0.08518213464610647], [-0.501753797887976, 0.09833658014078889], [-0.5019983489884895, 0.11386953320238596], [-0.5027638075379248, 0.19762053120596462], [-0.5019332819001344, 0.23215835720513797], [-0.5025470732210109, 0.6897960282079896], [-0.502330072259833, 0.7124469211116835], [-0.502597854330828, 0.727657998615906], [-0.5029171210126174, 0.9657005640830563], [-0.5015654235179919, 0.9967486929517959], [-0.5016670658684772, 1.0292916733641806], [-0.5001382235219645, 1.0295310940247526], [-0.5000405254459572, 1.0317751926238548], [-0.5000430084246412, 1.0326795585127835], [-0.5000010096882336, 1.0326828589789598], [-0.49990650388035535, 1.0348536320354413], [-0.49924109838130976, 1.0348787487170692], [-0.49909118595765195, 1.0505268372544367], [-0.4864626903240459, 1.051296752474505], [-0.48648715363056066, 1.0559109787163599], [-0.4865007738244538, 1.0584799959521438], [-0.48651386109626416, 1.0609484943534186], [-0.4804019973473598, 1.0625407072490527], [-0.4579019469068501, 1.0627682303022024], [-0.4463335405170498, 1.0655433535968795], [-0.429884338320073, 1.0651974428747886], [-0.4118503946181713, 1.0673371406241128], [-0.381786215908571, 1.0674864039520757], [-0.37657154606199866, 1.069148732715592], [-0.37603452695045436, 1.0693199232879471], [-0.3584539382438653, 1.0682604522445318], [-0.3583983117505547, 1.0682718849698192], [-0.3481182999441813, 1.0676535591978904], [-0.25371072980922915, 1.068122276079843], [0.21996180603984594, 1.1423006187235283], [0.2595410213248385, 1.1469966274981587], [0.2595340914038457, 1.1484977408295476], [0.2920628906638712, 1.1535918348178607], [0.2883234016811983, 1.1941734713306102], [0.2989936638336523, 1.195857492627285], [0.29819285314991756, 1.2032188494035152], [0.30186015582604114, 1.2039725777359356], [0.3018600928133979, 1.2287572461507559], [0.3018600723475366, 1.236807052657484], [0.30365127378323853, 1.2371028822811143], [0.30398394131055534, 1.2455356059488645], [0.34999278609605966, 1.2565725813647703], [0.557412626987944, 1.279013369909253], [1.1152084874788901, 1.3711373131925884], [1.6769025981006584, 1.4865804065826467], [1.6939538480915095, 1.4889651165012647], [1.772340584688285, 1.499927927342155], [1.924724622798662, 1.5356573111869218], [2.0614299996419865, 1.5403586521029495], [2.248105636876718, 1.5664662538281529], [2.57310166144567, 1.6119187129567725], [2.7455416645579933, 1.6360353839345094], [2.7562242212901666, 1.564252843961971], [2.814849756769082, 1.5662689945702015], [2.818074801126635, 1.5235948024386492], [2.82260550354328, 1.5240849799185505], [2.830843323909637, 1.4520774151848224], [2.8548664171931857, 1.4549277156781746], [2.853147366959732, 1.2571156713827003], [2.8561362218073127, 1.2309898092801648], [2.856143587399677, 1.0198638395369826], [2.8561480201402487, 0.8928045881749189], [2.8756490035964477, 0.7617657217739112], [2.9980823126200313, -0.06093750548689773], [3.0206006514107355, -0.46302347553376977], [3.0827358896546, -0.7497392580582051], [3.09633372212521, -0.8685991940996178], [3.109526663722138, -0.9064730593935229], [3.141291302947417, -1.261577648029975], [3.1658934012001643, -1.4766269090887847], [3.1618499770467126, -1.4914080407873183], [3.1763861108802556, -1.6539109985170193], [3.1428832723624476, -1.6571959646927303], [3.118988858462515, -1.6480910437314091], [3.117137348365591, -1.6548594196289619], [2.9599096340595676, -1.6060370582149144], [2.8562338541614083, -1.5675258315342795], [2.8562340745746555, -1.57384371585592], [2.8562342354190218, -1.5784541288572482], [2.8285053545844847, -1.5784540802398332], [2.703427524818318, -1.5784538609392134], [2.691101650188199, -1.5784538393280936], [2.148046117459574, -1.3539371393089135], [2.0067710749702004, -1.3100684027210607], [1.9512788197845377, -1.4932459650579168], [0.7384147536743826, -1.2843453743530946], [0.470273683767413, -0.8329551197597904], [0.44449350996477643, -0.8249498582938667], [0.3489015074136881, -0.6480132867568552], [0.34288945496038087, -0.6458734376041719], [0.3346476923292816, -0.6310640037515872], [0.3152436981543583, -0.5961974125778569], [0.31517223449430165, -0.5961678671922375], [0.3135291382804044, -0.5961122776403345], [0.3113311885138667, -0.5920474829486552], [0.3070095181738858, -0.5918276867257156], [0.3071053581974849, -0.584232412331721], [0.3057980183459262, -0.5818146736873989], [0.29723528965030754, -0.5814535299470622], [0.29640798572236915, -0.564449147257259], [0.2932839441190114, -0.5586716777630779], [0.2693654235013892, -0.558121332435547], [0.2693656898278513, -0.5539760082480851], [0.26936588045191134, -0.551008978533598], [0.25319972361644566, -0.5508438983540007], [0.2470298091067998, -0.551286345211813], [0.24705765716571987, -0.5529872646286942], [0.2323814784741778, -0.5523367824343169], [0.18029528801706599, -0.5560719024699566], [-0.28638729085651016, -0.5453339232767981], [-0.46174948110966346, -0.5435432180302637], [-0.46955521414310986, -0.5411193812344255], [-0.4916942113984538, -0.5406099812639807], [-0.491697244736292, -0.540417315215202], [-0.4967643415328893, -0.5404207669579594], [-0.49906995972700596, -0.5404223375616448], [-0.4983857707967765, -0.28139292633266344], [-0.4982408434227468, -0.22652437949241505], [-0.5015793289722493, 0.06802336090543001]]]}, "properties": {"image": "uNb9QFRL6hY-50", "condition": "manual", "method": "mv50", "n": 23, "workers": ["P001", "P002", "P003", "P004", "P005", "P006", "P007", "P008", "P009", "P010", "P011", "P012", "P017", "P018", "P019", "P020", "P021", "P022", "P023", "P024", "P025", "P026", "P027"], "records": ["R02344", "R00743", "R02204", "R01676", "R02153", "R02091", "R00460", "R02333", "R01090", "R02158", "R01068", "R01828", "R02353", "R00006", "R00293", "R00664", "R00063", "R01367", "R00802", "R00235", "R01785", "R01436", "R01138"], "output_type": "BEV_region_only"}}, {"type": "Feature", "geometry": {"type": "Polygon", "coordinates": [[[-0.5015793289722493, 0.06802336090543001], [-0.5017361549250227, 0.08518213464610647], [-0.501753797887976, 0.09833658014078889], [-0.5019983489884895, 0.11386953320238596], [-0.5027638075379248, 0.19762053120596462], [-0.5019332819001344, 0.23215835720513797], [-0.5025470732210109, 0.6897960282079896], [-0.502330072259833, 0.7124469211116835], [-0.502597854330828, 0.727657998615906], [-0.5029171210126174, 0.9657005640830563], [-0.5015654235179919, 0.9967486929517959], [-0.5016670658684772, 1.0292916733641806], [-0.5001382235219645, 1.0295310940247526], [-0.5000405254459572, 1.0317751926238548], [-0.5000430084246412, 1.0326795585127835], [-0.5000010096882336, 1.0326828589789598], [-0.49990650388035535, 1.0348536320354413], [-0.49924109838130976, 1.0348787487170692], [-0.49909118595765195, 1.0505268372544367], [-0.4864626903240459, 1.051296752474505], [-0.48648715363056066, 1.0559109787163599], [-0.4865007738244538, 1.0584799959521438], [-0.48651386109626416, 1.0609484943534186], [-0.4804019973473598, 1.0625407072490527], [-0.4579019469068501, 1.0627682303022024], [-0.4463335405170498, 1.0655433535968795], [-0.429884338320073, 1.0651974428747886], [-0.4118503946181713, 1.0673371406241128], [-0.381786215908571, 1.0674864039520757], [-0.37657154606199866, 1.069148732715592], [-0.37603452695045436, 1.0693199232879471], [-0.3584539382438653, 1.0682604522445318], [-0.3583983117505547, 1.0682718849698192], [-0.3481182999441813, 1.0676535591978904], [-0.25371072980922915, 1.068122276079843], [0.21996180603984594, 1.1423006187235283], [0.2595410213248385, 1.1469966274981587], [0.2595340914038457, 1.1484977408295476], [0.2920628906638712, 1.1535918348178607], [0.2883234016811983, 1.1941734713306102], [0.2989936638336523, 1.195857492627285], [0.29819285314991756, 1.2032188494035152], [0.30186015582604114, 1.2039725777359356], [0.3018600928133979, 1.2287572461507559], [0.3018600723475366, 1.236807052657484], [0.30365127378323853, 1.2371028822811143], [0.30398394131055534, 1.2455356059488645], [0.34999278609605966, 1.2565725813647703], [0.557412626987944, 1.279013369909253], [1.1152084874788901, 1.3711373131925884], [1.6769025981006584, 1.4865804065826467], [1.6939538480915095, 1.4889651165012647], [1.772340584688285, 1.499927927342155], [1.924724622798662, 1.5356573111869218], [2.0614299996419865, 1.5403586521029495], [2.248105636876718, 1.5664662538281529], [2.57310166144567, 1.6119187129567725], [2.7455416645579933, 1.6360353839345094], [2.7562242212901666, 1.564252843961971], [2.814849756769082, 1.5662689945702015], [2.818074801126635, 1.5235948024386492], [2.82260550354328, 1.5240849799185505], [2.830843323909637, 1.4520774151848224], [2.8548664171931857, 1.4549277156781746], [2.853147366959732, 1.2571156713827003], [2.8561362218073127, 1.2309898092801648], [2.856143587399677, 1.0198638395369826], [2.8561480201402487, 0.8928045881749189], [2.8756490035964477, 0.7617657217739112], [2.9980823126200313, -0.06093750548689773], [3.0206006514107355, -0.46302347553376977], [3.0827358896546, -0.7497392580582051], [3.09633372212521, -0.8685991940996178], [3.109526663722138, -0.9064730593935229], [3.141291302947417, -1.261577648029975], [3.1658934012001643, -1.4766269090887847], [3.1618499770467126, -1.4914080407873183], [3.1763861108802556, -1.6539109985170193], [3.1428832723624476, -1.6571959646927303], [3.118988858462515, -1.6480910437314091], [3.117137348365591, -1.6548594196289619], [2.9599096340595676, -1.6060370582149144], [2.8562338541614083, -1.5675258315342795], [2.8562340745746555, -1.57384371585592], [2.8562342354190218, -1.5784541288572482], [2.8285053545844847, -1.5784540802398332], [2.703427524818318, -1.5784538609392134], [2.691101650188199, -1.5784538393280936], [2.148046117459574, -1.3539371393089135], [2.0067710749702004, -1.3100684027210607], [1.9512788197845377, -1.4932459650579168], [0.7384147536743826, -1.2843453743530946], [0.470273683767413, -0.8329551197597904], [0.44449350996477643, -0.8249498582938667], [0.3489015074136881, -0.6480132867568552], [0.34288945496038087, -0.6458734376041719], [0.3346476923292816, -0.6310640037515872], [0.3152436981543583, -0.5961974125778569], [0.31517223449430165, -0.5961678671922375], [0.3135291382804044, -0.5961122776403345], [0.3113311885138667, -0.5920474829486552], [0.3070095181738858, -0.5918276867257156], [0.3071053581974849, -0.584232412331721], [0.3057980183459262, -0.5818146736873989], [0.29723528965030754, -0.5814535299470622], [0.29640798572236915, -0.564449147257259], [0.2932839441190114, -0.5586716777630779], [0.2693654235013892, -0.558121332435547], [0.2693656898278513, -0.5539760082480851], [0.26936588045191134, -0.551008978533598], [0.25319972361644566, -0.5508438983540007], [0.2470298091067998, -0.551286345211813], [0.24705765716571987, -0.5529872646286942], [0.2323814784741778, -0.5523367824343169], [0.18029528801706599, -0.5560719024699566], [-0.28638729085651016, -0.5453339232767981], [-0.46174948110966346, -0.5435432180302637], [-0.46955521414310986, -0.5411193812344255], [-0.4916942113984538, -0.5406099812639807], [-0.491697244736292, -0.540417315215202], [-0.4967643415328893, -0.5404207669579594], [-0.49906995972700596, -0.5404223375616448], [-0.4983857707967765, -0.28139292633266344], [-0.4982408434227468, -0.22652437949241505], [-0.5015793289722493, 0.06802336090543001]]]}, "properties": {"image": "uNb9QFRL6hY-50", "condition": "manual", "method": "mv_strict", "n": 23, "workers": ["P001", "P002", "P003", "P004", "P005", "P006", "P007", "P008", "P009", "P010", "P011", "P012", "P017", "P018", "P019", "P020", "P021", "P022", "P023", "P024", "P025", "P026", "P027"], "records": ["R02344", "R00743", "R02204", "R01676", "R02153", "R02091", "R00460", "R02333", "R01090", "R02158", "R01068", "R01828", "R02353", "R00006", "R00293", "R00664", "R00063", "R01367", "R00802", "R00235", "R01785", "R01436", "R01138"], "output_type": "BEV_region_only"}}, {"type": "Feature", "geometry": {"type": "Polygon", "coordinates": [[[-0.5984435129212281, -0.5162209243664144], [-0.5981401632741412, -0.3430640492375999], [-0.596946731368798, 0.3381661463231744], [-0.4627054040054561, 0.33780420707791703], [-0.16057956721245006, 0.33698962039668107], [-0.02531390012404705, 0.33662491934360894], [0.2160735000887126, 0.33597409462991124], [0.2638433737298004, 0.3358452982871509], [0.300570966468027, 0.33574627395942047], [0.30079755864900437, 0.3277698469046136], [0.30080011573173426, 0.3277699679447332], [0.30095367633757164, 0.32242477780908124], [0.30106161658377567, 0.322426177569839], [0.3104123858929453, 0.06857288269222139], [0.31011730133638304, 0.003454181910792581], [0.3110492487815756, -0.028985363790555004], [0.3110052179881374, -0.031556983208003556], [0.3125003635904407, -0.08418863087406828], [0.3123616000472515, -0.08834878012580885], [0.31412471368931255, -0.15176587899196464], [0.3204257133342742, -0.37840533541011523], [0.32097850404128114, -0.39828855909022337], [0.3194314048009702, -0.3982797657525838], [0.32025636088320636, -0.4303860845607989], [0.32001898940650625, -0.43535853407803965], [0.32039880839550433, -0.43592997391655386], [0.320541897472594, -0.44149883221815067], [0.31923235165674363, -0.4685362100505159], [0.319641112427018, -0.47447240200148866], [0.31894329737009314, -0.47450413409535697], [0.31814855766866, -0.47454027369216917], [0.3079491738861579, -0.47500407538342476], [0.3079165546663312, -0.4822024230040587], [0.07793019048606295, -0.490834523780535], [0.04181326000561318, -0.4871062071978393], [-0.5768304153040815, -0.5152381011447507], [-0.5984435129212281, -0.5162209243664144]]]}, "properties": {"image": "uNb9QFRL6hY-56", "condition": "semi", "method": "mv50", "n": 23, "workers": ["P001", "P002", "P003", "P004", "P005", "P006", "P007", "P008", "P009", "P010", "P011", "P012", "P014", "P017", "P018", "P019", "P020", "P021", "P022", "P023", "P024", "P025", "P026"], "records": ["R02330", "R02001", "R02356", "R01945", "R02308", "R01442", "R01353", "R01162", "R00092", "R02171", "R01946", "R00453", "R01358", "R02433", "R02022", "R00803", "R02132", "R00005", "R00883", "R01405", "R01738", "R00864", "R01567"], "output_type": "BEV_region_only"}}, {"type": "Feature", "geometry": {"type": "Polygon", "coordinates": [[[-0.5984435129212281, -0.5162209243664144], [-0.5981401632741412, -0.3430640492375999], [-0.596946731368798, 0.3381661463231744], [-0.4627054040054561, 0.33780420707791703], [-0.16057956721245006, 0.33698962039668107], [-0.02531390012404705, 0.33662491934360894], [0.2160735000887126, 0.33597409462991124], [0.2638433737298004, 0.3358452982871509], [0.300570966468027, 0.33574627395942047], [0.30079755864900437, 0.3277698469046136], [0.30080011573173426, 0.3277699679447332], [0.30095367633757164, 0.32242477780908124], [0.30106161658377567, 0.322426177569839], [0.3104123858929453, 0.06857288269222139], [0.31011730133638304, 0.003454181910792581], [0.3110492487815756, -0.028985363790555004], [0.3110052179881374, -0.031556983208003556], [0.3125003635904407, -0.08418863087406828], [0.3123616000472515, -0.08834878012580885], [0.31412471368931255, -0.15176587899196464], [0.3204257133342742, -0.37840533541011523], [0.32097850404128114, -0.39828855909022337], [0.3194314048009702, -0.3982797657525838], [0.32025636088320636, -0.4303860845607989], [0.32001898940650625, -0.43535853407803965], [0.32039880839550433, -0.43592997391655386], [0.320541897472594, -0.44149883221815067], [0.31923235165674363, -0.4685362100505159], [0.319641112427018, -0.47447240200148866], [0.31894329737009314, -0.47450413409535697], [0.31814855766866, -0.47454027369216917], [0.3079491738861579, -0.47500407538342476], [0.3079165546663312, -0.4822024230040587], [0.07793019048606295, -0.490834523780535], [0.04181326000561318, -0.4871062071978393], [-0.5768304153040815, -0.5152381011447507], [-0.5984435129212281, -0.5162209243664144]]]}, "properties": {"image": "uNb9QFRL6hY-56", "condition": "semi", "method": "mv_strict", "n": 23, "workers": ["P001", "P002", "P003", "P004", "P005", "P006", "P007", "P008", "P009", "P010", "P011", "P012", "P014", "P017", "P018", "P019", "P020", "P021", "P022", "P023", "P024", "P025", "P026"], "records": ["R02330", "R02001", "R02356", "R01945", "R02308", "R01442", "R01353", "R01162", "R00092", "R02171", "R01946", "R00453", "R01358", "R02433", "R02022", "R00803", "R02132", "R00005", "R00883", "R01405", "R01738", "R00864", "R01567"], "output_type": "BEV_region_only"}}, {"type": "Feature", "geometry": {"type": "Polygon", "coordinates": [[[-1.1386377954115836, -0.27789540439318605], [-1.1376553192015806, -0.26040862702174455], [-1.151589123499263, -0.26012130270146017], [-1.1508153515585715, -0.24497227659880474], [-1.1632549917929502, -0.2455352324848792], [-1.1509802860738072, 0.060094333905989686], [-1.164518469590804, 0.18875453539077713], [-1.1673141650362016, 0.2153234424264474], [-1.1609932386959254, 0.32854022729610194], [-1.1509773847165248, 0.7256980646925679], [-1.1331453715388464, 0.8273351531145292], [-1.1058865576171004, 1.315579297317842], [-1.1055274771882126, 1.3861480719831993], [-1.10187851086604, 1.3873691177229477], [-1.1004029902872285, 1.4137977908238526], [-1.0965613965063377, 1.415077663244775], [-1.0964741322571332, 1.4172504676488895], [-1.0881402437518206, 1.4178832699220074], [-1.0285666882737907, 1.4377309047895708], [-0.9429560120784992, 1.440549011139761], [-0.821651067440903, 1.4811410234474955], [-0.7634072799544509, 1.481521952594194], [-0.050024484720330414, 1.7392401247327143], [-0.050021634093423306, 1.7393497184765978], [-0.045945533875785816, 1.7407136951116493], [0.5934588075865272, 1.9717062551228863], [0.6464256570054701, 1.986106464777226], [0.8912058915868394, 2.0773258540600725], [1.2067867075108842, 2.1824653367618914], [1.256340752992755, 2.202711736512024], [1.380497377379197, 2.2438591192954065], [1.4356905113498497, 2.2749404177363988], [1.4786838999888348, 2.289168463118553], [1.5153221063841158, 2.291210429795346], [1.5153523005927376, 2.288552080086769], [1.5153894657405849, 2.28527999698013], [1.5172274507412467, 2.2858923434296994], [1.5175503675212525, 2.251166127770615], [1.521400179032526, 2.252725994837305], [1.5361207288739271, 2.2586904688989384], [1.5395619144940098, 2.2404576451944616], [1.5395389170942568, 2.2200366680168506], [1.5444180908287957, 2.214727615848391], [1.567112903089326, 2.094481120414497], [1.564359327020483, 1.8447541607527767], [1.5387977628187692, 1.5619146756476838], [1.538753083875386, 1.5222411606875448], [1.560811193080454, 1.5229672628559494], [1.5607970616795221, 1.521685659696175], [1.566662513131696, 1.5231598748399477], [1.6073002180138438, 1.5244975745203508], [1.6174462526191833, 1.520430656152438], [1.6179701402631488, 1.5139287758715505], [1.6310486403951459, 1.5149782993603151], [1.6467175706807602, 1.5086975933640459], [1.656433131088326, 1.5104247047953059], [1.6766663799590507, 1.5140215200020692], [1.6797843839927136, 1.4975010459178328], [1.680204570478544, 1.4952747242470579], [1.7527601026277735, 1.4661916944852522], [1.880940327335808, 1.4766594704740958], [1.8794491655837573, 1.4508911850260084], [1.9066883425850851, 1.4476594535680583], [1.9220095354137026, 1.4105904189899967], [1.9226637229254635, 1.39808783114933], [1.9457100538515473, 1.3888499810727135], [1.9308569278591834, 1.2415023529204905], [2.0086293728050397, -0.24485562096019126], [2.057088432466492, -0.5016117478414737], [2.0907557799973273, -0.6799952702369693], [2.08681061330254, -1.0194895549758918], [1.870391559009426, -1.020683841302383], [1.1652099202595503, -1.1400668040843054], [0.7500460189448427, -1.145483493367955], [0.7369410294620475, -1.1456544756134464], [0.05139237232675464, -1.2365894033611484], [-0.3026182007906222, -1.2629770807282379], [-0.3025987304589732, -1.2571472636658425], [-0.3357574418526118, -1.2616072506451015], [-0.34125366819624187, -1.2551405130792401], [-1.1538712102680286, -1.3259502796821028], [-1.1239843700854573, -0.35430777742109504], [-1.1224777878632433, -0.3359696045043825], [-1.1196451535534993, -0.301490677953953], [-1.1222957822760884, -0.29941058272403376], [-1.1216812759156145, -0.27943254241937565], [-1.1386377954115836, -0.27789540439318605]]]}, "properties": {"image": "uNb9QFRL6hY-59", "condition": "manual", "method": "mv50", "n": 17, "workers": ["P001", "P002", "P003", "P004", "P005", "P007", "P008", "P010", "P011", "P018", "P019", "P020", "P022", "P023", "P024", "P025", "P026"], "records": ["R02910", "R02917", "R02912", "R02918", "R02915", "R02913", "R02916", "R02914", "R02911", "R03183", "R03178", "R03181", "R03182", "R03176", "R03180", "R03175", "R03179"], "output_type": "BEV_region_only"}}, {"type": "Feature", "geometry": {"type": "Polygon", "coordinates": [[[-1.1386377954115836, -0.27789540439318605], [-1.1376553192015806, -0.26040862702174455], [-1.151589123499263, -0.26012130270146017], [-1.1508153515585715, -0.24497227659880474], [-1.1632549917929502, -0.2455352324848792], [-1.1509802860738072, 0.060094333905989686], [-1.164518469590804, 0.18875453539077713], [-1.1673141650362016, 0.2153234424264474], [-1.1609932386959254, 0.32854022729610194], [-1.1509773847165248, 0.7256980646925679], [-1.1331453715388464, 0.8273351531145292], [-1.1058865576171004, 1.315579297317842], [-1.1055274771882126, 1.3861480719831993], [-1.10187851086604, 1.3873691177229477], [-1.1004029902872285, 1.4137977908238526], [-1.0965613965063377, 1.415077663244775], [-1.0964741322571332, 1.4172504676488895], [-1.0881402437518206, 1.4178832699220074], [-1.0285666882737907, 1.4377309047895708], [-0.9429560120784992, 1.440549011139761], [-0.821651067440903, 1.4811410234474955], [-0.7634072799544509, 1.481521952594194], [-0.050024484720330414, 1.7392401247327143], [-0.050021634093423306, 1.7393497184765978], [-0.045945533875785816, 1.7407136951116493], [0.5934588075865272, 1.9717062551228863], [0.6464256570054701, 1.986106464777226], [0.8912058915868394, 2.0773258540600725], [1.2067867075108842, 2.1824653367618914], [1.256340752992755, 2.202711736512024], [1.380497377379197, 2.2438591192954065], [1.4356905113498497, 2.2749404177363988], [1.4786838999888348, 2.289168463118553], [1.5153221063841158, 2.291210429795346], [1.5153523005927376, 2.288552080086769], [1.5153894657405849, 2.28527999698013], [1.5172274507412467, 2.2858923434296994], [1.5175503675212525, 2.251166127770615], [1.521400179032526, 2.252725994837305], [1.5361207288739271, 2.2586904688989384], [1.5395619144940098, 2.2404576451944616], [1.5395389170942568, 2.2200366680168506], [1.5444180908287957, 2.214727615848391], [1.567112903089326, 2.094481120414497], [1.564359327020483, 1.8447541607527767], [1.5387977628187692, 1.5619146756476838], [1.538753083875386, 1.5222411606875448], [1.560811193080454, 1.5229672628559494], [1.5607970616795221, 1.521685659696175], [1.566662513131696, 1.5231598748399477], [1.6073002180138438, 1.5244975745203508], [1.6174462526191833, 1.520430656152438], [1.6179701402631488, 1.5139287758715505], [1.6310486403951459, 1.5149782993603151], [1.6467175706807602, 1.5086975933640459], [1.656433131088326, 1.5104247047953059], [1.6766663799590507, 1.5140215200020692], [1.6797843839927136, 1.4975010459178328], [1.680204570478544, 1.4952747242470579], [1.7527601026277735, 1.4661916944852522], [1.880940327335808, 1.4766594704740958], [1.8794491655837573, 1.4508911850260084], [1.9066883425850851, 1.4476594535680583], [1.9220095354137026, 1.4105904189899967], [1.9226637229254635, 1.39808783114933], [1.9457100538515473, 1.3888499810727135], [1.9308569278591834, 1.2415023529204905], [2.0086293728050397, -0.24485562096019126], [2.057088432466492, -0.5016117478414737], [2.0907557799973273, -0.6799952702369693], [2.08681061330254, -1.0194895549758918], [1.870391559009426, -1.020683841302383], [1.1652099202595503, -1.1400668040843054], [0.7500460189448427, -1.145483493367955], [0.7369410294620475, -1.1456544756134464], [0.05139237232675464, -1.2365894033611484], [-0.3026182007906222, -1.2629770807282379], [-0.3025987304589732, -1.2571472636658425], [-0.3357574418526118, -1.2616072506451015], [-0.34125366819624187, -1.2551405130792401], [-1.1538712102680286, -1.3259502796821028], [-1.1239843700854573, -0.35430777742109504], [-1.1224777878632433, -0.3359696045043825], [-1.1196451535534993, -0.301490677953953], [-1.1222957822760884, -0.29941058272403376], [-1.1216812759156145, -0.27943254241937565], [-1.1386377954115836, -0.27789540439318605]]]}, "properties": {"image": "uNb9QFRL6hY-59", "condition": "manual", "method": "mv_strict", "n": 17, "workers": ["P001", "P002", "P003", "P004", "P005", "P007", "P008", "P010", "P011", "P018", "P019", "P020", "P022", "P023", "P024", "P025", "P026"], "records": ["R02910", "R02917", "R02912", "R02918", "R02915", "R02913", "R02916", "R02914", "R02911", "R03183", "R03178", "R03181", "R03182", "R03176", "R03180", "R03175", "R03179"], "output_type": "BEV_region_only"}}, {"type": "Feature", "geometry": {"type": "Polygon", "coordinates": [[[-0.5151341091569577, -1.7494000474244866], [-0.5194456353492045, -1.748926868789592], [-0.5233087174723974, -1.7485029057092274], [-0.5297553650970765, -1.7477954031250666], [-0.5242931952761039, -1.6786949022481383], [-0.5396640842391702, -1.566248427113009], [-0.5716267583651229, -0.9751798872415489], [-0.5817479059480435, -0.7880149491613853], [-0.6137243833072784, -0.19669115352160393], [-0.6251155886483606, 0.21463825234493242], [-0.5829344150189727, 0.2315170527657744], [-0.5190692660094245, 0.23692968781744897], [-0.49822173281306625, 0.26363487625509496], [-0.49717122358684884, 0.26399684652256555], [-0.4950690518879225, 0.2666763857237494], [-0.4816103398375454, 0.2720618905609507], [-0.4816204306621444, 0.2838187094429544], [-0.47481654136627954, 0.29249130649965394], [-0.4558401007062175, 0.2926209347030623], [-0.4273420524364084, 0.33117699258885464], [-0.3539078683134998, 0.35705915043483233], [-0.2719768088824456, 0.38593606434094324], [-0.18878460045130263, 0.5158339058051188], [-0.14854484073340501, 0.5295511986295689], [0.03265189381748389, 0.8615889130269471], [0.14353923195124146, 1.0347304384283948], [0.14353818564269705, 1.0647847983551346], [0.1435376323307764, 1.0806782321837918], [0.17203160634881598, 1.1169981581050896], [0.18148794114731576, 1.1343266149387774], [0.19628095624110387, 1.1532761113573542], [0.22931300183965847, 1.1900120535897565], [0.22941403703910693, 1.1901244179069859], [0.23298879900135672, 1.1941000193739912], [0.2453084266193228, 1.193634727234154], [0.2555769002386307, 1.209668110449169], [0.2555404507917576, 1.2191803970013964], [0.26187612674070393, 1.219503838348982], [0.3761076977264066, 1.2253354518270354], [0.46236373384861096, 1.2297388917733936], [0.5364151115370894, 1.2249342032833845], [0.6233927863260125, 1.2247164986588162], [0.772203472291999, 1.2134214531626069], [1.0079193384736738, 1.210794064751278], [1.3983399654319892, 1.1690097822390777], [1.5756884580670625, 1.1575028489735166], [1.6864460888536605, 1.1550794842808463], [1.767027171870863, 1.182548691840917], [1.7687675385634916, 1.1725508009630414], [1.839607591249357, 1.2008974544154147], [1.8557180195912257, 1.2003151017282927], [1.8588305107249148, 1.15130773222582], [1.8983734427131465, 1.1504425372542015], [1.898731576807268, 1.141359668490333], [1.9173238272243578, 1.1408165444824185], [1.9161039139488063, 0.848751634513157], [1.926272713786662, 0.8386012879400793], [1.9262861212045055, 0.6924871132918997], [1.926309110630053, 0.4419481222146092], [1.9323945948293964, 0.2876102491817933], [1.9322048870657313, 0.2512329496883279], [1.9345214534069213, 0.22034368265599857], [1.9352007612490554, 0.21644126042112766], [1.9356294030751062, 0.2055701997859294], [1.9366929177233734, 0.19138921675988585], [1.9363596741927565, 0.1870493249724502], [1.9315430430948766, 0.12432145233798059], [1.9305534037945054, 0.11143319772054094], [1.9314756338232535, 0.1113954275138296], [1.9314067644402546, 0.0981894199004301], [1.9398634180394727, 0.09818862708215717], [1.943682600523247, 0.09818826903063889], [1.9437665323188498, 0.09706911625664827], [1.9561497783442905, 0.09609536561398832], [1.9584123175927306, 0.0830977481528942], [1.9708650993734929, 0.08267446172164925], [1.9708354827670973, 0.06989964575661801], [1.980211746787444, 0.06967282243464154], [1.983338896000367, 0.06959717286128779], [2.1447598196160045, 0.0656922028165496], [2.286205059683885, 0.06227046904707209], [2.4307803785207063, 0.05877301483468912], [2.5195840225128303, 0.056624745813019094], [2.6968114565833767, 0.052337396901553354], [2.714392097978425, 0.05191209963229466], [2.7369431683229903, 0.02940195259025568], [2.733064649069147, 0.020171774013257853], [2.755940202485272, 0.0192152504651076], [2.755816223336255, 0.010279184733998848], [2.7599606322493813, 0.010211269649998262], [2.7591514023304065, -0.004147937584950356], [2.7554532427168534, -0.015883429704183993], [2.754461472904975, -0.08736738728399007], [2.7107644945611353, -0.8627390744496681], [2.707081599880564, -1.463058343104861], [2.693645259803818, -1.4636254561490547], [2.6884359730928415, -1.4638453266218074], [2.5775987393367927, -1.4685234786101002], [2.4410194741893623, -1.47428813493683], [2.29391530510026, -1.4804970201443497], [2.23481781653072, -1.4829913717650622], [2.1016353547322355, -1.4825164335293577], [2.0990274702072065, -1.4887227298756633], [2.0000358751729803, -1.4929009081957114], [1.949557975413521, -1.4950314493426], [1.9330048470512877, -1.4957301139315295], [1.9318341081100197, -1.5321386614006964], [1.9128295110570768, -1.5322013112407376], [1.9268254851268725, -1.6879007029704005], [1.925545430401729, -1.7277088374576957], [1.9135309607365556, -1.7281637680804183], [1.9170546196049183, -1.759218227495925], [1.9215578563926397, -1.7989058332736334], [1.9242483605490805, -1.8226175929117812], [1.9370891717902772, -1.9357853161361374], [1.8870655788123563, -1.9342350177284904], [1.8872481908669827, -1.9491358918139154], [1.1427403240743814, -1.9313473964986108], [0.8865056978166077, -1.903226321672858], [0.8752211165712126, -1.9019878686260798], [0.6773035536668071, -1.8802669377860521], [0.6679273447984815, -1.88085221305461], [0.5009256561460933, -1.8912766777341263], [-0.09367244938924701, -1.8728492829524654], [-0.48771310153030484, -1.8891575553742006], [-0.4877131467893815, -1.860637431916553], [-0.4877132111646238, -1.820071207520206], [-0.49387606764634007, -1.8202113958490527], [-0.4938177265583117, -1.8193185729068329], [-0.5050126750708209, -1.8197424721749718], [-0.5093971606156922, -1.7876675579662789], [-0.5145043635453539, -1.7876439474296082], [-0.5151341091569577, -1.7494000474244866]]]}, "properties": {"image": "uNb9QFRL6hY-60", "condition": "manual", "method": "mv50", "n": 21, "workers": ["P001", "P002", "P003", "P004", "P005", "P006", "P007", "P008", "P009", "P010", "P011", "P012", "P017", "P018", "P019", "P020", "P021", "P023", "P024", "P025", "P026"], "records": ["R00031", "R00229", "R02057", "R01771", "R00586", "R02412", "R01677", "R01483", "R01951", "R01971", "R01958", "R01414", "R00390", "R01410", "R01974", "R00863", "R01686", "R00022", "R02019", "R02368", "R02414"], "output_type": "BEV_region_only"}}, {"type": "Feature", "geometry": {"type": "Polygon", "coordinates": [[[-0.5151341091569577, -1.7494000474244866], [-0.5194456353492045, -1.748926868789592], [-0.5233087174723974, -1.7485029057092274], [-0.5297553650970765, -1.7477954031250666], [-0.5242931952761039, -1.6786949022481383], [-0.5396640842391702, -1.566248427113009], [-0.5716267583651229, -0.9751798872415489], [-0.5817479059480435, -0.7880149491613853], [-0.6137243833072784, -0.19669115352160393], [-0.6251155886483606, 0.21463825234493242], [-0.5829344150189727, 0.2315170527657744], [-0.5190692660094245, 0.23692968781744897], [-0.49822173281306625, 0.26363487625509496], [-0.49717122358684884, 0.26399684652256555], [-0.4950690518879225, 0.2666763857237494], [-0.4816103398375454, 0.2720618905609507], [-0.4816204306621444, 0.2838187094429544], [-0.47481654136627954, 0.29249130649965394], [-0.4558401007062175, 0.2926209347030623], [-0.4273420524364084, 0.33117699258885464], [-0.3539078683134998, 0.35705915043483233], [-0.2719768088824456, 0.38593606434094324], [-0.18878460045130263, 0.5158339058051188], [-0.14854484073340501, 0.5295511986295689], [0.03265189381748389, 0.8615889130269471], [0.14353923195124146, 1.0347304384283948], [0.14353818564269705, 1.0647847983551346], [0.1435376323307764, 1.0806782321837918], [0.17203160634881598, 1.1169981581050896], [0.18148794114731576, 1.1343266149387774], [0.19628095624110387, 1.1532761113573542], [0.22931300183965847, 1.1900120535897565], [0.22941403703910693, 1.1901244179069859], [0.23298879900135672, 1.1941000193739912], [0.2453084266193228, 1.193634727234154], [0.2555769002386307, 1.209668110449169], [0.2555404507917576, 1.2191803970013964], [0.26187612674070393, 1.219503838348982], [0.3761076977264066, 1.2253354518270354], [0.46236373384861096, 1.2297388917733936], [0.5364151115370894, 1.2249342032833845], [0.6233927863260125, 1.2247164986588162], [0.772203472291999, 1.2134214531626069], [1.0079193384736738, 1.210794064751278], [1.3983399654319892, 1.1690097822390777], [1.5756884580670625, 1.1575028489735166], [1.6864460888536605, 1.1550794842808463], [1.767027171870863, 1.182548691840917], [1.7687675385634916, 1.1725508009630414], [1.839607591249357, 1.2008974544154147], [1.8557180195912257, 1.2003151017282927], [1.8588305107249148, 1.15130773222582], [1.8983734427131465, 1.1504425372542015], [1.898731576807268, 1.141359668490333], [1.9173238272243578, 1.1408165444824185], [1.9161039139488063, 0.848751634513157], [1.926272713786662, 0.8386012879400793], [1.9262861212045055, 0.6924871132918997], [1.926309110630053, 0.4419481222146092], [1.9323945948293964, 0.2876102491817933], [1.9322048870657313, 0.2512329496883279], [1.9345214534069213, 0.22034368265599857], [1.9352007612490554, 0.21644126042112766], [1.9356294030751062, 0.2055701997859294], [1.9366929177233734, 0.19138921675988585], [1.9363596741927565, 0.1870493249724502], [1.9315430430948766, 0.12432145233798059], [1.9305534037945054, 0.11143319772054094], [1.9314756338232535, 0.1113954275138296], [1.9314067644402546, 0.0981894199004301], [1.9398634180394727, 0.09818862708215717], [1.943682600523247, 0.09818826903063889], [1.9437665323188498, 0.09706911625664827], [1.9561497783442905, 0.09609536561398832], [1.9584123175927306, 0.0830977481528942], [1.9708650993734929, 0.08267446172164925], [1.9708354827670973, 0.06989964575661801], [1.980211746787444, 0.06967282243464154], [1.983338896000367, 0.06959717286128779], [2.1447598196160045, 0.0656922028165496], [2.286205059683885, 0.06227046904707209], [2.4307803785207063, 0.05877301483468912], [2.5195840225128303, 0.056624745813019094], [2.6968114565833767, 0.052337396901553354], [2.714392097978425, 0.05191209963229466], [2.7369431683229903, 0.02940195259025568], [2.733064649069147, 0.020171774013257853], [2.755940202485272, 0.0192152504651076], [2.755816223336255, 0.010279184733998848], [2.7599606322493813, 0.010211269649998262], [2.7591514023304065, -0.004147937584950356], [2.7554532427168534, -0.015883429704183993], [2.754461472904975, -0.08736738728399007], [2.7107644945611353, -0.8627390744496681], [2.707081599880564, -1.463058343104861], [2.693645259803818, -1.4636254561490547], [2.6884359730928415, -1.4638453266218074], [2.5775987393367927, -1.4685234786101002], [2.4410194741893623, -1.47428813493683], [2.29391530510026, -1.4804970201443497], [2.23481781653072, -1.4829913717650622], [2.1016353547322355, -1.4825164335293577], [2.0990274702072065, -1.4887227298756633], [2.0000358751729803, -1.4929009081957114], [1.949557975413521, -1.4950314493426], [1.9330048470512877, -1.4957301139315295], [1.9318341081100197, -1.5321386614006964], [1.9128295110570768, -1.5322013112407376], [1.9268254851268725, -1.6879007029704005], [1.925545430401729, -1.7277088374576957], [1.9135309607365556, -1.7281637680804183], [1.9170546196049183, -1.759218227495925], [1.9215578563926397, -1.7989058332736334], [1.9242483605490805, -1.8226175929117812], [1.9370891717902772, -1.9357853161361374], [1.8870655788123563, -1.9342350177284904], [1.8872481908669827, -1.9491358918139154], [1.1427403240743814, -1.9313473964986108], [0.8865056978166077, -1.903226321672858], [0.8752211165712126, -1.9019878686260798], [0.6773035536668071, -1.8802669377860521], [0.6679273447984815, -1.88085221305461], [0.5009256561460933, -1.8912766777341263], [-0.09367244938924701, -1.8728492829524654], [-0.48771310153030484, -1.8891575553742006], [-0.4877131467893815, -1.860637431916553], [-0.4877132111646238, -1.820071207520206], [-0.49387606764634007, -1.8202113958490527], [-0.4938177265583117, -1.8193185729068329], [-0.5050126750708209, -1.8197424721749718], [-0.5093971606156922, -1.7876675579662789], [-0.5145043635453539, -1.7876439474296082], [-0.5151341091569577, -1.7494000474244866]]]}, "properties": {"image": "uNb9QFRL6hY-60", "condition": "manual", "method": "mv_strict", "n": 21, "workers": ["P001", "P002", "P003", "P004", "P005", "P006", "P007", "P008", "P009", "P010", "P011", "P012", "P017", "P018", "P019", "P020", "P021", "P023", "P024", "P025", "P026"], "records": ["R00031", "R00229", "R02057", "R01771", "R00586", "R02412", "R01677", "R01483", "R01951", "R01971", "R01958", "R01414", "R00390", "R01410", "R01974", "R00863", "R01686", "R00022", "R02019", "R02368", "R02414"], "output_type": "BEV_region_only"}}, {"type": "Feature", "geometry": {"type": "Polygon", "coordinates": [[[-0.23977694253620815, 0.017174726838985247], [-0.23238512189494076, 0.26069952819959896], [-0.23489515410427558, 0.2808613000451695], [-0.23360910147459651, 0.3465919597125118], [-0.22824650000344504, 0.3465322458132581], [-0.2283200409089661, 0.350994072198697], [-0.2277853707199068, 0.3509818164144664], [-0.22771837962594324, 0.35961569169125734], [-0.22770286876215248, 0.3596154368917808], [-0.22771460753537154, 0.3601018422763868], [-0.11527316210646599, 0.3577685358557357], [0.7440722027940955, 0.33993600044291894], [1.0248886792455782, 0.3341086928604745], [1.1866855670151288, 0.334796205259597], [1.2280480367600792, 0.3316315166746501], [1.3513527263969243, 0.33265197902434407], [1.4451817366243827, 0.3278982067805538], [1.502108302465055, 0.32726431533145856], [1.5071252569526947, 0.32704548861592836], [1.5115559457911067, 0.32715911347657683], [1.9089487840359867, 0.322734045524996], [1.9161241528692714, 0.3228318074450753], [1.9240363590889344, 0.32256604162958424], [1.9859682644024148, 0.32187641448231763], [1.994798087037837, 0.3219663556701951], [1.9947899537375233, 0.3217781827805889], [2.0122890123231727, 0.32158332641711695], [2.0128905740564926, 0.304985299821396], [2.0185262138495266, 0.3047394876361631], [2.01813474433396, 0.2995005240356057], [2.0180878074119892, 0.29887237595267974], [2.015090491358096, 0.25875985356890907], [2.0151022265103413, 0.2573984743454146], [2.0233737765489592, 0.256861340474113], [2.018161126177285, 0.15956254529839564], [2.017644039219397, 0.14991065337849505], [2.021866664149643, 0.057320972389173594], [2.028941207821731, -0.1378767230723154], [2.0195682437874023, -0.2606981813683944], [2.0196412134543946, -0.26916329426248814], [2.018920132613949, -0.2691909014055067], [2.018044796967318, -0.28066112578959684], [2.0014319900534794, -0.2811775239468152], [2.001564642022566, -0.2841279341092463], [1.9943774902217914, -0.2843803548321273], [1.9941777487367316, -0.2881087088281207], [1.9941743943753936, -0.28817132099151294], [1.9447968839560907, -0.2891889849476921], [1.9447011227914386, -0.2904979638313566], [1.9445723497984044, -0.29225818812770804], [1.8891940555910252, -0.2919702042407541], [1.8258371563388929, -0.29164072919329864], [1.80239046728703, -0.29212396235222465], [1.8017110522991853, -0.2942905576493871], [1.7120911732136221, -0.29666758843356983], [1.658486909321716, -0.2961772036520702], [1.4508684171166957, -0.3034689948008542], [1.4049504383929934, -0.30216344666582334], [1.2623539083781692, -0.30680957961414707], [1.2569394319155422, -0.3064222901358312], [1.0550029134413736, -0.3128432360011556], [1.0390410442774751, -0.31335077321426197], [0.9708845749493689, -0.31321141134742153], [0.8540037572506981, -0.31684457455619225], [0.7867107799846709, -0.31636699861797235], [0.4522240200670615, -0.329173085398993], [-0.07420136393877408, -0.3308002716857966], [-0.23876690356606614, -0.3341919456824344], [-0.23387316805758895, -0.026567326446346504], [-0.23977694253620815, 0.017174726838985247]]]}, "properties": {"image": "uNb9QFRL6hY-63", "condition": "manual", "method": "mv50", "n": 23, "workers": ["P001", "P002", "P003", "P004", "P005", "P006", "P007", "P008", "P009", "P010", "P011", "P012", "P014", "P017", "P018", "P019", "P020", "P021", "P022", "P023", "P025", "P026", "P027"], "records": ["R00412", "R01471", "R00372", "R01566", "R02496", "R00888", "R01928", "R02272", "R01339", "R00267", "R01475", "R01454", "R00091", "R00489", "R01252", "R02099", "R00846", "R00069", "R02406", "R01696", "R01295", "R02222", "R00640"], "output_type": "BEV_region_only"}}, {"type": "Feature", "geometry": {"type": "Polygon", "coordinates": [[[-0.23977694253620815, 0.017174726838985247], [-0.23238512189494076, 0.26069952819959896], [-0.23489515410427558, 0.2808613000451695], [-0.23360910147459651, 0.3465919597125118], [-0.22824650000344504, 0.3465322458132581], [-0.2283200409089661, 0.350994072198697], [-0.2277853707199068, 0.3509818164144664], [-0.22771837962594324, 0.35961569169125734], [-0.22770286876215248, 0.3596154368917808], [-0.22771460753537154, 0.3601018422763868], [-0.11527316210646599, 0.3577685358557357], [0.7440722027940955, 0.33993600044291894], [1.0248886792455782, 0.3341086928604745], [1.1866855670151288, 0.334796205259597], [1.2280480367600792, 0.3316315166746501], [1.3513527263969243, 0.33265197902434407], [1.4451817366243827, 0.3278982067805538], [1.502108302465055, 0.32726431533145856], [1.5071252569526947, 0.32704548861592836], [1.5115559457911067, 0.32715911347657683], [1.9089487840359867, 0.322734045524996], [1.9161241528692714, 0.3228318074450753], [1.9240363590889344, 0.32256604162958424], [1.9859682644024148, 0.32187641448231763], [1.994798087037837, 0.3219663556701951], [1.9947899537375233, 0.3217781827805889], [2.0122890123231727, 0.32158332641711695], [2.0128905740564926, 0.304985299821396], [2.0185262138495266, 0.3047394876361631], [2.01813474433396, 0.2995005240356057], [2.0180878074119892, 0.29887237595267974], [2.015090491358096, 0.25875985356890907], [2.0151022265103413, 0.2573984743454146], [2.0233737765489592, 0.256861340474113], [2.018161126177285, 0.15956254529839564], [2.017644039219397, 0.14991065337849505], [2.021866664149643, 0.057320972389173594], [2.028941207821731, -0.1378767230723154], [2.0195682437874023, -0.2606981813683944], [2.0196412134543946, -0.26916329426248814], [2.018920132613949, -0.2691909014055067], [2.018044796967318, -0.28066112578959684], [2.0014319900534794, -0.2811775239468152], [2.001564642022566, -0.2841279341092463], [1.9943774902217914, -0.2843803548321273], [1.9941777487367316, -0.2881087088281207], [1.9941743943753936, -0.28817132099151294], [1.9447968839560907, -0.2891889849476921], [1.9447011227914386, -0.2904979638313566], [1.9445723497984044, -0.29225818812770804], [1.8891940555910252, -0.2919702042407541], [1.8258371563388929, -0.29164072919329864], [1.80239046728703, -0.29212396235222465], [1.8017110522991853, -0.2942905576493871], [1.7120911732136221, -0.29666758843356983], [1.658486909321716, -0.2961772036520702], [1.4508684171166957, -0.3034689948008542], [1.4049504383929934, -0.30216344666582334], [1.2623539083781692, -0.30680957961414707], [1.2569394319155422, -0.3064222901358312], [1.0550029134413736, -0.3128432360011556], [1.0390410442774751, -0.31335077321426197], [0.9708845749493689, -0.31321141134742153], [0.8540037572506981, -0.31684457455619225], [0.7867107799846709, -0.31636699861797235], [0.4522240200670615, -0.329173085398993], [-0.07420136393877408, -0.3308002716857966], [-0.23876690356606614, -0.3341919456824344], [-0.23387316805758895, -0.026567326446346504], [-0.23977694253620815, 0.017174726838985247]]]}, "properties": {"image": "uNb9QFRL6hY-63", "condition": "manual", "method": "mv_strict", "n": 23, "workers": ["P001", "P002", "P003", "P004", "P005", "P006", "P007", "P008", "P009", "P010", "P011", "P012", "P014", "P017", "P018", "P019", "P020", "P021", "P022", "P023", "P025", "P026", "P027"], "records": ["R00412", "R01471", "R00372", "R01566", "R02496", "R00888", "R01928", "R02272", "R01339", "R00267", "R01475", "R01454", "R00091", "R00489", "R01252", "R02099", "R00846", "R00069", "R02406", "R01696", "R01295", "R02222", "R00640"], "output_type": "BEV_region_only"}}, {"type": "Feature", "geometry": {"type": "Polygon", "coordinates": [[[-0.7847150350302791, -1.0970439024133454], [-0.7720576451740911, -1.047987461398682], [-0.7702410050888693, -0.8980108796895372], [-0.7687888628736254, -0.3401201433766193], [-0.7717708733318582, 0.31795047378040725], [-0.7664397609067403, 0.5623687535248819], [-0.7647489681391163, 0.6398874075528721], [-0.7661650739478003, 0.6678992643590345], [-0.7658564246799388, 0.7864775726694146], [-0.7606275655501309, 0.8586897255715358], [-0.7639266415395608, 1.2053084576465476], [-0.7646925147827829, 1.233633879200392], [-0.7645859407380204, 1.2745779903764172], [-0.7654933496443513, 1.3699152683274949], [-0.7643376547837535, 1.3699656406961032], [-0.7643072509996927, 1.38164630757455], [-0.7426371599340501, 1.380883201766815], [-0.7409531057426443, 1.519913873331659], [-0.7351819130561604, 1.5195624169682946], [-0.73519739493335, 1.523807504623382], [-0.7125749929876063, 1.5223105329182485], [-0.711663310589074, 1.534901147261958], [-0.7055872298465481, 1.5344853470418065], [-0.7055359471348728, 1.5365045930335535], [-0.6028413655538305, 1.5274542105571376], [-0.09495036568365364, 1.4926980579469618], [-0.09498397073052647, 1.4826971883670252], [-0.03787482996662217, 1.477664210396275], [0.0695781061852791, 1.4705538246185534], [0.6844145709756162, 1.4331112716285725], [0.7402361062028515, 1.4355443212549124], [0.973170610111754, 1.41960407587135], [1.0953774418436413, 1.4256412863374002], [1.3423307625648069, 1.4378411703484235], [1.8097077553694527, 1.4101923757500379], [1.911638228935693, 1.4099122075457717], [2.0700422616987835, 1.414674934300537], [2.0697477538014764, 1.4094776244411398], [2.076617642528778, 1.409458741723137], [2.0461932942578676, 0.9938017599289737], [2.0139049755081517, 0.42399565654189547], [2.0340189917518385, -0.14426335463004789], [2.0216063529272046, -0.35670448901258794], [1.961227915102765, -1.3900757169108302], [1.9111582652850134, -1.3892205422297879], [1.8373954581736092, -1.3879606954908177], [1.628897831140919, -1.3843996182245546], [0.666151626429151, -1.3679562002750414], [-0.6271692724086254, -1.3458666651739435], [-0.7396631465357815, -1.3439453033654214], [-0.764241987201756, -1.34352550409973], [-0.7756350887160266, -1.3433309133248992], [-0.7786736990727722, -1.343279014766549], [-0.7791626864155055, -1.3432706630086202], [-0.7847150350302791, -1.0970439024133454]]]}, "properties": {"image": "uNb9QFRL6hY-65", "condition": "manual", "method": "mv50", "n": 23, "workers": ["P001", "P002", "P003", "P004", "P005", "P006", "P007", "P008", "P009", "P010", "P011", "P012", "P014", "P017", "P018", "P019", "P020", "P021", "P023", "P024", "P025", "P026", "P027"], "records": ["R00444", "R00523", "R01737", "R01692", "R00118", "R02058", "R00117", "R02318", "R01046", "R02281", "R00501", "R00088", "R00715", "R00174", "R00271", "R00375", "R01708", "R00415", "R02005", "R00223", "R00288", "R01274", "R01156"], "output_type": "BEV_region_only"}}, {"type": "Feature", "geometry": {"type": "Polygon", "coordinates": [[[-0.7847150350302791, -1.0970439024133454], [-0.7720576451740911, -1.047987461398682], [-0.7702410050888693, -0.8980108796895372], [-0.7687888628736254, -0.3401201433766193], [-0.7717708733318582, 0.31795047378040725], [-0.7664397609067403, 0.5623687535248819], [-0.7647489681391163, 0.6398874075528721], [-0.7661650739478003, 0.6678992643590345], [-0.7658564246799388, 0.7864775726694146], [-0.7606275655501309, 0.8586897255715358], [-0.7639266415395608, 1.2053084576465476], [-0.7646925147827829, 1.233633879200392], [-0.7645859407380204, 1.2745779903764172], [-0.7654933496443513, 1.3699152683274949], [-0.7643376547837535, 1.3699656406961032], [-0.7643072509996927, 1.38164630757455], [-0.7426371599340501, 1.380883201766815], [-0.7409531057426443, 1.519913873331659], [-0.7351819130561604, 1.5195624169682946], [-0.73519739493335, 1.523807504623382], [-0.7125749929876063, 1.5223105329182485], [-0.711663310589074, 1.534901147261958], [-0.7055872298465481, 1.5344853470418065], [-0.7055359471348728, 1.5365045930335535], [-0.6028413655538305, 1.5274542105571376], [-0.09495036568365364, 1.4926980579469618], [-0.09498397073052647, 1.4826971883670252], [-0.03787482996662217, 1.477664210396275], [0.0695781061852791, 1.4705538246185534], [0.6844145709756162, 1.4331112716285725], [0.7402361062028515, 1.4355443212549124], [0.973170610111754, 1.41960407587135], [1.0953774418436413, 1.4256412863374002], [1.3423307625648069, 1.4378411703484235], [1.8097077553694527, 1.4101923757500379], [1.911638228935693, 1.4099122075457717], [2.0700422616987835, 1.414674934300537], [2.0697477538014764, 1.4094776244411398], [2.076617642528778, 1.409458741723137], [2.0461932942578676, 0.9938017599289737], [2.0139049755081517, 0.42399565654189547], [2.0340189917518385, -0.14426335463004789], [2.0216063529272046, -0.35670448901258794], [1.961227915102765, -1.3900757169108302], [1.9111582652850134, -1.3892205422297879], [1.8373954581736092, -1.3879606954908177], [1.628897831140919, -1.3843996182245546], [0.666151626429151, -1.3679562002750414], [-0.6271692724086254, -1.3458666651739435], [-0.7396631465357815, -1.3439453033654214], [-0.764241987201756, -1.34352550409973], [-0.7756350887160266, -1.3433309133248992], [-0.7786736990727722, -1.343279014766549], [-0.7791626864155055, -1.3432706630086202], [-0.7847150350302791, -1.0970439024133454]]]}, "properties": {"image": "uNb9QFRL6hY-65", "condition": "manual", "method": "mv_strict", "n": 23, "workers": ["P001", "P002", "P003", "P004", "P005", "P006", "P007", "P008", "P009", "P010", "P011", "P012", "P014", "P017", "P018", "P019", "P020", "P021", "P023", "P024", "P025", "P026", "P027"], "records": ["R00444", "R00523", "R01737", "R01692", "R00118", "R02058", "R00117", "R02318", "R01046", "R02281", "R00501", "R00088", "R00715", "R00174", "R00271", "R00375", "R01708", "R00415", "R02005", "R00223", "R00288", "R01274", "R01156"], "output_type": "BEV_region_only"}}, {"type": "Feature", "geometry": {"type": "Polygon", "coordinates": [[[-1.1305409065528487, -1.7903953993242028], [-1.130781115212286, -1.7816773780326192], [-1.1319380152679719, -1.6766283400050417], [-1.1323056234696496, -1.6466938734644088], [-1.1345745818101707, -1.6439990668229454], [-1.135423039200695, -1.6132055491665906], [-1.1353189083602966, -1.5476734217583283], [-1.1372734290768123, -1.546048360181356], [-1.138760478352882, -1.4920780858341396], [-1.1409660176008827, -1.4120312708336613], [-1.1467937104418213, -1.4080375965346805], [-1.160651031919056, -0.943825683267481], [-1.1695846958256202, -0.5883644124013625], [-1.1703790134880772, -0.34452968702530373], [-1.1769177115345086, -0.10721722326336042], [-1.1784946253086952, -0.04998544864476662], [-1.188822409143346, 0.3248463312597004], [-1.1725750279464784, 0.32958925517437954], [-1.1725881914473164, 0.33363010528201414], [-1.1157201478436432, 0.34975001902858804], [-1.1085105529977735, 0.3497968943110571], [-1.0550761331638774, 0.36501140074181637], [-1.050382442507475, 0.36827075770140677], [-0.694354221400233, 0.4691911314633798], [-0.13457363335544073, 0.6326018809152774], [-0.1344510641020509, 0.6329571232046151], [-0.09427474121783863, 0.644365904725549], [0.11297667101798178, 0.7048665889609759], [0.1797644235486008, 0.7266252824079726], [0.46423935078414114, 0.8193039922094004], [1.274248950593708, 1.047808400555031], [1.4481514874816845, 1.1002293830352143], [1.4941765423946844, 1.1098501643257026], [1.5943561540601867, 1.1381109193800902], [1.5945093804777386, 1.1375166773582128], [1.5952147008332966, 1.1377278235829271], [1.5952187618813687, 1.137561641469214], [1.6099567551648692, 1.141863945942268], [1.6103259318318899, 1.1341292852286848], [1.6117656394823021, 1.1344302324508673], [1.6121106064760413, 1.124445674163938], [1.6141730153254135, 1.1250329086244069], [1.6152964967900663, 1.098999732284945], [1.6152931091688427, 1.0569133117188187], [1.617478535233691, 1.0484378019197407], [1.6308845822294742, 0.7377945056689953], [1.63002684094417, 0.7213733844769508], [1.6351601148615829, 0.6138256014019844], [1.637261173015117, 0.48543007275579425], [1.645827844155672, 0.36663440133882763], [1.6469064669424787, 0.3665373348592379], [1.6472063743577083, 0.3595879165805835], [1.6472949429699786, 0.3595874909776138], [1.6476432181739102, 0.35229073910240577], [1.6681765719704233, 0.35141549625019664], [1.6770115925524647, 0.35103889977744385], [1.7465782318825605, 0.3480735924813597], [1.7467165335308663, 0.3471629600487835], [1.7510024266790314, 0.34742442936922213], [1.7518129458660758, 0.3423096015357102], [1.8271417693907348, 0.3446395377696211], [1.9470221587397323, 0.33952958569176933], [2.1100443126262283, 0.3248590384286781], [2.1096801006010293, 0.3107709578624317], [2.1173283019644216, 0.31033696390156784], [2.2184509713386027, -0.8541105017014831], [2.22691770898113, -0.9516066541545563], [2.218510514679659, -1.0122197480980812], [2.100865121048122, -1.8604041768751736], [2.144111498544896, -2.1333129233364176], [2.123706572105961, -2.135087686205196], [2.123763133296048, -2.1354601073205557], [2.046185630236316, -2.145257816917647], [2.045411828959818, -2.175189213937325], [1.8308201979937329, -2.198690042733796], [1.6098368647488177, -2.222890853632536], [0.2676477112692961, -2.369879612543587], [0.06618930416620405, -2.3919421669574072], [-0.04756796833015775, -2.4044002025912063], [-0.09428914113624648, -2.4095168340196693], [-0.133780584353145, -2.413841707463185], [-0.13458323478478998, -2.398292951070318], [-0.31738487487254335, -2.421869108840428], [-0.32011330144835665, -2.4342477841769967], [-0.4566184638790399, -2.4491970365671096], [-0.46373558340428594, -2.4407441440559507], [-0.7735314423600618, -2.4806989061891667], [-0.7969218963128735, -2.4773418475619273], [-0.8464705824617248, -2.4901059589586465], [-0.9382324445339675, -2.5019406018888506], [-1.0322006442491558, -2.512231453232295], [-1.0599456414097224, -2.513235013965757], [-1.0599402653048555, -2.477450992081719], [-1.1113761641212057, -2.4859516417933682], [-1.1116159629709679, -2.4772484939434083], [-1.1128627773608706, -2.4319971927484914], [-1.116241678471686, -2.4315122440960395], [-1.1217036419717752, -2.248539760507673], [-1.120692681031112, -2.1478223130080574], [-1.1305409065528487, -1.7903953993242028]]]}, "properties": {"image": "uNb9QFRL6hY-66", "condition": "manual", "method": "mv50", "n": 20, "workers": ["P001", "P002", "P003", "P004", "P005", "P006", "P007", "P008", "P010", "P011", "P012", "P018", "P019", "P020", "P021", "P022", "P023", "P024", "P025", "P026"], "records": ["R02919", "R02924", "R02927", "R02925", "R02922", "R01260", "R02921", "R02923", "R02417", "R02920", "R02926", "R03191", "R03189", "R03190", "R00955", "R01938", "R01425", "R03188", "R03185", "R03187"], "output_type": "BEV_region_only"}}, {"type": "Feature", "geometry": {"type": "Polygon", "coordinates": [[[-1.1323056234696496, -1.6466938734644088], [-1.133503097285561, -1.5491831549546358], [-1.1353189083602966, -1.5476734217583283], [-1.1352298703369805, -1.491639579470977], [-1.138760478352882, -1.4920780858341396], [-1.1409660176008827, -1.4120312708336613], [-1.1703790134880772, -0.34452968702530373], [-1.1769177115345086, -0.10721722326336042], [-1.1760070252290593, -0.09224075350272021], [-1.1784946253086952, -0.04998544864476662], [-1.188822409143346, 0.3248463312597004], [-1.1725750279464784, 0.32958925517437954], [-1.1540918157053124, 0.33498486129062044], [-1.1541119456489444, 0.33681270389784507], [-1.1085105529977735, 0.3497968943110571], [-1.1032341302262183, 0.34983120051177025], [-1.057863639592806, 0.36307572173266855], [-1.0550761331638774, 0.36501140074181637], [-0.8989668011653963, 0.40946077331806296], [-0.694354221400233, 0.4691911314633798], [-0.13457363335544073, 0.6326018809152774], [-0.09427474121783863, 0.644365904725549], [0.11297667101798178, 0.7048665889609759], [0.1797644235486008, 0.7266252824079726], [0.29949209088390766, 0.7593140371139788], [0.8599408066441772, 0.922919825931384], [1.274248950593708, 1.047808400555031], [1.4941765423946844, 1.1098501643257026], [1.5157085430488724, 1.114351075175938], [1.5727277394554173, 1.1309960782663147], [1.5945093804777386, 1.1375166773582128], [1.5945482566250953, 1.1373659080536953], [1.5952187618813687, 1.137561641469214], [1.6099567551648692, 1.141863945942268], [1.6103259318318899, 1.1341292852286848], [1.610805864098581, 1.1240741718372715], [1.6121106064760413, 1.124445674163938], [1.6143124530861392, 1.0607164878464248], [1.6152931091688427, 1.0569133117188187], [1.6152911352365074, 1.0323899837110282], [1.615577309036047, 1.024107107280667], [1.63002684094417, 0.7213733844769508], [1.62762528013221, 0.6753964426893458], [1.6313625033668204, 0.5672280558742253], [1.637261173015117, 0.48543007275579425], [1.6391953725276336, 0.3672312649317231], [1.645827844155672, 0.36663440133882763], [1.6463356831549623, 0.3595921005544776], [1.6472063743577083, 0.3595879165805835], [1.6475823160680507, 0.35087664083049885], [1.6681765719704233, 0.35141549625019664], [1.6770115925524647, 0.35103889977744385], [1.6774391376443774, 0.34392256514767083], [1.6828449756171147, 0.3432663503420727], [1.7467165335308663, 0.3471629600487835], [1.7474740160152624, 0.3421753975298227], [1.7518129458660758, 0.3423096015357102], [1.7530110512642807, 0.3347488886788486], [1.8108480101114015, 0.32772805880979616], [2.1096801006010293, 0.3107709578624317], [2.1173283019644216, 0.31033696390156784], [2.2184509713386027, -0.8541105017014831], [2.218510514679659, -1.0122197480980812], [2.100865121048122, -1.8604041768751736], [2.091854982751356, -1.9253642978670813], [2.123706572105961, -2.135087686205196], [2.0462744413800684, -2.141822514231849], [2.046185630236316, -2.145257816917647], [1.8289455770206988, -2.1726943142308492], [1.8308201979937329, -2.198690042733796], [1.6098368647488177, -2.222890853632536], [1.2474774874020218, -2.246131267694957], [0.2676477112692961, -2.369879612543587], [0.06618930416620405, -2.3919421669574072], [0.04438140415645131, -2.3919149585801547], [-0.04756796833015775, -2.4044002025912063], [-0.09428914113624648, -2.4095168340196693], [-0.09557375752001307, -2.393261849653053], [-0.13458323478478998, -2.398292951070318], [-0.13558486137714074, -2.378889675039978], [-0.18040504564558152, -2.341624498614878], [-0.303654383215032, -2.3595748547283715], [-0.31738487487254335, -2.421869108840428], [-0.46373558340428594, -2.4407441440559507], [-0.49780038073933036, -2.4002859124264067], [-0.7969218963128735, -2.4773418475619273], [-0.9373382071975986, -2.4571889343772715], [-1.0599402653048555, -2.477450992081719], [-1.0599391041409643, -2.469722140965628], [-1.1116159629709679, -2.4772484939434083], [-1.1128627773608706, -2.4319971927484914], [-1.120692681031112, -2.1478223130080574], [-1.1305409065528487, -1.7903953993242028], [-1.1319380152679719, -1.6766283400050417], [-1.1322671792764716, -1.6467395330365795], [-1.1323056234696496, -1.6466938734644088]]]}, "properties": {"image": "uNb9QFRL6hY-66", "condition": "manual", "method": "mv_strict", "n": 20, "workers": ["P001", "P002", "P003", "P004", "P005", "P006", "P007", "P008", "P010", "P011", "P012", "P018", "P019", "P020", "P021", "P022", "P023", "P024", "P025", "P026"], "records": ["R02919", "R02924", "R02927", "R02925", "R02922", "R01260", "R02921", "R02923", "R02417", "R02920", "R02926", "R03191", "R03189", "R03190", "R00955", "R01938", "R01425", "R03188", "R03185", "R03187"], "output_type": "BEV_region_only"}}, {"type": "Feature", "geometry": {"type": "Polygon", "coordinates": [[[-2.268577742311712, -3.1251637177228195], [-2.2710671925856416, -3.0123566040684673], [-2.2608745767364473, -2.9266441230817843], [-2.262874553174143, -2.909303080888698], [-2.2524658744196215, -2.855933056549186], [-2.24148824329484, -2.763619168438118], [-2.229628310474943, -2.7388344917526535], [-2.214338904636558, -2.6604387624794423], [-2.2105459491589032, -2.503416994918505], [-2.191199645296152, -2.3407286598990242], [-2.206369330766873, -2.330512249210925], [-2.1722493665196705, -0.9180050034036531], [-2.013844312289007, -0.8492993905948941], [-2.0114609830199384, -0.8292573260569513], [-1.8430349298434152, -0.7565946109381948], [-1.8358748721131024, -0.7198817423454256], [-1.7703035311549158, -0.6168520566226225], [-1.3649249612379046, -0.49317323322803464], [-1.3630059847962928, -0.48709015648966697], [-1.3371492956458026, -0.4846990269074193], [-1.290600156188629, -0.47049713458915393], [-1.2880276400032047, -0.459403086473255], [-1.2863543604585912, -0.4592212108135176], [-1.2879692831876401, -0.4591514210713293], [-1.2872438718794919, -0.45602306448332736], [-1.2554540931765805, -0.45586253322968556], [-1.146411651433675, -0.44401026019185913], [-1.1462536936268097, -0.43968924343302107], [-1.1224855916100482, -0.43904462661708316], [-1.1221969586938263, -0.43903679857800376], [-1.1192921255277724, -0.43895801633847065], [-1.1192360649710158, -0.4376739448698239], [-1.1036485112420364, -0.43049923432978204], [-1.1035925617892635, -0.4290246692456702], [-1.0998693333615508, -0.42875973704603537], [-1.098934577334783, -0.4283294832657293], [-1.0971747214103564, -0.3913734964592265], [-1.096499638103481, -0.3461224601695161], [-1.0965149402621124, -0.3301398392751526], [-1.0978888382856073, -0.27870127712871057], [-1.0966078940992328, -0.24494159801998766], [-1.101172436680055, -0.023925115912287027], [-1.096901773043876, 0.07389477109373899], [-1.096982601703587, 0.15831775066704457], [-1.1054207717813327, 0.234403877964121], [-1.1033917552370496, 0.3144772787520189], [-1.1045312784432244, 0.33193011320610855], [-1.1042389853843186, 0.3331906352109133], [-1.1028021555133747, 0.3377453270640294], [-1.102755452760819, 0.3395884112093168], [-1.1012212262052277, 0.3462048062100007], [-1.1001343126273417, 0.34620227976534296], [-1.1000164913113752, 0.34657576851220673], [-1.0971628586338456, 0.3465904152826129], [-1.0971656977185342, 0.34955574947876006], [-1.0971675355044321, 0.3514752587454464], [-1.0971714792155793, 0.35559434035344006], [-1.0964566639371172, 0.3578602755146815], [-0.5740867002375616, 0.35379942505933515], [-0.5651493212562388, 0.35372994679291864], [-0.2972809347282241, 0.35164756546359927], [0.1647361389139595, 0.35306733329608453], [0.317540859670974, 0.3538516303359727], [0.3178911184949448, 0.35384800306891095], [0.3196930536477214, 0.3538626768491751], [0.48660758417022765, 0.3547193949633445], [0.4867155498483024, 0.3471823282715784], [0.4916912480286406, 0.3471748722658962], [0.49291167267287594, 0.2706074605715055], [0.4927961982218467, 0.18290900199522284], [0.49144499920869567, 0.017020226016073975], [0.4924824099713593, -0.055401253146359505], [0.49246614356805446, -0.06775496848079138], [0.49284926283142094, -0.08101119254241844], [0.4969521266328324, -0.22297346655582667], [0.5024503842326525, -0.4132174497252047], [0.5024893187361568, -0.41456461378488824], [0.5035163791507157, -0.45010170179394693], [0.5039155709678889, -0.45054986838847233], [0.5051598741174941, -0.4505368483323747], [0.5054656726749748, -0.45183894625041987], [0.5382004208540875, -0.46874242790761694], [0.5511360348574316, -0.4691744114794582], [0.6026039264403866, -0.4708931767143667], [0.6466761883525523, -0.4723649656155367], [0.6558814114856863, -0.5229167470489635], [0.6824984991514897, -0.5272787524330981], [0.685317117756766, -0.5447101541279337], [0.9198971030089163, -0.665841939109417], [1.0697654670619023, -2.509378451335947], [1.0672108935140612, -2.6220765904908485], [1.0881217207424767, -2.735179434096172], [1.102507117341474, -2.912134751121817], [1.100385913011597, -2.960571352085321], [1.109510227609663, -2.9982802799673207], [1.109681196294703, -3.0003833723398197], [0.7805898510485881, -3.0225156934822914], [0.5080822133185626, -3.0535369562830894], [0.44965293609992874, -3.0511107091290444], [0.410560179623613, -3.0646385043399422], [-0.3429955757604677, -3.150420507800639], [-0.9610003269886322, -3.2713799500278284], [-1.4267569316253215, -3.3173639527584955], [-1.4217159370203014, -3.2732180487942064], [-1.868079539855582, -3.3240304324162104], [-2.142102420414542, -3.370287477343579], [-2.2090779240473952, -3.386901240901908], [-2.237891452357835, -3.3864573590159117], [-2.262718971944671, -3.390648423961367], [-2.262819936101276, -3.3860733275200166], [-2.285441324093283, -3.385724837593425], [-2.2858212767504207, -3.3767421081481026], [-2.273414273389627, -3.3461897156208233], [-2.287023586679387, -3.3483174489216423], [-2.2906015121765573, -3.263729182165677], [-2.268577742311712, -3.1251637177228195]]]}, "properties": {"image": "uNb9QFRL6hY-88", "condition": "manual", "method": "mv50", "n": 18, "workers": ["P002", "P003", "P004", "P005", "P007", "P008", "P010", "P011", "P018", "P019", "P020", "P021", "P022", "P023", "P024", "P025", "P026", "P027"], "records": ["R01571", "R02962", "R02966", "R02967", "R00219", "R02965", "R02964", "R02961", "R03265", "R03260", "R03263", "R03258", "R03264", "R03261", "R01412", "R03259", "R03262", "R01038"], "output_type": "BEV_region_only"}}, {"type": "Feature", "geometry": {"type": "Polygon", "coordinates": [[[-2.273414273389627, -3.3461897156208233], [-2.2642007862161786, -3.3235013944781215], [-2.268577742311712, -3.1251637177228195], [-2.250845734043491, -3.0136004396705602], [-2.2608745767364473, -2.9266441230817843], [-2.2524658744196215, -2.855933056549186], [-2.229628310474943, -2.7388344917526535], [-2.2155204359550638, -2.709352106480816], [-2.214338904636558, -2.6604387624794423], [-2.1565388894805437, -2.364071827880698], [-2.191199645296152, -2.3407286598990242], [-2.013844312289007, -0.8492993905948941], [-1.8989267872194682, -0.799455785409977], [-1.898429093021428, -0.796324476459458], [-1.8460844839849226, -0.7722310603469366], [-1.8430349298434152, -0.7565946109381948], [-1.385795298040763, -0.5593313462587117], [-1.3649249612379046, -0.49317323322803464], [-1.3371492956458026, -0.4846990269074193], [-1.1922993487755587, -0.4713038473880074], [-1.1763748250618855, -0.4639740347618463], [-1.2863543604585912, -0.4592212108135176], [-1.2554540931765805, -0.45586253322968556], [-1.157679342816555, -0.45536879266620156], [-1.1466411415111155, -0.45028807887196415], [-1.146411651433675, -0.44401026019185913], [-1.1288566012876586, -0.4421021293375089], [-1.1224887970682347, -0.43917112728007346], [-1.1224855916100482, -0.43904462661708316], [-1.1221969586938263, -0.43903679857800376], [-1.1192921255277724, -0.43895801633847065], [-1.1039536788575168, -0.4385420209574747], [-1.1036485112420364, -0.43049923432978204], [-1.0998693333615508, -0.42875973704603537], [-1.0989519576307238, -0.4286944597269081], [-1.098934577334783, -0.4283294832657293], [-1.0977176978882368, -0.42776937242711427], [-1.0971747214103564, -0.3913734964592265], [-1.0964704728250625, -0.37658467138247914], [-1.096499638103481, -0.3461224601695161], [-1.0965149402621124, -0.3301398392751526], [-1.0965959578254112, -0.24551955587728239], [-1.0966078940992328, -0.24494159801998766], [-1.0965967913352053, -0.24464898124965923], [-1.096901773043876, 0.07389477109373899], [-1.096982601703587, 0.15831775066704457], [-1.0970389563382776, 0.21717838488169913], [-1.1033917552370496, 0.3144772787520189], [-1.1028021555133747, 0.3377453270640294], [-1.1001343126273417, 0.34620227976534296], [-1.0971624804095619, 0.3461953719763677], [-1.0971628586338456, 0.3465904152826129], [-1.0971656977185342, 0.34955574947876006], [-1.0971675355044321, 0.3514752587454464], [-0.5740867002375616, 0.35379942505933515], [-0.5651493212562388, 0.35372994679291864], [-0.2972809347282241, 0.35164756546359927], [-0.2235498304922529, 0.3510743874307558], [0.1647361389139595, 0.35306733329608453], [0.25674604522876193, 0.35335007762028436], [0.3178911184949448, 0.35384800306891095], [0.34097768154918195, 0.3536089194998335], [0.4859770407768188, 0.3540544991931108], [0.48568980164547454, 0.34718386533917206], [0.4867155498483024, 0.3471823282715784], [0.49144499920869567, 0.017020226016073975], [0.491130821916028, -0.02155180224461362], [0.49246614356805446, -0.06775496848079138], [0.49284926283142094, -0.08101119254241844], [0.4969521266328324, -0.22297346655582667], [0.49525371520506395, -0.2488656275858267], [0.4975947682141037, -0.41229416314199624], [0.5024503842326525, -0.4132174497252047], [0.5024893187361568, -0.41456461378488824], [0.5035163791507157, -0.45010170179394693], [0.5035294484202991, -0.45055390867176803], [0.5039155709678889, -0.45054986838847233], [0.5047214994640661, -0.4514546720793908], [0.5054656726749748, -0.45183894625041987], [0.5056095798000958, -0.4524517063940766], [0.5195657849076053, -0.4681201260521316], [0.5382004208540875, -0.46874242790761694], [0.5511360348574316, -0.4691744114794582], [0.6026039264403866, -0.4708931767143667], [0.6064437242698218, -0.5039817222868678], [0.6371763793006707, -0.5198513684423374], [0.6558814114856863, -0.5229167470489635], [0.6572066630073852, -0.5301945527360519], [0.685317117756766, -0.5447101541279337], [0.6909716572175615, -0.5796799611660053], [0.7448100645974801, -0.6121990203143698], [0.7419251976220945, -0.6810961440672874], [0.791940317289065, -0.7270106180053849], [0.9284873392027183, -1.87174623309928], [1.0672108935140612, -2.6220765904908485], [1.063991363031855, -2.764110118789041], [1.0978804240394677, -2.9502166781047476], [1.100385913011597, -2.960571352085321], [1.1002657210524305, -2.9633158731496856], [1.1043347946885076, -2.985661765053933], [0.7805898510485881, -3.0225156934822914], [0.4723888977256352, -3.043243076848324], [0.44965293609992874, -3.0511107091290444], [0.3933713643474926, -3.0487736443938673], [-0.14848788270491636, -3.11235034407756], [-0.3429955757604677, -3.150420507800639], [-1.4217159370203014, -3.2732180487942064], [-1.42038735373755, -3.261583140486529], [-1.6753846342249885, -3.2915021381042635], [-1.868079539855582, -3.3240304324162104], [-2.02987488873941, -3.3424486172402426], [-2.142102420414542, -3.370287477343579], [-2.237891452357835, -3.3864573590159117], [-2.262819936101276, -3.3860733275200166], [-2.2631965131784386, -3.369009089046185], [-2.2724735686187927, -3.3700651547668743], [-2.2645022413186178, -3.3447963736489164], [-2.273414273389627, -3.3461897156208233]]]}, "properties": {"image": "uNb9QFRL6hY-88", "condition": "manual", "method": "mv_strict", "n": 18, "workers": ["P002", "P003", "P004", "P005", "P007", "P008", "P010", "P011", "P018", "P019", "P020", "P021", "P022", "P023", "P024", "P025", "P026", "P027"], "records": ["R01571", "R02962", "R02966", "R02967", "R00219", "R02965", "R02964", "R02961", "R03265", "R03260", "R03263", "R03258", "R03264", "R03261", "R01412", "R03259", "R03262", "R01038"], "output_type": "BEV_region_only"}}, {"type": "Feature", "geometry": {"type": "Polygon", "coordinates": [[[-2.15374811542959, 0.0654347925983263], [-2.1588319788767607, 0.2179056867223712], [-2.153157701420628, 0.32738666104471725], [-2.151869239316589, 0.8990449388837023], [-2.157251458264291, 1.0047422624522069], [-2.151337433103242, 1.1349940002591772], [-2.151139086338907, 1.2229954784238375], [-2.167882027344663, 1.3358235162034906], [-2.1586903217174673, 1.7142312065283454], [-2.1543256144590304, 1.7779367838325077], [-2.1565496064541905, 1.8023609999828887], [-2.149146303849427, 2.107143023370993], [-2.1423215977056973, 2.388105163994137], [-2.142219865869603, 2.392293299547018], [-2.120651630816125, 2.391944804819416], [-2.1205224524354604, 2.4042506802917645], [-1.8916414445279188, 2.3922294713260586], [-1.7485859106036412, 2.394583087996372], [-1.717742913657135, 2.399032609995623], [-1.5988618217888606, 2.3970464188561795], [-1.3428002310450058, 2.401259264120317], [-1.071768590278921, 2.3926724386368], [-0.5094726284729283, 2.4149695602790375], [-0.46197856608627147, 2.415750954845943], [-0.041962035059219915, 2.4021390151393467], [0.04033551425290549, 2.4083333770253588], [0.10788470511689363, 2.4037928950511094], [0.2617950249068749, 2.405878353964647], [0.2623861447307636, 2.3934077077144487], [0.29490733650353196, 2.3912217172808594], [0.34515274313850675, 2.3895933588827356], [0.3451824480409727, 2.3878423542600826], [0.3548067072293658, 2.3871954364391366], [0.35539994287589555, 2.3519373161879975], [0.3559926621053842, 2.351927739162992], [0.3559634379011844, 2.3402829373128036], [0.3646406056291164, 2.3403917097004814], [0.3677467735442029, 2.3404306469794696], [0.3778426619993678, 2.340557203700214], [0.37857182498573794, 2.340566344101958], [0.378683886159237, 2.2836624887934223], [0.37266352974383626, 1.7931038645660409], [0.37062875747706525, 1.627303866205514], [0.38031879353623516, 1.192672807567675], [0.3801588328737528, 0.8804277635580599], [0.3799340233920531, 0.4415970822034252], [0.37988318004850846, 0.3423502936722169], [0.3796663971649923, -0.08081237615913262], [0.3834995134000796, -0.1616782762218354], [0.38381167039569447, -0.32018934617917744], [0.37954376212103397, -0.3201973855961851], [0.3795405397371429, -0.32648751583355895], [0.35588386556693313, -0.32638875033282705], [0.35593785054965965, -0.3326532619813997], [0.027469137049193293, -0.3289683357517701], [-0.06535377524609598, -0.324630103017373], [-0.5334274472071672, -0.3226759174772577], [-0.6586662082841145, -0.3221530515469157], [-1.1254474151085434, -0.32020426198788726], [-1.1338710935405305, -0.32016909352708195], [-1.803280431211015, -0.3173743410629814], [-1.922632247862414, -0.3168760528484158], [-1.9635669786210252, -0.3167051522750043], [-2.0837168664340235, -0.316203532150918], [-2.0899888416711048, -0.3161773469496335], [-2.099851293529508, -0.31613617167752084], [-2.0998528515213786, -0.3094756574020707], [-2.1270379407176767, -0.30958998661883796], [-2.154595069484037, -0.31033745142483526], [-2.1545936459711204, -0.3097058744931188], [-2.1725168085472126, -0.309781251885649], [-2.1721475596263424, -0.3028294645115184], [-2.1715747834901657, -0.2920459044613037], [-2.1537995715051106, 0.042605024129282354], [-2.15374811542959, 0.0654347925983263]]]}, "properties": {"image": "wc2JMjhGNzB-15", "condition": "manual", "method": "mv50", "n": 24, "workers": ["P001", "P002", "P003", "P004", "P005", "P006", "P007", "P008", "P009", "P010", "P011", "P012", "P014", "P017", "P018", "P019", "P020", "P021", "P022", "P023", "P024", "P025", "P026", "P027"], "records": ["R00559", "R01279", "R01790", "R01099", "R01288", "R01102", "R00756", "R02096", "R00448", "R00205", "R01291", "R01645", "R02423", "R01204", "R01163", "R02268", "R02342", "R01201", "R00662", "R01528", "R01520", "R02163", "R01841", "R01316"], "output_type": "BEV_region_only"}}, {"type": "Feature", "geometry": {"type": "Polygon", "coordinates": [[[-2.1725168085472126, -0.309781251885649], [-2.1721475596263424, -0.3028294645115184], [-2.1715747834901657, -0.2920459044613037], [-2.1537995715051106, 0.042605024129282354], [-2.15330030881767, 0.052004558835430204], [-2.15374811542959, 0.0654347925983263], [-2.153157701420628, 0.32738666104471725], [-2.1395723622079323, 0.5895057035138053], [-2.138980111181674, 0.6459251085257186], [-2.151869239316589, 0.8990449388837023], [-2.151337433103242, 1.1349940002591772], [-2.14823143092996, 1.2034012473853302], [-2.151139086338907, 1.2229954784238375], [-2.1499954850548186, 1.7303826484049791], [-2.1543256144590304, 1.7779367838325077], [-2.149737362524686, 1.8449051326786625], [-2.149146303849427, 2.107143023370993], [-2.1423215977056973, 2.388105163994137], [-2.120688200425151, 2.38846108678215], [-2.120651630816125, 2.391944804819416], [-2.0138411378809775, 2.390218984716466], [-1.8916414445279188, 2.3922294713260586], [-1.7987275208272013, 2.387349478430007], [-1.7485859106036412, 2.394583087996372], [-1.5988618217888606, 2.3970464188561795], [-1.1504108762297536, 2.3895539801466525], [-1.071768590278921, 2.3926724386368], [-0.9642415127331916, 2.38926576535309], [-0.04806265238909868, 2.401679834619572], [-0.041962035059219915, 2.4021390151393467], [-0.03376936556955723, 2.4018735062488834], [0.10788470511689363, 2.4037928950511094], [0.2623861447307636, 2.3934077077144487], [0.2624398870118218, 2.392273925782814], [0.29490733650353196, 2.3912217172808594], [0.3451824480409727, 2.3878423542600826], [0.3455774223408433, 2.364559940668745], [0.35419495075986485, 2.364415964378481], [0.35447282642114447, 2.3519522963287254], [0.35539994287589555, 2.3519373161879975], [0.3555961111502905, 2.340278332698832], [0.3559634379011844, 2.3402829373128036], [0.3646406056291164, 2.3403917097004814], [0.3677467735442029, 2.3404306469794696], [0.3778426619993678, 2.340557203700214], [0.3713311836080903, 1.8839905332144142], [0.37266352974383626, 1.7931038645660409], [0.37062875747706525, 1.627303866205514], [0.3693480766738489, 1.5229497433676844], [0.3801588328737528, 0.8804277635580599], [0.3799340233920531, 0.4415970822034252], [0.37988318004850846, 0.3423502936722169], [0.3796663971649923, -0.08081237615913262], [0.37954376212103397, -0.3201973855961851], [0.3795405397371429, -0.32648751583355895], [0.35588386556693313, -0.32638875033282705], [-0.06535377524609598, -0.324630103017373], [-0.5334274472071672, -0.3226759174772577], [-0.6586662082841145, -0.3221530515469157], [-1.1254474151085434, -0.32020426198788726], [-1.1338710935405305, -0.32016909352708195], [-1.803280431211015, -0.3173743410629814], [-1.922632247862414, -0.3168760528484158], [-1.9635669786210252, -0.3167051522750043], [-2.0837168664340235, -0.316203532150918], [-2.0899888416711048, -0.3161773469496335], [-2.0903321376433612, -0.30943561722589624], [-2.0998528515213786, -0.3094756574020707], [-2.1270379407176767, -0.30958998661883796], [-2.1545936459711204, -0.3097058744931188], [-2.1725168085472126, -0.309781251885649]]]}, "properties": {"image": "wc2JMjhGNzB-15", "condition": "manual", "method": "mv_strict", "n": 24, "workers": ["P001", "P002", "P003", "P004", "P005", "P006", "P007", "P008", "P009", "P010", "P011", "P012", "P014", "P017", "P018", "P019", "P020", "P021", "P022", "P023", "P024", "P025", "P026", "P027"], "records": ["R00559", "R01279", "R01790", "R01099", "R01288", "R01102", "R00756", "R02096", "R00448", "R00205", "R01291", "R01645", "R02423", "R01204", "R01163", "R02268", "R02342", "R01201", "R00662", "R01528", "R01520", "R02163", "R01841", "R01316"], "output_type": "BEV_region_only"}}, {"type": "Feature", "geometry": {"type": "Polygon", "coordinates": [[[-0.5555794197061023, -0.7587990416046329], [-0.5490464357701887, 0.005391593306064868], [-0.5471104333696843, 0.2318539446823008], [-0.5431697864669841, 0.6928080030535307], [-0.5395717287572852, 1.1136879612155144], [-0.5317874087828165, 2.0242526406931054], [-0.5315597132720413, 2.0508871431888194], [-0.5305075021938818, 2.173968702820182], [-0.5302041664843499, 2.209451157810454], [-0.5300132713876425, 2.2317809609425545], [0.356239449413227, 2.241770281443985], [1.4181112595121137, 2.253739077244043], [1.7342268914029766, 2.2573021471092805], [1.739481287301594, 2.2573613715758922], [1.718262511854982, 0.5859310587730795], [1.7010563025923524, -0.769424239761821], [1.700933660574328, -0.7790849097220208], [0.542672817291885, -0.7686722394309884], [-0.414175813072035, -0.7600702484682532], [-0.5071156893742021, -0.7592347265783124], [-0.5293763695979331, -0.7590346048829549], [-0.5297674039488363, -0.7590310895161082], [-0.5385965823523028, -0.7589517159240635], [-0.5418176296133288, -0.7589227589725138], [-0.542480206415767, -0.7589168024612268], [-0.5424799726293857, -0.7588607193577431], [-0.5555794197061023, -0.7587990416046329]]]}, "properties": {"image": "wc2JMjhGNzB-18", "condition": "semi", "method": "mv50", "n": 24, "workers": ["P001", "P002", "P003", "P004", "P005", "P006", "P007", "P008", "P009", "P010", "P011", "P012", "P014", "P017", "P018", "P019", "P020", "P021", "P022", "P023", "P024", "P025", "P026", "P027"], "records": ["R00723", "R02349", "R02118", "R02240", "R01456", "R00829", "R00702", "R01630", "R01973", "R00314", "R01810", "R00851", "R02447", "R02358", "R01504", "R01208", "R00426", "R02389", "R00052", "R02492", "R01852", "R01385", "R00112", "R02007"], "output_type": "BEV_region_only"}}, {"type": "Feature", "geometry": {"type": "Polygon", "coordinates": [[[-0.5555794197061023, -0.7587990416046329], [-0.5490464357701887, 0.005391593306064868], [-0.5471104333696843, 0.2318539446823008], [-0.5431697864669841, 0.6928080030535307], [-0.5395717287572852, 1.1136879612155144], [-0.5317874087828165, 2.0242526406931054], [-0.5315597132720413, 2.0508871431888194], [-0.5305075021938818, 2.173968702820182], [-0.5302041664843499, 2.209451157810454], [-0.5300132713876425, 2.2317809609425545], [0.356239449413227, 2.241770281443985], [1.4181112595121137, 2.253739077244043], [1.7342268914029766, 2.2573021471092805], [1.739481287301594, 2.2573613715758922], [1.718262511854982, 0.5859310587730795], [1.7010563025923524, -0.769424239761821], [1.7007762319584543, -0.7694229210704816], [1.700933660574328, -0.7790849097220208], [0.542672817291885, -0.7686722394309884], [-0.414175813072035, -0.7600702484682532], [-0.5071156893742021, -0.7592347265783124], [-0.5293763695979331, -0.7590346048829549], [-0.5297674039488363, -0.7590310895161082], [-0.5385965823523028, -0.7589517159240635], [-0.5418176296133288, -0.7589227589725138], [-0.5418176844932118, -0.7588638376912049], [-0.5424799726293857, -0.7588607193577431], [-0.5555794197061023, -0.7587990416046329]]]}, "properties": {"image": "wc2JMjhGNzB-18", "condition": "semi", "method": "mv_strict", "n": 24, "workers": ["P001", "P002", "P003", "P004", "P005", "P006", "P007", "P008", "P009", "P010", "P011", "P012", "P014", "P017", "P018", "P019", "P020", "P021", "P022", "P023", "P024", "P025", "P026", "P027"], "records": ["R00723", "R02349", "R02118", "R02240", "R01456", "R00829", "R00702", "R01630", "R01973", "R00314", "R01810", "R00851", "R02447", "R02358", "R01504", "R01208", "R00426", "R02389", "R00052", "R02492", "R01852", "R01385", "R00112", "R02007"], "output_type": "BEV_region_only"}}, {"type": "Feature", "geometry": {"type": "Polygon", "coordinates": [[[-0.19732900480025165, -0.34918754303419386], [-0.20190130418165844, -0.34916642944524207], [-0.20926193142279786, -0.3491324401446663], [-0.20468044715506892, 0.15607318615424948], [-0.20452354097365527, 0.17337541421375083], [-0.20260274245653268, 0.3851841122534314], [-0.20221849894544572, 0.4275550934302822], [-0.2003380166192478, 0.42754306869356445], [-0.19544748652832408, 0.42751179621844765], [-0.19534845398625902, 0.42751116295525327], [-0.1919321500852008, 0.4274893174136144], [0.4994634298999376, 0.4230681911412118], [0.6787654763788389, 0.42192164492175166], [0.748098384196295, 0.4214782959198671], [0.9922443313883457, 0.4199171056365063], [1.095200063719966, 0.4192587556176711], [1.2773934206815447, 0.4180937209248873], [1.303851987984844, 0.41792453172203287], [1.3189084471859613, 0.41782825325385864], [1.3189082338302673, 0.41740741184174757], [1.318660500645197, -0.07124316736452856], [1.318533063496428, -0.322611334050212], [1.3185274428384854, -0.3336980108647402], [1.3185164005053818, -0.3554788734708635], [1.3185160413576067, -0.35618728792171483], [1.3094578727016861, -0.3561454598536677], [0.9744032559309445, -0.3545982721337053], [0.94387264642332, -0.35445729038998713], [0.9009840786257157, -0.354259243080379], [0.8993983094614031, -0.3542519204456355], [0.8230972760529492, -0.35389958379363595], [0.723647763993535, -0.3534403539961255], [0.43996754837477886, -0.3521303987708198], [0.37868043044019145, -0.3560940615546336], [-0.19566204843693202, -0.356037090035206], [-0.19565931017282173, -0.3491952532130553], [-0.19732900480025165, -0.34918754303419386]]]}, "properties": {"image": "wc2JMjhGNzB-20", "condition": "semi", "method": "mv50", "n": 24, "workers": ["P001", "P002", "P003", "P004", "P005", "P006", "P007", "P008", "P009", "P010", "P011", "P012", "P014", "P017", "P018", "P019", "P020", "P021", "P022", "P023", "P024", "P025", "P026", "P027"], "records": ["R00772", "R01664", "R01948", "R00295", "R00101", "R01796", "R01839", "R00339", "R01766", "R01778", "R00343", "R01564", "R00903", "R00175", "R00902", "R02205", "R02485", "R00870", "R00527", "R00347", "R01608", "R02339", "R00786", "R01639"], "output_type": "BEV_region_only"}}, {"type": "Feature", "geometry": {"type": "Polygon", "coordinates": [[[-0.20260274245653268, 0.3851841122534314], [-0.20221849894544572, 0.4275550934302822], [-0.2003380166192478, 0.42754306869356445], [-0.19544748652832408, 0.42751179621844765], [-0.19534845398625902, 0.42751116295525327], [-0.1919321500852008, 0.4274893174136144], [0.4994634298999376, 0.4230681911412118], [0.6787654763788389, 0.42192164492175166], [0.748098384196295, 0.4214782959198671], [0.9922443313883457, 0.4199171056365063], [1.095200063719966, 0.4192587556176711], [1.2773934206815447, 0.4180937209248873], [1.303851987984844, 0.41792453172203287], [1.3189084471859613, 0.41782825325385864], [1.3189082338302673, 0.41740741184174757], [1.318660500645197, -0.07124316736452856], [1.318533063496428, -0.322611334050212], [1.3185274428384854, -0.3336980108647402], [1.3185164005053818, -0.3554788734708635], [1.3185160413576067, -0.35618728792171483], [1.3094578727016861, -0.3561454598536677], [0.9744032559309445, -0.3545982721337053], [0.94387264642332, -0.35445729038998713], [0.9009840786257157, -0.354259243080379], [0.8993983094614031, -0.3542519204456355], [0.8230972760529492, -0.35389958379363595], [0.723647763993535, -0.3534403539961255], [0.43996754837477886, -0.3521303987708198], [-0.19565931017282173, -0.3491952532130553], [-0.19732900480025165, -0.34918754303419386], [-0.20190130418165844, -0.34916642944524207], [-0.20926193142279786, -0.3491324401446663], [-0.20468044715506892, 0.15607318615424948], [-0.20452354097365527, 0.17337541421375083], [-0.20260274245653268, 0.3851841122534314]]]}, "properties": {"image": "wc2JMjhGNzB-20", "condition": "semi", "method": "mv_strict", "n": 24, "workers": ["P001", "P002", "P003", "P004", "P005", "P006", "P007", "P008", "P009", "P010", "P011", "P012", "P014", "P017", "P018", "P019", "P020", "P021", "P022", "P023", "P024", "P025", "P026", "P027"], "records": ["R00772", "R01664", "R01948", "R00295", "R00101", "R01796", "R01839", "R00339", "R01766", "R01778", "R00343", "R01564", "R00903", "R00175", "R00902", "R02205", "R02485", "R00870", "R00527", "R00347", "R01608", "R02339", "R00786", "R01639"], "output_type": "BEV_region_only"}}, {"type": "Feature", "geometry": {"type": "Polygon", "coordinates": [[[-0.3676827970179448, -2.257735304822732], [-0.406021613386117, -2.257633002712362], [-0.4043836249649224, -1.9549573947436087], [-0.38553985698138327, -1.4515658834035623], [-0.39851299500915077, -0.870153333841356], [-0.3936786800967201, 0.02315530393598042], [-0.3927455874392022, 0.19557678369188602], [-0.39141551573108113, 0.4413540173331194], [-0.3913885481468585, 0.4463372210263955], [-0.3913504531406003, 0.45337660484045], [-0.3912873941965776, 0.46502894863786237], [-0.36978940026298424, 0.46485574753514836], [-0.31381813270192954, 0.4644048084711676], [0.8303473986180863, 0.45518670503676506], [1.7687526446003896, 0.44762633340865715], [2.1017482388477213, 0.4449435154536093], [2.1017488685650436, 0.44394346013974345], [2.1017507686718755, 0.4409258967538664], [2.1017528231349485, 0.4376631999198028], [2.101760008113849, 0.42625272084004245], [2.101953114582629, 0.11957995914663566], [2.1021770777734967, -0.2360964233953481], [2.1024489513804805, -0.667859431709443], [2.1028827520725275, -1.3567791613023363], [2.1032462366829017, -1.9340297837225915], [2.103446240016682, -2.2516554702461025], [2.1034542204489117, -2.2643292103171766], [2.0970773600776487, -2.264312194500432], [1.969317467131438, -2.263971283958397], [1.7357134950118542, -2.2633479423531377], [1.4850784208045695, -2.262679155482465], [0.6054522686255863, -2.2603319882971116], [0.053129261401489214, -2.258858186688257], [-0.32706534664797293, -2.257843687169511], [-0.3676827970179448, -2.257735304822732]]]}, "properties": {"image": "wc2JMjhGNzB-40", "condition": "semi", "method": "mv50", "n": 24, "workers": ["P001", "P002", "P003", "P004", "P005", "P006", "P007", "P008", "P009", "P010", "P011", "P012", "P014", "P017", "P018", "P019", "P020", "P021", "P022", "P023", "P024", "P025", "P026", "P027"], "records": ["R02045", "R01067", "R00827", "R00504", "R02196", "R01563", "R00464", "R01213", "R01978", "R01493", "R01433", "R01750", "R01074", "R00238", "R02442", "R00017", "R00833", "R02428", "R00049", "R01033", "R01022", "R00485", "R01701", "R00960"], "output_type": "BEV_region_only"}}, {"type": "Feature", "geometry": {"type": "Polygon", "coordinates": [[[-0.3676827970179448, -2.257735304822732], [-0.3679522227711693, -2.22665734131038], [-0.3810686491511701, -2.2264479407504854], [-0.3812961070094822, -2.1858699327901765], [-0.39028357697860894, -2.18519171987974], [-0.3832766419131368, -1.8325466328938695], [-0.3853693832099402, -1.4592059462685425], [-0.38553985698138327, -1.4515658834035623], [-0.38542883413837103, -1.448600024516634], [-0.3936786800967201, 0.02315530393598042], [-0.3927455874392022, 0.19557678369188602], [-0.39141551573108113, 0.4413540173331194], [-0.3913885481468585, 0.4463372210263955], [-0.3913504531406003, 0.45337660484045], [-0.3912873941965776, 0.46502894863786237], [-0.36978940026298424, 0.46485574753514836], [-0.31381813270192954, 0.4644048084711676], [0.8303473986180863, 0.45518670503676506], [1.7687526446003896, 0.44762633340865715], [2.1017482388477213, 0.4449435154536093], [2.1017488685650436, 0.44394346013974345], [2.1017507686718755, 0.4409258967538664], [2.1017528231349485, 0.4376631999198028], [2.101760008113849, 0.42625272084004245], [2.101953114582629, 0.11957995914663566], [2.1021770777734967, -0.2360964233953481], [2.1024489513804805, -0.667859431709443], [2.1028827520725275, -1.3567791613023363], [2.1032462366829017, -1.9340297837225915], [2.103446240016682, -2.2516554702461025], [2.1034542204489117, -2.2643292103171766], [2.0970773600776487, -2.264312194500432], [1.969317467131438, -2.263971283958397], [1.7357134950118542, -2.2633479423531377], [1.4850784208045695, -2.262679155482465], [0.6054522686255863, -2.2603319882971116], [0.053129261401489214, -2.258858186688257], [-0.32706534664797293, -2.257843687169511], [-0.3676827970179448, -2.257735304822732]]]}, "properties": {"image": "wc2JMjhGNzB-40", "condition": "semi", "method": "mv_strict", "n": 24, "workers": ["P001", "P002", "P003", "P004", "P005", "P006", "P007", "P008", "P009", "P010", "P011", "P012", "P014", "P017", "P018", "P019", "P020", "P021", "P022", "P023", "P024", "P025", "P026", "P027"], "records": ["R02045", "R01067", "R00827", "R00504", "R02196", "R01563", "R00464", "R01213", "R01978", "R01493", "R01433", "R01750", "R01074", "R00238", "R02442", "R00017", "R00833", "R02428", "R00049", "R01033", "R01022", "R00485", "R01701", "R00960"], "output_type": "BEV_region_only"}}, {"type": "Feature", "geometry": {"type": "Polygon", "coordinates": [[[-1.9880632422854476, -0.42410531790101796], [-1.988127012273775, -0.19612824805626905], [-1.977556500898133, -0.14174141310157495], [-1.9792527376674545, 0.19027522651250606], [-1.97545110511515, 0.2483943285427208], [-1.9809183275400486, 0.516293128302974], [-1.9815105407293436, 0.6322112811228559], [-1.9851075208337055, 0.7215673549785457], [-1.9870878206933245, 0.8186038232848767], [-1.9884161342822568, 0.8374800377551674], [-1.9884292404890285, 0.884334595753018], [-1.9906177515797796, 0.9915736010300132], [-1.9884625047219717, 1.0032538955039516], [-1.9885144029115782, 1.1887894037751028], [-1.9960033935278454, 1.3548531651213496], [-1.9960503803043355, 2.2994008153972825], [-1.9965141797040487, 2.3059911956701953], [-2.0113594365617016, 2.516935599654966], [-1.9960604730423082, 2.5022892161141446], [-1.9960604849575392, 2.502528741028596], [-1.9455002764197973, 2.4549167349663743], [-1.9228242378482627, 2.454174225321002], [-1.9150525462074872, 2.446765306947793], [-1.9132622988002164, 2.4450586261476017], [-1.8890372891568954, 2.4488228887620855], [-1.796432802292907, 2.4424872004629736], [-1.7690171410464743, 2.4441115470738795], [-1.768911542459604, 2.4457046156847158], [-1.7525201774589916, 2.4450889733213326], [-1.7143784570692242, 2.4473488266836982], [-1.5897583985270733, 2.443268237599211], [-1.5897568183686268, 2.440347009666129], [-1.5781564166284867, 2.442888339521425], [-1.5652886230723986, 2.4424669934031464], [-1.5649386781440424, 2.438043610256032], [-0.25489526879873653, 2.3888397629478], [-0.2548983050597518, 2.3995592585597127], [-0.24468580757884079, 2.3992248580929383], [-0.23706454716460948, 2.5035497740397035], [-0.22461183199574408, 2.5033553464499683], [-0.20947117830051065, 2.3980717818263373], [-0.1986806155115604, 2.397718453050479], [-0.1839566537866496, 2.295600773844951], [-0.1813387886171864, 2.2955935250629933], [-0.15608093121866196, 2.114434468332165], [0.07813229750721719, 1.0561677248891306], [0.08033315814215616, 1.0324977853470498], [0.08936480997750318, 0.9353636690318139], [0.11477397381052382, 0.6620917670337578], [0.12978576322084362, 0.5006421313231488], [0.1301188261568048, 0.49706008735691254], [0.16549303446727306, 0.4633371047678867], [0.1728208654439027, 0.45635132817406565], [0.17286033982840557, 0.42588410182610703], [0.17965334515670367, 0.41938085333433983], [0.18015364901433023, 0.37257094555380943], [0.19922287563846913, 0.35411766376801695], [0.19813979233102622, 0.34125114473605317], [0.20624529138758857, 0.347322075295045], [0.209341574997014, 0.3443258030780516], [0.2026192463761778, 0.2761899592556052], [0.206615513992562, 0.27695476393859114], [0.21253240244207103, 0.2780871365495587], [0.21170814159762563, 0.21709823073247164], [0.2144778245404155, 0.21749637168843095], [0.21435356953532608, 0.21292527003523895], [0.21123819016165077, 0.18232547152593395], [0.20972504785231444, 0.07036468336783926], [0.2089801371087365, 0.015247069218911613], [0.19782609172011373, -0.3950887178910085], [0.20142185418701294, -0.4391965384886523], [0.19665946010297117, -0.43800684187280614], [0.19665807212737454, -0.4380579028142928], [0.19538184302791872, -0.43768767955996224], [0.1923805613810677, -0.4369379275328411], [0.19616226097086323, -0.456297837660934], [0.19550522639723075, -0.48046887063923877], [0.18927051575992754, -0.4804300559442727], [0.18953127114389934, -0.5048271004421945], [0.1740615909157508, -0.5012687655281611], [0.17406300188457163, -0.5023577833045213], [0.1668309943068093, -0.5009237218479902], [0.16611124932061824, -0.5105097117775026], [-1.7322821681639433, -0.4991067552558189], [-1.845939675713018, -0.4932687103295767], [-1.874136636489025, -0.48651248608725667], [-1.9632383522723413, -0.4859249650875085], [-1.9617110913575135, -0.46288458646048686], [-1.9759158127195835, -0.4628851269680002], [-1.9761208574128517, -0.4227502523673893], [-1.9880632422854476, -0.42410531790101796]]]}, "properties": {"image": "wc2JMjhGNzB-53", "condition": "manual", "method": "mv50", "n": 23, "workers": ["P001", "P002", "P003", "P004", "P005", "P006", "P007", "P008", "P009", "P010", "P011", "P012", "P017", "P018", "P019", "P020", "P021", "P022", "P023", "P024", "P025", "P026", "P027"], "records": ["R02176", "R00011", "R01733", "R02364", "R02006", "R00703", "R01768", "R01416", "R00354", "R02288", "R00097", "R01473", "R00106", "R00966", "R00116", "R02191", "R02104", "R01964", "R02287", "R01559", "R00315", "R00536", "R00477"], "output_type": "BEV_region_only"}}, {"type": "Feature", "geometry": {"type": "Polygon", "coordinates": [[[-1.9880632422854476, -0.42410531790101796], [-1.988127012273775, -0.19612824805626905], [-1.977556500898133, -0.14174141310157495], [-1.9792527376674545, 0.19027522651250606], [-1.97545110511515, 0.2483943285427208], [-1.9809183275400486, 0.516293128302974], [-1.9815105407293436, 0.6322112811228559], [-1.9851075208337055, 0.7215673549785457], [-1.9870878206933245, 0.8186038232848767], [-1.9884161342822568, 0.8374800377551674], [-1.9884292404890285, 0.884334595753018], [-1.9906177515797796, 0.9915736010300132], [-1.9884625047219717, 1.0032538955039516], [-1.9885144029115782, 1.1887894037751028], [-1.9960033935278454, 1.3548531651213496], [-1.9960503803043355, 2.2994008153972825], [-1.9965141797040487, 2.3059911956701953], [-2.0113594365617016, 2.516935599654966], [-1.9960604730423082, 2.5022892161141446], [-1.9960604849575392, 2.502528741028596], [-1.9455002764197973, 2.4549167349663743], [-1.9228242378482627, 2.454174225321002], [-1.9150525462074872, 2.446765306947793], [-1.9132622988002164, 2.4450586261476017], [-1.8890372891568954, 2.4488228887620855], [-1.796432802292907, 2.4424872004629736], [-1.7690171410464743, 2.4441115470738795], [-1.768911542459604, 2.4457046156847158], [-1.7525201774589916, 2.4450889733213326], [-1.7143784570692242, 2.4473488266836982], [-1.5897583985270733, 2.443268237599211], [-1.5897568183686268, 2.440347009666129], [-1.5781564166284867, 2.442888339521425], [-1.5652886230723986, 2.4424669934031464], [-1.5649386781440424, 2.438043610256032], [-0.25489526879873653, 2.3888397629478], [-0.2548983050597518, 2.3995592585597127], [-0.24468580757884079, 2.3992248580929383], [-0.23706454716460948, 2.5035497740397035], [-0.22461183199574408, 2.5033553464499683], [-0.20947117830051065, 2.3980717818263373], [-0.1986806155115604, 2.397718453050479], [-0.1839566537866496, 2.295600773844951], [-0.1813387886171864, 2.2955935250629933], [-0.15608093121866196, 2.114434468332165], [0.07813229750721719, 1.0561677248891306], [0.08033315814215616, 1.0324977853470498], [0.08936480997750318, 0.9353636690318139], [0.11477397381052382, 0.6620917670337578], [0.12978576322084362, 0.5006421313231488], [0.1301188261568048, 0.49706008735691254], [0.16549303446727306, 0.4633371047678867], [0.1728208654439027, 0.45635132817406565], [0.17286033982840557, 0.42588410182610703], [0.17965334515670367, 0.41938085333433983], [0.18015364901433023, 0.37257094555380943], [0.19922287563846913, 0.35411766376801695], [0.19813979233102622, 0.34125114473605317], [0.20624529138758857, 0.347322075295045], [0.209341574997014, 0.3443258030780516], [0.2026192463761778, 0.2761899592556052], [0.206615513992562, 0.27695476393859114], [0.21253240244207103, 0.2780871365495587], [0.21170814159762563, 0.21709823073247164], [0.2144778245404155, 0.21749637168843095], [0.21435356953532608, 0.21292527003523895], [0.21123819016165077, 0.18232547152593395], [0.20972504785231444, 0.07036468336783926], [0.2089801371087365, 0.015247069218911613], [0.19782609172011373, -0.3950887178910085], [0.20142185418701294, -0.4391965384886523], [0.19665946010297117, -0.43800684187280614], [0.19665807212737454, -0.4380579028142928], [0.19538184302791872, -0.43768767955996224], [0.1923805613810677, -0.4369379275328411], [0.19616226097086323, -0.456297837660934], [0.19550522639723075, -0.48046887063923877], [0.18927051575992754, -0.4804300559442727], [0.18953127114389934, -0.5048271004421945], [0.1740615909157508, -0.5012687655281611], [0.17406300188457163, -0.5023577833045213], [0.1668309943068093, -0.5009237218479902], [0.16611124932061824, -0.5105097117775026], [-1.7322821681639433, -0.4991067552558189], [-1.845939675713018, -0.4932687103295767], [-1.874136636489025, -0.48651248608725667], [-1.9632383522723413, -0.4859249650875085], [-1.9617110913575135, -0.46288458646048686], [-1.9759158127195835, -0.4628851269680002], [-1.9761208574128517, -0.4227502523673893], [-1.9880632422854476, -0.42410531790101796]]]}, "properties": {"image": "wc2JMjhGNzB-53", "condition": "manual", "method": "mv_strict", "n": 23, "workers": ["P001", "P002", "P003", "P004", "P005", "P006", "P007", "P008", "P009", "P010", "P011", "P012", "P017", "P018", "P019", "P020", "P021", "P022", "P023", "P024", "P025", "P026", "P027"], "records": ["R02176", "R00011", "R01733", "R02364", "R02006", "R00703", "R01768", "R01416", "R00354", "R02288", "R00097", "R01473", "R00106", "R00966", "R00116", "R02191", "R02104", "R01964", "R02287", "R01559", "R00315", "R00536", "R00477"], "output_type": "BEV_region_only"}}, {"type": "Feature", "geometry": {"type": "Polygon", "coordinates": [[[-3.623985899122797, -2.1968771875219306], [-3.6025083779247526, -1.4166840703421526], [-3.5728589721608586, -0.3396388148791287], [-3.569163975046124, -0.2054142323338406], [-3.5558340771547563, 0.2788080618339501], [-3.546024758525737, 0.6351416819018479], [-3.5450688357342925, 0.6698665635845672], [-3.5441026064381846, 0.7049658396830355], [-2.8543307794306765, 0.7024941193675607], [-2.0922018072290003, 0.6997631153023827], [-1.6223377675728006, 0.6980794099858466], [-1.2671936614454307, 0.7096987447774213], [-0.8823877417812074, 0.7085683028593339], [-0.6462910067557188, 0.7162293197496759], [-0.5063758234426067, 0.7167731549246197], [-0.29442824238596654, 0.725907670485109], [0.4633865057967082, 0.7328388462183424], [0.46332732843949, 0.7205422861279661], [0.46825423221161766, 0.7205614364697046], [0.46812429356829344, 0.7035241973978351], [0.474847847010931, 0.7033004924398693], [0.4747378394167366, 0.6905647737279842], [0.475140454338946, 0.6905633310023703], [0.47731763258760146, 0.6905555293272411], [0.4781742795115145, 0.6905524596286507], [0.47903967102557815, 0.690549358594798], [0.4820210885663787, 0.6905386750179746], [0.485844249342173, 0.6905249751482657], [0.4873572596778331, 0.6905195534446853], [0.48858486237806, 0.690515154467495], [0.4911136388326975, 0.6905060928794575], [0.4919600348370047, 0.5145523235950105], [0.4877226079019787, 0.4098018323807082], [0.4866245259397177, 0.052313127943087956], [0.48741958021961257, -0.007736589726708876], [0.48686693161212835, -0.040838101806685095], [0.48642584124810084, -0.06725770698706213], [0.48635527939860773, -0.12466495092067109], [0.48644752096101107, -0.27180774905790545], [0.4861744173667601, -0.27180948943815303], [0.48562892240745104, -0.27181296565989566], [0.48301039604016255, -0.2718296524837356], [0.48231700496603713, -0.2718340711884127], [0.4823295430382937, -0.3126101114604566], [0.4494618453634846, -2.281257959098129], [0.44913735782635605, -2.2812880261042037], [0.4486459397248659, -2.3301275481771744], [0.444987202932363, -2.330154887646873], [0.35966864978465285, -2.330792420251924], [-0.06333428944863084, -2.333953258731296], [-0.12413685516467998, -2.3344075985751473], [-0.3090041067834921, -2.335788996831036], [-1.0391779818097122, -2.3412451331051676], [-2.0164189144025535, -2.348547448188263], [-3.2422958344138957, -2.357707665719539], [-3.549528775281514, -2.360003426839746], [-3.62849275770944, -2.3605934756810023], [-3.628167004819566, -2.348760165857317], [-3.6243928125463523, -2.211658737469831], [-3.623985899122797, -2.1968771875219306]]]}, "properties": {"image": "wc2JMjhGNzB-56", "condition": "semi", "method": "mv50", "n": 23, "workers": ["P001", "P002", "P003", "P004", "P005", "P006", "P007", "P008", "P009", "P010", "P011", "P012", "P014", "P017", "P018", "P019", "P020", "P021", "P023", "P024", "P025", "P026", "P027"], "records": ["R01909", "R00769", "R02208", "R00997", "R01169", "R00276", "R00589", "R00319", "R00777", "R02329", "R01417", "R01935", "R02018", "R00630", "R00891", "R02437", "R02443", "R00893", "R00873", "R00296", "R02292", "R00255", "R01741"], "output_type": "BEV_region_only"}}, {"type": "Feature", "geometry": {"type": "Polygon", "coordinates": [[[-3.623985899122797, -2.1968771875219306], [-3.6025083779247526, -1.4166840703421526], [-3.5728589721608586, -0.3396388148791287], [-3.569163975046124, -0.2054142323338406], [-3.5558340771547563, 0.2788080618339501], [-3.546024758525737, 0.6351416819018479], [-3.5450688357342925, 0.6698665635845672], [-3.5441026064381846, 0.7049658396830355], [-2.8543307794306765, 0.7024941193675607], [-2.0922018072290003, 0.6997631153023827], [-1.6223377675728006, 0.6980794099858466], [-1.2671936614454307, 0.7096987447774213], [-0.8823877417812074, 0.7085683028593339], [-0.6462910067557188, 0.7162293197496759], [-0.5063758234426067, 0.7167731549246197], [-0.29442824238596654, 0.725907670485109], [0.4633865057967082, 0.7328388462183424], [0.46332732843949, 0.7205422861279661], [0.46825423221161766, 0.7205614364697046], [0.46812429356829344, 0.7035241973978351], [0.474847847010931, 0.7033004924398693], [0.4747378394167366, 0.6905647737279842], [0.475140454338946, 0.6905633310023703], [0.47731763258760146, 0.6905555293272411], [0.4781742795115145, 0.6905524596286507], [0.47903967102557815, 0.690549358594798], [0.4820210885663787, 0.6905386750179746], [0.485844249342173, 0.6905249751482657], [0.4873572596778331, 0.6905195534446853], [0.48858486237806, 0.690515154467495], [0.4911136388326975, 0.6905060928794575], [0.4919600348370047, 0.5145523235950105], [0.4877226079019787, 0.4098018323807082], [0.4866245259397177, 0.052313127943087956], [0.48741958021961257, -0.007736589726708876], [0.48686693161212835, -0.040838101806685095], [0.48642584124810084, -0.06725770698706213], [0.48635527939860773, -0.12466495092067109], [0.48644752096101107, -0.27180774905790545], [0.4861744173667601, -0.27180948943815303], [0.48562892240745104, -0.27181296565989566], [0.48301039604016255, -0.2718296524837356], [0.48231700496603713, -0.2718340711884127], [0.4823295430382937, -0.3126101114604566], [0.4494618453634846, -2.281257959098129], [0.44913735782635605, -2.2812880261042037], [0.4486459397248659, -2.3301275481771744], [0.444987202932363, -2.330154887646873], [0.35966864978465285, -2.330792420251924], [-0.06333428944863084, -2.333953258731296], [-0.12413685516467998, -2.3344075985751473], [-0.3090041067834921, -2.335788996831036], [-1.0391779818097122, -2.3412451331051676], [-2.0164189144025535, -2.348547448188263], [-3.2422958344138957, -2.357707665719539], [-3.549528775281514, -2.360003426839746], [-3.62849275770944, -2.3605934756810023], [-3.628167004819566, -2.348760165857317], [-3.6243928125463523, -2.211658737469831], [-3.623985899122797, -2.1968771875219306]]]}, "properties": {"image": "wc2JMjhGNzB-56", "condition": "semi", "method": "mv_strict", "n": 23, "workers": ["P001", "P002", "P003", "P004", "P005", "P006", "P007", "P008", "P009", "P010", "P011", "P012", "P014", "P017", "P018", "P019", "P020", "P021", "P023", "P024", "P025", "P026", "P027"], "records": ["R01909", "R00769", "R02208", "R00997", "R01169", "R00276", "R00589", "R00319", "R00777", "R02329", "R01417", "R01935", "R02018", "R00630", "R00891", "R02437", "R02443", "R00893", "R00873", "R00296", "R02292", "R00255", "R01741"], "output_type": "BEV_region_only"}}, {"type": "Feature", "geometry": {"type": "Polygon", "coordinates": [[[-0.5388055534871368, -0.26354663669336575], [-0.5384758554513566, -0.2605361609702608], [-0.5387726641407394, -0.26054086448660335], [-0.5374555576698588, -0.14016990984075772], [-0.5383901327354413, -0.12228411670063699], [-0.5429363758721142, -0.08599664821078275], [-0.5413223868372349, -0.0661669654622251], [-0.5414215523458066, -0.0642691470437076], [-0.5416904673409368, -0.05912268192570497], [-0.5395821617917653, -0.040083253522454065], [-0.5373439730915363, -0.010653618002537509], [-0.5364383227339514, -0.006160707923451217], [-0.5359194681036897, 0.00021400868760537386], [-0.5358213226766162, 0.0091835635505981], [-0.5325121712932689, 0.04207650794917341], [-0.5088059565988765, 0.33333419706607953], [-0.5031888623867605, 0.33355001813606094], [-0.5027655891589071, 0.3377573514177154], [-0.1763404181016106, 0.35662476177113445], [-0.14785746092845853, 0.3591111745708109], [-0.1258163483133, 0.35954505849437185], [0.0979255598472539, 0.37247736509575585], [0.22433682210764672, 0.3761569519326838], [0.24911819507990296, 0.3754852430279788], [0.24947528880254322, 0.375511014256984], [0.25000095223824637, 0.37546131554645407], [0.2572233065476393, 0.3752655507795873], [0.3242334791213126, 0.3730759311285836], [0.32791711069776186, 0.37334936728933965], [0.38132214885247395, 0.37731362600929813], [0.3973677048288522, 0.37850468845197754], [0.39740156872115046, 0.3750348363325289], [0.4004670787713068, 0.3752239475852445], [0.40033049859533115, 0.3528896763015334], [0.40154868775306324, 0.33248993273973637], [0.4057318752240175, 0.30692560582428907], [0.4063348253755714, 0.26580835846490136], [0.40690760791730024, 0.2609085834073721], [0.40686426861593, 0.24347544283378528], [0.4077388617339692, 0.22882954386508209], [0.40943607729280684, 0.21471565091945038], [0.40950101680497797, 0.19932057037230919], [0.41103735843323597, 0.17359305913905715], [0.41190046019771126, 0.12036256119332386], [0.4134781449390407, 0.02306123724874009], [0.42504017214091133, -0.11335900368250984], [0.43873531216100503, -0.3569602006133473], [0.43854616943976515, -0.35697022632719744], [0.43909197707042835, -0.36330434888136615], [0.4392151279213448, -0.3654948846949677], [0.4375907417519708, -0.3654561377032408], [0.4377167754599394, -0.3672879848485437], [0.31416991454745324, -0.36356292380522925], [0.2680104161147602, -0.3660096577832535], [0.019052000496710866, -0.3629652241839797], [-0.48362120257816343, -0.352291542418995], [-0.5095093435317309, -0.35280648356171795], [-0.5164959128185422, -0.35294545344675976], [-0.5162931740429682, -0.3515977910435153], [-0.5450298850208042, -0.3509876003548661], [-0.5448357909342447, -0.3490052297026899], [-0.53909959061674, -0.29041882263592933], [-0.5388055534871368, -0.26354663669336575]]]}, "properties": {"image": "wc2JMjhGNzB-59", "condition": "manual", "method": "mv50", "n": 23, "workers": ["P001", "P002", "P003", "P004", "P005", "P006", "P007", "P008", "P009", "P010", "P011", "P012", "P014", "P017", "P018", "P019", "P020", "P021", "P023", "P024", "P025", "P026", "P027"], "records": ["R01806", "R02201", "R00688", "R00072", "R00659", "R01923", "R00574", "R02239", "R00149", "R00595", "R01575", "R00371", "R00198", "R00045", "R01056", "R00964", "R02011", "R01071", "R01777", "R00342", "R00717", "R01369", "R01365"], "output_type": "BEV_region_only"}}, {"type": "Feature", "geometry": {"type": "Polygon", "coordinates": [[[-0.5388055534871368, -0.26354663669336575], [-0.5384758554513566, -0.2605361609702608], [-0.5387726641407394, -0.26054086448660335], [-0.5374555576698588, -0.14016990984075772], [-0.5383901327354413, -0.12228411670063699], [-0.5429363758721142, -0.08599664821078275], [-0.5413223868372349, -0.0661669654622251], [-0.5414215523458066, -0.0642691470437076], [-0.5416904673409368, -0.05912268192570497], [-0.5395821617917653, -0.040083253522454065], [-0.5373439730915363, -0.010653618002537509], [-0.5364383227339514, -0.006160707923451217], [-0.5359194681036897, 0.00021400868760537386], [-0.5358213226766162, 0.0091835635505981], [-0.5325121712932689, 0.04207650794917341], [-0.5088059565988765, 0.33333419706607953], [-0.5031888623867605, 0.33355001813606094], [-0.5027655891589071, 0.3377573514177154], [-0.1763404181016106, 0.35662476177113445], [-0.14785746092845853, 0.3591111745708109], [-0.1258163483133, 0.35954505849437185], [0.0979255598472539, 0.37247736509575585], [0.22433682210764672, 0.3761569519326838], [0.24911819507990296, 0.3754852430279788], [0.24947528880254322, 0.375511014256984], [0.25000095223824637, 0.37546131554645407], [0.2572233065476393, 0.3752655507795873], [0.3242334791213126, 0.3730759311285836], [0.32791711069776186, 0.37334936728933965], [0.38132214885247395, 0.37731362600929813], [0.3973677048288522, 0.37850468845197754], [0.39740156872115046, 0.3750348363325289], [0.4004670787713068, 0.3752239475852445], [0.40033049859533115, 0.3528896763015334], [0.40154868775306324, 0.33248993273973637], [0.4057318752240175, 0.30692560582428907], [0.4063348253755714, 0.26580835846490136], [0.40690760791730024, 0.2609085834073721], [0.40686426861593, 0.24347544283378528], [0.4077388617339692, 0.22882954386508209], [0.40943607729280684, 0.21471565091945038], [0.40950101680497797, 0.19932057037230919], [0.41103735843323597, 0.17359305913905715], [0.41190046019771126, 0.12036256119332386], [0.4134781449390407, 0.02306123724874009], [0.42504017214091133, -0.11335900368250984], [0.43873531216100503, -0.3569602006133473], [0.43854616943976515, -0.35697022632719744], [0.43909197707042835, -0.36330434888136615], [0.4392151279213448, -0.3654948846949677], [0.4375907417519708, -0.3654561377032408], [0.4377167754599394, -0.3672879848485437], [0.31416991454745324, -0.36356292380522925], [0.2680104161147602, -0.3660096577832535], [0.019052000496710866, -0.3629652241839797], [-0.48362120257816343, -0.352291542418995], [-0.5095093435317309, -0.35280648356171795], [-0.5164959128185422, -0.35294545344675976], [-0.5162931740429682, -0.3515977910435153], [-0.5450298850208042, -0.3509876003548661], [-0.5448357909342447, -0.3490052297026899], [-0.53909959061674, -0.29041882263592933], [-0.5388055534871368, -0.26354663669336575]]]}, "properties": {"image": "wc2JMjhGNzB-59", "condition": "manual", "method": "mv_strict", "n": 23, "workers": ["P001", "P002", "P003", "P004", "P005", "P006", "P007", "P008", "P009", "P010", "P011", "P012", "P014", "P017", "P018", "P019", "P020", "P021", "P023", "P024", "P025", "P026", "P027"], "records": ["R01806", "R02201", "R00688", "R00072", "R00659", "R01923", "R00574", "R02239", "R00149", "R00595", "R01575", "R00371", "R00198", "R00045", "R01056", "R00964", "R02011", "R01071", "R01777", "R00342", "R00717", "R01369", "R01365"], "output_type": "BEV_region_only"}}, {"type": "Feature", "geometry": {"type": "Polygon", "coordinates": [[[-0.5592275136191218, -0.2987726706228526], [-0.5558168937687538, -0.2672402330311735], [-0.5617807310897581, -0.2676983288445705], [-0.5520127819940702, -0.23206981756724146], [-0.5456518380143592, -0.1732605459790404], [-0.5554070984141724, -0.007061983360510966], [-0.5499127551677847, 0.16617471033563902], [-0.5462890183587363, 0.20427964061584375], [-0.5473190762258467, 0.2479534315151133], [-0.546230685972265, 0.2822703863405315], [-0.5388568252006856, 0.2824318953296478], [-0.5199905173140476, 0.28284512232287673], [-0.5203518513681131, 0.30868837388499154], [-0.5186366344153852, 0.30874650813344323], [-0.5189141654684765, 0.3167594110312364], [-0.5189244444827941, 0.3170561877079182], [-0.49751846142488476, 0.3172821195142378], [-0.4970127615067626, 0.3271147988773066], [-0.4915378142392466, 0.3270435489904493], [-0.4905915250048167, 0.3357923417429217], [-0.4811886180485237, 0.3356962730234439], [-0.4792084111067981, 0.36012497549231787], [-0.4622946750547108, 0.3598798400056501], [-0.4625117766328623, 0.3745926584975174], [-0.45419159230724615, 0.37432471679486395], [-0.1269201264276532, 0.3550191632787289], [0.11851138147872216, 0.34054130130656574], [0.13183264585743207, 0.3410025714879552], [0.19370885011547614, 0.3361054463470049], [0.22832507175874348, 0.3340634555560743], [0.29536498957847723, 0.3363356551355586], [0.31357897752625696, 0.33506473012701665], [0.4647885088509096, 0.3420052542093001], [0.48997024356633695, 0.3400529171741172], [0.4901553655525532, 0.3257721322113754], [0.49734992328672994, 0.3256986260125005], [0.4973657985789382, 0.3244555910286125], [0.49697493314277513, 0.31622764080835775], [0.4909929334834262, 0.2611599931728667], [0.48399866878185394, 0.19677388050340253], [0.4830918688972725, 0.162334765449096], [0.4674226048560514, -0.004330197200583752], [0.46867918995603935, -0.030171956334271027], [0.4452003186559049, -0.3095503815796083], [0.44337975130187957, -0.30968367229256083], [0.4433102967142855, -0.3165390454042597], [0.43804074658717773, -0.3168481494207833], [0.4375719775323015, -0.32183417664048863], [0.4301576714747253, -0.3221847485986145], [0.42949430161855506, -0.3330566484121806], [0.429103864222584, -0.33945548642537166], [0.4257225951880261, -0.33968992240395784], [0.4252127954948573, -0.3443829132877377], [0.42392284268540464, -0.3562576492995218], [0.41276543225753964, -0.356253138446655], [0.40495877107534417, -0.5308325193473568], [0.40295487633290694, -0.549279489567873], [0.4005351266138224, -0.5715546370912223], [-0.04036139537952447, -0.5449512794620226], [-0.048522586028031556, -0.544458839484223], [-0.41571659292802543, -0.5405381258990495], [-0.4490711296190495, -0.536270365213381], [-0.4493071444822322, -0.5202758069381443], [-0.4900080760977419, -0.5178199439734885], [-0.49243124170897706, -0.4478580765289864], [-0.5309949682841302, -0.44417824343979107], [-0.5315651926814636, -0.4200010958348081], [-0.5354167329017911, -0.4196006413742514], [-0.5351659468054638, -0.4147244308281659], [-0.5420591477166254, -0.41522931311204564], [-0.538728745040645, -0.3741440031079445], [-0.5527122608367412, -0.37496425546221285], [-0.5592275136191218, -0.2987726706228526]]]}, "properties": {"image": "wc2JMjhGNzB-60", "condition": "manual", "method": "mv50", "n": 23, "workers": ["P001", "P002", "P003", "P004", "P005", "P006", "P007", "P008", "P009", "P010", "P011", "P012", "P017", "P018", "P019", "P020", "P021", "P022", "P023", "P024", "P025", "P026", "P027"], "records": ["R01966", "R02498", "R00897", "R02206", "R02448", "R00624", "R02203", "R01803", "R01286", "R00098", "R01893", "R00641", "R01183", "R00038", "R02227", "R01714", "R02366", "R00406", "R00729", "R00364", "R01527", "R02383", "R00780"], "output_type": "BEV_region_only"}}, {"type": "Feature", "geometry": {"type": "Polygon", "coordinates": [[[-0.5592275136191218, -0.2987726706228526], [-0.5558168937687538, -0.2672402330311735], [-0.5617807310897581, -0.2676983288445705], [-0.5520127819940702, -0.23206981756724146], [-0.5456518380143592, -0.1732605459790404], [-0.5554070984141724, -0.007061983360510966], [-0.5499127551677847, 0.16617471033563902], [-0.5462890183587363, 0.20427964061584375], [-0.5473190762258467, 0.2479534315151133], [-0.546230685972265, 0.2822703863405315], [-0.5388568252006856, 0.2824318953296478], [-0.5199905173140476, 0.28284512232287673], [-0.5203518513681131, 0.30868837388499154], [-0.5186366344153852, 0.30874650813344323], [-0.5189141654684765, 0.3167594110312364], [-0.5189244444827941, 0.3170561877079182], [-0.49751846142488476, 0.3172821195142378], [-0.4970127615067626, 0.3271147988773066], [-0.4915378142392466, 0.3270435489904493], [-0.4905915250048167, 0.3357923417429217], [-0.4811886180485237, 0.3356962730234439], [-0.4792084111067981, 0.36012497549231787], [-0.4622946750547108, 0.3598798400056501], [-0.4625117766328623, 0.3745926584975174], [-0.45419159230724615, 0.37432471679486395], [-0.1269201264276532, 0.3550191632787289], [0.11851138147872216, 0.34054130130656574], [0.13183264585743207, 0.3410025714879552], [0.19370885011547614, 0.3361054463470049], [0.22832507175874348, 0.3340634555560743], [0.29536498957847723, 0.3363356551355586], [0.31357897752625696, 0.33506473012701665], [0.4647885088509096, 0.3420052542093001], [0.48997024356633695, 0.3400529171741172], [0.4901553655525532, 0.3257721322113754], [0.49734992328672994, 0.3256986260125005], [0.4973657985789382, 0.3244555910286125], [0.49697493314277513, 0.31622764080835775], [0.4909929334834262, 0.2611599931728667], [0.48399866878185394, 0.19677388050340253], [0.4830918688972725, 0.162334765449096], [0.4674226048560514, -0.004330197200583752], [0.46867918995603935, -0.030171956334271027], [0.4452003186559049, -0.3095503815796083], [0.44337975130187957, -0.30968367229256083], [0.4433102967142855, -0.3165390454042597], [0.43804074658717773, -0.3168481494207833], [0.4375719775323015, -0.32183417664048863], [0.4301576714747253, -0.3221847485986145], [0.42949430161855506, -0.3330566484121806], [0.429103864222584, -0.33945548642537166], [0.4257225951880261, -0.33968992240395784], [0.4252127954948573, -0.3443829132877377], [0.42392284268540464, -0.3562576492995218], [0.41276543225753964, -0.356253138446655], [0.40495877107534417, -0.5308325193473568], [0.40295487633290694, -0.549279489567873], [0.4005351266138224, -0.5715546370912223], [-0.04036139537952447, -0.5449512794620226], [-0.048522586028031556, -0.544458839484223], [-0.41571659292802543, -0.5405381258990495], [-0.4490711296190495, -0.536270365213381], [-0.4493071444822322, -0.5202758069381443], [-0.4900080760977419, -0.5178199439734885], [-0.49243124170897706, -0.4478580765289864], [-0.5309949682841302, -0.44417824343979107], [-0.5315651926814636, -0.4200010958348081], [-0.5354167329017911, -0.4196006413742514], [-0.5351659468054638, -0.4147244308281659], [-0.5420591477166254, -0.41522931311204564], [-0.538728745040645, -0.3741440031079445], [-0.5527122608367412, -0.37496425546221285], [-0.5592275136191218, -0.2987726706228526]]]}, "properties": {"image": "wc2JMjhGNzB-60", "condition": "manual", "method": "mv_strict", "n": 23, "workers": ["P001", "P002", "P003", "P004", "P005", "P006", "P007", "P008", "P009", "P010", "P011", "P012", "P017", "P018", "P019", "P020", "P021", "P022", "P023", "P024", "P025", "P026", "P027"], "records": ["R01966", "R02498", "R00897", "R02206", "R02448", "R00624", "R02203", "R01803", "R01286", "R00098", "R01893", "R00641", "R01183", "R00038", "R02227", "R01714", "R02366", "R00406", "R00729", "R00364", "R01527", "R02383", "R00780"], "output_type": "BEV_region_only"}}, {"type": "Feature", "geometry": {"type": "Polygon", "coordinates": [[[-3.6548673824907514, -0.4334875725895489], [-3.6543069191844366, -0.4161045506574334], [-3.6910475786155263, -0.41588185464522043], [-3.692519778024426, -0.37130917487293685], [-3.638714867509946, 0.06748995619189035], [-3.6211918883258964, 0.21039639291124165], [-3.6210585241010755, 0.23781962041150362], [-3.629282054560785, 0.36005289925950956], [-3.6280112037076986, 0.39946891098186876], [-3.6202715151120626, 0.3996495757795156], [-3.620254660699343, 0.4031152907793603], [-3.597531048518435, 0.40335937432878477], [-3.5951684917581774, 0.4226269066707152], [-3.594749275230872, 0.42604577394789633], [-3.59344427866477, 0.4260459782860885], [-3.462708317870223, 0.42606644910614405], [-3.4540457738586823, 0.426205958369969], [-3.4565970529827967, 0.42857318053494425], [-3.4299850157311664, 0.42878424587718517], [-3.3048083141283318, 0.4286094103021431], [-3.268264822700039, 0.42919793898147346], [-3.263229111558621, 0.42919788717401447], [-3.146660249921698, 0.43103135075290233], [-2.1144962657534587, 0.43921764789758555], [-1.970785020644495, 0.43815295224768586], [-1.8277421152872146, 0.4414919519027573], [-0.49464827841088255, 0.45206498335687234], [0.1347795269227651, 0.4677820794907304], [0.1352269073779011, 0.44948856854129965], [0.13537443731280824, 0.4434560285664102], [0.14043318881932196, 0.443510366671353], [0.14098027102751837, 0.4291628646254773], [0.1618165053489531, 0.42916265026203904], [0.1617363611336347, 0.4237676520200668], [0.16649237300012254, 0.4237610092498153], [0.17051646998954711, 0.423755388752533], [0.170479942423648, 0.4222892285026673], [0.1724297672122865, 0.422274783077962], [0.17154984234653617, 0.3900807277865363], [0.17641147938998764, 0.3900389394936936], [0.17522234759945055, 0.34099808341027776], [0.17691247547361308, 0.34097764250479234], [0.17174490300139264, 0.19758516532288667], [0.1681280751300461, 0.04842395667579463], [0.16810993700932364, 0.04818620383631918], [0.1681118032503907, 0.04775288983969093], [0.16321858286928465, -0.1540478848127764], [0.1697146775905965, -0.3244111883672636], [0.16982108917012712, -0.34911840740071], [0.1647097348875564, -0.42426167454656155], [0.1569968758535745, -0.4242589664294263], [0.15699686445185307, -0.43937292716196286], [0.1569646284382971, -0.43937287739094333], [0.15701728319983202, -0.44152594520072513], [0.15624776563981507, -0.4415306072953776], [0.15622783421978165, -0.44235259684201605], [0.14879707581351476, -0.4423810565186072], [0.14863708928526864, -0.4482345280327304], [0.13820757745927947, -0.44823248815702776], [-0.003839944913777593, -0.44296565367655955], [-0.2125743229724142, -0.4437651027459832], [-0.9159227536942715, -0.4480263140919526], [-1.3052835451034985, -0.4479501602286463], [-1.3887623332481418, -0.44826988254808187], [-1.4215801466324507, -0.4479274141389238], [-1.6451636080251242, -0.44788368414676194], [-2.6449547534166182, -0.4476881381136201], [-3.0049383064054203, -0.44420599172689923], [-3.42784019359761, -0.4475350159911273], [-3.4761601771854247, -0.44752556523618153], [-3.476167924728151, -0.4450446571408189], [-3.476180367396446, -0.44106028201840763], [-3.518188294613011, -0.44090373676642663], [-3.5182049721928204, -0.4392411269411142], [-3.60130216641765, -0.43843732189998325], [-3.601342864193997, -0.43357021214544256], [-3.642814590488646, -0.43350618158239984], [-3.6548673824907514, -0.4334875725895489]]]}, "properties": {"image": "yqstnuAEVhm-04", "condition": "manual", "method": "mv50", "n": 22, "workers": ["P001", "P002", "P003", "P004", "P005", "P006", "P007", "P008", "P009", "P010", "P011", "P012", "P017", "P018", "P019", "P020", "P021", "P022", "P023", "P025", "P026", "P027"], "records": ["R02459", "R01246", "R00419", "R01241", "R00680", "R00845", "R01614", "R01140", "R00191", "R01885", "R01432", "R02460", "R02002", "R01667", "R01143", "R00759", "R01330", "R02224", "R01476", "R01982", "R01717", "R00109"], "output_type": "BEV_region_only"}}, {"type": "Feature", "geometry": {"type": "Polygon", "coordinates": [[[-3.6543069191844366, -0.4161045506574334], [-3.638714867509946, 0.06748995619189035], [-3.6211918883258964, 0.21039639291124165], [-3.619914454282483, 0.2208143444120024], [-3.6210585241010755, 0.23781962041150362], [-3.6202715151120626, 0.3996495757795156], [-3.597921968825845, 0.4001712732880659], [-3.597531048518435, 0.40335937432878477], [-3.5951684917581774, 0.4226269066707152], [-3.593640028574598, 0.42263791275903184], [-3.59344427866477, 0.4260459782860885], [-3.462708317870223, 0.42606644910614405], [-3.4540457738586823, 0.426205958369969], [-3.3048083141283318, 0.4286094103021431], [-3.3009832555695926, 0.4286040678038657], [-3.263229111558621, 0.42919788717401447], [-2.6834562965567015, 0.429191922464071], [-2.2080099607527344, 0.4326154948588183], [-1.970785020644495, 0.43815295224768586], [-1.708674526528551, 0.43621108678916376], [-0.8948797360472481, 0.44207102337899934], [-0.49464827841088255, 0.45206498335687234], [0.13296465965893686, 0.45704270596848573], [0.13253242435114745, 0.44946916623022093], [0.1352269073779011, 0.44948856854129965], [0.13537443731280824, 0.4434560285664102], [0.13572398519424175, 0.42916291870221146], [0.14098027102751837, 0.4291628646254773], [0.14107682324628593, 0.42663073483666825], [0.15699751775254053, 0.4266332277213376], [0.15699751559579084, 0.42377427081393204], [0.1617363611336347, 0.4237676520200668], [0.16649237300012254, 0.4237610092498153], [0.16649858477886095, 0.422318724692488], [0.170479942423648, 0.4222892285026673], [0.16967790840649405, 0.39009681803000146], [0.17154984234653617, 0.3900807277865363], [0.17020997705559215, 0.34105870449943393], [0.17522234759945055, 0.34099808341027776], [0.17174490300139264, 0.19758516532288667], [0.1679232201844157, 0.09153913131450786], [0.16810993700932364, 0.04818620383631918], [0.1647949079919779, 0.004733104484028413], [0.16108718118185877, -0.09815081922963362], [0.16321858286928465, -0.1540478848127764], [0.15699688613035626, -0.4106362098382419], [0.1569968758535745, -0.4242589664294263], [0.15699686445185307, -0.43937292716196286], [0.1569646284382971, -0.43937287739094333], [0.15701728319983202, -0.44152594520072513], [0.15624776563981507, -0.4415306072953776], [0.14881909010131145, -0.44157561366079695], [0.14879707581351476, -0.4423810565186072], [-0.003839944913777593, -0.44296565367655955], [-0.014623419688524653, -0.4425658242686679], [-0.2125743229724142, -0.4437651027459832], [-0.9159227536942715, -0.4480263140919526], [-1.3052835451034985, -0.4479501602286463], [-1.4215801466324507, -0.4479274141389238], [-1.6451636080251242, -0.44788368414676194], [-2.8851292925376866, -0.44326287199554254], [-3.0049383064054203, -0.44420599172689923], [-3.42784019359761, -0.4475350159911273], [-3.4761601771854247, -0.44752556523618153], [-3.476167924728151, -0.4450446571408189], [-3.476180367396446, -0.44106028201840763], [-3.476184779039972, -0.43964759124355707], [-3.5182049721928204, -0.4392411269411142], [-3.5182605702098333, -0.43369848763667457], [-3.601342864193997, -0.43357021214544256], [-3.642814590488646, -0.43350618158239984], [-3.6418194361167626, -0.4161802409886579], [-3.6543069191844366, -0.4161045506574334]]]}, "properties": {"image": "yqstnuAEVhm-04", "condition": "manual", "method": "mv_strict", "n": 22, "workers": ["P001", "P002", "P003", "P004", "P005", "P006", "P007", "P008", "P009", "P010", "P011", "P012", "P017", "P018", "P019", "P020", "P021", "P022", "P023", "P025", "P026", "P027"], "records": ["R02459", "R01246", "R00419", "R01241", "R00680", "R00845", "R01614", "R01140", "R00191", "R01885", "R01432", "R02460", "R02002", "R01667", "R01143", "R00759", "R01330", "R02224", "R01476", "R01982", "R01717", "R00109"], "output_type": "BEV_region_only"}}, {"type": "Feature", "geometry": {"type": "Polygon", "coordinates": [[[-0.3514136370864429, -2.1123674037625197], [-0.3572586007733775, -1.9712208057303395], [-0.3649557494327652, -1.7853468797299024], [-0.3622684357826173, -1.6893449465203054], [-0.3891344095578595, -1.0210658145195077], [-0.38883060100714095, -0.9239665114846313], [-0.3950003341591664, -0.8175534241341732], [-0.40212734886769386, -0.34665551210836076], [-0.4016435902872284, -0.15477065309853977], [-0.40082030980129835, 0.17178698607806353], [-0.40082029448688844, 0.17179306060263358], [-0.3993261419896393, 0.17178661578059667], [-0.38540217144312533, 0.1717831650229363], [-0.38540079827640616, 0.17222203855386023], [-0.3652177591484054, 0.17212776654385617], [-0.3597328024260178, 0.17210214711698366], [-0.35994430259286125, 0.1829950450588741], [-0.35782902656027993, 0.1829720592313808], [-0.3441230806853173, 0.18282312240107504], [-0.34423673536814997, 0.1980996860302567], [-0.2106042869025233, 0.19436940488492244], [-0.21001706119766608, 0.20650632064999425], [0.6073675888055269, 0.1724836678554132], [0.6354382773391499, 0.17217863532334], [0.6965060407511867, 0.17151503726163556], [0.7819056240109743, 0.17058703540345072], [0.840877096509262, 0.16994621686582587], [0.9466066086557942, 0.16600042768567388], [0.9982708856360389, 0.16575911143961966], [0.9982708856486099, 0.16575827252981792], [1.0006175513289484, 0.16574815050899494], [1.0005593266128852, 0.1639869307307287], [1.0004461521315722, 0.16056355405566294], [1.000422095170825, 0.15983586317217435], [1.0037107207227172, 0.1597861848712001], [1.0035267014422824, 0.157715132322304], [1.0062350389040382, 0.15764079130533845], [1.006246501406357, 0.15459537925322045], [1.012595869701271, 0.15414277821268657], [1.006732026578228, 0.02559874580667604], [1.0073807051195007, -0.14674524964619734], [1.0590737193334767, -0.1263158986396759], [1.0611751835182552, -0.16163215748627416], [1.0685295144762905, -0.16168891339407365], [1.0721290815236435, -0.16171669249412007], [1.078374355288256, -0.16176488942515152], [1.097922688680741, -0.1619157506542679], [1.3612217297732498, -0.16394772014071257], [1.3734559254420224, -0.1759039150074995], [1.3829921561871887, -0.1756257869308564], [1.4292307440860925, -0.21696727106618288], [2.8789348658817597, -0.21694070215338737], [3.0385440913519837, -0.21693777697470495], [3.0974127659786137, -0.45622651306809414], [3.0920518875304253, -0.47368449167176235], [3.1020605718432512, -0.4751188628281394], [3.1249969077106905, -0.568350226624638], [3.295712264212497, -0.6000652156820127], [3.2892104323106146, -0.6853987861774283], [3.288629616928613, -0.6930217224656603], [3.257187968204304, -1.1056789840492627], [3.458342497650657, -1.9233296856484552], [3.460604375216204, -1.9991388942920312], [3.2827903225924233, -2.0191242201966655], [3.3824182653430928, -2.100464915312731], [1.3634200820786837, -2.2722989330762955], [1.328073617013864, -2.277554140614808], [1.0850008298497624, -2.295994793295382], [0.7867938820373881, -2.3213747556907713], [0.7513594334372544, -2.32130640955192], [0.4564005641525324, -2.3436833861233954], [0.4149445490155713, -2.3530223150721916], [0.30503387994658504, -2.362376653286934], [0.0946420271789925, -2.4108418576936503], [-0.12450641323694422, -2.4164770681376453], [-0.27438143215575383, -2.46080157270335], [-0.3311572444016298, -2.4657419436435593], [-0.33159255444524494, -2.432028678088714], [-0.33449974369262286, -2.4326813537503313], [-0.334541097928496, -2.4256924653799836], [-0.33738736463317676, -2.4260123701730256], [-0.33732682561684935, -2.42476113587659], [-0.33846997104233706, -2.4249363992336153], [-0.338592310324231, -2.421982099708431], [-0.35155418157443846, -2.4223154028891623], [-0.3509304745811025, -2.4049313417552334], [-0.35103939556031916, -2.404939605016501], [-0.3514136370864429, -2.1123674037625197]]]}, "properties": {"image": "yqstnuAEVhm-25", "condition": "manual", "method": "mv50", "n": 23, "workers": ["P001", "P002", "P003", "P004", "P005", "P006", "P007", "P008", "P009", "P010", "P011", "P012", "P017", "P018", "P019", "P020", "P021", "P022", "P023", "P024", "P025", "P026", "P027"], "records": ["R00972", "R00584", "R00051", "R00243", "R00349", "R00401", "R01891", "R02194", "R02035", "R01166", "R00546", "R02286", "R00610", "R00150", "R01584", "R00754", "R00217", "R02228", "R02387", "R01637", "R01654", "R02388", "R01197"], "output_type": "BEV_region_only"}}, {"type": "Feature", "geometry": {"type": "Polygon", "coordinates": [[[-0.3514136370864429, -2.1123674037625197], [-0.3572586007733775, -1.9712208057303395], [-0.3649557494327652, -1.7853468797299024], [-0.3622684357826173, -1.6893449465203054], [-0.3891344095578595, -1.0210658145195077], [-0.38883060100714095, -0.9239665114846313], [-0.3950003341591664, -0.8175534241341732], [-0.40212734886769386, -0.34665551210836076], [-0.4016435902872284, -0.15477065309853977], [-0.40082030980129835, 0.17178698607806353], [-0.40082029448688844, 0.17179306060263358], [-0.3993261419896393, 0.17178661578059667], [-0.38540217144312533, 0.1717831650229363], [-0.38540079827640616, 0.17222203855386023], [-0.3652177591484054, 0.17212776654385617], [-0.3597328024260178, 0.17210214711698366], [-0.35994430259286125, 0.1829950450588741], [-0.35782902656027993, 0.1829720592313808], [-0.3441230806853173, 0.18282312240107504], [-0.34423673536814997, 0.1980996860302567], [-0.2106042869025233, 0.19436940488492244], [-0.21001706119766608, 0.20650632064999425], [0.6073675888055269, 0.1724836678554132], [0.6354382773391499, 0.17217863532334], [0.6965060407511867, 0.17151503726163556], [0.7819056240109743, 0.17058703540345072], [0.840877096509262, 0.16994621686582587], [0.9466066086557942, 0.16600042768567388], [0.9982708856360389, 0.16575911143961966], [0.9982708856486099, 0.16575827252981792], [1.0006175513289484, 0.16574815050899494], [1.0005593266128852, 0.1639869307307287], [1.0004461521315722, 0.16056355405566294], [1.000422095170825, 0.15983586317217435], [1.0037107207227172, 0.1597861848712001], [1.0035267014422824, 0.157715132322304], [1.0062350389040382, 0.15764079130533845], [1.006246501406357, 0.15459537925322045], [1.012595869701271, 0.15414277821268657], [1.006732026578228, 0.02559874580667604], [1.0073807051195007, -0.14674524964619734], [1.0590737193334767, -0.1263158986396759], [1.0611751835182552, -0.16163215748627416], [1.0685295144762905, -0.16168891339407365], [1.0721290815236435, -0.16171669249412007], [1.078374355288256, -0.16176488942515152], [1.097922688680741, -0.1619157506542679], [1.3612217297732498, -0.16394772014071257], [1.3734559254420224, -0.1759039150074995], [1.3829921561871887, -0.1756257869308564], [1.4292307440860925, -0.21696727106618288], [2.8789348658817597, -0.21694070215338737], [3.0385440913519837, -0.21693777697470495], [3.0974127659786137, -0.45622651306809414], [3.0920518875304253, -0.47368449167176235], [3.1020605718432512, -0.4751188628281394], [3.1249969077106905, -0.568350226624638], [3.295712264212497, -0.6000652156820127], [3.2892104323106146, -0.6853987861774283], [3.288629616928613, -0.6930217224656603], [3.257187968204304, -1.1056789840492627], [3.458342497650657, -1.9233296856484552], [3.460604375216204, -1.9991388942920312], [3.2827903225924233, -2.0191242201966655], [3.3824182653430928, -2.100464915312731], [1.3634200820786837, -2.2722989330762955], [1.328073617013864, -2.277554140614808], [1.0850008298497624, -2.295994793295382], [0.7867938820373881, -2.3213747556907713], [0.7513594334372544, -2.32130640955192], [0.4564005641525324, -2.3436833861233954], [0.4149445490155713, -2.3530223150721916], [0.30503387994658504, -2.362376653286934], [0.0946420271789925, -2.4108418576936503], [-0.12450641323694422, -2.4164770681376453], [-0.27438143215575383, -2.46080157270335], [-0.3311572444016298, -2.4657419436435593], [-0.33159255444524494, -2.432028678088714], [-0.33449974369262286, -2.4326813537503313], [-0.334541097928496, -2.4256924653799836], [-0.33738736463317676, -2.4260123701730256], [-0.33732682561684935, -2.42476113587659], [-0.33846997104233706, -2.4249363992336153], [-0.338592310324231, -2.421982099708431], [-0.35155418157443846, -2.4223154028891623], [-0.3509304745811025, -2.4049313417552334], [-0.35103939556031916, -2.404939605016501], [-0.3514136370864429, -2.1123674037625197]]]}, "properties": {"image": "yqstnuAEVhm-25", "condition": "manual", "method": "mv_strict", "n": 23, "workers": ["P001", "P002", "P003", "P004", "P005", "P006", "P007", "P008", "P009", "P010", "P011", "P012", "P017", "P018", "P019", "P020", "P021", "P022", "P023", "P024", "P025", "P026", "P027"], "records": ["R00972", "R00584", "R00051", "R00243", "R00349", "R00401", "R01891", "R02194", "R02035", "R01166", "R00546", "R02286", "R00610", "R00150", "R01584", "R00754", "R00217", "R02228", "R02387", "R01637", "R01654", "R02388", "R01197"], "output_type": "BEV_region_only"}}, {"type": "Feature", "geometry": {"type": "Polygon", "coordinates": [[[-3.713208180523008, -0.09381731003008598], [-3.6997319081586473, 0.14238070455449814], [-3.918786147988047, 1.7100533835069767], [-3.6612023694626226, 3.505063313201001], [-3.5157059012653296, 3.3728002458700965], [-3.5153728311056183, 3.379079456130908], [-3.157889010038276, 3.058902441156833], [-3.157653306683307, 3.0608455354208903], [-3.065724252002453, 3.025985858991238], [-1.5721128881978519, 1.6908481548673029], [-1.5883058027990407, 1.7378431860801993], [-0.767646641034186, 0.9717365811930354], [-0.7538309896942302, 0.9593867842793193], [-0.7538310836636741, 0.958839400189188], [-0.7442920091095124, 0.9499344267715535], [-0.7426293577966006, 0.946866434308344], [-0.7410037713536339, 0.9468647715717012], [-0.7408114045360633, 0.9466851921599695], [-0.7395873170447382, 0.9466313882705176], [-0.7259295240573526, 0.9327925708878653], [-0.6710064996308228, 0.8815205035864344], [-0.6035456672199541, 0.8138416124079504], [-0.6035026861805521, 0.8087430517834666], [-0.6032667252893247, 0.7807525488623737], [-0.5727646890567949, 0.7775976442277183], [-0.566803924878961, 0.7769811069451784], [-0.2651978652783982, 0.474400143191918], [-0.1745695348751678, 0.3983811757788821], [-0.1683773417453377, 0.3976719599495921], [-0.16810735564766865, 0.392960705271186], [-0.16728206617012875, 0.3922684531506814], [-0.16560527202191788, 0.3919865879226081], [-0.16561561576887815, 0.37890097842478165], [-0.16497117184092103, 0.37832378829473484], [-0.1625069402658363, 0.3780775516851021], [-0.16250693999259258, 0.3755072116599681], [-0.16193937867353148, 0.3754441080584344], [-0.16124817733628055, 0.377951770683333], [-0.15918620308820725, 0.37774572935461653], [-0.15820368952510291, 0.37502876009239233], [-0.14719855021161302, 0.37380516732322666], [-0.14513257811724292, 0.35945917039101666], [-0.12452988258593976, 0.35865958071572845], [-0.12896560658258416, 0.33832017814500304], [-0.029250056734264618, 0.3374416375446137], [0.07753153863720344, 0.3409937857635739], [0.10677721224956632, 0.33624317372684254], [0.16928408882744694, 0.3356924589289928], [0.26638037006654647, 0.3193707980466908], [0.27627557978229506, 0.31956858134192856], [0.3219466988200639, 0.32164383450848116], [0.3308082916148656, 0.3206585693011867], [0.381935558017101, 0.3149740475795672], [0.44704152253386253, 0.31373300423076805], [0.4713553284070688, 0.31326953690812104], [0.4759340937923262, 0.31318225694277124], [0.48180910512989555, 0.31307026806742433], [0.48111288227487153, 0.30394713975312515], [0.4815257247227779, 0.303901238377443], [0.48078307021574873, 0.2932640294851413], [0.4827261616431534, 0.2932331073447577], [0.477089200719393, 0.1895370600927824], [0.47761045015639686, 0.11413132997576017], [0.470017768839601, 0.059452863259844724], [0.4436771175788385, -0.42510281394390914], [0.44146868187819643, -0.44761094172504007], [0.4290767522511426, -0.44733728651776844], [0.4275201950891611, -0.46963220767975045], [0.4244762186644998, -0.5132317721958152], [0.4187192665227152, -0.5136430303948298], [0.05433801758451076, -0.5396732582831885], [-0.12390750057934641, -0.5524065464844994], [-0.18581245379252695, -0.551281312276007], [-0.19821944852789805, -0.5529329771803955], [-0.24413020778702507, -0.5609948711447016], [-0.2757428270397819, -0.5632531752854746], [-0.3377196916818731, -0.5676806037416331], [-0.3689166947089002, -0.5699092175920815], [-0.38928527023314646, -0.5713642833074616], [-0.3905428824899071, -0.5735577507103905], [-0.40307871313732024, -0.5743402093975234], [-0.4077015901158925, -0.5756861686969272], [-0.4073703633396393, -0.574608084664619], [-0.4173289243409426, -0.5752296759086281], [-0.4190115853193477, -0.5755069720563787], [-0.4189951723279479, -0.5789743163314751], [-0.41896652017770275, -0.5850272573647058], [-0.4259445421687458, -0.5850227450052246], [-0.4245355741817601, -0.5805874147185051], [-0.46765300648335417, -0.5931411359708215], [-3.6348867001950205, -1.7995891648971494], [-3.7280566796500683, -1.835529185888495], [-3.729880487850623, -1.8357737597077213], [-3.814433057249272, -1.8679811338885997], [-3.8116464342102803, -1.8191401182568412], [-3.9413500887984223, -1.8670737914161593], [-3.9414355933182663, -1.8641833046838385], [-3.9892217350334125, -1.8818249754441827], [-3.982921837297872, -1.8726003442826176], [-3.9890981375644623, -1.8748540017562787], [-3.9452185597303786, -1.7362998402425034], [-3.977005715357938, -0.6617326504909513], [-3.713208180523008, -0.09381731003008598]]]}, "properties": {"image": "yqstnuAEVhm-31", "condition": "manual", "method": "mv50", "n": 21, "workers": ["P002", "P003", "P004", "P005", "P006", "P007", "P008", "P010", "P011", "P012", "P014", "P017", "P018", "P019", "P020", "P021", "P022", "P023", "P024", "P025", "P027"], "records": ["R00766", "R00018", "R00742", "R02451", "R01500", "R00222", "R00236", "R01064", "R01109", "R00700", "R01349", "R01505", "R00148", "R00959", "R00230", "R02328", "R00066", "R02413", "R00764", "R01058", "R01625"], "output_type": "BEV_region_only"}}, {"type": "Feature", "geometry": {"type": "Polygon", "coordinates": [[[-3.713208180523008, -0.09381731003008598], [-3.6997319081586473, 0.14238070455449814], [-3.918786147988047, 1.7100533835069767], [-3.6612023694626226, 3.505063313201001], [-3.5157059012653296, 3.3728002458700965], [-3.5153728311056183, 3.379079456130908], [-3.157889010038276, 3.058902441156833], [-3.157653306683307, 3.0608455354208903], [-3.065724252002453, 3.025985858991238], [-1.5721128881978519, 1.6908481548673029], [-1.5883058027990407, 1.7378431860801993], [-0.767646641034186, 0.9717365811930354], [-0.7538309896942302, 0.9593867842793193], [-0.7538310836636741, 0.958839400189188], [-0.7442920091095124, 0.9499344267715535], [-0.7426293577966006, 0.946866434308344], [-0.7410037713536339, 0.9468647715717012], [-0.7408114045360633, 0.9466851921599695], [-0.7395873170447382, 0.9466313882705176], [-0.7259295240573526, 0.9327925708878653], [-0.6710064996308228, 0.8815205035864344], [-0.6035456672199541, 0.8138416124079504], [-0.6035026861805521, 0.8087430517834666], [-0.6032667252893247, 0.7807525488623737], [-0.5727646890567949, 0.7775976442277183], [-0.566803924878961, 0.7769811069451784], [-0.2651978652783982, 0.474400143191918], [-0.1745695348751678, 0.3983811757788821], [-0.1683773417453377, 0.3976719599495921], [-0.16810735564766865, 0.392960705271186], [-0.16728206617012875, 0.3922684531506814], [-0.16560527202191788, 0.3919865879226081], [-0.16561561576887815, 0.37890097842478165], [-0.16497117184092103, 0.37832378829473484], [-0.1625069402658363, 0.3780775516851021], [-0.16250693999259258, 0.3755072116599681], [-0.16193937867353148, 0.3754441080584344], [-0.16124817733628055, 0.377951770683333], [-0.15918620308820725, 0.37774572935461653], [-0.15820368952510291, 0.37502876009239233], [-0.14719855021161302, 0.37380516732322666], [-0.14513257811724292, 0.35945917039101666], [-0.12452988258593976, 0.35865958071572845], [-0.12896560658258416, 0.33832017814500304], [-0.029250056734264618, 0.3374416375446137], [0.07753153863720344, 0.3409937857635739], [0.10677721224956632, 0.33624317372684254], [0.16928408882744694, 0.3356924589289928], [0.26638037006654647, 0.3193707980466908], [0.27627557978229506, 0.31956858134192856], [0.3219466988200639, 0.32164383450848116], [0.3308082916148656, 0.3206585693011867], [0.381935558017101, 0.3149740475795672], [0.44704152253386253, 0.31373300423076805], [0.4713553284070688, 0.31326953690812104], [0.4759340937923262, 0.31318225694277124], [0.48180910512989555, 0.31307026806742433], [0.48111288227487153, 0.30394713975312515], [0.4815257247227779, 0.303901238377443], [0.48078307021574873, 0.2932640294851413], [0.4827261616431534, 0.2932331073447577], [0.477089200719393, 0.1895370600927824], [0.47761045015639686, 0.11413132997576017], [0.470017768839601, 0.059452863259844724], [0.4436771175788385, -0.42510281394390914], [0.44146868187819643, -0.44761094172504007], [0.4290767522511426, -0.44733728651776844], [0.4275201950891611, -0.46963220767975045], [0.4244762186644998, -0.5132317721958152], [0.4187192665227152, -0.5136430303948298], [0.05433801758451076, -0.5396732582831885], [-0.12390750057934641, -0.5524065464844994], [-0.18581245379252695, -0.551281312276007], [-0.19821944852789805, -0.5529329771803955], [-0.24413020778702507, -0.5609948711447016], [-0.2757428270397819, -0.5632531752854746], [-0.3377196916818731, -0.5676806037416331], [-0.3689166947089002, -0.5699092175920815], [-0.38928527023314646, -0.5713642833074616], [-0.3905428824899071, -0.5735577507103905], [-0.40307871313732024, -0.5743402093975234], [-0.4077015901158925, -0.5756861686969272], [-0.4073703633396393, -0.574608084664619], [-0.4173289243409426, -0.5752296759086281], [-0.4190115853193477, -0.5755069720563787], [-0.4189951723279479, -0.5789743163314751], [-0.41896652017770275, -0.5850272573647058], [-0.4259445421687458, -0.5850227450052246], [-0.4245355741817601, -0.5805874147185051], [-0.46765300648335417, -0.5931411359708215], [-3.6348867001950205, -1.7995891648971494], [-3.7280566796500683, -1.835529185888495], [-3.729880487850623, -1.8357737597077213], [-3.814433057249272, -1.8679811338885997], [-3.8116464342102803, -1.8191401182568412], [-3.9413500887984223, -1.8670737914161593], [-3.9414355933182663, -1.8641833046838385], [-3.9892217350334125, -1.8818249754441827], [-3.982921837297872, -1.8726003442826176], [-3.9890981375644623, -1.8748540017562787], [-3.9452185597303786, -1.7362998402425034], [-3.977005715357938, -0.6617326504909513], [-3.713208180523008, -0.09381731003008598]]]}, "properties": {"image": "yqstnuAEVhm-31", "condition": "manual", "method": "mv_strict", "n": 21, "workers": ["P002", "P003", "P004", "P005", "P006", "P007", "P008", "P010", "P011", "P012", "P014", "P017", "P018", "P019", "P020", "P021", "P022", "P023", "P024", "P025", "P027"], "records": ["R00766", "R00018", "R00742", "R02451", "R01500", "R00222", "R00236", "R01064", "R01109", "R00700", "R01349", "R01505", "R00148", "R00959", "R00230", "R02328", "R00066", "R02413", "R00764", "R01058", "R01625"], "output_type": "BEV_region_only"}}, {"type": "Feature", "geometry": {"type": "Polygon", "coordinates": [[[-2.275408758601888, -1.4536096418736877], [-2.2536685704241006, -1.365086635215315], [-2.263216312368199, -1.0889869505773482], [-2.279846978610039, -0.8855645968147611], [-2.280922709836622, -0.747882419736241], [-2.281056258455369, -0.7464799447649173], [-2.280969882184578, -0.7418448599777941], [-2.2789566419066696, -0.6338112611720177], [-2.2763908744835883, -0.49612819797498436], [-2.2753529890041753, -0.4404336518646188], [-2.269685623054369, -0.13631399658783544], [-2.256518776612035, 0.5702394246292859], [-2.2809086314199063, 1.113504245660913], [-2.2802755171258844, 1.2387274765757073], [-2.244056248329914, 1.2389980399372327], [-2.243825669131264, 1.251371277703848], [-2.2434564671629187, 1.2711832284998879], [-2.1266988230639354, 1.2748807449399062], [-2.0915728659486135, 1.2759931243897278], [-2.006664780724953, 1.2786820193518327], [-1.777721049890059, 1.2859322787685397], [-1.6473610259837161, 1.2900605594925518], [-1.3016552417248928, 1.3010084749851154], [-0.8356832169768615, 1.315765018210961], [-0.8347301938090923, 1.315795198837315], [-0.8088018883294414, 1.3166163042691064], [-0.5582846346931338, 1.3245497605406569], [-0.40153345769640525, 1.3295138042947967], [-0.12377136906777031, 1.3044354048892195], [0.2250739128686956, 1.288286765426861], [0.2510286945096258, 1.2887814883643394], [0.25355614214606903, 1.2970378731217154], [0.25335994195998107, 1.3502531668468214], [0.2539240211787536, 1.350271030278385], [0.25505033895961815, 1.3503066988510388], [0.2597642714231703, 1.350455981092177], [0.26060010520643945, 1.3669594468813449], [0.26240855764848814, 1.4026671840009843], [0.2640228020904156, 1.4345403009483606], [0.2643380645601321, 1.4407651311570944], [0.2648473163401249, 1.4508202635260128], [0.2633840995896036, 1.4844836608415803], [0.26298864454816623, 1.5026066669288807], [0.2674816039915214, 1.5028340454571625], [0.2696150632175034, 1.5449590134273101], [0.2824610776258544, 1.798602457326149], [0.2827025142841921, 1.8033696032717734], [0.28717710512179795, 1.8917200125123816], [0.31726943749957265, 1.9049807021873082], [0.32078182295694413, 1.9369014724445839], [0.3761878744115211, 1.9309440970552358], [0.38434841276546505, 1.9300666587776953], [0.38523377719279606, 1.9349303254441206], [0.45874438750228225, 1.9673240056311876], [0.4693988067875435, 2.0021286772362994], [0.6626552323785159, 2.1291795124150683], [0.7069227704290703, 2.0766879618278127], [0.8393801219572087, 2.1350575096490574], [0.8506290638704926, 2.252757459227329], [0.9032692610052222, 2.287364230978854], [0.9086627475557882, 2.2867033816734303], [0.9100736489023473, 2.2918375785664775], [0.9720010032388157, 2.332549922618169], [0.9756755410367212, 2.3479012853159147], [0.9872309366139816, 2.396177035458848], [1.0389350328957576, 2.3963381956010394], [1.0577018204052393, 2.424098971282858], [1.0648718237978247, 2.4239918716087745], [1.0735619363073858, 2.447560052175082], [1.216699255411791, 2.659295971567074], [1.6883175106626664, 2.6562562711886692], [1.7287021060650047, 2.6330024012746756], [1.7467897869412863, 2.53860806912227], [1.7502627602793694, 2.5364531823217975], [1.7825721172237396, 2.5506908409604536], [1.783674823328864, 2.515721893413701], [1.7892384255273235, 2.5122698274824495], [1.7852090167873373, 2.467069645705444], [1.782327474121975, 2.434745734015856], [1.7862908145032785, 2.4327637436984175], [1.7900766881326602, 2.3127063542006594], [1.8062808263257066, 2.2281416820738063], [1.7956491841747282, 2.135991705670099], [1.7701150454661472, 1.9146740346959918], [1.7589372292094652, 1.8177900830288065], [1.7529973545914679, 1.7663060979476264], [1.7600215169467326, 1.7417883349601069], [1.754388019032565, 1.710394633705042], [1.7447217698085578, 1.6565276854929347], [1.760073229508674, 1.6576887824938216], [1.7593793151664754, 1.6497889014250755], [1.7634164200348024, 1.6507650460378853], [1.7662231334768879, 1.632227636677141], [2.133623869826327, 1.632955090079199], [2.1920117713175507, 1.6291172947369263], [2.245849396804273, 1.6255785858082792], [2.273402953964828, 1.6277695280396132], [2.325049029072126, 1.631876205314561], [2.402771383772377, 1.6334880021158509], [2.521174057780677, 1.633722439392368], [2.621368747962942, 1.6326064815089223], [2.648646628975609, 1.633974835063934], [2.6853893778549933, 1.6358179793692658], [2.805384210626856, 1.64183733827512], [2.912672824437106, 1.647219308966002], [3.122045953641089, 1.6577221946387266], [3.14398711325023, 1.658822839653576], [3.1439107419156023, 1.6484036265614173], [3.1638387791526745, 1.64941213951054], [3.1718534340882414, 1.0366252921172745], [3.17502568057774, 0.7940807357911357], [3.1773024689844003, 0.6200013772765921], [3.1773014268548008, 0.6199800389050112], [3.177303297959219, 0.619937995275789], [3.1810437231163156, 0.3339514670528507], [3.174799118421307, 0.006876443014997596], [3.1887253666175943, -0.2533738940251716], [3.190240188038029, -0.36919455630627274], [3.1798311466826643, -0.5197307149108221], [3.193359852254285, -0.6077187616992757], [3.2077043538042855, -1.7044748856896121], [3.147239684899651, -1.702577993085417], [3.142123261331305, -1.7045940607485528], [3.142020527566462, -1.709974969588496], [3.142650318490731, -1.72166528189863], [3.1417965150348355, -1.7217081228856523], [3.1395658834497446, -1.8385424006256612], [3.1184240074419156, -1.828708810956971], [3.118326538827332, -1.842006290568873], [3.101220516196333, -1.839138010724318], [3.1011751463171833, -1.8467562000344289], [3.088736079201263, -1.8462765949076272], [3.0886906503027727, -1.866206825081073], [2.8068922633909237, -1.8675669944945217], [2.747434656083039, -1.860116550905941], [2.7275549090714426, -1.867949935801858], [2.555806063347843, -1.8687789239636017], [2.5108001532543307, -1.864495258321809], [2.4160647810307347, -1.8664748985613362], [2.296000938744083, -1.8525347544290969], [2.286456875050394, -1.8431422495544587], [2.201698632787029, -1.8350749541817415], [2.154771282879392, -1.8361371302901], [1.890568034397572, -1.80546152226442], [1.8211683988731435, -1.7974038014426454], [1.7955208622962804, -1.7964149258366642], [1.7620902572610158, -1.7932329985325313], [1.7509593694607208, -1.7914956550070802], [1.7343024979679045, -1.7888957987906202], [1.7241745704472606, -1.7873150004194642], [1.7240628902605657, -1.7861292598295104], [1.6948383616760545, -1.7827361138756088], [1.688126890131278, -1.7619426984189708], [1.6832099218390812, -1.7467089953771489], [1.6538438445100752, -1.6557273019944188], [1.6336151373627834, -1.593054919483661], [1.5965233452891878, -1.4781374922887607], [1.583372537516995, -1.4758087831103153], [1.5814824496372006, -1.431537936581023], [1.5441610186687549, -1.315909044409513], [1.5064614966406003, -1.1991087542170886], [1.5029149607264733, -1.1881209113569458], [1.481889496001336, -1.1881933275538492], [1.4676030029005782, -1.141681428700681], [1.297129627597371, -1.1465294090827305], [1.296436724178702, -1.1438676948963236], [1.1218349923490245, -1.1515144981105685], [0.9898898378829268, -1.1552667997190773], [0.9592747117968379, -1.1586339376648542], [0.9067697467463678, -1.1609334288056605], [0.7228066911754788, -1.1846413577538009], [0.6649270787727927, -1.1910071208298678], [0.594537714211295, -1.1912495568544994], [0.4776902402963822, -1.1902425348023156], [0.46917875361543154, -1.1916813199233685], [0.25157424466471134, -1.2284652733604406], [0.24637915803397026, -1.2296781412528213], [0.2469657510948964, -1.2391615137115197], [0.2418424815660542, -1.2382542991143533], [0.242148263731783, -1.2490972193758438], [0.24023491030870106, -1.2496488932727392], [0.24265188742446325, -1.26695552556095], [0.2429565781305621, -1.2777597430756407], [0.2453228623341065, -1.2860808951437956], [0.25063214855535737, -1.324097748404351], [0.2492941553252465, -1.4599178658181007], [0.2560687715619604, -1.556013346672852], [0.27480872913301646, -1.7404807727501994], [0.26906776754966183, -1.7403994028597134], [0.2711801498211017, -1.7703627813051215], [0.27122073415028974, -1.7709384553347967], [0.27558293737960454, -1.8328147302794109], [0.27797521400984293, -1.8667483089631016], [0.2783892070944769, -1.8726206511221817], [0.278781127049202, -1.8781798939176302], [0.21660349253522485, -1.873166811633033], [0.21674767913628154, -1.8997328196678187], [-0.0022971475026336563, -1.8703496379284297], [-0.34447059106912836, -1.867581137101211], [-0.7115228613482041, -1.871320804972468], [-0.7779296548846445, -1.8640740508579579], [-0.8447141516184896, -1.863533702277642], [-1.2757266917840175, -1.8336901928783014], [-1.7527765878034955, -1.8242904657376902], [-1.7692832786042068, -1.8290498114649467], [-1.8145400439443986, -1.8269647492649796], [-1.8357155562567131, -1.8226562474320391], [-1.962115400847898, -1.820165681854546], [-2.0631777653697467, -1.8155095533283505], [-2.1079774359621704, -1.8117650333969189], [-2.1345545882267842, -1.812221092162948], [-2.229997064249674, -1.8078238822092383], [-2.257780713694569, -1.8065438385119208], [-2.256738876037293, -1.7369922163459812], [-2.254211567025471, -1.5682726080085865], [-2.274534179475281, -1.5655464855787868], [-2.275408758601888, -1.4536096418736877]]]}, "properties": {"image": "yqstnuAEVhm-32", "condition": "manual", "method": "mv50", "n": 24, "workers": ["P001", "P002", "P003", "P004", "P005", "P006", "P007", "P008", "P009", "P010", "P011", "P012", "P014", "P017", "P018", "P019", "P020", "P021", "P022", "P023", "P024", "P025", "P026", "P027"], "records": ["R01616", "R00157", "R01351", "R01439", "R01478", "R02148", "R00384", "R02195", "R01601", "R01095", "R01960", "R02361", "R01029", "R00671", "R00264", "R00388", "R02123", "R00026", "R01920", "R02256", "R01597", "R01850", "R02072", "R01819"], "output_type": "BEV_region_only"}}, {"type": "Feature", "geometry": {"type": "Polygon", "coordinates": [[[-2.229997064249674, -1.8078238822092383], [-2.257780713694569, -1.8065438385119208], [-2.256738876037293, -1.7369922163459812], [-2.254211567025471, -1.5682726080085865], [-2.251923769365595, -1.4155424419212344], [-2.2536685704241006, -1.365086635215315], [-2.251005546565231, -1.354243174392332], [-2.249538316392455, -1.256292943956077], [-2.263216312368199, -1.0889869505773482], [-2.2716414477548437, -0.8453505769819737], [-2.280922709836622, -0.747882419736241], [-2.280969882184578, -0.7418448599777941], [-2.2789566419066696, -0.6338112611720177], [-2.2763908744835883, -0.49612819797498436], [-2.2753529890041753, -0.4404336518646188], [-2.269685623054369, -0.13631399658783544], [-2.256518776612035, 0.5702394246292859], [-2.244056248329914, 1.2389980399372327], [-2.243825669131264, 1.251371277703848], [-2.2434564671629187, 1.2711832284998879], [-2.1266988230639354, 1.2748807449399062], [-2.0915728659486135, 1.2759931243897278], [-2.006664780724953, 1.2786820193518327], [-1.777721049890059, 1.2859322787685397], [-1.6473610259837161, 1.2900605594925518], [-1.3016552417248928, 1.3010084749851154], [-0.8356832169768615, 1.315765018210961], [-0.8347301938090923, 1.315795198837315], [-0.8088018883294414, 1.3166163042691064], [-0.5582846346931338, 1.3245497605406569], [-0.12377136906777031, 1.3044354048892195], [0.019206589496811866, 1.291526305707327], [0.16432803104170024, 1.2871288908774652], [0.2250739128686956, 1.288286765426861], [0.2510286945096258, 1.2887814883643394], [0.2535864029769235, 1.288830240731578], [0.25355614214606903, 1.2970378731217154], [0.25440758748025655, 1.2998192800152], [0.2546963879627618, 1.3225042389587645], [0.2539240211787536, 1.350271030278385], [0.25505033895961815, 1.3503066988510388], [0.2597642714231703, 1.350455981092177], [0.26060010520643945, 1.3669594468813449], [0.26240855764848814, 1.4026671840009843], [0.2640228020904156, 1.4345403009483606], [0.2643380645601321, 1.4407651311570944], [0.2648473163401249, 1.4508202635260128], [0.2674816039915214, 1.5028340454571625], [0.2696150632175034, 1.5449590134273101], [0.2824610776258544, 1.798602457326149], [0.2827025142841921, 1.8033696032717734], [0.29287132329532073, 1.8031013666001308], [0.30671762638407907, 1.8090852082263749], [0.31726943749957265, 1.9049807021873082], [0.3761878744115211, 1.9309440970552358], [0.38434841276546505, 1.9300666587776953], [0.44533190063100003, 1.9235095856741449], [0.45874438750228225, 1.9673240056311876], [0.7069227704290703, 2.0766879618278127], [0.765422678538838, 2.0073199549061984], [0.7802972423011998, 2.01374817139423], [0.83560550543214, 2.095562935127942], [0.8393801219572087, 2.1350575096490574], [0.8707938714963926, 2.1489005039020603], [0.9086627475557882, 2.2867033816734303], [0.9595350642876748, 2.280470134429298], [0.9720010032388157, 2.332549922618169], [0.9756755410367212, 2.3479012853159147], [0.9948335861336317, 2.347560542405863], [1.0148613765177712, 2.360727232658511], [1.0389350328957576, 2.3963381956010394], [1.054693409271328, 2.3963873139951324], [1.0648718237978247, 2.4239918716087745], [1.4809518114933593, 2.4177768074539943], [1.6444423497066185, 2.489821648140188], [1.7267705537572078, 2.551029466335693], [1.7467897869412863, 2.53860806912227], [1.7474409737801362, 2.535209714895429], [1.7502627602793694, 2.5364531823217975], [1.783674823328864, 2.515721893413701], [1.7852090167873373, 2.467069645705444], [1.782327474121975, 2.434745734015856], [1.7773629389202572, 2.3790557040297817], [1.7900766881326602, 2.3127063542006594], [1.7956491841747282, 2.135991705670099], [1.7701150454661472, 1.9146740346959918], [1.7589372292094652, 1.8177900830288065], [1.7529973545914679, 1.7663060979476264], [1.749937767616461, 1.739787065088152], [1.754388019032565, 1.710394633705042], [1.7447217698085578, 1.6565276854929347], [1.7427928463833224, 1.645778405617737], [1.7593793151664754, 1.6497889014250755], [1.7567707216210229, 1.6200913184345298], [2.1920117713175507, 1.6291172947369263], [2.245849396804273, 1.6255785858082792], [2.273402953964828, 1.6277695280396132], [2.3581993726349233, 1.6194049886901394], [2.621368747962942, 1.6326064815089223], [2.648646628975609, 1.633974835063934], [2.6853893778549933, 1.6358179793692658], [2.805384210626856, 1.64183733827512], [2.912672824437106, 1.647219308966002], [3.122045953641089, 1.6577221946387266], [3.1219904539581242, 1.6484030802966763], [3.1315238179127705, 1.6486007820465383], [3.1315604080190362, 1.6477786040610827], [3.1439107419156023, 1.6484036265614173], [3.142160336202545, 1.409598710935283], [3.152306350869602, 1.1816182334059904], [3.1718534340882414, 1.0366252921172745], [3.17502568057774, 0.7940807357911357], [3.1715142329610013, 0.7500180164516881], [3.1773014268548008, 0.6199800389050112], [3.160452416051205, 0.2749841253288609], [3.174799118421307, 0.006876443014997596], [3.1664113592635887, -0.432451050417446], [3.1798311466826643, -0.5197307149108221], [3.1589906493682083, -0.8211271934164805], [3.151039807256755, -1.2375701872866274], [3.168312032609858, -1.6942746776469277], [3.147239684899651, -1.702577993085417], [3.1421647923029887, -1.7024187839735823], [3.142123261331305, -1.7045940607485528], [3.141738803712388, -1.7047455518366128], [3.142020527566462, -1.709974969588496], [3.142650318490731, -1.72166528189863], [3.1417970534201323, -1.7216799237613591], [3.1417965150348355, -1.7217081228856523], [3.119199996390335, -1.722841940224191], [3.1184240074419156, -1.828708810956971], [3.1013299779261567, -1.8207579710229835], [3.101220516196333, -1.839138010724318], [3.0887571143963215, -1.8370481897911468], [3.088736079201263, -1.8462765949076272], [3.05691359041076, -1.8450496356325239], [3.0565208350303577, -1.853091591498859], [2.7489518583896126, -1.8595187148456818], [2.747434656083039, -1.860116550905941], [2.743562434131151, -1.859631335093848], [2.5108001532543307, -1.864495258321809], [2.286456875050394, -1.8431422495544587], [2.2765381180195887, -1.833381001437077], [2.201698632787029, -1.8350749541817415], [1.890568034397572, -1.80546152226442], [1.8211683988731435, -1.7974038014426454], [1.7644517500652832, -1.790818652708262], [1.7509593694607208, -1.7914956550070802], [1.7343024979679045, -1.7888957987906202], [1.7340834104969138, -1.78729270332519], [1.7240628902605657, -1.7861292598295104], [1.6948383616760545, -1.7827361138756088], [1.688126890131278, -1.7619426984189708], [1.6832099218390812, -1.7467089953771489], [1.6538438445100752, -1.6557273019944188], [1.6336151373627834, -1.593054919483661], [1.5965233452891878, -1.4781374922887607], [1.5814824496372006, -1.431537936581023], [1.5441610186687549, -1.315909044409513], [1.5064614966406003, -1.1991087542170886], [1.5029149607264733, -1.1881209113569458], [1.4877408857193024, -1.1411087406743685], [1.4676030029005782, -1.141681428700681], [1.4659936203737116, -1.1364418337365603], [1.296436724178702, -1.1438676948963236], [1.2907891247312162, -1.1221730471813565], [0.9898898378829268, -1.1552667997190773], [0.9396550188332683, -1.156695394752263], [0.9067697467463678, -1.1609334288056605], [0.5616640311186682, -1.1760475715341556], [0.4776902402963822, -1.1902425348023156], [0.46917875361543154, -1.1916813199233685], [0.3267204637271318, -1.1921719767390893], [0.24544972882055915, -1.214652182045502], [0.24637915803397026, -1.2296781412528213], [0.24163188041334138, -1.2307864616739297], [0.2418424815660542, -1.2382542991143533], [0.23856247108668188, -1.2376734838031551], [0.24023491030870106, -1.2496488932727392], [0.2353622225673199, -1.2510538269364386], [0.2429565781305621, -1.2777597430756407], [0.24729321501414983, -1.431535251270216], [0.2492941553252465, -1.4599178658181007], [0.2560687715619604, -1.556013346672852], [0.26906776754966183, -1.7403994028597134], [0.2711801498211017, -1.7703627813051215], [0.27122073415028974, -1.7709384553347967], [0.27558293737960454, -1.8328147302794109], [0.27797521400984293, -1.8667483089631016], [0.2783892070944769, -1.8726206511221817], [0.21659781478794124, -1.8721207013922068], [0.21660349253522485, -1.873166811633033], [0.20218183050180472, -1.8720040626957453], [-0.0022971475026336563, -1.8703496379284297], [-0.045632998314353856, -1.8645364662604638], [-0.34447059106912836, -1.867581137101211], [-0.7779296548846445, -1.8640740508579579], [-1.0080200179262175, -1.838965049259113], [-1.2757266917840175, -1.8336901928783014], [-1.686687393368036, -1.8052350821388965], [-1.7527765878034955, -1.8242904657376902], [-1.8357155562567131, -1.8226562474320391], [-1.9062565254490997, -1.8083035417888302], [-2.1079774359621704, -1.8117650333969189], [-2.2102596958137597, -1.8032159089149429], [-2.229997064249674, -1.8078238822092383]]]}, "properties": {"image": "yqstnuAEVhm-32", "condition": "manual", "method": "mv_strict", "n": 24, "workers": ["P001", "P002", "P003", "P004", "P005", "P006", "P007", "P008", "P009", "P010", "P011", "P012", "P014", "P017", "P018", "P019", "P020", "P021", "P022", "P023", "P024", "P025", "P026", "P027"], "records": ["R01616", "R00157", "R01351", "R01439", "R01478", "R02148", "R00384", "R02195", "R01601", "R01095", "R01960", "R02361", "R01029", "R00671", "R00264", "R00388", "R02123", "R00026", "R01920", "R02256", "R01597", "R01850", "R02072", "R01819"], "output_type": "BEV_region_only"}}, {"type": "Feature", "geometry": {"type": "Polygon", "coordinates": [[[-2.6121762309461243, -0.333550024197806], [-2.612997110495077, -0.3188276593263078], [-2.6232211301242927, 0.4734671498871179], [-2.622011340521466, 0.47346176526387507], [-2.623279491285289, 0.47798975905591895], [-2.6232878842260674, 0.47864015720203307], [-2.5959404223454006, 0.4784526743029219], [-2.5959105046585345, 0.4799489497928307], [-2.5279027286086593, 0.47962916950372886], [-2.527878805919112, 0.4806621963521219], [-2.395047451783782, 0.48020994245682475], [-2.3949271398252248, 0.481210513445371], [-2.21895355056782, 0.4796103915956489], [-2.191515799877738, 0.4795169736695233], [-2.1626161306653557, 0.4790981173565241], [-1.9124687209278242, 0.47682353548511075], [-1.7900816563217106, 0.4775493549891487], [-1.7257184073852168, 0.47793106282381004], [-1.3227634573971458, 0.4803207970893654], [-1.0585867419757413, 0.4818875036133158], [-0.890204569274662, 0.47806622630616336], [-0.7357226326722893, 0.4745604019707596], [0.08108142464602908, 0.4717794108484349], [0.1056981949777327, 0.4714124011810883], [0.1181467628203754, 0.47165321365893115], [0.6125563553992514, 0.4699698862128504], [0.6498815485880642, 0.4700390344941547], [0.758449083699911, 0.46947316196352684], [1.1177671891734995, 0.4682497835382368], [1.1177997252402843, 0.4676001650616289], [1.1285254344891227, 0.4675442608336369], [1.1290487146562949, 0.46243376836458566], [1.1306618271539535, 0.4624261833263618], [1.1308726541030494, 0.45675814478475896], [1.1403861075134523, 0.4567158015853846], [1.1405071437594918, 0.45476813323700593], [1.1489201218045817, 0.4547549883221932], [1.149164107669537, 0.44789930727533467], [1.1551269471366639, 0.4478391563084179], [1.1523710501068005, 0.35778845397016346], [1.1579126015187775, 0.20207816726048844], [1.158483675581776, 0.19957140901725093], [1.1583018856074674, 0.19113979773992534], [1.1590873920474762, 0.16906810266881145], [1.1606563025006789, 0.15374570835939985], [1.1607754202995333, 0.12861888468598692], [1.174934971920933, -0.0992311306823828], [1.176903898878538, -0.33155224361788704], [1.1797029314466556, -0.4102013675345783], [1.1775703728105453, -0.4101920149046533], [1.1775997147906896, -0.4136541857366026], [1.177395147032426, -0.4136534884077053], [1.1775776283166872, -0.41598918156489006], [1.1775776283166866, -0.41598918156489006], [1.1778911606756268, -0.4200022801590684], [1.1634782330082096, -0.41983604157690213], [1.1634782330082099, -0.4198360415769029], [0.7985447215463367, -0.41562690163460475], [0.05947581858088902, -0.4149204990350948], [-0.05208474560314391, -0.41635658628618405], [-0.21476983014080853, -0.4146583748429065], [-0.2962218322380387, -0.4145805229595626], [-0.6857271021953242, -0.40987526160919713], [-1.101036236723262, -0.40980166368941223], [-1.6939422911780826, -0.40569023901521506], [-2.211459315561526, -0.4021015890977781], [-2.226118096026119, -0.4019999398208936], [-2.3442561057453988, -0.40118072820301426], [-2.376987663588692, -0.4014071538781311], [-2.377114893445835, -0.4009528735041109], [-2.4515859872472343, -0.40043646404890465], [-2.50096625579313, -0.40066078481282913], [-2.5008981657133913, -0.40009451559727244], [-2.5115811851098466, -0.4000204356832431], [-2.547388065897987, -0.39977213784234183], [-2.5479491946120754, -0.3903031494869721], [-2.548122576748691, -0.387377344067613], [-2.5894017969571683, -0.3868786870932376], [-2.5888919663208707, -0.37655623638440155], [-2.6097917607371857, -0.37631517833766004], [-2.6121762309461243, -0.333550024197806]]]}, "properties": {"image": "yqstnuAEVhm-34", "condition": "manual", "method": "mv50", "n": 24, "workers": ["P001", "P002", "P003", "P004", "P005", "P006", "P007", "P008", "P009", "P010", "P011", "P012", "P014", "P017", "P018", "P019", "P020", "P021", "P022", "P023", "P024", "P025", "P026", "P027"], "records": ["R01221", "R02024", "R02080", "R00568", "R02169", "R01065", "R01838", "R00921", "R01309", "R01602", "R01218", "R00428", "R01280", "R02170", "R00535", "R01108", "R00621", "R01398", "R02399", "R01581", "R02408", "R00899", "R01743", "R00427"], "output_type": "BEV_region_only"}}, {"type": "Feature", "geometry": {"type": "Polygon", "coordinates": [[[-2.6121762309461243, -0.333550024197806], [-2.598512814615801, 0.3497994290882534], [-2.6106818946579167, 0.4330094294684225], [-2.622011340521466, 0.47346176526387507], [-2.5960425255074537, 0.473346181294078], [-2.5959404223454006, 0.4784526743029219], [-2.527940769391133, 0.4779864967786583], [-2.5279027286086593, 0.47962916950372886], [-2.3951923199955183, 0.47900515008568456], [-2.395047451783782, 0.48020994245682475], [-2.21895355056782, 0.4796103915956489], [-2.1626161306653557, 0.4790981173565241], [-2.0414309113319478, 0.4773417237526055], [-1.9207645549951076, 0.47677433683664516], [-1.9124687209278242, 0.47682353548511075], [-1.7900816563217106, 0.4775493549891487], [-1.7257184073852168, 0.47793106282381004], [-1.3227634573971458, 0.4803207970893654], [-0.890204569274662, 0.47806622630616336], [-0.7357226326722893, 0.4745604019707596], [-0.5490688713437453, 0.4703244678987743], [-0.16665691958907702, 0.46852632345719725], [-0.030450613234313306, 0.46877865790432505], [0.1056981949777327, 0.4714124011810883], [0.2477805100183258, 0.46929410611328565], [0.6125563553992514, 0.4699698862128504], [0.758449083699911, 0.46947316196352684], [1.1177997252402843, 0.4676001650616289], [1.1180558947633674, 0.46248545785257633], [1.1290487146562949, 0.46243376836458566], [1.1296292938116494, 0.4567636788269665], [1.1308726541030494, 0.45675814478475896], [1.130946118420903, 0.454783071926127], [1.1405071437594918, 0.45476813323700593], [1.1408618893757372, 0.44905970430686704], [1.1463259262227015, 0.4490100200060387], [1.1462537534358315, 0.44792866587574526], [1.149164107669537, 0.44789930727533467], [1.1523710501068005, 0.35778845397016346], [1.1504449686552782, 0.29485250767362525], [1.1555718249776006, 0.212353123295723], [1.1579126015187775, 0.20207816726048844], [1.1583018856074674, 0.19113979773992534], [1.158045413331252, 0.17924434231295927], [1.1590873920474762, 0.16906810266881145], [1.1601939170328843, 0.13797620981784364], [1.1607754202995333, 0.12861888468598692], [1.1608136070339148, 0.12056373801021235], [1.176903898878538, -0.33155224361788704], [1.1775703728105453, -0.4101920149046533], [1.177124558872414, -0.41019005972616107], [1.177395147032426, -0.4136534884077053], [1.1773951470324255, -0.4136534884077053], [1.1775776283166866, -0.41598918156489006], [1.163334639799032, -0.41597556810601866], [1.1634782330082096, -0.41983604157690213], [0.7985447215464031, -0.4156269016346048], [0.7985447215463367, -0.41562690163460475], [0.3967286853257852, -0.41099235897302033], [0.37134898867795385, -0.4109058448711525], [0.05947581858088902, -0.4149204990350948], [-0.21476983014080853, -0.4146583748429065], [-0.672761913470127, -0.4098775592011364], [-0.6857271021953242, -0.40987526160919713], [-0.766778024229272, -0.40889615862838347], [-1.0327796591611218, -0.40611946264758375], [-1.5166040051172174, -0.4044702061835283], [-1.6939422911780826, -0.40569023901521506], [-2.211459315561526, -0.4021015890977781], [-2.226118096026119, -0.4019999398208936], [-2.3442561057453988, -0.40118072820301426], [-2.377114893445835, -0.4009528735041109], [-2.4515859872472343, -0.40043646404890465], [-2.5008981657133913, -0.40009451559727244], [-2.5115811851098466, -0.4000204356832431], [-2.547388065897987, -0.39977213784234183], [-2.5479491946120754, -0.3903031494869721], [-2.548122576748691, -0.387377344067613], [-2.548736385208881, -0.3770193905071556], [-2.5888919663208707, -0.37655623638440155], [-2.6097917607371857, -0.37631517833766004], [-2.6121762309461243, -0.333550024197806]]]}, "properties": {"image": "yqstnuAEVhm-34", "condition": "manual", "method": "mv_strict", "n": 24, "workers": ["P001", "P002", "P003", "P004", "P005", "P006", "P007", "P008", "P009", "P010", "P011", "P012", "P014", "P017", "P018", "P019", "P020", "P021", "P022", "P023", "P024", "P025", "P026", "P027"], "records": ["R01221", "R02024", "R02080", "R00568", "R02169", "R01065", "R01838", "R00921", "R01309", "R01602", "R01218", "R00428", "R01280", "R02170", "R00535", "R01108", "R00621", "R01398", "R02399", "R01581", "R02408", "R00899", "R01743", "R00427"], "output_type": "BEV_region_only"}}]}