building_id,config,source_n,folds,target_appearances,common_people_budget,k_max,outside_pool_n,outside_group_n_min,outside_group_n_max,prediction_identified_folds,prediction_not_reached_folds,prediction_unknown_folds,prediction_lower_onset_finite_folds,prediction_both_onsets_finite_folds,prediction_onset_width_le2_folds,prediction_lower_crossing_lt5_folds,prediction_onset_width_mean_among_both_finite,prediction_lower_onset_mean_among_finite,same_error_lower,same_error_upper,outside_error_lower,outside_error_upper,benefit_lower,benefit_upper,same_prediction_unknown_mean,target_unknown_mean,outside_prediction_unknown_mean,outside_N_identified_prediction_fraction,target_N_identified_n,target_N_not_reached_n,target_N_unknown_n,target_N_both_finite_n,target_N_interval_width_le2_n,target_N_lower_crossing_lt5_n,N_identified_pairs,N_absolute_error_sum,outside_N_identified_pairs,outside_N_absolute_error_sum,N_MAE_identified,outside_N_MAE_identified
7y3sRwLe3Va,ospa30_t6,all,6,9,24,19,35,35,50,1,4,1,1,1,1,0,0.0,5.0,0.2836184210526316,0.7765350877192981,0.18796347117794485,0.6491591478696743,-0.5885716165413534,0.36554072681704275,0.3064912280701754,0.3064912280701755,0.32967030075187975,0.13428571428571429,3.0,6.0,0.0,3.0,3.0,0.0,0.0,0.0,18.0,46.0,,2.5555555555555554
7y3sRwLe3Va,ospa30_t6,1,3,6,24,19,35,35,35,1,2,0,1,1,1,0,0.0,5.0,0.3124561403508772,0.8140350877192982,0.20242606516290726,0.6620551378446116,-0.611609022556391,0.34959899749373435,0.3064912280701754,0.3064912280701754,0.32181954887218045,0.22857142857142856,2.0,4.0,0.0,2.0,2.0,0.0,0.0,0.0,16.0,44.0,,2.75
7y3sRwLe3Va,ospa30_t6,2,3,3,24,19,35,50,50,0,2,1,0,0,0,0,,,0.25478070175438594,0.7390350877192983,0.17350087719298246,0.636263157894737,-0.5655342105263158,0.38148245614035114,0.3064912280701754,0.3064912280701754,0.337521052631579,0.04,1.0,2.0,0.0,1.0,1.0,0.0,0.0,0.0,2.0,2.0,,1.0
7y3sRwLe3Va,q_0.800,all,6,9,24,19,35,35,50,1,3,2,1,1,1,0,0.0,5.0,0.2993421052631579,0.7832894736842105,0.21933746867167922,0.6237046992481204,-0.5639520050125314,0.3243625939849624,0.29754385964912283,0.29754385964912283,0.25416203007518795,0.1842857142857143,3.0,3.0,3.0,3.0,3.0,0.0,0.0,0.0,23.0,76.0,,3.3043478260869565
7y3sRwLe3Va,q_0.800,1,3,6,24,19,35,35,35,1,1,1,1,1,1,0,0.0,5.0,0.32456140350877194,0.8231578947368421,0.23281704260651628,0.6391278195488722,-0.5903408521303258,0.31456641604010027,0.29754385964912283,0.29754385964912283,0.2512556390977444,0.22857142857142856,2.0,2.0,2.0,2.0,2.0,0.0,0.0,0.0,16.0,50.0,,3.125
7y3sRwLe3Va,q_0.800,2,3,3,24,19,35,50,50,0,2,1,0,0,0,0,,,0.2741228070175439,0.7434210526315789,0.20585789473684213,0.6082815789473686,-0.5375631578947367,0.3341587719298247,0.29754385964912283,0.29754385964912283,0.25706842105263156,0.14,1.0,1.0,1.0,1.0,1.0,0.0,0.0,0.0,7.0,26.0,,3.7142857142857144
7y3sRwLe3Va,q_0.850,all,6,9,24,19,35,35,50,1,3,2,1,1,1,0,0.0,5.0,0.2993421052631579,0.7832894736842105,0.21910087719298244,0.6234772556390978,-0.5641885964912281,0.32413515037593993,0.29754385964912283,0.29754385964912283,0.25470582706766914,0.1842857142857143,3.0,3.0,3.0,3.0,3.0,0.0,0.0,0.0,23.0,82.0,,3.5652173913043477
7y3sRwLe3Va,q_0.850,1,3,6,24,19,35,35,35,1,1,1,1,1,1,0,0.0,5.0,0.32456140350877194,0.8231578947368421,0.2324035087719298,0.6390325814536341,-0.5907543859649123,0.3144711779448622,0.29754385964912283,0.29754385964912283,0.2518195488721805,0.22857142857142856,2.0,2.0,2.0,2.0,2.0,0.0,0.0,0.0,16.0,50.0,,3.125
7y3sRwLe3Va,q_0.850,2,3,3,24,19,35,50,50,0,2,1,0,0,0,0,,,0.2741228070175439,0.7434210526315789,0.20579824561403512,0.6079219298245614,-0.5376228070175438,0.33379912280701757,0.29754385964912283,0.29754385964912283,0.25759210526315784,0.14,1.0,1.0,1.0,1.0,1.0,0.0,0.0,0.0,7.0,32.0,,4.571428571428571
7y3sRwLe3Va,q_0.900,all,6,9,24,19,35,35,50,1,3,2,1,1,1,0,0.0,5.0,0.2919956140350877,0.7752412280701754,0.20342174185463657,0.6310095238095238,-0.5718194862155387,0.3390139097744361,0.2979824561403509,0.2979824561403509,0.28704624060150374,0.19857142857142854,3.0,3.0,3.0,3.0,3.0,0.0,0.0,0.0,25.0,100.0,,4.0
7y3sRwLe3Va,q_0.900,1,3,6,24,19,35,35,35,1,1,1,1,1,1,0,0.0,5.0,0.3186842105263158,0.8122807017543859,0.21427067669172928,0.6478646616541354,-0.5980100250626567,0.3291804511278196,0.29798245614035085,0.29798245614035096,0.2906766917293233,0.2571428571428571,2.0,2.0,2.0,2.0,2.0,0.0,0.0,0.0,18.0,68.0,,3.7777777777777777
7y3sRwLe3Va,q_0.900,2,3,3,24,19,35,50,50,0,2,1,0,0,0,0,,,0.26530701754385966,0.7382017543859648,0.19257280701754387,0.6141543859649122,-0.545628947368421,0.34884736842105263,0.29798245614035085,0.29798245614035085,0.28341578947368423,0.14,1.0,1.0,1.0,1.0,1.0,0.0,0.0,0.0,7.0,32.0,,4.571428571428571
7y3sRwLe3Va,q_0.925,all,6,9,24,19,35,35,50,1,3,2,1,1,1,0,0.0,5.0,0.2919956140350877,0.7752412280701754,0.19788533834586466,0.6394605263157893,-0.5773558897243107,0.34746491228070164,0.2979824561403509,0.2979824561403509,0.3063851503759399,0.23142857142857146,3.0,3.0,3.0,3.0,3.0,0.0,0.0,0.0,30.0,92.0,,3.066666666666667
7y3sRwLe3Va,q_0.925,1,3,6,24,19,35,35,35,1,1,1,1,1,1,0,0.0,5.0,0.3186842105263158,0.8122807017543859,0.21077944862155387,0.6524912280701755,-0.6015012531328321,0.3338070175438596,0.29798245614035085,0.29798245614035096,0.3021203007518797,0.3428571428571428,2.0,2.0,2.0,2.0,2.0,0.0,0.0,0.0,24.0,78.0,,3.25
7y3sRwLe3Va,q_0.925,2,3,3,24,19,35,50,50,0,2,1,0,0,0,0,,,0.26530701754385966,0.7382017543859648,0.18499122807017546,0.6264298245614034,-0.5532105263157895,0.3611228070175437,0.29798245614035085,0.29798245614035085,0.3106500000000001,0.12,1.0,1.0,1.0,1.0,1.0,0.0,0.0,0.0,6.0,14.0,,2.3333333333333335
7y3sRwLe3Va,q_0.950,all,6,9,24,19,35,35,50,1,3,2,1,1,1,0,0.0,5.0,0.2995394736842105,0.7928070175438595,0.20004855889724307,0.6466716165413534,-0.5927584586466166,0.3471321428571428,0.3035087719298246,0.30350877192982456,0.3096334586466165,0.20714285714285716,3.0,3.0,3.0,3.0,3.0,0.0,0.0,0.0,27.0,100.0,,3.7037037037037037
7y3sRwLe3Va,q_0.950,1,3,6,24,19,35,35,35,1,1,1,1,1,1,0,0.0,5.0,0.3242982456140351,0.833859649122807,0.21340852130325813,0.6562932330827067,-0.6204511278195489,0.3319949874686716,0.30350877192982456,0.30350877192982456,0.297187969924812,0.3142857142857143,2.0,2.0,2.0,2.0,2.0,0.0,0.0,0.0,22.0,88.0,,4.0
7y3sRwLe3Va,q_0.950,2,3,3,24,19,35,50,50,0,2,1,0,0,0,0,,,0.27478070175438596,0.7517543859649122,0.18668859649122807,0.6370499999999999,-0.5650657894736841,0.36226929824561377,0.30350877192982456,0.30350877192982456,0.322078947368421,0.10000000000000002,1.0,1.0,1.0,1.0,1.0,0.0,0.0,0.0,5.0,12.0,,2.4
7y3sRwLe3Va,q_0.975,all,6,9,24,19,35,35,50,1,3,2,1,1,1,0,0.0,5.0,0.22769736842105262,0.8801535087719299,0.1239124060150376,0.7757705513784461,-0.7562411027568924,0.5480731829573934,0.4144736842105263,0.4144736842105263,0.5028204887218045,0.09142857142857143,3.0,3.0,3.0,3.0,3.0,0.0,0.0,0.0,12.0,36.0,,3.0
7y3sRwLe3Va,q_0.975,1,3,6,24,19,35,35,35,1,1,1,1,1,1,0,0.0,5.0,0.241140350877193,0.9349122807017544,0.1304862155388471,0.781002506265664,-0.8044260651629074,0.5398621553884712,0.4144736842105263,0.41447368421052627,0.4924962406015038,0.14285714285714285,2.0,2.0,2.0,2.0,2.0,0.0,0.0,0.0,10.0,34.0,,3.4
7y3sRwLe3Va,q_0.975,2,3,3,24,19,35,50,50,0,2,1,0,0,0,0,,,0.21425438596491228,0.8253947368421053,0.11733859649122809,0.7705385964912281,-0.7080561403508773,0.5562842105263158,0.4144736842105263,0.4144736842105263,0.5131447368421053,0.04,1.0,1.0,1.0,1.0,1.0,0.0,0.0,0.0,2.0,2.0,,1.0
B6ByNegPMKs,ospa30_t6,all,6,9,24,19,35,35,50,0,0,6,0,0,0,0,,,0.0008333333333333334,0.6295614035087719,0.07104799498746868,0.6499628446115288,-0.5585134085213032,0.6491295112781955,0.49622807017543863,0.4962280701754387,0.29041240601503754,0.21857142857142853,0.0,0.0,9.0,0.0,0.0,0.0,0.0,0.0,0.0,0.0,,
B6ByNegPMKs,ospa30_t6,1,3,6,24,19,35,35,35,0,0,3,0,0,0,0,,,0.0016666666666666668,0.6390350877192982,0.0887293233082707,0.6835739348370927,-0.5503057644110275,0.6819072681704261,0.49622807017543863,0.4962280701754387,0.3055563909774436,0.2571428571428571,0.0,0.0,6.0,0.0,0.0,0.0,0.0,0.0,0.0,0.0,,
B6ByNegPMKs,ospa30_t6,2,3,3,24,19,35,50,50,0,0,3,0,0,0,0,,,0.0,0.6200877192982456,0.05336666666666667,0.6163517543859648,-0.566721052631579,0.6163517543859648,0.49622807017543863,0.49622807017543863,0.27526842105263155,0.18000000000000002,0.0,0.0,3.0,0.0,0.0,0.0,0.0,0.0,0.0,0.0,,
B6ByNegPMKs,q_0.800,all,6,9,24,19,35,35,50,2,1,3,2,2,2,0,0.0,6.0,0.057390350877192985,0.5019736842105263,0.17711566416040103,0.5749487468671679,-0.32485802005012526,0.5175583959899749,0.29201754385964906,0.29201754385964906,0.24370545112781958,0.20428571428571426,3.0,3.0,3.0,3.0,3.0,0.0,0.0,0.0,25.0,89.0,,3.56
B6ByNegPMKs,q_0.800,1,3,6,24,19,35,35,35,1,1,1,1,1,1,0,0.0,5.0,0.07763157894736843,0.5221052631578947,0.18709273182957395,0.5970852130325813,-0.33501253132832076,0.519453634085213,0.29201754385964906,0.2920175438596491,0.2517293233082707,0.22857142857142856,2.0,2.0,2.0,2.0,2.0,0.0,0.0,0.0,16.0,50.0,,3.125
B6ByNegPMKs,q_0.800,2,3,3,24,19,35,50,50,1,0,2,1,1,1,0,0.0,7.0,0.03714912280701755,0.4818421052631579,0.16713859649122811,0.5528122807017544,-0.3147035087719298,0.5156631578947368,0.2920175438596491,0.29201754385964906,0.23568157894736844,0.18000000000000002,1.0,1.0,1.0,1.0,1.0,0.0,0.0,0.0,9.0,39.0,,4.333333333333333
B6ByNegPMKs,q_0.850,all,6,9,24,19,35,35,50,2,1,3,2,2,2,0,0.0,6.0,0.057390350877192985,0.5019736842105263,0.178349373433584,0.5761937969924812,-0.3236243107769423,0.5188034461152883,0.29201754385964906,0.29201754385964906,0.24416240601503758,0.20428571428571426,3.0,3.0,3.0,3.0,3.0,0.0,0.0,0.0,25.0,91.0,,3.64
B6ByNegPMKs,q_0.850,1,3,6,24,19,35,35,35,1,1,1,1,1,1,0,0.0,5.0,0.07763157894736843,0.5221052631578947,0.1885689223057644,0.5988446115288221,-0.3335363408521303,0.5212130325814536,0.29201754385964906,0.2920175438596491,0.2522932330827068,0.22857142857142856,2.0,2.0,2.0,2.0,2.0,0.0,0.0,0.0,16.0,50.0,,3.125
B6ByNegPMKs,q_0.850,2,3,3,24,19,35,50,50,1,0,2,1,1,1,0,0.0,7.0,0.03714912280701755,0.4818421052631579,0.16812982456140357,0.5535429824561403,-0.31371228070175433,0.5163938596491228,0.2920175438596491,0.29201754385964906,0.2360315789473684,0.18000000000000002,1.0,1.0,1.0,1.0,1.0,0.0,0.0,0.0,9.0,41.0,,4.555555555555555
B6ByNegPMKs,q_0.900,all,6,9,24,19,35,35,50,2,1,3,2,2,2,0,0.0,6.0,0.057390350877192985,0.5019736842105263,0.1676140977443609,0.5915768170426065,-0.3343595864661653,0.5341864661654134,0.29201754385964906,0.29201754385964906,0.2784860902255639,0.19857142857142854,3.0,3.0,3.0,3.0,3.0,0.0,0.0,0.0,25.0,103.0,,4.12
B6ByNegPMKs,q_0.900,1,3,6,24,19,35,35,35,1,1,1,1,1,1,0,0.0,5.0,0.07763157894736843,0.5221052631578947,0.17722556390977443,0.6169974937343358,-0.3448796992481203,0.5393659147869675,0.29201754385964906,0.2920175438596491,0.29118796992481205,0.2571428571428571,2.0,2.0,2.0,2.0,2.0,0.0,0.0,0.0,18.0,68.0,,3.7777777777777777
B6ByNegPMKs,q_0.900,2,3,3,24,19,35,50,50,1,0,2,1,1,1,0,0.0,7.0,0.03714912280701755,0.4818421052631579,0.15800263157894737,0.5661561403508771,-0.3238394736842105,0.5290070175438596,0.2920175438596491,0.29201754385964906,0.2657842105263158,0.14,1.0,1.0,1.0,1.0,1.0,0.0,0.0,0.0,7.0,35.0,,5.0
B6ByNegPMKs,q_0.925,all,6,9,24,19,35,35,50,2,1,3,2,2,2,0,0.0,6.0,0.057390350877192985,0.5019736842105263,0.16688088972431078,0.6001649122807017,-0.3350927944862156,0.5427745614035088,0.29201754385964906,0.29201754385964906,0.28899605263157896,0.2814285714285714,3.0,3.0,3.0,3.0,3.0,0.0,0.0,0.0,35.0,113.0,,3.2285714285714286
B6ByNegPMKs,q_0.925,1,3,6,24,19,35,35,35,1,1,1,1,1,1,0,0.0,5.0,0.07763157894736843,0.5221052631578947,0.1747644110275689,0.6249824561403509,-0.34734085213032584,0.5473508771929825,0.29201754385964906,0.2920175438596491,0.3026315789473684,0.3428571428571428,2.0,2.0,2.0,2.0,2.0,0.0,0.0,0.0,24.0,78.0,,3.25
B6ByNegPMKs,q_0.925,2,3,3,24,19,35,50,50,1,0,2,1,1,1,0,0.0,7.0,0.03714912280701755,0.4818421052631579,0.15899736842105264,0.5753473684210526,-0.3228447368421053,0.538198245614035,0.2920175438596491,0.29201754385964906,0.2753605263157895,0.22,1.0,1.0,1.0,1.0,1.0,0.0,0.0,0.0,11.0,35.0,,3.1818181818181817
B6ByNegPMKs,q_0.950,all,6,9,24,19,35,35,50,0,1,5,2,2,1,0,2.0,17.5,0.016578947368421058,0.4957456140350877,0.11918577694235588,0.5797030701754385,-0.37655983709273183,0.5631241228070175,0.3408771929824561,0.3408771929824561,0.2842582706766917,0.2814285714285714,0.0,3.0,6.0,3.0,0.0,0.0,0.0,0.0,0.0,0.0,,
B6ByNegPMKs,q_0.950,1,3,6,24,19,35,35,35,0,1,2,1,1,0,0,3.0,17.0,0.02859649122807018,0.5081578947368421,0.1362355889724311,0.6098070175438598,-0.37192230576441104,0.5812105263157895,0.3408771929824561,0.3408771929824561,0.293984962406015,0.3428571428571428,0.0,2.0,4.0,2.0,0.0,0.0,0.0,0.0,0.0,0.0,,
B6ByNegPMKs,q_0.950,2,3,3,24,19,35,50,50,0,0,3,1,1,1,0,1.0,18.0,0.004561403508771932,0.4833333333333332,0.10213596491228068,0.5495991228070175,-0.38119736842105256,0.5450377192982455,0.3408771929824561,0.3408771929824561,0.2745315789473684,0.22,0.0,1.0,2.0,1.0,0.0,0.0,0.0,0.0,0.0,0.0,,
B6ByNegPMKs,q_0.975,all,6,9,24,19,35,35,50,0,0,6,0,0,0,0,,,0.0,0.7301096491228071,0.02166491228070176,0.7589615914786968,-0.7084447368421052,0.7589615914786968,0.6557017543859649,0.6557017543859649,0.4799834586466165,0.10571428571428572,0.0,0.0,9.0,0.0,0.0,0.0,0.0,0.0,0.0,0.0,,
B6ByNegPMKs,q_0.975,1,3,6,24,19,35,35,35,0,0,3,0,0,0,0,,,0.0,0.7354385964912281,0.03552631578947369,0.7777468671679197,-0.6999122807017543,0.7777468671679197,0.6557017543859649,0.6557017543859649,0.4718195488721804,0.1714285714285714,0.0,0.0,6.0,0.0,0.0,0.0,0.0,0.0,0.0,0.0,,
B6ByNegPMKs,q_0.975,2,3,3,24,19,35,50,50,0,0,3,0,0,0,0,,,0.0,0.724780701754386,0.007803508771929825,0.7401763157894737,-0.7169771929824561,0.7401763157894737,0.6557017543859649,0.6557017543859649,0.48814736842105266,0.04,0.0,0.0,3.0,0.0,0.0,0.0,0.0,0.0,0.0,0.0,,
S9hNv5qa7GM,ospa30_t6,all,2,2,20,15,52,50,50,0,0,2,1,1,1,1,1.0,2.0,0.21066666666666667,0.9966666666666666,0.2191133333333333,0.7633233333333331,-0.7775533333333333,0.5526566666666665,0.42633333333333334,0.42633333333333334,0.32832666666666666,0.2,0.0,0.0,2.0,1.0,1.0,1.0,0.0,0.0,0.0,0.0,,
S9hNv5qa7GM,ospa30_t6,1,2,2,20,15,52,50,50,0,0,2,1,1,1,1,1.0,2.0,0.21066666666666667,0.9966666666666666,0.2191133333333333,0.7633233333333331,-0.7775533333333333,0.5526566666666665,0.42633333333333334,0.42633333333333334,0.32832666666666666,0.2,0.0,0.0,2.0,1.0,1.0,1.0,0.0,0.0,0.0,0.0,,
S9hNv5qa7GM,q_0.800,all,2,2,20,15,52,50,50,0,0,2,1,1,1,1,1.0,2.0,0.07166666666666668,0.7733333333333334,0.21424333333333337,0.6876866666666668,-0.5590900000000001,0.6160200000000002,0.38416666666666666,0.38416666666666666,0.23996,0.2,0.0,0.0,2.0,1.0,1.0,1.0,0.0,0.0,0.0,0.0,,
S9hNv5qa7GM,q_0.800,1,2,2,20,15,52,50,50,0,0,2,1,1,1,1,1.0,2.0,0.07166666666666668,0.7733333333333334,0.21424333333333337,0.6876866666666668,-0.5590900000000001,0.6160200000000002,0.38416666666666666,0.38416666666666666,0.23996,0.2,0.0,0.0,2.0,1.0,1.0,1.0,0.0,0.0,0.0,0.0,,
S9hNv5qa7GM,q_0.850,all,2,2,20,15,52,50,50,0,0,2,1,1,1,1,1.0,2.0,0.07166666666666668,0.7733333333333334,0.21679333333333334,0.6903800000000002,-0.55654,0.6187133333333336,0.38416666666666666,0.38416666666666666,0.23961333333333332,0.2,0.0,0.0,2.0,1.0,1.0,1.0,0.0,0.0,0.0,0.0,,
S9hNv5qa7GM,q_0.850,1,2,2,20,15,52,50,50,0,0,2,1,1,1,1,1.0,2.0,0.07166666666666668,0.7733333333333334,0.21679333333333334,0.6903800000000002,-0.55654,0.6187133333333336,0.38416666666666666,0.38416666666666666,0.23961333333333332,0.2,0.0,0.0,2.0,1.0,1.0,1.0,0.0,0.0,0.0,0.0,,
S9hNv5qa7GM,q_0.900,all,2,2,20,15,52,50,50,0,0,2,1,1,1,1,1.0,2.0,0.07166666666666668,0.7733333333333334,0.21212666666666666,0.7044466666666667,-0.5612066666666667,0.63278,0.38416666666666666,0.38416666666666666,0.26488666666666666,0.2,0.0,0.0,2.0,1.0,1.0,1.0,0.0,0.0,0.0,0.0,,
S9hNv5qa7GM,q_0.900,1,2,2,20,15,52,50,50,0,0,2,1,1,1,1,1.0,2.0,0.07166666666666668,0.7733333333333334,0.21212666666666666,0.7044466666666667,-0.5612066666666667,0.63278,0.38416666666666666,0.38416666666666666,0.26488666666666666,0.2,0.0,0.0,2.0,1.0,1.0,1.0,0.0,0.0,0.0,0.0,,
S9hNv5qa7GM,q_0.925,all,2,2,20,15,52,50,50,0,0,2,1,1,1,1,1.0,2.0,0.11333333333333331,0.8196666666666665,0.20064666666666664,0.7126599999999998,-0.6190199999999999,0.5993266666666666,0.3865,0.3865,0.29567333333333334,0.24,0.0,0.0,2.0,1.0,1.0,1.0,0.0,0.0,0.0,0.0,,
S9hNv5qa7GM,q_0.925,1,2,2,20,15,52,50,50,0,0,2,1,1,1,1,1.0,2.0,0.11333333333333331,0.8196666666666665,0.20064666666666664,0.7126599999999998,-0.6190199999999999,0.5993266666666666,0.3865,0.3865,0.29567333333333334,0.24,0.0,0.0,2.0,1.0,1.0,1.0,0.0,0.0,0.0,0.0,,
S9hNv5qa7GM,q_0.950,all,2,2,20,15,52,50,50,0,0,2,1,1,1,1,1.0,2.0,0.14100000000000001,0.8673333333333333,0.19722666666666663,0.7268499999999998,-0.6701066666666666,0.5858499999999998,0.39649999999999996,0.39649999999999996,0.3185866666666667,0.24,0.0,0.0,2.0,1.0,1.0,1.0,0.0,0.0,0.0,0.0,,
S9hNv5qa7GM,q_0.950,1,2,2,20,15,52,50,50,0,0,2,1,1,1,1,1.0,2.0,0.14100000000000001,0.8673333333333333,0.19722666666666663,0.7268499999999998,-0.6701066666666666,0.5858499999999998,0.39649999999999996,0.39649999999999996,0.3185866666666667,0.24,0.0,0.0,2.0,1.0,1.0,1.0,0.0,0.0,0.0,0.0,,
S9hNv5qa7GM,q_0.975,all,2,2,20,15,52,50,50,0,0,2,1,1,1,1,1.0,2.0,0.054000000000000006,0.999,0.15495666666666658,0.8444666666666667,-0.8440433333333335,0.7904666666666667,0.5058333333333334,0.5058333333333334,0.4788933333333333,0.12,0.0,0.0,2.0,1.0,1.0,1.0,0.0,0.0,0.0,0.0,,
S9hNv5qa7GM,q_0.975,1,2,2,20,15,52,50,50,0,0,2,1,1,1,1,1.0,2.0,0.054000000000000006,0.999,0.15495666666666658,0.8444666666666667,-0.8440433333333335,0.7904666666666667,0.5058333333333334,0.5058333333333334,0.4788933333333333,0.12,0.0,0.0,2.0,1.0,1.0,1.0,0.0,0.0,0.0,0.0,,
UwV83HsGsw3,ospa30_t6,all,62,186,23,18,44,44,50,1,61,0,1,1,1,0,0.0,8.0,0.16949549482277976,0.5261963112305854,0.18374578586039608,0.6183824153044785,-0.3424505253701894,0.44888692048169865,0.2657870370370371,0.2657870370370371,0.32709159701857277,0.054838709677419356,31.0,155.0,0.0,31.0,31.0,0.0,0.0,0.0,110.0,490.0,,4.454545454545454
UwV83HsGsw3,ospa30_t6,1,6,30,23,18,44,44,44,1,5,0,1,1,1,0,0.0,8.0,0.19620370370370369,0.5609814814814814,0.21960963804713804,0.6390361952861953,-0.3413718434343435,0.44283249158249166,0.26578703703703704,0.26578703703703704,0.3131502525252525,0.25,5.0,25.0,0.0,5.0,5.0,0.0,0.0,0.0,55.0,155.0,,2.8181818181818183
UwV83HsGsw3,ospa30_t6,2,15,60,23,18,44,50,50,0,15,0,0,0,0,0,,,0.1749467592592593,0.5359583333333333,0.18603379629629632,0.6197046296296295,-0.349924537037037,0.4447578703703704,0.265787037037037,0.26578703703703704,0.3254000000000001,0.08,10.0,50.0,0.0,10.0,10.0,0.0,0.0,0.0,40.0,220.0,,5.5
UwV83HsGsw3,ospa30_t6,3,20,60,23,18,44,50,50,0,20,0,0,0,0,0,,,0.16693672839506174,0.5209675925925925,0.1736697530864198,0.6078996913580248,-0.3472978395061729,0.4409629629629631,0.265787037037037,0.265787037037037,0.32771666666666666,0.020000000000000004,10.0,50.0,0.0,10.0,10.0,0.0,0.0,0.0,10.0,100.0,,10.0
UwV83HsGsw3,ospa30_t6,4,15,30,23,18,44,50,50,0,15,0,0,0,0,0,,,0.16162268518518522,0.5150925925925927,0.1805555555555556,0.6239377314814814,-0.33453703703703697,0.4623150462962962,0.26578703703703704,0.26578703703703704,0.33645138888888876,0.02,5.0,25.0,0.0,5.0,5.0,0.0,0.0,0.0,5.0,15.0,,3.0
UwV83HsGsw3,ospa30_t6,5,6,6,23,18,44,50,50,0,6,0,0,0,0,0,,,0.15737037037037035,0.5121944444444444,0.18372425925925925,0.6154772222222222,-0.32847018518518517,0.4581068518518519,0.265787037037037,0.26578703703703704,0.3197788888888889,0.0,1.0,5.0,0.0,1.0,1.0,0.0,0.0,0.0,0.0,0.0,,
UwV83HsGsw3,q_0.800,all,62,186,23,18,44,44,50,2,36,24,2,2,2,0,0.0,11.0,0.09930161041417761,0.6208039376742335,0.14707672124470503,0.5619740947105464,-0.4737272164295283,0.4626724842963686,0.36995370370370373,0.3699537037037037,0.2118673302921691,0.16806451612903228,31.0,93.0,62.0,31.0,31.0,0.0,0.0,0.0,296.0,1497.0,,5.0574324324324325
UwV83HsGsw3,q_0.800,1,6,30,23,18,44,44,44,1,3,2,1,1,1,0,0.0,5.0,0.1412037037037037,0.6747777777777779,0.19995686026936024,0.6156123737373737,-0.47482091750841765,0.47440867003367004,0.3699537037037037,0.36995370370370373,0.19606691919191918,0.25,5.0,15.0,10.0,5.0,5.0,0.0,0.0,0.0,55.0,125.0,,2.272727272727273
UwV83HsGsw3,q_0.800,2,15,60,23,18,44,50,50,1,9,5,1,1,1,0,0.0,17.0,0.10696990740740743,0.6324930555555556,0.16151759259259257,0.579286574074074,-0.47097546296296294,0.4723166666666666,0.3699537037037037,0.36995370370370373,0.20526388888888897,0.29999999999999993,10.0,30.0,20.0,10.0,10.0,0.0,0.0,0.0,150.0,770.0,,5.133333333333334
UwV83HsGsw3,q_0.800,3,20,60,23,18,44,50,50,0,10,10,0,0,0,0,,,0.0939367283950617,0.6148734567901234,0.13580555555555554,0.5436120370370369,-0.4790679012345679,0.44967530864197525,0.3699537037037037,0.3699537037037037,0.21024814814814813,0.14000000000000004,10.0,30.0,20.0,10.0,10.0,0.0,0.0,0.0,70.0,450.0,,6.428571428571429
UwV83HsGsw3,q_0.800,4,15,30,23,18,44,50,50,0,10,5,0,0,0,0,,,0.08776851851851854,0.6049467592592592,0.13222870370370368,0.5571023148148148,-0.47271805555555557,0.4693337962962963,0.36995370370370373,0.36995370370370373,0.2308305555555555,0.060000000000000026,5.0,15.0,10.0,5.0,5.0,0.0,0.0,0.0,15.0,90.0,,6.0
UwV83HsGsw3,q_0.800,5,6,6,23,18,44,50,50,0,4,2,0,0,0,0,,,0.08494444444444445,0.5970185185185185,0.132785,0.5384409259259259,-0.46423351851851863,0.4534964814814815,0.3699537037037037,0.3699537037037037,0.20216555555555557,0.12,1.0,3.0,2.0,1.0,1.0,0.0,0.0,0.0,6.0,62.0,,10.333333333333334
UwV83HsGsw3,q_0.850,all,62,186,23,18,44,44,50,2,37,23,2,2,2,0,0.0,11.0,0.09840959776981283,0.6270930655117481,0.14587234024836176,0.5627270939909851,-0.4812207252633866,0.46431749622117224,0.3749537037037036,0.3749537037037037,0.21186908439231023,0.15967741935483876,31.0,93.0,62.0,31.0,31.0,0.0,0.0,0.0,285.0,1461.0,,5.126315789473685
UwV83HsGsw3,q_0.850,1,6,30,23,18,44,44,44,1,3,2,1,1,1,0,0.0,5.0,0.14003703703703704,0.6819444444444445,0.19813867845117847,0.6173705808080808,-0.48380576599326597,0.4773335437710438,0.3749537037037036,0.3749537037037037,0.19617424242424242,0.25,5.0,15.0,10.0,5.0,5.0,0.0,0.0,0.0,55.0,125.0,,2.272727272727273
UwV83HsGsw3,q_0.850,2,15,60,23,18,44,50,50,1,9,5,1,1,1,0,0.0,17.0,0.10630092592592594,0.6391203703703705,0.16011898148148151,0.5807541666666667,-0.47900138888888893,0.47445324074074074,0.3749537037037036,0.3749537037037037,0.20568888888888895,0.29999999999999993,10.0,30.0,20.0,10.0,10.0,0.0,0.0,0.0,150.0,810.0,,5.4
UwV83HsGsw3,q_0.850,3,20,60,23,18,44,50,50,0,10,10,0,0,0,0,,,0.09303086419753087,0.6211975308641975,0.13458179012345678,0.5437212962962963,-0.48661574074074065,0.45069043209876547,0.37495370370370373,0.37495370370370373,0.2099222222222222,0.12000000000000002,10.0,30.0,20.0,10.0,10.0,0.0,0.0,0.0,60.0,380.0,,6.333333333333333
UwV83HsGsw3,q_0.850,4,15,30,23,18,44,50,50,0,11,4,0,0,0,0,,,0.08675462962962961,0.6106712962962964,0.1314486111111111,0.5581780092592593,-0.4792226851851851,0.47142337962962966,0.3749537037037037,0.3749537037037037,0.2309666666666667,0.060000000000000026,5.0,15.0,10.0,5.0,5.0,0.0,0.0,0.0,15.0,95.0,,6.333333333333333
UwV83HsGsw3,q_0.850,5,6,6,23,18,44,50,50,0,4,2,0,0,0,0,,,0.08412037037037035,0.6028796296296296,0.1316838888888889,0.5377412962962963,-0.4711957407407408,0.453620925925926,0.3749537037037037,0.3749537037037037,0.20175999999999997,0.09999999999999999,1.0,3.0,2.0,1.0,1.0,0.0,0.0,0.0,5.0,51.0,,10.2
UwV83HsGsw3,q_0.900,all,62,186,23,18,44,44,50,1,50,11,1,1,1,0,0.0,5.0,0.10856248755475904,0.679078629032258,0.15317017991292858,0.6041910119338546,-0.5259084491193297,0.4956285243790956,0.41319444444444436,0.4131944444444444,0.23116934669273378,0.1467155425219942,31.0,93.0,62.0,31.0,31.0,0.0,0.0,0.0,268.0,1516.0,,5.656716417910448
UwV83HsGsw3,q_0.900,1,6,30,23,18,44,44,44,1,3,2,1,1,1,0,0.0,5.0,0.14603703703703702,0.7454629629629629,0.19075021043771043,0.655133627946128,-0.5547127525252525,0.5090965909090909,0.41319444444444436,0.4131944444444444,0.22149621212121215,0.2727272727272727,5.0,15.0,10.0,5.0,5.0,0.0,0.0,0.0,60.0,170.0,,2.8333333333333335
UwV83HsGsw3,q_0.900,2,15,60,23,18,44,50,50,0,12,3,0,0,0,0,,,0.11307638888888889,0.6960578703703705,0.16176944444444447,0.6183203703703704,-0.534288425925926,0.5052439814814815,0.4131944444444445,0.4131944444444444,0.22599166666666673,0.28000000000000014,10.0,30.0,20.0,10.0,10.0,0.0,0.0,0.0,140.0,900.0,,6.428571428571429
UwV83HsGsw3,q_0.900,3,20,60,23,18,44,50,50,0,16,4,0,0,0,0,,,0.1033503086419753,0.6717222222222223,0.14646543209876545,0.5879444444444444,-0.5252567901234568,0.4845941358024691,0.4131944444444445,0.4131944444444445,0.22822777777777778,0.10000000000000002,10.0,30.0,20.0,10.0,10.0,0.0,0.0,0.0,50.0,280.0,,5.6
UwV83HsGsw3,q_0.900,4,15,30,23,18,44,50,50,0,13,2,0,0,0,0,,,0.09990740740740742,0.6578819444444444,0.1410400462962963,0.6026627314814815,-0.5168418981481481,0.5027553240740741,0.4131944444444444,0.4131944444444445,0.25239722222222216,0.060000000000000026,5.0,15.0,10.0,5.0,5.0,0.0,0.0,0.0,15.0,135.0,,9.0
UwV83HsGsw3,q_0.900,5,6,6,23,18,44,50,50,0,6,0,0,0,0,0,,,0.09881481481481481,0.6477592592592593,0.14676648148148147,0.575900925925926,-0.5009927777777778,0.47708611111111127,0.4131944444444444,0.4131944444444444,0.2105222222222222,0.06,1.0,3.0,2.0,1.0,1.0,0.0,0.0,0.0,3.0,31.0,,10.333333333333334
UwV83HsGsw3,q_0.925,all,62,186,23,18,44,44,50,1,10,51,1,1,1,0,0.0,5.0,0.04824717493030665,0.7331147575667065,0.08453986955124726,0.628213514422903,-0.6485748880154592,0.5799663394925962,0.5327777777777778,0.5327777777777778,0.2616220863201911,0.12498533724340177,31.0,31.0,124.0,31.0,31.0,0.0,0.0,0.0,242.0,1249.0,,5.161157024793388
UwV83HsGsw3,q_0.925,1,6,30,23,18,44,44,44,1,1,4,1,1,1,0,0.0,5.0,0.07775925925925926,0.7686666666666667,0.12759154040404044,0.6917655723905721,-0.6410751262626262,0.614006313131313,0.5327777777777778,0.5327777777777778,0.2428472222222222,0.3181818181818182,5.0,5.0,20.0,5.0,5.0,0.0,0.0,0.0,70.0,195.0,,2.7857142857142856
UwV83HsGsw3,q_0.925,2,15,60,23,18,44,50,50,0,5,10,0,0,0,0,,,0.050173611111111106,0.7453634259259257,0.09189212962962962,0.6498814814814816,-0.6534712962962962,0.5997078703703704,0.5327777777777778,0.5327777777777778,0.25876944444444444,0.28000000000000014,10.0,10.0,40.0,10.0,10.0,0.0,0.0,0.0,140.0,820.0,,5.857142857142857
UwV83HsGsw3,q_0.925,3,20,60,23,18,44,50,50,0,4,16,0,0,0,0,,,0.044256172839506176,0.7307623456790122,0.07534043209876543,0.6089771604938272,-0.6554219135802468,0.564720987654321,0.5327777777777778,0.5327777777777778,0.26585925925925924,0.04000000000000001,10.0,10.0,40.0,10.0,10.0,0.0,0.0,0.0,20.0,150.0,,7.5
UwV83HsGsw3,q_0.925,4,15,30,23,18,44,50,50,0,0,15,0,0,0,0,,,0.04253240740740741,0.7190648148148148,0.0768201388888889,0.6214409722222224,-0.6422446759259259,0.578908564814815,0.5327777777777778,0.5327777777777777,0.27564305555555546,0.04,5.0,5.0,20.0,5.0,5.0,0.0,0.0,0.0,10.0,60.0,,6.0
UwV83HsGsw3,q_0.925,5,6,6,23,18,44,50,50,0,0,6,0,0,0,0,,,0.04150925925925925,0.7099074074074073,0.07307166666666666,0.5915440740740742,-0.6368357407407408,0.5500348148148149,0.5327777777777777,0.5327777777777778,0.23835222222222222,0.04,1.0,1.0,4.0,1.0,1.0,0.0,0.0,0.0,2.0,24.0,,12.0
UwV83HsGsw3,q_0.950,all,62,186,23,18,44,44,50,1,46,15,1,1,1,0,0.0,8.0,0.07718640481879728,0.6888499601752289,0.10599442634227581,0.6324611872759857,-0.5828555338329532,0.5552747824571885,0.4595833333333333,0.4595833333333334,0.2899571227055501,0.11208211143695015,31.0,93.0,62.0,31.0,31.0,0.0,0.0,0.0,212.0,968.0,,4.566037735849057
UwV83HsGsw3,q_0.950,1,6,30,23,18,44,44,44,1,3,2,1,1,1,0,0.0,8.0,0.10575925925925926,0.7458518518518518,0.15095223063973062,0.6781018518518517,-0.5948996212121213,0.5723425925925926,0.4595833333333333,0.4595833333333333,0.2729419191919193,0.3181818181818182,5.0,15.0,10.0,5.0,5.0,0.0,0.0,0.0,70.0,260.0,,3.7142857142857144
UwV83HsGsw3,q_0.950,2,15,60,23,18,44,50,50,0,10,5,0,0,0,0,,,0.0760925925925926,0.705287037037037,0.11535648148148146,0.6406296296296297,-0.5899305555555555,0.5645370370370373,0.4595833333333334,0.4595833333333334,0.2770722222222223,0.20000000000000007,10.0,30.0,20.0,10.0,10.0,0.0,0.0,0.0,100.0,420.0,,4.2
UwV83HsGsw3,q_0.950,3,20,60,23,18,44,50,50,0,15,5,0,0,0,0,,,0.07366049382716051,0.6828209876543211,0.09594969135802468,0.6198555555555555,-0.5868712962962964,0.546195061728395,0.45958333333333334,0.4595833333333334,0.2926296296296297,0.06000000000000001,10.0,30.0,20.0,10.0,10.0,0.0,0.0,0.0,30.0,210.0,,7.0
UwV83HsGsw3,q_0.950,4,15,30,23,18,44,50,50,0,13,2,0,0,0,0,,,0.07324537037037038,0.6690277777777778,0.09609814814814814,0.6312930555555554,-0.5729296296296297,0.5580476851851851,0.45958333333333334,0.45958333333333345,0.3100013888888889,0.04,5.0,15.0,10.0,5.0,5.0,0.0,0.0,0.0,10.0,60.0,,6.0
UwV83HsGsw3,q_0.950,5,6,6,23,18,44,50,50,0,5,1,0,0,0,0,,,0.0729537037037037,0.6604074074074074,0.09585462962962965,0.6113385185185184,-0.5645527777777777,0.5383848148148148,0.45958333333333323,0.45958333333333323,0.2801655555555556,0.04,1.0,3.0,2.0,1.0,1.0,0.0,0.0,0.0,2.0,18.0,,9.0
UwV83HsGsw3,q_0.975,all,62,186,23,18,44,44,50,1,47,14,1,1,1,0,0.0,8.0,0.09908807497013143,0.6925464456391877,0.08629357520093407,0.7261649409869303,-0.6062528704382537,0.627076866016799,0.43939814814814815,0.43939814814814815,0.49083848864994034,0.029912023460410556,31.0,62.0,93.0,31.0,31.0,0.0,0.0,0.0,60.0,295.0,,4.916666666666667
UwV83HsGsw3,q_0.975,1,6,30,23,18,44,44,44,1,2,3,1,1,1,0,0.0,8.0,0.12151851851851853,0.7485370370370371,0.1168834175084175,0.7439225589225588,-0.6316536195286196,0.6224040404040403,0.43939814814814815,0.43939814814814815,0.4608333333333334,0.1590909090909091,5.0,10.0,15.0,5.0,5.0,0.0,0.0,0.0,35.0,100.0,,2.857142857142857
UwV83HsGsw3,q_0.975,2,15,60,23,18,44,50,50,0,9,6,0,0,0,0,,,0.10061805555555556,0.708125,0.08790138888888888,0.7368217592592591,-0.6202236111111111,0.6362037037037037,0.43939814814814804,0.4393981481481482,0.4938861111111112,0.04,10.0,20.0,30.0,10.0,10.0,0.0,0.0,0.0,20.0,180.0,,9.0
UwV83HsGsw3,q_0.975,3,20,60,23,18,44,50,50,0,16,4,0,0,0,0,,,0.09618518518518518,0.6858703703703705,0.08002037037037038,0.7166104938271606,-0.60585,0.6204253086419756,0.43939814814814815,0.43939814814814815,0.49366481481481495,0.0,10.0,20.0,30.0,10.0,10.0,0.0,0.0,0.0,0.0,0.0,,
UwV83HsGsw3,q_0.975,4,15,30,23,18,44,50,50,0,14,1,0,0,0,0,,,0.09464351851851854,0.6738842592592591,0.08297708333333334,0.7249467592592592,-0.5909071759259259,0.6303032407407407,0.4393981481481481,0.4393981481481481,0.49714166666666676,0.02,5.0,10.0,15.0,5.0,5.0,0.0,0.0,0.0,5.0,15.0,,3.0
UwV83HsGsw3,q_0.975,5,6,6,23,18,44,50,50,0,6,0,0,0,0,0,,,0.09362037037037037,0.6665185185185186,0.08088611111111112,0.7166588888888888,-0.5856324074074074,0.6230385185185184,0.43939814814814815,0.43939814814814815,0.48804555555555557,0.0,1.0,2.0,3.0,1.0,1.0,0.0,0.0,0.0,0.0,0.0,,
b8cTxDM8gDG,ospa30_t6,all,2,2,24,19,36,36,36,0,1,1,0,0,0,0,,,0.1826315789473684,0.9339473684210526,0.1495285087719298,0.7122441520467837,-0.7844188596491228,0.5296125730994153,0.4311842105263158,0.4311842105263158,0.31446637426900587,0.25,0.0,1.0,1.0,0.0,0.0,0.0,0.0,0.0,0.0,0.0,,
b8cTxDM8gDG,ospa30_t6,1,2,2,24,19,36,36,36,0,1,1,0,0,0,0,,,0.1826315789473684,0.9339473684210526,0.1495285087719298,0.7122441520467837,-0.7844188596491228,0.5296125730994153,0.4311842105263158,0.4311842105263158,0.31446637426900587,0.25,0.0,1.0,1.0,0.0,0.0,0.0,0.0,0.0,0.0,0.0,,
b8cTxDM8gDG,q_0.800,all,2,2,24,19,36,36,36,0,1,1,0,0,0,0,,,0.19921052631578948,0.8328947368421052,0.18448464912280702,0.6556907894736843,-0.6484100877192982,0.45648026315789475,0.38842105263157894,0.38842105263157894,0.24749269005847951,0.25,0.0,1.0,1.0,0.0,0.0,0.0,0.0,0.0,0.0,0.0,,
b8cTxDM8gDG,q_0.800,1,2,2,24,19,36,36,36,0,1,1,0,0,0,0,,,0.19921052631578948,0.8328947368421052,0.18448464912280702,0.6556907894736843,-0.6484100877192982,0.45648026315789475,0.38842105263157894,0.38842105263157894,0.24749269005847951,0.25,0.0,1.0,1.0,0.0,0.0,0.0,0.0,0.0,0.0,0.0,,
b8cTxDM8gDG,q_0.850,all,2,2,24,19,36,36,36,0,1,1,0,0,0,0,,,0.18473684210526314,0.8655263157894737,0.18415935672514622,0.6678508771929825,-0.6813669590643274,0.48311403508771933,0.40263157894736845,0.40263157894736845,0.2472514619883041,0.25,0.0,1.0,1.0,0.0,0.0,0.0,0.0,0.0,0.0,0.0,,
b8cTxDM8gDG,q_0.850,1,2,2,24,19,36,36,36,0,1,1,0,0,0,0,,,0.18473684210526314,0.8655263157894737,0.18415935672514622,0.6678508771929825,-0.6813669590643274,0.48311403508771933,0.40263157894736845,0.40263157894736845,0.2472514619883041,0.25,0.0,1.0,1.0,0.0,0.0,0.0,0.0,0.0,0.0,0.0,,
b8cTxDM8gDG,q_0.900,all,2,2,24,19,36,36,36,0,0,2,0,0,0,0,,,0.010789473684210524,1.0,0.06224049707602339,0.7803252923976609,-0.9377595029239766,0.7695358187134504,0.7081578947368421,0.7081578947368421,0.2680921052631579,0.2777777777777778,0.0,0.0,2.0,0.0,0.0,0.0,0.0,0.0,0.0,0.0,,
b8cTxDM8gDG,q_0.900,1,2,2,24,19,36,36,36,0,0,2,0,0,0,0,,,0.010789473684210524,1.0,0.06224049707602339,0.7803252923976609,-0.9377595029239766,0.7695358187134504,0.7081578947368421,0.7081578947368421,0.2680921052631579,0.2777777777777778,0.0,0.0,2.0,0.0,0.0,0.0,0.0,0.0,0.0,0.0,,
b8cTxDM8gDG,q_0.925,all,2,2,24,19,36,36,36,0,1,1,0,0,0,0,,,0.20447368421052634,1.0,0.1955263157894737,0.7474086257309942,-0.8044736842105263,0.5429349415204678,0.43144736842105263,0.43144736842105263,0.2945906432748538,0.3611111111111111,0.0,1.0,1.0,0.0,0.0,0.0,0.0,0.0,0.0,0.0,,
b8cTxDM8gDG,q_0.925,1,2,2,24,19,36,36,36,0,1,1,0,0,0,0,,,0.20447368421052634,1.0,0.1955263157894737,0.7474086257309942,-0.8044736842105263,0.5429349415204678,0.43144736842105263,0.43144736842105263,0.2945906432748538,0.3611111111111111,0.0,1.0,1.0,0.0,0.0,0.0,0.0,0.0,0.0,0.0,,
b8cTxDM8gDG,q_0.950,all,2,2,24,19,36,36,36,0,0,2,0,0,0,0,,,0.065,1.0,0.1055921052631579,0.7614875730994151,-0.8944078947368421,0.6964875730994151,0.5968421052631578,0.5968421052631578,0.2810672514619883,0.3333333333333333,0.0,0.0,2.0,0.0,0.0,0.0,0.0,0.0,0.0,0.0,,
b8cTxDM8gDG,q_0.950,1,2,2,24,19,36,36,36,0,0,2,0,0,0,0,,,0.065,1.0,0.1055921052631579,0.7614875730994151,-0.8944078947368421,0.6964875730994151,0.5968421052631578,0.5968421052631578,0.2810672514619883,0.3333333333333333,0.0,0.0,2.0,0.0,0.0,0.0,0.0,0.0,0.0,0.0,,
b8cTxDM8gDG,q_0.975,all,2,2,24,19,36,36,36,0,0,2,0,0,0,0,,,0.0,0.9973684210526316,0.039320175438596484,0.8474780701754385,-0.9580482456140351,0.8474780701754385,0.7160526315789474,0.7160526315789474,0.4735745614035088,0.16666666666666666,0.0,0.0,2.0,0.0,0.0,0.0,0.0,0.0,0.0,0.0,,
b8cTxDM8gDG,q_0.975,1,2,2,24,19,36,36,36,0,0,2,0,0,0,0,,,0.0,0.9973684210526316,0.039320175438596484,0.8474780701754385,-0.9580482456140351,0.8474780701754385,0.7160526315789474,0.7160526315789474,0.4735745614035088,0.16666666666666666,0.0,0.0,2.0,0.0,0.0,0.0,0.0,0.0,0.0,0.0,,
q9vSo1VnCiC,ospa30_t6,all,30,75,24,19,33,33,50,3,17,10,3,3,3,0,0.0,6.0,0.16048976608187135,0.6637441520467837,0.14649432349813926,0.6102011895268472,-0.5172498285486443,0.44971142344497594,0.31689473684210523,0.31689473684210523,0.32103119351408826,0.07535353535353535,30.0,30.0,15.0,30.0,30.0,0.0,2.0,4.0,120.0,652.0,2.0,5.433333333333334
q9vSo1VnCiC,ospa30_t6,1,5,20,24,19,33,33,33,2,2,1,2,2,2,0,0.0,6.0,0.2126578947368421,0.703921052631579,0.18451515151515152,0.6557224880382775,-0.5194059011164274,0.4430645933014354,0.31689473684210523,0.31689473684210523,0.3211722488038278,0.2121212121212121,8.0,8.0,4.0,8.0,8.0,0.0,2.0,4.0,56.0,152.0,2.0,2.7142857142857144
q9vSo1VnCiC,ospa30_t6,2,10,30,24,19,33,50,50,1,7,2,1,1,1,0,0.0,6.0,0.16134649122807018,0.662969298245614,0.13783210526315787,0.6031984210526314,-0.5251371929824562,0.44185192982456123,0.3168947368421053,0.31689473684210523,0.3243263157894737,0.07999999999999999,12.0,12.0,6.0,12.0,12.0,0.0,0.0,0.0,48.0,396.0,,8.25
q9vSo1VnCiC,ospa30_t6,3,10,20,24,19,33,50,50,0,5,5,0,0,0,0,,,0.14546491228070177,0.6524473684210526,0.13562526315789472,0.6007014035087719,-0.516822105263158,0.45523649122807014,0.3168947368421053,0.3168947368421053,0.32156666666666667,0.039999999999999994,8.0,8.0,4.0,8.0,8.0,0.0,0.0,0.0,16.0,104.0,,6.5
q9vSo1VnCiC,ospa30_t6,4,5,5,24,19,33,50,50,0,3,2,0,0,0,0,,,0.13665789473684212,0.6477105263157894,0.14753605263157893,0.597685,-0.5001744736842104,0.46102710526315793,0.31689473684210523,0.31689473684210523,0.31322894736842105,0.0,2.0,2.0,1.0,2.0,2.0,0.0,0.0,0.0,0.0,0.0,,
q9vSo1VnCiC,q_0.800,all,30,75,24,19,33,33,50,8,20,2,10,10,10,2,0.2,9.7,0.3876732456140351,0.4986308479532163,0.2387141772993089,0.5156484795321636,-0.25991667065390744,0.12797523391812865,0.08626315789473685,0.08626315789473685,0.2731582270069113,0.13373737373737377,15.0,45.0,15.0,30.0,30.0,15.0,2.0,15.0,102.0,457.0,7.5,4.480392156862745
q9vSo1VnCiC,q_0.800,1,5,20,24,19,33,33,33,1,3,1,2,2,2,1,0.5,3.5,0.4473684210526315,0.5545,0.2752344497607656,0.5508245614035088,-0.27926555023923444,0.1034561403508772,0.08626315789473683,0.08626315789473685,0.2804625199362042,0.24242424242424243,4.0,12.0,4.0,8.0,8.0,4.0,0.0,0.0,32.0,100.0,,3.125
q9vSo1VnCiC,q_0.800,2,10,30,24,19,33,50,50,4,5,1,5,5,5,1,0.2,10.4,0.3877368421052632,0.4984956140350878,0.24213315789473683,0.49948736842105257,-0.2563624561403509,0.11175052631578944,0.08626315789473685,0.08626315789473685,0.2506236842105264,0.18,6.0,18.0,6.0,12.0,12.0,6.0,2.0,15.0,54.0,264.0,7.5,4.888888888888889
q9vSo1VnCiC,q_0.800,3,10,20,24,19,33,50,50,2,8,0,2,2,2,0,0.0,10.5,0.37126315789473685,0.4832587719298245,0.22384701754385966,0.5136263157894737,-0.2594117543859649,0.14236315789473686,0.08626315789473685,0.08626315789473685,0.28418947368421055,0.06000000000000001,4.0,12.0,4.0,8.0,8.0,4.0,0.0,0.0,12.0,60.0,,5.0
q9vSo1VnCiC,q_0.800,4,5,5,24,19,33,50,50,1,4,0,1,1,1,0,0.0,17.0,0.36067105263157895,0.47377631578947366,0.22509026315789474,0.5168389473684212,-0.24868605263157897,0.1561678947368422,0.08626315789473685,0.08626315789473685,0.2888605263157895,0.08,1.0,3.0,1.0,2.0,2.0,1.0,0.0,0.0,4.0,33.0,,8.25
q9vSo1VnCiC,q_0.850,all,30,75,24,19,33,33,50,8,20,2,10,10,10,2,0.2,9.7,0.3876732456140351,0.4986308479532163,0.23899647395002657,0.5161697860180755,-0.2596343740031898,0.12849654040404038,0.08626315789473685,0.08626315789473685,0.27361967703349277,0.13373737373737377,15.0,45.0,15.0,30.0,30.0,15.0,2.0,15.0,102.0,484.0,7.5,4.745098039215686
q9vSo1VnCiC,q_0.850,1,5,20,24,19,33,33,33,1,3,1,2,2,2,1,0.5,3.5,0.4473684210526315,0.5545,0.27552472089314195,0.5512838915470495,-0.27897527910685804,0.10391547049441788,0.08626315789473683,0.08626315789473685,0.2810606060606061,0.24242424242424243,4.0,12.0,4.0,8.0,8.0,4.0,0.0,0.0,32.0,100.0,,3.125
q9vSo1VnCiC,q_0.850,2,10,30,24,19,33,50,50,4,5,1,5,5,5,1,0.2,10.4,0.3877368421052632,0.4984956140350878,0.2427584210526316,0.5000536842105262,-0.2557371929824562,0.11231684210526309,0.08626315789473685,0.08626315789473685,0.2508447368421053,0.18,6.0,18.0,6.0,12.0,12.0,6.0,2.0,15.0,54.0,276.0,7.5,5.111111111111111
q9vSo1VnCiC,q_0.850,3,10,20,24,19,33,50,50,2,8,0,2,2,2,0,0.0,10.5,0.37126315789473685,0.4832587719298245,0.22391508771929827,0.5139564912280701,-0.25934368421052634,0.14269333333333328,0.08626315789473685,0.08626315789473685,0.28450175438596487,0.06000000000000001,4.0,12.0,4.0,8.0,8.0,4.0,0.0,0.0,12.0,72.0,,6.0
q9vSo1VnCiC,q_0.850,4,5,5,24,19,33,50,50,1,4,0,1,1,1,0,0.0,17.0,0.36067105263157895,0.47377631578947366,0.22510710526315786,0.5177144736842105,-0.24866921052631583,0.15704342105263164,0.08626315789473685,0.08626315789473685,0.2899644736842105,0.08,1.0,3.0,1.0,2.0,2.0,1.0,0.0,0.0,4.0,36.0,,9.0
q9vSo1VnCiC,q_0.900,all,30,75,24,19,33,33,50,4,20,6,9,9,7,0,2.111111111111111,11.777777777777779,0.33236622807017546,0.5144195906432749,0.1988527804359383,0.5335343580542263,-0.3155668102073365,0.20116812998405104,0.12331578947368421,0.12331578947368421,0.30182037480063795,0.1187878787878788,15.0,45.0,15.0,30.0,15.0,0.0,0.0,0.0,92.0,377.0,,4.0978260869565215
q9vSo1VnCiC,q_0.900,1,5,20,24,19,33,33,33,1,3,1,2,2,1,0,5.5,8.5,0.3901315789473684,0.5686578947368421,0.23615948963317385,0.5748692185007973,-0.33249840510366824,0.18473763955342898,0.12331578947368423,0.1233157894736842,0.3166985645933014,0.2727272727272727,4.0,12.0,4.0,8.0,4.0,0.0,0.0,0.0,36.0,136.0,,3.7777777777777777
q9vSo1VnCiC,q_0.900,2,10,30,24,19,33,50,50,2,5,3,4,4,3,0,1.25,12.0,0.3328245614035088,0.5141008771929825,0.20210421052631572,0.5168810526315789,-0.31199666666666676,0.18405649122807013,0.1233157894736842,0.12331578947368423,0.27946052631578944,0.14000000000000004,6.0,18.0,6.0,12.0,6.0,0.0,0.0,0.0,42.0,168.0,,4.0
q9vSo1VnCiC,q_0.900,3,10,20,24,19,33,50,50,0,8,2,2,2,2,0,1.5,12.0,0.3157543859649123,0.4994868421052631,0.18810385964912285,0.5253722807017545,-0.3113829824561403,0.20961789473684211,0.12331578947368423,0.12331578947368423,0.30126842105263163,0.06000000000000001,4.0,12.0,4.0,8.0,4.0,0.0,0.0,0.0,12.0,60.0,,5.0
q9vSo1VnCiC,q_0.900,4,5,5,24,19,33,50,50,1,4,0,1,1,1,0,0.0,17.0,0.3069078947368421,0.4906842105263157,0.17654105263157893,0.5418302631578946,-0.3141431578947368,0.23492236842105257,0.1233157894736842,0.1233157894736842,0.3327657894736843,0.04,1.0,3.0,1.0,2.0,1.0,0.0,0.0,0.0,2.0,13.0,,6.5
q9vSo1VnCiC,q_0.925,all,30,75,24,19,33,33,50,3,26,1,3,3,3,0,0.0,5.0,0.3248245614035088,0.565593567251462,0.19718137958532692,0.566055308346624,-0.3684121876661351,0.2412307469431153,0.15794736842105264,0.15794736842105267,0.3139673112706008,0.12555555555555556,30.0,45.0,0.0,30.0,30.0,0.0,2.0,0.0,198.0,784.0,0.0,3.95959595959596
q9vSo1VnCiC,q_0.925,1,5,20,24,19,33,33,33,2,3,0,2,2,2,0,0.0,5.0,0.37744736842105264,0.6132105263157894,0.23695055821371613,0.5979920255183412,-0.3762599681020733,0.2205446570972886,0.15794736842105264,0.15794736842105261,0.3235885167464115,0.3333333333333333,8.0,12.0,0.0,8.0,8.0,0.0,2.0,0.0,88.0,312.0,0.0,3.5454545454545454
q9vSo1VnCiC,q_0.925,2,10,30,24,19,33,50,50,1,9,0,1,1,1,0,0.0,5.0,0.32474122807017547,0.5645219298245614,0.19645947368421052,0.5561478947368421,-0.36806245614035094,0.23140666666666662,0.15794736842105264,0.15794736842105267,0.2975447368421053,0.14000000000000004,12.0,18.0,0.0,12.0,12.0,0.0,0.0,0.0,84.0,348.0,,4.142857142857143
q9vSo1VnCiC,q_0.925,3,10,20,24,19,33,50,50,0,9,1,0,0,0,0,,,0.310890350877193,0.5531666666666666,0.18641543859649123,0.5601228070175438,-0.3667512280701755,0.24923245614035094,0.15794736842105261,0.15794736842105264,0.31351754385964903,0.06000000000000001,8.0,12.0,0.0,8.0,8.0,0.0,0.0,0.0,24.0,120.0,,5.0
q9vSo1VnCiC,q_0.925,4,5,5,24,19,33,50,50,0,5,0,0,0,0,0,,,0.30023684210526314,0.5449736842105263,0.1803878947368421,0.5657984210526317,-0.36458578947368414,0.2655615789473685,0.15794736842105261,0.15794736842105264,0.33809078947368426,0.02,2.0,3.0,0.0,2.0,2.0,0.0,0.0,0.0,2.0,4.0,,2.0
q9vSo1VnCiC,q_0.950,all,30,75,24,19,33,33,50,5,17,8,5,5,5,0,0.0,8.4,0.2941615497076024,0.5566242690058479,0.19159571504518869,0.5582494869750133,-0.36502855396065925,0.264087937267411,0.16957894736842102,0.16957894736842105,0.3099928229665073,0.12383838383838384,30.0,30.0,15.0,30.0,30.0,0.0,2.0,0.0,192.0,852.0,0.0,4.4375
q9vSo1VnCiC,q_0.950,1,5,20,24,19,33,33,33,2,2,1,2,2,2,0,0.0,5.0,0.3444736842105263,0.5998421052631577,0.22892025518341308,0.5930079744816587,-0.37092185007974476,0.24853429027113227,0.16957894736842105,0.16957894736842105,0.31709728867623604,0.30303030303030304,8.0,8.0,4.0,8.0,8.0,0.0,2.0,0.0,80.0,352.0,0.0,4.4
q9vSo1VnCiC,q_0.950,2,10,30,24,19,33,50,50,1,7,2,1,1,1,0,0.0,5.0,0.2944561403508772,0.5548508771929825,0.19386684210526312,0.5432636842105263,-0.36098403508771926,0.24880754385964915,0.16957894736842105,0.16957894736842105,0.28754736842105266,0.14000000000000004,12.0,12.0,6.0,12.0,12.0,0.0,0.0,0.0,84.0,348.0,,4.142857142857143
q9vSo1VnCiC,q_0.950,3,10,20,24,19,33,50,50,2,5,3,2,2,2,0,0.0,13.5,0.28071929824561404,0.5471403508771929,0.17988280701754383,0.5537526315789476,-0.36725754385964915,0.2730333333333335,0.16957894736842105,0.16957894736842105,0.3143719298245614,0.06000000000000001,8.0,8.0,4.0,8.0,8.0,0.0,0.0,0.0,24.0,120.0,,5.0
q9vSo1VnCiC,q_0.950,4,5,5,24,19,33,50,50,0,3,2,0,0,0,0,,,0.27014473684210527,0.535921052631579,0.17315473684210528,0.5624563157894735,-0.3627663157894737,0.29231157894736837,0.16957894736842108,0.16957894736842105,0.33902105263157895,0.04,2.0,2.0,1.0,2.0,2.0,0.0,0.0,0.0,4.0,32.0,,8.0
q9vSo1VnCiC,q_0.975,all,30,75,24,19,33,33,50,4,10,16,4,4,4,0,0.0,9.25,0.18202777777777782,0.6698223684210528,0.10302501461988302,0.7009143500797449,-0.5667973538011696,0.5188865723019671,0.3161578947368421,0.31615789473684214,0.5177555090377458,0.026868686868686865,30.0,15.0,30.0,30.0,30.0,0.0,2.0,4.0,44.0,116.0,2.0,2.6363636363636362
q9vSo1VnCiC,q_0.975,1,5,20,24,19,33,33,33,2,1,2,2,2,2,0,0.0,6.0,0.22381578947368416,0.716078947368421,0.1253684210526316,0.7230223285486443,-0.5907105263157895,0.49920653907496015,0.3161578947368421,0.3161578947368421,0.5121212121212122,0.12121212121212122,8.0,4.0,8.0,8.0,8.0,0.0,2.0,4.0,32.0,104.0,2.0,3.25
q9vSo1VnCiC,q_0.975,2,10,30,24,19,33,50,50,1,4,5,1,1,1,0,0.0,6.0,0.18169736842105264,0.6690438596491228,0.10667684210526314,0.6917757894736842,-0.5623670175438595,0.5100784210526316,0.3161578947368421,0.3161578947368421,0.4992236842105264,0.019999999999999997,12.0,6.0,12.0,12.0,12.0,0.0,0.0,0.0,12.0,12.0,,1.0
q9vSo1VnCiC,q_0.975,3,10,20,24,19,33,50,50,1,5,4,1,1,1,0,0.0,19.0,0.16985964912280702,0.6558903508771929,0.09050491228070176,0.7013670175438595,-0.5653854385964913,0.5315073684210527,0.31615789473684214,0.3161578947368421,0.5323157894736842,0.0,8.0,4.0,8.0,8.0,8.0,0.0,0.0,0.0,0.0,0.0,,
q9vSo1VnCiC,q_0.975,4,5,5,24,19,33,50,50,0,0,5,0,0,0,0,,,0.16523684210526318,0.6529868421052633,0.09841815789473682,0.6961781578947368,-0.5545686842105264,0.5309413157894738,0.31615789473684214,0.3161578947368421,0.5313328947368421,0.0,2.0,1.0,2.0,2.0,2.0,0.0,0.0,0.0,0.0,0.0,,
rPc6DW4iMge,ospa30_t6,all,62,186,22,17,45,45,50,12,36,14,12,12,12,0,0.0,11.416666666666666,0.21806033892051443,0.49445996732026143,0.18282218954248367,0.5525482202719798,-0.3116377777777777,0.33448788135146545,0.18745098039215688,0.18745098039215688,0.32383110056925996,0.041935483870967745,62.0,93.0,31.0,62.0,62.0,0.0,8.0,52.0,170.0,255.0,6.5,1.5
rPc6DW4iMge,ospa30_t6,1,6,30,22,17,45,45,45,2,3,1,2,2,2,0,0.0,6.5,0.27672549019607845,0.552470588235294,0.21986383442265797,0.5921165577342048,-0.33260675381263616,0.31539106753812635,0.18745098039215682,0.18745098039215688,0.3274705882352941,0.19999999999999998,10.0,15.0,5.0,10.0,10.0,0.0,2.0,6.0,90.0,135.0,3.0,1.5
rPc6DW4iMge,ospa30_t6,2,15,60,22,17,45,50,50,5,7,3,5,5,5,0,0.0,12.0,0.22897794117647055,0.5023014705882353,0.18957009803921573,0.5618034313725491,-0.31273137254901956,0.3328254901960783,0.18745098039215682,0.18745098039215685,0.3281588235294119,0.04,20.0,30.0,10.0,20.0,20.0,0.0,4.0,26.0,40.0,60.0,6.5,1.5
rPc6DW4iMge,ospa30_t6,3,20,60,22,17,45,50,50,4,11,5,4,4,4,0,0.0,12.5,0.21110947712418304,0.4875016339869281,0.19172843137254902,0.5527816993464053,-0.295773202614379,0.3416722222222222,0.18745098039215685,0.18745098039215688,0.3167294117647058,0.04000000000000001,20.0,30.0,10.0,20.0,20.0,0.0,2.0,20.0,40.0,60.0,10.0,1.5
rPc6DW4iMge,ospa30_t6,4,15,30,22,17,45,50,50,1,10,4,1,1,1,0,0.0,14.0,0.20168627450980386,0.48052696078431373,0.16584656862745098,0.5422375,-0.3146803921568627,0.3405512254901961,0.18745098039215688,0.18745098039215685,0.3306000000000001,0.0,10.0,15.0,5.0,10.0,10.0,0.0,0.0,0.0,0.0,0.0,,
rPc6DW4iMge,ospa30_t6,5,6,6,22,17,45,50,50,0,5,1,0,0,0,0,,,0.19620588235294115,0.4748725490196079,0.14166235294117646,0.5148403921568628,-0.33321019607843133,0.31863450980392166,0.18745098039215688,0.18745098039215682,0.31612235294117647,0.0,2.0,3.0,1.0,2.0,2.0,0.0,0.0,0.0,0.0,0.0,,
rPc6DW4iMge,q_0.800,all,62,186,22,17,45,45,50,4,52,6,4,4,4,0,0.0,10.75,0.24368544433902595,0.5177014415981447,0.20758552393000212,0.5038475759013282,-0.3101159176681426,0.2601621315623022,0.1899019607843137,0.1899019607843137,0.2248662001897533,0.12666666666666668,31.0,124.0,31.0,31.0,31.0,0.0,0.0,0.0,216.0,781.0,,3.615740740740741
rPc6DW4iMge,q_0.800,1,6,30,22,17,45,45,45,1,4,1,1,1,1,0,0.0,5.0,0.29988235294117643,0.5755882352941176,0.26207407407407407,0.5592690631808279,-0.31351416122004366,0.25938671023965143,0.18990196078431368,0.18990196078431373,0.22105228758169934,0.22222222222222224,5.0,20.0,5.0,5.0,5.0,0.0,0.0,0.0,50.0,60.0,,1.2
rPc6DW4iMge,q_0.800,2,15,60,22,17,45,50,50,2,11,2,2,2,2,0,0.0,11.0,0.2513602941176471,0.5276372549019608,0.21103970588235305,0.5127191176470588,-0.31659754901960785,0.26135882352941164,0.18990196078431376,0.18990196078431373,0.22892647058823537,0.20000000000000007,10.0,40.0,10.0,10.0,10.0,0.0,0.0,0.0,100.0,420.0,,4.2
rPc6DW4iMge,q_0.800,3,20,60,22,17,45,50,50,1,17,2,1,1,1,0,0.0,16.0,0.23661274509803917,0.5098660130718954,0.20387843137254907,0.49463104575163397,-0.30598758169934637,0.2580183006535947,0.1899019607843137,0.1899019607843137,0.21934313725490195,0.08000000000000002,10.0,40.0,10.0,10.0,10.0,0.0,0.0,0.0,40.0,140.0,,3.5
rPc6DW4iMge,q_0.800,4,15,30,22,17,45,50,50,0,14,1,0,0,0,0,,,0.2300637254901961,0.502546568627451,0.1923661764705882,0.4938676470588235,-0.3101803921568628,0.2638039215686275,0.18990196078431373,0.1899019607843137,0.23429852941176463,0.08,5.0,20.0,5.0,5.0,5.0,0.0,0.0,0.0,20.0,125.0,,6.25
rPc6DW4iMge,q_0.800,5,6,6,22,17,45,50,50,0,6,0,0,0,0,0,,,0.22593137254901963,0.49898039215686274,0.1948668627450981,0.4819188235294118,-0.3041135294117646,0.2559874509803921,0.18990196078431373,0.18990196078431368,0.21335882352941174,0.12,1.0,4.0,1.0,1.0,1.0,0.0,0.0,0.0,6.0,36.0,,6.0
rPc6DW4iMge,q_0.850,all,62,186,22,17,45,45,50,4,52,6,4,4,4,0,0.0,10.75,0.2516621995572422,0.5129584519291589,0.21089359687961207,0.5026651112165297,-0.3020648550495467,0.2510029116592874,0.18161764705882355,0.18161764705882355,0.22694319259962045,0.1247311827956989,31.0,124.0,31.0,31.0,31.0,0.0,0.0,0.0,215.0,847.0,,3.9395348837209303
rPc6DW4iMge,q_0.850,1,6,30,22,17,45,45,45,1,4,1,1,1,1,0,0.0,5.0,0.3084509803921569,0.5706666666666668,0.2647679738562091,0.5565686274509803,-0.3058986928104576,0.24811764705882358,0.18161764705882352,0.18161764705882352,0.2229738562091503,0.22222222222222224,5.0,20.0,5.0,5.0,5.0,0.0,0.0,0.0,50.0,60.0,,1.2
rPc6DW4iMge,q_0.850,2,15,60,22,17,45,50,50,2,11,2,2,2,2,0,0.0,11.0,0.25902696078431375,0.5229289215686275,0.21489019607843143,0.5112049019607843,-0.30803872549019606,0.2521779411764706,0.18161764705882355,0.18161764705882355,0.22992647058823532,0.20000000000000007,10.0,40.0,10.0,10.0,10.0,0.0,0.0,0.0,100.0,480.0,,4.8
rPc6DW4iMge,q_0.850,3,20,60,22,17,45,50,50,1,17,2,1,1,1,0,0.0,16.0,0.24449509803921568,0.5048774509803922,0.20668169934640526,0.49395065359477125,-0.29819575163398687,0.24945555555555554,0.1816176470588235,0.18161764705882352,0.22228431372549018,0.08000000000000002,10.0,40.0,10.0,10.0,10.0,0.0,0.0,0.0,40.0,140.0,,3.5
rPc6DW4iMge,q_0.850,4,15,30,22,17,45,50,50,0,14,1,0,0,0,0,,,0.23789705882352938,0.49801960784313726,0.19560588235294116,0.49284852941176477,-0.30241372549019613,0.2549514705882353,0.1816176470588235,0.18161764705882352,0.2364779411764707,0.08,5.0,20.0,5.0,5.0,5.0,0.0,0.0,0.0,20.0,140.0,,7.0
rPc6DW4iMge,q_0.850,5,6,6,22,17,45,50,50,0,6,0,0,0,0,0,,,0.23476470588235296,0.4946078431372549,0.1992866666666667,0.48100176470588235,-0.29532117647058825,0.24623705882352942,0.18161764705882352,0.18161764705882347,0.21514705882352939,0.09999999999999999,1.0,4.0,1.0,1.0,1.0,0.0,0.0,0.0,5.0,27.0,,5.4
rPc6DW4iMge,q_0.900,all,62,186,22,17,45,45,50,4,44,14,4,4,4,0,0.0,10.75,0.19842131825848616,0.5309892868437698,0.1755748297491039,0.5177557903752898,-0.3554144570946658,0.3193344721168037,0.22392156862745097,0.22392156862745102,0.2492465433270082,0.10075268817204301,31.0,124.0,31.0,31.0,31.0,0.0,0.0,0.0,179.0,566.0,,3.1620111731843576
rPc6DW4iMge,q_0.900,1,6,30,22,17,45,45,45,1,4,1,1,1,1,0,0.0,5.0,0.25456862745098036,0.5920588235294119,0.23114488017429194,0.5742080610021788,-0.36091394335511984,0.3196394335511983,0.22392156862745094,0.22392156862745102,0.24679738562091505,0.24444444444444444,5.0,20.0,5.0,5.0,5.0,0.0,0.0,0.0,55.0,105.0,,1.9090909090909092
rPc6DW4iMge,q_0.900,2,15,60,22,17,45,50,50,2,9,4,2,2,2,0,0.0,11.0,0.2062769607843137,0.5404387254901961,0.18005294117647058,0.521653431372549,-0.3603857843137256,0.3153764705882353,0.223921568627451,0.22392156862745102,0.24761764705882347,0.14000000000000007,10.0,40.0,10.0,10.0,10.0,0.0,0.0,0.0,70.0,270.0,,3.857142857142857
rPc6DW4iMge,q_0.900,3,20,60,22,17,45,50,50,1,14,5,1,1,1,0,0.0,16.0,0.19189542483660132,0.5229068627450981,0.1728640522875817,0.5144215686274509,-0.3500428104575164,0.32252614379084965,0.223921568627451,0.223921568627451,0.2517333333333333,0.08000000000000002,10.0,40.0,10.0,10.0,10.0,0.0,0.0,0.0,40.0,140.0,,3.5
rPc6DW4iMge,q_0.900,4,15,30,22,17,45,50,50,0,12,3,0,0,0,0,,,0.18452941176470586,0.515656862745098,0.1586014705882353,0.5061865196078431,-0.35705539215686277,0.3216571078431373,0.22392156862745097,0.223921568627451,0.2557970588235294,0.04,5.0,20.0,5.0,5.0,5.0,0.0,0.0,0.0,10.0,30.0,,3.0
rPc6DW4iMge,q_0.900,5,6,6,22,17,45,50,50,0,5,1,0,0,0,0,,,0.17911764705882352,0.5115686274509804,0.16027882352941172,0.4915966666666665,-0.35128980392156867,0.31247901960784313,0.22392156862745094,0.22392156862745094,0.23110235294117645,0.08,1.0,4.0,1.0,1.0,1.0,0.0,0.0,0.0,4.0,21.0,,5.25
rPc6DW4iMge,q_0.925,all,62,186,22,17,45,45,50,4,52,6,4,4,4,0,0.0,10.75,0.253956752055661,0.5171924151380983,0.18528169512966475,0.5365799222538477,-0.3319107200084335,0.2826231701981868,0.18284313725490192,0.182843137254902,0.29794276249209356,0.0850537634408602,31.0,124.0,31.0,31.0,31.0,0.0,0.0,0.0,162.0,392.0,,2.419753086419753
rPc6DW4iMge,q_0.925,1,6,30,22,17,45,45,45,1,4,1,1,1,1,0,0.0,5.0,0.31007843137254903,0.5741176470588236,0.23582679738562093,0.5826830065359476,-0.33829084967320266,0.2726045751633987,0.18284313725490195,0.18284313725490195,0.28817647058823526,0.2888888888888888,5.0,20.0,5.0,5.0,5.0,0.0,0.0,0.0,65.0,130.0,,2.0
rPc6DW4iMge,q_0.925,2,15,60,22,17,45,50,50,2,11,2,2,2,2,0,0.0,11.0,0.2614583333333333,0.5272794117647058,0.185018137254902,0.5451975490196078,-0.3422612745098039,0.28373921568627447,0.182843137254902,0.18284313725490203,0.30652058823529416,0.12000000000000005,10.0,40.0,10.0,10.0,10.0,0.0,0.0,0.0,60.0,210.0,,3.5
rPc6DW4iMge,q_0.925,3,20,60,22,17,45,50,50,1,17,2,1,1,1,0,0.0,16.0,0.24682843137254906,0.5091045751633987,0.18255098039215686,0.5341261437908498,-0.32655359477124185,0.28729771241830065,0.18284313725490192,0.18284313725490198,0.2985254901960784,0.06000000000000001,10.0,40.0,10.0,10.0,10.0,0.0,0.0,0.0,30.0,30.0,,1.0
rPc6DW4iMge,q_0.925,4,15,30,22,17,45,50,50,0,14,1,0,0,0,0,,,0.24026225490196085,0.5023333333333334,0.17201519607843135,0.5243948529411765,-0.33031813725490194,0.28413259803921576,0.1828431372549019,0.18284313725490203,0.3018014705882353,0.02,5.0,20.0,5.0,5.0,5.0,0.0,0.0,0.0,5.0,15.0,,3.0
rPc6DW4iMge,q_0.925,5,6,6,22,17,45,50,50,0,6,0,0,0,0,0,,,0.23707843137254903,0.4991568627450979,0.17766411764705883,0.507574705882353,-0.3214927450980391,0.27049627450980385,0.18284313725490195,0.18284313725490198,0.2746752941176471,0.04,1.0,4.0,1.0,1.0,1.0,0.0,0.0,0.0,2.0,7.0,,3.5
rPc6DW4iMge,q_0.950,all,62,186,22,17,45,45,50,4,50,8,4,4,4,0,0.0,10.75,0.1711877240143369,0.5403427814674258,0.14130019344296862,0.5489476813198398,-0.3990425880244571,0.3777599573055029,0.2475,0.2475,0.31603891682479446,0.08311827956989243,31.0,124.0,31.0,31.0,31.0,0.0,0.0,0.0,161.0,557.0,,3.459627329192547
rPc6DW4iMge,q_0.950,1,6,30,22,17,45,45,45,1,4,1,1,1,1,0,0.0,5.0,0.2257058823529412,0.603156862745098,0.19206535947712422,0.5967418300653594,-0.41109150326797383,0.37103594771241816,0.24749999999999997,0.24750000000000003,0.30716339869281045,0.2888888888888888,5.0,20.0,5.0,5.0,5.0,0.0,0.0,0.0,65.0,170.0,,2.6153846153846154
rPc6DW4iMge,q_0.950,2,15,60,22,17,45,50,50,2,11,2,2,2,2,0,0.0,11.0,0.1801813725490196,0.5494436274509804,0.15106911764705877,0.5536524509803923,-0.39837450980392164,0.37347107843137267,0.2475,0.2475,0.30820882352941165,0.12000000000000005,10.0,40.0,10.0,10.0,10.0,0.0,0.0,0.0,60.0,300.0,,5.0
rPc6DW4iMge,q_0.950,3,20,60,22,17,45,50,50,1,16,3,1,1,1,0,0.0,16.0,0.16490032679738562,0.5324313725490196,0.13955359477124182,0.5462866013071895,-0.39287777777777777,0.38138627450980384,0.2475,0.24749999999999997,0.31736078431372555,0.06000000000000001,10.0,40.0,10.0,10.0,10.0,0.0,0.0,0.0,30.0,60.0,,2.0
rPc6DW4iMge,q_0.950,4,15,30,22,17,45,50,50,0,13,2,0,0,0,0,,,0.15679411764705883,0.5247745098039216,0.1220264705882353,0.5427970588235295,-0.4027480392156863,0.3860029411764706,0.24750000000000003,0.2475,0.3333838235294119,0.02,5.0,20.0,5.0,5.0,5.0,0.0,0.0,0.0,5.0,15.0,,3.0
rPc6DW4iMge,q_0.950,5,6,6,22,17,45,50,50,0,6,0,0,0,0,0,,,0.15112745098039215,0.5200686274509804,0.12011901960784314,0.513638431372549,-0.3999496078431372,0.3625109803921569,0.24749999999999997,0.24749999999999997,0.2967211764705882,0.02,1.0,4.0,1.0,1.0,1.0,0.0,0.0,0.0,1.0,12.0,,12.0
rPc6DW4iMge,q_0.975,all,62,186,22,17,45,45,50,0,36,26,0,0,0,0,,,0.06347945656757327,0.6329049388572633,0.05313487428842504,0.6625798128821422,-0.5797700645688383,0.5991003563145689,0.3936764705882353,0.3936764705882353,0.47915645003162555,0.051075268817204304,0.0,93.0,93.0,0.0,0.0,0.0,0.0,0.0,0.0,0.0,,
rPc6DW4iMge,q_0.975,1,6,30,22,17,45,45,45,0,3,3,0,0,0,0,,,0.09786274509803922,0.6747254901960784,0.09374727668845317,0.7048289760348583,-0.5809782135076252,0.6069662309368192,0.39367647058823535,0.39367647058823535,0.47066666666666673,0.17777777777777778,0.0,15.0,15.0,0.0,0.0,0.0,0.0,0.0,0.0,0.0,,
rPc6DW4iMge,q_0.975,2,15,60,22,17,45,50,50,0,7,8,0,0,0,0,,,0.07057598039215686,0.6384215686274509,0.05406470588235293,0.6733999999999999,-0.5843568627450981,0.602824019607843,0.3936764705882353,0.3936764705882353,0.48519411764705894,0.060000000000000026,0.0,30.0,30.0,0.0,0.0,0.0,0.0,0.0,0.0,0.0,,
rPc6DW4iMge,q_0.975,3,20,60,22,17,45,50,50,0,11,9,0,0,0,0,,,0.05910947712418302,0.6276339869281046,0.05447581699346403,0.6560065359477124,-0.5731581699346405,0.5968970588235295,0.3936764705882353,0.3936764705882353,0.461056862745098,0.06000000000000001,0.0,30.0,30.0,0.0,0.0,0.0,0.0,0.0,0.0,0.0,,
rPc6DW4iMge,q_0.975,4,15,30,22,17,45,50,50,0,10,5,0,0,0,0,,,0.053495098039215684,0.6227990196078431,0.03908210784313725,0.6573475490196079,-0.5837169117647059,0.6038524509803922,0.3936764705882353,0.3936764705882353,0.505104411764706,0.0,0.0,15.0,15.0,0.0,0.0,0.0,0.0,0.0,0.0,0.0,,
rPc6DW4iMge,q_0.975,5,6,6,22,17,45,50,50,0,5,1,0,0,0,0,,,0.05088235294117646,0.6201274509803921,0.04086,0.6282717647058824,-0.5792674509803922,0.577389411764706,0.39367647058823524,0.39367647058823535,0.46801411764705886,0.0,0.0,3.0,3.0,0.0,0.0,0.0,0.0,0.0,0.0,0.0,,
uNb9QFRL6hY,ospa30_t6,all,4094,24564,23,18,38,38,50,7,3581,506,9,9,7,0,1.8888888888888888,12.11111111111111,0.09606713386168585,0.6031331103634902,0.10756492605181904,0.5605027557439555,-0.49556818431167116,0.4644356218822695,0.37254629629629626,0.37254629629629626,0.2910026500630916,0.008724449129663437,4094.0,12282.0,8188.0,4094.0,4094.0,0.0,4.0,28.0,2244.0,4004.0,7.0,1.7843137254901962
uNb9QFRL6hY,ospa30_t6,1,12,132,23,18,38,38,38,2,6,4,2,2,2,0,0.0,6.0,0.14796296296296296,0.6769991582491582,0.17205226608187132,0.6470620126705652,-0.5049468921672869,0.49909904970760227,0.3725462962962964,0.3725462962962964,0.2869152046783626,0.2631578947368421,22.0,66.0,44.0,22.0,22.0,0.0,2.0,4.0,220.0,506.0,2.0,2.3
uNb9QFRL6hY,ospa30_t6,2,66,660,23,18,38,50,50,3,44,19,3,3,3,0,0.0,13.666666666666666,0.11371632996632997,0.636371212121212,0.13030717592592592,0.6047939814814816,-0.5060640361952862,0.4910776515151516,0.3725462962962963,0.3725462962962963,0.2876277777777778,0.08,110.0,330.0,220.0,110.0,110.0,0.0,2.0,24.0,440.0,660.0,12.0,1.5
uNb9QFRL6hY,ospa30_t6,3,220,1980,23,18,38,50,50,2,150,68,3,3,2,0,2.3333333333333335,12.666666666666666,0.1040618686868687,0.6200322203516647,0.10928055555555558,0.580476388888889,-0.5107516647961091,0.4764145202020202,0.3725462962962963,0.3725462962962962,0.3100222222222221,0.039999999999999994,330.0,990.0,660.0,330.0,330.0,0.0,0.0,0.0,660.0,990.0,,1.5
uNb9QFRL6hY,ospa30_t6,4,495,3960,23,18,38,50,50,0,391,104,1,1,0,0,10.0,18.0,0.09945796506734007,0.6109395517676768,0.10600578703703703,0.5640098379629629,-0.5049337647306397,0.46455187289562294,0.37254629629629626,0.37254629629629626,0.30036944444444436,0.0,660.0,1980.0,1320.0,660.0,660.0,0.0,0.0,0.0,0.0,0.0,,
uNb9QFRL6hY,ospa30_t6,5,792,5544,23,18,38,50,50,0,666,126,0,0,0,0,,,0.09669903399070065,0.6051935024851692,0.10186675925925925,0.5681119444444445,-0.5033267432259099,0.4714129104537438,0.3725462962962962,0.3725462962962962,0.3154133333333334,0.0,924.0,2772.0,1848.0,924.0,924.0,0.0,0.0,0.0,0.0,0.0,,
uNb9QFRL6hY,ospa30_t6,6,924,5544,23,18,38,50,50,0,815,109,0,0,0,0,,,0.09492760775746886,0.6012050147640425,0.10878750000000001,0.5561898148148148,-0.4924175147640425,0.4612622070573459,0.37254629629629626,0.3725462962962963,0.28616203703703713,0.019999999999999997,924.0,2772.0,1848.0,924.0,924.0,0.0,0.0,0.0,924.0,1848.0,,2.0
uNb9QFRL6hY,ospa30_t6,7,792,3960,23,18,38,50,50,0,740,52,0,0,0,0,,,0.09371279260862594,0.5981848544973546,0.11164345238095236,0.5517175925925927,-0.4865414021164021,0.45800479998396665,0.3725462962962964,0.3725462962962964,0.26630317460317465,0.0,660.0,1980.0,1320.0,660.0,660.0,0.0,0.0,0.0,0.0,0.0,,
uNb9QFRL6hY,ospa30_t6,8,495,1980,23,18,38,50,50,0,475,20,0,0,0,0,,,0.09285060676206511,0.5957565586419752,0.10472858796296299,0.553447511574074,-0.4910279706790123,0.46059690481200893,0.37254629629629626,0.37254629629629626,0.28866458333333334,0.0,330.0,990.0,660.0,330.0,330.0,0.0,0.0,0.0,0.0,0.0,,
uNb9QFRL6hY,ospa30_t6,9,220,660,23,18,38,50,50,0,216,4,0,0,0,0,,,0.0921482884399551,0.5937519173213617,0.10832813786008229,0.5562783950617284,-0.48542377946127946,0.4641301066217732,0.37254629629629626,0.37254629629629626,0.27778580246913576,0.0,110.0,330.0,220.0,110.0,110.0,0.0,0.0,0.0,0.0,0.0,,
uNb9QFRL6hY,ospa30_t6,10,66,132,23,18,38,50,50,0,66,0,0,0,0,0,,,0.0915864898989899,0.5920810185185186,0.1014300925925926,0.5511856481481482,-0.49065092592592596,0.4595991582491583,0.3725462962962963,0.3725462962962963,0.29370666666666656,0.0,22.0,66.0,44.0,22.0,22.0,0.0,0.0,0.0,0.0,0.0,,
uNb9QFRL6hY,ospa30_t6,11,12,12,23,18,38,50,50,0,12,0,0,0,0,0,,,0.09125420875420875,0.5907449494949495,0.10036287878787879,0.548921632996633,-0.4903820707070707,0.4576674242424242,0.37254629629629626,0.3725462962962964,0.2942489898989899,0.0,2.0,6.0,4.0,2.0,2.0,0.0,0.0,0.0,0.0,0.0,,
uNb9QFRL6hY,q_0.800,all,4094,24564,23,18,38,38,50,160,3175,759,173,173,162,1,0.5549132947976878,14.15028901734104,0.2392140705829255,0.510922751653883,0.20640739391902926,0.5197578110567163,-0.3045153577348538,0.2805437404737908,0.19372685185185187,0.19372685185185184,0.23342396444319563,0.038018152366749804,8188.0,10235.0,6141.0,10235.0,10235.0,2047.0,220.0,1337.0,18524.0,101090.0,6.077272727272727,5.457244655581948
uNb9QFRL6hY,q_0.800,1,12,132,23,18,38,38,38,4,5,3,5,5,5,1,0.2,6.8,0.2874242424242424,0.5650210437710436,0.26414473684210527,0.5674080165692007,-0.3008763069289385,0.27998377414495834,0.19372685185185187,0.19372685185185182,0.22426169590643277,0.21052631578947367,44.0,55.0,33.0,55.0,55.0,11.0,12.0,12.0,352.0,1364.0,1.0,3.875
uNb9QFRL6hY,q_0.800,2,66,660,23,18,38,50,50,10,45,11,10,10,10,0,0.0,7.4,0.25641119528619527,0.5331675084175085,0.21855717592592586,0.5589009259259259,-0.31461033249158254,0.30248973063973056,0.19372685185185184,0.19372685185185184,0.2505305555555557,0.19999999999999996,220.0,275.0,165.0,275.0,275.0,55.0,24.0,32.0,2200.0,6600.0,1.3333333333333333,3.0
uNb9QFRL6hY,q_0.800,3,220,1980,23,18,38,50,50,30,155,35,30,30,30,0,0.0,13.733333333333333,0.24578918817807707,0.5199362139917696,0.19967422839506171,0.5393612654320988,-0.3202619855967078,0.29357207725402173,0.19372685185185184,0.19372685185185187,0.2631129629629631,0.06000000000000001,660.0,825.0,495.0,825.0,825.0,165.0,64.0,433.0,1980.0,8250.0,6.765625,4.166666666666667
uNb9QFRL6hY,q_0.800,4,495,3960,23,18,38,50,50,55,305,135,55,55,55,0,0.0,14.818181818181818,0.24190211139169474,0.514538106762065,0.21432534722222227,0.5114025462962963,-0.3002127595398429,0.26950043490460157,0.19372685185185184,0.19372685185185184,0.21700972222222217,0.07999999999999999,1320.0,1650.0,990.0,1650.0,1650.0,330.0,84.0,595.0,5280.0,40920.0,7.083333333333333,7.75
uNb9QFRL6hY,q_0.800,5,792,5544,23,18,38,50,50,26,596,170,36,36,26,0,2.5,14.472222222222221,0.2393818442360109,0.511601601330768,0.20437972222222223,0.5168592592592592,-0.30722187910854576,0.2774774150232484,0.19372685185185187,0.19372685185185187,0.23680222222222233,0.019999999999999997,1848.0,2310.0,1386.0,2310.0,2310.0,462.0,20.0,113.0,1848.0,12936.0,5.65,7.0
uNb9QFRL6hY,q_0.800,6,924,5544,23,18,38,50,50,25,762,137,27,27,26,0,0.18518518518518517,15.62962962962963,0.2380668540564374,0.5095260475121587,0.2016148148148148,0.5255984567901234,-0.3079112326973438,0.28753160273368605,0.19372685185185187,0.19372685185185187,0.24677777777777785,0.06000000000000002,1848.0,2310.0,1386.0,2310.0,2310.0,462.0,16.0,152.0,5544.0,23100.0,9.5,4.166666666666667
uNb9QFRL6hY,q_0.800,7,792,3960,23,18,38,50,50,10,606,176,10,10,10,0,0.0,17.0,0.23728834976751642,0.5081930114638448,0.2090820767195767,0.5158224206349207,-0.2991109347442681,0.2785340708674041,0.19372685185185187,0.19372685185185187,0.22322301587301588,0.019999999999999997,1320.0,1650.0,990.0,1650.0,1650.0,330.0,0.0,0.0,1320.0,7920.0,,6.0
uNb9QFRL6hY,q_0.800,8,495,1980,23,18,38,50,50,0,420,75,0,0,0,0,,,0.23677730429292929,0.507409617003367,0.20580624999999997,0.5156711226851852,-0.301603367003367,0.2788938183922559,0.19372685185185184,0.19372685185185184,0.22760902777777792,0.0,660.0,825.0,495.0,825.0,825.0,165.0,0.0,0.0,0.0,0.0,,
uNb9QFRL6hY,q_0.800,9,220,660,23,18,38,50,50,0,207,13,0,0,0,0,,,0.23646955667789,0.5068629816685372,0.2077374485596708,0.517395061728395,-0.29912553310886647,0.28092550505050506,0.19372685185185187,0.19372685185185184,0.22195308641975314,0.0,220.0,275.0,165.0,275.0,275.0,55.0,0.0,0.0,0.0,0.0,,
uNb9QFRL6hY,q_0.800,10,66,132,23,18,38,50,50,0,62,4,0,0,0,0,,,0.23630808080808083,0.5065717592592593,0.20659143518518516,0.509299074074074,-0.2999803240740741,0.2729909932659933,0.19372685185185182,0.19372685185185184,0.22021333333333334,0.0,44.0,55.0,33.0,55.0,55.0,11.0,0.0,0.0,0.0,0.0,,
uNb9QFRL6hY,q_0.800,11,12,12,23,18,38,50,50,0,12,0,0,0,0,0,,,0.23617003367003372,0.5062794612794612,0.20439852693602692,0.5128049663299664,-0.3018809343434344,0.27663493265993266,0.19372685185185187,0.1937268518518518,0.22616717171717174,0.0,4.0,5.0,3.0,5.0,5.0,1.0,0.0,0.0,0.0,0.0,,
uNb9QFRL6hY,q_0.850,all,4094,24564,23,18,38,38,50,155,3187,752,168,168,157,1,0.6011904761904762,14.327380952380953,0.23378401552003122,0.504265285080298,0.20261079923775777,0.5160972722897771,-0.3016544858425403,0.2823132567697459,0.194375,0.194375,0.2336948277912517,0.038018152366749804,8188.0,10235.0,6141.0,10235.0,10235.0,2047.0,217.0,1331.0,18524.0,101090.0,6.1336405529953915,5.457244655581948
uNb9QFRL6hY,q_0.850,1,12,132,23,18,38,38,38,4,5,3,5,5,5,1,0.2,6.8,0.28119528619528616,0.5581523569023569,0.26308540448343076,0.5667074805068227,-0.2950669524189261,0.28551219431153657,0.19437500000000005,0.19437499999999996,0.22497076023391807,0.21052631578947367,44.0,55.0,33.0,55.0,55.0,11.0,12.0,12.0,352.0,1364.0,1.0,3.875
uNb9QFRL6hY,q_0.850,2,66,660,23,18,38,50,50,10,45,11,10,10,10,0,0.0,7.7,0.25082365319865324,0.5266306818181817,0.21656388888888886,0.5585974537037036,-0.31006679292929296,0.30777380050505054,0.19437499999999996,0.194375,0.2521555555555556,0.19999999999999996,220.0,275.0,165.0,275.0,275.0,55.0,24.0,24.0,2200.0,6600.0,1.0,3.0
uNb9QFRL6hY,q_0.850,3,220,1980,23,18,38,50,50,30,155,35,30,30,30,0,0.0,13.866666666666667,0.24018008791619905,0.5137058080808081,0.1964544753086419,0.5367868827160494,-0.3172513327721661,0.2966067947998504,0.19437500000000002,0.19437500000000002,0.2637611111111111,0.06000000000000001,660.0,825.0,495.0,825.0,825.0,165.0,64.0,433.0,1980.0,8250.0,6.765625,4.166666666666667
uNb9QFRL6hY,q_0.850,4,495,3960,23,18,38,50,50,55,305,135,55,55,55,0,0.0,15.090909090909092,0.23630683571829403,0.5083191638608305,0.21036261574074072,0.5081269675925926,-0.2979565481200898,0.2718201318742986,0.19437500000000005,0.19437499999999996,0.21779166666666672,0.07999999999999999,1320.0,1650.0,990.0,1650.0,1650.0,330.0,84.0,619.0,5280.0,40920.0,7.369047619047619,7.75
uNb9QFRL6hY,q_0.850,5,792,5544,23,18,38,50,50,26,596,170,36,36,26,0,2.5277777777777777,14.86111111111111,0.233872284351451,0.5052214205547538,0.20020842592592591,0.5130552777777778,-0.305012994628828,0.27918299342632674,0.194375,0.194375,0.23745888888888894,0.019999999999999997,1848.0,2310.0,1386.0,2310.0,2310.0,462.0,20.0,121.0,1848.0,12936.0,6.05,7.0
uNb9QFRL6hY,q_0.850,6,924,5544,23,18,38,50,50,21,772,131,23,23,22,0,0.391304347826087,15.695652173913043,0.23263609140345248,0.5029113639703917,0.19781890432098767,0.5217971450617284,-0.30509245964940407,0.2891610536582759,0.19437500000000002,0.194375,0.24692314814814814,0.06000000000000002,1848.0,2310.0,1386.0,2310.0,2310.0,462.0,13.0,122.0,5544.0,23100.0,9.384615384615385,4.166666666666667
uNb9QFRL6hY,q_0.850,7,792,3960,23,18,38,50,50,9,607,176,9,9,9,0,0.0,17.11111111111111,0.2319577922077922,0.5013494668911336,0.20561858465608465,0.5113737433862434,-0.29573088223504895,0.2794159511784512,0.194375,0.194375,0.2222468253968253,0.019999999999999997,1320.0,1650.0,990.0,1650.0,1650.0,330.0,0.0,0.0,1320.0,7920.0,,6.0
uNb9QFRL6hY,q_0.850,8,495,1980,23,18,38,50,50,0,420,75,0,0,0,0,,,0.23149347643097642,0.5003222853535353,0.20169751157407412,0.5122122106481481,-0.29862477377946123,0.2807187342171717,0.194375,0.194375,0.22850555555555557,0.0,660.0,825.0,495.0,825.0,825.0,165.0,0.0,0.0,0.0,0.0,,
uNb9QFRL6hY,q_0.850,9,220,660,23,18,38,50,50,0,208,12,0,0,0,0,,,0.23122245604190048,0.499538112607557,0.20398425925925923,0.5142402777777777,-0.2955538533482978,0.28301782173587725,0.194375,0.194375,0.22252901234567893,0.0,220.0,275.0,165.0,275.0,275.0,55.0,0.0,0.0,0.0,0.0,,
uNb9QFRL6hY,q_0.850,10,66,132,23,18,38,50,50,0,62,4,0,0,0,0,,,0.2310513468013468,0.4990406144781145,0.2025735185185185,0.5052199074074074,-0.2964670959595959,0.27416856060606065,0.19437499999999996,0.194375,0.2203333333333333,0.0,44.0,55.0,33.0,55.0,55.0,11.0,0.0,0.0,0.0,0.0,,
uNb9QFRL6hY,q_0.850,11,12,12,23,18,38,50,50,0,12,0,0,0,0,0,,,0.230898569023569,0.49871001683501687,0.2002144781144781,0.5089651515151514,-0.29849553872053874,0.27806658249158245,0.194375,0.19437499999999996,0.22648686868686865,0.0,4.0,5.0,3.0,5.0,5.0,1.0,0.0,0.0,0.0,0.0,,
uNb9QFRL6hY,q_0.900,all,4094,24564,23,18,38,38,50,124,3339,631,129,129,125,1,0.26356589147286824,15.023255813953488,0.22175404210995805,0.4930757251134713,0.19016287892677125,0.5312527848309265,-0.3029128461867001,0.30949874272096856,0.19791666666666666,0.19791666666666669,0.26344113956243753,0.025896948036921816,8188.0,10235.0,6141.0,10235.0,10235.0,2047.0,175.0,1088.0,13200.0,70554.0,6.217142857142857,5.345
uNb9QFRL6hY,q_0.900,1,12,132,23,18,38,38,38,4,5,3,5,5,5,1,0.2,8.6,0.27555134680134674,0.5549074074074073,0.2504964668615984,0.5824299463937622,-0.304410940545809,0.3068785995924153,0.1979166666666667,0.19791666666666663,0.2592105263157895,0.23684210526315788,44.0,55.0,33.0,55.0,55.0,11.0,12.0,62.0,396.0,2189.0,5.166666666666667,5.527777777777778
uNb9QFRL6hY,q_0.900,2,66,660,23,18,38,50,50,10,45,11,10,10,10,0,0.0,10.2,0.24060542929292927,0.5199907407407407,0.20750532407407404,0.5741388888888889,-0.3124854166666667,0.33353345959595965,0.19791666666666663,0.19791666666666666,0.2817638888888889,0.17999999999999997,220.0,275.0,165.0,275.0,275.0,55.0,24.0,128.0,1980.0,8965.0,5.333333333333333,4.527777777777778
uNb9QFRL6hY,q_0.900,3,220,1980,23,18,38,50,50,20,167,33,20,20,20,0,0.0,13.8,0.22971221473999254,0.5056112514029181,0.18593996913580246,0.5511138888888889,-0.31967128226711566,0.3214016741488963,0.19791666666666669,0.19791666666666669,0.29149444444444456,0.039999999999999994,660.0,825.0,495.0,825.0,825.0,165.0,40.0,250.0,1320.0,5280.0,6.25,4.0
uNb9QFRL6hY,q_0.900,4,495,3960,23,18,38,50,50,49,331,115,49,49,49,0,0.0,16.0,0.22485355289001122,0.4988663019079686,0.20210162037037038,0.5176027777777777,-0.29676468153759816,0.29274922488776656,0.19791666666666666,0.19791666666666666,0.23514166666666672,0.06000000000000001,1320.0,1650.0,990.0,1650.0,1650.0,330.0,75.0,495.0,3960.0,24090.0,6.6,6.083333333333333
uNb9QFRL6hY,q_0.900,5,792,5544,23,18,38,50,50,26,596,170,28,28,26,0,0.6785714285714286,15.857142857142858,0.22206796135962806,0.4946651936026936,0.18455388888888888,0.5315005555555558,-0.3101113047138047,0.30943259419592756,0.19791666666666666,0.19791666666666666,0.27464444444444436,0.019999999999999997,1848.0,2310.0,1386.0,2310.0,2310.0,462.0,20.0,140.0,1848.0,10626.0,7.0,5.75
uNb9QFRL6hY,q_0.900,6,924,5544,23,18,38,50,50,9,800,115,11,11,9,0,1.2727272727272727,16.545454545454547,0.22062376409598633,0.49157237053070385,0.18606851851851852,0.5350592592592592,-0.30550385201218533,0.314435495163273,0.19791666666666666,0.19791666666666666,0.2738351851851851,0.039999999999999994,1848.0,2310.0,1386.0,2310.0,2310.0,462.0,4.0,13.0,3696.0,19404.0,3.25,5.25
uNb9QFRL6hY,q_0.900,7,792,3960,23,18,38,50,50,6,679,107,6,6,6,0,0.0,17.833333333333332,0.21947733285233287,0.4892290464165464,0.19227652116402114,0.5282540343915344,-0.29695252525252525,0.30877670153920156,0.19791666666666666,0.19791666666666666,0.254947619047619,0.0,1320.0,1650.0,990.0,1650.0,1650.0,330.0,0.0,0.0,0.0,0.0,,
uNb9QFRL6hY,q_0.900,8,495,1980,23,18,38,50,50,0,428,67,0,0,0,0,,,0.21878910634118967,0.4874130366161616,0.18855723379629627,0.527575925925926,-0.29885580281986535,0.30878681958473625,0.19791666666666666,0.19791666666666663,0.2593291666666667,0.0,660.0,825.0,495.0,825.0,825.0,165.0,0.0,0.0,0.0,0.0,,
uNb9QFRL6hY,q_0.900,9,220,660,23,18,38,50,50,0,210,10,0,0,0,0,,,0.21820136550692107,0.4861055929667041,0.19320396090534983,0.5310355967078189,-0.29290163206135433,0.31283423120089787,0.19791666666666669,0.19791666666666669,0.252033950617284,0.0,220.0,275.0,165.0,275.0,275.0,55.0,0.0,0.0,0.0,0.0,,
uNb9QFRL6hY,q_0.900,10,66,132,23,18,38,50,50,0,66,0,0,0,0,0,,,0.21760311447811448,0.48512584175084167,0.1879153703703704,0.5245300462962963,-0.29721047138047135,0.30692693181818187,0.19791666666666663,0.19791666666666669,0.25689277777777786,0.0,44.0,55.0,33.0,55.0,55.0,11.0,0.0,0.0,0.0,0.0,,
uNb9QFRL6hY,q_0.900,11,12,12,23,18,38,50,50,0,12,0,0,0,0,0,,,0.2173611111111111,0.48436237373737373,0.18819246632996633,0.5242380050505051,-0.2961699074074074,0.30687689393939405,0.19791666666666666,0.19791666666666666,0.25551868686868684,0.0,4.0,5.0,3.0,5.0,5.0,1.0,0.0,0.0,0.0,0.0,,
uNb9QFRL6hY,q_0.925,all,4094,24564,23,18,38,38,50,107,3365,622,121,121,117,1,0.35537190082644626,14.900826446280991,0.20610524531944047,0.5093423430946432,0.16551417850598854,0.5544276792840963,-0.34382816458865467,0.34832243396465584,0.21793981481481484,0.2179398148148148,0.30510603706603473,0.019172858869205257,8188.0,10235.0,6141.0,10235.0,10235.0,2047.0,155.0,943.0,8800.0,37686.0,6.083870967741936,4.2825
uNb9QFRL6hY,q_0.925,1,12,132,23,18,38,38,38,4,5,3,5,5,5,1,0.2,8.6,0.2621717171717171,0.5728282828282828,0.22816825048732944,0.604026559454191,-0.3446600323409534,0.34185484228247387,0.21793981481481486,0.21793981481481484,0.2964912280701755,0.2894736842105264,44.0,55.0,33.0,55.0,55.0,11.0,12.0,62.0,484.0,2563.0,5.166666666666667,5.295454545454546
uNb9QFRL6hY,q_0.925,2,66,660,23,18,38,50,50,10,45,11,10,10,10,0,0.0,10.2,0.2260730218855219,0.5366104797979799,0.19695787037037038,0.5849673611111111,-0.3396526094276094,0.35889433922558917,0.21793981481481478,0.21793981481481478,0.2898277777777778,0.12,220.0,275.0,165.0,275.0,275.0,55.0,24.0,128.0,1320.0,5390.0,5.333333333333333,4.083333333333333
uNb9QFRL6hY,q_0.925,3,220,1980,23,18,38,50,50,20,167,33,20,20,20,0,0.0,13.8,0.21457482229704453,0.5219905536849981,0.16475185185185187,0.570895061728395,-0.3572387018331462,0.35632023943135055,0.21793981481481478,0.21793981481481478,0.32457777777777774,0.019999999999999997,660.0,825.0,495.0,825.0,825.0,165.0,40.0,250.0,660.0,2805.0,6.25,4.25
uNb9QFRL6hY,q_0.925,4,495,3960,23,18,38,50,50,39,343,113,43,43,43,0,0.09302325581395349,15.813953488372093,0.2094005506453423,0.5151996352413019,0.17350000000000002,0.5449055555555555,-0.34169963524130187,0.3355050049102133,0.21793981481481484,0.2179398148148148,0.2871416666666667,0.019999999999999997,1320.0,1650.0,990.0,1650.0,1650.0,330.0,59.0,378.0,1320.0,7590.0,6.406779661016949,5.75
uNb9QFRL6hY,q_0.925,5,792,5544,23,18,38,50,50,22,596,174,28,28,26,0,0.8214285714285714,16.0,0.20649699374699373,0.5109371392496392,0.16014824074074077,0.5533846296296296,-0.35078889850889855,0.3468876358826358,0.21793981481481484,0.21793981481481484,0.3155566666666667,0.0,1848.0,2310.0,1386.0,2310.0,2310.0,462.0,17.0,113.0,0.0,0.0,6.647058823529412,
uNb9QFRL6hY,q_0.925,6,924,5544,23,18,38,50,50,7,801,116,10,10,8,0,1.5,16.5,0.20493119020896797,0.5077993058895837,0.16066003086419756,0.5611797839506174,-0.34713927502538616,0.35624859374164936,0.21793981481481484,0.21793981481481478,0.3200546296296297,0.039999999999999994,1848.0,2310.0,1386.0,2310.0,2310.0,462.0,3.0,12.0,3696.0,11088.0,4.0,3.0
uNb9QFRL6hY,q_0.925,7,792,3960,23,18,38,50,50,5,686,101,5,5,5,0,0.0,17.8,0.2036652637485971,0.5054769520602853,0.17018769841269843,0.5478287698412699,-0.335289253647587,0.34416350609267277,0.21793981481481484,0.2179398148148148,0.2886444444444445,0.019999999999999997,1320.0,1650.0,990.0,1650.0,1650.0,330.0,0.0,0.0,1320.0,8250.0,,6.25
uNb9QFRL6hY,q_0.925,8,495,1980,23,18,38,50,50,0,434,61,0,0,0,0,,,0.20291308922558923,0.5036548821548822,0.1621519097222222,0.552236574074074,-0.3415029724326599,0.34932348484848474,0.21793981481481484,0.21793981481481478,0.3037701388888889,0.0,660.0,825.0,495.0,825.0,825.0,165.0,0.0,0.0,0.0,0.0,,
uNb9QFRL6hY,q_0.925,9,220,660,23,18,38,50,50,0,210,10,0,0,0,0,,,0.20225799663299662,0.5022666011971567,0.16603641975308644,0.5554754115226337,-0.33623018144407035,0.35321741488963715,0.2179398148148148,0.21793981481481478,0.29755679012345676,0.0,220.0,275.0,165.0,275.0,275.0,55.0,0.0,0.0,0.0,0.0,,
uNb9QFRL6hY,q_0.925,10,66,132,23,18,38,50,50,0,66,0,0,0,0,0,,,0.20163909932659932,0.5011750841750843,0.16560712962962962,0.5428403240740741,-0.33556795454545457,0.3412012247474748,0.2179398148148148,0.2179398148148148,0.2911044444444445,0.0,44.0,55.0,33.0,55.0,55.0,11.0,0.0,0.0,0.0,0.0,,
uNb9QFRL6hY,q_0.925,11,12,12,23,18,38,50,50,0,12,0,0,0,0,0,,,0.2013678451178451,0.5003072390572391,0.16255753367003367,0.5471085016835018,-0.3377497053872054,0.3457406565656566,0.21793981481481484,0.2179398148148148,0.29799898989898993,0.0,4.0,5.0,3.0,5.0,5.0,1.0,0.0,0.0,0.0,0.0,,
uNb9QFRL6hY,q_0.950,all,4094,24564,23,18,38,38,50,73,1867,2154,80,80,74,0,0.5625,13.825,0.1437551622835113,0.5582260621774532,0.1336993370260938,0.5548997308059707,-0.4245267251513594,0.41114456852245934,0.2946990740740741,0.29469907407407403,0.3016325325954282,0.015656544879541306,10235.0,6141.0,8188.0,10235.0,10235.0,0.0,145.0,923.0,9460.0,48081.0,6.36551724137931,5.082558139534884
uNb9QFRL6hY,q_0.950,1,12,132,23,18,38,38,38,5,3,4,5,5,5,0,0.0,9.2,0.19718855218855216,0.6186952861952862,0.19130421539961015,0.6174920808966862,-0.4273910707956761,0.420303528708134,0.2946990740740741,0.2946990740740741,0.29554093567251455,0.2631578947368421,55.0,33.0,44.0,55.0,55.0,0.0,20.0,104.0,550.0,2618.0,5.2,4.76
uNb9QFRL6hY,q_0.950,2,66,660,23,18,38,50,50,9,30,27,10,10,10,0,0.1,10.4,0.16199579124579125,0.5847091750841751,0.14516550925925922,0.5973476851851853,-0.4395436658249159,0.43535189393939394,0.2946990740740741,0.2946990740740741,0.3130527777777778,0.12,275.0,165.0,220.0,275.0,275.0,0.0,27.0,146.0,1650.0,7315.0,5.407407407407407,4.433333333333334
uNb9QFRL6hY,q_0.950,3,220,1980,23,18,38,50,50,20,103,97,20,20,20,0,0.0,13.85,0.15189683875794988,0.5703089693228581,0.13340956790123457,0.5713612654320988,-0.4368994014216237,0.4194644266741489,0.2946990740740741,0.29469907407407403,0.3206518518518519,0.039999999999999994,825.0,495.0,660.0,825.0,825.0,0.0,50.0,350.0,1650.0,5280.0,7.0,3.2
uNb9QFRL6hY,q_0.950,4,495,3960,23,18,38,50,50,19,235,241,19,19,19,0,0.0,13.68421052631579,0.1469805345117845,0.5631531635802469,0.13564525462962965,0.5539657407407407,-0.4275079089506173,0.40698520622895623,0.2946990740740741,0.29469907407407403,0.3006680555555556,0.019999999999999997,1650.0,990.0,1320.0,1650.0,1650.0,0.0,33.0,201.0,1650.0,14520.0,6.090909090909091,8.8
uNb9QFRL6hY,q_0.950,5,792,5544,23,18,38,50,50,16,309,467,18,18,16,0,1.0555555555555556,15.944444444444445,0.14432466530383195,0.5590587421837422,0.13267537037037036,0.5529200925925926,-0.42638337181337177,0.40859542728876064,0.29469907407407403,0.2946990740740741,0.30784888888888895,0.0,2310.0,1386.0,1848.0,2310.0,2310.0,0.0,15.0,122.0,0.0,0.0,8.133333333333333,
uNb9QFRL6hY,q_0.950,6,924,5544,23,18,38,50,50,3,462,459,7,7,3,0,3.5714285714285716,16.285714285714285,0.14265252558655336,0.5564849887766554,0.1305989197530864,0.561406712962963,-0.425886069023569,0.4187541873764097,0.29469907407407403,0.29469907407407403,0.3162314814814815,0.019999999999999997,2310.0,1386.0,1848.0,2310.0,2310.0,0.0,0.0,0.0,2310.0,6468.0,,2.8
uNb9QFRL6hY,q_0.950,7,792,3960,23,18,38,50,50,1,387,404,1,1,1,0,0.0,18.0,0.14142487373737372,0.5547885602052268,0.13852314814814817,0.5441966269841271,-0.41626541205707873,0.40277175324675324,0.29469907407407414,0.2946990740740741,0.2761174603174603,0.019999999999999997,1650.0,990.0,1320.0,1650.0,1650.0,0.0,0.0,0.0,1650.0,11880.0,,7.2
uNb9QFRL6hY,q_0.950,8,495,1980,23,18,38,50,50,0,209,286,0,0,0,0,,,0.1405925750561167,0.5536558817340067,0.1294505208333333,0.5522802662037037,-0.42420536090067346,0.41168769114758696,0.29469907407407403,0.2946990740740741,0.3024340277777778,0.0,825.0,495.0,660.0,825.0,825.0,0.0,0.0,0.0,0.0,0.0,,
uNb9QFRL6hY,q_0.950,9,220,660,23,18,38,50,50,0,84,136,0,0,0,0,,,0.13972287691732135,0.552865834268612,0.132688683127572,0.5522089506172838,-0.42017715114104004,0.4124860736999626,0.2946990740740741,0.2946990740740741,0.2907734567901235,0.0,275.0,165.0,220.0,275.0,275.0,0.0,0.0,0.0,0.0,0.0,,
uNb9QFRL6hY,q_0.950,10,66,132,23,18,38,50,50,0,36,30,0,0,0,0,,,0.13914667508417508,0.5523956228956228,0.1322535185185185,0.5439384722222221,-0.4201421043771043,0.40479179713804714,0.29469907407407403,0.29469907407407403,0.2923416666666666,0.0,55.0,33.0,44.0,55.0,55.0,0.0,0.0,0.0,0.0,0.0,,
uNb9QFRL6hY,q_0.950,11,12,12,23,18,38,50,50,0,9,3,0,0,0,0,,,0.13853114478114478,0.5521759259259259,0.12776056397306398,0.5492700757575758,-0.42441536195286195,0.41073893097643105,0.2946990740740741,0.2946990740740741,0.30272727272727273,0.0,5.0,3.0,4.0,5.0,5.0,0.0,0.0,0.0,0.0,0.0,,
uNb9QFRL6hY,q_0.975,all,4094,24564,23,18,38,38,50,7,2233,1854,11,11,11,0,0.45454545454545453,11.454545454545455,0.0620658758058726,0.6782889514566621,0.057857285926223134,0.6685491535142679,-0.6204316655304392,0.6064832777083953,0.4684953703703704,0.46849537037037037,0.46026259574183187,0.0011076543336847246,4094.0,6141.0,14329.0,6141.0,6141.0,0.0,4.0,26.0,352.0,1452.0,6.5,4.125
uNb9QFRL6hY,q_0.975,1,12,132,23,18,38,38,38,2,3,7,3,3,3,0,0.3333333333333333,9.333333333333334,0.1048442760942761,0.7455597643097641,0.09914473684210524,0.7359454191033138,-0.6464150274676589,0.6311011430090376,0.4684953703703705,0.4684953703703703,0.455029239766082,0.15789473684210528,22.0,33.0,77.0,33.0,33.0,0.0,2.0,4.0,132.0,352.0,2.0,2.6666666666666665
uNb9QFRL6hY,q_0.975,2,66,660,23,18,38,50,50,1,30,35,3,3,3,0,1.0,8.333333333333334,0.07619044612794615,0.7104753787878788,0.06533171296296296,0.7131405092592593,-0.6451436658249159,0.6369500631313133,0.46849537037037037,0.46849537037037037,0.4685944444444444,0.04,110.0,165.0,385.0,165.0,165.0,0.0,0.0,0.0,220.0,1100.0,,5.0
uNb9QFRL6hY,q_0.975,3,220,1980,23,18,38,50,50,3,113,104,4,4,4,0,0.25,14.5,0.06844369622147399,0.6950353535353536,0.05849645061728396,0.6875108024691359,-0.6365389029180696,0.6190671062476618,0.4684953703703703,0.46849537037037037,0.4767925925925925,0.0,330.0,495.0,1155.0,495.0,495.0,0.0,2.0,22.0,0.0,0.0,11.0,
uNb9QFRL6hY,q_0.975,4,495,3960,23,18,38,50,50,1,232,262,1,1,1,0,0.0,15.0,0.06487015993265993,0.6861973028900111,0.062259606481481475,0.665361226851852,-0.6239376964085297,0.600491066919192,0.46849537037037037,0.4684953703703704,0.45324166666666676,0.0,660.0,990.0,2310.0,990.0,990.0,0.0,0.0,0.0,0.0,0.0,,
uNb9QFRL6hY,q_0.975,5,792,5544,23,18,38,50,50,0,414,378,0,0,0,0,,,0.06276681497514831,0.6804893378226711,0.05503666666666668,0.6779598148148148,-0.6254526711560044,0.6151929998396665,0.4684953703703703,0.46849537037037037,0.4847599999999999,0.0,924.0,1386.0,3234.0,1386.0,1386.0,0.0,0.0,0.0,0.0,0.0,,
uNb9QFRL6hY,q_0.975,6,924,5544,23,18,38,50,50,0,528,396,0,0,0,0,,,0.061264655483405484,0.6763693732964566,0.05668518518518519,0.6745425154320988,-0.6196841881112714,0.6132778599486934,0.4684953703703703,0.4684953703703704,0.47296851851851857,0.0,924.0,1386.0,3234.0,1386.0,1386.0,0.0,0.0,0.0,0.0,0.0,,
uNb9QFRL6hY,q_0.975,7,792,3960,23,18,38,50,50,0,428,364,0,0,0,0,,,0.06013806717973384,0.6732786295494629,0.059610185185185176,0.652743187830688,-0.6136684443642777,0.592605120650954,0.46849537037037037,0.4684953703703703,0.4291698412698412,0.0,660.0,990.0,2310.0,990.0,990.0,0.0,0.0,0.0,0.0,0.0,,
uNb9QFRL6hY,q_0.975,8,495,1980,23,18,38,50,50,0,294,201,0,0,0,0,,,0.05924054783950618,0.6709079510381594,0.05627662037037038,0.6604444444444444,-0.614631330667789,0.6012038966049382,0.4684953703703704,0.4684953703703704,0.45285694444444435,0.0,330.0,495.0,1155.0,495.0,495.0,0.0,0.0,0.0,0.0,0.0,,
uNb9QFRL6hY,q_0.975,9,220,660,23,18,38,50,50,0,141,79,0,0,0,0,,,0.05845908155630378,0.6690541994014216,0.056249434156378605,0.6593668209876543,-0.6128047652450431,0.6009077394313503,0.4684953703703703,0.4684953703703703,0.4446783950617285,0.0,110.0,165.0,385.0,165.0,165.0,0.0,0.0,0.0,0.0,0.0,,
uNb9QFRL6hY,q_0.975,10,66,132,23,18,38,50,50,0,41,25,0,0,0,0,,,0.057883627946127954,0.6676218434343435,0.05510541666666667,0.6584506481481481,-0.6125164267676768,0.6005670202020201,0.46849537037037037,0.4684953703703703,0.45840833333333336,0.0,22.0,33.0,77.0,33.0,33.0,0.0,0.0,0.0,0.0,0.0,,
uNb9QFRL6hY,q_0.975,11,12,12,23,18,38,50,50,0,9,3,0,0,0,0,,,0.05733796296296297,0.6664583333333333,0.05268303872053872,0.6585771885521886,-0.6137752946127947,0.6012392255892257,0.4684953703703703,0.4684953703703703,0.46456313131313126,0.0,2.0,3.0,7.0,3.0,3.0,0.0,0.0,0.0,0.0,0.0,,
wc2JMjhGNzB,ospa30_t6,all,14,28,23,18,46,46,50,0,9,5,1,1,1,1,1.0,2.0,0.21026124338624338,0.7511722883597883,0.17619821716126063,0.6389237606395216,-0.5749740711985277,0.42866251725327814,0.3636805555555556,0.3636805555555555,0.3003486197377502,0.1173913043478261,0.0,14.0,14.0,7.0,7.0,7.0,0.0,0.0,0.0,0.0,,
wc2JMjhGNzB,ospa30_t6,1,4,12,23,18,46,46,46,0,2,2,1,1,1,1,1.0,2.0,0.2587037037037037,0.8100462962962962,0.19472524154589382,0.678455615942029,-0.6153210547504024,0.4197519122383253,0.36368055555555556,0.3636805555555555,0.3025785024154589,0.2608695652173913,0.0,6.0,6.0,3.0,3.0,3.0,0.0,0.0,0.0,0.0,,
wc2JMjhGNzB,ospa30_t6,2,6,12,23,18,46,50,50,0,4,2,0,0,0,0,,,0.19150462962962966,0.7489699074074073,0.17014166666666672,0.6313375000000002,-0.5788282407407407,0.43983287037037044,0.36368055555555556,0.36368055555555556,0.30431666666666674,0.09999999999999999,0.0,6.0,6.0,3.0,3.0,3.0,0.0,0.0,0.0,0.0,,
wc2JMjhGNzB,ospa30_t6,3,4,4,23,18,46,50,50,0,3,1,0,0,0,0,,,0.1899537037037037,0.6956018518518519,0.16675601851851857,0.6107712962962963,-0.5288458333333333,0.42081759259259266,0.36368055555555556,0.3636805555555556,0.29216666666666663,0.0,0.0,2.0,2.0,1.0,1.0,1.0,0.0,0.0,0.0,0.0,,
wc2JMjhGNzB,q_0.800,all,14,28,23,18,46,46,50,5,8,1,6,6,6,1,0.16666666666666666,4.833333333333333,0.3742791005291006,0.4749867724867725,0.2821804822291235,0.5213957686335403,-0.19280629025764898,0.14711666810443985,0.08055555555555556,0.08055555555555556,0.23688086036346906,0.1654658385093168,7.0,14.0,7.0,14.0,14.0,7.0,1.0,0.0,62.0,190.0,0.0,3.064516129032258
wc2JMjhGNzB,q_0.800,1,4,12,23,18,46,46,46,1,2,1,2,2,2,1,0.5,3.5,0.4156481481481481,0.5171759259259259,0.3054091183574879,0.5344806763285025,-0.21176680756843802,0.11883252818035431,0.08055555555555556,0.08055555555555556,0.22879227053140097,0.2391304347826087,3.0,6.0,3.0,6.0,6.0,3.0,0.0,0.0,33.0,75.0,,2.272727272727273
wc2JMjhGNzB,q_0.800,2,6,12,23,18,46,50,50,3,3,0,3,3,3,0,0.0,5.666666666666667,0.3683796296296296,0.4683333333333333,0.2696798611111111,0.5225020833333333,-0.19865347222222227,0.15412245370370367,0.08055555555555555,0.08055555555555555,0.2508888888888889,0.16,3.0,6.0,3.0,6.0,6.0,3.0,1.0,0.0,24.0,84.0,0.0,3.5
wc2JMjhGNzB,q_0.800,3,4,4,23,18,46,50,50,1,3,0,1,1,1,0,0.0,5.0,0.34175925925925926,0.4427777777777778,0.2777027777777778,0.5066513888888888,-0.16507500000000003,0.1648921296296296,0.08055555555555556,0.08055555555555555,0.2239574074074074,0.1,1.0,2.0,1.0,2.0,2.0,1.0,0.0,0.0,5.0,31.0,,6.2
wc2JMjhGNzB,q_0.850,all,14,28,23,18,46,46,50,5,8,1,6,6,6,1,0.16666666666666666,4.833333333333333,0.3742791005291006,0.4749867724867725,0.2834500819530711,0.523933330457787,-0.19153669053370143,0.14965422992868646,0.08055555555555556,0.08055555555555556,0.2384858120542903,0.1654658385093168,7.0,14.0,7.0,14.0,14.0,7.0,1.0,0.0,62.0,202.0,0.0,3.2580645161290325
wc2JMjhGNzB,q_0.850,1,4,12,23,18,46,46,46,1,2,1,2,2,2,1,0.5,3.5,0.4156481481481481,0.5171759259259259,0.3068221618357488,0.5363858695652174,-0.21035376409017714,0.12073772141706926,0.08055555555555556,0.08055555555555556,0.22954710144927537,0.2391304347826087,3.0,6.0,3.0,6.0,6.0,3.0,0.0,0.0,33.0,75.0,,2.272727272727273
wc2JMjhGNzB,q_0.850,2,6,12,23,18,46,50,50,3,3,0,3,3,3,0,0.0,5.666666666666667,0.3683796296296296,0.4683333333333333,0.2706131944444445,0.5255375,-0.19772013888888892,0.15715787037037035,0.08055555555555555,0.08055555555555555,0.25347499999999995,0.16,3.0,6.0,3.0,6.0,6.0,3.0,1.0,0.0,24.0,96.0,0.0,4.0
wc2JMjhGNzB,q_0.850,3,4,4,23,18,46,50,50,1,3,0,1,1,1,0,0.0,5.0,0.34175925925925926,0.4427777777777778,0.2793333333333333,0.5090745370370371,-0.1634444444444445,0.1673152777777778,0.08055555555555556,0.08055555555555555,0.22494074074074072,0.1,1.0,2.0,1.0,2.0,2.0,1.0,0.0,0.0,5.0,31.0,,6.2
wc2JMjhGNzB,q_0.900,all,14,28,23,18,46,46,50,5,8,1,6,6,6,1,0.16666666666666666,4.833333333333333,0.3742791005291006,0.4749867724867725,0.274237702726018,0.5392770560156429,-0.20074906976075457,0.16499795548654253,0.08055555555555556,0.08055555555555556,0.2652296353807223,0.16596273291925465,7.0,14.0,7.0,14.0,14.0,7.0,1.0,0.0,64.0,221.0,0.0,3.453125
wc2JMjhGNzB,q_0.900,1,4,12,23,18,46,46,46,1,2,1,2,2,2,1,0.5,3.5,0.4156481481481481,0.5171759259259259,0.29618508454106285,0.5522629830917875,-0.22099084138486302,0.13661483494363932,0.08055555555555556,0.08055555555555556,0.258756038647343,0.2608695652173913,3.0,6.0,3.0,6.0,6.0,3.0,0.0,0.0,36.0,102.0,,2.8333333333333335
wc2JMjhGNzB,q_0.900,2,6,12,23,18,46,50,50,3,3,0,3,3,3,0,0.0,5.666666666666667,0.3683796296296296,0.4683333333333333,0.2577451388888889,0.5427708333333334,-0.21058819444444446,0.17439120370370378,0.08055555555555555,0.08055555555555555,0.286075,0.16,3.0,6.0,3.0,6.0,6.0,3.0,1.0,0.0,24.0,99.0,0.0,4.125
wc2JMjhGNzB,q_0.900,3,4,4,23,18,46,50,50,1,3,0,1,1,1,0,0.0,5.0,0.34175925925925926,0.4427777777777778,0.27702916666666666,0.521050462962963,-0.16574861111111117,0.17929120370370372,0.08055555555555556,0.08055555555555555,0.2404351851851852,0.08,1.0,2.0,1.0,2.0,2.0,1.0,0.0,0.0,4.0,20.0,,5.0
wc2JMjhGNzB,q_0.925,all,14,28,23,18,46,46,50,1,1,12,3,3,2,1,6.0,8.333333333333334,0.14978339947089947,0.5800810185185187,0.17313696514837815,0.5902494421440074,-0.4069440533701402,0.4404660426731079,0.2734027777777778,0.2734027777777777,0.2822225730388774,0.18459627329192552,0.0,7.0,21.0,7.0,7.0,7.0,0.0,0.0,0.0,0.0,,
wc2JMjhGNzB,q_0.925,1,4,12,23,18,46,46,46,0,1,3,1,1,1,1,1.0,2.0,0.18416666666666665,0.6249537037037037,0.20488979468599033,0.6226086956521739,-0.4200639090177134,0.4384420289855072,0.2734027777777778,0.27340277777777783,0.27800724637681157,0.32608695652173914,0.0,3.0,9.0,3.0,3.0,3.0,0.0,0.0,0.0,0.0,,
wc2JMjhGNzB,q_0.925,2,6,12,23,18,46,50,50,1,0,5,2,2,1,0,8.5,11.5,0.14193287037037036,0.5749421296296297,0.16252916666666664,0.5885944444444444,-0.4124129629629629,0.4466615740740741,0.27340277777777783,0.2734027777777778,0.295575,0.16,0.0,3.0,9.0,3.0,3.0,3.0,0.0,0.0,0.0,0.0,,
wc2JMjhGNzB,q_0.925,3,4,4,23,18,46,50,50,0,0,4,0,0,0,0,,,0.12717592592592591,0.5429166666666666,0.15729583333333327,0.5603726851851852,-0.3856208333333334,0.4331967592592593,0.2734027777777778,0.2734027777777778,0.2664092592592593,0.08,0.0,1.0,3.0,1.0,1.0,1.0,0.0,0.0,0.0,0.0,,
wc2JMjhGNzB,q_0.950,all,14,28,23,18,46,46,50,2,8,4,6,6,4,1,3.8333333333333335,11.666666666666666,0.198968253968254,0.6017906746031746,0.17237328329882678,0.5867511056475732,-0.42941739130434786,0.38778285167931914,0.2519444444444444,0.25194444444444436,0.3095642339544514,0.15316770186335407,0.0,14.0,14.0,14.0,14.0,7.0,0.0,0.0,0.0,0.0,,
wc2JMjhGNzB,q_0.950,1,4,12,23,18,46,46,46,0,2,2,2,2,2,1,1.0,9.0,0.2434722222222222,0.6518518518518518,0.20840579710144927,0.6165081521739131,-0.44344605475040266,0.3730359299516908,0.2519444444444444,0.2519444444444444,0.29911231884057976,0.32608695652173914,0.0,6.0,6.0,6.0,6.0,3.0,0.0,0.0,0.0,0.0,,
wc2JMjhGNzB,q_0.950,2,6,12,23,18,46,50,50,2,3,1,3,3,2,0,4.333333333333333,12.333333333333334,0.18884259259259262,0.5888541666666667,0.1642902777777778,0.5783465277777778,-0.4245638888888888,0.38950393518518517,0.25194444444444447,0.2519444444444444,0.3103861111111112,0.09999999999999999,0.0,6.0,6.0,6.0,6.0,3.0,0.0,0.0,0.0,0.0,,
wc2JMjhGNzB,q_0.950,3,4,4,23,18,46,50,50,0,3,1,1,1,0,0,8.0,15.0,0.16965277777777776,0.5711342592592592,0.14846527777777777,0.5696009259259259,-0.42266898148148146,0.39994814814814816,0.2519444444444444,0.2519444444444444,0.31878333333333336,0.06,0.0,2.0,2.0,2.0,2.0,1.0,0.0,0.0,0.0,0.0,,
wc2JMjhGNzB,q_0.975,all,14,28,23,18,46,46,50,0,7,7,1,1,1,1,1.0,2.0,0.16469907407407408,0.8534738756613757,0.12305813923395445,0.7630611887508627,-0.7304157364274213,0.5983621146767886,0.47354166666666664,0.47354166666666675,0.4740919197147458,0.08111801242236026,0.0,7.0,21.0,7.0,7.0,7.0,0.0,0.0,0.0,0.0,,
wc2JMjhGNzB,q_0.975,1,4,12,23,18,46,46,46,0,1,3,1,1,1,1,1.0,2.0,0.19124999999999998,0.9141203703703703,0.13299064009661837,0.782234299516908,-0.7811297302737519,0.5909842995169081,0.47354166666666664,0.47354166666666664,0.45693236714975843,0.17391304347826086,0.0,3.0,9.0,3.0,3.0,3.0,0.0,0.0,0.0,0.0,,
wc2JMjhGNzB,q_0.975,2,6,12,23,18,46,50,50,0,3,3,0,0,0,0,,,0.15506944444444443,0.8517939814814816,0.12004652777777776,0.7616902777777778,-0.7317474537037038,0.6066208333333333,0.4735416666666666,0.4735416666666667,0.48084722222222226,0.06,0.0,3.0,9.0,3.0,3.0,3.0,0.0,0.0,0.0,0.0,,
wc2JMjhGNzB,q_0.975,3,4,4,23,18,46,50,50,0,3,1,0,0,0,0,,,0.1525925925925926,0.7953472222222222,0.11764305555555556,0.7459444444444444,-0.6777041666666666,0.5933518518518519,0.47354166666666664,0.47354166666666664,0.4811185185185185,0.02,0.0,1.0,3.0,1.0,1.0,1.0,0.0,0.0,0.0,0.0,,
yqstnuAEVhm,ospa30_t6,all,126,441,23,18,43,43,50,4,119,3,4,4,4,0,0.0,8.75,0.24173243680188125,0.5618303571428571,0.18373563191282827,0.5884713280320741,-0.37809472523002885,0.34673889123019297,0.22214285714285714,0.22214285714285714,0.3192830461048904,0.026253229974160207,126.0,315.0,0.0,126.0,126.0,0.0,2.0,4.0,240.0,726.0,2.0,3.025
yqstnuAEVhm,ospa30_t6,1,7,42,23,18,43,43,43,2,5,0,2,2,2,0,0.0,6.0,0.292989417989418,0.6137433862433862,0.2197702104097453,0.6178008490217792,-0.39397317583364094,0.3248114310323613,0.22214285714285714,0.22214285714285717,0.32135658914728676,0.23255813953488372,12.0,30.0,0.0,12.0,12.0,0.0,2.0,4.0,120.0,276.0,2.0,2.3
yqstnuAEVhm,ospa30_t6,2,21,105,23,18,43,50,50,1,18,2,1,1,1,0,0.0,6.0,0.25499074074074074,0.5776097883597884,0.1871293650793651,0.600259126984127,-0.39048042328042326,0.3452683862433862,0.22214285714285711,0.22214285714285714,0.33834722222222235,0.08000000000000002,30.0,75.0,0.0,30.0,30.0,0.0,0.0,0.0,120.0,450.0,,3.75
yqstnuAEVhm,ospa30_t6,3,35,140,23,18,43,50,50,1,33,1,1,1,1,0,0.0,17.0,0.24149867724867724,0.5613108465608466,0.17662751322751322,0.5973812169312168,-0.3846833333333334,0.3558825396825396,0.22214285714285711,0.22214285714285711,0.33242962962962963,0.0,40.0,100.0,0.0,40.0,40.0,0.0,0.0,0.0,0.0,0.0,,
yqstnuAEVhm,ospa30_t6,4,35,105,23,18,43,50,50,0,35,0,0,0,0,0,,,0.23367063492063492,0.5537334656084657,0.18694841269841272,0.572846626984127,-0.3667850529100529,0.3391759920634921,0.22214285714285711,0.22214285714285714,0.2981902777777778,0.0,30.0,75.0,0.0,30.0,30.0,0.0,0.0,0.0,0.0,0.0,,
yqstnuAEVhm,ospa30_t6,5,21,42,23,18,43,50,50,0,21,0,0,0,0,0,,,0.22986375661375663,0.5490899470899472,0.17568650793650792,0.5807609523809525,-0.3734034391534392,0.35089719576719575,0.22214285714285711,0.22214285714285714,0.3157255555555556,0.0,12.0,30.0,0.0,12.0,12.0,0.0,0.0,0.0,0.0,0.0,,
yqstnuAEVhm,ospa30_t6,6,7,7,23,18,43,50,50,0,7,0,0,0,0,0,,,0.2277843915343915,0.543882275132275,0.18114391534391533,0.5804835978835978,-0.3627383597883598,0.3526992063492064,0.22214285714285717,0.22214285714285714,0.31042037037037035,0.0,2.0,5.0,0.0,2.0,2.0,0.0,0.0,0.0,0.0,0.0,,
yqstnuAEVhm,q_0.800,all,126,441,23,18,43,43,50,6,102,18,8,8,8,2,0.25,8.625,0.270174088771311,0.5383470385067609,0.22957140042451088,0.5266830750379394,-0.30877563808224984,0.25650898626662844,0.18376984126984125,0.1837698412698413,0.22266100332567718,0.15310077519379844,63.0,252.0,126.0,126.0,126.0,63.0,1.0,9.0,511.0,2495.0,9.0,4.882583170254403
yqstnuAEVhm,q_0.800,1,7,42,23,18,43,43,43,1,4,2,2,2,2,1,0.5,3.5,0.336600529100529,0.6058068783068783,0.2739654854189738,0.567077334809893,-0.33184139288790454,0.23047680570936388,0.18376984126984128,0.18376984126984125,0.2223320413436693,0.2558139534883721,6.0,24.0,12.0,12.0,12.0,6.0,0.0,0.0,66.0,150.0,,2.272727272727273
yqstnuAEVhm,q_0.800,2,21,105,23,18,43,50,50,2,15,4,3,3,3,1,0.3333333333333333,10.0,0.28545634920634916,0.5537063492063491,0.23467500000000002,0.5433904761904762,-0.31903134920634924,0.25793412698412704,0.18376984126984128,0.18376984126984125,0.2397444444444445,0.16000000000000003,15.0,60.0,30.0,30.0,30.0,15.0,1.0,9.0,120.0,510.0,9.0,4.25
yqstnuAEVhm,q_0.800,3,35,140,23,18,43,50,50,2,28,5,2,2,2,0,0.0,10.0,0.269114417989418,0.537880291005291,0.22226322751322752,0.532075396825397,-0.3156170634920634,0.26296097883597885,0.18376984126984128,0.18376984126984128,0.23428703703703704,0.13999999999999999,20.0,80.0,40.0,40.0,40.0,20.0,0.0,0.0,140.0,880.0,,6.285714285714286
yqstnuAEVhm,q_0.800,4,35,105,23,18,43,50,50,1,29,5,1,1,1,0,0.0,12.0,0.2609993386243386,0.5281534391534392,0.236289880952381,0.5127738095238096,-0.29186355820105814,0.25177447089947097,0.18376984126984125,0.18376984126984125,0.1990208333333333,0.21999999999999997,15.0,60.0,30.0,30.0,30.0,15.0,0.0,0.0,165.0,825.0,,5.0
yqstnuAEVhm,q_0.800,5,21,42,23,18,43,50,50,0,19,2,0,0,0,0,,,0.25548677248677254,0.5239894179894181,0.21562158730158726,0.5143812698412699,-0.3083678306878307,0.25889449735449743,0.1837698412698413,0.18376984126984128,0.2252255555555555,0.06000000000000001,6.0,24.0,12.0,12.0,12.0,6.0,0.0,0.0,18.0,114.0,,6.333333333333333
yqstnuAEVhm,q_0.800,6,7,7,23,18,43,50,50,0,7,0,0,0,0,0,,,0.2531349206349206,0.5211838624338624,0.214664417989418,0.515656746031746,-0.30651944444444446,0.26252182539682545,0.18376984126984128,0.18376984126984125,0.22411666666666671,0.04,1.0,4.0,2.0,2.0,2.0,1.0,0.0,0.0,2.0,16.0,,8.0
yqstnuAEVhm,q_0.850,all,126,441,23,18,43,43,50,6,102,18,8,8,8,2,0.25,9.125,0.2679101631393298,0.5380329218106996,0.23097295245272967,0.5301312766088347,-0.30705996935797,0.262221113469505,0.18575396825396825,0.18575396825396823,0.22356636627906978,0.15310077519379844,63.0,252.0,126.0,126.0,126.0,63.0,1.0,9.0,511.0,2591.0,9.0,5.070450097847358
yqstnuAEVhm,q_0.850,1,7,42,23,18,43,43,43,1,4,2,2,2,2,1,0.5,3.5,0.3334391534391535,0.603399470899471,0.274719453672942,0.5690190107050571,-0.3286800172265289,0.23557985726590375,0.18575396825396825,0.18575396825396823,0.22281653746770028,0.2558139534883721,6.0,24.0,12.0,12.0,12.0,6.0,0.0,0.0,66.0,150.0,,2.272727272727273
yqstnuAEVhm,q_0.850,2,21,105,23,18,43,50,50,2,15,4,3,3,3,1,0.3333333333333333,10.0,0.2833095238095238,0.5546547619047618,0.2349376984126984,0.5459214285714287,-0.31971706349206347,0.26261190476190477,0.18575396825396828,0.18575396825396825,0.24121111111111113,0.16000000000000003,15.0,60.0,30.0,30.0,30.0,15.0,1.0,9.0,120.0,555.0,9.0,4.625
yqstnuAEVhm,q_0.850,3,35,140,23,18,43,50,50,2,28,5,2,2,2,0,0.0,11.0,0.26714550264550274,0.5377830687830688,0.22480714285714287,0.5367134920634921,-0.3129759259259259,0.2695679894179895,0.18575396825396825,0.18575396825396825,0.2351648148148148,0.13999999999999999,20.0,80.0,40.0,40.0,40.0,20.0,0.0,0.0,140.0,900.0,,6.428571428571429
yqstnuAEVhm,q_0.850,4,35,105,23,18,43,50,50,1,29,5,1,1,1,0,0.0,14.0,0.25886706349206345,0.5282883597883599,0.23731448412698414,0.5157174603174605,-0.29097387566137567,0.2568503968253968,0.18575396825396823,0.18575396825396825,0.19974861111111114,0.21999999999999997,15.0,60.0,30.0,30.0,30.0,15.0,0.0,0.0,165.0,855.0,,5.181818181818182
yqstnuAEVhm,q_0.850,5,21,42,23,18,43,50,50,0,19,2,0,0,0,0,,,0.25301058201058196,0.5226521164021164,0.216841746031746,0.518007777777778,-0.30581037037037034,0.2649971957671958,0.18575396825396825,0.18575396825396823,0.22632555555555553,0.06000000000000001,6.0,24.0,12.0,12.0,12.0,6.0,0.0,0.0,18.0,114.0,,6.333333333333333
yqstnuAEVhm,q_0.850,6,7,7,23,18,43,50,50,0,7,0,0,0,0,0,,,0.24992063492063488,0.5189153439153439,0.21684722222222222,0.5194015873015874,-0.30206812169312175,0.2694809523809524,0.18575396825396825,0.18575396825396825,0.22420092592592591,0.04,1.0,4.0,2.0,2.0,2.0,1.0,0.0,0.0,2.0,17.0,,8.5
yqstnuAEVhm,q_0.900,all,126,441,23,18,43,43,50,8,102,16,8,8,8,0,0.0,9.875,0.2563720238095238,0.5228974500293945,0.2083095760018047,0.5355590660247732,-0.31458787402758975,0.2791870422152495,0.18527777777777776,0.1852777777777778,0.2575686776246531,0.12421188630490959,126.0,252.0,63.0,126.0,126.0,0.0,4.0,18.0,860.0,4842.0,4.5,5.630232558139535
yqstnuAEVhm,q_0.900,1,7,42,23,18,43,43,43,2,4,1,2,2,2,0,0.0,5.0,0.31633597883597886,0.5851719576719577,0.2546308600959764,0.5731109265411591,-0.33054109757598127,0.2567749477051802,0.1852777777777778,0.1852777777777778,0.25414082687338496,0.2558139534883721,12.0,24.0,6.0,12.0,12.0,0.0,2.0,0.0,132.0,408.0,0.0,3.090909090909091
yqstnuAEVhm,q_0.900,2,21,105,23,18,43,50,50,3,15,3,3,3,3,0,0.0,11.0,0.2711216931216931,0.5394761904761906,0.21813015873015876,0.5422289682539682,-0.32134603174603166,0.27110727513227506,0.18527777777777776,0.1852777777777778,0.2580861111111111,0.16000000000000003,30.0,60.0,15.0,30.0,30.0,0.0,2.0,18.0,240.0,1290.0,9.0,5.375
yqstnuAEVhm,q_0.900,3,35,140,23,18,43,50,50,2,28,5,2,2,2,0,0.0,11.0,0.2558789682539682,0.5227486772486772,0.20115978835978834,0.5394468253968255,-0.32158888888888887,0.28356785714285715,0.18527777777777782,0.18527777777777776,0.2684907407407408,0.12000000000000001,40.0,80.0,20.0,40.0,40.0,0.0,0.0,0.0,240.0,1720.0,,7.166666666666667
yqstnuAEVhm,q_0.900,4,35,105,23,18,43,50,50,1,29,5,1,1,1,0,0.0,14.0,0.2479563492063492,0.5135191798941798,0.21128769841269843,0.5281696428571429,-0.3022314814814815,0.2802132936507937,0.18527777777777776,0.1852777777777778,0.24477222222222222,0.13999999999999999,30.0,60.0,15.0,30.0,30.0,0.0,0.0,0.0,210.0,1020.0,,4.857142857142857
yqstnuAEVhm,q_0.900,5,21,42,23,18,43,50,50,0,19,2,0,0,0,0,,,0.24225925925925926,0.5078677248677248,0.19461317460317462,0.5232073015873014,-0.3132545502645502,0.2809480423280422,0.1852777777777778,0.1852777777777778,0.2587333333333334,0.06000000000000001,12.0,24.0,6.0,12.0,12.0,0.0,0.0,0.0,36.0,396.0,,11.0
yqstnuAEVhm,q_0.900,6,7,7,23,18,43,50,50,0,7,0,0,0,0,0,,,0.23904100529100528,0.5036111111111111,0.19447407407407405,0.532561111111111,-0.3091370370370371,0.29352010582010585,0.1852777777777778,0.18527777777777774,0.26532222222222224,0.02,2.0,4.0,1.0,2.0,2.0,0.0,0.0,0.0,2.0,8.0,,4.0
yqstnuAEVhm,q_0.925,all,126,441,23,18,43,43,50,6,84,36,6,6,6,0,0.0,9.166666666666666,0.21401517489711935,0.596255033803645,0.1896958258650862,0.5780758221224177,-0.40655920793855876,0.36406064722529824,0.26369047619047614,0.26369047619047625,0.2732975527562445,0.10012919896640829,126.0,189.0,126.0,126.0,126.0,0.0,4.0,18.0,740.0,3000.0,4.5,4.054054054054054
yqstnuAEVhm,q_0.925,1,7,42,23,18,43,43,43,2,3,2,2,2,2,0,0.0,5.0,0.26279100529100524,0.6578042328042327,0.22210778885197488,0.6186637135474345,-0.4356964439522579,0.3558727082564293,0.2636904761904762,0.2636904761904762,0.2799095607235142,0.3023255813953489,12.0,18.0,12.0,12.0,12.0,0.0,2.0,0.0,156.0,468.0,0.0,3.0
yqstnuAEVhm,q_0.925,2,21,105,23,18,43,50,50,3,11,7,3,3,3,0,0.0,11.0,0.22458862433862437,0.614792328042328,0.1921388888888889,0.5960789682539684,-0.42265343915343906,0.37149034391534397,0.2636904761904762,0.2636904761904762,0.29461388888888884,0.14000000000000004,30.0,45.0,30.0,30.0,30.0,0.0,2.0,18.0,210.0,840.0,9.0,4.0
yqstnuAEVhm,q_0.925,3,35,140,23,18,43,50,50,1,25,9,1,1,1,0,0.0,12.0,0.2126084656084656,0.5967817460317459,0.18777910052910055,0.5770214285714285,-0.4090026455026455,0.3644129629629628,0.26369047619047614,0.26369047619047614,0.2723907407407408,0.12000000000000001,40.0,60.0,40.0,40.0,40.0,0.0,0.0,0.0,240.0,1480.0,,6.166666666666667
yqstnuAEVhm,q_0.925,4,35,105,23,18,43,50,50,0,26,9,0,0,0,0,,,0.2075390211640212,0.5859755291005292,0.19217757936507937,0.5655174603174603,-0.39379794973544974,0.35797843915343913,0.2636904761904762,0.2636904761904762,0.25620972222222216,0.08,30.0,45.0,30.0,30.0,30.0,0.0,0.0,0.0,120.0,60.0,,0.5
yqstnuAEVhm,q_0.925,5,21,42,23,18,43,50,50,0,14,7,0,0,0,0,,,0.20425661375661375,0.5797010582010581,0.17947873015873017,0.5703273015873017,-0.40022232804232805,0.36607068783068786,0.2636904761904762,0.2636904761904762,0.2768122222222223,0.020000000000000004,12.0,18.0,12.0,12.0,12.0,0.0,0.0,0.0,12.0,144.0,,12.0
yqstnuAEVhm,q_0.925,6,7,7,23,18,43,50,50,0,5,2,0,0,0,0,,,0.2022089947089947,0.5775198412698412,0.1777808201058201,0.5747878306878308,-0.39973902116402116,0.37257883597883595,0.26369047619047625,0.2636904761904762,0.28216574074074074,0.02,2.0,3.0,2.0,2.0,2.0,0.0,0.0,0.0,2.0,8.0,,4.0
yqstnuAEVhm,q_0.950,all,126,441,23,18,43,43,50,4,95,27,4,4,4,0,0.0,8.0,0.2205827087007642,0.5991886022927692,0.19037702816742547,0.5950303706438075,-0.40881157412534347,0.37444766194304313,0.26099206349206344,0.26099206349206355,0.2934770242367691,0.11457364341085273,126.0,189.0,126.0,126.0,126.0,0.0,2.0,0.0,838.0,4862.0,0.0,5.801909307875895
yqstnuAEVhm,q_0.950,1,7,42,23,18,43,43,43,2,3,2,2,2,2,0,0.0,5.0,0.26661375661375664,0.654510582010582,0.2188058324104836,0.6263953488372094,-0.43570474960009836,0.35978159222345274,0.2609920634920635,0.2609920634920635,0.30093023255813955,0.3023255813953489,12.0,18.0,12.0,12.0,12.0,0.0,2.0,0.0,156.0,564.0,0.0,3.6153846153846154
yqstnuAEVhm,q_0.950,2,21,105,23,18,43,50,50,1,15,5,1,1,1,0,0.0,5.0,0.23121428571428573,0.6177103174603175,0.18806746031746038,0.6130865079365079,-0.4296428571428571,0.3818722222222222,0.2609920634920635,0.2609920634920635,0.32253888888888876,0.18000000000000002,30.0,45.0,30.0,30.0,30.0,0.0,0.0,0.0,270.0,1410.0,,5.222222222222222
yqstnuAEVhm,q_0.950,3,35,140,23,18,43,50,50,1,25,9,1,1,1,0,0.0,17.0,0.2197744708994709,0.5992189153439155,0.18961349206349212,0.5977283068783068,-0.40960542328042326,0.377953835978836,0.26099206349206344,0.26099206349206344,0.2961185185185185,0.10000000000000002,40.0,60.0,40.0,40.0,40.0,0.0,0.0,0.0,200.0,1440.0,,7.2
yqstnuAEVhm,q_0.950,4,35,105,23,18,43,50,50,0,26,9,0,0,0,0,,,0.21386375661375664,0.5897936507936509,0.19366964285714286,0.5820988095238094,-0.3961240079365079,0.3682350529100529,0.2609920634920635,0.26099206349206344,0.2735958333333333,0.13999999999999999,30.0,45.0,30.0,30.0,30.0,0.0,0.0,0.0,210.0,1440.0,,6.857142857142857
yqstnuAEVhm,q_0.950,5,21,42,23,18,43,50,50,0,19,2,0,0,0,0,,,0.21101984126984125,0.5840251322751321,0.18178396825396825,0.5845365079365079,-0.40224116402116405,0.37351666666666666,0.26099206349206344,0.26099206349206344,0.2902244444444444,0.0,12.0,18.0,12.0,12.0,12.0,0.0,0.0,0.0,0.0,0.0,,
yqstnuAEVhm,q_0.950,6,7,7,23,18,43,50,50,0,7,0,0,0,0,0,,,0.20898148148148146,0.5806150793650795,0.1820107142857143,0.592146693121693,-0.39860436507936514,0.38316521164021156,0.2609920634920635,0.2609920634920635,0.2947944444444444,0.02,2.0,3.0,2.0,2.0,2.0,0.0,0.0,0.0,2.0,8.0,,4.0
yqstnuAEVhm,q_0.975,all,126,441,23,18,43,43,50,1,24,101,3,3,1,0,6.0,12.0,0.030737727807172252,0.7625732289829511,0.04540292273354936,0.7059003760100078,-0.7171703062494017,0.6751626482028354,0.5349206349206349,0.534920634920635,0.4481283068953967,0.02348837209302326,63.0,126.0,252.0,126.0,63.0,0.0,0.0,0.0,92.0,436.0,,4.739130434782608
yqstnuAEVhm,q_0.975,1,7,42,23,18,43,43,43,1,2,4,2,2,1,0,6.0,12.0,0.0674074074074074,0.8031878306878307,0.08058231819859726,0.7555251015134736,-0.7226055124892335,0.688117694106066,0.5349206349206349,0.5349206349206349,0.4457816537467699,0.16279069767441864,6.0,12.0,24.0,12.0,6.0,0.0,0.0,0.0,42.0,96.0,,2.2857142857142856
yqstnuAEVhm,q_0.975,2,21,105,23,18,43,50,50,0,7,14,1,1,0,0,6.0,12.0,0.036408730158730154,0.77539417989418,0.04951507936507937,0.7378369047619048,-0.7258791005291005,0.7014281746031746,0.5349206349206349,0.534920634920635,0.4931222222222223,0.020000000000000004,15.0,30.0,60.0,30.0,15.0,0.0,0.0,0.0,15.0,30.0,,2.0
yqstnuAEVhm,q_0.975,3,35,140,23,18,43,50,50,0,5,30,0,0,0,0,,,0.029716269841269842,0.7627447089947089,0.03952777777777778,0.7099537037037036,-0.7232169312169312,0.6802374338624337,0.5349206349206349,0.5349206349206349,0.4640851851851853,0.02,20.0,40.0,80.0,40.0,20.0,0.0,0.0,0.0,20.0,160.0,,8.0
yqstnuAEVhm,q_0.975,4,35,105,23,18,43,50,50,0,10,25,0,0,0,0,,,0.02626521164021164,0.7555509259259259,0.04618055555555555,0.6939714285714285,-0.7093703703703705,0.6677062169312169,0.534920634920635,0.5349206349206349,0.4255347222222223,0.02,15.0,30.0,60.0,30.0,15.0,0.0,0.0,0.0,15.0,150.0,,10.0
yqstnuAEVhm,q_0.975,5,21,42,23,18,43,50,50,0,0,21,0,0,0,0,,,0.024269841269841268,0.7519179894179894,0.040526825396825394,0.6753307936507937,-0.711391164021164,0.6510609523809523,0.534920634920635,0.5349206349206348,0.4180511111111111,0.0,6.0,12.0,24.0,12.0,6.0,0.0,0.0,0.0,0.0,0.0,,
yqstnuAEVhm,q_0.975,6,7,7,23,18,43,50,50,0,0,7,0,0,0,0,,,0.02392857142857143,0.7497156084656085,0.03800291005291005,0.6915529100529101,-0.7117126984126985,0.6676243386243387,0.5349206349206349,0.5349206349206349,0.43890833333333334,0.0,1.0,2.0,4.0,2.0,1.0,0.0,0.0,0.0,0.0,0.0,,
