image_id,image,building,room,population,gt_object_id,gt_source,gt_version,gt_order_status,gt_ring_confirmed,ordered_source_pair_indices,selected_gt_pair_count,geometry_status,structural_occlusion,hidden_pair_count,hidden_pairs_1based,blocker_evidence,x_order_class,raw_structure_class,coarse_class,applicability_status,pending_or_inapplicable_reason,exception_source,reference_evidence_status,gt_evidence,image_review_evidence,scene_stratum,scene_review_status,oos_status,oos_source,oos_subtype,oos_subtype_source,doorway_status,doorway_source,doorway_annotation_source,annotatability_status,stable_nonorthogonal,source_image_tags,latest_scene_note,scope_explicit_tag,scope_existing_ledger,scope_comment_candidate,gt_substantive_error_mark,gt_detail_omission_mark,gt_uncertainty_explicit_tag,review_coverage
2t7WUuJeko7_3be66dc4f0fb46449d63b07d92c74f3f,2t7WUuJeko7-06,2t7WUuJeko7,G003,research_annotation_image,gt:2t7WUuJeko7_3be66dc4f0fb46449d63b07d92c74f3f:data/mp3d_layout/valid/label_cor/2t7WUuJeko7_3be66dc4f0fb46449d63b07d92c74f3f.txt,data/mp3d_layout/valid/label_cor/2t7WUuJeko7_3be66dc4f0fb46449d63b07d92c74f3f.txt,gt_original,original_gt_reference,False,"[0, 1, 2, 3]",4,valid_camera_inside,False,0,[],[],cyclic_increasing,简单,简单,applicable,,,source_identified_no_new_semantic_review,[],"[{""evidence_kind"": ""semantic_image_evidence"", ""record"": {""semantic_status"": ""resolved_by_coverage_followup"", ""summary"": """", ""reason"": ""最新图片补审明确选项"", ""needs_user_review"": false, ""classification_resolved"": true, ""tags"": [], ""source"": ""evidence/coverage.json#/decisions/2t7WUuJeko7_3be66dc4f0fb46449d63b07d92c74f3f"", ""gt_version_note"": ""当前查看来源为原始Matterport标签：data/mp3d_layout/valid/label_cor/2t7WUuJeko7_3be66dc4f0fb46449d63b07d92c74f3f.txt""}, ""source_object_id"": ""b7ad646fe3dc3b0d378e"", ""bundle_source"": ""analysis_results/research_input_20260929/preprocessed_source.json""}, {""evidence_kind"": ""coverage_review"", ""record"": {""source"": ""evidence/coverage.json#/decisions/2t7WUuJeko7_3be66dc4f0fb46449d63b07d92c74f3f"", ""raw_record"": {""status"": ""resolved"", ""oos"": ""in_scope"", ""doorway"": ""none"", ""tags"": [], ""comment"": """", ""view_context"": {""annotation_id"": ""b7ad646fe3dc3b0d378e"", ""gt"": ""gt_revised"", ""gt_source"": ""data/mp3d_layout/valid/label_cor/2t7WUuJeko7_3be66dc4f0fb46449d63b07d92c74f3f.txt"", ""all_workers"": true}, ""updated_at"": ""2026-09-28T06:12:03.511Z""}, ""effective_tags"": [], ""user_clarification"": """"}, ""source_object_id"": ""b7ad646fe3dc3b0d378e"", ""bundle_source"": ""analysis_results/research_input_20260929/preprocessed_source.json""}]",clear,explicit_not_oos_and_no_doorway,not_oos,analysis_results/review_source_audit_20261004/corrected_inventory/input.json,not_oos,,none,analysis_results/review_source_audit_20261004/corrected_inventory/input.json,,not_explicitly_resolved,False,[],,False,False,False,False,False,False,not_exhaustively_reviewed_for_scope_or_detail
2t7WUuJeko7_53937db036374126830e0f1203b04ead,2t7WUuJeko7-07,2t7WUuJeko7,,research_annotation_image,gt:2t7WUuJeko7_53937db036374126830e0f1203b04ead:data/mp3d_layout/valid/label_cor/2t7WUuJeko7_53937db036374126830e0f1203b04ead.txt,data/mp3d_layout/valid/label_cor/2t7WUuJeko7_53937db036374126830e0f1203b04ead.txt,gt_original,original_gt_reference,False,"[0, 1, 2, 3, 4, 5]",6,valid_camera_inside,True,1,[4],"[{""vertex_1based"": 4, ""status"": ""occluded_by_boundary"", ""blockers"": [{""edge_1based"": [5, 6], ""ray_fraction"": 0.18857124212709564, ""edge_fraction"": 0.022962733560362637, ""intersection_xy"": [-0.29010071200106474, 0.010292922081667988]}], ""contacts"": []}]",local_backtracking,困难,困难,applicable,,,source_identified_no_new_semantic_review,[],[],doorway_difficult,special_or_pending_keep_source_status,not_recorded,analysis_results/review_source_audit_20261004/corrected_inventory/input.json,not_recorded,,difficult,analysis_results/review_source_audit_20261004/corrected_inventory/input.json,analysis_results/review_source_audit_20261004/corrected_inventory/input.json,not_explicitly_resolved,False,[],,False,False,False,False,False,False,not_exhaustively_reviewed_for_scope_or_detail
2t7WUuJeko7_7b017f053981438a9c075e599f2c5866,2t7WUuJeko7-09,2t7WUuJeko7,G005,research_annotation_image,gt:2t7WUuJeko7_7b017f053981438a9c075e599f2c5866:data/mp3d_layout/valid/label_cor/2t7WUuJeko7_7b017f053981438a9c075e599f2c5866.txt,data/mp3d_layout/valid/label_cor/2t7WUuJeko7_7b017f053981438a9c075e599f2c5866.txt,gt_original,original_gt_reference,False,"[0, 1, 2, 3]",4,valid_camera_inside,False,0,[],[],cyclic_increasing,简单,简单,applicable,,,source_identified_no_new_semantic_review,[],[],unflagged,unflagged_not_certified_normal,not_recorded,analysis_results/review_source_audit_20261004/corrected_inventory/input.json,not_recorded,,not_recorded,analysis_results/review_source_audit_20261004/corrected_inventory/input.json,,not_explicitly_resolved,False,[],,False,False,False,False,False,False,not_exhaustively_reviewed_for_scope_or_detail
2t7WUuJeko7_976c954bc5944db493d6149ee4bc7a2a,2t7WUuJeko7-13,2t7WUuJeko7,G001,research_annotation_image,gt:2t7WUuJeko7_976c954bc5944db493d6149ee4bc7a2a:data/mp3d_layout/valid/label_cor/2t7WUuJeko7_976c954bc5944db493d6149ee4bc7a2a.txt,data/mp3d_layout/valid/label_cor/2t7WUuJeko7_976c954bc5944db493d6149ee4bc7a2a.txt,gt_original,original_gt_reference,False,"[0, 1, 2, 3]",4,valid_camera_inside,False,0,[],[],cyclic_increasing,简单,简单,applicable,,,source_identified_no_new_semantic_review,[],[],unflagged,unflagged_not_certified_normal,not_recorded,analysis_results/review_source_audit_20261004/corrected_inventory/input.json,not_recorded,,not_recorded,analysis_results/review_source_audit_20261004/corrected_inventory/input.json,,not_explicitly_resolved,False,[],,False,False,False,False,False,False,not_exhaustively_reviewed_for_scope_or_detail
7y3sRwLe3Va_112edb40f34e470da3a5b04599e71211,7y3sRwLe3Va-03,7y3sRwLe3Va,G009,research_annotation_image,gt:7y3sRwLe3Va_112edb40f34e470da3a5b04599e71211:data/mp3d_layout/test/label_cor/7y3sRwLe3Va_112edb40f34e470da3a5b04599e71211.txt,data/mp3d_layout/test/label_cor/7y3sRwLe3Va_112edb40f34e470da3a5b04599e71211.txt,gt_original,original_gt_reference,False,"[0, 1, 2, 3, 4, 5]",6,valid_camera_inside,True,1,[2],"[{""vertex_1based"": 2, ""status"": ""occluded_by_boundary"", ""blockers"": [{""edge_1based"": [3, 4], ""ray_fraction"": 0.3521379292464824, ""edge_fraction"": 0.15580838131662422, ""intersection_xy"": [0.468938853634932, -0.2150683355173216]}], ""contacts"": []}]",local_backtracking,困难,困难,applicable,,,source_identified_no_new_semantic_review,[],"[{""evidence_kind"": ""semantic_image_evidence"", ""record"": {""semantic_status"": ""image_comment_classified"", ""summary"": ""gt标注是在中间偏右那里,把门给标进去了,但是其余标注者没有这样标,就当成了一段延续的墙面"", ""reason"": ""已逐条读原话：gt标注是在中间偏右那里,把门给标进去了,但是其余标注者没有这样标,就当成了一段延续的墙面"", ""needs_user_review"": false, ""source"": ""C:/Users/ASUS/Downloads/全历史标注_定向补审_20260927(1).json#/image_decisions/7y3sRwLe3Va_112edb40f34e470da3a5b04599e71211"", ""tags"": [""scope"", ""detail""], ""classification_resolved"": true, ""gt_version_note"": """"}, ""source_object_id"": ""9ba553c8c79977374da6"", ""bundle_source"": ""analysis_results/research_input_20260929/preprocessed_source.json""}]",unflagged,unflagged_not_certified_normal,not_recorded,analysis_results/review_source_audit_20261004/corrected_inventory/input.json,not_recorded,,not_recorded,analysis_results/review_source_audit_20261004/corrected_inventory/input.json,,not_explicitly_resolved,False,"[""detail"", ""scope""]",,False,True,False,False,False,False,not_exhaustively_reviewed_for_scope_or_detail
7y3sRwLe3Va_1410b021e1c14f529188eb026fbb369a,7y3sRwLe3Va-04,7y3sRwLe3Va,,research_annotation_image,gt:7y3sRwLe3Va_1410b021e1c14f529188eb026fbb369a:data/mp3d_layout/test/label_cor/7y3sRwLe3Va_1410b021e1c14f529188eb026fbb369a.txt,data/mp3d_layout/test/label_cor/7y3sRwLe3Va_1410b021e1c14f529188eb026fbb369a.txt,gt_original,original_gt_reference,False,"[0, 1, 2, 3]",4,valid_camera_inside,False,0,[],[],cyclic_increasing,简单,简单,applicable,,,source_identified_no_new_semantic_review,[],"[{""evidence_kind"": ""semantic_image_evidence"", ""record"": {""semantic_status"": ""resolved_by_coverage_followup"", ""summary"": """", ""reason"": ""最新图片补审明确选项"", ""needs_user_review"": false, ""classification_resolved"": true, ""tags"": [], ""source"": ""evidence/coverage.json#/decisions/7y3sRwLe3Va_1410b021e1c14f529188eb026fbb369a"", ""gt_version_note"": ""当前查看来源为原始Matterport标签：data/mp3d_layout/test/label_cor/7y3sRwLe3Va_1410b021e1c14f529188eb026fbb369a.txt""}, ""source_object_id"": ""9c8a68204bbf22bf"", ""bundle_source"": ""analysis_results/research_input_20260929/preprocessed_source.json""}, {""evidence_kind"": ""coverage_review"", ""record"": {""source"": ""evidence/coverage.json#/decisions/7y3sRwLe3Va_1410b021e1c14f529188eb026fbb369a"", ""raw_record"": {""status"": ""resolved"", ""oos"": ""in_scope"", ""doorway"": ""none"", ""tags"": [], ""comment"": """", ""view_context"": {""annotation_id"": ""9c8a68204bbf22bf"", ""gt"": ""gt_revised"", ""gt_source"": ""data/mp3d_layout/test/label_cor/7y3sRwLe3Va_1410b021e1c14f529188eb026fbb369a.txt"", ""all_workers"": true}, ""updated_at"": ""2026-09-28T06:12:17.172Z""}, ""effective_tags"": [], ""user_clarification"": """"}, ""source_object_id"": ""9c8a68204bbf22bf"", ""bundle_source"": ""analysis_results/research_input_20260929/preprocessed_source.json""}]",clear,explicit_not_oos_and_no_doorway,not_oos,analysis_results/difficulty_consensus_20261006/user_review.json,not_oos,,none,analysis_results/difficulty_consensus_20261006/user_review.json,,not_explicitly_resolved,False,[],,False,False,False,False,False,False,not_exhaustively_reviewed_for_scope_or_detail
7y3sRwLe3Va_1679b5de39e548d38ba240f2fd99cae9,7y3sRwLe3Va-06,7y3sRwLe3Va,G013,research_annotation_image,gt:7y3sRwLe3Va_1679b5de39e548d38ba240f2fd99cae9:data/mp3d_layout/test/label_cor/7y3sRwLe3Va_1679b5de39e548d38ba240f2fd99cae9.txt,data/mp3d_layout/test/label_cor/7y3sRwLe3Va_1679b5de39e548d38ba240f2fd99cae9.txt,gt_original,original_gt_reference,False,"[0, 1, 2, 3, 4, 5, 6, 7]",8,valid_camera_inside,True,2,"[1, 6]","[{""vertex_1based"": 1, ""status"": ""occluded_by_boundary"", ""blockers"": [{""edge_1based"": [2, 3], ""ray_fraction"": 0.3923835267070766, ""edge_fraction"": 0.023593146656420278, ""intersection_xy"": [-0.021286660131273574, -0.3889707255212758]}], ""contacts"": []}, {""vertex_1based"": 6, ""status"": ""occluded_by_boundary"", ""blockers"": [{""edge_1based"": [4, 5], ""ray_fraction"": 0.06962589534425152, ""edge_fraction"": 0.9723540114768506, ""intersection_xy"": [-0.002862586954079063, 0.4573755383124406]}], ""contacts"": []}]",local_backtracking,困难,困难,applicable,,,source_identified_no_new_semantic_review,[],[],doorway_difficult,special_or_pending_keep_source_status,not_recorded,analysis_results/review_source_audit_20261004/corrected_inventory/input.json,not_recorded,,difficult,analysis_results/review_source_audit_20261004/corrected_inventory/input.json,analysis_results/review_source_audit_20261004/corrected_inventory/input.json,not_explicitly_resolved,False,[],,False,False,False,False,False,False,not_exhaustively_reviewed_for_scope_or_detail
7y3sRwLe3Va_4291cbfde1024467b1548934653f07ce,7y3sRwLe3Va-08,7y3sRwLe3Va,G014,research_annotation_image,gt:7y3sRwLe3Va_4291cbfde1024467b1548934653f07ce:data/mp3d_layout/test/label_cor/7y3sRwLe3Va_4291cbfde1024467b1548934653f07ce.txt,data/mp3d_layout/test/label_cor/7y3sRwLe3Va_4291cbfde1024467b1548934653f07ce.txt,gt_original,original_gt_reference,False,"[0, 1, 2, 3, 4, 5, 6, 7, 8, 9]",10,valid_camera_inside,False,0,[],[],cyclic_increasing,中等,中等,applicable,,,source_identified_no_new_semantic_review,[],[],oos,special_or_pending_keep_source_status,confirmed,analysis_results/review_source_audit_20261004/corrected_inventory/input.json,subtype_not_resolved,,not_recorded,analysis_results/review_source_audit_20261004/corrected_inventory/input.json,,not_explicitly_resolved,False,[],,False,False,False,False,False,False,not_exhaustively_reviewed_for_scope_or_detail
7y3sRwLe3Va_5c39473b25b74307858764d1a2045b9e,7y3sRwLe3Va-10,7y3sRwLe3Va,,research_annotation_image,gt:7y3sRwLe3Va_5c39473b25b74307858764d1a2045b9e:data/mp3d_layout/test/label_cor/7y3sRwLe3Va_5c39473b25b74307858764d1a2045b9e.txt,data/mp3d_layout/test/label_cor/7y3sRwLe3Va_5c39473b25b74307858764d1a2045b9e.txt,gt_original,original_gt_reference,False,"[0, 1, 2, 3, 4, 5]",6,valid_camera_inside,True,1,[4],"[{""vertex_1based"": 4, ""status"": ""occluded_by_boundary"", ""blockers"": [{""edge_1based"": [2, 3], ""ray_fraction"": 0.24722521526949687, ""edge_fraction"": 0.9948458290406458, ""intersection_xy"": [-0.0101635832777419, 0.41505653930798325]}], ""contacts"": []}]",local_backtracking,困难,困难,applicable,,,source_identified_no_new_semantic_review,[],[],doorway_difficult,special_or_pending_keep_source_status,not_recorded,analysis_results/review_source_audit_20261004/corrected_inventory/input.json,not_recorded,,difficult,analysis_results/review_source_audit_20261004/corrected_inventory/input.json,analysis_results/review_source_audit_20261004/corrected_inventory/input.json,not_explicitly_resolved,False,[],,False,False,False,False,False,False,not_exhaustively_reviewed_for_scope_or_detail
7y3sRwLe3Va_606f9842b8af48daa28f10df8b69d861,7y3sRwLe3Va-11,7y3sRwLe3Va,G015,research_annotation_image,gt:7y3sRwLe3Va_606f9842b8af48daa28f10df8b69d861:data/mp3d_layout/test/label_cor/7y3sRwLe3Va_606f9842b8af48daa28f10df8b69d861.txt,data/mp3d_layout/test/label_cor/7y3sRwLe3Va_606f9842b8af48daa28f10df8b69d861.txt,gt_original,original_gt_reference,False,"[0, 1, 2, 3]",4,valid_camera_inside,False,0,[],[],cyclic_increasing,简单,简单,applicable,,,source_identified_no_new_semantic_review,[],"[{""evidence_kind"": ""semantic_image_evidence"", ""record"": {""semantic_status"": ""gt_detail_omission_not_global_error"", ""summary"": ""细节简化/遗漏属于同空间表达差异；可能与scope并存，不因这条评论阻断主分析。保留用户评价，不替其宣布GT完全错误。"", ""reason"": ""细节简化/遗漏属于同空间表达差异；可能与scope并存，不因这条评论阻断主分析。保留用户评价，不替其宣布GT完全错误。"", ""needs_user_review"": false, ""tags"": [""detail"", ""reference_omission""], ""source"": ""C:/Users/ASUS/Downloads/全历史标注_定向补审_20260927(1).json#/image_decisions/7y3sRwLe3Va_606f9842b8af48daa28f10df8b69d861"", ""classification_resolved"": true, ""gt_version_note"": """"}, ""source_object_id"": ""new_95_3652_7436_W028"", ""bundle_source"": ""analysis_results/research_input_20260929/preprocessed_source.json""}]",unflagged,unflagged_not_certified_normal,not_recorded,analysis_results/review_source_audit_20261004/corrected_inventory/input.json,not_recorded,,not_recorded,analysis_results/review_source_audit_20261004/corrected_inventory/input.json,,not_explicitly_resolved,False,"[""detail"", ""reference_omission""]",,False,False,True,False,True,False,not_exhaustively_reviewed_for_scope_or_detail
7y3sRwLe3Va_6376b741b50a4418b3dc3fde791c3c09,7y3sRwLe3Va-12,7y3sRwLe3Va,G014,research_annotation_image,gt:7y3sRwLe3Va_6376b741b50a4418b3dc3fde791c3c09:data/mp3d_layout/test/label_cor/7y3sRwLe3Va_6376b741b50a4418b3dc3fde791c3c09.txt,data/mp3d_layout/test/label_cor/7y3sRwLe3Va_6376b741b50a4418b3dc3fde791c3c09.txt,gt_original,original_gt_reference,False,"[0, 1, 2, 3, 4, 5]",6,valid_camera_inside,False,0,[],[],cyclic_increasing,中等,中等,applicable,,,source_identified_no_new_semantic_review,[],[],oos,special_or_pending_keep_source_status,confirmed,analysis_results/review_source_audit_20261004/corrected_inventory/input.json,subtype_not_resolved,,not_recorded,analysis_results/review_source_audit_20261004/corrected_inventory/input.json,,not_explicitly_resolved,False,[],,False,False,False,False,False,False,not_exhaustively_reviewed_for_scope_or_detail
7y3sRwLe3Va_92fb09a83f8949619b9dc5bda2855456,7y3sRwLe3Va-13,7y3sRwLe3Va,G013,research_annotation_image,gt:7y3sRwLe3Va_92fb09a83f8949619b9dc5bda2855456:data/mp3d_layout/test/label_cor/7y3sRwLe3Va_92fb09a83f8949619b9dc5bda2855456.txt,data/mp3d_layout/test/label_cor/7y3sRwLe3Va_92fb09a83f8949619b9dc5bda2855456.txt,gt_original,original_gt_reference,False,"[0, 1, 2, 3]",4,valid_camera_inside,False,0,[],[],cyclic_increasing,简单,简单,applicable,,,source_identified_no_new_semantic_review,[],[],unflagged,unflagged_not_certified_normal,not_recorded,analysis_results/review_source_audit_20261004/corrected_inventory/input.json,not_recorded,,not_recorded,analysis_results/review_source_audit_20261004/corrected_inventory/input.json,,not_explicitly_resolved,False,[],,False,False,True,False,False,False,not_exhaustively_reviewed_for_scope_or_detail
7y3sRwLe3Va_9e4c92fd7eb74504baecf55a3264716e,7y3sRwLe3Va-17,7y3sRwLe3Va,G014,research_annotation_image,gt:7y3sRwLe3Va_9e4c92fd7eb74504baecf55a3264716e:data/mp3d_layout/test/label_cor/7y3sRwLe3Va_9e4c92fd7eb74504baecf55a3264716e.txt,data/mp3d_layout/test/label_cor/7y3sRwLe3Va_9e4c92fd7eb74504baecf55a3264716e.txt,gt_original,original_gt_reference,False,"[0, 1, 2, 3, 4, 5]",6,valid_camera_inside,False,0,[],[],cyclic_increasing,中等,中等,applicable,,,source_identified_no_new_semantic_review,[],[],oos,special_or_pending_keep_source_status,confirmed,analysis_results/review_source_audit_20261004/corrected_inventory/input.json,subtype_not_resolved,,not_recorded,analysis_results/review_source_audit_20261004/corrected_inventory/input.json,,not_explicitly_resolved,False,[],,False,False,False,False,False,False,not_exhaustively_reviewed_for_scope_or_detail
7y3sRwLe3Va_a775c7668ca9419daaf506e76851821e,7y3sRwLe3Va-18,7y3sRwLe3Va,,research_annotation_image,gt:7y3sRwLe3Va_a775c7668ca9419daaf506e76851821e:data/mp3d_layout/test/label_cor/7y3sRwLe3Va_a775c7668ca9419daaf506e76851821e.txt,data/mp3d_layout/test/label_cor/7y3sRwLe3Va_a775c7668ca9419daaf506e76851821e.txt,gt_original,original_gt_reference,False,"[0, 1, 2, 3, 4, 5, 6, 7, 8, 9, 10, 11]",12,valid_camera_inside,True,2,"[5, 8]","[{""vertex_1based"": 5, ""status"": ""occluded_by_boundary"", ""blockers"": [{""edge_1based"": [3, 4], ""ray_fraction"": 0.33847610670813516, ""edge_fraction"": 0.3028863792077653, ""intersection_xy"": [0.8739956966353479, 0.18211464449401732]}], ""contacts"": []}, {""vertex_1based"": 8, ""status"": ""occluded_by_boundary"", ""blockers"": [{""edge_1based"": [9, 10], ""ray_fraction"": 0.6399250447086461, ""edge_fraction"": 0.3704569827742257, ""intersection_xy"": [-0.9189692853661475, 0.3387694448607701]}], ""contacts"": []}]",local_backtracking,困难,困难,applicable,,,source_identified_no_new_semantic_review,[],[],doorway_difficult,special_or_pending_keep_source_status,not_recorded,analysis_results/review_source_audit_20261004/corrected_inventory/input.json,not_recorded,,difficult,analysis_results/review_source_audit_20261004/corrected_inventory/input.json,analysis_results/review_source_audit_20261004/corrected_inventory/input.json,not_explicitly_resolved,False,[],,False,False,True,False,False,False,not_exhaustively_reviewed_for_scope_or_detail
7y3sRwLe3Va_ad77d6eeca5b492b8fe3317177f4f03f,7y3sRwLe3Va-19,7y3sRwLe3Va,G015,research_annotation_image,gt:7y3sRwLe3Va_ad77d6eeca5b492b8fe3317177f4f03f:data/mp3d_layout/test/label_cor/7y3sRwLe3Va_ad77d6eeca5b492b8fe3317177f4f03f.txt,data/mp3d_layout/test/label_cor/7y3sRwLe3Va_ad77d6eeca5b492b8fe3317177f4f03f.txt,gt_original,original_gt_reference,False,"[0, 1, 2, 3, 4, 5, 6, 7]",8,valid_camera_inside,True,2,"[1, 4]","[{""vertex_1based"": 1, ""status"": ""occluded_by_boundary"", ""blockers"": [{""edge_1based"": [2, 3], ""ray_fraction"": 0.6438131735829395, ""edge_fraction"": 0.17156659600772325, ""intersection_xy"": [-0.32371547684034224, -0.5668868840518919]}], ""contacts"": []}, {""vertex_1based"": 4, ""status"": ""occluded_by_boundary"", ""blockers"": [{""edge_1based"": [2, 3], ""ray_fraction"": 0.6438442692227228, ""edge_fraction"": 0.8153928470544611, ""intersection_xy"": [0.34838841463032433, -0.5668773275010165]}], ""contacts"": []}]",local_backtracking,困难,困难,applicable,,,source_identified_no_new_semantic_review,[],[],unflagged,unflagged_not_certified_normal,not_recorded,analysis_results/review_source_audit_20261004/corrected_inventory/input.json,not_recorded,,not_recorded,analysis_results/review_source_audit_20261004/corrected_inventory/input.json,,not_explicitly_resolved,False,[],,False,False,False,False,False,False,not_exhaustively_reviewed_for_scope_or_detail
7y3sRwLe3Va_b47475370e824b9e923a4a96bc98e1e3,7y3sRwLe3Va-21,7y3sRwLe3Va,G017,research_annotation_image,gt:7y3sRwLe3Va_b47475370e824b9e923a4a96bc98e1e3:data/mp3d_layout/test/label_cor/7y3sRwLe3Va_b47475370e824b9e923a4a96bc98e1e3.txt,data/mp3d_layout/test/label_cor/7y3sRwLe3Va_b47475370e824b9e923a4a96bc98e1e3.txt,gt_original,original_gt_reference,False,"[0, 1, 2, 3, 4, 5, 6, 7, 8, 9]",10,valid_camera_inside,True,1,[9],"[{""vertex_1based"": 9, ""status"": ""occluded_by_boundary"", ""blockers"": [{""edge_1based"": [5, 6], ""ray_fraction"": 0.48489949720676234, ""edge_fraction"": 0.9227100290613124, ""intersection_xy"": [-1.6266229999791768, -0.23945094849079185]}], ""contacts"": []}]",local_backtracking,困难,困难,applicable,,,source_identified_no_new_semantic_review,[],"[{""evidence_kind"": ""semantic_image_evidence"", ""record"": {""semantic_status"": ""explicit_not_oos"", ""summary"": ""虽然描述多天花板高度，用户明确只用走廊高度可标且暂不归OOS；不能命中oos字样就逆转为OOS。"", ""reason"": ""虽然描述多天花板高度，用户明确只用走廊高度可标且暂不归OOS；不能命中oos字样就逆转为OOS。"", ""needs_user_review"": false, ""tags"": [""scope""], ""source"": ""C:/Users/ASUS/Downloads/全历史标注_定向补审_20260927(1).json#/image_decisions/7y3sRwLe3Va_b47475370e824b9e923a4a96bc98e1e3"", ""classification_resolved"": true, ""gt_version_note"": """"}, ""source_object_id"": ""d22e8df3dcff4100efb5"", ""bundle_source"": ""analysis_results/research_input_20260929/preprocessed_source.json""}]",unflagged,unflagged_not_certified_normal,not_recorded,analysis_results/review_source_audit_20261004/corrected_inventory/input.json,not_recorded,,not_recorded,analysis_results/review_source_audit_20261004/corrected_inventory/input.json,,not_explicitly_resolved,False,"[""scope""]",,False,True,True,False,False,False,not_exhaustively_reviewed_for_scope_or_detail
7y3sRwLe3Va_b564162b2c7d4033bfe6ef3dfb959c9e,7y3sRwLe3Va-22,7y3sRwLe3Va,G014,research_annotation_image,gt:7y3sRwLe3Va_b564162b2c7d4033bfe6ef3dfb959c9e:data/mp3d_layout/test/label_cor/7y3sRwLe3Va_b564162b2c7d4033bfe6ef3dfb959c9e.txt,data/mp3d_layout/test/label_cor/7y3sRwLe3Va_b564162b2c7d4033bfe6ef3dfb959c9e.txt,gt_original,original_gt_reference,False,"[0, 1, 2, 3, 4, 5]",6,valid_camera_inside,False,0,[],[],cyclic_increasing,中等,中等,applicable,,,source_identified_no_new_semantic_review,[],"[{""evidence_kind"": ""semantic_image_evidence"", ""record"": {""semantic_status"": ""resolved_by_coverage_followup"", ""summary"": """", ""reason"": ""最新图片补审明确选项"", ""needs_user_review"": false, ""classification_resolved"": true, ""tags"": [], ""source"": ""evidence/coverage.json#/decisions/7y3sRwLe3Va_b564162b2c7d4033bfe6ef3dfb959c9e"", ""gt_version_note"": ""本次未记录参考来源；不推断GT版本""}, ""source_object_id"": ""6d1cd2b695a93ed0418c"", ""bundle_source"": ""analysis_results/research_input_20260929/preprocessed_source.json""}, {""evidence_kind"": ""coverage_review"", ""record"": {""source"": ""evidence/coverage.json#/decisions/7y3sRwLe3Va_b564162b2c7d4033bfe6ef3dfb959c9e"", ""raw_record"": {""status"": ""resolved"", ""oos"": ""oos"", ""doorway"": ""none"", ""tags"": [], ""comment"": """", ""view_context"": {""annotation_id"": ""6d1cd2b695a93ed0418c"", ""gt"": """", ""gt_source"": """", ""all_workers"": true}, ""updated_at"": ""2026-09-28T06:11:44.046Z""}, ""effective_tags"": [], ""user_clarification"": """"}, ""source_object_id"": ""6d1cd2b695a93ed0418c"", ""bundle_source"": ""analysis_results/research_input_20260929/preprocessed_source.json""}]",oos,special_or_pending_keep_source_status,confirmed,analysis_results/review_source_audit_20261004/corrected_inventory/input.json,subtype_not_resolved,,none,analysis_results/review_source_audit_20261004/corrected_inventory/input.json,,not_explicitly_resolved,False,[],,False,False,False,False,False,False,not_exhaustively_reviewed_for_scope_or_detail
7y3sRwLe3Va_bbcc19afdad742eba89290ad2b5dbf6b,7y3sRwLe3Va-23,7y3sRwLe3Va,,research_annotation_image,gt:7y3sRwLe3Va_bbcc19afdad742eba89290ad2b5dbf6b:data/mp3d_layout/test/label_cor/7y3sRwLe3Va_bbcc19afdad742eba89290ad2b5dbf6b.txt,data/mp3d_layout/test/label_cor/7y3sRwLe3Va_bbcc19afdad742eba89290ad2b5dbf6b.txt,gt_original,original_gt_reference,False,"[0, 1, 2, 3]",4,valid_camera_inside,False,0,[],[],cyclic_increasing,简单,简单,applicable,,,source_identified_no_new_semantic_review,[],[],unflagged,unflagged_not_certified_normal,not_recorded,analysis_results/review_source_audit_20261004/corrected_inventory/input.json,not_recorded,,not_recorded,analysis_results/review_source_audit_20261004/corrected_inventory/input.json,,not_explicitly_resolved,False,[],,False,False,True,False,False,False,not_exhaustively_reviewed_for_scope_or_detail
7y3sRwLe3Va_fdab6422162e49db822a37178ab70481,7y3sRwLe3Va-26,7y3sRwLe3Va,G016,research_annotation_image,gt:7y3sRwLe3Va_fdab6422162e49db822a37178ab70481:data/mp3d_layout/test/label_cor/7y3sRwLe3Va_fdab6422162e49db822a37178ab70481.txt,data/mp3d_layout/test/label_cor/7y3sRwLe3Va_fdab6422162e49db822a37178ab70481.txt,gt_original,original_gt_reference,False,"[0, 1, 2, 3, 4, 5, 6, 7]",8,valid_camera_inside,True,1,[5],"[{""vertex_1based"": 5, ""status"": ""occluded_by_boundary"", ""blockers"": [{""edge_1based"": [6, 7], ""ray_fraction"": 0.8329244439375442, ""edge_fraction"": 0.19303523413169563, ""intersection_xy"": [-0.337367994590023, -0.3329668893860872]}], ""contacts"": []}]",local_backtracking,困难,困难,applicable,,,source_identified_no_new_semantic_review,[],"[{""evidence_kind"": ""semantic_image_evidence"", ""record"": {""semantic_status"": ""resolved_by_coverage_followup"", ""summary"": ""gt在门框那里多了一对点,我觉得没啥必要"", ""reason"": ""最新图片补审明确选项"", ""needs_user_review"": false, ""classification_resolved"": true, ""tags"": [""detail""], ""source"": ""evidence/coverage.json#/decisions/7y3sRwLe3Va_fdab6422162e49db822a37178ab70481"", ""gt_version_note"": ""当前查看来源为原始Matterport标签：data/mp3d_layout/test/label_cor/7y3sRwLe3Va_fdab6422162e49db822a37178ab70481.txt""}, ""source_object_id"": ""60f051ba3d820f7cf2c1"", ""bundle_source"": ""analysis_results/research_input_20260929/preprocessed_source.json""}, {""evidence_kind"": ""coverage_review"", ""record"": {""source"": ""evidence/coverage.json#/decisions/7y3sRwLe3Va_fdab6422162e49db822a37178ab70481"", ""raw_record"": {""status"": ""resolved"", ""oos"": ""in_scope"", ""doorway"": ""none"", ""tags"": [""detail""], ""comment"": ""gt在门框那里多了一对点,我觉得没啥必要"", ""view_context"": {""annotation_id"": ""60f051ba3d820f7cf2c1"", ""gt"": ""gt_revised"", ""gt_source"": ""data/mp3d_layout/test/label_cor/7y3sRwLe3Va_fdab6422162e49db822a37178ab70481.txt"", ""all_workers"": true}, ""updated_at"": ""2026-09-28T06:06:55.825Z""}, ""effective_tags"": [""detail""], ""user_clarification"": """"}, ""source_object_id"": ""60f051ba3d820f7cf2c1"", ""bundle_source"": ""analysis_results/research_input_20260929/preprocessed_source.json""}]",clear,explicit_not_oos_and_no_doorway,not_oos,analysis_results/review_source_audit_20261004/corrected_inventory/input.json,not_oos,,none,analysis_results/review_source_audit_20261004/corrected_inventory/input.json,,not_explicitly_resolved,False,"[""detail""]",,False,False,False,False,False,False,not_exhaustively_reviewed_for_scope_or_detail
B6ByNegPMKs_48ee619d38b142f88914e7e2582bc1d8,B6ByNegPMKs-10,B6ByNegPMKs,,research_annotation_image,gt:B6ByNegPMKs_48ee619d38b142f88914e7e2582bc1d8:data/mp3d_layout/test/label_cor/B6ByNegPMKs_48ee619d38b142f88914e7e2582bc1d8.txt,data/mp3d_layout/test/label_cor/B6ByNegPMKs_48ee619d38b142f88914e7e2582bc1d8.txt,gt_original,original_gt_reference,False,"[0, 1, 2, 3]",4,valid_camera_inside,False,0,[],[],cyclic_increasing,简单,简单,applicable,,,source_identified_no_new_semantic_review,[],[],unflagged,unflagged_not_certified_normal,not_recorded,analysis_results/review_source_audit_20261004/corrected_inventory/input.json,not_recorded,,not_recorded,analysis_results/review_source_audit_20261004/corrected_inventory/input.json,,not_explicitly_resolved,False,[],,False,False,False,False,False,False,not_exhaustively_reviewed_for_scope_or_detail
B6ByNegPMKs_4b983544c13946e3a3a518c565ad1086,B6ByNegPMKs-11,B6ByNegPMKs,G027,research_annotation_image,gt:B6ByNegPMKs_4b983544c13946e3a3a518c565ad1086:data/mp3d_layout/test/label_cor/B6ByNegPMKs_4b983544c13946e3a3a518c565ad1086.txt,data/mp3d_layout/test/label_cor/B6ByNegPMKs_4b983544c13946e3a3a518c565ad1086.txt,gt_original,original_gt_reference,False,"[0, 1, 2, 3]",4,valid_camera_inside,False,0,[],[],cyclic_increasing,简单,简单,applicable,,,source_identified_no_new_semantic_review,[],[],clear,explicit_not_oos_and_no_doorway,not_oos,analysis_results/difficulty_full_20261007/updated/human_review.json,not_oos,,none,analysis_results/difficulty_full_20261007/updated/human_review.json,,not_explicitly_resolved,False,[],,False,False,False,False,False,False,not_exhaustively_reviewed_for_scope_or_detail
B6ByNegPMKs_5b5bd1eac4e6462d8c6677b90a4cf9a9,B6ByNegPMKs-18,B6ByNegPMKs,,research_annotation_image,gt:B6ByNegPMKs_5b5bd1eac4e6462d8c6677b90a4cf9a9:data/mp3d_layout/test/label_cor/B6ByNegPMKs_5b5bd1eac4e6462d8c6677b90a4cf9a9.txt,data/mp3d_layout/test/label_cor/B6ByNegPMKs_5b5bd1eac4e6462d8c6677b90a4cf9a9.txt,gt_original,original_gt_reference,False,"[0, 1, 2, 3]",4,valid_camera_inside,False,0,[],[],cyclic_increasing,简单,简单,applicable,,,source_identified_no_new_semantic_review,[],[],unflagged,unflagged_not_certified_normal,not_recorded,analysis_results/review_source_audit_20261004/corrected_inventory/input.json,not_recorded,,not_recorded,analysis_results/review_source_audit_20261004/corrected_inventory/input.json,,not_explicitly_resolved,False,[],,False,False,False,False,False,False,not_exhaustively_reviewed_for_scope_or_detail
B6ByNegPMKs_7018ca302c584d0d85024187f3568460,B6ByNegPMKs-21,B6ByNegPMKs,,research_annotation_image,gt:B6ByNegPMKs_7018ca302c584d0d85024187f3568460:data/mp3d_layout/test/label_cor/B6ByNegPMKs_7018ca302c584d0d85024187f3568460.txt,data/mp3d_layout/test/label_cor/B6ByNegPMKs_7018ca302c584d0d85024187f3568460.txt,gt_original,original_gt_reference,False,"[0, 1, 2, 3]",4,valid_camera_inside,False,0,[],[],cyclic_increasing,简单,简单,applicable,,,source_identified_no_new_semantic_review,[],[],unflagged,unflagged_not_certified_normal,not_recorded,analysis_results/review_source_audit_20261004/corrected_inventory/input.json,not_recorded,,not_recorded,analysis_results/review_source_audit_20261004/corrected_inventory/input.json,,not_explicitly_resolved,False,[],,False,False,False,False,False,False,not_exhaustively_reviewed_for_scope_or_detail
B6ByNegPMKs_75327de9719945aa8b893a6404667884,B6ByNegPMKs-22,B6ByNegPMKs,,research_annotation_image,gt:B6ByNegPMKs_75327de9719945aa8b893a6404667884:data/mp3d_layout/test/label_cor/B6ByNegPMKs_75327de9719945aa8b893a6404667884.txt,data/mp3d_layout/test/label_cor/B6ByNegPMKs_75327de9719945aa8b893a6404667884.txt,gt_original,original_gt_reference,False,"[0, 1, 2, 3]",4,valid_camera_inside,False,0,[],[],cyclic_increasing,简单,简单,applicable,,,source_identified_no_new_semantic_review,[],"[{""evidence_kind"": ""semantic_image_evidence"", ""record"": {""semantic_status"": ""image_comment_classified"", ""summary"": ""这图在走廊,所以存在停止区域的不同"", ""reason"": ""已逐条读原话：这图在走廊,所以存在停止区域的不同"", ""needs_user_review"": false, ""source"": ""C:/Users/ASUS/Downloads/全历史标注_定向补审_20260927(1).json#/image_decisions/B6ByNegPMKs_75327de9719945aa8b893a6404667884"", ""tags"": [""scope""], ""classification_resolved"": true, ""gt_version_note"": """"}, ""source_object_id"": ""b21b9e1bc1f9748c"", ""bundle_source"": ""analysis_results/research_input_20260929/preprocessed_source.json""}]",unflagged,unflagged_not_certified_normal,not_recorded,analysis_results/review_source_audit_20261004/corrected_inventory/input.json,not_recorded,,not_recorded,analysis_results/review_source_audit_20261004/corrected_inventory/input.json,,not_explicitly_resolved,False,"[""scope""]",,False,True,True,False,False,False,not_exhaustively_reviewed_for_scope_or_detail
B6ByNegPMKs_b8e1ecf1bd044e7292581a66683e7993,B6ByNegPMKs-33,B6ByNegPMKs,G036,research_annotation_image,gt:B6ByNegPMKs_b8e1ecf1bd044e7292581a66683e7993:data/mp3d_layout/test/label_cor/B6ByNegPMKs_b8e1ecf1bd044e7292581a66683e7993.txt,data/mp3d_layout/test/label_cor/B6ByNegPMKs_b8e1ecf1bd044e7292581a66683e7993.txt,gt_original,original_gt_reference,False,"[0, 1, 2, 3]",4,valid_camera_inside,False,0,[],[],cyclic_increasing,简单,简单,applicable,,,source_identified_no_new_semantic_review,[],"[{""evidence_kind"": ""semantic_image_evidence"", ""record"": {""semantic_status"": ""image_comment_classified"", ""summary"": ""本图是走廊,存在不同的停止点"", ""reason"": ""已逐条读原话：本图是走廊,存在不同的停止点"", ""needs_user_review"": false, ""source"": ""C:/Users/ASUS/Downloads/全历史标注_定向补审_20260927(1).json#/image_decisions/B6ByNegPMKs_b8e1ecf1bd044e7292581a66683e7993"", ""tags"": [""scope""], ""classification_resolved"": true, ""gt_version_note"": """"}, ""source_object_id"": ""16f93817216fbedd"", ""bundle_source"": ""analysis_results/research_input_20260929/preprocessed_source.json""}]",unflagged,unflagged_not_certified_normal,not_recorded,analysis_results/review_source_audit_20261004/corrected_inventory/input.json,not_recorded,,not_recorded,analysis_results/review_source_audit_20261004/corrected_inventory/input.json,,not_explicitly_resolved,False,"[""scope""]",,False,True,True,False,False,False,not_exhaustively_reviewed_for_scope_or_detail
B6ByNegPMKs_c946db5792df4f90bea20f06a0030c37,B6ByNegPMKs-37,B6ByNegPMKs,G036,research_annotation_image,gt:B6ByNegPMKs_c946db5792df4f90bea20f06a0030c37:data/mp3d_layout/test/label_cor/B6ByNegPMKs_c946db5792df4f90bea20f06a0030c37.txt,data/mp3d_layout/test/label_cor/B6ByNegPMKs_c946db5792df4f90bea20f06a0030c37.txt,gt_original,original_gt_reference,False,"[0, 1, 2, 3, 4, 5]",6,valid_camera_inside,True,2,"[2, 3]","[{""vertex_1based"": 2, ""status"": ""occluded_by_boundary"", ""blockers"": [{""edge_1based"": [4, 5], ""ray_fraction"": 0.18867087013034942, ""edge_fraction"": 0.10675059762279865, ""intersection_xy"": [0.3748266015011351, 0.4706944377655099]}, {""edge_1based"": [3, 4], ""ray_fraction"": 0.5265465740074621, ""edge_fraction"": 0.5835093317122096, ""intersection_xy"": [1.0460738466458963, 1.313623790670853]}], ""contacts"": []}, {""vertex_1based"": 3, ""status"": ""occluded_by_boundary"", ""blockers"": [{""edge_1based"": [4, 5], ""ray_fraction"": 0.18868686589053274, ""edge_fraction"": 0.1349704356353929, ""intersection_xy"": [0.19737290010082673, 0.47068994169083583]}], ""contacts"": []}]",local_backtracking,困难,困难,applicable,,,source_identified_no_new_semantic_review,[],"[{""evidence_kind"": ""semantic_image_evidence"", ""record"": {""semantic_status"": ""image_comment_classified"", ""summary"": ""本图是走廊,存在不同的停止点.gt 的标注区域有点奇怪"", ""reason"": ""停止范围选择受到质疑，但未明确断言GT实质错误；记录scope，不以reference_concern类目统一暂停。"", ""needs_user_review"": false, ""source"": ""C:/Users/ASUS/Downloads/全历史标注_定向补审_20260927(1).json#/image_decisions/B6ByNegPMKs_c946db5792df4f90bea20f06a0030c37"", ""tags"": [""scope""], ""classification_resolved"": true, ""gt_version_note"": """"}, ""source_object_id"": ""5ba67a30243635c3cbe3"", ""bundle_source"": ""analysis_results/research_input_20260929/preprocessed_source.json""}]",unflagged,unflagged_not_certified_normal,not_recorded,analysis_results/review_source_audit_20261004/corrected_inventory/input.json,not_recorded,,not_recorded,analysis_results/review_source_audit_20261004/corrected_inventory/input.json,,not_explicitly_resolved,False,"[""scope""]",,False,True,True,False,False,False,not_exhaustively_reviewed_for_scope_or_detail
B6ByNegPMKs_cee80ced97274e248d4ccaa582e12624,B6ByNegPMKs-40,B6ByNegPMKs,,research_annotation_image,gt:B6ByNegPMKs_cee80ced97274e248d4ccaa582e12624:data/mp3d_layout/test/label_cor/B6ByNegPMKs_cee80ced97274e248d4ccaa582e12624.txt,data/mp3d_layout/test/label_cor/B6ByNegPMKs_cee80ced97274e248d4ccaa582e12624.txt,gt_original,original_gt_reference,False,"[0, 1, 2, 3]",4,valid_camera_inside,False,0,[],[],cyclic_increasing,简单,简单,applicable,,,source_identified_no_new_semantic_review,[],"[{""evidence_kind"": ""semantic_image_evidence"", ""record"": {""semantic_status"": ""image_comment_classified"", ""summary"": ""走廊,存在不同的停止位置"", ""reason"": ""已逐条读原话：走廊,存在不同的停止位置"", ""needs_user_review"": false, ""source"": ""C:/Users/ASUS/Downloads/全历史标注_定向补审_20260927(1).json#/image_decisions/B6ByNegPMKs_cee80ced97274e248d4ccaa582e12624"", ""tags"": [""scope""], ""classification_resolved"": true, ""gt_version_note"": """"}, ""source_object_id"": ""c87d232365323163"", ""bundle_source"": ""analysis_results/research_input_20260929/preprocessed_source.json""}, {""evidence_kind"": ""image_traits_comment"", ""record"": {""comment"": ""处在走廊,存在不同的停止边界""}, ""source_object_id"": ""c87d232365323163"", ""bundle_source"": ""analysis_results/research_input_20260929/preprocessed_source.json""}]",unflagged,unflagged_not_certified_normal,not_recorded,analysis_results/review_source_audit_20261004/corrected_inventory/input.json,not_recorded,,not_recorded,analysis_results/review_source_audit_20261004/corrected_inventory/input.json,,not_explicitly_resolved,False,"[""scope""]",,True,True,True,False,False,False,not_exhaustively_reviewed_for_scope_or_detail
B6ByNegPMKs_d19d2ae4bddf4445a3c623edc0346937,B6ByNegPMKs-42,B6ByNegPMKs,,research_annotation_image,gt:B6ByNegPMKs_d19d2ae4bddf4445a3c623edc0346937:data/mp3d_layout/test/label_cor/B6ByNegPMKs_d19d2ae4bddf4445a3c623edc0346937.txt,data/mp3d_layout/test/label_cor/B6ByNegPMKs_d19d2ae4bddf4445a3c623edc0346937.txt,gt_original,original_gt_reference,False,"[0, 1, 2, 3, 4, 5, 6, 7]",8,valid_camera_inside,False,0,[],[],cyclic_increasing,中等,中等,applicable,,,source_identified_no_new_semantic_review,[],[],doorway_difficult,special_or_pending_keep_source_status,not_recorded,analysis_results/review_source_audit_20261004/corrected_inventory/input.json,not_recorded,,difficult,analysis_results/review_source_audit_20261004/corrected_inventory/input.json,analysis_results/review_source_audit_20261004/corrected_inventory/input.json,not_explicitly_resolved,False,[],,False,False,True,False,False,False,not_exhaustively_reviewed_for_scope_or_detail
B6ByNegPMKs_d2dcbd73533446dcaf50e6be98c30386,B6ByNegPMKs-43,B6ByNegPMKs,,research_annotation_image,gt:B6ByNegPMKs_d2dcbd73533446dcaf50e6be98c30386:data/mp3d_layout/test/label_cor/B6ByNegPMKs_d2dcbd73533446dcaf50e6be98c30386.txt,data/mp3d_layout/test/label_cor/B6ByNegPMKs_d2dcbd73533446dcaf50e6be98c30386.txt,gt_original,original_gt_reference,False,"[0, 1, 2, 3, 4, 5, 6, 7, 8, 9]",10,valid_camera_inside,True,3,"[3, 7, 10]","[{""vertex_1based"": 3, ""status"": ""occluded_by_boundary"", ""blockers"": [{""edge_1based"": [4, 5], ""ray_fraction"": 0.0550213366111555, ""edge_fraction"": 0.0023732569191627236, ""intersection_xy"": [0.0003326372520830252, 0.4928312309410622]}], ""contacts"": []}, {""vertex_1based"": 7, ""status"": ""occluded_by_boundary"", ""blockers"": [{""edge_1based"": [8, 9], ""ray_fraction"": 0.36403547610265125, ""edge_fraction"": 0.6052470781378619, ""intersection_xy"": [-0.09377656782010256, -0.38715233593852355]}], ""contacts"": []}, {""vertex_1based"": 10, ""status"": ""occluded_by_boundary"", ""blockers"": [{""edge_1based"": [8, 9], ""ray_fraction"": 0.042717218955229445, ""edge_fraction"": 0.9538177662524331, ""intersection_xy"": [0.0005701186315586494, -0.38714509981869266]}], ""contacts"": []}]",local_backtracking,困难,困难,applicable,,,source_identified_no_new_semantic_review,[],[],doorway_difficult,special_or_pending_keep_source_status,not_recorded,analysis_results/review_source_audit_20261004/corrected_inventory/input.json,not_recorded,,difficult,analysis_results/review_source_audit_20261004/corrected_inventory/input.json,analysis_results/review_source_audit_20261004/corrected_inventory/input.json,not_explicitly_resolved,False,[],,False,False,False,False,False,False,not_exhaustively_reviewed_for_scope_or_detail
B6ByNegPMKs_e26e2cb761894264a4a34b1046701f6b,B6ByNegPMKs-47,B6ByNegPMKs,,research_annotation_image,gt:B6ByNegPMKs_e26e2cb761894264a4a34b1046701f6b:data/mp3d_layout/test/label_cor/B6ByNegPMKs_e26e2cb761894264a4a34b1046701f6b.txt,data/mp3d_layout/test/label_cor/B6ByNegPMKs_e26e2cb761894264a4a34b1046701f6b.txt,gt_original,original_gt_reference,False,"[0, 1, 2, 3, 4, 5, 6, 7, 8, 9]",10,valid_camera_inside,True,1,[7],"[{""vertex_1based"": 7, ""status"": ""occluded_by_boundary"", ""blockers"": [{""edge_1based"": [9, 10], ""ray_fraction"": 0.7002491896281752, ""edge_fraction"": 0.08245758619046606, ""intersection_xy"": [-0.24693941299951372, -0.9615205796903767]}], ""contacts"": []}]",local_backtracking,困难,困难,applicable,,,source_identified_no_new_semantic_review,[],[],unflagged,unflagged_not_certified_normal,not_recorded,analysis_results/review_source_audit_20261004/corrected_inventory/input.json,not_recorded,,not_recorded,analysis_results/review_source_audit_20261004/corrected_inventory/input.json,,not_explicitly_resolved,False,[],,False,False,True,False,False,False,not_exhaustively_reviewed_for_scope_or_detail
B6ByNegPMKs_e52609aae11f42a79f6cf50360180fd5,B6ByNegPMKs-48,B6ByNegPMKs,,research_annotation_image,gt:B6ByNegPMKs_e52609aae11f42a79f6cf50360180fd5:data/mp3d_layout/test/label_cor/B6ByNegPMKs_e52609aae11f42a79f6cf50360180fd5.txt,data/mp3d_layout/test/label_cor/B6ByNegPMKs_e52609aae11f42a79f6cf50360180fd5.txt,gt_original,original_gt_reference,False,"[0, 1, 2, 3]",4,valid_camera_inside,False,0,[],[],cyclic_increasing,简单,简单,applicable,,,source_identified_no_new_semantic_review,[],"[{""evidence_kind"": ""semantic_image_evidence"", ""record"": {""semantic_status"": ""image_comment_classified"", ""summary"": ""处于走廊,标注停止位置有不同. 这图虽然截止位置有点不同,但是都归为了一簇.gt停止的位置比较靠前"", ""reason"": ""已逐条读原话：处于走廊,标注停止位置有不同. 这图虽然截止位置有点不同,但是都归为了一簇.gt停止的位置比较靠前"", ""needs_user_review"": false, ""source"": ""C:/Users/ASUS/Downloads/全历史标注_定向补审_20260927(1).json#/image_decisions/B6ByNegPMKs_e52609aae11f42a79f6cf50360180fd5"", ""tags"": [""scope""], ""classification_resolved"": true, ""gt_version_note"": """"}, ""source_object_id"": ""f8d2cd60e9a8ecf91058"", ""bundle_source"": ""analysis_results/research_input_20260929/preprocessed_source.json""}]",unflagged,unflagged_not_certified_normal,not_recorded,analysis_results/review_source_audit_20261004/corrected_inventory/input.json,not_recorded,,not_recorded,analysis_results/review_source_audit_20261004/corrected_inventory/input.json,,not_explicitly_resolved,False,"[""scope""]",,False,True,True,False,False,False,not_exhaustively_reviewed_for_scope_or_detail
B6ByNegPMKs_ee063d1562c147f586ebb9f6fdb05ca6,B6ByNegPMKs-50,B6ByNegPMKs,,research_annotation_image,gt:B6ByNegPMKs_ee063d1562c147f586ebb9f6fdb05ca6:data/mp3d_layout/test/label_cor/B6ByNegPMKs_ee063d1562c147f586ebb9f6fdb05ca6.txt,data/mp3d_layout/test/label_cor/B6ByNegPMKs_ee063d1562c147f586ebb9f6fdb05ca6.txt,gt_original,original_gt_reference,False,"[0, 1, 2, 3]",4,valid_camera_inside,False,0,[],[],cyclic_increasing,简单,简单,applicable,,,source_identified_no_new_semantic_review,[],[],unflagged,unflagged_not_certified_normal,not_recorded,analysis_results/review_source_audit_20261004/corrected_inventory/input.json,not_recorded,,not_recorded,analysis_results/review_source_audit_20261004/corrected_inventory/input.json,,not_explicitly_resolved,False,[],,False,False,False,False,False,False,not_exhaustively_reviewed_for_scope_or_detail
S9hNv5qa7GM_0c2a97f049db4a429776940850fedf2e,S9hNv5qa7GM-01,S9hNv5qa7GM,,research_annotation_image,gt:S9hNv5qa7GM_0c2a97f049db4a429776940850fedf2e:data/mp3d_layout/valid/label_cor/S9hNv5qa7GM_0c2a97f049db4a429776940850fedf2e.txt,data/mp3d_layout/valid/label_cor/S9hNv5qa7GM_0c2a97f049db4a429776940850fedf2e.txt,gt_original,original_gt_reference,False,"[0, 1, 2, 3]",4,valid_camera_inside,False,0,[],[],cyclic_increasing,简单,简单,applicable,,,source_identified_no_new_semantic_review,[],[],oos,special_or_pending_keep_source_status,confirmed,analysis_results/review_source_audit_20261004/corrected_inventory/input.json,subtype_not_resolved,,not_recorded,analysis_results/review_source_audit_20261004/corrected_inventory/input.json,,not_explicitly_resolved,False,[],,False,False,False,False,False,False,not_exhaustively_reviewed_for_scope_or_detail
S9hNv5qa7GM_2ea5348654d24115bba3dcdb21fa655e,S9hNv5qa7GM-04,S9hNv5qa7GM,G045,research_annotation_image,gt:S9hNv5qa7GM_2ea5348654d24115bba3dcdb21fa655e:data/mp3d_layout/valid/label_cor/S9hNv5qa7GM_2ea5348654d24115bba3dcdb21fa655e.txt,data/mp3d_layout/valid/label_cor/S9hNv5qa7GM_2ea5348654d24115bba3dcdb21fa655e.txt,gt_original,original_gt_reference,False,"[0, 1, 2, 3]",4,valid_camera_inside,False,0,[],[],cyclic_increasing,简单,简单,applicable,,,source_identified_no_new_semantic_review,[],"[{""evidence_kind"": ""semantic_image_evidence"", ""record"": {""semantic_status"": ""resolved_by_continuation_issue"", ""summary"": ""最终确定存在空间范围的歧义"", ""reason"": ""最终确定存在空间范围的歧义"", ""needs_user_review"": false, ""tags"": [""scope""], ""source"": ""evidence/continuation.json#/issue_decisions/S9hNv5qa7GM_2ea5348654d24115bba3dcdb21fa655e:continue"", ""classification_resolved"": true}, ""source_object_id"": ""4283c99baaf5b8a1dd84"", ""bundle_source"": ""analysis_results/research_input_20260929/preprocessed_source.json""}]",unflagged,unflagged_not_certified_normal,not_recorded,analysis_results/review_source_audit_20261004/corrected_inventory/input.json,not_recorded,,not_recorded,analysis_results/review_source_audit_20261004/corrected_inventory/input.json,,not_explicitly_resolved,False,"[""scope""]",,True,True,True,False,False,False,not_exhaustively_reviewed_for_scope_or_detail
S9hNv5qa7GM_322a5d3bbca1428fb92d39bfc6e603ee,S9hNv5qa7GM-05,S9hNv5qa7GM,G046,research_annotation_image,gt:S9hNv5qa7GM_322a5d3bbca1428fb92d39bfc6e603ee:data/mp3d_layout/valid/label_cor/S9hNv5qa7GM_322a5d3bbca1428fb92d39bfc6e603ee.txt,data/mp3d_layout/valid/label_cor/S9hNv5qa7GM_322a5d3bbca1428fb92d39bfc6e603ee.txt,gt_original,original_gt_reference,False,"[0, 1, 2, 3, 4, 5]",6,valid_camera_inside,False,0,[],[],cyclic_increasing,中等,中等,applicable,,,source_identified_no_new_semantic_review,[],[],unflagged,unflagged_not_certified_normal,not_recorded,analysis_results/review_source_audit_20261004/corrected_inventory/input.json,not_recorded,,not_recorded,analysis_results/review_source_audit_20261004/corrected_inventory/input.json,,not_explicitly_resolved,False,[],,False,False,False,False,False,False,not_exhaustively_reviewed_for_scope_or_detail
S9hNv5qa7GM_3c496aedd9d645a5b8d7a7b1b53f0636,S9hNv5qa7GM-06,S9hNv5qa7GM,G047,research_annotation_image,gt:S9hNv5qa7GM_3c496aedd9d645a5b8d7a7b1b53f0636:data/mp3d_layout/valid/label_cor/S9hNv5qa7GM_3c496aedd9d645a5b8d7a7b1b53f0636.txt,data/mp3d_layout/valid/label_cor/S9hNv5qa7GM_3c496aedd9d645a5b8d7a7b1b53f0636.txt,gt_original,original_gt_reference,False,"[0, 1, 2, 3]",4,valid_camera_inside,False,0,[],[],cyclic_increasing,简单,简单,applicable,,,source_identified_no_new_semantic_review,[],"[{""evidence_kind"": ""semantic_image_evidence"", ""record"": {""semantic_status"": ""resolved_by_coverage_followup"", ""summary"": """", ""reason"": ""最新图片补审明确选项"", ""needs_user_review"": false, ""classification_resolved"": true, ""tags"": [], ""source"": ""evidence/coverage.json#/decisions/S9hNv5qa7GM_3c496aedd9d645a5b8d7a7b1b53f0636"", ""gt_version_note"": ""当前查看来源为原始Matterport标签：data/mp3d_layout/valid/label_cor/S9hNv5qa7GM_3c496aedd9d645a5b8d7a7b1b53f0636.txt""}, ""source_object_id"": ""new_93_3575_6844_W002"", ""bundle_source"": ""analysis_results/research_input_20260929/preprocessed_source.json""}, {""evidence_kind"": ""coverage_review"", ""record"": {""source"": ""evidence/coverage.json#/decisions/S9hNv5qa7GM_3c496aedd9d645a5b8d7a7b1b53f0636"", ""raw_record"": {""status"": ""resolved"", ""oos"": ""in_scope"", ""doorway"": ""none"", ""tags"": [], ""comment"": """", ""view_context"": {""annotation_id"": ""new_93_3575_6844_W002"", ""gt"": ""gt_revised"", ""gt_source"": ""data/mp3d_layout/valid/label_cor/S9hNv5qa7GM_3c496aedd9d645a5b8d7a7b1b53f0636.txt"", ""all_workers"": true}, ""updated_at"": ""2026-09-28T06:12:32.540Z""}, ""effective_tags"": [], ""user_clarification"": """"}, ""source_object_id"": ""new_93_3575_6844_W002"", ""bundle_source"": ""analysis_results/research_input_20260929/preprocessed_source.json""}]",clear,explicit_not_oos_and_no_doorway,not_oos,analysis_results/review_source_audit_20261004/corrected_inventory/input.json,not_oos,,none,analysis_results/review_source_audit_20261004/corrected_inventory/input.json,,not_explicitly_resolved,False,[],,False,False,False,False,False,False,not_exhaustively_reviewed_for_scope_or_detail
S9hNv5qa7GM_53d54b73e58940019b731673e65c1902,S9hNv5qa7GM-07,S9hNv5qa7GM,,research_annotation_image,gt:S9hNv5qa7GM_53d54b73e58940019b731673e65c1902:data/mp3d_layout/valid/label_cor/S9hNv5qa7GM_53d54b73e58940019b731673e65c1902.txt,data/mp3d_layout/valid/label_cor/S9hNv5qa7GM_53d54b73e58940019b731673e65c1902.txt,gt_original,original_gt_reference,False,"[0, 1, 2, 3]",4,valid_camera_inside,False,0,[],[],cyclic_increasing,简单,简单,applicable,,,source_identified_no_new_semantic_review,[],[],oos,special_or_pending_keep_source_status,confirmed,analysis_results/review_source_audit_20261004/corrected_inventory/input.json,subtype_not_resolved,,not_recorded,analysis_results/review_source_audit_20261004/corrected_inventory/input.json,,not_explicitly_resolved,False,[],,False,False,False,False,False,False,not_exhaustively_reviewed_for_scope_or_detail
S9hNv5qa7GM_5a89e430e6fb471189468fb44bbea75c,S9hNv5qa7GM-08,S9hNv5qa7GM,G045,research_annotation_image,gt:S9hNv5qa7GM_5a89e430e6fb471189468fb44bbea75c:data/mp3d_layout/valid/label_cor/S9hNv5qa7GM_5a89e430e6fb471189468fb44bbea75c.txt,data/mp3d_layout/valid/label_cor/S9hNv5qa7GM_5a89e430e6fb471189468fb44bbea75c.txt,gt_original,original_gt_reference,False,"[0, 1, 2, 3, 4, 5, 6, 7, 8, 9, 10, 11]",12,valid_camera_inside,True,2,"[2, 11]","[{""vertex_1based"": 2, ""status"": ""occluded_by_boundary"", ""blockers"": [{""edge_1based"": [3, 4], ""ray_fraction"": 0.351244741442166, ""edge_fraction"": 0.7071543797798394, ""intersection_xy"": [0.2519099742928893, -0.04340806281692165]}], ""contacts"": []}, {""vertex_1based"": 11, ""status"": ""occluded_by_boundary"", ""blockers"": [{""edge_1based"": [9, 10], ""ray_fraction"": 0.46253488774312457, ""edge_fraction"": 0.45221701245733165, ""intersection_xy"": [-0.3594344787022757, -0.06507479473263827]}], ""contacts"": []}]",local_backtracking,困难,困难,applicable,,,source_identified_no_new_semantic_review,[],[],doorway_difficult,special_or_pending_keep_source_status,not_recorded,analysis_results/review_source_audit_20261004/corrected_inventory/input.json,not_recorded,,difficult,analysis_results/review_source_audit_20261004/corrected_inventory/input.json,analysis_results/review_source_audit_20261004/corrected_inventory/input.json,not_explicitly_resolved,False,[],,False,False,True,False,False,False,not_exhaustively_reviewed_for_scope_or_detail
S9hNv5qa7GM_625eb179629b45f280c01d3f6ec74b4f,S9hNv5qa7GM-09,S9hNv5qa7GM,,research_annotation_image,gt:S9hNv5qa7GM_625eb179629b45f280c01d3f6ec74b4f:data/mp3d_layout/valid/label_cor/S9hNv5qa7GM_625eb179629b45f280c01d3f6ec74b4f.txt,data/mp3d_layout/valid/label_cor/S9hNv5qa7GM_625eb179629b45f280c01d3f6ec74b4f.txt,gt_original,original_gt_reference,False,"[0, 1, 2, 3, 4, 5]",6,valid_camera_inside,True,2,"[2, 3]","[{""vertex_1based"": 2, ""status"": ""occluded_by_boundary"", ""blockers"": [{""edge_1based"": [4, 5], ""ray_fraction"": 0.31754038026209785, ""edge_fraction"": 0.20017154046982943, ""intersection_xy"": [0.5396439149783864, 0.3117254621656623]}, {""edge_1based"": [3, 4], ""ray_fraction"": 0.4794493868623253, ""edge_fraction"": 0.7627250036209362, ""intersection_xy"": [0.814800133283253, 0.47066953053762894]}], ""contacts"": []}, {""vertex_1based"": 3, ""status"": ""occluded_by_boundary"", ""blockers"": [{""edge_1based"": [4, 5], ""ray_fraction"": 0.3175692859963911, ""edge_fraction"": 0.40451316052124575, ""intersection_xy"": [0.2587567389236949, 0.31173021097097453]}], ""contacts"": []}]",local_backtracking,困难,困难,applicable,,,source_identified_no_new_semantic_review,[],"[{""evidence_kind"": ""semantic_image_evidence"", ""record"": {""semantic_status"": ""image_comment_classified"", ""summary"": ""走廊,存在不同的停止位置,不过gt的停止位置较为奇怪"", ""reason"": ""停止范围选择受到质疑，但未明确断言GT实质错误；记录scope，不以reference_concern类目统一暂停。"", ""needs_user_review"": false, ""source"": ""C:/Users/ASUS/Downloads/全历史标注_定向补审_20260927(1).json#/image_decisions/S9hNv5qa7GM_625eb179629b45f280c01d3f6ec74b4f"", ""tags"": [""scope""], ""classification_resolved"": true, ""gt_version_note"": """"}, ""source_object_id"": ""196ba4170a023b169872"", ""bundle_source"": ""analysis_results/research_input_20260929/preprocessed_source.json""}]",unflagged,unflagged_not_certified_normal,not_recorded,analysis_results/review_source_audit_20261004/corrected_inventory/input.json,not_recorded,,not_recorded,analysis_results/review_source_audit_20261004/corrected_inventory/input.json,,not_explicitly_resolved,False,"[""scope""]",,False,True,True,False,False,False,not_exhaustively_reviewed_for_scope_or_detail
S9hNv5qa7GM_674b3b6705604a4c8b89182edee11e54,S9hNv5qa7GM-10,S9hNv5qa7GM,G047,research_annotation_image,gt:S9hNv5qa7GM_674b3b6705604a4c8b89182edee11e54:data/mp3d_layout/valid/label_cor/S9hNv5qa7GM_674b3b6705604a4c8b89182edee11e54.txt,data/mp3d_layout/valid/label_cor/S9hNv5qa7GM_674b3b6705604a4c8b89182edee11e54.txt,gt_original,original_gt_reference,False,"[0, 1, 2, 3]",4,valid_camera_inside,False,0,[],[],cyclic_increasing,简单,简单,applicable,,,source_identified_no_new_semantic_review,[],[],unflagged,unflagged_not_certified_normal,not_recorded,analysis_results/review_source_audit_20261004/corrected_inventory/input.json,not_recorded,,not_recorded,analysis_results/review_source_audit_20261004/corrected_inventory/input.json,,not_explicitly_resolved,False,[],,False,False,False,False,False,False,not_exhaustively_reviewed_for_scope_or_detail
S9hNv5qa7GM_8b55e4f095374cfe8ddb0fda0f0dfa02,S9hNv5qa7GM-12,S9hNv5qa7GM,G046,research_annotation_image,gt:S9hNv5qa7GM_8b55e4f095374cfe8ddb0fda0f0dfa02:data/mp3d_layout/valid/label_cor/S9hNv5qa7GM_8b55e4f095374cfe8ddb0fda0f0dfa02.txt,data/mp3d_layout/valid/label_cor/S9hNv5qa7GM_8b55e4f095374cfe8ddb0fda0f0dfa02.txt,gt_original,original_gt_reference,False,"[0, 1, 2, 3, 4, 5]",6,valid_camera_inside,True,1,[5],"[{""vertex_1based"": 5, ""status"": ""occluded_by_boundary"", ""blockers"": [{""edge_1based"": [3, 4], ""ray_fraction"": 0.7155709529539707, ""edge_fraction"": 0.8299859187154546, ""intersection_xy"": [-0.8669232979569476, -0.7674210568794533]}], ""contacts"": []}]",local_backtracking,困难,困难,applicable,,,source_identified_no_new_semantic_review,[],[],unflagged,unflagged_not_certified_normal,not_recorded,analysis_results/review_source_audit_20261004/corrected_inventory/input.json,not_recorded,,not_recorded,analysis_results/review_source_audit_20261004/corrected_inventory/input.json,,not_explicitly_resolved,False,[],,False,False,False,False,False,False,not_exhaustively_reviewed_for_scope_or_detail
S9hNv5qa7GM_bd9faec23bb3462c94a5fbc6c0a3d5cf,S9hNv5qa7GM-15,S9hNv5qa7GM,G047,research_annotation_image,gt:S9hNv5qa7GM_bd9faec23bb3462c94a5fbc6c0a3d5cf:data/mp3d_layout/valid/label_cor/S9hNv5qa7GM_bd9faec23bb3462c94a5fbc6c0a3d5cf.txt,data/mp3d_layout/valid/label_cor/S9hNv5qa7GM_bd9faec23bb3462c94a5fbc6c0a3d5cf.txt,gt_original,original_gt_reference,False,"[0, 1, 2, 3]",4,valid_camera_inside,False,0,[],[],cyclic_increasing,简单,简单,applicable,,,source_identified_no_new_semantic_review,[],[],unflagged,unflagged_not_certified_normal,not_recorded,analysis_results/review_source_audit_20261004/corrected_inventory/input.json,not_recorded,,not_recorded,analysis_results/review_source_audit_20261004/corrected_inventory/input.json,,not_explicitly_resolved,False,[],,False,False,False,False,False,False,not_exhaustively_reviewed_for_scope_or_detail
S9hNv5qa7GM_dbcf0a37c275473094e1160770291679,S9hNv5qa7GM-17,S9hNv5qa7GM,G047,research_annotation_image,gt:S9hNv5qa7GM_dbcf0a37c275473094e1160770291679:data/mp3d_layout/valid/label_cor/S9hNv5qa7GM_dbcf0a37c275473094e1160770291679.txt,data/mp3d_layout/valid/label_cor/S9hNv5qa7GM_dbcf0a37c275473094e1160770291679.txt,gt_original,original_gt_reference,False,"[0, 1, 2, 3]",4,valid_camera_inside,False,0,[],[],cyclic_increasing,简单,简单,applicable,,,source_identified_no_new_semantic_review,[],[],unflagged,unflagged_not_certified_normal,not_recorded,analysis_results/review_source_audit_20261004/corrected_inventory/input.json,not_recorded,,not_recorded,analysis_results/review_source_audit_20261004/corrected_inventory/input.json,,not_explicitly_resolved,False,[],,False,False,False,False,False,False,not_exhaustively_reviewed_for_scope_or_detail
S9hNv5qa7GM_dcced7b92f444b9a83bd7d54413fa486,S9hNv5qa7GM-18,S9hNv5qa7GM,,research_annotation_image,gt:S9hNv5qa7GM_dcced7b92f444b9a83bd7d54413fa486:data/mp3d_layout/valid/label_cor/S9hNv5qa7GM_dcced7b92f444b9a83bd7d54413fa486.txt,data/mp3d_layout/valid/label_cor/S9hNv5qa7GM_dcced7b92f444b9a83bd7d54413fa486.txt,gt_original,original_gt_reference,False,"[0, 1, 2, 3]",4,valid_camera_inside,False,0,[],[],cyclic_increasing,简单,简单,applicable,,,source_identified_no_new_semantic_review,[],[],unflagged,unflagged_not_certified_normal,not_recorded,analysis_results/review_source_audit_20261004/corrected_inventory/input.json,not_recorded,,not_recorded,analysis_results/review_source_audit_20261004/corrected_inventory/input.json,,not_explicitly_resolved,False,[],,False,False,False,False,False,False,not_exhaustively_reviewed_for_scope_or_detail
S9hNv5qa7GM_e5e6c99e38014827b50ad33cd22e3c9d,S9hNv5qa7GM-19,S9hNv5qa7GM,G047,research_annotation_image,gt:S9hNv5qa7GM_e5e6c99e38014827b50ad33cd22e3c9d:data/mp3d_layout/valid/label_cor/S9hNv5qa7GM_e5e6c99e38014827b50ad33cd22e3c9d.txt,data/mp3d_layout/valid/label_cor/S9hNv5qa7GM_e5e6c99e38014827b50ad33cd22e3c9d.txt,gt_original,original_gt_reference,False,"[0, 1, 2, 3]",4,valid_camera_inside,False,0,[],[],cyclic_increasing,简单,简单,applicable,,,source_identified_no_new_semantic_review,[],[],unflagged,unflagged_not_certified_normal,not_recorded,analysis_results/review_source_audit_20261004/corrected_inventory/input.json,not_recorded,,not_recorded,analysis_results/review_source_audit_20261004/corrected_inventory/input.json,,not_explicitly_resolved,False,[],,False,False,False,False,False,False,not_exhaustively_reviewed_for_scope_or_detail
S9hNv5qa7GM_eba5ca774e2a41dfa6e22fbff7fe66d2,S9hNv5qa7GM-20,S9hNv5qa7GM,,research_annotation_image,gt:S9hNv5qa7GM_eba5ca774e2a41dfa6e22fbff7fe66d2:data/mp3d_layout/valid/label_cor/S9hNv5qa7GM_eba5ca774e2a41dfa6e22fbff7fe66d2.txt,data/mp3d_layout/valid/label_cor/S9hNv5qa7GM_eba5ca774e2a41dfa6e22fbff7fe66d2.txt,gt_original,original_gt_reference,False,"[0, 1, 2, 3]",4,valid_camera_inside,False,0,[],[],cyclic_increasing,简单,简单,applicable,,,source_identified_no_new_semantic_review,[],[],oos,special_or_pending_keep_source_status,confirmed,analysis_results/review_source_audit_20261004/corrected_inventory/input.json,subtype_not_resolved,,not_recorded,analysis_results/review_source_audit_20261004/corrected_inventory/input.json,,not_explicitly_resolved,False,[],,False,False,False,False,False,False,not_exhaustively_reviewed_for_scope_or_detail
S9hNv5qa7GM_ed36c0b595de42f0a4e13ba5d332814a,S9hNv5qa7GM-21,S9hNv5qa7GM,G046,research_annotation_image,gt:S9hNv5qa7GM_ed36c0b595de42f0a4e13ba5d332814a:data/mp3d_layout/valid/label_cor/S9hNv5qa7GM_ed36c0b595de42f0a4e13ba5d332814a.txt,data/mp3d_layout/valid/label_cor/S9hNv5qa7GM_ed36c0b595de42f0a4e13ba5d332814a.txt,gt_original,original_gt_reference,False,"[0, 1, 2, 3, 4, 5]",6,valid_camera_inside,True,1,[5],"[{""vertex_1based"": 5, ""status"": ""occluded_by_boundary"", ""blockers"": [{""edge_1based"": [3, 4], ""ray_fraction"": 0.7578066695161499, ""edge_fraction"": 0.937694744753913, ""intersection_xy"": [-1.3653373761667305, -0.3438694956216688]}], ""contacts"": []}]",local_backtracking,困难,困难,applicable,,,source_identified_no_new_semantic_review,[],[],unflagged,unflagged_not_certified_normal,not_recorded,analysis_results/review_source_audit_20261004/corrected_inventory/input.json,not_recorded,,not_recorded,analysis_results/review_source_audit_20261004/corrected_inventory/input.json,,not_explicitly_resolved,False,[],,False,False,False,False,False,False,not_exhaustively_reviewed_for_scope_or_detail
UwV83HsGsw3_0f1385fc03994285ad8253b49516d77b,UwV83HsGsw3-01,UwV83HsGsw3,G049,research_annotation_image,gt:UwV83HsGsw3_0f1385fc03994285ad8253b49516d77b:data/mp3d_layout/test/label_cor/UwV83HsGsw3_0f1385fc03994285ad8253b49516d77b.txt,data/mp3d_layout/test/label_cor/UwV83HsGsw3_0f1385fc03994285ad8253b49516d77b.txt,gt_original,original_gt_reference,False,"[0, 1, 2, 3, 4, 5, 6, 7, 8, 9, 10, 11]",12,valid_camera_inside,True,4,"[2, 3, 4, 5]","[{""vertex_1based"": 2, ""status"": ""occluded_by_boundary"", ""blockers"": [{""edge_1based"": [6, 7], ""ray_fraction"": 0.15514098433975515, ""edge_fraction"": 0.2009686120078306, ""intersection_xy"": [0.7781719841304663, 0.39932937495573356]}, {""edge_1based"": [5, 6], ""ray_fraction"": 0.17429350635473162, ""edge_fraction"": 0.9525269882535043, ""intersection_xy"": [0.8742391589065226, 0.4486275322261372]}], ""contacts"": []}, {""vertex_1based"": 3, ""status"": ""occluded_by_boundary"", ""blockers"": [{""edge_1based"": [7, 8], ""ray_fraction"": 0.15892156991731132, ""edge_fraction"": 0.0051788324464650285, ""intersection_xy"": [0.3962023367653395, 0.4091001652651764]}, {""edge_1based"": [5, 6], ""ray_fraction"": 0.35065317224289927, ""edge_fraction"": 0.5152968433154891, ""intersection_xy"": [0.8742023270290019, 0.9026607954475172]}, {""edge_1based"": [4, 5], ""ray_fraction"": 0.5585392688420655, ""edge_fraction"": 0.6798441247062159, ""intersection_xy"": [1.392476575744706, 1.4378067578194083]}], ""contacts"": []}, {""vertex_1based"": 4, ""status"": ""occluded_by_boundary"", ""blockers"": [{""edge_1based"": [6, 7], ""ray_fraction"": 0.2777158354964042, ""edge_fraction"": 0.3804408404786078, ""intersection_xy"": [0.6923769562789145, 0.39932873359431736]}, {""edge_1based"": [5, 6], ""ray_fraction"": 0.35065985936815697, ""edge_fraction"": 0.8989964984423385, ""intersection_xy"": [0.8742346495457954, 0.5042152433027558]}], ""contacts"": []}, {""vertex_1based"": 5, ""status"": ""occluded_by_boundary"", ""blockers"": [{""edge_1based"": [7, 8], ""ray_fraction"": 0.4532346010738673, ""edge_fraction"": 0.13369676058218966, ""intersection_xy"": [0.3961990688748385, 0.6516429993831677]}], ""contacts"": []}]",local_backtracking,困难,困难,applicable,,,source_identified_no_new_semantic_review,[],[],oos,special_or_pending_keep_source_status,confirmed,analysis_results/review_source_audit_20261004/corrected_inventory/input.json,subtype_not_resolved,,not_recorded,analysis_results/review_source_audit_20261004/corrected_inventory/input.json,,not_explicitly_resolved,False,[],,False,False,True,False,False,False,not_exhaustively_reviewed_for_scope_or_detail
UwV83HsGsw3_16af52545aff47afb4d7b330a49091a2,UwV83HsGsw3-03,UwV83HsGsw3,G049,research_annotation_image,gt:UwV83HsGsw3_16af52545aff47afb4d7b330a49091a2:data/mp3d_layout/test/label_cor/UwV83HsGsw3_16af52545aff47afb4d7b330a49091a2.txt,data/mp3d_layout/test/label_cor/UwV83HsGsw3_16af52545aff47afb4d7b330a49091a2.txt,gt_original,original_gt_reference,False,"[0, 1, 2, 3, 4, 5, 6, 7, 8, 9]",10,valid_camera_inside,True,1,[6],"[{""vertex_1based"": 6, ""status"": ""occluded_by_boundary"", ""blockers"": [{""edge_1based"": [3, 4], ""ray_fraction"": 0.8034405969604924, ""edge_fraction"": 0.7352402218317251, ""intersection_xy"": [-0.6094114214379821, 0.8630460419610032]}], ""contacts"": []}]",local_backtracking,困难,困难,applicable,,,source_identified_no_new_semantic_review,[],"[{""evidence_kind"": ""semantic_image_evidence"", ""record"": {""semantic_status"": ""resolved_latest"", ""summary"": ""最新明确oos，仍可保留勉强可标的解释；不能用旧暂定词重开问题。"", ""reason"": ""最新明确oos，仍可保留勉强可标的解释；不能用旧暂定词重开问题。"", ""needs_user_review"": false, ""tags"": [], ""source"": ""C:/Users/ASUS/Downloads/全历史标注_定向补审_20260927(1).json#/image_decisions/UwV83HsGsw3_16af52545aff47afb4d7b330a49091a2""}, ""source_object_id"": ""fe2250f56881470ffebd"", ""bundle_source"": ""analysis_results/research_input_20260929/preprocessed_source.json""}]",oos,special_or_pending_keep_source_status,confirmed,analysis_results/review_source_audit_20261004/corrected_inventory/input.json,subtype_not_resolved,,not_recorded,analysis_results/review_source_audit_20261004/corrected_inventory/input.json,,not_explicitly_resolved,False,[],,False,False,False,False,False,False,not_exhaustively_reviewed_for_scope_or_detail
UwV83HsGsw3_528d342bf5494b3b94983545d6a1a282,UwV83HsGsw3-06,UwV83HsGsw3,G049,research_annotation_image,gt:UwV83HsGsw3_528d342bf5494b3b94983545d6a1a282:data/mp3d_layout/test/label_cor/UwV83HsGsw3_528d342bf5494b3b94983545d6a1a282.txt,data/mp3d_layout/test/label_cor/UwV83HsGsw3_528d342bf5494b3b94983545d6a1a282.txt,gt_original,original_gt_reference,False,"[0, 1, 2, 3, 4, 5, 6, 7]",8,valid_camera_inside,True,2,"[1, 2]","[{""vertex_1based"": 1, ""status"": ""occluded_by_boundary"", ""blockers"": [{""edge_1based"": [3, 4], ""ray_fraction"": 0.1851990916450424, ""edge_fraction"": 0.04817486662297241, ""intersection_xy"": [0.8014042319239445, -0.3210015754555716]}, {""edge_1based"": [2, 3], ""ray_fraction"": 0.2891452461417163, ""edge_fraction"": 0.8724487856589277, ""intersection_xy"": [1.2512060498805637, -0.501169194311567]}], ""contacts"": []}, {""vertex_1based"": 2, ""status"": ""occluded_by_boundary"", ""blockers"": [{""edge_1based"": [3, 4], ""ray_fraction"": 0.1851739628269175, ""edge_fraction"": 0.10919256006105421, ""intersection_xy"": [0.8014116702328735, -0.09280954880259956]}], ""contacts"": []}]",local_backtracking,困难,困难,applicable,,,source_identified_no_new_semantic_review,[],[],oos,special_or_pending_keep_source_status,confirmed,analysis_results/review_source_audit_20261004/corrected_inventory/input.json,subtype_not_resolved,,not_recorded,analysis_results/review_source_audit_20261004/corrected_inventory/input.json,,not_explicitly_resolved,False,[],,False,False,True,False,False,False,not_exhaustively_reviewed_for_scope_or_detail
UwV83HsGsw3_71ada030981d4468b76dcebc1b6fb940,UwV83HsGsw3-08,UwV83HsGsw3,G049,research_annotation_image,gt:UwV83HsGsw3_71ada030981d4468b76dcebc1b6fb940:data/mp3d_layout/test/label_cor/UwV83HsGsw3_71ada030981d4468b76dcebc1b6fb940.txt,data/mp3d_layout/test/label_cor/UwV83HsGsw3_71ada030981d4468b76dcebc1b6fb940.txt,gt_original,original_gt_reference,False,"[0, 1, 2, 3, 4, 5, 6, 7, 8, 9, 10, 11, 12, 13]",14,valid_camera_inside,True,2,"[4, 9]","[{""vertex_1based"": 4, ""status"": ""occluded_by_boundary"", ""blockers"": [{""edge_1based"": [5, 6], ""ray_fraction"": 0.6205296163696982, ""edge_fraction"": 0.054567855540182446, ""intersection_xy"": [3.078734452831733, -0.2735003529844556]}], ""contacts"": []}, {""vertex_1based"": 9, ""status"": ""occluded_by_boundary"", ""blockers"": [{""edge_1based"": [6, 7], ""ray_fraction"": 0.9240801880291941, ""edge_fraction"": 0.5138870513007325, ""intersection_xy"": [2.353428092348482, 2.6259262975240354]}], ""contacts"": []}]",local_backtracking,困难,困难,applicable,,,source_identified_no_new_semantic_review,[],[],oos,special_or_pending_keep_source_status,confirmed,analysis_results/review_source_audit_20261004/corrected_inventory/input.json,subtype_not_resolved,,not_recorded,analysis_results/review_source_audit_20261004/corrected_inventory/input.json,,not_explicitly_resolved,False,[],,False,False,True,False,False,False,not_exhaustively_reviewed_for_scope_or_detail
UwV83HsGsw3_7482b1a2655e4655ae4ab58749f43f65,UwV83HsGsw3-09,UwV83HsGsw3,,research_annotation_image,gt:UwV83HsGsw3_7482b1a2655e4655ae4ab58749f43f65:data/mp3d_layout/test/label_cor/UwV83HsGsw3_7482b1a2655e4655ae4ab58749f43f65.txt,data/mp3d_layout/test/label_cor/UwV83HsGsw3_7482b1a2655e4655ae4ab58749f43f65.txt,gt_original,original_gt_reference,False,"[0, 1, 2, 3, 4, 5, 6, 7, 8, 9]",10,valid_camera_inside,True,2,"[1, 2]","[{""vertex_1based"": 1, ""status"": ""occluded_by_boundary"", ""blockers"": [{""edge_1based"": [4, 5], ""ray_fraction"": 0.19344795472240384, ""edge_fraction"": 0.34445587355530755, ""intersection_xy"": [0.4402371535540273, -0.2770016449791825]}, {""edge_1based"": [2, 3], ""ray_fraction"": 0.2532214858184158, ""edge_fraction"": 0.8845601873908756, ""intersection_xy"": [0.5762661398792773, -0.3625924513724024]}], ""contacts"": []}, {""vertex_1based"": 2, ""status"": ""occluded_by_boundary"", ""blockers"": [{""edge_1based"": [5, 6], ""ray_fraction"": 0.26519591770624806, ""edge_fraction"": 0.23719902734806525, ""intersection_xy"": [0.6035717140640019, -0.09616590734230009]}], ""contacts"": []}]",local_backtracking,困难,困难,applicable,,,source_identified_no_new_semantic_review,[],"[{""evidence_kind"": ""semantic_image_evidence"", ""record"": {""semantic_status"": ""image_comment_classified"", ""summary"": ""属于很难的图片,gt的标注范围是最全的,但是包含了很大块完全看不见的地方.簇1的标注都是错的;簇4是最小的标注区域(但是可能不是完全的正交,有点小问题);簇6是最正确和gt最像的,其次是簇8"", ""reason"": ""已逐条读原话：属于很难的图片,gt的标注范围是最全的,但是包含了很大块完全看不见的地方.簇1的标注都是错的;簇4是最小的标注区域(但是可能不是完全的正交,有点小问题);簇6是最正确和gt最像的,其次是簇8"", ""needs_user_review"": false, ""source"": ""C:/Users/ASUS/Downloads/全历史标注_定向补审_20260927(1).json#/image_decisions/UwV83HsGsw3_7482b1a2655e4655ae4ab58749f43f65"", ""tags"": [""scope""], ""classification_resolved"": true, ""gt_version_note"": """"}, ""source_object_id"": ""9e9998c2efb5ea77"", ""bundle_source"": ""analysis_results/research_input_20260929/preprocessed_source.json""}]",clear,explicit_not_oos_and_no_doorway,not_oos,analysis_results/difficulty_consensus_20261006/user_review.json,not_oos,,none,analysis_results/difficulty_consensus_20261006/user_review.json,,not_explicitly_resolved,False,"[""scope""]","比较难,有多种空间的标注范围",False,True,True,False,False,False,not_exhaustively_reviewed_for_scope_or_detail
UwV83HsGsw3_8e9c912f525744eeaea21083a20a1596,UwV83HsGsw3-10,UwV83HsGsw3,,research_annotation_image,gt:UwV83HsGsw3_8e9c912f525744eeaea21083a20a1596:data/mp3d_layout/test/label_cor/UwV83HsGsw3_8e9c912f525744eeaea21083a20a1596.txt,data/mp3d_layout/test/label_cor/UwV83HsGsw3_8e9c912f525744eeaea21083a20a1596.txt,gt_original,original_gt_reference,False,"[0, 1, 2, 3]",4,valid_camera_inside,False,0,[],[],cyclic_increasing,简单,简单,applicable,,,source_identified_no_new_semantic_review,[],"[{""evidence_kind"": ""semantic_image_evidence"", ""record"": {""semantic_status"": ""image_comment_classified"", ""summary"": ""存在不同的停止区域,gt是在浴缸里停止,有些人是在浴缸外就停止"", ""reason"": ""已逐条读原话：存在不同的停止区域,gt是在浴缸里停止,有些人是在浴缸外就停止"", ""needs_user_review"": false, ""source"": ""C:/Users/ASUS/Downloads/全历史标注_定向补审_20260927(1).json#/image_decisions/UwV83HsGsw3_8e9c912f525744eeaea21083a20a1596"", ""tags"": [""scope""], ""classification_resolved"": true, ""gt_version_note"": """"}, ""source_object_id"": ""738a28459a248984"", ""bundle_source"": ""analysis_results/research_input_20260929/preprocessed_source.json""}, {""evidence_kind"": ""image_traits_comment"", ""record"": {""comment"": ""停止边界不同,有些是在马桶处停止,有些是在浴缸里停止,有些还会错误把门识别成墙角""}, ""source_object_id"": ""738a28459a248984"", ""bundle_source"": ""analysis_results/research_input_20260929/preprocessed_source.json""}]",unflagged,unflagged_not_certified_normal,not_recorded,analysis_results/review_source_audit_20261004/corrected_inventory/input.json,not_recorded,,not_recorded,analysis_results/review_source_audit_20261004/corrected_inventory/input.json,,not_explicitly_resolved,False,"[""scope""]",,True,True,True,False,False,False,not_exhaustively_reviewed_for_scope_or_detail
UwV83HsGsw3_a3630444bbd94cd6ac4edbe2dc1221de,UwV83HsGsw3-12,UwV83HsGsw3,G051,research_annotation_image,gt:UwV83HsGsw3_a3630444bbd94cd6ac4edbe2dc1221de:data/mp3d_layout/test/label_cor/UwV83HsGsw3_a3630444bbd94cd6ac4edbe2dc1221de.txt,data/mp3d_layout/test/label_cor/UwV83HsGsw3_a3630444bbd94cd6ac4edbe2dc1221de.txt,gt_original,original_gt_reference,False,"[0, 1, 2, 3, 4, 5]",6,valid_camera_inside,True,1,[4],"[{""vertex_1based"": 4, ""status"": ""occluded_by_boundary"", ""blockers"": [{""edge_1based"": [2, 3], ""ray_fraction"": 0.41861674893620654, ""edge_fraction"": 0.9146802385600997, ""intersection_xy"": [-0.1499727750725381, 0.43944194474695675]}], ""contacts"": []}]",local_backtracking,困难,困难,applicable,,,source_identified_no_new_semantic_review,[],[],unflagged,unflagged_not_certified_normal,not_recorded,analysis_results/review_source_audit_20261004/corrected_inventory/input.json,not_recorded,,not_recorded,analysis_results/review_source_audit_20261004/corrected_inventory/input.json,,not_explicitly_resolved,False,[],,False,False,False,False,False,False,not_exhaustively_reviewed_for_scope_or_detail
UwV83HsGsw3_b979526475874ad68ae33f02d407a1fc,UwV83HsGsw3-16,UwV83HsGsw3,G049,research_annotation_image,gt:UwV83HsGsw3_b979526475874ad68ae33f02d407a1fc:data/mp3d_layout/test/label_cor/UwV83HsGsw3_b979526475874ad68ae33f02d407a1fc.txt,data/mp3d_layout/test/label_cor/UwV83HsGsw3_b979526475874ad68ae33f02d407a1fc.txt,gt_original,original_gt_reference,False,"[0, 1, 2, 3, 4, 5, 6, 7, 8, 9, 10, 11, 12, 13, 14, 15]",16,valid_camera_inside,True,6,"[2, 4, 5, 8, 9, 16]","[{""vertex_1based"": 2, ""status"": ""occluded_by_boundary"", ""blockers"": [{""edge_1based"": [3, 4], ""ray_fraction"": 0.7338502567268429, ""edge_fraction"": 0.025364430070595294, ""intersection_xy"": [8.332616698103589, -0.2454868056751107]}], ""contacts"": []}, {""vertex_1based"": 4, ""status"": ""occluded_by_boundary"", ""blockers"": [{""edge_1based"": [7, 8], ""ray_fraction"": 0.42194893097741787, ""edge_fraction"": 0.14676263631216432, ""intersection_xy"": [3.5157672204560426, 1.3405913240283938]}, {""edge_1based"": [5, 6], ""ray_fraction"": 0.49614054319421763, ""edge_fraction"": 0.7431640169766237, ""intersection_xy"": [4.133947334481667, 1.5763085503361522]}], ""contacts"": []}, {""vertex_1based"": 5, ""status"": ""occluded_by_boundary"", ""blockers"": [{""edge_1based"": [10, 11], ""ray_fraction"": 0.48832928173202467, ""edge_fraction"": 0.08493002887426528, ""intersection_xy"": [2.0190591016231423, 1.5515104926377836]}, {""edge_1based"": [9, 10], ""ray_fraction"": 0.547017910446628, ""edge_fraction"": 0.8859503127178522, ""intersection_xy"": [2.261714650657015, 1.7379748859386916]}, {""edge_1based"": [7, 8], ""ray_fraction"": 0.8503547753524892, ""edge_fraction"": 0.7758671975742386, ""intersection_xy"": [3.5158992364629897, 2.701730995414749]}], ""contacts"": []}, {""vertex_1based"": 8, ""status"": ""occluded_by_boundary"", ""blockers"": [{""edge_1based"": [10, 11], ""ray_fraction"": 0.4868808233244265, ""edge_fraction"": 0.19246115441798858, ""intersection_xy"": [1.7118468147832595, 1.5515275143732516]}, {""edge_1based"": [9, 10], ""ray_fraction"": 0.6432799130472127, ""edge_fraction"": 0.6951652629323657, ""intersection_xy"": [2.2617376109515726, 2.0499194807500873]}], ""contacts"": []}, {""vertex_1based"": 9, ""status"": ""occluded_by_boundary"", ""blockers"": [{""edge_1based"": [10, 11], ""ray_fraction"": 0.4869087112986468, ""edge_fraction"": 0.40616593554282093, ""intersection_xy"": [1.1013004805380995, 1.5515613429622692]}], ""contacts"": []}, {""vertex_1based"": 16, ""status"": ""occluded_by_boundary"", ""blockers"": [{""edge_1based"": [14, 15], ""ray_fraction"": 0.7292189982068036, ""edge_fraction"": 0.704977474750507, ""intersection_xy"": [1.6933775066072423, -0.9596982976217661]}], ""contacts"": []}]",local_backtracking,困难,困难,applicable,,,source_identified_no_new_semantic_review,[],[],oos,special_or_pending_keep_source_status,confirmed,analysis_results/review_source_audit_20261004/corrected_inventory/input.json,subtype_not_resolved,,not_recorded,analysis_results/review_source_audit_20261004/corrected_inventory/input.json,,not_explicitly_resolved,False,[],,False,False,True,False,False,False,not_exhaustively_reviewed_for_scope_or_detail
UwV83HsGsw3_bc29294428a647038f70e0ea31ea8972,UwV83HsGsw3-17,UwV83HsGsw3,,research_annotation_image,gt:UwV83HsGsw3_bc29294428a647038f70e0ea31ea8972:data/mp3d_layout/test/label_cor/UwV83HsGsw3_bc29294428a647038f70e0ea31ea8972.txt,data/mp3d_layout/test/label_cor/UwV83HsGsw3_bc29294428a647038f70e0ea31ea8972.txt,gt_original,original_gt_reference,False,"[0, 1, 2, 3]",4,valid_camera_inside,False,0,[],[],cyclic_increasing,简单,简单,applicable,,,source_identified_no_new_semantic_review,[],"[{""evidence_kind"": ""semantic_image_evidence"", ""record"": {""semantic_status"": ""image_comment_classified"", ""summary"": ""存在两种标注范围"", ""reason"": ""已逐条读原话：存在两种标注范围"", ""needs_user_review"": false, ""source"": ""C:/Users/ASUS/Downloads/全历史标注_定向补审_20260927(1).json#/image_decisions/UwV83HsGsw3_bc29294428a647038f70e0ea31ea8972"", ""tags"": [""scope""], ""classification_resolved"": true, ""gt_version_note"": """"}, ""source_object_id"": ""c71f04cf03f04f83010c"", ""bundle_source"": ""analysis_results/research_input_20260929/preprocessed_source.json""}]",clear,explicit_not_oos_and_no_doorway,not_oos,analysis_results/difficulty_full_20261007/updated/human_review.json,not_oos,,none,analysis_results/difficulty_full_20261007/updated/human_review.json,,not_explicitly_resolved,False,"[""scope""]",我记得这个标注出现了2种不同的空间范围,True,True,True,False,False,False,not_exhaustively_reviewed_for_scope_or_detail
UwV83HsGsw3_f9641b59487a4b0ca0fe41a82edc0980,UwV83HsGsw3-22,UwV83HsGsw3,G051,research_annotation_image,gt:UwV83HsGsw3_f9641b59487a4b0ca0fe41a82edc0980:data/mp3d_layout/test/label_cor/UwV83HsGsw3_f9641b59487a4b0ca0fe41a82edc0980.txt,data/mp3d_layout/test/label_cor/UwV83HsGsw3_f9641b59487a4b0ca0fe41a82edc0980.txt,gt_original,original_gt_reference,False,"[0, 1, 2, 3, 4, 5]",6,valid_camera_inside,True,1,[1],"[{""vertex_1based"": 1, ""status"": ""occluded_by_boundary"", ""blockers"": [{""edge_1based"": [2, 3], ""ray_fraction"": 0.258966430662655, ""edge_fraction"": 0.33059040710948207, ""intersection_xy"": [-0.06734797962494775, -0.8666137285546751]}], ""contacts"": []}]",local_backtracking,困难,困难,applicable,,,source_identified_no_new_semantic_review,[],[],unflagged,unflagged_not_certified_normal,not_recorded,analysis_results/review_source_audit_20261004/corrected_inventory/input.json,not_recorded,,not_recorded,analysis_results/review_source_audit_20261004/corrected_inventory/input.json,,not_explicitly_resolved,False,[],,False,False,False,False,False,False,not_exhaustively_reviewed_for_scope_or_detail
UwV83HsGsw3_fcd79f4b6a6642e99227caffb51bf407,UwV83HsGsw3-23,UwV83HsGsw3,G049,research_annotation_image,gt:UwV83HsGsw3_fcd79f4b6a6642e99227caffb51bf407:data/mp3d_layout/test/label_cor/UwV83HsGsw3_fcd79f4b6a6642e99227caffb51bf407.txt,data/mp3d_layout/test/label_cor/UwV83HsGsw3_fcd79f4b6a6642e99227caffb51bf407.txt,gt_original,original_gt_reference,False,"[0, 1, 2, 3, 4, 5, 6, 7]",8,valid_camera_inside,True,2,"[1, 2]","[{""vertex_1based"": 1, ""status"": ""occluded_by_boundary"", ""blockers"": [{""edge_1based"": [3, 4], ""ray_fraction"": 0.19078791869282002, ""edge_fraction"": 0.06314570152415855, ""intersection_xy"": [0.35353589845530003, -0.49376393138902824]}, {""edge_1based"": [2, 3], ""ray_fraction"": 0.2545146741783103, ""edge_fraction"": 0.9212372822898955, ""intersection_xy"": [0.47162354210991836, -0.6586903771449836]}], ""contacts"": []}, {""vertex_1based"": 2, ""status"": ""occluded_by_boundary"", ""blockers"": [{""edge_1based"": [3, 4], ""ray_fraction"": 0.1908096910864245, ""edge_fraction"": 0.20407296966985164, ""intersection_xy"": [0.3535458517596363, -0.12569378272475065]}], ""contacts"": []}]",local_backtracking,困难,困难,applicable,,,source_identified_no_new_semantic_review,[],[],oos,special_or_pending_keep_source_status,confirmed,analysis_results/review_source_audit_20261004/corrected_inventory/input.json,subtype_not_resolved,,not_recorded,analysis_results/review_source_audit_20261004/corrected_inventory/input.json,,not_explicitly_resolved,False,[],,False,False,False,False,False,False,not_exhaustively_reviewed_for_scope_or_detail
VFuaQ6m2Qom_109e18c64a614dc49e41a33ae979f98a,VFuaQ6m2Qom-01,VFuaQ6m2Qom,G057,research_annotation_image,gt:VFuaQ6m2Qom_109e18c64a614dc49e41a33ae979f98a:data/mp3d_layout/valid/label_cor/VFuaQ6m2Qom_109e18c64a614dc49e41a33ae979f98a.txt,data/mp3d_layout/valid/label_cor/VFuaQ6m2Qom_109e18c64a614dc49e41a33ae979f98a.txt,gt_original,original_gt_reference,False,"[0, 1, 2, 3, 4, 5, 6, 7, 8, 9]",10,valid_camera_inside,False,0,[],[],cyclic_increasing,中等,中等,applicable,,,source_identified_no_new_semantic_review,[],[],unflagged,unflagged_not_certified_normal,not_recorded,analysis_results/review_source_audit_20261004/corrected_inventory/input.json,not_recorded,,not_recorded,analysis_results/review_source_audit_20261004/corrected_inventory/input.json,,not_explicitly_resolved,False,[],,False,False,False,False,False,False,not_exhaustively_reviewed_for_scope_or_detail
VFuaQ6m2Qom_381ce3cd69b846c3b920be16d29ed48e,VFuaQ6m2Qom-03,VFuaQ6m2Qom,G059,research_annotation_image,gt:VFuaQ6m2Qom_381ce3cd69b846c3b920be16d29ed48e:data/mp3d_layout/valid/label_cor/VFuaQ6m2Qom_381ce3cd69b846c3b920be16d29ed48e.txt,data/mp3d_layout/valid/label_cor/VFuaQ6m2Qom_381ce3cd69b846c3b920be16d29ed48e.txt,gt_original,original_gt_reference,False,"[0, 1, 2, 3, 4, 5]",6,valid_camera_inside,False,0,[],[],cyclic_increasing,中等,中等,applicable,,,source_identified_no_new_semantic_review,[],"[{""evidence_kind"": ""semantic_image_evidence"", ""record"": {""semantic_status"": ""image_comment_classified"", ""summary"": ""gt细节标的不是很好"", ""reason"": ""仅说明GT细节标得不好，不足以断言细节遗漏或完全错误；记录detail。"", ""needs_user_review"": false, ""source"": ""C:/Users/ASUS/Downloads/全历史标注_定向补审_20260927(1).json#/image_decisions/VFuaQ6m2Qom_381ce3cd69b846c3b920be16d29ed48e"", ""tags"": [""detail""], ""classification_resolved"": true, ""gt_version_note"": """"}, ""source_object_id"": ""49919e8b1c06c7489dd8"", ""bundle_source"": ""analysis_results/research_input_20260929/preprocessed_source.json""}]",unflagged,unflagged_not_certified_normal,not_recorded,analysis_results/review_source_audit_20261004/corrected_inventory/input.json,not_recorded,,not_recorded,analysis_results/review_source_audit_20261004/corrected_inventory/input.json,,not_explicitly_resolved,False,"[""detail""]",,False,False,False,False,False,False,not_exhaustively_reviewed_for_scope_or_detail
VFuaQ6m2Qom_5fb269a812f349b4bc2ad5dfac000b85,VFuaQ6m2Qom-04,VFuaQ6m2Qom,G057,research_annotation_image,gt:VFuaQ6m2Qom_5fb269a812f349b4bc2ad5dfac000b85:data/mp3d_layout/valid/label_cor/VFuaQ6m2Qom_5fb269a812f349b4bc2ad5dfac000b85.txt,data/mp3d_layout/valid/label_cor/VFuaQ6m2Qom_5fb269a812f349b4bc2ad5dfac000b85.txt,gt_original,original_gt_reference,False,"[0, 1, 2, 3, 4, 5, 6, 7, 8, 9, 10, 11, 12, 13]",14,valid_camera_inside,True,3,"[2, 7, 11]","[{""vertex_1based"": 2, ""status"": ""occluded_by_boundary"", ""blockers"": [{""edge_1based"": [3, 4], ""ray_fraction"": 0.7827639009289976, ""edge_fraction"": 0.14517086713048444, ""intersection_xy"": [1.9621271709011807, -0.7894227766978185]}], ""contacts"": []}, {""vertex_1based"": 7, ""status"": ""occluded_by_boundary"", ""blockers"": [{""edge_1based"": [5, 6], ""ray_fraction"": 0.745263201410982, ""edge_fraction"": 0.9017657084670747, ""intersection_xy"": [-1.1665904493969763, -0.2337612552205701]}], ""contacts"": []}, {""vertex_1based"": 11, ""status"": ""occluded_by_boundary"", ""blockers"": [{""edge_1based"": [7, 8], ""ray_fraction"": 0.8922379441220221, ""edge_fraction"": 0.9944200982558205, ""intersection_xy"": [-1.565261861055674, -0.7308162267224725]}], ""contacts"": []}]",local_backtracking,困难,困难,applicable,,,source_identified_no_new_semantic_review,[],[],unflagged,unflagged_not_certified_normal,not_recorded,analysis_results/review_source_audit_20261004/corrected_inventory/input.json,not_recorded,,not_recorded,analysis_results/review_source_audit_20261004/corrected_inventory/input.json,,not_explicitly_resolved,False,[],,False,False,False,False,False,False,not_exhaustively_reviewed_for_scope_or_detail
VFuaQ6m2Qom_ad4c387f8175498491966703c8441e0d,VFuaQ6m2Qom-07,VFuaQ6m2Qom,G057,research_annotation_image,gt:VFuaQ6m2Qom_ad4c387f8175498491966703c8441e0d:data/mp3d_layout/valid/label_cor/VFuaQ6m2Qom_ad4c387f8175498491966703c8441e0d.txt,data/mp3d_layout/valid/label_cor/VFuaQ6m2Qom_ad4c387f8175498491966703c8441e0d.txt,gt_original,original_gt_reference,False,"[0, 1, 2, 3, 4, 5, 6, 7, 8, 9, 10, 11, 12, 13, 14, 15]",16,valid_camera_inside,True,1,[11],"[{""vertex_1based"": 11, ""status"": ""occluded_by_boundary"", ""blockers"": [{""edge_1based"": [13, 14], ""ray_fraction"": 0.9002055277463524, ""edge_fraction"": 0.3872279876967252, ""intersection_xy"": [-0.8483658074375027, -2.4248310841293663]}], ""contacts"": []}]",local_backtracking,困难,困难,applicable,,,source_identified_no_new_semantic_review,[],[],unflagged,unflagged_not_certified_normal,not_recorded,analysis_results/review_source_audit_20261004/corrected_inventory/input.json,not_recorded,,not_recorded,analysis_results/review_source_audit_20261004/corrected_inventory/input.json,,not_explicitly_resolved,False,[],,False,False,True,False,False,False,not_exhaustively_reviewed_for_scope_or_detail
VFuaQ6m2Qom_f0be18aa2f1d4aa2b6adf355a86f34b8,VFuaQ6m2Qom-10,VFuaQ6m2Qom,G057,research_annotation_image,gt:VFuaQ6m2Qom_f0be18aa2f1d4aa2b6adf355a86f34b8:data/mp3d_layout/valid/label_cor/VFuaQ6m2Qom_f0be18aa2f1d4aa2b6adf355a86f34b8.txt,data/mp3d_layout/valid/label_cor/VFuaQ6m2Qom_f0be18aa2f1d4aa2b6adf355a86f34b8.txt,gt_original,original_gt_reference,False,"[0, 1, 2, 3, 4, 5, 6, 7, 8, 9, 10, 11, 12, 13, 14, 15]",16,valid_camera_inside,True,2,"[1, 10]","[{""vertex_1based"": 1, ""status"": ""occluded_by_boundary"", ""blockers"": [{""edge_1based"": [2, 3], ""ray_fraction"": 0.8227291332706735, ""edge_fraction"": 0.026592491379920632, ""intersection_xy"": [-0.1806943715427741, -2.81959624661437]}], ""contacts"": []}, {""vertex_1based"": 10, ""status"": ""occluded_by_boundary"", ""blockers"": [{""edge_1based"": [8, 9], ""ray_fraction"": 0.4934007196555216, ""edge_fraction"": 0.0394880098035722, ""intersection_xy"": [-0.10022942202822163, 0.4577590382982776]}], ""contacts"": []}]",local_backtracking,困难,困难,applicable,,,source_identified_no_new_semantic_review,[],[],unflagged,unflagged_not_certified_normal,not_recorded,analysis_results/review_source_audit_20261004/corrected_inventory/input.json,not_recorded,,not_recorded,analysis_results/review_source_audit_20261004/corrected_inventory/input.json,,not_explicitly_resolved,False,[],,False,False,False,False,False,False,not_exhaustively_reviewed_for_scope_or_detail
VLzqgDo317F_5d3591edd7c546acaf99db40281b3409,VLzqgDo317F-02,VLzqgDo317F,,research_annotation_image,gt:VLzqgDo317F_5d3591edd7c546acaf99db40281b3409:data/mp3d_layout/valid/label_cor/VLzqgDo317F_5d3591edd7c546acaf99db40281b3409.txt,data/mp3d_layout/valid/label_cor/VLzqgDo317F_5d3591edd7c546acaf99db40281b3409.txt,gt_original,original_gt_reference,False,"[0, 1, 2, 3]",4,valid_camera_inside,False,0,[],[],cyclic_increasing,简单,简单,applicable,,,source_identified_no_new_semantic_review,[],[],unflagged,unflagged_not_certified_normal,not_recorded,analysis_results/review_source_audit_20261004/corrected_inventory/input.json,not_recorded,,not_recorded,analysis_results/review_source_audit_20261004/corrected_inventory/input.json,,not_explicitly_resolved,False,[],,False,False,False,False,False,False,not_exhaustively_reviewed_for_scope_or_detail
X7HyMhZNoso_28ada927582d4d6ea7cf44cabf31527a,X7HyMhZNoso-05,X7HyMhZNoso,G067,research_annotation_image,gt:X7HyMhZNoso_28ada927582d4d6ea7cf44cabf31527a:data/mp3d_layout/test/label_cor/X7HyMhZNoso_28ada927582d4d6ea7cf44cabf31527a.txt,data/mp3d_layout/test/label_cor/X7HyMhZNoso_28ada927582d4d6ea7cf44cabf31527a.txt,gt_original,original_gt_reference,False,"[0, 1, 2, 3, 4, 5]",6,valid_camera_inside,False,0,[],[],cyclic_increasing,中等,中等,applicable,,,source_identified_no_new_semantic_review,[],[],unflagged,unflagged_not_certified_normal,not_recorded,analysis_results/review_source_audit_20261004/corrected_inventory/input.json,not_recorded,,not_recorded,analysis_results/review_source_audit_20261004/corrected_inventory/input.json,,not_explicitly_resolved,False,[],,False,False,False,False,False,False,not_exhaustively_reviewed_for_scope_or_detail
X7HyMhZNoso_2b16acff0dc042a1a75816a1fbd0a302,X7HyMhZNoso-07,X7HyMhZNoso,G066,research_annotation_image,gt:X7HyMhZNoso_2b16acff0dc042a1a75816a1fbd0a302:data/mp3d_layout/test/label_cor/X7HyMhZNoso_2b16acff0dc042a1a75816a1fbd0a302.txt,data/mp3d_layout/test/label_cor/X7HyMhZNoso_2b16acff0dc042a1a75816a1fbd0a302.txt,gt_original,original_gt_reference,False,"[0, 1, 2, 3, 4, 5, 6, 7, 8, 9]",10,valid_camera_inside,True,2,"[6, 7]","[{""vertex_1based"": 6, ""status"": ""occluded_by_boundary"", ""blockers"": [{""edge_1based"": [4, 5], ""ray_fraction"": 0.5774766008532352, ""edge_fraction"": 0.512430913416313, ""intersection_xy"": [-0.7604788703455183, 2.7181477959588656]}], ""contacts"": []}, {""vertex_1based"": 7, ""status"": ""occluded_by_boundary"", ""blockers"": [{""edge_1based"": [4, 5], ""ray_fraction"": 0.5774894119162629, ""edge_fraction"": 0.9940518369696912, ""intersection_xy"": [-1.3100870506784432, 2.7179855366709575]}, {""edge_1based"": [5, 6], ""ray_fraction"": 0.5804815794676811, ""edge_fraction"": 0.007081504075322419, ""intersection_xy"": [-1.3168750538551, 2.7320683370829415]}], ""contacts"": []}]",local_backtracking,困难,困难,applicable,,,source_identified_no_new_semantic_review,[],"[{""evidence_kind"": ""semantic_image_evidence"", ""record"": {""semantic_status"": ""image_comment_classified"", ""summary"": ""这图有歧义,有不同的标法,甚至有些人认为是oos."", ""reason"": ""用户记不同标法并说有人认为OOS，自己未选择OOS；保留其参考争议分类，记录scope，不传播他人OOS看法。"", ""needs_user_review"": false, ""source"": ""C:/Users/ASUS/Downloads/全历史标注_定向补审_20260927(1).json#/image_decisions/X7HyMhZNoso_2b16acff0dc042a1a75816a1fbd0a302"", ""tags"": [""scope""], ""classification_resolved"": true, ""gt_version_note"": """"}, ""source_object_id"": ""bb2170e2f627c3cc30fb"", ""bundle_source"": ""analysis_results/research_input_20260929/preprocessed_source.json""}]",unflagged,unflagged_not_certified_normal,not_recorded,analysis_results/review_source_audit_20261004/corrected_inventory/input.json,not_recorded,,not_recorded,analysis_results/review_source_audit_20261004/corrected_inventory/input.json,,not_explicitly_resolved,False,"[""scope""]",,False,True,False,False,False,False,not_exhaustively_reviewed_for_scope_or_detail
X7HyMhZNoso_987fd31155514f6facb131bd5c14881d,X7HyMhZNoso-13,X7HyMhZNoso,G072,research_annotation_image,gt:X7HyMhZNoso_987fd31155514f6facb131bd5c14881d:data/mp3d_layout/test/label_cor/X7HyMhZNoso_987fd31155514f6facb131bd5c14881d.txt,data/mp3d_layout/test/label_cor/X7HyMhZNoso_987fd31155514f6facb131bd5c14881d.txt,gt_original,original_gt_reference,False,"[0, 1, 2, 3]",4,valid_camera_inside,False,0,[],[],cyclic_increasing,简单,简单,applicable,,,source_identified_no_new_semantic_review,[],[],unflagged,unflagged_not_certified_normal,not_recorded,analysis_results/review_source_audit_20261004/corrected_inventory/input.json,not_recorded,,not_recorded,analysis_results/review_source_audit_20261004/corrected_inventory/input.json,,not_explicitly_resolved,False,[],,False,False,False,False,False,False,not_exhaustively_reviewed_for_scope_or_detail
X7HyMhZNoso_b6f452209a62499795e5bd137214a7f9,X7HyMhZNoso-19,X7HyMhZNoso,G070,research_annotation_image,gt:X7HyMhZNoso_b6f452209a62499795e5bd137214a7f9:data/mp3d_layout/test/label_cor/X7HyMhZNoso_b6f452209a62499795e5bd137214a7f9.txt,data/mp3d_layout/test/label_cor/X7HyMhZNoso_b6f452209a62499795e5bd137214a7f9.txt,gt_original,original_gt_reference,False,"[0, 1, 2, 3]",4,valid_camera_inside,False,0,[],[],cyclic_increasing,简单,简单,applicable,,,source_identified_no_new_semantic_review,[],"[{""evidence_kind"": ""semantic_image_evidence"", ""record"": {""semantic_status"": ""gt_detail_omission_not_global_error"", ""summary"": ""细节简化/遗漏属于同空间表达差异；可能与scope并存，不因这条评论阻断主分析。保留用户评价，不替其宣布GT完全错误。"", ""reason"": ""细节简化/遗漏属于同空间表达差异；可能与scope并存，不因这条评论阻断主分析。保留用户评价，不替其宣布GT完全错误。"", ""needs_user_review"": false, ""tags"": [""detail"", ""reference_omission""], ""source"": ""C:/Users/ASUS/Downloads/全历史标注_定向补审_20260927(1).json#/image_decisions/X7HyMhZNoso_b6f452209a62499795e5bd137214a7f9"", ""classification_resolved"": true, ""gt_version_note"": """"}, ""source_object_id"": ""fba833f7e946e03406f0"", ""bundle_source"": ""analysis_results/research_input_20260929/preprocessed_source.json""}]",unflagged,unflagged_not_certified_normal,not_recorded,analysis_results/review_source_audit_20261004/corrected_inventory/input.json,not_recorded,,not_recorded,analysis_results/review_source_audit_20261004/corrected_inventory/input.json,,not_explicitly_resolved,False,"[""detail"", ""reference_omission""]",,False,False,False,False,True,False,not_exhaustively_reviewed_for_scope_or_detail
Z6MFQCViBuw_2008e72476f84104858e908beeac0193,Z6MFQCViBuw-02,Z6MFQCViBuw,G078,research_annotation_image,gt:Z6MFQCViBuw_2008e72476f84104858e908beeac0193:data/mp3d_layout/test/label_cor/Z6MFQCViBuw_2008e72476f84104858e908beeac0193.txt,data/mp3d_layout/test/label_cor/Z6MFQCViBuw_2008e72476f84104858e908beeac0193.txt,gt_original,original_gt_reference,False,"[0, 1, 2, 3]",4,valid_camera_inside,False,0,[],[],cyclic_increasing,简单,简单,applicable,,,source_identified_no_new_semantic_review,[],[],unflagged,unflagged_not_certified_normal,not_recorded,analysis_results/review_source_audit_20261004/corrected_inventory/input.json,not_recorded,,not_recorded,analysis_results/review_source_audit_20261004/corrected_inventory/input.json,,not_explicitly_resolved,False,[],,False,False,False,False,False,False,not_exhaustively_reviewed_for_scope_or_detail
Z6MFQCViBuw_22fff6c74efb476592569c18718feb41,Z6MFQCViBuw-03,Z6MFQCViBuw,,research_annotation_image,gt:Z6MFQCViBuw_22fff6c74efb476592569c18718feb41:data/mp3d_layout/test/label_cor/Z6MFQCViBuw_22fff6c74efb476592569c18718feb41.txt,data/mp3d_layout/test/label_cor/Z6MFQCViBuw_22fff6c74efb476592569c18718feb41.txt,gt_original,original_gt_reference,False,"[0, 1, 2, 3]",4,valid_camera_inside,False,0,[],[],cyclic_increasing,简单,简单,applicable,,,source_identified_no_new_semantic_review,[],[],unflagged,unflagged_not_certified_normal,not_recorded,analysis_results/review_source_audit_20261004/corrected_inventory/input.json,not_recorded,,not_recorded,analysis_results/review_source_audit_20261004/corrected_inventory/input.json,,not_explicitly_resolved,False,[],,False,False,False,False,False,False,not_exhaustively_reviewed_for_scope_or_detail
Z6MFQCViBuw_59aed460238643f48f593e9b9ba1c17d,Z6MFQCViBuw-06,Z6MFQCViBuw,,research_annotation_image,gt:Z6MFQCViBuw_59aed460238643f48f593e9b9ba1c17d:data/mp3d_layout/test/label_cor/Z6MFQCViBuw_59aed460238643f48f593e9b9ba1c17d.txt,data/mp3d_layout/test/label_cor/Z6MFQCViBuw_59aed460238643f48f593e9b9ba1c17d.txt,gt_original,original_gt_reference,False,"[0, 1, 2, 3]",4,valid_camera_inside,False,0,[],[],cyclic_increasing,简单,简单,applicable,,,source_identified_no_new_semantic_review,[],"[{""evidence_kind"": ""semantic_image_evidence"", ""record"": {""semantic_status"": ""resolved_by_coverage_followup"", ""summary"": """", ""reason"": ""最新图片补审明确选项"", ""needs_user_review"": false, ""classification_resolved"": true, ""tags"": [], ""source"": ""evidence/coverage.json#/decisions/Z6MFQCViBuw_59aed460238643f48f593e9b9ba1c17d"", ""gt_version_note"": ""本次未记录参考来源；不推断GT版本""}, ""source_object_id"": ""480a17d4b8bc43325c2c"", ""bundle_source"": ""analysis_results/research_input_20260929/preprocessed_source.json""}, {""evidence_kind"": ""coverage_review"", ""record"": {""source"": ""evidence/coverage.json#/decisions/Z6MFQCViBuw_59aed460238643f48f593e9b9ba1c17d"", ""raw_record"": {""status"": ""resolved"", ""oos"": ""in_scope"", ""doorway"": ""none"", ""tags"": [], ""comment"": """", ""view_context"": {""annotation_id"": ""480a17d4b8bc43325c2c"", ""gt"": """", ""gt_source"": """", ""all_workers"": true}, ""updated_at"": ""2026-09-28T06:12:45.173Z""}, ""effective_tags"": [], ""user_clarification"": """"}, ""source_object_id"": ""480a17d4b8bc43325c2c"", ""bundle_source"": ""analysis_results/research_input_20260929/preprocessed_source.json""}]",clear,explicit_not_oos_and_no_doorway,not_oos,analysis_results/review_source_audit_20261004/corrected_inventory/input.json,not_oos,,none,analysis_results/review_source_audit_20261004/corrected_inventory/input.json,,not_explicitly_resolved,False,[],,False,False,False,False,False,False,not_exhaustively_reviewed_for_scope_or_detail
Z6MFQCViBuw_bc4ec1f735f3446aa4b56165d9508b45,Z6MFQCViBuw-08,Z6MFQCViBuw,G078,research_annotation_image,gt:Z6MFQCViBuw_bc4ec1f735f3446aa4b56165d9508b45:data/mp3d_layout/test/label_cor/Z6MFQCViBuw_bc4ec1f735f3446aa4b56165d9508b45.txt,data/mp3d_layout/test/label_cor/Z6MFQCViBuw_bc4ec1f735f3446aa4b56165d9508b45.txt,gt_original,original_gt_reference,False,"[0, 1, 2, 3]",4,valid_camera_inside,False,0,[],[],cyclic_increasing,简单,简单,applicable,,,source_identified_no_new_semantic_review,[],"[{""evidence_kind"": ""semantic_image_evidence"", ""record"": {""semantic_status"": ""resolved_by_coverage_followup"", ""summary"": """", ""reason"": ""最新图片补审明确选项"", ""needs_user_review"": false, ""classification_resolved"": true, ""tags"": [], ""source"": ""evidence/coverage.json#/decisions/Z6MFQCViBuw_bc4ec1f735f3446aa4b56165d9508b45"", ""gt_version_note"": ""本次未记录参考来源；不推断GT版本""}, ""source_object_id"": ""new_95_3657_7440_W028"", ""bundle_source"": ""analysis_results/research_input_20260929/preprocessed_source.json""}, {""evidence_kind"": ""coverage_review"", ""record"": {""source"": ""evidence/coverage.json#/decisions/Z6MFQCViBuw_bc4ec1f735f3446aa4b56165d9508b45"", ""raw_record"": {""status"": ""resolved"", ""oos"": ""in_scope"", ""doorway"": ""none"", ""tags"": [], ""comment"": """", ""view_context"": {""annotation_id"": ""new_95_3657_7440_W028"", ""gt"": """", ""gt_source"": """", ""all_workers"": true}, ""updated_at"": ""2026-09-28T06:13:02.058Z""}, ""effective_tags"": [], ""user_clarification"": """"}, ""source_object_id"": ""new_95_3657_7440_W028"", ""bundle_source"": ""analysis_results/research_input_20260929/preprocessed_source.json""}]",clear,explicit_not_oos_and_no_doorway,not_oos,analysis_results/review_source_audit_20261004/corrected_inventory/input.json,not_oos,,none,analysis_results/review_source_audit_20261004/corrected_inventory/input.json,,not_explicitly_resolved,False,[],,False,False,False,False,False,False,not_exhaustively_reviewed_for_scope_or_detail
Z6MFQCViBuw_fbef2c9afec642c88d01cf09c90aec12,Z6MFQCViBuw-10,Z6MFQCViBuw,,research_annotation_image,gt:Z6MFQCViBuw_fbef2c9afec642c88d01cf09c90aec12:data/mp3d_layout/test/label_cor/Z6MFQCViBuw_fbef2c9afec642c88d01cf09c90aec12.txt,data/mp3d_layout/test/label_cor/Z6MFQCViBuw_fbef2c9afec642c88d01cf09c90aec12.txt,gt_original,original_gt_reference,False,"[0, 1, 2, 3]",4,valid_camera_inside,False,0,[],[],cyclic_increasing,简单,简单,applicable,,,source_identified_no_new_semantic_review,[],[],unflagged,unflagged_not_certified_normal,not_recorded,analysis_results/review_source_audit_20261004/corrected_inventory/input.json,not_recorded,,not_recorded,analysis_results/review_source_audit_20261004/corrected_inventory/input.json,,not_explicitly_resolved,False,[],,False,False,False,False,False,False,not_exhaustively_reviewed_for_scope_or_detail
b8cTxDM8gDG_298a2386166a43c8a04e1c24433f7d15,b8cTxDM8gDG-04,b8cTxDM8gDG,G082,research_annotation_image,gt:b8cTxDM8gDG_298a2386166a43c8a04e1c24433f7d15:data/mp3d_layout/test/label_cor/b8cTxDM8gDG_298a2386166a43c8a04e1c24433f7d15.txt,data/mp3d_layout/test/label_cor/b8cTxDM8gDG_298a2386166a43c8a04e1c24433f7d15.txt,gt_original,original_gt_reference,False,"[0, 1, 2, 3, 4, 5, 6, 7]",8,valid_camera_inside,True,1,[6],"[{""vertex_1based"": 6, ""status"": ""occluded_by_boundary"", ""blockers"": [{""edge_1based"": [7, 8], ""ray_fraction"": 0.4031371468053044, ""edge_fraction"": 0.3292308140137422, ""intersection_xy"": [-0.33412048794541765, 0.45545489930122207]}], ""contacts"": []}]",local_backtracking,困难,困难,applicable,,,source_identified_no_new_semantic_review,[],"[{""evidence_kind"": ""semantic_image_evidence"", ""record"": {""semantic_status"": ""resolved_latest"", ""summary"": ""二审pending/undetermined，最新resolved/oos并补有楼梯。使用最新，旧不确定不用再召回。"", ""reason"": ""二审pending/undetermined，最新resolved/oos并补有楼梯。使用最新，旧不确定不用再召回。"", ""needs_user_review"": false, ""tags"": [], ""source"": ""C:/Users/ASUS/Downloads/全历史标注_定向补审_20260927(1).json#/image_decisions/b8cTxDM8gDG_298a2386166a43c8a04e1c24433f7d15""}, ""source_object_id"": ""50e0c1d231bdc3e1"", ""bundle_source"": ""analysis_results/research_input_20260929/preprocessed_source.json""}]",oos,special_or_pending_keep_source_status,confirmed,analysis_results/review_source_audit_20261004/corrected_inventory/input.json,subtype_not_resolved,,not_recorded,analysis_results/review_source_audit_20261004/corrected_inventory/input.json,,not_explicitly_resolved,False,[],,False,False,True,False,False,False,not_exhaustively_reviewed_for_scope_or_detail
b8cTxDM8gDG_51c90ec9afc4495ab3788c6badc303df,b8cTxDM8gDG-07,b8cTxDM8gDG,G086,research_annotation_image,gt:b8cTxDM8gDG_51c90ec9afc4495ab3788c6badc303df:data/mp3d_layout/test/label_cor/b8cTxDM8gDG_51c90ec9afc4495ab3788c6badc303df.txt,data/mp3d_layout/test/label_cor/b8cTxDM8gDG_51c90ec9afc4495ab3788c6badc303df.txt,gt_original,original_gt_reference,False,"[0, 1, 2, 3, 4, 5]",6,valid_camera_inside,False,0,[],[],cyclic_increasing,中等,中等,applicable,,,source_identified_no_new_semantic_review,[],[],unflagged,unflagged_not_certified_normal,not_recorded,analysis_results/review_source_audit_20261004/corrected_inventory/input.json,not_recorded,,not_recorded,analysis_results/review_source_audit_20261004/corrected_inventory/input.json,,not_explicitly_resolved,False,[],,True,True,False,False,False,False,not_exhaustively_reviewed_for_scope_or_detail
b8cTxDM8gDG_8316e9313299447bb1f574aaf8cbec73,b8cTxDM8gDG-08,b8cTxDM8gDG,G082,research_annotation_image,gt:b8cTxDM8gDG_8316e9313299447bb1f574aaf8cbec73:data/mp3d_layout/test/label_cor/b8cTxDM8gDG_8316e9313299447bb1f574aaf8cbec73.txt,data/mp3d_layout/test/label_cor/b8cTxDM8gDG_8316e9313299447bb1f574aaf8cbec73.txt,gt_original,original_gt_reference,False,"[0, 1, 2, 3, 4, 5, 6, 7, 8, 9]",10,valid_camera_inside,True,3,"[1, 6, 9]","[{""vertex_1based"": 1, ""status"": ""occluded_by_boundary"", ""blockers"": [{""edge_1based"": [2, 3], ""ray_fraction"": 0.20251260767528628, ""edge_fraction"": 0.008417783747934912, ""intersection_xy"": [-0.0021225155243898932, -0.17123689880822995]}], ""contacts"": []}, {""vertex_1based"": 6, ""status"": ""occluded_by_boundary"", ""blockers"": [{""edge_1based"": [4, 5], ""ray_fraction"": 0.3139766913186374, ""edge_fraction"": 0.5762909678641318, ""intersection_xy"": [-0.4986524764109561, 0.3267656405015895]}], ""contacts"": []}, {""vertex_1based"": 9, ""status"": ""occluded_by_boundary"", ""blockers"": [{""edge_1based"": [10, 1], ""ray_fraction"": 0.49353341709309073, ""edge_fraction"": 0.510033936626204, ""intersection_xy"": [-0.7496268470025416, -0.8455666438986046]}], ""contacts"": []}]",local_backtracking,困难,困难,applicable,,,source_identified_no_new_semantic_review,[],[],doorway_difficult,special_or_pending_keep_source_status,not_recorded,analysis_results/review_source_audit_20261004/corrected_inventory/input.json,not_recorded,,difficult,analysis_results/review_source_audit_20261004/corrected_inventory/input.json,analysis_results/review_source_audit_20261004/corrected_inventory/input.json,not_explicitly_resolved,False,[],,False,False,True,False,False,False,not_exhaustively_reviewed_for_scope_or_detail
b8cTxDM8gDG_f339391e9479496e8652c972953f0ce4,b8cTxDM8gDG-17,b8cTxDM8gDG,G086,research_annotation_image,gt:b8cTxDM8gDG_f339391e9479496e8652c972953f0ce4:data/mp3d_layout/test/label_cor/b8cTxDM8gDG_f339391e9479496e8652c972953f0ce4.txt,data/mp3d_layout/test/label_cor/b8cTxDM8gDG_f339391e9479496e8652c972953f0ce4.txt,gt_original,original_gt_reference,False,"[0, 1, 2, 3, 4, 5]",6,valid_camera_inside,True,1,[5],"[{""vertex_1based"": 5, ""status"": ""occluded_by_boundary"", ""blockers"": [{""edge_1based"": [6, 1], ""ray_fraction"": 0.7000710272638969, ""edge_fraction"": 0.1770318461682407, ""intersection_xy"": [-0.3635384989691701, -0.7402340731295127]}], ""contacts"": []}]",local_backtracking,困难,困难,applicable,,,source_identified_no_new_semantic_review,[],[],unflagged,unflagged_not_certified_normal,not_recorded,analysis_results/review_source_audit_20261004/corrected_inventory/input.json,not_recorded,,not_recorded,analysis_results/review_source_audit_20261004/corrected_inventory/input.json,,not_explicitly_resolved,False,[],,False,False,False,False,False,False,not_exhaustively_reviewed_for_scope_or_detail
b8cTxDM8gDG_f3748786c3704532abb2358581488f3f,b8cTxDM8gDG-18,b8cTxDM8gDG,,research_annotation_image,gt:b8cTxDM8gDG_f3748786c3704532abb2358581488f3f:data/mp3d_layout/test/label_cor/b8cTxDM8gDG_f3748786c3704532abb2358581488f3f.txt,data/mp3d_layout/test/label_cor/b8cTxDM8gDG_f3748786c3704532abb2358581488f3f.txt,gt_original,original_gt_reference,False,"[0, 1, 2, 3, 4, 5, 6, 7, 8, 9]",10,valid_camera_inside,True,1,[10],"[{""vertex_1based"": 10, ""status"": ""occluded_by_boundary"", ""blockers"": [{""edge_1based"": [8, 9], ""ray_fraction"": 0.35880544969766986, ""edge_fraction"": 0.9089632055363412, ""intersection_xy"": [0.1218321253102266, -0.7446529362768067]}], ""contacts"": []}]",local_backtracking,困难,困难,applicable,,,source_identified_no_new_semantic_review,[],"[{""evidence_kind"": ""semantic_image_evidence"", ""record"": {""semantic_status"": ""image_comment_classified"", ""summary"": ""gt是标了里面的房间的区域,这图很多人是只标外面的区域的.簇2,4其实挺相近的"", ""reason"": ""已逐条读原话：gt是标了里面的房间的区域,这图很多人是只标外面的区域的.簇2,4其实挺相近的"", ""needs_user_review"": false, ""source"": ""C:/Users/ASUS/Downloads/全历史标注_定向补审_20260927(1).json#/image_decisions/b8cTxDM8gDG_f3748786c3704532abb2358581488f3f"", ""tags"": [""scope""], ""classification_resolved"": true, ""gt_version_note"": """"}, ""source_object_id"": ""d2f9b77e836ea9a23958"", ""bundle_source"": ""analysis_results/research_input_20260929/preprocessed_source.json""}]",unflagged,unflagged_not_certified_normal,not_recorded,analysis_results/review_source_audit_20261004/corrected_inventory/input.json,not_recorded,,not_recorded,analysis_results/review_source_audit_20261004/corrected_inventory/input.json,,not_explicitly_resolved,False,"[""scope""]",,False,True,False,False,False,False,not_exhaustively_reviewed_for_scope_or_detail
b8cTxDM8gDG_f63819c407e64c2897b703080766cb60,b8cTxDM8gDG-19,b8cTxDM8gDG,G087,research_annotation_image,gt:b8cTxDM8gDG_f63819c407e64c2897b703080766cb60:data/mp3d_layout/test/label_cor/b8cTxDM8gDG_f63819c407e64c2897b703080766cb60.txt,data/mp3d_layout/test/label_cor/b8cTxDM8gDG_f63819c407e64c2897b703080766cb60.txt,gt_original,original_gt_reference,False,"[0, 1, 2, 3]",4,valid_camera_inside,False,0,[],[],cyclic_increasing,简单,简单,applicable,,,source_identified_no_new_semantic_review,[],[],oos,special_or_pending_keep_source_status,confirmed,analysis_results/review_source_audit_20261004/corrected_inventory/input.json,subtype_not_resolved,,not_recorded,analysis_results/review_source_audit_20261004/corrected_inventory/input.json,,not_explicitly_resolved,False,[],,False,False,True,False,False,False,not_exhaustively_reviewed_for_scope_or_detail
e9zR4mvMWw7_0ee61863ec0c4c06bac95fb886e98945,e9zR4mvMWw7-02,e9zR4mvMWw7,G089,research_annotation_image,gt:e9zR4mvMWw7_0ee61863ec0c4c06bac95fb886e98945:data/mp3d_layout/test/label_cor/e9zR4mvMWw7_0ee61863ec0c4c06bac95fb886e98945.txt,data/mp3d_layout/test/label_cor/e9zR4mvMWw7_0ee61863ec0c4c06bac95fb886e98945.txt,gt_original,original_gt_reference,False,"[0, 1, 2, 3]",4,valid_camera_inside,False,0,[],[],cyclic_increasing,简单,简单,applicable,,,source_identified_no_new_semantic_review,[],[],unflagged,unflagged_not_certified_normal,not_recorded,analysis_results/review_source_audit_20261004/corrected_inventory/input.json,not_recorded,,not_recorded,analysis_results/review_source_audit_20261004/corrected_inventory/input.json,,not_explicitly_resolved,False,[],,False,False,False,False,False,False,not_exhaustively_reviewed_for_scope_or_detail
e9zR4mvMWw7_12c84e77f6564013a032220e8f9037e8,e9zR4mvMWw7-03,e9zR4mvMWw7,G090,research_annotation_image,gt:e9zR4mvMWw7_12c84e77f6564013a032220e8f9037e8:data/mp3d_layout/test/label_cor/e9zR4mvMWw7_12c84e77f6564013a032220e8f9037e8.txt,data/mp3d_layout/test/label_cor/e9zR4mvMWw7_12c84e77f6564013a032220e8f9037e8.txt,gt_original,original_gt_reference,False,"[0, 1, 2, 3]",4,valid_camera_inside,False,0,[],[],cyclic_increasing,简单,简单,applicable,,,source_identified_no_new_semantic_review,[],[],unflagged,unflagged_not_certified_normal,not_recorded,analysis_results/review_source_audit_20261004/corrected_inventory/input.json,not_recorded,,not_recorded,analysis_results/review_source_audit_20261004/corrected_inventory/input.json,,not_explicitly_resolved,False,[],,False,False,False,False,False,False,not_exhaustively_reviewed_for_scope_or_detail
e9zR4mvMWw7_1d316dfbe35f41dd9203eaf88be5aae8,e9zR4mvMWw7-09,e9zR4mvMWw7,G092,research_annotation_image,gt:e9zR4mvMWw7_1d316dfbe35f41dd9203eaf88be5aae8:data/mp3d_layout/test/label_cor/e9zR4mvMWw7_1d316dfbe35f41dd9203eaf88be5aae8.txt,data/mp3d_layout/test/label_cor/e9zR4mvMWw7_1d316dfbe35f41dd9203eaf88be5aae8.txt,gt_original,original_gt_reference,False,"[0, 1, 2, 3, 4, 5, 6, 7, 8, 9]",10,valid_camera_inside,True,4,"[3, 4, 7, 8]","[{""vertex_1based"": 3, ""status"": ""occluded_by_boundary"", ""blockers"": [{""edge_1based"": [1, 2], ""ray_fraction"": 0.2687209088399532, ""edge_fraction"": 0.8093046280774614, ""intersection_xy"": [0.3687661927489775, 0.12922194107466753]}], ""contacts"": []}, {""vertex_1based"": 4, ""status"": ""occluded_by_boundary"", ""blockers"": [{""edge_1based"": [1, 2], ""ray_fraction"": 0.26872215643160385, ""edge_fraction"": 0.983116597798605, ""intersection_xy"": [0.3687629325320169, 0.4497326968803566]}, {""edge_1based"": [2, 3], ""ray_fraction"": 0.2873248649311408, ""edge_fraction"": 0.02543847124571565, ""intersection_xy"": [0.39429111908135916, 0.4808661410811339]}], ""contacts"": []}, {""vertex_1based"": 7, ""status"": ""occluded_by_boundary"", ""blockers"": [{""edge_1based"": [9, 10], ""ray_fraction"": 0.44006130660698844, ""edge_fraction"": 0.014021682493211592, ""intersection_xy"": [-1.540786713900617, 2.529290715349501]}, {""edge_1based"": [8, 9], ""ray_fraction"": 0.4496928339660356, ""edge_fraction"": 0.9827963749315992, ""intersection_xy"": [-1.5745095819796404, 2.584648758326974]}], ""contacts"": []}, {""vertex_1based"": 8, ""status"": ""occluded_by_boundary"", ""blockers"": [{""edge_1based"": [9, 10], ""ray_fraction"": 0.4400983485147325, ""edge_fraction"": 0.36654954231541087, ""intersection_xy"": [-1.5408748635762037, 1.1375234329871902]}], ""contacts"": []}]",local_backtracking,困难,困难,applicable,,,source_identified_no_new_semantic_review,[],"[{""evidence_kind"": ""semantic_image_evidence"", ""record"": {""semantic_status"": ""image_comment_classified"", ""summary"": ""gt标注了整个视觉内的房间,但是标注者一般只标最小空间,和gt不同"", ""reason"": ""已逐条读原话：gt标注了整个视觉内的房间,但是标注者一般只标最小空间,和gt不同"", ""needs_user_review"": false, ""source"": ""C:/Users/ASUS/Downloads/全历史标注_定向补审_20260927(1).json#/image_decisions/e9zR4mvMWw7_1d316dfbe35f41dd9203eaf88be5aae8"", ""tags"": [""scope""], ""classification_resolved"": true, ""gt_version_note"": """"}, ""source_object_id"": ""0fe7898050e5c65aa163"", ""bundle_source"": ""analysis_results/research_input_20260929/preprocessed_source.json""}]",unflagged,unflagged_not_certified_normal,not_recorded,analysis_results/review_source_audit_20261004/corrected_inventory/input.json,not_recorded,,not_recorded,analysis_results/review_source_audit_20261004/corrected_inventory/input.json,,not_explicitly_resolved,False,"[""scope""]",,False,True,True,False,False,False,not_exhaustively_reviewed_for_scope_or_detail
e9zR4mvMWw7_1daae4b7becc43949516096170ce2a76,e9zR4mvMWw7-10,e9zR4mvMWw7,G094,research_annotation_image,gt:e9zR4mvMWw7_1daae4b7becc43949516096170ce2a76:data/mp3d_layout/test/label_cor/e9zR4mvMWw7_1daae4b7becc43949516096170ce2a76.txt,data/mp3d_layout/test/label_cor/e9zR4mvMWw7_1daae4b7becc43949516096170ce2a76.txt,gt_original,original_gt_reference,False,"[0, 1, 2, 3]",4,valid_camera_inside,False,0,[],[],cyclic_increasing,简单,简单,applicable,,,source_identified_no_new_semantic_review,[],[],unflagged,unflagged_not_certified_normal,not_recorded,analysis_results/review_source_audit_20261004/corrected_inventory/input.json,not_recorded,,not_recorded,analysis_results/review_source_audit_20261004/corrected_inventory/input.json,,not_explicitly_resolved,False,[],,False,False,False,False,False,False,not_exhaustively_reviewed_for_scope_or_detail
e9zR4mvMWw7_2e52341d21b940b5b38a9e26c4cf4200,e9zR4mvMWw7-15,e9zR4mvMWw7,G090,research_annotation_image,gt:e9zR4mvMWw7_2e52341d21b940b5b38a9e26c4cf4200:data/mp3d_layout/test/label_cor/e9zR4mvMWw7_2e52341d21b940b5b38a9e26c4cf4200.txt,data/mp3d_layout/test/label_cor/e9zR4mvMWw7_2e52341d21b940b5b38a9e26c4cf4200.txt,gt_original,original_gt_reference,False,"[0, 1, 2, 3]",4,valid_camera_inside,False,0,[],[],cyclic_increasing,简单,简单,applicable,,,source_identified_no_new_semantic_review,[],[],unflagged,unflagged_not_certified_normal,not_recorded,analysis_results/review_source_audit_20261004/corrected_inventory/input.json,not_recorded,,not_recorded,analysis_results/review_source_audit_20261004/corrected_inventory/input.json,,not_explicitly_resolved,False,[],,False,False,False,False,False,False,not_exhaustively_reviewed_for_scope_or_detail
e9zR4mvMWw7_409f2a738bf54153b9b77c39e7a4ea45,e9zR4mvMWw7-16,e9zR4mvMWw7,G098,research_annotation_image,gt:e9zR4mvMWw7_409f2a738bf54153b9b77c39e7a4ea45:data/mp3d_layout/test/label_cor/e9zR4mvMWw7_409f2a738bf54153b9b77c39e7a4ea45.txt,data/mp3d_layout/test/label_cor/e9zR4mvMWw7_409f2a738bf54153b9b77c39e7a4ea45.txt,gt_original,original_gt_reference,False,"[0, 1, 2, 3, 4, 5]",6,valid_camera_inside,True,1,[4],"[{""vertex_1based"": 4, ""status"": ""occluded_by_boundary"", ""blockers"": [{""edge_1based"": [2, 3], ""ray_fraction"": 0.4456163690819706, ""edge_fraction"": 0.6729402257032493, ""intersection_xy"": [-0.6260420481206346, 0.4261319330288372]}], ""contacts"": []}]",local_backtracking,困难,困难,applicable,,,source_identified_no_new_semantic_review,[],"[{""evidence_kind"": ""semantic_image_evidence"", ""record"": {""semantic_status"": ""resolved_by_coverage_followup"", ""summary"": ""原始matterport gt是标的空间不同 ,但是我人工修正过后的旧没问题了"", ""reason"": ""最新图片补审明确选项"", ""needs_user_review"": false, ""classification_resolved"": true, ""tags"": [], ""source"": ""evidence/coverage.json#/decisions/e9zR4mvMWw7_409f2a738bf54153b9b77c39e7a4ea45"", ""gt_version_note"": ""当前查看来源为人工修订文件：export_label/groudTruth.json；用户明确原始GT采用不同空间，人工修订GT没有该问题。""}, ""source_object_id"": ""a30abcda8418bd75"", ""bundle_source"": ""analysis_results/research_input_20260929/preprocessed_source.json""}, {""evidence_kind"": ""coverage_review"", ""record"": {""source"": ""evidence/coverage.json#/decisions/e9zR4mvMWw7_409f2a738bf54153b9b77c39e7a4ea45"", ""raw_record"": {""status"": ""resolved"", ""oos"": ""in_scope"", ""doorway"": ""none"", ""tags"": [], ""comment"": ""原始matterport gt是标的空间不同 ,但是我人工修正过后的旧没问题了"", ""view_context"": {""annotation_id"": ""a30abcda8418bd75"", ""gt"": ""gt_revised"", ""gt_source"": ""export_label/groudTruth.json"", ""all_workers"": true}, ""updated_at"": ""2026-09-28T06:14:14.324Z""}, ""effective_tags"": [], ""user_clarification"": """"}, ""source_object_id"": ""a30abcda8418bd75"", ""bundle_source"": ""analysis_results/research_input_20260929/preprocessed_source.json""}]",clear,explicit_not_oos_and_no_doorway,not_oos,analysis_results/review_source_audit_20261004/corrected_inventory/input.json,not_oos,,none,analysis_results/review_source_audit_20261004/corrected_inventory/input.json,,not_explicitly_resolved,False,[],,False,False,True,False,False,False,not_exhaustively_reviewed_for_scope_or_detail
e9zR4mvMWw7_4273c4dd97974531b5256f96204fee47,e9zR4mvMWw7-17,e9zR4mvMWw7,G098,research_annotation_image,gt:e9zR4mvMWw7_4273c4dd97974531b5256f96204fee47:data/mp3d_layout/test/label_cor/e9zR4mvMWw7_4273c4dd97974531b5256f96204fee47.txt,data/mp3d_layout/test/label_cor/e9zR4mvMWw7_4273c4dd97974531b5256f96204fee47.txt,gt_original,original_gt_reference,False,"[0, 1, 2, 3, 4, 5, 6, 7]",8,valid_camera_inside,True,1,[5],"[{""vertex_1based"": 5, ""status"": ""occluded_by_boundary"", ""blockers"": [{""edge_1based"": [3, 4], ""ray_fraction"": 0.5110446375155778, ""edge_fraction"": 0.7465080991746423, ""intersection_xy"": [-2.5856669917575696, -0.6444732254415637]}], ""contacts"": []}]",local_backtracking,困难,困难,applicable,,,source_identified_no_new_semantic_review,[],"[{""evidence_kind"": ""semantic_image_evidence"", ""record"": {""semantic_status"": ""image_comment_classified"", ""summary"": ""gt的标注范围是标了里面的房间,目前标注者都没有标这个区域的,标注的空间范围不同"", ""reason"": ""已逐条读原话：gt的标注范围是标了里面的房间,目前标注者都没有标这个区域的,标注的空间范围不同"", ""needs_user_review"": false, ""source"": ""C:/Users/ASUS/Downloads/全历史标注_定向补审_20260927(1).json#/image_decisions/e9zR4mvMWw7_4273c4dd97974531b5256f96204fee47"", ""tags"": [""scope""], ""classification_resolved"": true, ""gt_version_note"": """"}, ""source_object_id"": ""3e0b6e14799743fc990f"", ""bundle_source"": ""analysis_results/research_input_20260929/preprocessed_source.json""}]",unflagged,unflagged_not_certified_normal,not_recorded,analysis_results/review_source_audit_20261004/corrected_inventory/input.json,not_recorded,,not_recorded,analysis_results/review_source_audit_20261004/corrected_inventory/input.json,,not_explicitly_resolved,False,"[""scope""]",,False,True,True,False,False,False,not_exhaustively_reviewed_for_scope_or_detail
e9zR4mvMWw7_4fb8c9be319e4784b4b66f9ca5d839ab,e9zR4mvMWw7-19,e9zR4mvMWw7,G095-S1,research_annotation_image,gt:e9zR4mvMWw7_4fb8c9be319e4784b4b66f9ca5d839ab:data/mp3d_layout/test/label_cor/e9zR4mvMWw7_4fb8c9be319e4784b4b66f9ca5d839ab.txt,data/mp3d_layout/test/label_cor/e9zR4mvMWw7_4fb8c9be319e4784b4b66f9ca5d839ab.txt,gt_original,original_gt_reference,False,"[0, 1, 2, 3, 4, 5, 6, 7, 8, 9, 10, 11]",12,valid_camera_inside,True,2,"[2, 8]","[{""vertex_1based"": 2, ""status"": ""occluded_by_boundary"", ""blockers"": [{""edge_1based"": [3, 4], ""ray_fraction"": 0.3092453509141788, ""edge_fraction"": 0.12124159895046348, ""intersection_xy"": [0.4931801544528103, -0.14459563431433609]}], ""contacts"": []}, {""vertex_1based"": 8, ""status"": ""occluded_by_boundary"", ""blockers"": [{""edge_1based"": [5, 6], ""ray_fraction"": 0.6285256910920698, ""edge_fraction"": 0.4951803730126167, ""intersection_xy"": [-0.14724402900421843, 1.2519554261551742]}], ""contacts"": []}]",local_backtracking,困难,困难,applicable,,,source_identified_no_new_semantic_review,[],"[{""evidence_kind"": ""semantic_image_evidence"", ""record"": {""semantic_status"": ""image_comment_classified"", ""summary"": ""本图中等偏难,簇2,4,6,8的标注方法是对的,但是我不知道为啥分了这么多簇.大部分人想标的空间是和gt一致的,但是很多人都漏标了gt 的p3,p4整个位置.簇3给出了一个很奇怪的标注空间,标的特别小"", ""reason"": ""已逐条读原话：本图中等偏难,簇2,4,6,8的标注方法是对的,但是我不知道为啥分了这么多簇.大部分人想标的空间是和gt一致的,但是很多人都漏标了gt 的p3,p4整个位置.簇3给出了一个很奇怪的标注空间,标的特别小"", ""needs_user_review"": false, ""source"": ""C:/Users/ASUS/Downloads/全历史标注_定向补审_20260927(1).json#/image_decisions/e9zR4mvMWw7_4fb8c9be319e4784b4b66f9ca5d839ab"", ""tags"": [""scope"", ""detail""], ""classification_resolved"": true, ""gt_version_note"": """"}, ""source_object_id"": ""fa6fde75b32e9284"", ""bundle_source"": ""analysis_results/research_input_20260929/preprocessed_source.json""}]",unflagged,unflagged_not_certified_normal,not_recorded,analysis_results/review_source_audit_20261004/corrected_inventory/input.json,not_recorded,,not_recorded,analysis_results/review_source_audit_20261004/corrected_inventory/input.json,,not_explicitly_resolved,False,"[""detail"", ""scope""]",,True,True,True,False,False,False,not_exhaustively_reviewed_for_scope_or_detail
e9zR4mvMWw7_83347153d2184d33869626c6c83318f9,e9zR4mvMWw7-26,e9zR4mvMWw7,G090,research_annotation_image,gt:e9zR4mvMWw7_83347153d2184d33869626c6c83318f9:data/mp3d_layout/test/label_cor/e9zR4mvMWw7_83347153d2184d33869626c6c83318f9.txt,data/mp3d_layout/test/label_cor/e9zR4mvMWw7_83347153d2184d33869626c6c83318f9.txt,gt_original,original_gt_reference,False,"[0, 1, 2, 3]",4,valid_camera_inside,False,0,[],[],cyclic_increasing,简单,简单,applicable,,,source_identified_no_new_semantic_review,[],[],unflagged,unflagged_not_certified_normal,not_recorded,analysis_results/review_source_audit_20261004/corrected_inventory/input.json,not_recorded,,not_recorded,analysis_results/review_source_audit_20261004/corrected_inventory/input.json,,not_explicitly_resolved,False,[],,False,False,False,False,False,False,not_exhaustively_reviewed_for_scope_or_detail
e9zR4mvMWw7_891cb55a08dd4aea9ee76656f6b4850d,e9zR4mvMWw7-28,e9zR4mvMWw7,G090,research_annotation_image,gt:e9zR4mvMWw7_891cb55a08dd4aea9ee76656f6b4850d:data/mp3d_layout/test/label_cor/e9zR4mvMWw7_891cb55a08dd4aea9ee76656f6b4850d.txt,data/mp3d_layout/test/label_cor/e9zR4mvMWw7_891cb55a08dd4aea9ee76656f6b4850d.txt,gt_original,original_gt_reference,False,"[0, 1, 2, 3]",4,valid_camera_inside,False,0,[],[],cyclic_increasing,简单,简单,applicable,,,source_identified_no_new_semantic_review,[],[],unflagged,unflagged_not_certified_normal,not_recorded,analysis_results/review_source_audit_20261004/corrected_inventory/input.json,not_recorded,,not_recorded,analysis_results/review_source_audit_20261004/corrected_inventory/input.json,,not_explicitly_resolved,False,[],,False,False,False,False,False,False,not_exhaustively_reviewed_for_scope_or_detail
e9zR4mvMWw7_ac03b99e3f3642be80b4d24fde0af03a,e9zR4mvMWw7-32,e9zR4mvMWw7,G089,research_annotation_image,gt:e9zR4mvMWw7_ac03b99e3f3642be80b4d24fde0af03a:data/mp3d_layout/test/label_cor/e9zR4mvMWw7_ac03b99e3f3642be80b4d24fde0af03a.txt,data/mp3d_layout/test/label_cor/e9zR4mvMWw7_ac03b99e3f3642be80b4d24fde0af03a.txt,gt_original,original_gt_reference,False,"[0, 1, 2, 3]",4,valid_camera_inside,False,0,[],[],cyclic_increasing,简单,简单,applicable,,,source_identified_no_new_semantic_review,[],[],unflagged,unflagged_not_certified_normal,not_recorded,analysis_results/review_source_audit_20261004/corrected_inventory/input.json,not_recorded,,not_recorded,analysis_results/review_source_audit_20261004/corrected_inventory/input.json,,not_explicitly_resolved,False,[],,False,False,False,False,False,False,not_exhaustively_reviewed_for_scope_or_detail
e9zR4mvMWw7_f7ab5b3ece274b48be57eb65bb6d4814,e9zR4mvMWw7-39,e9zR4mvMWw7,G100,research_annotation_image,gt:e9zR4mvMWw7_f7ab5b3ece274b48be57eb65bb6d4814:data/mp3d_layout/test/label_cor/e9zR4mvMWw7_f7ab5b3ece274b48be57eb65bb6d4814.txt,data/mp3d_layout/test/label_cor/e9zR4mvMWw7_f7ab5b3ece274b48be57eb65bb6d4814.txt,gt_original,original_gt_reference,False,"[0, 1, 2, 3]",4,valid_camera_inside,False,0,[],[],cyclic_increasing,简单,简单,applicable,,,source_identified_no_new_semantic_review,[],[],unflagged,unflagged_not_certified_normal,not_recorded,analysis_results/review_source_audit_20261004/corrected_inventory/input.json,not_recorded,,not_recorded,analysis_results/review_source_audit_20261004/corrected_inventory/input.json,,not_explicitly_resolved,False,[],,True,True,False,False,False,False,not_exhaustively_reviewed_for_scope_or_detail
jh4fc5c5qoQ_30cdb6fe9aa6449788e271f2e24d76ec,jh4fc5c5qoQ-02,jh4fc5c5qoQ,G102,research_annotation_image,gt:jh4fc5c5qoQ_30cdb6fe9aa6449788e271f2e24d76ec:data/mp3d_layout/valid/label_cor/jh4fc5c5qoQ_30cdb6fe9aa6449788e271f2e24d76ec.txt,data/mp3d_layout/valid/label_cor/jh4fc5c5qoQ_30cdb6fe9aa6449788e271f2e24d76ec.txt,gt_original,original_gt_reference,False,"[0, 1, 2, 3]",4,valid_camera_inside,False,0,[],[],cyclic_increasing,简单,简单,applicable,,,source_identified_no_new_semantic_review,[],[],unflagged,unflagged_not_certified_normal,not_recorded,analysis_results/review_source_audit_20261004/corrected_inventory/input.json,not_recorded,,not_recorded,analysis_results/review_source_audit_20261004/corrected_inventory/input.json,,not_explicitly_resolved,False,[],,False,False,False,False,False,False,not_exhaustively_reviewed_for_scope_or_detail
jh4fc5c5qoQ_4547d37b305e41bdad0de45ade6971ca,jh4fc5c5qoQ-04,jh4fc5c5qoQ,G105,research_annotation_image,gt:jh4fc5c5qoQ_4547d37b305e41bdad0de45ade6971ca:data/mp3d_layout/valid/label_cor/jh4fc5c5qoQ_4547d37b305e41bdad0de45ade6971ca.txt,data/mp3d_layout/valid/label_cor/jh4fc5c5qoQ_4547d37b305e41bdad0de45ade6971ca.txt,gt_original,original_gt_reference,False,"[0, 1, 2, 3, 4, 5, 6, 7, 8, 9, 10, 11]",12,valid_camera_inside,True,2,"[5, 6]","[{""vertex_1based"": 5, ""status"": ""occluded_by_boundary"", ""blockers"": [{""edge_1based"": [8, 9], ""ray_fraction"": 0.47194186184193276, ""edge_fraction"": 0.00827644305166492, ""intersection_xy"": [-0.47279105085612777, 0.9287498080496813]}, {""edge_1based"": [6, 7], ""ray_fraction"": 0.5136061990422367, ""edge_fraction"": 0.912932535218358, ""intersection_xy"": [-0.5145303568191012, 1.0107424183815443]}], ""contacts"": []}, {""vertex_1based"": 6, ""status"": ""occluded_by_boundary"", ""blockers"": [{""edge_1based"": [8, 9], ""ray_fraction"": 0.9188655373948295, ""edge_fraction"": 0.8042722333159922, ""intersection_xy"": [-0.9204507224445255, 0.9287336888512934]}], ""contacts"": []}]",local_backtracking,困难,困难,applicable,,,source_identified_no_new_semantic_review,[],[],unflagged,unflagged_not_certified_normal,not_recorded,analysis_results/review_source_audit_20261004/corrected_inventory/input.json,not_recorded,,not_recorded,analysis_results/review_source_audit_20261004/corrected_inventory/input.json,,not_explicitly_resolved,False,[],,False,False,True,False,False,False,not_exhaustively_reviewed_for_scope_or_detail
jh4fc5c5qoQ_77e6cfabf32d46fc9398ce824843adaa,jh4fc5c5qoQ-09,jh4fc5c5qoQ,,research_annotation_image,gt:jh4fc5c5qoQ_77e6cfabf32d46fc9398ce824843adaa:data/mp3d_layout/valid/label_cor/jh4fc5c5qoQ_77e6cfabf32d46fc9398ce824843adaa.txt,data/mp3d_layout/valid/label_cor/jh4fc5c5qoQ_77e6cfabf32d46fc9398ce824843adaa.txt,gt_original,original_gt_reference,False,"[0, 1, 2, 3, 4, 5, 6, 7, 8, 9, 10, 11]",12,valid_camera_inside,True,4,"[2, 8, 9, 10]","[{""vertex_1based"": 2, ""status"": ""occluded_by_boundary"", ""blockers"": [{""edge_1based"": [3, 4], ""ray_fraction"": 0.18354115884789174, ""edge_fraction"": 0.02610833922153532, ""intersection_xy"": [0.2778165217699025, -0.007792342481688814]}], ""contacts"": []}, {""vertex_1based"": 8, ""status"": ""occluded_by_boundary"", ""blockers"": [{""edge_1based"": [4, 5], ""ray_fraction"": 0.7087821428511613, ""edge_fraction"": 0.9382018966300422, ""intersection_xy"": [-0.6212363724927847, 1.2842176335885418]}], ""contacts"": []}, {""vertex_1based"": 9, ""status"": ""occluded_by_boundary"", ""blockers"": [{""edge_1based"": [6, 7], ""ray_fraction"": 0.38825589443477543, ""edge_fraction"": 0.9045651489639251, ""intersection_xy"": [-0.8577524628347297, 0.7034109411176453]}, {""edge_1based"": [7, 8], ""ray_fraction"": 0.3967198416521787, ""edge_fraction"": 0.01383781739313412, ""intersection_xy"": [-0.8764513974165212, 0.718745242961101]}], ""contacts"": []}, {""vertex_1based"": 10, ""status"": ""occluded_by_boundary"", ""blockers"": [{""edge_1based"": [11, 12], ""ray_fraction"": 0.30802600461657403, ""edge_fraction"": 0.07460720357550443, ""intersection_xy"": [-0.6805017864085429, 0.06559042444934307]}], ""contacts"": []}]",local_backtracking,困难,困难,applicable,,,source_identified_no_new_semantic_review,[],[],doorway_difficult,special_or_pending_keep_source_status,not_recorded,analysis_results/review_source_audit_20261004/corrected_inventory/input.json,not_recorded,,difficult,analysis_results/review_source_audit_20261004/corrected_inventory/input.json,analysis_results/review_source_audit_20261004/corrected_inventory/input.json,not_explicitly_resolved,False,[],,False,False,False,False,False,False,not_exhaustively_reviewed_for_scope_or_detail
jh4fc5c5qoQ_855bc326ad174253b57626daf123c608,jh4fc5c5qoQ-10,jh4fc5c5qoQ,G105,research_annotation_image,gt:jh4fc5c5qoQ_855bc326ad174253b57626daf123c608:data/mp3d_layout/valid/label_cor/jh4fc5c5qoQ_855bc326ad174253b57626daf123c608.txt,data/mp3d_layout/valid/label_cor/jh4fc5c5qoQ_855bc326ad174253b57626daf123c608.txt,gt_original,original_gt_reference,False,"[0, 1, 2, 3, 4, 5, 6, 7, 8, 9, 10, 11]",12,valid_camera_inside,True,2,"[5, 7]","[{""vertex_1based"": 5, ""status"": ""occluded_by_boundary"", ""blockers"": [{""edge_1based"": [3, 4], ""ray_fraction"": 0.6503493349585221, ""edge_fraction"": 0.7946680578973071, ""intersection_xy"": [-1.2886392915634743, -0.6768421668859007]}], ""contacts"": []}, {""vertex_1based"": 7, ""status"": ""occluded_by_boundary"", ""blockers"": [{""edge_1based"": [9, 10], ""ray_fraction"": 0.9455460157514466, ""edge_fraction"": 0.3071071778481376, ""intersection_xy"": [-1.2886980720041692, -1.8212517568343052]}], ""contacts"": []}]",local_backtracking,困难,困难,applicable,,,source_identified_no_new_semantic_review,[],[],unflagged,unflagged_not_certified_normal,not_recorded,analysis_results/review_source_audit_20261004/corrected_inventory/input.json,not_recorded,,not_recorded,analysis_results/review_source_audit_20261004/corrected_inventory/input.json,,not_explicitly_resolved,False,[],,False,False,True,False,False,False,not_exhaustively_reviewed_for_scope_or_detail
jh4fc5c5qoQ_a59a3a61089343a8ba2834e7d3cd1066,jh4fc5c5qoQ-12,jh4fc5c5qoQ,G108,research_annotation_image,gt:jh4fc5c5qoQ_a59a3a61089343a8ba2834e7d3cd1066:data/mp3d_layout/valid/label_cor/jh4fc5c5qoQ_a59a3a61089343a8ba2834e7d3cd1066.txt,data/mp3d_layout/valid/label_cor/jh4fc5c5qoQ_a59a3a61089343a8ba2834e7d3cd1066.txt,gt_original,original_gt_reference,False,"[0, 1, 2, 3, 4, 5, 6, 7]",8,valid_camera_inside,True,2,"[3, 4]","[{""vertex_1based"": 3, ""status"": ""occluded_by_boundary"", ""blockers"": [{""edge_1based"": [5, 6], ""ray_fraction"": 0.26140276890083003, ""edge_fraction"": 0.8571206844962089, ""intersection_xy"": [-0.21108136215688908, 0.22430947751755925]}, {""edge_1based"": [4, 5], ""ray_fraction"": 0.3162749892265466, ""edge_fraction"": 0.9256988383043008, ""intersection_xy"": [-0.2553903917040065, 0.2713952797194456]}], ""contacts"": []}, {""vertex_1based"": 4, ""status"": ""occluded_by_boundary"", ""blockers"": [{""edge_1based"": [6, 7], ""ray_fraction"": 0.797679877460323, ""edge_fraction"": 0.7564117782234991, ""intersection_xy"": [-0.6441041748440068, 0.21647172479351326]}], ""contacts"": []}]",local_backtracking,困难,困难,applicable,,,source_identified_no_new_semantic_review,[],[],unflagged,unflagged_not_certified_normal,not_recorded,analysis_results/review_source_audit_20261004/corrected_inventory/input.json,not_recorded,,not_recorded,analysis_results/review_source_audit_20261004/corrected_inventory/input.json,,not_explicitly_resolved,False,[],,False,False,False,False,False,False,not_exhaustively_reviewed_for_scope_or_detail
jh4fc5c5qoQ_abbdc7ac89204f23a935fcb9ccae887c,jh4fc5c5qoQ-13,jh4fc5c5qoQ,G104,research_annotation_image,gt:jh4fc5c5qoQ_abbdc7ac89204f23a935fcb9ccae887c:data/mp3d_layout/valid/label_cor/jh4fc5c5qoQ_abbdc7ac89204f23a935fcb9ccae887c.txt,data/mp3d_layout/valid/label_cor/jh4fc5c5qoQ_abbdc7ac89204f23a935fcb9ccae887c.txt,gt_original,original_gt_reference,False,"[0, 1, 2, 3, 4, 5]",6,valid_camera_inside,False,0,[],[],cyclic_increasing,中等,中等,applicable,,,source_identified_no_new_semantic_review,[],[],unflagged,unflagged_not_certified_normal,not_recorded,analysis_results/review_source_audit_20261004/corrected_inventory/input.json,not_recorded,,not_recorded,analysis_results/review_source_audit_20261004/corrected_inventory/input.json,,not_explicitly_resolved,False,[],,False,False,False,False,False,False,not_exhaustively_reviewed_for_scope_or_detail
jh4fc5c5qoQ_b000c5baa76b454caa1c58c9aac585f6,jh4fc5c5qoQ-14,jh4fc5c5qoQ,G102,research_annotation_image,gt:jh4fc5c5qoQ_b000c5baa76b454caa1c58c9aac585f6:data/mp3d_layout/valid/label_cor/jh4fc5c5qoQ_b000c5baa76b454caa1c58c9aac585f6.txt,data/mp3d_layout/valid/label_cor/jh4fc5c5qoQ_b000c5baa76b454caa1c58c9aac585f6.txt,gt_original,original_gt_reference,False,"[0, 1, 2, 3, 4, 5, 6, 7]",8,valid_camera_inside,True,2,"[1, 4]","[{""vertex_1based"": 1, ""status"": ""occluded_by_boundary"", ""blockers"": [{""edge_1based"": [2, 3], ""ray_fraction"": 0.24569122664049534, ""edge_fraction"": 0.02919548705743061, ""intersection_xy"": [-0.014244645780978568, -0.4462939369685163]}], ""contacts"": []}, {""vertex_1based"": 4, ""status"": ""occluded_by_boundary"", ""blockers"": [{""edge_1based"": [2, 3], ""ray_fraction"": 0.2935990851791646, ""edge_fraction"": 0.32095919250624716, ""intersection_xy"": [0.42268572883229544, -0.4463127871572148]}], ""contacts"": []}]",local_backtracking,困难,困难,applicable,,,source_identified_no_new_semantic_review,[],[],doorway_difficult,special_or_pending_keep_source_status,not_recorded,analysis_results/review_source_audit_20261004/corrected_inventory/input.json,not_recorded,,difficult,analysis_results/review_source_audit_20261004/corrected_inventory/input.json,analysis_results/review_source_audit_20261004/corrected_inventory/input.json,not_explicitly_resolved,False,[],,False,False,False,False,False,False,not_exhaustively_reviewed_for_scope_or_detail
jtcxE69GiFV_0aa01000f1934e73b35c348fa8d15040,jtcxE69GiFV-03,jtcxE69GiFV,G110,research_annotation_image,gt:jtcxE69GiFV_0aa01000f1934e73b35c348fa8d15040:data/mp3d_layout/valid/label_cor/jtcxE69GiFV_0aa01000f1934e73b35c348fa8d15040.txt,data/mp3d_layout/valid/label_cor/jtcxE69GiFV_0aa01000f1934e73b35c348fa8d15040.txt,gt_original,original_gt_reference,False,"[0, 1, 2, 3]",4,valid_camera_inside,False,0,[],[],cyclic_increasing,简单,简单,applicable,,,source_identified_no_new_semantic_review,[],"[{""evidence_kind"": ""semantic_image_evidence"", ""record"": {""semantic_status"": ""resolved_by_coverage_followup"", ""summary"": """", ""reason"": ""最新图片补审明确选项"", ""needs_user_review"": false, ""classification_resolved"": true, ""tags"": [], ""source"": ""evidence/coverage.json#/decisions/jtcxE69GiFV_0aa01000f1934e73b35c348fa8d15040"", ""gt_version_note"": ""当前查看来源为原始Matterport标签：data/mp3d_layout/valid/label_cor/jtcxE69GiFV_0aa01000f1934e73b35c348fa8d15040.txt""}, ""source_object_id"": ""2194b610ab3f6d48b3fe"", ""bundle_source"": ""analysis_results/research_input_20260929/preprocessed_source.json""}, {""evidence_kind"": ""coverage_review"", ""record"": {""source"": ""evidence/coverage.json#/decisions/jtcxE69GiFV_0aa01000f1934e73b35c348fa8d15040"", ""raw_record"": {""status"": ""resolved"", ""oos"": ""in_scope"", ""doorway"": ""none"", ""tags"": [], ""comment"": """", ""view_context"": {""annotation_id"": ""2194b610ab3f6d48b3fe"", ""gt"": ""gt_revised"", ""gt_source"": ""data/mp3d_layout/valid/label_cor/jtcxE69GiFV_0aa01000f1934e73b35c348fa8d15040.txt"", ""all_workers"": true}, ""updated_at"": ""2026-09-28T06:14:26.404Z""}, ""effective_tags"": [], ""user_clarification"": """"}, ""source_object_id"": ""2194b610ab3f6d48b3fe"", ""bundle_source"": ""analysis_results/research_input_20260929/preprocessed_source.json""}]",clear,explicit_not_oos_and_no_doorway,not_oos,analysis_results/review_source_audit_20261004/corrected_inventory/input.json,not_oos,,none,analysis_results/review_source_audit_20261004/corrected_inventory/input.json,,not_explicitly_resolved,False,[],,False,False,False,False,False,False,not_exhaustively_reviewed_for_scope_or_detail
jtcxE69GiFV_1df105f34ccf4844877be7e8e2d90fad,jtcxE69GiFV-04,jtcxE69GiFV,,research_annotation_image,gt:jtcxE69GiFV_1df105f34ccf4844877be7e8e2d90fad:data/mp3d_layout/valid/label_cor/jtcxE69GiFV_1df105f34ccf4844877be7e8e2d90fad.txt,data/mp3d_layout/valid/label_cor/jtcxE69GiFV_1df105f34ccf4844877be7e8e2d90fad.txt,gt_original,original_gt_reference,False,"[0, 1, 2, 3]",4,valid_camera_inside,False,0,[],[],cyclic_increasing,简单,简单,applicable,,,source_identified_no_new_semantic_review,[],[],unflagged,unflagged_not_certified_normal,not_recorded,analysis_results/review_source_audit_20261004/corrected_inventory/input.json,not_recorded,,not_recorded,analysis_results/review_source_audit_20261004/corrected_inventory/input.json,,not_explicitly_resolved,False,[],,False,False,False,False,False,False,not_exhaustively_reviewed_for_scope_or_detail
jtcxE69GiFV_27535f650b78489abcf2397c1eaa3037,jtcxE69GiFV-05,jtcxE69GiFV,G109,research_annotation_image,gt:jtcxE69GiFV_27535f650b78489abcf2397c1eaa3037:data/mp3d_layout/valid/label_cor/jtcxE69GiFV_27535f650b78489abcf2397c1eaa3037.txt,data/mp3d_layout/valid/label_cor/jtcxE69GiFV_27535f650b78489abcf2397c1eaa3037.txt,gt_original,original_gt_reference,False,"[0, 1, 2, 3]",4,valid_camera_inside,False,0,[],[],cyclic_increasing,简单,简单,applicable,,,source_identified_no_new_semantic_review,[],"[{""evidence_kind"": ""semantic_image_evidence"", ""record"": {""semantic_status"": ""explicit_gt_error_statement"", ""summary"": ""用户明确陈述参考实质错误，保留其证据原话；不得泛化为所有标注无效，也不能退化为仅有合理范围差异。pRb12同时有细节遗漏。"", ""reason"": ""用户明确陈述参考实质错误，保留其证据原话；不得泛化为所有标注无效，也不能退化为仅有合理范围差异。pRb12同时有细节遗漏。"", ""needs_user_review"": false, ""tags"": [""detail"", ""reference_error""], ""source"": ""C:/Users/ASUS/Downloads/全历史标注_定向补审_20260927(1).json#/image_decisions/jtcxE69GiFV_27535f650b78489abcf2397c1eaa3037"", ""classification_resolved"": true, ""gt_version_note"": """"}, ""source_object_id"": ""8ff7251a7c24a8e0e71e"", ""bundle_source"": ""analysis_results/research_input_20260929/preprocessed_source.json""}]",unflagged,unflagged_not_certified_normal,not_recorded,analysis_results/review_source_audit_20261004/corrected_inventory/input.json,not_recorded,,not_recorded,analysis_results/review_source_audit_20261004/corrected_inventory/input.json,,not_explicitly_resolved,False,"[""detail"", ""reference_error""]",,False,False,False,True,False,False,not_exhaustively_reviewed_for_scope_or_detail
jtcxE69GiFV_3fb4bb890d7f4964b496a46db647e72a,jtcxE69GiFV-09,jtcxE69GiFV,,research_annotation_image,gt:jtcxE69GiFV_3fb4bb890d7f4964b496a46db647e72a:data/mp3d_layout/valid/label_cor/jtcxE69GiFV_3fb4bb890d7f4964b496a46db647e72a.txt,data/mp3d_layout/valid/label_cor/jtcxE69GiFV_3fb4bb890d7f4964b496a46db647e72a.txt,gt_original,original_gt_reference,False,"[0, 1, 2, 3]",4,valid_camera_inside,False,0,[],[],cyclic_increasing,简单,简单,applicable,,,source_identified_no_new_semantic_review,[],[],unflagged,unflagged_not_certified_normal,not_recorded,analysis_results/review_source_audit_20261004/corrected_inventory/input.json,not_recorded,,not_recorded,analysis_results/review_source_audit_20261004/corrected_inventory/input.json,,not_explicitly_resolved,False,[],,False,False,False,False,False,False,not_exhaustively_reviewed_for_scope_or_detail
jtcxE69GiFV_44661972414d44fabc0799f237e4d7f0,jtcxE69GiFV-10,jtcxE69GiFV,,research_annotation_image,gt:jtcxE69GiFV_44661972414d44fabc0799f237e4d7f0:data/mp3d_layout/valid/label_cor/jtcxE69GiFV_44661972414d44fabc0799f237e4d7f0.txt,data/mp3d_layout/valid/label_cor/jtcxE69GiFV_44661972414d44fabc0799f237e4d7f0.txt,gt_original,original_gt_reference,False,"[0, 1, 2, 3]",4,valid_camera_inside,False,0,[],[],cyclic_increasing,简单,简单,applicable,,,source_identified_no_new_semantic_review,[],[],unflagged,unflagged_not_certified_normal,not_recorded,analysis_results/review_source_audit_20261004/corrected_inventory/input.json,not_recorded,,not_recorded,analysis_results/review_source_audit_20261004/corrected_inventory/input.json,,not_explicitly_resolved,False,[],,False,False,False,False,False,False,not_exhaustively_reviewed_for_scope_or_detail
jtcxE69GiFV_4d7ce55eeb6643079aba3b10360de8d8,jtcxE69GiFV-11,jtcxE69GiFV,G113,research_annotation_image,gt:jtcxE69GiFV_4d7ce55eeb6643079aba3b10360de8d8:data/mp3d_layout/valid/label_cor/jtcxE69GiFV_4d7ce55eeb6643079aba3b10360de8d8.txt,data/mp3d_layout/valid/label_cor/jtcxE69GiFV_4d7ce55eeb6643079aba3b10360de8d8.txt,gt_original,original_gt_reference,False,"[0, 1, 2, 3, 4, 5]",6,valid_camera_inside,True,1,[1],"[{""vertex_1based"": 1, ""status"": ""occluded_by_boundary"", ""blockers"": [{""edge_1based"": [2, 3], ""ray_fraction"": 0.26166274104665443, ""edge_fraction"": 0.28105345928975, ""intersection_xy"": [-0.05317502091505218, -0.25933573151404826]}], ""contacts"": []}]",local_backtracking,困难,待定,user_analysis_hold,用户明确暂不纳入分析；不是未完成审核，也不需强制其判断GT。,C:/Users/ASUS/Downloads/全历史标注_定向补审_20260927(1).json#/image_decisions/jtcxE69GiFV_4d7ce55eeb6643079aba3b10360de8d8,source_identified_no_new_semantic_review,[],"[{""evidence_kind"": ""semantic_image_evidence"", ""record"": {""semantic_status"": ""all_analysis_hold_by_user"", ""summary"": ""用户明确暂不纳入分析；不是未完成审核，也不需强制其判断GT。"", ""reason"": ""用户明确暂不纳入分析；不是未完成审核，也不需强制其判断GT。"", ""needs_user_review"": false, ""tags"": [""scope"", ""reference_uncertain""], ""source"": ""C:/Users/ASUS/Downloads/全历史标注_定向补审_20260927(1).json#/image_decisions/jtcxE69GiFV_4d7ce55eeb6643079aba3b10360de8d8"", ""classification_resolved"": true, ""gt_version_note"": """"}, ""source_object_id"": ""ade1e217bd688a016108"", ""bundle_source"": ""analysis_results/research_input_20260929/preprocessed_source.json""}]",unflagged,unflagged_not_certified_normal,not_recorded,analysis_results/review_source_audit_20261004/corrected_inventory/input.json,not_recorded,,not_recorded,analysis_results/review_source_audit_20261004/corrected_inventory/input.json,,not_explicitly_resolved,False,"[""reference_uncertain"", ""scope""]",,True,True,True,False,False,True,not_exhaustively_reviewed_for_scope_or_detail
jtcxE69GiFV_539fb3f6f19b442285b593628a8ce14e,jtcxE69GiFV-12,jtcxE69GiFV,,research_annotation_image,gt:jtcxE69GiFV_539fb3f6f19b442285b593628a8ce14e:data/mp3d_layout/valid/label_cor/jtcxE69GiFV_539fb3f6f19b442285b593628a8ce14e.txt,data/mp3d_layout/valid/label_cor/jtcxE69GiFV_539fb3f6f19b442285b593628a8ce14e.txt,gt_original,original_gt_reference,False,"[0, 1, 2, 3, 4, 5]",6,valid_camera_inside,True,1,[3],"[{""vertex_1based"": 3, ""status"": ""occluded_by_boundary"", ""blockers"": [{""edge_1based"": [4, 5], ""ray_fraction"": 0.11736788360698909, ""edge_fraction"": 0.05884093713942681, ""intersection_xy"": [0.012628009783796655, 0.3673634978115179]}], ""contacts"": []}]",local_backtracking,困难,困难,applicable,,,source_identified_no_new_semantic_review,[],[],doorway_annotatable,special_or_pending_keep_source_status,not_recorded,analysis_results/review_source_audit_20261004/corrected_inventory/input.json,not_recorded,,annotatable,analysis_results/review_source_audit_20261004/corrected_inventory/input.json,analysis_results/review_source_audit_20261004/corrected_inventory/input.json,doorway_annotatable,False,[],,True,True,True,False,False,False,not_exhaustively_reviewed_for_scope_or_detail
jtcxE69GiFV_5d3af9ad575b4be88587967ff8114c36,jtcxE69GiFV-13,jtcxE69GiFV,,research_annotation_image,gt:jtcxE69GiFV_5d3af9ad575b4be88587967ff8114c36:data/mp3d_layout/valid/label_cor/jtcxE69GiFV_5d3af9ad575b4be88587967ff8114c36.txt,data/mp3d_layout/valid/label_cor/jtcxE69GiFV_5d3af9ad575b4be88587967ff8114c36.txt,gt_original,original_gt_reference,False,"[0, 1, 2, 3, 4, 5]",6,valid_camera_inside,False,0,[],[],cyclic_increasing,中等,中等,applicable,,,source_identified_no_new_semantic_review,[],[],unflagged,unflagged_not_certified_normal,not_recorded,analysis_results/review_source_audit_20261004/corrected_inventory/input.json,not_recorded,,not_recorded,analysis_results/review_source_audit_20261004/corrected_inventory/input.json,,not_explicitly_resolved,False,[],,False,False,False,False,False,False,not_exhaustively_reviewed_for_scope_or_detail
jtcxE69GiFV_6723e18211d244f8b17ced91aae64d99,jtcxE69GiFV-17,jtcxE69GiFV,G109,research_annotation_image,gt:jtcxE69GiFV_6723e18211d244f8b17ced91aae64d99:data/mp3d_layout/valid/label_cor/jtcxE69GiFV_6723e18211d244f8b17ced91aae64d99.txt,data/mp3d_layout/valid/label_cor/jtcxE69GiFV_6723e18211d244f8b17ced91aae64d99.txt,gt_original,original_gt_reference,False,"[0, 1, 2, 3, 4, 5]",6,valid_camera_inside,True,1,[3],"[{""vertex_1based"": 3, ""status"": ""occluded_by_boundary"", ""blockers"": [{""edge_1based"": [1, 2], ""ray_fraction"": 0.2070282884469657, ""edge_fraction"": 0.7017644690190643, ""intersection_xy"": [0.3864024949087525, 0.052600487499541784]}], ""contacts"": []}]",local_backtracking,困难,困难,applicable,,,source_identified_no_new_semantic_review,[],"[{""evidence_kind"": ""semantic_image_evidence"", ""record"": {""semantic_status"": ""explicit_gt_error_statement"", ""summary"": ""用户明确陈述参考实质错误，保留其证据原话；不得泛化为所有标注无效，也不能退化为仅有合理范围差异。pRb12同时有细节遗漏。"", ""reason"": ""用户明确陈述参考实质错误，保留其证据原话；不得泛化为所有标注无效，也不能退化为仅有合理范围差异。pRb12同时有细节遗漏。"", ""needs_user_review"": false, ""tags"": [""detail"", ""reference_omission"", ""reference_error""], ""source"": ""C:/Users/ASUS/Downloads/全历史标注_定向补审_20260927(1).json#/image_decisions/jtcxE69GiFV_6723e18211d244f8b17ced91aae64d99"", ""classification_resolved"": true, ""gt_version_note"": """"}, ""source_object_id"": ""61b8048903e56202028a"", ""bundle_source"": ""analysis_results/research_input_20260929/preprocessed_source.json""}]",unflagged,unflagged_not_certified_normal,not_recorded,analysis_results/review_source_audit_20261004/corrected_inventory/input.json,not_recorded,,not_recorded,analysis_results/review_source_audit_20261004/corrected_inventory/input.json,,not_explicitly_resolved,False,"[""detail"", ""reference_error"", ""reference_omission""]",,False,False,False,True,True,False,not_exhaustively_reviewed_for_scope_or_detail
jtcxE69GiFV_67790605390f4d439c3c59395967ec84,jtcxE69GiFV-18,jtcxE69GiFV,G115,research_annotation_image,gt:jtcxE69GiFV_67790605390f4d439c3c59395967ec84:data/mp3d_layout/valid/label_cor/jtcxE69GiFV_67790605390f4d439c3c59395967ec84.txt,data/mp3d_layout/valid/label_cor/jtcxE69GiFV_67790605390f4d439c3c59395967ec84.txt,gt_original,original_gt_reference,False,"[0, 1, 2, 3, 4, 5, 6, 7]",8,valid_camera_inside,True,2,"[5, 8]","[{""vertex_1based"": 5, ""status"": ""occluded_by_boundary"", ""blockers"": [{""edge_1based"": [6, 7], ""ray_fraction"": 0.479173044528033, ""edge_fraction"": 0.4095809311117797, ""intersection_xy"": [-0.6039120011422062, -0.5150210281774921]}], ""contacts"": []}, {""vertex_1based"": 8, ""status"": ""occluded_by_boundary"", ""blockers"": [{""edge_1based"": [6, 7], ""ray_fraction"": 0.40697227068453573, ""edge_fraction"": 0.8732853423259335, ""intersection_xy"": [0.13933186278771598, -0.5150184518961313]}], ""contacts"": []}]",local_backtracking,困难,困难,applicable,,,source_identified_no_new_semantic_review,[],[],unflagged,unflagged_not_certified_normal,not_recorded,analysis_results/review_source_audit_20261004/corrected_inventory/input.json,not_recorded,,not_recorded,analysis_results/review_source_audit_20261004/corrected_inventory/input.json,,not_explicitly_resolved,False,[],,False,False,False,False,False,False,not_exhaustively_reviewed_for_scope_or_detail
jtcxE69GiFV_9f0e2562fcf447f5a7c5e44e85978148,jtcxE69GiFV-22,jtcxE69GiFV,G114,research_annotation_image,gt:jtcxE69GiFV_9f0e2562fcf447f5a7c5e44e85978148:data/mp3d_layout/valid/label_cor/jtcxE69GiFV_9f0e2562fcf447f5a7c5e44e85978148.txt,data/mp3d_layout/valid/label_cor/jtcxE69GiFV_9f0e2562fcf447f5a7c5e44e85978148.txt,gt_original,original_gt_reference,False,"[0, 1, 2, 3]",4,valid_camera_inside,False,0,[],[],cyclic_increasing,简单,简单,applicable,,,source_identified_no_new_semantic_review,[],"[{""evidence_kind"": ""semantic_image_evidence"", ""record"": {""semantic_status"": ""resolved_by_coverage_followup"", ""summary"": """", ""reason"": ""最新图片补审明确选项"", ""needs_user_review"": false, ""classification_resolved"": true, ""tags"": [], ""source"": ""evidence/coverage.json#/decisions/jtcxE69GiFV_9f0e2562fcf447f5a7c5e44e85978148"", ""gt_version_note"": ""当前查看来源为原始Matterport标签：data/mp3d_layout/valid/label_cor/jtcxE69GiFV_9f0e2562fcf447f5a7c5e44e85978148.txt""}, ""source_object_id"": ""3094209d11bcf2de8132"", ""bundle_source"": ""analysis_results/research_input_20260929/preprocessed_source.json""}, {""evidence_kind"": ""coverage_review"", ""record"": {""source"": ""evidence/coverage.json#/decisions/jtcxE69GiFV_9f0e2562fcf447f5a7c5e44e85978148"", ""raw_record"": {""status"": ""resolved"", ""oos"": ""in_scope"", ""doorway"": ""none"", ""tags"": [], ""comment"": """", ""view_context"": {""annotation_id"": ""3094209d11bcf2de8132"", ""gt"": ""gt_revised"", ""gt_source"": ""data/mp3d_layout/valid/label_cor/jtcxE69GiFV_9f0e2562fcf447f5a7c5e44e85978148.txt"", ""all_workers"": true}, ""updated_at"": ""2026-09-28T06:14:39.651Z""}, ""effective_tags"": [], ""user_clarification"": """"}, ""source_object_id"": ""3094209d11bcf2de8132"", ""bundle_source"": ""analysis_results/research_input_20260929/preprocessed_source.json""}]",clear,explicit_not_oos_and_no_doorway,not_oos,analysis_results/review_source_audit_20261004/corrected_inventory/input.json,not_oos,,none,analysis_results/review_source_audit_20261004/corrected_inventory/input.json,,not_explicitly_resolved,False,[],,False,False,False,False,False,False,not_exhaustively_reviewed_for_scope_or_detail
jtcxE69GiFV_a197694b62d249968f88ae32a1b49d10,jtcxE69GiFV-23,jtcxE69GiFV,G114,research_annotation_image,gt:jtcxE69GiFV_a197694b62d249968f88ae32a1b49d10:data/mp3d_layout/valid/label_cor/jtcxE69GiFV_a197694b62d249968f88ae32a1b49d10.txt,data/mp3d_layout/valid/label_cor/jtcxE69GiFV_a197694b62d249968f88ae32a1b49d10.txt,gt_original,original_gt_reference,False,"[0, 1, 2, 3]",4,valid_camera_inside,False,0,[],[],cyclic_increasing,简单,简单,applicable,,,source_identified_no_new_semantic_review,[],[],unflagged,unflagged_not_certified_normal,not_recorded,analysis_results/review_source_audit_20261004/corrected_inventory/input.json,not_recorded,,not_recorded,analysis_results/review_source_audit_20261004/corrected_inventory/input.json,,not_explicitly_resolved,False,[],,False,False,False,False,False,False,not_exhaustively_reviewed_for_scope_or_detail
jtcxE69GiFV_c90412ad99334d3aa7a1ec74d8e543a1,jtcxE69GiFV-26,jtcxE69GiFV,G117,research_annotation_image,gt:jtcxE69GiFV_c90412ad99334d3aa7a1ec74d8e543a1:data/mp3d_layout/valid/label_cor/jtcxE69GiFV_c90412ad99334d3aa7a1ec74d8e543a1.txt,data/mp3d_layout/valid/label_cor/jtcxE69GiFV_c90412ad99334d3aa7a1ec74d8e543a1.txt,gt_original,original_gt_reference,False,"[0, 1, 2, 3, 4, 5, 6, 7]",8,valid_camera_inside,False,0,[],[],cyclic_increasing,中等,中等,applicable,,,source_identified_no_new_semantic_review,[],[],unflagged,unflagged_not_certified_normal,not_recorded,analysis_results/review_source_audit_20261004/corrected_inventory/input.json,not_recorded,,not_recorded,analysis_results/review_source_audit_20261004/corrected_inventory/input.json,,not_explicitly_resolved,False,[],,False,False,False,False,False,False,not_exhaustively_reviewed_for_scope_or_detail
jtcxE69GiFV_dce110162b244b2ab76a0804fc830a9e,jtcxE69GiFV-28,jtcxE69GiFV,G117,research_annotation_image,gt:jtcxE69GiFV_dce110162b244b2ab76a0804fc830a9e:data/mp3d_layout/valid/label_cor/jtcxE69GiFV_dce110162b244b2ab76a0804fc830a9e.txt,data/mp3d_layout/valid/label_cor/jtcxE69GiFV_dce110162b244b2ab76a0804fc830a9e.txt,gt_original,original_gt_reference,False,"[0, 1, 2, 3, 4, 5, 6, 7]",8,valid_camera_inside,False,0,[],[],cyclic_increasing,中等,中等,applicable,,,source_identified_no_new_semantic_review,[],[],unflagged,unflagged_not_certified_normal,not_recorded,analysis_results/review_source_audit_20261004/corrected_inventory/input.json,not_recorded,,not_recorded,analysis_results/review_source_audit_20261004/corrected_inventory/input.json,,not_explicitly_resolved,False,[],,False,False,False,False,False,False,not_exhaustively_reviewed_for_scope_or_detail
jtcxE69GiFV_f473cf5a09a64090acec3bfe8fccaacd,jtcxE69GiFV-30,jtcxE69GiFV,G113,research_annotation_image,gt:jtcxE69GiFV_f473cf5a09a64090acec3bfe8fccaacd:data/mp3d_layout/valid/label_cor/jtcxE69GiFV_f473cf5a09a64090acec3bfe8fccaacd.txt,data/mp3d_layout/valid/label_cor/jtcxE69GiFV_f473cf5a09a64090acec3bfe8fccaacd.txt,gt_original,original_gt_reference,False,"[0, 1, 2, 3]",4,valid_camera_inside,False,0,[],[],cyclic_increasing,简单,简单,applicable,,,source_identified_no_new_semantic_review,[],"[{""evidence_kind"": ""semantic_image_evidence"", ""record"": {""semantic_status"": ""image_comment_classified"", ""summary"": ""这图存在多个标注空间"", ""reason"": ""已逐条读原话：这图存在多个标注空间"", ""needs_user_review"": false, ""source"": ""C:/Users/ASUS/Downloads/全历史标注_定向补审_20260927(1).json#/image_decisions/jtcxE69GiFV_f473cf5a09a64090acec3bfe8fccaacd"", ""tags"": [""scope""], ""classification_resolved"": true, ""gt_version_note"": """"}, ""source_object_id"": ""f8c20f06811c7321e708"", ""bundle_source"": ""analysis_results/research_input_20260929/preprocessed_source.json""}]",unflagged,unflagged_not_certified_normal,not_recorded,analysis_results/review_source_audit_20261004/corrected_inventory/input.json,not_recorded,,not_recorded,analysis_results/review_source_audit_20261004/corrected_inventory/input.json,,not_explicitly_resolved,False,"[""scope""]",,True,True,True,False,False,False,not_exhaustively_reviewed_for_scope_or_detail
jtcxE69GiFV_f4dc4040df5a4f038dd2b35f2bb65266,jtcxE69GiFV-31,jtcxE69GiFV,G116,research_annotation_image,gt:jtcxE69GiFV_f4dc4040df5a4f038dd2b35f2bb65266:data/mp3d_layout/valid/label_cor/jtcxE69GiFV_f4dc4040df5a4f038dd2b35f2bb65266.txt,data/mp3d_layout/valid/label_cor/jtcxE69GiFV_f4dc4040df5a4f038dd2b35f2bb65266.txt,gt_original,original_gt_reference,False,"[0, 1, 2, 3, 4, 5]",6,valid_camera_inside,False,0,[],[],cyclic_increasing,中等,中等,applicable,,,source_identified_no_new_semantic_review,[],[],oos,special_or_pending_keep_source_status,confirmed,analysis_results/review_source_audit_20261004/corrected_inventory/input.json,subtype_not_resolved,,not_recorded,analysis_results/review_source_audit_20261004/corrected_inventory/input.json,,not_explicitly_resolved,False,[],,False,False,False,False,False,False,not_exhaustively_reviewed_for_scope_or_detail
pRbA3pwrgk9_0350fc96e88c4a52886d4eb50b2d52c6,pRbA3pwrgk9-01,pRbA3pwrgk9,,research_annotation_image,gt:pRbA3pwrgk9_0350fc96e88c4a52886d4eb50b2d52c6:data/mp3d_layout/valid/label_cor/pRbA3pwrgk9_0350fc96e88c4a52886d4eb50b2d52c6.txt,data/mp3d_layout/valid/label_cor/pRbA3pwrgk9_0350fc96e88c4a52886d4eb50b2d52c6.txt,gt_original,original_gt_reference,False,"[0, 1, 2, 3, 4, 5, 6, 7, 8, 9]",10,valid_camera_inside,True,3,"[2, 6, 8]","[{""vertex_1based"": 2, ""status"": ""occluded_by_boundary"", ""blockers"": [{""edge_1based"": [3, 4], ""ray_fraction"": 0.34312615914691225, ""edge_fraction"": 0.01787338715040233, ""intersection_xy"": [-0.03112680829692493, -0.2403430651698186]}], ""contacts"": []}, {""vertex_1based"": 6, ""status"": ""occluded_by_boundary"", ""blockers"": [{""edge_1based"": [7, 8], ""ray_fraction"": 0.7092264619446238, ""edge_fraction"": 0.2971403915487371, ""intersection_xy"": [0.38163600622392346, 1.4203334026191299]}], ""contacts"": []}, {""vertex_1based"": 8, ""status"": ""occluded_by_boundary"", ""blockers"": [{""edge_1based"": [9, 10], ""ray_fraction"": 0.08254431619829063, ""edge_fraction"": 0.00897110965218858, ""intersection_xy"": [0.0009495207509325882, 0.11723063584947559]}], ""contacts"": []}]",local_backtracking,困难,困难,applicable,,,source_identified_no_new_semantic_review,[],[],oos_and_doorway,special_or_pending_keep_source_status,confirmed,analysis_results/review_source_audit_20261004/corrected_inventory/input.json,subtype_not_resolved,,difficult,analysis_results/review_source_audit_20261004/corrected_inventory/input.json,analysis_results/review_source_audit_20261004/corrected_inventory/input.json,not_explicitly_resolved,False,[],,False,False,True,False,False,False,not_exhaustively_reviewed_for_scope_or_detail
pRbA3pwrgk9_03de6e2562bb4f56a88db3ceb681af78,pRbA3pwrgk9-02,pRbA3pwrgk9,G122,research_annotation_image,gt:pRbA3pwrgk9_03de6e2562bb4f56a88db3ceb681af78:data/mp3d_layout/valid/label_cor/pRbA3pwrgk9_03de6e2562bb4f56a88db3ceb681af78.txt,data/mp3d_layout/valid/label_cor/pRbA3pwrgk9_03de6e2562bb4f56a88db3ceb681af78.txt,gt_original,original_gt_reference,False,"[0, 1, 2, 3, 4, 5, 6, 7, 8, 9]",10,valid_camera_inside,True,3,"[3, 8, 10]","[{""vertex_1based"": 3, ""status"": ""occluded_by_boundary"", ""blockers"": [{""edge_1based"": [4, 5], ""ray_fraction"": 0.5480844672921376, ""edge_fraction"": 0.21315979085213016, ""intersection_xy"": [0.24459282303917, 0.4190818988922638]}], ""contacts"": []}, {""vertex_1based"": 8, ""status"": ""occluded_by_boundary"", ""blockers"": [{""edge_1based"": [6, 7], ""ray_fraction"": 0.21284208026088952, ""edge_fraction"": 0.8707594174839969, ""intersection_xy"": [0.02090025707019521, -0.3335062469354914]}], ""contacts"": []}, {""vertex_1based"": 10, ""status"": ""occluded_by_boundary"", ""blockers"": [{""edge_1based"": [8, 9], ""ray_fraction"": 0.7695365966593292, ""edge_fraction"": 0.7284827284653749, ""intersection_xy"": [0.4994395540074216, -1.566831654864487]}], ""contacts"": []}]",local_backtracking,困难,困难,applicable,,,source_identified_no_new_semantic_review,[],"[{""evidence_kind"": ""semantic_image_evidence"", ""record"": {""semantic_status"": ""resolved_by_coverage_followup"", ""summary"": ""gt是 标了玻璃门后的空间区域,目前的标注者都没有标后面的区域"", ""reason"": ""最新图片补审明确选项"", ""needs_user_review"": false, ""classification_resolved"": true, ""tags"": [""scope""], ""source"": ""evidence/coverage.json#/decisions/pRbA3pwrgk9_03de6e2562bb4f56a88db3ceb681af78"", ""gt_version_note"": ""当前查看来源为原始Matterport标签：data/mp3d_layout/valid/label_cor/pRbA3pwrgk9_03de6e2562bb4f56a88db3ceb681af78.txt""}, ""source_object_id"": ""56a766b95bd23e61232e"", ""bundle_source"": ""analysis_results/research_input_20260929/preprocessed_source.json""}, {""evidence_kind"": ""coverage_review"", ""record"": {""source"": ""evidence/coverage.json#/decisions/pRbA3pwrgk9_03de6e2562bb4f56a88db3ceb681af78"", ""raw_record"": {""status"": ""resolved"", ""oos"": ""in_scope"", ""doorway"": ""none"", ""tags"": [""scope""], ""comment"": ""gt是 标了玻璃门后的空间区域,目前的标注者都没有标后面的区域"", ""view_context"": {""annotation_id"": ""d229ebc66bef1a22b980"", ""gt"": ""gt_revised"", ""gt_source"": ""data/mp3d_layout/valid/label_cor/pRbA3pwrgk9_03de6e2562bb4f56a88db3ceb681af78.txt"", ""all_workers"": true}, ""updated_at"": ""2026-09-28T06:15:27.994Z""}, ""effective_tags"": [""scope""], ""user_clarification"": """"}, ""source_object_id"": ""56a766b95bd23e61232e"", ""bundle_source"": ""analysis_results/research_input_20260929/preprocessed_source.json""}]",clear,explicit_not_oos_and_no_doorway,not_oos,analysis_results/review_source_audit_20261004/corrected_inventory/input.json,not_oos,,none,analysis_results/review_source_audit_20261004/corrected_inventory/input.json,,not_explicitly_resolved,False,"[""scope""]",,True,True,True,False,False,False,not_exhaustively_reviewed_for_scope_or_detail
pRbA3pwrgk9_0dad4bd3fa7e4349a5325596c10d6fdf,pRbA3pwrgk9-04,pRbA3pwrgk9,G124,research_annotation_image,gt:pRbA3pwrgk9_0dad4bd3fa7e4349a5325596c10d6fdf:data/mp3d_layout/valid/label_cor/pRbA3pwrgk9_0dad4bd3fa7e4349a5325596c10d6fdf.txt,data/mp3d_layout/valid/label_cor/pRbA3pwrgk9_0dad4bd3fa7e4349a5325596c10d6fdf.txt,gt_original,original_gt_reference,False,"[0, 1, 2, 3]",4,valid_camera_inside,False,0,[],[],cyclic_increasing,简单,简单,applicable,,,source_identified_no_new_semantic_review,[],[],unflagged,unflagged_not_certified_normal,not_recorded,analysis_results/review_source_audit_20261004/corrected_inventory/input.json,not_recorded,,not_recorded,analysis_results/review_source_audit_20261004/corrected_inventory/input.json,,not_explicitly_resolved,False,[],,False,False,False,False,False,False,not_exhaustively_reviewed_for_scope_or_detail
pRbA3pwrgk9_16beb21e65a84850a509972190038d0e,pRbA3pwrgk9-05,pRbA3pwrgk9,G125,research_annotation_image,gt:pRbA3pwrgk9_16beb21e65a84850a509972190038d0e:data/mp3d_layout/valid/label_cor/pRbA3pwrgk9_16beb21e65a84850a509972190038d0e.txt,data/mp3d_layout/valid/label_cor/pRbA3pwrgk9_16beb21e65a84850a509972190038d0e.txt,gt_original,original_gt_reference,False,"[0, 1, 2, 3]",4,valid_camera_inside,False,0,[],[],cyclic_increasing,简单,简单,applicable,,,source_identified_no_new_semantic_review,[],[],unflagged,unflagged_not_certified_normal,not_recorded,analysis_results/review_source_audit_20261004/corrected_inventory/input.json,not_recorded,,not_recorded,analysis_results/review_source_audit_20261004/corrected_inventory/input.json,,not_explicitly_resolved,False,[],,False,False,False,False,True,False,not_exhaustively_reviewed_for_scope_or_detail
pRbA3pwrgk9_285b697fed754f86a09602c93628cfb4,pRbA3pwrgk9-06,pRbA3pwrgk9,G124,research_annotation_image,gt:pRbA3pwrgk9_285b697fed754f86a09602c93628cfb4:data/mp3d_layout/valid/label_cor/pRbA3pwrgk9_285b697fed754f86a09602c93628cfb4.txt,data/mp3d_layout/valid/label_cor/pRbA3pwrgk9_285b697fed754f86a09602c93628cfb4.txt,gt_original,original_gt_reference,False,"[0, 1, 2, 3]",4,valid_camera_inside,False,0,[],[],cyclic_increasing,简单,简单,applicable,,,source_identified_no_new_semantic_review,[],"[{""evidence_kind"": ""semantic_image_evidence"", ""record"": {""semantic_status"": ""explicit_inscope"", ""summary"": ""用户明确不标窗台即可inscope；不能因历史OOS线索保留为OOS。"", ""reason"": ""用户明确不标窗台即可inscope；不能因历史OOS线索保留为OOS。"", ""needs_user_review"": false, ""tags"": [], ""source"": ""C:/Users/ASUS/Downloads/全历史标注_定向补审_20260927(1).json#/image_decisions/pRbA3pwrgk9_285b697fed754f86a09602c93628cfb4""}, ""source_object_id"": ""064762401b987f7b06e1"", ""bundle_source"": ""analysis_results/research_input_20260929/preprocessed_source.json""}]",unflagged,unflagged_not_certified_normal,not_recorded,analysis_results/review_source_audit_20261004/corrected_inventory/input.json,not_recorded,,not_recorded,analysis_results/review_source_audit_20261004/corrected_inventory/input.json,,not_explicitly_resolved,False,[],,False,False,False,False,False,False,not_exhaustively_reviewed_for_scope_or_detail
pRbA3pwrgk9_2a3810bc7ecc491e81ff1e8a17692ec1,pRbA3pwrgk9-07,pRbA3pwrgk9,,research_annotation_image,gt:pRbA3pwrgk9_2a3810bc7ecc491e81ff1e8a17692ec1:data/mp3d_layout/valid/label_cor/pRbA3pwrgk9_2a3810bc7ecc491e81ff1e8a17692ec1.txt,data/mp3d_layout/valid/label_cor/pRbA3pwrgk9_2a3810bc7ecc491e81ff1e8a17692ec1.txt,gt_original,original_gt_reference,False,"[0, 1, 2, 3]",4,valid_camera_inside,False,0,[],[],cyclic_increasing,简单,简单,applicable,,,source_identified_no_new_semantic_review,[],"[{""evidence_kind"": ""semantic_image_evidence"", ""record"": {""semantic_status"": ""resolved_by_coverage_followup"", ""summary"": """", ""reason"": ""最新图片补审明确选项"", ""needs_user_review"": false, ""classification_resolved"": true, ""tags"": [], ""source"": ""evidence/coverage.json#/decisions/pRbA3pwrgk9_2a3810bc7ecc491e81ff1e8a17692ec1"", ""gt_version_note"": ""当前查看来源为原始Matterport标签：data/mp3d_layout/valid/label_cor/pRbA3pwrgk9_2a3810bc7ecc491e81ff1e8a17692ec1.txt""}, ""source_object_id"": ""fd25cbb84b15d307427f"", ""bundle_source"": ""analysis_results/research_input_20260929/preprocessed_source.json""}, {""evidence_kind"": ""coverage_review"", ""record"": {""source"": ""evidence/coverage.json#/decisions/pRbA3pwrgk9_2a3810bc7ecc491e81ff1e8a17692ec1"", ""raw_record"": {""status"": ""resolved"", ""oos"": ""in_scope"", ""doorway"": ""none"", ""tags"": [], ""comment"": """", ""view_context"": {""annotation_id"": ""8d2fb23ccf6644962fa7"", ""gt"": ""gt_revised"", ""gt_source"": ""data/mp3d_layout/valid/label_cor/pRbA3pwrgk9_2a3810bc7ecc491e81ff1e8a17692ec1.txt"", ""all_workers"": true}, ""updated_at"": ""2026-09-28T06:15:47.485Z""}, ""effective_tags"": [], ""user_clarification"": """"}, ""source_object_id"": ""fd25cbb84b15d307427f"", ""bundle_source"": ""analysis_results/research_input_20260929/preprocessed_source.json""}]",clear,explicit_not_oos_and_no_doorway,not_oos,analysis_results/review_source_audit_20261004/corrected_inventory/input.json,not_oos,,none,analysis_results/review_source_audit_20261004/corrected_inventory/input.json,,not_explicitly_resolved,False,[],,False,False,False,False,False,False,not_exhaustively_reviewed_for_scope_or_detail
pRbA3pwrgk9_4fe4474e9bf9429ea92d202bdea4dce5,pRbA3pwrgk9-10,pRbA3pwrgk9,G124,research_annotation_image,gt:pRbA3pwrgk9_4fe4474e9bf9429ea92d202bdea4dce5:data/mp3d_layout/valid/label_cor/pRbA3pwrgk9_4fe4474e9bf9429ea92d202bdea4dce5.txt,data/mp3d_layout/valid/label_cor/pRbA3pwrgk9_4fe4474e9bf9429ea92d202bdea4dce5.txt,gt_original,original_gt_reference,False,"[0, 1, 2, 3]",4,valid_camera_inside,False,0,[],[],cyclic_increasing,简单,简单,applicable,,,source_identified_no_new_semantic_review,[],"[{""evidence_kind"": ""semantic_image_evidence"", ""record"": {""semantic_status"": ""resolved_by_coverage_followup"", ""summary"": """", ""reason"": ""最新图片补审明确选项"", ""needs_user_review"": false, ""classification_resolved"": true, ""tags"": [], ""source"": ""evidence/coverage.json#/decisions/pRbA3pwrgk9_4fe4474e9bf9429ea92d202bdea4dce5"", ""gt_version_note"": ""当前查看来源为原始Matterport标签：data/mp3d_layout/valid/label_cor/pRbA3pwrgk9_4fe4474e9bf9429ea92d202bdea4dce5.txt""}, ""source_object_id"": ""668f25d1bef1578eda26"", ""bundle_source"": ""analysis_results/research_input_20260929/preprocessed_source.json""}, {""evidence_kind"": ""coverage_review"", ""record"": {""source"": ""evidence/coverage.json#/decisions/pRbA3pwrgk9_4fe4474e9bf9429ea92d202bdea4dce5"", ""raw_record"": {""status"": ""resolved"", ""oos"": ""in_scope"", ""doorway"": ""none"", ""tags"": [], ""comment"": """", ""view_context"": {""annotation_id"": ""668f25d1bef1578eda26"", ""gt"": ""gt_revised"", ""gt_source"": ""data/mp3d_layout/valid/label_cor/pRbA3pwrgk9_4fe4474e9bf9429ea92d202bdea4dce5.txt"", ""all_workers"": true}, ""updated_at"": ""2026-09-28T06:15:58.677Z""}, ""effective_tags"": [], ""user_clarification"": """"}, ""source_object_id"": ""668f25d1bef1578eda26"", ""bundle_source"": ""analysis_results/research_input_20260929/preprocessed_source.json""}]",clear,explicit_not_oos_and_no_doorway,not_oos,analysis_results/review_source_audit_20261004/corrected_inventory/input.json,not_oos,,none,analysis_results/review_source_audit_20261004/corrected_inventory/input.json,,not_explicitly_resolved,False,[],,False,False,False,False,False,False,not_exhaustively_reviewed_for_scope_or_detail
pRbA3pwrgk9_8b07a4b08cf447abb246769d8dce8494,pRbA3pwrgk9-11,pRbA3pwrgk9,,research_annotation_image,gt:pRbA3pwrgk9_8b07a4b08cf447abb246769d8dce8494:data/mp3d_layout/valid/label_cor/pRbA3pwrgk9_8b07a4b08cf447abb246769d8dce8494.txt,data/mp3d_layout/valid/label_cor/pRbA3pwrgk9_8b07a4b08cf447abb246769d8dce8494.txt,gt_original,original_gt_reference,False,"[0, 1, 2, 3, 4, 5, 6, 7, 8, 9, 10, 11]",12,valid_camera_inside,True,4,"[4, 6, 9, 12]","[{""vertex_1based"": 4, ""status"": ""occluded_by_boundary"", ""blockers"": [{""edge_1based"": [2, 3], ""ray_fraction"": 0.6369217656148658, ""edge_fraction"": 0.9844154930560145, ""intersection_xy"": [-0.08853276987936183, 0.37732253415996764]}], ""contacts"": []}, {""vertex_1based"": 6, ""status"": ""occluded_by_boundary"", ""blockers"": [{""edge_1based"": [4, 5], ""ray_fraction"": 0.5493754216409343, ""edge_fraction"": 0.4712263854384908, ""intersection_xy"": [-0.5168309747717182, 0.5924300088502449]}], ""contacts"": []}, {""vertex_1based"": 9, ""status"": ""occluded_by_boundary"", ""blockers"": [{""edge_1based"": [10, 11], ""ray_fraction"": 0.2231746182992229, ""edge_fraction"": 0.2586343582422927, ""intersection_xy"": [-0.03156143641038068, -0.3827069920441513]}], ""contacts"": []}, {""vertex_1based"": 12, ""status"": ""occluded_by_boundary"", ""blockers"": [{""edge_1based"": [10, 11], ""ray_fraction"": 0.1283097780875763, ""edge_fraction"": 0.41856970880017924, ""intersection_xy"": [0.03634295015427532, -0.3827136729098644]}], ""contacts"": []}]",local_backtracking,困难,困难,applicable,,,source_identified_no_new_semantic_review,[],[],oos_and_doorway,special_or_pending_keep_source_status,confirmed,analysis_results/review_source_audit_20261004/corrected_inventory/input.json,subtype_not_resolved,,difficult,analysis_results/review_source_audit_20261004/corrected_inventory/input.json,analysis_results/review_source_audit_20261004/corrected_inventory/input.json,not_explicitly_resolved,False,[],,False,False,False,False,False,False,not_exhaustively_reviewed_for_scope_or_detail
pRbA3pwrgk9_8caa90fc5528451f9e9f45634676499b,pRbA3pwrgk9-12,pRbA3pwrgk9,G125,research_annotation_image,gt:pRbA3pwrgk9_8caa90fc5528451f9e9f45634676499b:data/mp3d_layout/valid/label_cor/pRbA3pwrgk9_8caa90fc5528451f9e9f45634676499b.txt,data/mp3d_layout/valid/label_cor/pRbA3pwrgk9_8caa90fc5528451f9e9f45634676499b.txt,gt_original,original_gt_reference,False,"[0, 1, 2, 3]",4,valid_camera_inside,False,0,[],[],cyclic_increasing,简单,简单,applicable,,,source_identified_no_new_semantic_review,[],"[{""evidence_kind"": ""semantic_image_evidence"", ""record"": {""semantic_status"": ""explicit_gt_error_statement"", ""summary"": ""用户明确陈述参考实质错误，保留其证据原话；不得泛化为所有标注无效，也不能退化为仅有合理范围差异。pRb12同时有细节遗漏。"", ""reason"": ""用户明确陈述参考实质错误，保留其证据原话；不得泛化为所有标注无效，也不能退化为仅有合理范围差异。pRb12同时有细节遗漏。"", ""needs_user_review"": false, ""tags"": [""detail"", ""reference_omission"", ""reference_error""], ""source"": ""C:/Users/ASUS/Downloads/全历史标注_定向补审_20260927(1).json#/image_decisions/pRbA3pwrgk9_8caa90fc5528451f9e9f45634676499b"", ""classification_resolved"": true, ""gt_version_note"": """"}, ""source_object_id"": ""eb643e70dd670c43e4ad"", ""bundle_source"": ""analysis_results/research_input_20260929/preprocessed_source.json""}]",unflagged,unflagged_not_certified_normal,not_recorded,analysis_results/review_source_audit_20261004/corrected_inventory/input.json,not_recorded,,not_recorded,analysis_results/review_source_audit_20261004/corrected_inventory/input.json,,not_explicitly_resolved,False,"[""detail"", ""reference_error"", ""reference_omission""]",,False,False,False,True,True,False,not_exhaustively_reviewed_for_scope_or_detail
pRbA3pwrgk9_9c9bed9bf7d94ac0bcea18e3bf521930,pRbA3pwrgk9-14,pRbA3pwrgk9,,research_annotation_image,gt:pRbA3pwrgk9_9c9bed9bf7d94ac0bcea18e3bf521930:data/mp3d_layout/valid/label_cor/pRbA3pwrgk9_9c9bed9bf7d94ac0bcea18e3bf521930.txt,data/mp3d_layout/valid/label_cor/pRbA3pwrgk9_9c9bed9bf7d94ac0bcea18e3bf521930.txt,gt_original,original_gt_reference,False,"[0, 1, 2, 3]",4,valid_camera_inside,False,0,[],[],cyclic_increasing,简单,简单,applicable,,,source_identified_no_new_semantic_review,[],"[{""evidence_kind"": ""semantic_image_evidence"", ""record"": {""semantic_status"": ""image_comment_classified"", ""summary"": ""和gt的标注空间有些偏差,gt是标了玻璃门后的马桶和洗手台的位置"", ""reason"": ""已逐条读原话：和gt的标注空间有些偏差,gt是标了玻璃门后的马桶和洗手台的位置"", ""needs_user_review"": false, ""source"": ""C:/Users/ASUS/Downloads/全历史标注_定向补审_20260927(1).json#/image_decisions/pRbA3pwrgk9_9c9bed9bf7d94ac0bcea18e3bf521930"", ""tags"": [""scope""], ""classification_resolved"": true, ""gt_version_note"": """"}, ""source_object_id"": ""c4bf6d8c68c322df6d88"", ""bundle_source"": ""analysis_results/research_input_20260929/preprocessed_source.json""}]",unflagged,unflagged_not_certified_normal,not_recorded,analysis_results/review_source_audit_20261004/corrected_inventory/input.json,not_recorded,,not_recorded,analysis_results/review_source_audit_20261004/corrected_inventory/input.json,,not_explicitly_resolved,False,"[""scope""]",,False,True,True,False,False,False,not_exhaustively_reviewed_for_scope_or_detail
pRbA3pwrgk9_bc9ae89832854c19a69741f97291efad,pRbA3pwrgk9-16,pRbA3pwrgk9,,research_annotation_image,gt:pRbA3pwrgk9_bc9ae89832854c19a69741f97291efad:data/mp3d_layout/valid/label_cor/pRbA3pwrgk9_bc9ae89832854c19a69741f97291efad.txt,data/mp3d_layout/valid/label_cor/pRbA3pwrgk9_bc9ae89832854c19a69741f97291efad.txt,gt_original,original_gt_reference,False,"[0, 1, 2, 3, 4, 5]",6,valid_camera_inside,True,1,[3],"[{""vertex_1based"": 3, ""status"": ""occluded_by_boundary"", ""blockers"": [{""edge_1based"": [1, 2], ""ray_fraction"": 0.265432832850649, ""edge_fraction"": 0.639139503252622, ""intersection_xy"": [0.06382337698762273, -0.22779797272226954]}], ""contacts"": []}]",local_backtracking,困难,待定,user_analysis_hold,"不太确定是不是oos,而且这图很难,暂时先不搞,而且如果真的能标,gt也有点问题.先排除吧",evidence/coverage.json#/decisions/pRbA3pwrgk9_bc9ae89832854c19a69741f97291efad,source_identified_no_new_semantic_review,[],"[{""evidence_kind"": ""semantic_image_evidence"", ""record"": {""semantic_status"": ""resolved_by_coverage_followup"", ""summary"": ""不太确定是不是oos,而且这图很难,暂时先不搞,而且如果真的能标,gt也有点问题.先排除吧"", ""reason"": ""本次图片补审；pRb-16按原话暂缓全部分析"", ""needs_user_review"": false, ""classification_resolved"": false, ""tags"": [], ""source"": ""evidence/coverage.json#/decisions/pRbA3pwrgk9_bc9ae89832854c19a69741f97291efad"", ""gt_version_note"": ""当前查看来源为原始Matterport标签：data/mp3d_layout/valid/label_cor/pRbA3pwrgk9_bc9ae89832854c19a69741f97291efad.txt""}, ""source_object_id"": ""c26ee2572b19b332d923"", ""bundle_source"": ""analysis_results/research_input_20260929/preprocessed_source.json""}, {""evidence_kind"": ""coverage_review"", ""record"": {""source"": ""evidence/coverage.json#/decisions/pRbA3pwrgk9_bc9ae89832854c19a69741f97291efad"", ""raw_record"": {""status"": ""resolved"", ""oos"": ""pending"", ""doorway"": """", ""tags"": [], ""comment"": ""不太确定是不是oos,而且这图很难,暂时先不搞,而且如果真的能标,gt也有点问题.先排除吧"", ""view_context"": {""annotation_id"": ""c26ee2572b19b332d923"", ""gt"": ""gt_revised"", ""gt_source"": ""data/mp3d_layout/valid/label_cor/pRbA3pwrgk9_bc9ae89832854c19a69741f97291efad.txt"", ""all_workers"": true}, ""updated_at"": ""2026-09-28T06:11:08.832Z""}, ""effective_tags"": [], ""user_clarification"": """"}, ""source_object_id"": ""c26ee2572b19b332d923"", ""bundle_source"": ""analysis_results/research_input_20260929/preprocessed_source.json""}]",oos_pending,special_or_pending_keep_source_status,pending,analysis_results/review_source_audit_20261004/corrected_inventory/input.json,subtype_not_resolved,,not_recorded,analysis_results/review_source_audit_20261004/corrected_inventory/input.json,,not_explicitly_resolved,False,[],,False,False,False,False,False,False,not_exhaustively_reviewed_for_scope_or_detail
pa4otMbVnkk_270f6920ec0f48c391bca974b356bc3b,pa4otMbVnkk-05,pa4otMbVnkk,G134,research_annotation_image,gt:pa4otMbVnkk_270f6920ec0f48c391bca974b356bc3b:data/mp3d_layout/valid/label_cor/pa4otMbVnkk_270f6920ec0f48c391bca974b356bc3b.txt,data/mp3d_layout/valid/label_cor/pa4otMbVnkk_270f6920ec0f48c391bca974b356bc3b.txt,gt_original,original_gt_reference,False,"[0, 1, 2, 3, 4, 5]",6,valid_camera_inside,True,1,[4],"[{""vertex_1based"": 4, ""status"": ""occluded_by_boundary"", ""blockers"": [{""edge_1based"": [2, 3], ""ray_fraction"": 0.774401183301114, ""edge_fraction"": 0.9975501907306235, ""intersection_xy"": [-0.008892482638237225, 1.1411181216915876]}], ""contacts"": []}]",local_backtracking,困难,困难,applicable,,,source_identified_no_new_semantic_review,[],[],unflagged,unflagged_not_certified_normal,not_recorded,analysis_results/review_source_audit_20261004/corrected_inventory/input.json,not_recorded,,not_recorded,analysis_results/review_source_audit_20261004/corrected_inventory/input.json,,not_explicitly_resolved,False,[],,False,False,False,False,False,False,not_exhaustively_reviewed_for_scope_or_detail
pa4otMbVnkk_3ad5d0784b1442b6a728bb7dec3d50e0,pa4otMbVnkk-06,pa4otMbVnkk,G135,research_annotation_image,gt:pa4otMbVnkk_3ad5d0784b1442b6a728bb7dec3d50e0:data/mp3d_layout/valid/label_cor/pa4otMbVnkk_3ad5d0784b1442b6a728bb7dec3d50e0.txt,data/mp3d_layout/valid/label_cor/pa4otMbVnkk_3ad5d0784b1442b6a728bb7dec3d50e0.txt,gt_original,original_gt_reference,False,"[0, 1, 2, 3]",4,valid_camera_inside,False,0,[],[],cyclic_increasing,简单,简单,applicable,,,source_identified_no_new_semantic_review,[],[],unflagged,unflagged_not_certified_normal,not_recorded,analysis_results/review_source_audit_20261004/corrected_inventory/input.json,not_recorded,,not_recorded,analysis_results/review_source_audit_20261004/corrected_inventory/input.json,,not_explicitly_resolved,False,[],,False,False,False,False,False,False,not_exhaustively_reviewed_for_scope_or_detail
pa4otMbVnkk_447755d931aa401097d8c0952a22b17e,pa4otMbVnkk-09,pa4otMbVnkk,G138,research_annotation_image,gt:pa4otMbVnkk_447755d931aa401097d8c0952a22b17e:data/mp3d_layout/valid/label_cor/pa4otMbVnkk_447755d931aa401097d8c0952a22b17e.txt,data/mp3d_layout/valid/label_cor/pa4otMbVnkk_447755d931aa401097d8c0952a22b17e.txt,gt_original,original_gt_reference,False,"[0, 1, 2, 3]",4,valid_camera_inside,False,0,[],[],cyclic_increasing,简单,简单,applicable,,,source_identified_no_new_semantic_review,[],"[{""evidence_kind"": ""semantic_image_evidence"", ""record"": {""semantic_status"": ""resolved_by_coverage_followup"", ""summary"": """", ""reason"": ""最新图片补审明确选项"", ""needs_user_review"": false, ""classification_resolved"": true, ""tags"": [], ""source"": ""evidence/coverage.json#/decisions/pa4otMbVnkk_447755d931aa401097d8c0952a22b17e"", ""gt_version_note"": ""当前查看来源为原始Matterport标签：data/mp3d_layout/valid/label_cor/pa4otMbVnkk_447755d931aa401097d8c0952a22b17e.txt""}, ""source_object_id"": ""7fb8d88d8dea72e07078"", ""bundle_source"": ""analysis_results/research_input_20260929/preprocessed_source.json""}, {""evidence_kind"": ""coverage_review"", ""record"": {""source"": ""evidence/coverage.json#/decisions/pa4otMbVnkk_447755d931aa401097d8c0952a22b17e"", ""raw_record"": {""status"": ""resolved"", ""oos"": ""in_scope"", ""doorway"": ""none"", ""tags"": [], ""comment"": """", ""view_context"": {""annotation_id"": ""409ebb5e37130651943d"", ""gt"": ""gt_revised"", ""gt_source"": ""data/mp3d_layout/valid/label_cor/pa4otMbVnkk_447755d931aa401097d8c0952a22b17e.txt"", ""all_workers"": true}, ""updated_at"": ""2026-09-28T06:16:11.922Z""}, ""effective_tags"": [], ""user_clarification"": """"}, ""source_object_id"": ""7fb8d88d8dea72e07078"", ""bundle_source"": ""analysis_results/research_input_20260929/preprocessed_source.json""}]",clear,explicit_not_oos_and_no_doorway,not_oos,analysis_results/review_source_audit_20261004/corrected_inventory/input.json,not_oos,,none,analysis_results/review_source_audit_20261004/corrected_inventory/input.json,,not_explicitly_resolved,False,[],,False,False,False,False,False,False,not_exhaustively_reviewed_for_scope_or_detail
pa4otMbVnkk_48321c1bb20244f1b43b2c41b4dc9657,pa4otMbVnkk-10,pa4otMbVnkk,,research_annotation_image,gt:pa4otMbVnkk_48321c1bb20244f1b43b2c41b4dc9657:data/mp3d_layout/valid/label_cor/pa4otMbVnkk_48321c1bb20244f1b43b2c41b4dc9657.txt,data/mp3d_layout/valid/label_cor/pa4otMbVnkk_48321c1bb20244f1b43b2c41b4dc9657.txt,gt_original,original_gt_reference,False,"[0, 1, 2, 3, 4, 5, 6, 7]",8,valid_camera_inside,True,1,[8],"[{""vertex_1based"": 8, ""status"": ""occluded_by_boundary"", ""blockers"": [{""edge_1based"": [6, 7], ""ray_fraction"": 0.6178104644706983, ""edge_fraction"": 0.7690418235535789, ""intersection_xy"": [0.8301157705911084, -3.035855904711739]}], ""contacts"": []}]",local_backtracking,困难,困难,applicable,,,source_identified_no_new_semantic_review,[],[],unflagged,unflagged_not_certified_normal,not_recorded,analysis_results/review_source_audit_20261004/corrected_inventory/input.json,not_recorded,,not_recorded,analysis_results/review_source_audit_20261004/corrected_inventory/input.json,,not_explicitly_resolved,False,[],,False,False,True,False,False,False,not_exhaustively_reviewed_for_scope_or_detail
pa4otMbVnkk_4fbdfc08c934474ea9a04977f9081d0e,pa4otMbVnkk-11,pa4otMbVnkk,G139,research_annotation_image,gt:pa4otMbVnkk_4fbdfc08c934474ea9a04977f9081d0e:data/mp3d_layout/valid/label_cor/pa4otMbVnkk_4fbdfc08c934474ea9a04977f9081d0e.txt,data/mp3d_layout/valid/label_cor/pa4otMbVnkk_4fbdfc08c934474ea9a04977f9081d0e.txt,gt_original,original_gt_reference,False,"[0, 1, 2, 3, 4, 5, 6, 7]",8,valid_camera_inside,False,0,[],[],cyclic_increasing,中等,中等,applicable,,,source_identified_no_new_semantic_review,[],"[{""evidence_kind"": ""semantic_image_evidence"", ""record"": {""semantic_status"": ""image_comment_classified"", ""summary"": ""gt标注的空间是把右侧里面的空间也纳入了,但是实质上不标注那个区域也是可以的."", ""reason"": ""已逐条读原话：gt标注的空间是把右侧里面的空间也纳入了,但是实质上不标注那个区域也是可以的."", ""needs_user_review"": false, ""source"": ""C:/Users/ASUS/Downloads/全历史标注_定向补审_20260927(1).json#/image_decisions/pa4otMbVnkk_4fbdfc08c934474ea9a04977f9081d0e"", ""tags"": [""scope""], ""classification_resolved"": true, ""gt_version_note"": """"}, ""source_object_id"": ""b42da87603a316cd9f46"", ""bundle_source"": ""analysis_results/research_input_20260929/preprocessed_source.json""}]",unflagged,unflagged_not_certified_normal,not_recorded,analysis_results/review_source_audit_20261004/corrected_inventory/input.json,not_recorded,,not_recorded,analysis_results/review_source_audit_20261004/corrected_inventory/input.json,,not_explicitly_resolved,False,"[""scope""]",,False,True,True,False,False,False,not_exhaustively_reviewed_for_scope_or_detail
pa4otMbVnkk_5d1adb544bb14217ba5ded2eb82cd8e3,pa4otMbVnkk-14,pa4otMbVnkk,,research_annotation_image,gt:pa4otMbVnkk_5d1adb544bb14217ba5ded2eb82cd8e3:data/mp3d_layout/valid/label_cor/pa4otMbVnkk_5d1adb544bb14217ba5ded2eb82cd8e3.txt,data/mp3d_layout/valid/label_cor/pa4otMbVnkk_5d1adb544bb14217ba5ded2eb82cd8e3.txt,gt_original,original_gt_reference,False,"[0, 1, 2, 3]",4,valid_camera_inside,False,0,[],[],cyclic_increasing,简单,简单,applicable,,,source_identified_no_new_semantic_review,[],"[{""evidence_kind"": ""semantic_image_evidence"", ""record"": {""semantic_status"": ""image_comment_classified"", ""summary"": ""这图里门框下很近,而且存在不同的标注范围.有些人会标上房间里的空间,但是最好的还是像gt那样的标法."", ""reason"": ""已逐条读原话：这图里门框下很近,而且存在不同的标注范围.有些人会标上房间里的空间,但是最好的还是像gt那样的标法."", ""needs_user_review"": false, ""source"": ""C:/Users/ASUS/Downloads/全历史标注_定向补审_20260927(1).json#/image_decisions/pa4otMbVnkk_5d1adb544bb14217ba5ded2eb82cd8e3"", ""tags"": [""scope""], ""classification_resolved"": true, ""gt_version_note"": """"}, ""source_object_id"": ""903ad950938729076842"", ""bundle_source"": ""analysis_results/research_input_20260929/preprocessed_source.json""}]",unflagged,unflagged_not_certified_normal,not_recorded,analysis_results/review_source_audit_20261004/corrected_inventory/input.json,not_recorded,,not_recorded,analysis_results/review_source_audit_20261004/corrected_inventory/input.json,,not_explicitly_resolved,False,"[""scope""]",,False,True,True,False,False,False,not_exhaustively_reviewed_for_scope_or_detail
pa4otMbVnkk_63bde48e974d42e59a664bc3b5d9566a,pa4otMbVnkk-17,pa4otMbVnkk,G141,research_annotation_image,gt:pa4otMbVnkk_63bde48e974d42e59a664bc3b5d9566a:data/mp3d_layout/valid/label_cor/pa4otMbVnkk_63bde48e974d42e59a664bc3b5d9566a.txt,data/mp3d_layout/valid/label_cor/pa4otMbVnkk_63bde48e974d42e59a664bc3b5d9566a.txt,gt_original,original_gt_reference,False,"[0, 1, 2, 3]",4,valid_camera_inside,False,0,[],[],cyclic_increasing,简单,简单,applicable,,,source_identified_no_new_semantic_review,[],[],unflagged,unflagged_not_certified_normal,not_recorded,analysis_results/review_source_audit_20261004/corrected_inventory/input.json,not_recorded,,not_recorded,analysis_results/review_source_audit_20261004/corrected_inventory/input.json,,not_explicitly_resolved,False,[],,False,False,False,False,False,False,not_exhaustively_reviewed_for_scope_or_detail
pa4otMbVnkk_64ba4f267872432abdcb00af002649d5,pa4otMbVnkk-18,pa4otMbVnkk,G142,research_annotation_image,gt:pa4otMbVnkk_64ba4f267872432abdcb00af002649d5:data/mp3d_layout/valid/label_cor/pa4otMbVnkk_64ba4f267872432abdcb00af002649d5.txt,data/mp3d_layout/valid/label_cor/pa4otMbVnkk_64ba4f267872432abdcb00af002649d5.txt,gt_original,original_gt_reference,False,"[0, 1, 2, 3, 4, 5]",6,valid_camera_inside,True,2,"[5, 6]","[{""vertex_1based"": 5, ""status"": ""occluded_by_boundary"", ""blockers"": [{""edge_1based"": [3, 4], ""ray_fraction"": 0.7070496232634295, ""edge_fraction"": 0.7403323031458583, ""intersection_xy"": [-1.0583801487053104, -1.64179283326546]}], ""contacts"": []}, {""vertex_1based"": 6, ""status"": ""occluded_by_boundary"", ""blockers"": [{""edge_1based"": [3, 4], ""ray_fraction"": 0.7069714252798053, ""edge_fraction"": 0.9808957855771664, ""intersection_xy"": [-1.0583991556458803, -2.272332389417194]}, {""edge_1based"": [4, 5], ""ray_fraction"": 0.7225443369533632, ""edge_fraction"": 0.05316475221519834, ""intersection_xy"": [-1.081713190664648, -2.3223865080533943]}], ""contacts"": []}]",local_backtracking,困难,困难,applicable,,,source_identified_no_new_semantic_review,[],"[{""evidence_kind"": ""semantic_image_evidence"", ""record"": {""semantic_status"": ""gt_detail_omission_not_global_error"", ""summary"": ""细节简化/遗漏属于同空间表达差异；可能与scope并存，不因这条评论阻断主分析。保留用户评价，不替其宣布GT完全错误。"", ""reason"": ""细节简化/遗漏属于同空间表达差异；可能与scope并存，不因这条评论阻断主分析。保留用户评价，不替其宣布GT完全错误。"", ""needs_user_review"": false, ""tags"": [""detail"", ""reference_omission""], ""source"": ""C:/Users/ASUS/Downloads/全历史标注_定向补审_20260927(1).json#/image_decisions/pa4otMbVnkk_64ba4f267872432abdcb00af002649d5"", ""classification_resolved"": true, ""gt_version_note"": """"}, ""source_object_id"": ""d4c32c0ed0a64d300a38"", ""bundle_source"": ""analysis_results/research_input_20260929/preprocessed_source.json""}]",unflagged,unflagged_not_certified_normal,not_recorded,analysis_results/review_source_audit_20261004/corrected_inventory/input.json,not_recorded,,not_recorded,analysis_results/review_source_audit_20261004/corrected_inventory/input.json,,not_explicitly_resolved,False,"[""detail"", ""reference_omission""]",,False,False,False,False,True,False,not_exhaustively_reviewed_for_scope_or_detail
pa4otMbVnkk_eac7bdc24b24474ba38b8b0b5acd62f6,pa4otMbVnkk-42,pa4otMbVnkk,G130,research_annotation_image,gt:pa4otMbVnkk_eac7bdc24b24474ba38b8b0b5acd62f6:data/mp3d_layout/valid/label_cor/pa4otMbVnkk_eac7bdc24b24474ba38b8b0b5acd62f6.txt,data/mp3d_layout/valid/label_cor/pa4otMbVnkk_eac7bdc24b24474ba38b8b0b5acd62f6.txt,gt_original,original_gt_reference,False,"[0, 1, 2, 3]",4,valid_camera_inside,False,0,[],[],cyclic_increasing,简单,简单,applicable,,,source_identified_no_new_semantic_review,[],[],unflagged,unflagged_not_certified_normal,not_recorded,analysis_results/review_source_audit_20261004/corrected_inventory/input.json,not_recorded,,not_recorded,analysis_results/review_source_audit_20261004/corrected_inventory/input.json,,not_explicitly_resolved,False,[],,False,False,False,False,False,False,not_exhaustively_reviewed_for_scope_or_detail
pa4otMbVnkk_f6005da79d2c43ba820db8124a4287d1,pa4otMbVnkk-44,pa4otMbVnkk,G130,research_annotation_image,gt:pa4otMbVnkk_f6005da79d2c43ba820db8124a4287d1:data/mp3d_layout/valid/label_cor/pa4otMbVnkk_f6005da79d2c43ba820db8124a4287d1.txt,data/mp3d_layout/valid/label_cor/pa4otMbVnkk_f6005da79d2c43ba820db8124a4287d1.txt,gt_original,original_gt_reference,False,"[0, 1, 2, 3]",4,valid_camera_inside,False,0,[],[],cyclic_increasing,简单,简单,applicable,,,source_identified_no_new_semantic_review,[],[],unflagged,unflagged_not_certified_normal,not_recorded,analysis_results/review_source_audit_20261004/corrected_inventory/input.json,not_recorded,,not_recorded,analysis_results/review_source_audit_20261004/corrected_inventory/input.json,,not_explicitly_resolved,False,[],,False,False,False,False,False,False,not_exhaustively_reviewed_for_scope_or_detail
pa4otMbVnkk_fc4ee7e59f32491d9817b3a9a5b5e9b1,pa4otMbVnkk-48,pa4otMbVnkk,,research_annotation_image,gt:pa4otMbVnkk_fc4ee7e59f32491d9817b3a9a5b5e9b1:data/mp3d_layout/valid/label_cor/pa4otMbVnkk_fc4ee7e59f32491d9817b3a9a5b5e9b1.txt,data/mp3d_layout/valid/label_cor/pa4otMbVnkk_fc4ee7e59f32491d9817b3a9a5b5e9b1.txt,gt_original,original_gt_reference,False,"[0, 1, 2, 3]",4,valid_camera_inside,False,0,[],[],cyclic_increasing,简单,简单,applicable,,,source_identified_no_new_semantic_review,[],[],unflagged,unflagged_not_certified_normal,not_recorded,analysis_results/review_source_audit_20261004/corrected_inventory/input.json,not_recorded,,not_recorded,analysis_results/review_source_audit_20261004/corrected_inventory/input.json,,not_explicitly_resolved,False,[],,False,False,False,False,False,False,not_exhaustively_reviewed_for_scope_or_detail
q9vSo1VnCiC_1cd414875b9b4311bc6a179d91e6270d,q9vSo1VnCiC-01,q9vSo1VnCiC,G145,research_annotation_image,gt:q9vSo1VnCiC_1cd414875b9b4311bc6a179d91e6270d:data/mp3d_layout/test/label_cor/q9vSo1VnCiC_1cd414875b9b4311bc6a179d91e6270d.txt,data/mp3d_layout/test/label_cor/q9vSo1VnCiC_1cd414875b9b4311bc6a179d91e6270d.txt,gt_original,original_gt_reference,False,"[0, 1, 2, 3, 4, 5, 6, 7]",8,valid_camera_inside,True,1,[3],"[{""vertex_1based"": 3, ""status"": ""occluded_by_boundary"", ""blockers"": [{""edge_1based"": [1, 2], ""ray_fraction"": 0.4797110086598356, ""edge_fraction"": 0.9918154533896001, ""intersection_xy"": [0.9726539415329489, 0.026266153357578616]}], ""contacts"": []}]",local_backtracking,困难,困难,applicable,,,source_identified_no_new_semantic_review,[],"[{""evidence_kind"": ""semantic_image_evidence"", ""record"": {""semantic_status"": ""image_comment_classified"", ""summary"": ""gt是没有标右边的门里的区域,HOHONET是在这个区域有角点重复.有几个标注者是标了这里面的区域的.gt的标法是相对更好的"", ""reason"": ""已逐条读原话：gt是没有标右边的门里的区域,HOHONET是在这个区域有角点重复.有几个标注者是标了这里面的区域的.gt的标法是相对更好的"", ""needs_user_review"": false, ""source"": ""C:/Users/ASUS/Downloads/全历史标注_定向补审_20260927(1).json#/image_decisions/q9vSo1VnCiC_1cd414875b9b4311bc6a179d91e6270d"", ""tags"": [""scope""], ""classification_resolved"": true, ""gt_version_note"": """"}, ""source_object_id"": ""d2fe19a8dc66fd1f3ff5"", ""bundle_source"": ""analysis_results/research_input_20260929/preprocessed_source.json""}]",unflagged,unflagged_not_certified_normal,not_recorded,analysis_results/review_source_audit_20261004/corrected_inventory/input.json,not_recorded,,not_recorded,analysis_results/review_source_audit_20261004/corrected_inventory/input.json,,not_explicitly_resolved,False,"[""scope""]",,False,True,False,False,False,False,not_exhaustively_reviewed_for_scope_or_detail
q9vSo1VnCiC_2a8ef249ec0e4ad5bfe138a65f50964e,q9vSo1VnCiC-02,q9vSo1VnCiC,G145,research_annotation_image,gt:q9vSo1VnCiC_2a8ef249ec0e4ad5bfe138a65f50964e:data/mp3d_layout/test/label_cor/q9vSo1VnCiC_2a8ef249ec0e4ad5bfe138a65f50964e.txt,data/mp3d_layout/test/label_cor/q9vSo1VnCiC_2a8ef249ec0e4ad5bfe138a65f50964e.txt,gt_original,original_gt_reference,False,"[0, 1, 2, 3]",4,valid_camera_inside,False,0,[],[],cyclic_increasing,简单,简单,applicable,,,source_identified_no_new_semantic_review,[],[],clear,explicit_not_oos_and_no_doorway,not_oos,analysis_results/difficulty_consensus_20261006/user_review.json,not_oos,,none,analysis_results/difficulty_consensus_20261006/user_review.json,,not_explicitly_resolved,False,[],,False,False,False,False,False,False,not_exhaustively_reviewed_for_scope_or_detail
q9vSo1VnCiC_3e5aacbc10904d4b88660a3cb91efcb9,q9vSo1VnCiC-03,q9vSo1VnCiC,G147,research_annotation_image,gt:q9vSo1VnCiC_3e5aacbc10904d4b88660a3cb91efcb9:data/mp3d_layout/test/label_cor/q9vSo1VnCiC_3e5aacbc10904d4b88660a3cb91efcb9.txt,data/mp3d_layout/test/label_cor/q9vSo1VnCiC_3e5aacbc10904d4b88660a3cb91efcb9.txt,gt_original,original_gt_reference,False,"[0, 1, 2, 3, 4, 5, 6, 7]",8,valid_camera_inside,True,1,[5],"[{""vertex_1based"": 5, ""status"": ""occluded_by_boundary"", ""blockers"": [{""edge_1based"": [7, 8], ""ray_fraction"": 0.42343547883239085, ""edge_fraction"": 0.26693124658924355, ""intersection_xy"": [-0.07643036395370774, -0.3378378068515135]}], ""contacts"": []}]",local_backtracking,困难,困难,applicable,,,source_identified_no_new_semantic_review,[],[],unflagged,unflagged_not_certified_normal,not_recorded,analysis_results/review_source_audit_20261004/corrected_inventory/input.json,not_recorded,,not_recorded,analysis_results/review_source_audit_20261004/corrected_inventory/input.json,,not_explicitly_resolved,False,[],,False,False,True,False,False,False,not_exhaustively_reviewed_for_scope_or_detail
q9vSo1VnCiC_3e7f67e8969f434b9a4aec0c68668b20,q9vSo1VnCiC-04,q9vSo1VnCiC,G149,research_annotation_image,gt:q9vSo1VnCiC_3e7f67e8969f434b9a4aec0c68668b20:data/mp3d_layout/test/label_cor/q9vSo1VnCiC_3e7f67e8969f434b9a4aec0c68668b20.txt,data/mp3d_layout/test/label_cor/q9vSo1VnCiC_3e7f67e8969f434b9a4aec0c68668b20.txt,gt_original,original_gt_reference,False,"[0, 1, 2, 3, 4, 5, 6, 7, 8, 9]",10,valid_camera_inside,True,2,"[2, 5]","[{""vertex_1based"": 2, ""status"": ""occluded_by_boundary"", ""blockers"": [{""edge_1based"": [3, 4], ""ray_fraction"": 0.14571389398524037, ""edge_fraction"": 0.4405896651920519, ""intersection_xy"": [-0.005742777879321954, -0.11145415116446268]}], ""contacts"": []}, {""vertex_1based"": 5, ""status"": ""occluded_by_boundary"", ""blockers"": [{""edge_1based"": [3, 4], ""ray_fraction"": 0.1540345173151714, ""edge_fraction"": 0.5903039068596011, ""intersection_xy"": [0.00570139984548162, -0.11144950998004621]}], ""contacts"": []}]",local_backtracking,困难,困难,applicable,,,source_identified_no_new_semantic_review,[],[],doorway_difficult,special_or_pending_keep_source_status,not_recorded,analysis_results/review_source_audit_20261004/corrected_inventory/input.json,not_recorded,,difficult,analysis_results/review_source_audit_20261004/corrected_inventory/input.json,analysis_results/review_source_audit_20261004/corrected_inventory/input.json,not_explicitly_resolved,False,[],,False,False,False,False,False,False,not_exhaustively_reviewed_for_scope_or_detail
q9vSo1VnCiC_69591068e5614642b710a8fb7733bdeb,q9vSo1VnCiC-09,q9vSo1VnCiC,G153,research_annotation_image,gt:q9vSo1VnCiC_69591068e5614642b710a8fb7733bdeb:data/mp3d_layout/test/label_cor/q9vSo1VnCiC_69591068e5614642b710a8fb7733bdeb.txt,data/mp3d_layout/test/label_cor/q9vSo1VnCiC_69591068e5614642b710a8fb7733bdeb.txt,gt_original,original_gt_reference,False,"[0, 1, 2, 3, 4, 5, 6, 7, 8, 9, 10, 11]",12,valid_camera_inside,True,3,"[7, 8, 12]","[{""vertex_1based"": 7, ""status"": ""occluded_by_boundary"", ""blockers"": [{""edge_1based"": [5, 6], ""ray_fraction"": 0.6357431967921509, ""edge_fraction"": 0.5734707118539479, ""intersection_xy"": [1.7638428371012713, 0.7576357531623984]}], ""contacts"": []}, {""vertex_1based"": 8, ""status"": ""occluded_by_boundary"", ""blockers"": [{""edge_1based"": [5, 6], ""ray_fraction"": 0.6356452854778405, ""edge_fraction"": 0.9990712034738226, ""intersection_xy"": [1.7638703375323612, 1.1909882353318701]}, {""edge_1based"": [6, 7], ""ray_fraction"": 0.6361498757144292, ""edge_fraction"": 0.0013854729862493298, ""intersection_xy"": [1.7652705394551336, 1.1919336699149152]}], ""contacts"": []}, {""vertex_1based"": 12, ""status"": ""occluded_by_boundary"", ""blockers"": [{""edge_1based"": [10, 11], ""ray_fraction"": 0.5842590802539759, ""edge_fraction"": 0.9030461692791331, ""intersection_xy"": [0.47790533432858323, -2.5178556230285594]}], ""contacts"": []}]",local_backtracking,困难,困难,applicable,,,source_identified_no_new_semantic_review,[],[],oos,special_or_pending_keep_source_status,confirmed,analysis_results/review_source_audit_20261004/corrected_inventory/input.json,subtype_not_resolved,,not_recorded,analysis_results/review_source_audit_20261004/corrected_inventory/input.json,,not_explicitly_resolved,False,[],,False,False,True,False,False,False,not_exhaustively_reviewed_for_scope_or_detail
q9vSo1VnCiC_830eb252ae01401a8fe55f9538e627dd,q9vSo1VnCiC-11,q9vSo1VnCiC,G155,research_annotation_image,gt:q9vSo1VnCiC_830eb252ae01401a8fe55f9538e627dd:data/mp3d_layout/test/label_cor/q9vSo1VnCiC_830eb252ae01401a8fe55f9538e627dd.txt,data/mp3d_layout/test/label_cor/q9vSo1VnCiC_830eb252ae01401a8fe55f9538e627dd.txt,gt_original,original_gt_reference,False,"[0, 1, 2, 3, 4, 5, 6, 7, 8, 9]",10,valid_camera_inside,True,2,"[4, 5]","[{""vertex_1based"": 4, ""status"": ""occluded_by_boundary"", ""blockers"": [{""edge_1based"": [10, 1], ""ray_fraction"": 0.5537433461937452, ""edge_fraction"": 0.9280867816695959, ""intersection_xy"": [0.49552903783832336, -0.7374901683927816]}], ""contacts"": []}, {""vertex_1based"": 5, ""status"": ""occluded_by_boundary"", ""blockers"": [{""edge_1based"": [2, 3], ""ray_fraction"": 0.46787363859659703, ""edge_fraction"": 0.8948516701809339, ""intersection_xy"": [0.8731355473554182, -0.6231428918834417]}, {""edge_1based"": [3, 4], ""ray_fraction"": 0.47953854313189564, ""edge_fraction"": 0.021921978267926665, ""intersection_xy"": [0.8949043369731172, -0.6386789292790804]}], ""contacts"": []}]",local_backtracking,困难,困难,applicable,,,source_identified_no_new_semantic_review,[],"[{""evidence_kind"": ""semantic_image_evidence"", ""record"": {""semantic_status"": ""resolved_by_coverage_followup"", ""summary"": ""gt标了右边门洞后的区域(我觉得可以不标的),空间范围不同"", ""reason"": ""最新图片补审明确选项"", ""needs_user_review"": false, ""classification_resolved"": true, ""tags"": [""scope""], ""source"": ""evidence/coverage.json#/decisions/q9vSo1VnCiC_830eb252ae01401a8fe55f9538e627dd"", ""gt_version_note"": ""本次未记录参考来源；不推断GT版本""}, ""source_object_id"": ""290e3e82f42aa83e4adc"", ""bundle_source"": ""analysis_results/research_input_20260929/preprocessed_source.json""}, {""evidence_kind"": ""coverage_review"", ""record"": {""source"": ""evidence/coverage.json#/decisions/q9vSo1VnCiC_830eb252ae01401a8fe55f9538e627dd"", ""raw_record"": {""status"": ""resolved"", ""oos"": ""in_scope"", ""doorway"": ""none"", ""tags"": [""scope""], ""comment"": ""gt标了右边门洞后的区域(我觉得可以不标的),空间范围不同"", ""view_context"": {""annotation_id"": ""4fd5b259dc13de4a5e96"", ""gt"": """", ""gt_source"": """", ""all_workers"": true}, ""updated_at"": ""2026-09-28T06:16:54.966Z""}, ""effective_tags"": [""scope""], ""user_clarification"": """"}, ""source_object_id"": ""290e3e82f42aa83e4adc"", ""bundle_source"": ""analysis_results/research_input_20260929/preprocessed_source.json""}]",clear,explicit_not_oos_and_no_doorway,not_oos,analysis_results/review_source_audit_20261004/corrected_inventory/input.json,not_oos,,none,analysis_results/review_source_audit_20261004/corrected_inventory/input.json,,not_explicitly_resolved,False,"[""scope""]",,True,True,True,False,False,False,not_exhaustively_reviewed_for_scope_or_detail
q9vSo1VnCiC_9ba6cd412cb04c5c9beb15ef9e6d22c5,q9vSo1VnCiC-12,q9vSo1VnCiC,G155,research_annotation_image,gt:q9vSo1VnCiC_9ba6cd412cb04c5c9beb15ef9e6d22c5:data/mp3d_layout/test/label_cor/q9vSo1VnCiC_9ba6cd412cb04c5c9beb15ef9e6d22c5.txt,data/mp3d_layout/test/label_cor/q9vSo1VnCiC_9ba6cd412cb04c5c9beb15ef9e6d22c5.txt,gt_original,original_gt_reference,False,"[0, 1, 2, 3, 4, 5, 6, 7]",8,valid_camera_inside,True,3,"[1, 2, 5]","[{""vertex_1based"": 1, ""status"": ""occluded_by_boundary"", ""blockers"": [{""edge_1based"": [3, 4], ""ray_fraction"": 0.7164607457535888, ""edge_fraction"": 0.016841044722842133, ""intersection_xy"": [1.5609551297866768, -1.909902334666745]}, {""edge_1based"": [2, 3], ""ray_fraction"": 0.7321866764343187, ""edge_fraction"": 0.9445052349798888, ""intersection_xy"": [1.5952172611208026, -1.9518236707621959]}], ""contacts"": []}, {""vertex_1based"": 2, ""status"": ""occluded_by_boundary"", ""blockers"": [{""edge_1based"": [3, 4], ""ray_fraction"": 0.7165771341217012, ""edge_fraction"": 0.22223342478751446, ""intersection_xy"": [1.5609568097551922, -1.3986274696283858]}], ""contacts"": []}, {""vertex_1based"": 5, ""status"": ""occluded_by_boundary"", ""blockers"": [{""edge_1based"": [3, 4], ""ray_fraction"": 0.5844158620052925, ""edge_fraction"": 0.9102727796364773, ""intersection_xy"": [1.5609624374442683, 0.3140808021230704]}], ""contacts"": []}]",local_backtracking,困难,困难,applicable,,,source_identified_no_new_semantic_review,[],[],unflagged,unflagged_not_certified_normal,not_recorded,analysis_results/review_source_audit_20261004/corrected_inventory/input.json,not_recorded,,not_recorded,analysis_results/review_source_audit_20261004/corrected_inventory/input.json,,not_explicitly_resolved,False,[],,False,False,False,False,False,False,not_exhaustively_reviewed_for_scope_or_detail
q9vSo1VnCiC_9c9fb1fccf4e46a597a9510a1938c8b4,q9vSo1VnCiC-13,q9vSo1VnCiC,G145,research_annotation_image,gt:q9vSo1VnCiC_9c9fb1fccf4e46a597a9510a1938c8b4:data/mp3d_layout/test/label_cor/q9vSo1VnCiC_9c9fb1fccf4e46a597a9510a1938c8b4.txt,data/mp3d_layout/test/label_cor/q9vSo1VnCiC_9c9fb1fccf4e46a597a9510a1938c8b4.txt,gt_original,original_gt_reference,False,"[0, 1, 2, 3, 4, 5, 6, 7]",8,valid_camera_inside,True,2,"[4, 8]","[{""vertex_1based"": 4, ""status"": ""occluded_by_boundary"", ""blockers"": [{""edge_1based"": [2, 3], ""ray_fraction"": 0.14826870636298484, ""edge_fraction"": 0.8616906669309503, ""intersection_xy"": [-0.03128996323118059, 0.6758398259411595]}], ""contacts"": []}, {""vertex_1based"": 8, ""status"": ""occluded_by_boundary"", ""blockers"": [{""edge_1based"": [6, 7], ""ray_fraction"": 0.42523677923883973, ""edge_fraction"": 0.9927894925852655, ""intersection_xy"": [0.015568710184625814, -0.498326175966944]}], ""contacts"": []}]",local_backtracking,困难,困难,applicable,,,source_identified_no_new_semantic_review,[],[],doorway_difficult,special_or_pending_keep_source_status,not_oos,analysis_results/difficulty_full_20261007/updated/human_review.json,not_oos,,difficult,analysis_results/difficulty_full_20261007/updated/human_review.json,analysis_results/review_source_audit_20261004/corrected_inventory/input.json,not_explicitly_resolved,False,[],难标,False,False,True,False,False,False,not_exhaustively_reviewed_for_scope_or_detail
q9vSo1VnCiC_a412536ff52747d3b078f66e764cf103,q9vSo1VnCiC-15,q9vSo1VnCiC,G155,research_annotation_image,gt:q9vSo1VnCiC_a412536ff52747d3b078f66e764cf103:data/mp3d_layout/test/label_cor/q9vSo1VnCiC_a412536ff52747d3b078f66e764cf103.txt,data/mp3d_layout/test/label_cor/q9vSo1VnCiC_a412536ff52747d3b078f66e764cf103.txt,gt_original,original_gt_reference,False,"[0, 1, 2, 3]",4,valid_camera_inside,False,0,[],[],cyclic_increasing,简单,简单,applicable,,,source_identified_no_new_semantic_review,[],[],unflagged,unflagged_not_certified_normal,not_recorded,analysis_results/review_source_audit_20261004/corrected_inventory/input.json,not_recorded,,not_recorded,analysis_results/review_source_audit_20261004/corrected_inventory/input.json,,not_explicitly_resolved,False,[],,False,False,False,False,False,False,not_exhaustively_reviewed_for_scope_or_detail
q9vSo1VnCiC_a424533651804a38a55b1252daccc81e,q9vSo1VnCiC-16,q9vSo1VnCiC,G155,research_annotation_image,gt:q9vSo1VnCiC_a424533651804a38a55b1252daccc81e:data/mp3d_layout/test/label_cor/q9vSo1VnCiC_a424533651804a38a55b1252daccc81e.txt,data/mp3d_layout/test/label_cor/q9vSo1VnCiC_a424533651804a38a55b1252daccc81e.txt,gt_original,original_gt_reference,False,"[0, 1, 2, 3, 4, 5, 6, 7, 8, 9, 10, 11]",12,valid_camera_inside,True,4,"[5, 7, 10, 11]","[{""vertex_1based"": 5, ""status"": ""occluded_by_boundary"", ""blockers"": [{""edge_1based"": [1, 2], ""ray_fraction"": 0.7511385513642994, ""edge_fraction"": 0.8974947582789123, ""intersection_xy"": [1.125393359309108, 1.2366387096647333]}], ""contacts"": []}, {""vertex_1based"": 7, ""status"": ""occluded_by_boundary"", ""blockers"": [{""edge_1based"": [8, 9], ""ray_fraction"": 0.5814733200319785, ""edge_fraction"": 0.04904961392448029, ""intersection_xy"": [0.19107111825718315, 1.5072768940724377]}], ""contacts"": []}, {""vertex_1based"": 10, ""status"": ""occluded_by_boundary"", ""blockers"": [{""edge_1based"": [8, 9], ""ray_fraction"": 0.7666984578860377, ""edge_fraction"": 0.7939943285715042, ""intersection_xy"": [-1.898750704917413, 1.5072722381598826]}], ""contacts"": []}, {""vertex_1based"": 11, ""status"": ""occluded_by_boundary"", ""blockers"": [{""edge_1based"": [8, 9], ""ray_fraction"": 0.7667216945879977, ""edge_fraction"": 0.9873264098730358, ""intersection_xy"": [-2.441112567052574, 1.5072710298322751]}, {""edge_1based"": [9, 10], ""ray_fraction"": 0.7778865825884135, ""edge_fraction"": 0.04785458994326831, ""intersection_xy"": [-2.4766596874744047, 1.5292196878044375]}], ""contacts"": []}]",local_backtracking,困难,困难,applicable,,,source_identified_no_new_semantic_review,[],"[{""evidence_kind"": ""semantic_image_evidence"", ""record"": {""semantic_status"": ""image_comment_classified"", ""summary"": ""gt是标了两个主标注区域外的空间,不一定好"", ""reason"": ""停止范围选择受到质疑，但未明确断言GT实质错误；记录scope，不以reference_concern类目统一暂停。"", ""needs_user_review"": false, ""source"": ""C:/Users/ASUS/Downloads/全历史标注_定向补审_20260927(1).json#/image_decisions/q9vSo1VnCiC_a424533651804a38a55b1252daccc81e"", ""tags"": [""scope""], ""classification_resolved"": true, ""gt_version_note"": """"}, ""source_object_id"": ""7bed161c9c3ed689c7ae"", ""bundle_source"": ""analysis_results/research_input_20260929/preprocessed_source.json""}]",unflagged,unflagged_not_certified_normal,not_recorded,analysis_results/review_source_audit_20261004/corrected_inventory/input.json,not_recorded,,not_recorded,analysis_results/review_source_audit_20261004/corrected_inventory/input.json,,not_explicitly_resolved,False,"[""scope""]",,False,True,True,False,False,False,not_exhaustively_reviewed_for_scope_or_detail
q9vSo1VnCiC_c421f07780004647a7198c4ac5371e8a,q9vSo1VnCiC-23,q9vSo1VnCiC,G147,research_annotation_image,gt:q9vSo1VnCiC_c421f07780004647a7198c4ac5371e8a:data/mp3d_layout/test/label_cor/q9vSo1VnCiC_c421f07780004647a7198c4ac5371e8a.txt,data/mp3d_layout/test/label_cor/q9vSo1VnCiC_c421f07780004647a7198c4ac5371e8a.txt,gt_original,original_gt_reference,False,"[0, 1, 2, 3]",4,valid_camera_inside,False,0,[],[],cyclic_increasing,简单,简单,applicable,,,source_identified_no_new_semantic_review,[],[],unflagged,unflagged_not_certified_normal,not_recorded,analysis_results/review_source_audit_20261004/corrected_inventory/input.json,not_recorded,,not_recorded,analysis_results/review_source_audit_20261004/corrected_inventory/input.json,,not_explicitly_resolved,False,[],,False,False,False,False,False,False,not_exhaustively_reviewed_for_scope_or_detail
q9vSo1VnCiC_c4b0b6a41c2a4db3927f5fa9cafb6345,q9vSo1VnCiC-24,q9vSo1VnCiC,,research_annotation_image,gt:q9vSo1VnCiC_c4b0b6a41c2a4db3927f5fa9cafb6345:data/mp3d_layout/test/label_cor/q9vSo1VnCiC_c4b0b6a41c2a4db3927f5fa9cafb6345.txt,data/mp3d_layout/test/label_cor/q9vSo1VnCiC_c4b0b6a41c2a4db3927f5fa9cafb6345.txt,gt_original,original_gt_reference,False,"[0, 1, 2, 3, 4, 5, 6, 7, 8, 9, 10, 11]",12,valid_camera_inside,True,3,"[3, 6, 12]","[{""vertex_1based"": 3, ""status"": ""occluded_by_boundary"", ""blockers"": [{""edge_1based"": [4, 5], ""ray_fraction"": 0.37211933259665986, ""edge_fraction"": 0.24260501197116016, ""intersection_xy"": [0.08043412422627572, 0.4302501688858627]}], ""contacts"": []}, {""vertex_1based"": 6, ""status"": ""occluded_by_boundary"", ""blockers"": [{""edge_1based"": [4, 5], ""ray_fraction"": 0.2461875290155819, ""edge_fraction"": 0.5375028925064945, ""intersection_xy"": [-0.08448412759552756, 0.43024654700162934]}], ""contacts"": []}, {""vertex_1based"": 12, ""status"": ""occluded_by_boundary"", ""blockers"": [{""edge_1based"": [10, 11], ""ray_fraction"": 0.5105705495159268, ""edge_fraction"": 0.3562390595863689, ""intersection_xy"": [0.08773724918777297, -0.40200430942243504]}], ""contacts"": []}]",local_backtracking,困难,困难,applicable,,,source_identified_no_new_semantic_review,[],[],unflagged,unflagged_not_certified_normal,not_recorded,analysis_results/review_source_audit_20261004/corrected_inventory/input.json,not_recorded,,not_recorded,analysis_results/review_source_audit_20261004/corrected_inventory/input.json,,not_explicitly_resolved,False,[],,False,False,True,False,False,False,not_exhaustively_reviewed_for_scope_or_detail
q9vSo1VnCiC_dc320b1236f741a98303db9f89bc68a2,q9vSo1VnCiC-29,q9vSo1VnCiC,G163,research_annotation_image,gt:q9vSo1VnCiC_dc320b1236f741a98303db9f89bc68a2:data/mp3d_layout/test/label_cor/q9vSo1VnCiC_dc320b1236f741a98303db9f89bc68a2.txt,data/mp3d_layout/test/label_cor/q9vSo1VnCiC_dc320b1236f741a98303db9f89bc68a2.txt,gt_original,original_gt_reference,False,"[0, 1, 2, 3, 4, 5, 6, 7]",8,valid_camera_inside,True,1,[4],"[{""vertex_1based"": 4, ""status"": ""occluded_by_boundary"", ""blockers"": [{""edge_1based"": [7, 8], ""ray_fraction"": 0.5116600194986272, ""edge_fraction"": 0.09066873011772879, ""intersection_xy"": [-0.3596743932066455, 0.20929938656128877]}], ""contacts"": []}]",local_backtracking,困难,困难,applicable,,,source_identified_no_new_semantic_review,[],[],unflagged,unflagged_not_certified_normal,not_recorded,analysis_results/review_source_audit_20261004/corrected_inventory/input.json,not_recorded,,not_recorded,analysis_results/review_source_audit_20261004/corrected_inventory/input.json,,not_explicitly_resolved,False,[],,False,False,True,False,False,False,not_exhaustively_reviewed_for_scope_or_detail
q9vSo1VnCiC_dc873df7717c43888a1cff13713fe146,q9vSo1VnCiC-30,q9vSo1VnCiC,G153,research_annotation_image,gt:q9vSo1VnCiC_dc873df7717c43888a1cff13713fe146:data/mp3d_layout/test/label_cor/q9vSo1VnCiC_dc873df7717c43888a1cff13713fe146.txt,data/mp3d_layout/test/label_cor/q9vSo1VnCiC_dc873df7717c43888a1cff13713fe146.txt,gt_original,original_gt_reference,False,"[0, 1, 2, 3, 4, 5]",6,valid_camera_inside,False,0,[],[],cyclic_increasing,中等,中等,applicable,,,source_identified_no_new_semantic_review,[],"[{""evidence_kind"": ""semantic_image_evidence"", ""record"": {""semantic_status"": ""gt_detail_omission_not_global_error"", ""summary"": ""细节简化/遗漏属于同空间表达差异；可能与scope并存，不因这条评论阻断主分析。保留用户评价，不替其宣布GT完全错误。"", ""reason"": ""细节简化/遗漏属于同空间表达差异；可能与scope并存，不因这条评论阻断主分析。保留用户评价，不替其宣布GT完全错误。"", ""needs_user_review"": false, ""tags"": [""scope"", ""detail"", ""reference_omission""], ""source"": ""C:/Users/ASUS/Downloads/全历史标注_定向补审_20260927(1).json#/image_decisions/q9vSo1VnCiC_dc873df7717c43888a1cff13713fe146"", ""classification_resolved"": true, ""gt_version_note"": """"}, ""source_object_id"": ""93435790a37ab2290bc6"", ""bundle_source"": ""analysis_results/research_input_20260929/preprocessed_source.json""}]",unflagged,unflagged_not_certified_normal,not_recorded,analysis_results/review_source_audit_20261004/corrected_inventory/input.json,not_recorded,,not_recorded,analysis_results/review_source_audit_20261004/corrected_inventory/input.json,,not_explicitly_resolved,False,"[""detail"", ""reference_omission"", ""scope""]",,False,True,True,False,True,False,not_exhaustively_reviewed_for_scope_or_detail
q9vSo1VnCiC_e74e843601574864a14517f990c748a0,q9vSo1VnCiC-32,q9vSo1VnCiC,G149,research_annotation_image,gt:q9vSo1VnCiC_e74e843601574864a14517f990c748a0:data/mp3d_layout/test/label_cor/q9vSo1VnCiC_e74e843601574864a14517f990c748a0.txt,data/mp3d_layout/test/label_cor/q9vSo1VnCiC_e74e843601574864a14517f990c748a0.txt,gt_original,original_gt_reference,False,"[0, 1, 2, 3, 4, 5, 6, 7]",8,valid_camera_inside,False,0,[],[],cyclic_increasing,中等,中等,applicable,,,source_identified_no_new_semantic_review,[],"[{""evidence_kind"": ""semantic_image_evidence"", ""record"": {""semantic_status"": ""image_comment_classified"", ""summary"": ""存在不同空间的标法,但是如果要标马桶所在的空间会很难标"", ""reason"": ""已逐条读原话：存在不同空间的标法,但是如果要标马桶所在的空间会很难标"", ""needs_user_review"": false, ""source"": ""C:/Users/ASUS/Downloads/全历史标注_定向补审_20260927(1).json#/image_decisions/q9vSo1VnCiC_e74e843601574864a14517f990c748a0"", ""tags"": [""scope""], ""classification_resolved"": true, ""gt_version_note"": """"}, ""source_object_id"": ""d933c38ad0b2b104"", ""bundle_source"": ""analysis_results/research_input_20260929/preprocessed_source.json""}]",clear,explicit_not_oos_and_no_doorway,not_oos,analysis_results/difficulty_consensus_20261006/user_review.json,not_oos,,none,analysis_results/difficulty_consensus_20261006/user_review.json,,not_explicitly_resolved,False,"[""scope""]",存在多种空间的标注范围,False,True,True,False,False,False,not_exhaustively_reviewed_for_scope_or_detail
q9vSo1VnCiC_f7452776f0604b508bb2b0263238deb0,q9vSo1VnCiC-34,q9vSo1VnCiC,,research_annotation_image,gt:q9vSo1VnCiC_f7452776f0604b508bb2b0263238deb0:data/mp3d_layout/test/label_cor/q9vSo1VnCiC_f7452776f0604b508bb2b0263238deb0.txt,data/mp3d_layout/test/label_cor/q9vSo1VnCiC_f7452776f0604b508bb2b0263238deb0.txt,gt_original,original_gt_reference,False,"[0, 1, 2, 3, 4, 5]",6,valid_camera_inside,True,2,"[2, 3]","[{""vertex_1based"": 2, ""status"": ""occluded_by_boundary"", ""blockers"": [{""edge_1based"": [4, 5], ""ray_fraction"": 0.6919697798540647, ""edge_fraction"": 0.013213004101329206, ""intersection_xy"": [1.706258525627658, 0.9214583579710143]}, {""edge_1based"": [3, 4], ""ray_fraction"": 0.7103099421098508, ""edge_fraction"": 0.9404352747578287, ""intersection_xy"": [1.7514816829408706, 0.9458809502418829]}], ""contacts"": []}, {""vertex_1based"": 3, ""status"": ""occluded_by_boundary"", ""blockers"": [{""edge_1based"": [4, 5], ""ray_fraction"": 0.6920577694071592, ""edge_fraction"": 0.15758524127361853, ""intersection_xy"": [1.2120121357460074, 0.9214528812977656]}], ""contacts"": []}]",local_backtracking,困难,困难,applicable,,,source_identified_no_new_semantic_review,[],"[{""evidence_kind"": ""semantic_image_evidence"", ""record"": {""semantic_status"": ""resolved_by_coverage_followup"", ""summary"": """", ""reason"": ""最新图片补审明确选项"", ""needs_user_review"": false, ""classification_resolved"": true, ""tags"": [""scope""], ""source"": ""evidence/coverage.json#/decisions/q9vSo1VnCiC_f7452776f0604b508bb2b0263238deb0"", ""gt_version_note"": ""当前查看来源为原始Matterport标签：data/mp3d_layout/test/label_cor/q9vSo1VnCiC_f7452776f0604b508bb2b0263238deb0.txt""}, ""source_object_id"": ""30ae9e7207f0bf746fc4"", ""bundle_source"": ""analysis_results/research_input_20260929/preprocessed_source.json""}, {""evidence_kind"": ""coverage_review"", ""record"": {""source"": ""evidence/coverage.json#/decisions/q9vSo1VnCiC_f7452776f0604b508bb2b0263238deb0"", ""raw_record"": {""status"": ""resolved"", ""oos"": ""in_scope"", ""doorway"": ""none"", ""tags"": [""scope""], ""comment"": """", ""view_context"": {""annotation_id"": ""30ae9e7207f0bf746fc4"", ""gt"": ""gt_revised"", ""gt_source"": ""data/mp3d_layout/test/label_cor/q9vSo1VnCiC_f7452776f0604b508bb2b0263238deb0.txt"", ""all_workers"": true}, ""updated_at"": ""2026-09-28T06:11:27.442Z""}, ""effective_tags"": [""scope""], ""user_clarification"": """"}, ""source_object_id"": ""30ae9e7207f0bf746fc4"", ""bundle_source"": ""analysis_results/research_input_20260929/preprocessed_source.json""}]",clear,explicit_not_oos_and_no_doorway,not_oos,analysis_results/review_source_audit_20261004/corrected_inventory/input.json,not_oos,,none,analysis_results/review_source_audit_20261004/corrected_inventory/input.json,,not_explicitly_resolved,False,"[""scope""]",,True,True,True,False,False,False,not_exhaustively_reviewed_for_scope_or_detail
rPc6DW4iMge_0012f6dcce9645778ac459e189cf0db3,rPc6DW4iMge-01,rPc6DW4iMge,,research_annotation_image,gt:rPc6DW4iMge_0012f6dcce9645778ac459e189cf0db3:data/mp3d_layout/test/label_cor/rPc6DW4iMge_0012f6dcce9645778ac459e189cf0db3.txt,data/mp3d_layout/test/label_cor/rPc6DW4iMge_0012f6dcce9645778ac459e189cf0db3.txt,gt_original,original_gt_reference,False,"[0, 1, 2, 3]",4,valid_camera_inside,False,0,[],[],cyclic_increasing,简单,简单,applicable,,,source_identified_no_new_semantic_review,[],[],clear,explicit_not_oos_and_no_doorway,not_oos,analysis_results/difficulty_full_20261007/updated/human_review.json,not_oos,,none,analysis_results/difficulty_full_20261007/updated/human_review.json,,not_explicitly_resolved,False,[],,False,False,False,False,False,False,not_exhaustively_reviewed_for_scope_or_detail
rPc6DW4iMge_0dfe61800cc540db8e25c1738bc4b8ff,rPc6DW4iMge-05,rPc6DW4iMge,G166,research_annotation_image,gt:rPc6DW4iMge_0dfe61800cc540db8e25c1738bc4b8ff:data/mp3d_layout/test/label_cor/rPc6DW4iMge_0dfe61800cc540db8e25c1738bc4b8ff.txt,data/mp3d_layout/test/label_cor/rPc6DW4iMge_0dfe61800cc540db8e25c1738bc4b8ff.txt,gt_original,original_gt_reference,False,"[0, 1, 2, 3, 4, 5, 6, 7, 8, 9, 10, 11]",12,valid_camera_inside,True,1,[11],"[{""vertex_1based"": 11, ""status"": ""occluded_by_boundary"", ""blockers"": [{""edge_1based"": [9, 10], ""ray_fraction"": 0.5091594165002281, ""edge_fraction"": 0.3776509522154566, ""intersection_xy"": [-0.400341418249315, -0.573209457424714]}], ""contacts"": []}]",local_backtracking,困难,困难,applicable,,,source_identified_no_new_semantic_review,[],"[{""evidence_kind"": ""semantic_image_evidence"", ""record"": {""semantic_status"": ""image_comment_classified"", ""summary"": ""这图很难很难标,而且图右边玻璃洗澡的区域存在不同的标法"", ""reason"": ""已逐条读原话：这图很难很难标,而且图右边玻璃洗澡的区域存在不同的标法"", ""needs_user_review"": false, ""source"": ""C:/Users/ASUS/Downloads/全历史标注_定向补审_20260927(1).json#/image_decisions/rPc6DW4iMge_0dfe61800cc540db8e25c1738bc4b8ff"", ""tags"": [""scope""], ""classification_resolved"": true, ""gt_version_note"": """"}, ""source_object_id"": ""93a6155acf0e8f9b4f11"", ""bundle_source"": ""analysis_results/research_input_20260929/preprocessed_source.json""}]",unflagged,unflagged_not_certified_normal,not_recorded,analysis_results/review_source_audit_20261004/corrected_inventory/input.json,not_recorded,,not_recorded,analysis_results/review_source_audit_20261004/corrected_inventory/input.json,,not_explicitly_resolved,False,"[""scope""]",,False,True,True,False,False,False,not_exhaustively_reviewed_for_scope_or_detail
rPc6DW4iMge_186a32a1b7e34cb797731bfa78365db5,rPc6DW4iMge-06,rPc6DW4iMge,G166,research_annotation_image,gt:rPc6DW4iMge_186a32a1b7e34cb797731bfa78365db5:data/mp3d_layout/test/label_cor/rPc6DW4iMge_186a32a1b7e34cb797731bfa78365db5.txt,data/mp3d_layout/test/label_cor/rPc6DW4iMge_186a32a1b7e34cb797731bfa78365db5.txt,gt_original,original_gt_reference,False,"[0, 1, 2, 3, 4, 5, 6, 7, 8, 9, 10, 11]",12,valid_camera_inside,True,2,"[6, 9]","[{""vertex_1based"": 6, ""status"": ""occluded_by_boundary"", ""blockers"": [{""edge_1based"": [4, 5], ""ray_fraction"": 0.3604159955423703, ""edge_fraction"": 0.6715028413756574, ""intersection_xy"": [-0.14381701734569027, 0.699870888443191]}], ""contacts"": []}, {""vertex_1based"": 9, ""status"": ""occluded_by_boundary"", ""blockers"": [{""edge_1based"": [10, 11], ""ray_fraction"": 0.5292055005800667, ""edge_fraction"": 0.8028816181888028, ""intersection_xy"": [-0.639674629377429, -0.3672085520736922]}], ""contacts"": []}]",local_backtracking,困难,困难,applicable,,,source_identified_no_new_semantic_review,[],"[{""evidence_kind"": ""semantic_image_evidence"", ""record"": {""semantic_status"": ""image_comment_classified"", ""summary"": ""这图很难标,而且左边的玻璃浴室处存在不同的标法,gt标的也不是完美,他标的是玻璃浴室里面的区域,但是梳妆台和玻璃连接的区域忽略了部分细节"", ""reason"": ""已逐条读原话：这图很难标,而且左边的玻璃浴室处存在不同的标法,gt标的也不是完美,他标的是玻璃浴室里面的区域,但是梳妆台和玻璃连接的区域忽略了部分细节"", ""needs_user_review"": false, ""source"": ""C:/Users/ASUS/Downloads/全历史标注_定向补审_20260927(1).json#/image_decisions/rPc6DW4iMge_186a32a1b7e34cb797731bfa78365db5"", ""tags"": [""scope"", ""detail"", ""reference_omission""], ""classification_resolved"": true, ""gt_version_note"": """"}, ""source_object_id"": ""b33e480dcb1ae10b"", ""bundle_source"": ""analysis_results/research_input_20260929/preprocessed_source.json""}]",clear,explicit_not_oos_and_no_doorway,not_oos,analysis_results/difficulty_consensus_20261006/user_review.json,not_oos,,none,analysis_results/difficulty_consensus_20261006/user_review.json,,not_explicitly_resolved,False,"[""detail"", ""reference_omission"", ""scope""]","很难,很多人会漏标细节",False,True,True,False,True,False,not_exhaustively_reviewed_for_scope_or_detail
rPc6DW4iMge_1f14902595544e389c9c910c444e79e7,rPc6DW4iMge-09,rPc6DW4iMge,,research_annotation_image,gt:rPc6DW4iMge_1f14902595544e389c9c910c444e79e7:data/mp3d_layout/test/label_cor/rPc6DW4iMge_1f14902595544e389c9c910c444e79e7.txt,data/mp3d_layout/test/label_cor/rPc6DW4iMge_1f14902595544e389c9c910c444e79e7.txt,gt_original,original_gt_reference,False,"[0, 1, 2, 3]",4,valid_camera_inside,False,0,[],[],cyclic_increasing,简单,简单,applicable,,,source_identified_no_new_semantic_review,[],"[{""evidence_kind"": ""semantic_image_evidence"", ""record"": {""semantic_status"": ""resolved_by_continuation_issue"", ""summary"": ""直接排除,这些都是错误的标注,但是竟然有三个人是出现了同一个问题,得额外记录"", ""reason"": ""直接排除,这些都是错误的标注,但是竟然有三个人是出现了同一个问题,得额外记录"", ""needs_user_review"": false, ""classification_resolved"": true, ""source"": ""evidence/continuation.json#/issue_decisions/rPc6DW4iMge_1f14902595544e389c9c910c444e79e7:continue""}, ""source_object_id"": ""ce4d7eb2e6d72de7"", ""bundle_source"": ""analysis_results/research_input_20260929/preprocessed_source.json""}]",clear,explicit_not_oos_and_no_doorway,not_oos,analysis_results/difficulty_full_20261007/updated/human_review.json,not_oos,,none,analysis_results/difficulty_full_20261007/updated/human_review.json,,not_explicitly_resolved,False,[],,False,False,False,False,False,False,not_exhaustively_reviewed_for_scope_or_detail
rPc6DW4iMge_4350d36797324601adba7351d09602d2,rPc6DW4iMge-13,rPc6DW4iMge,G171,research_annotation_image,gt:rPc6DW4iMge_4350d36797324601adba7351d09602d2:data/mp3d_layout/test/label_cor/rPc6DW4iMge_4350d36797324601adba7351d09602d2.txt,data/mp3d_layout/test/label_cor/rPc6DW4iMge_4350d36797324601adba7351d09602d2.txt,gt_original,original_gt_reference,False,"[0, 1, 2, 3]",4,valid_camera_inside,False,0,[],[],cyclic_increasing,简单,简单,applicable,,,source_identified_no_new_semantic_review,[],"[{""evidence_kind"": ""semantic_image_evidence"", ""record"": {""semantic_status"": ""resolved_by_coverage_followup"", ""summary"": """", ""reason"": ""最新图片补审明确选项"", ""needs_user_review"": false, ""classification_resolved"": true, ""tags"": [], ""source"": ""evidence/coverage.json#/decisions/rPc6DW4iMge_4350d36797324601adba7351d09602d2"", ""gt_version_note"": ""当前查看来源为原始Matterport标签：data/mp3d_layout/test/label_cor/rPc6DW4iMge_4350d36797324601adba7351d09602d2.txt""}, ""source_object_id"": ""94bd3eb39aab32641f9d"", ""bundle_source"": ""analysis_results/research_input_20260929/preprocessed_source.json""}, {""evidence_kind"": ""coverage_review"", ""record"": {""source"": ""evidence/coverage.json#/decisions/rPc6DW4iMge_4350d36797324601adba7351d09602d2"", ""raw_record"": {""status"": ""resolved"", ""oos"": ""in_scope"", ""doorway"": ""none"", ""tags"": [], ""comment"": """", ""view_context"": {""annotation_id"": ""a42f40b503c7f449a3f6"", ""gt"": ""gt_revised"", ""gt_source"": ""data/mp3d_layout/test/label_cor/rPc6DW4iMge_4350d36797324601adba7351d09602d2.txt"", ""all_workers"": true}, ""updated_at"": ""2026-09-28T06:17:09.048Z""}, ""effective_tags"": [], ""user_clarification"": """"}, ""source_object_id"": ""94bd3eb39aab32641f9d"", ""bundle_source"": ""analysis_results/research_input_20260929/preprocessed_source.json""}]",clear,explicit_not_oos_and_no_doorway,not_oos,analysis_results/review_source_audit_20261004/corrected_inventory/input.json,not_oos,,none,analysis_results/review_source_audit_20261004/corrected_inventory/input.json,,not_explicitly_resolved,False,[],,False,False,False,False,False,False,not_exhaustively_reviewed_for_scope_or_detail
rPc6DW4iMge_9d3eb9f5d38844bfb4e5fb2cd05fd3fd,rPc6DW4iMge-15,rPc6DW4iMge,G165,research_annotation_image,gt:rPc6DW4iMge_9d3eb9f5d38844bfb4e5fb2cd05fd3fd:data/mp3d_layout/test/label_cor/rPc6DW4iMge_9d3eb9f5d38844bfb4e5fb2cd05fd3fd.txt,data/mp3d_layout/test/label_cor/rPc6DW4iMge_9d3eb9f5d38844bfb4e5fb2cd05fd3fd.txt,gt_original,original_gt_reference,False,"[0, 1, 2, 3]",4,valid_camera_inside,False,0,[],[],cyclic_increasing,简单,简单,applicable,,,source_identified_no_new_semantic_review,[],[],unflagged,unflagged_not_certified_normal,not_recorded,analysis_results/review_source_audit_20261004/corrected_inventory/input.json,not_recorded,,not_recorded,analysis_results/review_source_audit_20261004/corrected_inventory/input.json,,not_explicitly_resolved,False,[],,False,False,False,False,False,False,not_exhaustively_reviewed_for_scope_or_detail
rPc6DW4iMge_a72230c911234d18b08568b9d8b02dd2,rPc6DW4iMge-16,rPc6DW4iMge,,research_annotation_image,gt:rPc6DW4iMge_a72230c911234d18b08568b9d8b02dd2:data/mp3d_layout/test/label_cor/rPc6DW4iMge_a72230c911234d18b08568b9d8b02dd2.txt,data/mp3d_layout/test/label_cor/rPc6DW4iMge_a72230c911234d18b08568b9d8b02dd2.txt,gt_original,original_gt_reference,False,"[0, 1, 2, 3, 4, 5]",6,valid_camera_inside,False,0,[],[],cyclic_increasing,中等,中等,applicable,,,source_identified_no_new_semantic_review,[],[],unflagged,unflagged_not_certified_normal,not_recorded,analysis_results/review_source_audit_20261004/corrected_inventory/input.json,not_recorded,,not_recorded,analysis_results/review_source_audit_20261004/corrected_inventory/input.json,,not_explicitly_resolved,False,[],,False,False,False,False,False,False,not_exhaustively_reviewed_for_scope_or_detail
rPc6DW4iMge_acbe920a0c5d4c018b1803ee9b1f331a,rPc6DW4iMge-17,rPc6DW4iMge,,research_annotation_image,gt:rPc6DW4iMge_acbe920a0c5d4c018b1803ee9b1f331a:data/mp3d_layout/test/label_cor/rPc6DW4iMge_acbe920a0c5d4c018b1803ee9b1f331a.txt,data/mp3d_layout/test/label_cor/rPc6DW4iMge_acbe920a0c5d4c018b1803ee9b1f331a.txt,gt_original,original_gt_reference,False,"[0, 1, 2, 3, 4, 5, 6, 7, 8, 9, 10, 11]",12,valid_camera_inside,True,3,"[4, 5, 7]","[{""vertex_1based"": 4, ""status"": ""occluded_by_boundary"", ""blockers"": [{""edge_1based"": [1, 2], ""ray_fraction"": 0.7448272128665971, ""edge_fraction"": 0.660166369377939, ""intersection_xy"": [0.29945513845135685, -0.5281587573090584]}], ""contacts"": []}, {""vertex_1based"": 5, ""status"": ""occluded_by_boundary"", ""blockers"": [{""edge_1based"": [2, 3], ""ray_fraction"": 0.30433329275148857, ""edge_fraction"": 0.9193825821261015, ""intersection_xy"": [0.3938028086562945, -0.21580317917021644]}, {""edge_1based"": [3, 4], ""ray_fraction"": 0.31072567087556874, ""edge_fraction"": 0.009190448088723007, ""intersection_xy"": [0.4020744520131435, -0.22033602376688402]}], ""contacts"": []}, {""vertex_1based"": 7, ""status"": ""occluded_by_boundary"", ""blockers"": [{""edge_1based"": [8, 9], ""ray_fraction"": 0.6065046954159392, ""edge_fraction"": 0.12834723910462828, ""intersection_xy"": [0.2569244264298484, 0.3685869877426668]}], ""contacts"": []}]",local_backtracking,困难,困难,applicable,,,source_identified_no_new_semantic_review,[],"[{""evidence_kind"": ""semantic_image_evidence"", ""record"": {""semantic_status"": ""image_comment_classified"", ""summary"": ""有些人会标门外的空间"", ""reason"": ""已逐条读原话：有些人会标门外的空间"", ""needs_user_review"": false, ""source"": ""C:/Users/ASUS/Downloads/全历史标注_定向补审_20260927(1).json#/image_decisions/rPc6DW4iMge_acbe920a0c5d4c018b1803ee9b1f331a"", ""tags"": [""scope""], ""classification_resolved"": true, ""gt_version_note"": """"}, ""source_object_id"": ""ad4a6fc8603c57c5"", ""bundle_source"": ""analysis_results/research_input_20260929/preprocessed_source.json""}]",unflagged,unflagged_not_certified_normal,not_recorded,analysis_results/review_source_audit_20261004/corrected_inventory/input.json,not_recorded,,not_recorded,analysis_results/review_source_audit_20261004/corrected_inventory/input.json,,not_explicitly_resolved,False,"[""scope""]",,True,True,False,False,False,False,not_exhaustively_reviewed_for_scope_or_detail
rPc6DW4iMge_cc15fb105d86466faafdd633f89148de,rPc6DW4iMge-20,rPc6DW4iMge,G171,research_annotation_image,gt:rPc6DW4iMge_cc15fb105d86466faafdd633f89148de:data/mp3d_layout/test/label_cor/rPc6DW4iMge_cc15fb105d86466faafdd633f89148de.txt,data/mp3d_layout/test/label_cor/rPc6DW4iMge_cc15fb105d86466faafdd633f89148de.txt,gt_original,original_gt_reference,False,"[0, 1, 2, 3]",4,valid_camera_inside,False,0,[],[],cyclic_increasing,简单,简单,applicable,,,source_identified_no_new_semantic_review,[],[],clear,explicit_not_oos_and_no_doorway,not_oos,analysis_results/difficulty_full_20261007/updated/human_review.json,not_oos,,none,analysis_results/difficulty_full_20261007/updated/human_review.json,,not_explicitly_resolved,False,[],,False,False,False,False,False,False,not_exhaustively_reviewed_for_scope_or_detail
rPc6DW4iMge_fbc169773c954580baea6d2798c0d486,rPc6DW4iMge-22,rPc6DW4iMge,G166,research_annotation_image,gt:rPc6DW4iMge_fbc169773c954580baea6d2798c0d486:data/mp3d_layout/test/label_cor/rPc6DW4iMge_fbc169773c954580baea6d2798c0d486.txt,data/mp3d_layout/test/label_cor/rPc6DW4iMge_fbc169773c954580baea6d2798c0d486.txt,gt_original,original_gt_reference,False,"[0, 1, 2, 3, 4, 5, 6, 7, 8, 9, 10, 11, 12, 13]",14,valid_camera_inside,True,2,"[10, 13]","[{""vertex_1based"": 10, ""status"": ""occluded_by_boundary"", ""blockers"": [{""edge_1based"": [11, 12], ""ray_fraction"": 0.3772378899218944, ""edge_fraction"": 0.27713154414095076, ""intersection_xy"": [-0.3229781690805692, 0.13520043390684702]}], ""contacts"": []}, {""vertex_1based"": 13, ""status"": ""occluded_by_boundary"", ""blockers"": [{""edge_1based"": [11, 12], ""ray_fraction"": 0.39786050371034626, ""edge_fraction"": 0.6658168572541282, ""intersection_xy"": [-0.3229611298807257, -0.1778333532310316]}], ""contacts"": []}]",local_backtracking,困难,困难,applicable,,,source_identified_no_new_semantic_review,[],"[{""evidence_kind"": ""semantic_image_evidence"", ""record"": {""semantic_status"": ""image_comment_classified"", ""summary"": ""这图很难,而且右边的玻璃浴室 存在不同的标注方法,gt是标里面的墙角,有些人会标外面的玻璃"", ""reason"": ""已逐条读原话：这图很难,而且右边的玻璃浴室 存在不同的标注方法,gt是标里面的墙角,有些人会标外面的玻璃"", ""needs_user_review"": false, ""source"": ""C:/Users/ASUS/Downloads/全历史标注_定向补审_20260927(1).json#/image_decisions/rPc6DW4iMge_fbc169773c954580baea6d2798c0d486"", ""tags"": [""scope""], ""classification_resolved"": true, ""gt_version_note"": """"}, ""source_object_id"": ""a1d5efe386cf76ad"", ""bundle_source"": ""analysis_results/research_input_20260929/preprocessed_source.json""}]",unflagged,unflagged_not_certified_normal,not_recorded,analysis_results/review_source_audit_20261004/corrected_inventory/input.json,not_recorded,,not_recorded,analysis_results/review_source_audit_20261004/corrected_inventory/input.json,,not_explicitly_resolved,False,"[""scope""]",,False,True,True,False,False,False,not_exhaustively_reviewed_for_scope_or_detail
uNb9QFRL6hY_00b4950b469b4520b29f895aa029419c,uNb9QFRL6hY-01,uNb9QFRL6hY,G172,research_annotation_image,gt:uNb9QFRL6hY_00b4950b469b4520b29f895aa029419c:data/mp3d_layout/test/label_cor/uNb9QFRL6hY_00b4950b469b4520b29f895aa029419c.txt,data/mp3d_layout/test/label_cor/uNb9QFRL6hY_00b4950b469b4520b29f895aa029419c.txt,gt_original,original_gt_reference,False,"[0, 1, 2, 3]",4,valid_camera_inside,False,0,[],[],cyclic_increasing,简单,简单,applicable,,,source_identified_no_new_semantic_review,[],"[{""evidence_kind"": ""semantic_image_evidence"", ""record"": {""semantic_status"": ""gt_detail_omission_not_global_error"", ""summary"": ""细节简化/遗漏属于同空间表达差异；可能与scope并存，不因这条评论阻断主分析。保留用户评价，不替其宣布GT完全错误。"", ""reason"": ""细节简化/遗漏属于同空间表达差异；可能与scope并存，不因这条评论阻断主分析。保留用户评价，不替其宣布GT完全错误。"", ""needs_user_review"": false, ""tags"": [""detail"", ""reference_omission""], ""source"": ""C:/Users/ASUS/Downloads/全历史标注_定向补审_20260927(1).json#/image_decisions/uNb9QFRL6hY_00b4950b469b4520b29f895aa029419c"", ""classification_resolved"": true, ""gt_version_note"": """"}, ""source_object_id"": ""new_93_3579_6864_W001"", ""bundle_source"": ""analysis_results/research_input_20260929/preprocessed_source.json""}]",unflagged,unflagged_not_certified_normal,not_recorded,analysis_results/review_source_audit_20261004/corrected_inventory/input.json,not_recorded,,not_recorded,analysis_results/review_source_audit_20261004/corrected_inventory/input.json,,not_explicitly_resolved,False,"[""detail"", ""reference_omission""]",,False,False,False,False,True,False,not_exhaustively_reviewed_for_scope_or_detail
uNb9QFRL6hY_05285f9bc0234526bf0f6362679e38d0,uNb9QFRL6hY-03,uNb9QFRL6hY,G172,research_annotation_image,gt:uNb9QFRL6hY_05285f9bc0234526bf0f6362679e38d0:data/mp3d_layout/test/label_cor/uNb9QFRL6hY_05285f9bc0234526bf0f6362679e38d0.txt,data/mp3d_layout/test/label_cor/uNb9QFRL6hY_05285f9bc0234526bf0f6362679e38d0.txt,gt_original,original_gt_reference,False,"[0, 1, 2, 3]",4,valid_camera_inside,False,0,[],[],cyclic_increasing,简单,简单,applicable,,,source_identified_no_new_semantic_review,[],[],unflagged,unflagged_not_certified_normal,not_recorded,analysis_results/review_source_audit_20261004/corrected_inventory/input.json,not_recorded,,not_recorded,analysis_results/review_source_audit_20261004/corrected_inventory/input.json,,not_explicitly_resolved,False,[],,False,False,True,False,False,False,not_exhaustively_reviewed_for_scope_or_detail
uNb9QFRL6hY_068fb0d52d01455c96fa23659c373bf8,uNb9QFRL6hY-04,uNb9QFRL6hY,G172,research_annotation_image,gt:uNb9QFRL6hY_068fb0d52d01455c96fa23659c373bf8:data/mp3d_layout/test/label_cor/uNb9QFRL6hY_068fb0d52d01455c96fa23659c373bf8.txt,data/mp3d_layout/test/label_cor/uNb9QFRL6hY_068fb0d52d01455c96fa23659c373bf8.txt,gt_original,original_gt_reference,False,"[0, 1, 2, 3]",4,valid_camera_inside,False,0,[],[],cyclic_increasing,简单,简单,applicable,,,source_identified_no_new_semantic_review,[],"[{""evidence_kind"": ""semantic_image_evidence"", ""record"": {""semantic_status"": ""gt_detail_omission_not_global_error"", ""summary"": ""细节简化/遗漏属于同空间表达差异；可能与scope并存，不因这条评论阻断主分析。保留用户评价，不替其宣布GT完全错误。"", ""reason"": ""细节简化/遗漏属于同空间表达差异；可能与scope并存，不因这条评论阻断主分析。保留用户评价，不替其宣布GT完全错误。"", ""needs_user_review"": false, ""tags"": [""scope"", ""detail"", ""reference_omission""], ""source"": ""C:/Users/ASUS/Downloads/全历史标注_定向补审_20260927(1).json#/image_decisions/uNb9QFRL6hY_068fb0d52d01455c96fa23659c373bf8"", ""classification_resolved"": true, ""gt_version_note"": """"}, ""source_object_id"": ""new_93_3581_6852_W001"", ""bundle_source"": ""analysis_results/research_input_20260929/preprocessed_source.json""}]",unflagged,unflagged_not_certified_normal,not_recorded,analysis_results/review_source_audit_20261004/corrected_inventory/input.json,not_recorded,,not_recorded,analysis_results/review_source_audit_20261004/corrected_inventory/input.json,,not_explicitly_resolved,False,"[""detail"", ""reference_omission"", ""scope""]",,False,True,True,False,True,False,not_exhaustively_reviewed_for_scope_or_detail
uNb9QFRL6hY_07a43087f1e54e3f828851d8e457a283,uNb9QFRL6hY-06,uNb9QFRL6hY,G176,research_annotation_image,gt:uNb9QFRL6hY_07a43087f1e54e3f828851d8e457a283:data/mp3d_layout/test/label_cor/uNb9QFRL6hY_07a43087f1e54e3f828851d8e457a283.txt,data/mp3d_layout/test/label_cor/uNb9QFRL6hY_07a43087f1e54e3f828851d8e457a283.txt,gt_original,original_gt_reference,False,"[0, 1, 2, 3, 4, 5, 6, 7]",8,valid_camera_inside,True,2,"[4, 5]","[{""vertex_1based"": 4, ""status"": ""occluded_by_boundary"", ""blockers"": [{""edge_1based"": [6, 7], ""ray_fraction"": 0.31966358739588535, ""edge_fraction"": 0.06286582297453627, ""intersection_xy"": [-0.30059282822537803, -0.2359531185038302]}, {""edge_1based"": [5, 6], ""ray_fraction"": 0.3323676928191248, ""edge_fraction"": 0.9813253833923437, ""intersection_xy"": [-0.31253902144167195, -0.24533039327207723]}], ""contacts"": []}, {""vertex_1based"": 5, ""status"": ""occluded_by_boundary"", ""blockers"": [{""edge_1based"": [7, 8], ""ray_fraction"": 0.3919762736665842, ""edge_fraction"": 0.12681187881127895, ""intersection_xy"": [-0.12251145688628125, -0.28932062244450263]}], ""contacts"": []}]",local_backtracking,困难,困难,applicable,,,source_identified_no_new_semantic_review,[],[],unflagged,unflagged_not_certified_normal,not_recorded,analysis_results/review_source_audit_20261004/corrected_inventory/input.json,not_recorded,,not_recorded,analysis_results/review_source_audit_20261004/corrected_inventory/input.json,,not_explicitly_resolved,False,[],,False,False,True,False,False,False,not_exhaustively_reviewed_for_scope_or_detail
uNb9QFRL6hY_104d12b732794414a42edd37ac554bff,uNb9QFRL6hY-07,uNb9QFRL6hY,G178,research_annotation_image,gt:uNb9QFRL6hY_104d12b732794414a42edd37ac554bff:data/mp3d_layout/test/label_cor/uNb9QFRL6hY_104d12b732794414a42edd37ac554bff.txt,data/mp3d_layout/test/label_cor/uNb9QFRL6hY_104d12b732794414a42edd37ac554bff.txt,gt_original,original_gt_reference,False,"[0, 1, 2, 3]",4,valid_camera_inside,False,0,[],[],cyclic_increasing,简单,简单,applicable,,,source_identified_no_new_semantic_review,[],"[{""evidence_kind"": ""semantic_image_evidence"", ""record"": {""semantic_status"": ""image_comment_classified"", ""summary"": ""中等难度,存在右边柜子停止点的问题,有些人把柜子当成墙角,有些人 是标完全被挡住的实际墙角.簇1,4是柜子处就停止了"", ""reason"": ""已逐条读原话：中等难度,存在右边柜子停止点的问题,有些人把柜子当成墙角,有些人 是标完全被挡住的实际墙角.簇1,4是柜子处就停止了"", ""needs_user_review"": false, ""source"": ""C:/Users/ASUS/Downloads/全历史标注_定向补审_20260927(1).json#/image_decisions/uNb9QFRL6hY_104d12b732794414a42edd37ac554bff"", ""tags"": [""scope""], ""classification_resolved"": true, ""gt_version_note"": """"}, ""source_object_id"": ""new_93_3582_7380_W002"", ""bundle_source"": ""analysis_results/research_input_20260929/preprocessed_source.json""}]",unflagged,unflagged_not_certified_normal,not_recorded,analysis_results/review_source_audit_20261004/corrected_inventory/input.json,not_recorded,,not_recorded,analysis_results/review_source_audit_20261004/corrected_inventory/input.json,,not_explicitly_resolved,False,"[""scope""]",,False,True,True,False,False,False,not_exhaustively_reviewed_for_scope_or_detail
uNb9QFRL6hY_1096f195d3294cefa462add5ab0c342e,uNb9QFRL6hY-08,uNb9QFRL6hY,G179,research_annotation_image,gt:uNb9QFRL6hY_1096f195d3294cefa462add5ab0c342e:data/mp3d_layout/test/label_cor/uNb9QFRL6hY_1096f195d3294cefa462add5ab0c342e.txt,data/mp3d_layout/test/label_cor/uNb9QFRL6hY_1096f195d3294cefa462add5ab0c342e.txt,gt_original,original_gt_reference,False,"[0, 1, 2, 3, 4, 5]",6,valid_camera_inside,True,2,"[3, 4]","[{""vertex_1based"": 3, ""status"": ""occluded_by_boundary"", ""blockers"": [{""edge_1based"": [1, 2], ""ray_fraction"": 0.5608834036496598, ""edge_fraction"": 0.698833060490515, ""intersection_xy"": [0.31081470731617644, 0.6864681609044501]}], ""contacts"": []}, {""vertex_1based"": 4, ""status"": ""occluded_by_boundary"", ""blockers"": [{""edge_1based"": [1, 2], ""ray_fraction"": 0.5608244510094419, ""edge_fraction"": 0.9794291060315332, ""intersection_xy"": [0.3108049586178507, 1.187190868732461]}, {""edge_1based"": [2, 3], ""ray_fraction"": 0.5781656041229071, ""edge_fraction"": 0.03949515031249795, ""intersection_xy"": [0.3204153034701753, 1.2238997864562546]}], ""contacts"": []}]",local_backtracking,困难,困难,applicable,,,source_identified_no_new_semantic_review,[],[],unflagged,unflagged_not_certified_normal,not_recorded,analysis_results/review_source_audit_20261004/corrected_inventory/input.json,not_recorded,,not_recorded,analysis_results/review_source_audit_20261004/corrected_inventory/input.json,,not_explicitly_resolved,False,[],,False,False,False,False,False,False,not_exhaustively_reviewed_for_scope_or_detail
uNb9QFRL6hY_13a430466eb64e2087e7fb5acde7a398,uNb9QFRL6hY-09,uNb9QFRL6hY,G172,research_annotation_image,gt:uNb9QFRL6hY_13a430466eb64e2087e7fb5acde7a398:data/mp3d_layout/test/label_cor/uNb9QFRL6hY_13a430466eb64e2087e7fb5acde7a398.txt,data/mp3d_layout/test/label_cor/uNb9QFRL6hY_13a430466eb64e2087e7fb5acde7a398.txt,gt_original,original_gt_reference,False,"[0, 1, 2, 3]",4,valid_camera_inside,False,0,[],[],cyclic_increasing,简单,简单,applicable,,,source_identified_no_new_semantic_review,[],"[{""evidence_kind"": ""semantic_image_evidence"", ""record"": {""semantic_status"": ""gt_detail_omission_not_global_error"", ""summary"": ""细节简化/遗漏属于同空间表达差异；可能与scope并存，不因这条评论阻断主分析。保留用户评价，不替其宣布GT完全错误。"", ""reason"": ""细节简化/遗漏属于同空间表达差异；可能与scope并存，不因这条评论阻断主分析。保留用户评价，不替其宣布GT完全错误。"", ""needs_user_review"": false, ""tags"": [""detail"", ""reference_omission""], ""source"": ""C:/Users/ASUS/Downloads/全历史标注_定向补审_20260927(1).json#/image_decisions/uNb9QFRL6hY_13a430466eb64e2087e7fb5acde7a398"", ""classification_resolved"": true, ""gt_version_note"": """"}, ""source_object_id"": ""new_93_3583_6849_W001"", ""bundle_source"": ""analysis_results/research_input_20260929/preprocessed_source.json""}]",unflagged,unflagged_not_certified_normal,not_recorded,analysis_results/review_source_audit_20261004/corrected_inventory/input.json,not_recorded,,not_recorded,analysis_results/review_source_audit_20261004/corrected_inventory/input.json,,not_explicitly_resolved,False,"[""detail"", ""reference_omission""]",,False,False,False,False,True,False,not_exhaustively_reviewed_for_scope_or_detail
uNb9QFRL6hY_1b7bf6673ca74809a141b57da1d6357f,uNb9QFRL6hY-12,uNb9QFRL6hY,G172,research_annotation_image,gt:uNb9QFRL6hY_1b7bf6673ca74809a141b57da1d6357f:data/mp3d_layout/test/label_cor/uNb9QFRL6hY_1b7bf6673ca74809a141b57da1d6357f.txt,data/mp3d_layout/test/label_cor/uNb9QFRL6hY_1b7bf6673ca74809a141b57da1d6357f.txt,gt_original,original_gt_reference,False,"[0, 1, 2, 3]",4,valid_camera_inside,False,0,[],[],cyclic_increasing,简单,简单,applicable,,,source_identified_no_new_semantic_review,[],"[{""evidence_kind"": ""semantic_image_evidence"", ""record"": {""semantic_status"": ""gt_detail_omission_not_global_error"", ""summary"": ""细节简化/遗漏属于同空间表达差异；可能与scope并存，不因这条评论阻断主分析。保留用户评价，不替其宣布GT完全错误。"", ""reason"": ""细节简化/遗漏属于同空间表达差异；可能与scope并存，不因这条评论阻断主分析。保留用户评价，不替其宣布GT完全错误。"", ""needs_user_review"": false, ""tags"": [""detail"", ""reference_omission""], ""source"": ""C:/Users/ASUS/Downloads/全历史标注_定向补审_20260927(1).json#/image_decisions/uNb9QFRL6hY_1b7bf6673ca74809a141b57da1d6357f"", ""classification_resolved"": true, ""gt_version_note"": """"}, ""source_object_id"": ""new_93_3584_6853_W001"", ""bundle_source"": ""analysis_results/research_input_20260929/preprocessed_source.json""}]",unflagged,unflagged_not_certified_normal,not_recorded,analysis_results/review_source_audit_20261004/corrected_inventory/input.json,not_recorded,,not_recorded,analysis_results/review_source_audit_20261004/corrected_inventory/input.json,,not_explicitly_resolved,False,"[""detail"", ""reference_omission""]",,False,False,False,False,True,False,not_exhaustively_reviewed_for_scope_or_detail
uNb9QFRL6hY_23ed105b1f0f48bbb6ec025df9d313e7,uNb9QFRL6hY-14,uNb9QFRL6hY,G178,research_annotation_image,gt:uNb9QFRL6hY_23ed105b1f0f48bbb6ec025df9d313e7:data/mp3d_layout/test/label_cor/uNb9QFRL6hY_23ed105b1f0f48bbb6ec025df9d313e7.txt,data/mp3d_layout/test/label_cor/uNb9QFRL6hY_23ed105b1f0f48bbb6ec025df9d313e7.txt,gt_original,original_gt_reference,False,"[0, 1, 2, 3]",4,valid_camera_inside,False,0,[],[],cyclic_increasing,简单,简单,applicable,,,source_identified_no_new_semantic_review,[],"[{""evidence_kind"": ""semantic_image_evidence"", ""record"": {""semantic_status"": ""image_comment_classified"", ""summary"": ""确实可以标门外的空间,但是现在的两个标门外区域的,都标的太过奇怪了"", ""reason"": ""已逐条读原话：确实可以标门外的空间,但是现在的两个标门外区域的,都标的太过奇怪了"", ""needs_user_review"": false, ""source"": ""C:/Users/ASUS/Downloads/全历史标注_定向补审_20260927(1).json#/image_decisions/uNb9QFRL6hY_23ed105b1f0f48bbb6ec025df9d313e7"", ""tags"": [""scope""], ""classification_resolved"": true, ""gt_version_note"": """"}, ""source_object_id"": ""new_93_3585_6863_W001"", ""bundle_source"": ""analysis_results/research_input_20260929/preprocessed_source.json""}]",unflagged,unflagged_not_certified_normal,not_recorded,analysis_results/review_source_audit_20261004/corrected_inventory/input.json,not_recorded,,not_recorded,analysis_results/review_source_audit_20261004/corrected_inventory/input.json,,not_explicitly_resolved,False,"[""scope""]",,False,True,False,False,False,False,not_exhaustively_reviewed_for_scope_or_detail
uNb9QFRL6hY_2ed0e171a7c34f17a85363923a26ab98,uNb9QFRL6hY-18,uNb9QFRL6hY,G184,research_annotation_image,gt:uNb9QFRL6hY_2ed0e171a7c34f17a85363923a26ab98:data/mp3d_layout/test/label_cor/uNb9QFRL6hY_2ed0e171a7c34f17a85363923a26ab98.txt,data/mp3d_layout/test/label_cor/uNb9QFRL6hY_2ed0e171a7c34f17a85363923a26ab98.txt,gt_original,original_gt_reference,False,"[0, 1, 2, 3, 4, 5, 6, 7, 8, 9]",10,valid_camera_inside,False,0,[],[],cyclic_increasing,中等,中等,applicable,,,source_identified_no_new_semantic_review,[],"[{""evidence_kind"": ""semantic_image_evidence"", ""record"": {""semantic_status"": ""image_comment_classified"", ""summary"": ""这图很难,而且左侧玻璃洗澡区域存在不同的标法,gt是标玻璃外围,一些人是标玻璃内实际的墙角,还有有些人没有正确标注这个地方,直接忽略了部分玻璃区域"", ""reason"": ""已逐条读原话：这图很难,而且左侧玻璃洗澡区域存在不同的标法,gt是标玻璃外围,一些人是标玻璃内实际的墙角,还有有些人没有正确标注这个地方,直接忽略了部分玻璃区域"", ""needs_user_review"": false, ""source"": ""C:/Users/ASUS/Downloads/全历史标注_定向补审_20260927(1).json#/image_decisions/uNb9QFRL6hY_2ed0e171a7c34f17a85363923a26ab98"", ""tags"": [""scope"", ""detail""], ""classification_resolved"": true, ""gt_version_note"": """"}, ""source_object_id"": ""new_93_3586_6870_W001"", ""bundle_source"": ""analysis_results/research_input_20260929/preprocessed_source.json""}]",unflagged,unflagged_not_certified_normal,not_recorded,analysis_results/review_source_audit_20261004/corrected_inventory/input.json,not_recorded,,not_recorded,analysis_results/review_source_audit_20261004/corrected_inventory/input.json,,not_explicitly_resolved,False,"[""detail"", ""scope""]",,False,True,True,False,False,False,not_exhaustively_reviewed_for_scope_or_detail
uNb9QFRL6hY_33dd9892d10e474ead8f7ad38a8da562,uNb9QFRL6hY-19,uNb9QFRL6hY,G179,research_annotation_image,gt:uNb9QFRL6hY_33dd9892d10e474ead8f7ad38a8da562:data/mp3d_layout/test/label_cor/uNb9QFRL6hY_33dd9892d10e474ead8f7ad38a8da562.txt,data/mp3d_layout/test/label_cor/uNb9QFRL6hY_33dd9892d10e474ead8f7ad38a8da562.txt,gt_original,original_gt_reference,False,"[0, 1, 2, 3, 4, 5]",6,valid_camera_inside,False,0,[],[],cyclic_increasing,中等,中等,applicable,,,source_identified_no_new_semantic_review,[],[],unflagged,unflagged_not_certified_normal,not_recorded,analysis_results/review_source_audit_20261004/corrected_inventory/input.json,not_recorded,,not_recorded,analysis_results/review_source_audit_20261004/corrected_inventory/input.json,,not_explicitly_resolved,False,[],,False,False,True,False,False,False,not_exhaustively_reviewed_for_scope_or_detail
uNb9QFRL6hY_3450b3accb584493bf13be8e9554dbea,uNb9QFRL6hY-20,uNb9QFRL6hY,G172,research_annotation_image,gt:uNb9QFRL6hY_3450b3accb584493bf13be8e9554dbea:data/mp3d_layout/test/label_cor/uNb9QFRL6hY_3450b3accb584493bf13be8e9554dbea.txt,data/mp3d_layout/test/label_cor/uNb9QFRL6hY_3450b3accb584493bf13be8e9554dbea.txt,gt_original,original_gt_reference,False,"[0, 1, 2, 3]",4,valid_camera_inside,False,0,[],[],cyclic_increasing,简单,简单,applicable,,,source_identified_no_new_semantic_review,[],"[{""evidence_kind"": ""semantic_image_evidence"", ""record"": {""semantic_status"": ""gt_detail_omission_not_global_error"", ""summary"": ""细节简化/遗漏属于同空间表达差异；可能与scope并存，不因这条评论阻断主分析。保留用户评价，不替其宣布GT完全错误。"", ""reason"": ""细节简化/遗漏属于同空间表达差异；可能与scope并存，不因这条评论阻断主分析。保留用户评价，不替其宣布GT完全错误。"", ""needs_user_review"": false, ""tags"": [""detail"", ""reference_omission""], ""source"": ""C:/Users/ASUS/Downloads/全历史标注_定向补审_20260927(1).json#/image_decisions/uNb9QFRL6hY_3450b3accb584493bf13be8e9554dbea"", ""classification_resolved"": true, ""gt_version_note"": """"}, ""source_object_id"": ""new_93_3588_6866_W001"", ""bundle_source"": ""analysis_results/research_input_20260929/preprocessed_source.json""}]",unflagged,unflagged_not_certified_normal,not_recorded,analysis_results/review_source_audit_20261004/corrected_inventory/input.json,not_recorded,,not_recorded,analysis_results/review_source_audit_20261004/corrected_inventory/input.json,,not_explicitly_resolved,False,"[""detail"", ""reference_omission""]",,False,False,False,False,True,False,not_exhaustively_reviewed_for_scope_or_detail
uNb9QFRL6hY_3b9e548b46af4410b97e1d12781ec3c9,uNb9QFRL6hY-21,uNb9QFRL6hY,G186,research_annotation_image,gt:uNb9QFRL6hY_3b9e548b46af4410b97e1d12781ec3c9:data/mp3d_layout/test/label_cor/uNb9QFRL6hY_3b9e548b46af4410b97e1d12781ec3c9.txt,data/mp3d_layout/test/label_cor/uNb9QFRL6hY_3b9e548b46af4410b97e1d12781ec3c9.txt,gt_original,original_gt_reference,False,"[0, 1, 2, 3, 4, 5, 6, 7]",8,valid_camera_inside,True,2,"[1, 6]","[{""vertex_1based"": 1, ""status"": ""occluded_by_boundary"", ""blockers"": [{""edge_1based"": [2, 3], ""ray_fraction"": 0.23879403155415138, ""edge_fraction"": 0.022947007117966333, ""intersection_xy"": [-0.006837466328280518, -0.29165698528104295]}], ""contacts"": []}, {""vertex_1based"": 6, ""status"": ""occluded_by_boundary"", ""blockers"": [{""edge_1based"": [4, 5], ""ray_fraction"": 0.3838678142198589, ""edge_fraction"": 0.9893871238382043, ""intersection_xy"": [-0.0061836013584561575, 0.2416188024542062]}], ""contacts"": []}]",local_backtracking,困难,困难,applicable,,,source_identified_no_new_semantic_review,[],[],doorway_difficult,special_or_pending_keep_source_status,not_oos,analysis_results/difficulty_full_20261007/updated/human_review.json,not_oos,,difficult,analysis_results/difficulty_full_20261007/updated/human_review.json,analysis_results/review_source_audit_20261004/corrected_inventory/input.json,not_explicitly_resolved,False,[],难标,False,False,False,False,False,False,not_exhaustively_reviewed_for_scope_or_detail
uNb9QFRL6hY_5948424345f541b9a570b48f1cfcf622,uNb9QFRL6hY-25,uNb9QFRL6hY,G190,research_annotation_image,gt:uNb9QFRL6hY_5948424345f541b9a570b48f1cfcf622:data/mp3d_layout/test/label_cor/uNb9QFRL6hY_5948424345f541b9a570b48f1cfcf622.txt,data/mp3d_layout/test/label_cor/uNb9QFRL6hY_5948424345f541b9a570b48f1cfcf622.txt,gt_original,original_gt_reference,False,"[0, 1, 2, 3, 4, 5, 6, 7]",8,valid_camera_inside,True,2,"[2, 7]","[{""vertex_1based"": 2, ""status"": ""occluded_by_boundary"", ""blockers"": [{""edge_1based"": [3, 4], ""ray_fraction"": 0.32324740922493356, ""edge_fraction"": 0.023474096637998165, ""intersection_xy"": [0.16173470231712386, -0.009916467598081284]}], ""contacts"": []}, {""vertex_1based"": 7, ""status"": ""occluded_by_boundary"", ""blockers"": [{""edge_1based"": [5, 6], ""ray_fraction"": 0.309746214638089, ""edge_fraction"": 0.9527439338498139, ""intersection_xy"": [-0.3932254098813923, -0.019438858666480586]}], ""contacts"": []}]",local_backtracking,困难,困难,applicable,,,source_identified_no_new_semantic_review,[],[],doorway_difficult,special_or_pending_keep_source_status,not_recorded,analysis_results/review_source_audit_20261004/corrected_inventory/input.json,not_recorded,,difficult,analysis_results/review_source_audit_20261004/corrected_inventory/input.json,analysis_results/review_source_audit_20261004/corrected_inventory/input.json,not_explicitly_resolved,False,[],,False,True,True,False,False,False,not_exhaustively_reviewed_for_scope_or_detail
uNb9QFRL6hY_5b62816d9cf94f17ae166291822ea9ab,uNb9QFRL6hY-26,uNb9QFRL6hY,G184,research_annotation_image,gt:uNb9QFRL6hY_5b62816d9cf94f17ae166291822ea9ab:data/mp3d_layout/test/label_cor/uNb9QFRL6hY_5b62816d9cf94f17ae166291822ea9ab.txt,data/mp3d_layout/test/label_cor/uNb9QFRL6hY_5b62816d9cf94f17ae166291822ea9ab.txt,gt_original,original_gt_reference,False,"[0, 1, 2, 3, 4, 5, 6, 7, 8, 9]",10,valid_camera_inside,False,0,[],[],cyclic_increasing,中等,中等,applicable,,,source_identified_no_new_semantic_review,[],"[{""evidence_kind"": ""semantic_image_evidence"", ""record"": {""semantic_status"": ""image_comment_classified"", ""summary"": ""这图属于困难图,一些人会标漏细节,主要空间歧义是在右侧的玻璃浴室处,有些人标内侧的墙角,gt是标外侧的玻璃"", ""reason"": ""已逐条读原话：这图属于困难图,一些人会标漏细节,主要空间歧义是在右侧的玻璃浴室处,有些人标内侧的墙角,gt是标外侧的玻璃"", ""needs_user_review"": false, ""source"": ""C:/Users/ASUS/Downloads/全历史标注_定向补审_20260927(1).json#/image_decisions/uNb9QFRL6hY_5b62816d9cf94f17ae166291822ea9ab"", ""tags"": [""scope"", ""detail""], ""classification_resolved"": true, ""gt_version_note"": """"}, ""source_object_id"": ""new_93_3589_6847_W001"", ""bundle_source"": ""analysis_results/research_input_20260929/preprocessed_source.json""}]",unflagged,unflagged_not_certified_normal,not_recorded,analysis_results/review_source_audit_20261004/corrected_inventory/input.json,not_recorded,,not_recorded,analysis_results/review_source_audit_20261004/corrected_inventory/input.json,,not_explicitly_resolved,False,"[""detail"", ""scope""]",,False,True,True,False,False,False,not_exhaustively_reviewed_for_scope_or_detail
uNb9QFRL6hY_6115ed700b5144cfa3443346381cb7cd,uNb9QFRL6hY-29,uNb9QFRL6hY,G179,research_annotation_image,gt:uNb9QFRL6hY_6115ed700b5144cfa3443346381cb7cd:data/mp3d_layout/test/label_cor/uNb9QFRL6hY_6115ed700b5144cfa3443346381cb7cd.txt,data/mp3d_layout/test/label_cor/uNb9QFRL6hY_6115ed700b5144cfa3443346381cb7cd.txt,gt_original,original_gt_reference,False,"[0, 1, 2, 3, 4, 5]",6,valid_camera_inside,False,0,[],[],cyclic_increasing,中等,中等,applicable,,,source_identified_no_new_semantic_review,[],"[{""evidence_kind"": ""semantic_image_evidence"", ""record"": {""semantic_status"": ""image_comment_classified"", ""summary"": ""这图存在标注空间的歧义,gt和很多标注者是标了门口有往下的阶梯的区域,严格来说不应该标那,因为有阶梯意味着不属于曼哈顿约束了,应该类似w002是最好的"", ""reason"": ""已逐条读原话：这图存在标注空间的歧义,gt和很多标注者是标了门口有往下的阶梯的区域,严格来说不应该标那,因为有阶梯意味着不属于曼哈顿约束了,应该类似w002是最好的"", ""needs_user_review"": false, ""source"": ""C:/Users/ASUS/Downloads/全历史标注_定向补审_20260927(1).json#/image_decisions/uNb9QFRL6hY_6115ed700b5144cfa3443346381cb7cd"", ""tags"": [""scope""], ""classification_resolved"": true, ""gt_version_note"": """"}, ""source_object_id"": ""f0b7c25018d49988f041"", ""bundle_source"": ""analysis_results/research_input_20260929/preprocessed_source.json""}]",unflagged,unflagged_not_certified_normal,not_recorded,analysis_results/review_source_audit_20261004/corrected_inventory/input.json,not_recorded,,not_recorded,analysis_results/review_source_audit_20261004/corrected_inventory/input.json,,not_explicitly_resolved,False,"[""scope""]",,False,True,True,False,False,False,not_exhaustively_reviewed_for_scope_or_detail
uNb9QFRL6hY_6a500a9a43a340eb817c58bb084327fe,uNb9QFRL6hY-32,uNb9QFRL6hY,,research_annotation_image,gt:uNb9QFRL6hY_6a500a9a43a340eb817c58bb084327fe:data/mp3d_layout/test/label_cor/uNb9QFRL6hY_6a500a9a43a340eb817c58bb084327fe.txt,data/mp3d_layout/test/label_cor/uNb9QFRL6hY_6a500a9a43a340eb817c58bb084327fe.txt,gt_original,original_gt_reference,False,"[0, 1, 2, 3, 4, 5, 6, 7, 8, 9]",10,valid_camera_inside,True,2,"[4, 5]","[{""vertex_1based"": 4, ""status"": ""occluded_by_boundary"", ""blockers"": [{""edge_1based"": [1, 2], ""ray_fraction"": 0.46455513532506637, ""edge_fraction"": 0.8851234453564806, ""intersection_xy"": [0.34513210870746286, -0.15698180355687213]}], ""contacts"": []}, {""vertex_1based"": 5, ""status"": ""occluded_by_boundary"", ""blockers"": [{""edge_1based"": [2, 3], ""ray_fraction"": 0.152772414560075, ""edge_fraction"": 0.24658109192625294, ""intersection_xy"": [0.4432145646466458, -0.0516307917370701]}, {""edge_1based"": [3, 4], ""ray_fraction"": 0.2560746065756663, ""edge_fraction"": 0.1219229417483964, ""intersection_xy"": [0.7429089577285223, -0.08654268324116415]}], ""contacts"": []}]",local_backtracking,困难,困难,applicable,,,source_identified_no_new_semantic_review,[],"[{""evidence_kind"": ""semantic_image_evidence"", ""record"": {""semantic_status"": ""resolved_by_continuation_issue"", ""summary"": ""先不进入主分析,因为gt也不太对,这图也很怪"", ""reason"": ""先不进入主分析,因为gt也不太对,这图也很怪"", ""needs_user_review"": false, ""tags"": [""scope"", ""reference_error""], ""source"": ""evidence/continuation.json#/issue_decisions/uNb9QFRL6hY_6a500a9a43a340eb817c58bb084327fe:continue"", ""classification_resolved"": true, ""gt_version_note"": """"}, ""source_object_id"": ""c0e23bd981313dc96d38"", ""bundle_source"": ""analysis_results/research_input_20260929/preprocessed_source.json""}, {""evidence_kind"": ""image_traits_comment"", ""record"": {""comment"": ""图像右边完全不知道标的什么""}, ""source_object_id"": ""c0e23bd981313dc96d38"", ""bundle_source"": ""analysis_results/research_input_20260929/preprocessed_source.json""}]",unflagged,unflagged_not_certified_normal,not_recorded,analysis_results/review_source_audit_20261004/corrected_inventory/input.json,not_recorded,,not_recorded,analysis_results/review_source_audit_20261004/corrected_inventory/input.json,,not_explicitly_resolved,False,"[""reference_error"", ""scope""]",,True,True,True,True,False,False,not_exhaustively_reviewed_for_scope_or_detail
uNb9QFRL6hY_6c4fa6dfddc1499db228854454bfc61d,uNb9QFRL6hY-36,uNb9QFRL6hY,G180,research_annotation_image,gt:uNb9QFRL6hY_6c4fa6dfddc1499db228854454bfc61d:data/mp3d_layout/test/label_cor/uNb9QFRL6hY_6c4fa6dfddc1499db228854454bfc61d.txt,data/mp3d_layout/test/label_cor/uNb9QFRL6hY_6c4fa6dfddc1499db228854454bfc61d.txt,gt_original,original_gt_reference,False,"[0, 1, 2, 3]",4,valid_camera_inside,False,0,[],[],cyclic_increasing,简单,简单,applicable,,,source_identified_no_new_semantic_review,[],"[{""evidence_kind"": ""semantic_image_evidence"", ""record"": {""semantic_status"": ""conditional_standard_not_global_gt_error"", ""summary"": ""原话以最严格曼哈顿标准为条件质疑所有人的停止点；需保留条件，不自动升格为无条件GT完全错误或全体无效。"", ""reason"": ""最严格曼哈顿标准下的停止区域质疑，记录scope；非无条件GT完全错误，不直接排除。"", ""needs_user_review"": false, ""tags"": [""scope""], ""source"": ""C:/Users/ASUS/Downloads/全历史标注_定向补审_20260927(1).json#/image_decisions/uNb9QFRL6hY_6c4fa6dfddc1499db228854454bfc61d"", ""classification_resolved"": true, ""gt_version_note"": """"}, ""source_object_id"": ""14ac18968586cb14b07a"", ""bundle_source"": ""analysis_results/research_input_20260929/preprocessed_source.json""}]",unflagged,unflagged_not_certified_normal,not_recorded,analysis_results/review_source_audit_20261004/corrected_inventory/input.json,not_recorded,,not_recorded,analysis_results/review_source_audit_20261004/corrected_inventory/input.json,,not_explicitly_resolved,False,"[""scope""]",,False,True,True,False,False,False,not_exhaustively_reviewed_for_scope_or_detail
uNb9QFRL6hY_748279b5d6e740c4b2cba9fc78d6fc62,uNb9QFRL6hY-40,uNb9QFRL6hY,G172,research_annotation_image,gt:uNb9QFRL6hY_748279b5d6e740c4b2cba9fc78d6fc62:data/mp3d_layout/test/label_cor/uNb9QFRL6hY_748279b5d6e740c4b2cba9fc78d6fc62.txt,data/mp3d_layout/test/label_cor/uNb9QFRL6hY_748279b5d6e740c4b2cba9fc78d6fc62.txt,gt_original,original_gt_reference,False,"[0, 1, 2, 3, 4, 5]",6,valid_camera_inside,False,0,[],[],cyclic_increasing,中等,中等,applicable,,,source_identified_no_new_semantic_review,[],"[{""evidence_kind"": ""semantic_image_evidence"", ""record"": {""semantic_status"": ""image_comment_classified"", ""summary"": ""gt的是对的,这次的gt终于注意到了左边墙面的变化,但是还有些标注者对这里是采取忽略的标法"", ""reason"": ""已逐条读原话：gt的是对的,这次的gt终于注意到了左边墙面的变化,但是还有些标注者对这里是采取忽略的标法"", ""needs_user_review"": false, ""source"": ""C:/Users/ASUS/Downloads/全历史标注_定向补审_20260927(1).json#/image_decisions/uNb9QFRL6hY_748279b5d6e740c4b2cba9fc78d6fc62"", ""tags"": [""detail""], ""classification_resolved"": true, ""gt_version_note"": """"}, ""source_object_id"": ""new_93_3591_7366_W002"", ""bundle_source"": ""analysis_results/research_input_20260929/preprocessed_source.json""}]",unflagged,unflagged_not_certified_normal,not_recorded,analysis_results/review_source_audit_20261004/corrected_inventory/input.json,not_recorded,,not_recorded,analysis_results/review_source_audit_20261004/corrected_inventory/input.json,,not_explicitly_resolved,False,"[""detail""]",,True,True,True,False,False,False,not_exhaustively_reviewed_for_scope_or_detail
uNb9QFRL6hY_76ba70b55bde4313939a4a0cd78a49d3,uNb9QFRL6hY-41,uNb9QFRL6hY,G184,research_annotation_image,gt:uNb9QFRL6hY_76ba70b55bde4313939a4a0cd78a49d3:data/mp3d_layout/test/label_cor/uNb9QFRL6hY_76ba70b55bde4313939a4a0cd78a49d3.txt,data/mp3d_layout/test/label_cor/uNb9QFRL6hY_76ba70b55bde4313939a4a0cd78a49d3.txt,gt_original,original_gt_reference,False,"[0, 1, 2, 3, 4, 5, 6, 7, 8, 9]",10,valid_camera_inside,False,0,[],[],cyclic_increasing,中等,中等,applicable,,,source_identified_no_new_semantic_review,[],"[{""evidence_kind"": ""semantic_image_evidence"", ""record"": {""semantic_status"": ""image_comment_classified"", ""summary"": ""这图存在标注空间的不同,主要在左边的玻璃洗澡区域,gt是标玻璃外围,有些人是标玻璃里的墙角"", ""reason"": ""已逐条读原话：这图存在标注空间的不同,主要在左边的玻璃洗澡区域,gt是标玻璃外围,有些人是标玻璃里的墙角"", ""needs_user_review"": false, ""source"": ""C:/Users/ASUS/Downloads/全历史标注_定向补审_20260927(1).json#/image_decisions/uNb9QFRL6hY_76ba70b55bde4313939a4a0cd78a49d3"", ""tags"": [""scope""], ""classification_resolved"": true, ""gt_version_note"": """"}, ""source_object_id"": ""new_93_3592_6848_W001"", ""bundle_source"": ""analysis_results/research_input_20260929/preprocessed_source.json""}]",unflagged,unflagged_not_certified_normal,not_recorded,analysis_results/review_source_audit_20261004/corrected_inventory/input.json,not_recorded,,not_recorded,analysis_results/review_source_audit_20261004/corrected_inventory/input.json,,not_explicitly_resolved,False,"[""scope""]",,False,True,True,False,False,False,not_exhaustively_reviewed_for_scope_or_detail
uNb9QFRL6hY_84722e58b32f4646acc12614994f835b,uNb9QFRL6hY-43,uNb9QFRL6hY,G172,research_annotation_image,gt:uNb9QFRL6hY_84722e58b32f4646acc12614994f835b:data/mp3d_layout/test/label_cor/uNb9QFRL6hY_84722e58b32f4646acc12614994f835b.txt,data/mp3d_layout/test/label_cor/uNb9QFRL6hY_84722e58b32f4646acc12614994f835b.txt,gt_original,original_gt_reference,False,"[0, 1, 2, 3, 4, 5]",6,valid_camera_inside,False,0,[],[],cyclic_increasing,中等,中等,applicable,,,source_identified_no_new_semantic_review,[],"[{""evidence_kind"": ""semantic_image_evidence"", ""record"": {""semantic_status"": ""image_comment_classified"", ""summary"": ""这里gt也注意到了左侧墙面的变化,但是还是有很多标注者选择忽略,而且簇1标注中间4个点我没有理解是什么意思"", ""reason"": ""已逐条读原话：这里gt也注意到了左侧墙面的变化,但是还是有很多标注者选择忽略,而且簇1标注中间4个点我没有理解是什么意思"", ""needs_user_review"": false, ""source"": ""C:/Users/ASUS/Downloads/全历史标注_定向补审_20260927(1).json#/image_decisions/uNb9QFRL6hY_84722e58b32f4646acc12614994f835b"", ""tags"": [""detail""], ""classification_resolved"": true, ""gt_version_note"": """"}, ""source_object_id"": ""new_93_3593_6865_W001"", ""bundle_source"": ""analysis_results/research_input_20260929/preprocessed_source.json""}]",unflagged,unflagged_not_certified_normal,not_recorded,analysis_results/review_source_audit_20261004/corrected_inventory/input.json,not_recorded,,not_recorded,analysis_results/review_source_audit_20261004/corrected_inventory/input.json,,not_explicitly_resolved,False,"[""detail""]",,False,False,False,False,False,False,not_exhaustively_reviewed_for_scope_or_detail
uNb9QFRL6hY_85e7a14905bd44648061e3eb7f79cf13,uNb9QFRL6hY-44,uNb9QFRL6hY,G174,research_annotation_image,gt:uNb9QFRL6hY_85e7a14905bd44648061e3eb7f79cf13:data/mp3d_layout/test/label_cor/uNb9QFRL6hY_85e7a14905bd44648061e3eb7f79cf13.txt,data/mp3d_layout/test/label_cor/uNb9QFRL6hY_85e7a14905bd44648061e3eb7f79cf13.txt,gt_original,original_gt_reference,False,"[0, 1, 2, 3, 4, 5]",6,valid_camera_inside,True,1,[3],"[{""vertex_1based"": 3, ""status"": ""occluded_by_boundary"", ""blockers"": [{""edge_1based"": [4, 5], ""ray_fraction"": 0.6357858347990413, ""edge_fraction"": 0.17877760870926482, ""intersection_xy"": [0.5971922713204955, 2.250649227314938]}], ""contacts"": []}]",local_backtracking,困难,困难,applicable,,,source_identified_no_new_semantic_review,[],"[{""evidence_kind"": ""semantic_image_evidence"", ""record"": {""semantic_status"": ""image_comment_classified"", ""summary"": ""gt是标了门口台阶那块区域,严格按照曼哈顿世界约束来说是不需要标的."", ""reason"": ""已逐条读原话：gt是标了门口台阶那块区域,严格按照曼哈顿世界约束来说是不需要标的."", ""needs_user_review"": false, ""source"": ""C:/Users/ASUS/Downloads/全历史标注_定向补审_20260927(1).json#/image_decisions/uNb9QFRL6hY_85e7a14905bd44648061e3eb7f79cf13"", ""tags"": [""scope""], ""classification_resolved"": true, ""gt_version_note"": """"}, ""source_object_id"": ""02ff3128c678c453e095"", ""bundle_source"": ""analysis_results/research_input_20260929/preprocessed_source.json""}]",unflagged,unflagged_not_certified_normal,not_recorded,analysis_results/review_source_audit_20261004/corrected_inventory/input.json,not_recorded,,not_recorded,analysis_results/review_source_audit_20261004/corrected_inventory/input.json,,not_explicitly_resolved,False,"[""scope""]",,False,True,False,False,False,False,not_exhaustively_reviewed_for_scope_or_detail
uNb9QFRL6hY_8b6f1b0b025848b482e747ab6a027b97,uNb9QFRL6hY-45,uNb9QFRL6hY,G172,research_annotation_image,gt:uNb9QFRL6hY_8b6f1b0b025848b482e747ab6a027b97:data/mp3d_layout/test/label_cor/uNb9QFRL6hY_8b6f1b0b025848b482e747ab6a027b97.txt,data/mp3d_layout/test/label_cor/uNb9QFRL6hY_8b6f1b0b025848b482e747ab6a027b97.txt,gt_original,original_gt_reference,False,"[0, 1, 2, 3]",4,valid_camera_inside,False,0,[],[],cyclic_increasing,简单,简单,applicable,,,source_identified_no_new_semantic_review,[],"[{""evidence_kind"": ""semantic_image_evidence"", ""record"": {""semantic_status"": ""image_comment_classified"", ""summary"": ""gt是注意到了右侧 墙面的变化的,但是很多人还是对此忽略. 壁炉不太应该去标"", ""reason"": ""已逐条读原话：gt是注意到了右侧 墙面的变化的,但是很多人还是对此忽略. 壁炉不太应该去标"", ""needs_user_review"": false, ""source"": ""C:/Users/ASUS/Downloads/全历史标注_定向补审_20260927(1).json#/image_decisions/uNb9QFRL6hY_8b6f1b0b025848b482e747ab6a027b97"", ""tags"": [""detail""], ""classification_resolved"": true, ""gt_version_note"": """"}, ""source_object_id"": ""d6f4c71d3816fc9fef4a"", ""bundle_source"": ""analysis_results/research_input_20260929/preprocessed_source.json""}]",unflagged,unflagged_not_certified_normal,not_recorded,analysis_results/review_source_audit_20261004/corrected_inventory/input.json,not_recorded,,not_recorded,analysis_results/review_source_audit_20261004/corrected_inventory/input.json,,not_explicitly_resolved,False,"[""detail""]",,False,False,False,False,False,False,not_exhaustively_reviewed_for_scope_or_detail
uNb9QFRL6hY_978d7a8eb0794936bd8fd092306e1dc5,uNb9QFRL6hY-47,uNb9QFRL6hY,G197,research_annotation_image,gt:uNb9QFRL6hY_978d7a8eb0794936bd8fd092306e1dc5:data/mp3d_layout/test/label_cor/uNb9QFRL6hY_978d7a8eb0794936bd8fd092306e1dc5.txt,data/mp3d_layout/test/label_cor/uNb9QFRL6hY_978d7a8eb0794936bd8fd092306e1dc5.txt,gt_original,original_gt_reference,False,"[0, 1, 2, 3, 4, 5, 6, 7]",8,valid_camera_inside,False,0,[],[],cyclic_increasing,中等,中等,applicable,,,source_identified_no_new_semantic_review,[],"[{""evidence_kind"": ""image_traits_comment"", ""record"": {""comment"": ""这个理论上来说,标最小空间是最合适的,但是gt是标了完整的,而且大家也全都是标完整的区域的""}, ""source_object_id"": ""add487ea63e9bb01"", ""bundle_source"": ""analysis_results/research_input_20260929/preprocessed_source.json""}]",doorway_annotatable,special_or_pending_keep_source_status,not_recorded,analysis_results/review_source_audit_20261004/corrected_inventory/input.json,not_recorded,,annotatable,analysis_results/review_source_audit_20261004/corrected_inventory/input.json,analysis_results/review_source_audit_20261004/corrected_inventory/input.json,doorway_annotatable,False,[],,True,True,True,False,True,False,not_exhaustively_reviewed_for_scope_or_detail
uNb9QFRL6hY_9b675f28ab5f4345bf06ed5c77097426,uNb9QFRL6hY-48,uNb9QFRL6hY,G178,research_annotation_image,gt:uNb9QFRL6hY_9b675f28ab5f4345bf06ed5c77097426:data/mp3d_layout/test/label_cor/uNb9QFRL6hY_9b675f28ab5f4345bf06ed5c77097426.txt,data/mp3d_layout/test/label_cor/uNb9QFRL6hY_9b675f28ab5f4345bf06ed5c77097426.txt,gt_original,original_gt_reference,False,"[0, 1, 2, 3]",4,valid_camera_inside,False,0,[],[],cyclic_increasing,简单,简单,applicable,,,source_identified_no_new_semantic_review,[],"[{""evidence_kind"": ""semantic_image_evidence"", ""record"": {""semantic_status"": ""image_comment_classified"", ""summary"": ""这个房间的图片,理论上是存在不同的标注范围的,gt和大部分人把柜子当成墙角,还有人会标完全被遮挡的区域的墙角(簇3)"", ""reason"": ""已逐条读原话：这个房间的图片,理论上是存在不同的标注范围的,gt和大部分人把柜子当成墙角,还有人会标完全被遮挡的区域的墙角(簇3)"", ""needs_user_review"": false, ""source"": ""C:/Users/ASUS/Downloads/全历史标注_定向补审_20260927(1).json#/image_decisions/uNb9QFRL6hY_9b675f28ab5f4345bf06ed5c77097426"", ""tags"": [""scope""], ""classification_resolved"": true, ""gt_version_note"": """"}, ""source_object_id"": ""new_93_3594_6846_W001"", ""bundle_source"": ""analysis_results/research_input_20260929/preprocessed_source.json""}]",unflagged,unflagged_not_certified_normal,not_recorded,analysis_results/review_source_audit_20261004/corrected_inventory/input.json,not_recorded,,not_recorded,analysis_results/review_source_audit_20261004/corrected_inventory/input.json,,not_explicitly_resolved,False,"[""scope""]",,False,True,True,False,False,False,not_exhaustively_reviewed_for_scope_or_detail
uNb9QFRL6hY_9f199750b00c4f5484a546d79e06a0f8,uNb9QFRL6hY-50,uNb9QFRL6hY,G184,research_annotation_image,gt:uNb9QFRL6hY_9f199750b00c4f5484a546d79e06a0f8:data/mp3d_layout/test/label_cor/uNb9QFRL6hY_9f199750b00c4f5484a546d79e06a0f8.txt,data/mp3d_layout/test/label_cor/uNb9QFRL6hY_9f199750b00c4f5484a546d79e06a0f8.txt,gt_original,original_gt_reference,False,"[0, 1, 2, 3, 4, 5, 6, 7]",8,valid_camera_inside,True,2,"[3, 8]","[{""vertex_1based"": 3, ""status"": ""occluded_by_boundary"", ""blockers"": [{""edge_1based"": [4, 5], ""ray_fraction"": 0.60305195634325, ""edge_fraction"": 0.15333586968969695, ""intersection_xy"": [0.18203651070810273, 1.0591305070412542]}], ""contacts"": []}, {""vertex_1based"": 8, ""status"": ""occluded_by_boundary"", ""blockers"": [{""edge_1based"": [6, 7], ""ray_fraction"": 0.3274938295434948, ""edge_fraction"": 0.7580744427813549, ""intersection_xy"": [0.08819404572968649, -0.5169325020023505]}], ""contacts"": []}]",local_backtracking,困难,困难,applicable,,,source_identified_no_new_semantic_review,[],"[{""evidence_kind"": ""semantic_image_evidence"", ""record"": {""semantic_status"": ""image_comment_classified"", ""summary"": ""这图很难,存在不同的标法,主要还是在玻璃洗澡区域,这次gt是标注到了里面的墙角,有些人会标注外面的玻璃. 还有一个歧义点是,有些人会标注马桶所在的区域,还有遗漏完全被墙遮挡住的浴缸所在区域的墙角,还有梳妆台所在的地方的墙面变化也容易被简化/忽略"", ""reason"": ""已逐条读原话：这图很难,存在不同的标法,主要还是在玻璃洗澡区域,这次gt是标注到了里面的墙角,有些人会标注外面的玻璃. 还有一个歧义点是,有些人会标注马桶所在的区域,还有遗漏完全被墙遮挡住的浴缸所在区域的墙角,还有梳妆台所在的地方的墙面变化也容易被简化/忽略"", ""needs_user_review"": false, ""source"": ""C:/Users/ASUS/Downloads/全历史标注_定向补审_20260927(1).json#/image_decisions/uNb9QFRL6hY_9f199750b00c4f5484a546d79e06a0f8"", ""tags"": [""scope"", ""detail""], ""classification_resolved"": true, ""gt_version_note"": """"}, ""source_object_id"": ""f0749422e452eec8ab7d"", ""bundle_source"": ""analysis_results/research_input_20260929/preprocessed_source.json""}]",unflagged,unflagged_not_certified_normal,not_recorded,analysis_results/review_source_audit_20261004/corrected_inventory/input.json,not_recorded,,not_recorded,analysis_results/review_source_audit_20261004/corrected_inventory/input.json,,not_explicitly_resolved,False,"[""detail"", ""scope""]",,False,True,True,False,False,False,not_exhaustively_reviewed_for_scope_or_detail
uNb9QFRL6hY_a372582c11864f31a9dd174e4a0ae6ad,uNb9QFRL6hY-51,uNb9QFRL6hY,G183,research_annotation_image,gt:uNb9QFRL6hY_a372582c11864f31a9dd174e4a0ae6ad:data/mp3d_layout/test/label_cor/uNb9QFRL6hY_a372582c11864f31a9dd174e4a0ae6ad.txt,data/mp3d_layout/test/label_cor/uNb9QFRL6hY_a372582c11864f31a9dd174e4a0ae6ad.txt,gt_original,original_gt_reference,False,"[0, 1, 2, 3, 4, 5, 6, 7]",8,valid_camera_inside,True,2,"[3, 6]","[{""vertex_1based"": 3, ""status"": ""occluded_by_boundary"", ""blockers"": [{""edge_1based"": [1, 2], ""ray_fraction"": 0.3416012535623973, ""edge_fraction"": 0.7808080717449428, ""intersection_xy"": [-1.649013046911249, -0.058203902174876296]}], ""contacts"": []}, {""vertex_1based"": 6, ""status"": ""occluded_by_boundary"", ""blockers"": [{""edge_1based"": [7, 8], ""ray_fraction"": 0.6802317366193835, ""edge_fraction"": 0.11127014377076469, ""intersection_xy"": [1.3603373927337932, -0.12387521071518881]}], ""contacts"": []}]",local_backtracking,困难,困难,applicable,,,source_identified_no_new_semantic_review,[],"[{""evidence_kind"": ""semantic_image_evidence"", ""record"": {""semantic_status"": ""resolved_by_continuation_issue"", ""summary"": ""只标内侧空间,类似簇1"", ""reason"": ""只标内侧空间,类似簇1"", ""needs_user_review"": false, ""tags"": [""scope"", ""reference_error""], ""source"": ""evidence/continuation.json#/issue_decisions/uNb9QFRL6hY_a372582c11864f31a9dd174e4a0ae6ad:continue"", ""classification_resolved"": true, ""gt_version_note"": """"}, ""source_object_id"": ""793fbf24fd55bb3641aa"", ""bundle_source"": ""analysis_results/research_input_20260929/preprocessed_source.json""}, {""evidence_kind"": ""image_traits_comment"", ""record"": {""comment"": ""外面的玻璃区域是斜的,完全不能标,gt直接把点标在\""虚空\""里了,漂浮的点.  ""}, ""source_object_id"": ""793fbf24fd55bb3641aa"", ""bundle_source"": ""analysis_results/research_input_20260929/preprocessed_source.json""}]",unflagged,unflagged_not_certified_normal,not_recorded,analysis_results/review_source_audit_20261004/corrected_inventory/input.json,not_recorded,,not_recorded,analysis_results/review_source_audit_20261004/corrected_inventory/input.json,,not_explicitly_resolved,False,"[""reference_error"", ""scope""]",,False,True,True,True,False,False,not_exhaustively_reviewed_for_scope_or_detail
uNb9QFRL6hY_a38a8c6dced34d8bb18fb67165c099f2,uNb9QFRL6hY-52,uNb9QFRL6hY,G187,research_annotation_image,gt:uNb9QFRL6hY_a38a8c6dced34d8bb18fb67165c099f2:data/mp3d_layout/test/label_cor/uNb9QFRL6hY_a38a8c6dced34d8bb18fb67165c099f2.txt,data/mp3d_layout/test/label_cor/uNb9QFRL6hY_a38a8c6dced34d8bb18fb67165c099f2.txt,gt_original,original_gt_reference,False,"[0, 1, 2, 3, 4, 5, 6, 7]",8,valid_camera_inside,False,0,[],[],cyclic_increasing,中等,中等,applicable,,,source_identified_no_new_semantic_review,[],[],oos,special_or_pending_keep_source_status,confirmed,analysis_results/review_source_audit_20261004/corrected_inventory/input.json,subtype_not_resolved,,not_recorded,analysis_results/review_source_audit_20261004/corrected_inventory/input.json,,not_explicitly_resolved,False,[],,False,False,False,False,False,False,not_exhaustively_reviewed_for_scope_or_detail
uNb9QFRL6hY_a728d2eef41b449f82357899de802dd3,uNb9QFRL6hY-53,uNb9QFRL6hY,G172,research_annotation_image,gt:uNb9QFRL6hY_a728d2eef41b449f82357899de802dd3:data/mp3d_layout/test/label_cor/uNb9QFRL6hY_a728d2eef41b449f82357899de802dd3.txt,data/mp3d_layout/test/label_cor/uNb9QFRL6hY_a728d2eef41b449f82357899de802dd3.txt,gt_original,original_gt_reference,False,"[0, 1, 2, 3]",4,valid_camera_inside,False,0,[],[],cyclic_increasing,简单,简单,applicable,,,source_identified_no_new_semantic_review,[],"[{""evidence_kind"": ""semantic_image_evidence"", ""record"": {""semantic_status"": ""gt_detail_omission_not_global_error"", ""summary"": ""细节简化/遗漏属于同空间表达差异；可能与scope并存，不因这条评论阻断主分析。保留用户评价，不替其宣布GT完全错误。"", ""reason"": ""细节简化/遗漏属于同空间表达差异；可能与scope并存，不因这条评论阻断主分析。保留用户评价，不替其宣布GT完全错误。"", ""needs_user_review"": false, ""tags"": [""detail"", ""reference_omission""], ""source"": ""C:/Users/ASUS/Downloads/全历史标注_定向补审_20260927(1).json#/image_decisions/uNb9QFRL6hY_a728d2eef41b449f82357899de802dd3"", ""classification_resolved"": true, ""gt_version_note"": """"}, ""source_object_id"": ""new_93_3595_6851_W001"", ""bundle_source"": ""analysis_results/research_input_20260929/preprocessed_source.json""}]",unflagged,unflagged_not_certified_normal,not_recorded,analysis_results/review_source_audit_20261004/corrected_inventory/input.json,not_recorded,,not_recorded,analysis_results/review_source_audit_20261004/corrected_inventory/input.json,,not_explicitly_resolved,False,"[""detail"", ""reference_omission""]",,False,False,True,False,True,False,not_exhaustively_reviewed_for_scope_or_detail
uNb9QFRL6hY_a7ab19b1a9f044f0905592de1414e8b3,uNb9QFRL6hY-54,uNb9QFRL6hY,G192,research_annotation_image,gt:uNb9QFRL6hY_a7ab19b1a9f044f0905592de1414e8b3:data/mp3d_layout/test/label_cor/uNb9QFRL6hY_a7ab19b1a9f044f0905592de1414e8b3.txt,data/mp3d_layout/test/label_cor/uNb9QFRL6hY_a7ab19b1a9f044f0905592de1414e8b3.txt,gt_original,original_gt_reference,False,"[0, 1, 2, 3, 4, 5, 6, 7]",8,valid_camera_inside,False,0,[],[],cyclic_increasing,中等,中等,applicable,,,source_identified_no_new_semantic_review,[],"[{""evidence_kind"": ""semantic_image_evidence"", ""record"": {""semantic_status"": ""image_comment_classified"", ""summary"": ""gt是标了台阶里面空间的,严格来说不能这样,因为有台阶,头顶也是低一点的,标到那边就算oos了"", ""reason"": ""已逐条读原话：gt是标了台阶里面空间的,严格来说不能这样,因为有台阶,头顶也是低一点的,标到那边就算oos了"", ""needs_user_review"": false, ""source"": ""C:/Users/ASUS/Downloads/全历史标注_定向补审_20260927(1).json#/image_decisions/uNb9QFRL6hY_a7ab19b1a9f044f0905592de1414e8b3"", ""tags"": [""scope""], ""classification_resolved"": true, ""gt_version_note"": """"}, ""source_object_id"": ""3aa58d4d74ec42ed12a4"", ""bundle_source"": ""analysis_results/research_input_20260929/preprocessed_source.json""}]",unflagged,unflagged_not_certified_normal,not_recorded,analysis_results/review_source_audit_20261004/corrected_inventory/input.json,not_recorded,,not_recorded,analysis_results/review_source_audit_20261004/corrected_inventory/input.json,,not_explicitly_resolved,False,"[""scope""]",,False,True,False,False,False,False,not_exhaustively_reviewed_for_scope_or_detail
uNb9QFRL6hY_ab84a27288034713b2c24e41b31acc78,uNb9QFRL6hY-55,uNb9QFRL6hY,G179,research_annotation_image,gt:uNb9QFRL6hY_ab84a27288034713b2c24e41b31acc78:data/mp3d_layout/test/label_cor/uNb9QFRL6hY_ab84a27288034713b2c24e41b31acc78.txt,data/mp3d_layout/test/label_cor/uNb9QFRL6hY_ab84a27288034713b2c24e41b31acc78.txt,gt_original,original_gt_reference,False,"[0, 1, 2, 3, 4, 5]",6,valid_camera_inside,True,1,[4],"[{""vertex_1based"": 4, ""status"": ""occluded_by_boundary"", ""blockers"": [{""edge_1based"": [2, 3], ""ray_fraction"": 0.6204438542257541, ""edge_fraction"": 0.8771305953410039, ""intersection_xy"": [-0.41142921392002596, 2.4115135119257722]}], ""contacts"": []}]",local_backtracking,困难,困难,applicable,,,source_identified_no_new_semantic_review,[],[],unflagged,unflagged_not_certified_normal,not_recorded,analysis_results/review_source_audit_20261004/corrected_inventory/input.json,not_recorded,,not_recorded,analysis_results/review_source_audit_20261004/corrected_inventory/input.json,,not_explicitly_resolved,False,[],,False,False,True,False,False,False,not_exhaustively_reviewed_for_scope_or_detail
uNb9QFRL6hY_aed830f085ee4ad88ef6bed7f66f1359,uNb9QFRL6hY-56,uNb9QFRL6hY,,research_annotation_image,gt:uNb9QFRL6hY_aed830f085ee4ad88ef6bed7f66f1359:data/mp3d_layout/test/label_cor/uNb9QFRL6hY_aed830f085ee4ad88ef6bed7f66f1359.txt,data/mp3d_layout/test/label_cor/uNb9QFRL6hY_aed830f085ee4ad88ef6bed7f66f1359.txt,gt_original,original_gt_reference,False,"[0, 1, 2, 3]",4,valid_camera_inside,False,0,[],[],cyclic_increasing,简单,简单,applicable,,,source_identified_no_new_semantic_review,[],[],unflagged,unflagged_not_certified_normal,not_recorded,analysis_results/review_source_audit_20261004/corrected_inventory/input.json,not_recorded,,not_recorded,analysis_results/review_source_audit_20261004/corrected_inventory/input.json,,not_explicitly_resolved,False,[],,False,False,False,False,False,False,not_exhaustively_reviewed_for_scope_or_detail
uNb9QFRL6hY_b73ae36f994747e196380b1cb71cf407,uNb9QFRL6hY-58,uNb9QFRL6hY,G172,research_annotation_image,gt:uNb9QFRL6hY_b73ae36f994747e196380b1cb71cf407:data/mp3d_layout/test/label_cor/uNb9QFRL6hY_b73ae36f994747e196380b1cb71cf407.txt,data/mp3d_layout/test/label_cor/uNb9QFRL6hY_b73ae36f994747e196380b1cb71cf407.txt,gt_original,original_gt_reference,False,"[0, 1, 2, 3, 4, 5]",6,valid_camera_inside,False,0,[],[],cyclic_increasing,中等,中等,applicable,,,source_identified_no_new_semantic_review,[],[],unflagged,unflagged_not_certified_normal,not_recorded,analysis_results/review_source_audit_20261004/corrected_inventory/input.json,not_recorded,,not_recorded,analysis_results/review_source_audit_20261004/corrected_inventory/input.json,,not_explicitly_resolved,False,[],,False,False,False,False,False,False,not_exhaustively_reviewed_for_scope_or_detail
uNb9QFRL6hY_b98c9460586e4f138658181461df9f51,uNb9QFRL6hY-59,uNb9QFRL6hY,G184,research_annotation_image,gt:uNb9QFRL6hY_b98c9460586e4f138658181461df9f51:data/mp3d_layout/test/label_cor/uNb9QFRL6hY_b98c9460586e4f138658181461df9f51.txt,data/mp3d_layout/test/label_cor/uNb9QFRL6hY_b98c9460586e4f138658181461df9f51.txt,gt_original,original_gt_reference,False,"[0, 1, 2, 3, 4, 5, 6, 7, 8, 9]",10,valid_camera_inside,False,0,[],[],cyclic_increasing,中等,中等,applicable,,,source_identified_no_new_semantic_review,[],"[{""evidence_kind"": ""semantic_image_evidence"", ""record"": {""semantic_status"": ""image_comment_classified"", ""summary"": ""存在不同的标注范围,主要是中间偏左的玻璃洗澡区域,gt是标玻璃外侧,有些人是标玻璃里面的墙角的"", ""reason"": ""已逐条读原话：存在不同的标注范围,主要是中间偏左的玻璃洗澡区域,gt是标玻璃外侧,有些人是标玻璃里面的墙角的"", ""needs_user_review"": false, ""source"": ""C:/Users/ASUS/Downloads/全历史标注_定向补审_20260927(1).json#/image_decisions/uNb9QFRL6hY_b98c9460586e4f138658181461df9f51"", ""tags"": [""scope""], ""classification_resolved"": true, ""gt_version_note"": """"}, ""source_object_id"": ""new_93_3598_6850_W001"", ""bundle_source"": ""analysis_results/research_input_20260929/preprocessed_source.json""}]",unflagged,unflagged_not_certified_normal,not_recorded,analysis_results/review_source_audit_20261004/corrected_inventory/input.json,not_recorded,,not_recorded,analysis_results/review_source_audit_20261004/corrected_inventory/input.json,,not_explicitly_resolved,False,"[""scope""]",,False,True,True,False,False,False,not_exhaustively_reviewed_for_scope_or_detail
uNb9QFRL6hY_ba24e5a57ef34c6dbc0458ed4c1e701d,uNb9QFRL6hY-60,uNb9QFRL6hY,G184,research_annotation_image,gt:uNb9QFRL6hY_ba24e5a57ef34c6dbc0458ed4c1e701d:data/mp3d_layout/test/label_cor/uNb9QFRL6hY_ba24e5a57ef34c6dbc0458ed4c1e701d.txt,data/mp3d_layout/test/label_cor/uNb9QFRL6hY_ba24e5a57ef34c6dbc0458ed4c1e701d.txt,gt_original,original_gt_reference,False,"[0, 1, 2, 3, 4, 5, 6, 7, 8, 9]",10,valid_camera_inside,True,1,[7],"[{""vertex_1based"": 7, ""status"": ""occluded_by_boundary"", ""blockers"": [{""edge_1based"": [8, 9], ""ray_fraction"": 0.1352086712042182, ""edge_fraction"": 0.1966821394157437, ""intersection_xy"": [0.019406766552976563, 0.16811928392914632]}], ""contacts"": []}]",local_backtracking,困难,困难,applicable,,,source_identified_no_new_semantic_review,[],"[{""evidence_kind"": ""semantic_image_evidence"", ""record"": {""semantic_status"": ""image_comment_classified"", ""summary"": ""这图较难,图片左右两边连着的其实是玻璃洗澡区域,很多人都忽略了,存在不同的标注范围"", ""reason"": ""已逐条读原话：这图较难,图片左右两边连着的其实是玻璃洗澡区域,很多人都忽略了,存在不同的标注范围"", ""needs_user_review"": false, ""source"": ""C:/Users/ASUS/Downloads/全历史标注_定向补审_20260927(1).json#/image_decisions/uNb9QFRL6hY_ba24e5a57ef34c6dbc0458ed4c1e701d"", ""tags"": [""scope"", ""detail""], ""classification_resolved"": true, ""gt_version_note"": """"}, ""source_object_id"": ""0306cba337eb984110ee"", ""bundle_source"": ""analysis_results/research_input_20260929/preprocessed_source.json""}]",unflagged,unflagged_not_certified_normal,not_recorded,analysis_results/review_source_audit_20261004/corrected_inventory/input.json,not_recorded,,not_recorded,analysis_results/review_source_audit_20261004/corrected_inventory/input.json,,not_explicitly_resolved,False,"[""detail"", ""scope""]",,True,True,True,False,False,False,not_exhaustively_reviewed_for_scope_or_detail
uNb9QFRL6hY_bcce4f23c12744c782c0b49b24a0331a,uNb9QFRL6hY-63,uNb9QFRL6hY,G180,research_annotation_image,gt:uNb9QFRL6hY_bcce4f23c12744c782c0b49b24a0331a:data/mp3d_layout/test/label_cor/uNb9QFRL6hY_bcce4f23c12744c782c0b49b24a0331a.txt,data/mp3d_layout/test/label_cor/uNb9QFRL6hY_bcce4f23c12744c782c0b49b24a0331a.txt,gt_original,original_gt_reference,False,"[0, 1, 2, 3]",4,valid_camera_inside,False,0,[],[],cyclic_increasing,简单,简单,applicable,,,source_identified_no_new_semantic_review,[],"[{""evidence_kind"": ""semantic_image_evidence"", ""record"": {""semantic_status"": ""image_comment_classified"", ""summary"": ""这图是有人标到房间里了"", ""reason"": ""已逐条读原话：这图是有人标到房间里了"", ""needs_user_review"": false, ""source"": ""C:/Users/ASUS/Downloads/全历史标注_定向补审_20260927(1).json#/image_decisions/uNb9QFRL6hY_bcce4f23c12744c782c0b49b24a0331a"", ""tags"": [""scope""], ""classification_resolved"": true, ""gt_version_note"": """"}, ""source_object_id"": ""285a5ac1de5efeac"", ""bundle_source"": ""analysis_results/research_input_20260929/preprocessed_source.json""}]",oos,special_or_pending_keep_source_status,confirmed,analysis_results/difficulty_full_20261007/updated/human_review.json,subtype_not_resolved,,none,analysis_results/difficulty_full_20261007/updated/human_review.json,,not_explicitly_resolved,False,"[""scope""]",,False,True,True,False,False,False,not_exhaustively_reviewed_for_scope_or_detail
uNb9QFRL6hY_c1ebb8b34eb846ba9b5ce23b30b299a7,uNb9QFRL6hY-65,uNb9QFRL6hY,G179,research_annotation_image,gt:uNb9QFRL6hY_c1ebb8b34eb846ba9b5ce23b30b299a7:data/mp3d_layout/test/label_cor/uNb9QFRL6hY_c1ebb8b34eb846ba9b5ce23b30b299a7.txt,data/mp3d_layout/test/label_cor/uNb9QFRL6hY_c1ebb8b34eb846ba9b5ce23b30b299a7.txt,gt_original,original_gt_reference,False,"[0, 1, 2, 3, 4, 5]",6,valid_camera_inside,True,1,[4],"[{""vertex_1based"": 4, ""status"": ""occluded_by_boundary"", ""blockers"": [{""edge_1based"": [2, 3], ""ray_fraction"": 0.4797798048596208, ""edge_fraction"": 0.9734295824299888, ""intersection_xy"": [-0.04686813634830247, 1.231392493921081]}], ""contacts"": []}]",local_backtracking,困难,困难,applicable,,,source_identified_no_new_semantic_review,[],"[{""evidence_kind"": ""semantic_image_evidence"", ""record"": {""semantic_status"": ""image_comment_classified"", ""summary"": ""有些人会把门口的区域标注上,比如簇3"", ""reason"": ""已逐条读原话：有些人会把门口的区域标注上,比如簇3"", ""needs_user_review"": false, ""source"": ""C:/Users/ASUS/Downloads/全历史标注_定向补审_20260927(1).json#/image_decisions/uNb9QFRL6hY_c1ebb8b34eb846ba9b5ce23b30b299a7"", ""tags"": [""scope""], ""classification_resolved"": true, ""gt_version_note"": """"}, ""source_object_id"": ""2cb4cd43495e4462"", ""bundle_source"": ""analysis_results/research_input_20260929/preprocessed_source.json""}]",unflagged,unflagged_not_certified_normal,not_recorded,analysis_results/review_source_audit_20261004/corrected_inventory/input.json,not_recorded,,not_recorded,analysis_results/review_source_audit_20261004/corrected_inventory/input.json,,not_explicitly_resolved,False,"[""scope""]",,False,True,False,False,False,False,not_exhaustively_reviewed_for_scope_or_detail
uNb9QFRL6hY_c6410f47ad754d6cbd890ba7dff8b449,uNb9QFRL6hY-66,uNb9QFRL6hY,G184,research_annotation_image,gt:uNb9QFRL6hY_c6410f47ad754d6cbd890ba7dff8b449:data/mp3d_layout/test/label_cor/uNb9QFRL6hY_c6410f47ad754d6cbd890ba7dff8b449.txt,data/mp3d_layout/test/label_cor/uNb9QFRL6hY_c6410f47ad754d6cbd890ba7dff8b449.txt,gt_original,original_gt_reference,False,"[0, 1, 2, 3, 4, 5, 6, 7, 8, 9]",10,valid_camera_inside,True,1,[5],"[{""vertex_1based"": 5, ""status"": ""occluded_by_boundary"", ""blockers"": [{""edge_1based"": [6, 7], ""ray_fraction"": 0.2851231728081759, ""edge_fraction"": 0.018164143707810096, ""intersection_xy"": [0.008381867318936679, 0.3205917519769818]}], ""contacts"": []}]",local_backtracking,困难,困难,applicable,,,source_identified_no_new_semantic_review,[],"[{""evidence_kind"": ""semantic_image_evidence"", ""record"": {""semantic_status"": ""image_comment_classified"", ""summary"": ""存在不同的标注范围,gt是标了玻璃洗澡区域的外侧,有些会标注里面的墙角"", ""reason"": ""已逐条读原话：存在不同的标注范围,gt是标了玻璃洗澡区域的外侧,有些会标注里面的墙角"", ""needs_user_review"": false, ""source"": ""C:/Users/ASUS/Downloads/全历史标注_定向补审_20260927(1).json#/image_decisions/uNb9QFRL6hY_c6410f47ad754d6cbd890ba7dff8b449"", ""tags"": [""scope""], ""classification_resolved"": true, ""gt_version_note"": """"}, ""source_object_id"": ""new_93_3599_6862_W001"", ""bundle_source"": ""analysis_results/research_input_20260929/preprocessed_source.json""}]",unflagged,unflagged_not_certified_normal,not_recorded,analysis_results/review_source_audit_20261004/corrected_inventory/input.json,not_recorded,,not_recorded,analysis_results/review_source_audit_20261004/corrected_inventory/input.json,,not_explicitly_resolved,False,"[""scope""]",,False,True,True,False,False,False,not_exhaustively_reviewed_for_scope_or_detail
uNb9QFRL6hY_ca08ebfb2da647f68db41630637e400b,uNb9QFRL6hY-67,uNb9QFRL6hY,G184,research_annotation_image,gt:uNb9QFRL6hY_ca08ebfb2da647f68db41630637e400b:data/mp3d_layout/test/label_cor/uNb9QFRL6hY_ca08ebfb2da647f68db41630637e400b.txt,data/mp3d_layout/test/label_cor/uNb9QFRL6hY_ca08ebfb2da647f68db41630637e400b.txt,gt_original,original_gt_reference,False,"[0, 1, 2, 3, 4, 5, 6, 7, 8, 9]",10,valid_camera_inside,True,2,"[4, 8]","[{""vertex_1based"": 4, ""status"": ""occluded_by_boundary"", ""blockers"": [{""edge_1based"": [2, 3], ""ray_fraction"": 0.15901659867064696, ""edge_fraction"": 0.8809788617991164, ""intersection_xy"": [-0.01361546944985346, 0.4130676768648975]}], ""contacts"": []}, {""vertex_1based"": 8, ""status"": ""occluded_by_boundary"", ""blockers"": [{""edge_1based"": [9, 10], ""ray_fraction"": 0.720051854174861, ""edge_fraction"": 0.1598339470702693, ""intersection_xy"": [-2.2809410123756244, 0.46244347376132544]}], ""contacts"": []}]",local_backtracking,困难,困难,applicable,,,source_identified_no_new_semantic_review,[],"[{""evidence_kind"": ""semantic_image_evidence"", ""record"": {""semantic_status"": ""image_comment_classified"", ""summary"": ""存在不同的标注范围,相机是在玻璃洗澡区域的里面拍摄的,大部分人只标了这个玻璃区域,gt和小部分人是吧洗澡区域外的房间给标了"", ""reason"": ""已逐条读原话：存在不同的标注范围,相机是在玻璃洗澡区域的里面拍摄的,大部分人只标了这个玻璃区域,gt和小部分人是吧洗澡区域外的房间给标了"", ""needs_user_review"": false, ""source"": ""C:/Users/ASUS/Downloads/全历史标注_定向补审_20260927(1).json#/image_decisions/uNb9QFRL6hY_ca08ebfb2da647f68db41630637e400b"", ""tags"": [""scope""], ""classification_resolved"": true, ""gt_version_note"": """"}, ""source_object_id"": ""new_93_3600_7376_W002"", ""bundle_source"": ""analysis_results/research_input_20260929/preprocessed_source.json""}]",unflagged,unflagged_not_certified_normal,not_recorded,analysis_results/review_source_audit_20261004/corrected_inventory/input.json,not_recorded,,not_recorded,analysis_results/review_source_audit_20261004/corrected_inventory/input.json,,not_explicitly_resolved,False,"[""scope""]",,True,True,True,False,False,False,not_exhaustively_reviewed_for_scope_or_detail
uNb9QFRL6hY_cdca0a1a2fc343bb94bacdc3045b2d8d,uNb9QFRL6hY-68,uNb9QFRL6hY,G179,research_annotation_image,gt:uNb9QFRL6hY_cdca0a1a2fc343bb94bacdc3045b2d8d:data/mp3d_layout/test/label_cor/uNb9QFRL6hY_cdca0a1a2fc343bb94bacdc3045b2d8d.txt,data/mp3d_layout/test/label_cor/uNb9QFRL6hY_cdca0a1a2fc343bb94bacdc3045b2d8d.txt,gt_original,original_gt_reference,False,"[0, 1, 2, 3, 4, 5]",6,valid_camera_inside,True,1,[4],"[{""vertex_1based"": 4, ""status"": ""occluded_by_boundary"", ""blockers"": [{""edge_1based"": [2, 3], ""ray_fraction"": 0.49478625332809495, ""edge_fraction"": 0.9744178751008337, ""intersection_xy"": [-0.049337405689616975, 1.3692111840020118]}], ""contacts"": []}]",local_backtracking,困难,困难,applicable,,,source_identified_no_new_semantic_review,[],"[{""evidence_kind"": ""semantic_image_evidence"", ""record"": {""semantic_status"": ""image_comment_classified"", ""summary"": ""存在不同的标注范围,gt是标了门口的区域, 很多人是选择不标这个区域(我觉得更好)"", ""reason"": ""已逐条读原话：存在不同的标注范围,gt是标了门口的区域, 很多人是选择不标这个区域(我觉得更好)"", ""needs_user_review"": false, ""source"": ""C:/Users/ASUS/Downloads/全历史标注_定向补审_20260927(1).json#/image_decisions/uNb9QFRL6hY_cdca0a1a2fc343bb94bacdc3045b2d8d"", ""tags"": [""scope""], ""classification_resolved"": true, ""gt_version_note"": """"}, ""source_object_id"": ""8024c676ff7c3f775432"", ""bundle_source"": ""analysis_results/research_input_20260929/preprocessed_source.json""}]",unflagged,unflagged_not_certified_normal,not_recorded,analysis_results/review_source_audit_20261004/corrected_inventory/input.json,not_recorded,,not_recorded,analysis_results/review_source_audit_20261004/corrected_inventory/input.json,,not_explicitly_resolved,False,"[""scope""]",,False,True,True,False,False,False,not_exhaustively_reviewed_for_scope_or_detail
uNb9QFRL6hY_ce88ee8b7ee84fca92c13ab16599d90e,uNb9QFRL6hY-69,uNb9QFRL6hY,,research_annotation_image,gt:uNb9QFRL6hY_ce88ee8b7ee84fca92c13ab16599d90e:data/mp3d_layout/test/label_cor/uNb9QFRL6hY_ce88ee8b7ee84fca92c13ab16599d90e.txt,data/mp3d_layout/test/label_cor/uNb9QFRL6hY_ce88ee8b7ee84fca92c13ab16599d90e.txt,gt_original,original_gt_reference,False,"[0, 1, 2, 3, 4, 5]",6,valid_camera_inside,True,2,"[1, 2]","[{""vertex_1based"": 1, ""status"": ""occluded_by_boundary"", ""blockers"": [{""edge_1based"": [3, 4], ""ray_fraction"": 0.4744320601325666, ""edge_fraction"": 0.013434629984491459, ""intersection_xy"": [0.33062946513272234, -0.7991808517027469]}, {""edge_1based"": [2, 3], ""ray_fraction"": 0.4938791444019523, ""edge_fraction"": 0.9630022060498448, ""intersection_xy"": [0.3441820464413745, -0.8319394670568611]}], ""contacts"": []}, {""vertex_1based"": 2, ""status"": ""occluded_by_boundary"", ""blockers"": [{""edge_1based"": [3, 4], ""ray_fraction"": 0.4744034669852089, ""edge_fraction"": 0.17932646705253616, ""intersection_xy"": [0.3306312661043638, -0.394658985609523]}], ""contacts"": []}]",local_backtracking,困难,困难,applicable,,,source_identified_no_new_semantic_review,[],[],oos,special_or_pending_keep_source_status,confirmed,analysis_results/review_source_audit_20261004/corrected_inventory/input.json,subtype_not_resolved,,not_recorded,analysis_results/review_source_audit_20261004/corrected_inventory/input.json,,not_explicitly_resolved,False,[],,False,False,True,False,False,False,not_exhaustively_reviewed_for_scope_or_detail
uNb9QFRL6hY_d02f87bbb0414146a7a15070110a0384,uNb9QFRL6hY-70,uNb9QFRL6hY,G200,research_annotation_image,gt:uNb9QFRL6hY_d02f87bbb0414146a7a15070110a0384:data/mp3d_layout/test/label_cor/uNb9QFRL6hY_d02f87bbb0414146a7a15070110a0384.txt,data/mp3d_layout/test/label_cor/uNb9QFRL6hY_d02f87bbb0414146a7a15070110a0384.txt,gt_original,original_gt_reference,False,"[0, 1, 2, 3]",4,valid_camera_inside,False,0,[],[],cyclic_increasing,简单,简单,applicable,,,source_identified_no_new_semantic_review,[],[],unflagged,unflagged_not_certified_normal,not_recorded,analysis_results/review_source_audit_20261004/corrected_inventory/input.json,not_recorded,,not_recorded,analysis_results/review_source_audit_20261004/corrected_inventory/input.json,,not_explicitly_resolved,False,[],,False,False,True,False,False,False,not_exhaustively_reviewed_for_scope_or_detail
uNb9QFRL6hY_d5c47aa99b274a67b305aa601234f1f1,uNb9QFRL6hY-72,uNb9QFRL6hY,G178,research_annotation_image,gt:uNb9QFRL6hY_d5c47aa99b274a67b305aa601234f1f1:data/mp3d_layout/test/label_cor/uNb9QFRL6hY_d5c47aa99b274a67b305aa601234f1f1.txt,data/mp3d_layout/test/label_cor/uNb9QFRL6hY_d5c47aa99b274a67b305aa601234f1f1.txt,gt_original,original_gt_reference,False,"[0, 1, 2, 3]",4,valid_camera_inside,False,0,[],[],cyclic_increasing,简单,简单,applicable,,,source_identified_no_new_semantic_review,[],"[{""evidence_kind"": ""semantic_image_evidence"", ""record"": {""semantic_status"": ""image_comment_classified"", ""summary"": ""我记得同房间这图,我是写了有不同的标注范围的,就是说是否把柜子当做墙角去停止"", ""reason"": ""已逐条读原话：我记得同房间这图,我是写了有不同的标注范围的,就是说是否把柜子当做墙角去停止"", ""needs_user_review"": false, ""source"": ""C:/Users/ASUS/Downloads/全历史标注_定向补审_20260927(1).json#/image_decisions/uNb9QFRL6hY_d5c47aa99b274a67b305aa601234f1f1"", ""tags"": [""scope""], ""classification_resolved"": true, ""gt_version_note"": """"}, ""source_object_id"": ""new_93_3602_6871_W001"", ""bundle_source"": ""analysis_results/research_input_20260929/preprocessed_source.json""}]",unflagged,unflagged_not_certified_normal,not_recorded,analysis_results/review_source_audit_20261004/corrected_inventory/input.json,not_recorded,,not_recorded,analysis_results/review_source_audit_20261004/corrected_inventory/input.json,,not_explicitly_resolved,False,"[""scope""]",,False,True,True,False,False,False,not_exhaustively_reviewed_for_scope_or_detail
uNb9QFRL6hY_e0b8950793b447bd8b9f916e98e849d1,uNb9QFRL6hY-78,uNb9QFRL6hY,G178,research_annotation_image,gt:uNb9QFRL6hY_e0b8950793b447bd8b9f916e98e849d1:data/mp3d_layout/test/label_cor/uNb9QFRL6hY_e0b8950793b447bd8b9f916e98e849d1.txt,data/mp3d_layout/test/label_cor/uNb9QFRL6hY_e0b8950793b447bd8b9f916e98e849d1.txt,gt_original,original_gt_reference,False,"[0, 1, 2, 3]",4,valid_camera_inside,False,0,[],[],cyclic_increasing,简单,简单,applicable,,,source_identified_no_new_semantic_review,[],"[{""evidence_kind"": ""semantic_image_evidence"", ""record"": {""semantic_status"": ""image_comment_classified"", ""summary"": ""同图,是否把柜子当做墙角去停止"", ""reason"": ""已逐条读原话：同图,是否把柜子当做墙角去停止"", ""needs_user_review"": false, ""source"": ""C:/Users/ASUS/Downloads/全历史标注_定向补审_20260927(1).json#/image_decisions/uNb9QFRL6hY_e0b8950793b447bd8b9f916e98e849d1"", ""tags"": [""scope""], ""classification_resolved"": true, ""gt_version_note"": """"}, ""source_object_id"": ""new_93_3603_7382_W002"", ""bundle_source"": ""analysis_results/research_input_20260929/preprocessed_source.json""}]",unflagged,unflagged_not_certified_normal,not_recorded,analysis_results/review_source_audit_20261004/corrected_inventory/input.json,not_recorded,,not_recorded,analysis_results/review_source_audit_20261004/corrected_inventory/input.json,,not_explicitly_resolved,False,"[""scope""]",,False,True,True,False,False,False,not_exhaustively_reviewed_for_scope_or_detail
uNb9QFRL6hY_e24473d2b8a24568b89c1c4c2a4a9bf1,uNb9QFRL6hY-79,uNb9QFRL6hY,G178,research_annotation_image,gt:uNb9QFRL6hY_e24473d2b8a24568b89c1c4c2a4a9bf1:data/mp3d_layout/test/label_cor/uNb9QFRL6hY_e24473d2b8a24568b89c1c4c2a4a9bf1.txt,data/mp3d_layout/test/label_cor/uNb9QFRL6hY_e24473d2b8a24568b89c1c4c2a4a9bf1.txt,gt_original,original_gt_reference,False,"[0, 1, 2, 3]",4,valid_camera_inside,False,0,[],[],cyclic_increasing,简单,简单,applicable,,,source_identified_no_new_semantic_review,[],"[{""evidence_kind"": ""semantic_image_evidence"", ""record"": {""semantic_status"": ""image_comment_classified"", ""summary"": ""同图,是否把柜子当做墙角去停止"", ""reason"": ""已逐条读原话：同图,是否把柜子当做墙角去停止"", ""needs_user_review"": false, ""source"": ""C:/Users/ASUS/Downloads/全历史标注_定向补审_20260927(1).json#/image_decisions/uNb9QFRL6hY_e24473d2b8a24568b89c1c4c2a4a9bf1"", ""tags"": [""scope""], ""classification_resolved"": true, ""gt_version_note"": """"}, ""source_object_id"": ""new_93_3604_7492_W001"", ""bundle_source"": ""analysis_results/research_input_20260929/preprocessed_source.json""}]",unflagged,unflagged_not_certified_normal,not_recorded,analysis_results/review_source_audit_20261004/corrected_inventory/input.json,not_recorded,,not_recorded,analysis_results/review_source_audit_20261004/corrected_inventory/input.json,,not_explicitly_resolved,False,"[""scope""]",,False,True,True,False,False,False,not_exhaustively_reviewed_for_scope_or_detail
uNb9QFRL6hY_e8fcf8c5bd324655a25186117151ccbd,uNb9QFRL6hY-81,uNb9QFRL6hY,G179,research_annotation_image,gt:uNb9QFRL6hY_e8fcf8c5bd324655a25186117151ccbd:data/mp3d_layout/test/label_cor/uNb9QFRL6hY_e8fcf8c5bd324655a25186117151ccbd.txt,data/mp3d_layout/test/label_cor/uNb9QFRL6hY_e8fcf8c5bd324655a25186117151ccbd.txt,gt_original,original_gt_reference,False,"[0, 1, 2, 3, 4, 5]",6,valid_camera_inside,True,1,[4],"[{""vertex_1based"": 4, ""status"": ""occluded_by_boundary"", ""blockers"": [{""edge_1based"": [2, 3], ""ray_fraction"": 0.7260718526732421, ""edge_fraction"": 0.7853086508586307, ""intersection_xy"": [-1.1839329837877564, 2.4752582456953327]}], ""contacts"": []}]",local_backtracking,困难,困难,applicable,,,source_identified_no_new_semantic_review,[],"[{""evidence_kind"": ""semantic_image_evidence"", ""record"": {""semantic_status"": ""image_comment_classified"", ""summary"": ""存在不同的标注范围,gt是标了门口的区域,标注者大部分都没标"", ""reason"": ""已逐条读原话：存在不同的标注范围,gt是标了门口的区域,标注者大部分都没标"", ""needs_user_review"": false, ""source"": ""C:/Users/ASUS/Downloads/全历史标注_定向补审_20260927(1).json#/image_decisions/uNb9QFRL6hY_e8fcf8c5bd324655a25186117151ccbd"", ""tags"": [""scope""], ""classification_resolved"": true, ""gt_version_note"": """"}, ""source_object_id"": ""new_93_3605_7363_W002"", ""bundle_source"": ""analysis_results/research_input_20260929/preprocessed_source.json""}]",unflagged,unflagged_not_certified_normal,not_recorded,analysis_results/review_source_audit_20261004/corrected_inventory/input.json,not_recorded,,not_recorded,analysis_results/review_source_audit_20261004/corrected_inventory/input.json,,not_explicitly_resolved,False,"[""scope""]",,False,True,True,False,False,False,not_exhaustively_reviewed_for_scope_or_detail
uNb9QFRL6hY_f4eb9862530a4f909b46f51d1887d05f,uNb9QFRL6hY-82,uNb9QFRL6hY,G196,research_annotation_image,gt:uNb9QFRL6hY_f4eb9862530a4f909b46f51d1887d05f:data/mp3d_layout/test/label_cor/uNb9QFRL6hY_f4eb9862530a4f909b46f51d1887d05f.txt,data/mp3d_layout/test/label_cor/uNb9QFRL6hY_f4eb9862530a4f909b46f51d1887d05f.txt,gt_original,original_gt_reference,False,"[0, 1, 2, 3]",4,valid_camera_inside,False,0,[],[],cyclic_increasing,简单,简单,applicable,,,source_identified_no_new_semantic_review,[],"[{""evidence_kind"": ""semantic_image_evidence"", ""record"": {""semantic_status"": ""resolved_by_coverage_followup"", ""summary"": """", ""reason"": ""最新图片补审明确选项"", ""needs_user_review"": false, ""classification_resolved"": true, ""tags"": [], ""source"": ""evidence/coverage.json#/decisions/uNb9QFRL6hY_f4eb9862530a4f909b46f51d1887d05f"", ""gt_version_note"": ""当前查看来源为原始Matterport标签：data/mp3d_layout/test/label_cor/uNb9QFRL6hY_f4eb9862530a4f909b46f51d1887d05f.txt""}, ""source_object_id"": ""be6e1ce12bbf6a8518ab"", ""bundle_source"": ""analysis_results/research_input_20260929/preprocessed_source.json""}, {""evidence_kind"": ""coverage_review"", ""record"": {""source"": ""evidence/coverage.json#/decisions/uNb9QFRL6hY_f4eb9862530a4f909b46f51d1887d05f"", ""raw_record"": {""status"": ""resolved"", ""oos"": ""in_scope"", ""doorway"": ""none"", ""tags"": [], ""comment"": """", ""view_context"": {""annotation_id"": ""1a1c2c31064afdc74f07"", ""gt"": ""gt_revised"", ""gt_source"": ""data/mp3d_layout/test/label_cor/uNb9QFRL6hY_f4eb9862530a4f909b46f51d1887d05f.txt"", ""all_workers"": true}, ""updated_at"": ""2026-09-28T06:17:23.277Z""}, ""effective_tags"": [], ""user_clarification"": """"}, ""source_object_id"": ""be6e1ce12bbf6a8518ab"", ""bundle_source"": ""analysis_results/research_input_20260929/preprocessed_source.json""}]",clear,explicit_not_oos_and_no_doorway,not_oos,analysis_results/review_source_audit_20261004/corrected_inventory/input.json,not_oos,,none,analysis_results/review_source_audit_20261004/corrected_inventory/input.json,,not_explicitly_resolved,False,[],,False,False,False,False,False,False,not_exhaustively_reviewed_for_scope_or_detail
uNb9QFRL6hY_f7944295a76541b186e6a557ebdbba14,uNb9QFRL6hY-83,uNb9QFRL6hY,G189,research_annotation_image,gt:uNb9QFRL6hY_f7944295a76541b186e6a557ebdbba14:data/mp3d_layout/test/label_cor/uNb9QFRL6hY_f7944295a76541b186e6a557ebdbba14.txt,data/mp3d_layout/test/label_cor/uNb9QFRL6hY_f7944295a76541b186e6a557ebdbba14.txt,gt_original,original_gt_reference,False,"[0, 1, 2, 3, 4, 5, 6, 7]",8,valid_camera_inside,True,1,[3],"[{""vertex_1based"": 3, ""status"": ""occluded_by_boundary"", ""blockers"": [{""edge_1based"": [1, 2], ""ray_fraction"": 0.10837112663510999, ""edge_fraction"": 0.9694394928311045, ""intersection_xy"": [0.312680536275681, 0.0036646627275979497]}], ""contacts"": []}]",local_backtracking,困难,困难,applicable,,,source_identified_no_new_semantic_review,[],[],doorway_difficult,special_or_pending_keep_source_status,not_recorded,analysis_results/review_source_audit_20261004/corrected_inventory/input.json,not_recorded,,difficult,analysis_results/review_source_audit_20261004/corrected_inventory/input.json,analysis_results/review_source_audit_20261004/corrected_inventory/input.json,not_explicitly_resolved,False,[],,False,False,False,False,False,False,not_exhaustively_reviewed_for_scope_or_detail
uNb9QFRL6hY_fd10460fd2bc4c52af84e36e89357269,uNb9QFRL6hY-86,uNb9QFRL6hY,G179,research_annotation_image,gt:uNb9QFRL6hY_fd10460fd2bc4c52af84e36e89357269:data/mp3d_layout/test/label_cor/uNb9QFRL6hY_fd10460fd2bc4c52af84e36e89357269.txt,data/mp3d_layout/test/label_cor/uNb9QFRL6hY_fd10460fd2bc4c52af84e36e89357269.txt,gt_original,original_gt_reference,False,"[0, 1, 2, 3, 4, 5]",6,valid_camera_inside,True,2,"[3, 4]","[{""vertex_1based"": 3, ""status"": ""occluded_by_boundary"", ""blockers"": [{""edge_1based"": [1, 2], ""ray_fraction"": 0.4503652468434734, ""edge_fraction"": 0.8109375849862496, ""intersection_xy"": [0.411135220082288, 0.3271507264080403]}], ""contacts"": []}, {""vertex_1based"": 4, ""status"": ""occluded_by_boundary"", ""blockers"": [{""edge_1based"": [1, 2], ""ray_fraction"": 0.4503559986090176, ""edge_fraction"": 0.9146715451429382, ""intersection_xy"": [0.411132445774801, 0.5462495170240309]}, {""edge_1based"": [2, 3], ""ray_fraction"": 0.5989282314250358, ""edge_fraction"": 0.27031639275167524, ""intersection_xy"": [0.5467648468986565, 0.7264569766106629]}], ""contacts"": []}]",local_backtracking,困难,困难,applicable,,,source_identified_no_new_semantic_review,[],"[{""evidence_kind"": ""semantic_image_evidence"", ""record"": {""semantic_status"": ""image_comment_classified"", ""summary"": ""存在不同的标注区域,gt是把门口的区域标了"", ""reason"": ""已逐条读原话：存在不同的标注区域,gt是把门口的区域标了"", ""needs_user_review"": false, ""source"": ""C:/Users/ASUS/Downloads/全历史标注_定向补审_20260927(1).json#/image_decisions/uNb9QFRL6hY_fd10460fd2bc4c52af84e36e89357269"", ""tags"": [""scope""], ""classification_resolved"": true, ""gt_version_note"": """"}, ""source_object_id"": ""new_93_3606_7367_W002"", ""bundle_source"": ""analysis_results/research_input_20260929/preprocessed_source.json""}]",unflagged,unflagged_not_certified_normal,not_recorded,analysis_results/review_source_audit_20261004/corrected_inventory/input.json,not_recorded,,not_recorded,analysis_results/review_source_audit_20261004/corrected_inventory/input.json,,not_explicitly_resolved,False,"[""scope""]",,False,True,True,False,False,False,not_exhaustively_reviewed_for_scope_or_detail
uNb9QFRL6hY_fd411e4f6035431593833d9d0beb4d32,uNb9QFRL6hY-87,uNb9QFRL6hY,G178,research_annotation_image,gt:uNb9QFRL6hY_fd411e4f6035431593833d9d0beb4d32:data/mp3d_layout/test/label_cor/uNb9QFRL6hY_fd411e4f6035431593833d9d0beb4d32.txt,data/mp3d_layout/test/label_cor/uNb9QFRL6hY_fd411e4f6035431593833d9d0beb4d32.txt,gt_original,original_gt_reference,False,"[0, 1, 2, 3]",4,valid_camera_inside,False,0,[],[],cyclic_increasing,简单,简单,applicable,,,source_identified_no_new_semantic_review,[],"[{""evidence_kind"": ""semantic_image_evidence"", ""record"": {""semantic_status"": ""image_comment_classified"", ""summary"": ""同图,是否把柜子当做墙角去停止"", ""reason"": ""已逐条读原话：同图,是否把柜子当做墙角去停止"", ""needs_user_review"": false, ""source"": ""C:/Users/ASUS/Downloads/全历史标注_定向补审_20260927(1).json#/image_decisions/uNb9QFRL6hY_fd411e4f6035431593833d9d0beb4d32"", ""tags"": [""scope""], ""classification_resolved"": true, ""gt_version_note"": """"}, ""source_object_id"": ""new_93_3607_7502_W006"", ""bundle_source"": ""analysis_results/research_input_20260929/preprocessed_source.json""}]",unflagged,unflagged_not_certified_normal,not_recorded,analysis_results/review_source_audit_20261004/corrected_inventory/input.json,not_recorded,,not_recorded,analysis_results/review_source_audit_20261004/corrected_inventory/input.json,,not_explicitly_resolved,False,"[""scope""]",,False,True,True,False,False,False,not_exhaustively_reviewed_for_scope_or_detail
uNb9QFRL6hY_fd8d4da92ec14b668ed3d2986616bd14,uNb9QFRL6hY-88,uNb9QFRL6hY,G184,research_annotation_image,gt:uNb9QFRL6hY_fd8d4da92ec14b668ed3d2986616bd14:data/mp3d_layout/test/label_cor/uNb9QFRL6hY_fd8d4da92ec14b668ed3d2986616bd14.txt,data/mp3d_layout/test/label_cor/uNb9QFRL6hY_fd8d4da92ec14b668ed3d2986616bd14.txt,gt_original,original_gt_reference,False,"[0, 1, 2, 3, 4, 5, 6, 7, 8, 9, 10, 11, 12, 13]",14,valid_camera_inside,True,2,"[2, 11]","[{""vertex_1based"": 2, ""status"": ""occluded_by_boundary"", ""blockers"": [{""edge_1based"": [3, 4], ""ray_fraction"": 0.4405246058035627, ""edge_fraction"": 0.30167645056446124, ""intersection_xy"": [0.4846511574818765, -0.18783935994194112]}], ""contacts"": []}, {""vertex_1based"": 11, ""status"": ""occluded_by_boundary"", ""blockers"": [{""edge_1based"": [9, 10], ""ray_fraction"": 0.5098750153717204, ""edge_fraction"": 0.7198480865175909, ""intersection_xy"": [-1.1019357767510283, -0.23476552785456814]}], ""contacts"": []}]",local_backtracking,困难,困难,applicable,,,source_identified_no_new_semantic_review,[],"[{""evidence_kind"": ""semantic_image_evidence"", ""record"": {""semantic_status"": ""image_comment_classified"", ""summary"": ""这图很困难,存在不同的标注区域,主要还是玻璃洗澡区域,标外面还是标里面的墙角,还有是否标马桶区域,这个gt标的范围很大,把左右两侧的走廊都标了,目前没有标注者这样标"", ""reason"": ""已逐条读原话：这图很困难,存在不同的标注区域,主要还是玻璃洗澡区域,标外面还是标里面的墙角,还有是否标马桶区域,这个gt标的范围很大,把左右两侧的走廊都标了,目前没有标注者这样标"", ""needs_user_review"": false, ""source"": ""C:/Users/ASUS/Downloads/全历史标注_定向补审_20260927(1).json#/image_decisions/uNb9QFRL6hY_fd8d4da92ec14b668ed3d2986616bd14"", ""tags"": [""scope""], ""classification_resolved"": true, ""gt_version_note"": """"}, ""source_object_id"": ""b593f337fea5cb8bf3f2"", ""bundle_source"": ""analysis_results/research_input_20260929/preprocessed_source.json""}]",unflagged,unflagged_not_certified_normal,not_recorded,analysis_results/review_source_audit_20261004/corrected_inventory/input.json,not_recorded,,not_recorded,analysis_results/review_source_audit_20261004/corrected_inventory/input.json,,not_explicitly_resolved,False,"[""scope""]",,False,True,True,False,False,False,not_exhaustively_reviewed_for_scope_or_detail
wc2JMjhGNzB_03c1aca95e254bf4b0db303a28d79aee,wc2JMjhGNzB-03,wc2JMjhGNzB,G205,research_annotation_image,gt:wc2JMjhGNzB_03c1aca95e254bf4b0db303a28d79aee:data/mp3d_layout/test/label_cor/wc2JMjhGNzB_03c1aca95e254bf4b0db303a28d79aee.txt,data/mp3d_layout/test/label_cor/wc2JMjhGNzB_03c1aca95e254bf4b0db303a28d79aee.txt,gt_original,original_gt_reference,False,"[0, 1, 2, 3, 4, 5, 6, 7]",8,valid_camera_inside,False,0,[],[],cyclic_increasing,中等,中等,applicable,,,source_identified_no_new_semantic_review,[],"[{""evidence_kind"": ""semantic_image_evidence"", ""record"": {""semantic_status"": ""image_comment_classified"", ""summary"": ""存在不同的标注范围,gt是把门口的区域标注进来了(我觉得不标更好,因为门口的区域天花板高度略低)"", ""reason"": ""已逐条读原话：存在不同的标注范围,gt是把门口的区域标注进来了(我觉得不标更好,因为门口的区域天花板高度略低)"", ""needs_user_review"": false, ""source"": ""C:/Users/ASUS/Downloads/全历史标注_定向补审_20260927(1).json#/image_decisions/wc2JMjhGNzB_03c1aca95e254bf4b0db303a28d79aee"", ""tags"": [""scope""], ""classification_resolved"": true, ""gt_version_note"": """"}, ""source_object_id"": ""3c7cf68051a68eb3dec3"", ""bundle_source"": ""analysis_results/research_input_20260929/preprocessed_source.json""}]",unflagged,unflagged_not_certified_normal,not_recorded,analysis_results/review_source_audit_20261004/corrected_inventory/input.json,not_recorded,,not_recorded,analysis_results/review_source_audit_20261004/corrected_inventory/input.json,,not_explicitly_resolved,False,"[""scope""]",,False,True,True,False,False,False,not_exhaustively_reviewed_for_scope_or_detail
wc2JMjhGNzB_1d8917d25abb4a77a0da9583dc82c17c,wc2JMjhGNzB-14,wc2JMjhGNzB,,research_annotation_image,gt:wc2JMjhGNzB_1d8917d25abb4a77a0da9583dc82c17c:data/mp3d_layout/test/label_cor/wc2JMjhGNzB_1d8917d25abb4a77a0da9583dc82c17c.txt,data/mp3d_layout/test/label_cor/wc2JMjhGNzB_1d8917d25abb4a77a0da9583dc82c17c.txt,gt_original,original_gt_reference,False,"[0, 1, 2, 3]",4,valid_camera_inside,False,0,[],[],cyclic_increasing,简单,简单,applicable,,,source_identified_no_new_semantic_review,[],[],unflagged,unflagged_not_certified_normal,not_recorded,analysis_results/review_source_audit_20261004/corrected_inventory/input.json,not_recorded,,not_recorded,analysis_results/review_source_audit_20261004/corrected_inventory/input.json,,not_explicitly_resolved,False,[],,False,False,False,False,False,False,not_exhaustively_reviewed_for_scope_or_detail
wc2JMjhGNzB_2195c5a9b9fd451b927b0050f23fac31,wc2JMjhGNzB-15,wc2JMjhGNzB,G207,research_annotation_image,gt:wc2JMjhGNzB_2195c5a9b9fd451b927b0050f23fac31:data/mp3d_layout/test/label_cor/wc2JMjhGNzB_2195c5a9b9fd451b927b0050f23fac31.txt,data/mp3d_layout/test/label_cor/wc2JMjhGNzB_2195c5a9b9fd451b927b0050f23fac31.txt,gt_original,original_gt_reference,False,"[0, 1, 2, 3]",4,valid_camera_inside,False,0,[],[],cyclic_increasing,简单,简单,applicable,,,source_identified_no_new_semantic_review,[],[],unflagged,unflagged_not_certified_normal,not_recorded,analysis_results/review_source_audit_20261004/corrected_inventory/input.json,not_recorded,,not_recorded,analysis_results/review_source_audit_20261004/corrected_inventory/input.json,,not_explicitly_resolved,False,[],,False,False,False,False,False,False,not_exhaustively_reviewed_for_scope_or_detail
wc2JMjhGNzB_3504ff17bcae4d6c85bdc61fc3a5bf0c,wc2JMjhGNzB-18,wc2JMjhGNzB,G222,research_annotation_image,gt:wc2JMjhGNzB_3504ff17bcae4d6c85bdc61fc3a5bf0c:data/mp3d_layout/test/label_cor/wc2JMjhGNzB_3504ff17bcae4d6c85bdc61fc3a5bf0c.txt,data/mp3d_layout/test/label_cor/wc2JMjhGNzB_3504ff17bcae4d6c85bdc61fc3a5bf0c.txt,gt_original,original_gt_reference,False,"[0, 1, 2, 3]",4,valid_camera_inside,False,0,[],[],cyclic_increasing,简单,简单,applicable,,,source_identified_no_new_semantic_review,[],"[{""evidence_kind"": ""semantic_image_evidence"", ""record"": {""semantic_status"": ""resolved_by_coverage_followup"", ""summary"": """", ""reason"": ""最新图片补审明确选项"", ""needs_user_review"": false, ""classification_resolved"": true, ""tags"": [], ""source"": ""evidence/coverage.json#/decisions/wc2JMjhGNzB_3504ff17bcae4d6c85bdc61fc3a5bf0c"", ""gt_version_note"": ""当前查看来源为原始Matterport标签：data/mp3d_layout/test/label_cor/wc2JMjhGNzB_3504ff17bcae4d6c85bdc61fc3a5bf0c.txt""}, ""source_object_id"": ""47ba2a2044e90723"", ""bundle_source"": ""analysis_results/research_input_20260929/preprocessed_source.json""}, {""evidence_kind"": ""coverage_review"", ""record"": {""source"": ""evidence/coverage.json#/decisions/wc2JMjhGNzB_3504ff17bcae4d6c85bdc61fc3a5bf0c"", ""raw_record"": {""status"": ""resolved"", ""oos"": ""in_scope"", ""doorway"": ""none"", ""tags"": [], ""comment"": """", ""view_context"": {""annotation_id"": ""47ba2a2044e90723"", ""gt"": ""gt_revised"", ""gt_source"": ""data/mp3d_layout/test/label_cor/wc2JMjhGNzB_3504ff17bcae4d6c85bdc61fc3a5bf0c.txt"", ""all_workers"": true}, ""updated_at"": ""2026-09-28T06:17:31.948Z""}, ""effective_tags"": [], ""user_clarification"": """"}, ""source_object_id"": ""47ba2a2044e90723"", ""bundle_source"": ""analysis_results/research_input_20260929/preprocessed_source.json""}]",clear,explicit_not_oos_and_no_doorway,not_oos,analysis_results/review_source_audit_20261004/corrected_inventory/input.json,not_oos,,none,analysis_results/review_source_audit_20261004/corrected_inventory/input.json,,not_explicitly_resolved,False,[],,False,False,False,False,False,False,not_exhaustively_reviewed_for_scope_or_detail
wc2JMjhGNzB_3848b1ba65fa49308c3d0a79f63782b3,wc2JMjhGNzB-20,wc2JMjhGNzB,G223,research_annotation_image,gt:wc2JMjhGNzB_3848b1ba65fa49308c3d0a79f63782b3:data/mp3d_layout/test/label_cor/wc2JMjhGNzB_3848b1ba65fa49308c3d0a79f63782b3.txt,data/mp3d_layout/test/label_cor/wc2JMjhGNzB_3848b1ba65fa49308c3d0a79f63782b3.txt,gt_original,original_gt_reference,False,"[0, 1, 2, 3]",4,valid_camera_inside,False,0,[],[],cyclic_increasing,简单,简单,applicable,,,source_identified_no_new_semantic_review,[],[],unflagged,unflagged_not_certified_normal,not_recorded,analysis_results/review_source_audit_20261004/corrected_inventory/input.json,not_recorded,,not_recorded,analysis_results/review_source_audit_20261004/corrected_inventory/input.json,,not_explicitly_resolved,False,[],,False,False,False,False,False,False,not_exhaustively_reviewed_for_scope_or_detail
wc2JMjhGNzB_3a035012369c4eb58295238d946fbc66,wc2JMjhGNzB-22,wc2JMjhGNzB,G205,research_annotation_image,gt:wc2JMjhGNzB_3a035012369c4eb58295238d946fbc66:data/mp3d_layout/test/label_cor/wc2JMjhGNzB_3a035012369c4eb58295238d946fbc66.txt,data/mp3d_layout/test/label_cor/wc2JMjhGNzB_3a035012369c4eb58295238d946fbc66.txt,gt_original,original_gt_reference,False,"[0, 1, 2, 3, 4, 5, 6, 7]",8,valid_camera_inside,True,1,[6],"[{""vertex_1based"": 6, ""status"": ""occluded_by_boundary"", ""blockers"": [{""edge_1based"": [4, 5], ""ray_fraction"": 0.643587840681139, ""edge_fraction"": 0.6927279648667307, ""intersection_xy"": [0.8100414010700556, -2.5493520952658137]}], ""contacts"": []}]",local_backtracking,困难,困难,applicable,,,source_identified_no_new_semantic_review,[],[],unflagged,unflagged_not_certified_normal,not_recorded,analysis_results/review_source_audit_20261004/corrected_inventory/input.json,not_recorded,,not_recorded,analysis_results/review_source_audit_20261004/corrected_inventory/input.json,,not_explicitly_resolved,False,[],,False,False,False,False,False,False,not_exhaustively_reviewed_for_scope_or_detail
wc2JMjhGNzB_4884da3227464ab5b82f631ff22205bd,wc2JMjhGNzB-26,wc2JMjhGNzB,G202,research_annotation_image,gt:wc2JMjhGNzB_4884da3227464ab5b82f631ff22205bd:data/mp3d_layout/test/label_cor/wc2JMjhGNzB_4884da3227464ab5b82f631ff22205bd.txt,data/mp3d_layout/test/label_cor/wc2JMjhGNzB_4884da3227464ab5b82f631ff22205bd.txt,gt_original,original_gt_reference,False,"[0, 1, 2, 3, 4, 5]",6,valid_camera_inside,True,1,[1],"[{""vertex_1based"": 1, ""status"": ""occluded_by_boundary"", ""blockers"": [{""edge_1based"": [2, 3], ""ray_fraction"": 0.11945977894826654, ""edge_fraction"": 0.12399889949401177, ""intersection_xy"": [-0.0041989122034955546, -0.3124543864181462]}], ""contacts"": []}]",local_backtracking,困难,困难,applicable,,,source_identified_no_new_semantic_review,[],"[{""evidence_kind"": ""semantic_image_evidence"", ""record"": {""semantic_status"": ""image_comment_classified"", ""summary"": ""这图较难,存在不同的标注空间范围,有些人是会把走廊区域标注,但是我觉得没必要,gt是没有标的;还有很多人忽略了左侧墙面的变化"", ""reason"": ""已逐条读原话：这图较难,存在不同的标注空间范围,有些人是会把走廊区域标注,但是我觉得没必要,gt是没有标的;还有很多人忽略了左侧墙面的变化"", ""needs_user_review"": false, ""source"": ""C:/Users/ASUS/Downloads/全历史标注_定向补审_20260927(1).json#/image_decisions/wc2JMjhGNzB_4884da3227464ab5b82f631ff22205bd"", ""tags"": [""scope"", ""detail""], ""classification_resolved"": true, ""gt_version_note"": """"}, ""source_object_id"": ""f2c02631f6c62e58089e"", ""bundle_source"": ""analysis_results/research_input_20260929/preprocessed_source.json""}]",unflagged,unflagged_not_certified_normal,not_recorded,analysis_results/review_source_audit_20261004/corrected_inventory/input.json,not_recorded,,not_recorded,analysis_results/review_source_audit_20261004/corrected_inventory/input.json,,not_explicitly_resolved,False,"[""detail"", ""scope""]",,False,True,True,False,False,False,not_exhaustively_reviewed_for_scope_or_detail
wc2JMjhGNzB_52ed6a0219e84a0bb6db8037ae700366,wc2JMjhGNzB-29,wc2JMjhGNzB,G205,research_annotation_image,gt:wc2JMjhGNzB_52ed6a0219e84a0bb6db8037ae700366:data/mp3d_layout/test/label_cor/wc2JMjhGNzB_52ed6a0219e84a0bb6db8037ae700366.txt,data/mp3d_layout/test/label_cor/wc2JMjhGNzB_52ed6a0219e84a0bb6db8037ae700366.txt,gt_original,original_gt_reference,False,"[0, 1, 2, 3, 4, 5, 6, 7]",8,valid_camera_inside,True,2,"[1, 8]","[{""vertex_1based"": 1, ""status"": ""occluded_by_boundary"", ""blockers"": [{""edge_1based"": [6, 7], ""ray_fraction"": 0.5093910438077047, ""edge_fraction"": 0.8633611658800335, ""intersection_xy"": [1.056111203125354, -1.5054415384130957]}, {""edge_1based"": [7, 8], ""ray_fraction"": 0.6146944594649232, ""edge_fraction"": 0.21466616151229068, ""intersection_xy"": [1.2744348630225562, -1.8166526168061445]}], ""contacts"": []}, {""vertex_1based"": 8, ""status"": ""occluded_by_boundary"", ""blockers"": [{""edge_1based"": [6, 7], ""ray_fraction"": 0.5094236163958975, ""edge_fraction"": 0.6087110123317517, ""intersection_xy"": [0.6491561306199668, -1.5054304206887301]}], ""contacts"": []}]",local_backtracking,困难,困难,applicable,,,source_identified_no_new_semantic_review,[],"[{""evidence_kind"": ""semantic_image_evidence"", ""record"": {""semantic_status"": ""resolved_by_coverage_followup"", ""summary"": ""gt标了门口的那块区域,目前所有标注者都没标,空间范围不同"", ""reason"": ""最新图片补审明确选项"", ""needs_user_review"": false, ""classification_resolved"": true, ""tags"": [""scope""], ""source"": ""evidence/coverage.json#/decisions/wc2JMjhGNzB_52ed6a0219e84a0bb6db8037ae700366"", ""gt_version_note"": ""本次未记录参考来源；不推断GT版本""}, ""source_object_id"": ""new_95_3667_7447_W028"", ""bundle_source"": ""analysis_results/research_input_20260929/preprocessed_source.json""}, {""evidence_kind"": ""coverage_review"", ""record"": {""source"": ""evidence/coverage.json#/decisions/wc2JMjhGNzB_52ed6a0219e84a0bb6db8037ae700366"", ""raw_record"": {""status"": ""resolved"", ""oos"": ""in_scope"", ""doorway"": ""none"", ""tags"": [""scope""], ""comment"": ""gt标了门口的那块区域,目前所有标注者都没标,空间范围不同"", ""view_context"": {""annotation_id"": ""new_95_3667_7104_W037"", ""gt"": """", ""gt_source"": """", ""all_workers"": true}, ""updated_at"": ""2026-09-28T06:18:32.234Z""}, ""effective_tags"": [""scope""], ""user_clarification"": """"}, ""source_object_id"": ""new_95_3667_7447_W028"", ""bundle_source"": ""analysis_results/research_input_20260929/preprocessed_source.json""}]",clear,explicit_not_oos_and_no_doorway,not_oos,analysis_results/review_source_audit_20261004/corrected_inventory/input.json,not_oos,,none,analysis_results/review_source_audit_20261004/corrected_inventory/input.json,,not_explicitly_resolved,False,"[""scope""]",,True,True,True,False,False,False,not_exhaustively_reviewed_for_scope_or_detail
wc2JMjhGNzB_55b45b0f19c2460bbcd1fb1c86c6610d,wc2JMjhGNzB-30,wc2JMjhGNzB,G201,research_annotation_image,gt:wc2JMjhGNzB_55b45b0f19c2460bbcd1fb1c86c6610d:data/mp3d_layout/test/label_cor/wc2JMjhGNzB_55b45b0f19c2460bbcd1fb1c86c6610d.txt,data/mp3d_layout/test/label_cor/wc2JMjhGNzB_55b45b0f19c2460bbcd1fb1c86c6610d.txt,gt_original,original_gt_reference,False,"[0, 1, 2, 3]",4,valid_camera_inside,False,0,[],[],cyclic_increasing,简单,简单,applicable,,,source_identified_no_new_semantic_review,[],[],unflagged,unflagged_not_certified_normal,not_recorded,analysis_results/review_source_audit_20261004/corrected_inventory/input.json,not_recorded,,not_recorded,analysis_results/review_source_audit_20261004/corrected_inventory/input.json,,not_explicitly_resolved,False,[],,False,False,False,False,False,False,not_exhaustively_reviewed_for_scope_or_detail
wc2JMjhGNzB_77962388887942148ee65c2892600e02,wc2JMjhGNzB-40,wc2JMjhGNzB,G207,research_annotation_image,gt:wc2JMjhGNzB_77962388887942148ee65c2892600e02:data/mp3d_layout/test/label_cor/wc2JMjhGNzB_77962388887942148ee65c2892600e02.txt,data/mp3d_layout/test/label_cor/wc2JMjhGNzB_77962388887942148ee65c2892600e02.txt,gt_original,original_gt_reference,False,"[0, 1, 2, 3]",4,valid_camera_inside,False,0,[],[],cyclic_increasing,简单,简单,applicable,,,source_identified_no_new_semantic_review,[],"[{""evidence_kind"": ""semantic_image_evidence"", ""record"": {""semantic_status"": ""resolved_by_coverage_followup"", ""summary"": """", ""reason"": ""最新图片补审明确选项"", ""needs_user_review"": false, ""classification_resolved"": true, ""tags"": [], ""source"": ""evidence/coverage.json#/decisions/wc2JMjhGNzB_77962388887942148ee65c2892600e02"", ""gt_version_note"": ""当前查看来源为原始Matterport标签：data/mp3d_layout/test/label_cor/wc2JMjhGNzB_77962388887942148ee65c2892600e02.txt""}, ""source_object_id"": ""d0a52acd08fbed41"", ""bundle_source"": ""analysis_results/research_input_20260929/preprocessed_source.json""}, {""evidence_kind"": ""coverage_review"", ""record"": {""source"": ""evidence/coverage.json#/decisions/wc2JMjhGNzB_77962388887942148ee65c2892600e02"", ""raw_record"": {""status"": ""resolved"", ""oos"": ""in_scope"", ""doorway"": ""none"", ""tags"": [], ""comment"": """", ""view_context"": {""annotation_id"": ""d0a52acd08fbed41"", ""gt"": ""gt_revised"", ""gt_source"": ""data/mp3d_layout/test/label_cor/wc2JMjhGNzB_77962388887942148ee65c2892600e02.txt"", ""all_workers"": true}, ""updated_at"": ""2026-09-28T06:18:40.822Z""}, ""effective_tags"": [], ""user_clarification"": """"}, ""source_object_id"": ""d0a52acd08fbed41"", ""bundle_source"": ""analysis_results/research_input_20260929/preprocessed_source.json""}]",clear,explicit_not_oos_and_no_doorway,not_oos,analysis_results/review_source_audit_20261004/corrected_inventory/input.json,not_oos,,none,analysis_results/review_source_audit_20261004/corrected_inventory/input.json,,not_explicitly_resolved,False,[],,False,False,False,False,False,False,not_exhaustively_reviewed_for_scope_or_detail
wc2JMjhGNzB_9087f0358178420a8b9ac7b17a8919c7,wc2JMjhGNzB-46,wc2JMjhGNzB,G209,research_annotation_image,gt:wc2JMjhGNzB_9087f0358178420a8b9ac7b17a8919c7:data/mp3d_layout/test/label_cor/wc2JMjhGNzB_9087f0358178420a8b9ac7b17a8919c7.txt,data/mp3d_layout/test/label_cor/wc2JMjhGNzB_9087f0358178420a8b9ac7b17a8919c7.txt,gt_original,original_gt_reference,False,"[0, 1, 2, 3, 4, 5]",6,valid_camera_inside,True,1,[2],"[{""vertex_1based"": 2, ""status"": ""occluded_by_boundary"", ""blockers"": [{""edge_1based"": [3, 4], ""ray_fraction"": 0.7670993118852948, ""edge_fraction"": 0.07454898462469824, ""intersection_xy"": [1.535702968429915, -0.15001677017306467]}], ""contacts"": []}]",local_backtracking,困难,困难,applicable,,,source_identified_no_new_semantic_review,[],[],unflagged,unflagged_not_certified_normal,not_recorded,analysis_results/review_source_audit_20261004/corrected_inventory/input.json,not_recorded,,not_recorded,analysis_results/review_source_audit_20261004/corrected_inventory/input.json,,not_explicitly_resolved,False,[],,False,False,False,False,False,False,not_exhaustively_reviewed_for_scope_or_detail
wc2JMjhGNzB_b41b10699d614f24851b56a9a0e743c6,wc2JMjhGNzB-53,wc2JMjhGNzB,G202,research_annotation_image,gt:wc2JMjhGNzB_b41b10699d614f24851b56a9a0e743c6:data/mp3d_layout/test/label_cor/wc2JMjhGNzB_b41b10699d614f24851b56a9a0e743c6.txt,data/mp3d_layout/test/label_cor/wc2JMjhGNzB_b41b10699d614f24851b56a9a0e743c6.txt,gt_original,original_gt_reference,False,"[0, 1, 2, 3, 4, 5, 6, 7]",8,valid_camera_inside,True,1,[6],"[{""vertex_1based"": 6, ""status"": ""occluded_by_boundary"", ""blockers"": [{""edge_1based"": [4, 5], ""ray_fraction"": 0.892820668762938, ""edge_fraction"": 0.8724549658029583, ""intersection_xy"": [-1.4194184582252922, 2.2725440564645054]}], ""contacts"": []}]",local_backtracking,困难,困难,applicable,,,source_identified_no_new_semantic_review,[],"[{""evidence_kind"": ""semantic_image_evidence"", ""record"": {""semantic_status"": ""image_comment_classified"", ""summary"": ""存在不同的标注空间范围,一个是是否标马桶的区域(我觉得不用),一个是右边的停止点,有些人是在玻璃处停止,,gt是在最后面停止.左侧的墙面凸起很多人也忽略了"", ""reason"": ""已逐条读原话：存在不同的标注空间范围,一个是是否标马桶的区域(我觉得不用),一个是右边的停止点,有些人是在玻璃处停止,,gt是在最后面停止.左侧的墙面凸起很多人也忽略了"", ""needs_user_review"": false, ""source"": ""C:/Users/ASUS/Downloads/全历史标注_定向补审_20260927(1).json#/image_decisions/wc2JMjhGNzB_b41b10699d614f24851b56a9a0e743c6"", ""tags"": [""scope"", ""detail""], ""classification_resolved"": true, ""gt_version_note"": """"}, ""source_object_id"": ""decd9e3adcbe39aed044"", ""bundle_source"": ""analysis_results/research_input_20260929/preprocessed_source.json""}]",unflagged,unflagged_not_certified_normal,not_recorded,analysis_results/review_source_audit_20261004/corrected_inventory/input.json,not_recorded,,not_recorded,analysis_results/review_source_audit_20261004/corrected_inventory/input.json,,not_explicitly_resolved,False,"[""detail"", ""scope""]",,False,True,True,False,False,False,not_exhaustively_reviewed_for_scope_or_detail
wc2JMjhGNzB_c7c84bf01a834489ad11d8450a7dc2bc,wc2JMjhGNzB-54,wc2JMjhGNzB,G205,research_annotation_image,gt:wc2JMjhGNzB_c7c84bf01a834489ad11d8450a7dc2bc:data/mp3d_layout/test/label_cor/wc2JMjhGNzB_c7c84bf01a834489ad11d8450a7dc2bc.txt,data/mp3d_layout/test/label_cor/wc2JMjhGNzB_c7c84bf01a834489ad11d8450a7dc2bc.txt,gt_original,original_gt_reference,False,"[0, 1, 2, 3, 4, 5, 6, 7]",8,valid_camera_inside,False,0,[],[],cyclic_increasing,中等,中等,applicable,,,source_identified_no_new_semantic_review,[],"[{""evidence_kind"": ""semantic_image_evidence"", ""record"": {""semantic_status"": ""image_comment_classified"", ""summary"": ""标注范围可以不同,gt是标了门口的区域(同图,我觉得可以不用)"", ""reason"": ""已逐条读原话：标注范围可以不同,gt是标了门口的区域(同图,我觉得可以不用)"", ""needs_user_review"": false, ""source"": ""C:/Users/ASUS/Downloads/全历史标注_定向补审_20260927(1).json#/image_decisions/wc2JMjhGNzB_c7c84bf01a834489ad11d8450a7dc2bc"", ""tags"": [""scope""], ""classification_resolved"": true, ""gt_version_note"": """"}, ""source_object_id"": ""9c1492ecc8c50ab46ddd"", ""bundle_source"": ""analysis_results/research_input_20260929/preprocessed_source.json""}]",unflagged,unflagged_not_certified_normal,not_recorded,analysis_results/review_source_audit_20261004/corrected_inventory/input.json,not_recorded,,not_recorded,analysis_results/review_source_audit_20261004/corrected_inventory/input.json,,not_explicitly_resolved,False,"[""scope""]",,False,True,True,False,False,False,not_exhaustively_reviewed_for_scope_or_detail
wc2JMjhGNzB_cae8fb3d40314ecea16654062030571b,wc2JMjhGNzB-56,wc2JMjhGNzB,G214,research_annotation_image,gt:wc2JMjhGNzB_cae8fb3d40314ecea16654062030571b:data/mp3d_layout/test/label_cor/wc2JMjhGNzB_cae8fb3d40314ecea16654062030571b.txt,data/mp3d_layout/test/label_cor/wc2JMjhGNzB_cae8fb3d40314ecea16654062030571b.txt,gt_original,original_gt_reference,False,"[0, 1, 2, 3]",4,valid_camera_inside,False,0,[],[],cyclic_increasing,简单,简单,applicable,,,source_identified_no_new_semantic_review,[],"[{""evidence_kind"": ""semantic_image_evidence"", ""record"": {""semantic_status"": ""image_comment_classified"", ""summary"": ""确实存在不同的标注范围,有些人把走廊门里面的区域也标了(可以不标)"", ""reason"": ""已逐条读原话：确实存在不同的标注范围,有些人把走廊门里面的区域也标了(可以不标)"", ""needs_user_review"": false, ""source"": ""C:/Users/ASUS/Downloads/全历史标注_定向补审_20260927(1).json#/image_decisions/wc2JMjhGNzB_cae8fb3d40314ecea16654062030571b"", ""tags"": [""scope""], ""classification_resolved"": true, ""gt_version_note"": """"}, ""source_object_id"": ""bf873396ed958402"", ""bundle_source"": ""analysis_results/research_input_20260929/preprocessed_source.json""}]",unflagged,unflagged_not_certified_normal,not_recorded,analysis_results/review_source_audit_20261004/corrected_inventory/input.json,not_recorded,,not_recorded,analysis_results/review_source_audit_20261004/corrected_inventory/input.json,,not_explicitly_resolved,False,"[""scope""]",,True,True,True,False,False,False,not_exhaustively_reviewed_for_scope_or_detail
wc2JMjhGNzB_dc4a9f470b834de1983c7e605ff06b2e,wc2JMjhGNzB-59,wc2JMjhGNzB,G230,research_annotation_image,gt:wc2JMjhGNzB_dc4a9f470b834de1983c7e605ff06b2e:data/mp3d_layout/test/label_cor/wc2JMjhGNzB_dc4a9f470b834de1983c7e605ff06b2e.txt,data/mp3d_layout/test/label_cor/wc2JMjhGNzB_dc4a9f470b834de1983c7e605ff06b2e.txt,gt_original,original_gt_reference,False,"[0, 1, 2, 3]",4,valid_camera_inside,False,0,[],[],cyclic_increasing,简单,简单,applicable,,,source_identified_no_new_semantic_review,[],[],clear,explicit_not_oos_and_no_doorway,not_oos,analysis_results/difficulty_consensus_20261006/user_review.json,not_oos,,none,analysis_results/difficulty_consensus_20261006/user_review.json,,not_explicitly_resolved,False,[],,False,False,True,False,False,False,not_exhaustively_reviewed_for_scope_or_detail
wc2JMjhGNzB_dda6efcba51c40de8552408953719515,wc2JMjhGNzB-60,wc2JMjhGNzB,,research_annotation_image,gt:wc2JMjhGNzB_dda6efcba51c40de8552408953719515:data/mp3d_layout/test/label_cor/wc2JMjhGNzB_dda6efcba51c40de8552408953719515.txt,data/mp3d_layout/test/label_cor/wc2JMjhGNzB_dda6efcba51c40de8552408953719515.txt,gt_original,original_gt_reference,False,"[0, 1, 2, 3]",4,valid_camera_inside,False,0,[],[],cyclic_increasing,简单,简单,applicable,,,source_identified_no_new_semantic_review,[],[],unflagged,unflagged_not_certified_normal,not_recorded,analysis_results/review_source_audit_20261004/corrected_inventory/input.json,not_recorded,,not_recorded,analysis_results/review_source_audit_20261004/corrected_inventory/input.json,,not_explicitly_resolved,False,[],,False,False,False,False,False,False,not_exhaustively_reviewed_for_scope_or_detail
wc2JMjhGNzB_e6693f97b36545f7a76e03c3fe32ba8c,wc2JMjhGNzB-61,wc2JMjhGNzB,G205,research_annotation_image,gt:wc2JMjhGNzB_e6693f97b36545f7a76e03c3fe32ba8c:data/mp3d_layout/test/label_cor/wc2JMjhGNzB_e6693f97b36545f7a76e03c3fe32ba8c.txt,data/mp3d_layout/test/label_cor/wc2JMjhGNzB_e6693f97b36545f7a76e03c3fe32ba8c.txt,gt_original,original_gt_reference,False,"[0, 1, 2, 3, 4, 5]",6,valid_camera_inside,True,1,[5],"[{""vertex_1based"": 5, ""status"": ""occluded_by_boundary"", ""blockers"": [{""edge_1based"": [3, 4], ""ray_fraction"": 0.4638379529750118, ""edge_fraction"": 0.6543092688147489, ""intersection_xy"": [-0.27002783526542845, -0.4783068190299721]}], ""contacts"": []}]",local_backtracking,困难,困难,applicable,,,source_identified_no_new_semantic_review,[],"[{""evidence_kind"": ""semantic_image_evidence"", ""record"": {""semantic_status"": ""resolved_by_coverage_followup"", ""summary"": ""gt还是标了 门口的那块区域,标注者都是没有标注的,空间范围不同.   "", ""reason"": ""最新图片补审明确选项"", ""needs_user_review"": false, ""classification_resolved"": true, ""tags"": [""scope""], ""source"": ""evidence/coverage.json#/decisions/wc2JMjhGNzB_e6693f97b36545f7a76e03c3fe32ba8c"", ""gt_version_note"": ""本次未记录参考来源；不推断GT版本""}, ""source_object_id"": ""new_95_3668_7448_W028"", ""bundle_source"": ""analysis_results/research_input_20260929/preprocessed_source.json""}, {""evidence_kind"": ""coverage_review"", ""record"": {""source"": ""evidence/coverage.json#/decisions/wc2JMjhGNzB_e6693f97b36545f7a76e03c3fe32ba8c"", ""raw_record"": {""status"": ""resolved"", ""oos"": ""in_scope"", ""doorway"": ""none"", ""tags"": [], ""comment"": ""gt还是标了 门口的那块区域,标注者都是没有标注的,空间范围不同.   "", ""view_context"": {""annotation_id"": ""new_95_3668_7488_W032"", ""gt"": """", ""gt_source"": """", ""all_workers"": true}, ""updated_at"": ""2026-09-28T06:19:30.234Z""}, ""effective_tags"": [""scope""], ""user_clarification"": ""用户本轮明确：wc-61只勾选空间范围不同，先前漏选。""}, ""source_object_id"": ""new_95_3668_7448_W028"", ""bundle_source"": ""analysis_results/research_input_20260929/preprocessed_source.json""}]",clear,explicit_not_oos_and_no_doorway,not_oos,analysis_results/review_source_audit_20261004/corrected_inventory/input.json,not_oos,,none,analysis_results/review_source_audit_20261004/corrected_inventory/input.json,,not_explicitly_resolved,False,"[""scope""]",,True,True,True,False,False,False,not_exhaustively_reviewed_for_scope_or_detail
wc2JMjhGNzB_ec04ef10a0664e94878aa2d0f1720c2f,wc2JMjhGNzB-67,wc2JMjhGNzB,G223,research_annotation_image,gt:wc2JMjhGNzB_ec04ef10a0664e94878aa2d0f1720c2f:data/mp3d_layout/test/label_cor/wc2JMjhGNzB_ec04ef10a0664e94878aa2d0f1720c2f.txt,data/mp3d_layout/test/label_cor/wc2JMjhGNzB_ec04ef10a0664e94878aa2d0f1720c2f.txt,gt_original,original_gt_reference,False,"[0, 1, 2, 3]",4,valid_camera_inside,False,0,[],[],cyclic_increasing,简单,简单,applicable,,,source_identified_no_new_semantic_review,[],"[{""evidence_kind"": ""semantic_image_evidence"", ""record"": {""semantic_status"": ""resolved_by_continuation_issue"", ""summary"": ""直接排除"", ""reason"": ""直接排除"", ""needs_user_review"": false, ""classification_resolved"": true, ""source"": ""evidence/continuation.json#/issue_decisions/wc2JMjhGNzB_ec04ef10a0664e94878aa2d0f1720c2f:continue""}, ""source_object_id"": ""79927da8c000e31d9cda"", ""bundle_source"": ""analysis_results/research_input_20260929/preprocessed_source.json""}]",unflagged,unflagged_not_certified_normal,not_recorded,analysis_results/review_source_audit_20261004/corrected_inventory/input.json,not_recorded,,not_recorded,analysis_results/review_source_audit_20261004/corrected_inventory/input.json,,not_explicitly_resolved,False,[],,False,False,False,False,False,False,not_exhaustively_reviewed_for_scope_or_detail
x8F5xyUWy9e_1be9a97aada84e4795f64583ac0e3b76,x8F5xyUWy9e-01,x8F5xyUWy9e,G231,research_annotation_image,gt:x8F5xyUWy9e_1be9a97aada84e4795f64583ac0e3b76:data/mp3d_layout/test/label_cor/x8F5xyUWy9e_1be9a97aada84e4795f64583ac0e3b76.txt,data/mp3d_layout/test/label_cor/x8F5xyUWy9e_1be9a97aada84e4795f64583ac0e3b76.txt,gt_original,original_gt_reference,False,"[0, 1, 2, 3, 4, 5]",6,valid_camera_inside,True,1,[1],"[{""vertex_1based"": 1, ""status"": ""occluded_by_boundary"", ""blockers"": [{""edge_1based"": [2, 3], ""ray_fraction"": 0.7661575899133654, ""edge_fraction"": 0.08952712039388813, ""intersection_xy"": [-0.2718715134388611, -1.7534155708544399]}], ""contacts"": []}]",local_backtracking,困难,困难,applicable,,,source_identified_no_new_semantic_review,[],"[{""evidence_kind"": ""semantic_image_evidence"", ""record"": {""semantic_status"": ""stable_nonorthogonal"", ""summary"": ""用户后续明确此图与09同类，稳定非正交，不等于无法标注OOS。"", ""reason"": ""用户后续明确此图与09同类，稳定非正交，不等于无法标注OOS。"", ""needs_user_review"": false, ""tags"": [], ""source"": ""C:/Users/ASUS/Downloads/全历史标注_定向补审_20260927(1).json#/image_decisions/x8F5xyUWy9e_1be9a97aada84e4795f64583ac0e3b76""}, ""source_object_id"": ""5432f6f0a2294e27928b"", ""bundle_source"": ""analysis_results/research_input_20260929/preprocessed_source.json""}]",oos,special_or_pending_keep_source_status,confirmed,analysis_results/review_source_audit_20261004/corrected_inventory/input.json,nonorthogonal_annotatable,corrected_inventory.stable_nonorthogonal,not_recorded,analysis_results/review_source_audit_20261004/corrected_inventory/input.json,,nonorthogonal_annotatable,True,[],,False,False,False,False,False,False,not_exhaustively_reviewed_for_scope_or_detail
x8F5xyUWy9e_3a127fd2c5f34d978cba253145dae7d6,x8F5xyUWy9e-03,x8F5xyUWy9e,G235,research_annotation_image,gt:x8F5xyUWy9e_3a127fd2c5f34d978cba253145dae7d6:data/mp3d_layout/test/label_cor/x8F5xyUWy9e_3a127fd2c5f34d978cba253145dae7d6.txt,data/mp3d_layout/test/label_cor/x8F5xyUWy9e_3a127fd2c5f34d978cba253145dae7d6.txt,gt_original,original_gt_reference,False,"[0, 1, 2, 3, 4, 5, 6, 7]",8,valid_camera_inside,False,0,[],[],cyclic_increasing,中等,中等,applicable,,,source_identified_no_new_semantic_review,[],"[{""evidence_kind"": ""semantic_image_evidence"", ""record"": {""semantic_status"": ""image_comment_classified"", ""summary"": ""很多人没注意到左侧墙面的变化,目前的标注中没有人注意到,标注的细节范围不同"", ""reason"": ""已逐条读原话：很多人没注意到左侧墙面的变化,目前的标注中没有人注意到,标注的细节范围不同"", ""needs_user_review"": false, ""source"": ""C:/Users/ASUS/Downloads/全历史标注_定向补审_20260927(1).json#/image_decisions/x8F5xyUWy9e_3a127fd2c5f34d978cba253145dae7d6"", ""tags"": [""detail""], ""classification_resolved"": true, ""gt_version_note"": """"}, ""source_object_id"": ""727b424d339f07b45b57"", ""bundle_source"": ""analysis_results/research_input_20260929/preprocessed_source.json""}]",unflagged,unflagged_not_certified_normal,not_recorded,analysis_results/review_source_audit_20261004/corrected_inventory/input.json,not_recorded,,not_recorded,analysis_results/review_source_audit_20261004/corrected_inventory/input.json,,not_explicitly_resolved,False,"[""detail""]",,False,False,True,False,False,False,not_exhaustively_reviewed_for_scope_or_detail
x8F5xyUWy9e_9926b38bd87e44e292d9c375050dd17d,x8F5xyUWy9e-08,x8F5xyUWy9e,G234,research_annotation_image,gt:x8F5xyUWy9e_9926b38bd87e44e292d9c375050dd17d:data/mp3d_layout/test/label_cor/x8F5xyUWy9e_9926b38bd87e44e292d9c375050dd17d.txt,data/mp3d_layout/test/label_cor/x8F5xyUWy9e_9926b38bd87e44e292d9c375050dd17d.txt,gt_original,original_gt_reference,False,"[0, 1, 2, 3]",4,valid_camera_inside,False,0,[],[],cyclic_increasing,简单,简单,applicable,,,source_identified_no_new_semantic_review,[],"[{""evidence_kind"": ""semantic_image_evidence"", ""record"": {""semantic_status"": ""gt_detail_omission_not_global_error"", ""summary"": ""细节简化/遗漏属于同空间表达差异；可能与scope并存，不因这条评论阻断主分析。保留用户评价，不替其宣布GT完全错误。"", ""reason"": ""细节简化/遗漏属于同空间表达差异；可能与scope并存，不因这条评论阻断主分析。保留用户评价，不替其宣布GT完全错误。"", ""needs_user_review"": false, ""tags"": [""detail"", ""reference_omission""], ""source"": ""C:/Users/ASUS/Downloads/全历史标注_定向补审_20260927(1).json#/image_decisions/x8F5xyUWy9e_9926b38bd87e44e292d9c375050dd17d"", ""classification_resolved"": true, ""gt_version_note"": """"}, ""source_object_id"": ""629350384ea347717859"", ""bundle_source"": ""analysis_results/research_input_20260929/preprocessed_source.json""}]",unflagged,unflagged_not_certified_normal,not_recorded,analysis_results/review_source_audit_20261004/corrected_inventory/input.json,not_recorded,,not_recorded,analysis_results/review_source_audit_20261004/corrected_inventory/input.json,,not_explicitly_resolved,False,"[""detail"", ""reference_omission""]",,False,False,False,False,True,False,not_exhaustively_reviewed_for_scope_or_detail
x8F5xyUWy9e_a51a0e2811f342a599ae4cdb9b84ff23,x8F5xyUWy9e-09,x8F5xyUWy9e,G231,research_annotation_image,gt:x8F5xyUWy9e_a51a0e2811f342a599ae4cdb9b84ff23:data/mp3d_layout/test/label_cor/x8F5xyUWy9e_a51a0e2811f342a599ae4cdb9b84ff23.txt,data/mp3d_layout/test/label_cor/x8F5xyUWy9e_a51a0e2811f342a599ae4cdb9b84ff23.txt,gt_original,original_gt_reference,False,"[0, 1, 2, 3, 4, 5]",6,valid_camera_inside,False,0,[],[],cyclic_increasing,中等,中等,applicable,,,source_identified_no_new_semantic_review,[],"[{""evidence_kind"": ""semantic_image_evidence"", ""record"": {""semantic_status"": ""resolved_by_conversation"", ""summary"": ""尽管image状态pending，用户后续已明确稳定非正交；无需重问，保留原始状态作为来源。"", ""reason"": ""尽管image状态pending，用户后续已明确稳定非正交；无需重问，保留原始状态作为来源。"", ""needs_user_review"": false, ""tags"": [], ""source"": ""C:/Users/ASUS/Downloads/全历史标注_定向补审_20260927(1).json#/image_decisions/x8F5xyUWy9e_a51a0e2811f342a599ae4cdb9b84ff23""}, ""source_object_id"": ""6dc291d26b23c7a0"", ""bundle_source"": ""analysis_results/research_input_20260929/preprocessed_source.json""}]",oos,special_or_pending_keep_source_status,confirmed,analysis_results/review_source_audit_20261004/corrected_inventory/input.json,nonorthogonal_annotatable,corrected_inventory.stable_nonorthogonal,not_recorded,analysis_results/review_source_audit_20261004/corrected_inventory/input.json,,nonorthogonal_annotatable,True,[],,False,False,True,False,False,False,not_exhaustively_reviewed_for_scope_or_detail
yqstnuAEVhm_08e2145b15fc4d2497c084af41dc7089,yqstnuAEVhm-01,yqstnuAEVhm,G236,research_annotation_image,gt:yqstnuAEVhm_08e2145b15fc4d2497c084af41dc7089:data/mp3d_layout/test/label_cor/yqstnuAEVhm_08e2145b15fc4d2497c084af41dc7089.txt,data/mp3d_layout/test/label_cor/yqstnuAEVhm_08e2145b15fc4d2497c084af41dc7089.txt,gt_original,original_gt_reference,False,"[0, 1, 2, 3, 4, 5, 6, 7]",8,valid_camera_inside,True,2,"[3, 6]","[{""vertex_1based"": 3, ""status"": ""occluded_by_boundary"", ""blockers"": [{""edge_1based"": [4, 5], ""ray_fraction"": 0.7445171863861595, ""edge_fraction"": 0.00776609712323399, ""intersection_xy"": [0.025032258492050825, 0.5766710577619775]}], ""contacts"": []}, {""vertex_1based"": 6, ""status"": ""occluded_by_boundary"", ""blockers"": [{""edge_1based"": [4, 5], ""ray_fraction"": 0.7445306922976852, ""edge_fraction"": 0.752280052086337, ""intersection_xy"": [-0.7980126072739301, 0.5766538358479304]}], ""contacts"": []}]",local_backtracking,困难,困难,applicable,,,source_identified_no_new_semantic_review,[],"[{""evidence_kind"": ""semantic_image_evidence"", ""record"": {""semantic_status"": ""image_comment_classified"", ""summary"": ""这图还是有点难度的,因为左边的墙面变化和最右边很不显眼的墙面变化,目前的5个标注者都没有发现,gt的是对的"", ""reason"": ""已逐条读原话：这图还是有点难度的,因为左边的墙面变化和最右边很不显眼的墙面变化,目前的5个标注者都没有发现,gt的是对的"", ""needs_user_review"": false, ""source"": ""C:/Users/ASUS/Downloads/全历史标注_定向补审_20260927(1).json#/image_decisions/yqstnuAEVhm_08e2145b15fc4d2497c084af41dc7089"", ""tags"": [""detail""], ""classification_resolved"": true, ""gt_version_note"": """"}, ""source_object_id"": ""992f35b8a555f38eaf73"", ""bundle_source"": ""analysis_results/research_input_20260929/preprocessed_source.json""}]",unflagged,unflagged_not_certified_normal,not_recorded,analysis_results/review_source_audit_20261004/corrected_inventory/input.json,not_recorded,,not_recorded,analysis_results/review_source_audit_20261004/corrected_inventory/input.json,,not_explicitly_resolved,False,"[""detail""]",,False,False,False,False,False,False,not_exhaustively_reviewed_for_scope_or_detail
yqstnuAEVhm_19e4188fa39244378481dcdb18c42dbe,yqstnuAEVhm-02,yqstnuAEVhm,G237,research_annotation_image,gt:yqstnuAEVhm_19e4188fa39244378481dcdb18c42dbe:data/mp3d_layout/test/label_cor/yqstnuAEVhm_19e4188fa39244378481dcdb18c42dbe.txt,data/mp3d_layout/test/label_cor/yqstnuAEVhm_19e4188fa39244378481dcdb18c42dbe.txt,gt_original,original_gt_reference,False,"[0, 1, 2, 3]",4,valid_camera_inside,False,0,[],[],cyclic_increasing,简单,简单,applicable,,,source_identified_no_new_semantic_review,[],[],unflagged,unflagged_not_certified_normal,not_recorded,analysis_results/review_source_audit_20261004/corrected_inventory/input.json,not_recorded,,not_recorded,analysis_results/review_source_audit_20261004/corrected_inventory/input.json,,not_explicitly_resolved,False,[],,False,False,True,False,False,False,not_exhaustively_reviewed_for_scope_or_detail
yqstnuAEVhm_26b2e92ccd314a2da1a4fc8dfc6e6f56,yqstnuAEVhm-04,yqstnuAEVhm,G241,research_annotation_image,gt:yqstnuAEVhm_26b2e92ccd314a2da1a4fc8dfc6e6f56:data/mp3d_layout/test/label_cor/yqstnuAEVhm_26b2e92ccd314a2da1a4fc8dfc6e6f56.txt,data/mp3d_layout/test/label_cor/yqstnuAEVhm_26b2e92ccd314a2da1a4fc8dfc6e6f56.txt,gt_original,original_gt_reference,False,"[0, 1, 2, 3, 4, 5, 6, 7]",8,valid_camera_inside,True,3,"[2, 3, 8]","[{""vertex_1based"": 2, ""status"": ""occluded_by_boundary"", ""blockers"": [{""edge_1based"": [4, 5], ""ray_fraction"": 0.21237939007261117, ""edge_fraction"": 0.005590556576194038, ""intersection_xy"": [0.29577769345706206, 0.4264983593154507]}, {""edge_1based"": [3, 4], ""ray_fraction"": 0.2295505419380181, ""edge_fraction"": 0.9781964895860276, ""intersection_xy"": [0.31969170738757846, 0.4609813103007071]}], ""contacts"": []}, {""vertex_1based"": 3, ""status"": ""occluded_by_boundary"", ""blockers"": [{""edge_1based"": [4, 5], ""ray_fraction"": 0.2123963625382042, ""edge_fraction"": 0.058862899807476575, ""intersection_xy"": [0.0679006473426278, 0.42650564601096397]}], ""contacts"": []}, {""vertex_1based"": 8, ""status"": ""occluded_by_boundary"", ""blockers"": [{""edge_1based"": [6, 7], ""ray_fraction"": 0.35853678004290335, ""edge_fraction"": 0.9313692385315729, ""intersection_xy"": [0.17000433030273784, -0.4394343542489905]}], ""contacts"": []}]",local_backtracking,困难,困难,applicable,,,reference_version_wording_unresolved_source_files_identified,[],"[{""evidence_kind"": ""semantic_image_evidence"", ""record"": {""semantic_status"": ""reference_version_wording_unresolved"", ""summary"": ""范围选择已有清楚解释；原始gt与MP3D原始同时指代不同内容，需由原始/修订/模型来源核对，非让用户重做范围判断。"", ""reason"": ""范围选择已有清楚解释；原始gt与MP3D原始同时指代不同内容，需由原始/修订/模型来源核对，非让用户重做范围判断。"", ""needs_user_review"": false, ""tags"": [""scope""], ""source"": ""C:/Users/ASUS/Downloads/全历史标注_定向补审_20260927(1).json#/image_decisions/yqstnuAEVhm_26b2e92ccd314a2da1a4fc8dfc6e6f56"", ""classification_resolved"": true, ""gt_version_note"": """"}, ""source_object_id"": ""fc42d8b4b92a825c7a00"", ""bundle_source"": ""analysis_results/research_input_20260929/preprocessed_source.json""}, {""evidence_kind"": ""image_traits_comment"", ""record"": {""comment"": ""如果只标门内空间,就算简单,标门外的就比较难""}, ""source_object_id"": ""fc42d8b4b92a825c7a00"", ""bundle_source"": ""analysis_results/research_input_20260929/preprocessed_source.json""}]",unflagged,unflagged_not_certified_normal,not_recorded,analysis_results/review_source_audit_20261004/corrected_inventory/input.json,not_recorded,,not_recorded,analysis_results/review_source_audit_20261004/corrected_inventory/input.json,,not_explicitly_resolved,False,"[""scope""]",,True,True,True,False,False,False,not_exhaustively_reviewed_for_scope_or_detail
yqstnuAEVhm_2b3fb4746d414cc6a31729b222ed79b2,yqstnuAEVhm-05,yqstnuAEVhm,G237,research_annotation_image,gt:yqstnuAEVhm_2b3fb4746d414cc6a31729b222ed79b2:data/mp3d_layout/test/label_cor/yqstnuAEVhm_2b3fb4746d414cc6a31729b222ed79b2.txt,data/mp3d_layout/test/label_cor/yqstnuAEVhm_2b3fb4746d414cc6a31729b222ed79b2.txt,gt_original,original_gt_reference,False,"[0, 1, 2, 3]",4,valid_camera_inside,False,0,[],[],cyclic_increasing,简单,简单,applicable,,,source_identified_no_new_semantic_review,[],[],unflagged,unflagged_not_certified_normal,not_recorded,analysis_results/review_source_audit_20261004/corrected_inventory/input.json,not_recorded,,not_recorded,analysis_results/review_source_audit_20261004/corrected_inventory/input.json,,not_explicitly_resolved,False,[],,False,False,False,False,False,False,not_exhaustively_reviewed_for_scope_or_detail
yqstnuAEVhm_2f8c1f8ea7364f67b1c5fe2be2750257,yqstnuAEVhm-06,yqstnuAEVhm,G236,research_annotation_image,gt:yqstnuAEVhm_2f8c1f8ea7364f67b1c5fe2be2750257:data/mp3d_layout/test/label_cor/yqstnuAEVhm_2f8c1f8ea7364f67b1c5fe2be2750257.txt,data/mp3d_layout/test/label_cor/yqstnuAEVhm_2f8c1f8ea7364f67b1c5fe2be2750257.txt,gt_original,original_gt_reference,False,"[0, 1, 2, 3]",4,valid_camera_inside,False,0,[],[],cyclic_increasing,简单,简单,applicable,,,source_identified_no_new_semantic_review,[],[],unflagged,unflagged_not_certified_normal,not_recorded,analysis_results/review_source_audit_20261004/corrected_inventory/input.json,not_recorded,,not_recorded,analysis_results/review_source_audit_20261004/corrected_inventory/input.json,,not_explicitly_resolved,False,[],,False,False,False,False,False,False,not_exhaustively_reviewed_for_scope_or_detail
yqstnuAEVhm_30f3ce4575234a7ba5ff97797f059ae1,yqstnuAEVhm-07,yqstnuAEVhm,G243,research_annotation_image,gt:yqstnuAEVhm_30f3ce4575234a7ba5ff97797f059ae1:data/mp3d_layout/test/label_cor/yqstnuAEVhm_30f3ce4575234a7ba5ff97797f059ae1.txt,data/mp3d_layout/test/label_cor/yqstnuAEVhm_30f3ce4575234a7ba5ff97797f059ae1.txt,gt_original,original_gt_reference,False,"[0, 1, 2, 3]",4,valid_camera_inside,False,0,[],[],cyclic_increasing,简单,简单,applicable,,,source_identified_no_new_semantic_review,[],[],unflagged,unflagged_not_certified_normal,not_recorded,analysis_results/review_source_audit_20261004/corrected_inventory/input.json,not_recorded,,not_recorded,analysis_results/review_source_audit_20261004/corrected_inventory/input.json,,not_explicitly_resolved,False,[],,False,False,False,False,False,False,not_exhaustively_reviewed_for_scope_or_detail
yqstnuAEVhm_4642492bb42d40debb1a3bad0ea7a24f,yqstnuAEVhm-08,yqstnuAEVhm,G244,research_annotation_image,gt:yqstnuAEVhm_4642492bb42d40debb1a3bad0ea7a24f:data/mp3d_layout/test/label_cor/yqstnuAEVhm_4642492bb42d40debb1a3bad0ea7a24f.txt,data/mp3d_layout/test/label_cor/yqstnuAEVhm_4642492bb42d40debb1a3bad0ea7a24f.txt,gt_original,original_gt_reference,False,"[0, 1, 2, 3, 4, 5]",6,valid_camera_inside,True,1,[6],"[{""vertex_1based"": 6, ""status"": ""occluded_by_boundary"", ""blockers"": [{""edge_1based"": [4, 5], ""ray_fraction"": 0.7393138379816296, ""edge_fraction"": 0.8858808800057962, ""intersection_xy"": [0.6409994057731986, -1.503228038449717]}], ""contacts"": []}]",local_backtracking,困难,困难,applicable,,,source_identified_no_new_semantic_review,[],"[{""evidence_kind"": ""semantic_image_evidence"", ""record"": {""semantic_status"": ""image_comment_classified"", ""summary"": ""标注的空间细节有不同,gt是忽略了左边墙角的变化的,他的标注区域是靠外了一点,没有纳入那个拐角,是把柜子当成 了墙,正好不会纳入那个地方.砖砌的墙那里他也标了拐角. 其他标注者 是把中间砖砌的墙忽略掉了(确实很隐蔽,不好标),直接标整个房间(簇2),簇3是左边墙角没标好(和簇2空间类似)"", ""reason"": ""已逐条读原话：标注的空间细节有不同,gt是忽略了左边墙角的变化的,他的标注区域是靠外了一点,没有纳入那个拐角,是把柜子当成 了墙,正好不会纳入那个地方.砖砌的墙那里他也标了拐角. 其他标注者 是把中间砖砌的墙忽略掉了(确实很隐蔽,不好标),直接标整个房间(簇2),簇3是左边墙角没标好(和簇2空间类似)"", ""needs_user_review"": false, ""source"": ""C:/Users/ASUS/Downloads/全历史标注_定向补审_20260927(1).json#/image_decisions/yqstnuAEVhm_4642492bb42d40debb1a3bad0ea7a24f"", ""tags"": [""scope"", ""detail"", ""reference_omission""], ""classification_resolved"": true, ""gt_version_note"": """"}, ""source_object_id"": ""71c862e10ba7cf021bfe"", ""bundle_source"": ""analysis_results/research_input_20260929/preprocessed_source.json""}]",unflagged,unflagged_not_certified_normal,not_recorded,analysis_results/review_source_audit_20261004/corrected_inventory/input.json,not_recorded,,not_recorded,analysis_results/review_source_audit_20261004/corrected_inventory/input.json,,not_explicitly_resolved,False,"[""detail"", ""reference_omission"", ""scope""]",,False,True,True,False,True,False,not_exhaustively_reviewed_for_scope_or_detail
yqstnuAEVhm_48447297e8444171a5db34ccf38bc229,yqstnuAEVhm-09,yqstnuAEVhm,G245,research_annotation_image,gt:yqstnuAEVhm_48447297e8444171a5db34ccf38bc229:data/mp3d_layout/test/label_cor/yqstnuAEVhm_48447297e8444171a5db34ccf38bc229.txt,data/mp3d_layout/test/label_cor/yqstnuAEVhm_48447297e8444171a5db34ccf38bc229.txt,gt_original,original_gt_reference,False,"[0, 1, 2, 3, 4, 5, 6, 7, 8, 9, 10, 11, 12, 13]",14,valid_camera_inside,True,2,"[10, 13]","[{""vertex_1based"": 10, ""status"": ""occluded_by_boundary"", ""blockers"": [{""edge_1based"": [11, 12], ""ray_fraction"": 0.6941211433073747, ""edge_fraction"": 0.1936838932983021, ""intersection_xy"": [-1.847147194317047, 0.686990889217103]}], ""contacts"": []}, {""vertex_1based"": 13, ""status"": ""occluded_by_boundary"", ""blockers"": [{""edge_1based"": [11, 12], ""ray_fraction"": 0.725412127890918, ""edge_fraction"": 0.899272864884471, ""intersection_xy"": [-1.8470401458567511, -0.41619554607168224]}], ""contacts"": []}]",local_backtracking,困难,困难,applicable,,,source_identified_no_new_semantic_review,[],"[{""evidence_kind"": ""semantic_image_evidence"", ""record"": {""semantic_status"": ""image_comment_classified"", ""summary"": ""这图较难,壁炉那里有些人是选择不标的,gt的标法肯定是最严谨的"", ""reason"": ""已逐条读原话：这图较难,壁炉那里有些人是选择不标的,gt的标法肯定是最严谨的"", ""needs_user_review"": false, ""source"": ""C:/Users/ASUS/Downloads/全历史标注_定向补审_20260927(1).json#/image_decisions/yqstnuAEVhm_48447297e8444171a5db34ccf38bc229"", ""tags"": [""detail""], ""classification_resolved"": true, ""gt_version_note"": """"}, ""source_object_id"": ""edd14839698213ae4d82"", ""bundle_source"": ""analysis_results/research_input_20260929/preprocessed_source.json""}]",unflagged,unflagged_not_certified_normal,not_recorded,analysis_results/review_source_audit_20261004/corrected_inventory/input.json,not_recorded,,not_recorded,analysis_results/review_source_audit_20261004/corrected_inventory/input.json,,not_explicitly_resolved,False,"[""detail""]",,False,False,True,False,False,False,not_exhaustively_reviewed_for_scope_or_detail
yqstnuAEVhm_4ab11dce32f346b2becac29e0ac6e526,yqstnuAEVhm-10,yqstnuAEVhm,G237,research_annotation_image,gt:yqstnuAEVhm_4ab11dce32f346b2becac29e0ac6e526:data/mp3d_layout/test/label_cor/yqstnuAEVhm_4ab11dce32f346b2becac29e0ac6e526.txt,data/mp3d_layout/test/label_cor/yqstnuAEVhm_4ab11dce32f346b2becac29e0ac6e526.txt,gt_original,original_gt_reference,False,"[0, 1, 2, 3]",4,valid_camera_inside,False,0,[],[],cyclic_increasing,简单,简单,applicable,,,source_identified_no_new_semantic_review,[],[],unflagged,unflagged_not_certified_normal,not_recorded,analysis_results/review_source_audit_20261004/corrected_inventory/input.json,not_recorded,,not_recorded,analysis_results/review_source_audit_20261004/corrected_inventory/input.json,,not_explicitly_resolved,False,[],,False,False,False,False,False,False,not_exhaustively_reviewed_for_scope_or_detail
yqstnuAEVhm_66ecc07f3cda4d8ebaf84288325669f5,yqstnuAEVhm-15,yqstnuAEVhm,G246,research_annotation_image,gt:yqstnuAEVhm_66ecc07f3cda4d8ebaf84288325669f5:data/mp3d_layout/test/label_cor/yqstnuAEVhm_66ecc07f3cda4d8ebaf84288325669f5.txt,data/mp3d_layout/test/label_cor/yqstnuAEVhm_66ecc07f3cda4d8ebaf84288325669f5.txt,gt_original,original_gt_reference,False,"[0, 1, 2, 3, 4, 5, 6, 7]",8,valid_camera_inside,False,0,[],[],cyclic_increasing,中等,中等,applicable,,,source_identified_no_new_semantic_review,[],[],oos,special_or_pending_keep_source_status,confirmed,analysis_results/review_source_audit_20261004/corrected_inventory/input.json,subtype_not_resolved,,not_recorded,analysis_results/review_source_audit_20261004/corrected_inventory/input.json,,not_explicitly_resolved,False,[],,False,False,False,False,False,False,not_exhaustively_reviewed_for_scope_or_detail
yqstnuAEVhm_9cb726b170554b9bacd039d4db246040,yqstnuAEVhm-24,yqstnuAEVhm,G253,research_annotation_image,gt:yqstnuAEVhm_9cb726b170554b9bacd039d4db246040:data/mp3d_layout/test/label_cor/yqstnuAEVhm_9cb726b170554b9bacd039d4db246040.txt,data/mp3d_layout/test/label_cor/yqstnuAEVhm_9cb726b170554b9bacd039d4db246040.txt,gt_original,original_gt_reference,False,"[0, 1, 2, 3, 4, 5]",6,valid_camera_inside,False,0,[],[],cyclic_increasing,中等,中等,applicable,,,source_identified_no_new_semantic_review,[],[],unflagged,unflagged_not_certified_normal,not_recorded,analysis_results/review_source_audit_20261004/corrected_inventory/input.json,not_recorded,,not_recorded,analysis_results/review_source_audit_20261004/corrected_inventory/input.json,,not_explicitly_resolved,False,[],,False,False,False,False,False,False,not_exhaustively_reviewed_for_scope_or_detail
yqstnuAEVhm_9de98503fd994452b627cdcc7a7d47b2,yqstnuAEVhm-25,yqstnuAEVhm,G243,research_annotation_image,gt:yqstnuAEVhm_9de98503fd994452b627cdcc7a7d47b2:data/mp3d_layout/test/label_cor/yqstnuAEVhm_9de98503fd994452b627cdcc7a7d47b2.txt,data/mp3d_layout/test/label_cor/yqstnuAEVhm_9de98503fd994452b627cdcc7a7d47b2.txt,gt_original,original_gt_reference,False,"[0, 1, 2, 3, 4, 5]",6,valid_camera_inside,True,1,[2],"[{""vertex_1based"": 2, ""status"": ""occluded_by_boundary"", ""blockers"": [{""edge_1based"": [3, 4], ""ray_fraction"": 0.22637436984695522, ""edge_fraction"": 0.43579150796983823, ""intersection_xy"": [0.9982741053068918, -0.04910346334896155]}], ""contacts"": []}]",local_backtracking,困难,困难,applicable,,,source_identified_no_new_semantic_review,[],"[{""evidence_kind"": ""semantic_image_evidence"", ""record"": {""semantic_status"": ""image_comment_classified"", ""summary"": ""这图确实有些人会忽略右边凸起的地方,但是因为右边的凸起把后面的墙角给挡住了,有点难标的.gt的范围还是最准确的.簇9是错的标注"", ""reason"": ""已逐条读原话：这图确实有些人会忽略右边凸起的地方,但是因为右边的凸起把后面的墙角给挡住了,有点难标的.gt的范围还是最准确的.簇9是错的标注"", ""needs_user_review"": false, ""source"": ""C:/Users/ASUS/Downloads/全历史标注_定向补审_20260927(1).json#/image_decisions/yqstnuAEVhm_9de98503fd994452b627cdcc7a7d47b2"", ""tags"": [""detail""], ""classification_resolved"": true, ""gt_version_note"": """"}, ""source_object_id"": ""65a559250acf09e2f7d7"", ""bundle_source"": ""analysis_results/research_input_20260929/preprocessed_source.json""}]",clear,explicit_not_oos_and_no_doorway,not_oos,analysis_results/difficulty_full_20261007/updated/human_review.json,not_oos,,none,analysis_results/difficulty_full_20261007/updated/human_review.json,,not_explicitly_resolved,False,"[""detail""]","右边遮挡,有些人忽略,有些人标的有偏差",False,False,True,False,False,False,not_exhaustively_reviewed_for_scope_or_detail
yqstnuAEVhm_a93ea1ea5702412c9ef9c82a436c4599,yqstnuAEVhm-26,yqstnuAEVhm,G237,research_annotation_image,gt:yqstnuAEVhm_a93ea1ea5702412c9ef9c82a436c4599:data/mp3d_layout/test/label_cor/yqstnuAEVhm_a93ea1ea5702412c9ef9c82a436c4599.txt,data/mp3d_layout/test/label_cor/yqstnuAEVhm_a93ea1ea5702412c9ef9c82a436c4599.txt,gt_original,original_gt_reference,False,"[0, 1, 2, 3]",4,valid_camera_inside,False,0,[],[],cyclic_increasing,简单,简单,applicable,,,source_identified_no_new_semantic_review,[],[],unflagged,unflagged_not_certified_normal,not_recorded,analysis_results/review_source_audit_20261004/corrected_inventory/input.json,not_recorded,,not_recorded,analysis_results/review_source_audit_20261004/corrected_inventory/input.json,,not_explicitly_resolved,False,[],,False,False,False,False,False,False,not_exhaustively_reviewed_for_scope_or_detail
yqstnuAEVhm_b26ae45c6c12443cbcfc3997f2e63347,yqstnuAEVhm-27,yqstnuAEVhm,G253,research_annotation_image,gt:yqstnuAEVhm_b26ae45c6c12443cbcfc3997f2e63347:data/mp3d_layout/test/label_cor/yqstnuAEVhm_b26ae45c6c12443cbcfc3997f2e63347.txt,data/mp3d_layout/test/label_cor/yqstnuAEVhm_b26ae45c6c12443cbcfc3997f2e63347.txt,gt_original,original_gt_reference,False,"[0, 1, 2, 3, 4, 5, 6, 7]",8,valid_camera_inside,False,0,[],[],cyclic_increasing,中等,中等,applicable,,,source_identified_no_new_semantic_review,[],[],unflagged,unflagged_not_certified_normal,not_recorded,analysis_results/review_source_audit_20261004/corrected_inventory/input.json,not_recorded,,not_recorded,analysis_results/review_source_audit_20261004/corrected_inventory/input.json,,not_explicitly_resolved,False,[],,False,False,False,False,False,False,not_exhaustively_reviewed_for_scope_or_detail
yqstnuAEVhm_c93bf298b1cb41a1b368a6ce8bcff53d,yqstnuAEVhm-29,yqstnuAEVhm,G245,research_annotation_image,gt:yqstnuAEVhm_c93bf298b1cb41a1b368a6ce8bcff53d:data/mp3d_layout/test/label_cor/yqstnuAEVhm_c93bf298b1cb41a1b368a6ce8bcff53d.txt,data/mp3d_layout/test/label_cor/yqstnuAEVhm_c93bf298b1cb41a1b368a6ce8bcff53d.txt,gt_original,original_gt_reference,False,"[0, 1, 2, 3, 4, 5, 6, 7, 8, 9, 10, 11, 12, 13, 14, 15, 16, 17]",18,valid_camera_inside,True,3,"[3, 10, 17]","[{""vertex_1based"": 3, ""status"": ""occluded_by_boundary"", ""blockers"": [{""edge_1based"": [1, 2], ""ray_fraction"": 0.7394939750521177, ""edge_fraction"": 0.885798465377545, ""intersection_xy"": [2.0729696567588594, 0.4689760059942279]}], ""contacts"": []}, {""vertex_1based"": 10, ""status"": ""occluded_by_boundary"", ""blockers"": [{""edge_1based"": [11, 12], ""ray_fraction"": 0.4772374145717737, ""edge_fraction"": 0.7447675867341531, ""intersection_xy"": [-0.7584070990884141, 1.0193219136921965]}], ""contacts"": []}, {""vertex_1based"": 17, ""status"": ""occluded_by_boundary"", ""blockers"": [{""edge_1based"": [18, 1], ""ray_fraction"": 0.5294376973188804, ""edge_fraction"": 0.07932964050004167, ""intersection_xy"": [-0.2225703663539362, -0.8118185674952889]}], ""contacts"": []}]",local_backtracking,困难,困难,applicable,,,source_identified_no_new_semantic_review,[],[],unflagged,unflagged_not_certified_normal,not_recorded,analysis_results/review_source_audit_20261004/corrected_inventory/input.json,not_recorded,,not_recorded,analysis_results/review_source_audit_20261004/corrected_inventory/input.json,,not_explicitly_resolved,False,[],,False,False,False,False,False,False,not_exhaustively_reviewed_for_scope_or_detail
yqstnuAEVhm_e3face7b2196414d95ed97151aa13058,yqstnuAEVhm-31,yqstnuAEVhm,G245,research_annotation_image,gt:yqstnuAEVhm_e3face7b2196414d95ed97151aa13058:data/mp3d_layout/test/label_cor/yqstnuAEVhm_e3face7b2196414d95ed97151aa13058.txt,data/mp3d_layout/test/label_cor/yqstnuAEVhm_e3face7b2196414d95ed97151aa13058.txt,gt_original,original_gt_reference,False,"[0, 1, 2, 3, 4, 5, 6, 7]",8,valid_camera_inside,True,2,"[4, 7]","[{""vertex_1based"": 4, ""status"": ""occluded_by_boundary"", ""blockers"": [{""edge_1based"": [2, 3], ""ray_fraction"": 0.08862125477173607, ""edge_fraction"": 0.7729122132987543, ""intersection_xy"": [-0.014251237013750162, 0.33302357456320575]}], ""contacts"": []}, {""vertex_1based"": 7, ""status"": ""occluded_by_boundary"", ""blockers"": [{""edge_1based"": [8, 1], ""ray_fraction"": 0.28008745705840143, ""edge_fraction"": 0.3131023414313172, ""intersection_xy"": [-0.10448954135631054, -0.5545909364566292]}], ""contacts"": []}]",local_backtracking,困难,困难,applicable,,,source_identified_no_new_semantic_review,[],"[{""evidence_kind"": ""semantic_image_evidence"", ""record"": {""semantic_status"": ""image_comment_classified"", ""summary"": ""这个视角标注很难,标注者中也存在标注最小空间的情况(簇2).但是标注这个最小空间几乎没有标房间里的大部分区域.\ngt的标注是最严谨完美的,有些人也会忽略壁炉所在的墙角.左侧墙角被完全遮挡,这特别难标,所以就算像标注完整房间,也会出现歧义,mp3d原始的gt是标注这个地方有些遗漏的,直接忽略这折叠的墙面"", ""reason"": ""已逐条读原话：这个视角标注很难,标注者中也存在标注最小空间的情况(簇2).但是标注这个最小空间几乎没有标房间里的大部分区域.\ngt的标注是最严谨完美的,有些人也会忽略壁炉所在的墙角.左侧墙角被完全遮挡,这特别难标,所以就算像标注完整房间,也会出现歧义,mp3d原始的gt是标注这个地方有些遗漏的,直接忽略这折叠的墙面"", ""needs_user_review"": false, ""source"": ""C:/Users/ASUS/Downloads/全历史标注_定向补审_20260927(1).json#/image_decisions/yqstnuAEVhm_e3face7b2196414d95ed97151aa13058"", ""tags"": [""scope"", ""detail"", ""reference_omission""], ""classification_resolved"": true, ""gt_version_note"": ""reference_omission仅指MP3D原始版；用户称当前GT最严谨，不将原始版遗漏转为修订GT错误。""}, ""source_object_id"": ""1f27c10411477390"", ""bundle_source"": ""analysis_results/research_input_20260929/preprocessed_source.json""}]",unflagged,unflagged_not_certified_normal,not_recorded,analysis_results/review_source_audit_20261004/corrected_inventory/input.json,not_recorded,,not_recorded,analysis_results/review_source_audit_20261004/corrected_inventory/input.json,,not_explicitly_resolved,False,"[""detail"", ""reference_omission"", ""scope""]",,True,True,True,False,True,False,not_exhaustively_reviewed_for_scope_or_detail
yqstnuAEVhm_e650c19e3eb34cc0b98374e5a23d1f65,yqstnuAEVhm-32,yqstnuAEVhm,G245,research_annotation_image,gt:yqstnuAEVhm_e650c19e3eb34cc0b98374e5a23d1f65:data/mp3d_layout/test/label_cor/yqstnuAEVhm_e650c19e3eb34cc0b98374e5a23d1f65.txt,data/mp3d_layout/test/label_cor/yqstnuAEVhm_e650c19e3eb34cc0b98374e5a23d1f65.txt,gt_original,original_gt_reference,False,"[0, 1, 2, 3, 4, 5, 6, 7, 8, 9, 10, 11, 12, 13, 14, 15]",16,valid_camera_inside,True,3,"[5, 9, 14]","[{""vertex_1based"": 5, ""status"": ""occluded_by_boundary"", ""blockers"": [{""edge_1based"": [3, 4], ""ray_fraction"": 0.6670932707062929, ""edge_fraction"": 0.6096994161749645, ""intersection_xy"": [1.113025015649385, -1.1978558258813212]}], ""contacts"": []}, {""vertex_1based"": 9, ""status"": ""occluded_by_boundary"", ""blockers"": [{""edge_1based"": [10, 11], ""ray_fraction"": 0.7155816652699358, ""edge_fraction"": 0.10024781465698288, ""intersection_xy"": [3.0362282694250378, -0.6179000801438705]}], ""contacts"": []}, {""vertex_1based"": 14, ""status"": ""occluded_by_boundary"", ""blockers"": [{""edge_1based"": [15, 16], ""ray_fraction"": 0.5252237798560959, ""edge_fraction"": 0.046212804098175395, ""intersection_xy"": [0.12820838215858363, 1.2437982752054388]}], ""contacts"": []}]",local_backtracking,困难,困难,applicable,,,source_identified_no_new_semantic_review,[],"[{""evidence_kind"": ""semantic_image_evidence"", ""record"": {""semantic_status"": ""image_comment_classified"", ""summary"": ""这图很难,标注空间范围不同,原始MP3d的是标了小隔间的区域(目前没有标注者标那里),之后壁炉有很多标注者会忽略,右边那复杂的墙角部分人也会简化/忽略.我修改过后的gt,我也忽略了最靠近门口的那一小块区域,提前停止了"", ""reason"": ""已逐条读原话：这图很难,标注空间范围不同,原始MP3d的是标了小隔间的区域(目前没有标注者标那里),之后壁炉有很多标注者会忽略,右边那复杂的墙角部分人也会简化/忽略.我修改过后的gt,我也忽略了最靠近门口的那一小块区域,提前停止了"", ""needs_user_review"": false, ""source"": ""C:/Users/ASUS/Downloads/全历史标注_定向补审_20260927(1).json#/image_decisions/yqstnuAEVhm_e650c19e3eb34cc0b98374e5a23d1f65"", ""tags"": [""scope"", ""detail"", ""reference_omission""], ""classification_resolved"": true, ""gt_version_note"": ""原始MP3D含小隔间；修订GT提前停止省略门口小块；分版本保留。""}, ""source_object_id"": ""a3975721377143bb"", ""bundle_source"": ""analysis_results/research_input_20260929/preprocessed_source.json""}]",clear,explicit_not_oos_and_no_doorway,not_oos,analysis_results/difficulty_consensus_20261006/user_review.json,not_oos,,none,analysis_results/difficulty_consensus_20261006/user_review.json,,not_explicitly_resolved,False,"[""detail"", ""reference_omission"", ""scope""]","很难,很多人会漏标细节",False,True,True,False,True,False,not_exhaustively_reviewed_for_scope_or_detail
yqstnuAEVhm_e9b4d8e951cb4712b3905c8f4c4dabb5,yqstnuAEVhm-34,yqstnuAEVhm,G241,research_annotation_image,gt:yqstnuAEVhm_e9b4d8e951cb4712b3905c8f4c4dabb5:data/mp3d_layout/test/label_cor/yqstnuAEVhm_e9b4d8e951cb4712b3905c8f4c4dabb5.txt,data/mp3d_layout/test/label_cor/yqstnuAEVhm_e9b4d8e951cb4712b3905c8f4c4dabb5.txt,gt_original,original_gt_reference,False,"[0, 1, 2, 3]",4,valid_camera_inside,False,0,[],[],cyclic_increasing,简单,简单,applicable,,,source_identified_no_new_semantic_review,[],"[{""evidence_kind"": ""semantic_image_evidence"", ""record"": {""semantic_status"": ""image_comment_classified"", ""summary"": ""同房间的图,这次来说,没有人标注门外的空间了(包括楼梯),但是停止位置有区别,大部分人还是在玻璃处停止(包括gt),w012是在稍微往外一点的地方才停止"", ""reason"": ""已逐条读原话：同房间的图,这次来说,没有人标注门外的空间了(包括楼梯),但是停止位置有区别,大部分人还是在玻璃处停止(包括gt),w012是在稍微往外一点的地方才停止"", ""needs_user_review"": false, ""source"": ""C:/Users/ASUS/Downloads/全历史标注_定向补审_20260927(1).json#/image_decisions/yqstnuAEVhm_e9b4d8e951cb4712b3905c8f4c4dabb5"", ""tags"": [""scope""], ""classification_resolved"": true, ""gt_version_note"": """"}, ""source_object_id"": ""7e0dce22d3201606"", ""bundle_source"": ""analysis_results/research_input_20260929/preprocessed_source.json""}]",clear,explicit_not_oos_and_no_doorway,not_oos,analysis_results/difficulty_consensus_20261006/user_review.json,not_oos,,none,analysis_results/difficulty_consensus_20261006/user_review.json,,not_explicitly_resolved,False,"[""scope""]",也存在不同的标注范围(较少),False,True,True,False,False,False,not_exhaustively_reviewed_for_scope_or_detail
zsNo4HB9uLZ_2caadd7bc71c43d5ad10f4e7f10a3455,zsNo4HB9uLZ-02,zsNo4HB9uLZ,,research_annotation_image,gt:zsNo4HB9uLZ_2caadd7bc71c43d5ad10f4e7f10a3455:data/mp3d_layout/valid/label_cor/zsNo4HB9uLZ_2caadd7bc71c43d5ad10f4e7f10a3455.txt,data/mp3d_layout/valid/label_cor/zsNo4HB9uLZ_2caadd7bc71c43d5ad10f4e7f10a3455.txt,gt_original,original_gt_reference,False,"[0, 1, 2, 3]",4,valid_camera_inside,False,0,[],[],cyclic_increasing,简单,简单,applicable,,,source_identified_no_new_semantic_review,[],"[{""evidence_kind"": ""semantic_image_evidence"", ""record"": {""semantic_status"": ""gt_detail_omission_not_global_error"", ""summary"": ""细节简化/遗漏属于同空间表达差异；可能与scope并存，不因这条评论阻断主分析。保留用户评价，不替其宣布GT完全错误。"", ""reason"": ""细节简化/遗漏属于同空间表达差异；可能与scope并存，不因这条评论阻断主分析。保留用户评价，不替其宣布GT完全错误。"", ""needs_user_review"": false, ""tags"": [""detail"", ""reference_omission""], ""source"": ""C:/Users/ASUS/Downloads/全历史标注_定向补审_20260927(1).json#/image_decisions/zsNo4HB9uLZ_2caadd7bc71c43d5ad10f4e7f10a3455"", ""classification_resolved"": true, ""gt_version_note"": """"}, ""source_object_id"": ""4f1effa8aeec2f6ca224"", ""bundle_source"": ""analysis_results/research_input_20260929/preprocessed_source.json""}]",unflagged,unflagged_not_certified_normal,not_recorded,analysis_results/review_source_audit_20261004/corrected_inventory/input.json,not_recorded,,not_recorded,analysis_results/review_source_audit_20261004/corrected_inventory/input.json,,not_explicitly_resolved,False,"[""detail"", ""reference_omission""]",,False,False,False,False,True,False,not_exhaustively_reviewed_for_scope_or_detail
zsNo4HB9uLZ_4c0aab63a4434cf4878e6f5b3ce9a70b,zsNo4HB9uLZ-05,zsNo4HB9uLZ,,research_annotation_image,gt:zsNo4HB9uLZ_4c0aab63a4434cf4878e6f5b3ce9a70b:data/mp3d_layout/valid/label_cor/zsNo4HB9uLZ_4c0aab63a4434cf4878e6f5b3ce9a70b.txt,data/mp3d_layout/valid/label_cor/zsNo4HB9uLZ_4c0aab63a4434cf4878e6f5b3ce9a70b.txt,gt_original,original_gt_reference,False,"[0, 1, 2, 3]",4,valid_camera_inside,False,0,[],[],cyclic_increasing,简单,简单,applicable,,,source_identified_no_new_semantic_review,[],"[{""evidence_kind"": ""semantic_image_evidence"", ""record"": {""semantic_status"": ""explicit_gt_error_statement"", ""summary"": ""用户明确陈述参考实质错误，保留其证据原话；不得泛化为所有标注无效，也不能退化为仅有合理范围差异。pRb12同时有细节遗漏。"", ""reason"": ""用户明确陈述参考实质错误，保留其证据原话；不得泛化为所有标注无效，也不能退化为仅有合理范围差异。pRb12同时有细节遗漏。"", ""needs_user_review"": false, ""tags"": [""reference_error""], ""source"": ""C:/Users/ASUS/Downloads/全历史标注_定向补审_20260927(1).json#/image_decisions/zsNo4HB9uLZ_4c0aab63a4434cf4878e6f5b3ce9a70b"", ""classification_resolved"": true, ""gt_version_note"": """"}, ""source_object_id"": ""95625df034393995804f"", ""bundle_source"": ""analysis_results/research_input_20260929/preprocessed_source.json""}]",unflagged,unflagged_not_certified_normal,not_recorded,analysis_results/review_source_audit_20261004/corrected_inventory/input.json,not_recorded,,not_recorded,analysis_results/review_source_audit_20261004/corrected_inventory/input.json,,not_explicitly_resolved,False,"[""reference_error""]",,False,False,False,True,False,False,not_exhaustively_reviewed_for_scope_or_detail
zsNo4HB9uLZ_65eefaf93e6249908e6389eb4eabf0f5,zsNo4HB9uLZ-09,zsNo4HB9uLZ,G257,research_annotation_image,gt:zsNo4HB9uLZ_65eefaf93e6249908e6389eb4eabf0f5:data/mp3d_layout/valid/label_cor/zsNo4HB9uLZ_65eefaf93e6249908e6389eb4eabf0f5.txt,data/mp3d_layout/valid/label_cor/zsNo4HB9uLZ_65eefaf93e6249908e6389eb4eabf0f5.txt,gt_original,original_gt_reference,False,"[0, 1, 2, 3]",4,valid_camera_inside,False,0,[],[],cyclic_increasing,简单,简单,applicable,,,source_identified_no_new_semantic_review,[],[],unflagged,unflagged_not_certified_normal,not_recorded,analysis_results/review_source_audit_20261004/corrected_inventory/input.json,not_recorded,,not_recorded,analysis_results/review_source_audit_20261004/corrected_inventory/input.json,,not_explicitly_resolved,False,[],,False,False,False,False,False,False,not_exhaustively_reviewed_for_scope_or_detail
zsNo4HB9uLZ_935e0f6088a54fba87990835d1997d9a,zsNo4HB9uLZ-11,zsNo4HB9uLZ,G260,research_annotation_image,gt:zsNo4HB9uLZ_935e0f6088a54fba87990835d1997d9a:data/mp3d_layout/valid/label_cor/zsNo4HB9uLZ_935e0f6088a54fba87990835d1997d9a.txt,data/mp3d_layout/valid/label_cor/zsNo4HB9uLZ_935e0f6088a54fba87990835d1997d9a.txt,gt_original,original_gt_reference,False,"[0, 1, 2, 3]",4,valid_camera_inside,False,0,[],[],cyclic_increasing,简单,简单,applicable,,,source_identified_no_new_semantic_review,[],"[{""evidence_kind"": ""semantic_image_evidence"", ""record"": {""semantic_status"": ""resolved_by_coverage_followup"", ""summary"": """", ""reason"": ""最新图片补审明确选项"", ""needs_user_review"": false, ""classification_resolved"": true, ""tags"": [], ""source"": ""evidence/coverage.json#/decisions/zsNo4HB9uLZ_935e0f6088a54fba87990835d1997d9a"", ""gt_version_note"": ""当前查看来源为原始Matterport标签：data/mp3d_layout/valid/label_cor/zsNo4HB9uLZ_935e0f6088a54fba87990835d1997d9a.txt""}, ""source_object_id"": ""db0804d9134b27e34fab"", ""bundle_source"": ""analysis_results/research_input_20260929/preprocessed_source.json""}, {""evidence_kind"": ""coverage_review"", ""record"": {""source"": ""evidence/coverage.json#/decisions/zsNo4HB9uLZ_935e0f6088a54fba87990835d1997d9a"", ""raw_record"": {""status"": ""resolved"", ""oos"": ""in_scope"", ""doorway"": ""none"", ""tags"": [], ""comment"": """", ""view_context"": {""annotation_id"": ""9d63775d8e3275770d76"", ""gt"": ""gt_revised"", ""gt_source"": ""data/mp3d_layout/valid/label_cor/zsNo4HB9uLZ_935e0f6088a54fba87990835d1997d9a.txt"", ""all_workers"": true}, ""updated_at"": ""2026-09-28T06:19:41.036Z""}, ""effective_tags"": [], ""user_clarification"": """"}, ""source_object_id"": ""db0804d9134b27e34fab"", ""bundle_source"": ""analysis_results/research_input_20260929/preprocessed_source.json""}]",clear,explicit_not_oos_and_no_doorway,not_oos,analysis_results/review_source_audit_20261004/corrected_inventory/input.json,not_oos,,none,analysis_results/review_source_audit_20261004/corrected_inventory/input.json,,not_explicitly_resolved,False,[],,False,False,False,False,False,False,not_exhaustively_reviewed_for_scope_or_detail
zsNo4HB9uLZ_aabf649f606a48a1b16d5bdcd5970602,zsNo4HB9uLZ-13,zsNo4HB9uLZ,G256,research_annotation_image,gt:zsNo4HB9uLZ_aabf649f606a48a1b16d5bdcd5970602:data/mp3d_layout/valid/label_cor/zsNo4HB9uLZ_aabf649f606a48a1b16d5bdcd5970602.txt,data/mp3d_layout/valid/label_cor/zsNo4HB9uLZ_aabf649f606a48a1b16d5bdcd5970602.txt,gt_original,original_gt_reference,False,"[0, 1, 2, 3, 4, 5, 6, 7, 8, 9]",10,valid_camera_inside,True,1,[6],"[{""vertex_1based"": 6, ""status"": ""occluded_by_boundary"", ""blockers"": [{""edge_1based"": [8, 9], ""ray_fraction"": 0.5940628572594558, ""edge_fraction"": 0.3196342731309769, ""intersection_xy"": [-0.4990868311841948, 0.1422458800104399]}], ""contacts"": []}]",local_backtracking,困难,困难,applicable,,,source_identified_no_new_semantic_review,[],[],unflagged,unflagged_not_certified_normal,not_recorded,analysis_results/review_source_audit_20261004/corrected_inventory/input.json,not_recorded,,not_recorded,analysis_results/review_source_audit_20261004/corrected_inventory/input.json,,not_explicitly_resolved,False,[],,False,False,True,False,False,False,not_exhaustively_reviewed_for_scope_or_detail
zsNo4HB9uLZ_faad06c7cb2b4a6f9220e7f6f87c800b,zsNo4HB9uLZ-16,zsNo4HB9uLZ,G256,research_annotation_image,gt:zsNo4HB9uLZ_faad06c7cb2b4a6f9220e7f6f87c800b:data/mp3d_layout/valid/label_cor/zsNo4HB9uLZ_faad06c7cb2b4a6f9220e7f6f87c800b.txt,data/mp3d_layout/valid/label_cor/zsNo4HB9uLZ_faad06c7cb2b4a6f9220e7f6f87c800b.txt,gt_original,original_gt_reference,False,"[0, 1, 2, 3, 4, 5]",6,valid_camera_inside,True,1,[1],"[{""vertex_1based"": 1, ""status"": ""occluded_by_boundary"", ""blockers"": [{""edge_1based"": [2, 3], ""ray_fraction"": 0.5095919033613996, ""edge_fraction"": 0.021104718036776042, ""intersection_xy"": [-0.04409638389305601, -1.6555056157907142]}], ""contacts"": []}]",local_backtracking,困难,困难,applicable,,,source_identified_no_new_semantic_review,[],[],unflagged,unflagged_not_certified_normal,not_recorded,analysis_results/review_source_audit_20261004/corrected_inventory/input.json,not_recorded,,not_recorded,analysis_results/review_source_audit_20261004/corrected_inventory/input.json,,not_explicitly_resolved,False,[],,False,False,False,False,False,False,not_exhaustively_reviewed_for_scope_or_detail
