building_count,component_id,condition,cross_building_stability_estimable,estimable,feature_name,reference_source_version,stage,task_count,task_ids_json,worker_count,worker_ids_json
13,C1|manual|c1_iou_to_gt|562c45de05|c1,manual,True,True,c1_iou_to_gt,analysis_results/post_block2_analysis_pack_20260817_v4/post_block2_submission_master.csv|7b299a7910c5296ea7eac547471d6bd1ea43e2c012d765c72f3dd1a57498571a|frozen_c1_public_gt,C1,79,"[""7y3sRwLe3Va_112edb40f34e470da3a5b04599e71211"", ""7y3sRwLe3Va_a775c7668ca9419daaf506e76851821e"", ""7y3sRwLe3Va_ad77d6eeca5b492b8fe3317177f4f03f"", ""7y3sRwLe3Va_b47475370e824b9e923a4a96bc98e1e3"", ""7y3sRwLe3Va_bbcc19afdad742eba89290ad2b5dbf6b"", ""7y3sRwLe3Va_fdab6422162e49db822a37178ab70481"", ""B6ByNegPMKs_5b5bd1eac4e6462d8c6677b90a4cf9a9"", ""B6ByNegPMKs_7018ca302c584d0d85024187f3568460"", ""B6ByNegPMKs_c946db5792df4f90bea20f06a0030c37"", ""B6ByNegPMKs_e26e2cb761894264a4a34b1046701f6b"", ""B6ByNegPMKs_e52609aae11f42a79f6cf50360180fd5"", ""B6ByNegPMKs_ee063d1562c147f586ebb9f6fdb05ca6"", ""UwV83HsGsw3_a3630444bbd94cd6ac4edbe2dc1221de"", ""UwV83HsGsw3_bc29294428a647038f70e0ea31ea8972"", ""UwV83HsGsw3_f9641b59487a4b0ca0fe41a82edc0980"", ""X7HyMhZNoso_2b16acff0dc042a1a75816a1fbd0a302"", ""X7HyMhZNoso_b6f452209a62499795e5bd137214a7f9"", ""Z6MFQCViBuw_2008e72476f84104858e908beeac0193"", ""Z6MFQCViBuw_22fff6c74efb476592569c18718feb41"", ""Z6MFQCViBuw_59aed460238643f48f593e9b9ba1c17d"", ""b8cTxDM8gDG_f339391e9479496e8652c972953f0ce4"", ""b8cTxDM8gDG_f3748786c3704532abb2358581488f3f"", ""e9zR4mvMWw7_0ee61863ec0c4c06bac95fb886e98945"", ""e9zR4mvMWw7_1d316dfbe35f41dd9203eaf88be5aae8"", ""e9zR4mvMWw7_4273c4dd97974531b5256f96204fee47"", ""q9vSo1VnCiC_1cd414875b9b4311bc6a179d91e6270d"", ""q9vSo1VnCiC_3e5aacbc10904d4b88660a3cb91efcb9"", ""q9vSo1VnCiC_3e7f67e8969f434b9a4aec0c68668b20"", ""q9vSo1VnCiC_830eb252ae01401a8fe55f9538e627dd"", ""q9vSo1VnCiC_9ba6cd412cb04c5c9beb15ef9e6d22c5"", ""q9vSo1VnCiC_a424533651804a38a55b1252daccc81e"", ""q9vSo1VnCiC_c4b0b6a41c2a4db3927f5fa9cafb6345"", ""q9vSo1VnCiC_dc320b1236f741a98303db9f89bc68a2"", ""q9vSo1VnCiC_dc873df7717c43888a1cff13713fe146"", ""q9vSo1VnCiC_f7452776f0604b508bb2b0263238deb0"", ""rPc6DW4iMge_0012f6dcce9645778ac459e189cf0db3"", ""rPc6DW4iMge_0dfe61800cc540db8e25c1738bc4b8ff"", ""rPc6DW4iMge_4350d36797324601adba7351d09602d2"", ""rPc6DW4iMge_9d3eb9f5d38844bfb4e5fb2cd05fd3fd"", ""rPc6DW4iMge_a72230c911234d18b08568b9d8b02dd2"", ""uNb9QFRL6hY_1096f195d3294cefa462add5ab0c342e"", ""uNb9QFRL6hY_5948424345f541b9a570b48f1cfcf622"", ""uNb9QFRL6hY_5b62816d9cf94f17ae166291822ea9ab"", ""uNb9QFRL6hY_6115ed700b5144cfa3443346381cb7cd"", ""uNb9QFRL6hY_6a500a9a43a340eb817c58bb084327fe"", ""uNb9QFRL6hY_748279b5d6e740c4b2cba9fc78d6fc62"", ""uNb9QFRL6hY_85e7a14905bd44648061e3eb7f79cf13"", ""uNb9QFRL6hY_8b6f1b0b025848b482e747ab6a027b97"", ""uNb9QFRL6hY_9f199750b00c4f5484a546d79e06a0f8"", ""uNb9QFRL6hY_a372582c11864f31a9dd174e4a0ae6ad"", ""uNb9QFRL6hY_a7ab19b1a9f044f0905592de1414e8b3"", ""uNb9QFRL6hY_ba24e5a57ef34c6dbc0458ed4c1e701d"", ""uNb9QFRL6hY_c6410f47ad754d6cbd890ba7dff8b449"", ""uNb9QFRL6hY_ca08ebfb2da647f68db41630637e400b"", ""uNb9QFRL6hY_cdca0a1a2fc343bb94bacdc3045b2d8d"", ""uNb9QFRL6hY_f4eb9862530a4f909b46f51d1887d05f"", ""uNb9QFRL6hY_f7944295a76541b186e6a557ebdbba14"", ""uNb9QFRL6hY_fd8d4da92ec14b668ed3d2986616bd14"", ""wc2JMjhGNzB_03c1aca95e254bf4b0db303a28d79aee"", ""wc2JMjhGNzB_1d8917d25abb4a77a0da9583dc82c17c"", ""wc2JMjhGNzB_4884da3227464ab5b82f631ff22205bd"", ""wc2JMjhGNzB_55b45b0f19c2460bbcd1fb1c86c6610d"", ""wc2JMjhGNzB_9087f0358178420a8b9ac7b17a8919c7"", ""wc2JMjhGNzB_b41b10699d614f24851b56a9a0e743c6"", ""wc2JMjhGNzB_c7c84bf01a834489ad11d8450a7dc2bc"", ""wc2JMjhGNzB_dda6efcba51c40de8552408953719515"", ""wc2JMjhGNzB_ec04ef10a0664e94878aa2d0f1720c2f"", ""x8F5xyUWy9e_3a127fd2c5f34d978cba253145dae7d6"", ""x8F5xyUWy9e_9926b38bd87e44e292d9c375050dd17d"", ""yqstnuAEVhm_08e2145b15fc4d2497c084af41dc7089"", ""yqstnuAEVhm_26b2e92ccd314a2da1a4fc8dfc6e6f56"", ""yqstnuAEVhm_2f8c1f8ea7364f67b1c5fe2be2750257"", ""yqstnuAEVhm_30f3ce4575234a7ba5ff97797f059ae1"", ""yqstnuAEVhm_4642492bb42d40debb1a3bad0ea7a24f"", ""yqstnuAEVhm_48447297e8444171a5db34ccf38bc229"", ""yqstnuAEVhm_9cb726b170554b9bacd039d4db246040"", ""yqstnuAEVhm_9de98503fd994452b627cdcc7a7d47b2"", ""yqstnuAEVhm_b26ae45c6c12443cbcfc3997f2e63347"", ""yqstnuAEVhm_c93bf298b1cb41a1b368a6ce8bcff53d""]",23,"[""1"", ""10"", ""11"", ""12"", ""13"", ""14"", ""15"", ""17"", ""18"", ""2"", ""27"", ""28"", ""29"", ""30"", ""31"", ""32"", ""33"", ""34"", ""35"", ""36"", ""37"", ""6"", ""8""]"
3,C1|manual|d_mask_to_reference|63046ecefc|c1,manual,True,True,d_mask_to_reference,analysis_results/prescreen_closeout_final_gold_v2_20260701/final_gold_records_v2_p1_closeout_corrected.jsonl|82dbcb1d08754476e4f2a447b70550bd297689c2c50df9f96aeb270b37f163d6|geometry_gt,C1,6,"[""q9vSo1VnCiC_1cd414875b9b4311bc6a179d91e6270d"", ""uNb9QFRL6hY_8b6f1b0b025848b482e747ab6a027b97"", ""uNb9QFRL6hY_fd8d4da92ec14b668ed3d2986616bd14"", ""wc2JMjhGNzB_1d8917d25abb4a77a0da9583dc82c17c"", ""wc2JMjhGNzB_b41b10699d614f24851b56a9a0e743c6"", ""wc2JMjhGNzB_dda6efcba51c40de8552408953719515""]",23,"[""1"", ""10"", ""11"", ""12"", ""13"", ""14"", ""15"", ""17"", ""18"", ""2"", ""27"", ""28"", ""29"", ""30"", ""31"", ""32"", ""33"", ""34"", ""35"", ""36"", ""37"", ""6"", ""8""]"
3,C1|manual|reference_corner_cyclic_rmse|63046ecefc|c1,manual,True,True,reference_corner_cyclic_rmse,analysis_results/prescreen_closeout_final_gold_v2_20260701/final_gold_records_v2_p1_closeout_corrected.jsonl|82dbcb1d08754476e4f2a447b70550bd297689c2c50df9f96aeb270b37f163d6|geometry_gt,C1,5,"[""q9vSo1VnCiC_1cd414875b9b4311bc6a179d91e6270d"", ""uNb9QFRL6hY_8b6f1b0b025848b482e747ab6a027b97"", ""wc2JMjhGNzB_1d8917d25abb4a77a0da9583dc82c17c"", ""wc2JMjhGNzB_b41b10699d614f24851b56a9a0e743c6"", ""wc2JMjhGNzB_dda6efcba51c40de8552408953719515""]",22,"[""1"", ""10"", ""11"", ""12"", ""13"", ""14"", ""15"", ""17"", ""18"", ""2"", ""27"", ""28"", ""29"", ""30"", ""31"", ""32"", ""33"", ""34"", ""35"", ""36"", ""6"", ""8""]"
3,C1|manual|reference_corresponding_signed_x_offset|63046ecefc|c1,manual,True,True,reference_corresponding_signed_x_offset,analysis_results/prescreen_closeout_final_gold_v2_20260701/final_gold_records_v2_p1_closeout_corrected.jsonl|82dbcb1d08754476e4f2a447b70550bd297689c2c50df9f96aeb270b37f163d6|geometry_gt,C1,5,"[""q9vSo1VnCiC_1cd414875b9b4311bc6a179d91e6270d"", ""uNb9QFRL6hY_8b6f1b0b025848b482e747ab6a027b97"", ""wc2JMjhGNzB_1d8917d25abb4a77a0da9583dc82c17c"", ""wc2JMjhGNzB_b41b10699d614f24851b56a9a0e743c6"", ""wc2JMjhGNzB_dda6efcba51c40de8552408953719515""]",22,"[""1"", ""10"", ""11"", ""12"", ""13"", ""14"", ""15"", ""17"", ""18"", ""2"", ""27"", ""28"", ""29"", ""30"", ""31"", ""32"", ""33"", ""34"", ""35"", ""36"", ""6"", ""8""]"
3,C1|manual|reference_signed_corner_pair_count_difference|63046ecefc|c1,manual,True,True,reference_signed_corner_pair_count_difference,analysis_results/prescreen_closeout_final_gold_v2_20260701/final_gold_records_v2_p1_closeout_corrected.jsonl|82dbcb1d08754476e4f2a447b70550bd297689c2c50df9f96aeb270b37f163d6|geometry_gt,C1,6,"[""q9vSo1VnCiC_1cd414875b9b4311bc6a179d91e6270d"", ""uNb9QFRL6hY_8b6f1b0b025848b482e747ab6a027b97"", ""uNb9QFRL6hY_fd8d4da92ec14b668ed3d2986616bd14"", ""wc2JMjhGNzB_1d8917d25abb4a77a0da9583dc82c17c"", ""wc2JMjhGNzB_b41b10699d614f24851b56a9a0e743c6"", ""wc2JMjhGNzB_dda6efcba51c40de8552408953719515""]",23,"[""1"", ""10"", ""11"", ""12"", ""13"", ""14"", ""15"", ""17"", ""18"", ""2"", ""27"", ""28"", ""29"", ""30"", ""31"", ""32"", ""33"", ""34"", ""35"", ""36"", ""37"", ""6"", ""8""]"
13,C1|manual|log_owner_valid_active_seconds|81e8f262bf|c1,manual,True,True,log_owner_valid_active_seconds,frozen_c1_task_worker_active_time|c1_task_worker_active_time_v1|owner_valid_active_time,C1,87,"[""7y3sRwLe3Va_112edb40f34e470da3a5b04599e71211"", ""7y3sRwLe3Va_9e4c92fd7eb74504baecf55a3264716e"", ""7y3sRwLe3Va_a775c7668ca9419daaf506e76851821e"", ""7y3sRwLe3Va_ad77d6eeca5b492b8fe3317177f4f03f"", ""7y3sRwLe3Va_b47475370e824b9e923a4a96bc98e1e3"", ""7y3sRwLe3Va_b564162b2c7d4033bfe6ef3dfb959c9e"", ""7y3sRwLe3Va_bbcc19afdad742eba89290ad2b5dbf6b"", ""7y3sRwLe3Va_fdab6422162e49db822a37178ab70481"", ""B6ByNegPMKs_5b5bd1eac4e6462d8c6677b90a4cf9a9"", ""B6ByNegPMKs_7018ca302c584d0d85024187f3568460"", ""B6ByNegPMKs_c946db5792df4f90bea20f06a0030c37"", ""B6ByNegPMKs_e26e2cb761894264a4a34b1046701f6b"", ""B6ByNegPMKs_e52609aae11f42a79f6cf50360180fd5"", ""B6ByNegPMKs_ee063d1562c147f586ebb9f6fdb05ca6"", ""UwV83HsGsw3_0f1385fc03994285ad8253b49516d77b"", ""UwV83HsGsw3_16af52545aff47afb4d7b330a49091a2"", ""UwV83HsGsw3_a3630444bbd94cd6ac4edbe2dc1221de"", ""UwV83HsGsw3_b979526475874ad68ae33f02d407a1fc"", ""UwV83HsGsw3_bc29294428a647038f70e0ea31ea8972"", ""UwV83HsGsw3_f9641b59487a4b0ca0fe41a82edc0980"", ""X7HyMhZNoso_2b16acff0dc042a1a75816a1fbd0a302"", ""X7HyMhZNoso_b6f452209a62499795e5bd137214a7f9"", ""Z6MFQCViBuw_2008e72476f84104858e908beeac0193"", ""Z6MFQCViBuw_22fff6c74efb476592569c18718feb41"", ""Z6MFQCViBuw_59aed460238643f48f593e9b9ba1c17d"", ""b8cTxDM8gDG_f339391e9479496e8652c972953f0ce4"", ""b8cTxDM8gDG_f3748786c3704532abb2358581488f3f"", ""e9zR4mvMWw7_0ee61863ec0c4c06bac95fb886e98945"", ""e9zR4mvMWw7_1d316dfbe35f41dd9203eaf88be5aae8"", ""e9zR4mvMWw7_4273c4dd97974531b5256f96204fee47"", ""q9vSo1VnCiC_1cd414875b9b4311bc6a179d91e6270d"", ""q9vSo1VnCiC_3e5aacbc10904d4b88660a3cb91efcb9"", ""q9vSo1VnCiC_3e7f67e8969f434b9a4aec0c68668b20"", ""q9vSo1VnCiC_830eb252ae01401a8fe55f9538e627dd"", ""q9vSo1VnCiC_9ba6cd412cb04c5c9beb15ef9e6d22c5"", ""q9vSo1VnCiC_a424533651804a38a55b1252daccc81e"", ""q9vSo1VnCiC_c4b0b6a41c2a4db3927f5fa9cafb6345"", ""q9vSo1VnCiC_dc320b1236f741a98303db9f89bc68a2"", ""q9vSo1VnCiC_dc873df7717c43888a1cff13713fe146"", ""q9vSo1VnCiC_f7452776f0604b508bb2b0263238deb0"", ""rPc6DW4iMge_0012f6dcce9645778ac459e189cf0db3"", ""rPc6DW4iMge_0dfe61800cc540db8e25c1738bc4b8ff"", ""rPc6DW4iMge_4350d36797324601adba7351d09602d2"", ""rPc6DW4iMge_9d3eb9f5d38844bfb4e5fb2cd05fd3fd"", ""rPc6DW4iMge_a72230c911234d18b08568b9d8b02dd2"", ""uNb9QFRL6hY_1096f195d3294cefa462add5ab0c342e"", ""uNb9QFRL6hY_5948424345f541b9a570b48f1cfcf622"", ""uNb9QFRL6hY_5b62816d9cf94f17ae166291822ea9ab"", ""uNb9QFRL6hY_6115ed700b5144cfa3443346381cb7cd"", ""uNb9QFRL6hY_6a500a9a43a340eb817c58bb084327fe"", ""uNb9QFRL6hY_6c4fa6dfddc1499db228854454bfc61d"", ""uNb9QFRL6hY_748279b5d6e740c4b2cba9fc78d6fc62"", ""uNb9QFRL6hY_85e7a14905bd44648061e3eb7f79cf13"", ""uNb9QFRL6hY_8b6f1b0b025848b482e747ab6a027b97"", ""uNb9QFRL6hY_9f199750b00c4f5484a546d79e06a0f8"", ""uNb9QFRL6hY_a372582c11864f31a9dd174e4a0ae6ad"", ""uNb9QFRL6hY_a7ab19b1a9f044f0905592de1414e8b3"", ""uNb9QFRL6hY_ba24e5a57ef34c6dbc0458ed4c1e701d"", ""uNb9QFRL6hY_c6410f47ad754d6cbd890ba7dff8b449"", ""uNb9QFRL6hY_ca08ebfb2da647f68db41630637e400b"", ""uNb9QFRL6hY_cdca0a1a2fc343bb94bacdc3045b2d8d"", ""uNb9QFRL6hY_ce88ee8b7ee84fca92c13ab16599d90e"", ""uNb9QFRL6hY_f4eb9862530a4f909b46f51d1887d05f"", ""uNb9QFRL6hY_f7944295a76541b186e6a557ebdbba14"", ""uNb9QFRL6hY_fd8d4da92ec14b668ed3d2986616bd14"", ""wc2JMjhGNzB_03c1aca95e254bf4b0db303a28d79aee"", ""wc2JMjhGNzB_1d8917d25abb4a77a0da9583dc82c17c"", ""wc2JMjhGNzB_4884da3227464ab5b82f631ff22205bd"", ""wc2JMjhGNzB_55b45b0f19c2460bbcd1fb1c86c6610d"", ""wc2JMjhGNzB_9087f0358178420a8b9ac7b17a8919c7"", ""wc2JMjhGNzB_b41b10699d614f24851b56a9a0e743c6"", ""wc2JMjhGNzB_c7c84bf01a834489ad11d8450a7dc2bc"", ""wc2JMjhGNzB_dda6efcba51c40de8552408953719515"", ""wc2JMjhGNzB_ec04ef10a0664e94878aa2d0f1720c2f"", ""x8F5xyUWy9e_1be9a97aada84e4795f64583ac0e3b76"", ""x8F5xyUWy9e_3a127fd2c5f34d978cba253145dae7d6"", ""x8F5xyUWy9e_9926b38bd87e44e292d9c375050dd17d"", ""yqstnuAEVhm_08e2145b15fc4d2497c084af41dc7089"", ""yqstnuAEVhm_26b2e92ccd314a2da1a4fc8dfc6e6f56"", ""yqstnuAEVhm_2f8c1f8ea7364f67b1c5fe2be2750257"", ""yqstnuAEVhm_30f3ce4575234a7ba5ff97797f059ae1"", ""yqstnuAEVhm_4642492bb42d40debb1a3bad0ea7a24f"", ""yqstnuAEVhm_48447297e8444171a5db34ccf38bc229"", ""yqstnuAEVhm_9cb726b170554b9bacd039d4db246040"", ""yqstnuAEVhm_9de98503fd994452b627cdcc7a7d47b2"", ""yqstnuAEVhm_b26ae45c6c12443cbcfc3997f2e63347"", ""yqstnuAEVhm_c93bf298b1cb41a1b368a6ce8bcff53d""]",22,"[""1"", ""10"", ""11"", ""12"", ""13"", ""15"", ""17"", ""18"", ""2"", ""27"", ""28"", ""29"", ""30"", ""31"", ""32"", ""33"", ""34"", ""35"", ""36"", ""37"", ""6"", ""8""]"
13,C1|manual|d_mask_to_reference|33c748a6fd|c1,manual,True,True,d_mask_to_reference,import_json/groudTruth_458_tasks_import_from_updated_gt_20260701.json|1b2a2d905f62d703a3e46a7a83e5dca6e90c6030988d6ca594d2eb69793b5cf6|geometry_gt,C1,80,"[""7y3sRwLe3Va_112edb40f34e470da3a5b04599e71211"", ""7y3sRwLe3Va_9e4c92fd7eb74504baecf55a3264716e"", ""7y3sRwLe3Va_a775c7668ca9419daaf506e76851821e"", ""7y3sRwLe3Va_ad77d6eeca5b492b8fe3317177f4f03f"", ""7y3sRwLe3Va_b47475370e824b9e923a4a96bc98e1e3"", ""7y3sRwLe3Va_b564162b2c7d4033bfe6ef3dfb959c9e"", ""7y3sRwLe3Va_bbcc19afdad742eba89290ad2b5dbf6b"", ""7y3sRwLe3Va_fdab6422162e49db822a37178ab70481"", ""B6ByNegPMKs_5b5bd1eac4e6462d8c6677b90a4cf9a9"", ""B6ByNegPMKs_7018ca302c584d0d85024187f3568460"", ""B6ByNegPMKs_c946db5792df4f90bea20f06a0030c37"", ""B6ByNegPMKs_e26e2cb761894264a4a34b1046701f6b"", ""B6ByNegPMKs_e52609aae11f42a79f6cf50360180fd5"", ""B6ByNegPMKs_ee063d1562c147f586ebb9f6fdb05ca6"", ""UwV83HsGsw3_0f1385fc03994285ad8253b49516d77b"", ""UwV83HsGsw3_16af52545aff47afb4d7b330a49091a2"", ""UwV83HsGsw3_a3630444bbd94cd6ac4edbe2dc1221de"", ""UwV83HsGsw3_b979526475874ad68ae33f02d407a1fc"", ""UwV83HsGsw3_bc29294428a647038f70e0ea31ea8972"", ""UwV83HsGsw3_f9641b59487a4b0ca0fe41a82edc0980"", ""X7HyMhZNoso_2b16acff0dc042a1a75816a1fbd0a302"", ""X7HyMhZNoso_b6f452209a62499795e5bd137214a7f9"", ""Z6MFQCViBuw_2008e72476f84104858e908beeac0193"", ""Z6MFQCViBuw_22fff6c74efb476592569c18718feb41"", ""Z6MFQCViBuw_59aed460238643f48f593e9b9ba1c17d"", ""b8cTxDM8gDG_f339391e9479496e8652c972953f0ce4"", ""b8cTxDM8gDG_f3748786c3704532abb2358581488f3f"", ""e9zR4mvMWw7_0ee61863ec0c4c06bac95fb886e98945"", ""e9zR4mvMWw7_1d316dfbe35f41dd9203eaf88be5aae8"", ""e9zR4mvMWw7_4273c4dd97974531b5256f96204fee47"", ""q9vSo1VnCiC_3e5aacbc10904d4b88660a3cb91efcb9"", ""q9vSo1VnCiC_3e7f67e8969f434b9a4aec0c68668b20"", ""q9vSo1VnCiC_830eb252ae01401a8fe55f9538e627dd"", ""q9vSo1VnCiC_9ba6cd412cb04c5c9beb15ef9e6d22c5"", ""q9vSo1VnCiC_a424533651804a38a55b1252daccc81e"", ""q9vSo1VnCiC_c4b0b6a41c2a4db3927f5fa9cafb6345"", ""q9vSo1VnCiC_dc320b1236f741a98303db9f89bc68a2"", ""q9vSo1VnCiC_dc873df7717c43888a1cff13713fe146"", ""q9vSo1VnCiC_f7452776f0604b508bb2b0263238deb0"", ""rPc6DW4iMge_0012f6dcce9645778ac459e189cf0db3"", ""rPc6DW4iMge_0dfe61800cc540db8e25c1738bc4b8ff"", ""rPc6DW4iMge_4350d36797324601adba7351d09602d2"", ""rPc6DW4iMge_9d3eb9f5d38844bfb4e5fb2cd05fd3fd"", ""rPc6DW4iMge_a72230c911234d18b08568b9d8b02dd2"", ""uNb9QFRL6hY_1096f195d3294cefa462add5ab0c342e"", ""uNb9QFRL6hY_5948424345f541b9a570b48f1cfcf622"", ""uNb9QFRL6hY_5b62816d9cf94f17ae166291822ea9ab"", ""uNb9QFRL6hY_6115ed700b5144cfa3443346381cb7cd"", ""uNb9QFRL6hY_6a500a9a43a340eb817c58bb084327fe"", ""uNb9QFRL6hY_6c4fa6dfddc1499db228854454bfc61d"", ""uNb9QFRL6hY_748279b5d6e740c4b2cba9fc78d6fc62"", ""uNb9QFRL6hY_85e7a14905bd44648061e3eb7f79cf13"", ""uNb9QFRL6hY_9f199750b00c4f5484a546d79e06a0f8"", ""uNb9QFRL6hY_a372582c11864f31a9dd174e4a0ae6ad"", ""uNb9QFRL6hY_a7ab19b1a9f044f0905592de1414e8b3"", ""uNb9QFRL6hY_ba24e5a57ef34c6dbc0458ed4c1e701d"", ""uNb9QFRL6hY_c6410f47ad754d6cbd890ba7dff8b449"", ""uNb9QFRL6hY_ca08ebfb2da647f68db41630637e400b"", ""uNb9QFRL6hY_cdca0a1a2fc343bb94bacdc3045b2d8d"", ""uNb9QFRL6hY_ce88ee8b7ee84fca92c13ab16599d90e"", ""uNb9QFRL6hY_f4eb9862530a4f909b46f51d1887d05f"", ""wc2JMjhGNzB_03c1aca95e254bf4b0db303a28d79aee"", ""wc2JMjhGNzB_4884da3227464ab5b82f631ff22205bd"", ""wc2JMjhGNzB_55b45b0f19c2460bbcd1fb1c86c6610d"", ""wc2JMjhGNzB_9087f0358178420a8b9ac7b17a8919c7"", ""wc2JMjhGNzB_c7c84bf01a834489ad11d8450a7dc2bc"", ""wc2JMjhGNzB_ec04ef10a0664e94878aa2d0f1720c2f"", ""x8F5xyUWy9e_1be9a97aada84e4795f64583ac0e3b76"", ""x8F5xyUWy9e_3a127fd2c5f34d978cba253145dae7d6"", ""x8F5xyUWy9e_9926b38bd87e44e292d9c375050dd17d"", ""yqstnuAEVhm_08e2145b15fc4d2497c084af41dc7089"", ""yqstnuAEVhm_26b2e92ccd314a2da1a4fc8dfc6e6f56"", ""yqstnuAEVhm_2f8c1f8ea7364f67b1c5fe2be2750257"", ""yqstnuAEVhm_30f3ce4575234a7ba5ff97797f059ae1"", ""yqstnuAEVhm_4642492bb42d40debb1a3bad0ea7a24f"", ""yqstnuAEVhm_48447297e8444171a5db34ccf38bc229"", ""yqstnuAEVhm_9cb726b170554b9bacd039d4db246040"", ""yqstnuAEVhm_9de98503fd994452b627cdcc7a7d47b2"", ""yqstnuAEVhm_b26ae45c6c12443cbcfc3997f2e63347"", ""yqstnuAEVhm_c93bf298b1cb41a1b368a6ce8bcff53d""]",23,"[""1"", ""10"", ""11"", ""12"", ""13"", ""14"", ""15"", ""17"", ""18"", ""2"", ""27"", ""28"", ""29"", ""30"", ""31"", ""32"", ""33"", ""34"", ""35"", ""36"", ""37"", ""6"", ""8""]"
13,C1|manual|reference_corner_cyclic_rmse|33c748a6fd|c1,manual,True,True,reference_corner_cyclic_rmse,import_json/groudTruth_458_tasks_import_from_updated_gt_20260701.json|1b2a2d905f62d703a3e46a7a83e5dca6e90c6030988d6ca594d2eb69793b5cf6|geometry_gt,C1,51,"[""7y3sRwLe3Va_112edb40f34e470da3a5b04599e71211"", ""7y3sRwLe3Va_9e4c92fd7eb74504baecf55a3264716e"", ""7y3sRwLe3Va_ad77d6eeca5b492b8fe3317177f4f03f"", ""7y3sRwLe3Va_b47475370e824b9e923a4a96bc98e1e3"", ""7y3sRwLe3Va_bbcc19afdad742eba89290ad2b5dbf6b"", ""B6ByNegPMKs_5b5bd1eac4e6462d8c6677b90a4cf9a9"", ""B6ByNegPMKs_7018ca302c584d0d85024187f3568460"", ""B6ByNegPMKs_e26e2cb761894264a4a34b1046701f6b"", ""B6ByNegPMKs_e52609aae11f42a79f6cf50360180fd5"", ""B6ByNegPMKs_ee063d1562c147f586ebb9f6fdb05ca6"", ""UwV83HsGsw3_a3630444bbd94cd6ac4edbe2dc1221de"", ""UwV83HsGsw3_bc29294428a647038f70e0ea31ea8972"", ""UwV83HsGsw3_f9641b59487a4b0ca0fe41a82edc0980"", ""X7HyMhZNoso_b6f452209a62499795e5bd137214a7f9"", ""Z6MFQCViBuw_2008e72476f84104858e908beeac0193"", ""Z6MFQCViBuw_22fff6c74efb476592569c18718feb41"", ""Z6MFQCViBuw_59aed460238643f48f593e9b9ba1c17d"", ""b8cTxDM8gDG_f339391e9479496e8652c972953f0ce4"", ""e9zR4mvMWw7_0ee61863ec0c4c06bac95fb886e98945"", ""q9vSo1VnCiC_3e5aacbc10904d4b88660a3cb91efcb9"", ""q9vSo1VnCiC_3e7f67e8969f434b9a4aec0c68668b20"", ""q9vSo1VnCiC_dc873df7717c43888a1cff13713fe146"", ""q9vSo1VnCiC_f7452776f0604b508bb2b0263238deb0"", ""rPc6DW4iMge_0012f6dcce9645778ac459e189cf0db3"", ""rPc6DW4iMge_4350d36797324601adba7351d09602d2"", ""rPc6DW4iMge_9d3eb9f5d38844bfb4e5fb2cd05fd3fd"", ""rPc6DW4iMge_a72230c911234d18b08568b9d8b02dd2"", ""uNb9QFRL6hY_5948424345f541b9a570b48f1cfcf622"", ""uNb9QFRL6hY_6115ed700b5144cfa3443346381cb7cd"", ""uNb9QFRL6hY_6c4fa6dfddc1499db228854454bfc61d"", ""uNb9QFRL6hY_9f199750b00c4f5484a546d79e06a0f8"", ""uNb9QFRL6hY_a372582c11864f31a9dd174e4a0ae6ad"", ""uNb9QFRL6hY_ba24e5a57ef34c6dbc0458ed4c1e701d"", ""uNb9QFRL6hY_c6410f47ad754d6cbd890ba7dff8b449"", ""uNb9QFRL6hY_ce88ee8b7ee84fca92c13ab16599d90e"", ""uNb9QFRL6hY_f4eb9862530a4f909b46f51d1887d05f"", ""wc2JMjhGNzB_4884da3227464ab5b82f631ff22205bd"", ""wc2JMjhGNzB_55b45b0f19c2460bbcd1fb1c86c6610d"", ""wc2JMjhGNzB_9087f0358178420a8b9ac7b17a8919c7"", ""wc2JMjhGNzB_ec04ef10a0664e94878aa2d0f1720c2f"", ""x8F5xyUWy9e_1be9a97aada84e4795f64583ac0e3b76"", ""x8F5xyUWy9e_9926b38bd87e44e292d9c375050dd17d"", ""yqstnuAEVhm_26b2e92ccd314a2da1a4fc8dfc6e6f56"", ""yqstnuAEVhm_2f8c1f8ea7364f67b1c5fe2be2750257"", ""yqstnuAEVhm_30f3ce4575234a7ba5ff97797f059ae1"", ""yqstnuAEVhm_4642492bb42d40debb1a3bad0ea7a24f"", ""yqstnuAEVhm_48447297e8444171a5db34ccf38bc229"", ""yqstnuAEVhm_9cb726b170554b9bacd039d4db246040"", ""yqstnuAEVhm_9de98503fd994452b627cdcc7a7d47b2"", ""yqstnuAEVhm_b26ae45c6c12443cbcfc3997f2e63347"", ""yqstnuAEVhm_c93bf298b1cb41a1b368a6ce8bcff53d""]",23,"[""1"", ""10"", ""11"", ""12"", ""13"", ""14"", ""15"", ""17"", ""18"", ""2"", ""27"", ""28"", ""29"", ""30"", ""31"", ""32"", ""33"", ""34"", ""35"", ""36"", ""37"", ""6"", ""8""]"
9,C1|manual|reference_corresponding_signed_x_offset|33c748a6fd|c1,manual,True,True,reference_corresponding_signed_x_offset,import_json/groudTruth_458_tasks_import_from_updated_gt_20260701.json|1b2a2d905f62d703a3e46a7a83e5dca6e90c6030988d6ca594d2eb69793b5cf6|geometry_gt,C1,18,"[""7y3sRwLe3Va_9e4c92fd7eb74504baecf55a3264716e"", ""7y3sRwLe3Va_b47475370e824b9e923a4a96bc98e1e3"", ""B6ByNegPMKs_e26e2cb761894264a4a34b1046701f6b"", ""UwV83HsGsw3_a3630444bbd94cd6ac4edbe2dc1221de"", ""UwV83HsGsw3_bc29294428a647038f70e0ea31ea8972"", ""UwV83HsGsw3_f9641b59487a4b0ca0fe41a82edc0980"", ""q9vSo1VnCiC_3e7f67e8969f434b9a4aec0c68668b20"", ""q9vSo1VnCiC_dc873df7717c43888a1cff13713fe146"", ""q9vSo1VnCiC_f7452776f0604b508bb2b0263238deb0"", ""rPc6DW4iMge_4350d36797324601adba7351d09602d2"", ""rPc6DW4iMge_a72230c911234d18b08568b9d8b02dd2"", ""uNb9QFRL6hY_6115ed700b5144cfa3443346381cb7cd"", ""uNb9QFRL6hY_a372582c11864f31a9dd174e4a0ae6ad"", ""uNb9QFRL6hY_c6410f47ad754d6cbd890ba7dff8b449"", ""wc2JMjhGNzB_9087f0358178420a8b9ac7b17a8919c7"", ""x8F5xyUWy9e_1be9a97aada84e4795f64583ac0e3b76"", ""yqstnuAEVhm_4642492bb42d40debb1a3bad0ea7a24f"", ""yqstnuAEVhm_9de98503fd994452b627cdcc7a7d47b2""]",23,"[""1"", ""10"", ""11"", ""12"", ""13"", ""14"", ""15"", ""17"", ""18"", ""2"", ""27"", ""28"", ""29"", ""30"", ""31"", ""32"", ""33"", ""34"", ""35"", ""36"", ""37"", ""6"", ""8""]"
13,C1|manual|reference_signed_corner_pair_count_difference|33c748a6fd|c1,manual,True,True,reference_signed_corner_pair_count_difference,import_json/groudTruth_458_tasks_import_from_updated_gt_20260701.json|1b2a2d905f62d703a3e46a7a83e5dca6e90c6030988d6ca594d2eb69793b5cf6|geometry_gt,C1,80,"[""7y3sRwLe3Va_112edb40f34e470da3a5b04599e71211"", ""7y3sRwLe3Va_9e4c92fd7eb74504baecf55a3264716e"", ""7y3sRwLe3Va_a775c7668ca9419daaf506e76851821e"", ""7y3sRwLe3Va_ad77d6eeca5b492b8fe3317177f4f03f"", ""7y3sRwLe3Va_b47475370e824b9e923a4a96bc98e1e3"", ""7y3sRwLe3Va_b564162b2c7d4033bfe6ef3dfb959c9e"", ""7y3sRwLe3Va_bbcc19afdad742eba89290ad2b5dbf6b"", ""7y3sRwLe3Va_fdab6422162e49db822a37178ab70481"", ""B6ByNegPMKs_5b5bd1eac4e6462d8c6677b90a4cf9a9"", ""B6ByNegPMKs_7018ca302c584d0d85024187f3568460"", ""B6ByNegPMKs_c946db5792df4f90bea20f06a0030c37"", ""B6ByNegPMKs_e26e2cb761894264a4a34b1046701f6b"", ""B6ByNegPMKs_e52609aae11f42a79f6cf50360180fd5"", ""B6ByNegPMKs_ee063d1562c147f586ebb9f6fdb05ca6"", ""UwV83HsGsw3_0f1385fc03994285ad8253b49516d77b"", ""UwV83HsGsw3_16af52545aff47afb4d7b330a49091a2"", ""UwV83HsGsw3_a3630444bbd94cd6ac4edbe2dc1221de"", ""UwV83HsGsw3_b979526475874ad68ae33f02d407a1fc"", ""UwV83HsGsw3_bc29294428a647038f70e0ea31ea8972"", ""UwV83HsGsw3_f9641b59487a4b0ca0fe41a82edc0980"", ""X7HyMhZNoso_2b16acff0dc042a1a75816a1fbd0a302"", ""X7HyMhZNoso_b6f452209a62499795e5bd137214a7f9"", ""Z6MFQCViBuw_2008e72476f84104858e908beeac0193"", ""Z6MFQCViBuw_22fff6c74efb476592569c18718feb41"", ""Z6MFQCViBuw_59aed460238643f48f593e9b9ba1c17d"", ""b8cTxDM8gDG_f339391e9479496e8652c972953f0ce4"", ""b8cTxDM8gDG_f3748786c3704532abb2358581488f3f"", ""e9zR4mvMWw7_0ee61863ec0c4c06bac95fb886e98945"", ""e9zR4mvMWw7_1d316dfbe35f41dd9203eaf88be5aae8"", ""e9zR4mvMWw7_4273c4dd97974531b5256f96204fee47"", ""q9vSo1VnCiC_3e5aacbc10904d4b88660a3cb91efcb9"", ""q9vSo1VnCiC_3e7f67e8969f434b9a4aec0c68668b20"", ""q9vSo1VnCiC_830eb252ae01401a8fe55f9538e627dd"", ""q9vSo1VnCiC_9ba6cd412cb04c5c9beb15ef9e6d22c5"", ""q9vSo1VnCiC_a424533651804a38a55b1252daccc81e"", ""q9vSo1VnCiC_c4b0b6a41c2a4db3927f5fa9cafb6345"", ""q9vSo1VnCiC_dc320b1236f741a98303db9f89bc68a2"", ""q9vSo1VnCiC_dc873df7717c43888a1cff13713fe146"", ""q9vSo1VnCiC_f7452776f0604b508bb2b0263238deb0"", ""rPc6DW4iMge_0012f6dcce9645778ac459e189cf0db3"", ""rPc6DW4iMge_0dfe61800cc540db8e25c1738bc4b8ff"", ""rPc6DW4iMge_4350d36797324601adba7351d09602d2"", ""rPc6DW4iMge_9d3eb9f5d38844bfb4e5fb2cd05fd3fd"", ""rPc6DW4iMge_a72230c911234d18b08568b9d8b02dd2"", ""uNb9QFRL6hY_1096f195d3294cefa462add5ab0c342e"", ""uNb9QFRL6hY_5948424345f541b9a570b48f1cfcf622"", ""uNb9QFRL6hY_5b62816d9cf94f17ae166291822ea9ab"", ""uNb9QFRL6hY_6115ed700b5144cfa3443346381cb7cd"", ""uNb9QFRL6hY_6a500a9a43a340eb817c58bb084327fe"", ""uNb9QFRL6hY_6c4fa6dfddc1499db228854454bfc61d"", ""uNb9QFRL6hY_748279b5d6e740c4b2cba9fc78d6fc62"", ""uNb9QFRL6hY_85e7a14905bd44648061e3eb7f79cf13"", ""uNb9QFRL6hY_9f199750b00c4f5484a546d79e06a0f8"", ""uNb9QFRL6hY_a372582c11864f31a9dd174e4a0ae6ad"", ""uNb9QFRL6hY_a7ab19b1a9f044f0905592de1414e8b3"", ""uNb9QFRL6hY_ba24e5a57ef34c6dbc0458ed4c1e701d"", ""uNb9QFRL6hY_c6410f47ad754d6cbd890ba7dff8b449"", ""uNb9QFRL6hY_ca08ebfb2da647f68db41630637e400b"", ""uNb9QFRL6hY_cdca0a1a2fc343bb94bacdc3045b2d8d"", ""uNb9QFRL6hY_ce88ee8b7ee84fca92c13ab16599d90e"", ""uNb9QFRL6hY_f4eb9862530a4f909b46f51d1887d05f"", ""wc2JMjhGNzB_03c1aca95e254bf4b0db303a28d79aee"", ""wc2JMjhGNzB_4884da3227464ab5b82f631ff22205bd"", ""wc2JMjhGNzB_55b45b0f19c2460bbcd1fb1c86c6610d"", ""wc2JMjhGNzB_9087f0358178420a8b9ac7b17a8919c7"", ""wc2JMjhGNzB_c7c84bf01a834489ad11d8450a7dc2bc"", ""wc2JMjhGNzB_ec04ef10a0664e94878aa2d0f1720c2f"", ""x8F5xyUWy9e_1be9a97aada84e4795f64583ac0e3b76"", ""x8F5xyUWy9e_3a127fd2c5f34d978cba253145dae7d6"", ""x8F5xyUWy9e_9926b38bd87e44e292d9c375050dd17d"", ""yqstnuAEVhm_08e2145b15fc4d2497c084af41dc7089"", ""yqstnuAEVhm_26b2e92ccd314a2da1a4fc8dfc6e6f56"", ""yqstnuAEVhm_2f8c1f8ea7364f67b1c5fe2be2750257"", ""yqstnuAEVhm_30f3ce4575234a7ba5ff97797f059ae1"", ""yqstnuAEVhm_4642492bb42d40debb1a3bad0ea7a24f"", ""yqstnuAEVhm_48447297e8444171a5db34ccf38bc229"", ""yqstnuAEVhm_9cb726b170554b9bacd039d4db246040"", ""yqstnuAEVhm_9de98503fd994452b627cdcc7a7d47b2"", ""yqstnuAEVhm_b26ae45c6c12443cbcfc3997f2e63347"", ""yqstnuAEVhm_c93bf298b1cb41a1b368a6ce8bcff53d""]",23,"[""1"", ""10"", ""11"", ""12"", ""13"", ""14"", ""15"", ""17"", ""18"", ""2"", ""27"", ""28"", ""29"", ""30"", ""31"", ""32"", ""33"", ""34"", ""35"", ""36"", ""37"", ""6"", ""8""]"
9,C1|semi|c1_iou_to_gt|562c45de05|c1,semi,True,True,c1_iou_to_gt,analysis_results/post_block2_analysis_pack_20260817_v4/post_block2_submission_master.csv|7b299a7910c5296ea7eac547471d6bd1ea43e2c012d765c72f3dd1a57498571a|frozen_c1_public_gt,C1,22,"[""7y3sRwLe3Va_ad77d6eeca5b492b8fe3317177f4f03f"", ""7y3sRwLe3Va_b47475370e824b9e923a4a96bc98e1e3"", ""B6ByNegPMKs_5b5bd1eac4e6462d8c6677b90a4cf9a9"", ""B6ByNegPMKs_7018ca302c584d0d85024187f3568460"", ""B6ByNegPMKs_c946db5792df4f90bea20f06a0030c37"", ""UwV83HsGsw3_a3630444bbd94cd6ac4edbe2dc1221de"", ""X7HyMhZNoso_b6f452209a62499795e5bd137214a7f9"", ""Z6MFQCViBuw_2008e72476f84104858e908beeac0193"", ""Z6MFQCViBuw_22fff6c74efb476592569c18718feb41"", ""q9vSo1VnCiC_1cd414875b9b4311bc6a179d91e6270d"", ""q9vSo1VnCiC_9ba6cd412cb04c5c9beb15ef9e6d22c5"", ""q9vSo1VnCiC_a424533651804a38a55b1252daccc81e"", ""uNb9QFRL6hY_748279b5d6e740c4b2cba9fc78d6fc62"", ""uNb9QFRL6hY_85e7a14905bd44648061e3eb7f79cf13"", ""uNb9QFRL6hY_a7ab19b1a9f044f0905592de1414e8b3"", ""uNb9QFRL6hY_cdca0a1a2fc343bb94bacdc3045b2d8d"", ""wc2JMjhGNzB_55b45b0f19c2460bbcd1fb1c86c6610d"", ""wc2JMjhGNzB_9087f0358178420a8b9ac7b17a8919c7"", ""wc2JMjhGNzB_c7c84bf01a834489ad11d8450a7dc2bc"", ""wc2JMjhGNzB_ec04ef10a0664e94878aa2d0f1720c2f"", ""yqstnuAEVhm_08e2145b15fc4d2497c084af41dc7089"", ""yqstnuAEVhm_b26ae45c6c12443cbcfc3997f2e63347""]",23,"[""1"", ""10"", ""11"", ""12"", ""13"", ""14"", ""15"", ""17"", ""18"", ""2"", ""27"", ""28"", ""29"", ""30"", ""31"", ""32"", ""33"", ""34"", ""35"", ""36"", ""37"", ""6"", ""8""]"
1,C1|semi|d_mask_to_reference|63046ecefc|c1,semi,False,False,d_mask_to_reference,analysis_results/prescreen_closeout_final_gold_v2_20260701/final_gold_records_v2_p1_closeout_corrected.jsonl|82dbcb1d08754476e4f2a447b70550bd297689c2c50df9f96aeb270b37f163d6|geometry_gt,C1,1,"[""q9vSo1VnCiC_1cd414875b9b4311bc6a179d91e6270d""]",4,"[""12"", ""27"", ""34"", ""37""]"
1,C1|semi|reference_corner_cyclic_rmse|63046ecefc|c1,semi,False,False,reference_corner_cyclic_rmse,analysis_results/prescreen_closeout_final_gold_v2_20260701/final_gold_records_v2_p1_closeout_corrected.jsonl|82dbcb1d08754476e4f2a447b70550bd297689c2c50df9f96aeb270b37f163d6|geometry_gt,C1,1,"[""q9vSo1VnCiC_1cd414875b9b4311bc6a179d91e6270d""]",1,"[""34""]"
1,C1|semi|reference_corresponding_signed_x_offset|63046ecefc|c1,semi,False,False,reference_corresponding_signed_x_offset,analysis_results/prescreen_closeout_final_gold_v2_20260701/final_gold_records_v2_p1_closeout_corrected.jsonl|82dbcb1d08754476e4f2a447b70550bd297689c2c50df9f96aeb270b37f163d6|geometry_gt,C1,1,"[""q9vSo1VnCiC_1cd414875b9b4311bc6a179d91e6270d""]",1,"[""34""]"
1,C1|semi|reference_signed_corner_pair_count_difference|63046ecefc|c1,semi,False,False,reference_signed_corner_pair_count_difference,analysis_results/prescreen_closeout_final_gold_v2_20260701/final_gold_records_v2_p1_closeout_corrected.jsonl|82dbcb1d08754476e4f2a447b70550bd297689c2c50df9f96aeb270b37f163d6|geometry_gt,C1,1,"[""q9vSo1VnCiC_1cd414875b9b4311bc6a179d91e6270d""]",4,"[""12"", ""27"", ""34"", ""37""]"
9,C1|semi|U_final|8dabada22d|c1,semi,True,True,U_final,analysis_results/reviewer_profile_dual_stage_processing_20260819_v2/SEMI_ROW_LEVEL_REVIEWER_EVIDENCE.csv|e6489d41bcafec0455114eace5044418de9ea3ed34295104f9cdb5ecf540ab22|public_frozen_gt,C1,22,"[""7y3sRwLe3Va_ad77d6eeca5b492b8fe3317177f4f03f"", ""7y3sRwLe3Va_b47475370e824b9e923a4a96bc98e1e3"", ""B6ByNegPMKs_5b5bd1eac4e6462d8c6677b90a4cf9a9"", ""B6ByNegPMKs_7018ca302c584d0d85024187f3568460"", ""B6ByNegPMKs_c946db5792df4f90bea20f06a0030c37"", ""UwV83HsGsw3_a3630444bbd94cd6ac4edbe2dc1221de"", ""X7HyMhZNoso_b6f452209a62499795e5bd137214a7f9"", ""Z6MFQCViBuw_2008e72476f84104858e908beeac0193"", ""Z6MFQCViBuw_22fff6c74efb476592569c18718feb41"", ""q9vSo1VnCiC_1cd414875b9b4311bc6a179d91e6270d"", ""q9vSo1VnCiC_9ba6cd412cb04c5c9beb15ef9e6d22c5"", ""q9vSo1VnCiC_a424533651804a38a55b1252daccc81e"", ""uNb9QFRL6hY_748279b5d6e740c4b2cba9fc78d6fc62"", ""uNb9QFRL6hY_85e7a14905bd44648061e3eb7f79cf13"", ""uNb9QFRL6hY_a7ab19b1a9f044f0905592de1414e8b3"", ""uNb9QFRL6hY_cdca0a1a2fc343bb94bacdc3045b2d8d"", ""wc2JMjhGNzB_55b45b0f19c2460bbcd1fb1c86c6610d"", ""wc2JMjhGNzB_9087f0358178420a8b9ac7b17a8919c7"", ""wc2JMjhGNzB_c7c84bf01a834489ad11d8450a7dc2bc"", ""wc2JMjhGNzB_ec04ef10a0664e94878aa2d0f1720c2f"", ""yqstnuAEVhm_08e2145b15fc4d2497c084af41dc7089"", ""yqstnuAEVhm_b26ae45c6c12443cbcfc3997f2e63347""]",23,"[""1"", ""10"", ""11"", ""12"", ""13"", ""14"", ""15"", ""17"", ""18"", ""2"", ""27"", ""28"", ""29"", ""30"", ""31"", ""32"", ""33"", ""34"", ""35"", ""36"", ""37"", ""6"", ""8""]"
9,C1|semi|semi_delta_U|8dabada22d|c1,semi,True,True,semi_delta_U,analysis_results/reviewer_profile_dual_stage_processing_20260819_v2/SEMI_ROW_LEVEL_REVIEWER_EVIDENCE.csv|e6489d41bcafec0455114eace5044418de9ea3ed34295104f9cdb5ecf540ab22|public_frozen_gt,C1,21,"[""7y3sRwLe3Va_ad77d6eeca5b492b8fe3317177f4f03f"", ""7y3sRwLe3Va_b47475370e824b9e923a4a96bc98e1e3"", ""B6ByNegPMKs_5b5bd1eac4e6462d8c6677b90a4cf9a9"", ""B6ByNegPMKs_7018ca302c584d0d85024187f3568460"", ""B6ByNegPMKs_c946db5792df4f90bea20f06a0030c37"", ""UwV83HsGsw3_a3630444bbd94cd6ac4edbe2dc1221de"", ""X7HyMhZNoso_b6f452209a62499795e5bd137214a7f9"", ""Z6MFQCViBuw_2008e72476f84104858e908beeac0193"", ""Z6MFQCViBuw_22fff6c74efb476592569c18718feb41"", ""q9vSo1VnCiC_1cd414875b9b4311bc6a179d91e6270d"", ""q9vSo1VnCiC_9ba6cd412cb04c5c9beb15ef9e6d22c5"", ""uNb9QFRL6hY_748279b5d6e740c4b2cba9fc78d6fc62"", ""uNb9QFRL6hY_85e7a14905bd44648061e3eb7f79cf13"", ""uNb9QFRL6hY_a7ab19b1a9f044f0905592de1414e8b3"", ""uNb9QFRL6hY_cdca0a1a2fc343bb94bacdc3045b2d8d"", ""wc2JMjhGNzB_55b45b0f19c2460bbcd1fb1c86c6610d"", ""wc2JMjhGNzB_9087f0358178420a8b9ac7b17a8919c7"", ""wc2JMjhGNzB_c7c84bf01a834489ad11d8450a7dc2bc"", ""wc2JMjhGNzB_ec04ef10a0664e94878aa2d0f1720c2f"", ""yqstnuAEVhm_08e2145b15fc4d2497c084af41dc7089"", ""yqstnuAEVhm_b26ae45c6c12443cbcfc3997f2e63347""]",23,"[""1"", ""10"", ""11"", ""12"", ""13"", ""14"", ""15"", ""17"", ""18"", ""2"", ""27"", ""28"", ""29"", ""30"", ""31"", ""32"", ""33"", ""34"", ""35"", ""36"", ""37"", ""6"", ""8""]"
8,C1|semi|semi_initial_to_final_rmse|8dabada22d|c1,semi,True,True,semi_initial_to_final_rmse,analysis_results/reviewer_profile_dual_stage_processing_20260819_v2/SEMI_ROW_LEVEL_REVIEWER_EVIDENCE.csv|e6489d41bcafec0455114eace5044418de9ea3ed34295104f9cdb5ecf540ab22|public_frozen_gt,C1,20,"[""7y3sRwLe3Va_ad77d6eeca5b492b8fe3317177f4f03f"", ""7y3sRwLe3Va_b47475370e824b9e923a4a96bc98e1e3"", ""B6ByNegPMKs_5b5bd1eac4e6462d8c6677b90a4cf9a9"", ""B6ByNegPMKs_7018ca302c584d0d85024187f3568460"", ""B6ByNegPMKs_c946db5792df4f90bea20f06a0030c37"", ""X7HyMhZNoso_b6f452209a62499795e5bd137214a7f9"", ""Z6MFQCViBuw_2008e72476f84104858e908beeac0193"", ""Z6MFQCViBuw_22fff6c74efb476592569c18718feb41"", ""q9vSo1VnCiC_a424533651804a38a55b1252daccc81e"", ""uNb9QFRL6hY_6c4fa6dfddc1499db228854454bfc61d"", ""uNb9QFRL6hY_748279b5d6e740c4b2cba9fc78d6fc62"", ""uNb9QFRL6hY_85e7a14905bd44648061e3eb7f79cf13"", ""uNb9QFRL6hY_a7ab19b1a9f044f0905592de1414e8b3"", ""uNb9QFRL6hY_cdca0a1a2fc343bb94bacdc3045b2d8d"", ""wc2JMjhGNzB_55b45b0f19c2460bbcd1fb1c86c6610d"", ""wc2JMjhGNzB_9087f0358178420a8b9ac7b17a8919c7"", ""wc2JMjhGNzB_c7c84bf01a834489ad11d8450a7dc2bc"", ""wc2JMjhGNzB_ec04ef10a0664e94878aa2d0f1720c2f"", ""yqstnuAEVhm_08e2145b15fc4d2497c084af41dc7089"", ""yqstnuAEVhm_b26ae45c6c12443cbcfc3997f2e63347""]",21,"[""1"", ""10"", ""11"", ""12"", ""13"", ""14"", ""15"", ""17"", ""18"", ""2"", ""28"", ""29"", ""30"", ""31"", ""32"", ""33"", ""34"", ""35"", ""36"", ""6"", ""8""]"
1,C1|semi|semi_initial_to_final_rmse|8dabada22d|c2,semi,False,False,semi_initial_to_final_rmse,analysis_results/reviewer_profile_dual_stage_processing_20260819_v2/SEMI_ROW_LEVEL_REVIEWER_EVIDENCE.csv|e6489d41bcafec0455114eace5044418de9ea3ed34295104f9cdb5ecf540ab22|public_frozen_gt,C1,1,"[""UwV83HsGsw3_a3630444bbd94cd6ac4edbe2dc1221de""]",1,"[""27""]"
9,C1|semi|semi_modification_indicator|8dabada22d|c1,semi,True,True,semi_modification_indicator,analysis_results/reviewer_profile_dual_stage_processing_20260819_v2/SEMI_ROW_LEVEL_REVIEWER_EVIDENCE.csv|e6489d41bcafec0455114eace5044418de9ea3ed34295104f9cdb5ecf540ab22|public_frozen_gt,C1,25,"[""7y3sRwLe3Va_ad77d6eeca5b492b8fe3317177f4f03f"", ""7y3sRwLe3Va_b47475370e824b9e923a4a96bc98e1e3"", ""B6ByNegPMKs_5b5bd1eac4e6462d8c6677b90a4cf9a9"", ""B6ByNegPMKs_7018ca302c584d0d85024187f3568460"", ""B6ByNegPMKs_c946db5792df4f90bea20f06a0030c37"", ""UwV83HsGsw3_0f1385fc03994285ad8253b49516d77b"", ""UwV83HsGsw3_a3630444bbd94cd6ac4edbe2dc1221de"", ""X7HyMhZNoso_b6f452209a62499795e5bd137214a7f9"", ""Z6MFQCViBuw_2008e72476f84104858e908beeac0193"", ""Z6MFQCViBuw_22fff6c74efb476592569c18718feb41"", ""q9vSo1VnCiC_1cd414875b9b4311bc6a179d91e6270d"", ""q9vSo1VnCiC_9ba6cd412cb04c5c9beb15ef9e6d22c5"", ""q9vSo1VnCiC_a424533651804a38a55b1252daccc81e"", ""uNb9QFRL6hY_6c4fa6dfddc1499db228854454bfc61d"", ""uNb9QFRL6hY_748279b5d6e740c4b2cba9fc78d6fc62"", ""uNb9QFRL6hY_85e7a14905bd44648061e3eb7f79cf13"", ""uNb9QFRL6hY_a7ab19b1a9f044f0905592de1414e8b3"", ""uNb9QFRL6hY_cdca0a1a2fc343bb94bacdc3045b2d8d"", ""uNb9QFRL6hY_ce88ee8b7ee84fca92c13ab16599d90e"", ""wc2JMjhGNzB_55b45b0f19c2460bbcd1fb1c86c6610d"", ""wc2JMjhGNzB_9087f0358178420a8b9ac7b17a8919c7"", ""wc2JMjhGNzB_c7c84bf01a834489ad11d8450a7dc2bc"", ""wc2JMjhGNzB_ec04ef10a0664e94878aa2d0f1720c2f"", ""yqstnuAEVhm_08e2145b15fc4d2497c084af41dc7089"", ""yqstnuAEVhm_b26ae45c6c12443cbcfc3997f2e63347""]",23,"[""1"", ""10"", ""11"", ""12"", ""13"", ""14"", ""15"", ""17"", ""18"", ""2"", ""27"", ""28"", ""29"", ""30"", ""31"", ""32"", ""33"", ""34"", ""35"", ""36"", ""37"", ""6"", ""8""]"
9,C1|semi|semi_topology_change_indicator|8dabada22d|c1,semi,True,True,semi_topology_change_indicator,analysis_results/reviewer_profile_dual_stage_processing_20260819_v2/SEMI_ROW_LEVEL_REVIEWER_EVIDENCE.csv|e6489d41bcafec0455114eace5044418de9ea3ed34295104f9cdb5ecf540ab22|public_frozen_gt,C1,25,"[""7y3sRwLe3Va_ad77d6eeca5b492b8fe3317177f4f03f"", ""7y3sRwLe3Va_b47475370e824b9e923a4a96bc98e1e3"", ""B6ByNegPMKs_5b5bd1eac4e6462d8c6677b90a4cf9a9"", ""B6ByNegPMKs_7018ca302c584d0d85024187f3568460"", ""B6ByNegPMKs_c946db5792df4f90bea20f06a0030c37"", ""UwV83HsGsw3_0f1385fc03994285ad8253b49516d77b"", ""UwV83HsGsw3_a3630444bbd94cd6ac4edbe2dc1221de"", ""X7HyMhZNoso_b6f452209a62499795e5bd137214a7f9"", ""Z6MFQCViBuw_2008e72476f84104858e908beeac0193"", ""Z6MFQCViBuw_22fff6c74efb476592569c18718feb41"", ""q9vSo1VnCiC_1cd414875b9b4311bc6a179d91e6270d"", ""q9vSo1VnCiC_9ba6cd412cb04c5c9beb15ef9e6d22c5"", ""q9vSo1VnCiC_a424533651804a38a55b1252daccc81e"", ""uNb9QFRL6hY_6c4fa6dfddc1499db228854454bfc61d"", ""uNb9QFRL6hY_748279b5d6e740c4b2cba9fc78d6fc62"", ""uNb9QFRL6hY_85e7a14905bd44648061e3eb7f79cf13"", ""uNb9QFRL6hY_a7ab19b1a9f044f0905592de1414e8b3"", ""uNb9QFRL6hY_cdca0a1a2fc343bb94bacdc3045b2d8d"", ""uNb9QFRL6hY_ce88ee8b7ee84fca92c13ab16599d90e"", ""wc2JMjhGNzB_55b45b0f19c2460bbcd1fb1c86c6610d"", ""wc2JMjhGNzB_9087f0358178420a8b9ac7b17a8919c7"", ""wc2JMjhGNzB_c7c84bf01a834489ad11d8450a7dc2bc"", ""wc2JMjhGNzB_ec04ef10a0664e94878aa2d0f1720c2f"", ""yqstnuAEVhm_08e2145b15fc4d2497c084af41dc7089"", ""yqstnuAEVhm_b26ae45c6c12443cbcfc3997f2e63347""]",23,"[""1"", ""10"", ""11"", ""12"", ""13"", ""14"", ""15"", ""17"", ""18"", ""2"", ""27"", ""28"", ""29"", ""30"", ""31"", ""32"", ""33"", ""34"", ""35"", ""36"", ""37"", ""6"", ""8""]"
9,C1|semi|log_owner_valid_active_seconds|81e8f262bf|c1,semi,True,True,log_owner_valid_active_seconds,frozen_c1_task_worker_active_time|c1_task_worker_active_time_v1|owner_valid_active_time,C1,25,"[""7y3sRwLe3Va_ad77d6eeca5b492b8fe3317177f4f03f"", ""7y3sRwLe3Va_b47475370e824b9e923a4a96bc98e1e3"", ""B6ByNegPMKs_5b5bd1eac4e6462d8c6677b90a4cf9a9"", ""B6ByNegPMKs_7018ca302c584d0d85024187f3568460"", ""B6ByNegPMKs_c946db5792df4f90bea20f06a0030c37"", ""UwV83HsGsw3_0f1385fc03994285ad8253b49516d77b"", ""UwV83HsGsw3_a3630444bbd94cd6ac4edbe2dc1221de"", ""X7HyMhZNoso_b6f452209a62499795e5bd137214a7f9"", ""Z6MFQCViBuw_2008e72476f84104858e908beeac0193"", ""Z6MFQCViBuw_22fff6c74efb476592569c18718feb41"", ""q9vSo1VnCiC_1cd414875b9b4311bc6a179d91e6270d"", ""q9vSo1VnCiC_9ba6cd412cb04c5c9beb15ef9e6d22c5"", ""q9vSo1VnCiC_a424533651804a38a55b1252daccc81e"", ""uNb9QFRL6hY_6c4fa6dfddc1499db228854454bfc61d"", ""uNb9QFRL6hY_748279b5d6e740c4b2cba9fc78d6fc62"", ""uNb9QFRL6hY_85e7a14905bd44648061e3eb7f79cf13"", ""uNb9QFRL6hY_a7ab19b1a9f044f0905592de1414e8b3"", ""uNb9QFRL6hY_cdca0a1a2fc343bb94bacdc3045b2d8d"", ""uNb9QFRL6hY_ce88ee8b7ee84fca92c13ab16599d90e"", ""wc2JMjhGNzB_55b45b0f19c2460bbcd1fb1c86c6610d"", ""wc2JMjhGNzB_9087f0358178420a8b9ac7b17a8919c7"", ""wc2JMjhGNzB_c7c84bf01a834489ad11d8450a7dc2bc"", ""wc2JMjhGNzB_ec04ef10a0664e94878aa2d0f1720c2f"", ""yqstnuAEVhm_08e2145b15fc4d2497c084af41dc7089"", ""yqstnuAEVhm_b26ae45c6c12443cbcfc3997f2e63347""]",22,"[""1"", ""10"", ""11"", ""12"", ""13"", ""15"", ""17"", ""18"", ""2"", ""27"", ""28"", ""29"", ""30"", ""31"", ""32"", ""33"", ""34"", ""35"", ""36"", ""37"", ""6"", ""8""]"
9,C1|semi|d_mask_to_reference|33c748a6fd|c1,semi,True,True,d_mask_to_reference,import_json/groudTruth_458_tasks_import_from_updated_gt_20260701.json|1b2a2d905f62d703a3e46a7a83e5dca6e90c6030988d6ca594d2eb69793b5cf6|geometry_gt,C1,24,"[""7y3sRwLe3Va_ad77d6eeca5b492b8fe3317177f4f03f"", ""7y3sRwLe3Va_b47475370e824b9e923a4a96bc98e1e3"", ""B6ByNegPMKs_5b5bd1eac4e6462d8c6677b90a4cf9a9"", ""B6ByNegPMKs_7018ca302c584d0d85024187f3568460"", ""B6ByNegPMKs_c946db5792df4f90bea20f06a0030c37"", ""UwV83HsGsw3_0f1385fc03994285ad8253b49516d77b"", ""UwV83HsGsw3_a3630444bbd94cd6ac4edbe2dc1221de"", ""X7HyMhZNoso_b6f452209a62499795e5bd137214a7f9"", ""Z6MFQCViBuw_2008e72476f84104858e908beeac0193"", ""Z6MFQCViBuw_22fff6c74efb476592569c18718feb41"", ""q9vSo1VnCiC_9ba6cd412cb04c5c9beb15ef9e6d22c5"", ""q9vSo1VnCiC_a424533651804a38a55b1252daccc81e"", ""uNb9QFRL6hY_6c4fa6dfddc1499db228854454bfc61d"", ""uNb9QFRL6hY_748279b5d6e740c4b2cba9fc78d6fc62"", ""uNb9QFRL6hY_85e7a14905bd44648061e3eb7f79cf13"", ""uNb9QFRL6hY_a7ab19b1a9f044f0905592de1414e8b3"", ""uNb9QFRL6hY_cdca0a1a2fc343bb94bacdc3045b2d8d"", ""uNb9QFRL6hY_ce88ee8b7ee84fca92c13ab16599d90e"", ""wc2JMjhGNzB_55b45b0f19c2460bbcd1fb1c86c6610d"", ""wc2JMjhGNzB_9087f0358178420a8b9ac7b17a8919c7"", ""wc2JMjhGNzB_c7c84bf01a834489ad11d8450a7dc2bc"", ""wc2JMjhGNzB_ec04ef10a0664e94878aa2d0f1720c2f"", ""yqstnuAEVhm_08e2145b15fc4d2497c084af41dc7089"", ""yqstnuAEVhm_b26ae45c6c12443cbcfc3997f2e63347""]",23,"[""1"", ""10"", ""11"", ""12"", ""13"", ""14"", ""15"", ""17"", ""18"", ""2"", ""27"", ""28"", ""29"", ""30"", ""31"", ""32"", ""33"", ""34"", ""35"", ""36"", ""37"", ""6"", ""8""]"
7,C1|semi|reference_corner_cyclic_rmse|33c748a6fd|c1,semi,True,True,reference_corner_cyclic_rmse,import_json/groudTruth_458_tasks_import_from_updated_gt_20260701.json|1b2a2d905f62d703a3e46a7a83e5dca6e90c6030988d6ca594d2eb69793b5cf6|geometry_gt,C1,19,"[""7y3sRwLe3Va_ad77d6eeca5b492b8fe3317177f4f03f"", ""7y3sRwLe3Va_b47475370e824b9e923a4a96bc98e1e3"", ""B6ByNegPMKs_5b5bd1eac4e6462d8c6677b90a4cf9a9"", ""B6ByNegPMKs_7018ca302c584d0d85024187f3568460"", ""B6ByNegPMKs_c946db5792df4f90bea20f06a0030c37"", ""X7HyMhZNoso_b6f452209a62499795e5bd137214a7f9"", ""Z6MFQCViBuw_2008e72476f84104858e908beeac0193"", ""Z6MFQCViBuw_22fff6c74efb476592569c18718feb41"", ""uNb9QFRL6hY_6c4fa6dfddc1499db228854454bfc61d"", ""uNb9QFRL6hY_748279b5d6e740c4b2cba9fc78d6fc62"", ""uNb9QFRL6hY_85e7a14905bd44648061e3eb7f79cf13"", ""uNb9QFRL6hY_a7ab19b1a9f044f0905592de1414e8b3"", ""uNb9QFRL6hY_cdca0a1a2fc343bb94bacdc3045b2d8d"", ""wc2JMjhGNzB_55b45b0f19c2460bbcd1fb1c86c6610d"", ""wc2JMjhGNzB_9087f0358178420a8b9ac7b17a8919c7"", ""wc2JMjhGNzB_c7c84bf01a834489ad11d8450a7dc2bc"", ""wc2JMjhGNzB_ec04ef10a0664e94878aa2d0f1720c2f"", ""yqstnuAEVhm_08e2145b15fc4d2497c084af41dc7089"", ""yqstnuAEVhm_b26ae45c6c12443cbcfc3997f2e63347""]",21,"[""1"", ""10"", ""11"", ""12"", ""13"", ""14"", ""15"", ""17"", ""18"", ""2"", ""28"", ""29"", ""30"", ""31"", ""32"", ""33"", ""34"", ""35"", ""36"", ""6"", ""8""]"
1,C1|semi|reference_corner_cyclic_rmse|33c748a6fd|c2,semi,False,False,reference_corner_cyclic_rmse,import_json/groudTruth_458_tasks_import_from_updated_gt_20260701.json|1b2a2d905f62d703a3e46a7a83e5dca6e90c6030988d6ca594d2eb69793b5cf6|geometry_gt,C1,1,"[""UwV83HsGsw3_a3630444bbd94cd6ac4edbe2dc1221de""]",1,"[""27""]"
1,C1|semi|reference_corresponding_signed_x_offset|33c748a6fd|c1,semi,False,False,reference_corresponding_signed_x_offset,import_json/groudTruth_458_tasks_import_from_updated_gt_20260701.json|1b2a2d905f62d703a3e46a7a83e5dca6e90c6030988d6ca594d2eb69793b5cf6|geometry_gt,C1,1,"[""wc2JMjhGNzB_9087f0358178420a8b9ac7b17a8919c7""]",4,"[""1"", ""11"", ""14"", ""36""]"
1,C1|semi|reference_corresponding_signed_x_offset|33c748a6fd|c2,semi,False,False,reference_corresponding_signed_x_offset,import_json/groudTruth_458_tasks_import_from_updated_gt_20260701.json|1b2a2d905f62d703a3e46a7a83e5dca6e90c6030988d6ca594d2eb69793b5cf6|geometry_gt,C1,1,"[""7y3sRwLe3Va_b47475370e824b9e923a4a96bc98e1e3""]",1,"[""15""]"
1,C1|semi|reference_corresponding_signed_x_offset|33c748a6fd|c3,semi,False,False,reference_corresponding_signed_x_offset,import_json/groudTruth_458_tasks_import_from_updated_gt_20260701.json|1b2a2d905f62d703a3e46a7a83e5dca6e90c6030988d6ca594d2eb69793b5cf6|geometry_gt,C1,1,"[""UwV83HsGsw3_a3630444bbd94cd6ac4edbe2dc1221de""]",1,"[""27""]"
1,C1|semi|reference_corresponding_signed_x_offset|33c748a6fd|c4,semi,False,False,reference_corresponding_signed_x_offset,import_json/groudTruth_458_tasks_import_from_updated_gt_20260701.json|1b2a2d905f62d703a3e46a7a83e5dca6e90c6030988d6ca594d2eb69793b5cf6|geometry_gt,C1,1,"[""wc2JMjhGNzB_c7c84bf01a834489ad11d8450a7dc2bc""]",1,"[""28""]"
9,C1|semi|reference_signed_corner_pair_count_difference|33c748a6fd|c1,semi,True,True,reference_signed_corner_pair_count_difference,import_json/groudTruth_458_tasks_import_from_updated_gt_20260701.json|1b2a2d905f62d703a3e46a7a83e5dca6e90c6030988d6ca594d2eb69793b5cf6|geometry_gt,C1,24,"[""7y3sRwLe3Va_ad77d6eeca5b492b8fe3317177f4f03f"", ""7y3sRwLe3Va_b47475370e824b9e923a4a96bc98e1e3"", ""B6ByNegPMKs_5b5bd1eac4e6462d8c6677b90a4cf9a9"", ""B6ByNegPMKs_7018ca302c584d0d85024187f3568460"", ""B6ByNegPMKs_c946db5792df4f90bea20f06a0030c37"", ""UwV83HsGsw3_0f1385fc03994285ad8253b49516d77b"", ""UwV83HsGsw3_a3630444bbd94cd6ac4edbe2dc1221de"", ""X7HyMhZNoso_b6f452209a62499795e5bd137214a7f9"", ""Z6MFQCViBuw_2008e72476f84104858e908beeac0193"", ""Z6MFQCViBuw_22fff6c74efb476592569c18718feb41"", ""q9vSo1VnCiC_9ba6cd412cb04c5c9beb15ef9e6d22c5"", ""q9vSo1VnCiC_a424533651804a38a55b1252daccc81e"", ""uNb9QFRL6hY_6c4fa6dfddc1499db228854454bfc61d"", ""uNb9QFRL6hY_748279b5d6e740c4b2cba9fc78d6fc62"", ""uNb9QFRL6hY_85e7a14905bd44648061e3eb7f79cf13"", ""uNb9QFRL6hY_a7ab19b1a9f044f0905592de1414e8b3"", ""uNb9QFRL6hY_cdca0a1a2fc343bb94bacdc3045b2d8d"", ""uNb9QFRL6hY_ce88ee8b7ee84fca92c13ab16599d90e"", ""wc2JMjhGNzB_55b45b0f19c2460bbcd1fb1c86c6610d"", ""wc2JMjhGNzB_9087f0358178420a8b9ac7b17a8919c7"", ""wc2JMjhGNzB_c7c84bf01a834489ad11d8450a7dc2bc"", ""wc2JMjhGNzB_ec04ef10a0664e94878aa2d0f1720c2f"", ""yqstnuAEVhm_08e2145b15fc4d2497c084af41dc7089"", ""yqstnuAEVhm_b26ae45c6c12443cbcfc3997f2e63347""]",23,"[""1"", ""10"", ""11"", ""12"", ""13"", ""14"", ""15"", ""17"", ""18"", ""2"", ""27"", ""28"", ""29"", ""30"", ""31"", ""32"", ""33"", ""34"", ""35"", ""36"", ""37"", ""6"", ""8""]"
2,C2-A-RP|manual|log_owner_valid_active_seconds|42456b6a23|c1,manual,True,False,log_owner_valid_active_seconds,active_logs/c2a_rp_block2_20260814|0.24-official|owner_valid_active_time,C2-A-RP,2,"[""jh4fc5c5qoQ_30cdb6fe9aa6449788e271f2e24d76ec"", ""zsNo4HB9uLZ_935e0f6088a54fba87990835d1997d9a""]",1,"[""15""]"
6,C2-A-RP|manual|log_owner_valid_active_seconds|aa8af3c336|c1,manual,True,True,log_owner_valid_active_seconds,active_logs/c2a_rp_block2_20260814|c2plus_task_worker_active_time_20260802_v2|owner_valid_active_time,C2-A-RP,7,"[""2t7WUuJeko7_7b017f053981438a9c075e599f2c5866"", ""S9hNv5qa7GM_ed36c0b595de42f0a4e13ba5d332814a"", ""VFuaQ6m2Qom_5fb269a812f349b4bc2ad5dfac000b85"", ""jtcxE69GiFV_67790605390f4d439c3c59395967ec84"", ""jtcxE69GiFV_c90412ad99334d3aa7a1ec74d8e543a1"", ""pRbA3pwrgk9_285b697fed754f86a09602c93628cfb4"", ""pa4otMbVnkk_64ba4f267872432abdcb00af002649d5""]",6,"[""1"", ""10"", ""31"", ""33"", ""34"", ""36""]"
2,C2-A-RP|manual|log_owner_valid_active_seconds|aa8af3c336|c2,manual,True,True,log_owner_valid_active_seconds,active_logs/c2a_rp_block2_20260814|c2plus_task_worker_active_time_20260802_v2|owner_valid_active_time,C2-A-RP,3,"[""jtcxE69GiFV_dce110162b244b2ab76a0804fc830a9e"", ""jtcxE69GiFV_f4dc4040df5a4f038dd2b35f2bb65266"", ""pa4otMbVnkk_5d1adb544bb14217ba5ded2eb82cd8e3""]",2,"[""2"", ""28""]"
2,C2-A-RP|manual|log_owner_valid_active_seconds|aa8af3c336|c3,manual,True,True,log_owner_valid_active_seconds,active_logs/c2a_rp_block2_20260814|c2plus_task_worker_active_time_20260802_v2|owner_valid_active_time,C2-A-RP,3,"[""jtcxE69GiFV_539fb3f6f19b442285b593628a8ce14e"", ""pRbA3pwrgk9_16beb21e65a84850a509972190038d0e"", ""pRbA3pwrgk9_2a3810bc7ecc491e81ff1e8a17692ec1""]",2,"[""29"", ""6""]"
3,C2-A-RP|manual|log_owner_valid_active_seconds|aa8af3c336|c4,manual,True,True,log_owner_valid_active_seconds,active_logs/c2a_rp_block2_20260814|c2plus_task_worker_active_time_20260802_v2|owner_valid_active_time,C2-A-RP,3,"[""S9hNv5qa7GM_53d54b73e58940019b731673e65c1902"", ""jh4fc5c5qoQ_a59a3a61089343a8ba2834e7d3cd1066"", ""pa4otMbVnkk_f6005da79d2c43ba820db8124a4287d1""]",2,"[""30"", ""37""]"
3,C2-A-RP|manual|log_owner_valid_active_seconds|aa8af3c336|c5,manual,True,True,log_owner_valid_active_seconds,active_logs/c2a_rp_block2_20260814|c2plus_task_worker_active_time_20260802_v2|owner_valid_active_time,C2-A-RP,3,"[""pRbA3pwrgk9_03de6e2562bb4f56a88db3ceb681af78"", ""pa4otMbVnkk_fc4ee7e59f32491d9817b3a9a5b5e9b1"", ""zsNo4HB9uLZ_935e0f6088a54fba87990835d1997d9a""]",2,"[""32"", ""35""]"
2,C2-A-RP|manual|log_owner_valid_active_seconds|aa8af3c336|c6,manual,True,False,log_owner_valid_active_seconds,active_logs/c2a_rp_block2_20260814|c2plus_task_worker_active_time_20260802_v2|owner_valid_active_time,C2-A-RP,2,"[""S9hNv5qa7GM_2ea5348654d24115bba3dcdb21fa655e"", ""jh4fc5c5qoQ_30cdb6fe9aa6449788e271f2e24d76ec""]",1,"[""11""]"
2,C2-A-RP|manual|log_owner_valid_active_seconds|aa8af3c336|c7,manual,True,False,log_owner_valid_active_seconds,active_logs/c2a_rp_block2_20260814|c2plus_task_worker_active_time_20260802_v2|owner_valid_active_time,C2-A-RP,2,"[""jtcxE69GiFV_27535f650b78489abcf2397c1eaa3037"", ""pa4otMbVnkk_4fbdfc08c934474ea9a04977f9081d0e""]",1,"[""12""]"
2,C2-A-RP|manual|log_owner_valid_active_seconds|aa8af3c336|c8,manual,True,False,log_owner_valid_active_seconds,active_logs/c2a_rp_block2_20260814|c2plus_task_worker_active_time_20260802_v2|owner_valid_active_time,C2-A-RP,2,"[""2t7WUuJeko7_3be66dc4f0fb46449d63b07d92c74f3f"", ""zsNo4HB9uLZ_aabf649f606a48a1b16d5bdcd5970602""]",1,"[""8""]"
1,C2-A-RP|manual|log_owner_valid_active_seconds|41c4ce0341|c1,manual,False,False,log_owner_valid_active_seconds,active_logs/c2a_rp_block2_20260814|stage1_active_time_annotation_hardening_20260701_v1|owner_valid_active_time,C2-A-RP,2,"[""jtcxE69GiFV_27535f650b78489abcf2397c1eaa3037"", ""jtcxE69GiFV_44661972414d44fabc0799f237e4d7f0""]",1,"[""13""]"
2,C2-A-RP|manual|log_owner_valid_active_seconds|41c4ce0341|c2,manual,True,False,log_owner_valid_active_seconds,active_logs/c2a_rp_block2_20260814|stage1_active_time_annotation_hardening_20260701_v1|owner_valid_active_time,C2-A-RP,2,"[""jtcxE69GiFV_1df105f34ccf4844877be7e8e2d90fad"", ""zsNo4HB9uLZ_aabf649f606a48a1b16d5bdcd5970602""]",1,"[""17""]"
8,C2-A-RP|manual|c2_reference_quality|a1f1f4a798|c1,manual,True,True,c2_reference_quality,analysis_results/c2a_rp_terminal_reestimate_20260817_v1/c2b_plus_c2a_rp_terminal_risk_slope_evidence.csv|65ea96402b41b600920f311f7960ed0384606c88a0f5c6a37b56e1f748eb25bd|frozen_c2_operational_reference,C2-A-RP,41,"[""2t7WUuJeko7_3be66dc4f0fb46449d63b07d92c74f3f"", ""2t7WUuJeko7_7b017f053981438a9c075e599f2c5866"", ""2t7WUuJeko7_976c954bc5944db493d6149ee4bc7a2a"", ""S9hNv5qa7GM_2ea5348654d24115bba3dcdb21fa655e"", ""S9hNv5qa7GM_53d54b73e58940019b731673e65c1902"", ""S9hNv5qa7GM_eba5ca774e2a41dfa6e22fbff7fe66d2"", ""S9hNv5qa7GM_ed36c0b595de42f0a4e13ba5d332814a"", ""VFuaQ6m2Qom_5fb269a812f349b4bc2ad5dfac000b85"", ""VFuaQ6m2Qom_f0be18aa2f1d4aa2b6adf355a86f34b8"", ""jh4fc5c5qoQ_30cdb6fe9aa6449788e271f2e24d76ec"", ""jh4fc5c5qoQ_a59a3a61089343a8ba2834e7d3cd1066"", ""jh4fc5c5qoQ_abbdc7ac89204f23a935fcb9ccae887c"", ""jtcxE69GiFV_0aa01000f1934e73b35c348fa8d15040"", ""jtcxE69GiFV_1df105f34ccf4844877be7e8e2d90fad"", ""jtcxE69GiFV_27535f650b78489abcf2397c1eaa3037"", ""jtcxE69GiFV_3fb4bb890d7f4964b496a46db647e72a"", ""jtcxE69GiFV_44661972414d44fabc0799f237e4d7f0"", ""jtcxE69GiFV_539fb3f6f19b442285b593628a8ce14e"", ""jtcxE69GiFV_5d3af9ad575b4be88587967ff8114c36"", ""jtcxE69GiFV_67790605390f4d439c3c59395967ec84"", ""jtcxE69GiFV_c90412ad99334d3aa7a1ec74d8e543a1"", ""jtcxE69GiFV_dce110162b244b2ab76a0804fc830a9e"", ""jtcxE69GiFV_f473cf5a09a64090acec3bfe8fccaacd"", ""jtcxE69GiFV_f4dc4040df5a4f038dd2b35f2bb65266"", ""pRbA3pwrgk9_03de6e2562bb4f56a88db3ceb681af78"", ""pRbA3pwrgk9_0dad4bd3fa7e4349a5325596c10d6fdf"", ""pRbA3pwrgk9_16beb21e65a84850a509972190038d0e"", ""pRbA3pwrgk9_285b697fed754f86a09602c93628cfb4"", ""pRbA3pwrgk9_2a3810bc7ecc491e81ff1e8a17692ec1"", ""pa4otMbVnkk_48321c1bb20244f1b43b2c41b4dc9657"", ""pa4otMbVnkk_4fbdfc08c934474ea9a04977f9081d0e"", ""pa4otMbVnkk_5d1adb544bb14217ba5ded2eb82cd8e3"", ""pa4otMbVnkk_63bde48e974d42e59a664bc3b5d9566a"", ""pa4otMbVnkk_64ba4f267872432abdcb00af002649d5"", ""pa4otMbVnkk_eac7bdc24b24474ba38b8b0b5acd62f6"", ""pa4otMbVnkk_f6005da79d2c43ba820db8124a4287d1"", ""pa4otMbVnkk_fc4ee7e59f32491d9817b3a9a5b5e9b1"", ""zsNo4HB9uLZ_2caadd7bc71c43d5ad10f4e7f10a3455"", ""zsNo4HB9uLZ_65eefaf93e6249908e6389eb4eabf0f5"", ""zsNo4HB9uLZ_935e0f6088a54fba87990835d1997d9a"", ""zsNo4HB9uLZ_aabf649f606a48a1b16d5bdcd5970602""]",20,"[""1"", ""10"", ""11"", ""12"", ""13"", ""15"", ""17"", ""2"", ""28"", ""29"", ""30"", ""31"", ""32"", ""33"", ""34"", ""35"", ""36"", ""37"", ""6"", ""8""]"
7,C2-A-RP|manual|d_mask_to_reference|de701380f8|c1,manual,True,True,d_mask_to_reference,import_json/mp3d_validation_gt_audit_20260809/mp3d_validation_all_gt_import.json|802a5d1a4d78545874bacc5463a0c5a204531bbca773643340ed28d63ee15da6|geometry_gt,C2-A-RP,28,"[""2t7WUuJeko7_3be66dc4f0fb46449d63b07d92c74f3f"", ""2t7WUuJeko7_7b017f053981438a9c075e599f2c5866"", ""2t7WUuJeko7_976c954bc5944db493d6149ee4bc7a2a"", ""S9hNv5qa7GM_2ea5348654d24115bba3dcdb21fa655e"", ""S9hNv5qa7GM_53d54b73e58940019b731673e65c1902"", ""S9hNv5qa7GM_eba5ca774e2a41dfa6e22fbff7fe66d2"", ""jh4fc5c5qoQ_30cdb6fe9aa6449788e271f2e24d76ec"", ""jtcxE69GiFV_27535f650b78489abcf2397c1eaa3037"", ""jtcxE69GiFV_3fb4bb890d7f4964b496a46db647e72a"", ""jtcxE69GiFV_44661972414d44fabc0799f237e4d7f0"", ""jtcxE69GiFV_5d3af9ad575b4be88587967ff8114c36"", ""jtcxE69GiFV_c90412ad99334d3aa7a1ec74d8e543a1"", ""jtcxE69GiFV_dce110162b244b2ab76a0804fc830a9e"", ""jtcxE69GiFV_f473cf5a09a64090acec3bfe8fccaacd"", ""jtcxE69GiFV_f4dc4040df5a4f038dd2b35f2bb65266"", ""pRbA3pwrgk9_0dad4bd3fa7e4349a5325596c10d6fdf"", ""pRbA3pwrgk9_16beb21e65a84850a509972190038d0e"", ""pRbA3pwrgk9_285b697fed754f86a09602c93628cfb4"", ""pRbA3pwrgk9_2a3810bc7ecc491e81ff1e8a17692ec1"", ""pa4otMbVnkk_4fbdfc08c934474ea9a04977f9081d0e"", ""pa4otMbVnkk_5d1adb544bb14217ba5ded2eb82cd8e3"", ""pa4otMbVnkk_eac7bdc24b24474ba38b8b0b5acd62f6"", ""pa4otMbVnkk_f6005da79d2c43ba820db8124a4287d1"", ""pa4otMbVnkk_fc4ee7e59f32491d9817b3a9a5b5e9b1"", ""zsNo4HB9uLZ_2caadd7bc71c43d5ad10f4e7f10a3455"", ""zsNo4HB9uLZ_4c0aab63a4434cf4878e6f5b3ce9a70b"", ""zsNo4HB9uLZ_65eefaf93e6249908e6389eb4eabf0f5"", ""zsNo4HB9uLZ_935e0f6088a54fba87990835d1997d9a""]",17,"[""10"", ""11"", ""12"", ""13"", ""15"", ""2"", ""28"", ""29"", ""30"", ""31"", ""32"", ""33"", ""34"", ""35"", ""36"", ""6"", ""8""]"
1,C2-A-RP|manual|d_mask_to_reference|de701380f8|c2,manual,False,False,d_mask_to_reference,import_json/mp3d_validation_gt_audit_20260809/mp3d_validation_all_gt_import.json|802a5d1a4d78545874bacc5463a0c5a204531bbca773643340ed28d63ee15da6|geometry_gt,C2-A-RP,2,"[""jtcxE69GiFV_0aa01000f1934e73b35c348fa8d15040"", ""jtcxE69GiFV_1df105f34ccf4844877be7e8e2d90fad""]",1,"[""17""]"
1,C2-A-RP|manual|d_mask_to_reference|de701380f8|c3,manual,False,False,d_mask_to_reference,import_json/mp3d_validation_gt_audit_20260809/mp3d_validation_all_gt_import.json|802a5d1a4d78545874bacc5463a0c5a204531bbca773643340ed28d63ee15da6|geometry_gt,C2-A-RP,1,"[""pa4otMbVnkk_63bde48e974d42e59a664bc3b5d9566a""]",1,"[""1""]"
1,C2-A-RP|manual|d_mask_to_reference|de701380f8|c4,manual,False,False,d_mask_to_reference,import_json/mp3d_validation_gt_audit_20260809/mp3d_validation_all_gt_import.json|802a5d1a4d78545874bacc5463a0c5a204531bbca773643340ed28d63ee15da6|geometry_gt,C2-A-RP,1,"[""jh4fc5c5qoQ_abbdc7ac89204f23a935fcb9ccae887c""]",1,"[""37""]"
7,C2-A-RP|manual|reference_corner_cyclic_rmse|de701380f8|c1,manual,True,True,reference_corner_cyclic_rmse,import_json/mp3d_validation_gt_audit_20260809/mp3d_validation_all_gt_import.json|802a5d1a4d78545874bacc5463a0c5a204531bbca773643340ed28d63ee15da6|geometry_gt,C2-A-RP,18,"[""2t7WUuJeko7_3be66dc4f0fb46449d63b07d92c74f3f"", ""2t7WUuJeko7_7b017f053981438a9c075e599f2c5866"", ""2t7WUuJeko7_976c954bc5944db493d6149ee4bc7a2a"", ""S9hNv5qa7GM_2ea5348654d24115bba3dcdb21fa655e"", ""jh4fc5c5qoQ_30cdb6fe9aa6449788e271f2e24d76ec"", ""jtcxE69GiFV_27535f650b78489abcf2397c1eaa3037"", ""jtcxE69GiFV_3fb4bb890d7f4964b496a46db647e72a"", ""jtcxE69GiFV_44661972414d44fabc0799f237e4d7f0"", ""pRbA3pwrgk9_0dad4bd3fa7e4349a5325596c10d6fdf"", ""pRbA3pwrgk9_285b697fed754f86a09602c93628cfb4"", ""pRbA3pwrgk9_2a3810bc7ecc491e81ff1e8a17692ec1"", ""pa4otMbVnkk_4fbdfc08c934474ea9a04977f9081d0e"", ""pa4otMbVnkk_5d1adb544bb14217ba5ded2eb82cd8e3"", ""pa4otMbVnkk_fc4ee7e59f32491d9817b3a9a5b5e9b1"", ""zsNo4HB9uLZ_2caadd7bc71c43d5ad10f4e7f10a3455"", ""zsNo4HB9uLZ_4c0aab63a4434cf4878e6f5b3ce9a70b"", ""zsNo4HB9uLZ_65eefaf93e6249908e6389eb4eabf0f5"", ""zsNo4HB9uLZ_935e0f6088a54fba87990835d1997d9a""]",13,"[""11"", ""12"", ""13"", ""15"", ""2"", ""29"", ""31"", ""32"", ""33"", ""34"", ""35"", ""6"", ""8""]"
2,C2-A-RP|manual|reference_corner_cyclic_rmse|de701380f8|c2,manual,True,True,reference_corner_cyclic_rmse,import_json/mp3d_validation_gt_audit_20260809/mp3d_validation_all_gt_import.json|802a5d1a4d78545874bacc5463a0c5a204531bbca773643340ed28d63ee15da6|geometry_gt,C2-A-RP,3,"[""S9hNv5qa7GM_53d54b73e58940019b731673e65c1902"", ""S9hNv5qa7GM_eba5ca774e2a41dfa6e22fbff7fe66d2"", ""jtcxE69GiFV_f4dc4040df5a4f038dd2b35f2bb65266""]",2,"[""10"", ""28""]"
1,C2-A-RP|manual|reference_corner_cyclic_rmse|de701380f8|c3,manual,False,False,reference_corner_cyclic_rmse,import_json/mp3d_validation_gt_audit_20260809/mp3d_validation_all_gt_import.json|802a5d1a4d78545874bacc5463a0c5a204531bbca773643340ed28d63ee15da6|geometry_gt,C2-A-RP,2,"[""jtcxE69GiFV_0aa01000f1934e73b35c348fa8d15040"", ""jtcxE69GiFV_1df105f34ccf4844877be7e8e2d90fad""]",1,"[""17""]"
1,C2-A-RP|manual|reference_corner_cyclic_rmse|de701380f8|c4,manual,False,False,reference_corner_cyclic_rmse,import_json/mp3d_validation_gt_audit_20260809/mp3d_validation_all_gt_import.json|802a5d1a4d78545874bacc5463a0c5a204531bbca773643340ed28d63ee15da6|geometry_gt,C2-A-RP,2,"[""pa4otMbVnkk_eac7bdc24b24474ba38b8b0b5acd62f6"", ""pa4otMbVnkk_f6005da79d2c43ba820db8124a4287d1""]",1,"[""30""]"
1,C2-A-RP|manual|reference_corresponding_signed_x_offset|de701380f8|c1,manual,False,False,reference_corresponding_signed_x_offset,import_json/mp3d_validation_gt_audit_20260809/mp3d_validation_all_gt_import.json|802a5d1a4d78545874bacc5463a0c5a204531bbca773643340ed28d63ee15da6|geometry_gt,C2-A-RP,1,"[""2t7WUuJeko7_7b017f053981438a9c075e599f2c5866""]",3,"[""31"", ""34"", ""8""]"
1,C2-A-RP|manual|reference_corresponding_signed_x_offset|de701380f8|c2,manual,False,False,reference_corresponding_signed_x_offset,import_json/mp3d_validation_gt_audit_20260809/mp3d_validation_all_gt_import.json|802a5d1a4d78545874bacc5463a0c5a204531bbca773643340ed28d63ee15da6|geometry_gt,C2-A-RP,1,"[""S9hNv5qa7GM_53d54b73e58940019b731673e65c1902""]",2,"[""10"", ""28""]"
1,C2-A-RP|manual|reference_corresponding_signed_x_offset|de701380f8|c3,manual,False,False,reference_corresponding_signed_x_offset,import_json/mp3d_validation_gt_audit_20260809/mp3d_validation_all_gt_import.json|802a5d1a4d78545874bacc5463a0c5a204531bbca773643340ed28d63ee15da6|geometry_gt,C2-A-RP,1,"[""zsNo4HB9uLZ_4c0aab63a4434cf4878e6f5b3ce9a70b""]",2,"[""2"", ""35""]"
1,C2-A-RP|manual|reference_corresponding_signed_x_offset|de701380f8|c4,manual,False,False,reference_corresponding_signed_x_offset,import_json/mp3d_validation_gt_audit_20260809/mp3d_validation_all_gt_import.json|802a5d1a4d78545874bacc5463a0c5a204531bbca773643340ed28d63ee15da6|geometry_gt,C2-A-RP,1,"[""S9hNv5qa7GM_2ea5348654d24115bba3dcdb21fa655e""]",1,"[""11""]"
1,C2-A-RP|manual|reference_corresponding_signed_x_offset|de701380f8|c5,manual,False,False,reference_corresponding_signed_x_offset,import_json/mp3d_validation_gt_audit_20260809/mp3d_validation_all_gt_import.json|802a5d1a4d78545874bacc5463a0c5a204531bbca773643340ed28d63ee15da6|geometry_gt,C2-A-RP,1,"[""jtcxE69GiFV_44661972414d44fabc0799f237e4d7f0""]",1,"[""13""]"
1,C2-A-RP|manual|reference_corresponding_signed_x_offset|de701380f8|c6,manual,False,False,reference_corresponding_signed_x_offset,import_json/mp3d_validation_gt_audit_20260809/mp3d_validation_all_gt_import.json|802a5d1a4d78545874bacc5463a0c5a204531bbca773643340ed28d63ee15da6|geometry_gt,C2-A-RP,1,"[""jtcxE69GiFV_1df105f34ccf4844877be7e8e2d90fad""]",1,"[""17""]"
1,C2-A-RP|manual|reference_corresponding_signed_x_offset|de701380f8|c7,manual,False,False,reference_corresponding_signed_x_offset,import_json/mp3d_validation_gt_audit_20260809/mp3d_validation_all_gt_import.json|802a5d1a4d78545874bacc5463a0c5a204531bbca773643340ed28d63ee15da6|geometry_gt,C2-A-RP,1,"[""pRbA3pwrgk9_0dad4bd3fa7e4349a5325596c10d6fdf""]",1,"[""29""]"
1,C2-A-RP|manual|reference_corresponding_signed_x_offset|de701380f8|c8,manual,False,False,reference_corresponding_signed_x_offset,import_json/mp3d_validation_gt_audit_20260809/mp3d_validation_all_gt_import.json|802a5d1a4d78545874bacc5463a0c5a204531bbca773643340ed28d63ee15da6|geometry_gt,C2-A-RP,1,"[""pRbA3pwrgk9_285b697fed754f86a09602c93628cfb4""]",1,"[""33""]"
7,C2-A-RP|manual|reference_signed_corner_pair_count_difference|de701380f8|c1,manual,True,True,reference_signed_corner_pair_count_difference,import_json/mp3d_validation_gt_audit_20260809/mp3d_validation_all_gt_import.json|802a5d1a4d78545874bacc5463a0c5a204531bbca773643340ed28d63ee15da6|geometry_gt,C2-A-RP,28,"[""2t7WUuJeko7_3be66dc4f0fb46449d63b07d92c74f3f"", ""2t7WUuJeko7_7b017f053981438a9c075e599f2c5866"", ""2t7WUuJeko7_976c954bc5944db493d6149ee4bc7a2a"", ""S9hNv5qa7GM_2ea5348654d24115bba3dcdb21fa655e"", ""S9hNv5qa7GM_53d54b73e58940019b731673e65c1902"", ""S9hNv5qa7GM_eba5ca774e2a41dfa6e22fbff7fe66d2"", ""jh4fc5c5qoQ_30cdb6fe9aa6449788e271f2e24d76ec"", ""jtcxE69GiFV_27535f650b78489abcf2397c1eaa3037"", ""jtcxE69GiFV_3fb4bb890d7f4964b496a46db647e72a"", ""jtcxE69GiFV_44661972414d44fabc0799f237e4d7f0"", ""jtcxE69GiFV_5d3af9ad575b4be88587967ff8114c36"", ""jtcxE69GiFV_c90412ad99334d3aa7a1ec74d8e543a1"", ""jtcxE69GiFV_dce110162b244b2ab76a0804fc830a9e"", ""jtcxE69GiFV_f473cf5a09a64090acec3bfe8fccaacd"", ""jtcxE69GiFV_f4dc4040df5a4f038dd2b35f2bb65266"", ""pRbA3pwrgk9_0dad4bd3fa7e4349a5325596c10d6fdf"", ""pRbA3pwrgk9_16beb21e65a84850a509972190038d0e"", ""pRbA3pwrgk9_285b697fed754f86a09602c93628cfb4"", ""pRbA3pwrgk9_2a3810bc7ecc491e81ff1e8a17692ec1"", ""pa4otMbVnkk_4fbdfc08c934474ea9a04977f9081d0e"", ""pa4otMbVnkk_5d1adb544bb14217ba5ded2eb82cd8e3"", ""pa4otMbVnkk_eac7bdc24b24474ba38b8b0b5acd62f6"", ""pa4otMbVnkk_f6005da79d2c43ba820db8124a4287d1"", ""pa4otMbVnkk_fc4ee7e59f32491d9817b3a9a5b5e9b1"", ""zsNo4HB9uLZ_2caadd7bc71c43d5ad10f4e7f10a3455"", ""zsNo4HB9uLZ_4c0aab63a4434cf4878e6f5b3ce9a70b"", ""zsNo4HB9uLZ_65eefaf93e6249908e6389eb4eabf0f5"", ""zsNo4HB9uLZ_935e0f6088a54fba87990835d1997d9a""]",17,"[""10"", ""11"", ""12"", ""13"", ""15"", ""2"", ""28"", ""29"", ""30"", ""31"", ""32"", ""33"", ""34"", ""35"", ""36"", ""6"", ""8""]"
1,C2-A-RP|manual|reference_signed_corner_pair_count_difference|de701380f8|c2,manual,False,False,reference_signed_corner_pair_count_difference,import_json/mp3d_validation_gt_audit_20260809/mp3d_validation_all_gt_import.json|802a5d1a4d78545874bacc5463a0c5a204531bbca773643340ed28d63ee15da6|geometry_gt,C2-A-RP,2,"[""jtcxE69GiFV_0aa01000f1934e73b35c348fa8d15040"", ""jtcxE69GiFV_1df105f34ccf4844877be7e8e2d90fad""]",1,"[""17""]"
1,C2-A-RP|manual|reference_signed_corner_pair_count_difference|de701380f8|c3,manual,False,False,reference_signed_corner_pair_count_difference,import_json/mp3d_validation_gt_audit_20260809/mp3d_validation_all_gt_import.json|802a5d1a4d78545874bacc5463a0c5a204531bbca773643340ed28d63ee15da6|geometry_gt,C2-A-RP,1,"[""pa4otMbVnkk_63bde48e974d42e59a664bc3b5d9566a""]",1,"[""1""]"
1,C2-A-RP|manual|reference_signed_corner_pair_count_difference|de701380f8|c4,manual,False,False,reference_signed_corner_pair_count_difference,import_json/mp3d_validation_gt_audit_20260809/mp3d_validation_all_gt_import.json|802a5d1a4d78545874bacc5463a0c5a204531bbca773643340ed28d63ee15da6|geometry_gt,C2-A-RP,1,"[""jh4fc5c5qoQ_abbdc7ac89204f23a935fcb9ccae887c""]",1,"[""37""]"
3,C2-A-RP|manual|log_owner_valid_active_seconds|6d353e274d|c1,manual,True,True,log_owner_valid_active_seconds,log|frozen_stage_task_worker_active_time|owner_valid_active_time,C2-A-RP,5,"[""2t7WUuJeko7_3be66dc4f0fb46449d63b07d92c74f3f"", ""pRbA3pwrgk9_03de6e2562bb4f56a88db3ceb681af78"", ""pRbA3pwrgk9_16beb21e65a84850a509972190038d0e"", ""pRbA3pwrgk9_2a3810bc7ecc491e81ff1e8a17692ec1"", ""pa4otMbVnkk_63bde48e974d42e59a664bc3b5d9566a""]",4,"[""1"", ""31"", ""33"", ""34""]"
5,C2-A-RP|manual|log_owner_valid_active_seconds|6d353e274d|c2,manual,True,True,log_owner_valid_active_seconds,log|frozen_stage_task_worker_active_time|owner_valid_active_time,C2-A-RP,5,"[""2t7WUuJeko7_7b017f053981438a9c075e599f2c5866"", ""jtcxE69GiFV_27535f650b78489abcf2397c1eaa3037"", ""pRbA3pwrgk9_0dad4bd3fa7e4349a5325596c10d6fdf"", ""pa4otMbVnkk_5d1adb544bb14217ba5ded2eb82cd8e3"", ""zsNo4HB9uLZ_65eefaf93e6249908e6389eb4eabf0f5""]",4,"[""15"", ""29"", ""32"", ""8""]"
2,C2-A-RP|manual|log_owner_valid_active_seconds|6d353e274d|c3,manual,True,True,log_owner_valid_active_seconds,log|frozen_stage_task_worker_active_time|owner_valid_active_time,C2-A-RP,3,"[""S9hNv5qa7GM_53d54b73e58940019b731673e65c1902"", ""S9hNv5qa7GM_eba5ca774e2a41dfa6e22fbff7fe66d2"", ""jtcxE69GiFV_f473cf5a09a64090acec3bfe8fccaacd""]",2,"[""10"", ""28""]"
3,C2-A-RP|manual|log_owner_valid_active_seconds|6d353e274d|c4,manual,True,True,log_owner_valid_active_seconds,log|frozen_stage_task_worker_active_time|owner_valid_active_time,C2-A-RP,3,"[""2t7WUuJeko7_976c954bc5944db493d6149ee4bc7a2a"", ""VFuaQ6m2Qom_f0be18aa2f1d4aa2b6adf355a86f34b8"", ""jh4fc5c5qoQ_abbdc7ac89204f23a935fcb9ccae887c""]",2,"[""11"", ""37""]"
3,C2-A-RP|manual|log_owner_valid_active_seconds|6d353e274d|c5,manual,True,True,log_owner_valid_active_seconds,log|frozen_stage_task_worker_active_time|owner_valid_active_time,C2-A-RP,3,"[""jh4fc5c5qoQ_30cdb6fe9aa6449788e271f2e24d76ec"", ""jtcxE69GiFV_3fb4bb890d7f4964b496a46db647e72a"", ""pa4otMbVnkk_48321c1bb20244f1b43b2c41b4dc9657""]",2,"[""12"", ""13""]"
3,C2-A-RP|manual|log_owner_valid_active_seconds|6d353e274d|c6,manual,True,True,log_owner_valid_active_seconds,log|frozen_stage_task_worker_active_time|owner_valid_active_time,C2-A-RP,3,"[""VFuaQ6m2Qom_5fb269a812f349b4bc2ad5dfac000b85"", ""jtcxE69GiFV_0aa01000f1934e73b35c348fa8d15040"", ""pa4otMbVnkk_eac7bdc24b24474ba38b8b0b5acd62f6""]",2,"[""17"", ""30""]"
2,C2-A-RP|manual|log_owner_valid_active_seconds|6d353e274d|c7,manual,True,True,log_owner_valid_active_seconds,log|frozen_stage_task_worker_active_time|owner_valid_active_time,C2-A-RP,3,"[""jtcxE69GiFV_c90412ad99334d3aa7a1ec74d8e543a1"", ""zsNo4HB9uLZ_2caadd7bc71c43d5ad10f4e7f10a3455"", ""zsNo4HB9uLZ_4c0aab63a4434cf4878e6f5b3ce9a70b""]",2,"[""2"", ""35""]"
2,C2-A-RP|manual|log_owner_valid_active_seconds|6d353e274d|c8,manual,True,True,log_owner_valid_active_seconds,log|frozen_stage_task_worker_active_time|owner_valid_active_time,C2-A-RP,3,"[""jtcxE69GiFV_5d3af9ad575b4be88587967ff8114c36"", ""jtcxE69GiFV_dce110162b244b2ab76a0804fc830a9e"", ""zsNo4HB9uLZ_aabf649f606a48a1b16d5bdcd5970602""]",2,"[""36"", ""6""]"
8,C2-B|manual|c2_reference_quality|a1f1f4a798|c1,manual,True,True,c2_reference_quality,analysis_results/c2a_rp_terminal_reestimate_20260817_v1/c2b_plus_c2a_rp_terminal_risk_slope_evidence.csv|65ea96402b41b600920f311f7960ed0384606c88a0f5c6a37b56e1f748eb25bd|frozen_c2_operational_reference,C2-B,45,"[""S9hNv5qa7GM_0c2a97f049db4a429776940850fedf2e"", ""S9hNv5qa7GM_322a5d3bbca1428fb92d39bfc6e603ee"", ""S9hNv5qa7GM_625eb179629b45f280c01d3f6ec74b4f"", ""S9hNv5qa7GM_8b55e4f095374cfe8ddb0fda0f0dfa02"", ""S9hNv5qa7GM_bd9faec23bb3462c94a5fbc6c0a3d5cf"", ""S9hNv5qa7GM_dcced7b92f444b9a83bd7d54413fa486"", ""S9hNv5qa7GM_ed36c0b595de42f0a4e13ba5d332814a"", ""VFuaQ6m2Qom_109e18c64a614dc49e41a33ae979f98a"", ""VFuaQ6m2Qom_381ce3cd69b846c3b920be16d29ed48e"", ""VFuaQ6m2Qom_5fb269a812f349b4bc2ad5dfac000b85"", ""VFuaQ6m2Qom_ad4c387f8175498491966703c8441e0d"", ""VFuaQ6m2Qom_f0be18aa2f1d4aa2b6adf355a86f34b8"", ""VLzqgDo317F_5d3591edd7c546acaf99db40281b3409"", ""jh4fc5c5qoQ_4547d37b305e41bdad0de45ade6971ca"", ""jh4fc5c5qoQ_77e6cfabf32d46fc9398ce824843adaa"", ""jh4fc5c5qoQ_855bc326ad174253b57626daf123c608"", ""jh4fc5c5qoQ_a59a3a61089343a8ba2834e7d3cd1066"", ""jh4fc5c5qoQ_b000c5baa76b454caa1c58c9aac585f6"", ""jtcxE69GiFV_0aa01000f1934e73b35c348fa8d15040"", ""jtcxE69GiFV_1df105f34ccf4844877be7e8e2d90fad"", ""jtcxE69GiFV_27535f650b78489abcf2397c1eaa3037"", ""jtcxE69GiFV_4d7ce55eeb6643079aba3b10360de8d8"", ""jtcxE69GiFV_5d3af9ad575b4be88587967ff8114c36"", ""jtcxE69GiFV_6723e18211d244f8b17ced91aae64d99"", ""jtcxE69GiFV_9f0e2562fcf447f5a7c5e44e85978148"", ""jtcxE69GiFV_a197694b62d249968f88ae32a1b49d10"", ""jtcxE69GiFV_c90412ad99334d3aa7a1ec74d8e543a1"", ""jtcxE69GiFV_dce110162b244b2ab76a0804fc830a9e"", ""pRbA3pwrgk9_0350fc96e88c4a52886d4eb50b2d52c6"", ""pRbA3pwrgk9_03de6e2562bb4f56a88db3ceb681af78"", ""pRbA3pwrgk9_285b697fed754f86a09602c93628cfb4"", ""pRbA3pwrgk9_2a3810bc7ecc491e81ff1e8a17692ec1"", ""pRbA3pwrgk9_4fe4474e9bf9429ea92d202bdea4dce5"", ""pRbA3pwrgk9_8b07a4b08cf447abb246769d8dce8494"", ""pRbA3pwrgk9_8caa90fc5528451f9e9f45634676499b"", ""pRbA3pwrgk9_9c9bed9bf7d94ac0bcea18e3bf521930"", ""pRbA3pwrgk9_bc9ae89832854c19a69741f97291efad"", ""pa4otMbVnkk_270f6920ec0f48c391bca974b356bc3b"", ""pa4otMbVnkk_3ad5d0784b1442b6a728bb7dec3d50e0"", ""pa4otMbVnkk_447755d931aa401097d8c0952a22b17e"", ""pa4otMbVnkk_48321c1bb20244f1b43b2c41b4dc9657"", ""pa4otMbVnkk_5d1adb544bb14217ba5ded2eb82cd8e3"", ""pa4otMbVnkk_63bde48e974d42e59a664bc3b5d9566a"", ""zsNo4HB9uLZ_65eefaf93e6249908e6389eb4eabf0f5"", ""zsNo4HB9uLZ_faad06c7cb2b4a6f9220e7f6f87c800b""]",20,"[""1"", ""10"", ""11"", ""12"", ""13"", ""15"", ""17"", ""2"", ""28"", ""29"", ""30"", ""31"", ""32"", ""33"", ""34"", ""35"", ""36"", ""37"", ""6"", ""8""]"
7,C2-B|manual|d_mask_to_reference|de701380f8|c1,manual,True,True,d_mask_to_reference,import_json/mp3d_validation_gt_audit_20260809/mp3d_validation_all_gt_import.json|802a5d1a4d78545874bacc5463a0c5a204531bbca773643340ed28d63ee15da6|geometry_gt,C2-B,26,"[""S9hNv5qa7GM_0c2a97f049db4a429776940850fedf2e"", ""S9hNv5qa7GM_322a5d3bbca1428fb92d39bfc6e603ee"", ""S9hNv5qa7GM_bd9faec23bb3462c94a5fbc6c0a3d5cf"", ""S9hNv5qa7GM_dcced7b92f444b9a83bd7d54413fa486"", ""VFuaQ6m2Qom_109e18c64a614dc49e41a33ae979f98a"", ""VFuaQ6m2Qom_381ce3cd69b846c3b920be16d29ed48e"", ""VLzqgDo317F_5d3591edd7c546acaf99db40281b3409"", ""jtcxE69GiFV_0aa01000f1934e73b35c348fa8d15040"", ""jtcxE69GiFV_1df105f34ccf4844877be7e8e2d90fad"", ""jtcxE69GiFV_27535f650b78489abcf2397c1eaa3037"", ""jtcxE69GiFV_5d3af9ad575b4be88587967ff8114c36"", ""jtcxE69GiFV_9f0e2562fcf447f5a7c5e44e85978148"", ""jtcxE69GiFV_a197694b62d249968f88ae32a1b49d10"", ""jtcxE69GiFV_c90412ad99334d3aa7a1ec74d8e543a1"", ""jtcxE69GiFV_dce110162b244b2ab76a0804fc830a9e"", ""pRbA3pwrgk9_285b697fed754f86a09602c93628cfb4"", ""pRbA3pwrgk9_2a3810bc7ecc491e81ff1e8a17692ec1"", ""pRbA3pwrgk9_4fe4474e9bf9429ea92d202bdea4dce5"", ""pRbA3pwrgk9_8caa90fc5528451f9e9f45634676499b"", ""pRbA3pwrgk9_9c9bed9bf7d94ac0bcea18e3bf521930"", ""pa4otMbVnkk_3ad5d0784b1442b6a728bb7dec3d50e0"", ""pa4otMbVnkk_447755d931aa401097d8c0952a22b17e"", ""pa4otMbVnkk_5d1adb544bb14217ba5ded2eb82cd8e3"", ""pa4otMbVnkk_63bde48e974d42e59a664bc3b5d9566a"", ""zsNo4HB9uLZ_4c0aab63a4434cf4878e6f5b3ce9a70b"", ""zsNo4HB9uLZ_65eefaf93e6249908e6389eb4eabf0f5""]",20,"[""1"", ""10"", ""11"", ""12"", ""13"", ""15"", ""17"", ""2"", ""28"", ""29"", ""30"", ""31"", ""32"", ""33"", ""34"", ""35"", ""36"", ""37"", ""6"", ""8""]"
6,C2-B|manual|reference_corner_cyclic_rmse|de701380f8|c1,manual,True,True,reference_corner_cyclic_rmse,import_json/mp3d_validation_gt_audit_20260809/mp3d_validation_all_gt_import.json|802a5d1a4d78545874bacc5463a0c5a204531bbca773643340ed28d63ee15da6|geometry_gt,C2-B,23,"[""S9hNv5qa7GM_0c2a97f049db4a429776940850fedf2e"", ""S9hNv5qa7GM_322a5d3bbca1428fb92d39bfc6e603ee"", ""S9hNv5qa7GM_bd9faec23bb3462c94a5fbc6c0a3d5cf"", ""S9hNv5qa7GM_dcced7b92f444b9a83bd7d54413fa486"", ""VLzqgDo317F_5d3591edd7c546acaf99db40281b3409"", ""jtcxE69GiFV_0aa01000f1934e73b35c348fa8d15040"", ""jtcxE69GiFV_1df105f34ccf4844877be7e8e2d90fad"", ""jtcxE69GiFV_27535f650b78489abcf2397c1eaa3037"", ""jtcxE69GiFV_5d3af9ad575b4be88587967ff8114c36"", ""jtcxE69GiFV_9f0e2562fcf447f5a7c5e44e85978148"", ""jtcxE69GiFV_a197694b62d249968f88ae32a1b49d10"", ""jtcxE69GiFV_c90412ad99334d3aa7a1ec74d8e543a1"", ""jtcxE69GiFV_dce110162b244b2ab76a0804fc830a9e"", ""pRbA3pwrgk9_285b697fed754f86a09602c93628cfb4"", ""pRbA3pwrgk9_2a3810bc7ecc491e81ff1e8a17692ec1"", ""pRbA3pwrgk9_4fe4474e9bf9429ea92d202bdea4dce5"", ""pRbA3pwrgk9_9c9bed9bf7d94ac0bcea18e3bf521930"", ""pa4otMbVnkk_3ad5d0784b1442b6a728bb7dec3d50e0"", ""pa4otMbVnkk_447755d931aa401097d8c0952a22b17e"", ""pa4otMbVnkk_5d1adb544bb14217ba5ded2eb82cd8e3"", ""pa4otMbVnkk_63bde48e974d42e59a664bc3b5d9566a"", ""zsNo4HB9uLZ_4c0aab63a4434cf4878e6f5b3ce9a70b"", ""zsNo4HB9uLZ_65eefaf93e6249908e6389eb4eabf0f5""]",20,"[""1"", ""10"", ""11"", ""12"", ""13"", ""15"", ""17"", ""2"", ""28"", ""29"", ""30"", ""31"", ""32"", ""33"", ""34"", ""35"", ""36"", ""37"", ""6"", ""8""]"
2,C2-B|manual|reference_corresponding_signed_x_offset|de701380f8|c1,manual,True,True,reference_corresponding_signed_x_offset,import_json/mp3d_validation_gt_audit_20260809/mp3d_validation_all_gt_import.json|802a5d1a4d78545874bacc5463a0c5a204531bbca773643340ed28d63ee15da6|geometry_gt,C2-B,2,"[""jtcxE69GiFV_1df105f34ccf4844877be7e8e2d90fad"", ""zsNo4HB9uLZ_4c0aab63a4434cf4878e6f5b3ce9a70b""]",2,"[""1"", ""10""]"
1,C2-B|manual|reference_corresponding_signed_x_offset|de701380f8|c2,manual,False,False,reference_corresponding_signed_x_offset,import_json/mp3d_validation_gt_audit_20260809/mp3d_validation_all_gt_import.json|802a5d1a4d78545874bacc5463a0c5a204531bbca773643340ed28d63ee15da6|geometry_gt,C2-B,1,"[""VLzqgDo317F_5d3591edd7c546acaf99db40281b3409""]",2,"[""13"", ""15""]"
1,C2-B|manual|reference_corresponding_signed_x_offset|de701380f8|c3,manual,False,False,reference_corresponding_signed_x_offset,import_json/mp3d_validation_gt_audit_20260809/mp3d_validation_all_gt_import.json|802a5d1a4d78545874bacc5463a0c5a204531bbca773643340ed28d63ee15da6|geometry_gt,C2-B,1,"[""pRbA3pwrgk9_285b697fed754f86a09602c93628cfb4""]",2,"[""34"", ""35""]"
1,C2-B|manual|reference_corresponding_signed_x_offset|de701380f8|c4,manual,False,False,reference_corresponding_signed_x_offset,import_json/mp3d_validation_gt_audit_20260809/mp3d_validation_all_gt_import.json|802a5d1a4d78545874bacc5463a0c5a204531bbca773643340ed28d63ee15da6|geometry_gt,C2-B,1,"[""pa4otMbVnkk_447755d931aa401097d8c0952a22b17e""]",2,"[""6"", ""8""]"
1,C2-B|manual|reference_corresponding_signed_x_offset|de701380f8|c5,manual,False,False,reference_corresponding_signed_x_offset,import_json/mp3d_validation_gt_audit_20260809/mp3d_validation_all_gt_import.json|802a5d1a4d78545874bacc5463a0c5a204531bbca773643340ed28d63ee15da6|geometry_gt,C2-B,1,"[""pa4otMbVnkk_3ad5d0784b1442b6a728bb7dec3d50e0""]",1,"[""17""]"
7,C2-B|manual|reference_signed_corner_pair_count_difference|de701380f8|c1,manual,True,True,reference_signed_corner_pair_count_difference,import_json/mp3d_validation_gt_audit_20260809/mp3d_validation_all_gt_import.json|802a5d1a4d78545874bacc5463a0c5a204531bbca773643340ed28d63ee15da6|geometry_gt,C2-B,26,"[""S9hNv5qa7GM_0c2a97f049db4a429776940850fedf2e"", ""S9hNv5qa7GM_322a5d3bbca1428fb92d39bfc6e603ee"", ""S9hNv5qa7GM_bd9faec23bb3462c94a5fbc6c0a3d5cf"", ""S9hNv5qa7GM_dcced7b92f444b9a83bd7d54413fa486"", ""VFuaQ6m2Qom_109e18c64a614dc49e41a33ae979f98a"", ""VFuaQ6m2Qom_381ce3cd69b846c3b920be16d29ed48e"", ""VLzqgDo317F_5d3591edd7c546acaf99db40281b3409"", ""jtcxE69GiFV_0aa01000f1934e73b35c348fa8d15040"", ""jtcxE69GiFV_1df105f34ccf4844877be7e8e2d90fad"", ""jtcxE69GiFV_27535f650b78489abcf2397c1eaa3037"", ""jtcxE69GiFV_5d3af9ad575b4be88587967ff8114c36"", ""jtcxE69GiFV_9f0e2562fcf447f5a7c5e44e85978148"", ""jtcxE69GiFV_a197694b62d249968f88ae32a1b49d10"", ""jtcxE69GiFV_c90412ad99334d3aa7a1ec74d8e543a1"", ""jtcxE69GiFV_dce110162b244b2ab76a0804fc830a9e"", ""pRbA3pwrgk9_285b697fed754f86a09602c93628cfb4"", ""pRbA3pwrgk9_2a3810bc7ecc491e81ff1e8a17692ec1"", ""pRbA3pwrgk9_4fe4474e9bf9429ea92d202bdea4dce5"", ""pRbA3pwrgk9_8caa90fc5528451f9e9f45634676499b"", ""pRbA3pwrgk9_9c9bed9bf7d94ac0bcea18e3bf521930"", ""pa4otMbVnkk_3ad5d0784b1442b6a728bb7dec3d50e0"", ""pa4otMbVnkk_447755d931aa401097d8c0952a22b17e"", ""pa4otMbVnkk_5d1adb544bb14217ba5ded2eb82cd8e3"", ""pa4otMbVnkk_63bde48e974d42e59a664bc3b5d9566a"", ""zsNo4HB9uLZ_4c0aab63a4434cf4878e6f5b3ce9a70b"", ""zsNo4HB9uLZ_65eefaf93e6249908e6389eb4eabf0f5""]",20,"[""1"", ""10"", ""11"", ""12"", ""13"", ""15"", ""17"", ""2"", ""28"", ""29"", ""30"", ""31"", ""32"", ""33"", ""34"", ""35"", ""36"", ""37"", ""6"", ""8""]"
8,C2-B|manual|log_owner_valid_active_seconds|6d353e274d|c1,manual,True,True,log_owner_valid_active_seconds,log|frozen_stage_task_worker_active_time|owner_valid_active_time,C2-B,46,"[""S9hNv5qa7GM_0c2a97f049db4a429776940850fedf2e"", ""S9hNv5qa7GM_322a5d3bbca1428fb92d39bfc6e603ee"", ""S9hNv5qa7GM_625eb179629b45f280c01d3f6ec74b4f"", ""S9hNv5qa7GM_8b55e4f095374cfe8ddb0fda0f0dfa02"", ""S9hNv5qa7GM_bd9faec23bb3462c94a5fbc6c0a3d5cf"", ""S9hNv5qa7GM_dcced7b92f444b9a83bd7d54413fa486"", ""S9hNv5qa7GM_ed36c0b595de42f0a4e13ba5d332814a"", ""VFuaQ6m2Qom_109e18c64a614dc49e41a33ae979f98a"", ""VFuaQ6m2Qom_381ce3cd69b846c3b920be16d29ed48e"", ""VFuaQ6m2Qom_5fb269a812f349b4bc2ad5dfac000b85"", ""VFuaQ6m2Qom_ad4c387f8175498491966703c8441e0d"", ""VFuaQ6m2Qom_f0be18aa2f1d4aa2b6adf355a86f34b8"", ""VLzqgDo317F_5d3591edd7c546acaf99db40281b3409"", ""jh4fc5c5qoQ_4547d37b305e41bdad0de45ade6971ca"", ""jh4fc5c5qoQ_77e6cfabf32d46fc9398ce824843adaa"", ""jh4fc5c5qoQ_855bc326ad174253b57626daf123c608"", ""jh4fc5c5qoQ_a59a3a61089343a8ba2834e7d3cd1066"", ""jh4fc5c5qoQ_b000c5baa76b454caa1c58c9aac585f6"", ""jtcxE69GiFV_0aa01000f1934e73b35c348fa8d15040"", ""jtcxE69GiFV_1df105f34ccf4844877be7e8e2d90fad"", ""jtcxE69GiFV_27535f650b78489abcf2397c1eaa3037"", ""jtcxE69GiFV_4d7ce55eeb6643079aba3b10360de8d8"", ""jtcxE69GiFV_5d3af9ad575b4be88587967ff8114c36"", ""jtcxE69GiFV_6723e18211d244f8b17ced91aae64d99"", ""jtcxE69GiFV_9f0e2562fcf447f5a7c5e44e85978148"", ""jtcxE69GiFV_a197694b62d249968f88ae32a1b49d10"", ""jtcxE69GiFV_c90412ad99334d3aa7a1ec74d8e543a1"", ""jtcxE69GiFV_dce110162b244b2ab76a0804fc830a9e"", ""pRbA3pwrgk9_0350fc96e88c4a52886d4eb50b2d52c6"", ""pRbA3pwrgk9_03de6e2562bb4f56a88db3ceb681af78"", ""pRbA3pwrgk9_285b697fed754f86a09602c93628cfb4"", ""pRbA3pwrgk9_2a3810bc7ecc491e81ff1e8a17692ec1"", ""pRbA3pwrgk9_4fe4474e9bf9429ea92d202bdea4dce5"", ""pRbA3pwrgk9_8b07a4b08cf447abb246769d8dce8494"", ""pRbA3pwrgk9_8caa90fc5528451f9e9f45634676499b"", ""pRbA3pwrgk9_9c9bed9bf7d94ac0bcea18e3bf521930"", ""pRbA3pwrgk9_bc9ae89832854c19a69741f97291efad"", ""pa4otMbVnkk_270f6920ec0f48c391bca974b356bc3b"", ""pa4otMbVnkk_3ad5d0784b1442b6a728bb7dec3d50e0"", ""pa4otMbVnkk_447755d931aa401097d8c0952a22b17e"", ""pa4otMbVnkk_48321c1bb20244f1b43b2c41b4dc9657"", ""pa4otMbVnkk_5d1adb544bb14217ba5ded2eb82cd8e3"", ""pa4otMbVnkk_63bde48e974d42e59a664bc3b5d9566a"", ""zsNo4HB9uLZ_4c0aab63a4434cf4878e6f5b3ce9a70b"", ""zsNo4HB9uLZ_65eefaf93e6249908e6389eb4eabf0f5"", ""zsNo4HB9uLZ_faad06c7cb2b4a6f9220e7f6f87c800b""]",20,"[""1"", ""10"", ""11"", ""12"", ""13"", ""15"", ""17"", ""2"", ""28"", ""29"", ""30"", ""31"", ""32"", ""33"", ""34"", ""35"", ""36"", ""37"", ""6"", ""8""]"
11,P1|manual|d_mask_to_reference|63046ecefc|c1,manual,True,True,d_mask_to_reference,analysis_results/prescreen_closeout_final_gold_v2_20260701/final_gold_records_v2_p1_closeout_corrected.jsonl|82dbcb1d08754476e4f2a447b70550bd297689c2c50df9f96aeb270b37f163d6|geometry_gt,P1,29,"[""7y3sRwLe3Va_1410b021e1c14f529188eb026fbb369a"", ""B6ByNegPMKs_4b983544c13946e3a3a518c565ad1086"", ""B6ByNegPMKs_b8e1ecf1bd044e7292581a66683e7993"", ""B6ByNegPMKs_cee80ced97274e248d4ccaa582e12624"", ""UwV83HsGsw3_7482b1a2655e4655ae4ab58749f43f65"", ""UwV83HsGsw3_8e9c912f525744eeaea21083a20a1596"", ""X7HyMhZNoso_987fd31155514f6facb131bd5c14881d"", ""e9zR4mvMWw7_4fb8c9be319e4784b4b66f9ca5d839ab"", ""q9vSo1VnCiC_2a8ef249ec0e4ad5bfe138a65f50964e"", ""q9vSo1VnCiC_9c9fb1fccf4e46a597a9510a1938c8b4"", ""q9vSo1VnCiC_c421f07780004647a7198c4ac5371e8a"", ""q9vSo1VnCiC_e74e843601574864a14517f990c748a0"", ""rPc6DW4iMge_186a32a1b7e34cb797731bfa78365db5"", ""rPc6DW4iMge_1f14902595544e389c9c910c444e79e7"", ""rPc6DW4iMge_cc15fb105d86466faafdd633f89148de"", ""rPc6DW4iMge_fbc169773c954580baea6d2798c0d486"", ""uNb9QFRL6hY_07a43087f1e54e3f828851d8e457a283"", ""uNb9QFRL6hY_3b9e548b46af4410b97e1d12781ec3c9"", ""uNb9QFRL6hY_978d7a8eb0794936bd8fd092306e1dc5"", ""uNb9QFRL6hY_bcce4f23c12744c782c0b49b24a0331a"", ""uNb9QFRL6hY_c1ebb8b34eb846ba9b5ce23b30b299a7"", ""uNb9QFRL6hY_d02f87bbb0414146a7a15070110a0384"", ""wc2JMjhGNzB_2195c5a9b9fd451b927b0050f23fac31"", ""wc2JMjhGNzB_dc4a9f470b834de1983c7e605ff06b2e"", ""x8F5xyUWy9e_a51a0e2811f342a599ae4cdb9b84ff23"", ""yqstnuAEVhm_a93ea1ea5702412c9ef9c82a436c4599"", ""yqstnuAEVhm_e3face7b2196414d95ed97151aa13058"", ""yqstnuAEVhm_e650c19e3eb34cc0b98374e5a23d1f65"", ""yqstnuAEVhm_e9b4d8e951cb4712b3905c8f4c4dabb5""]",26,"[""1"", ""10"", ""11"", ""12"", ""13"", ""14"", ""15"", ""17"", ""18"", ""19"", ""2"", ""21"", ""26"", ""27"", ""28"", ""29"", ""30"", ""31"", ""32"", ""33"", ""34"", ""35"", ""36"", ""37"", ""6"", ""8""]"
11,P1|manual|reference_corner_cyclic_rmse|63046ecefc|c1,manual,True,True,reference_corner_cyclic_rmse,analysis_results/prescreen_closeout_final_gold_v2_20260701/final_gold_records_v2_p1_closeout_corrected.jsonl|82dbcb1d08754476e4f2a447b70550bd297689c2c50df9f96aeb270b37f163d6|geometry_gt,P1,29,"[""7y3sRwLe3Va_1410b021e1c14f529188eb026fbb369a"", ""B6ByNegPMKs_4b983544c13946e3a3a518c565ad1086"", ""B6ByNegPMKs_b8e1ecf1bd044e7292581a66683e7993"", ""B6ByNegPMKs_cee80ced97274e248d4ccaa582e12624"", ""UwV83HsGsw3_7482b1a2655e4655ae4ab58749f43f65"", ""UwV83HsGsw3_8e9c912f525744eeaea21083a20a1596"", ""X7HyMhZNoso_987fd31155514f6facb131bd5c14881d"", ""e9zR4mvMWw7_4fb8c9be319e4784b4b66f9ca5d839ab"", ""q9vSo1VnCiC_2a8ef249ec0e4ad5bfe138a65f50964e"", ""q9vSo1VnCiC_9c9fb1fccf4e46a597a9510a1938c8b4"", ""q9vSo1VnCiC_c421f07780004647a7198c4ac5371e8a"", ""q9vSo1VnCiC_e74e843601574864a14517f990c748a0"", ""rPc6DW4iMge_186a32a1b7e34cb797731bfa78365db5"", ""rPc6DW4iMge_1f14902595544e389c9c910c444e79e7"", ""rPc6DW4iMge_cc15fb105d86466faafdd633f89148de"", ""rPc6DW4iMge_fbc169773c954580baea6d2798c0d486"", ""uNb9QFRL6hY_07a43087f1e54e3f828851d8e457a283"", ""uNb9QFRL6hY_3b9e548b46af4410b97e1d12781ec3c9"", ""uNb9QFRL6hY_978d7a8eb0794936bd8fd092306e1dc5"", ""uNb9QFRL6hY_bcce4f23c12744c782c0b49b24a0331a"", ""uNb9QFRL6hY_c1ebb8b34eb846ba9b5ce23b30b299a7"", ""uNb9QFRL6hY_d02f87bbb0414146a7a15070110a0384"", ""wc2JMjhGNzB_2195c5a9b9fd451b927b0050f23fac31"", ""wc2JMjhGNzB_dc4a9f470b834de1983c7e605ff06b2e"", ""x8F5xyUWy9e_a51a0e2811f342a599ae4cdb9b84ff23"", ""yqstnuAEVhm_a93ea1ea5702412c9ef9c82a436c4599"", ""yqstnuAEVhm_e3face7b2196414d95ed97151aa13058"", ""yqstnuAEVhm_e650c19e3eb34cc0b98374e5a23d1f65"", ""yqstnuAEVhm_e9b4d8e951cb4712b3905c8f4c4dabb5""]",26,"[""1"", ""10"", ""11"", ""12"", ""13"", ""14"", ""15"", ""17"", ""18"", ""19"", ""2"", ""21"", ""26"", ""27"", ""28"", ""29"", ""30"", ""31"", ""32"", ""33"", ""34"", ""35"", ""36"", ""37"", ""6"", ""8""]"
11,P1|manual|reference_corresponding_signed_x_offset|63046ecefc|c1,manual,True,True,reference_corresponding_signed_x_offset,analysis_results/prescreen_closeout_final_gold_v2_20260701/final_gold_records_v2_p1_closeout_corrected.jsonl|82dbcb1d08754476e4f2a447b70550bd297689c2c50df9f96aeb270b37f163d6|geometry_gt,P1,29,"[""7y3sRwLe3Va_1410b021e1c14f529188eb026fbb369a"", ""B6ByNegPMKs_4b983544c13946e3a3a518c565ad1086"", ""B6ByNegPMKs_b8e1ecf1bd044e7292581a66683e7993"", ""B6ByNegPMKs_cee80ced97274e248d4ccaa582e12624"", ""UwV83HsGsw3_7482b1a2655e4655ae4ab58749f43f65"", ""UwV83HsGsw3_8e9c912f525744eeaea21083a20a1596"", ""X7HyMhZNoso_987fd31155514f6facb131bd5c14881d"", ""e9zR4mvMWw7_4fb8c9be319e4784b4b66f9ca5d839ab"", ""q9vSo1VnCiC_2a8ef249ec0e4ad5bfe138a65f50964e"", ""q9vSo1VnCiC_9c9fb1fccf4e46a597a9510a1938c8b4"", ""q9vSo1VnCiC_c421f07780004647a7198c4ac5371e8a"", ""q9vSo1VnCiC_e74e843601574864a14517f990c748a0"", ""rPc6DW4iMge_186a32a1b7e34cb797731bfa78365db5"", ""rPc6DW4iMge_1f14902595544e389c9c910c444e79e7"", ""rPc6DW4iMge_cc15fb105d86466faafdd633f89148de"", ""rPc6DW4iMge_fbc169773c954580baea6d2798c0d486"", ""uNb9QFRL6hY_07a43087f1e54e3f828851d8e457a283"", ""uNb9QFRL6hY_3b9e548b46af4410b97e1d12781ec3c9"", ""uNb9QFRL6hY_978d7a8eb0794936bd8fd092306e1dc5"", ""uNb9QFRL6hY_bcce4f23c12744c782c0b49b24a0331a"", ""uNb9QFRL6hY_c1ebb8b34eb846ba9b5ce23b30b299a7"", ""uNb9QFRL6hY_d02f87bbb0414146a7a15070110a0384"", ""wc2JMjhGNzB_2195c5a9b9fd451b927b0050f23fac31"", ""wc2JMjhGNzB_dc4a9f470b834de1983c7e605ff06b2e"", ""x8F5xyUWy9e_a51a0e2811f342a599ae4cdb9b84ff23"", ""yqstnuAEVhm_a93ea1ea5702412c9ef9c82a436c4599"", ""yqstnuAEVhm_e3face7b2196414d95ed97151aa13058"", ""yqstnuAEVhm_e650c19e3eb34cc0b98374e5a23d1f65"", ""yqstnuAEVhm_e9b4d8e951cb4712b3905c8f4c4dabb5""]",26,"[""1"", ""10"", ""11"", ""12"", ""13"", ""14"", ""15"", ""17"", ""18"", ""19"", ""2"", ""21"", ""26"", ""27"", ""28"", ""29"", ""30"", ""31"", ""32"", ""33"", ""34"", ""35"", ""36"", ""37"", ""6"", ""8""]"
11,P1|manual|reference_signed_corner_pair_count_difference|63046ecefc|c1,manual,True,True,reference_signed_corner_pair_count_difference,analysis_results/prescreen_closeout_final_gold_v2_20260701/final_gold_records_v2_p1_closeout_corrected.jsonl|82dbcb1d08754476e4f2a447b70550bd297689c2c50df9f96aeb270b37f163d6|geometry_gt,P1,29,"[""7y3sRwLe3Va_1410b021e1c14f529188eb026fbb369a"", ""B6ByNegPMKs_4b983544c13946e3a3a518c565ad1086"", ""B6ByNegPMKs_b8e1ecf1bd044e7292581a66683e7993"", ""B6ByNegPMKs_cee80ced97274e248d4ccaa582e12624"", ""UwV83HsGsw3_7482b1a2655e4655ae4ab58749f43f65"", ""UwV83HsGsw3_8e9c912f525744eeaea21083a20a1596"", ""X7HyMhZNoso_987fd31155514f6facb131bd5c14881d"", ""e9zR4mvMWw7_4fb8c9be319e4784b4b66f9ca5d839ab"", ""q9vSo1VnCiC_2a8ef249ec0e4ad5bfe138a65f50964e"", ""q9vSo1VnCiC_9c9fb1fccf4e46a597a9510a1938c8b4"", ""q9vSo1VnCiC_c421f07780004647a7198c4ac5371e8a"", ""q9vSo1VnCiC_e74e843601574864a14517f990c748a0"", ""rPc6DW4iMge_186a32a1b7e34cb797731bfa78365db5"", ""rPc6DW4iMge_1f14902595544e389c9c910c444e79e7"", ""rPc6DW4iMge_cc15fb105d86466faafdd633f89148de"", ""rPc6DW4iMge_fbc169773c954580baea6d2798c0d486"", ""uNb9QFRL6hY_07a43087f1e54e3f828851d8e457a283"", ""uNb9QFRL6hY_3b9e548b46af4410b97e1d12781ec3c9"", ""uNb9QFRL6hY_978d7a8eb0794936bd8fd092306e1dc5"", ""uNb9QFRL6hY_bcce4f23c12744c782c0b49b24a0331a"", ""uNb9QFRL6hY_c1ebb8b34eb846ba9b5ce23b30b299a7"", ""uNb9QFRL6hY_d02f87bbb0414146a7a15070110a0384"", ""wc2JMjhGNzB_2195c5a9b9fd451b927b0050f23fac31"", ""wc2JMjhGNzB_dc4a9f470b834de1983c7e605ff06b2e"", ""x8F5xyUWy9e_a51a0e2811f342a599ae4cdb9b84ff23"", ""yqstnuAEVhm_a93ea1ea5702412c9ef9c82a436c4599"", ""yqstnuAEVhm_e3face7b2196414d95ed97151aa13058"", ""yqstnuAEVhm_e650c19e3eb34cc0b98374e5a23d1f65"", ""yqstnuAEVhm_e9b4d8e951cb4712b3905c8f4c4dabb5""]",26,"[""1"", ""10"", ""11"", ""12"", ""13"", ""14"", ""15"", ""17"", ""18"", ""19"", ""2"", ""21"", ""26"", ""27"", ""28"", ""29"", ""30"", ""31"", ""32"", ""33"", ""34"", ""35"", ""36"", ""37"", ""6"", ""8""]"
1,P1|manual|d_mask_to_reference|33c748a6fd|c1,manual,False,False,d_mask_to_reference,import_json/groudTruth_458_tasks_import_from_updated_gt_20260701.json|1b2a2d905f62d703a3e46a7a83e5dca6e90c6030988d6ca594d2eb69793b5cf6|geometry_gt,P1,1,"[""b8cTxDM8gDG_298a2386166a43c8a04e1c24433f7d15""]",26,"[""1"", ""10"", ""11"", ""12"", ""13"", ""14"", ""15"", ""17"", ""18"", ""19"", ""2"", ""21"", ""26"", ""27"", ""28"", ""29"", ""30"", ""31"", ""32"", ""33"", ""34"", ""35"", ""36"", ""37"", ""6"", ""8""]"
1,P1|manual|reference_corner_cyclic_rmse|33c748a6fd|c1,manual,False,False,reference_corner_cyclic_rmse,import_json/groudTruth_458_tasks_import_from_updated_gt_20260701.json|1b2a2d905f62d703a3e46a7a83e5dca6e90c6030988d6ca594d2eb69793b5cf6|geometry_gt,P1,1,"[""b8cTxDM8gDG_298a2386166a43c8a04e1c24433f7d15""]",10,"[""1"", ""10"", ""18"", ""2"", ""26"", ""27"", ""29"", ""36"", ""37"", ""6""]"
1,P1|manual|reference_signed_corner_pair_count_difference|33c748a6fd|c1,manual,False,False,reference_signed_corner_pair_count_difference,import_json/groudTruth_458_tasks_import_from_updated_gt_20260701.json|1b2a2d905f62d703a3e46a7a83e5dca6e90c6030988d6ca594d2eb69793b5cf6|geometry_gt,P1,1,"[""b8cTxDM8gDG_298a2386166a43c8a04e1c24433f7d15""]",26,"[""1"", ""10"", ""11"", ""12"", ""13"", ""14"", ""15"", ""17"", ""18"", ""19"", ""2"", ""21"", ""26"", ""27"", ""28"", ""29"", ""30"", ""31"", ""32"", ""33"", ""34"", ""35"", ""36"", ""37"", ""6"", ""8""]"
12,P1|manual|log_owner_valid_active_seconds|6d353e274d|c1,manual,True,True,log_owner_valid_active_seconds,log|frozen_stage_task_worker_active_time|owner_valid_active_time,P1,30,"[""7y3sRwLe3Va_1410b021e1c14f529188eb026fbb369a"", ""B6ByNegPMKs_4b983544c13946e3a3a518c565ad1086"", ""B6ByNegPMKs_b8e1ecf1bd044e7292581a66683e7993"", ""B6ByNegPMKs_cee80ced97274e248d4ccaa582e12624"", ""UwV83HsGsw3_7482b1a2655e4655ae4ab58749f43f65"", ""UwV83HsGsw3_8e9c912f525744eeaea21083a20a1596"", ""X7HyMhZNoso_987fd31155514f6facb131bd5c14881d"", ""b8cTxDM8gDG_298a2386166a43c8a04e1c24433f7d15"", ""e9zR4mvMWw7_4fb8c9be319e4784b4b66f9ca5d839ab"", ""q9vSo1VnCiC_2a8ef249ec0e4ad5bfe138a65f50964e"", ""q9vSo1VnCiC_9c9fb1fccf4e46a597a9510a1938c8b4"", ""q9vSo1VnCiC_c421f07780004647a7198c4ac5371e8a"", ""q9vSo1VnCiC_e74e843601574864a14517f990c748a0"", ""rPc6DW4iMge_186a32a1b7e34cb797731bfa78365db5"", ""rPc6DW4iMge_1f14902595544e389c9c910c444e79e7"", ""rPc6DW4iMge_cc15fb105d86466faafdd633f89148de"", ""rPc6DW4iMge_fbc169773c954580baea6d2798c0d486"", ""uNb9QFRL6hY_07a43087f1e54e3f828851d8e457a283"", ""uNb9QFRL6hY_3b9e548b46af4410b97e1d12781ec3c9"", ""uNb9QFRL6hY_978d7a8eb0794936bd8fd092306e1dc5"", ""uNb9QFRL6hY_bcce4f23c12744c782c0b49b24a0331a"", ""uNb9QFRL6hY_c1ebb8b34eb846ba9b5ce23b30b299a7"", ""uNb9QFRL6hY_d02f87bbb0414146a7a15070110a0384"", ""wc2JMjhGNzB_2195c5a9b9fd451b927b0050f23fac31"", ""wc2JMjhGNzB_dc4a9f470b834de1983c7e605ff06b2e"", ""x8F5xyUWy9e_a51a0e2811f342a599ae4cdb9b84ff23"", ""yqstnuAEVhm_a93ea1ea5702412c9ef9c82a436c4599"", ""yqstnuAEVhm_e3face7b2196414d95ed97151aa13058"", ""yqstnuAEVhm_e650c19e3eb34cc0b98374e5a23d1f65"", ""yqstnuAEVhm_e9b4d8e951cb4712b3905c8f4c4dabb5""]",20,"[""1"", ""10"", ""11"", ""13"", ""15"", ""17"", ""18"", ""19"", ""2"", ""21"", ""27"", ""28"", ""29"", ""30"", ""32"", ""33"", ""36"", ""37"", ""6"", ""8""]"
6,P1|oos|log_owner_valid_active_seconds|6d353e274d|c1,oos,True,True,log_owner_valid_active_seconds,log|frozen_stage_task_worker_active_time|owner_valid_active_time,P1,9,"[""7y3sRwLe3Va_4291cbfde1024467b1548934653f07ce"", ""7y3sRwLe3Va_6376b741b50a4418b3dc3fde791c3c09"", ""UwV83HsGsw3_528d342bf5494b3b94983545d6a1a282"", ""UwV83HsGsw3_71ada030981d4468b76dcebc1b6fb940"", ""UwV83HsGsw3_fcd79f4b6a6642e99227caffb51bf407"", ""b8cTxDM8gDG_f63819c407e64c2897b703080766cb60"", ""q9vSo1VnCiC_69591068e5614642b710a8fb7733bdeb"", ""uNb9QFRL6hY_a38a8c6dced34d8bb18fb67165c099f2"", ""yqstnuAEVhm_66ecc07f3cda4d8ebaf84288325669f5""]",20,"[""1"", ""10"", ""11"", ""13"", ""15"", ""17"", ""18"", ""19"", ""2"", ""21"", ""27"", ""28"", ""29"", ""30"", ""32"", ""33"", ""36"", ""37"", ""6"", ""8""]"
7,P1|semi|d_mask_to_reference|63046ecefc|c1,semi,True,True,d_mask_to_reference,analysis_results/prescreen_closeout_final_gold_v2_20260701/final_gold_records_v2_p1_closeout_corrected.jsonl|82dbcb1d08754476e4f2a447b70550bd297689c2c50df9f96aeb270b37f163d6|geometry_gt,P1,12,"[""B6ByNegPMKs_48ee619d38b142f88914e7e2582bc1d8"", ""X7HyMhZNoso_28ada927582d4d6ea7cf44cabf31527a"", ""b8cTxDM8gDG_51c90ec9afc4495ab3788c6badc303df"", ""e9zR4mvMWw7_1daae4b7becc43949516096170ce2a76"", ""e9zR4mvMWw7_409f2a738bf54153b9b77c39e7a4ea45"", ""e9zR4mvMWw7_f7ab5b3ece274b48be57eb65bb6d4814"", ""rPc6DW4iMge_acbe920a0c5d4c018b1803ee9b1f331a"", ""uNb9QFRL6hY_aed830f085ee4ad88ef6bed7f66f1359"", ""wc2JMjhGNzB_3504ff17bcae4d6c85bdc61fc3a5bf0c"", ""wc2JMjhGNzB_3848b1ba65fa49308c3d0a79f63782b3"", ""wc2JMjhGNzB_77962388887942148ee65c2892600e02"", ""wc2JMjhGNzB_cae8fb3d40314ecea16654062030571b""]",26,"[""1"", ""10"", ""11"", ""12"", ""13"", ""14"", ""15"", ""17"", ""18"", ""19"", ""2"", ""21"", ""26"", ""27"", ""28"", ""29"", ""30"", ""31"", ""32"", ""33"", ""34"", ""35"", ""36"", ""37"", ""6"", ""8""]"
7,P1|semi|reference_corner_cyclic_rmse|63046ecefc|c1,semi,True,True,reference_corner_cyclic_rmse,analysis_results/prescreen_closeout_final_gold_v2_20260701/final_gold_records_v2_p1_closeout_corrected.jsonl|82dbcb1d08754476e4f2a447b70550bd297689c2c50df9f96aeb270b37f163d6|geometry_gt,P1,12,"[""B6ByNegPMKs_48ee619d38b142f88914e7e2582bc1d8"", ""X7HyMhZNoso_28ada927582d4d6ea7cf44cabf31527a"", ""b8cTxDM8gDG_51c90ec9afc4495ab3788c6badc303df"", ""e9zR4mvMWw7_1daae4b7becc43949516096170ce2a76"", ""e9zR4mvMWw7_409f2a738bf54153b9b77c39e7a4ea45"", ""e9zR4mvMWw7_f7ab5b3ece274b48be57eb65bb6d4814"", ""rPc6DW4iMge_acbe920a0c5d4c018b1803ee9b1f331a"", ""uNb9QFRL6hY_aed830f085ee4ad88ef6bed7f66f1359"", ""wc2JMjhGNzB_3504ff17bcae4d6c85bdc61fc3a5bf0c"", ""wc2JMjhGNzB_3848b1ba65fa49308c3d0a79f63782b3"", ""wc2JMjhGNzB_77962388887942148ee65c2892600e02"", ""wc2JMjhGNzB_cae8fb3d40314ecea16654062030571b""]",26,"[""1"", ""10"", ""11"", ""12"", ""13"", ""14"", ""15"", ""17"", ""18"", ""19"", ""2"", ""21"", ""26"", ""27"", ""28"", ""29"", ""30"", ""31"", ""32"", ""33"", ""34"", ""35"", ""36"", ""37"", ""6"", ""8""]"
7,P1|semi|reference_corresponding_signed_x_offset|63046ecefc|c1,semi,True,True,reference_corresponding_signed_x_offset,analysis_results/prescreen_closeout_final_gold_v2_20260701/final_gold_records_v2_p1_closeout_corrected.jsonl|82dbcb1d08754476e4f2a447b70550bd297689c2c50df9f96aeb270b37f163d6|geometry_gt,P1,12,"[""B6ByNegPMKs_48ee619d38b142f88914e7e2582bc1d8"", ""X7HyMhZNoso_28ada927582d4d6ea7cf44cabf31527a"", ""b8cTxDM8gDG_51c90ec9afc4495ab3788c6badc303df"", ""e9zR4mvMWw7_1daae4b7becc43949516096170ce2a76"", ""e9zR4mvMWw7_409f2a738bf54153b9b77c39e7a4ea45"", ""e9zR4mvMWw7_f7ab5b3ece274b48be57eb65bb6d4814"", ""rPc6DW4iMge_acbe920a0c5d4c018b1803ee9b1f331a"", ""uNb9QFRL6hY_aed830f085ee4ad88ef6bed7f66f1359"", ""wc2JMjhGNzB_3504ff17bcae4d6c85bdc61fc3a5bf0c"", ""wc2JMjhGNzB_3848b1ba65fa49308c3d0a79f63782b3"", ""wc2JMjhGNzB_77962388887942148ee65c2892600e02"", ""wc2JMjhGNzB_cae8fb3d40314ecea16654062030571b""]",26,"[""1"", ""10"", ""11"", ""12"", ""13"", ""14"", ""15"", ""17"", ""18"", ""19"", ""2"", ""21"", ""26"", ""27"", ""28"", ""29"", ""30"", ""31"", ""32"", ""33"", ""34"", ""35"", ""36"", ""37"", ""6"", ""8""]"
7,P1|semi|reference_signed_corner_pair_count_difference|63046ecefc|c1,semi,True,True,reference_signed_corner_pair_count_difference,analysis_results/prescreen_closeout_final_gold_v2_20260701/final_gold_records_v2_p1_closeout_corrected.jsonl|82dbcb1d08754476e4f2a447b70550bd297689c2c50df9f96aeb270b37f163d6|geometry_gt,P1,12,"[""B6ByNegPMKs_48ee619d38b142f88914e7e2582bc1d8"", ""X7HyMhZNoso_28ada927582d4d6ea7cf44cabf31527a"", ""b8cTxDM8gDG_51c90ec9afc4495ab3788c6badc303df"", ""e9zR4mvMWw7_1daae4b7becc43949516096170ce2a76"", ""e9zR4mvMWw7_409f2a738bf54153b9b77c39e7a4ea45"", ""e9zR4mvMWw7_f7ab5b3ece274b48be57eb65bb6d4814"", ""rPc6DW4iMge_acbe920a0c5d4c018b1803ee9b1f331a"", ""uNb9QFRL6hY_aed830f085ee4ad88ef6bed7f66f1359"", ""wc2JMjhGNzB_3504ff17bcae4d6c85bdc61fc3a5bf0c"", ""wc2JMjhGNzB_3848b1ba65fa49308c3d0a79f63782b3"", ""wc2JMjhGNzB_77962388887942148ee65c2892600e02"", ""wc2JMjhGNzB_cae8fb3d40314ecea16654062030571b""]",26,"[""1"", ""10"", ""11"", ""12"", ""13"", ""14"", ""15"", ""17"", ""18"", ""19"", ""2"", ""21"", ""26"", ""27"", ""28"", ""29"", ""30"", ""31"", ""32"", ""33"", ""34"", ""35"", ""36"", ""37"", ""6"", ""8""]"
7,P1|semi|U_final|e140fdc5f5|c1,semi,True,True,U_final,analysis_results/reviewer_profile_dual_stage_processing_20260819_v2/SEMI_ROW_LEVEL_REVIEWER_EVIDENCE.csv|e6489d41bcafec0455114eace5044418de9ea3ed34295104f9cdb5ecf540ab22|final_gold,P1,12,"[""B6ByNegPMKs_48ee619d38b142f88914e7e2582bc1d8"", ""X7HyMhZNoso_28ada927582d4d6ea7cf44cabf31527a"", ""b8cTxDM8gDG_51c90ec9afc4495ab3788c6badc303df"", ""e9zR4mvMWw7_1daae4b7becc43949516096170ce2a76"", ""e9zR4mvMWw7_409f2a738bf54153b9b77c39e7a4ea45"", ""e9zR4mvMWw7_f7ab5b3ece274b48be57eb65bb6d4814"", ""rPc6DW4iMge_acbe920a0c5d4c018b1803ee9b1f331a"", ""uNb9QFRL6hY_aed830f085ee4ad88ef6bed7f66f1359"", ""wc2JMjhGNzB_3504ff17bcae4d6c85bdc61fc3a5bf0c"", ""wc2JMjhGNzB_3848b1ba65fa49308c3d0a79f63782b3"", ""wc2JMjhGNzB_77962388887942148ee65c2892600e02"", ""wc2JMjhGNzB_cae8fb3d40314ecea16654062030571b""]",26,"[""1"", ""10"", ""11"", ""12"", ""13"", ""14"", ""15"", ""17"", ""18"", ""19"", ""2"", ""21"", ""26"", ""27"", ""28"", ""29"", ""30"", ""31"", ""32"", ""33"", ""34"", ""35"", ""36"", ""37"", ""6"", ""8""]"
7,P1|semi|semi_delta_U|e140fdc5f5|c1,semi,True,True,semi_delta_U,analysis_results/reviewer_profile_dual_stage_processing_20260819_v2/SEMI_ROW_LEVEL_REVIEWER_EVIDENCE.csv|e6489d41bcafec0455114eace5044418de9ea3ed34295104f9cdb5ecf540ab22|final_gold,P1,12,"[""B6ByNegPMKs_48ee619d38b142f88914e7e2582bc1d8"", ""X7HyMhZNoso_28ada927582d4d6ea7cf44cabf31527a"", ""b8cTxDM8gDG_51c90ec9afc4495ab3788c6badc303df"", ""e9zR4mvMWw7_1daae4b7becc43949516096170ce2a76"", ""e9zR4mvMWw7_409f2a738bf54153b9b77c39e7a4ea45"", ""e9zR4mvMWw7_f7ab5b3ece274b48be57eb65bb6d4814"", ""rPc6DW4iMge_acbe920a0c5d4c018b1803ee9b1f331a"", ""uNb9QFRL6hY_aed830f085ee4ad88ef6bed7f66f1359"", ""wc2JMjhGNzB_3504ff17bcae4d6c85bdc61fc3a5bf0c"", ""wc2JMjhGNzB_3848b1ba65fa49308c3d0a79f63782b3"", ""wc2JMjhGNzB_77962388887942148ee65c2892600e02"", ""wc2JMjhGNzB_cae8fb3d40314ecea16654062030571b""]",26,"[""1"", ""10"", ""11"", ""12"", ""13"", ""14"", ""15"", ""17"", ""18"", ""19"", ""2"", ""21"", ""26"", ""27"", ""28"", ""29"", ""30"", ""31"", ""32"", ""33"", ""34"", ""35"", ""36"", ""37"", ""6"", ""8""]"
7,P1|semi|semi_initial_to_final_rmse|e140fdc5f5|c1,semi,True,True,semi_initial_to_final_rmse,analysis_results/reviewer_profile_dual_stage_processing_20260819_v2/SEMI_ROW_LEVEL_REVIEWER_EVIDENCE.csv|e6489d41bcafec0455114eace5044418de9ea3ed34295104f9cdb5ecf540ab22|final_gold,P1,12,"[""B6ByNegPMKs_48ee619d38b142f88914e7e2582bc1d8"", ""X7HyMhZNoso_28ada927582d4d6ea7cf44cabf31527a"", ""b8cTxDM8gDG_51c90ec9afc4495ab3788c6badc303df"", ""e9zR4mvMWw7_1daae4b7becc43949516096170ce2a76"", ""e9zR4mvMWw7_409f2a738bf54153b9b77c39e7a4ea45"", ""e9zR4mvMWw7_f7ab5b3ece274b48be57eb65bb6d4814"", ""rPc6DW4iMge_acbe920a0c5d4c018b1803ee9b1f331a"", ""uNb9QFRL6hY_aed830f085ee4ad88ef6bed7f66f1359"", ""wc2JMjhGNzB_3504ff17bcae4d6c85bdc61fc3a5bf0c"", ""wc2JMjhGNzB_3848b1ba65fa49308c3d0a79f63782b3"", ""wc2JMjhGNzB_77962388887942148ee65c2892600e02"", ""wc2JMjhGNzB_cae8fb3d40314ecea16654062030571b""]",26,"[""1"", ""10"", ""11"", ""12"", ""13"", ""14"", ""15"", ""17"", ""18"", ""19"", ""2"", ""21"", ""26"", ""27"", ""28"", ""29"", ""30"", ""31"", ""32"", ""33"", ""34"", ""35"", ""36"", ""37"", ""6"", ""8""]"
7,P1|semi|semi_modification_indicator|e140fdc5f5|c1,semi,True,True,semi_modification_indicator,analysis_results/reviewer_profile_dual_stage_processing_20260819_v2/SEMI_ROW_LEVEL_REVIEWER_EVIDENCE.csv|e6489d41bcafec0455114eace5044418de9ea3ed34295104f9cdb5ecf540ab22|final_gold,P1,12,"[""B6ByNegPMKs_48ee619d38b142f88914e7e2582bc1d8"", ""X7HyMhZNoso_28ada927582d4d6ea7cf44cabf31527a"", ""b8cTxDM8gDG_51c90ec9afc4495ab3788c6badc303df"", ""e9zR4mvMWw7_1daae4b7becc43949516096170ce2a76"", ""e9zR4mvMWw7_409f2a738bf54153b9b77c39e7a4ea45"", ""e9zR4mvMWw7_f7ab5b3ece274b48be57eb65bb6d4814"", ""rPc6DW4iMge_acbe920a0c5d4c018b1803ee9b1f331a"", ""uNb9QFRL6hY_aed830f085ee4ad88ef6bed7f66f1359"", ""wc2JMjhGNzB_3504ff17bcae4d6c85bdc61fc3a5bf0c"", ""wc2JMjhGNzB_3848b1ba65fa49308c3d0a79f63782b3"", ""wc2JMjhGNzB_77962388887942148ee65c2892600e02"", ""wc2JMjhGNzB_cae8fb3d40314ecea16654062030571b""]",26,"[""1"", ""10"", ""11"", ""12"", ""13"", ""14"", ""15"", ""17"", ""18"", ""19"", ""2"", ""21"", ""26"", ""27"", ""28"", ""29"", ""30"", ""31"", ""32"", ""33"", ""34"", ""35"", ""36"", ""37"", ""6"", ""8""]"
7,P1|semi|semi_topology_change_indicator|e140fdc5f5|c1,semi,True,True,semi_topology_change_indicator,analysis_results/reviewer_profile_dual_stage_processing_20260819_v2/SEMI_ROW_LEVEL_REVIEWER_EVIDENCE.csv|e6489d41bcafec0455114eace5044418de9ea3ed34295104f9cdb5ecf540ab22|final_gold,P1,12,"[""B6ByNegPMKs_48ee619d38b142f88914e7e2582bc1d8"", ""X7HyMhZNoso_28ada927582d4d6ea7cf44cabf31527a"", ""b8cTxDM8gDG_51c90ec9afc4495ab3788c6badc303df"", ""e9zR4mvMWw7_1daae4b7becc43949516096170ce2a76"", ""e9zR4mvMWw7_409f2a738bf54153b9b77c39e7a4ea45"", ""e9zR4mvMWw7_f7ab5b3ece274b48be57eb65bb6d4814"", ""rPc6DW4iMge_acbe920a0c5d4c018b1803ee9b1f331a"", ""uNb9QFRL6hY_aed830f085ee4ad88ef6bed7f66f1359"", ""wc2JMjhGNzB_3504ff17bcae4d6c85bdc61fc3a5bf0c"", ""wc2JMjhGNzB_3848b1ba65fa49308c3d0a79f63782b3"", ""wc2JMjhGNzB_77962388887942148ee65c2892600e02"", ""wc2JMjhGNzB_cae8fb3d40314ecea16654062030571b""]",26,"[""1"", ""10"", ""11"", ""12"", ""13"", ""14"", ""15"", ""17"", ""18"", ""19"", ""2"", ""21"", ""26"", ""27"", ""28"", ""29"", ""30"", ""31"", ""32"", ""33"", ""34"", ""35"", ""36"", ""37"", ""6"", ""8""]"
5,P1|semi|U_final|cd3a7cbd9f|c1,semi,True,True,U_final,analysis_results/reviewer_profile_dual_stage_processing_20260819_v2/SEMI_ROW_LEVEL_REVIEWER_EVIDENCE.csv|e6489d41bcafec0455114eace5044418de9ea3ed34295104f9cdb5ecf540ab22|synthetic_source_gt,P1,6,"[""7y3sRwLe3Va_92fb09a83f8949619b9dc5bda2855456"", ""B6ByNegPMKs_75327de9719945aa8b893a6404667884"", ""Z6MFQCViBuw_fbef2c9afec642c88d01cf09c90aec12"", ""e9zR4mvMWw7_12c84e77f6564013a032220e8f9037e8"", ""e9zR4mvMWw7_ac03b99e3f3642be80b4d24fde0af03a"", ""q9vSo1VnCiC_a412536ff52747d3b078f66e764cf103""]",26,"[""1"", ""10"", ""11"", ""12"", ""13"", ""14"", ""15"", ""17"", ""18"", ""19"", ""2"", ""21"", ""26"", ""27"", ""28"", ""29"", ""30"", ""31"", ""32"", ""33"", ""34"", ""35"", ""36"", ""37"", ""6"", ""8""]"
5,P1|semi|semi_delta_U|cd3a7cbd9f|c1,semi,True,True,semi_delta_U,analysis_results/reviewer_profile_dual_stage_processing_20260819_v2/SEMI_ROW_LEVEL_REVIEWER_EVIDENCE.csv|e6489d41bcafec0455114eace5044418de9ea3ed34295104f9cdb5ecf540ab22|synthetic_source_gt,P1,6,"[""7y3sRwLe3Va_92fb09a83f8949619b9dc5bda2855456"", ""B6ByNegPMKs_75327de9719945aa8b893a6404667884"", ""Z6MFQCViBuw_fbef2c9afec642c88d01cf09c90aec12"", ""e9zR4mvMWw7_12c84e77f6564013a032220e8f9037e8"", ""e9zR4mvMWw7_ac03b99e3f3642be80b4d24fde0af03a"", ""q9vSo1VnCiC_a412536ff52747d3b078f66e764cf103""]",26,"[""1"", ""10"", ""11"", ""12"", ""13"", ""14"", ""15"", ""17"", ""18"", ""19"", ""2"", ""21"", ""26"", ""27"", ""28"", ""29"", ""30"", ""31"", ""32"", ""33"", ""34"", ""35"", ""36"", ""37"", ""6"", ""8""]"
5,P1|semi|semi_initial_to_final_rmse|cd3a7cbd9f|c1,semi,True,True,semi_initial_to_final_rmse,analysis_results/reviewer_profile_dual_stage_processing_20260819_v2/SEMI_ROW_LEVEL_REVIEWER_EVIDENCE.csv|e6489d41bcafec0455114eace5044418de9ea3ed34295104f9cdb5ecf540ab22|synthetic_source_gt,P1,6,"[""7y3sRwLe3Va_92fb09a83f8949619b9dc5bda2855456"", ""B6ByNegPMKs_75327de9719945aa8b893a6404667884"", ""Z6MFQCViBuw_fbef2c9afec642c88d01cf09c90aec12"", ""e9zR4mvMWw7_12c84e77f6564013a032220e8f9037e8"", ""e9zR4mvMWw7_ac03b99e3f3642be80b4d24fde0af03a"", ""q9vSo1VnCiC_a412536ff52747d3b078f66e764cf103""]",26,"[""1"", ""10"", ""11"", ""12"", ""13"", ""14"", ""15"", ""17"", ""18"", ""19"", ""2"", ""21"", ""26"", ""27"", ""28"", ""29"", ""30"", ""31"", ""32"", ""33"", ""34"", ""35"", ""36"", ""37"", ""6"", ""8""]"
5,P1|semi|semi_modification_indicator|cd3a7cbd9f|c1,semi,True,True,semi_modification_indicator,analysis_results/reviewer_profile_dual_stage_processing_20260819_v2/SEMI_ROW_LEVEL_REVIEWER_EVIDENCE.csv|e6489d41bcafec0455114eace5044418de9ea3ed34295104f9cdb5ecf540ab22|synthetic_source_gt,P1,6,"[""7y3sRwLe3Va_92fb09a83f8949619b9dc5bda2855456"", ""B6ByNegPMKs_75327de9719945aa8b893a6404667884"", ""Z6MFQCViBuw_fbef2c9afec642c88d01cf09c90aec12"", ""e9zR4mvMWw7_12c84e77f6564013a032220e8f9037e8"", ""e9zR4mvMWw7_ac03b99e3f3642be80b4d24fde0af03a"", ""q9vSo1VnCiC_a412536ff52747d3b078f66e764cf103""]",26,"[""1"", ""10"", ""11"", ""12"", ""13"", ""14"", ""15"", ""17"", ""18"", ""19"", ""2"", ""21"", ""26"", ""27"", ""28"", ""29"", ""30"", ""31"", ""32"", ""33"", ""34"", ""35"", ""36"", ""37"", ""6"", ""8""]"
5,P1|semi|semi_topology_change_indicator|cd3a7cbd9f|c1,semi,True,True,semi_topology_change_indicator,analysis_results/reviewer_profile_dual_stage_processing_20260819_v2/SEMI_ROW_LEVEL_REVIEWER_EVIDENCE.csv|e6489d41bcafec0455114eace5044418de9ea3ed34295104f9cdb5ecf540ab22|synthetic_source_gt,P1,6,"[""7y3sRwLe3Va_92fb09a83f8949619b9dc5bda2855456"", ""B6ByNegPMKs_75327de9719945aa8b893a6404667884"", ""Z6MFQCViBuw_fbef2c9afec642c88d01cf09c90aec12"", ""e9zR4mvMWw7_12c84e77f6564013a032220e8f9037e8"", ""e9zR4mvMWw7_ac03b99e3f3642be80b4d24fde0af03a"", ""q9vSo1VnCiC_a412536ff52747d3b078f66e764cf103""]",26,"[""1"", ""10"", ""11"", ""12"", ""13"", ""14"", ""15"", ""17"", ""18"", ""19"", ""2"", ""21"", ""26"", ""27"", ""28"", ""29"", ""30"", ""31"", ""32"", ""33"", ""34"", ""35"", ""36"", ""37"", ""6"", ""8""]"
5,P1|semi|d_mask_to_reference|33c748a6fd|c1,semi,True,True,d_mask_to_reference,import_json/groudTruth_458_tasks_import_from_updated_gt_20260701.json|1b2a2d905f62d703a3e46a7a83e5dca6e90c6030988d6ca594d2eb69793b5cf6|geometry_gt,P1,6,"[""7y3sRwLe3Va_92fb09a83f8949619b9dc5bda2855456"", ""B6ByNegPMKs_75327de9719945aa8b893a6404667884"", ""Z6MFQCViBuw_fbef2c9afec642c88d01cf09c90aec12"", ""e9zR4mvMWw7_12c84e77f6564013a032220e8f9037e8"", ""e9zR4mvMWw7_ac03b99e3f3642be80b4d24fde0af03a"", ""q9vSo1VnCiC_a412536ff52747d3b078f66e764cf103""]",26,"[""1"", ""10"", ""11"", ""12"", ""13"", ""14"", ""15"", ""17"", ""18"", ""19"", ""2"", ""21"", ""26"", ""27"", ""28"", ""29"", ""30"", ""31"", ""32"", ""33"", ""34"", ""35"", ""36"", ""37"", ""6"", ""8""]"
5,P1|semi|reference_corner_cyclic_rmse|33c748a6fd|c1,semi,True,True,reference_corner_cyclic_rmse,import_json/groudTruth_458_tasks_import_from_updated_gt_20260701.json|1b2a2d905f62d703a3e46a7a83e5dca6e90c6030988d6ca594d2eb69793b5cf6|geometry_gt,P1,6,"[""7y3sRwLe3Va_92fb09a83f8949619b9dc5bda2855456"", ""B6ByNegPMKs_75327de9719945aa8b893a6404667884"", ""Z6MFQCViBuw_fbef2c9afec642c88d01cf09c90aec12"", ""e9zR4mvMWw7_12c84e77f6564013a032220e8f9037e8"", ""e9zR4mvMWw7_ac03b99e3f3642be80b4d24fde0af03a"", ""q9vSo1VnCiC_a412536ff52747d3b078f66e764cf103""]",25,"[""1"", ""10"", ""11"", ""12"", ""13"", ""14"", ""15"", ""17"", ""18"", ""2"", ""21"", ""26"", ""27"", ""28"", ""29"", ""30"", ""31"", ""32"", ""33"", ""34"", ""35"", ""36"", ""37"", ""6"", ""8""]"
2,P1|semi|reference_corresponding_signed_x_offset|33c748a6fd|c1,semi,True,True,reference_corresponding_signed_x_offset,import_json/groudTruth_458_tasks_import_from_updated_gt_20260701.json|1b2a2d905f62d703a3e46a7a83e5dca6e90c6030988d6ca594d2eb69793b5cf6|geometry_gt,P1,2,"[""7y3sRwLe3Va_92fb09a83f8949619b9dc5bda2855456"", ""q9vSo1VnCiC_a412536ff52747d3b078f66e764cf103""]",23,"[""1"", ""10"", ""12"", ""13"", ""14"", ""15"", ""17"", ""18"", ""2"", ""21"", ""27"", ""28"", ""29"", ""30"", ""31"", ""32"", ""33"", ""34"", ""35"", ""36"", ""37"", ""6"", ""8""]"
5,P1|semi|reference_signed_corner_pair_count_difference|33c748a6fd|c1,semi,True,True,reference_signed_corner_pair_count_difference,import_json/groudTruth_458_tasks_import_from_updated_gt_20260701.json|1b2a2d905f62d703a3e46a7a83e5dca6e90c6030988d6ca594d2eb69793b5cf6|geometry_gt,P1,6,"[""7y3sRwLe3Va_92fb09a83f8949619b9dc5bda2855456"", ""B6ByNegPMKs_75327de9719945aa8b893a6404667884"", ""Z6MFQCViBuw_fbef2c9afec642c88d01cf09c90aec12"", ""e9zR4mvMWw7_12c84e77f6564013a032220e8f9037e8"", ""e9zR4mvMWw7_ac03b99e3f3642be80b4d24fde0af03a"", ""q9vSo1VnCiC_a412536ff52747d3b078f66e764cf103""]",26,"[""1"", ""10"", ""11"", ""12"", ""13"", ""14"", ""15"", ""17"", ""18"", ""19"", ""2"", ""21"", ""26"", ""27"", ""28"", ""29"", ""30"", ""31"", ""32"", ""33"", ""34"", ""35"", ""36"", ""37"", ""6"", ""8""]"
10,P1|semi|log_owner_valid_active_seconds|6d353e274d|c1,semi,True,True,log_owner_valid_active_seconds,log|frozen_stage_task_worker_active_time|owner_valid_active_time,P1,18,"[""7y3sRwLe3Va_92fb09a83f8949619b9dc5bda2855456"", ""B6ByNegPMKs_48ee619d38b142f88914e7e2582bc1d8"", ""B6ByNegPMKs_75327de9719945aa8b893a6404667884"", ""X7HyMhZNoso_28ada927582d4d6ea7cf44cabf31527a"", ""Z6MFQCViBuw_fbef2c9afec642c88d01cf09c90aec12"", ""b8cTxDM8gDG_51c90ec9afc4495ab3788c6badc303df"", ""e9zR4mvMWw7_12c84e77f6564013a032220e8f9037e8"", ""e9zR4mvMWw7_1daae4b7becc43949516096170ce2a76"", ""e9zR4mvMWw7_409f2a738bf54153b9b77c39e7a4ea45"", ""e9zR4mvMWw7_ac03b99e3f3642be80b4d24fde0af03a"", ""e9zR4mvMWw7_f7ab5b3ece274b48be57eb65bb6d4814"", ""q9vSo1VnCiC_a412536ff52747d3b078f66e764cf103"", ""rPc6DW4iMge_acbe920a0c5d4c018b1803ee9b1f331a"", ""uNb9QFRL6hY_aed830f085ee4ad88ef6bed7f66f1359"", ""wc2JMjhGNzB_3504ff17bcae4d6c85bdc61fc3a5bf0c"", ""wc2JMjhGNzB_3848b1ba65fa49308c3d0a79f63782b3"", ""wc2JMjhGNzB_77962388887942148ee65c2892600e02"", ""wc2JMjhGNzB_cae8fb3d40314ecea16654062030571b""]",20,"[""1"", ""10"", ""11"", ""13"", ""15"", ""17"", ""18"", ""19"", ""2"", ""21"", ""27"", ""28"", ""29"", ""30"", ""32"", ""33"", ""36"", ""37"", ""6"", ""8""]"
