method,evaluation_policy,weighting,worker_a,worker_b,common_background_n,mean_a_minus_b,sd_a_minus_b,min_a_minus_b,max_a_minus_b,p10,median,p90,a_better_fraction,b_better_fraction,tie_fraction,both_signs,both_signs_gt_001,both_signs_gt_005,mean_winner_loses_fraction,mean_and_majority_disagree
mv50,original,equal_image,P001,P002,1540,-0.017262441961937554,0.017185547989652352,-0.077800373330387126,0.0054916134535346718,-0.053963074038916564,-0.010845713283195895,-0.0044030221316130793,0.00974025974025974,0.99025974025974028,0,True,True,True,0.00974025974025974,False
mv50,original,equal_image,P001,P003,1540,0.0027387130297552116,0.011136498368310738,-0.026734767091000394,0.062006600662928846,-0.009008067867116722,0.00014967327675980969,0.018029595227966756,0.50584415584415587,0.49415584415584418,0,True,True,True,0.49415584415584418,False
mv50,original,equal_image,P001,P004,1540,0.0093446209023086754,0.012731431992710502,-0.019369535479098164,0.053974512648767035,-0.0068805172698076138,0.0099186225425783453,0.026538923729533211,0.72337662337662334,0.2766233766233766,0,True,True,True,0.2766233766233766,False
mv50,original,equal_image,P001,P005,1540,0.022683960135566353,0.012807150123808581,-0.0041880813256730039,0.060493509477312545,0.0063400710105156093,0.023759956865745363,0.037258519079431084,0.9974025974025974,0.0025974025974025974,0,True,True,False,0.0025974025974025974,False
mv50,original,equal_image,P001,P006,1540,0.0011578570309068834,0.0097433063387156512,-0.021390572329147407,0.035778557999946635,-0.0093334382998489802,-0.0011236153333888735,0.016390352185951969,0.45000000000000001,0.55000000000000004,0,True,True,True,0.55000000000000004,True
mv50,original,equal_image,P001,P007,1540,0.013635519732303154,0.0095475383354612607,-0.0059619223485961603,0.042294431589122675,0.0036316378736727405,0.011033978116727844,0.029205032924408979,0.98116883116883113,0.018831168831168831,0,True,True,True,0.018831168831168831,False
mv50,original,equal_image,P001,P008,1540,0.016027634183351829,0.014015618263765307,-0.017242729361449615,0.070392087780564189,-0.0011572604495890114,0.015531030654730507,0.036149267771625977,0.87207792207792212,0.12792207792207791,0,True,True,True,0.12792207792207791,False
mv50,original,equal_image,P001,P009,1540,0.015320847952572419,0.014108827709084972,-0.019652368363702967,0.070136764254013786,-0.0019633884008777285,0.014895165326802531,0.035690276489832633,0.85519480519480517,0.1448051948051948,0,True,True,True,0.1448051948051948,False
mv50,original,equal_image,P001,P010,1540,0.017616281092923538,0.013305737906096279,-0.015213794507742231,0.054747453509697119,0.0012937521058490804,0.017627081275670264,0.036448666121140227,0.92532467532467533,0.074675324675324672,0,True,True,True,0.074675324675324672,False
mv50,original,equal_image,P001,P011,1540,0.0094621630864423663,0.010302176016584801,-0.011754334449802933,0.045449719575720832,-0.0010768101255600731,0.0065087693047221947,0.025369398222556891,0.84285714285714286,0.15714285714285714,0,True,True,True,0.15714285714285714,False
mv50,original,equal_image,P001,P012,1540,0.002939198883758023,0.010015452001521055,-0.02420804784693336,0.032956078344101497,-0.0083033867058271756,0.0013136310053003196,0.018060438818702198,0.55584415584415581,0.44415584415584414,0,True,True,True,0.44415584415584414,False
mv50,original,equal_image,P001,P014,1540,0.007318615455126869,0.010563677784636946,-0.01836713164578924,0.047862309591599823,-0.0038360303661397329,0.0046101707708380013,0.023038187043219211,0.75129870129870124,0.2487012987012987,0,True,True,True,0.2487012987012987,False
mv50,original,equal_image,P001,P017,1540,-0.03184932397841593,0.017757203839185356,-0.093504563198220231,-0.0027396932919066972,-0.068777237929854698,-0.02589252369082929,-0.017506366442567783,0,1,0,False,False,False,0,False
mv50,original,equal_image,P001,P018,1540,0.0079137619348309159,0.012085918836387858,-0.016239126591687105,0.048927427306805681,-0.0064528322102053916,0.0092756846480358986,0.020833109464688391,0.65194805194805194,0.34805194805194806,0,True,True,True,0.34805194805194806,False
mv50,original,equal_image,P001,P019,1540,0.0079764318816407422,0.014625328615279305,-0.029587409893039273,0.051767188109106112,-0.011372104799109065,0.0070599292193447615,0.026328362802517779,0.70584415584415583,0.29415584415584417,0,True,True,True,0.29415584415584417,False
mv50,original,equal_image,P001,P020,1540,0.010153656683639645,0.009642493835800044,-0.015293650781975763,0.034190789665648577,0.00054719055086410175,0.0071112172560785173,0.026430330377753677,0.91558441558441561,0.084415584415584416,0,True,True,True,0.084415584415584416,False
mv50,original,equal_image,P001,P021,1540,0.013175927298503521,0.012653966966642477,-0.012237073050452862,0.063359502221780495,-0.0024210167127012463,0.013712521116847984,0.030698977000767857,0.81948051948051948,0.18051948051948052,0,True,True,True,0.18051948051948052,False
mv50,original,equal_image,P001,P022,1540,-0.0030851549075131533,0.012019270236109847,-0.039995635917581353,0.02886271888813962,-0.019302027895653724,-0.0030996972187490261,0.013508783628718114,0.38766233766233765,0.61233766233766229,0,True,True,True,0.38766233766233765,False
mv50,original,equal_image,P001,P023,1540,-0.0087962958601915907,0.011749206512677543,-0.039951183816901027,0.02977161987957504,-0.023834959058029025,-0.0080983184936457338,0.0065921746772660376,0.19285714285714287,0.80714285714285716,0,True,True,True,0.19285714285714287,False
mv50,original,equal_image,P001,P024,1540,0.01242653744078126,0.015044040248775975,-0.026799073222735038,0.068370703724784071,-0.0071853434188401833,0.011416777687322216,0.031416197604840941,0.78961038961038965,0.21038961038961038,0,True,True,True,0.21038961038961038,False
mv50,original,equal_image,P001,P025,1540,0.0086941689358084502,0.015064859057456123,-0.032188010797820632,0.058417649604397062,-0.010524751492840432,0.0076276141159320465,0.027989213644627736,0.7142857142857143,0.2857142857142857,0,True,True,True,0.2857142857142857,False
mv50,original,equal_image,P001,P026,1540,0.0058490370064346597,0.01507815112949052,-0.032838683110677828,0.054867742218331836,-0.014164017451712261,0.0045369465947490669,0.025454149103482065,0.62857142857142856,0.37142857142857144,0,True,True,True,0.37142857142857144,False
mv50,original,equal_image,P001,P027,1540,0.021691897470931119,0.013154528868002491,-0.008248349825091681,0.06104115557322054,0.0059170913025694428,0.022478696676302784,0.036103400295153784,0.98961038961038961,0.01038961038961039,0,True,True,True,0.01038961038961039,False
mv50,original,equal_image,P002,P003,1540,0.020001154991692766,0.023786973903731794,-0.010214873311522188,0.1224258646213086,7.6464837158877639e-05,0.01185503340454834,0.065362889401324439,0.90259740259740262,0.097402597402597407,0,True,True,True,0.097402597402597407,False
mv50,original,equal_image,P002,P004,1540,0.026607062864246231,0.023900405663523236,-0.0089307815382875695,0.11439377660714681,0.0029987524178315492,0.021726203636247547,0.067005495963832082,0.95194805194805199,0.048051948051948054,0,True,True,True,0.048051948051948054,False
mv50,original,equal_image,P002,P005,1540,0.039946402097503907,0.024609540403912982,0.0049711278531673619,0.12409942185587823,0.015549399414620949,0.034456635945501163,0.083455119160121549,1,0,0,False,False,False,0,False
mv50,original,equal_image,P002,P006,1540,0.018420298992844437,0.022908786343127069,-0.0088966555307700094,0.094188694596350181,-5.8268864257708861e-05,0.0094059561085233084,0.063527204657732469,0.8980519480519481,0.10194805194805195,0,True,True,True,0.10194805194805195,False
mv50,original,equal_image,P002,P007,1540,0.030897961694240708,0.023312546122062492,-0.00031278059559349816,0.10357621041488416,0.011652507066441083,0.021866183195658789,0.077204814516085199,0.99935064935064932,0.00064935064935064935,0,True,False,False,0.00064935064935064935,False
mv50,original,equal_image,P002,P008,1540,0.03329007614528938,0.025186066629482265,-0.0050138006251268631,0.13810550387368611,0.0083561016793542112,0.027243447065764731,0.074977858169010245,0.99025974025974028,0.00974025974025974,0,True,True,True,0.00974025974025974,False
mv50,original,equal_image,P002,P009,1540,0.032583289914509969,0.025240491517589,-0.0066545815488507683,0.13776827730551816,0.0073254873678785509,0.026501113029363844,0.074238571324826988,0.98701298701298701,0.012987012987012988,0,True,True,True,0.012987012987012988,False
mv50,original,equal_image,P002,P010,1540,0.034878723054861095,0.025176527654210672,-0.0032182476493248903,0.12086200369529503,0.010671686220115049,0.02910652644841643,0.07923404197900058,0.99805194805194808,0.0019480519480519481,0,True,True,False,0.0019480519480519481,False
mv50,original,equal_image,P002,P011,1540,0.02672460504837992,0.023929168472543467,-0.0077128374212879821,0.10429107112069499,0.0069074393560486554,0.018844912499930838,0.0723879777693201,0.98701298701298701,0.012987012987012988,0,True,True,True,0.012987012987012988,False
mv50,original,equal_image,P002,P012,1540,0.020201640845695576,0.021734912797898402,-0.00094321200894141306,0.088152749478645043,0.002166197130127306,0.0122518258821984,0.062974237391073967,0.98961038961038961,0.01038961038961039,0,True,False,False,0.01038961038961039,False
mv50,original,equal_image,P002,P014,1540,0.024581057417064418,0.023856081551510727,-0.0086096542310437948,0.1156668774789027,0.0052203503373968391,0.015786037003039727,0.072103168746289817,0.98181818181818181,0.018181818181818181,0,True,True,True,0.018181818181818181,False
mv50,original,equal_image,P002,P017,1540,-0.014586882016478377,0.0046782471331163911,-0.034782972095551423,-0.0010340538566577574,-0.020452333563197485,-0.014152021586948629,-0.0092857806452277692,0,1,0,False,False,False,0,False
mv50,original,equal_image,P002,P018,1540,0.025176203896768473,0.023850107701321649,-0.0096811820939608322,0.10934669126518544,0.0020023299345333645,0.020833041837483378,0.066036954225415265,0.93701298701298696,0.06298701298701298,0,True,True,True,0.06298701298701298,False
mv50,original,equal_image,P002,P019,1540,0.025238873843578296,0.02542371488987738,-0.015967887604697223,0.11176198123089578,-0.00097580534810041714,0.019805523738181972,0.065825966352609566,0.88831168831168827,0.11168831168831168,0,True,True,True,0.11168831168831168,False
mv50,original,equal_image,P002,P020,1540,0.027416098645577203,0.023458728343345205,-0.0038299840556230923,0.098574170458409799,0.0085185905941110168,0.018226122857637663,0.075506582244383738,0.99870129870129876,0.0012987012987012987,0,True,True,False,0.0012987012987012987,False
mv50,original,equal_image,P002,P021,1540,0.030438369260441078,0.02420368171021715,-0.0064991813250989735,0.12377876618016026,0.0059044892907843495,0.025301971584821531,0.070946108062178048,0.98636363636363633,0.013636363636363636,0,True,True,True,0.013636363636363636,False
mv50,original,equal_image,P002,P022,1540,0.014177287054424403,0.021259709033336561,-0.021680198120553329,0.08649936077234828,-0.0091700222149040701,0.0091484180953359303,0.045518274465536315,0.76168831168831164,0.23831168831168831,0,True,True,True,0.23831168831168831,False
mv50,original,equal_image,P002,P023,1540,0.0084661461017459666,0.023047334759188583,-0.02526262149427478,0.087716742651849672,-0.013886834451343207,0.0023956242206162742,0.050689765171700048,0.59999999999999998,0.40000000000000002,0,True,True,True,0.40000000000000002,False
mv50,original,equal_image,P002,P024,1540,0.029688979402718814,0.025648389808913399,-0.014403187657629079,0.12878996768316381,0.0026782933986652692,0.024553867563037346,0.068708985668914577,0.92922077922077917,0.070779220779220775,0,True,True,True,0.070779220779220775,False
mv50,original,equal_image,P002,P025,1540,0.025956610897746001,0.026150093382709575,-0.01788767905539463,0.11559195036949062,-0.00090878544041671889,0.020680248858193674,0.068150958303388257,0.88896103896103895,0.11103896103896103,0,True,True,True,0.11103896103896103,False
mv50,original,equal_image,P002,P026,1540,0.023111478968372214,0.02646515619768422,-0.020636195463614226,0.11382621897389393,-0.0039938019985895747,0.016728953722757102,0.067941690866081247,0.8545454545454545,0.14545454545454545,0,True,True,True,0.14545454545454545,False
mv50,original,equal_image,P002,P027,1540,0.038954339432868676,0.024731847610208014,0.0029172394673819047,0.12507469693943588,0.014711538989732986,0.033680599166297981,0.08038179770259575,1,0,0,False,False,False,0,False
mv50,original,equal_image,P003,P004,1540,0.0066059078725534638,0.01027473023963313,-0.027225851066109884,0.032698484870604512,-0.0053362910812231393,0.0047306286121547971,0.019957468327628833,0.69935064935064939,0.30064935064935067,0,True,True,True,0.30064935064935067,False
mv50,original,equal_image,P003,P005,1540,0.01994524710581114,0.011599696128203442,-0.022324947648553528,0.052346106927008876,0.0056469988534999837,0.019655387049611128,0.035043755284416243,0.96298701298701295,0.037012987012987011,0,True,True,True,0.037012987012987011,False
mv50,original,equal_image,P003,P006,1540,-0.0015808559988483282,0.0054855571434763509,-0.029264106781303572,0.011326612150671577,-0.0073081377977639236,-0.00063150257606619522,0.0039621744077858664,0.42857142857142855,0.5714285714285714,0,True,True,True,0.42857142857142855,False
mv50,original,equal_image,P003,P007,1540,0.010896806702547944,0.0082773828511722262,-0.031568686279081236,0.030845031669456107,0.00027782226659196568,0.012088573754313168,0.020347113387319961,0.9032467532467533,0.096753246753246758,0,True,True,True,0.096753246753246758,False
mv50,original,equal_image,P003,P008,1540,0.013288921153596615,0.0094084227276645793,-0.0082722417964019024,0.036482355344337136,0.0025226747582440291,0.010554589382363255,0.025955467910221568,0.97662337662337662,0.023376623376623377,0,True,True,True,0.023376623376623377,False
mv50,original,equal_image,P003,P009,1540,0.012582134922817208,0.0094058755328178256,-0.0084183593416172434,0.035112748502330912,0.0019539001612469075,0.0097129253296471957,0.025242978364916506,0.97597402597402594,0.024025974025974027,0,True,True,True,0.024025974025974027,False
mv50,original,equal_image,P003,P010,1540,0.014877568063168325,0.010851561053401132,-0.028039180826874628,0.04286147037095487,0.0022479505966494333,0.013967046740747639,0.029005695542851991,0.93831168831168832,0.061688311688311688,0,True,True,True,0.061688311688311688,False
mv50,original,equal_image,P003,P011,1540,0.0067234500566871556,0.0063304142314611206,-0.027804733120151925,0.022354487065884047,0.00032701651119975604,0.0073330650265260068,0.013376470662404496,0.91038961038961042,0.089610389610389612,0,True,True,True,0.089610389610389612,False
mv50,original,equal_image,P003,P012,1540,0.00020048585400281137,0.0089125459839700678,-0.039176259685178474,0.022050183416846392,-0.010671690719933383,0.00091351930407637108,0.010578167482934877,0.54220779220779225,0.45779220779220781,0,True,True,True,0.45779220779220781,False
mv50,original,equal_image,P003,P014,1540,0.0045799024253716557,0.0071881434455654779,-0.033469442511070632,0.027643365136897725,-0.0033836681352884704,0.0055814072612452772,0.011643503777184932,0.80129870129870129,0.19870129870129871,0,True,True,True,0.19870129870129871,False
mv50,original,equal_image,P003,P017,1540,-0.034588037008171139,0.023092624072663336,-0.12345991847796634,-0.0059622163446183983,-0.082169504588317871,-0.027031118549995587,-0.014718867976202704,0,1,0,False,False,False,0,False
mv50,original,equal_image,P003,P018,1540,0.0051750489050757052,0.01101457164155006,-0.030892590996052662,0.032513330714035928,-0.0085716029238751528,0.0040566254400778573,0.019748784601317824,0.65649350649350646,0.34350649350649348,0,True,True,True,0.34350649350649348,False
mv50,original,equal_image,P003,P019,1540,0.0052377188518855306,0.01264559369173442,-0.039234042109889879,0.036526115018189247,-0.011166473206708034,0.0052965646160857581,0.022823601893404415,0.66753246753246753,0.33246753246753247,0,True,True,True,0.33246753246753247,False
mv50,original,equal_image,P003,P020,1540,0.0074149436538844338,0.0073608289911668299,-0.03219410401473366,0.027195067105574615,-0.0015319813382052949,0.0085554790044059491,0.015211990687334788,0.87077922077922076,0.12922077922077921,0,True,True,True,0.12922077922077921,False
mv50,original,equal_image,P003,P021,1540,0.01043721426874831,0.011006239656336431,-0.026265328568056551,0.039293328552335215,-0.0031286919050130383,0.0096877599152253996,0.025035956131910727,0.82012987012987015,0.17987012987012987,0,True,True,True,0.17987012987012987,False
mv50,original,equal_image,P003,P022,1540,-0.0058238679372683644,0.014329642950953698,-0.053554164583822582,0.025781210192580388,-0.024198106616465237,-0.0043330404360806853,0.012910064556553033,0.37402597402597404,0.62597402597402596,0,True,True,True,0.37402597402597404,False
mv50,original,equal_image,P003,P023,1540,-0.011535008889946801,0.0086723699939409184,-0.044711406558673492,0.0064675686789157309,-0.021871346800472397,-0.011841645331852956,-0.0013624450094168246,0.049350649350649353,0.95064935064935063,0,True,True,True,0.049350649350649353,False
mv50,original,equal_image,P003,P024,1540,0.0096878244110260494,0.012342091952462256,-0.031365675996513201,0.043307594545446318,-0.0072692104599800843,0.0096326461484071944,0.026552191358144132,0.77727272727272723,0.22272727272727272,0,True,True,True,0.22272727272727272,False
mv50,original,equal_image,P003,P025,1540,0.0059554559060532386,0.012938371855758198,-0.045653767813796563,0.041553326304919633,-0.010644743417146876,0.006079980851024412,0.023438430557695331,0.69350649350649352,0.30649350649350648,0,True,True,True,0.30649350649350648,False
mv50,original,equal_image,P003,P026,1540,0.0031103239766794486,0.012908796906669106,-0.048219700848655955,0.038372004631922134,-0.013704183796578718,0.0032093929041450949,0.020364182551432616,0.62337662337662336,0.37662337662337664,0,True,True,True,0.37662337662337664,False
mv50,original,equal_image,P003,P027,1540,0.018953184441175906,0.01206900372675339,-0.029059869914397907,0.052026355750966681,0.0044467747037171997,0.017965639773945809,0.035187670834784399,0.95064935064935063,0.049350649350649353,0,True,True,True,0.049350649350649353,False
mv50,original,equal_image,P004,P005,1540,0.013339339233257676,0.006170867561879431,-0.010248977926801267,0.032865186232695479,0.0056562076108432856,0.013241292903036179,0.021461556111449221,0.98246753246753249,0.017532467532467531,0,True,True,True,0.017532467532467531,False
mv50,original,equal_image,P004,P006,1540,-0.0081867638714017907,0.0090258658041773247,-0.030893413767621558,0.0082229402757328374,-0.020406100574668285,-0.0055061069703556016,0.0023126299019965335,0.23376623376623376,0.76623376623376627,0,True,True,True,0.23376623376623376,False
mv50,original,equal_image,P004,P007,1540,0.004290898829994479,0.010249048808955741,-0.023536598264919429,0.036100076952394332,-0.0092058976567955877,0.0044291634554326749,0.017210735405866921,0.62987012987012991,0.37012987012987014,0,True,True,True,0.37012987012987014,False
mv50,original,equal_image,P004,P008,1540,0.0066830132810431521,0.0059976077803804654,-0.0096154098423686558,0.035759755170235094,0.00042422060489911496,0.0058852902954961385,0.013534209180348571,0.91233766233766234,0.087662337662337664,0,True,True,True,0.087662337662337664,False
mv50,original,equal_image,P004,P009,1540,0.0059762270502637443,0.0060021132964445893,-0.0095796438106756088,0.035693090938983985,-0.00013969061477057395,0.0050946189765293144,0.012654128506866856,0.88896103896103895,0.11103896103896103,0,True,True,True,0.11103896103896103,False
mv50,original,equal_image,P004,P010,1540,0.0082716601906148608,0.0055319004609938232,-0.0080556493741537789,0.034254993876221218,0.0014008056751798048,0.0082329244360448174,0.01481098636025345,0.94545454545454544,0.054545454545454543,0,True,True,True,0.054545454545454543,False
mv50,original,equal_image,P004,P011,1540,0.0001175421841336914,0.0097658150006614958,-0.025344452171341326,0.023890816135177316,-0.012816135906586673,0.0011062375394479129,0.012336642363271732,0.52207792207792203,0.47792207792207791,0,True,True,True,0.47792207792207791,False
mv50,original,equal_image,P004,P012,1540,-0.0064054220185506532,0.0075595478351081586,-0.031144171671016668,0.022212300023740084,-0.016258898940481614,-0.0061939353335632745,0.0030364967006265581,0.19285714285714287,0.80714285714285716,0,True,True,True,0.19285714285714287,False
mv50,original,equal_image,P004,P014,1540,-0.0020260054471818085,0.010160253285203518,-0.02609620986273541,0.031316017789104734,-0.015640673150629978,-0.00037467972358752599,0.010383971071205547,0.48961038961038961,0.51038961038961039,0,True,True,True,0.48961038961038961,False
mv50,original,equal_image,P004,P017,1540,-0.041193944880724601,0.024238128590408574,-0.11992380794130324,-0.0042368821404678014,-0.084951815785929599,-0.035941992050779949,-0.015535962224851192,0,1,0,False,False,False,0,False
mv50,original,equal_image,P004,P018,1540,-0.0014308589674777595,0.0047311931829059871,-0.018964040229507158,0.013292510908808897,-0.0076373742390381293,-0.0011356257685265548,0.0044182084545282239,0.40129870129870132,0.59870129870129873,0,True,True,True,0.40129870129870132,False
mv50,original,equal_image,P004,P019,1540,-0.0013681890206679334,0.0077256166382138527,-0.019688445026455548,0.019094997778280325,-0.011539310196393903,-0.00093316300414273963,0.0089158647959920404,0.46883116883116882,0.53116883116883118,0,True,True,True,0.46883116883116882,False
mv50,original,equal_image,P004,P020,1540,0.00080903578133096959,0.0096675911750284844,-0.026467190854710589,0.027798573107828416,-0.011498017878080356,0.0016551072413448359,0.012989576275588742,0.54090909090909089,0.45909090909090911,0,True,True,True,0.45909090909090911,False
mv50,original,equal_image,P004,P021,1540,0.0038313063961948461,0.0047657522901453373,-0.01079850450074884,0.021041444837773753,-0.0023864701673082765,0.0037454056960066952,0.0096322564063587371,0.79610389610389609,0.20389610389610391,0,True,True,True,0.20389610389610391,False
mv50,original,equal_image,P004,P022,1540,-0.01242977580982183,0.010284711869270749,-0.042558752033934291,0.012139467487583145,-0.025160878824226265,-0.01309782290156318,0.00067247176457830443,0.12142857142857143,0.87857142857142856,0,True,True,True,0.12142857142857143,False
mv50,original,equal_image,P004,P023,1540,-0.018140916762500264,0.01224832492719018,-0.047719657822132569,0.0039185509235216296,-0.035872795418777408,-0.017756025605661634,-0.001778898413468928,0.051948051948051951,0.94805194805194803,0,True,True,False,0.051948051948051951,False
mv50,original,equal_image,P004,P024,1540,0.0030819165384725843,0.0084112368818602453,-0.016258359317806764,0.025090122803614057,-0.0079449654353458687,0.0043693938943105831,0.013600814250977733,0.59220779220779218,0.40779220779220782,0,True,True,True,0.40779220779220782,False
mv50,original,equal_image,P004,P025,1540,-0.00065045196650022666,0.0082169200468404941,-0.021922529724416873,0.020201588153334105,-0.011504679756365658,-0.00032622378986963964,0.010010824580127971,0.48896103896103899,0.51103896103896107,0,True,True,True,0.48896103896103899,False
mv50,original,equal_image,P004,P026,1540,-0.0034955838958740152,0.0083935709906295328,-0.024190873195760548,0.018807643671855955,-0.014795535114339427,-0.0029589178527158408,0.0068002878117403081,0.38896103896103895,0.61103896103896105,0,True,True,True,0.38896103896103895,False
mv50,original,equal_image,P004,P027,1540,0.012347276568622443,0.0060556390012665622,-0.012701654396442792,0.034803112850647154,0.004728600685406226,0.01268220210327729,0.019504971770977469,0.97077922077922074,0.02922077922077922,0,True,True,True,0.02922077922077922,False
mv50,original,equal_image,P005,P006,1540,-0.021526103104659463,0.010496459277545505,-0.052799990031646961,0.0042070271122511436,-0.035692664857049923,-0.020929142536558226,-0.0081854082053009515,0.0058441558441558444,0.99415584415584413,0,True,True,False,0.0058441558441558444,False
mv50,original,equal_image,P005,P007,1540,-0.0090484404032631985,0.0097056477538137887,-0.032704989127808094,0.013449812293330254,-0.022002504698594761,-0.0072506787357780132,0.0026956375950083996,0.21233766233766233,0.78766233766233762,0,True,True,True,0.21233766233766233,False
mv50,original,equal_image,P005,P008,1540,-0.0066563259522145236,0.0078871405008034551,-0.026285494456197961,0.038370544364660461,-0.01496624672095449,-0.0078207688419430679,0.0025654873053196497,0.14935064935064934,0.85064935064935066,0,True,True,True,0.14935064935064934,False
mv50,original,equal_image,P005,P009,1540,-0.0073631121829939323,0.0077619746368035548,-0.026137644943666383,0.035929495780538015,-0.015566717935238738,-0.00872723144445137,0.0018029674927872563,0.13246753246753246,0.86753246753246749,0,True,True,True,0.13246753246753246,False
mv50,original,equal_image,P005,P010,1540,-0.0050676790426428158,0.0058543084879372513,-0.022848579629619694,0.018597530332657063,-0.012515248778551286,-0.0052075723454835772,0.0016595998492828434,0.17467532467532468,0.82532467532467535,0,True,True,True,0.17467532467532468,False
mv50,original,equal_image,P005,P011,1540,-0.013221797049123987,0.010128759331412279,-0.039160896906838952,0.015137153122256181,-0.026561936116836656,-0.012607078276935765,-0.0006129549171626442,0.083116883116883117,0.91688311688311686,0,True,True,True,0.083116883116883117,False
mv50,original,equal_image,P005,P012,1540,-0.019744761251808327,0.0077152696971439323,-0.04525150538050602,0.010821970316714646,-0.029675311619844463,-0.019668809304341454,-0.0100939164216687,0.0045454545454545452,0.99545454545454548,0,True,True,True,0.0045454545454545452,False
mv50,original,equal_image,P005,P014,1540,-0.015365344680439484,0.01062411115936269,-0.045329148810202578,0.011299543770764319,-0.030066613823467973,-0.014758056135534072,-0.0017013115342775311,0.061038961038961038,0.938961038961039,0,True,True,True,0.061038961038961038,False
mv50,original,equal_image,P005,P017,1540,-0.054533284113982276,0.025471494784806287,-0.13894067276348726,-0.0098247132512586759,-0.098809463938638667,-0.049040478172116278,-0.028276556513203106,0,1,0,False,False,False,0,False
mv50,original,equal_image,P005,P018,1540,-0.014770198200735435,0.0050094174409963423,-0.030183796662930397,0.0042052872232194224,-0.021053382139514062,-0.014630180940295959,-0.0085331846023638577,0.00064935064935064935,0.99935064935064932,0,True,True,False,0.00064935064935064935,False
mv50,original,equal_image,P005,P019,1540,-0.014707528253925609,0.0087498826863828504,-0.038970378690910731,0.0097888800761479385,-0.026009654122319929,-0.015259176872659716,-0.0027890420065978666,0.048051948051948054,0.95194805194805199,0,True,True,True,0.048051948051948054,False
mv50,original,equal_image,P005,P020,1540,-0.012530303451926706,0.0093352125341190657,-0.036737837907172666,0.01066498878976394,-0.025184582442536581,-0.010872490631799198,-0.00084938710920885502,0.066883116883116878,0.93311688311688312,0,True,True,True,0.066883116883116878,False
mv50,original,equal_image,P005,P021,1540,-0.0095080328370628318,0.0062620232224717375,-0.026320290334464584,0.010840988484161193,-0.017168998712262275,-0.0099202023443090877,-0.0019438315325572024,0.072077922077922074,0.92792207792207793,0,True,True,True,0.072077922077922074,False
mv50,original,equal_image,P005,P022,1540,-0.025769115043079507,0.011309986307990913,-0.060794766833877842,-0.00027377249527713032,-0.040404849399187627,-0.025424437851027895,-0.010297592895762953,0,1,0,False,False,False,0,False
mv50,original,equal_image,P005,P023,1540,-0.03148025599575794,0.013386065710877934,-0.070334295077455131,0.0043545347519003521,-0.049577423612570899,-0.0310866222932588,-0.013605607912279624,0.0012987012987012987,0.99870129870129876,0,True,True,False,0.0012987012987012987,False
mv50,original,equal_image,P005,P024,1540,-0.010257422694785094,0.0092220572951631757,-0.033256082851302063,0.014216864387788191,-0.022406805941887879,-0.010330481558895519,0.0016741118962313878,0.13766233766233765,0.86233766233766229,0,True,True,True,0.13766233766233765,False
mv50,original,equal_image,P005,P025,1540,-0.013989791199757903,0.0087802204024185464,-0.042370716949106879,0.010611757366002122,-0.025164650515712778,-0.014323261660455642,-0.0019691407883509486,0.05909090909090909,0.94090909090909092,0,True,True,True,0.05909090909090909,False
mv50,original,equal_image,P005,P026,1540,-0.01683492312913169,0.0083316673363502299,-0.041699231309639338,0.0051053076097638097,-0.027838613725860845,-0.01694394026459356,-0.0054659160993662317,0.013636363636363636,0.98636363636363633,0,True,True,True,0.013636363636363636,False
mv50,original,equal_image,P005,P027,1540,-0.00099206266463523307,0.0046812713755245844,-0.01707440451614255,0.010102753190527964,-0.0074067813882755873,-0.00069973526312137597,0.0049168915693718288,0.44480519480519481,0.55519480519480524,0,True,True,True,0.44480519480519481,False
mv50,original,equal_image,P006,P007,1540,0.012477662701396271,0.0060231696724638737,-0.008556866823621806,0.034579979080933847,0.004709164793784657,0.012621616900184287,0.020130857037956314,0.98246753246753249,0.017532467532467531,0,True,True,True,0.017532467532467531,False
mv50,original,equal_image,P006,P008,1540,0.014869777152444946,0.010412233596844945,-0.0077797284305167304,0.058552650841496558,0.003088005436136897,0.012428943289556616,0.027953419288261505,0.97402597402597402,0.025974025974025976,0,True,True,True,0.025974025974025976,False
mv50,original,equal_image,P006,P009,1540,0.014162990921665536,0.010463026556612328,-0.0077132896706210152,0.058363488258626348,0.0022407318990217565,0.011622151592798674,0.027148756503260846,0.96103896103896103,0.03896103896103896,0,True,True,True,0.03896103896103896,False
mv50,original,equal_image,P006,P010,1540,0.016458424062016652,0.0095140081918464042,-0.0053956646160305041,0.044555849896287546,0.0046747432761066266,0.015121641196967052,0.029280950972621241,0.98636363636363633,0.013636363636363636,0,True,True,True,0.013636363636363636,False
mv50,original,equal_image,P006,P011,1540,0.0083043060555354833,0.0049172945541447041,-0.0071325473061880917,0.024416054512222111,0.0018523755152548061,0.0084439987223862145,0.014919000320955269,0.95324675324675323,0.046753246753246755,0,True,True,True,0.046753246753246755,False
mv50,original,equal_image,P006,P012,1540,0.0017813418528511392,0.0066573918100489224,-0.020301821288242549,0.023671244057357398,-0.0068823478266285994,0.0015334944899221298,0.010568548975753628,0.59870129870129873,0.40129870129870132,0,True,True,True,0.40129870129870132,False
mv50,original,equal_image,P006,P014,1540,0.0061607584242199835,0.0047995904479838664,-0.0080293641159439044,0.029111987149152547,0.00049797068269337994,0.0059104431355637864,0.011909337833809701,0.92012987012987013,0.079870129870129869,0,True,True,True,0.079870129870129869,False
mv50,original,equal_image,P006,P017,1540,-0.03300718100932281,0.022917139047728033,-0.10560602715299405,-0.0040726170018824896,-0.082627834766092076,-0.024682527011571746,-0.013988641040086956,0,1,0,False,False,False,0,False
mv50,original,equal_image,P006,P018,1540,0.0067559049039240338,0.0099263147612483615,-0.014959628099649198,0.034287651057436183,-0.0057249487584584181,0.0053072512021579057,0.020078871120072842,0.69480519480519476,0.30519480519480519,0,True,True,True,0.30519480519480519,False
mv50,original,equal_image,P006,P019,1540,0.0068185748507338583,0.011578437115676811,-0.018254467035968992,0.037348591402116854,-0.0091506265876068003,0.0066129209058464365,0.023377942528113319,0.72792207792207797,0.27207792207792209,0,True,True,True,0.27207792207792209,False
mv50,original,equal_image,P006,P020,1540,0.0089957996527327624,0.0050718813838510112,-0.0090535338894447651,0.028083664927804518,0.0027246982402339146,0.0087937071693160226,0.01540941502318985,0.96818181818181814,0.031818181818181815,0,True,True,True,0.031818181818181815,False
mv50,original,equal_image,P006,P021,1540,0.012018070267596638,0.010464776194312466,-0.0094576393453379478,0.040802504008373451,-0.00075980053676617798,0.010687366314968978,0.026097599464412449,0.88051948051948048,0.11948051948051948,0,True,True,True,0.11948051948051948,False
mv50,original,equal_image,P006,P022,1540,-0.0042430119384200366,0.013178839312908117,-0.040809209168617515,0.023308334510707192,-0.021111730241684629,-0.0025823012542629058,0.013745815309464412,0.40909090909090912,0.59090909090909094,0,True,True,True,0.40909090909090912,False
mv50,original,equal_image,P006,P023,1540,-0.0099541528910984719,0.0077117005420150233,-0.027892289058405229,0.0047946879803041241,-0.019957793373558429,-0.0083407140047893676,-0.00084597883228274202,0.068181818181818177,0.93181818181818177,0,True,True,False,0.068181818181818177,False
mv50,original,equal_image,P006,P024,1540,0.011268680409874377,0.012147300234037893,-0.016594759126102348,0.048495388225855154,-0.0055860202310157028,0.011040732541596716,0.02821243825793884,0.79805194805194801,0.20194805194805196,0,True,True,True,0.20194805194805196,False
mv50,original,equal_image,P006,P025,1540,0.0075363119049015655,0.011714919744367145,-0.019270600125405886,0.041528422677434784,-0.0082148226334203805,0.0068700695542444901,0.023895242078927507,0.74415584415584413,0.25584415584415582,0,True,True,True,0.25584415584415582,False
mv50,original,equal_image,P006,P026,1540,0.0046911799755277768,0.011518029852219627,-0.021655146754839656,0.038544136640904322,-0.011605625282057393,0.0043545891713692355,0.020183354019218815,0.67987012987012985,0.32012987012987015,0,True,True,True,0.32012987012987015,False
mv50,original,equal_image,P006,P027,1540,0.020534040440024236,0.010594226589410836,-0.014374405051434608,0.048064536970098506,0.0074741936807260975,0.019181371529425419,0.035301494310975762,0.98766233766233769,0.012337662337662338,0,True,True,True,0.012337662337662338,False
mv50,original,equal_image,P007,P008,1540,0.0023921144510486735,0.01166923818743444,-0.023505781909030198,0.04522587283591023,-0.01198667471270211,0.001604858403560179,0.017075261456022946,0.54350649350649349,0.45649350649350651,0,True,True,True,0.45649350649350651,False
mv50,original,equal_image,P007,P009,1540,0.0016853282202692647,0.0117189007090735,-0.024393758535099862,0.04388954600689584,-0.01264724827446707,0.00080634441576382383,0.016319860612420429,0.51818181818181819,0.48181818181818181,0,True,True,True,0.48181818181818181,False
mv50,original,equal_image,P007,P010,1540,0.0039807613606203818,0.0099869540489010509,-0.019694460916659395,0.031051994431399249,-0.0091680566387409203,0.0039006668807216151,0.017257292706135734,0.61038961038961037,0.38961038961038963,0,True,True,True,0.38961038961038963,False
mv50,original,equal_image,P007,P011,1540,-0.0041733566458607872,0.0059715479336157531,-0.025250602137601951,0.015445052408851218,-0.011787800514498658,-0.0045155651479357652,0.0040586336270083028,0.24155844155844156,0.75844155844155847,0,True,True,True,0.24155844155844156,False
mv50,original,equal_image,P007,P012,1540,-0.010696320848545132,0.007029333491067157,-0.033066496816712254,0.00942896387143175,-0.019916552695332643,-0.010496128543673419,-0.0020047187294424144,0.056493506493506492,0.94350649350649352,0,True,True,True,0.056493506493506492,False
mv50,original,equal_image,P007,P014,1540,-0.0063169042771762879,0.0063595973585290743,-0.022888553013968603,0.02092858160136717,-0.014305270588063598,-0.0067270877576061953,0.002183932383851481,0.15974025974025974,0.84025974025974026,0,True,True,True,0.15974025974025974,False
mv50,original,equal_image,P007,P017,1540,-0.045484843710719085,0.024403710593776575,-0.11846489509226318,-0.0071127053299270713,-0.092434231582796039,-0.037343532701255039,-0.023655713066055351,0,1,0,False,False,False,0,False
mv50,original,equal_image,P007,P018,1540,-0.0057217577974722385,0.010255247466799667,-0.030786519645641365,0.023426371095170394,-0.018400192209780456,-0.0074859758329563304,0.0081174298451735585,0.34805194805194806,0.65194805194805194,0,True,True,True,0.34805194805194806,False
mv50,original,equal_image,P007,P019,1540,-0.0056590878506624122,0.012319489143622943,-0.035319057298277071,0.028087793716519364,-0.022154519239920747,-0.0057835344489097947,0.011636418940047653,0.32142857142857145,0.6785714285714286,0,True,True,True,0.32142857142857145,False
mv50,original,equal_image,P007,P020,1540,-0.0034818630486635103,0.0040985166417051491,-0.016244335852070736,0.014575501663308777,-0.0084772769780367928,-0.0036376121770532927,0.0016334214577839153,0.19220779220779222,0.80779220779220784,0,True,True,True,0.19220779220779222,False
mv50,original,equal_image,P007,P021,1540,-0.00045959243379963287,0.010902243007748292,-0.029831125582622454,0.032921587837932899,-0.013890125929434874,-0.0019512340424812785,0.013747994596556201,0.45844155844155843,0.54155844155844157,0,True,True,True,0.45844155844155843,False
mv50,original,equal_image,P007,P022,1540,-0.016720674639816309,0.014044102042188075,-0.058426012395035511,0.019372097723581679,-0.035613413912254775,-0.016086817631367222,0.0010676300937232115,0.11558441558441558,0.88441558441558443,0,True,True,True,0.11558441558441558,False
mv50,original,equal_image,P007,P023,1540,-0.022431815592494742,0.0095606445250160637,-0.048282946301639526,0.0039591610787726604,-0.034587157384580541,-0.022605791507541221,-0.0096653139502308871,0.0058441558441558444,0.99415584415584413,0,True,True,False,0.0058441558441558444,False
mv50,original,equal_image,P007,P024,1540,-0.0012089822915218951,0.012845314352159576,-0.034070253480150539,0.037932789340936468,-0.018250264809908438,-0.0018308882441963174,0.016236725322132255,0.44090909090909092,0.55909090909090908,0,True,True,True,0.44090909090909092,False
mv50,original,equal_image,P007,P025,1540,-0.0049413507964947059,0.012275807551204415,-0.036214101861992462,0.033114828341758405,-0.020933051703284394,-0.0055446745471950665,0.011929767640221692,0.35194805194805195,0.6480519480519481,0,True,True,True,0.35194805194805195,False
mv50,original,equal_image,P007,P026,1540,-0.0077864827258684946,0.011984766686368054,-0.038753198291431236,0.031458737872892252,-0.023300159938720044,-0.0084984565589502539,0.0091496678708955191,0.25909090909090909,0.74090909090909096,0,True,True,True,0.25909090909090909,False
mv50,original,equal_image,P007,P027,1540,0.0080563777386279643,0.010591897501987729,-0.014846824040095796,0.034322480762535315,-0.0053516739808200176,0.0071550327537141288,0.022304542616629106,0.72337662337662334,0.2766233766233766,0,True,True,True,0.2766233766233766,False
mv50,original,equal_image,P008,P009,1540,-0.00070678623077940908,0.0009125946287296253,-0.0028122971042133238,0.00093922175152665597,-0.0020835903550676374,-0.00040394505580551853,0.00030128337108768988,0.30714285714285716,0.69285714285714284,0,True,False,False,0.30714285714285716,False
mv50,original,equal_image,P008,P010,1540,0.0015886469095717085,0.0075935815410475517,-0.038460582383514699,0.024056952621444149,-0.0065506951332412024,0.0026579808456138358,0.0093113142535627847,0.67077922077922081,0.32922077922077925,0,True,True,True,0.32922077922077925,False
mv50,original,equal_image,P008,P011,1540,-0.006565471096909462,0.010691580498646384,-0.047251323325272217,0.013733213460970428,-0.01956730381951655,-0.0049762325607374085,0.0060530644043326589,0.34805194805194806,0.65194805194805194,0,True,True,True,0.34805194805194806,False
mv50,original,equal_image,P008,P012,1540,-0.013088435299593805,0.010017703490551014,-0.058988706827472384,0.024087877458026829,-0.025284407850701435,-0.012270400136741614,-0.0020896527712334491,0.064935064935064929,0.93506493506493504,0,True,True,True,0.064935064935064929,False
mv50,original,equal_image,P008,P014,1540,-0.0087090187282249602,0.011469524682219385,-0.054577751872137634,0.020733377043649769,-0.022571232682568332,-0.0071031561778070774,0.0044417243106201799,0.27337662337662338,0.72662337662337662,0,True,True,True,0.27337662337662338,False
mv50,original,equal_image,P008,P017,1540,-0.047876958161767756,0.024321384832372759,-0.14464385223978712,-0.0068483104344206512,-0.089271411638714673,-0.041954039881085647,-0.022543811203972981,0,1,0,False,False,False,0,False
mv50,original,equal_image,P008,P018,1540,-0.0081138722485209116,0.0070804070873120677,-0.048339029169714505,0.0093984460750372034,-0.016580183013102861,-0.0069358261556773408,-0.00066461365034674964,0.079220779220779219,0.92077922077922081,0,True,True,True,0.079220779220779219,False
mv50,original,equal_image,P008,P019,1540,-0.008051202301711087,0.0092709877268529646,-0.045532161924825343,0.013220885771116991,-0.019529293364055567,-0.0077192854461729287,0.0035566188774552852,0.21883116883116882,0.78116883116883118,0,True,True,True,0.21883116883116882,False
mv50,original,equal_image,P008,P020,1540,-0.0058739774997121838,0.011050677810612121,-0.050020801104687297,0.015869725778462268,-0.019567746183540964,-0.004483926374903799,0.0070776444162782715,0.36948051948051946,0.63051948051948048,0,True,True,True,0.36948051948051946,False
mv50,original,equal_image,P008,P021,1540,-0.0028517068848483073,0.0059399416149198067,-0.032218073846587168,0.012311152246179246,-0.010242344374707602,-0.0023151378209987595,0.0040894868185440466,0.30909090909090908,0.69090909090909092,0,True,True,True,0.30909090909090908,False
mv50,original,equal_image,P008,P022,1540,-0.01911278909086498,0.011713246498824541,-0.069297481189376342,0.0072784787180849133,-0.03505953990317677,-0.018757592075615399,-0.0048062841547901886,0.018831168831168831,0.98116883116883113,0,True,True,True,0.018831168831168831,False
mv50,original,equal_image,P008,P023,1540,-0.02482393004354342,0.013401772930534859,-0.074619219263203973,0.0095476936037181322,-0.042382587906532279,-0.023808563972430412,-0.0072296540864925461,0.0025974025974025974,0.9974025974025974,0,True,True,True,0.0025974025974025974,False
mv50,original,equal_image,P008,P024,1540,-0.0036010967425705691,0.0084281323031621686,-0.033545994231889829,0.016546500439109511,-0.014512117715687011,-0.0028704842507991215,0.0066338491802856491,0.41883116883116883,0.58116883116883122,0,True,True,True,0.41883116883116883,False
mv50,original,equal_image,P008,P025,1540,-0.0073334652475433798,0.010047286444579074,-0.0485405617373421,0.016195092494544254,-0.019480934077885797,-0.0070254254871602341,0.0045065804244265768,0.27337662337662338,0.72662337662337662,0,True,True,True,0.27337662337662338,False
mv50,original,equal_image,P008,P026,1540,-0.010178597176917169,0.0099264037174876391,-0.049702347022366922,0.011472599985743227,-0.022747303986856614,-0.0092570848532862425,0.0018177031771054919,0.15194805194805194,0.84805194805194806,0,True,True,True,0.15194805194805194,False
mv50,original,equal_image,P008,P027,1540,0.0056642632875792904,0.0080874435142938295,-0.048461409566677882,0.025784860120490471,-0.0039673989890954007,0.0067718030062541932,0.014292115794275324,0.82337662337662343,0.17662337662337663,0,True,True,True,0.17662337662337663,False
mv50,original,equal_image,P009,P010,1540,0.0022954331403511174,0.0075914781834380898,-0.036317910454657168,0.026395995231558965,-0.0060849439196166812,0.0032081346985252364,0.0098946195437226662,0.69935064935064939,0.30064935064935067,0,True,True,True,0.30064935064935067,False
mv50,original,equal_image,P009,P011,1540,-0.0058586848661300525,0.010790737040170187,-0.047123415464991998,0.013717528705756165,-0.019189313290661505,-0.0044854088009360759,0.0070462459561998177,0.37857142857142856,0.62142857142857144,0,True,True,True,0.37857142857142856,False
mv50,original,equal_image,P009,P012,1540,-0.012381649068814397,0.010081268140925382,-0.058861872472519131,0.024161499714343327,-0.024569829292607613,-0.011669361575735778,-0.0011887838407631788,0.075974025974025972,0.92402597402597397,0,True,True,True,0.075974025974025972,False
mv50,original,equal_image,P009,P014,1540,-0.0080022324974455515,0.011457969906664077,-0.052334698998251064,0.022805585374322673,-0.022022618055483115,-0.006348608042593698,0.0050677947761833195,0.30259740259740259,0.69740259740259736,0,True,True,True,0.30259740259740259,False
mv50,original,equal_image,P009,P017,1540,-0.047170171930988346,0.024388877954185834,-0.14430662567161923,-0.0074578540737954557,-0.089052400139019952,-0.041279016687259355,-0.021516404816522155,0,1,0,False,False,False,0,False
mv50,original,equal_image,P009,P018,1540,-0.0074070860177415038,0.0071227421854261471,-0.04819192185845407,0.0093320073151414891,-0.015936482707346392,-0.0062608059370072716,-0.00014326823578719207,0.096103896103896108,0.90389610389610386,0,True,True,True,0.096103896103896108,False
mv50,original,equal_image,P009,P019,1540,-0.0073444160709316775,0.009247865614244892,-0.045638138214283051,0.013347720126070245,-0.018516804876376764,-0.0068037665290076946,0.0040392419040882277,0.25454545454545452,0.74545454545454548,0,True,True,True,0.25454545454545452,False
mv50,original,equal_image,P009,P020,1540,-0.0051671912689327743,0.011113028341200468,-0.049735547894850976,0.017331252215590072,-0.018457448767802899,-0.0036261555715356043,0.0076403435846241624,0.38961038961038963,0.61038961038961037,0,True,True,True,0.38961038961038963,False
mv50,original,equal_image,P009,P021,1540,-0.0021449206540688978,0.0059089375775288689,-0.032234640410366645,0.013576438314827344,-0.009382640488824541,-0.0015284124978227759,0.0046975671250249788,0.35324675324675325,0.64675324675324675,0,True,True,True,0.35324675324675325,False
mv50,original,equal_image,P009,P022,1540,-0.018406002860085573,0.01173496705363223,-0.068779892405890053,0.007184932243806552,-0.034407230270401518,-0.018202478658256485,-0.0039981717749665146,0.025324675324675326,0.97467532467532469,0,True,True,True,0.025324675324675326,False
mv50,original,equal_image,P009,P023,1540,-0.024117143812764009,0.013475941227392978,-0.074312272047699607,0.0094812548438224179,-0.041947081066539806,-0.023193131231833634,-0.0063825631845349975,0.003246753246753247,0.99675324675324672,0,True,True,True,0.003246753246753247,False
mv50,original,equal_image,P009,P024,1540,-0.0028943105117911596,0.0085291096673808346,-0.033239047016385449,0.016458257259584014,-0.013923584637197855,-0.0019951565746825521,0.0074238548725698858,0.44480519480519481,0.55519480519480524,0,True,True,True,0.44480519480519481,False
mv50,original,equal_image,P009,P025,1540,-0.0066266790167639695,0.010093211251689547,-0.048807556458717725,0.015794392412757364,-0.018739056830213877,-0.0060289080575338105,0.005080899431785255,0.30259740259740259,0.69740259740259736,0,True,True,True,0.30259740259740259,False
mv50,original,equal_image,P009,P026,1540,-0.0094718109461377591,0.0099522849322426464,-0.049757500149465381,0.011168646534405784,-0.022013641970760802,-0.0081489248721369704,0.0026438429389271253,0.17402597402597403,0.82597402597402603,0,True,True,True,0.17402597402597403,False
mv50,original,equal_image,P009,P027,1540,0.0063710495183587007,0.0081697098558248474,-0.048392037120222234,0.025839944189633146,-0.0032832860500682215,0.0075816312624741675,0.015097719352545702,0.83701298701298699,0.16298701298701299,0,True,True,True,0.16298701298701299,False
mv50,original,equal_image,P010,P011,1540,-0.0081541180064811699,0.009129575317959316,-0.028752190166383407,0.015506013406945619,-0.020234856309293926,-0.0077905479260084488,0.0034089338821875364,0.24090909090909091,0.75909090909090904,0,True,True,True,0.24090909090909091,False
mv50,original,equal_image,P010,P012,1540,-0.014677082209165514,0.0079880554475380942,-0.04743415657975214,0.018685451699762733,-0.024715446056864449,-0.014652888166171212,-0.0050451257877553429,0.025324675324675326,0.97467532467532469,0,True,True,True,0.025324675324675326,False
mv50,original,equal_image,P010,P014,1540,-0.010297665637796669,0.0089108070762702035,-0.028999162522262416,0.0045217678935436543,-0.022663641458989393,-0.0065057473405769721,-0.00049084075737818728,0.071428571428571425,0.9285714285714286,0,True,True,False,0.071428571428571425,False
mv50,original,equal_image,P010,P017,1540,-0.049465605071339458,0.024545044092452374,-0.1318976924791482,-0.0040539945443857058,-0.093203669919361312,-0.043838840267028757,-0.024488206734637363,0,1,0,False,False,False,0,False
mv50,original,equal_image,P010,P018,1540,-0.0097025191580926203,0.0065297641619228427,-0.039206545521557272,0.0070143822605509779,-0.017671277437651036,-0.0093371131874552728,-0.001898453587281941,0.053246753246753244,0.94675324675324679,0,True,True,True,0.053246753246753244,False
mv50,original,equal_image,P010,P019,1540,-0.0096398492112827958,0.0089804645057945231,-0.042696766395194451,0.013115780682309924,-0.020738315179833107,-0.0099469122464692517,0.0017917130391885046,0.16883116883116883,0.83116883116883122,0,True,True,True,0.16883116883116883,False
mv50,original,equal_image,P010,P020,1540,-0.0074626244092838917,0.0094321233214739366,-0.032647440132068183,0.017220816461578699,-0.019751268364218505,-0.0070003480657489124,0.0050198959759058101,0.25,0.75,0,True,True,True,0.25,False
mv50,original,equal_image,P010,P021,1540,-0.0044403537944200152,0.0074111396021345304,-0.033013780138102737,0.019212192788587212,-0.013217423640812553,-0.0042281005608476811,0.0046371890491640868,0.24935064935064935,0.75064935064935068,0,True,True,True,0.24935064935064935,False
mv50,original,equal_image,P010,P022,1540,-0.020701436000436692,0.011345398442493552,-0.064533992267005097,0.0034446803588244037,-0.036353897424259811,-0.020562291456263967,-0.0065255225425911879,0.0071428571428571426,0.99285714285714288,0,True,True,False,0.0071428571428571426,False
mv50,original,equal_image,P010,P023,1540,-0.026412576953115125,0.012686496641214776,-0.059988127926273602,0.0071636297892319067,-0.043785117798555838,-0.026041029505784158,-0.0092707513758004713,0.0019480519480519481,0.99805194805194808,0,True,True,True,0.0019480519480519481,False
mv50,original,equal_image,P010,P024,1540,-0.0051897436521422778,0.0097503234088049274,-0.032782391953490822,0.022412916983808023,-0.017697281336441797,-0.0044495245504076464,0.0066558510245643887,0.33441558441558439,0.66558441558441561,0,True,True,True,0.33441558441558439,False
mv50,original,equal_image,P010,P025,1540,-0.0089221121571150877,0.0082895778910753431,-0.032772409714699871,0.013606357363228804,-0.019819275910416378,-0.008782310335297484,0.0016712095418969998,0.16233766233766234,0.83766233766233766,0,True,True,True,0.16233766233766234,False
mv50,original,equal_image,P010,P026,1540,-0.011767244086488876,0.0080679231044138589,-0.037074339222024119,0.0072795161939778526,-0.022157692797309496,-0.011854216262659163,-0.0014570718284686987,0.050000000000000003,0.94999999999999996,0,True,True,True,0.050000000000000003,False
mv50,original,equal_image,P010,P027,1540,0.0040756163780075825,0.005542422429522212,-0.01918250492452251,0.018815604754993599,-0.002908287814916222,0.0044699335830758304,0.010714290828347853,0.78896103896103897,0.21103896103896103,0,True,True,True,0.21103896103896103,False
mv50,original,equal_image,P011,P012,1540,-0.0065229642026843424,0.0078321731517123402,-0.03305358993419711,0.017844669058208085,-0.016347669966606974,-0.0064350894530141216,0.0034696473970025135,0.21623376623376622,0.78376623376623378,0,True,True,True,0.21623376623376622,False
mv50,original,equal_image,P011,P014,1540,-0.0021435476313154994,0.0043384861559878042,-0.017001134719856387,0.013311108307794677,-0.0077082978512170571,-0.0022484574265180576,0.0032059860277865813,0.29025974025974027,0.70974025974025978,0,True,True,True,0.29025974025974027,False
mv50,original,equal_image,P011,P017,1540,-0.0413114870648583,0.023483674540264749,-0.11564023294897871,-0.007872029445321305,-0.089533473397089725,-0.03381569371556252,-0.020755576337031616,0,1,0,False,False,False,0,False
mv50,original,equal_image,P011,P018,1540,-0.0015484011516114509,0.010288632677956244,-0.033080741578863329,0.021716256482222626,-0.014755152304532325,-0.002825408757584072,0.012350934743633342,0.42987012987012985,0.57012987012987015,0,True,True,True,0.42987012987012985,False
mv50,original,equal_image,P011,P019,1540,-0.001485731204801625,0.011866571771825318,-0.032852797918962492,0.027342051926749877,-0.017291924806011546,-0.0014149208675750201,0.015143760345056666,0.45324675324675323,0.54675324675324677,0,True,True,True,0.45324675324675323,False
mv50,original,equal_image,P011,P020,1540,0.00069149359719727834,0.0052807125090015136,-0.017836040776273127,0.015706370343202308,-0.0062319237959603882,0.00094660893797984119,0.0074047435976431451,0.57337662337662343,0.42662337662337663,0,True,True,True,0.42662337662337663,False
mv50,original,equal_image,P011,P021,1540,0.0037137642120611543,0.01113764630923029,-0.026308613396887937,0.036281920203425355,-0.010198495281104822,0.0030659283313181711,0.018776250213512414,0.58961038961038958,0.41038961038961042,0,True,True,True,0.41038961038961042,False
mv50,original,equal_image,P011,P022,1540,-0.012547317993955519,0.013849143749615536,-0.057753746187603129,0.021878761579589186,-0.030663891496859903,-0.01113980848435327,0.0054196954573021002,0.18116883116883117,0.8188311688311688,0,True,True,True,0.18116883116883117,False
mv50,original,equal_image,P011,P023,1540,-0.018258458946633953,0.0083276223436613839,-0.038534483260874844,0.0041189683530677866,-0.028815805768178174,-0.018885633748504257,-0.0066958121088926256,0.0051948051948051948,0.9948051948051948,0,True,True,False,0.0051948051948051948,False
mv50,original,equal_image,P011,P024,1540,0.0029643743543388925,0.012455602034313807,-0.033358463632139748,0.035569777989224421,-0.013732789762584506,0.0025866022460944325,0.019756634498624935,0.60129870129870133,0.39870129870129872,0,True,True,True,0.39870129870129872,False
mv50,original,equal_image,P011,P025,1540,-0.00076799415063391802,0.011632869438971112,-0.032464553639273856,0.032288934973960591,-0.01639939970519582,-0.00096247599349326971,0.014926226844534941,0.46233766233766233,0.53766233766233762,0,True,True,True,0.46233766233766233,False
mv50,original,equal_image,P011,P026,1540,-0.003613126080007707,0.011416216380531852,-0.03562922800456985,0.02783883457355716,-0.019365715218744431,-0.0037821464184917093,0.011605256219577111,0.36168831168831167,0.63831168831168827,0,True,True,True,0.36168831168831167,False
mv50,original,equal_image,P011,P027,1540,0.012229734384488752,0.010739946333355493,-0.023941922961123886,0.041048124236056097,-0.0011781367727756002,0.011634351277425117,0.026380779817155749,0.86948051948051952,0.13051948051948051,0,True,True,True,0.13051948051948051,False
mv50,original,equal_image,P012,P014,1540,0.0043794165713688443,0.007954912944164531,-0.021401272673457448,0.03872060933930125,-0.0053600885906382812,0.004541013440466455,0.014441841204828746,0.688961038961039,0.31103896103896106,0,True,True,True,0.31103896103896106,False
mv50,original,equal_image,P012,P017,1540,-0.034788522862173953,0.024323533559670228,-0.11545764648199693,-0.0014707032047218322,-0.082122515908169449,-0.026805661966627627,-0.014062329659044828,0,1,0,False,False,False,0,False
mv50,original,equal_image,P012,P018,1540,0.0049745630510728929,0.0075757151051884302,-0.020539971111168419,0.026097086329055313,-0.0046934679169697742,0.0051881313622681637,0.014692990902310004,0.74090909090909096,0.25909090909090909,0,True,True,True,0.25909090909090909,False
mv50,original,equal_image,P012,P019,1540,0.0050372329978827192,0.010265542167438231,-0.030255414008112581,0.033170102449560993,-0.0087085395649271827,0.0051192340660881769,0.018882901279882409,0.68506493506493504,0.31493506493506496,0,True,True,True,0.31493506493506496,False
mv50,original,equal_image,P012,P020,1540,0.0072144577998816224,0.0065003654610673285,-0.010707206640166323,0.032519555801750352,-0.00067780445268435957,0.006995219367901301,0.015364148310980199,0.87272727272727268,0.12727272727272726,0,True,True,True,0.12727272727272726,False
mv50,original,equal_image,P012,P021,1540,0.010236728414745499,0.0085695568725773479,-0.01943276185787679,0.04052916124403013,-5.4305979387725937e-05,0.009893158474679857,0.020894156456483248,0.89935064935064934,0.10064935064935066,0,True,True,True,0.10064935064935066,False
mv50,original,equal_image,P012,P022,1540,-0.0060243537912711758,0.011492780951335787,-0.045650672680926971,0.021561616752129736,-0.02065473957221697,-0.0052817895966134933,0.0084196574320103447,0.29415584415584417,0.70584415584415583,0,True,True,True,0.29415584415584417,False
mv50,original,equal_image,P012,P023,1540,-0.011735494743949611,0.0098329888056662047,-0.036926042178409321,0.014262379501234651,-0.025198545067749281,-0.011486465707453899,0.0010331984058327159,0.12142857142857143,0.87857142857142856,0,True,True,True,0.12142857142857143,False
mv50,original,equal_image,P012,P024,1540,0.0094873385570232362,0.01131033984544132,-0.033387338014363555,0.04899377243974793,-0.0053382795002065763,0.0092251979215354409,0.023999819052118072,0.79610389610389609,0.20389610389610391,0,True,True,True,0.20389610389610391,False
mv50,original,equal_image,P012,P025,1540,0.0057549700520504255,0.010516074240368408,-0.035834608043561048,0.035745625495908775,-0.0078585181783841721,0.0061332378988069678,0.019833961598394748,0.69805194805194803,0.30194805194805197,0,True,True,True,0.30194805194805197,False
mv50,original,equal_image,P012,P026,1540,0.0029098381226766372,0.010138007326365625,-0.02967413458934105,0.033029157036552036,-0.010193586373843481,0.0029356916914835413,0.016370999093867716,0.61818181818181817,0.38181818181818183,0,True,True,True,0.38181818181818183,False
mv50,original,equal_image,P012,P027,1540,0.018752698587173097,0.0077827074394237628,-0.0086443442950004164,0.043009105496772324,0.0093014507091163916,0.018071889410169559,0.028777652581520811,0.99350649350649356,0.0064935064935064939,0,True,True,True,0.0064935064935064939,False
mv50,original,equal_image,P014,P017,1540,-0.039167939433542798,0.02331219415953234,-0.12135269698752368,-0.0039637689151978432,-0.08776997525187287,-0.030909463377150739,-0.019611261476125477,0,1,0,False,False,False,0,False
mv50,original,equal_image,P014,P018,1540,0.00059514647970404879,0.010930635598054683,-0.039176231369196797,0.026817232220504927,-0.012695661639513561,-0.00081945701200530072,0.015335651452094,0.47922077922077921,0.52077922077922079,0,True,True,True,0.52077922077922079,True
mv50,original,equal_image,P014,P019,1540,0.00065781642651387454,0.012277434545298021,-0.039983918365936268,0.033117211980108259,-0.015561640545235955,0.00064606257039897109,0.0184493915706085,0.52142857142857146,0.47857142857142859,0,True,True,True,0.47857142857142859,False
mv50,original,equal_image,P014,P020,1540,0.0028350412285127781,0.0058189056868616727,-0.018505182059276832,0.019819673272926032,-0.004693725640747241,0.003139269974515085,0.010042273444985431,0.7142857142857143,0.2857142857142857,0,True,True,True,0.2857142857142857,False
mv50,original,equal_image,P014,P021,1540,0.0058573118433766546,0.011553179128939762,-0.030732258949357428,0.03774810799378582,-0.0083229417089914545,0.0049342450143950618,0.021085956120501428,0.6506493506493507,0.34935064935064936,0,True,True,True,0.34935064935064936,False
mv50,original,equal_image,P014,P022,1540,-0.01040377036264002,0.013973037815651191,-0.061137798364568265,0.01905238123534065,-0.028982377442803169,-0.0091484379059525132,0.0081620462421566377,0.22532467532467532,0.77467532467532463,0,True,True,True,0.22532467532467532,False
mv50,original,equal_image,P014,P023,1540,-0.016114911315318458,0.0086107274225220645,-0.044196939268289485,0.0054456033553221591,-0.02707347932484213,-0.016192104258410923,-0.0048951495431612578,0.014285714285714285,0.98571428571428577,0,True,True,True,0.014285714285714285,False
mv50,original,equal_image,P014,P024,1540,0.0051079219856543928,0.012983117288288434,-0.030951002532634185,0.043814963182217545,-0.01197434067322648,0.0047272977869763505,0.02325369116087344,0.6558441558441559,0.34415584415584416,0,True,True,True,0.34415584415584416,False
mv50,original,equal_image,P014,P025,1540,0.0013755534806815814,0.011854283158085597,-0.031998419039000844,0.034618477940475137,-0.014164719450557627,0.00059955099468811672,0.018235536710938478,0.52922077922077926,0.4707792207792208,0,True,True,True,0.4707792207792208,False
mv50,original,equal_image,P014,P026,1540,-0.0014695784486922076,0.011618627124807355,-0.03153312051563565,0.030073446124669622,-0.017313429637847863,-0.0020408908134208481,0.015182364453292629,0.41103896103896104,0.58896103896103891,0,True,True,True,0.41103896103896104,False
mv50,original,equal_image,P014,P027,1540,0.014373282015804251,0.010801642647288638,-0.014174143360946041,0.042428491312029581,0.0013721517981752896,0.013247679022339559,0.029227470783462155,0.93051948051948052,0.069480519480519476,0,True,True,True,0.069480519480519476,False
mv50,original,equal_image,P017,P018,1540,0.039763085913246843,0.024078478925061559,0.0046044038430493924,0.12006153740210493,0.014858011850723149,0.034785224805247997,0.082670188857548454,1,0,0,False,False,False,0,False
mv50,original,equal_image,P017,P019,1540,0.039825755860056669,0.025457097926463786,-0.0028857827600864442,0.12643226541133845,0.013419718846829468,0.034727965460071814,0.080897112922043546,0.9974025974025974,0.0025974025974025974,0,True,True,False,0.0025974025974025974,False
mv50,original,equal_image,P017,P020,1540,0.042002980662055579,0.023855599159865699,0.0087869059108493294,0.1146300375984679,0.021151994409252296,0.034034927411827592,0.089650756130233003,1,0,0,False,False,False,0,False
mv50,original,equal_image,P017,P021,1540,0.045025251276919455,0.024189196360374185,0.0052366921254688057,0.13368275163011498,0.019884257477473764,0.04002914720919977,0.086592313806867313,1,0,0,False,False,False,0,False
mv50,original,equal_image,P017,P022,1540,0.028764169070902772,0.021189534524285295,-0.0076911882312264727,0.098051642252219504,0.0053738832016418008,0.024379926675035371,0.060023585819516161,0.95779220779220775,0.042207792207792208,0,True,True,True,0.042207792207792208,False
mv50,original,equal_image,P017,P023,1540,0.02305302811822434,0.023809700438635183,-0.0070354371923491118,0.097995221818071215,0.00072613584828922309,0.016941805029084805,0.067922638831544063,0.91493506493506493,0.085064935064935066,0,True,True,True,0.085064935064935066,False
mv50,original,equal_image,P017,P024,1540,0.044275861419197191,0.025235448264625419,0.0017927025725186286,0.1399359524002505,0.017614298082127656,0.040028413074856661,0.082622248444467736,1,0,0,False,False,False,0,False
mv50,original,equal_image,P017,P025,1540,0.040543492914224377,0.025857808797895412,-0.0050513872721476231,0.12725473943616292,0.013944430931617766,0.03580703775165308,0.083888433771857618,0.99545454545454548,0.0045454545454545452,0,True,True,True,0.0045454545454545452,False
mv50,original,equal_image,P017,P026,1540,0.037698360984850583,0.02590292364478507,-0.0071760012672107635,0.12458485518348525,0.010513151354306393,0.032430245083178835,0.082091110219320557,0.98961038961038961,0.01038961038961039,0,True,True,True,0.01038961038961039,False
mv50,original,equal_image,P017,P027,1540,0.053541221449347039,0.025142243098676246,0.010437726514918939,0.13576025364760422,0.027904429927756883,0.048496912122821867,0.095315805970119113,1,0,0,False,False,False,0,False
mv50,original,equal_image,P018,P019,1540,6.266994680982586e-05,0.0083534611050276718,-0.02200687870988715,0.019353905295546057,-0.010878466975215864,-1.7446677873957096e-05,0.011004258969918886,0.49935064935064938,0.50064935064935068,0,True,True,True,0.50064935064935068,True
mv50,original,equal_image,P018,P020,1540,0.0022398947488087291,0.0096202460965177511,-0.019887988328571461,0.022702926908391784,-0.01073421102419443,0.0047888469817235317,0.013877510054576356,0.58571428571428574,0.41428571428571431,0,True,True,True,0.41428571428571431,False
mv50,original,equal_image,P018,P021,1540,0.005262165363672606,0.0044377019620511129,-0.0049444103970275825,0.023015135236697109,6.342188698671208e-05,0.0048127690366559757,0.010733520836805326,0.90519480519480522,0.094805194805194809,0,True,True,False,0.094805194805194809,False
mv50,original,equal_image,P018,P022,1540,-0.010998916842344069,0.0098062941115286493,-0.03887616760108157,0.011325041596663005,-0.024909822156540317,-0.011592444017961865,0.002038351678269931,0.16493506493506493,0.83506493506493507,0,True,True,True,0.16493506493506493,False
mv50,original,equal_image,P018,P023,1540,-0.016710057795022507,0.012838552839322261,-0.050276260272951047,0.0095169956622079607,-0.035050883030913298,-0.016757599383894969,0.00081192031959661484,0.11883116883116883,0.88116883116883116,0,True,True,True,0.11883116883116883,False
mv50,original,equal_image,P018,P024,1540,0.0045127755059503434,0.0091452250502580493,-0.021895186576238245,0.028655011875562998,-0.0075601667314177164,0.0052892807655245747,0.015782664151666303,0.63961038961038963,0.36038961038961037,0,True,True,True,0.36038961038961037,False
mv50,original,equal_image,P018,P025,1540,0.00078040700097753294,0.0086604367313095083,-0.02212249723165411,0.024477430883264262,-0.010537262359276782,0.00065634648399203745,0.012159613395489264,0.52532467532467531,0.47467532467532469,0,True,True,True,0.47467532467532469,False
mv50,original,equal_image,P018,P026,1540,-0.0020647249283962561,0.0084915247660921379,-0.024001068897581582,0.02075365216680309,-0.012852316713072064,-0.0019145327427728398,0.0088029518480497605,0.43506493506493504,0.56493506493506496,0,True,True,True,0.43506493506493504,False
mv50,original,equal_image,P018,P027,1540,0.013778135536100203,0.0055535918300456963,-0.004205775446499721,0.038091291968883105,0.0068521186287360224,0.013613451178431376,0.021041324216956703,0.99675324675324672,0.003246753246753247,0,True,True,False,0.003246753246753247,False
mv50,original,equal_image,P019,P020,1540,0.0021772248019989032,0.01173776628069575,-0.027015290185658118,0.02928049340253535,-0.014839856737246526,0.0022579443481222372,0.01813436652864444,0.59025974025974026,0.40974025974025974,0,True,True,True,0.40974025974025974,False
mv50,original,equal_image,P019,P021,1540,0.0051994954168627797,0.008243021345352191,-0.01418278568819748,0.028060399373756269,-0.0051790318976403047,0.0055321464753108115,0.015169998932461544,0.67337662337662341,0.32662337662337665,0,True,True,True,0.32662337662337665,False
mv50,original,equal_image,P019,P022,1540,-0.011061586789153895,0.007897576680592976,-0.035891206577560245,0.005120449287862888,-0.023945728863621743,-0.0089663294654845089,-0.002641671323531416,0.033766233766233764,0.96623376623376622,0,True,True,True,0.033766233766233764,False
mv50,original,equal_image,P019,P023,1540,-0.016772727741832333,0.0099382972165032099,-0.044219635367790243,0.0044296420944143263,-0.029750666236845705,-0.014850854914196646,-0.0048628192679158163,0.015584415584415584,0.98441558441558441,0,True,True,False,0.015584415584415584,False
mv50,original,equal_image,P019,P024,1540,0.0044501055591405179,0.0044885174876521192,-0.009826794897069618,0.020893868874182386,-0.00065913720366513821,0.004292405451603587,0.0095680905713268535,0.86753246753246749,0.13246753246753246,0,True,True,True,0.13246753246753246,False
mv50,original,equal_image,P019,P025,1540,0.00071773705416770708,0.0040819753277980351,-0.014269333863125743,0.011923662399402379,-0.0045452655415587281,0.00070509406140847051,0.0058948946638589838,0.57077922077922083,0.42922077922077922,0,True,True,True,0.42922077922077922,False
mv50,original,equal_image,P019,P026,1540,-0.002127394875206082,0.0041700998229147745,-0.013360688072257454,0.012554943975059702,-0.0072676349991588228,-0.0023155631566338748,0.0033721136929065051,0.28636363636363638,0.71363636363636362,0,True,True,True,0.28636363636363638,False
mv50,original,equal_image,P019,P027,1540,0.013715465589290378,0.0084640311736170221,-0.0066210654122100506,0.033127735960512036,0.0032533703685138074,0.013253100971126638,0.025108751767907174,0.96558441558441555,0.034415584415584413,0,True,True,True,0.034415584415584413,False
mv50,original,equal_image,P020,P021,1540,0.0030222706148638765,0.010479016957696222,-0.019988057725851292,0.033547005573585323,-0.0094278841197007208,0.0013462857520034454,0.015833711004827125,0.52857142857142858,0.47142857142857142,0,True,True,True,0.47142857142857142,False
mv50,original,equal_image,P020,P022,1540,-0.013238811591152798,0.013591403207161583,-0.05023560410370799,0.01696665784148647,-0.031319490652708316,-0.012366369248477442,0.0048218033907546287,0.17272727272727273,0.82727272727272727,0,True,True,True,0.17272727272727273,False
mv50,original,equal_image,P020,P023,1540,-0.018949952543831233,0.008898904920702496,-0.041232579804483173,0.0057509966023331967,-0.030628984629888573,-0.018563699651537147,-0.0075488751267243923,0.0038961038961038961,0.99610389610389616,0,True,True,True,0.0038961038961038961,False
mv50,original,equal_image,P020,P024,1540,0.0022728807571416143,0.012338620433367972,-0.025602544807532268,0.038558207076588892,-0.014871458815702851,0.0019246362889803028,0.019417717553039619,0.57012987012987015,0.42987012987012985,0,True,True,True,0.42987012987012985,False
mv50,original,equal_image,P020,P025,1540,-0.001459487747831196,0.011759172995088892,-0.030803267728381867,0.029966275642984614,-0.017193070675443144,-0.0018444607039765208,0.015488483720370746,0.43961038961038962,0.56038961038961044,0,True,True,True,0.43961038961038962,False
mv50,original,equal_image,P020,P026,1540,-0.0043046196772049856,0.011361406746724576,-0.031351351971620013,0.025196547143240145,-0.020038854714768253,-0.0045445914383395901,0.011960673962896554,0.32207792207792207,0.67792207792207793,0,True,True,True,0.32207792207792207,False
mv50,original,equal_image,P020,P027,1540,0.011538240787291475,0.0099429247451660839,-0.010994524491179509,0.034458578108944135,-0.0012335804742406526,0.010322383220385558,0.024422347423440825,0.87207792207792212,0.12792207792207791,0,True,True,True,0.12792207792207791,False
mv50,original,equal_image,P021,P022,1540,-0.016261082206016676,0.010664099229909659,-0.055852415943396162,0.0085342953839325879,-0.030590882505271044,-0.016350320237979436,-0.0021429818397880299,0.053896103896103893,0.94610389610389611,0,True,True,True,0.053896103896103893,False
mv50,original,equal_image,P021,P023,1540,-0.021972223158695108,0.013352468616168012,-0.059432970511924824,0.0087499149521082335,-0.040496120755242837,-0.02137086537371477,-0.0041266698709296725,0.026623376623376622,0.97337662337662334,0,True,True,True,0.026623376623376622,False
mv50,original,equal_image,P021,P024,1540,-0.00074938985772226208,0.0079710366865038181,-0.023788950174777217,0.016216744082303936,-0.010934083876067461,0.00032998938153769449,0.0089321068824324834,0.50584415584415587,0.49415584415584418,0,True,True,True,0.50584415584415587,True
mv50,original,equal_image,P021,P025,1540,-0.0044817583626950725,0.0092279885880486613,-0.035568219410348198,0.016480188430695208,-0.016523686626517566,-0.0041686097368968996,0.0070118008485203281,0.34870129870129868,0.65129870129870127,0,True,True,True,0.34870129870129868,False
mv50,original,equal_image,P021,P026,1540,-0.0073268902920688612,0.0094668684775476384,-0.036618654306709762,0.016076267066720645,-0.019206774600780661,-0.0067240439005238246,0.004668620828988738,0.25,0.75,0,True,True,True,0.25,False
mv50,original,equal_image,P021,P027,1540,0.0085159701724275977,0.006418788067409668,-0.018637850361474542,0.026885008198308486,0.00021289868304566321,0.0092096036179582542,0.016243377871135362,0.9032467532467533,0.096753246753246758,0,True,True,True,0.096753246753246758,False
mv50,original,equal_image,P022,P023,1540,-0.0057111409526784352,0.011263532704461314,-0.029945830499243081,0.02508378089036194,-0.01944209699713121,-0.0048856037644585959,0.010417305024032184,0.30324675324675326,0.69675324675324679,0,True,True,True,0.30324675324675326,False
mv50,original,equal_image,P022,P024,1540,0.015511692348294415,0.0085642550437930974,-0.0044754394931607825,0.045727174004254897,0.0059254528774765796,0.013676102895317104,0.028091172623904277,0.99090909090909096,0.0090909090909090905,0,True,True,False,0.0090909090909090905,False
mv50,original,equal_image,P022,P025,1540,0.011779323843321603,0.0087481409865765389,-0.010100525456483383,0.036071333165204653,0.0024226058872162367,0.009620920390349591,0.025970613501162719,0.96038961038961035,0.03961038961038961,0,True,True,True,0.03961038961038961,False
mv50,original,equal_image,P022,P026,1540,0.0089341919139478126,0.0086748333350452154,-0.0068604552852709498,0.031300017178462522,0.00050647560924544429,0.0059365284560370241,0.023907589166226116,0.91753246753246753,0.082467532467532467,0,True,True,True,0.082467532467532467,False
mv50,original,equal_image,P022,P027,1540,0.024777052378444266,0.011287553378125759,0.0013131237438075594,0.066003672282510958,0.010930559007238407,0.024316107091207392,0.039627232102283028,1,0,0,False,False,False,0,False
mv50,original,equal_image,P023,P024,1540,0.021222833300972851,0.01044563946206342,-0.0081964810110113362,0.057774700283296232,0.0084426295166608566,0.020160125303376884,0.034899090255450627,0.99610389610389616,0.0038961038961038961,0,True,True,True,0.0038961038961038961,False
mv50,original,equal_image,P023,P025,1540,0.017490464796000041,0.010450685511346923,-0.0083534443778075455,0.05025305820639029,0.0049693413542254003,0.016255912179608693,0.031569772543756848,0.97597402597402594,0.024025974025974027,0,True,True,True,0.024025974025974027,False
mv50,original,equal_image,P023,P026,1540,0.014645332866626247,0.010117451692025088,-0.0099742622155030575,0.047268772169859828,0.0025618740705392385,0.014283590433384175,0.027863568213739483,0.96103896103896103,0.03896103896103896,0,True,True,True,0.03896103896103896,False
mv50,original,equal_image,P023,P027,1540,0.030488193331122713,0.013995604325076648,-0.0083674669310630119,0.071031040968355497,0.012438206361878186,0.029962095353565581,0.049645950184147886,0.99545454545454548,0.0045454545454545452,0,True,True,True,0.0045454545454545452,False
mv50,original,equal_image,P024,P025,1540,-0.0037323685049728103,0.0058316110535718913,-0.028101596850718575,0.011279928467826439,-0.010959731361723532,-0.0031064353943221546,0.00293306595542187,0.27402597402597401,0.72597402597402594,0,True,True,True,0.27402597402597401,False
mv50,original,equal_image,P024,P026,1540,-0.0065775004343465986,0.0059218468130893794,-0.027671590769519149,0.0088479014970478057,-0.013569150380600361,-0.0062614979675701277,0.00062869895338630189,0.12207792207792208,0.87792207792207788,0,True,True,True,0.12207792207792208,False
mv50,original,equal_image,P024,P027,1540,0.0092653600301498603,0.0097297398113223871,-0.025155274693051354,0.037654629106122349,-0.0023041573193461414,0.0085879638482357877,0.021979341058224428,0.83051948051948055,0.16948051948051948,0,True,True,True,0.16948051948051948,False
mv50,original,equal_image,P025,P026,1540,-0.0028451319293737896,0.0029659497198977827,-0.011103984185132854,0.0091840601394861006,-0.0065850664866174994,-0.0028139576286890719,0.00081039614546772815,0.16428571428571428,0.83571428571428574,0,True,True,True,0.16428571428571428,False
mv50,original,equal_image,P025,P027,1540,0.01299772853512267,0.0082230995516889682,-0.0071394464389777203,0.035747406163350405,0.0031826151140112798,0.011859974147593507,0.024005176832914369,0.9616883116883117,0.038311688311688311,0,True,True,True,0.038311688311688311,False
mv50,original,equal_image,P026,P027,1540,0.015842860464496455,0.0084098732147258378,-0.0029362452930026262,0.036620815617116956,0.0059162008054120183,0.014142076429450753,0.027247489227041365,0.99285714285714288,0.0071428571428571426,0,True,True,False,0.0071428571428571426,False
mv50,original,equal_building,P001,P002,1540,-0.018575507826380254,0.020804454245027065,-0.091212623486842004,0.005790330152209415,-0.06504685133995354,-0.010025848002300487,-0.004083327115617175,0.00974025974025974,0.99025974025974028,0,True,True,True,0.00974025974025974,False
mv50,original,equal_building,P001,P003,1540,0.0046406279325663874,0.012807527186850038,-0.03045124586022805,0.060507923074946561,-0.0082115919656665076,0.0012880084677251765,0.023303133064127148,0.55584415584415581,0.44415584415584414,0,True,True,True,0.44415584415584414,False
mv50,original,equal_building,P001,P004,1540,0.014702701166744325,0.015749171167022902,-0.019776774651493641,0.065801505752127093,-0.0046296493046743895,0.015625284860462357,0.035984862601503888,0.77987012987012982,0.22012987012987012,0,True,True,True,0.22012987012987012,False
mv50,original,equal_building,P001,P005,1540,0.026337352240600204,0.015749643810825747,-0.0045444333332096201,0.071563454280882566,0.0066626683767483739,0.027841596031878472,0.042789944283753177,0.99610389610389616,0.0038961038961038961,0,True,True,False,0.0038961038961038961,False
mv50,original,equal_building,P001,P006,1540,0.0042700628204837051,0.012073092962013848,-0.024418274596634922,0.043910535218275468,-0.0081694783570484091,0.00090976876837886925,0.023501804422990796,0.55324675324675321,0.44675324675324674,0,True,True,True,0.44675324675324674,False
mv50,original,equal_building,P001,P007,1540,0.015210776870050209,0.011313619373790608,-0.0070778583520706081,0.045029425647348409,0.0040633322442523712,0.011450664207124751,0.03412783055501372,0.98506493506493509,0.014935064935064935,0,True,True,True,0.014935064935064935,False
mv50,original,equal_building,P001,P008,1540,0.01925796180100528,0.016533950728453276,-0.021492779134530585,0.077243134589714074,-0.0010354019167139229,0.019341748128328798,0.042453646274762336,0.87792207792207788,0.12207792207792208,0,True,True,True,0.12207792207792208,False
mv50,original,equal_building,P001,P009,1540,0.018939170184236326,0.016601989870734486,-0.023028962922655084,0.077285847295390231,-0.0015490212656086701,0.018853772231340944,0.041812656420734846,0.86883116883116884,0.13116883116883116,0,True,True,True,0.13116883116883116,False
mv50,original,equal_building,P001,P010,1540,0.020162474412370835,0.016148664881067636,-0.019719291969961545,0.067164555074997523,0.00017817615772578726,0.020643990400634207,0.041659575998055393,0.9032467532467533,0.096753246753246758,0,True,True,True,0.096753246753246758,False
mv50,original,equal_building,P001,P011,1540,0.011783753090284194,0.012261897083336843,-0.012669454610314657,0.051323366058566855,-0.0004863929077996532,0.0077318246723055671,0.031273709182670376,0.88181818181818183,0.11818181818181818,0,True,True,True,0.11818181818181818,False
mv50,original,equal_building,P001,P012,1540,0.0059324458038098101,0.01210819764254604,-0.023755249681985537,0.03980301146384136,-0.0071460157213324446,0.003816565821940409,0.025327780274678434,0.63571428571428568,0.36428571428571427,0,True,True,True,0.36428571428571427,False
mv50,original,equal_building,P001,P014,1540,0.0073941800161276949,0.012419853329907742,-0.023513607021975396,0.04974402973900275,-0.0050827099293707396,0.0035600665852478994,0.026525825064207541,0.70259740259740255,0.29740259740259739,0,True,True,True,0.29740259740259739,False
mv50,original,equal_building,P001,P017,1540,-0.033461295342807139,0.021534419485819866,-0.10748004827779953,-0.0045993788738402999,-0.080625789790978994,-0.025481817123743779,-0.016898169994021415,0,1,0,False,False,False,0,False
mv50,original,equal_building,P001,P018,1540,0.013643644942070052,0.015048565703967077,-0.016965511601415118,0.060744523224810991,-0.0042265557592702308,0.016083599302357022,0.028193057399171655,0.73636363636363633,0.26363636363636361,0,True,True,True,0.26363636363636361,False
mv50,original,equal_building,P001,P019,1540,0.010718036345402426,0.018025139603112559,-0.035430130417354259,0.064064063538930516,-0.013178113537259555,0.0088073477419757622,0.033178021182634486,0.72597402597402594,0.27402597402597401,0,True,True,True,0.27402597402597401,False
mv50,original,equal_building,P001,P020,1540,0.012577354083847437,0.011634760844906005,-0.016197616887114023,0.040641376065615596,0.0016878566771147945,0.0083077714674220614,0.032446046158373668,0.94999999999999996,0.050000000000000003,0,True,True,True,0.050000000000000003,False
mv50,original,equal_building,P001,P021,1540,0.017694291438401316,0.01537851248740345,-0.010712290658072776,0.070535250179511871,-0.0010985128669224482,0.019621811172379326,0.035192872592070643,0.86753246753246749,0.13246753246753246,0,True,True,True,0.13246753246753246,False
mv50,original,equal_building,P001,P022,1540,-0.0014045467990801881,0.014773720729926982,-0.044376020506760074,0.036241491827279183,-0.021307766581014877,-0.0017811485094944984,0.019476632757481745,0.44870129870129871,0.55129870129870129,0,True,True,True,0.44870129870129871,False
mv50,original,equal_building,P001,P023,1540,-0.0070351495450672163,0.014409758908157646,-0.046049115521656032,0.037844342653650997,-0.025241480150338436,-0.0061275417845332789,0.013003724574690409,0.28246753246753248,0.71753246753246758,0,True,True,True,0.28246753246753248,False
mv50,original,equal_building,P001,P024,1540,0.014124996573629063,0.01826430659915191,-0.031485122524525275,0.076689956216353633,-0.009943523101296212,0.012620798236399007,0.036879415820955462,0.77337662337662338,0.22662337662337662,0,True,True,True,0.22662337662337662,False
mv50,original,equal_building,P001,P025,1540,0.0092979133965158979,0.018436242661446719,-0.041052025337558244,0.066634644514845576,-0.015358873737689564,0.0076806656877389419,0.03262847937975219,0.68506493506493504,0.31493506493506496,0,True,True,True,0.31493506493506496,False
mv50,original,equal_building,P001,P026,1540,0.0093059684149455219,0.018530507367252889,-0.039379058445607379,0.066475949190272776,-0.015591519573956675,0.0073842608745909241,0.033177289648657168,0.69025974025974024,0.30974025974025976,0,True,True,True,0.30974025974025976,False
mv50,original,equal_building,P001,P027,1540,0.02376431327530867,0.016097744187437271,-0.012305674775874322,0.070203479731792667,0.0046912291699106982,0.024805497800894569,0.041896616226947229,0.98051948051948057,0.01948051948051948,0,True,True,True,0.01948051948051948,False
mv50,original,equal_building,P002,P003,1540,0.023216135758946647,0.028941616915977804,-0.010057961024511855,0.13455616730438336,0.00039297605977714728,0.012053747593438777,0.080893117749622906,0.91298701298701301,0.087012987012987014,0,True,True,True,0.087012987012987014,False
mv50,original,equal_building,P002,P004,1540,0.033278208993124579,0.029803391527063655,-0.0082145291299490636,0.13984974998156391,0.0041229199056729803,0.02702611588565345,0.084470276742501724,0.95909090909090911,0.040909090909090909,0,True,True,True,0.040909090909090909,False
mv50,original,equal_building,P002,P005,1540,0.044912860066980462,0.030238957654238029,0.0038636758696902335,0.14403051408813539,0.014542633674716381,0.038416170621734892,0.099216474283123052,1,0,0,False,False,False,0,False
mv50,original,equal_building,P002,P006,1540,0.022845570646863964,0.028376667534318393,-0.0076675100258068521,0.11416520628227277,0.0009178077583905604,0.011129383677931457,0.078985108045184146,0.93181818181818177,0.068181818181818177,0,True,True,True,0.068181818181818177,False
mv50,original,equal_building,P002,P007,1540,0.033786284696430469,0.028318243044215655,-0.00058742396935746594,0.12008040937112022,0.011290963418274959,0.021815772181597533,0.09116584142441507,0.99935064935064932,0.00064935064935064935,0,True,False,False,0.00064935064935064935,False
mv50,original,equal_building,P002,P008,1540,0.037833469627385534,0.03047145944630477,-0.006254772176275028,0.15628567246885583,0.0079393184391567933,0.030716849104358294,0.089897799888208577,0.98896103896103893,0.011038961038961039,0,True,True,True,0.011038961038961039,False
mv50,original,equal_building,P002,P009,1540,0.037514678010616587,0.030495648103022705,-0.0072164487735987201,0.15578891071625495,0.0075123679208007289,0.030378106058167816,0.089940131050377362,0.98831168831168836,0.011688311688311689,0,True,True,True,0.011688311688311689,False
mv50,original,equal_building,P002,P010,1540,0.038737982238751092,0.030647030520578399,-0.0013934633423633228,0.14305827599692528,0.0093358910159742157,0.031808498872978166,0.093721547135068264,0.99805194805194808,0.0019480519480519481,0,True,True,False,0.0019480519480519481,False
mv50,original,equal_building,P002,P011,1540,0.030359260916664452,0.029201151127035817,-0.0051290596844310796,0.12211799717002178,0.0071469751049521458,0.019134434804999868,0.087558180776412378,0.98896103896103893,0.011038961038961039,0,True,True,True,0.011038961038961039,False
mv50,original,equal_building,P002,P012,1540,0.024507953630190066,0.027252462909991386,-0.0011794370778756211,0.10826754863813595,0.0021986683272883709,0.014497060118320377,0.078262187900365002,0.98636363636363633,0.013636363636363636,0,True,True,False,0.013636363636363636,False
mv50,original,equal_building,P002,P014,1540,0.025969687842507954,0.028894729911292404,-0.0070604367686945765,0.12649530210516358,0.0039908913832040187,0.014130125246082224,0.085367999178350848,0.97142857142857142,0.028571428571428571,0,True,True,True,0.028571428571428571,False
mv50,original,equal_building,P002,P017,1540,-0.014885787516426885,0.0046481576574506191,-0.032908015575559529,-0.0012777855097155094,-0.020990170690415592,-0.01454248987443665,-0.0094433493565527285,0,1,0,False,False,False,0,False
mv50,original,equal_building,P002,P018,1540,0.032219152768450311,0.029563711756116502,-0.0071042174415112333,0.13479276745424779,0.0035914122467489056,0.026744489308109805,0.083599531023215545,0.95974025974025978,0.040259740259740259,0,True,True,True,0.040259740259740259,False
mv50,original,equal_building,P002,P019,1540,0.029293544171782683,0.031251921604722295,-0.018155355228088844,0.1381123077683673,-0.0029632684068225572,0.021977642449202785,0.079899329489946519,0.86623376623376624,0.13376623376623376,0,True,True,True,0.13376623376623376,False
mv50,original,equal_building,P002,P020,1540,0.031152861910227692,0.028741325216776911,-0.0030849212670807924,0.11775463538258782,0.0091658934128640932,0.019069431097644484,0.08819386977285594,0.99870129870129876,0.0012987012987012987,0,True,True,False,0.0012987012987012987,False
mv50,original,equal_building,P002,P021,1540,0.03626979926478157,0.029893778910273627,-0.0060757283970335405,0.14458349440894869,0.0065925409738206179,0.030111096348065417,0.088758428712323381,0.98961038961038961,0.01038961038961039,0,True,True,True,0.01038961038961039,False
mv50,original,equal_building,P002,P022,1540,0.01717096102730007,0.026070896920380674,-0.026238164651124191,0.10565631139842875,-0.012123696849015415,0.011028719022966225,0.055051805708260133,0.76558441558441559,0.23441558441558441,0,True,True,True,0.23441558441558441,False
mv50,original,equal_building,P002,P023,1540,0.011540358281313041,0.028680760704177251,-0.02715161083115207,0.10873893239217183,-0.016283320966549997,0.0039036253331865799,0.065199905153007318,0.62792207792207788,0.37207792207792206,0,True,True,True,0.37207792207792206,False
mv50,original,equal_building,P002,P024,1540,0.032700504400009323,0.031342439539972795,-0.015341439468726389,0.15073820044579045,-5.8705614924668654e-05,0.025598713906811364,0.082038407361838928,0.89870129870129867,0.1012987012987013,0,True,True,True,0.1012987012987013,False
mv50,original,equal_building,P002,P025,1540,0.027873421222896155,0.031891741420924345,-0.021333481652233595,0.13447010009041793,-0.0054060688904858396,0.020901541617772502,0.080783889980154844,0.86233766233766229,0.13766233766233765,0,True,True,True,0.13766233766233765,False
mv50,original,equal_building,P002,P026,1540,0.027881476241325781,0.032311925246908554,-0.022631068942206824,0.13878201975298199,-0.0059120217875804505,0.01954129818877863,0.081915371573179782,0.84870129870129873,0.15129870129870129,0,True,True,True,0.15129870129870129,False
mv50,original,equal_building,P002,P027,1540,0.042339821101688921,0.030227767954551125,0.0024811113217633532,0.14536896285771644,0.013001742062859535,0.036208952058368993,0.095560420966190246,1,0,0,False,False,False,0,False
mv50,original,equal_building,P003,P004,1540,0.010062073234177935,0.011745101126188543,-0.019336832816448074,0.040167625522583045,-0.0035538908294365816,0.0074648344899900833,0.025983972365485816,0.77077922077922079,0.22922077922077921,0,True,True,True,0.22922077922077921,False
mv50,original,equal_building,P003,P005,1540,0.021696724308033818,0.013102737618093746,-0.014467360676941429,0.057919213496558687,0.0050705777254361753,0.020693579353962138,0.03890247267532302,0.96818181818181814,0.031818181818181815,0,True,True,True,0.031818181818181815,False
mv50,original,equal_building,P003,P006,1540,-0.00037056511208268309,0.0043607712407590831,-0.020390961022110608,0.010383861214878151,-0.0054079137756233289,0.00024714959240435333,0.0044633402760903204,0.51948051948051943,0.48051948051948051,0,True,True,True,0.51948051948051943,True
mv50,original,equal_building,P003,P007,1540,0.010570148937483819,0.0075066752150954562,-0.022022102679137612,0.03038172031807481,0.00062233667461901432,0.01114342544523762,0.019594368374234089,0.91428571428571426,0.085714285714285715,0,True,True,True,0.085714285714285715,False
mv50,original,equal_building,P003,P008,1540,0.014617333868438893,0.011592747504539641,-0.0099222587821848479,0.039735001593169152,0.0016675983942824528,0.011045231721191425,0.030199679189951902,0.96493506493506498,0.035064935064935063,0,True,True,True,0.035064935064935063,False
mv50,original,equal_building,P003,P009,1540,0.014298542251669938,0.011637591919231563,-0.010104905713704024,0.038733113558602546,0.00127952465109206,0.010557737380330775,0.029979010989225573,0.96103896103896103,0.03896103896103896,0,True,True,True,0.03896103896103896,False
mv50,original,equal_building,P003,P010,1540,0.015521846479804447,0.011818690079832925,-0.020028743766549648,0.044688687910224324,0.0017307044388378699,0.013322457333769827,0.031796345594634769,0.93831168831168832,0.061688311688311688,0,True,True,True,0.061688311688311688,False
mv50,original,equal_building,P003,P011,1540,0.007143125157717806,0.0051290530485895028,-0.017897050689745373,0.024701898260116456,0.0016226411728358127,0.0071857851556828903,0.012838872552082818,0.93961038961038956,0.060389610389610389,0,True,True,True,0.060389610389610389,False
mv50,original,equal_building,P003,P012,1540,0.0012918178712434223,0.0088148015291974885,-0.033746456945779331,0.020729761949497105,-0.010345208856270098,0.001300192113334226,0.012371290813361932,0.5662337662337662,0.43376623376623374,0,True,True,True,0.43376623376623374,False
mv50,original,equal_building,P003,P014,1540,0.002753552083561307,0.0053696643153353591,-0.024970205028248201,0.020187964343431015,-0.0034340400562745651,0.0033204219917665478,0.0081822401599123268,0.75324675324675328,0.24675324675324675,0,True,True,True,0.24675324675324675,False
mv50,original,equal_building,P003,P017,1540,-0.038101923275373532,0.028349464574530525,-0.13583395281409888,-0.005875110794756222,-0.098976379145948867,-0.027019486977803032,-0.014968456842924652,0,1,0,False,False,False,0,False
mv50,original,equal_building,P003,P018,1540,0.0090030170095036638,0.012824271289038753,-0.025627190238410973,0.041418764594965747,-0.0072746664983292068,0.0075208720422602921,0.026444666886506662,0.72922077922077921,0.27077922077922079,0,True,True,True,0.27077922077922079,False
mv50,original,equal_building,P003,P019,1540,0.0060774084128360391,0.014851274286276956,-0.036824766557156711,0.043345932641710577,-0.014278715614713272,0.0057116142263648091,0.027161253116109656,0.67467532467532465,0.32532467532467535,0,True,True,True,0.32532467532467535,False
mv50,original,equal_building,P003,P020,1540,0.00793672615128105,0.0069012920793414586,-0.022084663359891638,0.027686226005217078,-0.0006406525103843637,0.0084751350141265072,0.016099289493007058,0.88831168831168827,0.11168831168831168,0,True,True,True,0.11168831168831168,False
mv50,original,equal_building,P003,P021,1540,0.013053663505834926,0.013110331473314193,-0.025656298379853996,0.049160649826810281,-0.0030978071634559048,0.012348060650887704,0.03045286319690552,0.82727272727272727,0.17272727272727273,0,True,True,True,0.17272727272727273,False
mv50,original,equal_building,P003,P022,1540,-0.0060451747316465753,0.017124405593552546,-0.062742008208162225,0.031496052155396977,-0.028420010502560426,-0.0038661392457253856,0.016960566930833382,0.39480519480519483,0.60519480519480517,0,True,True,True,0.39480519480519483,False
mv50,original,equal_building,P003,P023,1540,-0.011675777477633605,0.0094261045548785383,-0.041512621312072805,0.0067008449581843627,-0.023180443532754381,-0.010830148016104373,-0.0004217673272231632,0.084415584415584416,0.91558441558441561,0,True,True,True,0.084415584415584416,False
mv50,original,equal_building,P003,P024,1540,0.0094843686410626769,0.014731072280474216,-0.03357360949212506,0.047872524114506869,-0.011440026003196187,0.0092769293433371362,0.030352454918745449,0.74545454545454548,0.25454545454545452,0,True,True,True,0.25454545454545452,False
mv50,original,equal_building,P003,P025,1540,0.0046572854639495105,0.014615298488781358,-0.040155559706162136,0.043648132293061123,-0.015067819552953648,0.0043748409029298121,0.024955313370904841,0.64090909090909087,0.35909090909090907,0,True,True,True,0.35909090909090907,False
mv50,original,equal_building,P003,P026,1540,0.0046653404823791345,0.014885638858905443,-0.043171325389109116,0.044663246180937859,-0.015503214468462454,0.0043686663439593404,0.02522397760849442,0.6480519480519481,0.35194805194805195,0,True,True,True,0.35194805194805195,False
mv50,original,equal_building,P003,P027,1540,0.019123685342742284,0.013362133414427746,-0.020947940946295589,0.054174747563550577,0.0028632636302856839,0.01764547420213023,0.037341177528340985,0.938961038961039,0.061038961038961038,0,True,True,True,0.061038961038961038,False
mv50,original,equal_building,P004,P005,1540,0.011634651073855883,0.0059778304282596326,-0.011679828259359037,0.031805635599323021,0.0041424312722493119,0.011474157101622369,0.019317858259206788,0.97662337662337662,0.023376623376623377,0,True,True,True,0.023376623376623377,False
mv50,original,equal_building,P004,P006,1540,-0.01043263834626062,0.011145438786878547,-0.036527652073583702,0.0077319717367705584,-0.02557503697048262,-0.0069970375185505126,0.0022645804975811742,0.24155844155844156,0.75844155844155847,0,True,True,True,0.24155844155844156,False
mv50,original,equal_building,P004,P007,1540,0.00050807570330588367,0.011787515489499285,-0.031398966745590499,0.032201404022908803,-0.01533777176100622,0.0019353794401783843,0.015217949601025472,0.53896103896103897,0.46103896103896103,0,True,True,True,0.46103896103896103,False
mv50,original,equal_building,P004,P008,1540,0.0045552606342609582,0.0051064398145501391,-0.010711772837553729,0.028058323123691636,-0.001069289539030746,0.0040429197925992179,0.010459995213816924,0.84610389610389614,0.15389610389610389,0,True,True,True,0.15389610389610389,False
mv50,original,equal_building,P004,P009,1540,0.004236469017492004,0.0051197981958207572,-0.010921229340771853,0.027291002013309945,-0.0012626515247445762,0.0035449114100957434,0.010241216777057915,0.82597402597402603,0.17402597402597403,0,True,True,True,0.17402597402597403,False
mv50,original,equal_building,P004,P010,1540,0.0054597732456265115,0.0043485672166978908,-0.010580469639124533,0.025373435004683975,5.6086331384941004e-05,0.0054400668712135045,0.010698328479604058,0.90259740259740262,0.097402597402597407,0,True,True,True,0.097402597402597407,False
mv50,original,equal_building,P004,P011,1540,-0.0029189480764601288,0.011245098577599916,-0.032001378715730444,0.020340843856845689,-0.01761002480237412,-0.0005001689413993253,0.010754062439459719,0.49415584415584418,0.50584415584415587,0,True,True,True,0.49415584415584418,False
mv50,original,equal_building,P004,P012,1540,-0.0087702553629345134,0.0085327567378933305,-0.035892856918324459,0.021648160039522281,-0.019847215710021987,-0.008408771692668026,0.001670540260231218,0.15259740259740259,0.84740259740259738,0,True,True,True,0.15259740259740259,False
mv50,original,equal_building,P004,P014,1540,-0.0073085211506166295,0.011544739696787291,-0.034995349654861341,0.021700537229773824,-0.022701940198292532,-0.0041526225286014906,0.0059465508593368457,0.39090909090909093,0.60909090909090913,0,True,True,True,0.39090909090909093,False
mv50,original,equal_building,P004,P017,1540,-0.048163996509551464,0.03002765915978186,-0.14451736361656284,-0.0047678414544860409,-0.10277222353263142,-0.041918085419281589,-0.016709361166949842,0,1,0,False,False,False,0,False
mv50,original,equal_building,P004,P018,1540,-0.0010590562246742717,0.0052747982207443644,-0.019959843095344869,0.014515640914349211,-0.0080761919858688865,-0.00055340887197972283,0.0054250149956622815,0.45844155844155843,0.54155844155844157,0,True,True,True,0.45844155844155843,False
mv50,original,equal_building,P004,P019,1540,-0.0039846648213418979,0.0093671111801895413,-0.024737893830033254,0.017872006079011862,-0.016135368280190396,-0.0027670353300376822,0.0083235865756772984,0.40779220779220782,0.59220779220779218,0,True,True,True,0.40779220779220782,False
mv50,original,equal_building,P004,P020,1540,-0.0021253470828968861,0.011252533115498885,-0.033223694759801629,0.024964002853429916,-0.016624814322790289,-0.00065309221913192189,0.011734448881088913,0.48701298701298701,0.51298701298701299,0,True,True,True,0.48701298701298701,False
mv50,original,equal_building,P004,P021,1540,0.0029915902716569922,0.0051758647057337983,-0.014373507472251509,0.021988375026622382,-0.0040529140749694373,0.0030737367065850254,0.0096108450074289895,0.72402597402597402,0.27597402597402598,0,True,True,True,0.27597402597402598,False
mv50,original,equal_building,P004,P022,1540,-0.016107247965824512,0.012644191423903104,-0.05069868753732408,0.010230524135009356,-0.032002609773969945,-0.017472493378537436,-4.1357588327541602e-05,0.098701298701298706,0.90129870129870127,0,True,True,True,0.098701298701298706,False
mv50,original,equal_building,P004,P023,1540,-0.02173785071181154,0.01498295063241019,-0.056233486017441804,0.0042447474612015423,-0.043720982739666125,-0.021222096140290629,-0.0016749336545597976,0.05844155844155844,0.94155844155844159,0,True,True,False,0.05844155844155844,False
mv50,original,equal_building,P004,P024,1540,-0.00057770459311525869,0.0097151202886490429,-0.020582607280657562,0.018827985691939123,-0.013483754472136249,0.0018438056561783968,0.01155946834696567,0.54090909090909089,0.45909090909090911,0,True,True,True,0.54090909090909089,True
mv50,original,equal_building,P004,P025,1540,-0.0054047877702284239,0.0092894014963611892,-0.026113004826795648,0.01568611576055972,-0.017937009561425028,-0.0041615203265404285,0.006547978229002327,0.36558441558441557,0.63441558441558443,0,True,True,True,0.36558441558441557,False
mv50,original,equal_building,P004,P026,1540,-0.0053967327517988007,0.0095624812627705461,-0.027706780707321424,0.017209154210727058,-0.018387050894670638,-0.0041963260346281651,0.0066293012845667293,0.35129870129870128,0.64870129870129867,0,True,True,True,0.35129870129870128,False
mv50,original,equal_building,P004,P027,1540,0.0090616121085643469,0.0058640411866965362,-0.014363317958409991,0.027038034823551799,0.001318004766348646,0.009217686592927387,0.016390202277502257,0.93441558441558437,0.065584415584415579,0,True,True,True,0.065584415584415579,False
mv50,original,equal_building,P005,P006,1540,-0.022067289420116501,0.012664648352621698,-0.059513743324200757,0.0063472963368863336,-0.039483381318902541,-0.02112956995115526,-0.0060010616058790954,0.012987012987012988,0.98701298701298701,0,True,True,True,0.012987012987012988,False
mv50,original,equal_building,P005,P007,1540,-0.011126575370549998,0.011726293877310679,-0.042913841377361477,0.013276856348722929,-0.02699860309709988,-0.0074912419527494913,0.0023585595079159707,0.20519480519480521,0.79480519480519485,0,True,True,True,0.20519480519480521,False
mv50,original,equal_building,P005,P008,1540,-0.0070793904395949243,0.0070250648566396404,-0.029025521545161706,0.029338145237078107,-0.014915753773791536,-0.0079190547953890029,0.0018394457760166595,0.13246753246753246,0.86753246753246749,0,True,True,True,0.13246753246753246,False
mv50,original,equal_building,P005,P009,1540,-0.0073981820563638803,0.0069357207966723265,-0.028810195966112721,0.027781055184174831,-0.015098420989958221,-0.0083829045833249544,0.0014486892972571774,0.12597402597402596,0.87402597402597404,0,True,True,True,0.12597402597402596,False
mv50,original,equal_building,P005,P010,1540,-0.0061748778282293719,0.0061216934378793058,-0.028894724396861571,0.015966017796933893,-0.014173901524527781,-0.0061436089413170174,0.001141451953500077,0.1474025974025974,0.85259740259740258,0,True,True,True,0.1474025974025974,False
mv50,original,equal_building,P005,P011,1540,-0.01455359915031601,0.012103327808679154,-0.044705453556008419,0.015058240453923566,-0.030741177534017415,-0.012910946776008646,7.7180285271373828e-05,0.1025974025974026,0.89740259740259742,0,True,True,True,0.1025974025974026,False
mv50,original,equal_building,P005,P012,1540,-0.020404906436790396,0.0089315070268970662,-0.049367116143551847,0.010417787345944049,-0.031905009830580346,-0.020398557104647642,-0.0091999466612767491,0.0051948051948051948,0.9948051948051948,0,True,True,True,0.0051948051948051948,False
mv50,original,equal_building,P005,P014,1540,-0.018943172224472511,0.012756347857667792,-0.055824211443491985,0.0085398801596862431,-0.036746419541857145,-0.018021378579778126,-0.0024029560916994817,0.043506493506493507,0.95649350649350651,0,True,True,True,0.043506493506493507,False
mv50,original,equal_building,P005,P017,1540,-0.05979864758340734,0.031074697045643758,-0.16071986940654667,-0.0096477189844885944,-0.1143391331108685,-0.052857170910482601,-0.027627011822583231,0,1,0,False,False,False,0,False
mv50,original,equal_building,P005,P018,1540,-0.012693707298530154,0.0048073727742055771,-0.027505181633539474,0.0037752396531422136,-0.018815921421024825,-0.012468016664256744,-0.0068196741818682977,0.0019480519480519481,0.99805194805194808,0,True,True,False,0.0019480519480519481,False
mv50,original,equal_building,P005,P019,1540,-0.015619315895197779,0.01008864565964734,-0.044189732583665528,0.0098768493539756544,-0.028494229333099749,-0.015745404250503296,-0.0019257799447968862,0.066233766233766228,0.9337662337662338,0,True,True,True,0.066233766233766228,False
mv50,original,equal_building,P005,P020,1540,-0.013759998156752769,0.011275632848082898,-0.04336838299089027,0.010302814673497585,-0.0286911506591177,-0.011476540829718586,-0.00014263404255339987,0.096103896103896108,0.90389610389610386,0,True,True,True,0.096103896103896108,False
mv50,original,equal_building,P005,P021,1540,-0.0086430608021988917,0.0049132456529144735,-0.022745090600580421,0.00649812964018966,-0.014809616992126195,-0.0089058678479833949,-0.0021537999317878865,0.046753246753246755,0.95324675324675323,0,True,True,True,0.046753246753246755,False
mv50,original,equal_building,P005,P022,1540,-0.027741899039680395,0.013629707075721507,-0.069961213748585938,0.0022036095027769473,-0.045602950240150236,-0.027698158890181044,-0.0092603396586617964,0.0051948051948051948,0.9948051948051948,0,True,True,False,0.0051948051948051948,False
mv50,original,equal_building,P005,P023,1540,-0.033372501785667426,0.016229238479041813,-0.079460321591280941,0.0029518224554749214,-0.056161067312968813,-0.032826274983481916,-0.011966400955925834,0.0025974025974025974,0.9974025974025974,0,True,True,False,0.0025974025974025974,False
mv50,original,equal_building,P005,P024,1540,-0.012212355666971143,0.010099594078562446,-0.039579166156582392,0.013878029830548443,-0.02547114979063456,-0.011027350801177609,0.00079493394308746473,0.11883116883116883,0.88116883116883116,0,True,True,True,0.11883116883116883,False
mv50,original,equal_building,P005,P025,1540,-0.01703943884408431,0.010285492294295113,-0.050541790197742055,0.0081050649647022507,-0.030675001261623508,-0.017120514337419648,-0.0032355689087133887,0.047402597402597405,0.95259740259740255,0,True,True,True,0.047402597402597405,False
mv50,original,equal_building,P005,P026,1540,-0.017031383825654684,0.0099924924626585421,-0.048323557453537502,0.0080598844784365575,-0.030377118932603121,-0.016921220435515392,-0.0039551638999731718,0.032467532467532464,0.96753246753246758,0,True,True,True,0.032467532467532464,False
mv50,original,equal_building,P005,P027,1540,-0.0025730389652915348,0.0048470892327378261,-0.021148320222275356,0.0091366551001619625,-0.0092824308046853266,-0.001949499919287296,0.0031337698759923752,0.31948051948051948,0.68051948051948052,0,True,True,True,0.31948051948051948,False
mv50,original,equal_building,P006,P007,1540,0.010940714049566504,0.0061983494728497547,-0.0099216085136048168,0.03266008547840335,0.0029623668383985053,0.010963234522767564,0.019006209121518281,0.96623376623376622,0.033766233766233764,0,True,True,True,0.033766233766233764,False
mv50,original,equal_building,P006,P008,1540,0.014987898980521575,0.011894724759100483,-0.0089051195319160351,0.056687630270055224,0.0011410798935230814,0.011821789255598993,0.030797007996477353,0.93831168831168832,0.061688311688311688,0,True,True,True,0.061688311688311688,False
mv50,original,equal_building,P006,P009,1540,0.014669107363752622,0.011958796404058907,-0.0088220710820463913,0.056471647430023246,0.00086507854350242961,0.011477214116258072,0.030328975527423658,0.92662337662337657,0.073376623376623373,0,True,True,True,0.073376623376623373,False
mv50,original,equal_building,P006,P010,1540,0.015892411591887132,0.011210444215039923,-0.006054715709946118,0.045579784356271268,0.0027921621265104756,0.01317128606198668,0.031370807551935533,0.97272727272727277,0.027272727272727271,0,True,True,True,0.027272727272727271,False
mv50,original,equal_building,P006,P011,1540,0.0075136902698004892,0.0046956238653866065,-0.0062629147130892002,0.025648453792642197,0.001665841157030254,0.0073842440687279659,0.013688299196973614,0.95584415584415583,0.044155844155844157,0,True,True,True,0.044155844155844157,False
mv50,original,equal_building,P006,P012,1540,0.0016623829833261052,0.0075760611835913932,-0.023124406373378481,0.021112682457569761,-0.0082834626255006046,0.0014922748869589594,0.012073658122224485,0.57077922077922083,0.42922077922077922,0,True,True,True,0.42922077922077922,False
mv50,original,equal_building,P006,P014,1540,0.0031241171956439898,0.0036368937786310576,-0.0070677898761605934,0.020540677730656841,-0.0011774754685325043,0.0029311507696620255,0.0076799711382661692,0.80454545454545456,0.19545454545454546,0,True,True,True,0.19545454545454546,False
mv50,original,equal_building,P006,P017,1540,-0.037731358163290846,0.028409341286492112,-0.12414963824975922,-0.005270547851768153,-0.10019721623141949,-0.02656490514528255,-0.015034704897656853,0,1,0,False,False,False,0,False
mv50,original,equal_building,P006,P018,1540,0.009373582121586347,0.01233605397554618,-0.016645170084311503,0.042964024832686486,-0.0061213573835236903,0.0076248211506507266,0.026006617989951832,0.72402597402597402,0.27597402597402598,0,True,True,True,0.27597402597402598,False
mv50,original,equal_building,P006,P019,1540,0.0064479735249187205,0.014353696051999239,-0.025477917151085945,0.041698698954005575,-0.013841199082108928,0.0062632775032720849,0.026833530204660304,0.70259740259740255,0.29740259740259739,0,True,True,True,0.29740259740259739,False
mv50,original,equal_building,P006,P020,1540,0.0083072912633637332,0.0055642231306818847,-0.0098850137485774134,0.028281765046936497,0.0012479412709069362,0.0082644555558307915,0.01535520016723332,0.9311688311688312,0.068831168831168826,0,True,True,True,0.068831168831168826,False
mv50,original,equal_building,P006,P021,1540,0.013424228617917611,0.012614791925126776,-0.01264049559823921,0.04977802917550949,-0.0020018401197718408,0.011756742943230593,0.030341494347023719,0.84610389610389614,0.15389610389610389,0,True,True,True,0.15389610389610389,False
mv50,original,equal_building,P006,P022,1540,-0.0056746096195638921,0.016546341365758329,-0.052183394359944138,0.026705101035056418,-0.026997794188338652,-0.0036427054022577215,0.017829983336568673,0.40259740259740262,0.59740259740259738,0,True,True,True,0.40259740259740262,False
mv50,original,equal_building,P006,P023,1540,-0.011305212365550921,0.0092787789398770023,-0.032166425900943665,0.0043872844671805841,-0.023183281852559075,-0.0084408087406568112,-0.00058026738918680581,0.068831168831168826,0.9311688311688312,0,True,True,False,0.068831168831168826,False
mv50,original,equal_building,P006,P024,1540,0.0098549337531453601,0.014557991888098207,-0.020747239845286126,0.04755287038579744,-0.01083464023402668,0.0097073181586341574,0.030980229393327622,0.7448051948051948,0.2551948051948052,0,True,True,True,0.2551948051948052,False
mv50,original,equal_building,P006,P025,1540,0.0050278505760321937,0.014088895082630924,-0.02517486493125852,0.040515822773366565,-0.01465167244764916,0.0043408349243345377,0.025146771780209774,0.66818181818181821,0.33181818181818185,0,True,True,True,0.33181818181818185,False
mv50,original,equal_building,P006,P026,1540,0.0050359055944618177,0.01416398405347956,-0.024803375275037232,0.042842598594576217,-0.015065666126077539,0.0046004245296874108,0.024297369447092345,0.67077922077922081,0.32922077922077925,0,True,True,True,0.32922077922077925,False
mv50,original,equal_building,P006,P027,1540,0.019494250454824971,0.012576859131218707,-0.017538802011268916,0.051165098293588201,0.0040338979003747147,0.01759855747304746,0.037079437703499994,0.9642857142857143,0.035714285714285712,0,True,True,True,0.035714285714285712,False
mv50,original,equal_building,P007,P008,1540,0.004047184930955074,0.012812358765417173,-0.024236025424828701,0.042989562196534763,-0.011806709033466098,0.0026195939331992053,0.020856561353765624,0.56168831168831168,0.43831168831168832,0,True,True,True,0.43831168831168832,False
mv50,original,equal_building,P007,P009,1540,0.0037283933141861202,0.012853523600628984,-0.025210562795569484,0.041953359550117468,-0.012296832461710282,0.0024360584185293063,0.020648659713936347,0.55714285714285716,0.44285714285714284,0,True,True,True,0.44285714285714284,False
mv50,original,equal_building,P007,P010,1540,0.0049516975423206273,0.01165256252691717,-0.021275187470130207,0.033341327968055681,-0.010039262170459536,0.003738796235848019,0.020611259238363929,0.61103896103896105,0.38896103896103895,0,True,True,True,0.38896103896103895,False
mv50,original,equal_building,P007,P011,1540,-0.003427023779766013,0.0056697766764619061,-0.023191642252757966,0.01571573947942069,-0.01055090969169873,-0.0036240335378397524,0.0042494615402716542,0.25584415584415582,0.74415584415584413,0,True,True,True,0.25584415584415582,False
mv50,original,equal_building,P007,P012,1540,-0.0092783310662403976,0.0077156398427579796,-0.034876781156121014,0.012719629139588289,-0.019094885458619541,-0.0092081636290284596,0.00048812783815875349,0.11558441558441558,0.88441558441558443,0,True,True,True,0.11558441558441558,False
mv50,original,equal_building,P007,P014,1540,-0.0078165968539225129,0.0063223150573933368,-0.024243987853945756,0.017498525698159934,-0.015599196566526769,-0.0083303210171718906,0.00042060999101419856,0.12012987012987013,0.87987012987012991,0,True,True,True,0.12012987012987013,False
mv50,original,equal_building,P007,P017,1540,-0.04867207221285736,0.029617319723555698,-0.13626206410417085,-0.0065060452603664665,-0.10655273004773286,-0.037674663049814705,-0.023292442838499395,0,1,0,False,False,False,0,False
mv50,original,equal_building,P007,P018,1540,-0.0015671319279801554,0.012027255341394092,-0.027106535238739377,0.028337992454252805,-0.016013242872346716,-0.0045436555413623202,0.014785239893704163,0.42207792207792205,0.57792207792207795,0,True,True,True,0.42207792207792205,False
mv50,original,equal_building,P007,P019,1540,-0.0044927405246477812,0.014654192613904091,-0.037949179438915681,0.031846590079580787,-0.024398153102361896,-0.0047101233410166456,0.01638784244088692,0.35779220779220777,0.64220779220779223,0,True,True,True,0.35779220779220777,False
mv50,original,equal_building,P007,P020,1540,-0.0026334227862027703,0.0040750082236233904,-0.015435636566789479,0.016446270439790071,-0.0076827139172376676,-0.0027367508528341813,0.002421588188791228,0.25194805194805192,0.74805194805194808,0,True,True,True,0.25194805194805192,False
mv50,original,equal_building,P007,P021,1540,0.0024835145683511088,0.012266275219555598,-0.02736014952392251,0.032049429783702919,-0.012317866697322278,-0.00033458698455791913,0.019185817152542636,0.49285714285714288,0.50714285714285712,0,True,True,True,0.50714285714285712,True
mv50,original,equal_building,P007,P022,1540,-0.016615323669130395,0.016983381235361718,-0.066370316679189634,0.023995711189579771,-0.039066666473617388,-0.015702492142952586,0.0052511323684861968,0.16038961038961039,0.83961038961038958,0,True,True,True,0.16038961038961039,False
mv50,original,equal_building,P007,P023,1540,-0.022245926415117426,0.011019025963226963,-0.050535385092439926,0.0050191749420832182,-0.036656296574404591,-0.021955297008242051,-0.0076357321405054138,0.0058441558441558444,0.99415584415584413,0,True,True,True,0.0058441558441558444,False
mv50,original,equal_building,P007,P024,1540,-0.0010857802964211426,0.014815554237520989,-0.036555098703171557,0.038204135820544667,-0.021374332167923636,-0.0015675376316016086,0.020275121064548329,0.45324675324675323,0.54675324675324677,0,True,True,True,0.45324675324675323,False
mv50,original,equal_building,P007,P025,1540,-0.005912863473534309,0.014514154014130531,-0.041181427802262562,0.035336696910518765,-0.025120482813230264,-0.0065743813133964241,0.014457959960759792,0.33311688311688314,0.66688311688311686,0,True,True,True,0.33311688311688314,False
mv50,original,equal_building,P007,P026,1540,-0.0059048084551046841,0.014411495454231713,-0.041721752322074986,0.037726766600677898,-0.025122886869648631,-0.0067390640151589742,0.014596417109175173,0.33051948051948055,0.66948051948051945,0,True,True,True,0.33051948051948055,False
mv50,original,equal_building,P007,P027,1540,0.0085535364052584644,0.01233663735326313,-0.016430655019364103,0.040254301722991784,-0.0063616301641622047,0.0060916305881583976,0.025065492068809807,0.6785714285714286,0.32142857142857145,0,True,True,True,0.32142857142857145,False
mv50,original,equal_building,P008,P009,1540,-0.00031879161676895456,0.00062541582980788532,-0.0019585345279044958,0.00117402718940832,-0.0012451575219326299,-0.00015016633273882279,0.00040094592092062225,0.38701298701298703,0.61298701298701297,0,True,True,False,0.38701298701298703,False
mv50,original,equal_building,P008,P010,1540,0.00090451261136555335,0.0062273961526152369,-0.028523887239144254,0.01993621211729172,-0.0061804390095671798,0.0016068473580501952,0.0075939770449103923,0.60844155844155845,0.39155844155844155,0,True,True,True,0.39155844155844155,False
mv50,original,equal_building,P008,P011,1540,-0.0074742087107210874,0.011916617196003452,-0.042971140851114087,0.015720659399073592,-0.022701582684429695,-0.0054458157875159705,0.0067588409828990463,0.38376623376623376,0.61623376623376624,0,True,True,True,0.38376623376623376,False
mv50,original,equal_building,P008,P012,1540,-0.013325515997195472,0.010123066266442828,-0.054467138126278507,0.02274993249190338,-0.025859511851329526,-0.013002457811513764,-0.00138182832353666,0.073376623376623373,0.92662337662337657,0,True,True,True,0.073376623376623373,False
mv50,original,equal_building,P008,P014,1540,-0.011863781784877585,0.012459762863551107,-0.054252533199645812,0.015944196033201644,-0.028214547627551025,-0.0091891499633389197,0.0025981490335801774,0.19610389610389611,0.80389610389610389,0,True,True,True,0.19610389610389611,False
mv50,original,equal_building,P008,P017,1540,-0.052719257143812426,0.029804821915514319,-0.16130153029871369,-0.0074412811091754058,-0.10589868073975348,-0.045794519798521838,-0.0225127806732352,0,1,0,False,False,False,0,False
mv50,original,equal_building,P008,P018,1540,-0.0056143168589352305,0.0065458897429096314,-0.038609442576263982,0.011750661487071358,-0.013661285758343536,-0.0049693982649394279,0.0019573703656115748,0.17337662337662338,0.82662337662337659,0,True,True,True,0.17337662337662338,False
mv50,original,equal_building,P008,P019,1540,-0.0085399254556028561,0.010004640451068194,-0.04080418484165995,0.013052165030038601,-0.021195685647317976,-0.0075223757377069645,0.0042001882711272956,0.25779220779220779,0.74220779220779221,0,True,True,True,0.25779220779220779,False
mv50,original,equal_building,P008,P020,1540,-0.0066806077171578451,0.012197250755514422,-0.046456440313516055,0.016771690598234287,-0.022296987798571772,-0.0047758720101008286,0.0077676551999184863,0.37142857142857144,0.62857142857142856,0,True,True,True,0.37142857142857144,False
mv50,original,equal_building,P008,P021,1540,-0.0015636703626039658,0.0060715771224462058,-0.028972534679530038,0.016812659910655847,-0.0092062842319397611,-0.0011482908710979001,0.0054141084821458197,0.41298701298701301,0.58701298701298699,0,True,True,True,0.41298701298701301,False
mv50,original,equal_building,P008,P022,1540,-0.02066250860008547,0.013428001815311806,-0.072111687129598201,0.008576909063495064,-0.038729688606936832,-0.02096983706896547,-0.0040415852478724824,0.031168831168831169,0.96883116883116882,0,True,True,True,0.031168831168831169,False
mv50,original,equal_building,P008,P023,1540,-0.026293111346072498,0.015661218491673533,-0.077361648303570812,0.0088986894745766709,-0.048048407179979984,-0.025211310444686042,-0.0056812942974531098,0.011038961038961039,0.98896103896103893,0,True,True,True,0.011038961038961039,False
mv50,original,equal_building,P008,P024,1540,-0.0051329652273762174,0.0095984501328987473,-0.035362380249952211,0.016933087349775264,-0.017378646323184657,-0.0029608775870075786,0.0063441585671657856,0.41883116883116883,0.58116883116883122,0,True,True,True,0.41883116883116883,False
mv50,original,equal_building,P008,P025,1540,-0.0099600484044893838,0.010327398279325736,-0.043128708962018023,0.01244809772032332,-0.022864415298289264,-0.0095225614314691197,0.0027529495303762158,0.20389610389610391,0.79610389610389609,0,True,True,True,0.20389610389610391,False
mv50,original,equal_building,P008,P026,1540,-0.0099519933860597598,0.010622622798727731,-0.04695423666823146,0.013136592485371537,-0.023911807002233172,-0.0088179617091816292,0.0034899941473368239,0.19675324675324676,0.80324675324675321,0,True,True,True,0.19675324675324676,False
mv50,original,equal_building,P008,P027,1540,0.0045063514743033896,0.0070130316239817572,-0.040483209577127324,0.022680439035252471,-0.0042974552177459961,0.0054280709415814744,0.012091154773509957,0.77532467532467531,0.22467532467532467,0,True,True,True,0.22467532467532467,False
mv50,original,equal_building,P009,P010,1540,0.001223304228134508,0.0062079977876204773,-0.027151475169397813,0.021423824420700892,-0.0059994339006858681,0.0017854805753020932,0.0079015674567291042,0.61948051948051952,0.38051948051948054,0,True,True,True,0.38051948051948054,False
mv50,original,equal_building,P009,P011,1540,-0.0071554170939521333,0.012010455742704618,-0.042860111075120055,0.015891918966726294,-0.022649418506246997,-0.0052851055938841554,0.0071235799948393182,0.39545454545454545,0.6045454545454545,0,True,True,True,0.39545454545454545,False
mv50,original,equal_building,P009,P012,1540,-0.013006724380426516,0.01018237791817023,-0.054329829392715558,0.022640507572126184,-0.025800236524220883,-0.012523826230118133,-0.001061776334878864,0.082467532467532467,0.91753246753246753,0,True,True,True,0.082467532467532467,False
mv50,original,equal_building,P009,P014,1540,-0.011544990168108633,0.012478352192634623,-0.05276492089623664,0.01717601784874228,-0.027892143819050776,-0.0092752281435461055,0.0029052435652571593,0.20714285714285716,0.79285714285714282,0,True,True,True,0.20714285714285716,False
mv50,original,equal_building,P009,P017,1540,-0.052400465527043472,0.029837181184331176,-0.16080476854611281,-0.0082032103940091056,-0.10548251783148066,-0.045598432417344209,-0.021660211652723024,0,1,0,False,False,False,0,False
mv50,original,equal_building,P009,P018,1540,-0.0052955252421662763,0.0066072774622769181,-0.038496513408738116,0.011921921054724061,-0.0134387756869222,-0.0046734831192632859,0.0023065862602727164,0.19090909090909092,0.80909090909090908,0,True,True,True,0.19090909090909092,False
mv50,original,equal_building,P009,P019,1540,-0.0082211338388339019,0.010016367806331399,-0.040932242482222221,0.013189473763601557,-0.020833893079484914,-0.0069877788642691129,0.004392812350485332,0.2792207792207792,0.72077922077922074,0,True,True,True,0.2792207792207792,False
mv50,original,equal_building,P009,P020,1540,-0.0063618161003888892,0.012258670745799789,-0.046293216204901164,0.017738847491510459,-0.021925068468217193,-0.0046002049433386295,0.0083677714039752053,0.38636363636363635,0.61363636363636365,0,True,True,True,0.38636363636363635,False
mv50,original,equal_building,P009,P021,1540,-0.0012448787458350112,0.0060753956771715904,-0.028776272495331795,0.018167904417217273,-0.0088021227481883159,-0.00083334620639235676,0.0057617355844350676,0.42922077922077922,0.57077922077922083,0,True,True,True,0.42922077922077922,False
mv50,original,equal_building,P009,P022,1540,-0.020343716983316516,0.013431600655357315,-0.072069814441055979,0.0084599759706471128,-0.038456099258969728,-0.020870423378505098,-0.0037376950656168141,0.033116883116883114,0.9668831168831169,0,True,True,True,0.033116883116883114,False
mv50,original,equal_building,P009,P023,1540,-0.025974319729303544,0.015744718333378829,-0.07760461292117371,0.0088156410247070272,-0.047955623985481526,-0.025089670482513635,-0.0051700594232473923,0.011688311688311689,0.98831168831168836,0,True,True,True,0.011688311688311689,False
mv50,original,equal_building,P009,P024,1540,-0.0048141736106072624,0.009677115685740428,-0.035605344867555108,0.016817547766869022,-0.017120493432659454,-0.0023676752796620883,0.0066045405940170551,0.43181818181818182,0.56818181818181823,0,True,True,True,0.43181818181818182,False
mv50,original,equal_building,P009,P025,1540,-0.0096412567877204279,0.010370733006626982,-0.043888837070431647,0.01213606410182376,-0.022588470727432069,-0.0090637515056449479,0.0030840615909469397,0.21688311688311687,0.7831168831168831,0,True,True,True,0.21688311688311687,False
mv50,original,equal_building,P009,P026,1540,-0.0096332017692908039,0.010649928855035065,-0.046990985482466573,0.012517413173438893,-0.023527651025827396,-0.0082969557306240872,0.0036567449937906639,0.21103896103896103,0.78896103896103897,0,True,True,True,0.21103896103896103,False
mv50,original,equal_building,P009,P027,1540,0.0048251430910723446,0.0070560484585831008,-0.0404163552491177,0.022653693332683383,-0.0042601102802352266,0.0058634368829590285,0.012413593181996791,0.7883116883116883,0.21168831168831168,0,True,True,True,0.21168831168831168,False
mv50,original,equal_building,P010,P011,1540,-0.0083787213220866408,0.011057388658696571,-0.032335972227216195,0.017598591825296134,-0.023309050759348967,-0.0067756887838837064,0.0051660732639874918,0.30909090909090908,0.69090909090909092,0,True,True,True,0.30909090909090908,False
mv50,original,equal_building,P010,P012,1540,-0.014230028608561025,0.0083965591014187411,-0.042099173191000892,0.016791270511133341,-0.024941955096354877,-0.014318860972009427,-0.0039075178403865114,0.028571428571428571,0.97142857142857142,0,True,True,True,0.028571428571428571,False
mv50,original,equal_building,P010,P014,1540,-0.012768294396243142,0.01113797434509667,-0.036063276958070163,0.0059168833566766096,-0.028221525960486171,-0.0079064663171322762,-0.0004956049841555282,0.074675324675324672,0.92532467532467533,0,True,True,True,0.074675324675324672,False
mv50,original,equal_building,P010,P017,1540,-0.053623769755177977,0.030162648494120894,-0.15393826229359953,-0.0032618289923957954,-0.10854461938001486,-0.047129584324284518,-0.022742928911314606,0,1,0,False,False,False,0,False
mv50,original,equal_building,P010,P018,1540,-0.006518829470300783,0.0065887333554413554,-0.03228311350373049,0.011029692445893767,-0.014891972320762722,-0.0062749928056663531,0.0016425528884987215,0.15844155844155844,0.84155844155844151,0,True,True,True,0.15844155844155844,False
mv50,original,equal_building,P010,P019,1540,-0.0094444380669684094,0.010210293915573687,-0.039986385698051706,0.013451393210997954,-0.022329185842057838,-0.008802497088686214,0.0036771759787035574,0.23051948051948051,0.76948051948051943,0,True,True,True,0.23051948051948051,False
mv50,original,equal_building,P010,P020,1540,-0.0075851203285233976,0.01099596149558772,-0.034940584369313819,0.019752697472579482,-0.022140909283973338,-0.0065950927627347021,0.0066089869573998624,0.30844155844155846,0.69155844155844159,0,True,True,True,0.30844155844155846,False
mv50,original,equal_building,P010,P021,1540,-0.0024681829739695194,0.006720655574135751,-0.026449524850946426,0.018539673538869449,-0.010827496699812669,-0.0021087050615806111,0.0056702421633465262,0.35129870129870128,0.64870129870129867,0,True,True,True,0.35129870129870128,False
mv50,original,equal_building,P010,P022,1540,-0.021567021211451022,0.013451341984288443,-0.066691862906909899,0.0065941201149941966,-0.040491895296745593,-0.022269561509801312,-0.0045584423727681603,0.024025974025974027,0.97597402597402594,0,True,True,True,0.024025974025974027,False
mv50,original,equal_building,P010,P023,1540,-0.02719762395743805,0.015208116436669927,-0.065244546712746654,0.0060482856526067538,-0.048989374099194377,-0.026732090468500717,-0.0069069305431913438,0.0058441558441558444,0.99415584415584413,0,True,True,True,0.0058441558441558444,False
mv50,original,equal_building,P010,P024,1540,-0.0060374778387417708,0.010521400774200195,-0.0320419461863602,0.018161773347527999,-0.019958600504735417,-0.0045740702443117249,0.0071774519509188199,0.34415584415584416,0.6558441558441559,0,True,True,True,0.34415584415584416,False
mv50,original,equal_building,P010,P025,1540,-0.010864561015854937,0.0096429848146488053,-0.034433505826152254,0.011665357944529921,-0.023559539691264519,-0.010385117900158156,0.0012444608014630719,0.1487012987012987,0.85129870129870133,0,True,True,True,0.1487012987012987,False
mv50,original,equal_building,P010,P026,1540,-0.010856505997425313,0.009616479446957699,-0.035626381429012213,0.010775336837464553,-0.023491885218993581,-0.010304309279946119,0.0010387897114334376,0.15129870129870129,0.84870129870129873,0,True,True,True,0.15129870129870129,False
mv50,original,equal_building,P010,P027,1540,0.0036018388629378362,0.0057245906423247341,-0.02003723600613485,0.020126903175939292,-0.0039052027683781844,0.0040767515924106205,0.010322918670911863,0.7551948051948052,0.2448051948051948,0,True,True,True,0.2448051948051948,False
mv50,original,equal_building,P011,P012,1540,-0.0058513072864743833,0.008383119876639894,-0.033578678436134657,0.015599369381210502,-0.016703394532199829,-0.0057405827731492227,0.0049014295377357714,0.26753246753246751,0.73246753246753249,0,True,True,True,0.26753246753246751,False
mv50,original,equal_building,P011,P014,1540,-0.0043895730741564994,0.0043281460286935785,-0.020301679516200141,0.0080421279891407238,-0.0097777413888103203,-0.0042614054019730584,0.00095553093952443666,0.14545454545454545,0.8545454545454545,0,True,True,True,0.14545454545454545,False
mv50,original,equal_building,P011,P017,1540,-0.045245048433091344,0.028784906667059823,-0.13087918628199147,-0.0094439158944785023,-0.10542024510175121,-0.034542719106849321,-0.020753662671639955,0,1,0,False,False,False,0,False
mv50,original,equal_building,P011,P018,1540,0.0018598918517858571,0.012125080971030416,-0.030979383253733485,0.027937777923981159,-0.013358508928453668,-0.00048887415518928702,0.018182935982788605,0.49090909090909091,0.50909090909090904,0,True,True,True,0.50909090909090904,True
mv50,original,equal_building,P011,P019,1540,-0.0010657167448817684,0.014295288612145419,-0.03693921032651299,0.031434708022741474,-0.020586010084620042,-0.0012278856746583099,0.018810695590259521,0.46103896103896103,0.53896103896103897,0,True,True,True,0.46103896103896103,False
mv50,original,equal_building,P011,P020,1540,0.00079360099356324274,0.0052574839313154305,-0.018947153852386295,0.016213042068164311,-0.0061215944367529109,0.0012383156499339472,0.0070693962647344673,0.58961038961038958,0.41038961038961042,0,True,True,True,0.41038961038961042,False
mv50,original,equal_building,P011,P021,1540,0.005910538348117121,0.012537935967790667,-0.025990301032150324,0.03532317371777547,-0.0095395106602871541,0.0045770454482020398,0.023114180989893634,0.6071428571428571,0.39285714285714285,0,True,True,True,0.39285714285714285,False
mv50,original,equal_building,P011,P022,1540,-0.013188299889364383,0.016867152572496998,-0.066031277656025497,0.02728462688760791,-0.035888061980043261,-0.011190168105043802,0.0097300754853781365,0.21363636363636362,0.78636363636363638,0,True,True,True,0.21363636363636362,False
mv50,original,equal_building,P011,P023,1540,-0.018818902635351409,0.009611766572710229,-0.041366996423528313,0.0033562225702234091,-0.030573839138068722,-0.019164146480220284,-0.0059712569858529786,0.0058441558441558444,0.99415584415584413,0,True,True,False,0.0058441558441558444,False
mv50,original,equal_building,P011,P024,1540,0.0023412434833448704,0.014398145736917015,-0.0365501528831466,0.038283428966632331,-0.017845098508666855,0.0017951030365642613,0.022400731666206774,0.56428571428571428,0.43571428571428572,0,True,True,True,0.43571428571428572,False
mv50,original,equal_building,P011,P025,1540,-0.0024858396937682955,0.013996259323024748,-0.035589825377242118,0.034153505533565526,-0.021838359777218062,-0.0026331211788087547,0.016965680251695883,0.40000000000000002,0.59999999999999998,0,True,True,True,0.40000000000000002,False
mv50,original,equal_building,P011,P026,1540,-0.0024777846753386715,0.014057056656274708,-0.039265102979016323,0.034588900719046731,-0.021931852106936749,-0.0029497313938026716,0.016653584864094195,0.40779220779220782,0.59220779220779218,0,True,True,True,0.40779220779220782,False
mv50,original,equal_building,P011,P027,1540,0.011980560185024478,0.012751463160560025,-0.025572106061909412,0.04388257690254329,-0.0040514532430621511,0.010872844481498493,0.028799404769764902,0.79090909090909089,0.20909090909090908,0,True,True,True,0.20909090909090908,False
mv50,original,equal_building,P012,P014,1540,0.001461734212317885,0.0082112264860219383,-0.021082489824324459,0.033319707590696905,-0.0091026684342185721,0.0016902519770495422,0.01153851291380955,0.58376623376623371,0.41623376623376623,0,True,True,True,0.41623376623376623,False
mv50,original,equal_building,P012,P017,1540,-0.039393741146616951,0.029725103469204962,-0.13265772042045643,-0.0015333986593251171,-0.098616966422217067,-0.028981216149477476,-0.01399953519972507,0,1,0,False,False,False,0,False
mv50,original,equal_building,P012,P018,1540,0.007711199138260242,0.0088274237119709865,-0.019561460857173356,0.032520960841715664,-0.0039062700017637019,0.0076529143196339237,0.018969068280098759,0.79220779220779225,0.20779220779220781,0,True,True,True,0.20779220779220781,False
mv50,original,equal_building,P012,P019,1540,0.0047855905415926155,0.012084606190376343,-0.032816471916282265,0.034235005296300108,-0.012147851893299914,0.0051023885055392314,0.021078608705438574,0.65909090909090906,0.34090909090909088,0,True,True,True,0.34090909090909088,False
mv50,original,equal_building,P012,P020,1540,0.0066449082800376274,0.0070255574328608617,-0.012505049930722316,0.033580986165879054,-0.0019133656874550824,0.0063049763459464767,0.015597513241449324,0.81558441558441563,0.18441558441558442,0,True,True,True,0.18441558441558442,False
mv50,original,equal_building,P012,P021,1540,0.011761845634591506,0.0092248071577304639,-0.018581745605627364,0.040626601345709244,0.00050629875665492857,0.0118483578926475,0.023623436174297414,0.91168831168831166,0.088311688311688313,0,True,True,True,0.088311688311688313,False
mv50,original,equal_building,P012,P022,1540,-0.007336992602889998,0.013989086181035592,-0.051883746993228112,0.026921753781256073,-0.024726312041544886,-0.0065576132203535586,0.010639420146752298,0.2844155844155844,0.71558441558441555,0,True,True,True,0.2844155844155844,False
mv50,original,equal_building,P012,P023,1540,-0.012967595348877025,0.01185231613881535,-0.040320459744203001,0.017019566932476783,-0.02961201428582394,-0.012519452297027538,0.0022318262093251441,0.15454545454545454,0.84545454545454546,0,True,True,True,0.15454545454545454,False
mv50,original,equal_building,P012,P024,1540,0.008192550769819255,0.012634936544106395,-0.035622661296222186,0.046781307382550992,-0.0090691846883030301,0.0081206246106537844,0.02497464654079665,0.73376623376623373,0.26623376623376621,0,True,True,True,0.26623376623376621,False
mv50,original,equal_building,P012,P025,1540,0.0033654675927060891,0.012023311974962102,-0.038723277488100477,0.035959460047053235,-0.013056843527397721,0.0037229479046043748,0.01989009263339974,0.61948051948051952,0.38051948051948054,0,True,True,True,0.38051948051948054,False
mv50,original,equal_building,P012,P026,1540,0.0033735226111357127,0.011823535962512009,-0.031630773273972068,0.036570539744019581,-0.012698459644601421,0.0033639082973624078,0.01914924715319773,0.63701298701298703,0.36298701298701297,0,True,True,True,0.36298701298701297,False
mv50,original,equal_building,P012,P027,1540,0.017831867471498862,0.0084878887400016423,-0.007506493388481153,0.044159271153360172,0.0078960649759455982,0.016925188065696033,0.028951254332692574,0.99155844155844153,0.0084415584415584409,0,True,True,True,0.0084415584415584409,False
mv50,original,equal_building,P014,P017,1540,-0.040855475358934835,0.028533613530917983,-0.1331791800246532,-0.0031490472438327928,-0.10156728806581834,-0.029301664257091381,-0.018030357714547963,0,1,0,False,False,False,0,False
mv50,original,equal_building,P014,P018,1540,0.0062494649259423564,0.01278445390977479,-0.033333352182300588,0.037591832751443996,-0.0096031113928712573,0.0041843502194402089,0.02379873779515591,0.60909090909090913,0.39090909090909093,0,True,True,True,0.39090909090909093,False
mv50,original,equal_building,P014,P019,1540,0.0033238563292747316,0.014652338960705535,-0.036595056014723668,0.038204962851661493,-0.016930334113283228,0.0030595638747091362,0.024946817702536241,0.59350649350649354,0.40649350649350652,0,True,True,True,0.40649350649350652,False
mv50,original,equal_building,P014,P020,1540,0.0051831740677197426,0.0059475164382627082,-0.013885632588491438,0.022367739771878919,-0.0024085923548331587,0.0054055245477954116,0.01253201606875975,0.81688311688311688,0.18311688311688312,0,True,True,True,0.18311688311688312,False
mv50,original,equal_building,P014,P021,1540,0.010300111422273621,0.013022454856870593,-0.025111139531495658,0.045181086818590781,-0.0053978590560188906,0.0084099878835042739,0.027959368716271197,0.74610389610389616,0.2538961038961039,0,True,True,True,0.2538961038961039,False
mv50,original,equal_building,P014,P022,1540,-0.0087987268152078819,0.016914029988129048,-0.062535398574192394,0.02633922100991147,-0.03100612061694016,-0.0068873134572702485,0.014566687882776869,0.30194805194805197,0.69805194805194803,0,True,True,True,0.30194805194805197,False
mv50,original,equal_building,P014,P023,1540,-0.014429329561194911,0.0096508693025434897,-0.041313208858100609,0.0053590556871808831,-0.026728232016551026,-0.014056686645685634,-0.0022858882354987431,0.034415584415584413,0.96558441558441555,0,True,True,True,0.034415584415584413,False
mv50,original,equal_building,P014,P024,1540,0.0067308165575013694,0.014936607109185665,-0.029335153498897641,0.044787942870758886,-0.014044876507843097,0.0063274388527603739,0.028556987839012594,0.6811688311688312,0.31883116883116885,0,True,True,True,0.31883116883116885,False
mv50,original,equal_building,P014,P025,1540,0.0019037333803882041,0.014204633056093947,-0.032219671073690441,0.038805136212652767,-0.017311263062342829,0.00095472503906246509,0.02254172608618301,0.5383116883116883,0.4616883116883117,0,True,True,True,0.4616883116883117,False
mv50,original,equal_building,P014,P026,1540,0.0019117883988178281,0.014230625268334424,-0.029901171105111014,0.039184501344945048,-0.017867554581636566,0.0010701305966123835,0.022391733200221215,0.54675324675324677,0.45324675324675323,0,True,True,True,0.45324675324675323,False
mv50,original,equal_building,P014,P027,1540,0.016370133259180974,0.012853214199814092,-0.014717835080424388,0.049901531769786518,0.0010528026891597994,0.014917868863712172,0.034063717270766458,0.92727272727272725,0.072727272727272724,0,True,True,True,0.072727272727272724,False
mv50,original,equal_building,P017,P018,1540,0.047104940284877189,0.029911027031406193,0.0051947719979039547,0.14682379931425743,0.016191097826547693,0.041017255690341294,0.10128799559248181,1,0,0,False,False,False,0,False
mv50,original,equal_building,P017,P019,1540,0.044179331688209561,0.03122998218580246,-0.0054207224272139198,0.14855469656555911,0.011631839342645011,0.03805347741146034,0.094248940255408878,0.98571428571428577,0.014285714285714285,0,True,True,True,0.014285714285714285,False
mv50,original,equal_building,P017,P020,1540,0.046038649426654581,0.029123480019950052,0.0087291893545991955,0.13351543999644488,0.021320799537818642,0.035088694003729437,0.10585699748480286,1,0,0,False,False,False,0,False
mv50,original,equal_building,P017,P021,1540,0.051155586781208455,0.030035958354807699,0.0063699946253842482,0.15396297339680221,0.020146316467843928,0.044945839134125441,0.10424810530414508,1,0,0,False,False,False,0,False
mv50,original,equal_building,P017,P022,1540,0.032056748543726955,0.026260587679187288,-0.011459903373838218,0.11821831725543751,0.002631263447865888,0.026108738511641322,0.070812358831649755,0.92987012987012985,0.070129870129870125,0,True,True,True,0.070129870129870125,False
mv50,original,equal_building,P017,P023,1540,0.026426145797739924,0.029490901429266272,-0.010671034118851556,0.11662036760885772,-0.0014659002247222989,0.018886123467790474,0.082719665019003782,0.87142857142857144,0.12857142857142856,0,True,True,True,0.12857142857142856,False
mv50,original,equal_building,P017,P024,1540,0.047586291916436207,0.031141353195363954,-0.00071531499579469138,0.15716843897209309,0.014784830471286828,0.041996655992017365,0.096415748031809481,0.99935064935064932,0.00064935064935064935,0,True,False,False,0.00064935064935064935,False
mv50,original,equal_building,P017,P025,1540,0.04275920873932304,0.031689836862972255,-0.0074184763082479968,0.14455703422085076,0.010275259606030065,0.037118095133489515,0.095943743466429213,0.96883116883116882,0.031168831168831169,0,True,True,True,0.031168831168831169,False
mv50,original,equal_building,P017,P026,1540,0.042767263757752659,0.031883249732638848,-0.0095654120251805891,0.1499633605404411,0.0086595245922194419,0.036393227165449037,0.096788558585779519,0.98051948051948057,0.01948051948051948,0,True,True,True,0.01948051948051948,False
mv50,original,equal_building,P017,P027,1540,0.057225608618115806,0.030701949082952661,0.010333986148367259,0.15851662598840763,0.026115749344529721,0.050699378347304799,0.11060037955790976,1,0,0,False,False,False,0,False
mv50,original,equal_building,P018,P019,1540,-0.0029256085966676256,0.0099989186100241118,-0.029251297659279286,0.017796409294641602,-0.015895135120067936,-0.002580837852282216,0.0098812343321835507,0.44805194805194803,0.55194805194805197,0,True,True,True,0.44805194805194803,False
mv50,original,equal_building,P018,P020,1540,-0.0010662908582226146,0.011341554176847582,-0.027184734236359337,0.021899023767310365,-0.016108947822609635,0.0025238784202164556,0.012354703328504706,0.54220779220779225,0.45779220779220781,0,True,True,True,0.54220779220779225,True
mv50,original,equal_building,P018,P021,1540,0.004050646496331264,0.0037639877677993869,-0.0069418733264696025,0.016200765375521557,-0.00071647176176263571,0.0039683638433687038,0.0091432608361532736,0.86103896103896105,0.13896103896103895,0,True,True,True,0.13896103896103895,False
mv50,original,equal_building,P018,P022,1540,-0.015048191741150239,0.012176398708195859,-0.049572755760702442,0.012619501678291935,-0.032729700763180415,-0.01595006087369006,0.001194768474747202,0.12857142857142856,0.87142857142857144,0,True,True,True,0.12857142857142856,False
mv50,original,equal_building,P018,P023,1540,-0.020678794487137268,0.015891594294873131,-0.061727886610610565,0.011069660778068653,-0.043322024934575078,-0.020791246401249908,0.00091492539175222845,0.11753246753246753,0.88246753246753251,0,True,True,True,0.11753246753246753,False
mv50,original,equal_building,P018,P024,1540,0.00048135163155901286,0.010331728277353543,-0.028654177750566057,0.023043337840808906,-0.013445316987838648,0.0018873163542757546,0.013422221020433387,0.5383116883116883,0.4616883116883117,0,True,True,True,0.4616883116883117,False
mv50,original,equal_building,P018,P025,1540,-0.0043457315455541524,0.0099055766358342682,-0.029129477253956121,0.017242618082740253,-0.01716752167136083,-0.0042353331596259626,0.0081626148606550857,0.39025974025974025,0.60974025974025969,0,True,True,True,0.39025974025974025,False
mv50,original,equal_building,P018,P026,1540,-0.0043376765271245293,0.0099561368882744566,-0.030585094252974159,0.018792292456356066,-0.016946179771966871,-0.0042703112263432954,0.0085119278163207409,0.38441558441558443,0.61558441558441557,0,True,True,True,0.38441558441558443,False
mv50,original,equal_building,P018,P027,1540,0.01012066833323862,0.00526517809512877,-0.0077431872472273691,0.030770178789459181,0.0032425370360812315,0.010142950174633895,0.016904416987298037,0.97402597402597402,0.025974025974025976,0,True,True,True,0.025974025974025976,False
mv50,original,equal_building,P019,P020,1540,0.0018593177384450114,0.014143824304430317,-0.029240473864832472,0.032613684144216191,-0.018981245461772208,0.0020035319404349307,0.021540657012693882,0.57532467532467535,0.42467532467532465,0,True,True,True,0.42467532467532465,False
mv50,original,equal_building,P019,P021,1540,0.0069762550929988896,0.009626374795437067,-0.014201231027362066,0.035387785527542001,-0.0046711495993223637,0.0060803470782183899,0.018801125325580776,0.68506493506493504,0.31493506493506496,0,True,True,True,0.31493506493506496,False
mv50,original,equal_building,P019,P022,1540,-0.012122583144482614,0.0093537487510169746,-0.039329765282585201,0.0063207769801768565,-0.027477334917069447,-0.0092903519386286094,-0.0027165648115069934,0.025974025974025976,0.97402597402597402,0,True,True,True,0.025974025974025976,False
mv50,original,equal_building,P019,P023,1540,-0.017753185890469644,0.011917076450429213,-0.050092934926916285,0.0058904791846269774,-0.033390986239943868,-0.015074478433029108,-0.003561328956901184,0.01948051948051948,0.98051948051948057,0,True,True,True,0.01948051948051948,False
mv50,original,equal_building,P019,P024,1540,0.0034069602282266387,0.0037020780511117803,-0.0097758128939597413,0.016024167655416609,-0.0011607627751426643,0.0033877735369304898,0.0078209109253133419,0.83506493506493507,0.16493506493506493,0,True,True,True,0.16493506493506493,False
mv50,original,equal_building,P019,P025,1540,-0.0014201229488865273,0.0039428825886962775,-0.017029759563577905,0.010017255762652291,-0.006751296952373689,-0.0013351997019585976,0.0034036085459014588,0.39090909090909093,0.60909090909090913,0,True,True,True,0.39090909090909093,False
mv50,original,equal_building,P019,P026,1540,-0.0014120679304569035,0.0039735190375446358,-0.01323423076520111,0.012899295333766256,-0.0062120704524918479,-0.0015129564618342455,0.0035987575761147312,0.34285714285714286,0.65714285714285714,0,True,True,True,0.34285714285714286,False
mv50,original,equal_building,P019,P027,1540,0.013046276929906243,0.0097799044034785915,-0.0066981581194767541,0.033456749039573769,0.0013710709960409054,0.010835766910564607,0.026402905402833229,0.938961038961039,0.061038961038961038,0,True,True,True,0.061038961038961038,False
mv50,original,equal_building,P020,P021,1540,0.0051169373545538787,0.011712692235927096,-0.016748195257318708,0.035682769058005138,-0.0086983829811229929,0.0029678416096279893,0.020026311436232486,0.54350649350649349,0.45649350649350651,0,True,True,True,0.45649350649350651,False
mv50,original,equal_building,P020,P022,1540,-0.013981900882927625,0.01662973853570452,-0.060611906777121506,0.022255695130837624,-0.035579817527708696,-0.012732758779546226,0.0087415912102986968,0.20064935064935066,0.79935064935064937,0,True,True,True,0.20064935064935066,False
mv50,original,equal_building,P020,P023,1540,-0.019612503628914653,0.010660076829413088,-0.045977714342026299,0.0083105334745001633,-0.033558843382407055,-0.019108578002828138,-0.0059288345727771686,0.0090909090909090905,0.99090909090909096,0,True,True,True,0.0090909090909090905,False
mv50,original,equal_building,P020,P024,1540,0.0015476424897816275,0.014347531367244931,-0.030500913293241245,0.038266696501298693,-0.018924881231021946,0.0011421075047764288,0.02224265995125433,0.53961038961038965,0.4603896103896104,0,True,True,True,0.4603896103896104,False
mv50,original,equal_building,P020,P025,1540,-0.0032794406873315383,0.013940781456125425,-0.036686645339918937,0.030417012081115587,-0.022831218961171008,-0.0038542461153840881,0.016827902822894033,0.39675324675324675,0.60324675324675325,0,True,True,True,0.39675324675324675,False
mv50,original,equal_building,P020,P026,1540,-0.0032713856689019147,0.013752079784645649,-0.035500992032618015,0.030891955323576532,-0.022774126032321849,-0.0036231689620892099,0.016498044120865661,0.36038961038961037,0.63961038961038963,0,True,True,True,0.36038961038961037,False
mv50,original,equal_building,P020,P027,1540,0.011186959191461234,0.011535984580770136,-0.011431144137569633,0.036500830694860757,-0.0027830478810564941,0.0084479207315668221,0.026022464328510308,0.7883116883116883,0.21168831168831168,0,True,True,True,0.21168831168831168,False
mv50,original,equal_building,P021,P022,1540,-0.019098838237481503,0.012785442727794387,-0.059385898704204673,0.011670276861800527,-0.036540097691023954,-0.019465243608840332,-0.0023814437791104164,0.061038961038961038,0.938961038961039,0,True,True,True,0.061038961038961038,False
mv50,original,equal_building,P021,P023,1540,-0.024729440983468531,0.016150920756836981,-0.067733465894049077,0.0095875076234420709,-0.047686544498496915,-0.02420391934526147,-0.0029580920036300119,0.044155844155844157,0.95584415584415583,0,True,True,True,0.044155844155844157,False
mv50,original,equal_building,P021,P024,1540,-0.003569294864772251,0.0096426521744256335,-0.031244119011782034,0.017646137186113013,-0.015995091557207328,-0.0021296156446601287,0.0080347420221980603,0.45779220779220781,0.54220779220779225,0,True,True,True,0.45779220779220781,False
mv50,original,equal_building,P021,P025,1540,-0.0083963780418854165,0.010071146651809526,-0.037518902237153956,0.01313664813697301,-0.021794082074947561,-0.0077436694689888702,0.0041732100056474496,0.25584415584415582,0.74415584415584413,0,True,True,True,0.25584415584415582,False
mv50,original,equal_building,P021,P026,1540,-0.0083883230234557925,0.010329545736254738,-0.041283886989775587,0.016275900645620088,-0.022035587768188095,-0.008235089530244627,0.0048237429594115569,0.2538961038961039,0.74610389610389616,0,True,True,True,0.2538961038961039,False
mv50,original,equal_building,P021,P027,1540,0.006070021836907356,0.0053259669729793175,-0.013780909412030765,0.021588521942258215,-0.0010253478453117345,0.0068012616064202832,0.01248593278028539,0.86298701298701297,0.137012987012987,0,True,True,True,0.137012987012987,False
mv50,original,equal_building,P022,P023,1540,-0.0056306027459870284,0.014030436932680133,-0.035033015593966613,0.031459531254615751,-0.022776338378458751,-0.0043517923126847984,0.014473636287931945,0.35584415584415585,0.64415584415584415,0,True,True,True,0.35584415584415585,False
mv50,original,equal_building,P022,P024,1540,0.015529543372709252,0.0099284498187974281,-0.0050275340264985119,0.045081889047361663,0.0047173291811225234,0.012886062282754504,0.031048233039869852,0.98636363636363633,0.013636363636363636,0,True,True,True,0.013636363636363636,False
mv50,original,equal_building,P022,P025,1540,0.010702460195596087,0.0099846019816435035,-0.012073051570320556,0.036160545518552516,0.0014057794275214623,0.007092221847698657,0.027865122665550652,0.94935064935064939,0.050649350649350652,0,True,True,True,0.050649350649350652,False
mv50,original,equal_building,P022,P026,1540,0.010710515214025711,0.01031405344710698,-0.0070361625230533562,0.037949839405711734,0.0013831473272164275,0.0067085678989189674,0.028696905239538939,0.94740259740259736,0.052597402597402594,0,True,True,True,0.052597402597402594,False
mv50,original,equal_building,P022,P027,1540,0.025168860074388857,0.013309776953993664,-0.0032884234392001402,0.072361939523766822,0.0088538649933504431,0.025849939726151357,0.041822393419611199,0.9974025974025974,0.0025974025974025974,0,True,True,False,0.0025974025974025974,False
mv50,original,equal_building,P023,P024,1540,0.02116014611869628,0.012118430280701959,-0.0073480761214555837,0.056062152367614429,0.0064636754030670783,0.019132042697202145,0.037294626092144317,0.99285714285714288,0.0071428571428571426,0,True,True,True,0.0071428571428571426,False
mv50,original,equal_building,P023,P025,1540,0.016333062941583116,0.011969910314137369,-0.0073786861251543268,0.049188847289455079,0.0022539163346061769,0.014136423268106695,0.032350659140967401,0.95389610389610391,0.046103896103896105,0,True,True,True,0.046103896103896105,False
mv50,original,equal_building,P023,P026,1540,0.016341117960012738,0.012054276873258519,-0.011596872016389977,0.051515623110664738,0.0021787461824213025,0.015507797201250836,0.03230123723067542,0.94935064935064939,0.050649350649350652,0,True,True,True,0.050649350649350652,False
mv50,original,equal_building,P023,P027,1540,0.030799462820375888,0.016628909984129431,-0.011472609446644445,0.076885846691502474,0.0086961415347176982,0.030510668123272564,0.054053667092908195,0.99350649350649356,0.0064935064935064939,0,True,True,True,0.0064935064935064939,False
mv50,original,equal_building,P024,P025,1540,-0.0048270831771131655,0.0049922513871913194,-0.022188823200639203,0.0084369151351650074,-0.011602690197020918,-0.0045908421503812989,0.0013663087802878728,0.17532467532467533,0.82467532467532467,0,True,True,True,0.17532467532467533,False
mv50,original,equal_building,P024,P026,1540,-0.0048190281586835424,0.0052080951995368326,-0.022258537672323643,0.0099673480953339083,-0.011528660639571378,-0.0047391123357430794,0.0019233247533562202,0.17792207792207793,0.82207792207792207,0,True,True,True,0.17792207792207793,False
mv50,original,equal_building,P024,P027,1540,0.009639316701679607,0.010501647017050884,-0.020506396781423859,0.037839706142872721,-0.0031040082799375351,0.0072797001949112261,0.023939198888835913,0.79545454545454541,0.20454545454545456,0,True,True,True,0.20454545454545456,False
mv50,original,equal_building,P025,P026,1540,8.0550184296239192e-06,0.0027713573864729729,-0.007716022465090927,0.011841271139912977,-0.0036117262059324217,-9.6592748623712879e-05,0.0034453595112901741,0.48896103896103899,0.51103896103896107,0,True,True,True,0.51103896103896107,True
mv50,original,equal_building,P025,P027,1540,0.014466399878792773,0.0099683445277829932,-0.0079500453685701772,0.040981392634127645,0.0029860203206024741,0.012430152142316377,0.027663976520653184,0.95194805194805199,0.048051948051948054,0,True,True,True,0.048051948051948054,False
mv50,original,equal_building,P026,P027,1540,0.014458344860363148,0.0098229087802292076,-0.0057139188582741238,0.037495899323986462,0.0033314807924604236,0.011656596084455951,0.027615155803300203,0.96493506493506498,0.035064935064935063,0,True,True,True,0.035064935064935063,False
mv50,revised_where_available,equal_image,P001,P002,1540,-0.026241050197284864,0.020135656412776252,-0.10750527472559071,0.0048026663002842364,-0.066353118119784324,-0.019266640863241966,-0.010280302039072611,0.00064935064935064935,0.99935064935064932,0,True,True,False,0.00064935064935064935,False
mv50,revised_where_available,equal_image,P001,P003,1540,0.0015949026343987551,0.013129574096869273,-0.039649568052331705,0.068261748635192396,-0.012134492012129581,-0.001299562781088559,0.019548665796595449,0.45584415584415583,0.54415584415584417,0,True,True,True,0.54415584415584417,True
mv50,revised_where_available,equal_image,P001,P004,1540,0.0086099619547200541,0.015000792301727508,-0.029049920813734031,0.061228784062639471,-0.010150385272031907,0.0095475506535116963,0.027689834102568502,0.67012987012987013,0.32987012987012987,0,True,True,True,0.32987012987012987,False
mv50,revised_where_available,equal_image,P001,P005,1540,0.02622852504758506,0.015117217410938941,-0.0053500450200471474,0.070945701169863554,0.0071245846255627828,0.027581492796343608,0.042800183545410063,0.9948051948051948,0.0051948051948051948,0,True,True,True,0.0051948051948051948,False
mv50,revised_where_available,equal_image,P001,P006,1540,-0.00093747600367929376,0.011988783111971678,-0.034040903846373254,0.037739035645100144,-0.013705942585286669,-0.0033779796366511057,0.017706386514391364,0.36038961038961037,0.63961038961038963,0,True,True,True,0.36038961038961037,False
mv50,revised_where_available,equal_image,P001,P007,1540,0.014371676413449556,0.010971830611642421,-0.015559619351694417,0.04851275394032499,0.0025842456500470186,0.011795035955046586,0.031983257830898684,0.95389610389610391,0.046103896103896105,0,True,True,True,0.046103896103896105,False
mv50,revised_where_available,equal_image,P001,P008,1540,0.016742020921991535,0.016660691524735084,-0.027734869283391674,0.08267960195200541,-0.0033809866374479793,0.016209259835642306,0.040533721798440579,0.83311688311688314,0.16688311688311688,0,True,True,True,0.16688311688311688,False
mv50,revised_where_available,equal_image,P001,P009,1540,0.016061928638676583,0.016765996028624296,-0.030233758890141092,0.082148419656317501,-0.0041693801658914268,0.015365883960392634,0.040079486959756994,0.82077922077922083,0.17922077922077922,0,True,True,True,0.17922077922077922,False
mv50,revised_where_available,equal_image,P001,P010,1540,0.018565116936617918,0.01594041517886878,-0.026719064445204797,0.062116460048627323,-0.0010431296779450227,0.01889745026091269,0.040819583781699538,0.87922077922077924,0.12077922077922078,0,True,True,True,0.12077922077922078,False
mv50,revised_where_available,equal_image,P001,P011,1540,0.011181029602222134,0.011930551374631873,-0.016327703894358225,0.050762130839683915,-0.0011490842117788237,0.0078655270214710131,0.030064080191224921,0.85909090909090913,0.1409090909090909,0,True,True,True,0.1409090909090909,False
mv50,revised_where_available,equal_image,P001,P012,1540,-0.0038195060120832735,0.01167754065849815,-0.043732486450828098,0.032744297837011105,-0.017090138346543514,-0.0051595026595946669,0.012762457456055037,0.33376623376623377,0.66623376623376629,0,True,True,True,0.33376623376623377,False
mv50,revised_where_available,equal_image,P001,P014,1540,0.0071880728632685619,0.012767127472513851,-0.029759120571506564,0.054177566270547796,-0.0059931152356522341,0.0042402684723316817,0.026194031682070355,0.70584415584415583,0.29415584415584417,0,True,True,True,0.29415584415584417,False
mv50,revised_where_available,equal_image,P001,P017,1540,-0.03961020635618856,0.020520790266647531,-0.12251811970080104,-0.0071216720804850812,-0.079770930134115042,-0.033158514692403801,-0.022226424907924241,0,1,0,False,False,False,0,False
mv50,revised_where_available,equal_image,P001,P018,1540,0.011500763913346829,0.014461771842842032,-0.021804838629242873,0.059056793351103053,-0.0054839366101365498,0.012846201696299431,0.026319460050600482,0.71623376623376622,0.28376623376623378,0,True,True,True,0.28376623376623378,False
mv50,revised_where_available,equal_image,P001,P019,1540,0.016387227293351205,0.015943359732597265,-0.026952345328347688,0.060642398076219739,-0.0030256046032024644,0.016417185807358785,0.035786643805325327,0.84610389610389614,0.15389610389610389,0,True,True,True,0.15389610389610389,False
mv50,revised_where_available,equal_image,P001,P020,1540,0.011751297823651915,0.011397142964063115,-0.024131875948027851,0.040206882804896663,3.0548471362654827e-05,0.0084800777786073894,0.030627541735457915,0.9006493506493507,0.099350649350649356,0,True,True,True,0.099350649350649356,False
mv50,revised_where_available,equal_image,P001,P021,1540,0.014922200754727865,0.014991671870242782,-0.018005139419166961,0.077542542107853607,-0.0032869182452724462,0.015092074983232784,0.03577339977114747,0.80779220779220784,0.19220779220779222,0,True,True,True,0.19220779220779222,False
mv50,revised_where_available,equal_image,P001,P022,1540,0.003692787549689372,0.013503493645888666,-0.043630670551522373,0.043940765832239104,-0.012865025381738898,0.0027544329116470589,0.021421560151543926,0.56428571428571428,0.43571428571428572,0,True,True,True,0.43571428571428572,False
mv50,revised_where_available,equal_image,P001,P023,1540,-0.0053348964702649194,0.012090023205000895,-0.052596641782024521,0.029631857708521538,-0.018496580688153609,-0.0067872789897661847,0.012648159882103051,0.26948051948051949,0.73051948051948057,0,True,True,True,0.26948051948051949,False
mv50,revised_where_available,equal_image,P001,P024,1540,0.020943470948515487,0.016099934924578473,-0.018145763334456937,0.081987056395280186,0.0013838592135368159,0.020631125523252102,0.041508609552224691,0.92012987012987013,0.079870129870129869,0,True,True,True,0.079870129870129869,False
mv50,revised_where_available,equal_image,P001,P025,1540,0.019419667385618167,0.016644701080146637,-0.025219454204575564,0.066886907388650191,-0.00049958713587576443,0.019131458318104057,0.041016117928252445,0.89155844155844155,0.10844155844155844,0,True,True,True,0.10844155844155844,False
mv50,revised_where_available,equal_image,P001,P026,1540,0.015283472236972811,0.016824451856526351,-0.036480767875022038,0.066639341304639998,-0.0043121753360706068,0.015624025442524489,0.036639942355106578,0.80129870129870129,0.19870129870129871,0,True,True,True,0.19870129870129871,False
mv50,revised_where_available,equal_image,P001,P027,1540,0.024785699475957827,0.015875383002577601,-0.019387398209376482,0.072357344961647502,0.0059805238480840576,0.025715671500687251,0.041864869498576131,0.9720779220779221,0.027922077922077921,0,True,True,True,0.027922077922077921,False
mv50,revised_where_available,equal_image,P002,P003,1540,0.027835952831683615,0.02706913816324703,-0.0045990507883185818,0.14237048603509347,0.0051836266246742761,0.019138942573059328,0.079721324158948545,0.97532467532467537,0.024675324675324677,0,True,True,False,0.024675324675324677,False
mv50,revised_where_available,equal_image,P002,P004,1540,0.034851012152004923,0.02738368258848595,-0.0066062868119525029,0.13533752146254058,0.0071617103665780994,0.029582662410106972,0.080322423382397284,0.97922077922077921,0.020779220779220779,0,True,True,True,0.020779220779220779,False
mv50,revised_where_available,equal_image,P002,P005,1540,0.052469575244869934,0.028703433492561256,0.0071100045207589972,0.15084372509905522,0.022839284249185798,0.04660621949687295,0.099617770114401233,1,0,0,False,False,False,0,False
mv50,revised_where_available,equal_image,P002,P006,1540,0.025303574193605568,0.026346644185595947,-0.0055334381586132683,0.11224133723167709,0.0035329501597534839,0.016007761434757965,0.076745245661175063,0.97142857142857142,0.028571428571428571,0,True,True,True,0.028571428571428571,False
mv50,revised_where_available,equal_image,P002,P007,1540,0.040612726610734423,0.02664998127935838,0.0016324165143800917,0.12904124551793342,0.017573044826008591,0.030895253870071478,0.091337328137693824,1,0,0,False,False,False,0,False
mv50,revised_where_available,equal_image,P002,P008,1540,0.042983071119276399,0.028731252991112188,-0.0036846577827075568,0.16947469685850947,0.013721880038107636,0.036301392169189983,0.087837622301432827,0.99870129870129876,0.0012987012987012987,0,True,True,False,0.0012987012987012987,False
mv50,revised_where_available,equal_image,P002,P009,1540,0.042302978835961451,0.028783123071184212,-0.0038649883543169505,0.16903520022135834,0.012732507276060151,0.035459522794268741,0.087695763517024641,0.99870129870129876,0.0012987012987012987,0,True,True,False,0.0012987012987012987,False
mv50,revised_where_available,equal_image,P002,P010,1540,0.044806167133902786,0.029003850342732174,-6.760634617819505e-06,0.1448385001915668,0.015780347502051751,0.038234319439648876,0.093782507986496094,0.99935064935064932,0.00064935064935064935,0,True,False,False,0.00064935064935064935,False
mv50,revised_where_available,equal_image,P002,P011,1540,0.037422079799506999,0.027606033690308385,-0.0038905855041073802,0.12635627998690344,0.013487208291718374,0.028855119624855069,0.089399427115383012,0.9974025974025974,0.0025974025974025974,0,True,True,False,0.0025974025974025974,False
mv50,revised_where_available,equal_image,P002,P012,1540,0.022421544185201592,0.024190728318779251,-0.00094260480308536729,0.098785765766151251,0.0023670337219935302,0.014020950733729668,0.070775578550100998,0.99155844155844153,0.0084415584415584409,0,True,False,False,0.0084415584415584409,False
mv50,revised_where_available,equal_image,P002,P014,1540,0.033429123060553428,0.027426012637349836,-0.005126743252661459,0.13895413453296945,0.010476960658374824,0.024262303508818507,0.086426568135728368,0.99610389610389616,0.0038961038961038961,0,True,True,True,0.0038961038961038961,False
mv50,revised_where_available,equal_image,P002,P017,1540,-0.013369156158903698,0.004614606826319278,-0.03397675689619116,-0.0009099595443776531,-0.019144216567195966,-0.013006434543204937,-0.0078548843413383477,0,1,0,False,False,False,0,False
mv50,revised_where_available,equal_image,P002,P018,1540,0.03774181411063169,0.027650276414302698,-0.0040176246001764728,0.1362498018698875,0.0098349741773868637,0.032570326301989645,0.082234154586401931,0.99155844155844153,0.0084415584415584409,0,True,True,False,0.0084415584415584409,False
mv50,revised_where_available,equal_image,P002,P019,1540,0.04262827749063608,0.028342467025748271,-0.0061700199770473307,0.14498297084720316,0.01319520765671838,0.036896833160160215,0.087707503933377839,0.99805194805194808,0.0019480519480519481,0,True,True,True,0.0019480519480519481,False
mv50,revised_where_available,equal_image,P002,P020,1540,0.037992348020936775,0.02705240087178588,0.00036391204967292645,0.12462773303143766,0.015156041837250852,0.028681275899559787,0.089949919317986599,1,0,0,False,False,False,0,False
mv50,revised_where_available,equal_image,P002,P021,1540,0.041163250952012731,0.02791018036314942,-0.0050123929597777946,0.15165127950775467,0.011921647372222207,0.035289648697074086,0.08550643586890383,0.99610389610389616,0.0038961038961038961,0,True,True,True,0.0038961038961038961,False
mv50,revised_where_available,equal_image,P002,P022,1540,0.02993383774697423,0.023942313573823738,-0.0049106650326682377,0.11973129222358461,0.0048029383679582633,0.025706683830316789,0.064968142730760639,0.98181818181818181,0.018181818181818181,0,True,True,False,0.018181818181818181,False
mv50,revised_where_available,equal_image,P002,P023,1540,0.020906153727019941,0.026284216781161818,-0.010425835303192733,0.10473257892311041,0.00013356400635182656,0.010122774436235115,0.073546267564022813,0.90389610389610386,0.096103896103896108,0,True,True,True,0.096103896103896108,False
mv50,revised_where_available,equal_image,P002,P024,1540,0.047184521145800358,0.028253717628841615,-0.00032890258577805698,0.15733554183583931,0.017580150258382794,0.041525784666557035,0.092322243571533069,0.99870129870129876,0.0012987012987012987,0,True,False,False,0.0012987012987012987,False
mv50,revised_where_available,equal_image,P002,P025,1540,0.045660717582903035,0.029333865739160882,-0.0041372549783500632,0.1430992723491844,0.015436737415188792,0.039094395857517492,0.092318800057684142,0.99935064935064932,0.00064935064935064935,0,True,True,False,0.00064935064935064935,False
mv50,revised_where_available,equal_image,P002,P026,1540,0.04152452243425768,0.029760387560410974,-0.0020987571235228375,0.1452428627136528,0.010516096646011143,0.034643318265610512,0.091724847839939186,0.99805194805194808,0.0019480519480519481,0,True,True,False,0.0019480519480519481,False
mv50,revised_where_available,equal_image,P002,P027,1540,0.05102674967324268,0.028574663476627873,0.0042295921200660004,0.15481522629901201,0.022265321225018397,0.04531727615282756,0.09583282975520728,1,0,0,False,False,False,0,False
mv50,revised_where_available,equal_image,P003,P004,1540,0.0070150593203213004,0.012253519627324978,-0.031397694068072357,0.035456811345635983,-0.0073051627584787534,0.0052905040340335205,0.022911799107400332,0.67142857142857137,0.32857142857142857,0,True,True,True,0.32857142857142857,False
mv50,revised_where_available,equal_image,P003,P005,1540,0.024633622413186305,0.014112028076548674,-0.026218630502216823,0.066813523354136317,0.0075021397837104478,0.024261581317821464,0.042848317776689453,0.9694805194805195,0.030519480519480519,0,True,True,True,0.030519480519480519,False
mv50,revised_where_available,equal_image,P003,P006,1540,-0.0025323786380780492,0.0063913875446687347,-0.033626329132936013,0.01365740123477494,-0.0092175449709784411,-0.0015871092913851302,0.0040420460503132983,0.35129870129870128,0.64870129870129867,0,True,True,True,0.35129870129870128,False
mv50,revised_where_available,equal_image,P003,P007,1540,0.012776773779050803,0.0098958021045748232,-0.032676163812988691,0.038989696698226738,0.00027814481019740577,0.01378553699671296,0.024466692992528547,0.90519480519480522,0.094805194805194809,0,True,True,True,0.094805194805194809,False
mv50,revised_where_available,equal_image,P003,P008,1540,0.015147118287592782,0.011687830803587077,-0.014719993135688003,0.045242992960617442,0.001690029697571503,0.013038547922599323,0.031238961781836931,0.94999999999999996,0.050000000000000003,0,True,True,True,0.050000000000000003,False
mv50,revised_where_available,equal_image,P003,P009,1540,0.014467026004277831,0.011667785904994857,-0.014901362812852903,0.042921809029247721,0.0011904579867957614,0.011867755208659667,0.030601309348383419,0.94350649350649352,0.056493506493506492,0,True,True,True,0.056493506493506492,False
mv50,revised_where_available,equal_image,P003,P010,1540,0.016970214302219164,0.012879257613384701,-0.033469486592155248,0.051493071335997821,0.0019605324083640887,0.016044395660201369,0.033590352468350147,0.93246753246753245,0.067532467532467527,0,True,True,True,0.067532467532467527,False
mv50,revised_where_available,equal_image,P003,P011,1540,0.0095861269678233791,0.0083273833765404558,-0.032750536148608025,0.035334687593710092,0.00094508252869858445,0.0098874492751480532,0.018957970562449654,0.91948051948051945,0.080519480519480519,0,True,True,True,0.080519480519480519,False
mv50,revised_where_available,equal_image,P003,P012,1540,-0.0054144086464820293,0.010569925963924576,-0.048692461779992889,0.01970056799793584,-0.01921489490087969,-0.0042018894982146331,0.0069526907733269338,0.33506493506493507,0.66493506493506493,0,True,True,True,0.33506493506493507,False
mv50,revised_where_available,equal_image,P003,P014,1540,0.0055931702288698065,0.0086845346602267628,-0.038749896381792423,0.035320715909579713,-0.0040645574752264779,0.0066055523828716933,0.014581032964431466,0.80064935064935061,0.19935064935064936,0,True,True,True,0.19935064935064936,False
mv50,revised_where_available,equal_image,P003,P017,1540,-0.041205108990587311,0.02643927170957246,-0.14417309716583571,-0.0066343101192789574,-0.093698919216628707,-0.032813165582625335,-0.018543018700528626,0,1,0,False,False,False,0,False
mv50,revised_where_available,equal_image,P003,P018,1540,0.0099058612789480784,0.013703682124337029,-0.03276849450088707,0.047849967357418734,-0.0072048104062334972,0.0089579305111155208,0.02766224263328973,0.75064935064935068,0.24935064935064935,0,True,True,True,0.24935064935064935,False
mv50,revised_where_available,equal_image,P003,P019,1540,0.014792324658952452,0.013081375932871066,-0.02948155852223746,0.048167625805455729,-0.0011332100692010791,0.013481540446742457,0.032237426907321606,0.87922077922077924,0.12077922077922078,0,True,True,True,0.12077922077922078,False
mv50,revised_where_available,equal_image,P003,P020,1540,0.010156395189253159,0.0087485433495327718,-0.032180910844287605,0.037313602925249864,-5.4323917139781189e-05,0.01074563350047554,0.019857936390122996,0.89675324675324675,0.10324675324675325,0,True,True,True,0.10324675324675325,False
mv50,revised_where_available,equal_image,P003,P021,1540,0.013327298120329111,0.013683987272657523,-0.030414882511007907,0.057373913993413114,-0.0032152834693273654,0.012869880616810141,0.030550337307593763,0.82467532467532467,0.17532467532467533,0,True,True,True,0.17532467532467533,False
mv50,revised_where_available,equal_image,P003,P022,1540,0.0020978849152906162,0.015454340201552281,-0.048111569859879327,0.035306778404686087,-0.020647488392079028,0.0024665300743995323,0.021421457173454141,0.57467532467532467,0.42532467532467533,0,True,True,True,0.42532467532467533,False
mv50,revised_where_available,equal_image,P003,P023,1540,-0.0069297991046636757,0.0077975146754146601,-0.040968146785135377,0.021437155499417326,-0.016462038431826656,-0.0053513471834095994,0.0011654338106719421,0.14025974025974025,0.85974025974025969,0,True,True,True,0.14025974025974025,False
mv50,revised_where_available,equal_image,P003,P024,1540,0.019348568314116729,0.012800698668433665,-0.021292722460780279,0.052415361699621354,0.0037241184291044679,0.018442746729108821,0.036670220832500849,0.95389610389610391,0.046103896103896105,0,True,True,True,0.046103896103896105,False
mv50,revised_where_available,equal_image,P003,P025,1540,0.017824764751219413,0.014161652914658785,-0.032577634827703261,0.06262112492183744,0.0012934289677897345,0.016707454223159258,0.036631561311089376,0.91363636363636369,0.086363636363636365,0,True,True,True,0.086363636363636365,False
mv50,revised_where_available,equal_image,P003,P026,1540,0.013688569602574053,0.013802593038858496,-0.034429908218896528,0.055244172706725027,-0.0025508299484793997,0.012583169230526423,0.031644990103699845,0.85129870129870133,0.1487012987012987,0,True,True,True,0.1487012987012987,False
mv50,revised_where_available,equal_image,P003,P027,1540,0.023190796841559069,0.014170425576275484,-0.030643897517377207,0.06487163380720104,0.0060014765315541067,0.022187384052151943,0.042243966008367981,0.95714285714285718,0.042857142857142858,0,True,True,True,0.042857142857142858,False
mv50,revised_where_available,equal_image,P004,P005,1540,0.017618563092865011,0.0076758931810806223,-0.0070580089210180216,0.044470888177949294,0.0079368933188766894,0.017307310766483099,0.027460942337983886,0.99155844155844153,0.0084415584415584409,0,True,True,True,0.0084415584415584409,False
mv50,revised_where_available,equal_image,P004,P006,1540,-0.0095474379583993484,0.010928087751240319,-0.037540898596921349,0.011896573977522473,-0.024666568482309109,-0.0068871520989374187,0.003489561321911052,0.24935064935064935,0.75064935064935068,0,True,True,True,0.24935064935064935,False
mv50,revised_where_available,equal_image,P004,P007,1540,0.0057617144587295025,0.011776052420259489,-0.02564319924043576,0.040762719321631322,-0.009644250872733828,0.0062997466095010444,0.020806973530402364,0.65519480519480522,0.34480519480519478,0,True,True,True,0.34480519480519478,False
mv50,revised_where_available,equal_image,P004,P008,1540,0.0081320589672714827,0.0073722806316677113,-0.012904477888731008,0.043022424935617296,8.2255836544297732e-05,0.0072550024352937455,0.016215034852809122,0.90259740259740262,0.097402597402597407,0,True,True,True,0.097402597402597407,False
mv50,revised_where_available,equal_image,P004,P009,1540,0.0074519666839565311,0.00739855511505469,-0.012934655779557009,0.042207174210170464,-0.00042153326556445246,0.0065878676870522596,0.015728297180565134,0.88831168831168827,0.11168831168831168,0,True,True,True,0.11168831168831168,False
mv50,revised_where_available,equal_image,P004,P010,1540,0.0099551549818978659,0.0066996122076776283,-0.007172491044356211,0.041420932062343249,0.0018707880258333344,0.0096461577198621914,0.018038147136538115,0.94870129870129871,0.051298701298701302,0,True,True,True,0.051298701298701302,False
mv50,revised_where_available,equal_image,P004,P011,1540,0.00257106764750208,0.011701605819661202,-0.024761065022887236,0.031998357788296537,-0.013131664975270812,0.0035799783737460482,0.01734551355668271,0.57012987012987015,0.42987012987012985,0,True,True,True,0.42987012987012985,False
mv50,revised_where_available,equal_image,P004,P012,1540,-0.012429467966803328,0.0093052985223920515,-0.045165769602225389,0.019236603311343616,-0.024384549450358776,-0.012052805164905209,-0.00056996771089710269,0.085064935064935066,0.91493506493506493,0,True,True,True,0.085064935064935066,False
mv50,revised_where_available,equal_image,P004,P014,1540,-0.0014218890914514922,0.012163229246950026,-0.031716931809239492,0.039133101707326964,-0.018087337032297181,0.00036768816333670464,0.013463645191705766,0.50974025974025972,0.49025974025974028,0,True,True,True,0.50974025974025972,True
mv50,revised_where_available,equal_image,P004,P017,1540,-0.048220168310908612,0.027884033085896799,-0.14370764593550431,-0.0062607954061018991,-0.096547445211890917,-0.042873930248086653,-0.018874113367845044,0,1,0,False,False,False,0,False
mv50,revised_where_available,equal_image,P004,P018,1540,0.0028908019586267775,0.0059281535880573704,-0.013984966359551505,0.019573616704230641,-0.0050016032089183057,0.0030851986341245167,0.010370271291684647,0.69480519480519476,0.30519480519480519,0,True,True,True,0.30519480519480519,False
mv50,revised_where_available,equal_image,P004,P019,1540,0.0077772653386311537,0.0063449892382439728,-0.013154373911874868,0.037239076255583294,-0.00043141482404511928,0.007944089045191477,0.015614439680294953,0.88831168831168827,0.11168831168831168,0,True,True,True,0.11168831168831168,False
mv50,revised_where_available,equal_image,P004,P020,1540,0.0031413358689318586,0.01129879533083987,-0.02692397858417591,0.036968211290738399,-0.011583982786093976,0.0039769404270907334,0.01745844150567406,0.59090909090909094,0.40909090909090912,0,True,True,True,0.40909090909090912,False
mv50,revised_where_available,equal_image,P004,P021,1540,0.0063122388000078121,0.0064042571211700254,-0.0088562027869991677,0.030521974138061757,-0.001591817322563746,0.0057635838739136264,0.014101200053530015,0.84480519480519478,0.15519480519480519,0,True,True,True,0.15519480519480519,False
mv50,revised_where_available,equal_image,P004,P022,1540,-0.0049171744050306825,0.00975235503540124,-0.032714280267731613,0.032012284891999268,-0.019998341293755321,-0.0033384978044993089,0.0063282751513876433,0.32857142857142857,0.67142857142857137,0,True,True,True,0.32857142857142857,False
mv50,revised_where_available,equal_image,P004,P023,1540,-0.013944858424984975,0.0115259304399573,-0.046694444445308479,0.025337476878350473,-0.028424769530340215,-0.014014754855750437,0.00031540324416922571,0.10974025974025974,0.89025974025974031,0,True,True,True,0.10974025974025974,False
mv50,revised_where_available,equal_image,P004,P024,1540,0.01233350899379543,0.0060589254689475446,-0.0075030594370828372,0.032521087914450117,0.0047098118980480929,0.01204295912638963,0.020236118311641467,0.98441558441558441,0.015584415584415584,0,True,True,True,0.015584415584415584,False
mv50,revised_where_available,equal_image,P004,P025,1540,0.010809705430898113,0.0078516554278438636,-0.015134526562551098,0.035917441471167932,0.0013105654703665631,0.010734840357550471,0.020907453515958442,0.92532467532467533,0.074675324675324672,0,True,True,True,0.074675324675324672,False
mv50,revised_where_available,equal_image,P004,P026,1540,0.0066735102822527538,0.0076838402229115997,-0.014081107038735875,0.038783756296086269,-0.0028034845885476622,0.0063177811877534462,0.017053689258516483,0.80779220779220784,0.19220779220779222,0,True,True,True,0.19220779220779222,False
mv50,revised_where_available,equal_image,P004,P027,1540,0.016175737521237771,0.0073506898293470213,-0.01089372667791999,0.042510603910701425,0.0067745202538879333,0.016526250582382919,0.025055381781947935,0.98571428571428577,0.014285714285714285,0,True,True,True,0.014285714285714285,False
mv50,revised_where_available,equal_image,P005,P006,1540,-0.027166001051264356,0.013149955029442079,-0.073019846982980779,0.0053432878841564672,-0.044864914550022235,-0.026258031285062045,-0.010615428385489678,0.003246753246753247,0.99675324675324672,0,True,True,True,0.003246753246753247,False
mv50,revised_where_available,equal_image,P005,P007,1540,-0.011856848634135506,0.011606995776112284,-0.047233430580046441,0.012670617772324777,-0.027334590420128979,-0.0097166016950672243,0.0021575988087957822,0.17207792207792208,0.82792207792207795,0,True,True,True,0.17207792207792208,False
mv50,revised_where_available,equal_image,P005,P008,1540,-0.0094865041255935267,0.0095753225267728864,-0.040670193619102193,0.040583848877126197,-0.019872345072798791,-0.010327667555300341,0.0012542544800353316,0.12012987012987013,0.87987012987012991,0,True,True,True,0.12012987012987013,False
mv50,revised_where_available,equal_image,P005,P009,1540,-0.010166596408908478,0.0094588743910160571,-0.040521189796951539,0.038134899170352218,-0.020532929827483799,-0.011171601408206782,0.00055694995830857209,0.11103896103896103,0.88896103896103895,0,True,True,True,0.11103896103896103,False
mv50,revised_where_available,equal_image,P005,P010,1540,-0.0076634081109671444,0.0079257614824605957,-0.036953298192119989,0.020798655247273118,-0.018166929241568069,-0.0072889626845587295,0.0011409224202381025,0.1383116883116883,0.86168831168831173,0,True,True,True,0.1383116883116883,False
mv50,revised_where_available,equal_image,P005,P011,1540,-0.015047495445362928,0.012073646545281902,-0.050244039711361176,0.017286700303424534,-0.031070344422641838,-0.01443216127629119,-2.8094243614739122e-05,0.099350649350649356,0.9006493506493507,0,True,True,True,0.099350649350649356,False
mv50,revised_where_available,equal_image,P005,P012,1540,-0.030048031059668336,0.010885743036707477,-0.068075799589034175,0.0088251213260569956,-0.044106571360740005,-0.029359252120975732,-0.01668881555107293,0.0019480519480519481,0.99805194805194808,0,True,True,True,0.0019480519480519481,False
mv50,revised_where_available,equal_image,P005,P014,1540,-0.019040452184316499,0.013191811804234179,-0.063840810564883554,0.014527840498887334,-0.036407216865412269,-0.018367852117207914,-0.0023388776389649925,0.051948051948051951,0.94805194805194803,0,True,True,True,0.051948051948051951,False
mv50,revised_where_available,equal_image,P005,P017,1540,-0.065838731403773623,0.029752317203953205,-0.16603929517374691,-0.012292720518517403,-0.11450377245114,-0.059740678012009496,-0.0345125391830962,0,1,0,False,False,False,0,False
mv50,revised_where_available,equal_image,P005,P018,1540,-0.014727761134238232,0.005982074255050914,-0.032814450192843424,0.0039805764929417677,-0.02238868445344832,-0.014720044262634249,-0.0069740186292945429,0.0025974025974025974,0.9974025974025974,0,True,True,False,0.0025974025974025974,False
mv50,revised_where_available,equal_image,P005,P019,1540,-0.0098412977542338565,0.008276915343177307,-0.039128197727922025,0.011647022311476957,-0.020974683169881204,-0.0090568768889218616,0.00039833366496373648,0.10974025974025974,0.89025974025974031,0,True,True,True,0.10974025974025974,False
mv50,revised_where_available,equal_image,P005,P020,1540,-0.014477227223933152,0.011115618983706927,-0.049158103930894988,0.010678481353762892,-0.02926110203953074,-0.012738828458159351,-0.0010138896373847145,0.073376623376623373,0.92662337662337657,0,True,True,True,0.073376623376623373,False
mv50,revised_where_available,equal_image,P005,P021,1540,-0.011306324292857198,0.0071778099552406239,-0.028787063315456097,0.01386716623907679,-0.019929094633346786,-0.011762081807262681,-0.002771865016715325,0.067532467532467527,0.93246753246753245,0,True,True,True,0.067532467532467527,False
mv50,revised_where_available,equal_image,P005,P022,1540,-0.02253573749789569,0.012384955344162235,-0.064487340856670503,0.010436501482802151,-0.040088455717140835,-0.021634731028276202,-0.0068171019400539703,0.00974025974025974,0.99025974025974028,0,True,True,True,0.00974025974025974,False
mv50,revised_where_available,equal_image,P005,P023,1540,-0.031563421517849986,0.014030217940650907,-0.077929168424988052,0.010295157882484052,-0.050354297172334909,-0.031119762411349824,-0.013483093618339693,0.0019480519480519481,0.99805194805194808,0,True,True,True,0.0019480519480519481,False
mv50,revised_where_available,equal_image,P005,P024,1540,-0.005285054099069578,0.0083260234913738029,-0.033135269373038227,0.019833331549250148,-0.015776774792951701,-0.0049044204053440591,0.004764762956812189,0.25714285714285712,0.74285714285714288,0,True,True,True,0.25714285714285712,False
mv50,revised_where_available,equal_image,P005,P025,1540,-0.0068088576619668951,0.0094097348151544972,-0.036809147616090741,0.016984194257810191,-0.019186813244543306,-0.0065160549254414252,0.0053776345078852643,0.25324675324675322,0.74675324675324672,0,True,True,True,0.25324675324675322,False
mv50,revised_where_available,equal_image,P005,P026,1540,-0.010945052810612256,0.0086674671072375017,-0.042429368804148646,0.013708164741771989,-0.021954248450023663,-0.011028677285155556,8.9015044079002805e-05,0.10064935064935066,0.89935064935064934,0,True,True,True,0.10064935064935066,False
mv50,revised_where_available,equal_image,P005,P027,1540,-0.0014428255716272386,0.0061541617112299144,-0.027765853048649446,0.0116815955162477,-0.010337808258282347,-0.00067414557358373294,0.0056862050720022025,0.45714285714285713,0.54285714285714282,0,True,True,True,0.45714285714285713,False
mv50,revised_where_available,equal_image,P006,P007,1540,0.01530915241712885,0.0076888843831624289,-0.010796458158301426,0.043554838573279228,0.0056258886352380357,0.01527571963196526,0.025089966633898009,0.98506493506493509,0.014935064935064935,0,True,True,True,0.014935064935064935,False
mv50,revised_where_available,equal_image,P006,P008,1540,0.017679496925670831,0.012736658202361381,-0.0081451577865055743,0.070807147842430307,0.0031525593545247204,0.014733918563393589,0.034181396290721762,0.95909090909090911,0.040909090909090909,0,True,True,True,0.040909090909090909,False
mv50,revised_where_available,equal_image,P006,P009,1540,0.01699940464235588,0.012780108278914947,-0.0080717805976695985,0.070543290127517325,0.0021193145811709293,0.013888823327968234,0.03351290892723971,0.95064935064935063,0.049350649350649353,0,True,True,True,0.049350649350649353,False
mv50,revised_where_available,equal_image,P006,P010,1540,0.019502592940297211,0.011268399104755081,-0.0064045709471293958,0.053082465780270004,0.0055731247594786358,0.01785047038275886,0.03491848855460547,0.98766233766233769,0.012337662337662338,0,True,True,True,0.012337662337662338,False
mv50,revised_where_available,equal_image,P006,P011,1540,0.012118505605901428,0.0066852746287816801,-0.0076029610378378683,0.035819973863801896,0.0036994515253586367,0.011883928422112187,0.020880175289463197,0.97402597402597402,0.025974025974025976,0,True,True,True,0.025974025974025976,False
mv50,revised_where_available,equal_image,P006,P012,1540,-0.0028820300084039792,0.0081987859384503332,-0.030459027550278357,0.021113874055804872,-0.013538422268422499,-0.0027594456717468518,0.0078064930820621724,0.38246753246753246,0.61753246753246749,0,True,True,True,0.38246753246753246,False
mv50,revised_where_available,equal_image,P006,P014,1540,0.0081255488669478571,0.0058551725586615056,-0.0088391187863919481,0.035633613736728013,0.0011183021518118396,0.007861991334387048,0.015323523021086779,0.94155844155844159,0.05844155844155844,0,True,True,True,0.05844155844155844,False
mv50,revised_where_available,equal_image,P006,P017,1540,-0.038672730352509267,0.026421937190024947,-0.12397028877034463,-0.0067898824822144876,-0.09413099541363984,-0.029570248834031275,-0.016741518123902285,0,1,0,False,False,False,0,False
mv50,revised_where_available,equal_image,P006,P018,1540,0.012438239917026127,0.012376329634046676,-0.014983221185188212,0.050593978643648188,-0.0031232787543111276,0.011706462460494898,0.028803326822866779,0.82727272727272727,0.17272727272727273,0,True,True,True,0.17272727272727273,False
mv50,revised_where_available,equal_image,P006,P019,1540,0.017324703297030501,0.011830439726430893,-0.013182188746975692,0.044848536353789027,0.0030153894693078507,0.015238359958521252,0.033996880764621727,0.95454545454545459,0.045454545454545456,0,True,True,True,0.045454545454545456,False
mv50,revised_where_available,equal_image,P006,P020,1540,0.012688773827331207,0.0066135488452035629,-0.0087897104117615199,0.038681235542444223,0.0046305345877722575,0.012344061796671768,0.021255377879296211,0.98246753246753249,0.017532467532467531,0,True,True,True,0.017532467532467531,False
mv50,revised_where_available,equal_image,P006,P021,1540,0.01585967675840716,0.013354620294089665,-0.011676203555794119,0.059438957201231914,-0.00067938719217303263,0.014575801017731933,0.033426408355077278,0.88181818181818183,0.11818181818181818,0,True,True,True,0.11818181818181818,False
mv50,revised_where_available,equal_image,P006,P022,1540,0.0046302635533686659,0.014169219515009353,-0.035759609635975062,0.033236878864848128,-0.015275590176661226,0.0040010287997943247,0.022112740330244698,0.64025974025974031,0.35974025974025975,0,True,True,True,0.35974025974025975,False
mv50,revised_where_available,equal_image,P006,P023,1540,-0.0043974204665856269,0.0056633664368363461,-0.02367217112335826,0.015858341832482536,-0.012367719935511107,-0.0037382470874096465,0.0023729931715072853,0.22337662337662337,0.77662337662337666,0,True,True,True,0.22337662337662337,False
mv50,revised_where_available,equal_image,P006,P024,1540,0.021880946952194783,0.012329390142458936,-0.0069449491009331288,0.058843631741998269,0.0070929018840558038,0.01992513972768474,0.038740216043440294,0.98506493506493509,0.014935064935064935,0,True,True,True,0.014935064935064935,False
mv50,revised_where_available,equal_image,P006,P025,1540,0.020357143389297463,0.012400146958068922,-0.014302551694768901,0.055079969195225988,0.0051079562062352566,0.018981881395998705,0.037163535776800434,0.98116883116883113,0.018831168831168831,0,True,True,True,0.018831168831168831,False
mv50,revised_where_available,equal_image,P006,P026,1540,0.016220948240652101,0.011856221313436313,-0.015064008757248726,0.048858416434019766,0.0020438397847912476,0.014749347050593768,0.032249819110420443,0.94935064935064939,0.050649350649350652,0,True,True,True,0.050649350649350652,False
mv50,revised_where_available,equal_image,P006,P027,1540,0.025723175479637119,0.012612207610914871,-0.014688015454268965,0.060059528012591755,0.0104978607970299,0.02454414434143376,0.043490793491573643,0.99090909090909096,0.0090909090909090905,0,True,True,True,0.0090909090909090905,False
mv50,revised_where_available,equal_image,P007,P008,1540,0.0023703445085419793,0.013749119941107911,-0.027481594253135989,0.052553197634364904,-0.014634352469548943,0.0013916106694727786,0.019506877120429988,0.53116883116883118,0.46883116883116882,0,True,True,True,0.46883116883116882,False
mv50,revised_where_available,equal_image,P007,P009,1540,0.001690252225227029,0.013802962740369846,-0.029634110629162859,0.051206696123180996,-0.015224593509791605,0.00051874804971591137,0.018764478778232504,0.52012987012987011,0.47987012987012989,0,True,True,True,0.47987012987012989,False
mv50,revised_where_available,equal_image,P007,P010,1540,0.0041934405231683616,0.012008982540992892,-0.026886497988775938,0.036729901677190126,-0.011883855766222523,0.0041457648566124465,0.019741514359978899,0.60974025974025969,0.39025974025974025,0,True,True,True,0.39025974025974025,False
mv50,revised_where_available,equal_image,P007,P011,1540,-0.0031906468112274221,0.0069742121610553466,-0.025487246907660865,0.01852633604381481,-0.012127418898781857,-0.0035879014522057716,0.006245708883512455,0.30974025974025976,0.69025974025974024,0,True,True,True,0.30974025974025976,False
mv50,revised_where_available,equal_image,P007,P012,1540,-0.018191182425532831,0.0091960746144217481,-0.049348000216314428,0.0087616023996650479,-0.02962889447549737,-0.017642171401968353,-0.0068123693194710178,0.016233766233766232,0.98376623376623373,0,True,True,True,0.016233766233766232,False
mv50,revised_where_available,equal_image,P007,P014,1540,-0.0071836035501809947,0.0083098012314222446,-0.029710162381759147,0.026405673206420666,-0.017863463261950829,-0.007292978324269837,0.0038023093882919067,0.18246753246753247,0.81753246753246755,0,True,True,True,0.18246753246753247,False
mv50,revised_where_available,equal_image,P007,P017,1540,-0.053981882769638119,0.027877237976615211,-0.14273287413738253,-0.008526044513490455,-0.10546663866300618,-0.045584259913556906,-0.028885924756182776,0,1,0,False,False,False,0,False
mv50,revised_where_available,equal_image,P007,P018,1540,-0.0028709125001027251,0.012079192857132444,-0.033000988794679262,0.02945896025709744,-0.017413365564926207,-0.0048126892990136144,0.013636331271936161,0.40974025974025974,0.59025974025974026,0,True,True,True,0.40974025974025974,False
mv50,revised_where_available,equal_image,P007,P019,1540,0.0020155508799016503,0.013006235834262215,-0.03303872413900618,0.033877719392111545,-0.015055257779106788,0.0017887403815325608,0.019074608661654099,0.54090909090909089,0.45909090909090911,0,True,True,True,0.45909090909090911,False
mv50,revised_where_available,equal_image,P007,P020,1540,-0.0026203785897976443,0.0045356409080711899,-0.017806273971417791,0.015824006364266608,-0.0082093458304163293,-0.0027868870038064873,0.003106057082955489,0.27467532467532468,0.72532467532467537,0,True,True,True,0.27467532467532468,False
mv50,revised_where_available,equal_image,P007,P021,1540,0.00055052434127830817,0.012810151668686558,-0.033745052431528276,0.041956957285649896,-0.015076055372529722,-0.0012963994943194944,0.017116209326921702,0.47532467532467532,0.52467532467532463,0,True,True,True,0.52467532467532463,True
mv50,revised_where_available,equal_image,P007,P022,1540,-0.010678888863760186,0.015529943208465244,-0.056123800243281188,0.02469448501497341,-0.031309162225763597,-0.010015466291229461,0.0090647172389639284,0.26428571428571429,0.73571428571428577,0,True,True,True,0.26428571428571429,False
mv50,revised_where_available,equal_image,P007,P023,1540,-0.019706572883714479,0.0094868802845810788,-0.053724797163070256,0.0072669238238835202,-0.032215669471223202,-0.01901167096658346,-0.008053999534667091,0.0084415584415584409,0.99155844155844153,0,True,True,True,0.0084415584415584409,False
mv50,revised_where_available,equal_image,P007,P024,1540,0.0065717945350659288,0.013176468720280729,-0.027134940218498514,0.046401471573076482,-0.010224394743497641,0.0054832246153274037,0.023822233957871239,0.64740259740259742,0.35259740259740258,0,True,True,True,0.35259740259740258,False
mv50,revised_where_available,equal_image,P007,P025,1540,0.0050479909721686117,0.013567533651250222,-0.030731438307140285,0.045471706555088788,-0.012551736663016943,0.0049285424759172528,0.023023252699980339,0.63441558441558443,0.36558441558441557,0,True,True,True,0.36558441558441557,False
mv50,revised_where_available,equal_image,P007,P026,1540,0.00091179582352325108,0.013333227173247017,-0.032437314164762851,0.041585579242687812,-0.016296340424940242,0.00057164139987271741,0.018439582112327709,0.51688311688311683,0.48311688311688311,0,True,True,True,0.48311688311688311,False
mv50,revised_where_available,equal_image,P007,P027,1540,0.010414023062508269,0.012586049225203642,-0.018321154354912196,0.042002235425404558,-0.0055045749170166145,0.0096165668640936577,0.027181081197231602,0.76103896103896107,0.23896103896103896,0,True,True,True,0.23896103896103896,False
mv50,revised_where_available,equal_image,P008,P009,1540,-0.00068009228331494971,0.00092623565405734482,-0.0029433606989852867,0.0011622274742823708,-0.0020741604539638481,-0.00037699214011097798,0.00036171811848020505,0.32402597402597405,0.675974025974026,0,True,True,False,0.32402597402597405,False
mv50,revised_where_available,equal_image,P008,P010,1540,0.0018230960146263832,0.0096435402922538487,-0.041645131940099125,0.031184873293060557,-0.008998772997752558,0.0029931430735182733,0.011809698575911411,0.63506493506493511,0.36493506493506495,0,True,True,True,0.36493506493506495,False
mv50,revised_where_available,equal_image,P008,P011,1540,-0.0055609913197694023,0.013304085532880275,-0.055486469898186438,0.022957604677874666,-0.02270043826059568,-0.0043391049164513834,0.010864010586011868,0.41558441558441561,0.58441558441558439,0,True,True,True,0.41558441558441561,False
mv50,revised_where_available,equal_image,P008,P012,1540,-0.020561526934074807,0.012275339223772174,-0.079859696785814019,0.022717186510068977,-0.035293547806981664,-0.019478327758192769,-0.0070938664295435395,0.028571428571428571,0.97142857142857142,0,True,True,True,0.028571428571428571,False
mv50,revised_where_available,equal_image,P008,P014,1540,-0.0095539480587229723,0.014161052772335838,-0.065682565364300963,0.026116274526367323,-0.027455501279681004,-0.0076784807239629015,0.0069502302484750538,0.29480519480519479,0.70519480519480515,0,True,True,True,0.29480519480519479,False
mv50,revised_where_available,equal_image,P008,P017,1540,-0.056352227278180095,0.028085292661480608,-0.17634758421572791,-0.0074262907778033568,-0.10137043316841921,-0.050267889983357801,-0.026792358879271998,0,1,0,False,False,False,0,False
mv50,revised_where_available,equal_image,P008,P018,1540,-0.0052412570086447039,0.0085080735275139679,-0.047478752619188207,0.01661296569354568,-0.014750060798298315,-0.0042883034736418222,0.0041255389490721835,0.25194805194805192,0.74805194805194808,0,True,True,True,0.25194805194805192,False
mv50,revised_where_available,equal_image,P008,P019,1540,-0.00035479362864032838,0.007995105373059197,-0.048308517376144902,0.028143262750574282,-0.0090998168044442718,9.5596236854540712e-05,0.0083960253049798362,0.50714285714285712,0.49285714285714288,0,True,True,True,0.50714285714285712,True
mv50,revised_where_available,equal_image,P008,P020,1540,-0.0049907230983396228,0.013033532619064063,-0.056038643662852085,0.021771940100157768,-0.020893248963451339,-0.0031127697926418589,0.010339605517976719,0.42337662337662335,0.57662337662337659,0,True,True,True,0.42337662337662335,False
mv50,revised_where_available,equal_image,P008,P021,1540,-0.0018198201672636704,0.0072449968190167824,-0.03426391226295819,0.02288751976399318,-0.010519317689740697,-0.0016779612281950505,0.0064640413087108774,0.38766233766233765,0.61233766233766229,0,True,True,True,0.38766233766233765,False
mv50,revised_where_available,equal_image,P008,P022,1540,-0.013049233372302165,0.011960591651890751,-0.071000170628944786,0.025502148338894758,-0.029861252982139382,-0.011163962752259777,-8.1145696818274017e-05,0.098701298701298706,0.90129870129870127,0,True,True,True,0.098701298701298706,False
mv50,revised_where_available,equal_image,P008,P023,1540,-0.022076917392256454,0.013552582182496652,-0.083124461141502209,0.020757035139630654,-0.038808416239164707,-0.02185566651994137,-0.0063769775770092345,0.018831168831168831,0.98116883116883113,0,True,True,True,0.018831168831168831,False
mv50,revised_where_available,equal_image,P008,P024,1540,0.0042014500265239495,0.0060048065358632276,-0.025942861909802328,0.020084335679875533,-0.0029992020532654904,0.0046142236247012939,0.011157615300701912,0.79675324675324677,0.20324675324675326,0,True,True,True,0.20324675324675326,False
mv50,revised_where_available,equal_image,P008,P025,1540,0.0026776464636266324,0.010068139494898223,-0.045237688080554707,0.032313048310216766,-0.0093522165662633504,0.0035763423524025548,0.013874513849587327,0.6532467532467533,0.34675324675324676,0,True,True,True,0.34675324675324676,False
mv50,revised_where_available,equal_image,P008,P026,1540,-0.0014585486850187273,0.0099299509045010642,-0.050158537573854155,0.03112389456201816,-0.012041163034432294,-0.0011135752071068732,0.0097840709147952419,0.44675324675324674,0.55324675324675321,0,True,True,True,0.44675324675324674,False
mv50,revised_where_available,equal_image,P008,P027,1540,0.0080436785539662881,0.0092053248789169279,-0.049858564823742617,0.033414790405692417,-0.0030106990456928865,0.0093343928699538802,0.018030078539646919,0.85324675324675325,0.14675324675324675,0,True,True,True,0.14675324675324675,False
mv50,revised_where_available,equal_image,P009,P010,1540,0.0025031882979413326,0.0096177699171795649,-0.039472180922977482,0.033555605776814351,-0.0085282812423727455,0.0034425664788334878,0.012426869458407921,0.66428571428571426,0.33571428571428569,0,True,True,True,0.33571428571428569,False
mv50,revised_where_available,equal_image,P009,P011,1540,-0.0048808990364544516,0.013423787697177642,-0.055346811623522618,0.023203789945289099,-0.022032864678930592,-0.0037325508619952142,0.011638337014275081,0.42792207792207793,0.57207792207792207,0,True,True,True,0.42792207792207793,False
mv50,revised_where_available,equal_image,P009,P012,1540,-0.019881434650759863,0.012346535970816506,-0.079727282558669788,0.022877767693302554,-0.034316140933473897,-0.018911153916186856,-0.0061443937250381473,0.030519480519480519,0.9694805194805195,0,True,True,True,0.030519480519480519,False
mv50,revised_where_available,equal_image,P009,P014,1540,-0.0088738557754080225,0.014140359434054046,-0.063400969442870381,0.028140136466502947,-0.026929272639326509,-0.0070945185779603707,0.0077965780642161231,0.31558441558441558,0.68441558441558437,0,True,True,True,0.31558441558441558,False
mv50,revised_where_available,equal_image,P009,P017,1540,-0.055672134994865147,0.028140969876888178,-0.17590808757857679,-0.008180888888254528,-0.10090489530508134,-0.049626584827138817,-0.026289665736513715,0,1,0,False,False,False,0,False
mv50,revised_where_available,equal_image,P009,P018,1540,-0.0045611647253297541,0.0085561931354705204,-0.047337760853019224,0.016999489613615248,-0.014493846206068611,-0.0036130008411968161,0.00479125459824686,0.2779220779220779,0.7220779220779221,0,True,True,True,0.2779220779220779,False
mv50,revised_where_available,equal_image,P009,P019,1540,0.00032529865467462155,0.0078434223794005258,-0.048288689255263362,0.028132407014772053,-0.0085358625857702847,0.00083150751728482413,0.008916891805466242,0.55714285714285716,0.44285714285714284,0,True,True,True,0.44285714285714284,False
mv50,revised_where_available,equal_image,P009,P020,1540,-0.0043106308150246729,0.013104634513542508,-0.055776530125149403,0.023295185063038536,-0.020104427758151133,-0.0024855064132111694,0.011245941178852008,0.43961038961038962,0.56038961038961044,0,True,True,True,0.43961038961038962,False
mv50,revised_where_available,equal_image,P009,P021,1540,-0.001139727883948721,0.0072880583432743161,-0.034048805549991373,0.024930880881120408,-0.0096491492884147479,-0.0010335836526057379,0.0074173348158718079,0.42467532467532465,0.57532467532467535,0,True,True,True,0.42467532467532465,False
mv50,revised_where_available,equal_image,P009,P022,1540,-0.012369141088987214,0.011879606331861569,-0.070857653816560742,0.025467375881529232,-0.029154435853674342,-0.010364697419849215,0.00076253393118044745,0.11623376623376623,0.88376623376623376,0,True,True,True,0.11623376623376623,False
mv50,revised_where_available,equal_image,P009,P023,1540,-0.021396825108941506,0.0135652704598436,-0.082909354428535392,0.020591603881693742,-0.037910656568531383,-0.02091703431230589,-0.0056084441468087221,0.022077922077922078,0.97792207792207797,0,True,True,True,0.022077922077922078,False
mv50,revised_where_available,equal_image,P009,P024,1540,0.0048815423098388993,0.0060468074537316169,-0.025023031745411574,0.020049563222510003,-0.0022177701646122752,0.0053893491287508068,0.012020803769353437,0.82792207792207795,0.17207792207792208,0,True,True,True,0.17207792207792208,False
mv50,revised_where_available,equal_image,P009,P025,1540,0.0033577387469415827,0.010011950595394621,-0.045166978214696646,0.032081041343852,-0.0085611303615074283,0.0041463778195332647,0.014223852311744892,0.68441558441558437,0.31558441558441558,0,True,True,True,0.31558441558441558,False
mv50,revised_where_available,equal_image,P009,P026,1540,-0.00077845640170377795,0.0098317570165408798,-0.050170509265536387,0.030958463304081252,-0.011179118233033965,-0.00037553261798909385,0.010339337525234289,0.47922077922077921,0.52077922077922079,0,True,True,True,0.47922077922077921,False
mv50,revised_where_available,equal_image,P009,P027,1540,0.0087237708372812396,0.0092883526512840143,-0.049794515962556636,0.033403934669890188,-0.0024205319939209907,0.010067736642967662,0.018870598367852692,0.86493506493506489,0.13506493506493505,0,True,True,True,0.13506493506493505,False
mv50,revised_where_available,equal_image,P010,P011,1540,-0.0073840873343957837,0.010903568221413182,-0.032721975178810446,0.023796946310194668,-0.021324568276423359,-0.0070800471085002877,0.0063983928407630852,0.31233766233766236,0.68766233766233764,0,True,True,True,0.31233766233766236,False
mv50,revised_where_available,equal_image,P010,P012,1540,-0.02238462294870119,0.010117423090614371,-0.062671609460334426,0.015734244213648607,-0.035392936420260257,-0.021944560907439587,-0.0098738949461632166,0.00974025974025974,0.99025974025974028,0,True,True,True,0.00974025974025974,False
mv50,revised_where_available,equal_image,P010,P014,1540,-0.011377044073349355,0.010487425258403,-0.033512418194869387,0.0060036891443463972,-0.025908001230267153,-0.006892360241948098,-3.9748361145664155e-05,0.096103896103896108,0.90389610389610386,0,True,True,True,0.096103896103896108,False
mv50,revised_where_available,equal_image,P010,P017,1540,-0.058175323292806488,0.028533019410393181,-0.15599164178648789,-0.0077136282661384474,-0.10660152974065371,-0.052591742916461737,-0.028947917244618863,0,1,0,False,False,False,0,False
mv50,revised_where_available,equal_image,P010,P018,1540,-0.0070643530232710871,0.0085252163126372515,-0.044038836163552225,0.014699214501775021,-0.017598767381231901,-0.006439963705498767,0.0030194735528656009,0.18441558441558442,0.81558441558441563,0,True,True,True,0.18441558441558442,False
mv50,revised_where_available,equal_image,P010,P019,1540,-0.0021778896432667113,0.0078394137088083227,-0.036212204938840746,0.017878573232198741,-0.012304600192048362,-0.0011148378142437326,0.0065356979538325017,0.42272727272727273,0.57727272727272727,0,True,True,True,0.42272727272727273,False
mv50,revised_where_available,equal_image,P010,P020,1540,-0.0068138191129660059,0.011242835885440811,-0.038788782221097835,0.025355787217939123,-0.021314436558744692,-0.0067113921784024257,0.0082095466736040075,0.30454545454545456,0.69545454545454544,0,True,True,True,0.30454545454545456,False
mv50,revised_where_available,equal_image,P010,P021,1540,-0.0036429161818900533,0.0099516194764052764,-0.03971434633919229,0.028471022925890051,-0.015909623139913467,-0.0034509182656487225,0.0086079663704295897,0.34610389610389608,0.65389610389610386,0,True,True,True,0.34610389610389608,False
mv50,revised_where_available,equal_image,P010,P022,1540,-0.014872329386928547,0.011566104578692239,-0.065858055050195347,0.017345624370393765,-0.031315544855622067,-0.012591510311372359,-0.0022533193572827023,0.048701298701298704,0.95129870129870131,0,True,True,True,0.048701298701298704,False
mv50,revised_where_available,equal_image,P010,P023,1540,-0.023900013406882841,0.0121073263209536,-0.062267211846567069,0.014226030640484588,-0.039180388912488172,-0.02445393088081519,-0.0086569223817269132,0.0064935064935064939,0.99350649350649356,0,True,True,True,0.0064935064935064939,False
mv50,revised_where_available,equal_image,P010,P024,1540,0.0023783540118975668,0.0085778629863127957,-0.027263088670996371,0.030914192858993217,-0.0080307015315880369,0.0023954204533020943,0.012431164283137697,0.63376623376623376,0.36623376623376624,0,True,True,True,0.36623376623376624,False
mv50,revised_where_available,equal_image,P010,P025,1540,0.00085455044900024934,0.0072966786907378229,-0.029083228398741369,0.020839189571479639,-0.0084125628384099458,0.0010502639323921093,0.010022640984044092,0.56558441558441563,0.43441558441558442,0,True,True,True,0.43441558441558442,False
mv50,revised_where_available,equal_image,P010,P026,1540,-0.0032816446996451112,0.0068353398742131821,-0.03338030135376676,0.024592890062872096,-0.011839561796164803,-0.0030793967475555629,0.0053076599055995747,0.30714285714285716,0.69285714285714284,0,True,True,True,0.30714285714285716,False
mv50,revised_where_available,equal_image,P010,P027,1540,0.0062205825393399066,0.0066262044490277431,-0.021446195866520877,0.023798938305955999,-0.00214302039358138,0.0067079992482303279,0.014477107510716252,0.84155844155844151,0.15844155844155844,0,True,True,True,0.15844155844155844,False
mv50,revised_where_available,equal_image,P011,P012,1540,-0.015000535614305407,0.010114397888329007,-0.048315988847466199,0.012842449350872087,-0.028472698411367566,-0.014618748553519799,-0.0020625141312638354,0.060389610389610389,0.93961038961038956,0,True,True,True,0.060389610389610389,False
mv50,revised_where_available,equal_image,P011,P014,1540,-0.0039929567389535717,0.0056547658825511372,-0.025435936328565074,0.014613184625773112,-0.010898869146459603,-0.0038548422294825357,0.0028879645432939092,0.22207792207792207,0.7779220779220779,0,True,True,True,0.22207792207792207,False
mv50,revised_where_available,equal_image,P011,P017,1540,-0.050791235958410695,0.027239852055734443,-0.14196956766718269,-0.01001499043171139,-0.10180336984898629,-0.042483245613916393,-0.026543282230432945,0,1,0,False,False,False,0,False
mv50,revised_where_available,equal_image,P011,P018,1540,0.00031973431112469796,0.012385946999259625,-0.035816234364183075,0.027637066350075949,-0.014998300787503341,-0.00072408267496182062,0.017016961237127044,0.48116883116883119,0.51883116883116887,0,True,True,True,0.51883116883116887,True
mv50,revised_where_available,equal_image,P011,P019,1540,0.0052061976911290725,0.012863195561188267,-0.028862275496085776,0.035258508439032735,-0.011691485278381562,0.0050131306019407726,0.021910859480658542,0.63506493506493511,0.36493506493506495,0,True,True,True,0.36493506493506495,False
mv50,revised_where_available,equal_image,P011,P020,1540,0.00057026822142977878,0.0062763993566717722,-0.017970444145969496,0.018554429884285552,-0.0074967926816530868,0.00080478300548958155,0.0089786485914402324,0.54415584415584417,0.45584415584415583,0,True,True,True,0.45584415584415583,False
mv50,revised_where_available,equal_image,P011,P021,1540,0.0037411711525057313,0.013596124871353584,-0.032520091743836452,0.045831598922099759,-0.012842407900406758,0.0027400597579868872,0.022021809629635087,0.57272727272727275,0.42727272727272725,0,True,True,True,0.42727272727272725,False
mv50,revised_where_available,equal_image,P011,P022,1540,-0.0074882420525327629,0.0156633838343214,-0.055048371913806703,0.027721683209492587,-0.0283369576529513,-0.0061990242213062026,0.012208826914792767,0.35064935064935066,0.64935064935064934,0,True,True,True,0.35064935064935066,False
mv50,revised_where_available,equal_image,P011,P023,1540,-0.016515926072487055,0.0087036283605828706,-0.048514566562658429,0.016636382398725079,-0.028584975992835909,-0.015607354210816927,-0.0063362458194748065,0.012987012987012988,0.98701298701298701,0,True,True,True,0.012987012987012988,False
mv50,revised_where_available,equal_image,P011,P024,1540,0.0097624413462933518,0.013180793076379949,-0.024654653269578754,0.04947934237371298,-0.0074617641215194543,0.0093891054619742592,0.027118524864173241,0.74025974025974028,0.25974025974025972,0,True,True,True,0.25974025974025972,False
mv50,revised_where_available,equal_image,P011,P025,1540,0.0082386377833960339,0.012918095793124184,-0.022057129710421258,0.044469635314647128,-0.0089631823737997378,0.0079812090383148508,0.024865750948727106,0.69155844155844159,0.30844155844155846,0,True,True,True,0.30844155844155846,False
mv50,revised_where_available,equal_image,P011,P026,1540,0.0041024426347506743,0.012690153531378142,-0.027215966322812819,0.041688450286596124,-0.012214001358742666,0.0040902362082896786,0.020893440503105695,0.58376623376623371,0.41623376623376623,0,True,True,True,0.41623376623376623,False
mv50,revised_where_available,equal_image,P011,P027,1540,0.013604669873735691,0.012682319767893448,-0.025216012753938831,0.047781727280246503,-0.0023450851237735125,0.013088296075154156,0.030343259034656792,0.84480519480519478,0.15519480519480519,0,True,True,True,0.15519480519480519,False
mv50,revised_where_available,equal_image,P012,P014,1540,0.011007578875351835,0.0098365347882843086,-0.018599829227256781,0.051171113970713479,-0.0011514338496953001,0.010656824070480877,0.023852761196159547,0.86558441558441557,0.1344155844155844,0,True,True,True,0.1344155844155844,False
mv50,revised_where_available,equal_image,P012,P017,1540,-0.035790700344105288,0.02667071620663275,-0.12543380763941694,-0.0019515857025773826,-0.08915552173029731,-0.027768341392687967,-0.012905055106471927,0,1,0,False,False,False,0,False
mv50,revised_where_available,equal_image,P012,P018,1540,0.015320269925430107,0.010134313524226723,-0.018932859474719919,0.048361305705669363,0.0022794602453611568,0.014935255502435525,0.028382260428745403,0.93766233766233764,0.062337662337662338,0,True,True,True,0.062337662337662338,False
mv50,revised_where_available,equal_image,P012,P019,1540,0.020206733305434481,0.010208546019528917,-0.0099749599145030673,0.053258667744761581,0.0078819519710328426,0.019684176641410311,0.033966286283289002,0.98246753246753249,0.017532467532467531,0,True,True,True,0.017532467532467531,False
mv50,revised_where_available,equal_image,P012,P020,1540,0.015570803835735185,0.0089179836890551419,-0.0091905315279282203,0.052903810616793466,0.005004552294675663,0.014963973600062897,0.026769420453423141,0.97662337662337662,0.023376623376623377,0,True,True,True,0.023376623376623377,False
mv50,revised_where_available,equal_image,P012,P021,1540,0.018741706766811139,0.011219441621777322,-0.018009979029794176,0.0579732552526541,0.0053965377056037203,0.018168675265993622,0.032716141265288705,0.9668831168831169,0.033116883116883114,0,True,True,True,0.033116883116883114,False
mv50,revised_where_available,equal_image,P012,P022,1540,0.0075122935617726446,0.010830071979188612,-0.0263624311042631,0.033113646316803108,-0.0062417800857765765,0.0084367856232691364,0.02139149963364154,0.74285714285714288,0.25714285714285712,0,True,True,True,0.25714285714285712,False
mv50,revised_where_available,equal_image,P012,P023,1540,-0.0015153904581816468,0.0071019458513605898,-0.023440098262765691,0.022260635837859422,-0.010782051254646669,-0.0016052301376671906,0.0072189815044852211,0.40129870129870132,0.59870129870129873,0,True,True,True,0.40129870129870132,False
mv50,revised_where_available,equal_image,P012,P024,1540,0.024762976960598759,0.011011577981205219,-0.017791511737322054,0.068027624173150739,0.011337006577831472,0.024643402012388651,0.038164636564310322,0.98896103896103893,0.011038961038961039,0,True,True,True,0.011038961038961039,False
mv50,revised_where_available,equal_image,P012,P025,1540,0.02323917339770144,0.010867755751192126,-0.016312318690625872,0.056504577047939528,0.0097689964840370867,0.02265215375997796,0.037721920738049773,0.98636363636363633,0.013636363636363636,0,True,True,True,0.013636363636363636,False
mv50,revised_where_available,equal_image,P012,P026,1540,0.019102978249056081,0.010527236655326263,-0.013195945640964778,0.053753124740888648,0.0056836662542951418,0.018440256028415404,0.033483246203996765,0.97467532467532469,0.025324675324675326,0,True,True,True,0.025324675324675326,False
mv50,revised_where_available,equal_image,P012,P027,1540,0.028605205488041099,0.010361781720241822,-0.00617281979105796,0.062255736674596954,0.015893609835453449,0.028053754920859063,0.042247343932305795,0.99870129870129876,0.0012987012987012987,0,True,True,True,0.0012987012987012987,False
mv50,revised_where_available,equal_image,P014,P017,1540,-0.046798279219457124,0.026970317598285557,-0.14506093556375074,-0.0075973306461914053,-0.099810961812147242,-0.037537423561153763,-0.023997238506630707,0,1,0,False,False,False,0,False
mv50,revised_where_available,equal_image,P014,P018,1540,0.0043126910500782692,0.013519202797787795,-0.04434208990724349,0.040028821637559907,-0.011857286558495713,0.0029141044845648915,0.022343409580734393,0.57597402597402603,0.42402597402597403,0,True,True,True,0.42402597402597403,False
mv50,revised_where_available,equal_image,P014,P019,1540,0.0091991544300826459,0.013128664425811263,-0.032068405380266805,0.038502640451397729,-0.0072847189091743781,0.0081984729650746314,0.026943916312512903,0.72727272727272729,0.27272727272727271,0,True,True,True,0.27272727272727271,False
mv50,revised_where_available,equal_image,P014,P020,1540,0.0045632249603833504,0.0074776741490150279,-0.022081065573880197,0.027028411477409385,-0.0048044097571040929,0.004780840962744959,0.013794974982634763,0.74610389610389616,0.2538961038961039,0,True,True,True,0.2538961038961039,False
mv50,revised_where_available,equal_image,P014,P021,1540,0.0077341278914593026,0.014572490842890454,-0.036531269468048425,0.054011566733931551,-0.010330813497095959,0.0071144901233327357,0.026375045916724477,0.66103896103896109,0.33896103896103896,0,True,True,True,0.33896103896103896,False
mv50,revised_where_available,equal_image,P014,P022,1540,-0.0034952853135791911,0.015504034492491835,-0.057903371133116208,0.028152333441188521,-0.025098781408495845,-0.0028500805046052487,0.01582416307126417,0.42597402597402595,0.574025974025974,0,True,True,True,0.42597402597402595,False
mv50,revised_where_available,equal_image,P014,P023,1540,-0.012522969333533482,0.0080580583680624068,-0.046629598714397077,0.015400060163270436,-0.023514488817445733,-0.011535341066653441,-0.0033559615230691502,0.031818181818181815,0.96818181818181814,0,True,True,True,0.031818181818181815,False
mv50,revised_where_available,equal_image,P014,P024,1540,0.013755398085246921,0.013743554550838083,-0.025983473908859734,0.053418703030042314,-0.0031686644222169323,0.012269284428374888,0.03176609656744267,0.83636363636363631,0.16363636363636364,0,True,True,True,0.16363636363636364,False
mv50,revised_where_available,equal_image,P014,P025,1540,0.012231594522349606,0.012890051722347815,-0.025461137975998239,0.048615823342244624,-0.0036441597524927878,0.010878332845888121,0.029212304176178264,0.81038961038961044,0.18961038961038962,0,True,True,True,0.18961038961038962,False
mv50,revised_where_available,equal_image,P014,P026,1540,0.008095399373704246,0.012521942292816491,-0.027374420404306869,0.044646068980026397,-0.0069541994137425093,0.0067333520115478553,0.024317449647944807,0.67402597402597397,0.32597402597402597,0,True,True,True,0.32597402597402597,False
mv50,revised_where_available,equal_image,P014,P027,1540,0.017597626612689262,0.012792628788056126,-0.016779160747268144,0.051730464474456152,0.0024139287595003225,0.016114569332772402,0.034947238554019808,0.9363636363636364,0.06363636363636363,0,True,True,True,0.06363636363636363,False
mv50,revised_where_available,equal_image,P017,P018,1540,0.051110970269535393,0.02809715638398913,0.005928606932828373,0.1532271665718094,0.021637072245530353,0.045646591720147719,0.096834875604589449,1,0,0,False,False,False,0,False
mv50,revised_where_available,equal_image,P017,P019,1540,0.055997433649539768,0.028539024620401445,0.0069370887428074849,0.15374926835890054,0.02555971125151665,0.050238721597429661,0.10348047049767724,1,0,0,False,False,False,0,False
mv50,revised_where_available,equal_image,P017,P020,1540,0.051361504179840471,0.027487553700325733,0.012148885152452243,0.14348128252606102,0.027190518484242858,0.042853816075590051,0.10440285955324352,1,0,0,False,False,False,0,False
mv50,revised_where_available,equal_image,P017,P021,1540,0.054532407110916427,0.028174590427128728,0.0063960151559216026,0.16222730071641694,0.024353695114725748,0.048822474461006085,0.099314668866465214,1,0,0,False,False,False,0,False
mv50,revised_where_available,equal_image,P017,P022,1540,0.043302993905877933,0.023901655654426961,0.0073735677437648025,0.12737936797890961,0.017543929519218252,0.040163363004863187,0.080056903077324992,1,0,0,False,False,False,0,False
mv50,revised_where_available,equal_image,P017,P023,1540,0.034275309885923644,0.025399699949537422,0.0040393818428633432,0.11568866363586232,0.013804434783628184,0.024218979348412644,0.087045030980604565,1,0,0,False,False,False,0,False
mv50,revised_where_available,equal_image,P017,P024,1540,0.060553677304704047,0.028130373311169281,0.0066059922680476672,0.16948650990281164,0.031173288646385279,0.054982672782346788,0.10656313658682209,1,0,0,False,False,False,0,False
mv50,revised_where_available,equal_image,P017,P025,1540,0.059029873741806731,0.028995157003054405,0.0097571594159033218,0.1512384860164396,0.028013270208663513,0.053283130783671979,0.10555408954688313,1,0,0,False,False,False,0,False
mv50,revised_where_available,equal_image,P017,P026,1540,0.054893678593161369,0.029386190120574005,0.007487364879226294,0.15267649495776214,0.024480121030659833,0.048857979821390826,0.10433740254745594,1,0,0,False,False,False,0,False
mv50,revised_where_available,equal_image,P017,P027,1540,0.064395905832146383,0.029143246619319933,0.011843469045509463,0.16384660653073987,0.034245242631470899,0.058657257998353404,0.11030787765402345,1,0,0,False,False,False,0,False
mv50,revised_where_available,equal_image,P018,P019,1540,0.0048864633800043758,0.0066154382557089631,-0.019506130721808779,0.025432797022075737,-0.0040474553581518772,0.0055640975757696998,0.012739533659913611,0.79480519480519485,0.20519480519480521,0,True,True,True,0.20519480519480521,False
mv50,revised_where_available,equal_image,P018,P020,1540,0.00025053391030508066,0.011557593898348192,-0.029025977554291271,0.024422511031687848,-0.01549387665722271,0.0026881974121298656,0.014054873222350652,0.55259740259740264,0.44740259740259741,0,True,True,True,0.44740259740259741,False
mv50,revised_where_available,equal_image,P018,P021,1540,0.0034214368413810329,0.0054223362869167775,-0.010392755755967159,0.02287870241527034,-0.00284497585366372,0.0028946217279249369,0.010349485272705137,0.73701298701298701,0.26298701298701299,0,True,True,True,0.26298701298701299,False
mv50,revised_where_available,equal_image,P018,P022,1540,-0.0078079763636574612,0.0098312767719837581,-0.042664917346216379,0.024890863571655285,-0.021563679102607144,-0.0061067615247773904,0.0033747847999907907,0.21363636363636362,0.78636363636363638,0,True,True,True,0.21363636363636362,False
mv50,revised_where_available,equal_image,P018,P023,1540,-0.016835660383611752,0.012544519977126026,-0.05810761835862991,0.017303555749348588,-0.032839764658721668,-0.016889670244913325,-0.00073486063623561025,0.083766233766233766,0.91623376623376629,0,True,True,True,0.083766233766233766,False
mv50,revised_where_available,equal_image,P018,P024,1540,0.0094427070351686525,0.0070451896430317705,-0.015696517346959222,0.032558530210446392,0.00063565860417890373,0.0095369949175076064,0.018178696652596374,0.91948051948051945,0.080519480519480519,0,True,True,True,0.080519480519480519,False
mv50,revised_where_available,equal_image,P018,P025,1540,0.0079189034722713363,0.0087027997040357383,-0.01549149470529489,0.036529873969676344,-0.0038287314838370248,0.0083366604275018144,0.018578196286307073,0.811038961038961,0.18896103896103897,0,True,True,True,0.18896103896103897,False
mv50,revised_where_available,equal_image,P018,P026,1540,0.0037827083236259764,0.0082710007897170458,-0.020116905313594381,0.030789374452569664,-0.006781999348222237,0.0038178442728092456,0.014355001361960055,0.68506493506493504,0.31493506493506496,0,True,True,True,0.31493506493506496,False
mv50,revised_where_available,equal_image,P018,P027,1540,0.013284935562610992,0.0069093256655570357,-0.0086397771974890368,0.036401109664400647,0.0042446029734792279,0.01339390923462138,0.022358652366172307,0.96883116883116882,0.031168831168831169,0,True,True,True,0.031168831168831169,False
mv50,revised_where_available,equal_image,P019,P020,1540,-0.0046359294696992947,0.012014684731054119,-0.034804268204660226,0.028527671051227721,-0.020140545978233726,-0.0041036329780636633,0.010879864955310438,0.41168831168831171,0.58831168831168834,0,True,True,True,0.41168831168831171,False
mv50,revised_where_available,equal_image,P019,P021,1540,-0.0014650265386233422,0.0077614093720215563,-0.02826073869893897,0.028703541952306601,-0.010833555144038534,-0.0020410536850469577,0.0090600726897245472,0.38246753246753246,0.61753246753246749,0,True,True,True,0.38246753246753246,False
mv50,revised_where_available,equal_image,P019,P022,1540,-0.012694439743661835,0.0089710778340196147,-0.039765971362751909,0.0076953679442885586,-0.026166085421630375,-0.010971250989438592,-0.0027224143022844746,0.051298701298701302,0.94870129870129871,0,True,True,True,0.051298701298701302,False
mv50,revised_where_available,equal_image,P019,P023,1540,-0.021722123763616125,0.011970171127546954,-0.05735614589948819,0.005075010810397085,-0.037183012720159399,-0.020740666965958596,-0.0072070453961291759,0.0051948051948051948,0.9948051948051948,0,True,True,True,0.0051948051948051948,False
mv50,revised_where_available,equal_image,P019,P024,1540,0.0045562436551642776,0.0052329110790722208,-0.0137691773705776,0.023265657509851788,-0.0014459220757096101,0.0044023930206711966,0.010475213470231714,0.84220779220779218,0.15779220779220779,0,True,True,True,0.15779220779220779,False
mv50,revised_where_available,equal_image,P019,P025,1540,0.0030324400922669605,0.0058330215582627336,-0.016401420986806203,0.019358566235819809,-0.0049155451425432414,0.0036000605146815469,0.0099238174993734954,0.70844155844155843,0.29155844155844157,0,True,True,True,0.29155844155844157,False
mv50,revised_where_available,equal_image,P019,P026,1540,-0.0011037550563783992,0.0055041062823196832,-0.01725043471297711,0.017282741055980148,-0.0081098173745950079,-0.0012804559115691754,0.0058824595489416487,0.40389610389610392,0.59610389610389614,0,True,True,True,0.40389610389610392,False
mv50,revised_where_available,equal_image,P019,P027,1540,0.0083984721826066179,0.0058259080687636218,-0.011032482472675475,0.025985387322403804,0.00073456833786352818,0.0083221022531958719,0.015893402139438018,0.92207792207792205,0.07792207792207792,0,True,True,True,0.07792207792207792,False
mv50,revised_where_available,equal_image,P020,P021,1540,0.0031709029310759522,0.012606770704742042,-0.023285522645936897,0.041461704316948809,-0.011989788524682164,0.0015292229356802995,0.018559479161051294,0.52272727272727271,0.47727272727272729,0,True,True,True,0.47727272727272729,False
mv50,revised_where_available,equal_image,P020,P022,1540,-0.0080585102739625415,0.015012438434166685,-0.05548423822132844,0.025076006319043647,-0.028565552378387916,-0.0078118330545407545,0.010561885852606359,0.32922077922077925,0.67077922077922081,0,True,True,True,0.32922077922077925,False
mv50,revised_where_available,equal_image,P020,P023,1540,-0.017086194293916834,0.00861345039350935,-0.051655215774589459,0.0071164959297680963,-0.028274459951885426,-0.016352462040066434,-0.0069530945364785152,0.014285714285714285,0.98571428571428577,0,True,True,True,0.014285714285714285,False
mv50,revised_where_available,equal_image,P020,P024,1540,0.0091921731248635723,0.012295072912014432,-0.024236795907774812,0.046455733709798684,-0.0060709324810926616,0.0081855565929976927,0.025514309804107137,0.72857142857142854,0.27142857142857141,0,True,True,True,0.27142857142857141,False
mv50,revised_where_available,equal_image,P020,P025,1540,0.007668369561966256,0.012680690620379902,-0.030589535209673446,0.045261394868833925,-0.0082571058236923425,0.0073300060938686282,0.024582613404325642,0.69740259740259736,0.30259740259740259,0,True,True,True,0.30259740259740259,False
mv50,revised_where_available,equal_image,P020,P026,1540,0.0035321744133208952,0.012142283922272772,-0.026655089495739283,0.036082014220789202,-0.011786965276760365,0.0027940753086057131,0.019762151052135725,0.56948051948051948,0.43051948051948052,0,True,True,True,0.43051948051948052,False
mv50,revised_where_available,equal_image,P020,P027,1540,0.013034401652305913,0.011821049881186499,-0.014172895030263311,0.042028615454931181,-0.0024496268585266841,0.011708979052018224,0.028526145107445479,0.84545454545454546,0.15454545454545454,0,True,True,True,0.15454545454545454,False
mv50,revised_where_available,equal_image,P021,P022,1540,-0.011229413205038494,0.01119950140070247,-0.050819399291321489,0.025993917329923077,-0.025597841479102622,-0.010356426541314622,0.0031428208519971913,0.15779220779220779,0.84220779220779218,0,True,True,True,0.15779220779220779,False
mv50,revised_where_available,equal_image,P021,P023,1540,-0.020257097224992787,0.013458106225958475,-0.060753281472983832,0.018641699748709762,-0.037938160734129638,-0.020106102743904543,-0.0032170840378283514,0.046103896103896105,0.95389610389610391,0,True,True,True,0.046103896103896105,False
mv50,revised_where_available,equal_image,P021,P024,1540,0.0060212701937876209,0.006284523175882871,-0.019034335276586302,0.024771946830242902,-0.0017374152204401954,0.0068768371081073696,0.013133346839224593,0.84740259740259738,0.15259740259740259,0,True,True,True,0.15259740259740259,False
mv50,revised_where_available,equal_image,P021,P025,1540,0.004497466630890303,0.010213922350319624,-0.031843293406688282,0.031922143443189901,-0.0086315146389763803,0.0047078904749294041,0.017222509554018252,0.68701298701298696,0.31298701298701298,0,True,True,True,0.31298701298701298,False
mv50,revised_where_available,equal_image,P021,P026,1540,0.00036127148224494301,0.010178337415348362,-0.031160096300211725,0.029805418739441945,-0.013241747263283926,0.00053726123088592976,0.013160630715995308,0.52532467532467531,0.47467532467532469,0,True,True,True,0.47467532467532469,False
mv50,revised_where_available,equal_image,P021,P027,1540,0.0098634987212299595,0.008357619712841307,-0.022052622375679058,0.034262629870793759,-0.0013593877401794163,0.011034184811062737,0.020069142095863746,0.87402597402597404,0.12597402597402596,0,True,True,True,0.12597402597402596,False
mv50,revised_where_available,equal_image,P022,P023,1540,-0.0090276840199542911,0.01301837803433193,-0.033793542100985556,0.027643975371694468,-0.02460884535158149,-0.0083845250477832742,0.009157295981658679,0.2525974025974026,0.7474025974025974,0,True,True,True,0.2525974025974026,False
mv50,revised_where_available,equal_image,P022,P024,1540,0.017250683398826114,0.0099541734280337163,-0.0071782274525835745,0.054153702192739253,0.0057451888419696746,0.016114762957382459,0.031411335210292372,0.98116883116883113,0.018831168831168831,0,True,True,True,0.018831168831168831,False
mv50,revised_where_available,equal_image,P022,P025,1540,0.015726879835928794,0.009413773659508174,-0.00850930267850682,0.04304632257816339,0.005066021249303233,0.014049789498692681,0.030315839438369244,0.98311688311688317,0.016883116883116882,0,True,True,True,0.016883116883116882,False
mv50,revised_where_available,equal_image,P022,P026,1540,0.011590684687283435,0.0094384234926608059,-0.0047359029522684561,0.036182728356344576,0.0020126547201701605,0.0084717050724921507,0.027705281562790274,0.96233766233766238,0.037662337662337661,0,True,True,False,0.037662337662337661,False
mv50,revised_where_available,equal_image,P022,P027,1540,0.021092911926268453,0.010776643124523821,-0.0077841999478031167,0.059113813715642879,0.0079656705927319132,0.019829819939637783,0.03692124088201483,0.99415584415584413,0.0058441558441558444,0,True,True,True,0.0058441558441558444,False
mv50,revised_where_available,equal_image,P023,P024,1540,0.026278367418780407,0.012765285863992816,-0.014341159108984657,0.071432260811301634,0.01105208342823678,0.025783445782650731,0.042785511336500701,0.99415584415584413,0.0058441558441558444,0,True,True,True,0.0058441558441558444,False
mv50,revised_where_available,equal_image,P023,P025,1540,0.024754563855883087,0.012428341985582091,-0.01138996559203106,0.062532645467457015,0.0097255107811067467,0.023258731678951306,0.041163202595616004,0.99155844155844153,0.0084415584415584409,0,True,True,True,0.0084415584415584409,False
mv50,revised_where_available,equal_image,P023,P026,1540,0.020618368707237728,0.012089613373702365,-0.009890243864759396,0.058043162500316825,0.0057209617437834377,0.020228131212712712,0.036244709502329324,0.98311688311688317,0.016883116883116882,0,True,True,True,0.016883116883116882,False
mv50,revised_where_available,equal_image,P023,P027,1540,0.030120595946222746,0.013150469867218954,-0.0065808375176903576,0.076673042787754414,0.0137480012634598,0.029605378668058003,0.047590098686250443,0.99610389610389616,0.0038961038961038961,0,True,True,True,0.0038961038961038961,False
mv50,revised_where_available,equal_image,P024,P025,1540,-0.0015238035628973173,0.0079376063265455543,-0.034316393982970525,0.01992899626838383,-0.011530417521049293,-0.0012650468478861724,0.0081002367736922876,0.44090909090909092,0.55909090909090908,0,True,True,True,0.44090909090909092,False
mv50,revised_where_available,equal_image,P024,P026,1540,-0.0056599987115426775,0.0079232496204651465,-0.033366699523349988,0.015923984590143193,-0.014967703746819171,-0.0056263372010926073,0.0039012774240625718,0.22987012987012986,0.77012987012987011,0,True,True,True,0.22987012987012986,False
mv50,revised_where_available,equal_image,P024,P027,1540,0.0038422285274423399,0.0073688754223962694,-0.026497136663105637,0.027302213153004164,-0.0053106219867831888,0.0041737146480448715,0.01286693781314039,0.73701298701298701,0.26298701298701299,0,True,True,True,0.26298701298701299,False
mv50,revised_where_available,equal_image,P025,P026,1540,-0.0041361951486453604,0.0035707605472896451,-0.013843135085490756,0.0113307779565095,-0.008624152153409427,-0.0042443396954317467,0.00049028991000149981,0.12662337662337661,0.87337662337662336,0,True,True,True,0.12662337662337661,False
mv50,revised_where_available,equal_image,P025,P027,1540,0.0053660320903396565,0.0068503382185063902,-0.019261501187962948,0.024996417441433695,-0.0040388832913034267,0.0053690203899986353,0.014186478149271764,0.78701298701298705,0.21298701298701297,0,True,True,True,0.21298701298701297,False
mv50,revised_where_available,equal_image,P026,P027,1540,0.0095022272389850178,0.0063684377646534328,-0.012056743704618011,0.026828013232139614,0.0011380685491386856,0.009792778747258854,0.017241142322042571,0.92012987012987013,0.079870129870129869,0,True,True,True,0.079870129870129869,False
mv50,revised_where_available,equal_building,P001,P002,1540,-0.028018546613297331,0.024151245352677334,-0.12556685687810118,0.0052183023890151128,-0.07864828562058046,-0.018645085061229253,-0.010079149585860113,0.0012987012987012987,0.99870129870129876,0,True,True,True,0.0012987012987012987,False
mv50,revised_where_available,equal_building,P001,P003,1540,0.0028959569328092833,0.015275672136260457,-0.046755240245220091,0.064598085235655939,-0.012549159559959583,-0.00077390893708784853,0.025400587001388881,0.47987012987012989,0.52012987012987011,0,True,True,True,0.52012987012987011,True
mv50,revised_where_available,equal_building,P001,P004,1540,0.015123658547159954,0.018577061214389661,-0.032666742366084564,0.074513534621656219,-0.0075234198260152041,0.016194756576533818,0.038232055403147912,0.73181818181818181,0.26818181818181819,0,True,True,True,0.26818181818181819,False
mv50,revised_where_available,equal_building,P001,P005,1540,0.030752419093881243,0.018622260323112635,-0.0051721617051591791,0.084983891398977454,0.007473340118694766,0.03258366585964205,0.050745276843563274,0.99415584415584413,0.0058441558441558444,0,True,True,True,0.0058441558441558444,False
mv50,revised_where_available,equal_building,P001,P006,1540,0.0024127610524864798,0.014868700751227809,-0.04094250508323749,0.046947475819591807,-0.01294891749271835,-0.000909891247735755,0.025828958333785384,0.46493506493506492,0.53506493506493502,0,True,True,True,0.53506493506493502,True
mv50,revised_where_available,equal_building,P001,P007,1540,0.017120791278961149,0.013107136573995535,-0.017586114001565196,0.053159624114844616,0.0038486245592563918,0.013303074369751148,0.03895768860634112,0.9694805194805195,0.030519480519480519,0,True,True,True,0.030519480519480519,False
mv50,revised_where_available,equal_building,P001,P008,1540,0.020926856460573681,0.019826530089427311,-0.034121232040419995,0.091536981438445408,-0.0029561006844759851,0.020976364055349521,0.046381041242747383,0.84610389610389614,0.15389610389610389,0,True,True,True,0.15389610389610389,False
mv50,revised_where_available,equal_building,P001,P009,1540,0.020641432278135304,0.019910223695522374,-0.035768979084164584,0.091485939872192001,-0.0034532507080247202,0.020579846349691271,0.046671797042786706,0.84025974025974026,0.15974025974025974,0,True,True,True,0.15974025974025974,False
mv50,revised_where_available,equal_building,P001,P010,1540,0.02136558739019476,0.019360185220957352,-0.034095390064795623,0.076380440002056876,-0.0022156313832395885,0.022360461268245771,0.046697196008868562,0.85649350649350653,0.1435064935064935,0,True,True,True,0.1435064935064935,False
mv50,revised_where_available,equal_building,P001,P011,1540,0.013587384487401188,0.014136941351286332,-0.018789668455214389,0.056766684082489173,-0.0003382075895020285,0.0090310651220846042,0.036706603359359824,0.88636363636363635,0.11363636363636363,0,True,True,True,0.11363636363636363,False
mv50,revised_where_available,equal_building,P001,P012,1540,-0.00075704816735613987,0.014208032293192372,-0.045667778203324287,0.041448801788402011,-0.016451860259209309,-0.0023817761845384595,0.0205862171129115,0.43116883116883115,0.5688311688311688,0,True,True,True,0.43116883116883115,False
mv50,revised_where_available,equal_building,P001,P014,1540,0.0072480699495107576,0.015050132646687328,-0.037748103852127922,0.056228439771815637,-0.00738549633990521,0.003222922716246128,0.03022030181746433,0.64675324675324675,0.35324675324675325,0,True,True,True,0.35324675324675325,False
mv50,revised_where_available,equal_building,P001,P017,1540,-0.04133001279186304,0.024616736411742272,-0.14097965957993802,-0.007305019644560394,-0.091130221488149962,-0.032797009686444001,-0.021903733167653421,0,1,0,False,False,False,0,False
mv50,revised_where_available,equal_building,P001,P018,1540,0.018194526273619335,0.018009563483283437,-0.02355478762109111,0.073359922774222971,-0.0029432291504405341,0.020390586752580053,0.035558022469136918,0.81428571428571428,0.18571428571428572,0,True,True,True,0.18571428571428572,False
mv50,revised_where_available,equal_building,P001,P019,1540,0.021941455132590604,0.019641581110578892,-0.032122189981484452,0.076120982237925905,-0.0016507277524208837,0.022195041662405643,0.045757765505638405,0.87532467532467528,0.12467532467532468,0,True,True,True,0.12467532467532468,False
mv50,revised_where_available,equal_building,P001,P020,1540,0.014633123461336266,0.013784411920553344,-0.026993437865661902,0.048132461085288,0.0015215184331377237,0.010019632409424641,0.037489011038947029,0.93441558441558437,0.065584415584415579,0,True,True,True,0.065584415584415579,False
mv50,revised_where_available,equal_building,P001,P021,1540,0.021109837057426722,0.018207313330248123,-0.014749155375741722,0.086364709550059593,-0.00088000773222922379,0.022747700524167906,0.04190850203562213,0.87337662337662336,0.12662337662337661,0,True,True,True,0.12662337662337661,False
mv50,revised_where_available,equal_building,P001,P022,1540,0.0085092793195248751,0.0166065091516478,-0.046342192132436615,0.055325254916936503,-0.011699497782332048,0.0072614017237157668,0.029898217468450929,0.6454545454545455,0.35454545454545455,0,True,True,True,0.35454545454545455,False
mv50,revised_where_available,equal_building,P001,P023,1540,-0.0010413640627136846,0.014940571563898136,-0.0564598683171798,0.040331561417735667,-0.017053069781335788,-0.0033925562660563797,0.022868287824121064,0.38116883116883116,0.61883116883116884,0,True,True,True,0.38116883116883116,False
mv50,revised_where_available,equal_building,P001,P024,1540,0.026023472388503274,0.01970717792303963,-0.024302179669397211,0.091922131057137937,0.0021297362167618373,0.025682620141636338,0.049032158129942612,0.92662337662337657,0.073376623376623373,0,True,True,True,0.073376623376623373,False
mv50,revised_where_available,equal_building,P001,P025,1540,0.021532191043605237,0.020369790494951925,-0.032792696316290296,0.077861411315043497,-0.0027137080828576175,0.021435838730931429,0.047804263512851962,0.85129870129870133,0.1487012987012987,0,True,True,True,0.1487012987012987,False
mv50,revised_where_available,equal_building,P001,P026,1540,0.021588756995511538,0.020770209973624883,-0.039911133144376332,0.082975125506750985,-0.0029291063395208749,0.022005188261042898,0.047593133257950899,0.8493506493506493,0.15064935064935064,0,True,True,True,0.15064935064935064,False
mv50,revised_where_available,equal_building,P001,P027,1540,0.027163690483424933,0.019498039916654913,-0.026669190806924502,0.083926075028311994,0.0044524575586169712,0.028858033632854541,0.048144655148496002,0.95779220779220775,0.042207792207792208,0,True,True,True,0.042207792207792208,False
mv50,revised_where_available,equal_building,P002,P003,1540,0.030914503546106611,0.032770375891940623,-0.0049171211137722347,0.1553826756244556,0.0048407348744812654,0.019012790571874487,0.097003341952505803,0.97337662337662334,0.026623376623376622,0,True,True,False,0.026623376623376622,False
mv50,revised_where_available,equal_building,P002,P004,1540,0.043142205160457282,0.034052119561944746,-0.0047875905648967383,0.16529812501045585,0.008905317676925012,0.036400915229334758,0.10108692820213187,0.99025974025974028,0.00974025974025974,0,True,True,False,0.00974025974025974,False
mv50,revised_where_available,equal_building,P002,P005,1540,0.058770965707178574,0.035024436449920558,0.0060351651841606055,0.18142282238037755,0.022391475959210688,0.051229946653024716,0.11723683090641406,1,0,0,False,False,False,0,False
mv50,revised_where_available,equal_building,P002,P006,1540,0.030431307665783811,0.032434243629275487,-0.0035599748552212693,0.13344867680089742,0.0044214285125619198,0.018425272634988155,0.093864030542080368,0.97987012987012989,0.02012987012987013,0,True,True,False,0.02012987012987013,False
mv50,revised_where_available,equal_building,P002,P007,1540,0.04513933789225847,0.032285924826460657,0.00081978545899351329,0.15012539033306804,0.017606673186806018,0.03317145171540839,0.10532614143529273,1,0,0,False,False,False,0,False
mv50,revised_where_available,equal_building,P002,P008,1540,0.048945403073871005,0.034767291769903161,-0.0049723100944424545,0.18975956650661266,0.013553351815778783,0.041067381321470441,0.10539364743532367,0.9974025974025974,0.0025974025974025974,0,True,True,False,0.0025974025974025974,False
mv50,revised_where_available,equal_building,P002,P009,1540,0.048659978891432636,0.034786394195771606,-0.0051242580120672149,0.18933183165912607,0.012989973181859233,0.04093949806918732,0.10576977758435262,0.9974025974025974,0.0025974025974025974,0,True,True,True,0.0025974025974025974,False
mv50,revised_where_available,equal_building,P002,P010,1540,0.049384134003492085,0.035096268418937739,-0.00025003846043194361,0.17009658361201119,0.014329221938386257,0.041749836846721886,0.10991038842531806,0.99935064935064932,0.00064935064935064935,0,True,False,False,0.00064935064935064935,False
mv50,revised_where_available,equal_building,P002,P011,1540,0.041605931100698518,0.033457225021913228,-0.0030223596415590026,0.14728811082789492,0.013622207879588238,0.029725908444893118,0.10512211893468024,0.9974025974025974,0.0025974025974025974,0,True,True,False,0.0025974025974025974,False
mv50,revised_where_available,equal_building,P002,P012,1540,0.027261498445941192,0.030326966870674064,-0.0011786873899687633,0.12149600348028958,0.0024368131692719445,0.016655027214690574,0.087781719150890905,0.98766233766233769,0.012337662337662338,0,True,True,False,0.012337662337662338,False
mv50,revised_where_available,equal_building,P002,P014,1540,0.035266616562808085,0.032997068566447581,-0.0025274491367600141,0.15172525365853096,0.0090513900009524927,0.023134803148361447,0.1023615884976208,0.99545454545454548,0.0045454545454545452,0,True,True,False,0.0045454545454545452,False
mv50,revised_where_available,equal_building,P002,P017,1540,-0.01331146617856571,0.0046879605821987915,-0.031680546304806052,0.0004875435344431564,-0.019286261741399548,-0.013125104110639517,-0.0075795651130669481,0.0019480519480519481,0.99805194805194808,0,True,False,False,0.0019480519480519481,False
mv50,revised_where_available,equal_building,P002,P018,1540,0.046213072886916666,0.034155548127709344,-0.0025939114282815534,0.17052330434346621,0.011874865008848726,0.039645290424529495,0.10239152115603599,0.9948051948051948,0.0051948051948051948,0,True,True,False,0.0051948051948051948,False
mv50,revised_where_available,equal_building,P002,P019,1540,0.049960001745887925,0.034600227205104417,-0.0051871305969676956,0.17434356730609318,0.014341198572825339,0.04299722803473302,0.10778334840602409,0.99935064935064932,0.00064935064935064935,0,True,True,True,0.00064935064935064935,False
mv50,revised_where_available,equal_building,P002,P020,1540,0.042651670074633601,0.032905985889107203,0.00068174491719352054,0.14831347413775367,0.015960205506087961,0.030447832915781001,0.10397729644907779,1,0,0,False,False,False,0,False
mv50,revised_where_available,equal_building,P002,P021,1540,0.049128383670724057,0.034430104269321082,-0.0042030073516452493,0.17714929993885925,0.013593937963017876,0.041941623491622407,0.10568285851965582,0.99805194805194808,0.0019480519480519481,0,True,True,False,0.0019480519480519481,False
mv50,revised_where_available,equal_building,P002,P022,1540,0.036527825932822201,0.029336162649687761,-0.0058740874425657966,0.14338682558536256,0.0054307506937706709,0.031496024844136689,0.079651183358109931,0.98181818181818181,0.018181818181818181,0,True,True,True,0.018181818181818181,False
mv50,revised_where_available,equal_building,P002,P023,1540,0.026977182550583644,0.032728485601624974,-0.0075303090017008537,0.12860033246619951,0.0016000750359585229,0.012913485406495027,0.093336149762170723,0.94350649350649352,0.056493506493506492,0,True,True,True,0.056493506493506492,False
mv50,revised_where_available,equal_building,P002,P024,1540,0.054042019001800605,0.034599519673137805,-0.00065246071312994453,0.18270672144593758,0.018292858389392645,0.047419846694813729,0.11177119890735666,0.99870129870129876,0.0012987012987012987,0,True,False,False,0.0012987012987012987,False
mv50,revised_where_available,equal_building,P002,P025,1540,0.049550737656902558,0.035518042591957864,-0.0041006912505143905,0.16581576359122674,0.012841354204693477,0.041682101132328342,0.10763633332412827,0.99870129870129876,0.0012987012987012987,0,True,True,False,0.0012987012987012987,False
mv50,revised_where_available,equal_building,P002,P026,1540,0.049607303608808863,0.036144184653889334,-0.0030459571414447398,0.17137441985204527,0.012244333758914988,0.041598624070037206,0.1114082719505274,0.99870129870129876,0.0012987012987012987,0,True,True,False,0.0012987012987012987,False
mv50,revised_where_available,equal_building,P002,P027,1540,0.055182237096722264,0.034739253864302717,0.0037655503180382133,0.17976212161006155,0.02000329454813941,0.048154442398651028,0.11216148660530036,1,0,0,False,False,False,0,False
mv50,revised_where_available,equal_building,P003,P004,1540,0.012227701614350668,0.014148388164126238,-0.022584317375287294,0.046335471978790961,-0.0043691421327168604,0.0098047333915026545,0.031161092579055607,0.77207792207792203,0.22792207792207791,0,True,True,True,0.22792207792207791,False
mv50,revised_where_available,equal_building,P003,P005,1540,0.02785646216107196,0.016384949808321798,-0.01683652866081629,0.082474269994536317,0.0073413798745778688,0.027340638013106419,0.049031254991697096,0.97467532467532469,0.025324675324675326,0,True,True,True,0.025324675324675326,False
mv50,revised_where_available,equal_building,P003,P006,1540,-0.00048319588032280381,0.0051626480257662803,-0.022380469727761212,0.013404747485340353,-0.0064458184389404446,-9.215221751112182e-06,0.0054124719235488583,0.4987012987012987,0.50129870129870124,0,True,True,True,0.4987012987012987,False
mv50,revised_where_available,equal_building,P003,P007,1540,0.014224834346151863,0.0095488997044281838,-0.019349390232395236,0.042686335357885533,0.0022086928583726659,0.014324668864497965,0.026132085809019604,0.93571428571428572,0.064285714285714279,0,True,True,True,0.064285714285714279,False
mv50,revised_where_available,equal_building,P003,P008,1540,0.018030899527764398,0.014492669129154421,-0.015845483568016377,0.05265597160288521,0.0015000478783637481,0.01510831521525868,0.037800545647812649,0.94740259740259736,0.052597402597402594,0,True,True,True,0.052597402597402594,False
mv50,revised_where_available,equal_building,P003,P009,1540,0.017745475345326018,0.014527029563432296,-0.016072195664472502,0.050942241043296484,0.001115004662945107,0.014747727568968151,0.037749334419740335,0.94025974025974024,0.059740259740259739,0,True,True,True,0.059740259740259739,False
mv50,revised_where_available,equal_building,P003,P010,1540,0.018469630457385474,0.014080587976495607,-0.023654582617825062,0.054315492722913791,0.0021687853083529151,0.016458970040851034,0.037618885332036806,0.94155844155844159,0.05844155844155844,0,True,True,True,0.05844155844155844,False
mv50,revised_where_available,equal_building,P003,P011,1540,0.010691427554591904,0.0075204819913143673,-0.021032254482163761,0.039806016684761927,0.0025269134142320553,0.010442542230743843,0.019208057278577211,0.95194805194805199,0.048051948051948054,0,True,True,True,0.048051948051948054,False
mv50,revised_where_available,equal_building,P003,P012,1540,-0.0036530051001654232,0.010480346953788681,-0.04596903811416217,0.019229038539393506,-0.017707447701502167,-0.0030074694565342917,0.0093408664763508318,0.38896103896103895,0.61103896103896105,0,True,True,True,0.38896103896103895,False
mv50,revised_where_available,equal_building,P003,P014,1540,0.0043521130167014756,0.0066133480839276632,-0.02759675859148019,0.02754294283037953,-0.0033324445345032688,0.0048764208671017769,0.011538812490508336,0.78506493506493502,0.21493506493506492,0,True,True,True,0.21493506493506492,False
mv50,revised_where_available,equal_building,P003,P017,1540,-0.044225969724672326,0.032228734168270289,-0.15739589695685807,-0.007455594844282841,-0.11073794727858005,-0.032131422447504138,-0.018235952425639117,0,1,0,False,False,False,0,False
mv50,revised_where_available,equal_building,P003,P018,1540,0.01529856934081005,0.016090930296822084,-0.027757111867920514,0.061224585785372806,-0.005093649491520651,0.014026347783133115,0.036736608011760881,0.80779220779220784,0.19220779220779222,0,True,True,True,0.19220779220779222,False
mv50,revised_where_available,equal_building,P003,P019,1540,0.019045498199781321,0.01530341223155701,-0.02047081077159435,0.059447407221825323,0.0001634158943517574,0.01708884041834648,0.039727605907972641,0.90389610389610386,0.096103896103896108,0,True,True,True,0.096103896103896108,False
mv50,revised_where_available,equal_building,P003,P020,1540,0.011737166528526981,0.0086824841041040074,-0.022498516804067059,0.0413451181526759,0.0013075510223777389,0.011572316573607841,0.022557897131805945,0.92532467532467533,0.074675324675324672,0,True,True,True,0.074675324675324672,False
mv50,revised_where_available,equal_building,P003,P021,1540,0.018213880124617436,0.016500738530173378,-0.02855866158878996,0.072969153093839334,-0.0020617008900883681,0.017427059409975607,0.039132607457718731,0.86038961038961037,0.1396103896103896,0,True,True,True,0.1396103896103896,False
mv50,revised_where_available,equal_building,P003,P022,1540,0.0056133223867155914,0.018303218097826868,-0.051631914370055675,0.042671623576733222,-0.021086839753705431,0.0056741224883322464,0.028790042306351432,0.63311688311688308,0.36688311688311687,0,True,True,True,0.36688311688311687,False
mv50,revised_where_available,equal_building,P003,P023,1540,-0.0039373209955229672,0.0071664623194521784,-0.031143354728063247,0.028616795932259596,-0.013848553933204565,-0.0028158768493371442,0.0040728226748012941,0.27727272727272728,0.72272727272727277,0,True,True,True,0.27727272727272728,False
mv50,revised_where_available,equal_building,P003,P024,1540,0.023127515455693991,0.015266323627050838,-0.019962889726851889,0.063095988115781529,0.0044667659921630081,0.021627951972682483,0.043716017205115296,0.95714285714285718,0.042857142857142858,0,True,True,True,0.042857142857142858,False
mv50,revised_where_available,equal_building,P003,P025,1540,0.01863623411079595,0.015711377584489556,-0.020652274396917306,0.066560705114682955,-0.00064800892021734486,0.016326679537376723,0.039740533871749271,0.88961038961038963,0.11038961038961038,0,True,True,True,0.11038961038961038,False
mv50,revised_where_available,equal_building,P003,P026,1540,0.018692800062702256,0.015728601366641195,-0.02386913517122323,0.06619394427899708,-0.00047385513595664527,0.017067304371716038,0.039590625670876345,0.89350649350649347,0.10649350649350649,0,True,True,True,0.10649350649350649,False
mv50,revised_where_available,equal_building,P003,P027,1540,0.02426773355061565,0.015931511422767233,-0.022394441292244029,0.069244960244322945,0.0050995341108105319,0.023157207222133051,0.046003475305913547,0.95454545454545459,0.045454545454545456,0,True,True,True,0.045454545454545456,False
mv50,revised_where_available,equal_building,P004,P005,1540,0.015628760546721288,0.0078323751833610407,-0.0090300263894399352,0.046597321092333117,0.0059679101522777007,0.014941472466610378,0.025481796169340678,0.98571428571428577,0.014285714285714285,0,True,True,True,0.014285714285714285,False
mv50,revised_where_available,equal_building,P004,P006,1540,-0.012710897494673475,0.013456732002082456,-0.045939894503655807,0.011292077572659195,-0.031363526740943795,-0.0094630301178644655,0.0029053534446154441,0.23506493506493506,0.76493506493506491,0,True,True,True,0.23506493506493506,False
mv50,revised_where_available,equal_building,P004,P007,1540,0.0019971327318011947,0.01370559281135199,-0.032068145785241413,0.037307786752735543,-0.016025923146911512,0.0032405910984687151,0.019595566430116278,0.55454545454545456,0.44545454545454544,0,True,True,True,0.44545454545454544,False
mv50,revised_where_available,equal_building,P004,P008,1540,0.0058031979134137296,0.0067633306388459359,-0.01100591654787873,0.035728221064639659,-0.0019635372414466608,0.0049686748722891482,0.014341563428917707,0.81948051948051948,0.18051948051948052,0,True,True,True,0.18051948051948052,False
mv50,revised_where_available,equal_building,P004,P009,1540,0.0055177737309753489,0.0067931014588632262,-0.011175210738123723,0.034730451613458863,-0.001992674912889951,0.0046887092997642456,0.014092033882536182,0.80000000000000004,0.20000000000000001,0,True,True,True,0.20000000000000001,False
mv50,revised_where_available,equal_building,P004,P010,1540,0.0062419288430348042,0.0053191377660206226,-0.010342099209389687,0.030473312609172347,-0.00049169805914733747,0.0060913221501126408,0.012858405125890411,0.88701298701298703,0.11298701298701298,0,True,True,True,0.11298701298701298,False
mv50,revised_where_available,equal_building,P004,P011,1540,-0.0015362740597587646,0.01339245776432813,-0.031418592666168164,0.026995672732963695,-0.018900500388963713,0.0011037723584590674,0.014903786747997831,0.51558441558441559,0.48441558441558441,0,True,True,True,0.51558441558441559,True
mv50,revised_where_available,equal_building,P004,P012,1540,-0.015880706714516094,0.010779168942328813,-0.052118786104323585,0.019165830214138341,-0.029618362334205929,-0.015744856879603798,-0.0022993709195503875,0.066883116883116878,0.93311688311688312,0,True,True,True,0.066883116883116878,False
mv50,revised_where_available,equal_building,P004,P014,1540,-0.0078755885976491951,0.01379073621687469,-0.040251665802891072,0.027611957627856835,-0.026505857492462398,-0.0042275432065393623,0.0081183354030927059,0.39740259740259742,0.60259740259740258,0,True,True,True,0.39740259740259742,False
mv50,revised_where_available,equal_building,P004,P017,1540,-0.056453671339023001,0.034460536659938902,-0.17196807768713801,-0.0072186599175178071,-0.11730169415790084,-0.050251988301364584,-0.020212967113402959,0,1,0,False,False,False,0,False
mv50,revised_where_available,equal_building,P004,P018,1540,0.0030708677264593824,0.0066885665843847931,-0.015595431314232692,0.021913620599097149,-0.0059921267398769596,0.0033628364183622642,0.011439783785081061,0.67337662337662341,0.32662337662337665,0,True,True,True,0.32662337662337665,False
mv50,revised_where_available,equal_building,P004,P019,1540,0.0068177965854306485,0.0071183163247650416,-0.015480199228871373,0.034218995553413123,-0.0030609725685391263,0.0072859374289541701,0.015354754105574124,0.80909090909090908,0.19090909090909092,0,True,True,True,0.19090909090909092,False
mv50,revised_where_available,equal_building,P004,P020,1540,-0.00049053508582368828,0.013159204072424661,-0.03245833310483185,0.034403425609750571,-0.017656242700619915,0.00072246695557496785,0.015719763110571758,0.51623376623376627,0.48376623376623379,0,True,True,True,0.51623376623376627,True
mv50,revised_where_available,equal_building,P004,P021,1540,0.0059861785102667689,0.0072067783575469283,-0.011994702822124344,0.036668227399764518,-0.0031453629216047049,0.0051695829365272471,0.015168599240358452,0.80129870129870129,0.19870129870129871,0,True,True,True,0.19870129870129871,False
mv50,revised_where_available,equal_building,P004,P022,1540,-0.0066143792276350784,0.011936972092313772,-0.041496631649217408,0.035742298218972443,-0.025188567825048289,-0.0046724436865642552,0.006738032125362425,0.31038961038961038,0.68961038961038956,0,True,True,True,0.31038961038961038,False
mv50,revised_where_available,equal_building,P004,P023,1540,-0.016165022609873639,0.014006134739025225,-0.055735245822723385,0.031515123225086761,-0.033665000168598344,-0.016419319236196186,0.00091093436055585055,0.12662337662337661,0.87337662337662336,0,True,True,True,0.12662337662337661,False
mv50,revised_where_available,equal_building,P004,P024,1540,0.010899813841343319,0.0064973537085815684,-0.0064230475075251897,0.033309658155159814,0.0023360954025483873,0.010776697231195459,0.019567896446286558,0.95844155844155843,0.041558441558441558,0,True,True,True,0.041558441558441558,False
mv50,revised_where_available,equal_building,P004,P025,1540,0.0064085324964452796,0.0079630035841039368,-0.018244797383621898,0.033960074809176892,-0.0029593520413976576,0.0062101367322213528,0.016441178703952779,0.76688311688311683,0.23311688311688311,0,True,True,True,0.23311688311688311,False
mv50,revised_where_available,equal_building,P004,P026,1540,0.006465098448351584,0.0081076927695475157,-0.01486260198993138,0.040527868703079714,-0.0033389154397018548,0.0059728057932887744,0.017170114562406521,0.79350649350649349,0.20649350649350651,0,True,True,True,0.20649350649350651,False
mv50,revised_where_available,equal_building,P004,P027,1540,0.012040031936264977,0.0071867690904091923,-0.012962255944704827,0.032962283466033679,0.0026988787338616742,0.012128367363952005,0.021429826123015097,0.94545454545454544,0.054545454545454543,0,True,True,True,0.054545454545454543,False
mv50,revised_where_available,equal_building,P005,P006,1540,-0.028339658041394763,0.016027501134745915,-0.083758413400943366,0.0074296192897200936,-0.050112070247002032,-0.027377656766400776,-0.0084219792396128881,0.0084415584415584409,0.99155844155844153,0,True,True,True,0.0084415584415584409,False
mv50,revised_where_available,equal_building,P005,P007,1540,-0.013631627814920094,0.014051605538534871,-0.059601172828208739,0.014216940278324319,-0.032429105958264315,-0.0095911873955772317,0.0021573906173474001,0.19480519480519481,0.80519480519480524,0,True,True,True,0.19480519480519481,False
mv50,revised_where_available,equal_building,P005,P008,1540,-0.0098255626333075587,0.0088794368948861609,-0.045395377798194879,0.030757353437730159,-0.020063559590235112,-0.010100173490867444,0.00082351280425626845,0.11363636363636363,0.88636363636363635,0,True,True,True,0.11363636363636363,False
mv50,revised_where_available,equal_building,P005,P009,1540,-0.01011098681574594,0.0088104114425317653,-0.045178609332122054,0.029190386981512467,-0.020287364563670675,-0.010575101458656672,0.00034059088924241982,0.10714285714285714,0.8928571428571429,0,True,True,True,0.10714285714285714,False
mv50,revised_where_available,equal_building,P005,P010,1540,-0.0093868317036864841,0.008824165162282304,-0.045770210391745191,0.017666140716090947,-0.020961951412452388,-0.0083722275016679133,0.00058361595663093885,0.11948051948051948,0.88051948051948048,0,True,True,True,0.11948051948051948,False
mv50,revised_where_available,equal_building,P005,P011,1540,-0.017165034606480053,0.014546560550039181,-0.059122282116967941,0.017311403193167492,-0.036345560204681999,-0.015636900497479844,0.00041171637462021995,0.11168831168831168,0.88831168831168827,0,True,True,True,0.11168831168831168,False
mv50,revised_where_available,equal_building,P005,P012,1540,-0.031509467261237378,0.012697245469896347,-0.075356823064476747,0.0088331016999405806,-0.048134295281548937,-0.030924362397763507,-0.015674873055945504,0.0025974025974025974,0.9974025974025974,0,True,True,True,0.0025974025974025974,False
mv50,revised_where_available,equal_building,P005,P014,1540,-0.023504349144370485,0.015980333225447067,-0.077793319094563274,0.011775985888318262,-0.045045936613985864,-0.022713493539711103,-0.0030145759405068783,0.03961038961038961,0.96038961038961035,0,True,True,True,0.03961038961038961,False
mv50,revised_where_available,equal_building,P005,P017,1540,-0.072082431885744286,0.036093225997185036,-0.19740185304326169,-0.011450163800921065,-0.1322329094021466,-0.064603368507290315,-0.033410954662535589,0,1,0,False,False,False,0,False
mv50,revised_where_available,equal_building,P005,P018,1540,-0.012557892820261906,0.0056947250942788541,-0.031330879140087933,0.0038189459732936096,-0.01995723754537088,-0.012244650157458433,-0.0054212756725317487,0.0045454545454545452,0.99545454545454548,0,True,True,False,0.0045454545454545452,False
mv50,revised_where_available,equal_building,P005,P019,1540,-0.0088109639612906406,0.0090782037007852666,-0.042362281998279586,0.011868189576071907,-0.021225028020231452,-0.0079094170655490455,0.0021062091093125806,0.16233766233766234,0.83766233766233766,0,True,True,True,0.16233766233766234,False
mv50,revised_where_available,equal_building,P005,P020,1540,-0.016119295632544977,0.013490355519945617,-0.058718344980515529,0.010285047617754478,-0.033762825466722282,-0.013619054940323963,-0.00024560458919150517,0.094155844155844159,0.9058441558441559,0,True,True,True,0.094155844155844159,False
mv50,revised_where_available,equal_building,P005,P021,1540,-0.0096425820364545202,0.0053636091801943144,-0.024147193051860943,0.0084187766269731706,-0.016440930556335574,-0.0098387724358371155,-0.0026136487277542485,0.045454545454545456,0.95454545454545459,0,True,True,True,0.045454545454545456,False
mv50,revised_where_available,equal_building,P005,P022,1540,-0.022243139774356366,0.014534365581421715,-0.072103353170940743,0.015267820462093955,-0.043114712993931027,-0.021275096528735115,-0.003736140678281338,0.036363636363636362,0.96363636363636362,0,True,True,True,0.036363636363636362,False
mv50,revised_where_available,equal_building,P005,P023,1540,-0.031793783156594924,0.016705834134425734,-0.086339705229018307,0.012253822711193879,-0.053225597741312684,-0.031214066229328367,-0.010104940242062616,0.011688311688311689,0.98831168831168836,0,True,True,True,0.011688311688311689,False
mv50,revised_where_available,equal_building,P005,P024,1540,-0.0047289467053779699,0.0084753413554669622,-0.036650968707804599,0.018308384641160767,-0.015657822515621974,-0.0039143856788953005,0.0052278380159502882,0.29675324675324677,0.70324675324675323,0,True,True,True,0.29675324675324677,False
mv50,revised_where_available,equal_building,P005,P025,1540,-0.0092202280502760095,0.01084551611314984,-0.046445144970930788,0.018400218479832912,-0.023022302812062335,-0.008843739721163809,0.0049369351830076931,0.21688311688311687,0.7831168831168831,0,True,True,True,0.21688311688311687,False
mv50,revised_where_available,equal_building,P005,P026,1540,-0.0091636620983697042,0.010247218491896089,-0.04620568785468715,0.021266568189186832,-0.022073226209293556,-0.0091317731694786006,0.0039900784312732005,0.20064935064935066,0.79935064935064937,0,True,True,True,0.20064935064935066,False
mv50,revised_where_available,equal_building,P005,P027,1540,-0.0035887286104563103,0.0067882031814247576,-0.03488865413988234,0.0091134675837632254,-0.012988475048476765,-0.0021469168947874009,0.0035851868595897542,0.33376623376623377,0.66623376623376629,0,True,True,True,0.33376623376623377,False
mv50,revised_where_available,equal_building,P006,P007,1540,0.014708030226474669,0.0083610536700665355,-0.011839644041846266,0.043359170599893623,0.0042946647013386583,0.014535370762961495,0.025556537828797084,0.97272727272727277,0.027272727272727271,0,True,True,True,0.027272727272727271,False
mv50,revised_where_available,equal_building,P006,P008,1540,0.018514095408087204,0.014633613551038788,-0.0092994949633343621,0.070524630627134238,0.0013747980147405697,0.014950631922710272,0.03846816863268223,0.93181818181818177,0.068181818181818177,0,True,True,True,0.068181818181818177,False
mv50,revised_where_available,equal_building,P006,P009,1540,0.018228671225648821,0.014693693788402705,-0.009207773477289391,0.070215278872048786,0.00090299346775719695,0.014392912607201033,0.038430625032769956,0.92337662337662341,0.076623376623376621,0,True,True,True,0.076623376623376621,False
mv50,revised_where_available,equal_building,P006,P010,1540,0.01895282633770828,0.013240420856310244,-0.0075893678910614604,0.054034440362220305,0.0034519191526607477,0.015972525645814851,0.037274576818913774,0.97402597402597402,0.025974025974025976,0,True,True,True,0.025974025974025976,False
mv50,revised_where_available,equal_building,P006,P011,1540,0.01117462343491471,0.0068743341265070255,-0.0067022737071710942,0.038390009369182652,0.0031944754494825003,0.010434003816154436,0.019852874585111376,0.9720779220779221,0.027922077922077921,0,True,True,True,0.027922077922077921,False
mv50,revised_where_available,equal_building,P006,P012,1540,-0.0031698092198426189,0.0093519384229675245,-0.033999882288358263,0.01935988131192614,-0.015547308278501515,-0.0028772714325485792,0.0091109579717176137,0.38766233766233765,0.61233766233766229,0,True,True,True,0.38766233766233765,False
mv50,revised_where_available,equal_building,P006,P014,1540,0.0048353088970242786,0.004549002273969348,-0.007895503790315013,0.026127805304729197,-0.00054770899622350944,0.0046007485725064468,0.010602780873941942,0.87077922077922076,0.12922077922077921,0,True,True,True,0.12922077922077921,False
mv50,revised_where_available,equal_building,P006,P017,1540,-0.04374277384434952,0.032493348423572301,-0.14512095815412324,-0.0070261175505212173,-0.11178374907259901,-0.031096677747977013,-0.017709825614469744,0,1,0,False,False,False,0,False
mv50,revised_where_available,equal_building,P006,P018,1540,0.015781765221132855,0.015418740421604344,-0.016030869777598683,0.062152684026586351,-0.0038260135679803399,0.014858539767892984,0.036197243563736825,0.82987012987012987,0.17012987012987013,0,True,True,True,0.17012987012987013,False
mv50,revised_where_available,equal_building,P006,P019,1540,0.019528694080104124,0.014620373440800014,-0.015456925841928031,0.053974545039935352,0.0022420931863003668,0.016945918335799573,0.040319032326704328,0.93701298701298696,0.06298701298701298,0,True,True,True,0.06298701298701298,False
mv50,revised_where_available,equal_building,P006,P020,1540,0.012220362408849786,0.0076027058471931086,-0.0093172431487975674,0.040167643476938304,0.0029928947412575478,0.011836428804981439,0.022575620941750155,0.96558441558441555,0.034415584415584413,0,True,True,True,0.034415584415584413,False
mv50,revised_where_available,equal_building,P006,P021,1540,0.018697076004940243,0.016115836929637747,-0.014362424295962566,0.073077365495080926,-0.001344498702602291,0.017045255983119491,0.040049031039584432,0.87012987012987009,0.12987012987012986,0,True,True,True,0.12987012987012986,False
mv50,revised_where_available,equal_building,P006,P022,1540,0.0060965182670383953,0.01760582242961798,-0.043016792535421629,0.041198209372790839,-0.019646258944762528,0.0051953578310429474,0.02754993439528218,0.65714285714285714,0.34285714285714286,0,True,True,True,0.34285714285714286,False
mv50,revised_where_available,equal_building,P006,P023,1540,-0.0034541251152001638,0.0063363491344330548,-0.022441247520658791,0.022686075966139911,-0.012726174457937178,-0.0026898105972029632,0.003654489775047141,0.29675324675324677,0.70324675324675323,0,True,True,True,0.29675324675324677,False
mv50,revised_where_available,equal_building,P006,P024,1540,0.02361071133601679,0.014738562357823908,-0.0079634869715909801,0.05989456078889438,0.0057080737581377715,0.021011213492222305,0.044272907702836761,0.97662337662337662,0.023376623376623377,0,True,True,True,0.023376623376623377,False
mv50,revised_where_available,equal_building,P006,P025,1540,0.019119429991118753,0.014686133220762407,-0.017079721883562084,0.057463565229731332,0.0010374669898110458,0.01645114009555871,0.038744770022436294,0.92987012987012985,0.070129870129870125,0,True,True,True,0.070129870129870125,False
mv50,revised_where_available,equal_building,P006,P026,1540,0.019175995943025059,0.014496595831635583,-0.017299499067993392,0.057096804394045436,0.0018875585215571158,0.017337174530469228,0.038461878472789111,0.93246753246753245,0.067532467532467527,0,True,True,True,0.067532467532467527,False
mv50,revised_where_available,equal_building,P006,P027,1540,0.024750929430938453,0.015058383636832033,-0.018125781155296256,0.064241892258758065,0.0064901911011179996,0.022877011678392588,0.045764072794011207,0.97402597402597402,0.025974025974025976,0,True,True,True,0.025974025974025976,False
mv50,revised_where_available,equal_building,P007,P008,1540,0.0038060651816125349,0.015241271209365742,-0.030694588287660279,0.049811070029598233,-0.015097811245867494,0.0021216868869757509,0.023971710441630628,0.54740259740259745,0.45259740259740261,0,True,True,True,0.45259740259740261,False
mv50,revised_where_available,equal_building,P007,P009,1540,0.0035206409991741547,0.015293265083803211,-0.03097556833446901,0.048775612504713038,-0.015443191536419466,0.0020568968369734097,0.02363450758950664,0.54220779220779225,0.45779220779220781,0,True,True,True,0.45779220779220781,False
mv50,revised_where_available,equal_building,P007,P010,1540,0.0042447961112336103,0.013935402713560011,-0.030392261942139898,0.040829932619650358,-0.014113450702808042,0.0037102714019001375,0.02252423309821059,0.58896103896103891,0.41103896103896104,0,True,True,True,0.41103896103896104,False
mv50,revised_where_available,equal_building,P007,P011,1540,-0.0035334067915599584,0.0066858033430985571,-0.023581306150761289,0.018242401419996043,-0.011985072570335572,-0.0036254771816584958,0.0054665455721826994,0.29805194805194807,0.70194805194805199,0,True,True,True,0.29805194805194807,False
mv50,revised_where_available,equal_building,P007,P012,1540,-0.017877839446317285,0.01042556423116719,-0.053594994445342187,0.011279593760947046,-0.030840372527864052,-0.017318510894119534,-0.0051070598005517357,0.035714285714285712,0.9642857142857143,0,True,True,True,0.035714285714285712,False
mv50,revised_where_available,equal_building,P007,P014,1540,-0.0098727213294503898,0.0084919367838055017,-0.033194361885188511,0.021746886761836413,-0.020744133049273212,-0.010075729532320617,0.0010160307995901372,0.11948051948051948,0.88051948051948048,0,True,True,True,0.11948051948051948,False
mv50,revised_where_available,equal_building,P007,P017,1540,-0.058450804070824189,0.033772180959934013,-0.16525210364987952,-0.0079980452117373035,-0.12038556731182126,-0.047555362176966279,-0.028758635764911028,0,1,0,False,False,False,0,False
mv50,revised_where_available,equal_building,P007,P018,1540,0.0010737349946581876,0.014271165094980016,-0.030588705263115669,0.035387462475994537,-0.015853906657529605,-0.002612181000934197,0.020506913012353422,0.45584415584415583,0.54415584415584417,0,True,True,True,0.54415584415584417,True
mv50,revised_where_available,equal_building,P007,P019,1540,0.0048206638536294555,0.015296632386479573,-0.035662772455987111,0.041068557985226635,-0.015007129636696169,0.0033275342311885163,0.025285920113897544,0.57532467532467535,0.42467532467532465,0,True,True,True,0.42467532467532465,False
mv50,revised_where_available,equal_building,P007,P020,1540,-0.0024876678176248826,0.0044995982604161804,-0.01764488866848523,0.017189348367495756,-0.0080890674303648307,-0.0025586469391753602,0.0033011229611726012,0.28246753246753248,0.71753246753246758,0,True,True,True,0.28246753246753248,False
mv50,revised_where_available,equal_building,P007,P021,1540,0.0039890457784655742,0.014536892321489076,-0.031574352138517059,0.044135619961572149,-0.013287660960139001,0.00078293082699767286,0.023741174917653485,0.51428571428571423,0.48571428571428571,0,True,True,True,0.48571428571428571,False
mv50,revised_where_available,equal_building,P007,P022,1540,-0.008611511959436274,0.018648142837480022,-0.064446934825867899,0.033193179070077843,-0.033104191694676439,-0.0079390865246253221,0.014910056709681164,0.35064935064935066,0.64935064935064934,0,True,True,True,0.35064935064935066,False
mv50,revised_where_available,equal_building,P007,P023,1540,-0.018162155341674834,0.010683055767797722,-0.056546236798690433,0.0092368105207156215,-0.031946313170049583,-0.017590839185809972,-0.0051277564003866342,0.033766233766233764,0.96623376623376622,0,True,True,True,0.033766233766233764,False
mv50,revised_where_available,equal_building,P007,P024,1540,0.0089026811095421245,0.015156187966917624,-0.029824101277153674,0.052698899395160988,-0.010373932568889443,0.007541846136413153,0.029418880099883013,0.66883116883116878,0.33116883116883117,0,True,True,True,0.33116883116883117,False
mv50,revised_where_available,equal_building,P007,P025,1540,0.0044113997646440849,0.015974673330338703,-0.034706376403181277,0.048328570502998339,-0.016885220677206044,0.0044891762992990865,0.025652736859935389,0.58766233766233766,0.41233766233766234,0,True,True,True,0.41233766233766234,False
mv50,revised_where_available,equal_building,P007,P026,1540,0.004467965716550391,0.015942885247131854,-0.032703723603069827,0.050416481475406463,-0.016216575110582165,0.0039983416715603966,0.025741058434201301,0.57857142857142863,0.42142857142857143,0,True,True,True,0.42142857142857143,False
mv50,revised_where_available,equal_building,P007,P027,1540,0.010042899204463785,0.014686365320360129,-0.021615955333062688,0.047834292631058407,-0.0079031381227539377,0.0069491708301868058,0.029919170213547282,0.6811688311688312,0.31883116883116885,0,True,True,True,0.31883116883116885,False
mv50,revised_where_available,equal_building,P008,P009,1540,-0.00028542418243838053,0.0006542222094344099,-0.0021223640213694495,0.0014527843428529634,-0.0012161062467695989,-0.00013322870382170317,0.00047420483862648812,0.40714285714285714,0.59285714285714286,0,True,True,False,0.40714285714285714,False
mv50,revised_where_available,equal_building,P008,P010,1540,0.00043873092962107529,0.0082182847675680206,-0.03282667934875539,0.02537096536068955,-0.0097348384530083921,0.0015283358782537462,0.0094816962006048309,0.5662337662337662,0.43376623376623374,0,True,True,True,0.43376623376623374,False
mv50,revised_where_available,equal_building,P008,P011,1540,-0.0073394719731724942,0.014851121977233291,-0.052640896416573948,0.026033042227950449,-0.02695310044747613,-0.005764556973860779,0.010484384275660952,0.40714285714285714,0.59285714285714286,0,True,True,True,0.40714285714285714,False
mv50,revised_where_available,equal_building,P008,P012,1540,-0.021683904627929823,0.012789551926553327,-0.076219825604252611,0.021872193424970425,-0.03708071601839464,-0.021042813024165274,-0.0068309957999350508,0.033766233766233764,0.96623376623376622,0,True,True,True,0.033766233766233764,False
mv50,revised_where_available,equal_building,P008,P014,1540,-0.013678786511062921,0.01538141739035336,-0.067023756737562695,0.020826399033612969,-0.03433195311126739,-0.010846692547527041,0.0041382970845144995,0.22337662337662337,0.77662337662337666,0,True,True,True,0.22337662337662337,False
mv50,revised_where_available,equal_building,P008,P017,1540,-0.062256869252436724,0.034332196912357414,-0.19501090000536958,-0.0081331040297954876,-0.12002844746731185,-0.055278150811107055,-0.026837776013730229,0,1,0,False,False,False,0,False
mv50,revised_where_available,equal_building,P008,P018,1540,-0.0027323301869543477,0.0082070778477167858,-0.03824292214822711,0.021987908014490083,-0.012477612123327866,-0.0024423989473767171,0.006902517096786377,0.36103896103896105,0.63896103896103895,0,True,True,True,0.36103896103896105,False
mv50,revised_where_available,equal_building,P008,P019,1540,0.00101459867201692,0.0071093335610781187,-0.038723903810969552,0.029510739994316075,-0.0072868016849388494,0.0011686993718869679,0.0090517167211294769,0.58506493506493507,0.41493506493506493,0,True,True,True,0.41493506493506493,False
mv50,revised_where_available,equal_building,P008,P020,1540,-0.0062937329992374166,0.014427637291343389,-0.052131780117149605,0.023138368548338041,-0.024831848429696442,-0.0042776201357801521,0.011186121622142138,0.40779220779220782,0.59220779220779218,0,True,True,True,0.40779220779220782,False
mv50,revised_where_available,equal_building,P008,P021,1540,0.00018298059685303955,0.0078183498785223283,-0.030598789155080165,0.031322861180148577,-0.0087548425035212443,-4.4841592392097507e-05,0.0096690394814879493,0.49545454545454548,0.50454545454545452,0,True,True,True,0.50454545454545452,True
mv50,revised_where_available,equal_building,P008,P022,1540,-0.012417577141048809,0.013179023917885316,-0.066344526683431687,0.033126729990701993,-0.031889866830532528,-0.010633006344716082,0.002308813077187851,0.15909090909090909,0.84090909090909094,0,True,True,True,0.15909090909090909,False
mv50,revised_where_available,equal_building,P008,P023,1540,-0.021968220523287365,0.015329640110699445,-0.080402457767590557,0.029454897176440294,-0.041465130529146167,-0.021580105869130457,-0.0034731923448177143,0.042207792207792208,0.95779220779220775,0,True,True,True,0.042207792207792208,False
mv50,revised_where_available,equal_building,P008,P024,1540,0.0050966159279295905,0.0058619367014741929,-0.021751153730990409,0.025056213628496096,-0.001879606118717757,0.0051512626715075893,0.012244680256788126,0.83311688311688314,0.16688311688311688,0,True,True,True,0.16688311688311688,False
mv50,revised_where_available,equal_building,P008,P025,1540,0.00060533458303155035,0.0094253609123603078,-0.036594545935559553,0.031792527261313611,-0.010778944157474048,0.0010724217150884195,0.011821773225936236,0.53896103896103897,0.46103896103896103,0,True,True,True,0.46103896103896103,False
mv50,revised_where_available,equal_building,P008,P026,1540,0.00066190053493785572,0.0095049047975796271,-0.040494395614502937,0.038467642654433247,-0.010196430240004427,0.00046339653645109148,0.01199284196843875,0.51948051948051943,0.48051948051948051,0,True,True,True,0.48051948051948051,False
mv50,revised_where_available,equal_building,P008,P027,1540,0.0062368340228512497,0.0076006149926793496,-0.041415200361060417,0.027592849037100617,-0.0033482600300609633,0.0071240732469275148,0.014661713528724588,0.82922077922077919,0.17077922077922078,0,True,True,True,0.17077922077922078,False
mv50,revised_where_available,equal_building,P009,P010,1540,0.00072415511205945588,0.008180980845826297,-0.03192639636288256,0.02690675647352872,-0.0091200541957277993,0.0016392078381357346,0.0097878123554853633,0.57922077922077919,0.42077922077922075,0,True,True,True,0.42077922077922075,False
mv50,revised_where_available,equal_building,P009,P011,1540,-0.0070540477907341135,0.014962344499445933,-0.052480376613966116,0.02631026012383398,-0.026861618986846456,-0.0055896572316135595,0.010904605976234768,0.41298701298701301,0.58701298701298699,0,True,True,True,0.41298701298701301,False
mv50,revised_where_available,equal_building,P009,P012,1540,-0.021398480445491447,0.012848231505120832,-0.076075542030450971,0.021748250810026841,-0.037195699427704211,-0.020704193899178797,-0.0064075536225256611,0.034415584415584413,0.96558441558441555,0,True,True,True,0.034415584415584413,False
mv50,revised_where_available,equal_building,P009,P014,1540,-0.013393362328624543,0.015399616872879282,-0.065487965624723504,0.021997787860982006,-0.034069032290164496,-0.010762574229680227,0.0046024729889582961,0.23376623376623376,0.76623376623376627,0,True,True,True,0.23376623376623376,False
mv50,revised_where_available,equal_building,P009,P017,1540,-0.06197144506999834,0.034351984949130894,-0.19452146791282038,-0.0090763514034746459,-0.11930546320020406,-0.05478632860406292,-0.026355825787909876,0,1,0,False,False,False,0,False
mv50,revised_where_available,equal_building,P009,P018,1540,-0.002446906004515967,0.0082877317030251134,-0.03813763741206555,0.02285982761996877,-0.012256233794128385,-0.0021752842929523321,0.0074055861553061477,0.37922077922077924,0.62077922077922076,0,True,True,True,0.37922077922077924,False
mv50,revised_where_available,equal_building,P009,P019,1540,0.0013000228544553006,0.0069687747892289041,-0.038686145201269645,0.029401569535565858,-0.0067805448083461126,0.0015422151040346537,0.0091444631014190002,0.61298701298701297,0.38701298701298703,0,True,True,True,0.38701298701298703,False
mv50,revised_where_available,equal_building,P009,P020,1540,-0.0060083088167990368,0.014506966447234976,-0.051997480598701774,0.024182673598805424,-0.024658294203687342,-0.0042385644089639185,0.011490882658269818,0.41493506493506493,0.58506493506493507,0,True,True,True,0.41493506493506493,False
mv50,revised_where_available,equal_building,P009,P021,1540,0.00046840477929142009,0.0078819772735366101,-0.030366751051880976,0.032661289370280032,-0.0083987186973427958,7.2774260265211568e-05,0.010242754745510606,0.50584415584415587,0.49415584415584418,0,True,True,True,0.49415584415584418,False
mv50,revised_where_available,equal_building,P009,P022,1540,-0.012132152958610427,0.013072648862989993,-0.066234551835677585,0.033129300408991973,-0.031597662770319161,-0.010258958530148811,0.0024059042945569326,0.16363636363636364,0.83636363636363631,0,True,True,True,0.16363636363636364,False
mv50,revised_where_available,equal_building,P009,P023,1540,-0.021682796340848989,0.015356770818228574,-0.080170419664391368,0.029245043264528696,-0.04126201428682541,-0.021496910800123822,-0.0032396046339482325,0.046103896103896105,0.95389610389610391,0,True,True,True,0.046103896103896105,False
mv50,revised_where_available,equal_building,P009,P024,1540,0.0053820401103679702,0.0058728966257310588,-0.021149836338246381,0.025058784046786076,-0.0017028953319380043,0.0054536015273104789,0.012632674918547358,0.84480519480519478,0.15519480519480519,0,True,True,True,0.15519480519480519,False
mv50,revised_where_available,equal_building,P009,P025,1540,0.00089075876546993089,0.0093617526173150264,-0.036587910027114534,0.031582673349402013,-0.010607150622792175,0.0013530698973634302,0.012031322291925856,0.55194805194805197,0.44805194805194803,0,True,True,True,0.44805194805194803,False
mv50,revised_where_available,equal_building,P009,P026,1540,0.00094732471737623604,0.0093805364520851628,-0.040528718427335006,0.038257788742521649,-0.0098319915112855955,0.00071722663096812286,0.012270471802862355,0.53116883116883118,0.46883116883116882,0,True,True,True,0.46883116883116882,False
mv50,revised_where_available,equal_building,P009,P027,1540,0.0065222582052896303,0.0076450249035469511,-0.04135500051463787,0.0274836785783504,-0.0032589410938456114,0.0075942992169285781,0.014810023743526243,0.83311688311688314,0.16688311688311688,0,True,True,True,0.16688311688311688,False
mv50,revised_where_available,equal_building,P010,P011,1540,-0.0077782029027935688,0.013306508127867035,-0.037279706778932067,0.028496254879722523,-0.025267408234766961,-0.0060006350553211407,0.0091025950989545822,0.35129870129870128,0.64870129870129867,0,True,True,True,0.35129870129870128,False
mv50,revised_where_available,equal_building,P010,P012,1540,-0.022122635557550896,0.01072676516226021,-0.057295944248218759,0.014984949979755864,-0.036207127764193582,-0.022381672606700681,-0.0085771154283603851,0.011038961038961039,0.98896103896103893,0,True,True,True,0.011038961038961039,False
mv50,revised_where_available,equal_building,P010,P014,1540,-0.014117517440683999,0.01310854293051888,-0.041704846548828875,0.0077692849201800376,-0.032294076104104931,-0.0084603008804262497,2.0762305572585764e-05,0.1012987012987013,0.89870129870129867,0,True,True,True,0.1012987012987013,False
mv50,revised_where_available,equal_building,P010,P017,1540,-0.062695600182057803,0.034800578293263509,-0.18081213671329632,-0.0056660398784484679,-0.1233497855003306,-0.056217649450093776,-0.027093716271785532,0,1,0,False,False,False,0,False
mv50,revised_where_available,equal_building,P010,P018,1540,-0.0031710611165754227,0.0087767348961700214,-0.035735581425003125,0.022616780031193523,-0.014064682337907605,-0.0029023826548428416,0.0076054414345389431,0.35844155844155845,0.64155844155844155,0,True,True,True,0.35844155844155845,False
mv50,revised_where_available,equal_building,P010,P019,1540,0.00057586774239584508,0.0078660414466507848,-0.031970795717150918,0.023594233781096919,-0.0095312112153418376,0.001572532484184104,0.0096108511896169594,0.57272727272727275,0.42727272727272725,0,True,True,True,0.42727272727272725,False
mv50,revised_where_available,equal_building,P010,P020,1540,-0.0067324639288584929,0.013068236094106902,-0.040328925865347379,0.029579263615894205,-0.02358299567583912,-0.0064117422256492092,0.010174774652448884,0.35389610389610388,0.64610389610389607,0,True,True,True,0.35389610389610388,False
mv50,revised_where_available,equal_building,P010,P021,1540,-0.00025575033276803568,0.0095900350582563861,-0.030474775027873234,0.034790028909610297,-0.011686230177401011,-0.00063246445758572724,0.01159883396695697,0.47727272727272729,0.52272727272727271,0,True,True,True,0.47727272727272729,False
mv50,revised_where_available,equal_building,P010,P022,1540,-0.012856308070669885,0.013064599603667558,-0.064605976840495086,0.021419668741909238,-0.032251646012772327,-0.0099852039477570011,0.0011947105297994134,0.12857142857142856,0.87142857142857144,0,True,True,True,0.12857142857142856,False
mv50,revised_where_available,equal_building,P010,P023,1540,-0.022406951452908445,0.013931327920668885,-0.062849485076919023,0.022579514571428892,-0.039625800894635306,-0.023211094192625875,-0.0051436044962006539,0.024025974025974027,0.97597402597402594,0,True,True,True,0.024025974025974027,False
mv50,revised_where_available,equal_building,P010,P024,1540,0.0046578849983085159,0.0079472728014810708,-0.022922661537985035,0.02911713165419812,-0.0050067766370151187,0.0047021706754889637,0.014504057385117617,0.72727272727272729,0.27272727272727271,0,True,True,True,0.27272727272727271,False
mv50,revised_where_available,equal_building,P010,P025,1540,0.0001666036534104749,0.0077485849667332891,-0.028824088919141046,0.024917144656302209,-0.0098409257099367643,0.00017358700994511006,0.01007881638144781,0.50974025974025972,0.49025974025974028,0,True,True,True,0.49025974025974028,False
mv50,revised_where_available,equal_building,P010,P026,1540,0.00022316960531678048,0.0075361624489485336,-0.02835611787442098,0.031592260049421846,-0.009802515110937415,0.00030227488036400733,0.009702543852837104,0.52467532467532463,0.47532467532467532,0,True,True,True,0.47532467532467532,False
mv50,revised_where_available,equal_building,P010,P027,1540,0.0057981030932301742,0.0071593678595886076,-0.022628586283064439,0.026295189670448384,-0.0031433083542574212,0.0061630155676183004,0.014836664135300435,0.79935064935064937,0.20064935064935066,0,True,True,True,0.20064935064935066,False
mv50,revised_where_available,equal_building,P011,P012,1540,-0.014344432654757331,0.010946079624746582,-0.053364167487248558,0.013607527445740085,-0.029041425568618776,-0.013697954750473083,-0.00063226328053227058,0.091558441558441561,0.90844155844155849,0,True,True,True,0.091558441558441561,False
mv50,revised_where_available,equal_building,P011,P014,1540,-0.0063393145378904305,0.0061474671989650773,-0.030502259219728108,0.0096481391811895773,-0.013751052172036262,-0.0058758200721255802,0.00072618695568776089,0.13181818181818181,0.86818181818181817,0,True,True,True,0.13181818181818181,False
mv50,revised_where_available,equal_building,P011,P017,1540,-0.05491739727926423,0.033130147084894292,-0.16508376590573948,-0.011873544448716793,-0.1186993911460351,-0.043360803391945119,-0.026143349777124663,0,1,0,False,False,False,0,False
mv50,revised_where_available,equal_building,P011,P018,1540,0.0046071417862181465,0.014553065455895433,-0.033831475427080225,0.036281058072320793,-0.013944618387858177,0.0024141697724710306,0.024104864358285728,0.53961038961038965,0.4603896103896104,0,True,True,True,0.4603896103896104,False
mv50,revised_where_available,equal_building,P011,P019,1540,0.0083540706451894139,0.015296454101995947,-0.028140874871098141,0.042846216413407294,-0.0114259975537762,0.0076353613296084675,0.028341419318752368,0.66233766233766234,0.33766233766233766,0,True,True,True,0.33766233766233766,False
mv50,revised_where_available,equal_building,P011,P020,1540,0.0010457389739350763,0.0062819347019239403,-0.019299806762984192,0.019564126837211322,-0.0071188967051607453,0.0012638804905104883,0.0089955408303961475,0.57857142857142863,0.42142857142857143,0,True,True,True,0.42142857142857143,False
mv50,revised_where_available,equal_building,P011,P021,1540,0.0075224525700255335,0.015167980425310423,-0.030230057621264225,0.047008638360659702,-0.011023709330052388,0.0061541281999085325,0.028052773074170076,0.61688311688311692,0.38311688311688313,0,True,True,True,0.38311688311688313,False
mv50,revised_where_available,equal_building,P011,P022,1540,-0.0050781051678763138,0.018819158666644936,-0.058991934788643202,0.034731623581673692,-0.030747938968902416,-0.0039109514754210265,0.018481260811536455,0.41233766233766234,0.58766233766233766,0,True,True,True,0.41233766233766234,False
mv50,revised_where_available,equal_building,P011,P023,1540,-0.014628748550114873,0.0094844825639397185,-0.050865101837421225,0.024173419401230391,-0.027693910190557829,-0.013427296956539807,-0.0042193663700639279,0.030519480519480519,0.9694805194805195,0,True,True,True,0.030519480519480519,False
mv50,revised_where_available,equal_building,P011,P024,1540,0.012436087901102084,0.01507821738161459,-0.024587596392296802,0.050055565083410677,-0.007327158447170805,0.011675588190504887,0.032908185670661463,0.7551948051948052,0.2448051948051948,0,True,True,True,0.2448051948051948,False
mv50,revised_where_available,equal_building,P011,P025,1540,0.0079448065562040433,0.015624355644716141,-0.029534747248750083,0.050106164156909681,-0.01265460757927089,0.0073661664828505689,0.027920031252740243,0.64610389610389607,0.35389610389610388,0,True,True,True,0.35389610389610388,False
mv50,revised_where_available,equal_building,P011,P026,1540,0.0080013725081103503,0.015559030610048478,-0.02974407710226433,0.051295513767942842,-0.012358799490793063,0.0076382742102985776,0.028318345271829682,0.6480519480519481,0.35194805194805195,0,True,True,True,0.35194805194805195,False
mv50,revised_where_available,equal_building,P011,P027,1540,0.013576305996023745,0.015248643984657431,-0.026969035374295167,0.052648015079398272,-0.0053560416053059215,0.012506644940317974,0.033803031750421771,0.77207792207792203,0.22792207792207791,0,True,True,True,0.22792207792207791,False
mv50,revised_where_available,equal_building,P012,P014,1540,0.0080051181168668967,0.010194587428225705,-0.018567212389434401,0.046445349824266645,-0.0052065705404467331,0.0076543411027354749,0.021392936280640814,0.77077922077922079,0.22922077922077921,0,True,True,True,0.22922077922077921,False
mv50,revised_where_available,equal_building,P012,P017,1540,-0.040572964624506901,0.032706350254374149,-0.14484887306784172,-0.0010289936426524163,-0.10662303046236569,-0.030088052116117724,-0.012492075612704654,0,1,0,False,False,False,0,False
mv50,revised_where_available,equal_building,P012,P018,1540,0.018951574440975474,0.012022245326273107,-0.018244827093785776,0.060439021782912251,0.0035963733288369871,0.018593417370261739,0.034788198095344725,0.94285714285714284,0.057142857142857141,0,True,True,True,0.057142857142857141,False
mv50,revised_where_available,equal_building,P012,P019,1540,0.022698503299946746,0.011517031808005678,-0.010817174076456659,0.057059963100193511,0.008370750633347291,0.022067495148724584,0.037728921472820039,0.98441558441558441,0.015584415584415584,0,True,True,True,0.015584415584415584,False
mv50,revised_where_available,equal_building,P012,P020,1540,0.015390171628692405,0.0098522056071002253,-0.011046653998060658,0.056563258604123097,0.0039018692909757536,0.014814180176024795,0.027273159182916399,0.96103896103896103,0.03896103896103896,0,True,True,True,0.03896103896103896,False
mv50,revised_where_available,equal_building,P012,P021,1540,0.021866885224782862,0.012662839925144944,-0.017569509122534098,0.065432069234529044,0.0064861296322472235,0.02148374877173273,0.038420860305229787,0.96883116883116882,0.031168831168831169,0,True,True,True,0.031168831168831169,False
mv50,revised_where_available,equal_building,P012,P022,1540,0.009266327486881016,0.013174433872152683,-0.030467219519154945,0.038664657630273304,-0.0082085106138089035,0.010347701631105658,0.026289743372800385,0.74285714285714288,0.25714285714285712,0,True,True,True,0.25714285714285712,False
mv50,revised_where_available,equal_building,P012,P023,1540,-0.00028431589535754488,0.0082148890408857995,-0.023153970174268748,0.02680942163772701,-0.011152408613768051,-0.00064629699361291176,0.0094380107486236823,0.4681818181818182,0.53181818181818186,0,True,True,True,0.4681818181818182,False
mv50,revised_where_available,equal_building,P012,P024,1540,0.026780520555859409,0.012140999303217694,-0.016734307535831036,0.065754823947296551,0.01186172582640189,0.026706644406778494,0.041767518580626314,0.98506493506493509,0.014935064935064935,0,True,True,True,0.014935064935064935,False
mv50,revised_where_available,equal_building,P012,P025,1540,0.022289239210961369,0.011712558260748513,-0.01569687915251107,0.0562116309627557,0.007430493469478593,0.021724767829198396,0.038400619846112358,0.98376623376623373,0.016233766233766232,0,True,True,True,0.016233766233766232,False
mv50,revised_where_available,equal_building,P012,P026,1540,0.022345805162867678,0.011869012807282128,-0.010138222891692486,0.058412063924401257,0.0068578755964100015,0.02191847298461564,0.038764068646777027,0.98246753246753249,0.017532467532467531,0,True,True,True,0.017532467532467531,False
mv50,revised_where_available,equal_building,P012,P027,1540,0.027920738650781068,0.011482841513982099,-0.0054364153032458173,0.065438754830472873,0.014434862858529926,0.026881577406993235,0.042865799004113164,0.99805194805194808,0.0019480519480519481,0,True,True,True,0.0019480519480519481,False
mv50,revised_where_available,equal_building,P014,P017,1540,-0.048578082741373797,0.032728976370590752,-0.15892514432015098,-0.0055206681414364904,-0.11484850769968345,-0.035932830220346074,-0.022284323148293709,0,1,0,False,False,False,0,False
mv50,revised_where_available,equal_building,P014,P018,1540,0.010946456324108579,0.015831687574968001,-0.037778119931843046,0.05408010945724958,-0.0086240914604212814,0.0087063271452865014,0.0323394423048987,0.72402597402597402,0.27597402597402598,0,True,True,True,0.27597402597402598,False
mv50,revised_where_available,equal_building,P014,P019,1540,0.014693385183079843,0.015386798531242999,-0.027355764793119214,0.051000514914582795,-0.0039806077605737938,0.01235639972260701,0.036219038760578581,0.81753246753246755,0.18246753246753247,0,True,True,True,0.18246753246753247,False
mv50,revised_where_available,equal_building,P014,P020,1540,0.0073850535118255064,0.0078085803406376742,-0.017474893519397502,0.03080154174186206,-0.0023717805796223219,0.0071855039541781612,0.017409493483137462,0.83831168831168834,0.16168831168831169,0,True,True,True,0.16168831168831169,False
mv50,revised_where_available,equal_building,P014,P021,1540,0.013861767107915963,0.016446982120353875,-0.029749202967930211,0.0664978168766929,-0.0065180932466037617,0.012266344366610277,0.03559586703722583,0.77142857142857146,0.22857142857142856,0,True,True,True,0.22857142857142856,False
mv50,revised_where_available,equal_building,P014,P022,1540,0.0012612093700141165,0.018418249034918417,-0.057586458432632256,0.037729937524701232,-0.024926804753626148,0.0011858952848728607,0.023998062932369561,0.5279220779220779,0.4720779220779221,0,True,True,True,0.4720779220779221,False
mv50,revised_where_available,equal_building,P014,P023,1540,-0.0082894340122244437,0.0079772414882686785,-0.039142510267422784,0.023958009160214636,-0.019501804803265358,-0.0072578689072596205,0.0007660094196810087,0.11818181818181818,0.88181818181818183,0,True,True,True,0.11818181818181818,False
mv50,revised_where_available,equal_building,P014,P024,1540,0.018775402438992513,0.015474352670079039,-0.020548831161201972,0.058737234758931479,4.9850439469492365e-06,0.016493907105400309,0.039862734208744817,0.90000000000000002,0.10000000000000001,0,True,True,True,0.10000000000000001,False
mv50,revised_where_available,equal_building,P014,P025,1540,0.014284121094094476,0.01526943559138999,-0.025453403546934407,0.053683109095065983,-0.0044470824206544355,0.011540885096736748,0.034182670859556542,0.79415584415584417,0.20584415584415586,0,True,True,True,0.20584415584415586,False
mv50,revised_where_available,equal_building,P014,P026,1540,0.014340687046000781,0.015155986485192452,-0.022294092719743808,0.05731449879003709,-0.0038910660886416659,0.012733707596310434,0.034148194434518289,0.79740259740259745,0.20259740259740261,0,True,True,True,0.20259740259740261,False
mv50,revised_where_available,equal_building,P014,P027,1540,0.019915620533914168,0.015385200989543352,-0.017667142462773802,0.061488347823308413,0.0017002504234887581,0.018196116950957998,0.041000102169117737,0.92987012987012985,0.070129870129870125,0,True,True,True,0.070129870129870125,False
mv50,revised_where_available,equal_building,P017,P018,1540,0.059524539065482371,0.034761139680340565,0.0066410111671953639,0.18650233500635041,0.023104308526909735,0.052501039495853781,0.11618842674392278,1,0,0,False,False,False,0,False
mv50,revised_where_available,equal_building,P017,P019,1540,0.06327146792445365,0.034775820046406433,0.007932260085282701,0.18117020033287989,0.027446470368312863,0.056475231998059823,0.1206387663134033,1,0,0,False,False,False,0,False
mv50,revised_where_available,equal_building,P017,P020,1540,0.055963136253199305,0.03335066868689103,0.010971920251062882,0.1666228673736535,0.027238435144055197,0.045107087456036019,0.12021331200179083,1,0,0,False,False,False,0,False
mv50,revised_where_available,equal_building,P017,P021,1540,0.062439849849289762,0.034868772723780514,0.0078146215606843469,0.18654835418788307,0.025349842092598787,0.05567749676474909,0.11936643825805551,1,0,0,False,False,False,0,False
mv50,revised_where_available,equal_building,P017,P022,1540,0.049839292111387913,0.029551275201779387,0.0074162965029753725,0.15123338396252228,0.01825280809856129,0.046017153617383275,0.095317468787514362,1,0,0,False,False,False,0,False
mv50,revised_where_available,equal_building,P017,P023,1540,0.040288648729149355,0.03145953246684674,0.0046967238071495415,0.13781846757557731,0.01513082331008885,0.027200938985270522,0.10581053940282263,1,0,0,False,False,False,0,False
mv50,revised_where_available,equal_building,P017,P024,1540,0.06735348518036631,0.034710414452700691,0.0065257990396138457,0.19052839760601525,0.031133520027879807,0.06080381178582267,0.12519702532341198,1,0,0,False,False,False,0,False
mv50,revised_where_available,equal_building,P017,P025,1540,0.062862203835468269,0.03526559572163751,0.0093820218996384375,0.17335019497644821,0.025673702885386573,0.055839030204100783,0.12186703367120201,1,0,0,False,False,False,0,False
mv50,revised_where_available,equal_building,P017,P026,1540,0.062918769787374568,0.035947737337398374,0.0074927057535483198,0.17879852480120631,0.025884977806155809,0.055635258458169454,0.12338479703636047,1,0,0,False,False,False,0,False
mv50,revised_where_available,equal_building,P017,P027,1540,0.068493703275287976,0.035419298825106804,0.012495711056008992,0.1891868075894575,0.031576840062892297,0.061276645233853108,0.12624377611290127,1,0,0,False,False,False,0,False
mv50,revised_where_available,equal_building,P018,P019,1540,0.0037469288589712674,0.0076583331752405562,-0.024961196887404058,0.024960200656517287,-0.0066240721203750796,0.0046942748309803193,0.012529878715805643,0.73961038961038961,0.26038961038961039,0,True,True,True,0.26038961038961039,False
mv50,revised_where_available,equal_building,P018,P020,1540,-0.0035614028122830698,0.013638380154334608,-0.038358188592580458,0.023065335136854784,-0.021661672675300003,-5.3860168575777662e-05,0.012737513450013171,0.49935064935064938,0.50064935064935068,0,True,True,True,0.49935064935064938,False
mv50,revised_where_available,equal_building,P018,P021,1540,0.0029153107838073866,0.0047537659519208443,-0.0092987198184663715,0.022168079397850281,-0.0031190362807627238,0.0027221466805586268,0.0092313004111461358,0.72662337662337662,0.27337662337662338,0,True,True,True,0.27337662337662338,False
mv50,revised_where_available,equal_building,P018,P022,1540,-0.0096852469540944612,0.012186484008700952,-0.051954775821882203,0.028159828317020796,-0.026920328422491417,-0.0077760327031054042,0.0043657229298996562,0.21753246753246752,0.78246753246753242,0,True,True,True,0.21753246753246752,False
mv50,revised_where_available,equal_building,P018,P023,1540,-0.019235890336333022,0.015537475637093724,-0.070043288840323056,0.02118266300573407,-0.03902895550292295,-0.019426136064212691,0.00079690133497653027,0.11558441558441558,0.88441558441558443,0,True,True,True,0.11558441558441558,False
mv50,revised_where_available,equal_building,P018,P024,1540,0.0078289461148839373,0.0074281917914540956,-0.018672747550279187,0.029560270488590813,-0.0019184971060963176,0.0082245287408443703,0.017016596352693265,0.85519480519480517,0.1448051948051948,0,True,True,True,0.1448051948051948,False
mv50,revised_where_available,equal_building,P018,P025,1540,0.0033376647699858981,0.0095259907934502289,-0.024577254700515264,0.029703651158084342,-0.0099842454425824179,0.0039384260655974598,0.015124222352332109,0.66558441558441561,0.33441558441558439,0,True,True,True,0.33441558441558439,False
mv50,revised_where_available,equal_building,P018,P026,1540,0.0033942307218922029,0.0093430989982994182,-0.025042617918646537,0.030834833485620994,-0.0089549649584893757,0.0038602937596992348,0.015094390220319845,0.67792207792207793,0.32207792207792207,0,True,True,True,0.32207792207792207,False
mv50,revised_where_available,equal_building,P018,P027,1540,0.0089691642098055965,0.0068624031710548357,-0.016461833766657542,0.03021369848279782,0.00024125130448700177,0.0094943205235712147,0.017263415205817027,0.90389610389610386,0.096103896103896108,0,True,True,True,0.096103896103896108,False
mv50,revised_where_available,equal_building,P019,P020,1540,-0.0073083316712543372,0.014327212955583549,-0.03997905425322721,0.030958311264772581,-0.025937409070644814,-0.0058317011299901904,0.011017435210543228,0.37077922077922076,0.62922077922077924,0,True,True,True,0.37077922077922076,False
mv50,revised_where_available,equal_building,P019,P021,1540,-0.00083161807516388066,0.0083494800732267279,-0.027479490916556611,0.036495309943382154,-0.010591487611989237,-0.001534360305766945,0.0096241234252911912,0.42597402597402595,0.574025974025974,0,True,True,True,0.42597402597402595,False
mv50,revised_where_available,equal_building,P019,P022,1540,-0.013432175813065729,0.01051582892292602,-0.045316520475606227,0.0088993287200581257,-0.029727800172637254,-0.011230448800755261,-0.0016580576942639934,0.064935064935064929,0.93506493506493504,0,True,True,True,0.064935064935064929,False
mv50,revised_where_available,equal_building,P019,P023,1540,-0.022982819195304288,0.014367296884953399,-0.063089079651422714,0.0088410114400718914,-0.041687027195024394,-0.021021069440652143,-0.0058429929237656482,0.011038961038961039,0.98896103896103893,0,True,True,True,0.011038961038961039,False
mv50,revised_where_available,equal_building,P019,P024,1540,0.0040820172559126698,0.0044143030810086465,-0.011227168217416594,0.017536308863023264,-0.0015316340208071633,0.0043401497398728294,0.0094351855189426324,0.8441558441558441,0.15584415584415584,0,True,True,True,0.15584415584415584,False
mv50,revised_where_available,equal_building,P019,P025,1540,-0.00040926408898537018,0.0059730939088399309,-0.019895507295500908,0.015447666710697965,-0.00907952698103409,0.00034018378510391502,0.0068709528440553383,0.52727272727272723,0.47272727272727272,0,True,True,True,0.52727272727272723,True
mv50,revised_where_available,equal_building,P019,P026,1540,-0.0003526981370790646,0.0057953281030171363,-0.017700485749606702,0.017752274297329767,-0.0078560305997094227,-0.00034068222996377559,0.0067986638869294014,0.47597402597402599,0.52402597402597406,0,True,True,True,0.47597402597402599,False
mv50,revised_where_available,equal_building,P019,P027,1540,0.005222235350834329,0.0056057654283345471,-0.01252877104028402,0.022567059250811275,-0.0019234658240633261,0.0053254349944216739,0.012359125897835556,0.82857142857142863,0.17142857142857143,0,True,True,True,0.17142857142857143,False
mv50,revised_where_available,equal_building,P020,P021,1540,0.0064767135960904568,0.014120321453697115,-0.02025452952779818,0.050858169364237753,-0.010322394094556462,0.0038637108630176775,0.02415123246784014,0.55454545454545456,0.44545454545454544,0,True,True,True,0.44545454545454544,False
mv50,revised_where_available,equal_building,P020,P022,1540,-0.0061238441418113906,0.018099036022246877,-0.062746643805395672,0.031897940989571848,-0.030717792355235099,-0.0062702261450666465,0.016188629182579128,0.38636363636363635,0.61363636363636365,0,True,True,True,0.38636363636363635,False
mv50,revised_where_available,equal_building,P020,P023,1540,-0.01567448752404995,0.0098288119933014634,-0.053978858423747715,0.013308302981427211,-0.028373982428984305,-0.014839267869871895,-0.0041516804383193691,0.03961038961038961,0.96038961038961035,0,True,True,True,0.03961038961038961,False
mv50,revised_where_available,equal_building,P020,P024,1540,0.011390348927167008,0.01410113611034204,-0.024180393276346399,0.046239735308944832,-0.0063804206934901346,0.0093643060915573478,0.03047770975257174,0.73831168831168836,0.26168831168831169,0,True,True,True,0.26168831168831169,False
mv50,revised_where_available,equal_building,P020,P025,1540,0.0068990675822689675,0.014948243376779892,-0.037493739391585304,0.047650158718015638,-0.012229692083935203,0.0061153992348247956,0.026775375267439221,0.63831168831168827,0.36168831168831167,0,True,True,True,0.36168831168831167,False
mv50,revised_where_available,equal_building,P020,P026,1540,0.0069556335341752727,0.01462047944997775,-0.028558724879445226,0.043639489966194503,-0.011558681223954379,0.0060605608813098961,0.026594133170260444,0.62597402597402596,0.37402597402597404,0,True,True,True,0.37402597402597404,False
mv50,revised_where_available,equal_building,P020,P027,1540,0.012530567022088664,0.013756726339735197,-0.015874423768517561,0.043546057691108864,-0.0043674382646588629,0.0091967470111607441,0.030656907946837376,0.77207792207792203,0.22792207792207791,0,True,True,True,0.22792207792207791,False
mv50,revised_where_available,equal_building,P021,P022,1540,-0.012600557737901847,0.013349846656224382,-0.063040179544940692,0.03081196216689526,-0.030089888388805133,-0.01182609006755694,0.0043586647741373375,0.17207792207792208,0.82792207792207795,0,True,True,True,0.17207792207792208,False
mv50,revised_where_available,equal_building,P021,P023,1540,-0.022151201120140407,0.016221047232798221,-0.073550273490962992,0.024100296225567697,-0.043241334836328478,-0.022182267182655077,-0.0012903595855936535,0.070779220779220775,0.92922077922077917,0,True,True,True,0.070779220779220775,False
mv50,revised_where_available,equal_building,P021,P024,1540,0.0049136353310765503,0.0074894040595819018,-0.027052456228629777,0.024586742826799908,-0.004921177680265492,0.0058366926205994183,0.013265966490932996,0.79350649350649349,0.20649350649350651,0,True,True,True,0.20649350649350651,False
mv50,revised_where_available,equal_building,P021,P025,1540,0.00042235398617851058,0.010559297630714511,-0.035907433276501199,0.028769925226851338,-0.012723789956869595,0.00040959358997987028,0.014162731329293257,0.51623376623376627,0.48376623376623379,0,True,True,True,0.48376623376623379,False
mv50,revised_where_available,equal_building,P021,P026,1540,0.00047891993808481649,0.010657867265204507,-0.036071261739466773,0.03311304170356065,-0.013160114855763138,0.00076501471882906708,0.013802851970359407,0.53506493506493502,0.46493506493506492,0,True,True,True,0.46493506493506492,False
mv50,revised_where_available,equal_building,P021,P027,1540,0.0060538534259982112,0.0074833858336996028,-0.027177566969681495,0.02648554880283336,-0.0037258794414442983,0.0075260978689901444,0.014507045989185004,0.79870129870129869,0.20129870129870131,0,True,True,True,0.20129870129870131,False
mv50,revised_where_available,equal_building,P022,P023,1540,-0.0095506433822385595,0.016314389993981222,-0.039451146556520607,0.036389418074479825,-0.029073033942511921,-0.0084324631696751223,0.013025582378792129,0.29415584415584417,0.70584415584415583,0,True,True,True,0.29415584415584417,False
mv50,revised_where_available,equal_building,P022,P024,1540,0.017514193068978397,0.011453896022091436,-0.010043368201930261,0.054973459255760311,0.0044890638887781498,0.01575397141969237,0.034649505889866004,0.9694805194805195,0.030519480519480519,0,True,True,True,0.030519480519480519,False
mv50,revised_where_available,equal_building,P022,P025,1540,0.01302291172408036,0.01027940171473443,-0.010644660915338902,0.038745291836215598,0.0029501470655939992,0.0096644343600766243,0.030185333018256259,0.97337662337662334,0.026623376623376622,0,True,True,True,0.026623376623376622,False
mv50,revised_where_available,equal_building,P022,P026,1540,0.013079477675986665,0.010940568921806735,-0.0055620581822667173,0.042272607958261411,0.0029631920132671984,0.008856931419864638,0.031865372440235851,0.97402597402597402,0.025974025974025976,0,True,True,True,0.025974025974025976,False
mv50,revised_where_available,equal_building,P022,P027,1540,0.018654411163900059,0.012379189280796598,-0.011871134065399191,0.060981562404763469,0.0036739679979547351,0.016832943860955792,0.037461723048401639,0.96493506493506498,0.035064935064935063,0,True,True,True,0.035064935064935063,False
mv50,revised_where_available,equal_building,P023,P024,1540,0.027064836451216958,0.014924810203189993,-0.015010981619522301,0.072384656966521035,0.0090789235981400245,0.026488403958138704,0.046789227798354316,0.98896103896103893,0.011038961038961039,0,True,True,True,0.011038961038961039,False
mv50,revised_where_available,equal_building,P023,P025,1540,0.022573555106318914,0.014213811470484155,-0.011460136975753779,0.060062001164387563,0.0053764079094439001,0.020442902388674494,0.041217178900584843,0.98441558441558441,0.015584415584415584,0,True,True,True,0.015584415584415584,False
mv50,revised_where_available,equal_building,P023,P026,1540,0.022630121058225223,0.014357164534039454,-0.010683584666137252,0.062804611662744439,0.0051023181687242947,0.021569420937993206,0.041718615577977118,0.98181818181818181,0.018181818181818181,0,True,True,True,0.018181818181818181,False
mv50,revised_where_available,equal_building,P023,P027,1540,0.028205054546138617,0.01537140325430455,-0.011509866753440116,0.078317656689264631,0.0092600601879070168,0.027195812726331953,0.048317347490507791,0.98766233766233769,0.012337662337662338,0,True,True,True,0.012337662337662338,False
mv50,revised_where_available,equal_building,P024,P025,1540,-0.0044912813448980396,0.0074010856664905285,-0.030000091334392548,0.016594321665765098,-0.014225420904200408,-0.0043056233262257701,0.0045979012649266463,0.287012987012987,0.71298701298701295,0,True,True,True,0.287012987012987,False
mv50,revised_where_available,equal_building,P024,P026,1540,-0.0044347153929917343,0.0074293198001835767,-0.029298811865299926,0.01704586359172048,-0.013931956011380073,-0.0043611662413866638,0.0051324796069208622,0.25714285714285712,0.74285714285714288,0,True,True,True,0.25714285714285712,False
mv50,revised_where_available,equal_building,P024,P027,1540,0.0011402180949216586,0.0062807357179418414,-0.021035472318982867,0.02221950533413361,-0.0067938106781481452,0.0013362636073478464,0.0090332472939530246,0.59610389610389614,0.40389610389610392,0,True,True,True,0.40389610389610392,False
mv50,revised_where_available,equal_building,P025,P026,1540,5.6565951906305602e-05,0.003346139137449832,-0.009577341452398018,0.014673716677907626,-0.0040818636139249896,-4.6431814043623731e-05,0.0044767365080815467,0.48961038961038961,0.51038961038961039,0,True,True,True,0.51038961038961039,True
mv50,revised_where_available,equal_building,P025,P027,1540,0.0056314994398196988,0.0078648701896256185,-0.021642001728429193,0.027386473906495457,-0.0047756452446439416,0.005767407946092715,0.015775405501531174,0.76623376623376627,0.23376623376623376,0,True,True,True,0.23376623376623376,False
mv50,revised_where_available,equal_building,P026,P027,1540,0.0055749334879133935,0.0072749583788623146,-0.018932750471810221,0.024837122073149701,-0.0043896042245645988,0.0061286615857346002,0.014510660777542097,0.77727272727272723,0.22272727272727272,0,True,True,True,0.22272727272727272,False
mv_strict,original,equal_image,P001,P002,1540,-0.010844940290872157,0.0065894223412949395,-0.038361019791807754,0.0077020492092598871,-0.019710344048877008,-0.010719469194767819,-0.0026265614928288345,0.038311688311688311,0.9616883116883117,0,True,True,True,0.038311688311688311,False
mv_strict,original,equal_image,P001,P003,1540,0.003832080525149622,0.013553589849628482,-0.024223694172760955,0.065401133864595229,-0.010533664433689206,0.00040628112553939554,0.02502031833357133,0.51688311688311683,0.48311688311688311,0,True,True,True,0.48311688311688311,False
mv_strict,original,equal_image,P001,P004,1540,0.0075110681185009756,0.012774940143773148,-0.021636647705692319,0.06940568786289418,-0.0079890683308967061,0.0068342984473314574,0.023966158588932186,0.6811688311688312,0.31883116883116885,0,True,True,True,0.31883116883116885,False
mv_strict,original,equal_image,P001,P005,1540,0.014945788515216702,0.010419702034044191,-0.0022224546321038068,0.061377746797838507,0.0035856153784390929,0.012171712063504026,0.029063164460242374,0.99025974025974028,0.00974025974025974,0,True,True,False,0.00974025974025974,False
mv_strict,original,equal_image,P001,P006,1540,-0.00087695769772758278,0.0076109331403041436,-0.021662241385224358,0.034721729472738758,-0.010532972501758555,-0.00084562572745375817,0.0081223612145614431,0.45259740259740261,0.54740259740259745,0,True,True,True,0.45259740259740261,False
mv_strict,original,equal_image,P001,P007,1540,0.00023422645995019908,0.0061238954101072787,-0.016214561160632433,0.028534605526488777,-0.0079678264279281798,0.00062169128520090234,0.0070399973749221759,0.53896103896103897,0.46103896103896103,0,True,True,True,0.46103896103896103,False
mv_strict,original,equal_image,P001,P008,1540,0.014193349188041724,0.01670322928425667,-0.021763672992490116,0.091824690475961229,-0.0043356115189626702,0.01166720496176785,0.037205072248534886,0.79220779220779225,0.20779220779220781,0,True,True,True,0.20779220779220781,False
mv_strict,original,equal_image,P001,P009,1540,0.014340420622148178,0.016794539679763649,-0.021544815824714836,0.092143030542783694,-0.0041901657668404904,0.01191168032453651,0.037829924228751692,0.79415584415584417,0.20584415584415586,0,True,True,True,0.20584415584415586,False
mv_strict,original,equal_image,P001,P010,1540,0.0032497105432151003,0.011688011269546493,-0.020525358549658805,0.047207905687929749,-0.010863500867950793,0.0011526073339477015,0.019685986800940612,0.55129870129870129,0.44870129870129871,0,True,True,True,0.44870129870129871,False
mv_strict,original,equal_image,P001,P011,1540,0.0016310559739268814,0.0063039959338614471,-0.015329875797616058,0.039800764982136562,-0.0062483123498052939,0.0016145484170304787,0.0083480111232134419,0.60519480519480517,0.39480519480519483,0,True,True,True,0.39480519480519483,False
mv_strict,original,equal_image,P001,P012,1540,-0.0026296616647543988,0.00955472252599774,-0.027342370617736377,0.040826727648727842,-0.014328518839697981,-0.0030020443588363753,0.0092663124822171886,0.36948051948051946,0.63051948051948048,0,True,True,True,0.36948051948051946,False
mv_strict,original,equal_image,P001,P014,1540,-0.0036409345535000671,0.0068479825771664707,-0.022383744896602623,0.030229958135739626,-0.013147240004898609,-0.0029610474858620508,0.0036489273142475899,0.29740259740259739,0.70259740259740255,0,True,True,True,0.29740259740259739,False
mv_strict,original,equal_image,P001,P017,1540,-0.02311947720746392,0.0066285422698891625,-0.055267016879079665,-0.0025496035456904322,-0.031785886968494478,-0.022462948114134872,-0.015458819546044233,0,1,0,False,False,False,0,False
mv_strict,original,equal_image,P001,P018,1540,0.0021262476365322097,0.01139344331867949,-0.020764152067730333,0.046943319569490237,-0.01105245691902274,-0.0014811285690895155,0.017881472604968616,0.43311688311688312,0.56688311688311688,0,True,True,True,0.56688311688311688,True
mv_strict,original,equal_image,P001,P019,1540,0.00529094416206704,0.012512816801146059,-0.031689963185122752,0.059384397322308068,-0.010154881485001162,0.0039630387057111426,0.022519120359999669,0.64935064935064934,0.35064935064935066,0,True,True,True,0.35064935064935066,False
mv_strict,original,equal_image,P001,P020,1540,0.0032449969598375445,0.006853191379023813,-0.016013624244807848,0.03371322615657215,-0.0054406693979976916,0.0033523572311320903,0.010919389082037058,0.70779220779220775,0.29220779220779219,0,True,True,True,0.29220779220779219,False
mv_strict,original,equal_image,P001,P021,1540,0.015849408522734278,0.011443170522036446,-0.008231986725786327,0.07093450067057408,0.0017609972744981116,0.014855750524566251,0.031571173083702546,0.93246753246753245,0.067532467532467527,0,True,True,True,0.067532467532467527,False
mv_strict,original,equal_image,P001,P022,1540,7.2370430228748826e-05,0.012962348098128768,-0.040402130084150278,0.035627827869633463,-0.01658689451958556,-0.00030203901931598331,0.01697444688282497,0.49285714285714288,0.50714285714285712,0,True,True,True,0.50714285714285712,True
mv_strict,original,equal_image,P001,P023,1540,-0.0049854393132331967,0.0086237954220726165,-0.035674132223740662,0.036702346797414472,-0.015858809004825124,-0.0044564002515254456,0.004584150803598073,0.26688311688311689,0.73311688311688317,0,True,True,True,0.26688311688311689,False
mv_strict,original,equal_image,P001,P024,1540,0.012852995578988871,0.013762668139576651,-0.026752223485523762,0.067065208815658708,-0.0044614620127242125,0.012784001062922637,0.03103896775189809,0.82857142857142863,0.17142857142857143,0,True,True,True,0.17142857142857143,False
mv_strict,original,equal_image,P001,P025,1540,0.0023373464099821226,0.012350637517254341,-0.034528944484786044,0.044977676643674108,-0.012978750800242208,0.0010454344622895391,0.019553834761697256,0.54025974025974022,0.45974025974025973,0,True,True,True,0.45974025974025973,False
mv_strict,original,equal_image,P001,P026,1540,-0.001563013570404292,0.012715451012560273,-0.037531933736489408,0.045855884979518167,-0.01719793233190086,-0.003062866661489437,0.015939692010986699,0.40129870129870132,0.59870129870129873,0,True,True,True,0.40129870129870132,False
mv_strict,original,equal_image,P001,P027,1540,0.0060217703661464917,0.011227802659546617,-0.016386559701022218,0.051440005488131837,-0.0076606129410386669,0.0042976000086151576,0.021700704232693702,0.66623376623376629,0.33376623376623377,0,True,True,True,0.33376623376623377,False
mv_strict,original,equal_image,P002,P003,1540,0.01467702081602178,0.012554148459553278,-0.014132701088840367,0.071942455559210278,0.0013828935670968088,0.011244719809970053,0.033038466027378789,0.92142857142857137,0.07857142857142857,0,True,True,True,0.07857142857142857,False
mv_strict,original,equal_image,P002,P004,1540,0.018356008409373133,0.011745497932580142,-0.0079641821421743454,0.079715544517685505,0.005056754462716583,0.016867986322188395,0.033103646227112676,0.97857142857142854,0.021428571428571429,0,True,True,True,0.021428571428571429,False
mv_strict,original,equal_image,P002,P005,1540,0.025790728806088858,0.012986281699389663,0.00038288113982526683,0.081218272972557598,0.01067051408211547,0.023657442376532611,0.042469516473041848,1,0,0,False,False,False,0,False
mv_strict,original,equal_image,P002,P006,1540,0.0099679825931445754,0.006114325707125009,-0.0069584092788206927,0.044679788581175953,0.0035347808192209753,0.0093918678206469861,0.016261627307899977,0.97337662337662334,0.026623376623376622,0,True,True,True,0.026623376623376622,False
mv_strict,original,equal_image,P002,P007,1540,0.011079166750822357,0.0064813820760711268,-0.0093199612994017966,0.047268750738660763,0.0037118414150283038,0.010714855623933147,0.018305539226425423,0.97467532467532469,0.025324675324675326,0,True,True,True,0.025324675324675326,False
mv_strict,original,equal_image,P002,P008,1540,0.025038289478913883,0.015856454172993233,-0.010629715694737391,0.099381942889111799,0.0072953823930748856,0.02238205818928244,0.047050433960855738,0.98506493506493509,0.014935064935064935,0,True,True,True,0.014935064935064935,False
mv_strict,original,equal_image,P002,P009,1540,0.025185360913020337,0.015925949335036042,-0.010309948017277379,0.099700282955934277,0.0075030991465072864,0.022478425744655552,0.047414303828183277,0.98441558441558441,0.015584415584415584,0,True,True,True,0.015584415584415584,False
mv_strict,original,equal_image,P002,P010,1540,0.01409465083408726,0.011462955177841235,-0.011704313120031673,0.062753433524154398,0.0023362510875318413,0.010556726355192746,0.03056210254819728,0.94610389610389611,0.053896103896103893,0,True,True,True,0.053896103896103893,False
mv_strict,original,equal_image,P002,P011,1540,0.012475996264799036,0.0076928855589625655,-0.011542205363034474,0.054594938365861781,0.0037894806513911706,0.011785958636250732,0.021070587656581478,0.97662337662337662,0.023376623376623377,0,True,True,True,0.023376623376623377,False
mv_strict,original,equal_image,P002,P012,1540,0.0082152786261177578,0.0065378898168097889,-0.0015877820263028308,0.047965794420890731,0.0019457558338526004,0.0061524948391754788,0.016925574747582994,0.99610389610389616,0.0038961038961038961,0,True,True,False,0.0038961038961038961,False
mv_strict,original,equal_image,P002,P014,1540,0.0072040057373720899,0.0067075203131800043,-0.014216738965862216,0.042828947454186382,-0.00034232430161782726,0.0067729986584423255,0.014431024368066987,0.88571428571428568,0.11428571428571428,0,True,True,True,0.11428571428571428,False
mv_strict,original,equal_image,P002,P017,1540,-0.012274536916591762,0.0044138403397028722,-0.030558310302840664,-0.0011214802392506772,-0.017939143847826088,-0.011426589858735358,-0.0076824293164697872,0,1,0,False,False,False,0,False
mv_strict,original,equal_image,P002,P018,1540,0.012971187927404367,0.011543563145786759,-0.010758964132453377,0.070203877248633806,0.00070407287616484578,0.0096605188947533789,0.029865187536172778,0.92402597402597397,0.075974025974025972,0,True,True,True,0.075974025974025972,False
mv_strict,original,equal_image,P002,P019,1540,0.016135884452939196,0.011882200920298057,-0.016984585516484418,0.066372219385116712,0.0028383715725568137,0.013317232389005373,0.032874357010556347,0.94480519480519476,0.055194805194805192,0,True,True,True,0.055194805194805192,False
mv_strict,original,equal_image,P002,P020,1540,0.014089937250709703,0.0062767546386335608,-0.0044289267747916559,0.054308860069007682,0.0072389331718685423,0.013504312757912449,0.021059478305088912,0.9974025974025974,0.0025974025974025974,0,True,True,False,0.0025974025974025974,False
mv_strict,original,equal_image,P002,P021,1540,0.026694348813606439,0.013485451401045788,-0.0026931175827051316,0.088522800159967691,0.010371034348190693,0.02509439672063021,0.044843512634169552,0.9948051948051948,0.0051948051948051948,0,True,True,False,0.0051948051948051948,False
mv_strict,original,equal_image,P002,P022,1540,0.010917310721100906,0.011422097363524161,-0.014365129717827238,0.058631620318326826,-0.0012209972730567724,0.007998529139256156,0.026235936302559673,0.87142857142857144,0.12857142857142856,0,True,True,True,0.12857142857142856,False
mv_strict,original,equal_image,P002,P023,1540,0.0058595009776389621,0.0073468395466272504,-0.016246775751606629,0.044249424283326622,-0.0032914962313487965,0.0059953281465119392,0.013399133987912641,0.82337662337662343,0.17662337662337663,0,True,True,True,0.17662337662337663,False
mv_strict,original,equal_image,P002,P024,1540,0.02369793586986103,0.01325622151128529,-0.0139113106019737,0.077405185766758838,0.0074927399555217,0.023026381273540578,0.041444626944659509,0.97857142857142854,0.021428571428571429,0,True,True,True,0.021428571428571429,False
mv_strict,original,equal_image,P002,P025,1540,0.013182286700854282,0.012168008662481928,-0.019628321827573784,0.063118687609308582,-0.0010936795484765369,0.010494015223115129,0.03036658794697257,0.88896103896103895,0.11103896103896103,0,True,True,True,0.11103896103896103,False
mv_strict,original,equal_image,P002,P026,1540,0.009281926720467867,0.01202617093327568,-0.017769621434100043,0.063933570844932924,-0.0040771772498419227,0.0064459697227668908,0.026288943853139304,0.82987012987012987,0.17012987012987013,0,True,True,True,0.17012987012987013,False
mv_strict,original,equal_image,P002,P027,1540,0.016866710657018648,0.010902726016297791,-0.0054841483064989784,0.065663737468879851,0.0057920146829975932,0.013606781277919273,0.032765233246008232,0.99025974025974028,0.00974025974025974,0,True,True,True,0.00974025974025974,False
mv_strict,original,equal_image,P003,P004,1540,0.0036789875933513523,0.01555639167478047,-0.036590768072032043,0.042060712132948638,-0.019770518634100863,0.0037164800381573465,0.022678653677006558,0.61168831168831173,0.38831168831168833,0,True,True,True,0.38831168831168833,False
mv_strict,original,equal_image,P003,P005,1540,0.011113707990067077,0.017167598930580199,-0.032326262402181949,0.057956388487985566,-0.015018677679352572,0.012085896902801579,0.032307477149614489,0.75779220779220779,0.24220779220779221,0,True,True,True,0.24220779220779221,False
mv_strict,original,equal_image,P003,P006,1540,-0.004709038222877205,0.011906259408717477,-0.043699766230558101,0.016205062971592493,-0.02442559264470508,-0.0011411148205375172,0.0076440671433965039,0.4603896103896104,0.53961038961038965,0,True,True,True,0.4603896103896104,False
mv_strict,original,equal_image,P003,P007,1540,-0.0035978540651994237,0.012183632152652868,-0.03688803285668231,0.020150259514396675,-0.023039050142781667,-0.00099394382429462275,0.010133924176910506,0.46493506493506492,0.53506493506493502,0,True,True,True,0.46493506493506492,False
mv_strict,original,equal_image,P003,P008,1540,0.010361268662892104,0.0088049547243084225,-0.0022927496641889145,0.033402516370661238,0.0014198943590869317,0.0066575280916854095,0.023939197018080234,0.98116883116883113,0.018831168831168831,0,True,True,False,0.018831168831168831,False
mv_strict,original,equal_image,P003,P009,1540,0.010508340096998555,0.0088354831154675243,-0.0022930200232039455,0.031631058763220143,0.0015474158575775833,0.0066956976099043263,0.024121982780217304,0.98766233766233769,0.012337662337662338,0,True,True,False,0.012337662337662338,False
mv_strict,original,equal_image,P003,P010,1540,-0.00058236998193452144,0.015371646959346287,-0.033709574233331506,0.039880918654066434,-0.023692968759332637,-6.0775937010562606e-05,0.020038068392717975,0.49805194805194808,0.50194805194805192,0,True,True,True,0.49805194805194808,False
mv_strict,original,equal_image,P003,P011,1540,-0.0022010245512227417,0.011908162373596569,-0.030070793300421512,0.018882713343825248,-0.02147674777980367,0.00098704755919345457,0.011598644864000151,0.5357142857142857,0.4642857142857143,0,True,True,True,0.5357142857142857,True
mv_strict,original,equal_image,P003,P012,1540,-0.0064617421899040199,0.013907015636255755,-0.046561168104268663,0.027695415370258901,-0.02745107811093862,-0.0041972887596984044,0.0096525300948543287,0.36883116883116884,0.63116883116883116,0,True,True,True,0.36883116883116884,False
mv_strict,original,equal_image,P003,P014,1540,-0.0074730150786496878,0.011711342030121459,-0.04093481600460859,0.019033559337133348,-0.02683235423712281,-0.003126231974979543,0.0046719897636211304,0.32662337662337665,0.67337662337662341,0,True,True,True,0.32662337662337665,False
mv_strict,original,equal_image,P003,P017,1540,-0.026951557732613537,0.011661935983321969,-0.077438796887964775,-0.0040040661527920825,-0.04509391865591221,-0.023455832354339429,-0.014701727732758799,0,1,0,False,False,False,0,False
mv_strict,original,equal_image,P003,P018,1540,-0.0017058328886174121,0.016066354408370984,-0.045375854816447903,0.03618187162360504,-0.024497896840569168,-0.0010719720003458111,0.019718648653749234,0.46753246753246752,0.53246753246753242,0,True,True,True,0.46753246753246752,False
mv_strict,original,equal_image,P003,P019,1540,0.0014588636369174163,0.015850338595574501,-0.040400643763773801,0.03863720892866742,-0.021815993800673058,0.0031605641425656028,0.022621547726555679,0.58181818181818179,0.41818181818181815,0,True,True,True,0.41818181818181815,False
mv_strict,original,equal_image,P003,P020,1540,-0.0005870835653120776,0.012654658795203035,-0.037183501703891904,0.024430274659503998,-0.020415141003644197,0.0023878392959407416,0.013592214066314468,0.57207792207792207,0.42792207792207793,0,True,True,True,0.57207792207792207,True
mv_strict,original,equal_image,P003,P021,1540,0.012017327997584658,0.014619430380222315,-0.024774476137306115,0.059072015986635661,-0.0086314557247006048,0.011801364641156073,0.030392328227467517,0.79415584415584417,0.20584415584415586,0,True,True,True,0.20584415584415586,False
mv_strict,original,equal_image,P003,P022,1540,-0.0037597100949208727,0.015994672344107692,-0.047579390707779785,0.032767489034867425,-0.027168689219626885,-0.0023290758326356812,0.016736912940431156,0.42597402597402595,0.574025974025974,0,True,True,True,0.42597402597402595,False
mv_strict,original,equal_image,P003,P023,1540,-0.0088175198383828174,0.012454509897306851,-0.045570250756888739,0.011233241008609073,-0.02737976480671564,-0.005154132715482887,0.0042487896590385618,0.35649350649350647,0.64350649350649347,0,True,True,True,0.35649350649350647,False
mv_strict,original,equal_image,P003,P024,1540,0.0090209150538392499,0.013563682891269489,-0.03015549136502238,0.039198083433342829,-0.010125360207918281,0.0090747740194936193,0.027282607560256092,0.73636363636363633,0.26363636363636361,0,True,True,True,0.26363636363636361,False
mv_strict,original,equal_image,P003,P025,1540,-0.0014947341151674996,0.016032860984427449,-0.045275521071409676,0.035770671690028975,-0.023319729007513341,-0.00021498193291640406,0.020661182121781665,0.49545454545454548,0.50454545454545452,0,True,True,True,0.49545454545454548,False
mv_strict,original,equal_image,P003,P026,1540,-0.0053950940955539142,0.016049960700833889,-0.046562767557880261,0.032325440365788438,-0.027887609965131469,-0.0037320903495695707,0.016695617971009675,0.38376623376623376,0.61623376623376624,0,True,True,True,0.38376623376623376,False
mv_strict,original,equal_image,P003,P027,1540,0.0021896898409968701,0.015878553801071046,-0.038788564218701055,0.039386764340085395,-0.021663548266660056,0.0027897732719307259,0.022907871355177405,0.58896103896103891,0.41103896103896104,0,True,True,True,0.41103896103896104,False
mv_strict,original,equal_image,P004,P005,1540,0.0074347203967157277,0.0097140551410631916,-0.019044830896069568,0.037342461818534109,-0.0055033444894180715,0.0074455168940056049,0.020113987362091672,0.78181818181818186,0.21818181818181817,0,True,True,True,0.21818181818181817,False
mv_strict,original,equal_image,P004,P006,1540,-0.0083880258162285573,0.0093449760229539665,-0.039884692706099054,0.013289664679165336,-0.020850845981406591,-0.0075530182058848871,0.002798655610490385,0.22272727272727272,0.77727272727272723,0,True,True,True,0.22272727272727272,False
mv_strict,original,equal_image,P004,P007,1540,-0.0072768416585507747,0.010438684869863926,-0.044870802157564692,0.018411087893556534,-0.020634932557135572,-0.0066799689302532803,0.0058329404472153273,0.27012987012987011,0.72987012987012989,0,True,True,True,0.27012987012987011,False
mv_strict,original,equal_image,P004,P008,1540,0.0066822810695407499,0.012890885750314284,-0.02288913634433374,0.047048364673172076,-0.0074023551821725255,0.0042765699362866281,0.027912125306723289,0.67337662337662341,0.32662337662337665,0,True,True,True,0.32662337662337665,False
mv_strict,original,equal_image,P004,P009,1540,0.0068293525036472041,0.012884438246628277,-0.022511140179992634,0.047287208430980283,-0.0071582820817963902,0.0044477390831842867,0.028203010050787642,0.6837662337662338,0.31623376623376626,0,True,True,True,0.31623376623376626,False
mv_strict,original,equal_image,P004,P010,1540,-0.004261357575285874,0.0077377549842279928,-0.027598268292667781,0.021177563243098534,-0.014914957933319749,-0.0037325708890251831,0.0051884322824686325,0.30909090909090908,0.69090909090909092,0,True,True,True,0.30909090909090908,False
mv_strict,original,equal_image,P004,P011,1540,-0.0058800121445740936,0.010841083812747827,-0.039497061838939578,0.01848447867262799,-0.01928893732575198,-0.0063058874814047716,0.0079828046921200657,0.33831168831168829,0.66168831168831166,0,True,True,True,0.33831168831168829,False
mv_strict,original,equal_image,P004,P012,1540,-0.010140729783255373,0.0079943719379802977,-0.037036471942589619,0.011798692565636542,-0.020485303165400724,-0.0099124067475304285,0.00015117407817582236,0.10324675324675325,0.89675324675324675,0,True,True,True,0.10324675324675325,False
mv_strict,original,equal_image,P004,P014,1540,-0.011152002672001039,0.010977539643341413,-0.04459338532726214,0.02006876890207835,-0.025479967494193866,-0.01081686758816721,0.0025759270756949217,0.16753246753246753,0.83246753246753247,0,True,True,True,0.16753246753246753,False
mv_strict,original,equal_image,P004,P017,1540,-0.030630545325964896,0.012104227815858693,-0.094106363522786535,-0.004096198676943533,-0.045594919949107207,-0.029522676328293026,-0.016517098118856117,0,1,0,False,False,False,0,False
mv_strict,original,equal_image,P004,P018,1540,-0.0053848204819687646,0.0070553085392194449,-0.026032315556958108,0.011945998617869252,-0.015681141458461098,-0.0045114878560001985,0.0029812650940515,0.2487012987012987,0.75129870129870124,0,True,True,True,0.2487012987012987,False
mv_strict,original,equal_image,P004,P019,1540,-0.0022201239564339356,0.008501230322873074,-0.033196364402673879,0.015841614414404782,-0.014545459076102097,-0.00064142014131315364,0.0072551730967920693,0.45389610389610391,0.54610389610389609,0,True,True,True,0.45389610389610391,False
mv_strict,original,equal_image,P004,P020,1540,-0.0042660711586634302,0.0097685414931134654,-0.040149510343360076,0.020591512848951683,-0.016464546897988468,-0.0041452178485899965,0.0080378560460199339,0.37402597402597404,0.62597402597402596,0,True,True,True,0.37402597402597404,False
mv_strict,original,equal_image,P004,P021,1540,0.0083383404042333045,0.010160640234624877,-0.022496521186567808,0.039921861460248564,-0.0037977299841801013,0.0076846489648859217,0.021331013218776403,0.80454545454545456,0.19545454545454546,0,True,True,True,0.19545454545454546,False
mv_strict,original,equal_image,P004,P022,1540,-0.007438697688272225,0.007162606525472826,-0.040766011894562595,0.0092401530793550651,-0.017797752320747772,-0.0061207351071368736,0.00018288131260984616,0.10974025974025974,0.89025974025974031,0,True,True,True,0.10974025974025974,False
mv_strict,original,equal_image,P004,P023,1540,-0.012496507431734171,0.010186347840828577,-0.040228303711378199,0.010046761687709618,-0.026212564937147,-0.013070253956853496,0.00057025949873309339,0.12077922077922078,0.87922077922077924,0,True,True,True,0.12077922077922078,False
mv_strict,original,equal_image,P004,P024,1540,0.0053419274604878976,0.0084842436261616805,-0.023488138248396163,0.024405546715857464,-0.006579102676660474,0.0063397464649802889,0.01516632646101361,0.76948051948051943,0.23051948051948051,0,True,True,True,0.23051948051948051,False
mv_strict,original,equal_image,P004,P025,1540,-0.0051737217085188513,0.0097857036961705619,-0.037801938064955298,0.020419648431580551,-0.019994910427862746,-0.0032084641359224619,0.0054158164116151,0.35649350649350647,0.64350649350649347,0,True,True,True,0.35649350649350647,False
mv_strict,original,equal_image,P004,P026,1540,-0.0090740816889052656,0.0094466228836134758,-0.044616438524213084,0.015036926403569486,-0.022103436667092188,-0.007359246791088664,0.001137510208218743,0.14285714285714285,0.8571428571428571,0,True,True,True,0.14285714285714285,False
mv_strict,original,equal_image,P004,P027,1540,-0.0014892977523544818,0.007958514679912522,-0.025055082579232574,0.022517369426088982,-0.012174581004911131,-0.0012065008085578866,0.0082359769891843723,0.44935064935064933,0.55064935064935061,0,True,True,True,0.44935064935064933,False
mv_strict,original,equal_image,P005,P006,1540,-0.015822746212944286,0.011769025822261695,-0.053474979916765454,0.0089060631942003751,-0.031979512479707539,-0.014440701365176212,-0.0018361948475179629,0.053896103896103893,0.94610389610389611,0,True,True,True,0.053896103896103893,False
mv_strict,original,equal_image,P005,P007,1540,-0.014711562055266502,0.010892960096353505,-0.051891522526466824,0.0042450234603203015,-0.028522228661786341,-0.013281458189267544,-0.00226405610842376,0.028571428571428571,0.97142857142857142,0,True,True,False,0.028571428571428571,False
mv_strict,original,equal_image,P005,P008,1540,-0.00075243932717497704,0.014387754203634357,-0.031821356272491844,0.039224209959372702,-0.015734446813322124,-0.0049888207982161595,0.023072973629693041,0.33831168831168829,0.66168831168831166,0,True,True,True,0.33831168831168829,False
mv_strict,original,equal_image,P005,P009,1540,-0.00060536789306852331,0.01426968569918506,-0.031329678938578617,0.039139778561755441,-0.015627021447364491,-0.0046845007867397162,0.023004962640880599,0.34480519480519478,0.65519480519480522,0,True,True,True,0.34480519480519478,False
mv_strict,original,equal_image,P005,P010,1540,-0.011696077972001602,0.0080902197144427333,-0.044475959920460627,0.0062599204712869925,-0.023748498154928525,-0.010284040475617554,-0.0027379866497378147,0.031168831168831169,0.96883116883116882,0,True,True,True,0.031168831168831169,False
mv_strict,original,equal_image,P005,P011,1540,-0.013314732541289821,0.010863188181104601,-0.049694482369858364,0.010164818225841043,-0.027457075014703028,-0.011763647256595906,-0.00068336692199143375,0.082467532467532467,0.91753246753246753,0,True,True,True,0.082467532467532467,False
mv_strict,original,equal_image,P005,P012,1540,-0.0175754501799711,0.0098282175073060134,-0.055074714292677338,0.0062494970890063003,-0.031154324969471923,-0.016553160158213377,-0.0056931575144120936,0.011688311688311689,0.98831168831168836,0,True,True,True,0.011688311688311689,False
mv_strict,original,equal_image,P005,P014,1540,-0.018586723068716768,0.011883858153256367,-0.059892062569930127,0.0064278068300920362,-0.03432769039069599,-0.017175130382223451,-0.0042742535060205974,0.016233766233766232,0.98376623376623373,0,True,True,True,0.016233766233766232,False
mv_strict,original,equal_image,P005,P017,1540,-0.038065265722680618,0.01368571433165339,-0.098124270059829516,-0.0060771534579432658,-0.055709722358827235,-0.036735691155850528,-0.021734585007167826,0,1,0,False,False,False,0,False
mv_strict,original,equal_image,P005,P018,1540,-0.012819540878684491,0.0072164465151963921,-0.033549752884150318,0.0033809118328868375,-0.023916505743276983,-0.011149711840746462,-0.0051041554739104673,0.01038961038961039,0.98961038961038961,0,True,True,False,0.01038961038961039,False
mv_strict,original,equal_image,P005,P019,1540,-0.009654844353149665,0.0083826334181748025,-0.042205914812729242,0.0070121415606824392,-0.021578035539417881,-0.0083087498287409706,7.5308496004201434e-05,0.1025974025974026,0.89740259740259742,0,True,True,True,0.1025974025974026,False
mv_strict,original,equal_image,P005,P020,1540,-0.011700791555379156,0.01083274514936274,-0.046571747796034561,0.0090578359073309519,-0.025978369263120103,-0.0094418504607008229,0.00071639977189580828,0.12727272727272726,0.87272727272727268,0,True,True,True,0.12727272727272726,False
mv_strict,original,equal_image,P005,P021,1540,0.00090362000751757754,0.0079255972212471798,-0.019121235548221246,0.019608129085968248,-0.009217553793352767,0.00023717966442795974,0.011287480316716723,0.50584415584415587,0.49415584415584418,0,True,True,True,0.49415584415584418,False
mv_strict,original,equal_image,P005,P022,1540,-0.014873418084987954,0.010878766733096908,-0.05682647465440268,0.011677970984207267,-0.029391557856240511,-0.014543224757196022,-0.00048867144631550721,0.091558441558441561,0.90844155844155849,0,True,True,True,0.091558441558441561,False
mv_strict,original,equal_image,P005,P023,1540,-0.019931227828449898,0.011367453185116824,-0.059889376633331062,0.0058020456431437887,-0.034678814988669711,-0.019754911711352775,-0.0051109476602157105,0.013636363636363636,0.98636363636363633,0,True,True,True,0.013636363636363636,False
mv_strict,original,equal_image,P005,P024,1540,-0.0020927929362278292,0.010372963739316246,-0.029105545195934907,0.025592515681270078,-0.015754785944926023,-0.0021046134291685184,0.011756286129171387,0.43051948051948052,0.56948051948051948,0,True,True,True,0.43051948051948052,False
mv_strict,original,equal_image,P005,P025,1540,-0.012608442105234579,0.0091524752440470137,-0.049767889960269963,0.0088087433028788721,-0.025120832923661025,-0.011153409718079012,-0.0022141045340405758,0.043506493506493507,0.95649350649350651,0,True,True,True,0.043506493506493507,False
mv_strict,original,equal_image,P005,P026,1540,-0.016508802085620996,0.009038980358731255,-0.054159912961605647,0.0030987823058732573,-0.029273303568242572,-0.014498703403220518,-0.0063387851793880491,0.0038961038961038961,0.99610389610389616,0,True,True,False,0.0038961038961038961,False
mv_strict,original,equal_image,P005,P027,1540,-0.0089240181490702081,0.0076544951330678882,-0.032752913281820256,0.005831686563387159,-0.020797725019604908,-0.0070380032456063609,-0.0010047661724888501,0.054545454545454543,0.94545454545454544,0,True,True,True,0.054545454545454543,False
mv_strict,original,equal_image,P006,P007,1540,0.0011111841576777819,0.0053026198398597735,-0.021469618965066616,0.018284811289562497,-0.0055936729419005073,0.001202449982758616,0.0078375443802763921,0.58246753246753247,0.41753246753246753,0,True,True,True,0.41753246753246753,False
mv_strict,original,equal_image,P006,P008,1540,0.015070306885769307,0.014621102251390626,-0.0095782218217303518,0.065405590117319889,-0.0013547070408560882,0.012329173318870226,0.034959540772719733,0.85649350649350653,0.1435064935064935,0,True,True,True,0.1435064935064935,False
mv_strict,original,equal_image,P006,P009,1540,0.015217378319875761,0.014657825128865567,-0.0090721219239498392,0.066057223854853839,-0.0011705176782622387,0.012392969623723235,0.035258569570336872,0.85909090909090913,0.1409090909090909,0,True,True,True,0.1409090909090909,False
mv_strict,original,equal_image,P006,P010,1540,0.0041266682409426833,0.0099030690924598475,-0.013427713013698186,0.034341062897324165,-0.0065755082537716485,0.0012818709354097374,0.01998739479803727,0.5662337662337662,0.43376623376623374,0,True,True,True,0.43376623376623374,False
mv_strict,original,equal_image,P006,P011,1540,0.0025080136716544642,0.0059618272771900949,-0.016543465693645405,0.021439599732140491,-0.0049524617002961579,0.0022915703620224326,0.010284687905548024,0.64870129870129867,0.35129870129870128,0,True,True,True,0.35129870129870128,False
mv_strict,original,equal_image,P006,P012,1540,-0.0017527039670268162,0.006277115451676145,-0.019500020639205553,0.025215856209400388,-0.0089850564660328529,-0.0025411698224959505,0.0066146393145942962,0.35584415584415585,0.64415584415584415,0,True,True,True,0.35584415584415585,False
mv_strict,original,equal_image,P006,P014,1540,-0.0027639768557724846,0.0050978984326297159,-0.017133622833148364,0.01657989428037876,-0.0091295604456959664,-0.0027726084390711295,0.0037578343768596731,0.2896103896103896,0.71038961038961035,0,True,True,True,0.2896103896103896,False
mv_strict,original,equal_image,P006,P017,1540,-0.022242519509736332,0.0062858097884687346,-0.054949110047761082,-0.0022243201883959006,-0.02890995277845353,-0.021650567313169181,-0.015687630150911781,0,1,0,False,False,False,0,False
mv_strict,original,equal_image,P006,P018,1540,0.0030032053342597931,0.010101983758719109,-0.017664249681547173,0.030822535949764175,-0.0081861121416401724,0.00042197323424959245,0.018502710555205203,0.52077922077922079,0.47922077922077921,0,True,True,True,0.47922077922077921,False
mv_strict,original,equal_image,P006,P019,1540,0.0061679018597946217,0.010581105751359029,-0.020830907702549618,0.033516501543031298,-0.0057501241149203091,0.0040204675899221786,0.02243324358647765,0.71818181818181814,0.2818181818181818,0,True,True,True,0.2818181818181818,False
mv_strict,original,equal_image,P006,P020,1540,0.0041219546575651271,0.0051203046406842097,-0.012216525646131621,0.023892437586436121,-0.0023795666595479896,0.004079999687097581,0.010568548389189939,0.78961038961038965,0.21038961038961038,0,True,True,True,0.21038961038961038,False
mv_strict,original,equal_image,P006,P021,1540,0.01672636622046186,0.012295064657964127,-0.0097905909476323771,0.061206426600359777,0.001927100592908716,0.015423727629550705,0.033843959300141689,0.93506493506493504,0.064935064935064929,0,True,True,True,0.064935064935064929,False
mv_strict,original,equal_image,P006,P022,1540,0.00094932812795633188,0.010717500641842188,-0.032384032654784435,0.028487806456508856,-0.011718338469664618,-0.00049712386553015376,0.016037425838694743,0.48636363636363639,0.51363636363636367,0,True,True,True,0.51363636363636367,True
mv_strict,original,equal_image,P006,P023,1540,-0.0041084816155056133,0.0054447631699501026,-0.024882593694430501,0.0079455795008026246,-0.012766954512257383,-0.0029013569577113598,0.0011898978250660451,0.21103896103896103,0.78896103896103897,0,True,True,True,0.21103896103896103,False
mv_strict,original,equal_image,P006,P024,1540,0.013729953276716457,0.011387825765452572,-0.021307163872397838,0.042398002855070303,-0.0002824620511370374,0.01321316566462767,0.029698948222254971,0.89220779220779223,0.10779220779220779,0,True,True,True,0.10779220779220779,False
mv_strict,original,equal_image,P006,P025,1540,0.0032143041077097052,0.0110404858474471,-0.028851027623888203,0.034212509691646228,-0.010016953337337499,0.0017106223397479012,0.01994159088135904,0.5993506493506493,0.40064935064935064,0,True,True,True,0.40064935064935064,False
mv_strict,original,equal_image,P006,P026,1540,-0.00068605587267670908,0.011089547854942322,-0.031853577974658764,0.02882978766363517,-0.014058049733296699,-0.0025013074194392055,0.016330067156452552,0.38506493506493505,0.61493506493506489,0,True,True,True,0.38506493506493505,False
mv_strict,original,equal_image,P006,P027,1540,0.0068987280638740751,0.010029829684539008,-0.013955271779970812,0.037965135779211887,-0.0040960397784445528,0.0043638801908695802,0.02262234896835958,0.72987012987012989,0.27012987012987011,0,True,True,True,0.27012987012987011,False
mv_strict,original,equal_image,P007,P008,1540,0.013959122728091524,0.014573137659145046,-0.012536196367639946,0.063628168741173718,-0.0027235489509235032,0.012024360635673217,0.034216281290455029,0.811038961038961,0.18896103896103897,0,True,True,True,0.18896103896103897,False
mv_strict,original,equal_image,P007,P009,1540,0.014106194162197978,0.014602445684336392,-0.012317339199864667,0.063608425016294906,-0.0025337483159892423,0.012223775525313785,0.034290511334866741,0.81558441558441563,0.18441558441558442,0,True,True,True,0.18441558441558442,False
mv_strict,original,equal_image,P007,P010,1540,0.0030154840832649016,0.008946907708461441,-0.013796147819540675,0.031093603847642648,-0.0066454963934626269,-2.6507147794005426e-05,0.017009400863005526,0.4974025974025974,0.5025974025974026,0,True,True,True,0.5025974025974026,True
mv_strict,original,equal_image,P007,P011,1540,0.001396829513976682,0.0042765839569746875,-0.012984870817800531,0.015933367072846157,-0.0039991609307580339,0.0015009535116457919,0.0067806328433785753,0.64220779220779223,0.35779220779220777,0,True,True,True,0.35779220779220777,False
mv_strict,original,equal_image,P007,P012,1540,-0.0028638881247045984,0.0073193865529947912,-0.022821711081937888,0.025455912569777372,-0.012185044416788915,-0.0032860416562464079,0.0067794227830342557,0.30779220779220778,0.69220779220779216,0,True,True,True,0.30779220779220778,False
mv_strict,original,equal_image,P007,P014,1540,-0.0038751610134502663,0.0040949449491105893,-0.0201193239674133,0.010084091400890264,-0.0088481888730674637,-0.0039850906785715524,0.0011961902727659695,0.16623376623376623,0.83376623376623371,0,True,True,True,0.16623376623376623,False
mv_strict,original,equal_image,P007,P017,1540,-0.023353703667414117,0.0067761209050768833,-0.061720132636285709,-0.006346099509647732,-0.030784881157791738,-0.022608365404332656,-0.015877244916019516,0,1,0,False,False,False,0,False
mv_strict,original,equal_image,P007,P018,1540,0.0018920211765820108,0.0097441529846780152,-0.016799501755813687,0.029556364223871739,-0.008646299969988459,-0.0011845090613040706,0.016783604052699328,0.45129870129870131,0.54870129870129869,0,True,True,True,0.54870129870129869,True
mv_strict,original,equal_image,P007,P019,1540,0.00505671770211684,0.010519378070621515,-0.022128193385642952,0.034849511616978586,-0.0068460845743876387,0.0033036468316807802,0.02025707990129462,0.66558441558441561,0.33441558441558439,0,True,True,True,0.33441558441558439,False
mv_strict,original,equal_image,P007,P020,1540,0.0030107704998873445,0.0033520178325035254,-0.0072200685488773564,0.016716188851258012,-0.0013201344123740255,0.0028267625055101164,0.0073947906888052464,0.81168831168831168,0.18831168831168832,0,True,True,True,0.18831168831168832,False
mv_strict,original,equal_image,P007,P021,1540,0.015615182062784082,0.011965253185216736,-0.014695098064419498,0.056359575798012873,0.00064737599851365517,0.014104411165299454,0.032474408150300386,0.90649350649350646,0.09350649350649351,0,True,True,True,0.09350649350649351,False
mv_strict,original,equal_image,P007,P022,1540,-0.00016185602972145017,0.01131192187244193,-0.029448200979708211,0.034359217585158752,-0.013687736495519994,-0.00055040721378838559,0.013541407346114037,0.48766233766233769,0.51233766233766231,0,True,True,True,0.48766233766233769,False
mv_strict,original,equal_image,P007,P023,1540,-0.0052196657731833958,0.0068724228913039625,-0.028096762264304499,0.016716446995610292,-0.014771712244143503,-0.0046458999727279869,0.0024759441299784662,0.20714285714285716,0.79285714285714282,0,True,True,True,0.20714285714285716,False
mv_strict,original,equal_image,P007,P024,1540,0.012618769119038671,0.011919980095214267,-0.021439038972475375,0.047841429806956735,-0.0023973594789356623,0.012775497200524132,0.028296990668622245,0.8441558441558441,0.15584415584415584,0,True,True,True,0.15584415584415584,False
mv_strict,original,equal_image,P007,P025,1540,0.0021031199500319234,0.010596051419264351,-0.02665745334022963,0.026192153098875882,-0.010147768585944227,0.00069803258596625459,0.017753269222723574,0.53636363636363638,0.46363636363636362,0,True,True,True,0.46363636363636362,False
mv_strict,original,equal_image,P007,P026,1540,-0.0017972400303544914,0.010446743482555351,-0.031186225588051886,0.025066620074254913,-0.013439473063751428,-0.0035179787964060862,0.013335667603495981,0.35649350649350647,0.64350649350649347,0,True,True,True,0.35649350649350647,False
mv_strict,original,equal_image,P007,P027,1540,0.0057875439061962934,0.0088983470791772299,-0.011569546950119853,0.03227153159952377,-0.0038015304503711276,0.002981641888933198,0.0197726696606569,0.68701298701298696,0.31298701298701298,0,True,True,True,0.31298701298701298,False
mv_strict,original,equal_image,P008,P009,1540,0.00014707143410645426,0.00053336874585491493,-0.0024212053177263353,0.001047454896487532,-0.00045309969919406858,0.00026394171253360109,0.00061714494066213057,0.77532467532467531,0.22467532467532467,0,True,True,False,0.22467532467532467,False
mv_strict,original,equal_image,P008,P010,1540,-0.010943638644826625,0.012343623787767497,-0.045052691216285176,0.013623196530940443,-0.030842806858510131,-0.0072428173134145889,0.0022059317815807844,0.17532467532467533,0.82467532467532467,0,True,True,True,0.17532467532467533,False
mv_strict,original,equal_image,P008,P011,1540,-0.012562293214114844,0.014236312799338482,-0.055581465989740356,0.01480193761703498,-0.033163024625454687,-0.011310464437599158,0.005136532330183843,0.21883116883116882,0.78116883116883118,0,True,True,True,0.21883116883116882,False
mv_strict,original,equal_image,P008,P012,1540,-0.016823010852796125,0.014012040223046937,-0.065131810500038842,0.015370535501817953,-0.037730052404381445,-0.014180223488717409,-0.0010480432170259263,0.080519480519480519,0.91948051948051945,0,True,True,True,0.080519480519480519,False
mv_strict,original,equal_image,P008,P014,1540,-0.017834283741541789,0.014632146785841611,-0.067064068402032342,0.0091494537567059393,-0.038786665349517538,-0.015860845737895632,-0.00091833027312707681,0.075974025974025972,0.92402597402597397,0,True,True,True,0.075974025974025972,False
mv_strict,original,equal_image,P008,P017,1540,-0.037312826395505642,0.015084474104758352,-0.10218781837770004,-0.0099810486893431617,-0.060123594142511623,-0.034809654039007404,-0.020014122218064801,0,1,0,False,False,False,0,False
mv_strict,original,equal_image,P008,P018,1540,-0.012067101551509514,0.012395695869763338,-0.050941163258483371,0.011895571063140565,-0.031853810265900555,-0.0082974157195966174,0.0010862584961567193,0.14415584415584415,0.85584415584415585,0,True,True,True,0.14415584415584415,False
mv_strict,original,equal_image,P008,P019,1540,-0.0089024050259746863,0.01227289998243899,-0.048237020759807257,0.012691357161031869,-0.028387501968057602,-0.0048393198868267942,0.0037261918602942636,0.30324675324675326,0.69675324675324679,0,True,True,True,0.30324675324675326,False
mv_strict,original,equal_image,P008,P020,1540,-0.010948352228204179,0.014508606174085491,-0.060089767872471091,0.015682799151415221,-0.03146904129525404,-0.0092371720662868442,0.005742873189610931,0.27987012987012988,0.72012987012987018,0,True,True,True,0.27987012987012988,False
mv_strict,original,equal_image,P008,P021,1540,0.0016560593346925552,0.011460521128340789,-0.031125461855572745,0.032856977726143113,-0.014588681233957507,0.0020555004569686964,0.017144125626756032,0.59805194805194806,0.40194805194805194,0,True,True,True,0.40194805194805194,False
mv_strict,original,equal_image,P008,P022,1540,-0.014120978757812975,0.013243172510194225,-0.067452887478255188,0.012114038580779276,-0.034859338300979155,-0.010869680314036383,0.00041916549037459666,0.10714285714285714,0.8928571428571429,0,True,True,True,0.10714285714285714,False
mv_strict,original,equal_image,P008,P023,1540,-0.019178788501274916,0.014551081275327416,-0.066665922296180818,0.0092174383364319289,-0.03944198509239117,-0.017539927040628473,-0.0013367751576873982,0.070779220779220775,0.92922077922077917,0,True,True,True,0.070779220779220775,False
mv_strict,original,equal_image,P008,P024,1540,-0.0013403536090528523,0.010002684067943949,-0.033702165979991712,0.020264550268261017,-0.016435740382759589,0.0012649165867175793,0.010232100687107335,0.56168831168831168,0.43831168831168832,0,True,True,True,0.56168831168831168,True
mv_strict,original,equal_image,P008,P025,1540,-0.011856002778059602,0.012718528676507532,-0.052987809508515414,0.0095783873146980635,-0.030987270990133872,-0.0085325286080899856,0.0022028545853878746,0.18311688311688312,0.81688311688311688,0,True,True,True,0.18311688311688312,False
mv_strict,original,equal_image,P008,P026,1540,-0.015756362758446014,0.012616164094462345,-0.055470417664781405,0.0066263455713567896,-0.034565265489289274,-0.012110336571890409,-0.002068808468622502,0.040909090909090909,0.95909090909090911,0,True,True,True,0.040909090909090909,False
mv_strict,original,equal_image,P008,P027,1540,-0.0081715788218952312,0.012520767185451667,-0.04586527972777886,0.013780046269056401,-0.028949403418295012,-0.0040357951571232259,0.004506991832332447,0.31623376623376626,0.6837662337662338,0,True,True,True,0.31623376623376626,False
mv_strict,original,equal_image,P009,P010,1540,-0.011090710078933079,0.012292079524604696,-0.045384607615759825,0.013564843558390263,-0.030861116194535687,-0.0074754854011523063,0.0020851526315177433,0.17532467532467533,0.82467532467532467,0,True,True,True,0.17532467532467533,False
mv_strict,original,equal_image,P009,P011,1540,-0.012709364648221299,0.014306154169827872,-0.056247650130899593,0.014583080449259701,-0.033453166533527125,-0.01134123398473637,0.0051235908905004615,0.21493506493506492,0.78506493506493502,0,True,True,True,0.21493506493506492,False
mv_strict,original,equal_image,P009,P012,1540,-0.016970082286902576,0.014056670464526549,-0.065423485200960765,0.015000889171123846,-0.038017798594119835,-0.014442851007048278,-0.0011351779622153114,0.081168831168831168,0.91883116883116878,0,True,True,True,0.081168831168831168,False
mv_strict,original,equal_image,P009,P014,1540,-0.017981355175648247,0.014643383070994666,-0.067676712682797069,0.0096271663743897427,-0.038938788638738613,-0.015944159612714805,-0.001154246023922514,0.068831168831168826,0.9311688311688312,0,True,True,True,0.068831168831168826,False
mv_strict,original,equal_image,P009,P017,1540,-0.0374598978296121,0.015159639098415447,-0.10250615844452252,-0.009974744474613495,-0.060476452341799672,-0.035012000074729502,-0.020120202902322588,0,1,0,False,False,False,0,False
mv_strict,original,equal_image,P009,P018,1540,-0.012214172985615966,0.01241088431642685,-0.051139585240036103,0.011577230996318088,-0.032046214070374418,-0.008420801323701859,0.0010939281397597705,0.13051948051948051,0.86948051948051952,0,True,True,True,0.13051948051948051,False
mv_strict,original,equal_image,P009,P019,1540,-0.0090494764600811406,0.012288132800072059,-0.048486189160184996,0.012199629903041753,-0.02853455820125991,-0.0048702495295437735,0.0035355998395581335,0.29285714285714287,0.70714285714285718,0,True,True,True,0.29285714285714287,False
mv_strict,original,equal_image,P009,P020,1540,-0.011095423662310632,0.01454871569447082,-0.059827856592868912,0.015010243250002187,-0.031799496142813966,-0.0094756117789580908,0.005751149617956813,0.27987012987012988,0.72012987012987018,0,True,True,True,0.27987012987012988,False
mv_strict,original,equal_image,P009,P021,1540,0.0015089879005861007,0.011557311729062433,-0.031278147238114971,0.032384249157129633,-0.01478887790740302,0.0018635000615913667,0.016947933528910733,0.59350649350649354,0.40649350649350652,0,True,True,True,0.40649350649350652,False
mv_strict,original,equal_image,P009,P022,1540,-0.014268050191919429,0.013267456946985263,-0.067812401927805244,0.011333167141411291,-0.035118187177990257,-0.010928657957680218,0.00054816464720845964,0.10649350649350649,0.89350649350649347,0,True,True,True,0.10649350649350649,False
mv_strict,original,equal_image,P009,P023,1540,-0.019325859935381374,0.01457682455556562,-0.067224694727362075,0.0089778966613721749,-0.039411443160198685,-0.017833785474451181,-0.0013061041969251431,0.067532467532467527,0.93246753246753245,0,True,True,True,0.067532467532467527,False
mv_strict,original,equal_image,P009,P024,1540,-0.0014874250431593063,0.0099702261739584314,-0.033477921129095214,0.019792245573484871,-0.016275220201851466,0.001224753588823682,0.010031509062503663,0.56168831168831168,0.43831168831168832,0,True,True,True,0.56168831168831168,True
mv_strict,original,equal_image,P009,P025,1540,-0.012003074212166055,0.012767389462466739,-0.053451719470748282,0.010599198347207142,-0.031038320543896533,-0.0086635925762588162,0.0019961932054577266,0.17727272727272728,0.82272727272727275,0,True,True,True,0.17727272727272728,False
mv_strict,original,equal_image,P009,P026,1540,-0.015903434192552472,0.012668711563615114,-0.055934327627014259,0.0062773012634102458,-0.034747573056776289,-0.012245501889015808,-0.0021662202614960435,0.03896103896103896,0.96103896103896103,0,True,True,True,0.03896103896103896,False
mv_strict,original,equal_image,P009,P027,1540,-0.0083186502560016872,0.012592931573035617,-0.046143710778637971,0.013288368935143171,-0.028887490776586828,-0.0043582648093720092,0.0045833877543525487,0.30779220779220778,0.69220779220779216,0,True,True,True,0.30779220779220778,False
mv_strict,original,equal_image,P010,P011,1540,-0.0016186545692882196,0.0091440195047302573,-0.027404616629090616,0.017001769100932797,-0.015625136843558329,0.00083678630304375031,0.0089600001207317103,0.54285714285714282,0.45714285714285713,0,True,True,True,0.54285714285714282,True
mv_strict,original,equal_image,P010,P012,1540,-0.0058793722079695,0.0078418706712644354,-0.036713355966304775,0.018499455114633905,-0.016561052814874671,-0.0051205365124630132,0.0037756467578229699,0.23441558441558441,0.76558441558441559,0,True,True,True,0.23441558441558441,False
mv_strict,original,equal_image,P010,P014,1540,-0.0068906450967151688,0.0084209848945432896,-0.026073189453117689,0.0053175537448216072,-0.01970987221284921,-0.0019956196160166861,0.00065673641379002416,0.19025974025974027,0.80974025974025976,0,True,True,True,0.19025974025974027,False
mv_strict,original,equal_image,P010,P017,1540,-0.026369187750679018,0.011278409294035091,-0.074283703136322612,-0.0052329573307136699,-0.042043529327016639,-0.02316740831354925,-0.013974188573889134,0,1,0,False,False,False,0,False
mv_strict,original,equal_image,P010,P018,1540,-0.0011234629066828911,0.0058164750505139487,-0.021364091093741426,0.017169869889084192,-0.008261227928037608,-0.0014072507464388539,0.0066217353061097323,0.40714285714285714,0.59285714285714286,0,True,True,True,0.40714285714285714,False
mv_strict,original,equal_image,P010,P019,1540,0.0020412336188519375,0.0061008713545699722,-0.021980161635827715,0.019160828693294465,-0.0067556966360214146,0.0028163073526162262,0.0089698417166781917,0.69285714285714284,0.30714285714285716,0,True,True,True,0.30714285714285716,False
mv_strict,original,equal_image,P010,P020,1540,-4.7135833775565644e-06,0.0088508368222036757,-0.026865792680901723,0.020591340318364459,-0.013340017616281778,0.0019721145947698528,0.0099509602894281741,0.60389610389610393,0.39610389610389612,0,True,True,True,0.60389610389610393,True
mv_strict,original,equal_image,P010,P021,1540,0.012599697979519178,0.010150326746980246,-0.017180112769272747,0.050022384623424274,-0.00018746617044289912,0.012381956049233351,0.025139449676324119,0.89610389610389607,0.1038961038961039,0,True,True,True,0.1038961038961039,False
mv_strict,original,equal_image,P010,P022,1540,-0.0031773401129863519,0.008586759026157513,-0.031180701832700101,0.018867756883265023,-0.013832323447750244,-0.0036470027608722657,0.0088763753299151895,0.30129870129870129,0.69870129870129871,0,True,True,True,0.30129870129870129,False
mv_strict,original,equal_image,P010,P023,1540,-0.0082351498564482983,0.0095844647835028243,-0.037312334130024494,0.013120161343524565,-0.021411463117810545,-0.0068372770176140128,0.0034718708287523937,0.24415584415584415,0.75584415584415587,0,True,True,True,0.24415584415584415,False
mv_strict,original,equal_image,P010,P024,1540,0.0096032850357737724,0.0095057549498258776,-0.018460221990742421,0.034868930164539326,-0.0024773151704033194,0.010047466489111999,0.021643058066427003,0.83896103896103891,0.16103896103896104,0,True,True,True,0.16103896103896104,False
mv_strict,original,equal_image,P010,P025,1540,-0.00091236413323297807,0.0053805690591207673,-0.02198187027091706,0.011842096239323561,-0.0085326666869420947,-0.00021452247107331819,0.0051149392847647549,0.47727272727272729,0.52272727272727271,0,True,True,True,0.47727272727272729,False
mv_strict,original,equal_image,P010,P026,1540,-0.0048127241136193925,0.0054237030834956576,-0.024054648437928518,0.0049223905003764803,-0.01328163394760941,-0.0036365323910964049,0.00066815869575469146,0.14935064935064934,0.85064935064935066,0,True,True,False,0.14935064935064934,False
mv_strict,original,equal_image,P010,P027,1540,0.0027720598229313922,0.0040778867695824648,-0.011018340464756495,0.017735146352546319,-0.0022783084984886902,0.0026902600947607018,0.008183529612137844,0.75909090909090904,0.24090909090909091,0,True,True,True,0.24090909090909091,False
mv_strict,original,equal_image,P011,P012,1540,-0.0042607176386812795,0.0081168640278397736,-0.029491351206260834,0.02173776433086564,-0.014668752365917385,-0.0041931136988945517,0.0064724198345547136,0.29675324675324677,0.70324675324675323,0,True,True,True,0.29675324675324677,False
mv_strict,original,equal_image,P011,P014,1540,-0.0052719905274269483,0.0042652620677188658,-0.018443944715181137,0.0081294998073162816,-0.010941866923914301,-0.0050052567415746537,7.9180447671715871e-05,0.10714285714285714,0.8928571428571429,0,True,True,True,0.10714285714285714,False
mv_strict,original,equal_image,P011,P017,1540,-0.0247505331813908,0.0072078861970801249,-0.063869754988946231,-0.0031776969207981259,-0.033303136500732654,-0.024197092177703841,-0.016484227958203642,0,1,0,False,False,False,0,False
mv_strict,original,equal_image,P011,P018,1540,0.00049519166260532897,0.0095728976961321748,-0.020258331746366785,0.027359324067263279,-0.0098252475053883844,-0.0024989958526891662,0.014608355172054806,0.41623376623376623,0.58376623376623371,0,True,True,True,0.58376623376623371,True
mv_strict,original,equal_image,P011,P019,1540,0.0036598881881401571,0.01064635904525609,-0.024071583673599999,0.032595233616862243,-0.009261661780644569,0.0026572939596852946,0.018560263749889165,0.59870129870129873,0.40129870129870132,0,True,True,True,0.40129870129870132,False
mv_strict,original,equal_image,P011,P020,1540,0.0016139409859106631,0.0051409112201493629,-0.018127156617625172,0.017185966683979523,-0.0050724229736880781,0.0018304312057994777,0.0081350259270648023,0.62727272727272732,0.37272727272727274,0,True,True,True,0.37272727272727274,False
mv_strict,original,equal_image,P011,P021,1540,0.014218352548807397,0.011623294740063277,-0.017268361868862887,0.055108209156157176,-0.00022831805818542705,0.013713699988550904,0.029925692108290689,0.8928571428571429,0.10714285714285714,0,True,True,True,0.10714285714285714,False
mv_strict,original,equal_image,P011,P022,1540,-0.0015586855436981325,0.011899899184501054,-0.034509004641080893,0.032238434385849821,-0.016493296843689491,-0.0020130551432381918,0.012957911654653405,0.45974025974025973,0.54025974025974022,0,True,True,True,0.45974025974025973,False
mv_strict,original,equal_image,P011,P023,1540,-0.0066164952871600778,0.0063039556986558241,-0.029684230960266355,0.0098474295137518687,-0.015129308122944014,-0.0061312248053590384,0.00074979746982691757,0.13376623376623376,0.86623376623376624,0,True,True,True,0.13376623376623376,False
mv_strict,original,equal_image,P011,P024,1540,0.011221939605061992,0.012260481796577091,-0.021989040059087164,0.044346057942301322,-0.0046274187655128357,0.011445780353549977,0.027278472879901258,0.80909090909090908,0.19090909090909092,0,True,True,True,0.19090909090909092,False
mv_strict,original,equal_image,P011,P025,1540,0.00070629043605524155,0.010428272630378438,-0.025868472216602968,0.025704026375211277,-0.012284605526396852,-0.0006688833302640224,0.016241082221744935,0.47142857142857142,0.52857142857142858,0,True,True,True,0.52857142857142858,True
mv_strict,original,equal_image,P011,P026,1540,-0.0031940695443311729,0.010635365158349414,-0.033219775118519555,0.021593875559207217,-0.016351076882515411,-0.0045713203072469174,0.012152361555141482,0.35129870129870128,0.64870129870129867,0,True,True,True,0.35129870129870128,False
mv_strict,original,equal_image,P011,P027,1540,0.0043907143922196114,0.0098274099377338754,-0.027502914022966007,0.031985257949495229,-0.0075557990235046229,0.0025340456083427897,0.018499659971492229,0.61753246753246749,0.38246753246753246,0,True,True,True,0.38246753246753246,False
mv_strict,original,equal_image,P012,P014,1540,-0.0010112728887456685,0.0077554788644949996,-0.027554334207426923,0.028253963901302352,-0.01149136721664123,-0.00060828790632890537,0.0086698306341945527,0.47012987012987012,0.52987012987012982,0,True,True,True,0.47012987012987012,False
mv_strict,original,equal_image,P012,P017,1540,-0.020489815542709521,0.0087962747890010674,-0.069001937618240569,-0.0028891428176523711,-0.030961573370109297,-0.01861978037605334,-0.011558896701366058,0,1,0,False,False,False,0,False
mv_strict,original,equal_image,P012,P018,1540,0.0047559093012866094,0.0077732031862649169,-0.01622102758205406,0.031655204756514933,-0.0048068385077807028,0.0042952147983784834,0.015506821453947352,0.70324675324675323,0.29675324675324677,0,True,True,True,0.29675324675324677,False
mv_strict,original,equal_image,P012,P019,1540,0.0079206058268214367,0.0081442776236731827,-0.020035612680747949,0.03337559749166695,-0.0024553955201500172,0.0078916634120985256,0.01892502646647248,0.83311688311688314,0.16688311688311688,0,True,True,True,0.16688311688311688,False
mv_strict,original,equal_image,P012,P020,1540,0.0058746586245919429,0.0062223789692274541,-0.017610788400016814,0.026764584244129575,-0.0023710848514427855,0.0061868059115927545,0.013648837679624886,0.83571428571428574,0.16428571428571428,0,True,True,True,0.16428571428571428,False
mv_strict,original,equal_image,P012,P021,1540,0.018479070187488678,0.010954228598679786,-0.011786397938606096,0.058657183289518501,0.0047026661986106551,0.017701418866453517,0.032927719948642978,0.97467532467532469,0.025324675324675326,0,True,True,True,0.025324675324675326,False
mv_strict,original,equal_image,P012,P022,1540,0.0027020320949831481,0.008407357664790522,-0.031713833525161071,0.025263416038477288,-0.0077016233844011284,0.0027415499198177829,0.013002267945181525,0.63051948051948048,0.36948051948051946,0,True,True,True,0.36948051948051946,False
mv_strict,original,equal_image,P012,P023,1540,-0.0023557776484787979,0.0066252083794326299,-0.023504177154058919,0.015600983774387392,-0.011281827340632981,-0.0021466629455485385,0.0061970143010421173,0.38571428571428573,0.61428571428571432,0,True,True,True,0.38571428571428573,False
mv_strict,original,equal_image,P012,P024,1540,0.015482657243743271,0.010277244234899957,-0.016970629843205173,0.043865350175269505,0.0017515354522901865,0.016115452040443255,0.02872600960518466,0.9337662337662338,0.066233766233766228,0,True,True,True,0.066233766233766228,False
mv_strict,original,equal_image,P012,P025,1540,0.004967008074736521,0.008599507382470636,-0.022836543936149329,0.029107559645773922,-0.0064850740664138288,0.0051394864871021299,0.016212737706990745,0.72922077922077921,0.27077922077922079,0,True,True,True,0.27077922077922079,False
mv_strict,original,equal_image,P012,P026,1540,0.0010666480943501068,0.0082715656712345955,-0.022957042648318954,0.024761559285501101,-0.0094268253046736489,0.0012014239981996092,0.012321955108385586,0.56038961038961044,0.43961038961038962,0,True,True,True,0.43961038961038962,False
mv_strict,original,equal_image,P012,P027,1540,0.0086514320309008918,0.0073664513446754813,-0.011159159463221191,0.030503096472448754,-0.0004861029826934304,0.0078770412144057167,0.018779788824766604,0.88441558441558443,0.11558441558441558,0,True,True,True,0.11558441558441558,False
mv_strict,original,equal_image,P014,P017,1540,-0.019478542653963853,0.0058137887249617645,-0.050611962717901374,-0.0051709262451907186,-0.025614724782552643,-0.01908729376637703,-0.012700066401345664,0,1,0,False,False,False,0,False
mv_strict,original,equal_image,P014,P018,1540,0.0057671821900322781,0.010528620999156673,-0.022565346589553857,0.037556904267335038,-0.0062560963861053231,0.0034219756682195126,0.020940701487362115,0.63441558441558443,0.36558441558441557,0,True,True,True,0.36558441558441557,False
mv_strict,original,equal_image,P014,P019,1540,0.0089318787155671063,0.010622821232398496,-0.022992593599102967,0.035261228826889937,-0.0034687424814654139,0.006805804635731545,0.024301070990007008,0.82922077922077919,0.17077922077922078,0,True,True,True,0.17077922077922078,False
mv_strict,original,equal_image,P014,P020,1540,0.0068859315133376125,0.00489429310134663,-0.0083211919109865088,0.021301017728558767,0.00082942284684834374,0.0066137682393273937,0.013434819381963775,0.93181818181818177,0.068181818181818177,0,True,True,True,0.068181818181818177,False
mv_strict,original,equal_image,P014,P021,1540,0.019490343076234349,0.012760083499798106,-0.019118690164414701,0.068697592799077251,0.0035920635432812749,0.018472926302652067,0.036893105921492149,0.95064935064935063,0.049350649350649353,0,True,True,True,0.049350649350649353,False
mv_strict,original,equal_image,P014,P022,1540,0.003713304983728816,0.011611969704467585,-0.027495380306351104,0.037008951621032148,-0.010353390520591248,0.0028909686833601816,0.017891775163954536,0.56948051948051948,0.43051948051948052,0,True,True,True,0.43051948051948052,False
mv_strict,original,equal_image,P014,P023,1540,-0.0013445047597331293,0.0063201825350419792,-0.026123915401330005,0.011934095432429737,-0.011138821783820344,-0.00027557765514471809,0.0055480354843458167,0.47922077922077921,0.52077922077922079,0,True,True,True,0.47922077922077921,False
mv_strict,original,equal_image,P014,P024,1540,0.01649393013248894,0.012181758470583899,-0.019177279320825885,0.047256952426329137,0.00083711530150942738,0.01609379499523626,0.03309248392523579,0.91298701298701301,0.087012987012987014,0,True,True,True,0.087012987012987014,False
mv_strict,original,equal_image,P014,P025,1540,0.0059782809634821906,0.010273455554542317,-0.021858532381804772,0.028566375226579101,-0.0049034744748628206,0.0036861982983461064,0.021276526372225525,0.73506493506493509,0.26493506493506491,0,True,True,True,0.26493506493506491,False
mv_strict,original,equal_image,P014,P026,1540,0.0020779209830957754,0.01050174644093968,-0.023817898971657727,0.026305623738445437,-0.0088544764097837989,-0.00052210294077173621,0.017033479515138523,0.4733766233766234,0.52662337662337666,0,True,True,True,0.52662337662337666,True
mv_strict,original,equal_image,P014,P027,1540,0.0096627049196465614,0.0092942264768709221,-0.010974716665427731,0.034432745388005226,-0.00042128278312728452,0.006649016901982276,0.023403896959895129,0.87922077922077924,0.12077922077922078,0,True,True,True,0.12077922077922078,False
mv_strict,original,equal_image,P017,P018,1540,0.025245724843996131,0.011481724607594102,0.0018461378581136833,0.085771645997525264,0.012572206082908261,0.021944368416212275,0.040742397342548559,1,0,0,False,False,False,0,False
mv_strict,original,equal_image,P017,P019,1540,0.028410421369530956,0.012034877173863154,-0.00057010532832236225,0.079315631547350121,0.014838811966553209,0.026017544774272629,0.044597895421812146,0.99935064935064932,0.00064935064935064935,0,True,False,False,0.00064935064935064935,False
mv_strict,original,equal_image,P017,P020,1540,0.026364474167301463,0.0069686531513440866,0.0053287326816377819,0.068919579066826081,0.018743471624532399,0.025492098980474449,0.034419960664103924,1,0,0,False,False,False,0,False
mv_strict,original,equal_image,P017,P021,1540,0.038968885730198195,0.013696721673475198,0.0041526374815254175,0.10229482046733004,0.022208043969290093,0.037495105732397213,0.056797864527790703,1,0,0,False,False,False,0,False
mv_strict,original,equal_image,P017,P022,1540,0.023191847637692668,0.011483595117808278,-0.0053242739454428343,0.067473445669330598,0.010585713024637228,0.021900362899123497,0.037794916280016001,0.98051948051948057,0.01948051948051948,0,True,True,True,0.01948051948051948,False
mv_strict,original,equal_image,P017,P023,1540,0.018134037894230719,0.0076521365259303881,-0.0034594378831097452,0.060444451059538253,0.0084363239632093707,0.018447211381316712,0.025408027800337032,0.98766233766233769,0.012337662337662338,0,True,True,False,0.012337662337662338,False
mv_strict,original,equal_image,P017,P024,1540,0.03597247278645279,0.01300708161338545,0.0029463980881540507,0.085394304859457412,0.019633001400235627,0.035383750318724226,0.052740854160358952,1,0,0,False,False,False,0,False
mv_strict,original,equal_image,P017,P025,1540,0.025456823617446039,0.012061992999149429,-0.0025707608462994858,0.074398813940522751,0.011970040969038427,0.022961226718143955,0.042178880527132437,0.99545454545454548,0.0045454545454545452,0,True,True,False,0.0045454545454545452,False
mv_strict,original,equal_image,P017,P026,1540,0.021556463637059625,0.012074825916352065,-0.0071515442859043906,0.072367435035882888,0.0089447635577798966,0.018809636204014119,0.037843292950692831,0.96493506493506498,0.035064935064935063,0,True,True,True,0.035064935064935063,False
mv_strict,original,equal_image,P017,P027,1540,0.029141247573610408,0.011345834431416445,0.0036734403057353039,0.080489407229034499,0.016959831973062535,0.025918370292004549,0.044445513479998325,1,0,0,False,False,False,0,False
mv_strict,original,equal_image,P018,P019,1540,0.0031646965255348282,0.0062483934531053506,-0.02109948240166943,0.018488451296928395,-0.0048168808533741603,0.0038036674910964328,0.010549243144537812,0.74415584415584413,0.25584415584415582,0,True,True,True,0.25584415584415582,False
mv_strict,original,equal_image,P018,P020,1540,0.0011187493233053344,0.0089888526048679217,-0.024291842300977147,0.019822717281664227,-0.013086736652332299,0.0037973012549148005,0.010868206062228776,0.64415584415584415,0.35584415584415585,0,True,True,True,0.35584415584415585,False
mv_strict,original,equal_image,P018,P021,1540,0.01372316088620207,0.0086855411122060654,-0.0032483509915086721,0.043462736041241248,0.0030573386568957684,0.0142151575195546,0.024000188107652164,0.98311688311688317,0.016883116883116882,0,True,True,False,0.016883116883116882,False
mv_strict,original,equal_image,P018,P022,1540,-0.0020538772063034608,0.0080551133278801389,-0.034491316351807591,0.018141033391431412,-0.012037048126627271,-0.0017910076750340259,0.0085918743438486243,0.39220779220779223,0.60779220779220777,0,True,True,True,0.39220779220779223,False
mv_strict,original,equal_image,P018,P023,1540,-0.0071116869497654068,0.0096052715708126197,-0.033820739680222686,0.015693082278086464,-0.020264427084332948,-0.0059941185995688942,0.0049290147179704225,0.27467532467532468,0.72532467532467537,0,True,True,True,0.27467532467532468,False
mv_strict,original,equal_image,P018,P024,1540,0.010726747942456663,0.0093757877653256362,-0.018565871546679318,0.039050002901435323,-0.0013292916731029545,0.010754348620018745,0.022633204777229896,0.87792207792207788,0.12207792207792208,0,True,True,True,0.12207792207792208,False
mv_strict,original,equal_image,P018,P025,1540,0.00021109877344991295,0.0067166503195624618,-0.025932812351345848,0.016936251082914085,-0.0092361254477515455,0.001065167715939183,0.0082142834636409288,0.57532467532467535,0.42467532467532465,0,True,True,True,0.42467532467532465,False
mv_strict,original,equal_image,P018,P026,1540,-0.0036892612069365019,0.0067339978986030819,-0.030323166568129813,0.013631829758757871,-0.013071181793768471,-0.0028541659681972252,0.0041921206869668347,0.29025974025974027,0.70974025974025978,0,True,True,True,0.29025974025974027,False
mv_strict,original,equal_image,P018,P027,1540,0.0038955227296142824,0.0051121694613621626,-0.010676955011963571,0.021386315482929498,-0.0027192311301004542,0.0037205805446831998,0.010514427353971791,0.77597402597402598,0.22402597402597402,0,True,True,True,0.22402597402597402,False
mv_strict,original,equal_image,P019,P020,1540,-0.0020459472022294942,0.009617543028531194,-0.025812001829213515,0.022795874019133654,-0.016349791920005342,-0.00016381294214814769,0.0087485756830005448,0.49285714285714288,0.50714285714285712,0,True,True,True,0.49285714285714288,False
mv_strict,original,equal_image,P019,P021,1540,0.010558464360667239,0.010004827161671816,-0.0097944679995401358,0.04869817851030412,-0.0015907141964279349,0.010063492086396189,0.02416613449536395,0.8493506493506493,0.15064935064935064,0,True,True,True,0.15064935064935064,False
mv_strict,original,equal_image,P019,P022,1540,-0.0052185737318382894,0.0063659645393709385,-0.030791343006626316,0.016006367846154675,-0.012003933187363983,-0.0059008877066415426,0.0034583985236820393,0.18506493506493507,0.81493506493506496,0,True,True,True,0.18506493506493507,False
mv_strict,original,equal_image,P019,P023,1540,-0.010276383475300235,0.008963544382898021,-0.034278056542993818,0.0070112982423736533,-0.02369742238210671,-0.0074294003338180774,-0.00050571648464791796,0.081168831168831168,0.91883116883116878,0,True,True,True,0.081168831168831168,False
mv_strict,original,equal_image,P019,P024,1540,0.0075620514169218341,0.0067517442269736739,-0.007280404328960044,0.026152071548331168,-0.00097910811919693359,0.0081956522867992904,0.016048618223407755,0.84025974025974026,0.15974025974025974,0,True,True,True,0.15974025974025974,False
mv_strict,original,equal_image,P019,P025,1540,-0.0029535977520849153,0.0040087181623306781,-0.018115806594809821,0.0089936807582058718,-0.0077410815900555126,-0.002976458062002957,0.0021290549359844649,0.22012987012987012,0.77987012987012982,0,True,True,True,0.22012987012987012,False
mv_strict,original,equal_image,P019,P026,1540,-0.00685395773247133,0.0036172489707081354,-0.021451818044317839,0.0040764446598387568,-0.01133775235244212,-0.0066644226087054208,-0.0024238414723993162,0.02012987012987013,0.97987012987012989,0,True,True,False,0.02012987012987013,False
mv_strict,original,equal_image,P019,P027,1540,0.00073082620407945392,0.0054404754210708979,-0.0099570932890202107,0.019462848255044372,-0.0047742415763079565,-0.0005752095545245126,0.0096432222063012173,0.44155844155844154,0.55844155844155841,0,True,True,True,0.55844155844155841,True
mv_strict,original,equal_image,P020,P021,1540,0.012604411562896736,0.01145750874580078,-0.015943294645380735,0.051838933618625273,-0.0022212642306280394,0.011963264972349202,0.028827631184901406,0.84805194805194806,0.15194805194805194,0,True,True,True,0.15194805194805194,False
mv_strict,original,equal_image,P020,P022,1540,-0.0031726265296087952,0.010715127261225638,-0.036405563487965531,0.029876801244410688,-0.015894564691193755,-0.0041974339040775112,0.0096677177680173278,0.39350649350649353,0.60649350649350653,0,True,True,True,0.39350649350649353,False
mv_strict,original,equal_image,P020,P023,1540,-0.0082304362730707421,0.0064906322353656216,-0.02923906381189182,0.007329027042599778,-0.017405579410528362,-0.0073982354461424619,-0.00080555988852932614,0.085064935064935066,0.91493506493506493,0,True,True,True,0.085064935064935066,False
mv_strict,original,equal_image,P020,P024,1540,0.0096079986191513287,0.011565954396449907,-0.026295424980231331,0.045045152344275828,-0.0049728905409927252,0.0098835463858644272,0.025068382569180005,0.77857142857142858,0.22142857142857142,0,True,True,True,0.22142857142857142,False
mv_strict,original,equal_image,P020,P025,1540,-0.00090765054985542137,0.01006764979521264,-0.030036524770149686,0.023900697722969176,-0.012998939227046707,-0.0018888755149146148,0.013727928754130784,0.39220779220779223,0.60779220779220777,0,True,True,True,0.39220779220779223,False
mv_strict,original,equal_image,P020,P026,1540,-0.0048080105302418363,0.01002636439197133,-0.033635950451625478,0.017918672493756997,-0.017096605409450422,-0.006088827351396011,0.0099784676672141377,0.27467532467532468,0.72532467532467537,0,True,True,True,0.27467532467532468,False
mv_strict,original,equal_image,P020,P027,1540,0.0027767734063089485,0.0084405886994668618,-0.015524578722493776,0.024422132942141624,-0.0063274974866099117,0.00017851050962344183,0.016091772103256838,0.51428571428571423,0.48571428571428571,0,True,True,True,0.48571428571428571,False
mv_strict,original,equal_image,P021,P022,1540,-0.015777038092505531,0.01116941906003218,-0.059485923081857239,0.0092877779316911293,-0.030542512106506169,-0.015450699391297921,-0.0013752325521948414,0.081168831168831168,0.91883116883116878,0,True,True,True,0.081168831168831168,False
mv_strict,original,equal_image,P021,P023,1540,-0.020834847835967479,0.012058401241442206,-0.064814430940464435,0.0072131295168707862,-0.036877135972442354,-0.019888148577299293,-0.0050879820962740517,0.01948051948051948,0.98051948051948057,0,True,True,True,0.01948051948051948,False
mv_strict,original,equal_image,P021,P024,1540,-0.0029964129437454069,0.009169664212175712,-0.037235486501171658,0.017651099784589584,-0.015972151287244475,-0.0013052432735507005,0.0071984349690919058,0.43701298701298702,0.56298701298701304,0,True,True,True,0.43701298701298702,False
mv_strict,original,equal_image,P021,P025,1540,-0.013512062112752155,0.010360351538265544,-0.051537159809967412,0.016080034563029796,-0.026900592119699744,-0.013171104083199662,-0.00048435126298395162,0.091558441558441561,0.90844155844155849,0,True,True,True,0.091558441558441561,False
mv_strict,original,equal_image,P021,P026,1540,-0.01741242209313857,0.010577072815602854,-0.057316253250416449,0.0097146049428683996,-0.031905088570204035,-0.016851522697664496,-0.0041748149641792605,0.025974025974025976,0.97402597402597402,0,True,True,True,0.025974025974025976,False
mv_strict,original,equal_image,P021,P027,1540,-0.0098276381565877875,0.0095646969973852726,-0.042618159957544623,0.016494955795555065,-0.021607997640506433,-0.010061454152409131,0.0019101759503667914,0.16298701298701299,0.83701298701298699,0,True,True,True,0.16298701298701299,False
mv_strict,original,equal_image,P022,P023,1540,-0.0050578097434619456,0.009660534008360212,-0.033232596209898768,0.035366432353886854,-0.017724152083501695,-0.0041966820227885586,0.0063621700482106901,0.36753246753246754,0.63246753246753251,0,True,True,True,0.36753246753246754,False
mv_strict,original,equal_image,P022,P024,1540,0.012780625148760124,0.0071807842912490283,-0.0032181903720256339,0.044191364510801689,0.0038069129170124017,0.012077932682557253,0.022066827242151879,0.98246753246753249,0.017532467532467531,0,True,True,False,0.017532467532467531,False
mv_strict,original,equal_image,P022,P025,1540,0.0022649759797533737,0.006356398375606284,-0.018402740048950358,0.025838417573323558,-0.0070573290316232285,0.0033491658091517381,0.0093174321204682192,0.71558441558441555,0.2844155844155844,0,True,True,True,0.2844155844155844,False
mv_strict,original,equal_image,P022,P026,1540,-0.0016353840006330409,0.0062597515655148728,-0.018695433002140095,0.021817274516525272,-0.011477364813728429,-0.00056191955829486555,0.0045673173331949998,0.43831168831168832,0.56168831168831168,0,True,True,True,0.43831168831168832,False
mv_strict,original,equal_image,P022,P027,1540,0.0059493999359177445,0.0081919436085521151,-0.017342485564233293,0.036347736932319581,-0.0048627429140084954,0.0057629418446662334,0.016092185856975919,0.80714285714285716,0.19285714285714287,0,True,True,True,0.19285714285714287,False
mv_strict,original,equal_image,P023,P024,1540,0.017838434892222067,0.010296793788070597,-0.0058634166537276568,0.045156958313540954,0.0041317552259148068,0.017664760164636105,0.032207185847184003,0.97467532467532469,0.025324675324675326,0,True,True,True,0.025324675324675326,False
mv_strict,original,equal_image,P023,P025,1540,0.0073227857232153202,0.0092882343058237563,-0.012854384472060231,0.034689179679198101,-0.0035463418310492526,0.0049659457705079294,0.021807372347856683,0.78181818181818186,0.21818181818181817,0,True,True,True,0.21818181818181817,False
mv_strict,original,equal_image,P023,P026,1540,0.0034224257428289036,0.0093370913233212279,-0.019208742539269581,0.029306457651187039,-0.0069009240518245656,0.00049411934808040597,0.017675236704729955,0.52987012987012982,0.47012987012987012,0,True,True,True,0.47012987012987012,False
mv_strict,original,equal_image,P023,P027,1540,0.011007209679379688,0.0099347150078946869,-0.015666950835312284,0.036786900673706532,-0.0011273874674007228,0.009956379953151016,0.024422438767810344,0.86363636363636365,0.13636363636363635,0,True,True,True,0.13636363636363635,False
mv_strict,original,equal_image,P024,P025,1540,-0.01051564916900675,0.0082874233134341471,-0.036784751826357799,0.012388757225849378,-0.021256766441655237,-0.010506978663847547,-0.00017654203182420613,0.095454545454545459,0.90454545454545454,0,True,True,True,0.095454545454545459,False
mv_strict,original,equal_image,P024,P026,1540,-0.014416009149393165,0.0079987173933518813,-0.039825034132813165,0.0061878277510440168,-0.024933326085227706,-0.01454442836697261,-0.0040671636245809446,0.013636363636363636,0.98636363636363633,0,True,True,True,0.013636363636363636,False
mv_strict,original,equal_image,P024,P027,1540,-0.0068312252128423798,0.0092667040856378603,-0.030180275486555153,0.020424762825538394,-0.018484703432835786,-0.0073959246650876706,0.0046063401287771907,0.26363636363636361,0.73636363636363633,0,True,True,True,0.26363636363636361,False
mv_strict,original,equal_image,P025,P026,1540,-0.0039003599803864152,0.0026812888895497212,-0.013681821750620143,0.00582526985486555,-0.0072945209974951122,-0.0038713223723060783,-0.00055547806804366595,0.064935064935064929,0.93506493506493504,0,True,True,True,0.064935064935064929,False
mv_strict,original,equal_image,P025,P027,1540,0.0036844239561643699,0.005674557945683824,-0.0074096566985099362,0.028158480457086511,-0.0019838172181670913,0.0024419652767635829,0.012428055996827858,0.74545454545454548,0.25454545454545452,0,True,True,True,0.25454545454545452,False
mv_strict,original,equal_image,P026,P027,1540,0.0075847839365507852,0.0057790568111306933,-0.0032164077951729376,0.031371815471283281,0.0021470177753178704,0.006154887132656643,0.01670122915088371,0.98701298701298701,0.012987012987012988,0,True,True,False,0.012987012987012988,False
mv_strict,original,equal_building,P001,P002,1540,-0.012354804374238073,0.0071575358640821483,-0.047125047776277205,0.0046464203262597363,-0.022778661184699744,-0.011280342667886337,-0.0040919572594099902,0.01948051948051948,0.98051948051948057,0,True,True,False,0.01948051948051948,False
mv_strict,original,equal_building,P001,P003,1540,-0.00029193667955905016,0.011542824911886714,-0.028575965047626845,0.061817107920117589,-0.013988782363654233,-0.0015003191319045081,0.015311018932714799,0.43441558441558442,0.56558441558441563,0,True,True,True,0.43441558441558442,False
mv_strict,original,equal_building,P001,P004,1540,0.0088905534599376633,0.015300948005542664,-0.02422518483553766,0.08062219181058404,-0.0097826013865727739,0.0079924678219752583,0.028306925906955747,0.67987012987012985,0.32012987012987015,0,True,True,True,0.32012987012987015,False
mv_strict,original,equal_building,P001,P005,1540,0.016681152458115394,0.012872975597948521,-0.0029926479912005567,0.076087637935803559,0.0029282579196054301,0.012921055784010538,0.033841461488136777,0.98441558441558441,0.015584415584415584,0,True,True,False,0.015584415584415584,False
mv_strict,original,equal_building,P001,P006,1540,-0.0014939776570496997,0.0087676603094033207,-0.024286319008570291,0.041358088596480685,-0.013210452123271973,-0.00092958192832233791,0.0083047382714265868,0.45194805194805193,0.54805194805194801,0,True,True,True,0.45194805194805193,False
mv_strict,original,equal_building,P001,P007,1540,-2.1498744542135042e-06,0.007318331120487462,-0.018716280950246671,0.036574533537479047,-0.010759180366625614,0.00069357473240635667,0.0076613801449168248,0.54610389610389609,0.45389610389610391,0,True,True,True,0.54610389610389609,True
mv_strict,original,equal_building,P001,P008,1540,0.011661571915027097,0.016798310365124927,-0.024676116334306848,0.095810192509820619,-0.0080926291537407255,0.0096302541184215586,0.034187145106952956,0.72402597402597402,0.27597402597402598,0,True,True,True,0.27597402597402598,False
mv_strict,original,equal_building,P001,P009,1540,0.011965888677828185,0.016885047782822273,-0.024399538734252067,0.096208117593348713,-0.0079029359953990286,0.0099134016120046853,0.034767908289669504,0.73181818181818181,0.26818181818181819,0,True,True,True,0.26818181818181819,False
mv_strict,original,equal_building,P001,P010,1540,0.0032621317345561626,0.014303904857276149,-0.024533471064837435,0.060719513411282677,-0.014545824924147143,0.00077881108586574585,0.023286527905530475,0.52857142857142858,0.47142857142857142,0,True,True,True,0.47142857142857142,False
mv_strict,original,equal_building,P001,P011,1540,0.0019847689893803021,0.0073277219411720506,-0.016096432957734937,0.049040215909219309,-0.0073263287431975027,0.0021266446957495366,0.0093299791823806179,0.62792207792207788,0.37207792207792206,0,True,True,True,0.37207792207792206,False
mv_strict,original,equal_building,P001,P012,1540,-0.0044939394610771866,0.010313589621512425,-0.030567772375705637,0.042941842619141898,-0.018002406994645816,-0.0049794814620991949,0.0083713293668753689,0.31103896103896106,0.688961038961039,0,True,True,True,0.31103896103896106,False
mv_strict,original,equal_building,P001,P014,1540,-0.0052797195224873628,0.008295755337342909,-0.027504420630034474,0.036772623527696634,-0.017207512226076124,-0.0046263179096699171,0.0032847475542091358,0.24545454545454545,0.75454545454545452,0,True,True,True,0.24545454545454545,False
mv_strict,original,equal_building,P001,P017,1540,-0.023124685177895784,0.0076699328730960685,-0.063729749627457241,-0.0020449549998605224,-0.033820899914579691,-0.02183191031879024,-0.014367491085860426,0,1,0,False,False,False,0,False
mv_strict,original,equal_building,P001,P018,1540,0.0043633202137491897,0.013668582837869498,-0.0209215364769752,0.058089675697525982,-0.011363718465686314,-0.00053333819118280001,0.023713663106000253,0.47467532467532469,0.52532467532467531,0,True,True,True,0.52532467532467531,True
mv_strict,original,equal_building,P001,P019,1540,0.0057472754190870329,0.015542968278161607,-0.038620218956550198,0.071878908476597295,-0.013150741116498648,0.0038822007763129815,0.026844593911722343,0.63506493506493511,0.36493506493506495,0,True,True,True,0.36493506493506495,False
mv_strict,original,equal_building,P001,P020,1540,0.0024351318600951137,0.0079472207404573964,-0.018223756205537036,0.041699624672146426,-0.0085790920703811488,0.0029545082206268586,0.010991206417837213,0.67272727272727273,0.32727272727272727,0,True,True,True,0.32727272727272727,False
mv_strict,original,equal_building,P001,P021,1540,0.016278712118734655,0.012768942845768698,-0.0070217156098087985,0.07627631164224398,0.0018305577391420592,0.013002991189350801,0.034129709756671317,0.93571428571428572,0.064285714285714279,0,True,True,True,0.064285714285714279,False
mv_strict,original,equal_building,P001,P022,1540,0.0010471091916905068,0.01578998142245917,-0.046134064143325028,0.045067241248264167,-0.019965357776422058,0.00021762332519870316,0.021744535615348025,0.50649350649350644,0.4935064935064935,0,True,True,True,0.4935064935064935,False
mv_strict,original,equal_building,P001,P023,1540,-0.0044054684019249777,0.01006334069963912,-0.042079028167571642,0.041390485393726466,-0.017158605343870714,-0.003193139608360953,0.0065390460747363341,0.33051948051948055,0.66948051948051945,0,True,True,True,0.33051948051948055,False
mv_strict,original,equal_building,P001,P024,1540,0.011699305800544119,0.016158689488707002,-0.035560693210401319,0.0759528452006627,-0.0089486209993550926,0.010756391455698658,0.032383000301003662,0.75779220779220779,0.24220779220779221,0,True,True,True,0.24220779220779221,False
mv_strict,original,equal_building,P001,P025,1540,0.0026565619110336114,0.015478203239215348,-0.042156315471683255,0.059173505177628496,-0.016493031916753772,0.00080168261455658418,0.024234103169882358,0.53181818181818186,0.4681818181818182,0,True,True,True,0.4681818181818182,False
mv_strict,original,equal_building,P001,P026,1540,-0.00094857471020069002,0.015713700094056298,-0.045501657250942164,0.058086717795600241,-0.020174507161021211,-0.00271580172472791,0.020733099893527122,0.41883116883116883,0.58116883116883122,0,True,True,True,0.41883116883116883,False
mv_strict,original,equal_building,P001,P027,1540,0.0060511924247914385,0.014090341877775798,-0.020554339578905748,0.064277190339777995,-0.011171586020559959,0.0036783339017827082,0.025756491827059812,0.62662337662337664,0.37337662337662336,0,True,True,True,0.37337662337662336,False
mv_strict,original,equal_building,P002,P003,1540,0.012062867694679026,0.0094885858367592738,-0.01259553321762432,0.068722410229965086,0.0015203923499092901,0.010733788310463833,0.024232379277085402,0.9311688311688312,0.068831168831168826,0,True,True,True,0.068831168831168826,False
mv_strict,original,equal_building,P002,P004,1540,0.021245357834175738,0.014446303576197188,-0.0070951153691918671,0.099306024550578353,0.0050157915287520971,0.019260262881803294,0.039993399169080825,0.98441558441558441,0.015584415584415584,0,True,True,True,0.015584415584415584,False
mv_strict,original,equal_building,P002,P005,1540,0.029035956832353473,0.016046230328122395,-0.00010935796367367995,0.098515942716761618,0.010635389490952931,0.026833519112090691,0.049275990020510564,0.99935064935064932,0.00064935064935064935,0,True,False,False,0.00064935064935064935,False
mv_strict,original,equal_building,P002,P006,1540,0.010860826717188375,0.006790295276617446,-0.004691045930230682,0.053580234165823366,0.0040759296417666466,0.0098452647046192356,0.017563681710943434,0.98506493506493509,0.014935064935064935,0,True,True,False,0.014935064935064935,False
mv_strict,original,equal_building,P002,P007,1540,0.012352654499783861,0.007068875371528208,-0.0063472793139173062,0.055718633425736318,0.0045324715459331933,0.01178180614333922,0.019521284641828417,0.98636363636363633,0.013636363636363636,0,True,True,True,0.013636363636363636,False
mv_strict,original,equal_building,P002,P008,1540,0.02401637628926517,0.015278930976772786,-0.0089578360209493571,0.10132496080727896,0.0072253548184502397,0.021005232131830517,0.04596864513250256,0.98701298701298701,0.012987012987012988,0,True,True,True,0.012987012987012988,False
mv_strict,original,equal_building,P002,P009,1540,0.024320693052066258,0.015362269813682054,-0.0085581264241243425,0.10172288589080705,0.0074140880525934852,0.021058942578824132,0.045961365731858855,0.98506493506493509,0.014935064935064935,0,True,True,True,0.014935064935064935,False
mv_strict,original,equal_building,P002,P010,1540,0.015616936108794235,0.013272544044972476,-0.0085636764681158023,0.076171204497758493,0.0026444841661391891,0.010699465121450303,0.034675252344747734,0.97077922077922074,0.02922077922077922,0,True,True,True,0.02922077922077922,False
mv_strict,original,equal_building,P002,P011,1540,0.014339573363618375,0.0084732917758959941,-0.0091782560850785649,0.066927283520269554,0.0055868113835684866,0.013345424752313515,0.023501807743363547,0.98701298701298701,0.012987012987012988,0,True,True,True,0.012987012987012988,False
mv_strict,original,equal_building,P002,P012,1540,0.0078608649131608876,0.0076388609408806702,-0.0019134102825388022,0.058277202692763319,0.0015459867239998441,0.0045277654960739037,0.017364882759214828,0.99415584415584413,0.0058441558441558444,0,True,True,False,0.0058441558441558444,False
mv_strict,original,equal_building,P002,P014,1540,0.0070750848517507113,0.006716120594439403,-0.011694828941475038,0.047773450968736156,0.00058648969430313803,0.0063237233365606941,0.013358594452924867,0.91688311688311686,0.083116883116883117,0,True,True,True,0.083116883116883117,False
mv_strict,original,equal_building,P002,P017,1540,-0.010769880803657709,0.0038398872539063844,-0.027893042421654739,-0.0011093677896884396,-0.015660255491552897,-0.010068908607557056,-0.0067616148287256306,0,1,0,False,False,False,0,False
mv_strict,original,equal_building,P002,P018,1540,0.016718124587987264,0.01396166973733467,-0.0083477815387595321,0.087728644109231216,0.0018855342238457697,0.012292790034590868,0.03666555964783224,0.94025974025974024,0.059740259740259739,0,True,True,True,0.059740259740259739,False
mv_strict,original,equal_building,P002,P019,1540,0.018102079793325107,0.014428943160459579,-0.017464366666681247,0.080628672256402675,0.0021581255866807412,0.014535306477070119,0.038297618924736924,0.9285714285714286,0.071428571428571425,0,True,True,True,0.071428571428571425,False
mv_strict,original,equal_building,P002,P020,1540,0.014789936234333188,0.0070312517056219962,-0.002881241947704314,0.065060904790674362,0.0073876937844761532,0.014071571728464237,0.021713407603945894,0.99870129870129876,0.0012987012987012987,0,True,True,False,0.0012987012987012987,False
mv_strict,original,equal_building,P002,P021,1540,0.02863351649297273,0.015509213278632888,-0.0013797201714490746,0.10152503492724214,0.010697150949595795,0.025575968442108292,0.04845690230396734,0.9974025974025974,0.0025974025974025974,0,True,True,False,0.0025974025974025974,False
mv_strict,original,equal_building,P002,P022,1540,0.013401913565928578,0.014062850801696409,-0.017681335597801003,0.069866033900332539,-0.0016359098877822883,0.010323923451879782,0.031640953230731454,0.87272727272727268,0.12727272727272726,0,True,True,True,0.12727272727272726,False
mv_strict,original,equal_building,P002,P023,1540,0.0079493359723130982,0.008652008982920182,-0.016933872963131362,0.055496017700584502,-0.0026124401381272529,0.0080988443110300672,0.0162023916751304,0.86428571428571432,0.1357142857142857,0,True,True,True,0.1357142857142857,False
mv_strict,original,equal_building,P002,P024,1540,0.024054110174782192,0.015028426533042089,-0.01700944698645809,0.092649926192854518,0.0065706347605015971,0.022042834927650912,0.044275162987877877,0.96623376623376622,0.033766233766233764,0,True,True,True,0.033766233766233764,False
mv_strict,original,equal_building,P002,P025,1540,0.015011366285271685,0.014549386088421924,-0.021038212920820136,0.078505858586054272,-0.00055678729089018184,0.010950190227272238,0.035563982338096177,0.89675324675324675,0.10324675324675325,0,True,True,True,0.10324675324675325,False
mv_strict,original,equal_building,P002,P026,1540,0.011406229664037386,0.014461350118219205,-0.018955851229435272,0.078832567196316455,-0.0025224117375611775,0.0070946511615847564,0.031595892128601984,0.86688311688311692,0.13311688311688311,0,True,True,True,0.13311688311688311,False
mv_strict,original,equal_building,P002,P027,1540,0.01840599679902951,0.012981149048601268,-0.0030923106770748034,0.079199696564036859,0.0056924388050736035,0.013713775701951723,0.037132946174041767,0.99415584415584413,0.0058441558441558444,0,True,True,False,0.0058441558441558444,False
mv_strict,original,equal_building,P003,P004,1540,0.0091824901394967143,0.014644160371031466,-0.025050047011301552,0.051438208362594787,-0.011427726321214571,0.0075197513817507194,0.028120746190508774,0.74415584415584413,0.25584415584415582,0,True,True,True,0.25584415584415582,False
mv_strict,original,equal_building,P003,P005,1540,0.016973089137674445,0.017094330141845044,-0.022662913000593143,0.067728043220777981,-0.0065990349145584274,0.01676891630698988,0.038562712976568672,0.82987012987012987,0.17012987012987013,0,True,True,True,0.17012987012987013,False
mv_strict,original,equal_building,P003,P006,1540,-0.0012020409774906495,0.0079880991031512395,-0.029037778106539208,0.014195737759291428,-0.014056707385550449,0.0011543815166925042,0.00719689575690091,0.5688311688311688,0.43116883116883115,0,True,True,True,0.5688311688311688,True
mv_strict,original,equal_building,P003,P007,1540,0.00028978680510483674,0.0091694105487522652,-0.026039259070407696,0.023201616906996479,-0.012771388595170113,0.0016404670587912666,0.011478015189917855,0.5636363636363636,0.43636363636363634,0,True,True,True,0.43636363636363634,False
mv_strict,original,equal_building,P003,P008,1540,0.011953508594586146,0.010993858053080724,-0.0026775232504803737,0.03714530782413928,0.0011236234835738314,0.0070667679567918938,0.028826682761936624,0.98441558441558441,0.015584415584415584,0,True,True,False,0.015584415584415584,False
mv_strict,original,equal_building,P003,P009,1540,0.012257825357387236,0.011059150169037786,-0.0028087853635148027,0.0363621363458735,0.0013711935985504524,0.0072832492655623849,0.029179203128102387,0.99090909090909096,0.0090909090909090905,0,True,True,False,0.0090909090909090905,False
mv_strict,original,equal_building,P003,P010,1540,0.0035540684141152122,0.013900612713424292,-0.023851752463268025,0.038448231580712006,-0.014369578978062045,0.0012996500105847617,0.024225025381694618,0.55194805194805197,0.44805194805194803,0,True,True,True,0.44805194805194803,False
mv_strict,original,equal_building,P003,P011,1540,0.0022767056689393527,0.0086399200665856785,-0.019040954296384874,0.021150961276440512,-0.010708302241567325,0.0036115964651132308,0.013370224284588608,0.64740259740259742,0.35259740259740258,0,True,True,True,0.35259740259740258,False
mv_strict,original,equal_building,P003,P012,1540,-0.0042020027815181365,0.010563031244433108,-0.035885549917082919,0.026149226279579774,-0.018902203419343906,-0.0038500797154642063,0.009517126993933863,0.35324675324675325,0.64675324675324675,0,True,True,True,0.35324675324675325,False
mv_strict,original,equal_building,P003,P014,1540,-0.0049877828429283127,0.0077059285714673334,-0.02897985735245653,0.012399661772627281,-0.017358652663423079,-0.0026890588602409976,0.0033529397578488987,0.32077922077922078,0.67922077922077917,0,True,True,True,0.32077922077922078,False
mv_strict,original,equal_building,P003,P017,1540,-0.022832748498336733,0.0088074703359071575,-0.072962834388894282,-0.0028063657391591418,-0.034142759602174659,-0.021081799526265176,-0.013455360553058161,0,1,0,False,False,False,0,False
mv_strict,original,equal_building,P003,P018,1540,0.004655256893308239,0.01522663548559554,-0.035349228590675803,0.043755314163106691,-0.014803870935463237,0.0032086566744050481,0.026370560221521143,0.58636363636363631,0.41363636363636364,0,True,True,True,0.41363636363636364,False
mv_strict,original,equal_building,P003,P019,1540,0.006039212098646083,0.015172729960506904,-0.033578040570457518,0.044336281346537679,-0.014448432283972976,0.0053742526825118382,0.028047177450333128,0.65714285714285714,0.34285714285714286,0,True,True,True,0.34285714285714286,False
mv_strict,original,equal_building,P003,P020,1540,0.0027270685396541634,0.0094984371353616353,-0.028304229868245268,0.027044987997502892,-0.010484239279868803,0.003914736219990677,0.013964966490910904,0.64220779220779223,0.35779220779220777,0,True,True,True,0.35779220779220777,False
mv_strict,original,equal_building,P003,P021,1540,0.016570648798293706,0.016054185015273462,-0.020929301300701985,0.071499453467185697,-0.0037693382142336505,0.015498832186243797,0.037323112483366276,0.83701298701298699,0.16298701298701299,0,True,True,True,0.16298701298701299,False
mv_strict,original,equal_building,P003,P022,1540,0.0013390458712495572,0.015645522168690376,-0.041471881825803573,0.042058085473651599,-0.019571020493288748,0.0010187842573947132,0.021885303349188975,0.53441558441558445,0.4655844155844156,0,True,True,True,0.4655844155844156,False
mv_strict,original,equal_building,P003,P023,1540,-0.0041135317223659276,0.0094918777229499422,-0.03744294661333733,0.012254823421250637,-0.018032773216866037,-0.00092701188208288605,0.0059558211442911936,0.46103896103896103,0.53896103896103897,0,True,True,True,0.46103896103896103,False
mv_strict,original,equal_building,P003,P024,1540,0.01199124248010317,0.014474919980569477,-0.027352786797297305,0.046046005958545314,-0.0071136462103016749,0.010766548302142838,0.032293049436458013,0.7857142857142857,0.21428571428571427,0,True,True,True,0.21428571428571427,False
mv_strict,original,equal_building,P003,P025,1540,0.0029484985905926619,0.015345336591622728,-0.03888575861364766,0.040396735150244355,-0.017011062654010964,0.0024480398390912504,0.025502698210292715,0.57532467532467535,0.42467532467532465,0,True,True,True,0.42467532467532465,False
mv_strict,original,equal_building,P003,P026,1540,-0.00065663803064163991,0.015475988458472529,-0.040306623874504691,0.038628528855709256,-0.021052435276080108,-0.00089571797134534344,0.021685584604864742,0.45649350649350651,0.54350649350649349,0,True,True,True,0.45649350649350651,False
mv_strict,original,equal_building,P003,P027,1540,0.0063431291043504895,0.014649627706956641,-0.029379019710643328,0.043985931105131319,-0.012833792813937612,0.0046407286503624048,0.02730425354661585,0.64480519480519483,0.35519480519480517,0,True,True,True,0.35519480519480517,False
mv_strict,original,equal_building,P004,P005,1540,0.0077905989981777298,0.011667802483747054,-0.022059204115789266,0.042288730831629762,-0.0078948728012253142,0.0079246872255193945,0.024049783722656322,0.75324675324675328,0.24675324675324675,0,True,True,True,0.24675324675324675,False
mv_strict,original,equal_building,P004,P006,1540,-0.010384531116987365,0.011426169535560629,-0.046585801224193618,0.012208065867119103,-0.025520705293207487,-0.0093553931198829196,0.0029712409948522249,0.23701298701298701,0.76298701298701299,0,True,True,True,0.23701298701298701,False
mv_strict,original,equal_building,P004,P007,1540,-0.0088927033343918788,0.01201594670237646,-0.050207450241645128,0.016277545888292659,-0.024224599034184262,-0.0083839951337769374,0.0056924593214622123,0.27207792207792209,0.72792207792207797,0,True,True,True,0.27207792207792209,False
mv_strict,original,equal_building,P004,P008,1540,0.0027710184550894319,0.010399841424221054,-0.023666338837782221,0.035141056413855523,-0.010245322406950511,0.0022551184222967188,0.017969734260870444,0.6019480519480519,0.39805194805194805,0,True,True,True,0.39805194805194805,False
mv_strict,original,equal_building,P004,P009,1540,0.0030753352178905205,0.010399634725216106,-0.023196445151473899,0.035389527793949722,-0.010093727232082076,0.0025407896529847356,0.018093335819100612,0.61558441558441557,0.38441558441558443,0,True,True,True,0.38441558441558443,False
mv_strict,original,equal_building,P004,P010,1540,-0.0056284217253815038,0.007638036158811431,-0.027701666979265679,0.012758490384830269,-0.01765034002698224,-0.0040148671121897836,0.0028736215593097502,0.24675324675324675,0.75324675324675328,0,True,True,True,0.24675324675324675,False
mv_strict,original,equal_building,P004,P011,1540,-0.0069057844705573629,0.012332432793893195,-0.043940284471803676,0.017085891408975949,-0.022266987680796463,-0.0072350269550630741,0.0083846800894801198,0.36103896103896105,0.63896103896103895,0,True,True,True,0.36103896103896105,False
mv_strict,original,equal_building,P004,P012,1540,-0.013384492921014854,0.0094054359005786882,-0.045091273943646919,0.0077224428278430228,-0.02546625407304683,-0.013095964046493077,-0.0014423310636188431,0.064935064935064929,0.93506493506493504,0,True,True,True,0.064935064935064929,False
mv_strict,original,equal_building,P004,P014,1540,-0.014170272982425028,0.012179352781766064,-0.051687335512498191,0.012321655048055484,-0.029766322054748186,-0.013986951476685446,0.00035573190551475332,0.11103896103896103,0.88896103896103895,0,True,True,True,0.11103896103896103,False
mv_strict,original,equal_building,P004,P017,1540,-0.032015238637833447,0.014535878291964888,-0.10981252563948912,-0.0028647830876037082,-0.049944117560389405,-0.030555520529467257,-0.015244418952611033,0,1,0,False,False,False,0,False
mv_strict,original,equal_building,P004,P018,1540,-0.0045272332461884762,0.0082066926515748442,-0.03096494112914093,0.01292925065040227,-0.016821794943831955,-0.0029785046010911229,0.0050774764342576672,0.33376623376623377,0.66623376623376629,0,True,True,True,0.33376623376623377,False
mv_strict,original,equal_building,P004,P019,1540,-0.003143278040850633,0.010005644859501906,-0.040200295894592016,0.015342915993253381,-0.017522542724746241,-0.00073020485539869451,0.0068985426405398535,0.45974025974025973,0.54025974025974022,0,True,True,True,0.45974025974025973,False
mv_strict,original,equal_building,P004,P020,1540,-0.0064554215998425517,0.011617818679702442,-0.04723719019631599,0.019695302258100213,-0.020961584201492495,-0.0062117470572847413,0.0078246524496737285,0.34805194805194806,0.65194805194805194,0,True,True,True,0.34805194805194806,False
mv_strict,original,equal_building,P004,P021,1540,0.007388158658796988,0.011739654684786731,-0.025045289549146053,0.044017943790972118,-0.0071804504153213091,0.0065738719630029901,0.023056771905189285,0.75974025974025972,0.24025974025974026,0,True,True,True,0.24025974025974026,False
mv_strict,original,equal_building,P004,P022,1540,-0.0078434442682471586,0.0079460655590309365,-0.043124689561833414,0.0077002309612998233,-0.020707372661878679,-0.0058958069771689117,-3.5799539019342464e-06,0.099350649350649356,0.9006493506493507,0,True,True,True,0.099350649350649356,False
mv_strict,original,equal_building,P004,P023,1540,-0.013296021861862642,0.01250925946233274,-0.046518906407242697,0.010641433301750571,-0.030122378548442307,-0.014403969564971012,0.0023758515057429215,0.19415584415584416,0.80584415584415581,0,True,True,True,0.19415584415584416,False
mv_strict,original,equal_building,P004,P024,1540,0.0028087523406064557,0.0082214825834794076,-0.026870303029589086,0.019918626275467966,-0.0082292755991265603,0.0044972555718623113,0.011413018402920187,0.71623376623376622,0.28376623376623378,0,True,True,True,0.28376623376623378,False
mv_strict,original,equal_building,P004,P025,1540,-0.0062339915489040536,0.010783275543025838,-0.04373786038206956,0.014214082466331643,-0.023238028095568644,-0.0031967155009167102,0.0043765986335324572,0.34415584415584416,0.6558441558441559,0,True,True,True,0.34415584415584416,False
mv_strict,original,equal_building,P004,P026,1540,-0.0098391281701383556,0.01067936501189337,-0.051619649175788096,0.0095280100283436399,-0.025579682353053922,-0.0066678188395578458,0.0006384483402591645,0.12987012987012986,0.87012987012987009,0,True,True,True,0.12987012987012986,False
mv_strict,original,equal_building,P004,P027,1540,-0.0028393610351462265,0.0085055621925283816,-0.026854035254944689,0.018005772765398199,-0.015008543697905002,-0.0017917657859055931,0.0069589274046828273,0.41948051948051945,0.58051948051948055,0,True,True,True,0.41948051948051945,False
mv_strict,original,equal_building,P005,P006,1540,-0.018175130115165094,0.014452962437440488,-0.066811680010276875,0.008830734193440562,-0.037819008748498702,-0.016427685617064668,-0.00087956482184301345,0.075974025974025972,0.92402597402597397,0,True,True,True,0.075974025974025972,False
mv_strict,original,equal_building,P005,P007,1540,-0.016683302332569608,0.013476636002903841,-0.062342300470552982,0.0038571620330824785,-0.033243439892453659,-0.01527607337736081,-0.0019487186181105268,0.035064935064935063,0.96493506493506498,0,True,True,False,0.035064935064935063,False
mv_strict,original,equal_building,P005,P008,1540,-0.0050195805430882975,0.012617410608863721,-0.034650021679334155,0.029121063259835461,-0.022110048289579375,-0.0054834479592613672,0.013074004635834698,0.29220779220779219,0.70779220779220775,0,True,True,True,0.29220779220779219,False
mv_strict,original,equal_building,P005,P009,1540,-0.0047152637802872089,0.012553510855211406,-0.034042765405236666,0.029015524012813883,-0.021878682755334063,-0.0051747100421313807,0.013206729520155809,0.30454545454545456,0.69545454545454544,0,True,True,True,0.30454545454545456,False
mv_strict,original,equal_building,P005,P010,1540,-0.013419020723559234,0.0097074068953930392,-0.050993185109327599,0.0047792153540942052,-0.028164741724313342,-0.011308874249362832,-0.0033143113031589557,0.027272727272727271,0.97272727272727277,0,True,True,False,0.027272727272727271,False
mv_strict,original,equal_building,P005,P011,1540,-0.014696383468735093,0.013222783065866854,-0.059213898778293868,0.010930322367815527,-0.031919692245485472,-0.012319226849139036,0.00027211435914797189,0.11298701298701298,0.88701298701298703,0,True,True,True,0.11298701298701298,False
mv_strict,original,equal_building,P005,P012,1540,-0.02117509191919258,0.011790773644904721,-0.069411762474419603,0.0027229457899811751,-0.037557356612885028,-0.019824604895993407,-0.0072146974679701175,0.0084415584415584409,0.99155844155844153,0,True,True,False,0.0084415584415584409,False
mv_strict,original,equal_building,P005,P014,1540,-0.021960871980602759,0.014568135184095441,-0.073292649937889226,0.0043764674501125325,-0.041572243461522794,-0.020124229345631024,-0.0046668643576485537,0.014285714285714285,0.98571428571428577,0,True,True,False,0.014285714285714285,False
mv_strict,original,equal_building,P005,P017,1540,-0.039805837636011178,0.016939904406377701,-0.11624305588912184,-0.0038532348126250997,-0.061303291405817459,-0.038819478961603551,-0.020166585429377219,0,1,0,False,False,False,0,False
mv_strict,original,equal_building,P005,P018,1540,-0.012317832244366207,0.0086196148783355721,-0.036995166257171468,0.0026331657512737514,-0.026941010377045882,-0.0094460258231935292,-0.0040026872660524192,0.0084415584415584409,0.99155844155844153,0,True,True,False,0.0084415584415584409,False
mv_strict,original,equal_building,P005,P019,1540,-0.010933877039028362,0.010542952680527009,-0.053542747875886157,0.0075771834210395239,-0.02609317127635026,-0.0086893919907709543,0.00080457883902572077,0.1344155844155844,0.86558441558441557,0,True,True,True,0.1344155844155844,False
mv_strict,original,equal_building,P005,P020,1540,-0.014246020598020281,0.013481913802331654,-0.057342119030314199,0.0098464400221182288,-0.032312426743699045,-0.01186169442125189,0.00085621791848432326,0.13376623376623376,0.86623376623376624,0,True,True,True,0.13376623376623376,False
mv_strict,original,equal_building,P005,P021,1540,-0.00040244033938074096,0.0059415674061506028,-0.015652153913586413,0.014070983147414378,-0.0083893465442599797,-0.00045258450904692854,0.007194339402267832,0.48246753246753249,0.51753246753246751,0,True,True,True,0.48246753246753249,False
mv_strict,original,equal_building,P005,P022,1540,-0.015634043266424889,0.013620238225644399,-0.070687883980121546,0.014253934247160285,-0.034178833003865025,-0.014910447602707894,0.0029145986345383975,0.13311688311688311,0.86688311688311692,0,True,True,True,0.13311688311688311,False
mv_strict,original,equal_building,P005,P023,1540,-0.021086620860040369,0.014028186146539367,-0.070578651436131207,0.0061150320321797513,-0.038840558284902536,-0.021516799724386255,-0.0029530848390805415,0.03961038961038961,0.96038961038961035,0,True,True,True,0.03961038961038961,False
mv_strict,original,equal_building,P005,P024,1540,-0.0049818466575712742,0.011613620809222838,-0.043580697274166219,0.022544639842553043,-0.021383844521541844,-0.0042536100123398961,0.0099920258857083503,0.34935064935064936,0.6506493506493507,0,True,True,True,0.34935064935064936,False
mv_strict,original,equal_building,P005,P025,1540,-0.014024590547081783,0.011317983605863309,-0.059280571627894595,0.0094535729960432933,-0.029663472720567494,-0.012033961210024797,-0.0014506150490925208,0.064935064935064929,0.93506493506493504,0,True,True,True,0.064935064935064929,False
mv_strict,original,equal_building,P005,P026,1540,-0.017629727168316085,0.011279427938333319,-0.066395636718616535,0.0047942650958030832,-0.033670057155209751,-0.014899881395408845,-0.0052171818947481744,0.012337662337662338,0.98766233766233769,0,True,True,False,0.012337662337662338,False
mv_strict,original,equal_building,P005,P027,1540,-0.010629960033323957,0.0096659900252263811,-0.039388597188236479,0.0057315905139448987,-0.025718402139175426,-0.0077263955436102233,-0.0010059186785606291,0.05844155844155844,0.94155844155844159,0,True,True,True,0.05844155844155844,False
mv_strict,original,equal_building,P006,P007,1540,0.0014918277825954861,0.0052388508751515968,-0.0187288323089468,0.017029025810828945,-0.0048391592321697574,0.0013820782042623832,0.0083594808545030142,0.60779220779220777,0.39220779220779223,0,True,True,True,0.39220779220779223,False
mv_strict,original,equal_building,P006,P008,1540,0.013155549572076796,0.013302797213605876,-0.0085828520403745771,0.056521420690593842,-0.0015494256854585923,0.0095146227894976673,0.031411022300925601,0.83896103896103891,0.16103896103896104,0,True,True,True,0.16103896103896104,False
mv_strict,original,equal_building,P006,P009,1540,0.013459866334877885,0.013353656245622654,-0.0079502271681489364,0.057303500751112964,-0.0013281946909844448,0.0098586617995624019,0.03189717562738973,0.84999999999999998,0.14999999999999999,0,True,True,True,0.14999999999999999,False
mv_strict,original,equal_building,P006,P010,1540,0.004756109391605862,0.011226527600425779,-0.012066901844979924,0.033511697864695496,-0.0064589974220708116,0.00018298497568679413,0.022414384098632823,0.51168831168831164,0.48831168831168831,0,True,True,True,0.48831168831168831,False
mv_strict,original,equal_building,P006,P011,1540,0.003478746646430002,0.0056402522017464981,-0.012352318038753508,0.022044647278828634,-0.0036903495538469686,0.0032906877000829834,0.010965017825020918,0.70519480519480515,0.29480519480519479,0,True,True,True,0.29480519480519479,False
mv_strict,original,equal_building,P006,P012,1540,-0.0029999618040274863,0.0065900563824841316,-0.020242152680795066,0.02194778922437618,-0.010613462591222166,-0.0040206593027227837,0.0059289094425991435,0.29675324675324677,0.70324675324675323,0,True,True,True,0.29675324675324677,False
mv_strict,original,equal_building,P006,P014,1540,-0.003785741865437663,0.0036773287504940659,-0.014116265430138164,0.0095827455278262169,-0.0084803676361474654,-0.003988917541468906,0.00095123982989964682,0.14415584415584415,0.85584415584415585,0,True,True,True,0.14415584415584415,False
mv_strict,original,equal_building,P006,P017,1540,-0.021630707520846087,0.006836723044698019,-0.063226724415295504,-0.001967039461713227,-0.028456863028986007,-0.020828576015907943,-0.014937286623213773,0,1,0,False,False,False,0,False
mv_strict,original,equal_building,P006,P018,1540,0.0058572978707988888,0.012228953541675009,-0.017732199229092346,0.039119198264738218,-0.0076664893619193568,0.0028757527677954666,0.024825818676174418,0.60844155844155845,0.39155844155844155,0,True,True,True,0.39155844155844155,False
mv_strict,original,equal_building,P006,P019,1540,0.007241253076136731,0.01273670601033729,-0.023827106369154298,0.038347594001272453,-0.0054165294201946566,0.0044172019585499815,0.02665792448905421,0.71103896103896103,0.28896103896103897,0,True,True,True,0.28896103896103897,False
mv_strict,original,equal_building,P006,P020,1540,0.0039291095171448132,0.0053758968196939688,-0.012318889061049582,0.021810789127127826,-0.0028760870557405253,0.0037810551358576378,0.010953765394393758,0.76298701298701299,0.23701298701298701,0,True,True,True,0.23701298701298701,False
mv_strict,original,equal_building,P006,P021,1540,0.017772689775784355,0.01433350560988038,-0.010865473823940895,0.070003018270073158,0.00081849289545044945,0.01528116572284078,0.037267480023650129,0.92727272727272725,0.072727272727272724,0,True,True,True,0.072727272727272724,False
mv_strict,original,equal_building,P006,P022,1540,0.0025410868487402058,0.013108026195755641,-0.039008198187715885,0.037236513584906962,-0.012471991311515856,0.00097016602993762677,0.020222836424955291,0.53181818181818186,0.4681818181818182,0,True,True,True,0.4681818181818182,False
mv_strict,original,equal_building,P006,P023,1540,-0.0029114907448752783,0.0061440346084826077,-0.025296350163551286,0.0082901487292030493,-0.014587603960888542,-0.0011944226096145955,0.0023867317865928031,0.33051948051948055,0.66948051948051945,0,True,True,True,0.33051948051948055,False
mv_strict,original,equal_building,P006,P024,1540,0.013193283457593819,0.012679160569744575,-0.023922085090756953,0.043386030317079896,-0.0011687610782796286,0.011572458332626687,0.031732396843734606,0.87792207792207788,0.12207792207792208,0,True,True,True,0.12207792207792208,False
mv_strict,original,equal_building,P006,P025,1540,0.0041505395680833113,0.013004016800567959,-0.03163975275375612,0.033631417759526099,-0.010600058309303481,0.0015139563558760009,0.023930776077177206,0.58311688311688314,0.41688311688311686,0,True,True,True,0.41688311688311686,False
mv_strict,original,equal_building,P006,P026,1540,0.00054540294684900963,0.0131571182736349,-0.034825490879763832,0.0319951954226287,-0.013555061087513257,-0.0021419021162851614,0.020415485609377778,0.40779220779220782,0.59220779220779218,0,True,True,True,0.59220779220779218,True
mv_strict,original,equal_building,P006,P027,1540,0.0075451700818411375,0.011710044222677459,-0.016014551009569833,0.040555241108676837,-0.0049226815044118404,0.00358154510686165,0.025908581075960561,0.67402597402597397,0.32597402597402597,0,True,True,True,0.32597402597402597,False
mv_strict,original,equal_building,P007,P008,1540,0.01166372178948131,0.013487736054930859,-0.014098425022175259,0.059658263711968168,-0.0037364180743086422,0.0092468257501083697,0.031069717964039751,0.77402597402597406,0.22597402597402597,0,True,True,True,0.22597402597402597,False
mv_strict,original,equal_building,P007,P009,1540,0.011968038552282399,0.013550499167212767,-0.013700499938647165,0.059633584055869673,-0.0034280347852908661,0.0095159877733833938,0.031418403197988942,0.79025974025974022,0.20974025974025973,0,True,True,True,0.20974025974025973,False
mv_strict,original,equal_building,P007,P010,1540,0.0032642816090103751,0.010827514649182371,-0.016296312956095224,0.034251958790839414,-0.0083200388420585844,-0.00046890872762861587,0.019983475716960273,0.48311688311688311,0.51688311688311683,0,True,True,True,0.51688311688311683,True
mv_strict,original,equal_building,P007,P011,1540,0.0019869188638345159,0.0045713653568370885,-0.013334245762253352,0.018094790449013333,-0.0038540858899242482,0.0019920055236904155,0.0078686544904243757,0.66883116883116878,0.33116883116883117,0,True,True,True,0.33116883116883117,False
mv_strict,original,equal_building,P007,P012,1540,-0.0044917895866229728,0.0072181804699608231,-0.024195956022973801,0.02178334101421868,-0.013461379192487763,-0.0048747986271997275,0.0050269900642414033,0.2538961038961039,0.74610389610389616,0,True,True,True,0.2538961038961039,False
mv_strict,original,equal_building,P007,P014,1540,-0.0052775696480331482,0.0045511833713259833,-0.022774798263840872,0.010497038339963342,-0.01116306948433377,-0.0052960199346434172,0.00044552789912850085,0.12272727272727273,0.87727272727272732,0,True,True,True,0.12272727272727273,False
mv_strict,original,equal_building,P007,P017,1540,-0.023122535303441567,0.0078506941078678675,-0.071377457908645053,-0.0042000452887341923,-0.031395870775003977,-0.022161944472230459,-0.015036401383839829,0,1,0,False,False,False,0,False
mv_strict,original,equal_building,P007,P018,1540,0.0043654700882034027,0.011404514857531092,-0.015079670967039868,0.03391058203842863,-0.007261494162924851,1.5718279673478455e-05,0.022177246017632969,0.5,0.5,0,True,True,True,0.5,False
mv_strict,original,equal_building,P007,P019,1540,0.005749425293541245,0.012759989782800093,-0.027172749241126212,0.039660607898112737,-0.0077010072103658846,0.0032186849127643826,0.024673763101899737,0.65649350649350646,0.34350649350649348,0,True,True,True,0.34350649350649348,False
mv_strict,original,equal_building,P007,P020,1540,0.0024372817345493271,0.0032116971458216207,-0.0056903967688549557,0.017474897329899756,-0.0018135945754444507,0.0024162843992890544,0.0065364767656933519,0.76428571428571423,0.23571428571428571,0,True,True,True,0.23571428571428571,False
mv_strict,original,equal_building,P007,P021,1540,0.016280861993188869,0.013631193766494352,-0.011098923157435138,0.06063432230035698,0.00030808187008685996,0.013424641533236687,0.035171353510949709,0.9058441558441559,0.094155844155844159,0,True,True,True,0.094155844155844159,False
mv_strict,original,equal_building,P007,P022,1540,0.0010492590661447204,0.013770062195891599,-0.035636248076735093,0.043001408698374835,-0.015405203812123373,0.00026812212545799206,0.018056332643772485,0.5051948051948052,0.4948051948051948,0,True,True,True,0.4948051948051948,False
mv_strict,original,equal_building,P007,P023,1540,-0.0044033185274707639,0.0077786820962108634,-0.032595454209125969,0.015114900205993174,-0.015313806972151744,-0.0030934572570051506,0.0041183907622377039,0.29740259740259739,0.70259740259740255,0,True,True,True,0.29740259740259739,False
mv_strict,original,equal_building,P007,P024,1540,0.011701455674998334,0.013305485384373159,-0.026880852045232061,0.049317685043796945,-0.0043051405971418375,0.010901188333499897,0.029598868033997087,0.81753246753246755,0.18246753246753247,0,True,True,True,0.18246753246753247,False
mv_strict,original,equal_building,P007,P025,1540,0.0026587117854878256,0.012972853554646642,-0.031888306583142657,0.032489299979135938,-0.012147668923063766,0.00070722887576792938,0.021831044272551486,0.52207792207792203,0.47792207792207791,0,True,True,True,0.47792207792207791,False
mv_strict,original,equal_building,P007,P026,1540,-0.00094642483574647665,0.012875089261191375,-0.038139072676593,0.032182981127762737,-0.015009595736924725,-0.0031194832790104269,0.017646831859927135,0.38766233766233765,0.61233766233766229,0,True,True,True,0.38766233766233765,False
mv_strict,original,equal_building,P007,P027,1540,0.0060533422992456514,0.010916700808721027,-0.012968808382512485,0.038073984872926576,-0.0054960491606666504,0.0020632663184145528,0.023322065244804405,0.61623376623376624,0.38376623376623376,0,True,True,True,0.38376623376623376,False
mv_strict,original,equal_building,P008,P009,1540,0.00030431676280108901,0.00041769391301459536,-0.0016060646376581493,0.0012621632155326509,-0.0001812426068547701,0.00034241469666717629,0.00078291479434164032,0.8162337662337662,0.18376623376623377,0,True,True,False,0.18376623376623377,False
mv_strict,original,equal_building,P008,P010,1540,-0.0083994401804709344,0.0085624254429307323,-0.035090679098537948,0.011368381725272186,-0.021257181772159406,-0.0066673872549973673,0.0013146642179257405,0.15259740259740259,0.84740259740259738,0,True,True,True,0.15259740259740259,False
mv_strict,original,equal_building,P008,P011,1540,-0.0096768029256467936,0.013225791971383856,-0.048499600019780334,0.015967784030549773,-0.027658904127352411,-0.0079353458957965289,0.0062986282136995326,0.287012987012987,0.71298701298701295,0,True,True,True,0.287012987012987,False
mv_strict,original,equal_building,P008,P012,1540,-0.016155511376104281,0.011235906584194039,-0.058964710115103486,0.011727137963226168,-0.031437374075639485,-0.014542420841485812,-0.0027643445062283502,0.046753246753246755,0.95324675324675323,0,True,True,True,0.046753246753246755,False
mv_strict,original,equal_building,P008,P014,1540,-0.016941291437514459,0.013252206653704536,-0.06260506167473176,0.0052514182120500519,-0.035697050891884047,-0.014827219621827684,-0.0016976951096268937,0.050000000000000003,0.94999999999999996,0,True,True,True,0.050000000000000003,False
mv_strict,original,equal_building,P008,P017,1540,-0.034786257092922879,0.014876538668429615,-0.10371499740814516,-0.008982230490178357,-0.055544408737397903,-0.032061250027337493,-0.018034872589703752,0,1,0,False,False,False,0,False
mv_strict,original,equal_building,P008,P018,1540,-0.0072982517012779077,0.0092663609135110719,-0.039045312488539652,0.01485974268378467,-0.020739966871236123,-0.0060190369440827549,0.0033614143077940525,0.23116883116883116,0.76883116883116887,0,True,True,True,0.23116883116883116,False
mv_strict,original,equal_building,P008,P019,1540,-0.0059142964959400636,0.0092962797864285171,-0.04141414394463501,0.011258259805093849,-0.019853337179386563,-0.0026389224654660946,0.003916818659632745,0.33701298701298699,0.66298701298701301,0,True,True,True,0.33701298701298699,False
mv_strict,original,equal_building,P008,P020,1540,-0.0092264400549319833,0.013085033253206729,-0.054554979586439151,0.017971201045683879,-0.027258882148922203,-0.0073056230615251069,0.0061765726490883325,0.30129870129870129,0.69870129870129871,0,True,True,True,0.30129870129870129,False
mv_strict,original,equal_building,P008,P021,1540,0.0046171402037075565,0.011642056457195682,-0.024414651205162372,0.037909789651163726,-0.0087250594539021783,0.0030184599300122662,0.022179501661963606,0.64155844155844155,0.35844155844155845,0,True,True,True,0.35844155844155845,False
mv_strict,original,equal_building,P008,P022,1540,-0.01061446272333659,0.011611707543223821,-0.063801295455843759,0.015682428308575771,-0.025905436780722085,-0.0089110099412825234,0.0030835250159548071,0.1487012987012987,0.85129870129870133,0,True,True,True,0.1487012987012987,False
mv_strict,original,equal_building,P008,P023,1540,-0.016067040316952073,0.013361981577482487,-0.056096835069689301,0.010373992200829282,-0.033804115343393039,-0.016450475836115443,0.0010823869732560043,0.13051948051948051,0.86948051948051952,0,True,True,True,0.13051948051948051,False
mv_strict,original,equal_building,P008,P024,1540,3.7733885517023673e-05,0.0089902179814872057,-0.029856751289347529,0.021842146840062943,-0.013023141293962341,0.0012716225493208475,0.011959322962434361,0.57207792207792207,0.42792207792207793,0,True,True,True,0.42792207792207793,False
mv_strict,original,equal_building,P008,P025,1540,-0.0090050100039934834,0.0099143440831144895,-0.04660792691661101,0.0099394568110766392,-0.023054800212104112,-0.0068394553073017703,0.0024704609057728736,0.19285714285714287,0.80714285714285716,0,True,True,True,0.19285714285714287,False
mv_strict,original,equal_building,P008,P026,1540,-0.012610146625227785,0.010108100282731841,-0.04701911327567472,0.0072029451656885207,-0.027264270706713053,-0.0099367544264849748,-0.001092790947787053,0.064935064935064929,0.93506493506493504,0,True,True,True,0.064935064935064929,False
mv_strict,original,equal_building,P008,P027,1540,-0.005610379490235658,0.0087208613862440106,-0.037691047866700848,0.012041442350637151,-0.018877346081642883,-0.0037055252600403047,0.0038108284522344335,0.30389610389610389,0.69610389610389611,0,True,True,True,0.30389610389610389,False
mv_strict,original,equal_building,P009,P010,1540,-0.008703756943272023,0.0085384264432073215,-0.035505574597881263,0.010815304964946006,-0.021422797569220629,-0.0070099276575990854,0.0011049748778964729,0.1396103896103896,0.86038961038961037,0,True,True,True,0.1396103896103896,False
mv_strict,original,equal_building,P009,P011,1540,-0.0099811196884478839,0.013303269536515318,-0.049031116096884444,0.015691206430494993,-0.028199640527266662,-0.008168506420467429,0.0062169011431389715,0.27727272727272728,0.72272727272727277,0,True,True,True,0.27727272727272728,False
mv_strict,original,equal_building,P009,P012,1540,-0.016459828138905376,0.011299890784484344,-0.059329303491255883,0.011265080049858534,-0.031901591697506872,-0.014884248132237611,-0.0029326173148585639,0.044155844155844157,0.95584415584415583,0,True,True,True,0.044155844155844157,False
mv_strict,original,equal_building,P009,P014,1540,-0.017245608200315551,0.01330276269310132,-0.063370867025687672,0.0055097914263636145,-0.036109955987127518,-0.015145113429554945,-0.0020730359217511251,0.044805194805194806,0.95519480519480515,0,True,True,True,0.044805194805194806,False
mv_strict,original,equal_building,P009,P017,1540,-0.035090573855723964,0.014956469405661714,-0.10411292249167325,-0.0091724171020228298,-0.055873723676588605,-0.032247808892659824,-0.018275321438527902,0,1,0,False,False,False,0,False
mv_strict,original,equal_building,P009,P018,1540,-0.0076025684640789962,0.0092747349528618048,-0.039280838735953762,0.014461817600256575,-0.02111593559336785,-0.0062159929660132122,0.0029620810352705752,0.22272727272727272,0.77727272727272723,0,True,True,True,0.22272727272727272,False
mv_strict,original,equal_building,P009,P019,1540,-0.0062186132587411522,0.0093002904473836086,-0.041681295963294777,0.010610160036650829,-0.020004359550436574,-0.0030614173341698084,0.0035363858024641207,0.32077922077922078,0.67922077922077917,0,True,True,True,0.32077922077922078,False
mv_strict,original,equal_building,P009,P020,1540,-0.0095307568177330718,0.013149261884968719,-0.054508492921202287,0.017573275962155785,-0.027742967936010266,-0.0075670592992050055,0.0058192151786178514,0.29480519480519479,0.70519480519480515,0,True,True,True,0.29480519480519479,False
mv_strict,original,equal_building,P009,P021,1540,0.0043128234409064671,0.011724381305080958,-0.024826296990450702,0.037410852108328355,-0.0090937973499174551,0.0027290406836290287,0.021872816473960197,0.62272727272727268,0.37727272727272726,0,True,True,True,0.37727272727272726,False
mv_strict,original,equal_building,P009,P022,1540,-0.010918779486137679,0.011625236622584936,-0.064250688517781332,0.014964482170471111,-0.026280388380787736,-0.0092055166079577574,0.0027964894197133722,0.1396103896103896,0.86038961038961037,0,True,True,True,0.1396103896103896,False
mv_strict,original,equal_building,P009,P023,1540,-0.016371357079753165,0.013402424253096337,-0.056778080577703026,0.010505254313863711,-0.034160511721273129,-0.016801734553444442,0.00072709324508447729,0.11818181818181818,0.88181818181818183,0,True,True,True,0.11818181818181818,False
mv_strict,original,equal_building,P009,P024,1540,-0.0002665828772840655,0.0089703869889037856,-0.029708324257684122,0.021149890079373058,-0.013125652740478196,0.0011679892280269909,0.011695011889252727,0.55844155844155841,0.44155844155844154,0,True,True,True,0.55844155844155841,True
mv_strict,original,equal_building,P009,P025,1540,-0.0093093267667945737,0.009945535271910666,-0.047144173139753671,0.01030399465862444,-0.023250450511787701,-0.0071360859339767296,0.0022783621930869691,0.17727272727272728,0.82272727272727275,0,True,True,True,0.17727272727272728,False
mv_strict,original,equal_building,P009,P026,1540,-0.012914463388028876,0.010133449132539996,-0.047555359498817382,0.0071029057791377054,-0.027595691212078662,-0.010104767706824228,-0.0014413255389789279,0.057142857142857141,0.94285714285714284,0,True,True,True,0.057142857142857141,False
mv_strict,original,equal_building,P009,P027,1540,-0.0059146962530367475,0.0087726231367747619,-0.038039086680274732,0.011437231303349654,-0.019212491621218242,-0.0039656009889992433,0.0034917873382603573,0.27857142857142858,0.72142857142857142,0,True,True,True,0.27857142857142858,False
mv_strict,original,equal_building,P010,P011,1540,-0.0012773627451758594,0.011099409448194732,-0.030003585505848081,0.01841594135453347,-0.018336615387586297,0.0019776172425090676,0.011679364573727698,0.58376623376623371,0.41623376623376623,0,True,True,True,0.58376623376623371,True
mv_strict,original,equal_building,P010,P012,1540,-0.0077560711956333487,0.0077449428689982626,-0.034642075832735389,0.011530073752881856,-0.019076679718204932,-0.006384907263608448,0.0012572150135585682,0.15649350649350649,0.84350649350649354,0,True,True,True,0.15649350649350649,False
mv_strict,original,equal_building,P010,P014,1540,-0.008541851257043525,0.010533568387075056,-0.03259164791040696,0.0066809482463788539,-0.024600698896036589,-0.0024204637892137511,0.00090499271005383894,0.20129870129870131,0.79870129870129869,0,True,True,True,0.20129870129870131,False
mv_strict,original,equal_building,P010,P017,1540,-0.026386816912451944,0.013499327774636501,-0.088017231302801952,-0.0035864915195950829,-0.045182467640164335,-0.021287554232023765,-0.012231285151376345,0,1,0,False,False,False,0,False
mv_strict,original,equal_building,P010,P018,1540,0.0011011884791930274,0.0060198335153921687,-0.016769791486230895,0.019282700213714497,-0.0064003637426132045,0.00096474583771684851,0.009131440660718056,0.55000000000000004,0.45000000000000001,0,True,True,True,0.45000000000000001,False
mv_strict,original,equal_building,P010,P019,1540,0.0024851436845308708,0.0067955723547092556,-0.024221761656321707,0.017748004993664707,-0.0069648302636201387,0.0034917721981087089,0.0098731351959337743,0.72662337662337662,0.27337662337662338,0,True,True,True,0.27337662337662338,False
mv_strict,original,equal_building,P010,P020,1540,-0.00082699987446104841,0.010458414484130259,-0.028609236215513534,0.022348188966301925,-0.016798920544727289,0.0020626382611452863,0.010829185728662887,0.59480519480519478,0.40519480519480522,0,True,True,True,0.59480519480519478,True
mv_strict,original,equal_building,P010,P021,1540,0.013016580384178493,0.010459363449660614,-0.01224643204847092,0.052072430600403966,0.001274022653666929,0.011756578242651953,0.026716862619516842,0.92987012987012985,0.070129870129870125,0,True,True,True,0.070129870129870125,False
mv_strict,original,equal_building,P010,P022,1540,-0.0022150225428656553,0.00991907123201957,-0.037651821246094702,0.022873279943943923,-0.013327218725264716,-0.0031745664592248441,0.012336717824177943,0.33246753246753247,0.66753246753246753,0,True,True,True,0.33246753246753247,False
mv_strict,original,equal_building,P010,P023,1540,-0.0076676001364811407,0.011182743190956032,-0.033773460838882753,0.014526041222574285,-0.022826470824804025,-0.0049260834396103199,0.0055524535713084239,0.36038961038961037,0.63961038961038963,0,True,True,True,0.36038961038961037,False
mv_strict,original,equal_building,P010,P024,1540,0.0084371740659879586,0.0090204317339794352,-0.020212364472611818,0.034476818240946748,-0.0022436100782696434,0.0082137076620016781,0.020106045512881022,0.84090909090909094,0.15909090909090909,0,True,True,True,0.15909090909090909,False
mv_strict,original,equal_building,P010,P025,1540,-0.00060556982352254988,0.0064437944857301003,-0.024193089168460951,0.01344837892586585,-0.0095974788092984611,0.00040061987419306652,0.0061918224581376507,0.53441558441558445,0.4655844155844156,0,True,True,True,0.53441558441558445,True
mv_strict,original,equal_building,P010,P026,1540,-0.0042107064447568527,0.0064418103798277691,-0.027080762103230131,0.006590885000898862,-0.015354539175569091,-0.0026063788303624987,0.0019260507841903549,0.24220779220779221,0.75779220779220779,0,True,True,True,0.24220779220779221,False
mv_strict,original,equal_building,P010,P027,1540,0.0027890606902352768,0.0045643354334347734,-0.013561080866562207,0.018336024164038896,-0.0029200132710245972,0.0027133044060282385,0.0090042060745208867,0.73376623376623373,0.26623376623376621,0,True,True,True,0.26623376623376621,False
mv_strict,original,equal_building,P011,P012,1540,-0.0064787084504574887,0.0081285204885168088,-0.034030021730352855,0.018390022791679637,-0.016734543652067765,-0.0066264727131545333,0.0043407525525561682,0.20519480519480521,0.79480519480519485,0,True,True,True,0.20519480519480521,False
mv_strict,original,equal_building,P011,P014,1540,-0.0072644885118676658,0.0047100935233941954,-0.02080275894327354,0.0047791474278338977,-0.013834569268799075,-0.0067397587435956158,-0.0014209409346474797,0.044805194805194806,0.95519480519480515,0,True,True,False,0.044805194805194806,False
mv_strict,original,equal_building,P011,P017,1540,-0.025109454167276082,0.0083517975218134009,-0.075513191797352885,-0.0021862730718765523,-0.034288806081520885,-0.024111666667005927,-0.016111603460892653,0,1,0,False,False,False,0,False
mv_strict,original,equal_building,P011,P018,1540,0.0023785512243688876,0.011265848061647425,-0.018565826767947449,0.030782180346169523,-0.0094380623373317932,-0.0021433404320085163,0.019716571288938525,0.42987012987012985,0.57012987012987015,0,True,True,True,0.57012987012987015,True
mv_strict,original,equal_building,P011,P019,1540,0.0037625064297067308,0.012967669900358273,-0.030689319346908391,0.037403423991586728,-0.011535208234350187,0.0020105555923793979,0.022689155935420938,0.58246753246753247,0.41753246753246753,0,True,True,True,0.41753246753246753,False
mv_strict,original,equal_building,P011,P020,1540,0.00045036287071481134,0.0054143963700998311,-0.020230145699558132,0.015863581620580582,-0.0066168827428636596,0.00070369577383137122,0.007445812711663927,0.55324675324675321,0.44675324675324674,0,True,True,True,0.44675324675324674,False
mv_strict,original,equal_building,P011,P021,1540,0.01429394312935435,0.013066515491240631,-0.01549435732445012,0.058904606644261268,-0.0011866003127337047,0.012609911433811289,0.031589396842245779,0.86233766233766229,0.13766233766233765,0,True,True,True,0.13766233766233765,False
mv_strict,original,equal_building,P011,P022,1540,-0.00093765979768979538,0.01429990778536728,-0.041669490819024803,0.038635572552064658,-0.018595933447935125,-0.0014200533035632103,0.016601148288804369,0.47142857142857142,0.52857142857142858,0,True,True,True,0.47142857142857142,False
mv_strict,original,equal_building,P011,P023,1540,-0.0063902373913052798,0.0070381424209397889,-0.032707001315107148,0.010106742842025871,-0.016261921113165597,-0.0055503835126098754,0.001514718956842326,0.17337662337662338,0.82662337662337659,0,True,True,True,0.17337662337662338,False
mv_strict,original,equal_building,P011,P024,1540,0.0097145368111638177,0.013694204756604154,-0.029177320945258489,0.044125004193985018,-0.0077825689678756955,0.0094580706761326211,0.027301769930667307,0.7448051948051948,0.2551948051948052,0,True,True,True,0.2551948051948052,False
mv_strict,original,equal_building,P011,P025,1540,0.0006717929216533096,0.012981140933724577,-0.032050282903154759,0.030877984269816763,-0.015310720153811908,-0.0012501877638494679,0.019853341926809407,0.45714285714285713,0.54285714285714282,0,True,True,True,0.54285714285714282,True
mv_strict,original,equal_building,P011,P026,1540,-0.0029333436995809922,0.013214357265229227,-0.039562075135222904,0.02831726018671259,-0.018974121372844207,-0.0048521852523885876,0.016508380228359761,0.36883116883116884,0.63116883116883116,0,True,True,True,0.36883116883116884,False
mv_strict,original,equal_building,P011,P027,1540,0.0040664234354111364,0.012061039316057336,-0.031063598831525818,0.036462669163607402,-0.010457640146373378,0.0013917462803290474,0.021723310725716358,0.55974025974025976,0.44025974025974024,0,True,True,True,0.44025974025974024,False
mv_strict,original,equal_building,P012,P014,1540,-0.00078578006141017634,0.0070841319192812063,-0.025397964380494575,0.023425865904967751,-0.010842530537445121,-0.00021352910077232674,0.007710425973932916,0.48766233766233769,0.51233766233766231,0,True,True,True,0.48766233766233769,False
mv_strict,original,equal_building,P012,P017,1540,-0.018630745716818598,0.0093495962669809529,-0.074963058170902597,-0.0023076879729165556,-0.030037354914296058,-0.015614951095467785,-0.010045849335232695,0,1,0,False,False,False,0,False
mv_strict,original,equal_building,P012,P018,1540,0.0088572596748263763,0.0088287948156351107,-0.012929340327128662,0.040220706859553527,-0.0018234954958739537,0.0080503658153322638,0.021554473908244984,0.84155844155844151,0.15844155844155844,0,True,True,True,0.15844155844155844,False
mv_strict,original,equal_building,P012,P019,1540,0.01024121488016422,0.009304518646954656,-0.019690001460954537,0.03521175200399719,-0.001449771207456536,0.009676411311537448,0.02273533794630685,0.87597402597402596,0.12402597402597403,0,True,True,True,0.12402597402597403,False
mv_strict,original,equal_building,P012,P020,1540,0.0069290713211722999,0.0062472895574202112,-0.016178334305656107,0.030605899270871019,-0.0012655277458647239,0.0072432673944419143,0.014625591204671697,0.86948051948051952,0.13051948051948051,0,True,True,True,0.13051948051948051,False
mv_strict,original,equal_building,P012,P021,1540,0.020772651579811841,0.011488734381960975,-0.0072764244885740043,0.065577241030689459,0.0064198666207396704,0.019507757039709424,0.036986449057974664,0.98896103896103893,0.011038961038961039,0,True,True,True,0.011038961038961039,False
mv_strict,original,equal_building,P012,P022,1540,0.0055410486527676939,0.010079985102256364,-0.029917926777585147,0.034573345189607654,-0.0059744461639347291,0.0049485035427259735,0.017449272581718817,0.70519480519480515,0.29480519480519479,0,True,True,True,0.29480519480519479,False
mv_strict,original,equal_building,P012,P023,1540,8.8471059152208522e-05,0.0074438566665568544,-0.020843283503472927,0.018991637806797242,-0.010309649553959762,0.00072574807483310327,0.0096539341806107896,0.53896103896103897,0.46103896103896103,0,True,True,True,0.46103896103896103,False
mv_strict,original,equal_building,P012,P024,1540,0.016193245261621306,0.010353802738467361,-0.019050483723188048,0.044791780354747526,0.0024774035528859319,0.016401424288530864,0.029163377289807876,0.94350649350649352,0.056493506493506492,0,True,True,True,0.056493506493506492,False
mv_strict,original,equal_building,P012,P025,1540,0.007150501372110798,0.0094266146226936829,-0.023079249657550094,0.030298970632185798,-0.0042650740386732042,0.0066642611157363939,0.019669154030143538,0.81493506493506496,0.18506493506493507,0,True,True,True,0.18506493506493507,False
mv_strict,original,equal_building,P012,P026,1540,0.0035453647508764969,0.0092392457020871854,-0.022119148412499824,0.026858499614842421,-0.0069597019077573281,0.0028345705579871025,0.016071894382466929,0.66298701298701301,0.33701298701298699,0,True,True,True,0.33701298701298699,False
mv_strict,original,equal_building,P012,P027,1540,0.010545131885868626,0.0076884890523867509,-0.0072419887554378282,0.030105390042922373,0.0014115624424161255,0.0091980455122465006,0.021556617271071832,0.94090909090909092,0.05909090909090909,0,True,True,True,0.05909090909090909,False
mv_strict,original,equal_building,P014,P017,1540,-0.017844965655408416,0.0062420030311598701,-0.058125190126990925,-0.0038014355532781131,-0.023732308191340087,-0.017108761308071992,-0.011394041525498957,0,1,0,False,False,False,0,False
mv_strict,original,equal_building,P014,P018,1540,0.0096430397362365517,0.012261442066816149,-0.015067519874444445,0.044860931505764867,-0.0043601447864718068,0.0062067248587877565,0.027849717638593657,0.7448051948051948,0.2551948051948052,0,True,True,True,0.2551948051948052,False
mv_strict,original,equal_building,P014,P019,1540,0.011026994941574397,0.012761530705977386,-0.025574979190935494,0.042705919244734429,-0.0026677284849821741,0.0081589070081904535,0.029969156345571679,0.86038961038961037,0.1396103896103896,0,True,True,True,0.1396103896103896,False
mv_strict,original,equal_building,P014,P020,1540,0.0077148513825824761,0.0050597966581129531,-0.0066510406847432556,0.023933567728416462,0.0015450573903710615,0.0074217306010139796,0.01438706590909382,0.95324675324675323,0.046753246753246755,0,True,True,True,0.046753246753246755,False
mv_strict,original,equal_building,P014,P021,1540,0.021558431641222016,0.014504695711397427,-0.014491301032387664,0.076989732699818667,0.0044747307905577648,0.019870360552470205,0.041293541497309121,0.96298701298701295,0.037012987012987011,0,True,True,True,0.037012987012987011,False
mv_strict,original,equal_building,P014,P022,1540,0.0063268287141778692,0.013760704654833459,-0.035081155865016415,0.045901969641924459,-0.0095114526629144144,0.0052675824163082863,0.023036342870962678,0.60844155844155845,0.39155844155844155,0,True,True,True,0.39155844155844155,False
mv_strict,original,equal_building,P014,P023,1540,0.00087425112056238477,0.0066364603411479461,-0.02475707162577789,0.012880935852700837,-0.010955815077873172,0.0026009818968197439,0.007081157888774876,0.69480519480519476,0.30519480519480519,0,True,True,True,0.30519480519480519,False
mv_strict,original,equal_building,P014,P024,1540,0.016979025323031485,0.013366662675227528,-0.020730090347248264,0.049570217697271282,0.00095540950089534424,0.016080072105425364,0.035098653265019736,0.91168831168831166,0.088311688311688313,0,True,True,True,0.088311688311688313,False
mv_strict,original,equal_building,P014,P025,1540,0.0079362814335209742,0.012721269662686536,-0.024230560529947754,0.034977116803150604,-0.0048186844599547038,0.0047586391882385049,0.026876123967802704,0.76753246753246751,0.23246753246753246,0,True,True,True,0.23246753246753246,False
mv_strict,original,equal_building,P014,P026,1540,0.0043311448122866731,0.012893756574457474,-0.026636819704814189,0.034072412741987738,-0.0078635305979445659,0.00090996623313235533,0.022787723948933091,0.57272727272727275,0.42727272727272725,0,True,True,True,0.42727272727272725,False
mv_strict,original,equal_building,P014,P027,1540,0.011330911947278803,0.011454344282334206,-0.012310551158043123,0.040667713636146019,-0.00085706656132819017,0.0071793359634731626,0.028484874048963462,0.86103896103896105,0.13896103896103895,0,True,True,True,0.13896103896103895,False
mv_strict,original,equal_building,P017,P018,1540,0.027488005391644969,0.014102916235807558,0.0015449361994075289,0.10234592268003373,0.012025653023426413,0.022942470160507447,0.047128426874207763,1,0,0,False,False,False,0,False
mv_strict,original,equal_building,P017,P019,1540,0.028871960596982809,0.014652356764382103,-0.0058784301002670972,0.091595763336679861,0.013242921597119647,0.025125023955122575,0.049031738515706184,0.99220779220779221,0.0077922077922077922,0,True,True,True,0.0077922077922077922,False
mv_strict,original,equal_building,P017,P020,1540,0.025559817037990901,0.0077829416315568743,0.0036364841105184613,0.078360613476437913,0.017306118758938466,0.024394957248763085,0.033852817366620588,1,0,0,False,False,False,0,False
mv_strict,original,equal_building,P017,P021,1540,0.039403397296630435,0.01612994596055025,0.0029222426445934639,0.11399273491836726,0.020577241671475351,0.037426448063991972,0.059514121106359716,1,0,0,False,False,False,0,False
mv_strict,original,equal_building,P017,P022,1540,0.024171794369586289,0.014222630464020036,-0.009349416904033573,0.08004255348357639,0.0091022753509568902,0.022651008781128489,0.041976219111357037,0.95519480519480515,0.044805194805194806,0,True,True,True,0.044805194805194806,False
mv_strict,original,equal_building,P017,P023,1540,0.018719216775970805,0.0090416293335206632,-0.0066692634926263962,0.069247711123323036,0.0070293642808823432,0.019179359812788094,0.026917743266600805,0.96623376623376622,0.033766233766233764,0,True,True,True,0.033766233766233764,False
mv_strict,original,equal_building,P017,P024,1540,0.034823990978439905,0.015080121394935368,-0.0021026588865483281,0.099603137702681671,0.017197592295084312,0.033570472218761402,0.05456605355815429,0.9974025974025974,0.0025974025974025974,0,True,True,False,0.0025974025974025974,False
mv_strict,original,equal_building,P017,P025,1540,0.025781247088929388,0.014759996953242335,-0.0068630736605553126,0.089417492302312496,0.011108363933203262,0.021578957586606384,0.045932310582110607,0.96038961038961035,0.03961038961038961,0,True,True,True,0.03961038961038961,False
mv_strict,original,equal_building,P017,P026,1540,0.02217611046769509,0.014836297238014967,-0.010352958631442265,0.087282332589519715,0.0084598310959107092,0.017729202446133782,0.041827504337730539,0.93051948051948052,0.069480519480519476,0,True,True,True,0.069480519480519476,False
mv_strict,original,equal_building,P017,P027,1540,0.029175877602687219,0.013685777725601573,0.0028778966797021778,0.093765324796822189,0.015164333153393607,0.024098158050293778,0.047834656891560252,1,0,0,False,False,False,0,False
mv_strict,original,equal_building,P018,P019,1540,0.0013839552053378432,0.0072829475409225781,-0.026420683601191056,0.018612591404520984,-0.0080469064718635235,0.0021781922892801821,0.0097182274550962518,0.63571428571428568,0.36428571428571427,0,True,True,True,0.36428571428571427,False
mv_strict,original,equal_building,P018,P020,1540,-0.001928188353654076,0.010732104299647447,-0.029955887049648931,0.017092609110380279,-0.019014398999108183,0.0017954653274416376,0.0091239831732924503,0.58051948051948055,0.41948051948051945,0,True,True,True,0.58051948051948055,True
mv_strict,original,equal_building,P018,P021,1540,0.011915391904985464,0.008603825376916608,-0.004005655498272611,0.04192260552947287,0.0023887879423918922,0.010877780429294607,0.025384826714442893,0.97662337662337662,0.023376623376623377,0,True,True,False,0.023376623376623377,False
mv_strict,original,equal_building,P018,P022,1540,-0.003316211022058682,0.0097142158423922202,-0.042256165547997188,0.019615576107927458,-0.014855462273831508,-0.0029797304071632943,0.0098667598334714127,0.35194805194805195,0.6480519480519481,0,True,True,True,0.35194805194805195,False
mv_strict,original,equal_building,P018,P023,1540,-0.0087687886156741675,0.011977784340542625,-0.042146933004006862,0.019765736470734468,-0.02519126856175017,-0.0073306346192475499,0.0061312388148012298,0.28506493506493508,0.71493506493506498,0,True,True,True,0.28506493506493508,False
mv_strict,original,equal_building,P018,P024,1540,0.007335985586794931,0.009366458969882429,-0.024418928427888703,0.036057506247418311,-0.0045365155407249931,0.0075457214949684309,0.01929672113558065,0.80259740259740264,0.19740259740259741,0,True,True,True,0.19740259740259741,False
mv_strict,original,equal_building,P018,P025,1540,-0.0017067583027155775,0.0074484891875810548,-0.03163221733357708,0.014391518556920394,-0.011932698732280382,-0.00065934706124066468,0.0067743131640255671,0.45454545454545453,0.54545454545454541,0,True,True,True,0.45454545454545453,False
mv_strict,original,equal_building,P018,P026,1540,-0.0053118949239498794,0.0077585924045188107,-0.036437940837659048,0.012933030549936109,-0.01577409771060034,-0.0041691489419716666,0.0033515817639993236,0.2435064935064935,0.75649350649350644,0,True,True,True,0.2435064935064935,False
mv_strict,original,equal_building,P018,P027,1540,0.0016878722110422492,0.0052163652887799762,-0.012514620251024171,0.020576080155435657,-0.0053667021490465157,0.0017422003634106273,0.0083144049294640553,0.63116883116883116,0.36883116883116884,0,True,True,True,0.36883116883116884,False
mv_strict,original,equal_building,P019,P020,1540,-0.0033121435589919192,0.011817115344685835,-0.031100932953388859,0.025521018712216636,-0.020708369163711549,-0.00059400860246111575,0.009248713003737162,0.4707792207792208,0.52922077922077926,0,True,True,True,0.4707792207792208,False
mv_strict,original,equal_building,P019,P021,1540,0.010531436699647619,0.010762341169748521,-0.0088559924972495679,0.053240222620908745,-0.0012928808103378768,0.0083673784235025195,0.025785046746162148,0.86103896103896105,0.13896103896103895,0,True,True,True,0.13896103896103895,False
mv_strict,original,equal_building,P019,P022,1540,-0.0047001662273965256,0.0074547193523285295,-0.037289464413268782,0.017910034334638156,-0.012063984918845113,-0.0057055504075832035,0.005880354910714829,0.21233766233766233,0.78766233766233762,0,True,True,True,0.21233766233766233,False
mv_strict,original,equal_building,P019,P023,1540,-0.010152743821012011,0.011099775483177129,-0.039185150580091033,0.0077500460653184486,-0.026836625434140168,-0.0059191578559607619,0.0017270870393934087,0.18636363636363637,0.8136363636363636,0,True,True,True,0.18636363636363637,False
mv_strict,original,equal_building,P019,P024,1540,0.0059520303814570878,0.0057457644106827174,-0.0069936070090241831,0.023495578943741519,-0.0010130542201093103,0.0059032463867653498,0.014424110189843856,0.83051948051948055,0.16948051948051948,0,True,True,True,0.16948051948051948,False
mv_strict,original,equal_building,P019,P025,1540,-0.0030907135080534211,0.003988559587137416,-0.017592322296395378,0.0077578094166100946,-0.0080904436838110331,-0.0031205667156282667,0.0021381449090023736,0.21298701298701297,0.78701298701298705,0,True,True,True,0.21298701298701297,False
mv_strict,original,equal_building,P019,P026,1540,-0.0066958501292877235,0.0035317387553003322,-0.020742595245427382,0.0034401112510396709,-0.011468639671895417,-0.0064055056538075694,-0.0023747338427652482,0.017532467532467531,0.98246753246753249,0,True,True,False,0.017532467532467531,False
mv_strict,original,equal_building,P019,P027,1540,0.0003039170057044062,0.006024736376543877,-0.0094121425686281603,0.021590888869500335,-0.0052817008901390721,-0.0012513712945511016,0.011700995613512245,0.36168831168831167,0.63831168831168827,0,True,True,True,0.63831168831168827,True
mv_strict,original,equal_building,P020,P021,1540,0.01384358025863954,0.012825740391845803,-0.012468471045746339,0.056461270695994749,-0.0015215992853660108,0.010962080124555608,0.031876746475739612,0.85584415584415585,0.14415584415584415,0,True,True,True,0.14415584415584415,False
mv_strict,original,equal_building,P020,P022,1540,-0.0013880226684046067,0.013065964202811566,-0.044480652662038565,0.038186765800555293,-0.016674905062367334,-0.0025653618714241763,0.014629512974548439,0.44545454545454544,0.55454545454545456,0,True,True,True,0.44545454545454544,False
mv_strict,original,equal_building,P020,P023,1540,-0.006840600262020091,0.0075188815141234676,-0.032031301195078313,0.0095343103733462713,-0.017317096683371558,-0.0058287027119947633,0.0018194203042509603,0.16558441558441558,0.83441558441558439,0,True,True,True,0.16558441558441558,False
mv_strict,original,equal_building,P020,P024,1540,0.0092641739404490057,0.012705532174016826,-0.027629158268810048,0.047754615818687556,-0.0063180559189185345,0.0081621982457345081,0.026092524396081739,0.76103896103896107,0.23896103896103896,0,True,True,True,0.23896103896103896,False
mv_strict,original,equal_building,P020,P025,1540,0.00022143005093849854,0.012202084539610119,-0.032552232562439762,0.028512453790643121,-0.01436695008032789,-0.0015996487452452791,0.018438862396579738,0.42792207792207793,0.57207792207792207,0,True,True,True,0.57207792207792207,True
mv_strict,original,equal_building,P020,P026,1540,-0.0033837065702958039,0.012202134727738354,-0.035486395489892228,0.023338576542459265,-0.017478656684522035,-0.0056057041315185629,0.014403356117727773,0.31428571428571428,0.68571428571428572,0,True,True,True,0.31428571428571428,False
mv_strict,original,equal_building,P020,P027,1540,0.0036160605646963248,0.010239603589013052,-0.015345181269663118,0.027015314417220323,-0.0067846060550609162,-0.0003565439760851892,0.019650007122459439,0.47532467532467532,0.52467532467532463,0,True,True,True,0.52467532467532463,True
mv_strict,original,equal_building,P021,P022,1540,-0.01523160292704415,0.012717007567313096,-0.072574564869421904,0.013030991464287392,-0.032498700280747764,-0.014259534665768483,0.00085734646581802113,0.11688311688311688,0.88311688311688308,0,True,True,True,0.11688311688311688,False
mv_strict,original,equal_building,P021,P023,1540,-0.02068418052065963,0.013787435497474253,-0.070617792852286046,0.010057072934217155,-0.038279260437061174,-0.020500569470342307,-0.0031691881922600879,0.044805194805194806,0.95519480519480515,0,True,True,True,0.044805194805194806,False
mv_strict,original,equal_building,P021,P024,1540,-0.0045794063181905324,0.011486582398451118,-0.047376835648654608,0.020495194554754462,-0.020649686603929511,-0.0022819778578774454,0.0082829748862391778,0.39740259740259742,0.60259740259740258,0,True,True,True,0.39740259740259742,False
mv_strict,original,equal_building,P021,P025,1540,-0.013622150207701042,0.010830475109822466,-0.056776319136041815,0.013333168925805886,-0.029153216683915448,-0.011808132222218876,-0.0012615010398691849,0.068831168831168826,0.9311688311688312,0,True,True,True,0.068831168831168826,False
mv_strict,original,equal_building,P021,P026,1540,-0.017227286828935345,0.011182184865959106,-0.061587226542227702,0.007594711553312497,-0.033931358430611583,-0.015123240994044163,-0.0046324811947042613,0.025324675324675326,0.97467532467532469,0,True,True,True,0.025324675324675326,False
mv_strict,original,equal_building,P021,P027,1540,-0.010227519693943215,0.0096102513469949573,-0.044237641735972902,0.010697508315019442,-0.024597790917853395,-0.0089388500447206507,0.00050928105777977065,0.11688311688311688,0.88311688311688308,0,True,True,True,0.11688311688311688,False
mv_strict,original,equal_building,P022,P023,1540,-0.0054525775936154859,0.011897304327792667,-0.039426186225340262,0.039699017731046247,-0.021212220756100481,-0.0044979472588127529,0.0085176368545756519,0.40000000000000002,0.59999999999999998,0,True,True,True,0.40000000000000002,False
mv_strict,original,equal_building,P022,P024,1540,0.010652196608853614,0.0062823586390698518,-0.0045486693049676362,0.04466021678380102,0.0028464170386007055,0.010505970280658665,0.017623590945224452,0.96493506493506498,0.035064935064935063,0,True,True,False,0.035064935064935063,False
mv_strict,original,equal_building,P022,P025,1540,0.001609452719343105,0.0072001557777946253,-0.0199977552101765,0.034037669470665909,-0.010333150638767335,0.0033998878801088251,0.0082215775955186733,0.71818181818181814,0.2818181818181818,0,True,True,True,0.2818181818181818,False
mv_strict,original,equal_building,P022,P026,1540,-0.0019956839018911965,0.0073235025323854751,-0.021668851060248642,0.029137017459085243,-0.014007887380778832,-0.00024695536504886623,0.0041176176614803051,0.47272727272727272,0.52727272727272723,0,True,True,True,0.47272727272727272,False
mv_strict,original,equal_building,P022,P027,1540,0.0050040832331009321,0.0094535615692121506,-0.020495416071568223,0.042906870748918587,-0.0085076882189762219,0.0053280939706454259,0.01581164806046367,0.78116883116883118,0.21883116883116882,0,True,True,True,0.21883116883116882,False
mv_strict,original,equal_building,P023,P024,1540,0.016104774202469096,0.011506864708931053,-0.0074729793255384896,0.044550984239810687,0.0020364633960323732,0.014510603197661258,0.032544321822071759,0.94740259740259736,0.052597402597402594,0,True,True,True,0.052597402597402594,False
mv_strict,original,equal_building,P023,P025,1540,0.00706203031295859,0.011025334320221717,-0.011657080230530647,0.03345798388070044,-0.0048488842170741906,0.0027846998738160159,0.024375816756494834,0.6863636363636364,0.31363636363636366,0,True,True,True,0.31363636363636366,False
mv_strict,original,equal_building,P023,P026,1540,0.0034568936917242885,0.011300903105582254,-0.020000857829335434,0.03292097779391083,-0.0083560155650794551,-0.0012433762779282716,0.020766855352697469,0.45454545454545453,0.54545454545454541,0,True,True,True,0.54545454545454541,True
mv_strict,original,equal_building,P023,P027,1540,0.010456660826716417,0.011828260610214811,-0.015752320014825988,0.039186197013344103,-0.0036922476337156104,0.0087124343014173301,0.026329013192864632,0.75454545454545452,0.24545454545454545,0,True,True,True,0.24545454545454545,False
mv_strict,original,equal_building,P024,P025,1540,-0.0090427438895105076,0.0075067058421361523,-0.035016644359406691,0.010760331835993453,-0.01956218676421995,-0.0081857919972489947,-0.00019385867275611285,0.09350649350649351,0.90649350649350646,0,True,True,True,0.09350649350649351,False
mv_strict,original,equal_building,P024,P026,1540,-0.01264788051074481,0.0071751099896691338,-0.036348467786471897,0.0048936699054725127,-0.02279029558037839,-0.011972885421717615,-0.0037246782812454895,0.014285714285714285,0.98571428571428577,0,True,True,False,0.014285714285714285,False
mv_strict,original,equal_building,P024,P027,1540,-0.0056481133757526813,0.0085932479696271321,-0.027571090129899542,0.022184073005712384,-0.016638253537403939,-0.0061755842563197688,0.0053237195560880586,0.2461038961038961,0.75389610389610384,0,True,True,True,0.2461038961038961,False
mv_strict,original,equal_building,P025,P026,1540,-0.0036051366212343015,0.0027165865914240842,-0.013330446777210667,0.0057632344811227552,-0.0070706656631768245,-0.003540656801948032,-0.00027727013060904027,0.077272727272727271,0.92272727272727273,0,True,True,True,0.077272727272727271,False
mv_strict,original,equal_building,P025,P027,1540,0.0033946305137578271,0.0066987412322966752,-0.011794727573288574,0.032322540267473554,-0.0032775314638579392,0.0019940589608905164,0.013700509225138562,0.67922077922077917,0.32077922077922078,0,True,True,True,0.32077922077922078,False
mv_strict,original,equal_building,P026,P027,1540,0.0069997671349921282,0.0067189977649057125,-0.0053488884987748092,0.032538850848438598,0.0010097018162606626,0.0052088794735476191,0.018238266458681113,0.95714285714285718,0.042857142857142858,0,True,True,True,0.042857142857142858,False
mv_strict,revised_where_available,equal_image,P001,P002,1540,-0.020252172231725433,0.009941634028969271,-0.058114132964068199,0.004863343392696581,-0.034410637041383682,-0.01901536769716889,-0.0084428008593377731,0.0045454545454545452,0.99545454545454548,0,True,True,False,0.0045454545454545452,False
mv_strict,revised_where_available,equal_image,P001,P003,1540,0.00032630411424625582,0.017539562403343683,-0.03805734535070697,0.074217024541290796,-0.018421210055373539,-0.0031839433000443161,0.02738049971794251,0.41948051948051945,0.58051948051948055,0,True,True,True,0.58051948051948055,True
mv_strict,revised_where_available,equal_image,P001,P004,1540,0.0045768890347268904,0.016316763966320338,-0.034236430976793485,0.078494096002744235,-0.015844504798822712,0.003644617786357547,0.025563133437123672,0.58181818181818179,0.41818181818181815,0,True,True,True,0.41818181818181815,False
mv_strict,revised_where_available,equal_image,P001,P005,1540,0.019042970376978465,0.013223417136528127,-0.0021957150400980898,0.081435021576030775,0.0043473035546209128,0.015935630262948912,0.035830054947502334,0.98701298701298701,0.012987012987012988,0,True,True,False,0.012987012987012988,False
mv_strict,revised_where_available,equal_image,P001,P006,1540,-0.0055685771058637673,0.010917979430441279,-0.034301841215235274,0.037862775127986373,-0.020881871525810291,-0.0044691979730601007,0.0068573765766846021,0.30909090909090908,0.69090909090909092,0,True,True,True,0.30909090909090908,False
mv_strict,revised_where_available,equal_image,P001,P007,1540,-0.0018292814894188304,0.00931667827623134,-0.026584826436953424,0.035490514537826569,-0.015301638371810615,-0.00071020757221012393,0.008665519795997759,0.46233766233766233,0.53766233766233762,0,True,True,True,0.46233766233766233,False
mv_strict,revised_where_available,equal_image,P001,P008,1540,0.012456453554886801,0.021519404865006024,-0.037313779389755213,0.11174725342499761,-0.012686283509574485,0.0095721053215195653,0.043167423459212942,0.6863636363636364,0.31363636363636366,0,True,True,True,0.31363636363636366,False
mv_strict,revised_where_available,equal_image,P001,P009,1540,0.012642349536780178,0.021620549419789133,-0.037002840800369641,0.11210886283088453,-0.012602396536918305,0.0099276773345965685,0.043442276425853611,0.68766233766233764,0.31233766233766236,0,True,True,True,0.31233766233766236,False
mv_strict,revised_where_available,equal_image,P001,P010,1540,0.00042811653566822726,0.015440628507742225,-0.03305268991472278,0.053973702202623243,-0.020747126430765598,-0.00065380893748580163,0.02129011162627149,0.47987012987012989,0.52012987012987011,0,True,True,True,0.52012987012987011,True
mv_strict,revised_where_available,equal_image,P001,P011,1540,0.00096008595196154969,0.0082173399018787875,-0.020616193696955262,0.044466277055868204,-0.010476421222163785,0.0017435777041949251,0.009413541586798236,0.59025974025974026,0.40974025974025974,0,True,True,True,0.40974025974025974,False
mv_strict,revised_where_available,equal_image,P001,P012,1540,-0.01118394351182545,0.012724070081574246,-0.047226423534869721,0.040766210991140368,-0.027965359813741701,-0.010574092552765655,0.0036795498301070567,0.17532467532467533,0.82467532467532467,0,True,True,True,0.17532467532467533,False
mv_strict,revised_where_available,equal_image,P001,P014,1540,-0.0074990783313904083,0.010130188440661743,-0.034239600530135875,0.036013383965287783,-0.023157965348504349,-0.0058179308414917589,0.0034312402198741097,0.22272727272727272,0.77727272727272723,0,True,True,True,0.22272727272727272,False
mv_strict,revised_where_available,equal_image,P001,P017,1540,-0.032751226926195288,0.010151954260658147,-0.074903789484103547,-0.0025937550101676698,-0.046652958917356199,-0.031062217607956646,-0.021236639634290545,0,1,0,False,False,False,0,False
mv_strict,revised_where_available,equal_image,P001,P018,1540,0.0028755624032081877,0.014623005321291824,-0.027432796230378299,0.058439249559796604,-0.015783429469777017,-0.00059082927181680763,0.023059157942487481,0.47662337662337662,0.52337662337662338,0,True,True,True,0.52337662337662338,True
mv_strict,revised_where_available,equal_image,P001,P019,1540,0.0050263506627785904,0.015712519481707422,-0.031672859747530605,0.069656605830705723,-0.015738154399585653,0.0044669959386919502,0.026211216874481365,0.63311688311688308,0.36688311688311687,0,True,True,True,0.36688311688311687,False
mv_strict,revised_where_available,equal_image,P001,P020,1540,0.0023146454430565252,0.010135510351222815,-0.025435454502989518,0.041480823983192097,-0.012113152150425591,0.0032392121605055307,0.014035022271158271,0.62857142857142856,0.37142857142857144,0,True,True,True,0.37142857142857144,False
mv_strict,revised_where_available,equal_image,P001,P021,1540,0.019426234569647011,0.014549402146371146,-0.0096177953997086119,0.087103508426678647,0.001398592363451076,0.0182680111510789,0.039017225307025248,0.91753246753246753,0.082467532467532467,0,True,True,True,0.082467532467532467,False
mv_strict,revised_where_available,equal_image,P001,P022,1540,-0.0033036802178142677,0.016045735758841446,-0.0450598076404779,0.038885592215311758,-0.024357723439741331,-0.0033167035396568217,0.017502738272462192,0.40844155844155844,0.59155844155844151,0,True,True,True,0.40844155844155844,False
mv_strict,revised_where_available,equal_image,P001,P023,1540,-0.011054998403253403,0.010842859714001458,-0.043187155336188339,0.035874096224408999,-0.0264420624298457,-0.0096828335053719058,0.0010177452681630764,0.12402597402597403,0.87597402597402596,0,True,True,True,0.12402597402597403,False
mv_strict,revised_where_available,equal_image,P001,P024,1540,0.012853591849696828,0.017208371862788674,-0.033516132730565334,0.082438464581013296,-0.0090299064396492656,0.01289074167043726,0.03536447012428439,0.77402597402597406,0.22597402597402597,0,True,True,True,0.22597402597402597,False
mv_strict,revised_where_available,equal_image,P001,P025,1540,0.001741488002700776,0.015240661302688715,-0.036598721465019766,0.053327445028733808,-0.019504629148134837,0.00077554330422650029,0.023013750606900519,0.51818181818181819,0.48181818181818181,0,True,True,True,0.48181818181818181,False
mv_strict,revised_where_available,equal_image,P001,P026,1540,-0.0029578371390802244,0.015684681637728275,-0.037609363634812723,0.057312546898505248,-0.024880746153568844,-0.004223455143354966,0.018008914042341895,0.38831168831168833,0.61168831168831173,0,True,True,True,0.38831168831168833,False
mv_strict,revised_where_available,equal_image,P001,P027,1540,0.0047393461908753895,0.015465628383132635,-0.027708491100330402,0.063193164514710645,-0.015753678219890856,0.0042979087727712389,0.025775233933964976,0.62792207792207788,0.37207792207792206,0,True,True,True,0.37207792207792206,False
mv_strict,revised_where_available,equal_image,P002,P003,1540,0.020578476345971691,0.014816591818573248,-0.010373266155216526,0.084305614941993262,0.0045715988658585165,0.016213054115438864,0.043686606054600244,0.97597402597402594,0.024025974025974027,0,True,True,True,0.024025974025974027,False
mv_strict,revised_where_available,equal_image,P002,P004,1540,0.024829061266452325,0.014158414962378565,-0.0037674660282862511,0.099826373151541067,0.0084189519624878837,0.022983061697943875,0.043282187351582235,0.99350649350649356,0.0064935064935064939,0,True,True,False,0.0064935064935064939,False
mv_strict,revised_where_available,equal_image,P002,P005,1540,0.039295142608703898,0.018224678264997695,0.0038454526165009302,0.11202460934493434,0.017909976773290405,0.037183002874019308,0.063263543109698089,1,0,0,False,False,False,0,False
mv_strict,revised_where_available,equal_image,P002,P006,1540,0.014683595125861666,0.0072441116306512805,-0.0022934456796926627,0.05700868907025447,0.0069863988272360119,0.013876685480604174,0.0228463017852353,0.99610389610389616,0.0038961038961038961,0,True,True,False,0.0038961038961038961,False
mv_strict,revised_where_available,equal_image,P002,P007,1540,0.018422890742306602,0.0085614724260397058,-0.0064160920143107539,0.063983505069822949,0.0082201625236011898,0.017875998854453304,0.02846417361795793,0.99675324675324672,0.003246753246753247,0,True,True,True,0.003246753246753247,False
mv_strict,revised_where_available,equal_image,P002,P008,1540,0.032708625786612239,0.01918593388567387,-0.0075943511274256022,0.12040958392105031,0.010943500684274065,0.028801013295888897,0.060222709013402112,0.99350649350649356,0.0064935064935064939,0,True,True,True,0.0064935064935064939,False
mv_strict,revised_where_available,equal_image,P002,P009,1540,0.032894521768505616,0.019267408648133689,-0.0072650326621211403,0.12077119332693723,0.011087760593395939,0.029076048510057566,0.060406565607086231,0.99285714285714288,0.0071428571428571426,0,True,True,True,0.0071428571428571426,False
mv_strict,revised_where_available,equal_image,P002,P010,1540,0.020680288767393661,0.013839309335881643,-0.0055168000543449223,0.080724663860355622,0.006098047209501932,0.017000067141704194,0.040277498354395015,0.98441558441558441,0.015584415584415584,0,True,True,True,0.015584415584415584,False
mv_strict,revised_where_available,equal_image,P002,P011,1540,0.021212258183686987,0.010145878434718486,-0.0063517306243133344,0.074679725203993602,0.0094685691263549591,0.020306422835671589,0.033259137004410362,0.99545454545454548,0.0045454545454545452,0,True,True,True,0.0045454545454545452,False
mv_strict,revised_where_available,equal_image,P002,P012,1540,0.0090682287198999845,0.0074371003750219504,-0.001945341621115071,0.053985896141288722,0.0020684918545422065,0.0064480526959309024,0.019079149783474532,0.99675324675324672,0.003246753246753247,0,True,True,False,0.003246753246753247,False
mv_strict,revised_where_available,equal_image,P002,P014,1540,0.012753093900335025,0.0079029115689330798,-0.0090556575894103659,0.056499597668963855,0.0038023492224444847,0.012069982095728595,0.021039300226353724,0.97142857142857142,0.028571428571428571,0,True,True,True,0.028571428571428571,False
mv_strict,revised_where_available,equal_image,P002,P017,1540,-0.012499054694469856,0.0044010648479792577,-0.030835256613857755,-0.001033852259298368,-0.018002880683352433,-0.011709175219932328,-0.0078587397288465803,0,1,0,False,False,False,0,False
mv_strict,revised_where_available,equal_image,P002,P018,1540,0.023127734634933624,0.015060169749030662,-0.0073572048100798374,0.096005647848224268,0.0061325928469576907,0.020087517337328161,0.044665227239395644,0.97857142857142854,0.021428571428571429,0,True,True,True,0.021428571428571429,False
mv_strict,revised_where_available,equal_image,P002,P019,1540,0.025278522894504021,0.01367673251888795,-0.0019207785087131056,0.0868178598501054,0.010470238019684447,0.022056368323388496,0.044282473067975538,0.99545454545454548,0.0045454545454545452,0,True,True,False,0.0045454545454545452,False
mv_strict,revised_where_available,equal_image,P002,P020,1540,0.022566817674781962,0.0087150394039273472,-0.00046040577182431539,0.07185239023775776,0.012393682160329164,0.021938298144064231,0.032527153029376546,0.99935064935064932,0.00064935064935064935,0,True,False,False,0.00064935064935064935,False
mv_strict,revised_where_available,equal_image,P002,P021,1540,0.039678406801372447,0.018561796404168149,-0.00095546490365589214,0.11842180046192993,0.016769000223398525,0.03772020525875109,0.064912159074688766,0.99870129870129876,0.0012987012987012987,0,True,False,False,0.0012987012987012987,False
mv_strict,revised_where_available,equal_image,P002,P022,1540,0.016948492013911166,0.012388945379773615,-0.010426061094462234,0.071595600652237745,0.0037963774236553804,0.013983062548261014,0.034589010982578085,0.97337662337662334,0.026623376623376622,0,True,True,True,0.026623376623376622,False
mv_strict,revised_where_available,equal_image,P002,P023,1540,0.00919717382847203,0.0068439332675885971,-0.012117574332247871,0.051682633264593568,0.0020549222855609419,0.0087220518872373268,0.01621044911002912,0.94870129870129871,0.051298701298701302,0,True,True,True,0.051298701298701302,False
mv_strict,revised_where_available,equal_image,P002,P024,1540,0.033105764081422261,0.015172395603998457,-0.0051514461186874362,0.095491185452264316,0.014535580823022674,0.031790951008289381,0.053336136859507777,0.99870129870129876,0.0012987012987012987,0,True,True,True,0.0012987012987012987,False
mv_strict,revised_where_available,equal_image,P002,P025,1540,0.021993660234426206,0.013489011821185042,-0.0057254560238126865,0.078125427026426886,0.0081228990165443209,0.01788745857461185,0.041467414302747044,0.98506493506493509,0.014935064935064935,0,True,True,True,0.014935064935064935,False
mv_strict,revised_where_available,equal_image,P002,P026,1540,0.017294335092645208,0.013267038041451389,-0.0092093657123319995,0.080642955572574435,0.003921726260117369,0.012876575369801316,0.035944129829859062,0.97012987012987018,0.02987012987012987,0,True,True,True,0.02987012987012987,False
mv_strict,revised_where_available,equal_image,P002,P027,1540,0.02499151842260082,0.013823783285006842,-0.0017752105530922213,0.088077332830536995,0.010260980085834967,0.021858436142384131,0.044229862857969503,0.99675324675324672,0.003246753246753247,0,True,True,False,0.003246753246753247,False
mv_strict,revised_where_available,equal_image,P003,P004,1540,0.0042505849204806335,0.018730066808665308,-0.043863664670592842,0.051806914882287093,-0.024340396622882295,0.0037971499632406813,0.027540854890777039,0.60259740259740258,0.39740259740259742,0,True,True,True,0.39740259740259742,False
mv_strict,revised_where_available,equal_image,P003,P005,1540,0.018716666262732211,0.022539046432714205,-0.038105829308332131,0.079421343260596133,-0.013652308763701385,0.020631601112618483,0.04522899964694959,0.79155844155844157,0.20844155844155843,0,True,True,True,0.20844155844155843,False
mv_strict,revised_where_available,equal_image,P003,P006,1540,-0.0058948812201100233,0.014281715116265348,-0.051304890925375768,0.019641068850112124,-0.029446790961794297,-0.0011937710497629552,0.0092011992459951168,0.4603896103896104,0.53961038961038965,0,True,True,True,0.4603896103896104,False
mv_strict,revised_where_available,equal_image,P003,P007,1540,-0.002155585603665086,0.015025889575735337,-0.041490638276851885,0.029845798511163691,-0.025111389918471064,0.00093359373950053083,0.015111829070412289,0.52597402597402598,0.47402597402597402,0,True,True,True,0.52597402597402598,True
mv_strict,revised_where_available,equal_image,P003,P008,1540,0.012130149440640545,0.011179675569336127,-0.0065945895333106965,0.040002967583515389,0.00037177917803535196,0.0083986160794183723,0.029125599565532446,0.92792207792207793,0.072077922077922074,0,True,True,True,0.072077922077922074,False
mv_strict,revised_where_available,equal_image,P003,P009,1540,0.012316045422533924,0.011225188251820915,-0.0065930739378049939,0.040610877735725991,0.00054564873030263925,0.0086663579179330451,0.029364358047588236,0.94285714285714284,0.057142857142857141,0,True,True,True,0.057142857142857141,False
mv_strict,revised_where_available,equal_image,P003,P010,1540,0.0001018124214219716,0.018634280972917586,-0.04119586581273349,0.049668782044037546,-0.027735911559676085,0.00041313517072553291,0.025241357098226936,0.50974025974025972,0.49025974025974028,0,True,True,True,0.49025974025974028,False
mv_strict,revised_where_available,equal_image,P003,P011,1540,0.00063378183771529398,0.015268929670589479,-0.036518812046671137,0.029964562166482044,-0.023023278924225222,0.0035513066313473786,0.01894335127905231,0.61623376623376624,0.38376623376623376,0,True,True,True,0.38376623376623376,False
mv_strict,revised_where_available,equal_image,P003,P012,1540,-0.011510247626071706,0.016322870061856593,-0.058064849291011925,0.025777025192615932,-0.037422637198579661,-0.0082395468940270177,0.0072519566417857621,0.26623376623376621,0.73376623376623373,0,True,True,True,0.26623376623376621,False
mv_strict,revised_where_available,equal_image,P003,P014,1540,-0.0078253824456366652,0.014244597753984206,-0.047336391524103856,0.024709799276156432,-0.031199998488856032,-0.0028657092755907678,0.0071877980879544801,0.39285714285714285,0.6071428571428571,0,True,True,True,0.39285714285714285,False
mv_strict,revised_where_available,equal_image,P003,P017,1540,-0.033077531040441546,0.014222885696714437,-0.090344475418659587,-0.004435409598912041,-0.05597212333806182,-0.028713456475624035,-0.018144016538853013,0,1,0,False,False,False,0,False
mv_strict,revised_where_available,equal_image,P003,P018,1540,0.0025492582889619325,0.020205284147454178,-0.052691113426678739,0.053539132827108593,-0.025621684650213649,0.002857181820313151,0.029128324373781864,0.5662337662337662,0.43376623376623374,0,True,True,True,0.43376623376623374,False
mv_strict,revised_where_available,equal_image,P003,P019,1540,0.0047000465485323353,0.018675947779421113,-0.041682527738957566,0.048114602866010908,-0.023187204467003095,0.0058171537610729827,0.02936308828153333,0.64415584415584415,0.35584415584415585,0,True,True,True,0.35584415584415585,False
mv_strict,revised_where_available,equal_image,P003,P020,1540,0.0019883413288102687,0.015502722752797226,-0.043753872767018906,0.034827886209538542,-0.021078052216378648,0.0052320089074221103,0.019932136178734437,0.61883116883116884,0.38116883116883116,0,True,True,True,0.38116883116883116,False
mv_strict,revised_where_available,equal_image,P003,P021,1540,0.019099930455400756,0.02001067601988929,-0.029013268306828995,0.089695307444341482,-0.0077326194259851157,0.018683393803062609,0.045929087799670885,0.82012987012987015,0.17987012987012987,0,True,True,True,0.17987012987012987,False
mv_strict,revised_where_available,equal_image,P003,P022,1540,-0.0036299843320605233,0.01841725959041883,-0.052406954956633688,0.036926627221624375,-0.0321724731661042,-0.0029292674077554762,0.019896735651763982,0.42792207792207793,0.57207792207792207,0,True,True,True,0.42792207792207793,False
mv_strict,revised_where_available,equal_image,P003,P023,1540,-0.011381302517499661,0.014038529388574653,-0.053146480796053899,0.011408089899324713,-0.035583407439414835,-0.0055397648769969655,0.0018903306436405336,0.22077922077922077,0.77922077922077926,0,True,True,True,0.22077922077922077,False
mv_strict,revised_where_available,equal_image,P003,P024,1540,0.012527287735450568,0.015932950799994555,-0.02356623329022289,0.047432395967148704,-0.011162100740005709,0.01293226093086184,0.033814324056311705,0.79025974025974022,0.20974025974025973,0,True,True,True,0.20974025974025973,False
mv_strict,revised_where_available,equal_image,P003,P025,1540,0.0014151838884545194,0.018601142291884937,-0.046117893365584098,0.045330231443512226,-0.025119038608351817,0.0027443174969536801,0.026955031710826634,0.55584415584415581,0.44415584415584414,0,True,True,True,0.44415584415584414,False
mv_strict,revised_where_available,equal_image,P003,P026,1540,-0.0032841412533264796,0.018503979849093424,-0.046525338507652725,0.038735128698264863,-0.030857776438176977,-0.0021936694156281054,0.021716438205512775,0.42922077922077922,0.57077922077922083,0,True,True,True,0.42922077922077922,False
mv_strict,revised_where_available,equal_image,P003,P027,1540,0.0044130420766291326,0.019568905209124996,-0.044720247983142378,0.050875793009720761,-0.024633494376074393,0.0049035005598335717,0.030303262247359828,0.61493506493506489,0.38506493506493505,0,True,True,True,0.38506493506493505,False
mv_strict,revised_where_available,equal_image,P004,P005,1540,0.014466081342251578,0.013999141823388963,-0.019204256811562861,0.061198201998353151,-0.002548616424665195,0.013386254695838332,0.033638286335115786,0.84999999999999998,0.14999999999999999,0,True,True,True,0.14999999999999999,False
mv_strict,revised_where_available,equal_image,P004,P006,1540,-0.010145466140590658,0.011222014405277304,-0.046755701959900163,0.016653345876029742,-0.025685881628012247,-0.0085881535597202123,0.0032932032109010047,0.20909090909090908,0.79090909090909089,0,True,True,True,0.20909090909090908,False
mv_strict,revised_where_available,equal_image,P004,P007,1540,-0.00640617052414572,0.0121593756733173,-0.047682201262403592,0.024011693269286486,-0.022356950959689655,-0.0058921860906120983,0.0087172738686350781,0.31753246753246755,0.68246753246753245,0,True,True,True,0.31753246753246755,False
mv_strict,revised_where_available,equal_image,P004,P008,1540,0.0078795645201599103,0.015370305126308987,-0.027543639798460397,0.057478071011662503,-0.0095451650665296112,0.0053636863579906643,0.032473493839308816,0.66688311688311686,0.33311688311688314,0,True,True,True,0.33311688311688314,False
mv_strict,revised_where_available,equal_image,P004,P009,1540,0.0080654605020532896,0.015356394584990531,-0.02707070155876078,0.057731934059892333,-0.0092524494856645149,0.005579904376446271,0.03274150290483914,0.67467532467532465,0.32532467532467535,0,True,True,True,0.32532467532467535,False
mv_strict,revised_where_available,equal_image,P004,P010,1540,-0.0041487724990586627,0.0088785082352778339,-0.030144185064225192,0.026524380665618307,-0.015948210033046317,-0.0040144176216279429,0.0069354845545639846,0.33506493506493507,0.66493506493506493,0,True,True,True,0.33506493506493507,False
mv_strict,revised_where_available,equal_image,P004,P011,1540,-0.0036168030827653406,0.013153612538003283,-0.0438567893444234,0.027046257084591151,-0.020817529053925341,-0.0033079092910856273,0.013147032927964963,0.41623376623376623,0.58376623376623371,0,True,True,True,0.41623376623376623,False
mv_strict,revised_where_available,equal_image,P004,P012,1540,-0.015760832546552341,0.0097417186536279451,-0.046932592386349607,0.0086526814924812786,-0.027986500403741496,-0.015360573357483641,-0.0031156127005118567,0.046753246753246755,0.95324675324675323,0,True,True,True,0.046753246753246755,False
mv_strict,revised_where_available,equal_image,P004,P014,1540,-0.012075967366117298,0.013063227616007667,-0.050896683820651122,0.02542976590507199,-0.029188622200541595,-0.011080194905573659,0.0040090370849577483,0.20064935064935066,0.79935064935064937,0,True,True,True,0.20064935064935066,False
mv_strict,revised_where_available,equal_image,P004,P017,1540,-0.037328115960922177,0.014635980442840753,-0.11423330585295126,-0.0040743854317800785,-0.056126047390615608,-0.035585618193490917,-0.020587089982311155,0,1,0,False,False,False,0,False
mv_strict,revised_where_available,equal_image,P004,P018,1540,-0.0017013266315187017,0.008415671472047262,-0.025821804226928126,0.018001105018718756,-0.013294490842156439,-0.0010410001692271521,0.0089502158337936427,0.44220779220779222,0.55779220779220784,0,True,True,True,0.44220779220779222,False
mv_strict,revised_where_available,equal_image,P004,P019,1540,0.00044946162805170018,0.0080949270422202013,-0.027812530035615551,0.019613217515604166,-0.010482693747235265,0.00088517257222771729,0.010420891853575481,0.53701298701298705,0.462987012987013,0,True,True,True,0.462987012987013,False
mv_strict,revised_where_available,equal_image,P004,P020,1540,-0.0022622435916703652,0.011483559574994962,-0.044078140981989214,0.028452247249325314,-0.016820389513757836,-0.002015272943575985,0.012219472065184969,0.43636363636363634,0.5636363636363636,0,True,True,True,0.43636363636363634,False
mv_strict,revised_where_available,equal_image,P004,P021,1540,0.01484934553492012,0.01446077407643016,-0.021759572196051409,0.062460021553869705,-0.00194078195368946,0.012931368986325038,0.035259156082357995,0.86558441558441557,0.1344155844155844,0,True,True,True,0.1344155844155844,False
mv_strict,revised_where_available,equal_image,P004,P022,1540,-0.0078805692525411569,0.0067521691580800054,-0.044634397789022506,0.013021872258142572,-0.016240697312933986,-0.0072115401117665472,-7.9483285549594764e-05,0.096753246753246758,0.9032467532467533,0,True,True,True,0.096753246753246758,False
mv_strict,revised_where_available,equal_image,P004,P023,1540,-0.015631887437980295,0.011947544782965261,-0.052087351517101255,0.0099009315651719526,-0.031997282874233313,-0.013906977398243059,-0.00098405436860543182,0.071428571428571425,0.9285714285714286,0,True,True,True,0.071428571428571425,False
mv_strict,revised_where_available,equal_image,P004,P024,1540,0.0082767028149699357,0.0083560793547215826,-0.015948277079396236,0.030232416746079065,-0.0028941595637346582,0.0082728065219424378,0.019156053778318652,0.83441558441558439,0.16558441558441558,0,True,True,True,0.16558441558441558,False
mv_strict,revised_where_available,equal_image,P004,P025,1540,-0.0028354010320261139,0.0096294575175384801,-0.035708437349070615,0.02677529015489738,-0.016074959645505305,-0.0018837984212127651,0.0083628091418045825,0.43571428571428572,0.56428571428571428,0,True,True,True,0.43571428571428572,False
mv_strict,revised_where_available,equal_image,P004,P026,1540,-0.0075347261738071139,0.0082679543174546052,-0.032569127583662996,0.019203973621528734,-0.018958886737225247,-0.0070698360371020345,0.0026381265476532871,0.18961038961038962,0.81038961038961044,0,True,True,True,0.18961038961038962,False
mv_strict,revised_where_available,equal_image,P004,P027,1540,0.00016245715614849932,0.0095527711555836829,-0.025834252539888785,0.02857083327648564,-0.012404864203451724,0.0001849477466842636,0.012150092149959687,0.50714285714285712,0.49285714285714288,0,True,True,True,0.49285714285714288,False
mv_strict,revised_where_available,equal_image,P005,P006,1540,-0.024611547482842232,0.016741201704666076,-0.081476062509471495,0.0096943849575186151,-0.048185651028805586,-0.022491282087981863,-0.0041508884328128569,0.025974025974025976,0.97402597402597402,0,True,True,True,0.025974025974025976,False
mv_strict,revised_where_available,equal_image,P005,P007,1540,-0.020872251866397296,0.015299975501087755,-0.072960519619763659,0.0018015572979811878,-0.041605980295191906,-0.018447002611402898,-0.0035093825559294515,0.015584415584415584,0.98441558441558441,0,True,True,False,0.015584415584415584,False
mv_strict,revised_where_available,equal_image,P005,P008,1540,-0.0065865168220916653,0.019329965625570052,-0.049634000609916989,0.047073347664894821,-0.030267693273386485,-0.0098490938507009296,0.024261684057555626,0.29220779220779219,0.70779220779220775,0,True,True,True,0.29220779220779219,False
mv_strict,revised_where_available,equal_image,P005,P009,1540,-0.006400620840198286,0.019211763180016814,-0.04904901901050928,0.046883345845885979,-0.029963553113044793,-0.0095709412036256245,0.024002410832513286,0.29480519480519479,0.70519480519480515,0,True,True,True,0.29480519480519479,False
mv_strict,revised_where_available,equal_image,P005,P010,1540,-0.018614853841310237,0.013161535485044493,-0.067965616983352739,0.0071531184682208371,-0.038481813076425828,-0.016122096864238551,-0.0047663814975551439,0.020779220779220779,0.97922077922077921,0,True,True,True,0.020779220779220779,False
mv_strict,revised_where_available,equal_image,P005,P011,1540,-0.018082884425016918,0.014746969293521763,-0.069649644123307319,0.011188579213767268,-0.037256847788794491,-0.01571859280068176,-0.0009679927589772415,0.074025974025974023,0.925974025974026,0,True,True,True,0.074025974025974023,False
mv_strict,revised_where_available,equal_image,P005,P012,1540,-0.030226913888803913,0.015018700522829206,-0.089575656626442915,-0.00032825823998700596,-0.051966494603415445,-0.028289898351960475,-0.012514799159134058,0,1,0,False,False,False,0,False
mv_strict,revised_where_available,equal_image,P005,P014,1540,-0.026542048708368873,0.016814788385579264,-0.087990511039715599,0.0063102812022360066,-0.049756048646764521,-0.025391983020387268,-0.006167175741401236,0.014935064935064935,0.98506493506493509,0,True,True,True,0.014935064935064935,False
mv_strict,revised_where_available,equal_image,P005,P017,1540,-0.05179419730317375,0.018876263636556423,-0.12827303075863894,-0.0063642037626253506,-0.077079898187046345,-0.050301842899137507,-0.029674027383825505,0,1,0,False,False,False,0,False
mv_strict,revised_where_available,equal_image,P005,P018,1540,-0.016167407973770278,0.010954050650848132,-0.04928872075495775,0.0035749761018638248,-0.035823272993166531,-0.012768160713979088,-0.0056413176085359047,0.00974025974025974,0.99025974025974028,0,True,True,False,0.00974025974025974,False
mv_strict,revised_where_available,equal_image,P005,P019,1540,-0.014016619714199874,0.012893512230106131,-0.059182683319545404,0.010073611764323032,-0.033683165023234832,-0.011113623461964145,-0.00018302035462760833,0.090909090909090912,0.90909090909090906,0,True,True,True,0.090909090909090912,False
mv_strict,revised_where_available,equal_image,P005,P020,1540,-0.016728324933921939,0.015400307797630682,-0.066161785537449086,0.010058159957782253,-0.039169524091136068,-0.013149003356767684,0.00039672920928172109,0.11363636363636363,0.88636363636363635,0,True,True,True,0.11363636363636363,False
mv_strict,revised_where_available,equal_image,P005,P021,1540,0.00038326419266854596,0.0094925389751061313,-0.024216993046344087,0.022973785785024393,-0.011732452657596804,-0.00037750745698867798,0.012839083849803571,0.48831168831168831,0.51168831168831164,0,True,True,True,0.51168831168831164,True
mv_strict,revised_where_available,equal_image,P005,P022,1540,-0.022346650594792735,0.015383029285554009,-0.08287141329058309,0.0087771484409204844,-0.044192091683207417,-0.020947260113535482,-0.0037886964046032513,0.044155844155844157,0.95584415584415583,0,True,True,True,0.044155844155844157,False
mv_strict,revised_where_available,equal_image,P005,P023,1540,-0.030097968780231864,0.017178563326130328,-0.093409063548582055,0.0066765208316481696,-0.053476238778974089,-0.028475452111728243,-0.0091069660424644306,0.0045454545454545452,0.99545454545454548,0,True,True,True,0.0045454545454545452,False
mv_strict,revised_where_available,equal_image,P005,P024,1540,-0.0061893785272816408,0.01439612317151513,-0.047434233384826621,0.028375745289515954,-0.025444377834772977,-0.0053724476405695425,0.011454216703484276,0.35129870129870128,0.64870129870129867,0,True,True,True,0.35129870129870128,False
mv_strict,revised_where_available,equal_image,P005,P025,1540,-0.017301482374277689,0.014022235786564955,-0.071741941098140652,0.0099847679460629453,-0.037732502801253384,-0.01448351036111967,-0.0022614000421607777,0.056493506493506492,0.94350649350649352,0,True,True,True,0.056493506493506492,False
mv_strict,revised_where_available,equal_image,P005,P026,1540,-0.022000807516058686,0.013703632639478578,-0.066403659932607287,0.0064600183386487268,-0.042244343341419098,-0.018863837921385872,-0.0074463741141421571,0.0058441558441558444,0.99415584415584413,0,True,True,True,0.0058441558441558444,False
mv_strict,revised_where_available,equal_image,P005,P027,1540,-0.014303624186103075,0.012719955245402896,-0.052069526434373445,0.0071965871513604285,-0.03461967254297868,-0.010631843398242816,-0.0019569319924846932,0.036363636363636362,0.96363636363636362,0,True,True,True,0.036363636363636362,False
mv_strict,revised_where_available,equal_image,P006,P007,1540,0.0037392956164449373,0.0069806357024523591,-0.023037250894666527,0.02523073087751131,-0.0053010363029542271,0.003791015475222924,0.013025108318310739,0.69480519480519476,0.30519480519480519,0,True,True,True,0.30519480519480519,False
mv_strict,revised_where_available,equal_image,P006,P008,1540,0.018025030660750566,0.01771170748160867,-0.014385997562491861,0.080351290050622484,-0.001366055895936301,0.014964215044265646,0.042973924163701376,0.86493506493506489,0.13506493506493505,0,True,True,True,0.13506493506493505,False
mv_strict,revised_where_available,equal_image,P006,P009,1540,0.018210926642643947,0.017752314230263477,-0.013992571076239954,0.081194511699009472,-0.0012178170733869631,0.015084459321992056,0.043107807945965103,0.87207792207792212,0.12792207792207791,0,True,True,True,0.12792207792207791,False
mv_strict,revised_where_available,equal_image,P006,P010,1540,0.0059966936415319951,0.011733787234670442,-0.014170253282271113,0.043216387351270785,-0.006486797004286852,0.0022969380799448807,0.024430197397133556,0.61558441558441557,0.38441558441558443,0,True,True,True,0.38441558441558443,False
mv_strict,revised_where_available,equal_image,P006,P011,1540,0.0065286630578253171,0.0081513788909562124,-0.017517289995822,0.029973874624269259,-0.0039149101288656219,0.0062029374147154499,0.017660883406311331,0.76948051948051943,0.23051948051948051,0,True,True,True,0.23051948051948051,False
mv_strict,revised_where_available,equal_image,P006,P012,1540,-0.0056153664059616819,0.0069927714278897437,-0.026312605249142279,0.0211790706005426,-0.014021398628069353,-0.0061287133121486516,0.0033821693816804923,0.20324675324675326,0.79675324675324677,0,True,True,True,0.20324675324675326,False
mv_strict,revised_where_available,equal_image,P006,P014,1540,-0.0019305012255266412,0.0059505063679062874,-0.018656279634937899,0.021370818228319575,-0.0094149232264417269,-0.0020642617010391507,0.0057174681827518283,0.36493506493506495,0.63506493506493511,0,True,True,True,0.36493506493506495,False
mv_strict,revised_where_available,equal_image,P006,P017,1540,-0.027182649820331521,0.0075686919046294276,-0.067477603893051102,-0.0022879045166745828,-0.035834447211783846,-0.026468355318635298,-0.019313686549279733,0,1,0,False,False,False,0,False
mv_strict,revised_where_available,equal_image,P006,P018,1540,0.0084441395090719563,0.012954865525780096,-0.017153143190709923,0.045251709775179824,-0.0066560107841346439,0.0061223073335552767,0.027833278585407354,0.69999999999999996,0.29999999999999999,0,True,True,True,0.29999999999999999,False
mv_strict,revised_where_available,equal_image,P006,P019,1540,0.010594927768642355,0.011459400792289104,-0.011117227007731623,0.043382837465703407,-0.0020712191777220944,0.0072840387973862539,0.028685316159279481,0.82467532467532467,0.17532467532467533,0,True,True,True,0.17532467532467533,False
mv_strict,revised_where_available,equal_image,P006,P020,1540,0.0078832225489202934,0.0067665969183276333,-0.012837662294902241,0.031598528238150306,-0.00073065602993160569,0.0075897679796216953,0.016443268391425996,0.87987012987012991,0.12012987012987013,0,True,True,True,0.12012987012987013,False
mv_strict,revised_where_available,equal_image,P006,P021,1540,0.024994811675510778,0.01714307898764739,-0.01004401396900988,0.08988392649504412,0.0045204560090010204,0.022862983087665868,0.049299478728981889,0.95389610389610391,0.046103896103896105,0,True,True,True,0.046103896103896105,False
mv_strict,revised_where_available,equal_image,P006,P022,1540,0.0022648968880495,0.011217024090283695,-0.03432315271339352,0.033159960120733425,-0.010607845614363325,0.00022648381504896677,0.01866201431528659,0.51038961038961039,0.48961038961038961,0,True,True,True,0.48961038961038961,False
mv_strict,revised_where_available,equal_image,P006,P023,1540,-0.0054864212973896355,0.0043600782469134756,-0.024850708416936651,0.0080714868485632883,-0.01093261231728471,-0.0049898921333132468,-0.000465891873418669,0.077272727272727271,0.92272727272727273,0,True,True,True,0.077272727272727271,False
mv_strict,revised_where_available,equal_image,P006,P024,1540,0.018422168955560595,0.012563747242319224,-0.011717279688912155,0.052924519862079411,0.0030974379015812768,0.017037063690937243,0.035650186769201328,0.94415584415584419,0.055844155844155842,0,True,True,True,0.055844155844155842,False
mv_strict,revised_where_available,equal_image,P006,P025,1540,0.0073100651085645429,0.011696795395102372,-0.017924919084559749,0.042297903593754113,-0.0058544308120030766,0.004126547657108519,0.025743093348274279,0.72922077922077921,0.27077922077922079,0,True,True,True,0.27077922077922079,False
mv_strict,revised_where_available,equal_image,P006,P026,1540,0.0026107399667835429,0.011333724998531023,-0.01998028525163241,0.035124451025426384,-0.0092126487759441114,-0.00093959874681015802,0.020948690281726395,0.45779220779220781,0.54220779220779225,0,True,True,True,0.54220779220779225,True
mv_strict,revised_where_available,equal_image,P006,P027,1540,0.010307923296739156,0.012279044789484449,-0.014909646743702838,0.048004770099943458,-0.0033462292553322307,0.0072729555031827969,0.029801729149852529,0.79025974025974022,0.20974025974025973,0,True,True,True,0.20974025974025973,False
mv_strict,revised_where_available,equal_image,P007,P008,1540,0.014285735044305631,0.017617298110218164,-0.018516240743122359,0.076693645595195092,-0.0063598900006351733,0.011892114579199557,0.03857757065415459,0.75389610389610384,0.2461038961038961,0,True,True,True,0.2461038961038961,False
mv_strict,revised_where_available,equal_image,P007,P009,1540,0.014471631026199009,0.017647936350319263,-0.018014403630228881,0.076618348293057956,-0.0061909855454777155,0.012000205825024436,0.038956929538476855,0.76233766233766231,0.23766233766233766,0,True,True,True,0.23766233766233766,False
mv_strict,revised_where_available,equal_image,P007,P010,1540,0.0022573980250870573,0.011063228720966621,-0.019806447606141211,0.038194280405632587,-0.01030912123784624,-0.00037837566093816002,0.019038544317102814,0.48571428571428571,0.51428571428571423,0,True,True,True,0.51428571428571423,True
mv_strict,revised_where_available,equal_image,P007,P011,1540,0.0027893674413803807,0.0057175719559822086,-0.015577412760868149,0.02115802798972849,-0.0049423543854396363,0.0030344739005800925,0.010032825070857346,0.68571428571428572,0.31428571428571428,0,True,True,True,0.31428571428571428,False
mv_strict,revised_where_available,equal_image,P007,P012,1540,-0.0093546620224066179,0.0090110426562272656,-0.035438143554918186,0.022474004221603512,-0.021099674206900742,-0.0097830281581521277,0.0026340144673214065,0.15584415584415584,0.8441558441558441,0,True,True,True,0.15584415584415584,False
mv_strict,revised_where_available,equal_image,P007,P014,1540,-0.0056697968419715796,0.0059463140603118964,-0.026359307609386384,0.01388008146171855,-0.013097223930671649,-0.0057409507587408521,0.0017607280336123631,0.17272727272727273,0.82727272727272727,0,True,True,True,0.17272727272727273,False
mv_strict,revised_where_available,equal_image,P007,P017,1540,-0.030921945436776455,0.0090757097540673255,-0.078874694299423093,-0.0063516902438054941,-0.041736728780507611,-0.030012903311997574,-0.020657947981616846,0,1,0,False,False,False,0,False
mv_strict,revised_where_available,equal_image,P007,P018,1540,0.0047048438926270194,0.011776654999884784,-0.016730529365544651,0.037700146790836525,-0.0082318962534724052,0.0013375152156764546,0.022949348341522308,0.54935064935064937,0.45064935064935063,0,True,True,True,0.45064935064935063,False
mv_strict,revised_where_available,equal_image,P007,P019,1540,0.0068556321521974209,0.011342413905423513,-0.01698167733662442,0.038844711090365067,-0.0059876427283240647,0.0040904080648213447,0.024142875552608158,0.67662337662337657,0.32337662337662337,0,True,True,True,0.32337662337662337,False
mv_strict,revised_where_available,equal_image,P007,P020,1540,0.0041439269324753548,0.003736911635176041,-0.006461474070807308,0.019992161985776406,-0.00055524628998653643,0.003999390804235425,0.0090850097997534351,0.86558441558441557,0.1344155844155844,0,True,True,True,0.1344155844155844,False
mv_strict,revised_where_available,equal_image,P007,P021,1540,0.021255516059065841,0.01621417485554839,-0.017064717104046133,0.078425627149566843,0.00083985772983408635,0.018441107899138325,0.043763141691273433,0.91103896103896109,0.088961038961038963,0,True,True,True,0.088961038961038963,False
mv_strict,revised_where_available,equal_image,P007,P022,1540,-0.0014743987283954371,0.012224764226295651,-0.037662250576533808,0.037383069336024331,-0.016645836181689112,-0.0020311444162538893,0.015244395898836499,0.44025974025974024,0.55974025974025976,0,True,True,True,0.44025974025974024,False
mv_strict,revised_where_available,equal_image,P007,P023,1540,-0.0092257169138345724,0.0072113784382262219,-0.038874634331357835,0.012837778599888211,-0.018188618185697527,-0.0089002166094324132,-0.00019980364171667445,0.094155844155844159,0.9058441558441559,0,True,True,True,0.094155844155844159,False
mv_strict,revised_where_available,equal_image,P007,P024,1540,0.014682873339115655,0.013047213384421864,-0.015843474254287886,0.055557422908099861,-0.0021302471480559274,0.014325857448669412,0.032207510808541229,0.84999999999999998,0.14999999999999999,0,True,True,True,0.14999999999999999,False
mv_strict,revised_where_available,equal_image,P007,P025,1540,0.003570769492119606,0.011608573633045264,-0.028566459836454904,0.032041826294955757,-0.010026070221377005,0.0017374428364659758,0.021232098774134765,0.55649350649350648,0.44350649350649352,0,True,True,True,0.44350649350649352,False
mv_strict,revised_where_available,equal_image,P007,P026,1540,-0.0011285556496613937,0.01108965782290868,-0.02655804641898633,0.030747547329803893,-0.013243691616656167,-0.0034653594701297961,0.015926257595815462,0.38571428571428573,0.61428571428571432,0,True,True,True,0.38571428571428573,False
mv_strict,revised_where_available,equal_image,P007,P027,1540,0.006568627680294219,0.011156888044998873,-0.015188107804363865,0.038787279400696803,-0.0060001637674847851,0.0034982560879765327,0.024046734952383363,0.67012987012987013,0.32987012987012987,0,True,True,True,0.32987012987012987,False
mv_strict,revised_where_available,equal_image,P008,P009,1540,0.00018589598189337872,0.00056534350781041454,-0.0025563267901626665,0.0012597962300838373,-0.00044228541798833844,0.00029043963774743193,0.00072718717340336926,0.76168831168831164,0.23831168831168831,0,True,True,False,0.23831168831168831,False
mv_strict,revised_where_available,equal_image,P008,P010,1540,-0.012028337019218573,0.015264733904188067,-0.057977426809437647,0.019199660755836564,-0.035815453582958116,-0.0081502235111275585,0.004407549907186871,0.22662337662337662,0.77337662337662338,0,True,True,True,0.22662337662337662,False
mv_strict,revised_where_available,equal_image,P008,P011,1540,-0.01149636760292525,0.018069324059577792,-0.067651082550017921,0.027112835525423856,-0.037554474902706941,-0.010024716043045539,0.010787232417817707,0.29480519480519479,0.70519480519480515,0,True,True,True,0.29480519480519479,False
mv_strict,revised_where_available,equal_image,P008,P012,1540,-0.023640397066712251,0.016931339675261538,-0.080295783954785371,0.01255302069741592,-0.049281803757546871,-0.020346563094802442,-0.0048350144672600738,0.03961038961038961,0.96038961038961035,0,True,True,True,0.03961038961038961,False
mv_strict,revised_where_available,equal_image,P008,P014,1540,-0.01995553188627721,0.01799557753099507,-0.084492485772318715,0.017181419931148783,-0.046283822438266162,-0.017634760761092643,0.00065781831751570504,0.11883116883116883,0.88116883116883116,0,True,True,True,0.11883116883116883,False
mv_strict,revised_where_available,equal_image,P008,P017,1540,-0.045207680481082091,0.018665343029184312,-0.12309765143166014,-0.011439299353210097,-0.072247226080967814,-0.041766489636998569,-0.023508535492457929,0,1,0,False,False,False,0,False
mv_strict,revised_where_available,equal_image,P008,P018,1540,-0.0095808911516786135,0.015511160721186709,-0.059523127206247847,0.022153275789564397,-0.033634288218564026,-0.0054752190341163815,0.0074506580053079648,0.30064935064935067,0.69935064935064939,0,True,True,True,0.30064935064935067,False
mv_strict,revised_where_available,equal_image,P008,P019,1540,-0.0074301028921082094,0.014256211571191149,-0.052633071049382731,0.018341942681115685,-0.031811485481610842,-0.0020193806517882469,0.006140883951894432,0.42402597402597403,0.57597402597402603,0,True,True,True,0.42402597402597403,False
mv_strict,revised_where_available,equal_image,P008,P020,1540,-0.010141808111830275,0.017422665451392344,-0.071360895720220113,0.024955565201726267,-0.034630928970390065,-0.0082363375675777745,0.010161252692640855,0.34155844155844156,0.65844155844155849,0,True,True,True,0.34155844155844156,False
mv_strict,revised_where_available,equal_image,P008,P021,1540,0.0069697810147602108,0.016423960354078636,-0.03626923721334905,0.053830366287817046,-0.014603513656412635,0.0056066012581826889,0.029821295143781949,0.69675324675324679,0.30324675324675326,0,True,True,True,0.30324675324675326,False
mv_strict,revised_where_available,equal_image,P008,P022,1540,-0.015760133772701065,0.015301054761937286,-0.081482491037148663,0.014025987055741632,-0.041516180999294702,-0.011715981262531963,0.00010394208196566097,0.10194805194805195,0.8980519480519481,0,True,True,True,0.10194805194805195,False
mv_strict,revised_where_available,equal_image,P008,P023,1540,-0.023511451958140202,0.01819765140873162,-0.08259290530292393,0.012689211059783078,-0.049610276786783002,-0.020565899103982481,-0.002489665640001006,0.049350649350649353,0.95064935064935063,0,True,True,True,0.049350649350649353,False
mv_strict,revised_where_available,equal_image,P008,P024,1540,0.00039713829481002503,0.011182530836036904,-0.031854142405945654,0.023127027156351863,-0.018320252490615196,0.0034177053929934824,0.012464475400007091,0.66103896103896109,0.33896103896103896,0,True,True,True,0.33896103896103896,False
mv_strict,revised_where_available,equal_image,P008,P025,1540,-0.010714965552186023,0.015055436154878751,-0.061062974918560289,0.014951838900632643,-0.033738250847569991,-0.00692273378059159,0.0054459846585268304,0.28506493506493508,0.71493506493506498,0,True,True,True,0.28506493506493508,False
mv_strict,revised_where_available,equal_image,P008,P026,1540,-0.015414290693967023,0.01471287470457934,-0.059559338152641549,0.011581794445334923,-0.038531059359194021,-0.011151571299454054,-7.5366661627652293e-05,0.099350649350649356,0.9006493506493507,0,True,True,True,0.099350649350649356,False
mv_strict,revised_where_available,equal_image,P008,P027,1540,-0.0077171073640114121,0.015101681297053079,-0.052536031160864437,0.020059282982013642,-0.032254832109022455,-0.0027043043693418187,0.0076407139821371393,0.40909090909090912,0.59090909090909094,0,True,True,True,0.40909090909090912,False
mv_strict,revised_where_available,equal_image,P009,P010,1540,-0.012214233001111954,0.015213895760715976,-0.058374633229136386,0.018719927995486125,-0.036048302705233681,-0.0081028163066422555,0.0042783805385715199,0.21753246753246752,0.78246753246753242,0,True,True,True,0.21753246753246752,False
mv_strict,revised_where_available,equal_image,P009,P011,1540,-0.011682263584818629,0.018149278340379271,-0.068456550421889528,0.026728907388677125,-0.038188925566804914,-0.010093046233857095,0.010797122930885071,0.29220779220779219,0.70779220779220775,0,True,True,True,0.29220779220779219,False
mv_strict,revised_where_available,equal_image,P009,P012,1540,-0.023826293048605632,0.016987018435530229,-0.080647371851595442,0.012164208914006307,-0.04951215551776552,-0.020590408801744925,-0.0050532696648060843,0.03896103896103896,0.96103896103896103,0,True,True,True,0.03896103896103896,False
mv_strict,revised_where_available,equal_image,P009,P014,1540,-0.020141427868170587,0.018008899495753624,-0.08522822981369757,0.016581276449587921,-0.046661950799192942,-0.017842224455518238,0.00055879990913866215,0.11233766233766233,0.88766233766233771,0,True,True,True,0.11233766233766233,False
mv_strict,revised_where_available,equal_image,P009,P017,1540,-0.045393576462975468,0.018751989457708479,-0.12345926083754706,-0.011383975012121577,-0.072814185759578903,-0.042007061450291663,-0.023732520140672272,0,1,0,False,False,False,0,False
mv_strict,revised_where_available,equal_image,P009,P018,1540,-0.009766787133571991,0.015519451044104139,-0.059784022203533169,0.021310054141177415,-0.034213765753902524,-0.0057797856999003789,0.007360640395183124,0.29545454545454547,0.70454545454545459,0,True,True,True,0.29545454545454547,False
mv_strict,revised_where_available,equal_image,P009,P019,1540,-0.0076159988740015904,0.014262287607601013,-0.052848510647605006,0.017727090004616277,-0.031910784580611674,-0.0021539957573695409,0.0060073345767591973,0.40129870129870132,0.59870129870129873,0,True,True,True,0.40129870129870132,False
mv_strict,revised_where_available,equal_image,P009,P020,1540,-0.010327704093723654,0.017450957544486549,-0.071229298265341232,0.024112343553339282,-0.0347498695652581,-0.0086179513939130641,0.010149095274626528,0.34155844155844156,0.65844155844155849,0,True,True,True,0.34155844155844156,False
mv_strict,revised_where_available,equal_image,P009,P021,1540,0.0067838850328668324,0.016531317003156205,-0.036385287267624279,0.053370634842445697,-0.014807501728283762,0.0055605052844851788,0.029519979086535648,0.69545454545454544,0.30454545454545456,0,True,True,True,0.30454545454545456,False
mv_strict,revised_where_available,equal_image,P009,P022,1540,-0.015946029754594443,0.015317692217891215,-0.081912833097401633,0.013091169381406345,-0.041767766574383997,-0.011685978402992604,-0.00011058410963523405,0.098051948051948057,0.90194805194805194,0,True,True,True,0.098051948051948057,False
mv_strict,revised_where_available,equal_image,P009,P023,1540,-0.023697347940033583,0.018226193756396874,-0.08322583203608229,0.011988687020876101,-0.049962217849267694,-0.020739763505950956,-0.0027830391368518516,0.048701298701298704,0.95129870129870131,0,True,True,True,0.048701298701298704,False
mv_strict,revised_where_available,equal_image,P009,P024,1540,0.0002112423129166462,0.011106743413579586,-0.032620926032195449,0.022875583815868142,-0.018259000988726608,0.0032303529933322486,0.012157291067563839,0.66038961038961042,0.33961038961038958,0,True,True,True,0.33961038961038958,False
mv_strict,revised_where_available,equal_image,P009,P025,1540,-0.010900861534079404,0.015093290881286147,-0.062145649132739643,0.015481711936870418,-0.034047709394586401,-0.0071948142981379274,0.0052622606382880799,0.27142857142857141,0.72857142857142854,0,True,True,True,0.27142857142857141,False
mv_strict,revised_where_available,equal_image,P009,P026,1540,-0.015600186675860404,0.014760843975631139,-0.059962345575037566,0.01125261580911927,-0.038883429349075876,-0.011410477993307796,-8.7255402370007786e-05,0.097402597402597407,0.90259740259740262,0,True,True,True,0.097402597402597407,False
mv_strict,revised_where_available,equal_image,P009,P027,1540,-0.0079030033459047896,0.015165167020027417,-0.053101964398645438,0.019648960598581979,-0.032403432210201845,-0.0030970000906677341,0.0077087645348645527,0.39935064935064934,0.60064935064935066,0,True,True,True,0.39935064935064934,False
mv_strict,revised_where_available,equal_image,P010,P011,1540,0.00053196941629332249,0.011466945510331604,-0.030316600307320342,0.023809420018905191,-0.016712316189641353,0.0024651213179227279,0.014622123803371178,0.58311688311688314,0.41688311688311686,0,True,True,True,0.41688311688311686,False
mv_strict,revised_where_available,equal_image,P010,P012,1540,-0.011612060047493678,0.0095255018547702134,-0.052096179919958449,0.013226435345115917,-0.024088184571998517,-0.010740442156214688,7.1500078109073222e-05,0.1012987012987013,0.89870129870129867,0,True,True,True,0.1012987012987013,False
mv_strict,revised_where_available,equal_image,P010,P014,1540,-0.0079271948670586352,0.010056574837080163,-0.030655338011450116,0.0069091492286654562,-0.02338445004488543,-0.0018496669549274715,0.00087041915838073376,0.21363636363636362,0.78636363636363638,0,True,True,True,0.21363636363636362,False
mv_strict,revised_where_available,equal_image,P010,P017,1540,-0.033179343461863513,0.013817621534444116,-0.092633476542439336,-0.005250852212006221,-0.052245546287803292,-0.029236982424654029,-0.017995833829560312,0,1,0,False,False,False,0,False
mv_strict,revised_where_available,equal_image,P010,P018,1540,0.0024474458675399612,0.007950462109079846,-0.023094064152778468,0.026911379385573548,-0.007267794300900618,0.0023330540646660665,0.012584297694771195,0.61298701298701297,0.38701298701298703,0,True,True,True,0.38701298701298703,False
mv_strict,revised_where_available,equal_image,P010,P019,1540,0.0045982341271103636,0.0062174471995669967,-0.015273345660363891,0.024269501482563814,-0.0034194913542619399,0.0045538549091092891,0.012530576109943478,0.7831168831168831,0.21688311688311687,0,True,True,True,0.21688311688311687,False
mv_strict,revised_where_available,equal_image,P010,P020,1540,0.0018865289073882975,0.010758095997814148,-0.031521089125335869,0.02841291089233498,-0.014314302333999477,0.0039510546543051845,0.014545311613354405,0.6428571428571429,0.35714285714285715,0,True,True,True,0.35714285714285715,False
mv_strict,revised_where_available,equal_image,P010,P021,1540,0.018998118033978783,0.014882260544082952,-0.021792022164048082,0.072958048664648362,0.0012148883812655893,0.017858385563883125,0.037979368210761914,0.91948051948051945,0.080519480519480519,0,True,True,True,0.080519480519480519,False
mv_strict,revised_where_available,equal_image,P010,P022,1540,-0.003731796753482495,0.0087115194666030713,-0.035936733726695716,0.019587159517228461,-0.014086365746226969,-0.004577355678146623,0.0085963475017607344,0.29545454545454547,0.70454545454545459,0,True,True,True,0.29545454545454547,False
mv_strict,revised_where_available,equal_image,P010,P023,1540,-0.011483114938921631,0.012045137562153975,-0.050335961318263026,0.012233471764894546,-0.029097682454107741,-0.0074827386526772188,0.0016420711254212233,0.16883116883116883,0.83116883116883122,0,True,True,True,0.16883116883116883,False
mv_strict,revised_where_available,equal_image,P010,P024,1540,0.0124254753140286,0.010633042817829026,-0.016259884884442515,0.046023888150964531,-0.0010364786472176872,0.012409488126229971,0.027126443926902825,0.87987012987012991,0.12012987012987013,0,True,True,True,0.12012987012987013,False
mv_strict,revised_where_available,equal_image,P010,P025,1540,0.0013133714670325487,0.0044247262847488481,-0.015735743829076138,0.016890451610642031,-0.0044977498833964269,0.0014045413052157564,0.0070477343916330159,0.61948051948051952,0.38051948051948054,0,True,True,True,0.38051948051948054,False
mv_strict,revised_where_available,equal_image,P010,P026,1540,-0.0033859536747484508,0.0039278859999492847,-0.015002558904993343,0.010604378688927529,-0.008455599891618721,-0.0033974670163308286,0.0016700271755229763,0.19285714285714287,0.80714285714285716,0,True,True,True,0.19285714285714287,False
mv_strict,revised_where_available,equal_image,P010,P027,1540,0.0043112296552071617,0.0053309193565305897,-0.012481315492160088,0.022648327245298677,-0.0022512164250882323,0.0039619816516070459,0.011788832218960672,0.77857142857142858,0.22142857142857142,0,True,True,True,0.22142857142857142,False
mv_strict,revised_where_available,equal_image,P011,P012,1540,-0.012144029463787001,0.010302842735364453,-0.045071370613956725,0.015635288457806373,-0.025896864096145219,-0.01164915375912055,0.0007338947022916502,0.11688311688311688,0.88311688311688308,0,True,True,True,0.11688311688311688,False
mv_strict,revised_where_available,equal_image,P011,P014,1540,-0.0084591642833519599,0.0062309929556070322,-0.026617346578779434,0.006468016725681802,-0.017296859652830236,-0.0076367277727494246,-0.00081136043065273408,0.071428571428571425,0.9285714285714286,0,True,True,True,0.071428571428571425,False
mv_strict,revised_where_available,equal_image,P011,P017,1540,-0.033711312878156839,0.0099136331016978965,-0.087787434612277976,-0.0031355935505051865,-0.046100506548984038,-0.032822074415588369,-0.022345031059150856,0,1,0,False,False,False,0,False
mv_strict,revised_where_available,equal_image,P011,P018,1540,0.0019154764512466383,0.011608802572228422,-0.022233520678079453,0.034389271294380193,-0.010631231008985872,-0.0018697456474216943,0.019278253409646045,0.44220779220779222,0.55779220779220784,0,True,True,True,0.55779220779220784,True
mv_strict,revised_where_available,equal_image,P011,P019,1540,0.0040662647108170406,0.012601838352557248,-0.028877571027877413,0.039239648608049273,-0.011861184012107397,0.0029497032967678765,0.021713344966122664,0.59155844155844151,0.40844155844155844,0,True,True,True,0.40844155844155844,False
mv_strict,revised_where_available,equal_image,P011,P020,1540,0.0013545594910949752,0.0066462592151911642,-0.02135421938021647,0.019936952868819587,-0.0075533078863676785,0.0014985248197801767,0.010191981591393562,0.57922077922077919,0.42077922077922075,0,True,True,True,0.42077922077922075,False
mv_strict,revised_where_available,equal_image,P011,P021,1540,0.018466148617685463,0.015581154335210344,-0.02299790413488001,0.074532933358322659,-0.00097250252807685783,0.017653433799660473,0.039629529799562337,0.88701298701298703,0.11298701298701298,0,True,True,True,0.11298701298701298,False
mv_strict,revised_where_available,equal_image,P011,P022,1540,-0.0042637661697758162,0.013744520564634606,-0.042597005333382995,0.034291765199912436,-0.02216920603474324,-0.0042121669461171228,0.013232208784023366,0.39870129870129872,0.60129870129870133,0,True,True,True,0.39870129870129872,False
mv_strict,revised_where_available,equal_image,P011,P023,1540,-0.012015084355214953,0.007703086547983142,-0.034758745602726814,0.0079817859605146764,-0.021982980012959046,-0.011803544992013561,-0.0021107339494336108,0.052597402597402594,0.94740259740259736,0,True,True,True,0.052597402597402594,False
mv_strict,revised_where_available,equal_image,P011,P024,1540,0.011893505897735275,0.014473661062756452,-0.023560855007131083,0.052629178681839341,-0.0075264276256288738,0.011902368719099742,0.030990759331467433,0.77662337662337666,0.22337662337662337,0,True,True,True,0.22337662337662337,False
mv_strict,revised_where_available,equal_image,P011,P025,1540,0.00078140205073922624,0.012006400161278994,-0.028269919653416093,0.03090501389288914,-0.013807230762580501,-0.00065581035620881217,0.018427347882371499,0.47727272727272729,0.52272727272727271,0,True,True,True,0.52272727272727271,True
mv_strict,revised_where_available,equal_image,P011,P026,1540,-0.0039179230910417742,0.012096447146855363,-0.035488434586726875,0.026220378569196522,-0.019135382672996117,-0.0054985996519291962,0.013842002366482861,0.34415584415584416,0.6558441558441559,0,True,True,True,0.34415584415584416,False
mv_strict,revised_where_available,equal_image,P011,P027,1540,0.0037792602389138392,0.012582328024924611,-0.033361618725420997,0.038881639111600343,-0.012360055237944997,0.0023773048408220962,0.021628957490877204,0.57662337662337659,0.42337662337662335,0,True,True,True,0.42337662337662335,False
mv_strict,revised_where_available,equal_image,P012,P014,1540,0.0036848651804350417,0.0088289742889163889,-0.025973026548013173,0.042090954718937756,-0.0073673217780015057,0.0035859478506541868,0.01480686471142436,0.67207792207792205,0.32792207792207795,0,True,True,True,0.32792207792207795,False
mv_strict,revised_where_available,equal_image,P012,P017,1540,-0.021567283414369837,0.0096224482747464448,-0.074239365653651065,-0.0029268910643339419,-0.033464374187257388,-0.019238095326461042,-0.011872723919345794,0,1,0,False,False,False,0,False
mv_strict,revised_where_available,equal_image,P012,P018,1540,0.014059505915033637,0.010808467885354793,-0.013703171493488908,0.053086026076805924,0.00044388319123631249,0.013593078314557907,0.028329803238623136,0.90909090909090906,0.090909090909090912,0,True,True,True,0.090909090909090912,False
mv_strict,revised_where_available,equal_image,P012,P019,1540,0.01621029417460404,0.0093647534741174848,-0.0072961394385856913,0.047766463113924018,0.0042694301193045708,0.015502835746255935,0.029147405338092645,0.9720779220779221,0.027922077922077921,0,True,True,True,0.027922077922077921,False
mv_strict,revised_where_available,equal_image,P012,P020,1540,0.013498588954881974,0.0080233111376366174,-0.014964651188059463,0.041929265638340776,0.0031283816656114904,0.013549763550509384,0.023843316122647805,0.94999999999999996,0.050000000000000003,0,True,True,True,0.050000000000000003,False
mv_strict,revised_where_available,equal_image,P012,P021,1540,0.030610178081472459,0.015827802777803619,-0.0075278502293487258,0.093603573814940291,0.011101077546807064,0.028872449305857372,0.052704126134622997,0.99415584415584413,0.0058441558441558444,0,True,True,True,0.0058441558441558444,False
mv_strict,revised_where_available,equal_image,P012,P022,1540,0.0078802632940111819,0.0086325419854494326,-0.026836482128318174,0.03771535150628437,-0.0025894574015157433,0.0076442714461817827,0.018895625125014377,0.8188311688311688,0.18116883116883117,0,True,True,True,0.18116883116883117,False
mv_strict,revised_where_available,equal_image,P012,P023,1540,0.00012894510857204623,0.0073173744264560152,-0.025045475309819987,0.01982491817301129,-0.010182991686739581,0.0005562547011020338,0.0092511127071958788,0.53246753246753242,0.46753246753246752,0,True,True,True,0.46753246753246752,False
mv_strict,revised_where_available,equal_image,P012,P024,1540,0.024037535361522273,0.011876008544286366,-0.00840356113892958,0.061732659648755253,0.0087183257462187039,0.024002106120001396,0.039482163574515665,0.98636363636363633,0.013636363636363636,0,True,True,True,0.013636363636363636,False
mv_strict,revised_where_available,equal_image,P012,P025,1540,0.012925431514526227,0.0091783619224910483,-0.011670280485308141,0.039779427226883005,0.0016299239473893498,0.01243500184278996,0.025638478000824194,0.9311688311688312,0.068831168831168826,0,True,True,True,0.068831168831168826,False
mv_strict,revised_where_available,equal_image,P012,P026,1540,0.0082261063727452257,0.0087962334453344122,-0.015305560666242893,0.038259509159953152,-0.0025785016656531567,0.0073615583097321139,0.020872439102109997,0.81233766233766236,0.18766233766233767,0,True,True,True,0.18766233766233767,False
mv_strict,revised_where_available,equal_image,P012,P027,1540,0.015923289702700839,0.0096866466851822063,-0.0061250569861800302,0.049025936094355613,0.0038722653016385659,0.014850213273222106,0.029599356752729275,0.96493506493506498,0.035064935064935063,0,True,True,True,0.035064935064935063,False
mv_strict,revised_where_available,equal_image,P014,P017,1540,-0.025252148594804878,0.0072857015915916016,-0.06465496882427714,-0.0052325789528487928,-0.033076737011322459,-0.02470163137052692,-0.016833530789458338,0,1,0,False,False,False,0,False
mv_strict,revised_where_available,equal_image,P014,P018,1540,0.010374640734598596,0.013398145791952904,-0.022757091689844338,0.05273013821078848,-0.0057753880991073649,0.0083624942911870032,0.029591195861217858,0.74285714285714288,0.25714285714285712,0,True,True,True,0.25714285714285712,False
mv_strict,revised_where_available,equal_image,P014,P019,1540,0.012525428994169001,0.011628057870706676,-0.015964587528638635,0.043882083081747209,-0.00042819729507192469,0.0095073947975617551,0.029896821276918673,0.88506493506493511,0.11493506493506493,0,True,True,True,0.11493506493506493,False
mv_strict,revised_where_available,equal_image,P014,P020,1540,0.0098137237744469336,0.0065107872805618555,-0.010315911849283835,0.02886281718056008,0.0020288830743379334,0.0092762374785211946,0.018882885334066474,0.95064935064935063,0.049350649350649353,0,True,True,True,0.049350649350649353,False
mv_strict,revised_where_available,equal_image,P014,P021,1540,0.026925312901037422,0.017686806238611831,-0.023994343628270635,0.096616207274307711,0.0047747900557855898,0.025526699016989764,0.05091055062650366,0.95259740259740255,0.047402597402597405,0,True,True,True,0.047402597402597405,False
mv_strict,revised_where_available,equal_image,P014,P022,1540,0.004195398113576141,0.012385882016571877,-0.030392511007316426,0.042491607263797727,-0.010332712738225464,0.0028403030385316568,0.020213633404869223,0.56818181818181823,0.43181818181818182,0,True,True,True,0.43181818181818182,False
mv_strict,revised_where_available,equal_image,P014,P023,1540,-0.0035559200718629945,0.0055024124031674169,-0.029209709950892265,0.012346925582824344,-0.010727800554047824,-0.003031161138893658,0.003045599834353313,0.24415584415584415,0.75584415584415587,0,True,True,True,0.24415584415584415,False
mv_strict,revised_where_available,equal_image,P014,P024,1540,0.020352670181087235,0.0137274981840957,-0.017743055292115263,0.060213059121296417,0.0028036030024532225,0.01961293031645997,0.039257007701065501,0.94285714285714284,0.057142857142857141,0,True,True,True,0.057142857142857141,False
mv_strict,revised_where_available,equal_image,P014,P025,1540,0.0092405663340911839,0.010673828256985237,-0.012240478768091317,0.034835160538705542,-0.0018285393180531675,0.0052474331404714688,0.025789025753472489,0.824025974025974,0.17597402597402598,0,True,True,True,0.17597402597402598,False
mv_strict,revised_where_available,equal_image,P014,P026,1540,0.0045412411923101848,0.01075278759319684,-0.016814579504870125,0.032738032346960565,-0.0065150196953741024,-2.4417421082649496e-05,0.020986956692506671,0.49675324675324678,0.50324675324675328,0,True,True,True,0.50324675324675328,True
mv_strict,revised_where_available,equal_image,P014,P027,1540,0.0122384245222658,0.011499886645051539,-0.011978144796983347,0.043043581293876573,-0.00055361294368009293,0.0090794364302887037,0.029574960925284176,0.87857142857142856,0.12142857142857143,0,True,True,True,0.12142857142857143,False
mv_strict,revised_where_available,equal_image,P017,P018,1540,0.035626789329403476,0.015188352424462875,0.001888242734967452,0.11143471027259762,0.018285598107284529,0.032632452648381646,0.056991622634454564,1,0,0,False,False,False,0,False
mv_strict,revised_where_available,equal_image,P017,P019,1540,0.037777577588973876,0.013728116862959952,0.0037889905017022911,0.09750093011808815,0.022774220573552301,0.034292966168742368,0.056342949128048964,1,0,0,False,False,False,0,False
mv_strict,revised_where_available,equal_image,P017,P020,1540,0.035065872369251815,0.0094077520677384105,0.0053854385193312536,0.086870688642638527,0.02466345051640572,0.03381730134057271,0.046594829600018414,1,0,0,False,False,False,0,False
mv_strict,revised_where_available,equal_image,P017,P021,1540,0.052177461495842299,0.019065197413345801,0.0042258786091032789,0.13216108716499955,0.028929682334118103,0.050189702538287098,0.076753745414432542,1,0,0,False,False,False,0,False
mv_strict,revised_where_available,equal_image,P017,P022,1540,0.029447546708381022,0.012343748754892823,0.0036137351043109499,0.080995833271104337,0.015522195010151462,0.027210024747744973,0.046346001605106678,1,0,0,False,False,False,0,False
mv_strict,revised_where_available,equal_image,P017,P023,1540,0.021696228522941886,0.0066782855098986085,0.0036382006733093829,0.066529848532929731,0.014669676809144629,0.021128536585340522,0.028099209063852233,1,0,0,False,False,False,0,False
mv_strict,revised_where_available,equal_image,P017,P024,1540,0.045604818775892113,0.014883588115245266,0.0062676553718517634,0.10290977726867045,0.027564489875351931,0.044700886413085492,0.06504160507125524,1,0,0,False,False,False,0,False
mv_strict,revised_where_available,equal_image,P017,P025,1540,0.034492714928896065,0.013247007527964651,0.0048182085117408234,0.088510494054787919,0.019871984753646401,0.030164681300228299,0.053315157208019513,1,0,0,False,False,False,0,False
mv_strict,revised_where_available,equal_image,P017,P026,1540,0.029793389787115064,0.013238788880564971,0.0024110445361502364,0.089120215109692785,0.015635772907418379,0.024791419877548435,0.047822625276540999,1,0,0,False,False,False,0,False
mv_strict,revised_where_available,equal_image,P017,P027,1540,0.037490573117070679,0.014402599200172663,0.0046696977533471681,0.10187081774522025,0.021470967768158034,0.034027151115582549,0.056910139098524437,1,0,0,False,False,False,0,False
mv_strict,revised_where_available,equal_image,P018,P019,1540,0.0021507882595704019,0.0071205732942187048,-0.02206833808047251,0.020026897244507604,-0.0072415431389594208,0.0021770414989373474,0.011483670280287236,0.60779220779220777,0.39220779220779223,0,True,True,True,0.39220779220779223,False
mv_strict,revised_where_available,equal_image,P018,P020,1540,-0.00056091696015166342,0.011085550075430141,-0.032252435137303997,0.021560579168305685,-0.017844189665348779,0.0019241795113957099,0.011812750349045593,0.57532467532467535,0.42467532467532465,0,True,True,True,0.57532467532467535,True
mv_strict,revised_where_available,equal_image,P018,P021,1540,0.016550672166438823,0.012370460743793034,-0.0050673290485514309,0.057916267043844026,0.0022896940829986133,0.016575934215611168,0.033828090163792172,0.96103896103896103,0.03896103896103896,0,True,True,True,0.03896103896103896,False
mv_strict,revised_where_available,equal_image,P018,P022,1540,-0.0061792426210224554,0.0093724810127147739,-0.047611040461655964,0.017247990673633785,-0.018846236760280046,-0.0054681460131893291,0.0051802476771820143,0.27012987012987011,0.72987012987012989,0,True,True,True,0.27012987012987011,False
mv_strict,revised_where_available,equal_image,P018,P023,1540,-0.013930560806461592,0.013338225716884814,-0.05537571733668796,0.013224585270225218,-0.033105897049334934,-0.011611154551758825,0.002198729524290509,0.16298701298701299,0.83701298701298699,0,True,True,True,0.16298701298701299,False
mv_strict,revised_where_available,equal_image,P018,P024,1540,0.0099780294464886388,0.010631310356603972,-0.017197202848483084,0.042723266551171216,-0.0037944882291842293,0.0095293468325066619,0.023930072263517031,0.82012987012987015,0.17987012987012987,0,True,True,True,0.17987012987012987,False
mv_strict,revised_where_available,equal_image,P018,P025,1540,-0.0011340744005074125,0.008088287749551332,-0.032381273014671343,0.020410669183212993,-0.011455663242077887,-0.00092858950697611155,0.009422413995513022,0.45194805194805193,0.54805194805194801,0,True,True,True,0.45194805194805193,False
mv_strict,revised_where_available,equal_image,P018,P026,1540,-0.0058333995422884116,0.0074724423875393332,-0.029914029382970296,0.014190581629526512,-0.0153433062894422,-0.0055532615436202429,0.0042237429871886346,0.22272727272727272,0.77727272727272723,0,True,True,True,0.22272727272727272,False
mv_strict,revised_where_available,equal_image,P018,P027,1540,0.0018637837876672009,0.0071456203072219528,-0.017102465548709145,0.023935556763993972,-0.0075740024153822683,0.0018485625539005511,0.011117569108818509,0.60324675324675325,0.39675324675324675,0,True,True,True,0.39675324675324675,False
mv_strict,revised_where_available,equal_image,P019,P020,1540,-0.0027117052197220652,0.010366246480465,-0.030769630172696665,0.017959686312492389,-0.018589099830237151,9.6845307720375147e-06,0.0085647145652154137,0.50064935064935068,0.49935064935064938,0,True,True,True,0.50064935064935068,True
mv_strict,revised_where_available,equal_image,P019,P021,1540,0.014399883906868421,0.014386933852425753,-0.013270572685974929,0.060861358696138901,-0.002361667110448243,0.012785954809449107,0.035010438475850551,0.8545454545454545,0.14545454545454545,0,True,True,True,0.14545454545454545,False
mv_strict,revised_where_available,equal_image,P019,P022,1540,-0.0083300308805928577,0.0072832635706957657,-0.034884355221094621,0.014505082821307283,-0.016697407550049618,-0.0088258846910006707,0.0013826498365471012,0.13506493506493505,0.86493506493506489,0,True,True,True,0.13506493506493505,False
mv_strict,revised_where_available,equal_image,P019,P023,1540,-0.016081349066031994,0.011512245935548162,-0.045688440526175662,0.0044745548502945513,-0.033072718068818563,-0.012918214460690408,-0.0032508323589011527,0.020779220779220779,0.97922077922077921,0,True,True,False,0.020779220779220779,False
mv_strict,revised_where_available,equal_image,P019,P024,1540,0.0078272411869182348,0.0081094016897101367,-0.01033110509744963,0.031240647725392166,-0.0024963617561308445,0.0083810133443438066,0.0181547145886197,0.79025974025974022,0.20974025974025973,0,True,True,True,0.20974025974025973,False
mv_strict,revised_where_available,equal_image,P019,P025,1540,-0.0032848626600778144,0.0054153045789443952,-0.022169617175978235,0.01133531169544973,-0.010183207336888883,-0.0032449679703944025,0.0035089857975168326,0.28246753246753248,0.71753246753246758,0,True,True,True,0.28246753246753248,False
mv_strict,revised_where_available,equal_image,P019,P026,1540,-0.0079841878018588157,0.004679348655041984,-0.022948475625357095,0.0051059054061431321,-0.014258368354745768,-0.0077331058230926926,-0.0021505467722011664,0.034415584415584413,0.96558441558441555,0,True,True,True,0.034415584415584413,False
mv_strict,revised_where_available,equal_image,P019,P027,1540,-0.00028700447190320092,0.0040466532004942921,-0.012901547306060366,0.013372236707395287,-0.0050548185037850007,-0.00074124781831127052,0.0050057380421809974,0.43181818181818182,0.56818181818181823,0,True,True,True,0.43181818181818182,False
mv_strict,revised_where_available,equal_image,P020,P021,1540,0.017111589126590485,0.015813662030722257,-0.019579448349286172,0.071552193608028752,-0.0033255944121179872,0.015024746647792585,0.039032518835993839,0.85324675324675325,0.14675324675324675,0,True,True,True,0.14675324675324675,False
mv_strict,revised_where_available,equal_image,P020,P022,1540,-0.0056183256608707925,0.011740685761974075,-0.046737531884315724,0.032170046473162225,-0.019894982263733384,-0.0062226180270376864,0.0094578151122836004,0.32857142857142857,0.67142857142857137,0,True,True,True,0.32857142857142857,False
mv_strict,revised_where_available,equal_image,P020,P023,1540,-0.013369643846309929,0.0074162047718432161,-0.037520168390763206,0.0045727129643395367,-0.023146573295345731,-0.012809395661761759,-0.0038169286846795707,0.027922077922077921,0.9720779220779221,0,True,True,False,0.027922077922077921,False
mv_strict,revised_where_available,equal_image,P020,P024,1540,0.010538946406640302,0.012697420838739195,-0.023252468013303804,0.051701422033362684,-0.005633050411297193,0.010332309597412118,0.027881854683380204,0.77532467532467531,0.22467532467532467,0,True,True,True,0.22467532467532467,False
mv_strict,revised_where_available,equal_image,P020,P025,1540,-0.0005731574403557494,0.01107062978095979,-0.028049570259561691,0.029704195789353228,-0.013916198339180872,-0.0020739291235879493,0.015925127925598966,0.40714285714285714,0.59285714285714286,0,True,True,True,0.40714285714285714,False
mv_strict,revised_where_available,equal_image,P020,P026,1540,-0.0052724825821367487,0.010592958920289532,-0.029740870355526562,0.022646386999900996,-0.01749301363779104,-0.0073624072972214918,0.011001313411385138,0.2831168831168831,0.7168831168831169,0,True,True,True,0.2831168831168831,False
mv_strict,revised_where_available,equal_image,P020,P027,1540,0.0024247007478188642,0.010447941159070939,-0.019794897022551224,0.030897532326677812,-0.0092756496793384574,-0.0003810611553083001,0.018662506238382826,0.48571428571428571,0.51428571428571423,0,True,True,True,0.51428571428571423,True
mv_strict,revised_where_available,equal_image,P021,P022,1540,-0.022729914787461281,0.015552574671439461,-0.085407303870589008,0.0091166814443156743,-0.044423827153454984,-0.020991111853189259,-0.0039199881670301312,0.046103896103896105,0.95389610389610391,0,True,True,True,0.046103896103896105,False
mv_strict,revised_where_available,equal_image,P021,P023,1540,-0.030481232972900417,0.017570390189030938,-0.099840148349483682,0.010680293462835925,-0.054210003073392382,-0.02860420113585934,-0.0084741502976592598,0.020779220779220779,0.97922077922077921,0,True,True,True,0.020779220779220779,False
mv_strict,revised_where_available,equal_image,P021,P024,1540,-0.0065726427199501872,0.014129991311220141,-0.049532820919039301,0.019745410389299403,-0.028193319125731895,-0.0026891455007886532,0.0074046950508269496,0.38766233766233765,0.61233766233766229,0,True,True,True,0.38766233766233765,False
mv_strict,revised_where_available,equal_image,P021,P025,1540,-0.017684746566946238,0.014676279092874542,-0.069724727546675386,0.021419830914192632,-0.036640096447677822,-0.016842847482970106,-8.4891525103858301e-05,0.099350649350649356,0.9006493506493507,0,True,True,True,0.099350649350649356,False
mv_strict,revised_where_available,equal_image,P021,P026,1540,-0.022384071708727235,0.014664004319922076,-0.0739150737062471,0.013706177648077791,-0.042136459602954673,-0.021237328890548177,-0.0051372733398181158,0.035064935064935063,0.96493506493506498,0,True,True,True,0.035064935064935063,False
mv_strict,revised_where_available,equal_image,P021,P027,1540,-0.014686888378771622,0.014301145501174707,-0.064172922674337579,0.022358213855925901,-0.033167771333423891,-0.013975819578974105,0.0020776151732062784,0.15389610389610389,0.84610389610389614,0,True,True,True,0.15389610389610389,False
mv_strict,revised_where_available,equal_image,P022,P023,1540,-0.0077513181854391364,0.011219753969621462,-0.038997981182400672,0.033147562625793978,-0.023098144816495667,-0.0061962502446337954,0.0052043027815455436,0.31103896103896106,0.688961038961039,0,True,True,True,0.31103896103896106,False
mv_strict,revised_where_available,equal_image,P022,P024,1540,0.016157272067511094,0.0088628784711230844,-0.002249813462325606,0.055093961372163915,0.0048055691408530983,0.015803574851599143,0.027901873638009684,0.99220779220779221,0.0077922077922077922,0,True,True,False,0.0077922077922077922,False
mv_strict,revised_where_available,equal_image,P022,P025,1540,0.0050451682205150429,0.0071449905510340174,-0.017737743190960664,0.026955490666884539,-0.0051334960490564538,0.0059765218771780284,0.013507884180643127,0.77922077922077926,0.22077922077922077,0,True,True,True,0.22077922077922077,False
mv_strict,revised_where_available,equal_image,P022,P026,1540,0.00034584307873404346,0.0068564073075058161,-0.018379627554069265,0.024603274530137349,-0.0099539305104470212,0.0011524292556652118,0.0077956617758549061,0.60909090909090913,0.39090909090909093,0,True,True,True,0.39090909090909093,False
mv_strict,revised_where_available,equal_image,P022,P027,1540,0.0080430264086896568,0.0083961740319995256,-0.015397204906983306,0.043440728674675043,-0.003289629002282201,0.0083033303382551472,0.018429631553228902,0.83181818181818179,0.16818181818181818,0,True,True,True,0.16818181818181818,False
mv_strict,revised_where_available,equal_image,P023,P024,1540,0.023908590252950227,0.01290633546427683,-0.0041290371954917689,0.062858638247195911,0.0068138078422516086,0.023119381061921674,0.041398735548252116,0.99090909090909096,0.0090909090909090905,0,True,True,False,0.0090909090909090905,False
mv_strict,revised_where_available,equal_image,P023,P025,1540,0.012796486405954181,0.011479502669627472,-0.0095843499676157018,0.046779702732122792,-0.0006233020846197557,0.009705451961120385,0.030290414738114439,0.89090909090909087,0.10909090909090909,0,True,True,True,0.10909090909090909,False
mv_strict,revised_where_available,equal_image,P023,P026,1540,0.0080971612641731784,0.01139733252112766,-0.014184612302357158,0.039208386198754136,-0.004185011677339652,0.0041078747288645131,0.025263049558360746,0.71623376623376622,0.28376623376623378,0,True,True,True,0.28376623376623378,False
mv_strict,revised_where_available,equal_image,P023,P027,1540,0.01579434459412879,0.012678291524126646,-0.011043242034425449,0.05084540410332259,0.0014389966598539099,0.012842663793312867,0.034188617726342449,0.93246753246753245,0.067532467532467527,0,True,True,True,0.067532467532467527,False
mv_strict,revised_where_available,equal_image,P024,P025,1540,-0.01111210384699605,0.010497867869136909,-0.045800331339441058,0.018288008583854525,-0.024696706744890603,-0.010920705444475758,0.0019617594991479556,0.15649350649350649,0.84350649350649354,0,True,True,True,0.15649350649350649,False
mv_strict,revised_where_available,equal_image,P024,P026,1540,-0.015811428988777049,0.0097521353700219925,-0.044927976305133621,0.010176222909447561,-0.028794897444058054,-0.015504539719784046,-0.0035182669386680182,0.031818181818181815,0.96818181818181814,0,True,True,True,0.031818181818181815,False
mv_strict,revised_where_available,equal_image,P024,P027,1540,-0.0081142456588214357,0.0098565590688678758,-0.03567312625588577,0.020705656574265631,-0.02070537061697552,-0.0085790944814098866,0.0045457580147308134,0.2487012987012987,0.75129870129870124,0,True,True,True,0.2487012987012987,False
mv_strict,revised_where_available,equal_image,P025,P026,1540,-0.004699325141781,0.0033146381724854638,-0.015163284290628904,0.0074990282662218966,-0.0088384148716877595,-0.004827890215737941,-0.00054021362017227139,0.07792207792207792,0.92207792207792205,0,True,True,True,0.07792207792207792,False
mv_strict,revised_where_available,equal_image,P025,P027,1540,0.0029978581881746134,0.0053376451614898859,-0.010859969672937666,0.023083119013532879,-0.0032971173123875568,0.0023973718477489844,0.010243835982062511,0.68181818181818177,0.31818181818181818,0,True,True,True,0.31818181818181818,False
mv_strict,revised_where_available,equal_image,P026,P027,1540,0.007697183329955613,0.0045669460743446083,-0.009028601359107772,0.02294878373654945,0.0022281263127454268,0.0074989460988759251,0.013516840491920284,0.97337662337662334,0.026623376623376622,0,True,True,True,0.026623376623376622,False
mv_strict,revised_where_available,equal_building,P001,P002,1540,-0.022012470014690071,0.011509887949993301,-0.069945076875472884,0.0037419083516962576,-0.039931912137746307,-0.019331216137160476,-0.0091148056458720799,0.0045454545454545452,0.99545454545454548,0,True,True,False,0.0045454545454545452,False
mv_strict,revised_where_available,equal_building,P001,P003,1540,-0.005601914235326755,0.015856260715380655,-0.044531010025243609,0.068523145882193021,-0.025634870749831295,-0.0059796198795965313,0.015159032810049877,0.33701298701298699,0.66298701298701301,0,True,True,True,0.33701298701298699,False
mv_strict,revised_where_available,equal_building,P001,P004,1540,0.0061044798730981644,0.019590922679093029,-0.036908144307187536,0.091647597683547771,-0.01958122799349207,0.0047996080813095515,0.0307520720994152,0.60064935064935066,0.39935064935064934,0,True,True,True,0.39935064935064934,False
mv_strict,revised_where_available,equal_building,P001,P005,1540,0.021725956262056787,0.016434005982904419,-0.0028214176671053637,0.1014399020948184,0.0036315344639413971,0.017256008102290374,0.042168345083493104,0.98701298701298701,0.012987012987012988,0,True,True,False,0.012987012987012988,False
mv_strict,revised_where_available,equal_building,P001,P006,1540,-0.007041219113230736,0.012979457569290179,-0.040367524822486844,0.045576305149742043,-0.026068126958246257,-0.0053305567256389727,0.0071233118429350137,0.29935064935064937,0.70064935064935063,0,True,True,True,0.29935064935064937,False
mv_strict,revised_where_available,equal_building,P001,P007,1540,-0.0017866961560473067,0.011205854641962124,-0.029893656004670272,0.04548735315736039,-0.01925282944978305,-0.00012593733380233431,0.010312901032903004,0.49415584415584418,0.50584415584415587,0,True,True,True,0.49415584415584418,False
mv_strict,revised_where_available,equal_building,P001,P008,1540,0.0096160116374450905,0.022223932362368939,-0.04251244647649411,0.11634654899636962,-0.018120800568748287,0.0078461152914805782,0.038849097760796585,0.6506493506493507,0.34935064935064936,0,True,True,True,0.34935064935064936,False
mv_strict,revised_where_available,equal_building,P001,P009,1540,0.009968859084979834,0.022325222934294092,-0.042019956077575915,0.11679856075372827,-0.017889238009693453,0.0079583560965153094,0.039593938749989378,0.65454545454545454,0.34545454545454546,0,True,True,True,0.34545454545454546,False
mv_strict,revised_where_available,equal_building,P001,P010,1540,-0.00025521192740383318,0.018984494059819033,-0.039663371025207859,0.069742261413667919,-0.027122814136776949,-0.0015731160625658078,0.025218124377077621,0.4603896103896104,0.53961038961038965,0,True,True,True,0.4603896103896104,False
mv_strict,revised_where_available,equal_building,P001,P011,1540,0.0010156083864348007,0.0096661271140369258,-0.022420944496953529,0.055145536029621245,-0.012988932456158935,0.0021706919555079199,0.01046430723712013,0.61493506493506489,0.38506493506493505,0,True,True,True,0.38506493506493505,False
mv_strict,revised_where_available,equal_building,P001,P012,1540,-0.013163475512551488,0.014382796509726849,-0.052429746302388516,0.041568266512030307,-0.034464509236307249,-0.012167491779776629,0.0038588643232950848,0.16168831168831169,0.83831168831168834,0,True,True,True,0.16168831168831169,False
mv_strict,revised_where_available,equal_building,P001,P014,1540,-0.010092750397376693,0.012416835629818344,-0.042603369091176839,0.042914218847964501,-0.029667242500693271,-0.0081073947526505413,0.002826336064904665,0.18506493506493507,0.81493506493506496,0,True,True,True,0.18506493506493507,False
mv_strict,revised_where_available,equal_building,P001,P017,1540,-0.032849420259868117,0.012015875566982682,-0.086221203020123968,-0.0020976098552980757,-0.050735751200829758,-0.030301865900043232,-0.019329593317718528,0,1,0,False,False,False,0,False
mv_strict,revised_where_available,equal_building,P001,P018,1540,0.0056382591744822312,0.017647555952720398,-0.027742034452142413,0.072496653892539092,-0.017270749465390006,0.00065017468323156323,0.030244853480716261,0.5305194805194805,0.4694805194805195,0,True,True,True,0.4694805194805195,False
mv_strict,revised_where_available,equal_building,P001,P019,1540,0.0057472433240184128,0.019521970515074091,-0.037101719843500011,0.08481266821511009,-0.020440554502107727,0.0052612377744140383,0.031895420591103688,0.61623376623376624,0.38376623376623376,0,True,True,True,0.38376623376623376,False
mv_strict,revised_where_available,equal_building,P001,P020,1540,0.0012645794925859562,0.012111583428718648,-0.028828040248468603,0.051884714889787728,-0.016940296124329898,0.0025345123804155715,0.01462651036767494,0.59350649350649354,0.40649350649350652,0,True,True,True,0.40649350649350652,False
mv_strict,revised_where_available,equal_building,P001,P021,1540,0.021053864523443169,0.016392369197517267,-0.0086347901194344066,0.099808104886973906,0.002358184442448656,0.018118557154974256,0.042824747002701731,0.93701298701298696,0.06298701298701298,0,True,True,True,0.06298701298701298,False
mv_strict,revised_where_available,equal_building,P001,P022,1540,-0.0019818309004702721,0.019498954593024014,-0.051463490812775063,0.049422914364682088,-0.028342405387199534,-0.0017100349169561352,0.024046868963717008,0.45844155844155843,0.54155844155844157,0,True,True,True,0.45844155844155843,False
mv_strict,revised_where_available,equal_building,P001,P023,1540,-0.010263632549624147,0.012793570348971122,-0.050467858725008752,0.041545553675876916,-0.029140916741783734,-0.0082111840206798552,0.0038287610147113688,0.19870129870129871,0.80129870129870129,0,True,True,True,0.19870129870129871,False
mv_strict,revised_where_available,equal_building,P001,P024,1540,0.012216870578500303,0.020381271397196036,-0.037821569701152004,0.093301614867464105,-0.014647167501422019,0.011925828596652034,0.037965687080127222,0.72597402597402594,0.27402597402597401,0,True,True,True,0.27402597402597401,False
mv_strict,revised_where_available,equal_building,P001,P025,1540,0.0016010136762273208,0.019066046848024275,-0.044749144459512023,0.06828531014092383,-0.025062237082450738,0.0003063273740152167,0.027742693711967685,0.50584415584415587,0.49415584415584418,0,True,True,True,0.49415584415584418,False
mv_strict,revised_where_available,equal_building,P001,P026,1540,-0.0023829387281910958,0.019423865508545572,-0.04424923737150474,0.071663800100793693,-0.0301729919873065,-0.0039695103895297946,0.023713879462302908,0.40649350649350652,0.59350649350649354,0,True,True,True,0.40649350649350652,False
mv_strict,revised_where_available,equal_building,P001,P027,1540,0.0044447473191067547,0.019392167776321512,-0.035274972392841081,0.079357789781989069,-0.021341612303625593,0.003972532594770024,0.031211085955635973,0.59545454545454546,0.40454545454545454,0,True,True,True,0.40454545454545454,False
mv_strict,revised_where_available,equal_building,P002,P003,1540,0.016410555779363314,0.010948703503025457,-0.010208702685591479,0.079249639947312239,0.0041928861485983921,0.014446021320719602,0.031224639712844331,0.97272727272727277,0.027272727272727271,0,True,True,True,0.027272727272727271,False
mv_strict,revised_where_available,equal_building,P002,P004,1540,0.028116949887788227,0.017435023094742142,-0.0050767447212702634,0.12251178954397676,0.0079467633553735699,0.025454851080271585,0.051214366345149434,0.9948051948051948,0.0051948051948051948,0,True,True,True,0.0051948051948051948,False
mv_strict,revised_where_available,equal_building,P002,P005,1540,0.043738426276746865,0.022655168193662808,0.0021351980476739252,0.13428314327673174,0.016828851768857442,0.040953406385607266,0.07246464380417722,1,0,0,False,False,False,0,False
mv_strict,revised_where_available,equal_building,P002,P006,1540,0.014971250901459328,0.0080457074329040694,-0.0014585164556987391,0.066842274301089785,0.0073587686410618736,0.013762053663528551,0.023351388482456457,0.9974025974025974,0.0025974025974025974,0,True,True,False,0.0025974025974025974,False
mv_strict,revised_where_available,equal_building,P002,P007,1540,0.02022577385864276,0.0099770218856217296,-0.0050624346809995183,0.074852539195417594,0.0081632935959198832,0.019426476081474901,0.031509741429721225,0.99675324675324672,0.003246753246753247,0,True,True,True,0.003246753246753247,False
mv_strict,revised_where_available,equal_building,P002,P008,1540,0.031628481652135151,0.018858681584865547,-0.006238203015093674,0.1226312024995192,0.01036091838892004,0.028288190409831063,0.058334019398128004,0.99285714285714288,0.0071428571428571426,0,True,True,True,0.0071428571428571426,False
mv_strict,revised_where_available,equal_building,P002,P009,1540,0.0319813290996699,0.018955106373060773,-0.0058265549334630962,0.12308321425687785,0.010659045848407151,0.028448280598249092,0.058758425702943311,0.99155844155844153,0.0084415584415584409,0,True,True,True,0.0084415584415584409,False
mv_strict,revised_where_available,equal_building,P002,P010,1540,0.021757258087286235,0.016168217123860969,-0.0043770234987871373,0.096131508643767766,0.0053561584368389658,0.015827717695006238,0.043909149764747281,0.99220779220779221,0.0077922077922077922,0,True,True,False,0.0077922077922077922,False
mv_strict,revised_where_available,equal_building,P002,P011,1540,0.02302807840112487,0.011487748302461562,-0.0045229734618669401,0.090282698252255988,0.010159955482031894,0.021554933913267967,0.036295324981862956,0.99805194805194808,0.0019480519480519481,0,True,True,False,0.0019480519480519481,False
mv_strict,revised_where_available,equal_building,P002,P012,1540,0.0088489945021385779,0.0087844568198086233,-0.002353544514442231,0.065744855335218733,0.0016750550559553035,0.0047786925949363721,0.020120449442462145,0.9948051948051948,0.0051948051948051948,0,True,True,False,0.0051948051948051948,False
mv_strict,revised_where_available,equal_building,P002,P014,1540,0.011919719617313376,0.0080914299436103763,-0.0074276630794087445,0.062162972029079243,0.003672243627842606,0.011036447008682075,0.019577841711258811,0.97987012987012989,0.02012987012987013,0,True,True,True,0.02012987012987013,False
mv_strict,revised_where_available,equal_building,P002,P017,1540,-0.010836950245178051,0.0038422041950274006,-0.027987614881254334,-0.001002268606384249,-0.015862639114616536,-0.010111808052994447,-0.0067707864183603238,0,1,0,False,False,False,0,False
mv_strict,revised_where_available,equal_building,P002,P018,1540,0.027650729189172298,0.018337576038207765,-0.0071332699807931457,0.11792654703666351,0.0068546562978584547,0.023637123846010723,0.05353946192568234,0.97922077922077921,0.020779220779220779,0,True,True,True,0.020779220779220779,False
mv_strict,revised_where_available,equal_building,P002,P019,1540,0.027759713338708483,0.016580053440781749,-0.0020053412692415951,0.099179144452067491,0.0098310361851603363,0.023453006375249476,0.051386994456882072,0.9974025974025974,0.0025974025974025974,0,True,True,False,0.0025974025974025974,False
mv_strict,revised_where_available,equal_building,P002,P020,1540,0.023277049507276024,0.010078613323295326,-0.00023000403759260504,0.084900966531869959,0.011680586245115119,0.022213382629607641,0.03503204435133548,0.99935064935064932,0.00064935064935064935,0,True,False,False,0.00064935064935064935,False
mv_strict,revised_where_available,equal_building,P002,P021,1540,0.043066334538133244,0.021998962545427696,-0.001466973722360012,0.13749200944564677,0.016531775776583803,0.039511495845244021,0.071843282184077262,0.99935064935064932,0.00064935064935064935,0,True,True,False,0.00064935064935064935,False
mv_strict,revised_where_available,equal_building,P002,P022,1540,0.020030639114219796,0.015273890501621121,-0.0096613962197829688,0.08483396677610619,0.0035814668693944451,0.016395106273125674,0.040807283696326073,0.97597402597402594,0.024025974025974027,0,True,True,True,0.024025974025974027,False
mv_strict,revised_where_available,equal_building,P002,P023,1540,0.01174883746506592,0.0077374152152607095,-0.0072900606903246942,0.063873557813760556,0.0039714436294273486,0.010849213608143607,0.019175942298601607,0.98116883116883113,0.018831168831168831,0,True,True,True,0.018831168831168831,False
mv_strict,revised_where_available,equal_building,P002,P024,1540,0.034229340593190369,0.017426684322855986,-0.0032568905069775625,0.11381832188650368,0.014038210686729613,0.031918444968262363,0.057719447495511826,0.99870129870129876,0.0012987012987012987,0,True,True,False,0.0012987012987012987,False
mv_strict,revised_where_available,equal_building,P002,P025,1540,0.023613483690917383,0.016027107846092428,-0.0049133317680173233,0.095241310404961227,0.0076841021971133646,0.016987008646997308,0.046606525405770531,0.99415584415584413,0.0058441558441558444,0,True,True,False,0.0058441558441558444,False
mv_strict,revised_where_available,equal_building,P002,P026,1540,0.019629531286498973,0.015939266135266875,-0.0076351110319315164,0.097744889901011628,0.0044552403014021837,0.012692385559746394,0.041766560951380823,0.98506493506493509,0.014935064935064935,0,True,True,True,0.014935064935064935,False
mv_strict,revised_where_available,equal_building,P002,P027,1540,0.026457217333796825,0.016594958414582785,-0.00060700262034566604,0.10041786521483873,0.0088141874236032716,0.021632151854503782,0.049424916826358002,0.99935064935064932,0.00064935064935064935,0,True,False,False,0.00064935064935064935,False
mv_strict,revised_where_available,equal_building,P003,P004,1540,0.01170639410842492,0.017665589197211888,-0.02912013309748393,0.063703033991753963,-0.011456109497541677,0.0094981624585644322,0.035526079090774952,0.74545454545454548,0.25454545454545452,0,True,True,True,0.25454545454545452,False
mv_strict,revised_where_available,equal_building,P003,P005,1540,0.027327870497383538,0.023549840738742979,-0.026391480868544759,0.10361437457348871,-0.0046849353162451354,0.026886895759018755,0.058155642319806938,0.86948051948051952,0.13051948051948051,0,True,True,True,0.13051948051948051,False
mv_strict,revised_where_available,equal_building,P003,P006,1540,-0.0014393048779039832,0.0095466006695176728,-0.033810982760444981,0.017482384742072643,-0.016945500238986954,0.0012691247698923946,0.0086766222790356749,0.56688311688311688,0.43311688311688312,0,True,True,True,0.56688311688311688,True
mv_strict,revised_where_available,equal_building,P003,P007,1540,0.003815218079279448,0.011916816695361328,-0.029791779325332175,0.036041179773496822,-0.012119399214930118,0.0047508570204082817,0.018662704760191856,0.63246753246753251,0.36753246753246754,0,True,True,True,0.36753246753246754,False
mv_strict,revised_where_available,equal_building,P003,P008,1540,0.015217925872771845,0.014036509419041335,-0.0060336975686864774,0.049398665113462102,0.00055130706425275959,0.010597754491600275,0.036604682433177063,0.95909090909090911,0.040909090909090909,0,True,True,True,0.040909090909090909,False
mv_strict,revised_where_available,equal_building,P003,P009,1540,0.01557077332030659,0.014117186404514443,-0.0060015034898511094,0.049334913190098868,0.00087922655347667767,0.010973085552495472,0.037231744260086526,0.9720779220779221,0.027922077922077921,0,True,True,True,0.027922077922077921,False
mv_strict,revised_where_available,equal_building,P003,P010,1540,0.0053467023079229216,0.016848409683592018,-0.027935031159615334,0.047988027915530439,-0.015765720629626018,0.0025189435258261179,0.029960640399827605,0.57922077922077919,0.42077922077922075,0,True,True,True,0.42077922077922075,False
mv_strict,revised_where_available,equal_building,P003,P011,1540,0.0066175226217615553,0.011962052025181399,-0.022822393193176804,0.035292643511140781,-0.010166676283101363,0.0079656507147214187,0.022619999907543095,0.72792207792207797,0.27207792207792209,0,True,True,True,0.27207792207792209,False
mv_strict,revised_where_available,equal_building,P003,P012,1540,-0.0075615612772247341,0.012237327984299072,-0.042877428983025052,0.025966376974889786,-0.0249394765218049,-0.0068435320540904711,0.0083401203196851546,0.27272727272727271,0.72727272727272729,0,True,True,True,0.27272727272727271,False
mv_strict,revised_where_available,equal_building,P003,P014,1540,-0.0044908361620499384,0.0093859827983337977,-0.032392537560501207,0.016799928793760684,-0.019769325302187096,-0.0021607394203465302,0.0057622547210013399,0.40324675324675324,0.5967532467532467,0,True,True,True,0.40324675324675324,False
mv_strict,revised_where_available,equal_building,P003,P017,1540,-0.027247506024541363,0.010431159477148448,-0.083866394157227964,-0.0030988859219356867,-0.041699746652594218,-0.025118137929997987,-0.016055537883841581,0,1,0,False,False,False,0,False
mv_strict,revised_where_available,equal_building,P003,P018,1540,0.011240173409808986,0.019542534746760556,-0.039547218466359307,0.06515677850127248,-0.01390869139529354,0.0095459684506800854,0.038664433433188303,0.69025974025974024,0.30974025974025976,0,True,True,True,0.30974025974025976,False
mv_strict,revised_where_available,equal_building,P003,P019,1540,0.011349157559345166,0.017330239629195426,-0.028445208821359917,0.055924270542382817,-0.010673472312039496,0.0091219206474960398,0.036980839125927416,0.73766233766233769,0.26233766233766231,0,True,True,True,0.26233766233766231,False
mv_strict,revised_where_available,equal_building,P003,P020,1540,0.0068664937279127106,0.012094483129201803,-0.03210807115162851,0.039568992573507725,-0.009287614488194821,0.0077810188723266629,0.021930935360012723,0.7220779220779221,0.2779220779220779,0,True,True,True,0.2779220779220779,False
mv_strict,revised_where_available,equal_building,P003,P021,1540,0.026655778758769927,0.022698661703954785,-0.023269865106554433,0.10995670875538407,-0.0014266885374874143,0.025084649248191017,0.057763281260651098,0.88636363636363635,0.11363636363636363,0,True,True,True,0.11363636363636363,False
mv_strict,revised_where_available,equal_building,P003,P022,1540,0.0036200833348564838,0.017193146967680695,-0.036989565691267878,0.047578287431100458,-0.019901353095480964,0.0020458140354157588,0.026987164721449405,0.55909090909090908,0.44090909090909092,0,True,True,True,0.44090909090909092,False
mv_strict,revised_where_available,equal_building,P003,P023,1540,-0.0046617183142973915,0.009329178113081581,-0.033009301370566548,0.013219822645950424,-0.020349233157360508,-0.0017280756003530164,0.0048550709863608918,0.40779220779220782,0.59220779220779218,0,True,True,True,0.40779220779220782,False
mv_strict,revised_where_available,equal_building,P003,P024,1540,0.017818784813827059,0.016659927707213428,-0.016333699149769464,0.056172874984051234,-0.0038835562529920373,0.016518647425016734,0.041315823539370918,0.8545454545454545,0.14545454545454545,0,True,True,True,0.14545454545454545,False
mv_strict,revised_where_available,equal_building,P003,P025,1540,0.0072029279115540757,0.016968626873111368,-0.03409624398608347,0.050720229134087705,-0.014335133912648727,0.0046701655182821936,0.032817745474559304,0.65000000000000002,0.34999999999999998,0,True,True,True,0.34999999999999998,False
mv_strict,revised_where_available,equal_building,P003,P026,1540,0.0032189755071356588,0.017009688148893511,-0.033942917610932148,0.04698504812556039,-0.018437739205929858,0.00072856036551886827,0.028245942801847893,0.52922077922077926,0.4707792207792208,0,True,True,True,0.4707792207792208,False
mv_strict,revised_where_available,equal_building,P003,P027,1540,0.01004666155443351,0.018181505881024986,-0.031986085511799725,0.056793470800807731,-0.013447618313742023,0.0077116158066537887,0.035568921496200299,0.68701298701298696,0.31298701298701298,0,True,True,True,0.31298701298701298,False
mv_strict,revised_where_available,equal_building,P004,P005,1540,0.015621476388958624,0.017139407823331006,-0.021434279883381528,0.069873098553945467,-0.0050661331268033122,0.013934266722264315,0.041056280766928216,0.83441558441558439,0.16558441558441558,0,True,True,True,0.16558441558441558,False
mv_strict,revised_where_available,equal_building,P004,P006,1540,-0.013145698986328903,0.013704555447127459,-0.05627845172418848,0.014919759574291272,-0.032543106843495109,-0.010719927719509663,0.0032479100939003251,0.20000000000000001,0.80000000000000004,0,True,True,True,0.20000000000000001,False
mv_strict,revised_where_available,equal_building,P004,P007,1540,-0.0078911760291454705,0.014076863668555433,-0.055548958777844777,0.022668470271142941,-0.027059176585071024,-0.0067220773713755864,0.0095088464727253932,0.31883116883116885,0.6811688311688312,0,True,True,True,0.31883116883116885,False
mv_strict,revised_where_available,equal_building,P004,P008,1540,0.0035115317643469269,0.012354674203281898,-0.028040192479551425,0.043312573958217193,-0.011271255240239655,0.0030902302940601367,0.019747418321184863,0.60389610389610393,0.39610389610389612,0,True,True,True,0.39610389610389612,False
mv_strict,revised_where_available,equal_building,P004,P009,1540,0.0038643792118816709,0.012347793074490705,-0.027451621199044967,0.043579819451338424,-0.011045038859127557,0.0033874463882014802,0.020362182179368492,0.61493506493506489,0.38506493506493505,0,True,True,True,0.38506493506493505,False
mv_strict,revised_where_available,equal_building,P004,P010,1540,-0.0063596918005019961,0.0084512096166336516,-0.030698554427147313,0.015819622310214079,-0.018511896135219648,-0.0051127794631011768,0.0036335036767696353,0.24805194805194805,0.75194805194805192,0,True,True,True,0.24805194805194805,False
mv_strict,revised_where_available,equal_building,P004,P011,1540,-0.0050888714866633633,0.014870448582289673,-0.048620492669846346,0.025453585103308418,-0.025261579785403016,-0.0044107413898528472,0.013654411381559355,0.41168831168831171,0.58831168831168834,0,True,True,True,0.41168831168831171,False
mv_strict,revised_where_available,equal_building,P004,P012,1540,-0.019267955385649651,0.011601945380248304,-0.057886163195661929,0.0075554607048880368,-0.034177452877238342,-0.018682325180136912,-0.0044313595770528675,0.02922077922077922,0.97077922077922074,0,True,True,True,0.02922077922077922,False
mv_strict,revised_where_available,equal_building,P004,P014,1540,-0.016197230270474858,0.014440864526899128,-0.060348817514897526,0.015502328480128585,-0.035588707014201228,-0.014927215549550794,0.00097709818920977006,0.13116883116883116,0.86883116883116884,0,True,True,True,0.13116883116883116,False
mv_strict,revised_where_available,equal_building,P004,P017,1540,-0.038953900132966277,0.017599885441921374,-0.13296776631317431,-0.00283740946970348,-0.061688575214739236,-0.036269960779565236,-0.01872513439591536,0,1,0,False,False,False,0,False
mv_strict,revised_where_available,equal_building,P004,P018,1540,-0.00046622069861593246,0.0097337119874343937,-0.029743684571277004,0.021393130463055895,-0.014518919907804222,0.00044082935709004178,0.011729525612946263,0.51688311688311683,0.48311688311688311,0,True,True,True,0.51688311688311683,True
mv_strict,revised_where_available,equal_building,P004,P019,1540,-0.00035723654907975191,0.0089234962850432038,-0.031212717467342242,0.019845604301442561,-0.012645978790349399,0.00058291934460131221,0.010897036302741485,0.52272727272727271,0.47727272727272729,0,True,True,True,0.52272727272727271,True
mv_strict,revised_where_available,equal_building,P004,P020,1540,-0.0048399003805122071,0.01352861011958691,-0.051727981981173517,0.027374612456929681,-0.022581236288632026,-0.0039992753884500985,0.011694449386204307,0.39610389610389612,0.60389610389610393,0,True,True,True,0.39610389610389612,False
mv_strict,revised_where_available,equal_building,P004,P021,1540,0.014949384650345005,0.017282052473263435,-0.024000247904070262,0.070676950776620506,-0.0044232893012304377,0.012248716220147282,0.041715863303190229,0.82207792207792207,0.17792207792207793,0,True,True,True,0.17792207792207793,False
mv_strict,revised_where_available,equal_building,P004,P022,1540,-0.0080863107735684343,0.0071164081283770202,-0.047432271947955636,0.013188368060051078,-0.01669754635805305,-0.0075050282325100186,-0.00011233466063414869,0.097402597402597407,0.90259740259740262,0,True,True,True,0.097402597402597407,False
mv_strict,revised_where_available,equal_building,P004,P023,1540,-0.016368112422722309,0.014657419714621233,-0.060826790591952333,0.013611480956949782,-0.036340740271783516,-0.01396732402634181,0.00088259241739035163,0.13181818181818181,0.86818181818181817,0,True,True,True,0.13181818181818181,False
mv_strict,revised_where_available,equal_building,P004,P024,1540,0.0061123907054021383,0.0074026493059934405,-0.015897522044040654,0.026086884348469619,-0.0035596649127194609,0.0059613408606975192,0.015998317724824497,0.7857142857142857,0.21428571428571427,0,True,True,True,0.21428571428571427,False
mv_strict,revised_where_available,equal_building,P004,P025,1540,-0.0045034661968708428,0.0094755820061009841,-0.037018901383234881,0.0183961047594642,-0.017245253629298744,-0.002961562496263807,0.0061814676123905857,0.37207792207792206,0.62792207792207788,0,True,True,True,0.37207792207792206,False
mv_strict,revised_where_available,equal_building,P004,P026,1540,-0.0084874186012892597,0.0084187577861701054,-0.035205000054857334,0.012189274758035874,-0.019696096865099589,-0.0075650410142218301,0.0015581722006401627,0.15909090909090909,0.84090909090909094,0,True,True,True,0.15909090909090909,False
mv_strict,revised_where_available,equal_building,P004,P027,1540,-0.0016597325539914089,0.010049126676095794,-0.030026511016634963,0.024310634579688888,-0.01561405038786553,-0.0009455948312316418,0.010782339762221279,0.4668831168831169,0.5331168831168831,0,True,True,True,0.4668831168831169,False
mv_strict,revised_where_available,equal_building,P005,P006,1540,-0.028767175375287526,0.020756727797609641,-0.10223162875934204,0.0094922073032397344,-0.0576937354120712,-0.025732685254906084,-0.0036269419116405606,0.040909090909090909,0.95909090909090911,0,True,True,True,0.040909090909090909,False
mv_strict,revised_where_available,equal_building,P005,P007,1540,-0.023512652418104095,0.019017280374334557,-0.088597963477500374,0.0020215873038441391,-0.049703906533180228,-0.020375913549233196,-0.0029809640009947473,0.017532467532467531,0.98246753246753249,0,True,True,False,0.017532467532467531,False
mv_strict,revised_where_available,equal_building,P005,P008,1540,-0.012109944624611698,0.018696558481812342,-0.057928810537767841,0.034255470687094725,-0.040595385951197251,-0.010850968673751234,0.012879040256714665,0.2435064935064935,0.75649350649350644,0,True,True,True,0.2435064935064935,False
mv_strict,revised_where_available,equal_building,P005,P009,1540,-0.011757097177076953,0.018642417400408832,-0.057727583865462437,0.034017968413333668,-0.040040653416859542,-0.010374454587381347,0.012646859597605026,0.2461038961038961,0.75389610389610384,0,True,True,True,0.2461038961038961,False
mv_strict,revised_where_available,equal_building,P005,P010,1540,-0.021981168189460623,0.016210160646520422,-0.080393000695068689,0.0052568322308087084,-0.046656420984398872,-0.018556170385186525,-0.0051191913556566902,0.015584415584415584,0.98441558441558441,0,True,True,True,0.015584415584415584,False
mv_strict,revised_where_available,equal_building,P005,P011,1540,-0.020710347875621989,0.018123547800664302,-0.084067112393466079,0.012083985071182426,-0.044988129389717135,-0.017251993673444189,-0.0001279558081905022,0.095454545454545459,0.90454545454545454,0,True,True,True,0.095454545454545459,False
mv_strict,revised_where_available,equal_building,P005,P012,1540,-0.034889431774608279,0.018425737772464652,-0.11151482186018716,9.4943315748372004e-05,-0.062037007385285843,-0.031929063899323637,-0.013327336431184212,0.00064935064935064935,0.99935064935064932,0,True,False,False,0.00064935064935064935,False
mv_strict,revised_where_available,equal_building,P005,P014,1540,-0.031818706659433482,0.020810449636779017,-0.10835366043471716,0.0036761911717289042,-0.060229405023260442,-0.02996149827032342,-0.0065919406582345304,0.011688311688311689,0.98831168831168836,0,True,True,False,0.011688311688311689,False
mv_strict,revised_where_available,equal_building,P005,P017,1540,-0.054575376521924908,0.023491631462919958,-0.15185341379270267,-0.0042095132183187119,-0.087081904678423444,-0.052748915281002735,-0.026839825902174669,0,1,0,False,False,False,0,False
mv_strict,revised_where_available,equal_building,P005,P018,1540,-0.016087697087574557,0.013469755974325075,-0.055269799590067906,0.0030293556904768433,-0.042598933109735809,-0.010925898966418534,-0.0045094921522459306,0.0090909090909090905,0.99090909090909096,0,True,True,False,0.0090909090909090905,False
mv_strict,revised_where_available,equal_building,P005,P019,1540,-0.015978712938038375,0.016335225560759645,-0.070666024248648401,0.0096244874343232312,-0.042193962743613929,-0.011959624476397925,0.00088112453630274457,0.12272727272727273,0.87727272727272732,0,True,True,True,0.12272727272727273,False
mv_strict,revised_where_available,equal_building,P005,P020,1540,-0.020461376769470831,0.019236799031151792,-0.0821143859994765,0.01109458853195907,-0.048985713389745229,-0.016062208746855322,0.0003444948682342854,0.11558441558441558,0.88441558441558443,0,True,True,True,0.11558441558441558,False
mv_strict,revised_where_available,equal_building,P005,P021,1540,-0.00067209173861361752,0.0068188920185100251,-0.018277354732490307,0.016114846056332122,-0.0095990421886717608,-0.00064741790242909929,0.0080301382807471001,0.47142857142857142,0.52857142857142858,0,True,True,True,0.47142857142857142,False
mv_strict,revised_where_available,equal_building,P005,P022,1540,-0.023707787162527059,0.019228465946770686,-0.1033229284255707,0.013321719664777049,-0.051235220700257926,-0.020999393086017372,-0.0013548530347192685,0.07792207792207792,0.92207792207792205,0,True,True,True,0.07792207792207792,False
mv_strict,revised_where_available,equal_building,P005,P023,1540,-0.031989588811680937,0.021361689135747371,-0.11378253405004546,0.009668591475070841,-0.060422499481302232,-0.030186295046916115,-0.0058874311645311789,0.028571428571428571,0.97142857142857142,0,True,True,True,0.028571428571428571,False
mv_strict,revised_where_available,equal_building,P005,P024,1540,-0.0095090856835564862,0.017060754770585159,-0.058435380716761291,0.025225605381506089,-0.034433553197628863,-0.0069613340177497769,0.010048708779433601,0.33896103896103896,0.66103896103896109,0,True,True,True,0.33896103896103896,False
mv_strict,revised_where_available,equal_building,P005,P025,1540,-0.020124942585829468,0.017434430630912899,-0.085307319273335222,0.011229084423189907,-0.045738879181677239,-0.016238056885046672,-0.0013361817352346038,0.075324675324675322,0.92467532467532465,0,True,True,True,0.075324675324675322,False
mv_strict,revised_where_available,equal_building,P005,P026,1540,-0.024108894990247882,0.017140844164649439,-0.080337809747665051,0.0093348004177487912,-0.049487962199697866,-0.020142234990471072,-0.0061966863537750733,0.015584415584415584,0.98441558441558441,0,True,True,True,0.015584415584415584,False
mv_strict,revised_where_available,equal_building,P005,P027,1540,-0.017281208942950033,0.01609808358369914,-0.063511198298618399,0.0064791980602404743,-0.042491275718128357,-0.012197697370010576,-0.0018963549726026393,0.034415584415584413,0.96558441558441555,0,True,True,True,0.034415584415584413,False
mv_strict,revised_where_available,equal_building,P006,P007,1540,0.0052545229571834317,0.0075930663897773466,-0.020314197510503736,0.02668414424006647,-0.004580182128219105,0.0050726508643213486,0.015360091313388309,0.73701298701298701,0.26298701298701299,0,True,True,True,0.26298701298701299,False
mv_strict,revised_where_available,equal_building,P006,P008,1540,0.016657230750675826,0.016309890959124503,-0.011203294968712852,0.072644727302137002,-0.0014711637054967293,0.012487136374176129,0.039820016586464904,0.85779220779220777,0.1422077922077922,0,True,True,True,0.1422077922077922,False
mv_strict,revised_where_available,equal_building,P006,P009,1540,0.017010078198210574,0.016365312981164542,-0.010805921029950802,0.073561110692938109,-0.0011824189689269885,0.01285696875310658,0.039988545434821048,0.86493506493506489,0.13506493506493505,0,True,True,True,0.13506493506493505,False
mv_strict,revised_where_available,equal_building,P006,P010,1540,0.0067860071858269044,0.013392088598777085,-0.013057631742726117,0.041160780336287776,-0.0063381138431061329,0.0012638302649176977,0.027882101027504248,0.55324675324675321,0.44675324675324674,0,True,True,True,0.44675324675324674,False
mv_strict,revised_where_available,equal_building,P006,P011,1540,0.0080568274996655372,0.008485999067223601,-0.013199023990792827,0.032630605189608274,-0.0028162831603829922,0.0074308923260424445,0.020005217751443143,0.81168831168831168,0.18831168831168832,0,True,True,True,0.18831168831168832,False
mv_strict,revised_where_available,equal_building,P006,P012,1540,-0.0061222563993207513,0.0074340972600587868,-0.027823522564641205,0.021086108798062428,-0.014735436327190479,-0.0069695478052194566,0.0039432179861573248,0.20389610389610391,0.79610389610389609,0,True,True,True,0.20389610389610391,False
mv_strict,revised_where_available,equal_building,P006,P014,1540,-0.0030515312841459547,0.0043987057214040677,-0.015652704343062172,0.013261165520843669,-0.0086135795109094065,-0.0033053656423329674,0.0025730164830620227,0.22662337662337662,0.77337662337662338,0,True,True,True,0.22662337662337662,False
mv_strict,revised_where_available,equal_building,P006,P017,1540,-0.025808201146637379,0.0081555457127420947,-0.076689314588985827,-0.0020445575668942839,-0.034100088770980475,-0.024720904782033169,-0.017895697468104724,0,1,0,False,False,False,0,False
mv_strict,revised_where_available,equal_building,P006,P018,1540,0.012679478287712971,0.01581451275740001,-0.017514369130606222,0.057255780971060752,-0.0060817466196064459,0.010318041342695546,0.036189496127074228,0.75324675324675328,0.24675324675324675,0,True,True,True,0.24675324675324675,False
mv_strict,revised_where_available,equal_building,P006,P019,1540,0.012788462437249151,0.013761406171686728,-0.013581200593907446,0.049335809120385911,-0.0017882851079267363,0.0087850741654240724,0.034746449574407832,0.824025974025974,0.17597402597402598,0,True,True,True,0.17597402597402598,False
mv_strict,revised_where_available,equal_building,P006,P020,1540,0.0083057986058166933,0.0075278141646748595,-0.012870566051122523,0.030717852577769308,-0.0010492640087549261,0.0080999332898687854,0.018202712028484121,0.85584415584415585,0.14415584415584415,0,True,True,True,0.14415584415584415,False
mv_strict,revised_where_available,equal_building,P006,P021,1540,0.028095083636673911,0.020601217021607013,-0.011284405778538457,0.10543849945973832,0.0037839591221151981,0.024767818447461717,0.057310003957341885,0.95454545454545459,0.045454545454545456,0,True,True,True,0.045454545454545456,False
mv_strict,revised_where_available,equal_building,P006,P022,1540,0.0050593882127604661,0.013581132736223259,-0.042601525275161388,0.04159065256647422,-0.010500259452602481,0.0023116540514137029,0.02454201261807885,0.57012987012987015,0.42987012987012985,0,True,True,True,0.42987012987012985,False
mv_strict,revised_where_available,equal_building,P006,P023,1540,-0.0032224134363934083,0.0041551368253435299,-0.024709083897621671,0.0097510398079310827,-0.0081038468406241047,-0.0027519279599882186,0.0012286544387412944,0.20064935064935066,0.79935064935064937,0,True,True,True,0.20064935064935066,False
mv_strict,revised_where_available,equal_building,P006,P024,1540,0.01925808969173104,0.013976207500538932,-0.0097557341279289785,0.054745027608553799,0.0024092929905856638,0.017007711477684463,0.040244085153992359,0.94870129870129871,0.051298701298701302,0,True,True,True,0.051298701298701302,False
mv_strict,revised_where_available,equal_building,P006,P025,1540,0.0086422327894580594,0.013488423414099556,-0.015662040306184427,0.041657400535150664,-0.0053296566405832075,0.0035434771790568264,0.030334922854449123,0.71233766233766238,0.28766233766233767,0,True,True,True,0.28766233766233767,False
mv_strict,revised_where_available,equal_building,P006,P026,1540,0.0046582803850396424,0.013341928428373815,-0.018021892052877821,0.040036333844426647,-0.0087008860407745813,-0.00069297090005614528,0.026073804765733399,0.47142857142857142,0.52857142857142858,0,True,True,True,0.52857142857142858,True
mv_strict,revised_where_available,equal_building,P006,P027,1540,0.011485966432337494,0.014456104775797956,-0.016982179292540409,0.052583271103678539,-0.0040937816984898357,0.0074375449535740001,0.034017651094273647,0.75324675324675328,0.24675324675324675,0,True,True,True,0.24675324675324675,False
mv_strict,revised_where_available,equal_building,P007,P008,1540,0.011402707793492398,0.016439623538501199,-0.019914314385707808,0.071405329224039304,-0.0075121586660885139,0.0091609452102375134,0.034862389073617862,0.69999999999999996,0.29999999999999999,0,True,True,True,0.29999999999999999,False
mv_strict,revised_where_available,equal_building,P007,P009,1540,0.011755555241027142,0.016512322586950831,-0.019462302628349158,0.071311207596367887,-0.0073036124055939518,0.0094157739796322075,0.035416379123196423,0.70519480519480515,0.29480519480519479,0,True,True,True,0.29480519480519479,False
mv_strict,revised_where_available,equal_building,P007,P010,1540,0.0015314842286434736,0.013357906321528721,-0.023454550599109947,0.039928840739917017,-0.013811876884970986,-0.0014452000144935112,0.022102230753796786,0.45389610389610391,0.54610389610389609,0,True,True,True,0.54610389610389609,True
mv_strict,revised_where_available,equal_building,P007,P011,1540,0.0028023045424821068,0.0063268265759924922,-0.016499672274692616,0.023427324707204079,-0.0056192931789584158,0.0029200017973399321,0.011063371289898018,0.65974025974025974,0.34025974025974026,0,True,True,True,0.34025974025974026,False
mv_strict,revised_where_available,equal_building,P007,P012,1540,-0.011376779356504184,0.0096623774442152859,-0.043207872952588808,0.019909406547212079,-0.023755626425978033,-0.011656414975621539,0.0010807496535326939,0.12727272727272726,0.87272727272727268,0,True,True,True,0.12727272727272726,False
mv_strict,revised_where_available,equal_building,P007,P014,1540,-0.0083060542413293855,0.0067829425093730846,-0.030529156859584121,0.012047706213679531,-0.017286716926663958,-0.0082098588364883183,0.00072528968530745168,0.11948051948051948,0.88051948051948048,0,True,True,True,0.11948051948051948,False
mv_strict,revised_where_available,equal_building,P007,P017,1540,-0.031062724103820813,0.010730137621384098,-0.090927688083606767,-0.004204499231272401,-0.043664060273005685,-0.029879814017521426,-0.018889707251972084,0,1,0,False,False,False,0,False
mv_strict,revised_where_available,equal_building,P007,P018,1540,0.0074249553305295382,0.013911218132755945,-0.015811402025453392,0.043622115689219088,-0.0071869861691861532,0.002967163809672874,0.029032061819386123,0.59220779220779218,0.40779220779220782,0,True,True,True,0.40779220779220782,False
mv_strict,revised_where_available,equal_building,P007,P019,1540,0.0075339394800657189,0.013707481067391643,-0.020272147300831579,0.044575970390003807,-0.007668750813378364,0.0035999002734800264,0.028988701308621526,0.64480519480519483,0.35519480519480517,0,True,True,True,0.35519480519480517,False
mv_strict,revised_where_available,equal_building,P007,P020,1540,0.0030512756486332634,0.0036337450492548843,-0.0058804699792749764,0.019596520772941786,-0.0016793753341688609,0.0030491877657526454,0.0077030405712376401,0.78441558441558445,0.21558441558441557,0,True,True,True,0.21558441558441557,False
mv_strict,revised_where_available,equal_building,P007,P021,1540,0.022840560679490481,0.019040422367497541,-0.012569621698530844,0.086895883777539831,0.0013781159112578006,0.018677432811170382,0.050566845676917618,0.91558441558441561,0.084415584415584416,0,True,True,True,0.084415584415584416,False
mv_strict,revised_where_available,equal_building,P007,P022,1540,-0.00019513474442296481,0.014839458950239057,-0.047162534784861265,0.046574237757169297,-0.018532386172680122,-0.00092306630425273775,0.019895599784661912,0.47272727272727272,0.52727272727272723,0,True,True,True,0.47272727272727272,False
mv_strict,revised_where_available,equal_building,P007,P023,1540,-0.0084769363935768404,0.0083055879881884422,-0.04532642721167883,0.01217172366527745,-0.019145258055225906,-0.0080757604009850902,0.0018793713191289634,0.16038961038961039,0.83961038961038958,0,True,True,True,0.16038961038961039,False
mv_strict,revised_where_available,equal_building,P007,P024,1540,0.014003566734547609,0.014370691246561916,-0.016746562232190745,0.057259135952620208,-0.0035196364032666233,0.012427111225497682,0.034269044788251046,0.82857142857142863,0.17142857142857143,0,True,True,True,0.17142857142857143,False
mv_strict,revised_where_available,equal_building,P007,P025,1540,0.0033877098322746277,0.014041895257557471,-0.033161094513857646,0.038623341555609605,-0.012846045277247196,0.00077094447412887589,0.024972403899339499,0.52207792207792203,0.47792207792207791,0,True,True,True,0.47792207792207791,False
mv_strict,revised_where_available,equal_building,P007,P026,1540,-0.00059624257214378903,0.013667599016554116,-0.030557987488250116,0.039273503531393264,-0.015415000680610878,-0.0037695925700239937,0.020443796751705514,0.40909090909090912,0.59090909090909094,0,True,True,True,0.40909090909090912,False
mv_strict,revised_where_available,equal_building,P007,P027,1540,0.0062314434751540616,0.013623636273247581,-0.018018805588399515,0.045334894208704457,-0.0089492568264236544,0.0021942766832128389,0.027613123110064742,0.59025974025974026,0.40974025974025974,0,True,True,True,0.40974025974025974,False
mv_strict,revised_where_available,equal_building,P008,P009,1540,0.00035284744753474455,0.00047604550143346688,-0.0017749664782035629,0.0015275898825280326,-0.000207677292191568,0.00038765273444561071,0.00091641304307976473,0.80064935064935061,0.19935064935064936,0,True,True,False,0.19935064935064936,False
mv_strict,revised_where_available,equal_building,P008,P010,1540,-0.009871223564848923,0.010869052024128717,-0.046604287582701687,0.017122585675987085,-0.025310960930730292,-0.0078488639620939646,0.0027581582405014405,0.18376623376623377,0.8162337662337662,0,True,True,True,0.18376623376623377,False
mv_strict,revised_where_available,equal_building,P008,P011,1540,-0.0086004032510102902,0.017162280339947818,-0.061631234200143159,0.028021511845681205,-0.031707239341102034,-0.007121579412109974,0.012365872906935251,0.35519480519480517,0.64480519480519483,0,True,True,True,0.35519480519480517,False
mv_strict,revised_where_available,equal_building,P008,P012,1540,-0.022779487149996575,0.014174715741622679,-0.078467940325047544,0.00918897641035182,-0.042244506079203568,-0.020568906270374582,-0.0061342453396286446,0.027922077922077921,0.9720779220779221,0,True,True,True,0.027922077922077921,False
mv_strict,revised_where_available,equal_building,P008,P014,1540,-0.019708762034821782,0.016417522756547984,-0.079748272380312873,0.0097831972621655605,-0.043097390185452451,-0.016766593233064522,-0.00081242818993697426,0.085714285714285715,0.91428571428571426,0,True,True,True,0.085714285714285715,False
mv_strict,revised_where_available,equal_building,P008,P017,1540,-0.042465431897313208,0.018627665121770776,-0.1248046676797723,-0.010187033089659524,-0.068110045190486218,-0.039545308429981975,-0.02126146942185049,0,1,0,False,False,False,0,False
mv_strict,revised_where_available,equal_building,P008,P018,1540,-0.0039777524629628584,0.012235167614393919,-0.044595976494052357,0.024707694411922405,-0.021603832171796913,-0.0025386301359740064,0.010736087021464859,0.39740259740259742,0.60259740259740258,0,True,True,True,0.39740259740259742,False
mv_strict,revised_where_available,equal_building,P008,P019,1540,-0.0038687683134266777,0.0095677797931786931,-0.036591390868598916,0.015340588767745567,-0.019208785967296135,-0.00088493032048795987,0.0057100192821216431,0.44870129870129871,0.55129870129870129,0,True,True,True,0.44870129870129871,False
mv_strict,revised_where_available,equal_building,P008,P020,1540,-0.008351432144859134,0.015751799764009776,-0.065078342682539148,0.02462846981004406,-0.030590146695511491,-0.0062453065238692838,0.01007749718107063,0.36428571428571427,0.63571428571428568,0,True,True,True,0.36428571428571427,False
mv_strict,revised_where_available,equal_building,P008,P021,1540,0.011437852885998081,0.01794199997594078,-0.02737486831643798,0.063066248721520446,-0.0078271318794141207,0.0076099803131674006,0.039800638286484197,0.75389610389610384,0.2461038961038961,0,True,True,True,0.2461038961038961,False
mv_strict,revised_where_available,equal_building,P008,P022,1540,-0.011597842537915362,0.012486365497413157,-0.076616463327556159,0.016381100592525271,-0.029385025917956487,-0.010165142626210422,0.0026243310884235269,0.14999999999999999,0.84999999999999998,0,True,True,True,0.14999999999999999,False
mv_strict,revised_where_available,equal_building,P008,P023,1540,-0.019879644187069234,0.017266394951222043,-0.079929750858890924,0.013701438802656819,-0.044467364632764995,-0.017032862415556804,0.00011249855623219029,0.1025974025974026,0.89740259740259742,0,True,True,True,0.1025974025974026,False
mv_strict,revised_where_available,equal_building,P008,P024,1540,0.0026008589410552127,0.0090205544000359524,-0.02449907969406076,0.023798751551768152,-0.010937485916688354,0.0034058798923316536,0.014233671961990102,0.68246753246753245,0.31753246753246755,0,True,True,True,0.31753246753246755,False
mv_strict,revised_where_available,equal_building,P008,P025,1540,-0.0080149979612177697,0.010919399898908432,-0.049834606622220876,0.013253207702516864,-0.024362111276039804,-0.0063582533418800411,0.0044799409222051499,0.25909090909090909,0.74090909090909096,0,True,True,True,0.25909090909090909,False
mv_strict,revised_where_available,equal_building,P008,P026,1540,-0.011998950365636184,0.010630747172391113,-0.049195534039925555,0.01234974944391129,-0.027554333629709674,-0.0099354079939312015,0.00014364359344232246,0.1038961038961039,0.89610389610389607,0,True,True,True,0.1038961038961039,False
mv_strict,revised_where_available,equal_building,P008,P027,1540,-0.0051712643183383358,0.010226291688356912,-0.040999644654678473,0.016584514600705046,-0.020679618937263399,-0.0027114063065620461,0.0055187982332230053,0.37467532467532466,0.62532467532467528,0,True,True,True,0.37467532467532466,False
mv_strict,revised_where_available,equal_building,P009,P010,1540,-0.010224071012383668,0.010848900805802237,-0.047100795607325094,0.016522919725549035,-0.025742143090999075,-0.0081274606320152817,0.0023396440526791858,0.16883116883116883,0.83116883116883122,0,True,True,True,0.16883116883116883,False
mv_strict,revised_where_available,equal_building,P009,P011,1540,-0.0089532506985450337,0.017253617581773018,-0.061653024724107018,0.027541601674747788,-0.032305849865859521,-0.0075198660925933046,0.012289099449460193,0.34805194805194806,0.65194805194805194,0,True,True,True,0.34805194805194806,False
mv_strict,revised_where_available,equal_building,P009,P012,1540,-0.023132334597531324,0.014249199720881083,-0.079098085717771757,0.0087029616810898047,-0.042857054490965836,-0.020868329200533678,-0.0064097821213091634,0.027922077922077921,0.9720779220779221,0,True,True,True,0.027922077922077921,False
mv_strict,revised_where_available,equal_building,P009,P014,1540,-0.020061609482356527,0.016472126085636054,-0.080667952432036477,0.0091183408829067364,-0.043726305263224283,-0.01698497665928058,-0.0013134666771820206,0.079220779220779219,0.92077922077922081,0,True,True,True,0.079220779220779219,False
mv_strict,revised_where_available,equal_building,P009,P017,1540,-0.042818279344847957,0.018719602994053973,-0.12525667943713095,-0.010238652178650935,-0.06849197336872824,-0.039581853042818714,-0.021625395416814748,0,1,0,False,False,False,0,False
mv_strict,revised_where_available,equal_building,P009,P018,1540,-0.0043305999104976036,0.012237251420582797,-0.044922095240659009,0.024083529631458281,-0.021904463025567342,-0.0029322193507103408,0.010352753812522656,0.38961038961038963,0.61038961038961037,0,True,True,True,0.38961038961038963,False
mv_strict,revised_where_available,equal_building,P009,P019,1540,-0.004221615760961423,0.0095660465352417363,-0.0372852787564961,0.014343070402355756,-0.019461372847244137,-0.0011890164036081584,0.0053959511224470702,0.42727272727272725,0.57272727272727275,0,True,True,True,0.42727272727272725,False
mv_strict,revised_where_available,equal_building,P009,P020,1540,-0.0087042795923938793,0.015814072679045405,-0.064913845863940528,0.023574442749560331,-0.031309703775210578,-0.0064499175939794953,0.0096887326594460171,0.35259740259740258,0.64740259740259742,0,True,True,True,0.35259740259740258,False
mv_strict,revised_where_available,equal_building,P009,P021,1540,0.011085005438463335,0.018032766821447371,-0.027470325830510751,0.062510167972230607,-0.0082576902324190283,0.0071861649350988752,0.03925130019922346,0.74415584415584413,0.25584415584415582,0,True,True,True,0.25584415584415582,False
mv_strict,revised_where_available,equal_building,P009,P022,1540,-0.011950689985450106,0.012499245628918278,-0.077154390902872377,0.015531806286809766,-0.029829390429982373,-0.010524993301965669,0.002325488603044228,0.1461038961038961,0.85389610389610393,0,True,True,True,0.1461038961038961,False
mv_strict,revised_where_available,equal_building,P009,P023,1540,-0.020232491634603982,0.017317786963608521,-0.08072090927533887,0.012828377849654151,-0.044890848109545925,-0.017390844182131743,-0.00024173390094528593,0.09285714285714286,0.90714285714285714,0,True,True,True,0.09285714285714286,False
mv_strict,revised_where_available,equal_building,P009,P024,1540,0.0022480114935204678,0.0089572952421597823,-0.024354376419531872,0.023532802142677185,-0.011227308556075299,0.0031539028796868842,0.013753851942756556,0.66753246753246753,0.33246753246753247,0,True,True,True,0.33246753246753247,False
mv_strict,revised_where_available,equal_building,P009,P025,1540,-0.008367845408752515,0.010939946290840002,-0.05118794938994508,0.013554971308403514,-0.024579683583366499,-0.006626138441185694,0.0040422537188065941,0.24545454545454545,0.75454545454545452,0,True,True,True,0.24545454545454545,False
mv_strict,revised_where_available,equal_building,P009,P026,1540,-0.012351797813170931,0.010660106315332296,-0.049699293317920577,0.011450048628704437,-0.027996536090867,-0.010324812718021621,-0.00029610306882778747,0.095454545454545459,0.90454545454545454,0,True,True,True,0.095454545454545459,False
mv_strict,revised_where_available,equal_building,P009,P027,1540,-0.0055241117658730802,0.010268929417423571,-0.041707061201904726,0.015863673221549451,-0.02097436000675313,-0.0030621230263954916,0.0054283394111019822,0.35064935064935066,0.64935064935064934,0,True,True,True,0.35064935064935066,False
mv_strict,revised_where_available,equal_building,P010,P011,1540,0.0012708203138386339,0.014036108314848389,-0.033885825565245699,0.027298502250193778,-0.019915585388688727,0.003900200862310594,0.01898244669842181,0.61298701298701297,0.38701298701298703,0,True,True,True,0.38701298701298703,False
mv_strict,revised_where_available,equal_building,P010,P012,1540,-0.012908263585147656,0.0098090833393123366,-0.047584476598037696,0.0068971090147343442,-0.026714733742639756,-0.011215431991903446,-0.0013659117832089801,0.059740259740259739,0.94025974025974024,0,True,True,True,0.059740259740259739,False
mv_strict,revised_where_available,equal_building,P010,P014,1540,-0.0098375384699728591,0.012578471396937518,-0.038319333608322494,0.0086899219075038878,-0.029227211373752934,-0.0022379421695256797,0.001156625605170093,0.22662337662337662,0.77337662337662338,0,True,True,True,0.22662337662337662,False
mv_strict,revised_where_available,equal_building,P010,P017,1540,-0.032594208332464285,0.016477611452757744,-0.10777236955163114,-0.0036063256460517785,-0.055225338814359148,-0.025772815164335744,-0.015492884428685861,0,1,0,False,False,False,0,False
mv_strict,revised_where_available,equal_building,P010,P018,1540,0.0058934711018860638,0.008696135841249699,-0.018878099856152176,0.031367769418596217,-0.0051431918486024141,0.0054839179776071546,0.017382270668090866,0.73571428571428577,0.26428571428571429,0,True,True,True,0.26428571428571429,False
mv_strict,revised_where_available,equal_building,P010,P019,1540,0.0060024552514222444,0.0065992964302023331,-0.017072625140397257,0.026227786457389171,-0.0025016814119154379,0.0056203937383869484,0.014541734139009506,0.82662337662337659,0.17337662337662338,0,True,True,True,0.17337662337662338,False
mv_strict,revised_where_available,equal_building,P010,P020,1540,0.0015197914199897896,0.012756348510796519,-0.033280633411120766,0.032053161248098844,-0.017704360181906992,0.004353069747158737,0.016172609065322897,0.63701298701298703,0.36298701298701297,0,True,True,True,0.36298701298701297,False
mv_strict,revised_where_available,equal_building,P010,P021,1540,0.021309076450847002,0.016605693341822277,-0.013948942991545452,0.080051551306042967,0.0035925331476805052,0.018122905090370102,0.04395338734435688,0.94935064935064939,0.050649350649350652,0,True,True,True,0.050649350649350652,False
mv_strict,revised_where_available,equal_building,P010,P022,1540,-0.0017266189730664383,0.0096296676518471125,-0.043366207196729151,0.024144002318130246,-0.011943341750971595,-0.0032159089515777645,0.012535982821344403,0.34350649350649348,0.65649350649350646,0,True,True,True,0.34350649350649348,False
mv_strict,revised_where_available,equal_building,P010,P023,1540,-0.010008420622220312,0.014231524002434007,-0.045151993314703133,0.015096457290560868,-0.031005379878669005,-0.0036595406762438727,0.0045983056095240714,0.33636363636363636,0.66363636363636369,0,True,True,True,0.33636363636363636,False
mv_strict,revised_where_available,equal_building,P010,P024,1540,0.012472082505904135,0.0095343973092304728,-0.013264806684971396,0.042664693578809393,0.00038205687746929349,0.011555595882629307,0.025793206143362203,0.91298701298701301,0.087012987012987014,0,True,True,True,0.087012987012987014,False
mv_strict,revised_where_available,equal_building,P010,P025,1540,0.0018562256036311542,0.0050119733310519839,-0.017769740054031168,0.019363019976744566,-0.0045963328478288582,0.001860648422457466,0.0081394292927420408,0.64155844155844155,0.35844155844155845,0,True,True,True,0.35844155844155845,False
mv_strict,revised_where_available,equal_building,P010,P026,1540,-0.0021277268007872628,0.0042669585243014646,-0.015225639682880862,0.01393726717203108,-0.0075801628604739608,-0.0022335698695185556,0.0033358091541017877,0.30584415584415586,0.69415584415584419,0,True,True,True,0.30584415584415586,False
mv_strict,revised_where_available,equal_building,P010,P027,1540,0.0046999592465105881,0.0061954393042327558,-0.015445923499558582,0.024449870387303757,-0.0027649449069904468,0.0042522556590046494,0.013343761631418609,0.76168831168831164,0.23831168831168831,0,True,True,True,0.23831168831168831,False
mv_strict,revised_where_available,equal_building,P011,P012,1540,-0.014179083898986289,0.010877055633312305,-0.049811095494528349,0.015939274574738559,-0.029155437820123073,-0.013894654919962161,-0.00028505694705800716,0.09285714285714286,0.90714285714285714,0,True,True,True,0.09285714285714286,False
mv_strict,revised_where_available,equal_building,P011,P014,1540,-0.011108358783811494,0.007329073509025604,-0.03048068331357217,0.0039492169285909595,-0.02161623934370499,-0.0099948309681934314,-0.0019631977799130155,0.036363636363636362,0.96363636363636362,0,True,True,False,0.036363636363636362,False
mv_strict,revised_where_available,equal_building,P011,P017,1540,-0.033865028646302919,0.011494854930462151,-0.099206764136890196,-0.0021311093838513838,-0.047630235461094947,-0.032311079902062376,-0.020807079176405389,0,1,0,False,False,False,0,False
mv_strict,revised_where_available,equal_building,P011,P018,1540,0.0046226507880474301,0.013621690507661249,-0.01866689262398117,0.039091264605184785,-0.0095045804111215,-0.00097630878895160929,0.025840103426815579,0.46753246753246752,0.53246753246753242,0,True,True,True,0.53246753246753242,True
mv_strict,revised_where_available,equal_building,P011,P019,1540,0.0047316349375836108,0.01526679634266335,-0.033652648420551351,0.045635740392886544,-0.014357237181960589,0.0029543163605254257,0.026497586833461449,0.58311688311688314,0.41688311688311686,0,True,True,True,0.41688311688311686,False
mv_strict,revised_where_available,equal_building,P011,P020,1540,0.00024897110615115575,0.0073449369976120622,-0.023857692112983629,0.019517390609857535,-0.00965264982452586,0.00046047766867799399,0.010169598488246381,0.53246753246753242,0.46753246753246752,0,True,True,True,0.46753246753246752,False
mv_strict,revised_where_available,equal_building,P011,P021,1540,0.020038256137008371,0.017913261544006454,-0.018796981372011759,0.083215901640197376,-0.00058510974686777411,0.017230063002383326,0.044420387017446245,0.88116883116883116,0.11883116883116883,0,True,True,True,0.11883116883116883,False
mv_strict,revised_where_available,equal_building,P011,P022,1540,-0.0029974392869050724,0.016332258503844888,-0.05167940306234451,0.041577161765615982,-0.025024776250816082,-0.0029579329524307904,0.018242836031624653,0.44610389610389611,0.55389610389610389,0,True,True,True,0.44610389610389611,False
mv_strict,revised_where_available,equal_building,P011,P023,1540,-0.011279240936058949,0.008554142543470096,-0.040096072412543884,0.010152906722037801,-0.022504480651392132,-0.01080956537931383,-0.00022676046277901826,0.094155844155844159,0.9058441558441559,0,True,True,True,0.094155844155844159,False
mv_strict,revised_where_available,equal_building,P011,P024,1540,0.011201262192065502,0.016099490429588935,-0.025768917620411627,0.053731025186405913,-0.010888386849219153,0.010908317556561091,0.032842651281253223,0.72987012987012989,0.27012987012987011,0,True,True,True,0.27012987012987011,False
mv_strict,revised_where_available,equal_building,P011,P025,1540,0.00058540528979252027,0.014887854986668033,-0.032304010084957313,0.037146370173645166,-0.017903943875203849,-0.0013001614410496007,0.022700073934461062,0.4603896103896104,0.53961038961038965,0,True,True,True,0.53961038961038965,True
mv_strict,revised_where_available,equal_building,P011,P026,1540,-0.0033985471146258965,0.014953717235016359,-0.040091332786512078,0.034175234426007763,-0.022372276497022003,-0.0051764541921623802,0.01875090290192219,0.37077922077922076,0.62922077922077924,0,True,True,True,0.37077922077922076,False
mv_strict,revised_where_available,equal_building,P011,P027,1540,0.0034291389326719548,0.015541074609675557,-0.038932769611581763,0.045255764045620206,-0.016568963789750236,0.0011980912998510868,0.02575409706928351,0.54220779220779225,0.45779220779220781,0,True,True,True,0.45779220779220781,False
mv_strict,revised_where_available,equal_building,P012,P014,1540,0.0030707251151747958,0.0082208788504532938,-0.024163319760094282,0.03507778423401877,-0.0081379095922307753,0.0035261868657962079,0.012967768454712812,0.67337662337662341,0.32662337662337665,0,True,True,True,0.32662337662337665,False
mv_strict,revised_where_available,equal_building,P012,P017,1540,-0.019685944747316629,0.010460372176448194,-0.081263058539205346,-0.0023332693201491388,-0.033031363487327797,-0.01599089477134822,-0.010180018477153078,0,1,0,False,False,False,0,False
mv_strict,revised_where_available,equal_building,P012,P018,1540,0.018801734687033719,0.01270896948928733,-0.011948594707311515,0.06586668451013708,0.0027916198134384802,0.01803713624562802,0.036617756835280367,0.938961038961039,0.061038961038961038,0,True,True,True,0.061038961038961038,False
mv_strict,revised_where_available,equal_building,P012,P019,1540,0.0189107188365699,0.010604915128524363,-0.0050369312030249247,0.054682065618944779,0.0058414875749633931,0.017783001039393648,0.03376914629673701,0.98571428571428577,0.014285714285714285,0,True,True,True,0.014285714285714285,False
mv_strict,revised_where_available,equal_building,P012,P020,1540,0.014428055005137445,0.0086849234901009691,-0.014892915887894147,0.050651504411970021,0.0030722981670882796,0.014424341500987023,0.02534937782314171,0.94805194805194803,0.051948051948051951,0,True,True,True,0.051948051948051951,False
mv_strict,revised_where_available,equal_building,P012,P021,1540,0.034217340035994658,0.017962533927193245,-0.0032586986714993882,0.10596311974151357,0.01279198524388714,0.031673324406843492,0.059700722074647397,0.99610389610389616,0.0038961038961038961,0,True,True,False,0.0038961038961038961,False
mv_strict,revised_where_available,equal_building,P012,P022,1540,0.011181644612081218,0.010192492494492698,-0.023742916508278214,0.0485801955500616,-0.00080899549773438611,0.0112935159556894,0.024427387457808331,0.87402597402597404,0.12597402597402596,0,True,True,True,0.12597402597402596,False
mv_strict,revised_where_available,equal_building,P012,P023,1540,0.0028998429629273426,0.0080017039639078448,-0.022444461557244194,0.022365341691951507,-0.0087400270821190989,0.0037468323082859942,0.01270592224370997,0.66688311688311686,0.33311688311688314,0,True,True,True,0.33311688311688314,False
mv_strict,revised_where_available,equal_building,P012,P024,1540,0.025380346091051793,0.012178232693317201,-0.0048710789860004107,0.065143815097237864,0.0098602532255705495,0.024869166376035638,0.040867025243416726,0.99350649350649356,0.0064935064935064939,0,True,True,False,0.0064935064935064939,False
mv_strict,revised_where_available,equal_building,P012,P025,1540,0.014764489188778811,0.009728030200643582,-0.0085807471951385821,0.048721412517138407,0.0036306869665230536,0.012976870707337117,0.028737716577607712,0.96883116883116882,0.031168831168831169,0,True,True,True,0.031168831168831169,False
mv_strict,revised_where_available,equal_building,P012,P026,1540,0.010780536784360393,0.0095585079999194623,-0.011962562347394772,0.041093050571736983,2.3366719820006535e-05,0.0087748030901415464,0.024427158659410888,0.9006493506493507,0.099350649350649356,0,True,True,True,0.099350649350649356,False
mv_strict,revised_where_available,equal_building,P012,P027,1540,0.017608222831658246,0.010673462868865903,-0.0039086893625213566,0.04852985219301937,0.0044247423714209285,0.016611721412125215,0.032982999761282071,0.98766233766233769,0.012337662337662338,0,True,True,False,0.012337662337662338,False
mv_strict,revised_where_available,equal_building,P014,P017,1540,-0.022756669862491429,0.0077416892655496252,-0.072628549290680605,-0.0038759669626917126,-0.03031561333217293,-0.021940592963061979,-0.014636809761330825,0,1,0,False,False,False,0,False
mv_strict,revised_where_available,equal_building,P014,P018,1540,0.015731009571858925,0.015752458562238843,-0.01422141264606536,0.063377812646435883,-0.0035517687341615582,0.012803976408654169,0.038896802563180705,0.82727272727272727,0.17272727272727273,0,True,True,True,0.17272727272727273,False
mv_strict,revised_where_available,equal_building,P014,P019,1540,0.015839993721395104,0.013849678048437706,-0.011387005470785576,0.05193808901760319,0.00066103767089923814,0.011607793830388074,0.037248023811046534,0.92012987012987013,0.079870129870129869,0,True,True,True,0.079870129870129869,False
mv_strict,revised_where_available,equal_building,P014,P020,1540,0.01135732988996265,0.007051932609821265,-0.007523246875485709,0.033800669048031494,0.0027167224652126496,0.010761149813272477,0.020877251747993781,0.96298701298701295,0.037012987012987011,0,True,True,True,0.037012987012987011,False
mv_strict,revised_where_available,equal_building,P014,P021,1540,0.031146614920819864,0.020696874657723803,-0.016701691539976079,0.11137628198522047,0.0070838636557211841,0.028525789836805648,0.059852360817253716,0.96623376623376622,0.033766233766233764,0,True,True,True,0.033766233766233764,False
mv_strict,revised_where_available,equal_building,P014,P022,1540,0.0081109194969064217,0.014402299512049729,-0.038630914554513819,0.05293078926890174,-0.0083580618781192422,0.0063415273052708915,0.027130141895341114,0.62532467532467528,0.37467532467532466,0,True,True,True,0.37467532467532466,False
mv_strict,revised_where_available,equal_building,P014,P023,1540,-0.00017088215224745344,0.0048484463174354227,-0.019897278922105729,0.015040721444070277,-0.0066330883835647152,0.00030711178242522758,0.0057068464681485779,0.5279220779220779,0.4720779220779221,0,True,True,True,0.5279220779220779,True
mv_strict,revised_where_available,equal_building,P014,P024,1540,0.022309620975876996,0.014750184685560476,-0.010946736854389297,0.060867059283928923,0.004242730817629047,0.02069995413770908,0.043084504781108597,0.96493506493506498,0.035064935064935063,0,True,True,True,0.035064935064935063,False
mv_strict,revised_where_available,equal_building,P014,P025,1540,0.011693764073604012,0.01314625072650411,-0.010507659823795631,0.041876784990126557,-0.0016002867362349758,0.0062801995162863958,0.032240991229623719,0.84155844155844151,0.15844155844155844,0,True,True,True,0.15844155844155844,False
mv_strict,revised_where_available,equal_building,P014,P026,1540,0.0077098116691855971,0.01313329578562396,-0.015039600199599806,0.041806129411827903,-0.0053834279828908985,0.0014343035034748829,0.027958973501930315,0.60519480519480517,0.39480519480519483,0,True,True,True,0.39480519480519483,False
mv_strict,revised_where_available,equal_building,P014,P027,1540,0.014537497716483449,0.014215075093902975,-0.013082768100467386,0.051513750187072598,-0.0011143526410853305,0.010423871948435259,0.036125713720313091,0.85519480519480517,0.1448051948051948,0,True,True,True,0.1448051948051948,False
mv_strict,revised_where_available,equal_building,P017,P018,1540,0.038487679434350351,0.018609708244137688,0.0015971277121215356,0.13238242549715334,0.016984322665195208,0.034677416671210055,0.064912372755009981,1,0,0,False,False,False,0,False
mv_strict,revised_where_available,equal_building,P017,P019,1540,0.038596663583886526,0.0166290097425018,0.0030054342508070118,0.10955794535437852,0.020868830796439548,0.033437140828866084,0.061747959473843483,1,0,0,False,False,False,0,False
mv_strict,revised_where_available,equal_building,P017,P020,1540,0.034113999752454077,0.010712928762445617,0.0037048435212685762,0.098574561933257226,0.022403257960962351,0.03271967205628247,0.046753081632206463,1,0,0,False,False,False,0,False
mv_strict,revised_where_available,equal_building,P017,P021,1540,0.053903284783311294,0.022833888168091294,0.0030110862568549779,0.15005725461850875,0.027007601622172327,0.051126904890272086,0.083972502910597463,1,0,0,False,False,False,0,False
mv_strict,revised_where_available,equal_building,P017,P022,1540,0.030867589359397849,0.015284291943165584,0.0027627211793688697,0.09502476372639615,0.014166521423636655,0.028028468852350961,0.051855794790961279,1,0,0,False,False,False,0,False
mv_strict,revised_where_available,equal_building,P017,P023,1540,0.022585787710243974,0.0076147982252955486,0.0028271681569565152,0.075780711452786878,0.014865217318740145,0.021893450996475584,0.029390806292892629,1,0,0,False,False,False,0,False
mv_strict,revised_where_available,equal_building,P017,P024,1540,0.045066290838368425,0.017300802170699587,0.0046960557830822945,0.12060061732976861,0.025082971870705358,0.042870257077391054,0.067795006541873926,1,0,0,False,False,False,0,False
mv_strict,revised_where_available,equal_building,P017,P025,1540,0.03445043393609544,0.016043589456994418,0.0037713848342261005,0.10486454409356355,0.018293547918929485,0.027133318905771746,0.057214097111614681,1,0,0,False,False,False,0,False
mv_strict,revised_where_available,equal_building,P017,P026,1540,0.030466481531677022,0.016153852986933233,0.0020488172381510142,0.10610609402394588,0.014429587730574817,0.022671692239811483,0.051991731465134354,1,0,0,False,False,False,0,False
mv_strict,revised_where_available,equal_building,P017,P027,1540,0.037294167578974871,0.017358708424727306,0.0037984186911787822,0.11494558566486535,0.018823809213336221,0.031686114389154946,0.061216726403457454,1,0,0,False,False,False,0,False
mv_strict,revised_where_available,equal_building,P018,P019,1540,0.00010898414953618076,0.0083234953797389141,-0.027572132082404811,0.020952468343010115,-0.010974232337102765,0.00016089546739998274,0.011057166764487295,0.50454545454545452,0.49545454545454548,0,True,True,True,0.49545454545454548,False
mv_strict,revised_where_available,equal_building,P018,P020,1540,-0.0043736796818962739,0.013322395304545842,-0.039614890178943311,0.018898076783907331,-0.025150492045392232,-0.0010801580519105257,0.010257306731248384,0.4655844155844156,0.53441558441558445,0,True,True,True,0.4655844155844156,False
mv_strict,revised_where_available,equal_building,P018,P021,1540,0.015415605348960941,0.01344248180706359,-0.0052673990253318259,0.059390416775941951,0.0021999631664329734,0.012707502939416001,0.039834336863265679,0.9616883116883117,0.038311688311688311,0,True,True,True,0.038311688311688311,False
mv_strict,revised_where_available,equal_building,P018,P022,1540,-0.007620090074952502,0.011281679449550273,-0.058347080637289397,0.01843265140125773,-0.022878809656416026,-0.0067305877350983864,0.0060418599241797198,0.27987012987012988,0.72012987012987018,0,True,True,True,0.27987012987012988,False
mv_strict,revised_where_available,equal_building,P018,P023,1540,-0.015901891724106377,0.016584282296113018,-0.068806686261764199,0.018099214719564969,-0.039753919411655958,-0.012760635846704069,0.0041484285109251225,0.19155844155844157,0.80844155844155841,0,True,True,True,0.19155844155844157,False
mv_strict,revised_where_available,equal_building,P018,P024,1540,0.0065786114040180723,0.010597163810119393,-0.020864781920314809,0.038839498533906593,-0.0074670372922999032,0.0065757271192563183,0.020379525119512396,0.7142857142857143,0.2857142857142857,0,True,True,True,0.2857142857142857,False
mv_strict,revised_where_available,equal_building,P018,P025,1540,-0.0040372454982549105,0.0088983525908691036,-0.035262285233126599,0.016593639292584929,-0.015410443033858971,-0.0035893416065630873,0.0078759239673252112,0.33116883116883117,0.66883116883116878,0,True,True,True,0.33116883116883117,False
mv_strict,revised_where_available,equal_building,P018,P026,1540,-0.0080211979026733275,0.0086593418317726344,-0.034689672397615008,0.015399431701674036,-0.019351437009230671,-0.0073654162098582172,0.0033670445077094288,0.19740259740259741,0.80259740259740264,0,True,True,True,0.19740259740259741,False
mv_strict,revised_where_available,equal_building,P018,P027,1540,-0.0011935118553754764,0.0078881556204271897,-0.020985562489381215,0.02273543389268225,-0.012373972161901304,-0.00088929180149593945,0.0086791673837017698,0.45714285714285713,0.54285714285714282,0,True,True,True,0.45714285714285713,False
mv_strict,revised_where_available,equal_building,P019,P020,1540,-0.0044826638314324554,0.012703904835769239,-0.038122254629847613,0.020484281388823911,-0.023772996304611823,-0.00057348108891576606,0.0090919194998525989,0.47792207792207791,0.52207792207792203,0,True,True,True,0.47792207792207791,False
mv_strict,revised_where_available,equal_building,P019,P021,1540,0.015306621199424757,0.016502036548076596,-0.012947438012922814,0.067021948982418394,-0.0018819968639074253,0.011046523068938075,0.040717536342773697,0.85974025974025969,0.14025974025974025,0,True,True,True,0.14025974025974025,False
mv_strict,revised_where_available,equal_building,P019,P022,1540,-0.0077290742244886836,0.0083688821313968095,-0.042334483775518066,0.016223272125668022,-0.017072145226751746,-0.0081446812658088341,0.0033854584622920315,0.17597402597402598,0.824025974025974,0,True,True,True,0.17597402597402598,False
mv_strict,revised_where_available,equal_building,P019,P023,1540,-0.016010875873642558,0.014243989170245552,-0.055391807613920124,0.0065422506402399855,-0.037359201580719571,-0.011502771386604268,-0.0004316729985608651,0.083116883116883117,0.91688311688311686,0,True,True,True,0.083116883116883117,False
mv_strict,revised_where_available,equal_building,P019,P024,1540,0.0064696272544818908,0.0065659220508660519,-0.0089022155595051868,0.028342750091807555,-0.0017196989189673928,0.0066914688558918547,0.015227236327740722,0.80519480519480524,0.19480519480519481,0,True,True,True,0.19480519480519481,False
mv_strict,revised_where_available,equal_building,P019,P025,1540,-0.0041462296477910911,0.0055190240962608786,-0.022429741824741035,0.0089480477250741194,-0.011186300619503353,-0.0036481006605418049,0.0028525834975662474,0.2448051948051948,0.7551948051948052,0,True,True,True,0.2448051948051948,False
mv_strict,revised_where_available,equal_building,P019,P026,1540,-0.0081301820522095072,0.0048944069580874648,-0.022492245383949949,0.0039613715258337359,-0.014888312837764027,-0.0076283377887244232,-0.0021910740668602108,0.030519480519480519,0.9694805194805195,0,True,True,False,0.030519480519480519,False
mv_strict,revised_where_available,equal_building,P019,P027,1540,-0.001302496004911657,0.0037100833633886307,-0.014180012161183021,0.01199716486632145,-0.0056799319039600917,-0.0014265950520178424,0.0034469690703353519,0.31688311688311688,0.68311688311688312,0,True,True,True,0.31688311688311688,False
mv_strict,revised_where_available,equal_building,P020,P021,1540,0.019789285030857213,0.01839201679204009,-0.014746188962208924,0.081387166922034515,-0.0020015152506795077,0.016101444935615952,0.046457243062168523,0.86688311688311692,0.13311688311688311,0,True,True,True,0.13311688311688311,False
mv_strict,revised_where_available,equal_building,P020,P022,1540,-0.0032464103930562277,0.014188748342046174,-0.057197208313291323,0.041567234207164197,-0.020449237747153407,-0.0039310749451666373,0.015360776960270644,0.39675324675324675,0.60324675324675325,0,True,True,True,0.39675324675324675,False
mv_strict,revised_where_available,equal_building,P020,P023,1540,-0.011528212042210103,0.0085976743582171326,-0.043083429444769755,0.0090010434248264416,-0.022993083038627266,-0.010760965401636097,-0.00076398123654122156,0.085064935064935066,0.91493506493506493,0,True,True,True,0.085064935064935066,False
mv_strict,revised_where_available,equal_building,P020,P024,1540,0.010952291085914348,0.013736707447470664,-0.020715086170850036,0.054541268210047129,-0.0057438278913846483,0.0094051945752924426,0.03000270823091641,0.7551948051948052,0.2448051948051948,0,True,True,True,0.2448051948051948,False
mv_strict,revised_where_available,equal_building,P020,P025,1540,0.00033643418364136436,0.01330564829594566,-0.031918574719622707,0.035983079739599196,-0.014981631859749841,-0.0023725562233140804,0.020584182892888547,0.43311688311688312,0.56688311688311688,0,True,True,True,0.56688311688311688,True
mv_strict,revised_where_available,equal_building,P020,P026,1540,-0.0036475182207770514,0.012945553806820574,-0.032470636089345521,0.030723414790363356,-0.01840475162285217,-0.0066177443068796468,0.016053097782876346,0.32337662337662337,0.67662337662337657,0,True,True,True,0.32337662337662337,False
mv_strict,revised_where_available,equal_building,P020,P027,1540,0.0031801678265207987,0.01268483337281151,-0.020497286416060793,0.033867679808136465,-0.01050374583601345,-0.0010271983599837199,0.023093947061111501,0.44870129870129871,0.55129870129870129,0,True,True,True,0.55129870129870129,True
mv_strict,revised_where_available,equal_building,P021,P022,1540,-0.023035695423913444,0.018373146631882047,-0.10523765022316584,0.011096996254728361,-0.048948258097916302,-0.020334860293365842,-0.0019104189256936607,0.077272727272727271,0.92272727272727273,0,True,True,True,0.077272727272727271,False
mv_strict,revised_where_available,equal_building,P021,P023,1540,-0.031317497073067316,0.021002192165985974,-0.11107460023300675,0.014257069581468006,-0.060768686143452634,-0.028850954467004218,-0.0059953258472403969,0.034415584415584413,0.96558441558441555,0,True,True,True,0.034415584415584413,False
mv_strict,revised_where_available,equal_building,P021,P024,1540,-0.0088369939449428683,0.017749428349434205,-0.060395591773128803,0.022504847139926051,-0.035914873150172041,-0.004108034481221965,0.0087348482655891426,0.37207792207792206,0.62792207792207788,0,True,True,True,0.37207792207792206,False
mv_strict,revised_where_available,equal_building,P021,P025,1540,-0.01945285084721585,0.016541491813613703,-0.077477497822860508,0.016394181769050397,-0.042836883375399676,-0.016148712823744846,-0.0015209742433465591,0.072727272727272724,0.92727272727272725,0,True,True,True,0.072727272727272724,False
mv_strict,revised_where_available,equal_building,P021,P026,1540,-0.023436803251634265,0.016667986582376896,-0.080908130996060534,0.013617225211692993,-0.046031993246537971,-0.020099855421509605,-0.0060357685185232152,0.036363636363636362,0.96363636363636362,0,True,True,True,0.036363636363636362,False
mv_strict,revised_where_available,equal_building,P021,P027,1540,-0.016609117204336415,0.015839612118014185,-0.069703696212848137,0.014341406892974765,-0.040780927061197632,-0.012701068987084068,-7.4074433246379076e-05,0.096103896103896108,0.90389610389610386,0,True,True,True,0.096103896103896108,False
mv_strict,revised_where_available,equal_building,P022,P023,1540,-0.0082818016491538731,0.013898316608975145,-0.047654441671571762,0.036764087139785045,-0.027191940491017086,-0.0060844025865711918,0.0076500591068715765,0.36493506493506495,0.63506493506493511,0,True,True,True,0.36493506493506495,False
mv_strict,revised_where_available,equal_building,P022,P024,1540,0.014198701478970574,0.0079481104214977547,-0.0037303579051504304,0.055836327274782445,0.0041715596190608061,0.013862683138634048,0.023546960896644473,0.98246753246753249,0.017532467532467531,0,True,True,False,0.017532467532467531,False
mv_strict,revised_where_available,equal_building,P022,P025,1540,0.0035828445766975924,0.0075244423398245887,-0.019079750322320593,0.035355867598533465,-0.0083673327086167901,0.0052846456095904781,0.011143729055236721,0.75064935064935068,0.24935064935064935,0,True,True,True,0.24935064935064935,False
mv_strict,revised_where_available,equal_building,P022,P026,1540,-0.000401107827720824,0.0077529550494156866,-0.021423365671246392,0.032464278620540778,-0.01270813930292963,0.0012365305890971526,0.0065725142414719325,0.61818181818181817,0.38181818181818183,0,True,True,True,0.61818181818181817,True
mv_strict,revised_where_available,equal_building,P022,P027,1540,0.0064265782195770263,0.0093750052975847976,-0.019275731056833788,0.051606651852422976,-0.0067983570955865514,0.0069366098329132573,0.017103740476580014,0.78441558441558445,0.21558441558441557,0,True,True,True,0.21558441558441557,False
mv_strict,revised_where_available,equal_building,P023,P024,1540,0.022480503128124447,0.014711019625467857,-0.0064309417992108181,0.06629593289925724,0.0043793763279863542,0.020640929864491106,0.043822071038426481,0.97142857142857142,0.028571428571428571,0,True,True,True,0.028571428571428571,False
mv_strict,revised_where_available,equal_building,P023,P025,1540,0.011864646225851467,0.013558269366199322,-0.010654681070308505,0.04352632443947007,-0.0023388866557332616,0.0060775967313709198,0.032751032160556942,0.81818181818181823,0.18181818181818182,0,True,True,True,0.18181818181818182,False
mv_strict,revised_where_available,equal_building,P023,P026,1540,0.0078806938214330512,0.013843047091450594,-0.016204579098382639,0.044616402911537532,-0.0062572436435052552,0.0016375950817943911,0.028555427385899078,0.57012987012987015,0.42987012987012985,0,True,True,True,0.42987012987012985,False
mv_strict,revised_where_available,equal_building,P023,P027,1540,0.0147083798687309,0.015346146462576085,-0.015748675308000035,0.054335551858593484,-0.0021043061912583848,0.010024317032319966,0.037683082689724381,0.82467532467532467,0.17532467532467533,0,True,True,True,0.17532467532467533,False
mv_strict,revised_where_available,equal_building,P024,P025,1540,-0.010615856902272982,0.0093395563080170448,-0.041732963726427597,0.013929926140350948,-0.023081003185116383,-0.0098441318086225933,0.0007001846373680769,0.11688311688311688,0.88311688311688308,0,True,True,True,0.11688311688311688,False
mv_strict,revised_where_available,equal_building,P024,P026,1540,-0.0145998093066914,0.0086026063585270714,-0.042880884514902282,0.0068933386703725584,-0.026277120614921275,-0.014089156504509516,-0.0036600255754990754,0.024025974025974027,0.97597402597402594,0,True,True,True,0.024025974025974027,False
mv_strict,revised_where_available,equal_building,P024,P027,1540,-0.007772123259393548,0.0081529405043416249,-0.032554246182203511,0.015199245801198552,-0.018427935240645787,-0.0079947862079381305,0.0023304772811457469,0.19935064935064936,0.80064935064935061,0,True,True,True,0.19935064935064936,False
mv_strict,revised_where_available,equal_building,P025,P026,1540,-0.0039839524044184161,0.0031548948510385349,-0.013592170909462957,0.0086767427325710293,-0.0078452873032411798,-0.0040995936570042968,-0.00019657504405877827,0.09285714285714286,0.90714285714285714,0,True,True,True,0.09285714285714286,False
mv_strict,revised_where_available,equal_building,P025,P027,1540,0.0028437336428794339,0.0060884578786312054,-0.01341047152033362,0.023846499452117646,-0.0043514739415738777,0.0022574360733356221,0.011201670612369669,0.64415584415584415,0.35584415584415585,0,True,True,True,0.35584415584415585,False
mv_strict,revised_where_available,equal_building,P026,P027,1540,0.0068276860472978509,0.0052040532915968154,-0.013083735907195641,0.022651531728649185,0.00079538252123127382,0.0062831469208501859,0.01388646374954349,0.94025974025974024,0.059740259740259739,0,True,True,True,0.059740259740259739,False
