code,image_id,condition,view,cut,N,compatible_pairs,compatible_pairs_split
2t7WUuJeko7-06,2t7WUuJeko7_3be66dc4f0fb46449d63b07d92c74f3f,manual,count_only,0.0,3,3,0
2t7WUuJeko7-06,2t7WUuJeko7_3be66dc4f0fb46449d63b07d92c74f3f,manual,split_fixed,3.0,3,2,1
2t7WUuJeko7-06,2t7WUuJeko7_3be66dc4f0fb46449d63b07d92c74f3f,manual,split_fixed,6.0,3,3,0
2t7WUuJeko7-06,2t7WUuJeko7_3be66dc4f0fb46449d63b07d92c74f3f,manual,split_fixed,9.0,3,3,0
2t7WUuJeko7-06,2t7WUuJeko7_3be66dc4f0fb46449d63b07d92c74f3f,manual,split_fixed,12.0,3,3,0
2t7WUuJeko7-06,2t7WUuJeko7_3be66dc4f0fb46449d63b07d92c74f3f,manual,bound_fixed,3.0,3,2,1
2t7WUuJeko7-06,2t7WUuJeko7_3be66dc4f0fb46449d63b07d92c74f3f,manual,bound_fixed,6.0,3,3,0
2t7WUuJeko7-06,2t7WUuJeko7_3be66dc4f0fb46449d63b07d92c74f3f,manual,bound_fixed,9.0,3,3,0
2t7WUuJeko7-06,2t7WUuJeko7_3be66dc4f0fb46449d63b07d92c74f3f,manual,bound_fixed,12.0,3,3,0
2t7WUuJeko7-06,2t7WUuJeko7_3be66dc4f0fb46449d63b07d92c74f3f,manual,split_cyclic,3.0,3,2,1
2t7WUuJeko7-06,2t7WUuJeko7_3be66dc4f0fb46449d63b07d92c74f3f,manual,split_cyclic,6.0,3,3,0
2t7WUuJeko7-06,2t7WUuJeko7_3be66dc4f0fb46449d63b07d92c74f3f,manual,split_cyclic,9.0,3,3,0
2t7WUuJeko7-06,2t7WUuJeko7_3be66dc4f0fb46449d63b07d92c74f3f,manual,split_cyclic,12.0,3,3,0
2t7WUuJeko7-06,2t7WUuJeko7_3be66dc4f0fb46449d63b07d92c74f3f,manual,bound_cyclic,3.0,3,2,1
2t7WUuJeko7-06,2t7WUuJeko7_3be66dc4f0fb46449d63b07d92c74f3f,manual,bound_cyclic,6.0,3,3,0
2t7WUuJeko7-06,2t7WUuJeko7_3be66dc4f0fb46449d63b07d92c74f3f,manual,bound_cyclic,9.0,3,3,0
2t7WUuJeko7-06,2t7WUuJeko7_3be66dc4f0fb46449d63b07d92c74f3f,manual,bound_cyclic,12.0,3,3,0
2t7WUuJeko7-06,2t7WUuJeko7_3be66dc4f0fb46449d63b07d92c74f3f,manual,split_free,3.0,3,2,1
2t7WUuJeko7-06,2t7WUuJeko7_3be66dc4f0fb46449d63b07d92c74f3f,manual,split_free,6.0,3,3,0
2t7WUuJeko7-06,2t7WUuJeko7_3be66dc4f0fb46449d63b07d92c74f3f,manual,split_free,9.0,3,3,0
2t7WUuJeko7-06,2t7WUuJeko7_3be66dc4f0fb46449d63b07d92c74f3f,manual,split_free,12.0,3,3,0
2t7WUuJeko7-06,2t7WUuJeko7_3be66dc4f0fb46449d63b07d92c74f3f,manual,bound_free,3.0,3,2,1
2t7WUuJeko7-06,2t7WUuJeko7_3be66dc4f0fb46449d63b07d92c74f3f,manual,bound_free,6.0,3,3,0
2t7WUuJeko7-06,2t7WUuJeko7_3be66dc4f0fb46449d63b07d92c74f3f,manual,bound_free,9.0,3,3,0
2t7WUuJeko7-06,2t7WUuJeko7_3be66dc4f0fb46449d63b07d92c74f3f,manual,bound_free,12.0,3,3,0
2t7WUuJeko7-06,2t7WUuJeko7_3be66dc4f0fb46449d63b07d92c74f3f,manual,top_fixed,3.0,3,3,0
2t7WUuJeko7-06,2t7WUuJeko7_3be66dc4f0fb46449d63b07d92c74f3f,manual,top_fixed,6.0,3,3,0
2t7WUuJeko7-06,2t7WUuJeko7_3be66dc4f0fb46449d63b07d92c74f3f,manual,top_fixed,9.0,3,3,0
2t7WUuJeko7-06,2t7WUuJeko7_3be66dc4f0fb46449d63b07d92c74f3f,manual,top_fixed,12.0,3,3,0
2t7WUuJeko7-06,2t7WUuJeko7_3be66dc4f0fb46449d63b07d92c74f3f,manual,bottom_fixed,3.0,3,2,1
2t7WUuJeko7-06,2t7WUuJeko7_3be66dc4f0fb46449d63b07d92c74f3f,manual,bottom_fixed,6.0,3,3,0
2t7WUuJeko7-06,2t7WUuJeko7_3be66dc4f0fb46449d63b07d92c74f3f,manual,bottom_fixed,9.0,3,3,0
2t7WUuJeko7-06,2t7WUuJeko7_3be66dc4f0fb46449d63b07d92c74f3f,manual,bottom_fixed,12.0,3,3,0
2t7WUuJeko7-09,2t7WUuJeko7_7b017f053981438a9c075e599f2c5866,manual,count_only,0.0,3,3,0
2t7WUuJeko7-09,2t7WUuJeko7_7b017f053981438a9c075e599f2c5866,manual,split_fixed,3.0,3,0,0
2t7WUuJeko7-09,2t7WUuJeko7_7b017f053981438a9c075e599f2c5866,manual,split_fixed,6.0,3,1,0
2t7WUuJeko7-09,2t7WUuJeko7_7b017f053981438a9c075e599f2c5866,manual,split_fixed,9.0,3,2,1
2t7WUuJeko7-09,2t7WUuJeko7_7b017f053981438a9c075e599f2c5866,manual,split_fixed,12.0,3,3,0
2t7WUuJeko7-09,2t7WUuJeko7_7b017f053981438a9c075e599f2c5866,manual,bound_fixed,3.0,3,0,0
2t7WUuJeko7-09,2t7WUuJeko7_7b017f053981438a9c075e599f2c5866,manual,bound_fixed,6.0,3,1,0
2t7WUuJeko7-09,2t7WUuJeko7_7b017f053981438a9c075e599f2c5866,manual,bound_fixed,9.0,3,2,1
2t7WUuJeko7-09,2t7WUuJeko7_7b017f053981438a9c075e599f2c5866,manual,bound_fixed,12.0,3,3,0
2t7WUuJeko7-09,2t7WUuJeko7_7b017f053981438a9c075e599f2c5866,manual,split_cyclic,3.0,3,0,0
2t7WUuJeko7-09,2t7WUuJeko7_7b017f053981438a9c075e599f2c5866,manual,split_cyclic,6.0,3,1,0
2t7WUuJeko7-09,2t7WUuJeko7_7b017f053981438a9c075e599f2c5866,manual,split_cyclic,9.0,3,2,1
2t7WUuJeko7-09,2t7WUuJeko7_7b017f053981438a9c075e599f2c5866,manual,split_cyclic,12.0,3,3,0
2t7WUuJeko7-09,2t7WUuJeko7_7b017f053981438a9c075e599f2c5866,manual,bound_cyclic,3.0,3,0,0
2t7WUuJeko7-09,2t7WUuJeko7_7b017f053981438a9c075e599f2c5866,manual,bound_cyclic,6.0,3,1,0
2t7WUuJeko7-09,2t7WUuJeko7_7b017f053981438a9c075e599f2c5866,manual,bound_cyclic,9.0,3,2,1
2t7WUuJeko7-09,2t7WUuJeko7_7b017f053981438a9c075e599f2c5866,manual,bound_cyclic,12.0,3,3,0
2t7WUuJeko7-09,2t7WUuJeko7_7b017f053981438a9c075e599f2c5866,manual,split_free,3.0,3,0,0
2t7WUuJeko7-09,2t7WUuJeko7_7b017f053981438a9c075e599f2c5866,manual,split_free,6.0,3,1,0
2t7WUuJeko7-09,2t7WUuJeko7_7b017f053981438a9c075e599f2c5866,manual,split_free,9.0,3,2,1
2t7WUuJeko7-09,2t7WUuJeko7_7b017f053981438a9c075e599f2c5866,manual,split_free,12.0,3,3,0
2t7WUuJeko7-09,2t7WUuJeko7_7b017f053981438a9c075e599f2c5866,manual,bound_free,3.0,3,0,0
2t7WUuJeko7-09,2t7WUuJeko7_7b017f053981438a9c075e599f2c5866,manual,bound_free,6.0,3,1,0
2t7WUuJeko7-09,2t7WUuJeko7_7b017f053981438a9c075e599f2c5866,manual,bound_free,9.0,3,2,1
2t7WUuJeko7-09,2t7WUuJeko7_7b017f053981438a9c075e599f2c5866,manual,bound_free,12.0,3,3,0
2t7WUuJeko7-09,2t7WUuJeko7_7b017f053981438a9c075e599f2c5866,manual,top_fixed,3.0,3,3,0
2t7WUuJeko7-09,2t7WUuJeko7_7b017f053981438a9c075e599f2c5866,manual,top_fixed,6.0,3,3,0
2t7WUuJeko7-09,2t7WUuJeko7_7b017f053981438a9c075e599f2c5866,manual,top_fixed,9.0,3,3,0
2t7WUuJeko7-09,2t7WUuJeko7_7b017f053981438a9c075e599f2c5866,manual,top_fixed,12.0,3,3,0
2t7WUuJeko7-09,2t7WUuJeko7_7b017f053981438a9c075e599f2c5866,manual,bottom_fixed,3.0,3,0,0
2t7WUuJeko7-09,2t7WUuJeko7_7b017f053981438a9c075e599f2c5866,manual,bottom_fixed,6.0,3,1,0
2t7WUuJeko7-09,2t7WUuJeko7_7b017f053981438a9c075e599f2c5866,manual,bottom_fixed,9.0,3,2,1
2t7WUuJeko7-09,2t7WUuJeko7_7b017f053981438a9c075e599f2c5866,manual,bottom_fixed,12.0,3,3,0
2t7WUuJeko7-13,2t7WUuJeko7_976c954bc5944db493d6149ee4bc7a2a,manual,count_only,0.0,1,0,0
2t7WUuJeko7-13,2t7WUuJeko7_976c954bc5944db493d6149ee4bc7a2a,manual,split_fixed,3.0,1,0,0
2t7WUuJeko7-13,2t7WUuJeko7_976c954bc5944db493d6149ee4bc7a2a,manual,split_fixed,6.0,1,0,0
2t7WUuJeko7-13,2t7WUuJeko7_976c954bc5944db493d6149ee4bc7a2a,manual,split_fixed,9.0,1,0,0
2t7WUuJeko7-13,2t7WUuJeko7_976c954bc5944db493d6149ee4bc7a2a,manual,split_fixed,12.0,1,0,0
2t7WUuJeko7-13,2t7WUuJeko7_976c954bc5944db493d6149ee4bc7a2a,manual,bound_fixed,3.0,1,0,0
2t7WUuJeko7-13,2t7WUuJeko7_976c954bc5944db493d6149ee4bc7a2a,manual,bound_fixed,6.0,1,0,0
2t7WUuJeko7-13,2t7WUuJeko7_976c954bc5944db493d6149ee4bc7a2a,manual,bound_fixed,9.0,1,0,0
2t7WUuJeko7-13,2t7WUuJeko7_976c954bc5944db493d6149ee4bc7a2a,manual,bound_fixed,12.0,1,0,0
2t7WUuJeko7-13,2t7WUuJeko7_976c954bc5944db493d6149ee4bc7a2a,manual,split_cyclic,3.0,1,0,0
2t7WUuJeko7-13,2t7WUuJeko7_976c954bc5944db493d6149ee4bc7a2a,manual,split_cyclic,6.0,1,0,0
2t7WUuJeko7-13,2t7WUuJeko7_976c954bc5944db493d6149ee4bc7a2a,manual,split_cyclic,9.0,1,0,0
2t7WUuJeko7-13,2t7WUuJeko7_976c954bc5944db493d6149ee4bc7a2a,manual,split_cyclic,12.0,1,0,0
2t7WUuJeko7-13,2t7WUuJeko7_976c954bc5944db493d6149ee4bc7a2a,manual,bound_cyclic,3.0,1,0,0
2t7WUuJeko7-13,2t7WUuJeko7_976c954bc5944db493d6149ee4bc7a2a,manual,bound_cyclic,6.0,1,0,0
2t7WUuJeko7-13,2t7WUuJeko7_976c954bc5944db493d6149ee4bc7a2a,manual,bound_cyclic,9.0,1,0,0
2t7WUuJeko7-13,2t7WUuJeko7_976c954bc5944db493d6149ee4bc7a2a,manual,bound_cyclic,12.0,1,0,0
2t7WUuJeko7-13,2t7WUuJeko7_976c954bc5944db493d6149ee4bc7a2a,manual,split_free,3.0,1,0,0
2t7WUuJeko7-13,2t7WUuJeko7_976c954bc5944db493d6149ee4bc7a2a,manual,split_free,6.0,1,0,0
2t7WUuJeko7-13,2t7WUuJeko7_976c954bc5944db493d6149ee4bc7a2a,manual,split_free,9.0,1,0,0
2t7WUuJeko7-13,2t7WUuJeko7_976c954bc5944db493d6149ee4bc7a2a,manual,split_free,12.0,1,0,0
2t7WUuJeko7-13,2t7WUuJeko7_976c954bc5944db493d6149ee4bc7a2a,manual,bound_free,3.0,1,0,0
2t7WUuJeko7-13,2t7WUuJeko7_976c954bc5944db493d6149ee4bc7a2a,manual,bound_free,6.0,1,0,0
2t7WUuJeko7-13,2t7WUuJeko7_976c954bc5944db493d6149ee4bc7a2a,manual,bound_free,9.0,1,0,0
2t7WUuJeko7-13,2t7WUuJeko7_976c954bc5944db493d6149ee4bc7a2a,manual,bound_free,12.0,1,0,0
2t7WUuJeko7-13,2t7WUuJeko7_976c954bc5944db493d6149ee4bc7a2a,manual,top_fixed,3.0,1,0,0
2t7WUuJeko7-13,2t7WUuJeko7_976c954bc5944db493d6149ee4bc7a2a,manual,top_fixed,6.0,1,0,0
2t7WUuJeko7-13,2t7WUuJeko7_976c954bc5944db493d6149ee4bc7a2a,manual,top_fixed,9.0,1,0,0
2t7WUuJeko7-13,2t7WUuJeko7_976c954bc5944db493d6149ee4bc7a2a,manual,top_fixed,12.0,1,0,0
2t7WUuJeko7-13,2t7WUuJeko7_976c954bc5944db493d6149ee4bc7a2a,manual,bottom_fixed,3.0,1,0,0
2t7WUuJeko7-13,2t7WUuJeko7_976c954bc5944db493d6149ee4bc7a2a,manual,bottom_fixed,6.0,1,0,0
2t7WUuJeko7-13,2t7WUuJeko7_976c954bc5944db493d6149ee4bc7a2a,manual,bottom_fixed,9.0,1,0,0
2t7WUuJeko7-13,2t7WUuJeko7_976c954bc5944db493d6149ee4bc7a2a,manual,bottom_fixed,12.0,1,0,0
7y3sRwLe3Va-03,7y3sRwLe3Va_112edb40f34e470da3a5b04599e71211,manual,count_only,0.0,5,6,0
7y3sRwLe3Va-03,7y3sRwLe3Va_112edb40f34e470da3a5b04599e71211,manual,split_fixed,3.0,5,1,0
7y3sRwLe3Va-03,7y3sRwLe3Va_112edb40f34e470da3a5b04599e71211,manual,split_fixed,6.0,5,3,0
7y3sRwLe3Va-03,7y3sRwLe3Va_112edb40f34e470da3a5b04599e71211,manual,split_fixed,9.0,5,6,0
7y3sRwLe3Va-03,7y3sRwLe3Va_112edb40f34e470da3a5b04599e71211,manual,split_fixed,12.0,5,6,0
7y3sRwLe3Va-03,7y3sRwLe3Va_112edb40f34e470da3a5b04599e71211,manual,bound_fixed,3.0,5,1,0
7y3sRwLe3Va-03,7y3sRwLe3Va_112edb40f34e470da3a5b04599e71211,manual,bound_fixed,6.0,5,3,0
7y3sRwLe3Va-03,7y3sRwLe3Va_112edb40f34e470da3a5b04599e71211,manual,bound_fixed,9.0,5,6,0
7y3sRwLe3Va-03,7y3sRwLe3Va_112edb40f34e470da3a5b04599e71211,manual,bound_fixed,12.0,5,6,0
7y3sRwLe3Va-03,7y3sRwLe3Va_112edb40f34e470da3a5b04599e71211,manual,split_cyclic,3.0,5,1,0
7y3sRwLe3Va-03,7y3sRwLe3Va_112edb40f34e470da3a5b04599e71211,manual,split_cyclic,6.0,5,3,0
7y3sRwLe3Va-03,7y3sRwLe3Va_112edb40f34e470da3a5b04599e71211,manual,split_cyclic,9.0,5,6,0
7y3sRwLe3Va-03,7y3sRwLe3Va_112edb40f34e470da3a5b04599e71211,manual,split_cyclic,12.0,5,6,0
7y3sRwLe3Va-03,7y3sRwLe3Va_112edb40f34e470da3a5b04599e71211,manual,bound_cyclic,3.0,5,1,0
7y3sRwLe3Va-03,7y3sRwLe3Va_112edb40f34e470da3a5b04599e71211,manual,bound_cyclic,6.0,5,3,0
7y3sRwLe3Va-03,7y3sRwLe3Va_112edb40f34e470da3a5b04599e71211,manual,bound_cyclic,9.0,5,6,0
7y3sRwLe3Va-03,7y3sRwLe3Va_112edb40f34e470da3a5b04599e71211,manual,bound_cyclic,12.0,5,6,0
7y3sRwLe3Va-03,7y3sRwLe3Va_112edb40f34e470da3a5b04599e71211,manual,split_free,3.0,5,1,0
7y3sRwLe3Va-03,7y3sRwLe3Va_112edb40f34e470da3a5b04599e71211,manual,split_free,6.0,5,3,0
7y3sRwLe3Va-03,7y3sRwLe3Va_112edb40f34e470da3a5b04599e71211,manual,split_free,9.0,5,6,0
7y3sRwLe3Va-03,7y3sRwLe3Va_112edb40f34e470da3a5b04599e71211,manual,split_free,12.0,5,6,0
7y3sRwLe3Va-03,7y3sRwLe3Va_112edb40f34e470da3a5b04599e71211,manual,bound_free,3.0,5,1,0
7y3sRwLe3Va-03,7y3sRwLe3Va_112edb40f34e470da3a5b04599e71211,manual,bound_free,6.0,5,3,0
7y3sRwLe3Va-03,7y3sRwLe3Va_112edb40f34e470da3a5b04599e71211,manual,bound_free,9.0,5,6,0
7y3sRwLe3Va-03,7y3sRwLe3Va_112edb40f34e470da3a5b04599e71211,manual,bound_free,12.0,5,6,0
7y3sRwLe3Va-03,7y3sRwLe3Va_112edb40f34e470da3a5b04599e71211,manual,top_fixed,3.0,5,1,0
7y3sRwLe3Va-03,7y3sRwLe3Va_112edb40f34e470da3a5b04599e71211,manual,top_fixed,6.0,5,5,2
7y3sRwLe3Va-03,7y3sRwLe3Va_112edb40f34e470da3a5b04599e71211,manual,top_fixed,9.0,5,6,0
7y3sRwLe3Va-03,7y3sRwLe3Va_112edb40f34e470da3a5b04599e71211,manual,top_fixed,12.0,5,6,0
7y3sRwLe3Va-03,7y3sRwLe3Va_112edb40f34e470da3a5b04599e71211,manual,bottom_fixed,3.0,5,1,0
7y3sRwLe3Va-03,7y3sRwLe3Va_112edb40f34e470da3a5b04599e71211,manual,bottom_fixed,6.0,5,3,0
7y3sRwLe3Va-03,7y3sRwLe3Va_112edb40f34e470da3a5b04599e71211,manual,bottom_fixed,9.0,5,6,0
7y3sRwLe3Va-03,7y3sRwLe3Va_112edb40f34e470da3a5b04599e71211,manual,bottom_fixed,12.0,5,6,0
7y3sRwLe3Va-04,7y3sRwLe3Va_1410b021e1c14f529188eb026fbb369a,manual,count_only,0.0,24,276,0
7y3sRwLe3Va-04,7y3sRwLe3Va_1410b021e1c14f529188eb026fbb369a,manual,split_fixed,3.0,24,182,60
7y3sRwLe3Va-04,7y3sRwLe3Va_1410b021e1c14f529188eb026fbb369a,manual,split_fixed,6.0,24,275,43
7y3sRwLe3Va-04,7y3sRwLe3Va_1410b021e1c14f529188eb026fbb369a,manual,split_fixed,9.0,24,276,0
7y3sRwLe3Va-04,7y3sRwLe3Va_1410b021e1c14f529188eb026fbb369a,manual,split_fixed,12.0,24,276,0
7y3sRwLe3Va-04,7y3sRwLe3Va_1410b021e1c14f529188eb026fbb369a,manual,bound_fixed,3.0,24,182,60
7y3sRwLe3Va-04,7y3sRwLe3Va_1410b021e1c14f529188eb026fbb369a,manual,bound_fixed,6.0,24,275,43
7y3sRwLe3Va-04,7y3sRwLe3Va_1410b021e1c14f529188eb026fbb369a,manual,bound_fixed,9.0,24,276,0
7y3sRwLe3Va-04,7y3sRwLe3Va_1410b021e1c14f529188eb026fbb369a,manual,bound_fixed,12.0,24,276,0
7y3sRwLe3Va-04,7y3sRwLe3Va_1410b021e1c14f529188eb026fbb369a,manual,split_cyclic,3.0,24,182,60
7y3sRwLe3Va-04,7y3sRwLe3Va_1410b021e1c14f529188eb026fbb369a,manual,split_cyclic,6.0,24,275,43
7y3sRwLe3Va-04,7y3sRwLe3Va_1410b021e1c14f529188eb026fbb369a,manual,split_cyclic,9.0,24,276,0
7y3sRwLe3Va-04,7y3sRwLe3Va_1410b021e1c14f529188eb026fbb369a,manual,split_cyclic,12.0,24,276,0
7y3sRwLe3Va-04,7y3sRwLe3Va_1410b021e1c14f529188eb026fbb369a,manual,bound_cyclic,3.0,24,182,60
7y3sRwLe3Va-04,7y3sRwLe3Va_1410b021e1c14f529188eb026fbb369a,manual,bound_cyclic,6.0,24,275,43
7y3sRwLe3Va-04,7y3sRwLe3Va_1410b021e1c14f529188eb026fbb369a,manual,bound_cyclic,9.0,24,276,0
7y3sRwLe3Va-04,7y3sRwLe3Va_1410b021e1c14f529188eb026fbb369a,manual,bound_cyclic,12.0,24,276,0
7y3sRwLe3Va-04,7y3sRwLe3Va_1410b021e1c14f529188eb026fbb369a,manual,split_free,3.0,24,182,60
7y3sRwLe3Va-04,7y3sRwLe3Va_1410b021e1c14f529188eb026fbb369a,manual,split_free,6.0,24,275,43
7y3sRwLe3Va-04,7y3sRwLe3Va_1410b021e1c14f529188eb026fbb369a,manual,split_free,9.0,24,276,0
7y3sRwLe3Va-04,7y3sRwLe3Va_1410b021e1c14f529188eb026fbb369a,manual,split_free,12.0,24,276,0
7y3sRwLe3Va-04,7y3sRwLe3Va_1410b021e1c14f529188eb026fbb369a,manual,bound_free,3.0,24,182,60
7y3sRwLe3Va-04,7y3sRwLe3Va_1410b021e1c14f529188eb026fbb369a,manual,bound_free,6.0,24,275,43
7y3sRwLe3Va-04,7y3sRwLe3Va_1410b021e1c14f529188eb026fbb369a,manual,bound_free,9.0,24,276,0
7y3sRwLe3Va-04,7y3sRwLe3Va_1410b021e1c14f529188eb026fbb369a,manual,bound_free,12.0,24,276,0
7y3sRwLe3Va-04,7y3sRwLe3Va_1410b021e1c14f529188eb026fbb369a,manual,top_fixed,3.0,24,211,95
7y3sRwLe3Va-04,7y3sRwLe3Va_1410b021e1c14f529188eb026fbb369a,manual,top_fixed,6.0,24,276,0
7y3sRwLe3Va-04,7y3sRwLe3Va_1410b021e1c14f529188eb026fbb369a,manual,top_fixed,9.0,24,276,0
7y3sRwLe3Va-04,7y3sRwLe3Va_1410b021e1c14f529188eb026fbb369a,manual,top_fixed,12.0,24,276,0
7y3sRwLe3Va-04,7y3sRwLe3Va_1410b021e1c14f529188eb026fbb369a,manual,bottom_fixed,3.0,24,216,92
7y3sRwLe3Va-04,7y3sRwLe3Va_1410b021e1c14f529188eb026fbb369a,manual,bottom_fixed,6.0,24,275,79
7y3sRwLe3Va-04,7y3sRwLe3Va_1410b021e1c14f529188eb026fbb369a,manual,bottom_fixed,9.0,24,276,0
7y3sRwLe3Va-04,7y3sRwLe3Va_1410b021e1c14f529188eb026fbb369a,manual,bottom_fixed,12.0,24,276,0
7y3sRwLe3Va-08,7y3sRwLe3Va_4291cbfde1024467b1548934653f07ce,oos,count_only,0.0,24,86,0
7y3sRwLe3Va-08,7y3sRwLe3Va_4291cbfde1024467b1548934653f07ce,oos,split_fixed,3.0,24,2,0
7y3sRwLe3Va-08,7y3sRwLe3Va_4291cbfde1024467b1548934653f07ce,oos,split_fixed,6.0,24,23,9
7y3sRwLe3Va-08,7y3sRwLe3Va_4291cbfde1024467b1548934653f07ce,oos,split_fixed,9.0,24,27,8
7y3sRwLe3Va-08,7y3sRwLe3Va_4291cbfde1024467b1548934653f07ce,oos,split_fixed,12.0,24,29,0
7y3sRwLe3Va-08,7y3sRwLe3Va_4291cbfde1024467b1548934653f07ce,oos,bound_fixed,3.0,22,2,0
7y3sRwLe3Va-08,7y3sRwLe3Va_4291cbfde1024467b1548934653f07ce,oos,bound_fixed,6.0,22,20,7
7y3sRwLe3Va-08,7y3sRwLe3Va_4291cbfde1024467b1548934653f07ce,oos,bound_fixed,9.0,22,23,8
7y3sRwLe3Va-08,7y3sRwLe3Va_4291cbfde1024467b1548934653f07ce,oos,bound_fixed,12.0,22,25,0
7y3sRwLe3Va-08,7y3sRwLe3Va_4291cbfde1024467b1548934653f07ce,oos,split_cyclic,3.0,24,2,0
7y3sRwLe3Va-08,7y3sRwLe3Va_4291cbfde1024467b1548934653f07ce,oos,split_cyclic,6.0,24,23,9
7y3sRwLe3Va-08,7y3sRwLe3Va_4291cbfde1024467b1548934653f07ce,oos,split_cyclic,9.0,24,27,8
7y3sRwLe3Va-08,7y3sRwLe3Va_4291cbfde1024467b1548934653f07ce,oos,split_cyclic,12.0,24,29,0
7y3sRwLe3Va-08,7y3sRwLe3Va_4291cbfde1024467b1548934653f07ce,oos,bound_cyclic,3.0,22,2,0
7y3sRwLe3Va-08,7y3sRwLe3Va_4291cbfde1024467b1548934653f07ce,oos,bound_cyclic,6.0,22,20,7
7y3sRwLe3Va-08,7y3sRwLe3Va_4291cbfde1024467b1548934653f07ce,oos,bound_cyclic,9.0,22,23,8
7y3sRwLe3Va-08,7y3sRwLe3Va_4291cbfde1024467b1548934653f07ce,oos,bound_cyclic,12.0,22,25,0
7y3sRwLe3Va-08,7y3sRwLe3Va_4291cbfde1024467b1548934653f07ce,oos,split_free,3.0,24,2,0
7y3sRwLe3Va-08,7y3sRwLe3Va_4291cbfde1024467b1548934653f07ce,oos,split_free,6.0,24,23,9
7y3sRwLe3Va-08,7y3sRwLe3Va_4291cbfde1024467b1548934653f07ce,oos,split_free,9.0,24,27,8
7y3sRwLe3Va-08,7y3sRwLe3Va_4291cbfde1024467b1548934653f07ce,oos,split_free,12.0,24,29,0
7y3sRwLe3Va-08,7y3sRwLe3Va_4291cbfde1024467b1548934653f07ce,oos,bound_free,3.0,22,2,0
7y3sRwLe3Va-08,7y3sRwLe3Va_4291cbfde1024467b1548934653f07ce,oos,bound_free,6.0,22,20,7
7y3sRwLe3Va-08,7y3sRwLe3Va_4291cbfde1024467b1548934653f07ce,oos,bound_free,9.0,22,23,8
7y3sRwLe3Va-08,7y3sRwLe3Va_4291cbfde1024467b1548934653f07ce,oos,bound_free,12.0,22,25,0
7y3sRwLe3Va-08,7y3sRwLe3Va_4291cbfde1024467b1548934653f07ce,oos,top_fixed,3.0,24,35,17
7y3sRwLe3Va-08,7y3sRwLe3Va_4291cbfde1024467b1548934653f07ce,oos,top_fixed,6.0,24,63,12
7y3sRwLe3Va-08,7y3sRwLe3Va_4291cbfde1024467b1548934653f07ce,oos,top_fixed,9.0,24,72,0
7y3sRwLe3Va-08,7y3sRwLe3Va_4291cbfde1024467b1548934653f07ce,oos,top_fixed,12.0,24,76,4
7y3sRwLe3Va-08,7y3sRwLe3Va_4291cbfde1024467b1548934653f07ce,oos,bottom_fixed,3.0,24,4,0
7y3sRwLe3Va-08,7y3sRwLe3Va_4291cbfde1024467b1548934653f07ce,oos,bottom_fixed,6.0,24,24,8
7y3sRwLe3Va-08,7y3sRwLe3Va_4291cbfde1024467b1548934653f07ce,oos,bottom_fixed,9.0,24,28,9
7y3sRwLe3Va-08,7y3sRwLe3Va_4291cbfde1024467b1548934653f07ce,oos,bottom_fixed,12.0,24,30,1
7y3sRwLe3Va-12,7y3sRwLe3Va_6376b741b50a4418b3dc3fde791c3c09,oos,count_only,0.0,24,86,0
7y3sRwLe3Va-12,7y3sRwLe3Va_6376b741b50a4418b3dc3fde791c3c09,oos,split_fixed,3.0,24,7,0
7y3sRwLe3Va-12,7y3sRwLe3Va_6376b741b50a4418b3dc3fde791c3c09,oos,split_fixed,6.0,24,17,1
7y3sRwLe3Va-12,7y3sRwLe3Va_6376b741b50a4418b3dc3fde791c3c09,oos,split_fixed,9.0,24,29,9
7y3sRwLe3Va-12,7y3sRwLe3Va_6376b741b50a4418b3dc3fde791c3c09,oos,split_fixed,12.0,24,56,20
7y3sRwLe3Va-12,7y3sRwLe3Va_6376b741b50a4418b3dc3fde791c3c09,oos,bound_fixed,3.0,23,7,0
7y3sRwLe3Va-12,7y3sRwLe3Va_6376b741b50a4418b3dc3fde791c3c09,oos,bound_fixed,6.0,23,17,1
7y3sRwLe3Va-12,7y3sRwLe3Va_6376b741b50a4418b3dc3fde791c3c09,oos,bound_fixed,9.0,23,29,9
7y3sRwLe3Va-12,7y3sRwLe3Va_6376b741b50a4418b3dc3fde791c3c09,oos,bound_fixed,12.0,23,56,20
7y3sRwLe3Va-12,7y3sRwLe3Va_6376b741b50a4418b3dc3fde791c3c09,oos,split_cyclic,3.0,24,7,0
7y3sRwLe3Va-12,7y3sRwLe3Va_6376b741b50a4418b3dc3fde791c3c09,oos,split_cyclic,6.0,24,17,1
7y3sRwLe3Va-12,7y3sRwLe3Va_6376b741b50a4418b3dc3fde791c3c09,oos,split_cyclic,9.0,24,29,9
7y3sRwLe3Va-12,7y3sRwLe3Va_6376b741b50a4418b3dc3fde791c3c09,oos,split_cyclic,12.0,24,56,20
7y3sRwLe3Va-12,7y3sRwLe3Va_6376b741b50a4418b3dc3fde791c3c09,oos,bound_cyclic,3.0,23,7,0
7y3sRwLe3Va-12,7y3sRwLe3Va_6376b741b50a4418b3dc3fde791c3c09,oos,bound_cyclic,6.0,23,17,1
7y3sRwLe3Va-12,7y3sRwLe3Va_6376b741b50a4418b3dc3fde791c3c09,oos,bound_cyclic,9.0,23,29,9
7y3sRwLe3Va-12,7y3sRwLe3Va_6376b741b50a4418b3dc3fde791c3c09,oos,bound_cyclic,12.0,23,56,20
7y3sRwLe3Va-12,7y3sRwLe3Va_6376b741b50a4418b3dc3fde791c3c09,oos,split_free,3.0,24,7,0
7y3sRwLe3Va-12,7y3sRwLe3Va_6376b741b50a4418b3dc3fde791c3c09,oos,split_free,6.0,24,17,1
7y3sRwLe3Va-12,7y3sRwLe3Va_6376b741b50a4418b3dc3fde791c3c09,oos,split_free,9.0,24,29,9
7y3sRwLe3Va-12,7y3sRwLe3Va_6376b741b50a4418b3dc3fde791c3c09,oos,split_free,12.0,24,56,20
7y3sRwLe3Va-12,7y3sRwLe3Va_6376b741b50a4418b3dc3fde791c3c09,oos,bound_free,3.0,23,7,0
7y3sRwLe3Va-12,7y3sRwLe3Va_6376b741b50a4418b3dc3fde791c3c09,oos,bound_free,6.0,23,17,1
7y3sRwLe3Va-12,7y3sRwLe3Va_6376b741b50a4418b3dc3fde791c3c09,oos,bound_free,9.0,23,29,9
7y3sRwLe3Va-12,7y3sRwLe3Va_6376b741b50a4418b3dc3fde791c3c09,oos,bound_free,12.0,23,56,20
7y3sRwLe3Va-12,7y3sRwLe3Va_6376b741b50a4418b3dc3fde791c3c09,oos,top_fixed,3.0,24,12,0
7y3sRwLe3Va-12,7y3sRwLe3Va_6376b741b50a4418b3dc3fde791c3c09,oos,top_fixed,6.0,24,18,4
7y3sRwLe3Va-12,7y3sRwLe3Va_6376b741b50a4418b3dc3fde791c3c09,oos,top_fixed,9.0,24,48,14
7y3sRwLe3Va-12,7y3sRwLe3Va_6376b741b50a4418b3dc3fde791c3c09,oos,top_fixed,12.0,24,67,33
7y3sRwLe3Va-12,7y3sRwLe3Va_6376b741b50a4418b3dc3fde791c3c09,oos,bottom_fixed,3.0,24,7,0
7y3sRwLe3Va-12,7y3sRwLe3Va_6376b741b50a4418b3dc3fde791c3c09,oos,bottom_fixed,6.0,24,25,7
7y3sRwLe3Va-12,7y3sRwLe3Va_6376b741b50a4418b3dc3fde791c3c09,oos,bottom_fixed,9.0,24,36,10
7y3sRwLe3Va-12,7y3sRwLe3Va_6376b741b50a4418b3dc3fde791c3c09,oos,bottom_fixed,12.0,24,65,27
7y3sRwLe3Va-13,7y3sRwLe3Va_92fb09a83f8949619b9dc5bda2855456,semi,count_only,0.0,24,211,0
7y3sRwLe3Va-13,7y3sRwLe3Va_92fb09a83f8949619b9dc5bda2855456,semi,split_fixed,3.0,24,46,21
7y3sRwLe3Va-13,7y3sRwLe3Va_92fb09a83f8949619b9dc5bda2855456,semi,split_fixed,6.0,24,107,0
7y3sRwLe3Va-13,7y3sRwLe3Va_92fb09a83f8949619b9dc5bda2855456,semi,split_fixed,9.0,24,125,18
7y3sRwLe3Va-13,7y3sRwLe3Va_92fb09a83f8949619b9dc5bda2855456,semi,split_fixed,12.0,24,154,0
7y3sRwLe3Va-13,7y3sRwLe3Va_92fb09a83f8949619b9dc5bda2855456,semi,bound_fixed,3.0,24,46,21
7y3sRwLe3Va-13,7y3sRwLe3Va_92fb09a83f8949619b9dc5bda2855456,semi,bound_fixed,6.0,24,107,0
7y3sRwLe3Va-13,7y3sRwLe3Va_92fb09a83f8949619b9dc5bda2855456,semi,bound_fixed,9.0,24,125,18
7y3sRwLe3Va-13,7y3sRwLe3Va_92fb09a83f8949619b9dc5bda2855456,semi,bound_fixed,12.0,24,154,0
7y3sRwLe3Va-13,7y3sRwLe3Va_92fb09a83f8949619b9dc5bda2855456,semi,split_cyclic,3.0,24,46,21
7y3sRwLe3Va-13,7y3sRwLe3Va_92fb09a83f8949619b9dc5bda2855456,semi,split_cyclic,6.0,24,107,0
7y3sRwLe3Va-13,7y3sRwLe3Va_92fb09a83f8949619b9dc5bda2855456,semi,split_cyclic,9.0,24,125,18
7y3sRwLe3Va-13,7y3sRwLe3Va_92fb09a83f8949619b9dc5bda2855456,semi,split_cyclic,12.0,24,154,0
7y3sRwLe3Va-13,7y3sRwLe3Va_92fb09a83f8949619b9dc5bda2855456,semi,bound_cyclic,3.0,24,46,21
7y3sRwLe3Va-13,7y3sRwLe3Va_92fb09a83f8949619b9dc5bda2855456,semi,bound_cyclic,6.0,24,107,0
7y3sRwLe3Va-13,7y3sRwLe3Va_92fb09a83f8949619b9dc5bda2855456,semi,bound_cyclic,9.0,24,125,18
7y3sRwLe3Va-13,7y3sRwLe3Va_92fb09a83f8949619b9dc5bda2855456,semi,bound_cyclic,12.0,24,154,0
7y3sRwLe3Va-13,7y3sRwLe3Va_92fb09a83f8949619b9dc5bda2855456,semi,split_free,3.0,24,46,21
7y3sRwLe3Va-13,7y3sRwLe3Va_92fb09a83f8949619b9dc5bda2855456,semi,split_free,6.0,24,107,0
7y3sRwLe3Va-13,7y3sRwLe3Va_92fb09a83f8949619b9dc5bda2855456,semi,split_free,9.0,24,125,18
7y3sRwLe3Va-13,7y3sRwLe3Va_92fb09a83f8949619b9dc5bda2855456,semi,split_free,12.0,24,154,0
7y3sRwLe3Va-13,7y3sRwLe3Va_92fb09a83f8949619b9dc5bda2855456,semi,bound_free,3.0,24,46,21
7y3sRwLe3Va-13,7y3sRwLe3Va_92fb09a83f8949619b9dc5bda2855456,semi,bound_free,6.0,24,107,0
7y3sRwLe3Va-13,7y3sRwLe3Va_92fb09a83f8949619b9dc5bda2855456,semi,bound_free,9.0,24,125,18
7y3sRwLe3Va-13,7y3sRwLe3Va_92fb09a83f8949619b9dc5bda2855456,semi,bound_free,12.0,24,154,0
7y3sRwLe3Va-13,7y3sRwLe3Va_92fb09a83f8949619b9dc5bda2855456,semi,top_fixed,3.0,24,51,12
7y3sRwLe3Va-13,7y3sRwLe3Va_92fb09a83f8949619b9dc5bda2855456,semi,top_fixed,6.0,24,107,0
7y3sRwLe3Va-13,7y3sRwLe3Va_92fb09a83f8949619b9dc5bda2855456,semi,top_fixed,9.0,24,125,18
7y3sRwLe3Va-13,7y3sRwLe3Va_92fb09a83f8949619b9dc5bda2855456,semi,top_fixed,12.0,24,154,0
7y3sRwLe3Va-13,7y3sRwLe3Va_92fb09a83f8949619b9dc5bda2855456,semi,bottom_fixed,3.0,24,62,21
7y3sRwLe3Va-13,7y3sRwLe3Va_92fb09a83f8949619b9dc5bda2855456,semi,bottom_fixed,6.0,24,124,2
7y3sRwLe3Va-13,7y3sRwLe3Va_92fb09a83f8949619b9dc5bda2855456,semi,bottom_fixed,9.0,24,142,20
7y3sRwLe3Va-13,7y3sRwLe3Va_92fb09a83f8949619b9dc5bda2855456,semi,bottom_fixed,12.0,24,154,0
7y3sRwLe3Va-17,7y3sRwLe3Va_9e4c92fd7eb74504baecf55a3264716e,manual,count_only,0.0,5,6,0
7y3sRwLe3Va-17,7y3sRwLe3Va_9e4c92fd7eb74504baecf55a3264716e,manual,split_fixed,3.0,5,1,0
7y3sRwLe3Va-17,7y3sRwLe3Va_9e4c92fd7eb74504baecf55a3264716e,manual,split_fixed,6.0,5,1,0
7y3sRwLe3Va-17,7y3sRwLe3Va_9e4c92fd7eb74504baecf55a3264716e,manual,split_fixed,9.0,5,1,0
7y3sRwLe3Va-17,7y3sRwLe3Va_9e4c92fd7eb74504baecf55a3264716e,manual,split_fixed,12.0,5,1,0
7y3sRwLe3Va-17,7y3sRwLe3Va_9e4c92fd7eb74504baecf55a3264716e,manual,bound_fixed,3.0,5,1,0
7y3sRwLe3Va-17,7y3sRwLe3Va_9e4c92fd7eb74504baecf55a3264716e,manual,bound_fixed,6.0,5,1,0
7y3sRwLe3Va-17,7y3sRwLe3Va_9e4c92fd7eb74504baecf55a3264716e,manual,bound_fixed,9.0,5,1,0
7y3sRwLe3Va-17,7y3sRwLe3Va_9e4c92fd7eb74504baecf55a3264716e,manual,bound_fixed,12.0,5,1,0
7y3sRwLe3Va-17,7y3sRwLe3Va_9e4c92fd7eb74504baecf55a3264716e,manual,split_cyclic,3.0,5,1,0
7y3sRwLe3Va-17,7y3sRwLe3Va_9e4c92fd7eb74504baecf55a3264716e,manual,split_cyclic,6.0,5,1,0
7y3sRwLe3Va-17,7y3sRwLe3Va_9e4c92fd7eb74504baecf55a3264716e,manual,split_cyclic,9.0,5,1,0
7y3sRwLe3Va-17,7y3sRwLe3Va_9e4c92fd7eb74504baecf55a3264716e,manual,split_cyclic,12.0,5,1,0
7y3sRwLe3Va-17,7y3sRwLe3Va_9e4c92fd7eb74504baecf55a3264716e,manual,bound_cyclic,3.0,5,1,0
7y3sRwLe3Va-17,7y3sRwLe3Va_9e4c92fd7eb74504baecf55a3264716e,manual,bound_cyclic,6.0,5,1,0
7y3sRwLe3Va-17,7y3sRwLe3Va_9e4c92fd7eb74504baecf55a3264716e,manual,bound_cyclic,9.0,5,1,0
7y3sRwLe3Va-17,7y3sRwLe3Va_9e4c92fd7eb74504baecf55a3264716e,manual,bound_cyclic,12.0,5,1,0
7y3sRwLe3Va-17,7y3sRwLe3Va_9e4c92fd7eb74504baecf55a3264716e,manual,split_free,3.0,5,1,0
7y3sRwLe3Va-17,7y3sRwLe3Va_9e4c92fd7eb74504baecf55a3264716e,manual,split_free,6.0,5,1,0
7y3sRwLe3Va-17,7y3sRwLe3Va_9e4c92fd7eb74504baecf55a3264716e,manual,split_free,9.0,5,1,0
7y3sRwLe3Va-17,7y3sRwLe3Va_9e4c92fd7eb74504baecf55a3264716e,manual,split_free,12.0,5,1,0
7y3sRwLe3Va-17,7y3sRwLe3Va_9e4c92fd7eb74504baecf55a3264716e,manual,bound_free,3.0,5,1,0
7y3sRwLe3Va-17,7y3sRwLe3Va_9e4c92fd7eb74504baecf55a3264716e,manual,bound_free,6.0,5,1,0
7y3sRwLe3Va-17,7y3sRwLe3Va_9e4c92fd7eb74504baecf55a3264716e,manual,bound_free,9.0,5,1,0
7y3sRwLe3Va-17,7y3sRwLe3Va_9e4c92fd7eb74504baecf55a3264716e,manual,bound_free,12.0,5,1,0
7y3sRwLe3Va-17,7y3sRwLe3Va_9e4c92fd7eb74504baecf55a3264716e,manual,top_fixed,3.0,5,1,0
7y3sRwLe3Va-17,7y3sRwLe3Va_9e4c92fd7eb74504baecf55a3264716e,manual,top_fixed,6.0,5,1,0
7y3sRwLe3Va-17,7y3sRwLe3Va_9e4c92fd7eb74504baecf55a3264716e,manual,top_fixed,9.0,5,1,0
7y3sRwLe3Va-17,7y3sRwLe3Va_9e4c92fd7eb74504baecf55a3264716e,manual,top_fixed,12.0,5,1,0
7y3sRwLe3Va-17,7y3sRwLe3Va_9e4c92fd7eb74504baecf55a3264716e,manual,bottom_fixed,3.0,5,1,0
7y3sRwLe3Va-17,7y3sRwLe3Va_9e4c92fd7eb74504baecf55a3264716e,manual,bottom_fixed,6.0,5,1,0
7y3sRwLe3Va-17,7y3sRwLe3Va_9e4c92fd7eb74504baecf55a3264716e,manual,bottom_fixed,9.0,5,1,0
7y3sRwLe3Va-17,7y3sRwLe3Va_9e4c92fd7eb74504baecf55a3264716e,manual,bottom_fixed,12.0,5,1,0
7y3sRwLe3Va-18,7y3sRwLe3Va_a775c7668ca9419daaf506e76851821e,manual,count_only,0.0,6,6,0
7y3sRwLe3Va-18,7y3sRwLe3Va_a775c7668ca9419daaf506e76851821e,manual,split_fixed,3.0,6,1,0
7y3sRwLe3Va-18,7y3sRwLe3Va_a775c7668ca9419daaf506e76851821e,manual,split_fixed,6.0,6,1,0
7y3sRwLe3Va-18,7y3sRwLe3Va_a775c7668ca9419daaf506e76851821e,manual,split_fixed,9.0,6,1,0
7y3sRwLe3Va-18,7y3sRwLe3Va_a775c7668ca9419daaf506e76851821e,manual,split_fixed,12.0,6,1,0
7y3sRwLe3Va-18,7y3sRwLe3Va_a775c7668ca9419daaf506e76851821e,manual,bound_fixed,3.0,6,1,0
7y3sRwLe3Va-18,7y3sRwLe3Va_a775c7668ca9419daaf506e76851821e,manual,bound_fixed,6.0,6,1,0
7y3sRwLe3Va-18,7y3sRwLe3Va_a775c7668ca9419daaf506e76851821e,manual,bound_fixed,9.0,6,1,0
7y3sRwLe3Va-18,7y3sRwLe3Va_a775c7668ca9419daaf506e76851821e,manual,bound_fixed,12.0,6,1,0
7y3sRwLe3Va-18,7y3sRwLe3Va_a775c7668ca9419daaf506e76851821e,manual,split_cyclic,3.0,6,1,0
7y3sRwLe3Va-18,7y3sRwLe3Va_a775c7668ca9419daaf506e76851821e,manual,split_cyclic,6.0,6,1,0
7y3sRwLe3Va-18,7y3sRwLe3Va_a775c7668ca9419daaf506e76851821e,manual,split_cyclic,9.0,6,1,0
7y3sRwLe3Va-18,7y3sRwLe3Va_a775c7668ca9419daaf506e76851821e,manual,split_cyclic,12.0,6,1,0
7y3sRwLe3Va-18,7y3sRwLe3Va_a775c7668ca9419daaf506e76851821e,manual,bound_cyclic,3.0,6,1,0
7y3sRwLe3Va-18,7y3sRwLe3Va_a775c7668ca9419daaf506e76851821e,manual,bound_cyclic,6.0,6,1,0
7y3sRwLe3Va-18,7y3sRwLe3Va_a775c7668ca9419daaf506e76851821e,manual,bound_cyclic,9.0,6,1,0
7y3sRwLe3Va-18,7y3sRwLe3Va_a775c7668ca9419daaf506e76851821e,manual,bound_cyclic,12.0,6,1,0
7y3sRwLe3Va-18,7y3sRwLe3Va_a775c7668ca9419daaf506e76851821e,manual,split_free,3.0,6,1,0
7y3sRwLe3Va-18,7y3sRwLe3Va_a775c7668ca9419daaf506e76851821e,manual,split_free,6.0,6,1,0
7y3sRwLe3Va-18,7y3sRwLe3Va_a775c7668ca9419daaf506e76851821e,manual,split_free,9.0,6,1,0
7y3sRwLe3Va-18,7y3sRwLe3Va_a775c7668ca9419daaf506e76851821e,manual,split_free,12.0,6,1,0
7y3sRwLe3Va-18,7y3sRwLe3Va_a775c7668ca9419daaf506e76851821e,manual,bound_free,3.0,6,1,0
7y3sRwLe3Va-18,7y3sRwLe3Va_a775c7668ca9419daaf506e76851821e,manual,bound_free,6.0,6,1,0
7y3sRwLe3Va-18,7y3sRwLe3Va_a775c7668ca9419daaf506e76851821e,manual,bound_free,9.0,6,1,0
7y3sRwLe3Va-18,7y3sRwLe3Va_a775c7668ca9419daaf506e76851821e,manual,bound_free,12.0,6,1,0
7y3sRwLe3Va-18,7y3sRwLe3Va_a775c7668ca9419daaf506e76851821e,manual,top_fixed,3.0,6,1,0
7y3sRwLe3Va-18,7y3sRwLe3Va_a775c7668ca9419daaf506e76851821e,manual,top_fixed,6.0,6,2,0
7y3sRwLe3Va-18,7y3sRwLe3Va_a775c7668ca9419daaf506e76851821e,manual,top_fixed,9.0,6,2,0
7y3sRwLe3Va-18,7y3sRwLe3Va_a775c7668ca9419daaf506e76851821e,manual,top_fixed,12.0,6,2,0
7y3sRwLe3Va-18,7y3sRwLe3Va_a775c7668ca9419daaf506e76851821e,manual,bottom_fixed,3.0,6,1,0
7y3sRwLe3Va-18,7y3sRwLe3Va_a775c7668ca9419daaf506e76851821e,manual,bottom_fixed,6.0,6,1,0
7y3sRwLe3Va-18,7y3sRwLe3Va_a775c7668ca9419daaf506e76851821e,manual,bottom_fixed,9.0,6,1,0
7y3sRwLe3Va-18,7y3sRwLe3Va_a775c7668ca9419daaf506e76851821e,manual,bottom_fixed,12.0,6,1,0
7y3sRwLe3Va-19,7y3sRwLe3Va_ad77d6eeca5b492b8fe3317177f4f03f,manual,count_only,0.0,6,6,0
7y3sRwLe3Va-19,7y3sRwLe3Va_ad77d6eeca5b492b8fe3317177f4f03f,manual,split_fixed,3.0,6,6,0
7y3sRwLe3Va-19,7y3sRwLe3Va_ad77d6eeca5b492b8fe3317177f4f03f,manual,split_fixed,6.0,6,6,0
7y3sRwLe3Va-19,7y3sRwLe3Va_ad77d6eeca5b492b8fe3317177f4f03f,manual,split_fixed,9.0,6,6,0
7y3sRwLe3Va-19,7y3sRwLe3Va_ad77d6eeca5b492b8fe3317177f4f03f,manual,split_fixed,12.0,6,6,0
7y3sRwLe3Va-19,7y3sRwLe3Va_ad77d6eeca5b492b8fe3317177f4f03f,manual,bound_fixed,3.0,6,6,0
7y3sRwLe3Va-19,7y3sRwLe3Va_ad77d6eeca5b492b8fe3317177f4f03f,manual,bound_fixed,6.0,6,6,0
7y3sRwLe3Va-19,7y3sRwLe3Va_ad77d6eeca5b492b8fe3317177f4f03f,manual,bound_fixed,9.0,6,6,0
7y3sRwLe3Va-19,7y3sRwLe3Va_ad77d6eeca5b492b8fe3317177f4f03f,manual,bound_fixed,12.0,6,6,0
7y3sRwLe3Va-19,7y3sRwLe3Va_ad77d6eeca5b492b8fe3317177f4f03f,manual,split_cyclic,3.0,6,6,0
7y3sRwLe3Va-19,7y3sRwLe3Va_ad77d6eeca5b492b8fe3317177f4f03f,manual,split_cyclic,6.0,6,6,0
7y3sRwLe3Va-19,7y3sRwLe3Va_ad77d6eeca5b492b8fe3317177f4f03f,manual,split_cyclic,9.0,6,6,0
7y3sRwLe3Va-19,7y3sRwLe3Va_ad77d6eeca5b492b8fe3317177f4f03f,manual,split_cyclic,12.0,6,6,0
7y3sRwLe3Va-19,7y3sRwLe3Va_ad77d6eeca5b492b8fe3317177f4f03f,manual,bound_cyclic,3.0,6,6,0
7y3sRwLe3Va-19,7y3sRwLe3Va_ad77d6eeca5b492b8fe3317177f4f03f,manual,bound_cyclic,6.0,6,6,0
7y3sRwLe3Va-19,7y3sRwLe3Va_ad77d6eeca5b492b8fe3317177f4f03f,manual,bound_cyclic,9.0,6,6,0
7y3sRwLe3Va-19,7y3sRwLe3Va_ad77d6eeca5b492b8fe3317177f4f03f,manual,bound_cyclic,12.0,6,6,0
7y3sRwLe3Va-19,7y3sRwLe3Va_ad77d6eeca5b492b8fe3317177f4f03f,manual,split_free,3.0,6,6,0
7y3sRwLe3Va-19,7y3sRwLe3Va_ad77d6eeca5b492b8fe3317177f4f03f,manual,split_free,6.0,6,6,0
7y3sRwLe3Va-19,7y3sRwLe3Va_ad77d6eeca5b492b8fe3317177f4f03f,manual,split_free,9.0,6,6,0
7y3sRwLe3Va-19,7y3sRwLe3Va_ad77d6eeca5b492b8fe3317177f4f03f,manual,split_free,12.0,6,6,0
7y3sRwLe3Va-19,7y3sRwLe3Va_ad77d6eeca5b492b8fe3317177f4f03f,manual,bound_free,3.0,6,6,0
7y3sRwLe3Va-19,7y3sRwLe3Va_ad77d6eeca5b492b8fe3317177f4f03f,manual,bound_free,6.0,6,6,0
7y3sRwLe3Va-19,7y3sRwLe3Va_ad77d6eeca5b492b8fe3317177f4f03f,manual,bound_free,9.0,6,6,0
7y3sRwLe3Va-19,7y3sRwLe3Va_ad77d6eeca5b492b8fe3317177f4f03f,manual,bound_free,12.0,6,6,0
7y3sRwLe3Va-19,7y3sRwLe3Va_ad77d6eeca5b492b8fe3317177f4f03f,manual,top_fixed,3.0,6,6,0
7y3sRwLe3Va-19,7y3sRwLe3Va_ad77d6eeca5b492b8fe3317177f4f03f,manual,top_fixed,6.0,6,6,0
7y3sRwLe3Va-19,7y3sRwLe3Va_ad77d6eeca5b492b8fe3317177f4f03f,manual,top_fixed,9.0,6,6,0
7y3sRwLe3Va-19,7y3sRwLe3Va_ad77d6eeca5b492b8fe3317177f4f03f,manual,top_fixed,12.0,6,6,0
7y3sRwLe3Va-19,7y3sRwLe3Va_ad77d6eeca5b492b8fe3317177f4f03f,manual,bottom_fixed,3.0,6,6,0
7y3sRwLe3Va-19,7y3sRwLe3Va_ad77d6eeca5b492b8fe3317177f4f03f,manual,bottom_fixed,6.0,6,6,0
7y3sRwLe3Va-19,7y3sRwLe3Va_ad77d6eeca5b492b8fe3317177f4f03f,manual,bottom_fixed,9.0,6,6,0
7y3sRwLe3Va-19,7y3sRwLe3Va_ad77d6eeca5b492b8fe3317177f4f03f,manual,bottom_fixed,12.0,6,6,0
7y3sRwLe3Va-19,7y3sRwLe3Va_ad77d6eeca5b492b8fe3317177f4f03f,semi,count_only,0.0,4,6,0
7y3sRwLe3Va-19,7y3sRwLe3Va_ad77d6eeca5b492b8fe3317177f4f03f,semi,split_fixed,3.0,4,6,0
7y3sRwLe3Va-19,7y3sRwLe3Va_ad77d6eeca5b492b8fe3317177f4f03f,semi,split_fixed,6.0,4,6,0
7y3sRwLe3Va-19,7y3sRwLe3Va_ad77d6eeca5b492b8fe3317177f4f03f,semi,split_fixed,9.0,4,6,0
7y3sRwLe3Va-19,7y3sRwLe3Va_ad77d6eeca5b492b8fe3317177f4f03f,semi,split_fixed,12.0,4,6,0
7y3sRwLe3Va-19,7y3sRwLe3Va_ad77d6eeca5b492b8fe3317177f4f03f,semi,bound_fixed,3.0,4,6,0
7y3sRwLe3Va-19,7y3sRwLe3Va_ad77d6eeca5b492b8fe3317177f4f03f,semi,bound_fixed,6.0,4,6,0
7y3sRwLe3Va-19,7y3sRwLe3Va_ad77d6eeca5b492b8fe3317177f4f03f,semi,bound_fixed,9.0,4,6,0
7y3sRwLe3Va-19,7y3sRwLe3Va_ad77d6eeca5b492b8fe3317177f4f03f,semi,bound_fixed,12.0,4,6,0
7y3sRwLe3Va-19,7y3sRwLe3Va_ad77d6eeca5b492b8fe3317177f4f03f,semi,split_cyclic,3.0,4,6,0
7y3sRwLe3Va-19,7y3sRwLe3Va_ad77d6eeca5b492b8fe3317177f4f03f,semi,split_cyclic,6.0,4,6,0
7y3sRwLe3Va-19,7y3sRwLe3Va_ad77d6eeca5b492b8fe3317177f4f03f,semi,split_cyclic,9.0,4,6,0
7y3sRwLe3Va-19,7y3sRwLe3Va_ad77d6eeca5b492b8fe3317177f4f03f,semi,split_cyclic,12.0,4,6,0
7y3sRwLe3Va-19,7y3sRwLe3Va_ad77d6eeca5b492b8fe3317177f4f03f,semi,bound_cyclic,3.0,4,6,0
7y3sRwLe3Va-19,7y3sRwLe3Va_ad77d6eeca5b492b8fe3317177f4f03f,semi,bound_cyclic,6.0,4,6,0
7y3sRwLe3Va-19,7y3sRwLe3Va_ad77d6eeca5b492b8fe3317177f4f03f,semi,bound_cyclic,9.0,4,6,0
7y3sRwLe3Va-19,7y3sRwLe3Va_ad77d6eeca5b492b8fe3317177f4f03f,semi,bound_cyclic,12.0,4,6,0
7y3sRwLe3Va-19,7y3sRwLe3Va_ad77d6eeca5b492b8fe3317177f4f03f,semi,split_free,3.0,4,6,0
7y3sRwLe3Va-19,7y3sRwLe3Va_ad77d6eeca5b492b8fe3317177f4f03f,semi,split_free,6.0,4,6,0
7y3sRwLe3Va-19,7y3sRwLe3Va_ad77d6eeca5b492b8fe3317177f4f03f,semi,split_free,9.0,4,6,0
7y3sRwLe3Va-19,7y3sRwLe3Va_ad77d6eeca5b492b8fe3317177f4f03f,semi,split_free,12.0,4,6,0
7y3sRwLe3Va-19,7y3sRwLe3Va_ad77d6eeca5b492b8fe3317177f4f03f,semi,bound_free,3.0,4,6,0
7y3sRwLe3Va-19,7y3sRwLe3Va_ad77d6eeca5b492b8fe3317177f4f03f,semi,bound_free,6.0,4,6,0
7y3sRwLe3Va-19,7y3sRwLe3Va_ad77d6eeca5b492b8fe3317177f4f03f,semi,bound_free,9.0,4,6,0
7y3sRwLe3Va-19,7y3sRwLe3Va_ad77d6eeca5b492b8fe3317177f4f03f,semi,bound_free,12.0,4,6,0
7y3sRwLe3Va-19,7y3sRwLe3Va_ad77d6eeca5b492b8fe3317177f4f03f,semi,top_fixed,3.0,4,6,0
7y3sRwLe3Va-19,7y3sRwLe3Va_ad77d6eeca5b492b8fe3317177f4f03f,semi,top_fixed,6.0,4,6,0
7y3sRwLe3Va-19,7y3sRwLe3Va_ad77d6eeca5b492b8fe3317177f4f03f,semi,top_fixed,9.0,4,6,0
7y3sRwLe3Va-19,7y3sRwLe3Va_ad77d6eeca5b492b8fe3317177f4f03f,semi,top_fixed,12.0,4,6,0
7y3sRwLe3Va-19,7y3sRwLe3Va_ad77d6eeca5b492b8fe3317177f4f03f,semi,bottom_fixed,3.0,4,6,0
7y3sRwLe3Va-19,7y3sRwLe3Va_ad77d6eeca5b492b8fe3317177f4f03f,semi,bottom_fixed,6.0,4,6,0
7y3sRwLe3Va-19,7y3sRwLe3Va_ad77d6eeca5b492b8fe3317177f4f03f,semi,bottom_fixed,9.0,4,6,0
7y3sRwLe3Va-19,7y3sRwLe3Va_ad77d6eeca5b492b8fe3317177f4f03f,semi,bottom_fixed,12.0,4,6,0
7y3sRwLe3Va-21,7y3sRwLe3Va_b47475370e824b9e923a4a96bc98e1e3,manual,count_only,0.0,5,3,0
7y3sRwLe3Va-21,7y3sRwLe3Va_b47475370e824b9e923a4a96bc98e1e3,manual,split_fixed,3.0,5,0,0
7y3sRwLe3Va-21,7y3sRwLe3Va_b47475370e824b9e923a4a96bc98e1e3,manual,split_fixed,6.0,5,0,0
7y3sRwLe3Va-21,7y3sRwLe3Va_b47475370e824b9e923a4a96bc98e1e3,manual,split_fixed,9.0,5,0,0
7y3sRwLe3Va-21,7y3sRwLe3Va_b47475370e824b9e923a4a96bc98e1e3,manual,split_fixed,12.0,5,0,0
7y3sRwLe3Va-21,7y3sRwLe3Va_b47475370e824b9e923a4a96bc98e1e3,manual,bound_fixed,3.0,4,0,0
7y3sRwLe3Va-21,7y3sRwLe3Va_b47475370e824b9e923a4a96bc98e1e3,manual,bound_fixed,6.0,4,0,0
7y3sRwLe3Va-21,7y3sRwLe3Va_b47475370e824b9e923a4a96bc98e1e3,manual,bound_fixed,9.0,4,0,0
7y3sRwLe3Va-21,7y3sRwLe3Va_b47475370e824b9e923a4a96bc98e1e3,manual,bound_fixed,12.0,4,0,0
7y3sRwLe3Va-21,7y3sRwLe3Va_b47475370e824b9e923a4a96bc98e1e3,manual,split_cyclic,3.0,5,0,0
7y3sRwLe3Va-21,7y3sRwLe3Va_b47475370e824b9e923a4a96bc98e1e3,manual,split_cyclic,6.0,5,0,0
7y3sRwLe3Va-21,7y3sRwLe3Va_b47475370e824b9e923a4a96bc98e1e3,manual,split_cyclic,9.0,5,0,0
7y3sRwLe3Va-21,7y3sRwLe3Va_b47475370e824b9e923a4a96bc98e1e3,manual,split_cyclic,12.0,5,0,0
7y3sRwLe3Va-21,7y3sRwLe3Va_b47475370e824b9e923a4a96bc98e1e3,manual,bound_cyclic,3.0,4,0,0
7y3sRwLe3Va-21,7y3sRwLe3Va_b47475370e824b9e923a4a96bc98e1e3,manual,bound_cyclic,6.0,4,0,0
7y3sRwLe3Va-21,7y3sRwLe3Va_b47475370e824b9e923a4a96bc98e1e3,manual,bound_cyclic,9.0,4,0,0
7y3sRwLe3Va-21,7y3sRwLe3Va_b47475370e824b9e923a4a96bc98e1e3,manual,bound_cyclic,12.0,4,0,0
7y3sRwLe3Va-21,7y3sRwLe3Va_b47475370e824b9e923a4a96bc98e1e3,manual,split_free,3.0,5,0,0
7y3sRwLe3Va-21,7y3sRwLe3Va_b47475370e824b9e923a4a96bc98e1e3,manual,split_free,6.0,5,0,0
7y3sRwLe3Va-21,7y3sRwLe3Va_b47475370e824b9e923a4a96bc98e1e3,manual,split_free,9.0,5,2,1
7y3sRwLe3Va-21,7y3sRwLe3Va_b47475370e824b9e923a4a96bc98e1e3,manual,split_free,12.0,5,2,1
7y3sRwLe3Va-21,7y3sRwLe3Va_b47475370e824b9e923a4a96bc98e1e3,manual,bound_free,3.0,4,0,0
7y3sRwLe3Va-21,7y3sRwLe3Va_b47475370e824b9e923a4a96bc98e1e3,manual,bound_free,6.0,4,0,0
7y3sRwLe3Va-21,7y3sRwLe3Va_b47475370e824b9e923a4a96bc98e1e3,manual,bound_free,9.0,4,1,0
7y3sRwLe3Va-21,7y3sRwLe3Va_b47475370e824b9e923a4a96bc98e1e3,manual,bound_free,12.0,4,1,0
7y3sRwLe3Va-21,7y3sRwLe3Va_b47475370e824b9e923a4a96bc98e1e3,manual,top_fixed,3.0,5,0,0
7y3sRwLe3Va-21,7y3sRwLe3Va_b47475370e824b9e923a4a96bc98e1e3,manual,top_fixed,6.0,5,0,0
7y3sRwLe3Va-21,7y3sRwLe3Va_b47475370e824b9e923a4a96bc98e1e3,manual,top_fixed,9.0,5,0,0
7y3sRwLe3Va-21,7y3sRwLe3Va_b47475370e824b9e923a4a96bc98e1e3,manual,top_fixed,12.0,5,0,0
7y3sRwLe3Va-21,7y3sRwLe3Va_b47475370e824b9e923a4a96bc98e1e3,manual,bottom_fixed,3.0,5,0,0
7y3sRwLe3Va-21,7y3sRwLe3Va_b47475370e824b9e923a4a96bc98e1e3,manual,bottom_fixed,6.0,5,0,0
7y3sRwLe3Va-21,7y3sRwLe3Va_b47475370e824b9e923a4a96bc98e1e3,manual,bottom_fixed,9.0,5,0,0
7y3sRwLe3Va-21,7y3sRwLe3Va_b47475370e824b9e923a4a96bc98e1e3,manual,bottom_fixed,12.0,5,0,0
7y3sRwLe3Va-21,7y3sRwLe3Va_b47475370e824b9e923a4a96bc98e1e3,semi,count_only,0.0,4,1,0
7y3sRwLe3Va-21,7y3sRwLe3Va_b47475370e824b9e923a4a96bc98e1e3,semi,split_fixed,3.0,4,1,0
7y3sRwLe3Va-21,7y3sRwLe3Va_b47475370e824b9e923a4a96bc98e1e3,semi,split_fixed,6.0,4,1,0
7y3sRwLe3Va-21,7y3sRwLe3Va_b47475370e824b9e923a4a96bc98e1e3,semi,split_fixed,9.0,4,1,0
7y3sRwLe3Va-21,7y3sRwLe3Va_b47475370e824b9e923a4a96bc98e1e3,semi,split_fixed,12.0,4,1,0
7y3sRwLe3Va-21,7y3sRwLe3Va_b47475370e824b9e923a4a96bc98e1e3,semi,bound_fixed,3.0,4,1,0
7y3sRwLe3Va-21,7y3sRwLe3Va_b47475370e824b9e923a4a96bc98e1e3,semi,bound_fixed,6.0,4,1,0
7y3sRwLe3Va-21,7y3sRwLe3Va_b47475370e824b9e923a4a96bc98e1e3,semi,bound_fixed,9.0,4,1,0
7y3sRwLe3Va-21,7y3sRwLe3Va_b47475370e824b9e923a4a96bc98e1e3,semi,bound_fixed,12.0,4,1,0
7y3sRwLe3Va-21,7y3sRwLe3Va_b47475370e824b9e923a4a96bc98e1e3,semi,split_cyclic,3.0,4,1,0
7y3sRwLe3Va-21,7y3sRwLe3Va_b47475370e824b9e923a4a96bc98e1e3,semi,split_cyclic,6.0,4,1,0
7y3sRwLe3Va-21,7y3sRwLe3Va_b47475370e824b9e923a4a96bc98e1e3,semi,split_cyclic,9.0,4,1,0
7y3sRwLe3Va-21,7y3sRwLe3Va_b47475370e824b9e923a4a96bc98e1e3,semi,split_cyclic,12.0,4,1,0
7y3sRwLe3Va-21,7y3sRwLe3Va_b47475370e824b9e923a4a96bc98e1e3,semi,bound_cyclic,3.0,4,1,0
7y3sRwLe3Va-21,7y3sRwLe3Va_b47475370e824b9e923a4a96bc98e1e3,semi,bound_cyclic,6.0,4,1,0
7y3sRwLe3Va-21,7y3sRwLe3Va_b47475370e824b9e923a4a96bc98e1e3,semi,bound_cyclic,9.0,4,1,0
7y3sRwLe3Va-21,7y3sRwLe3Va_b47475370e824b9e923a4a96bc98e1e3,semi,bound_cyclic,12.0,4,1,0
7y3sRwLe3Va-21,7y3sRwLe3Va_b47475370e824b9e923a4a96bc98e1e3,semi,split_free,3.0,4,1,0
7y3sRwLe3Va-21,7y3sRwLe3Va_b47475370e824b9e923a4a96bc98e1e3,semi,split_free,6.0,4,1,0
7y3sRwLe3Va-21,7y3sRwLe3Va_b47475370e824b9e923a4a96bc98e1e3,semi,split_free,9.0,4,1,0
7y3sRwLe3Va-21,7y3sRwLe3Va_b47475370e824b9e923a4a96bc98e1e3,semi,split_free,12.0,4,1,0
7y3sRwLe3Va-21,7y3sRwLe3Va_b47475370e824b9e923a4a96bc98e1e3,semi,bound_free,3.0,4,1,0
7y3sRwLe3Va-21,7y3sRwLe3Va_b47475370e824b9e923a4a96bc98e1e3,semi,bound_free,6.0,4,1,0
7y3sRwLe3Va-21,7y3sRwLe3Va_b47475370e824b9e923a4a96bc98e1e3,semi,bound_free,9.0,4,1,0
7y3sRwLe3Va-21,7y3sRwLe3Va_b47475370e824b9e923a4a96bc98e1e3,semi,bound_free,12.0,4,1,0
7y3sRwLe3Va-21,7y3sRwLe3Va_b47475370e824b9e923a4a96bc98e1e3,semi,top_fixed,3.0,4,1,0
7y3sRwLe3Va-21,7y3sRwLe3Va_b47475370e824b9e923a4a96bc98e1e3,semi,top_fixed,6.0,4,1,0
7y3sRwLe3Va-21,7y3sRwLe3Va_b47475370e824b9e923a4a96bc98e1e3,semi,top_fixed,9.0,4,1,0
7y3sRwLe3Va-21,7y3sRwLe3Va_b47475370e824b9e923a4a96bc98e1e3,semi,top_fixed,12.0,4,1,0
7y3sRwLe3Va-21,7y3sRwLe3Va_b47475370e824b9e923a4a96bc98e1e3,semi,bottom_fixed,3.0,4,1,0
7y3sRwLe3Va-21,7y3sRwLe3Va_b47475370e824b9e923a4a96bc98e1e3,semi,bottom_fixed,6.0,4,1,0
7y3sRwLe3Va-21,7y3sRwLe3Va_b47475370e824b9e923a4a96bc98e1e3,semi,bottom_fixed,9.0,4,1,0
7y3sRwLe3Va-21,7y3sRwLe3Va_b47475370e824b9e923a4a96bc98e1e3,semi,bottom_fixed,12.0,4,1,0
7y3sRwLe3Va-22,7y3sRwLe3Va_b564162b2c7d4033bfe6ef3dfb959c9e,manual,count_only,0.0,5,6,0
7y3sRwLe3Va-22,7y3sRwLe3Va_b564162b2c7d4033bfe6ef3dfb959c9e,manual,split_fixed,3.0,5,1,0
7y3sRwLe3Va-22,7y3sRwLe3Va_b564162b2c7d4033bfe6ef3dfb959c9e,manual,split_fixed,6.0,5,3,0
7y3sRwLe3Va-22,7y3sRwLe3Va_b564162b2c7d4033bfe6ef3dfb959c9e,manual,split_fixed,9.0,5,3,0
7y3sRwLe3Va-22,7y3sRwLe3Va_b564162b2c7d4033bfe6ef3dfb959c9e,manual,split_fixed,12.0,5,3,0
7y3sRwLe3Va-22,7y3sRwLe3Va_b564162b2c7d4033bfe6ef3dfb959c9e,manual,bound_fixed,3.0,5,1,0
7y3sRwLe3Va-22,7y3sRwLe3Va_b564162b2c7d4033bfe6ef3dfb959c9e,manual,bound_fixed,6.0,5,3,0
7y3sRwLe3Va-22,7y3sRwLe3Va_b564162b2c7d4033bfe6ef3dfb959c9e,manual,bound_fixed,9.0,5,3,0
7y3sRwLe3Va-22,7y3sRwLe3Va_b564162b2c7d4033bfe6ef3dfb959c9e,manual,bound_fixed,12.0,5,3,0
7y3sRwLe3Va-22,7y3sRwLe3Va_b564162b2c7d4033bfe6ef3dfb959c9e,manual,split_cyclic,3.0,5,1,0
7y3sRwLe3Va-22,7y3sRwLe3Va_b564162b2c7d4033bfe6ef3dfb959c9e,manual,split_cyclic,6.0,5,3,0
7y3sRwLe3Va-22,7y3sRwLe3Va_b564162b2c7d4033bfe6ef3dfb959c9e,manual,split_cyclic,9.0,5,3,0
7y3sRwLe3Va-22,7y3sRwLe3Va_b564162b2c7d4033bfe6ef3dfb959c9e,manual,split_cyclic,12.0,5,3,0
7y3sRwLe3Va-22,7y3sRwLe3Va_b564162b2c7d4033bfe6ef3dfb959c9e,manual,bound_cyclic,3.0,5,1,0
7y3sRwLe3Va-22,7y3sRwLe3Va_b564162b2c7d4033bfe6ef3dfb959c9e,manual,bound_cyclic,6.0,5,3,0
7y3sRwLe3Va-22,7y3sRwLe3Va_b564162b2c7d4033bfe6ef3dfb959c9e,manual,bound_cyclic,9.0,5,3,0
7y3sRwLe3Va-22,7y3sRwLe3Va_b564162b2c7d4033bfe6ef3dfb959c9e,manual,bound_cyclic,12.0,5,3,0
7y3sRwLe3Va-22,7y3sRwLe3Va_b564162b2c7d4033bfe6ef3dfb959c9e,manual,split_free,3.0,5,1,0
7y3sRwLe3Va-22,7y3sRwLe3Va_b564162b2c7d4033bfe6ef3dfb959c9e,manual,split_free,6.0,5,3,0
7y3sRwLe3Va-22,7y3sRwLe3Va_b564162b2c7d4033bfe6ef3dfb959c9e,manual,split_free,9.0,5,3,0
7y3sRwLe3Va-22,7y3sRwLe3Va_b564162b2c7d4033bfe6ef3dfb959c9e,manual,split_free,12.0,5,3,0
7y3sRwLe3Va-22,7y3sRwLe3Va_b564162b2c7d4033bfe6ef3dfb959c9e,manual,bound_free,3.0,5,1,0
7y3sRwLe3Va-22,7y3sRwLe3Va_b564162b2c7d4033bfe6ef3dfb959c9e,manual,bound_free,6.0,5,3,0
7y3sRwLe3Va-22,7y3sRwLe3Va_b564162b2c7d4033bfe6ef3dfb959c9e,manual,bound_free,9.0,5,3,0
7y3sRwLe3Va-22,7y3sRwLe3Va_b564162b2c7d4033bfe6ef3dfb959c9e,manual,bound_free,12.0,5,3,0
7y3sRwLe3Va-22,7y3sRwLe3Va_b564162b2c7d4033bfe6ef3dfb959c9e,manual,top_fixed,3.0,5,2,1
7y3sRwLe3Va-22,7y3sRwLe3Va_b564162b2c7d4033bfe6ef3dfb959c9e,manual,top_fixed,6.0,5,3,0
7y3sRwLe3Va-22,7y3sRwLe3Va_b564162b2c7d4033bfe6ef3dfb959c9e,manual,top_fixed,9.0,5,3,0
7y3sRwLe3Va-22,7y3sRwLe3Va_b564162b2c7d4033bfe6ef3dfb959c9e,manual,top_fixed,12.0,5,3,0
7y3sRwLe3Va-22,7y3sRwLe3Va_b564162b2c7d4033bfe6ef3dfb959c9e,manual,bottom_fixed,3.0,5,1,0
7y3sRwLe3Va-22,7y3sRwLe3Va_b564162b2c7d4033bfe6ef3dfb959c9e,manual,bottom_fixed,6.0,5,3,0
7y3sRwLe3Va-22,7y3sRwLe3Va_b564162b2c7d4033bfe6ef3dfb959c9e,manual,bottom_fixed,9.0,5,3,0
7y3sRwLe3Va-22,7y3sRwLe3Va_b564162b2c7d4033bfe6ef3dfb959c9e,manual,bottom_fixed,12.0,5,3,0
7y3sRwLe3Va-23,7y3sRwLe3Va_bbcc19afdad742eba89290ad2b5dbf6b,manual,count_only,0.0,5,10,0
7y3sRwLe3Va-23,7y3sRwLe3Va_bbcc19afdad742eba89290ad2b5dbf6b,manual,split_fixed,3.0,5,0,0
7y3sRwLe3Va-23,7y3sRwLe3Va_bbcc19afdad742eba89290ad2b5dbf6b,manual,split_fixed,6.0,5,3,1
7y3sRwLe3Va-23,7y3sRwLe3Va_bbcc19afdad742eba89290ad2b5dbf6b,manual,split_fixed,9.0,5,6,0
7y3sRwLe3Va-23,7y3sRwLe3Va_bbcc19afdad742eba89290ad2b5dbf6b,manual,split_fixed,12.0,5,6,0
7y3sRwLe3Va-23,7y3sRwLe3Va_bbcc19afdad742eba89290ad2b5dbf6b,manual,bound_fixed,3.0,5,0,0
7y3sRwLe3Va-23,7y3sRwLe3Va_bbcc19afdad742eba89290ad2b5dbf6b,manual,bound_fixed,6.0,5,3,1
7y3sRwLe3Va-23,7y3sRwLe3Va_bbcc19afdad742eba89290ad2b5dbf6b,manual,bound_fixed,9.0,5,6,0
7y3sRwLe3Va-23,7y3sRwLe3Va_bbcc19afdad742eba89290ad2b5dbf6b,manual,bound_fixed,12.0,5,6,0
7y3sRwLe3Va-23,7y3sRwLe3Va_bbcc19afdad742eba89290ad2b5dbf6b,manual,split_cyclic,3.0,5,0,0
7y3sRwLe3Va-23,7y3sRwLe3Va_bbcc19afdad742eba89290ad2b5dbf6b,manual,split_cyclic,6.0,5,3,1
7y3sRwLe3Va-23,7y3sRwLe3Va_bbcc19afdad742eba89290ad2b5dbf6b,manual,split_cyclic,9.0,5,6,0
7y3sRwLe3Va-23,7y3sRwLe3Va_bbcc19afdad742eba89290ad2b5dbf6b,manual,split_cyclic,12.0,5,6,0
7y3sRwLe3Va-23,7y3sRwLe3Va_bbcc19afdad742eba89290ad2b5dbf6b,manual,bound_cyclic,3.0,5,0,0
7y3sRwLe3Va-23,7y3sRwLe3Va_bbcc19afdad742eba89290ad2b5dbf6b,manual,bound_cyclic,6.0,5,3,1
7y3sRwLe3Va-23,7y3sRwLe3Va_bbcc19afdad742eba89290ad2b5dbf6b,manual,bound_cyclic,9.0,5,6,0
7y3sRwLe3Va-23,7y3sRwLe3Va_bbcc19afdad742eba89290ad2b5dbf6b,manual,bound_cyclic,12.0,5,6,0
7y3sRwLe3Va-23,7y3sRwLe3Va_bbcc19afdad742eba89290ad2b5dbf6b,manual,split_free,3.0,5,0,0
7y3sRwLe3Va-23,7y3sRwLe3Va_bbcc19afdad742eba89290ad2b5dbf6b,manual,split_free,6.0,5,3,1
7y3sRwLe3Va-23,7y3sRwLe3Va_bbcc19afdad742eba89290ad2b5dbf6b,manual,split_free,9.0,5,6,0
7y3sRwLe3Va-23,7y3sRwLe3Va_bbcc19afdad742eba89290ad2b5dbf6b,manual,split_free,12.0,5,6,0
7y3sRwLe3Va-23,7y3sRwLe3Va_bbcc19afdad742eba89290ad2b5dbf6b,manual,bound_free,3.0,5,0,0
7y3sRwLe3Va-23,7y3sRwLe3Va_bbcc19afdad742eba89290ad2b5dbf6b,manual,bound_free,6.0,5,3,1
7y3sRwLe3Va-23,7y3sRwLe3Va_bbcc19afdad742eba89290ad2b5dbf6b,manual,bound_free,9.0,5,6,0
7y3sRwLe3Va-23,7y3sRwLe3Va_bbcc19afdad742eba89290ad2b5dbf6b,manual,bound_free,12.0,5,6,0
7y3sRwLe3Va-23,7y3sRwLe3Va_bbcc19afdad742eba89290ad2b5dbf6b,manual,top_fixed,3.0,5,5,2
7y3sRwLe3Va-23,7y3sRwLe3Va_bbcc19afdad742eba89290ad2b5dbf6b,manual,top_fixed,6.0,5,6,0
7y3sRwLe3Va-23,7y3sRwLe3Va_bbcc19afdad742eba89290ad2b5dbf6b,manual,top_fixed,9.0,5,6,0
7y3sRwLe3Va-23,7y3sRwLe3Va_bbcc19afdad742eba89290ad2b5dbf6b,manual,top_fixed,12.0,5,6,0
7y3sRwLe3Va-23,7y3sRwLe3Va_bbcc19afdad742eba89290ad2b5dbf6b,manual,bottom_fixed,3.0,5,0,0
7y3sRwLe3Va-23,7y3sRwLe3Va_bbcc19afdad742eba89290ad2b5dbf6b,manual,bottom_fixed,6.0,5,3,1
7y3sRwLe3Va-23,7y3sRwLe3Va_bbcc19afdad742eba89290ad2b5dbf6b,manual,bottom_fixed,9.0,5,6,0
7y3sRwLe3Va-23,7y3sRwLe3Va_bbcc19afdad742eba89290ad2b5dbf6b,manual,bottom_fixed,12.0,5,6,0
7y3sRwLe3Va-26,7y3sRwLe3Va_fdab6422162e49db822a37178ab70481,manual,count_only,0.0,5,6,0
7y3sRwLe3Va-26,7y3sRwLe3Va_fdab6422162e49db822a37178ab70481,manual,split_fixed,3.0,5,1,0
7y3sRwLe3Va-26,7y3sRwLe3Va_fdab6422162e49db822a37178ab70481,manual,split_fixed,6.0,5,2,1
7y3sRwLe3Va-26,7y3sRwLe3Va_fdab6422162e49db822a37178ab70481,manual,split_fixed,9.0,5,6,0
7y3sRwLe3Va-26,7y3sRwLe3Va_fdab6422162e49db822a37178ab70481,manual,split_fixed,12.0,5,6,0
7y3sRwLe3Va-26,7y3sRwLe3Va_fdab6422162e49db822a37178ab70481,manual,bound_fixed,3.0,5,1,0
7y3sRwLe3Va-26,7y3sRwLe3Va_fdab6422162e49db822a37178ab70481,manual,bound_fixed,6.0,5,2,1
7y3sRwLe3Va-26,7y3sRwLe3Va_fdab6422162e49db822a37178ab70481,manual,bound_fixed,9.0,5,6,0
7y3sRwLe3Va-26,7y3sRwLe3Va_fdab6422162e49db822a37178ab70481,manual,bound_fixed,12.0,5,6,0
7y3sRwLe3Va-26,7y3sRwLe3Va_fdab6422162e49db822a37178ab70481,manual,split_cyclic,3.0,5,1,0
7y3sRwLe3Va-26,7y3sRwLe3Va_fdab6422162e49db822a37178ab70481,manual,split_cyclic,6.0,5,2,1
7y3sRwLe3Va-26,7y3sRwLe3Va_fdab6422162e49db822a37178ab70481,manual,split_cyclic,9.0,5,6,0
7y3sRwLe3Va-26,7y3sRwLe3Va_fdab6422162e49db822a37178ab70481,manual,split_cyclic,12.0,5,6,0
7y3sRwLe3Va-26,7y3sRwLe3Va_fdab6422162e49db822a37178ab70481,manual,bound_cyclic,3.0,5,1,0
7y3sRwLe3Va-26,7y3sRwLe3Va_fdab6422162e49db822a37178ab70481,manual,bound_cyclic,6.0,5,2,1
7y3sRwLe3Va-26,7y3sRwLe3Va_fdab6422162e49db822a37178ab70481,manual,bound_cyclic,9.0,5,6,0
7y3sRwLe3Va-26,7y3sRwLe3Va_fdab6422162e49db822a37178ab70481,manual,bound_cyclic,12.0,5,6,0
7y3sRwLe3Va-26,7y3sRwLe3Va_fdab6422162e49db822a37178ab70481,manual,split_free,3.0,5,1,0
7y3sRwLe3Va-26,7y3sRwLe3Va_fdab6422162e49db822a37178ab70481,manual,split_free,6.0,5,2,1
7y3sRwLe3Va-26,7y3sRwLe3Va_fdab6422162e49db822a37178ab70481,manual,split_free,9.0,5,6,0
7y3sRwLe3Va-26,7y3sRwLe3Va_fdab6422162e49db822a37178ab70481,manual,split_free,12.0,5,6,0
7y3sRwLe3Va-26,7y3sRwLe3Va_fdab6422162e49db822a37178ab70481,manual,bound_free,3.0,5,1,0
7y3sRwLe3Va-26,7y3sRwLe3Va_fdab6422162e49db822a37178ab70481,manual,bound_free,6.0,5,2,1
7y3sRwLe3Va-26,7y3sRwLe3Va_fdab6422162e49db822a37178ab70481,manual,bound_free,9.0,5,6,0
7y3sRwLe3Va-26,7y3sRwLe3Va_fdab6422162e49db822a37178ab70481,manual,bound_free,12.0,5,6,0
7y3sRwLe3Va-26,7y3sRwLe3Va_fdab6422162e49db822a37178ab70481,manual,top_fixed,3.0,5,3,0
7y3sRwLe3Va-26,7y3sRwLe3Va_fdab6422162e49db822a37178ab70481,manual,top_fixed,6.0,5,6,0
7y3sRwLe3Va-26,7y3sRwLe3Va_fdab6422162e49db822a37178ab70481,manual,top_fixed,9.0,5,6,0
7y3sRwLe3Va-26,7y3sRwLe3Va_fdab6422162e49db822a37178ab70481,manual,top_fixed,12.0,5,6,0
7y3sRwLe3Va-26,7y3sRwLe3Va_fdab6422162e49db822a37178ab70481,manual,bottom_fixed,3.0,5,1,0
7y3sRwLe3Va-26,7y3sRwLe3Va_fdab6422162e49db822a37178ab70481,manual,bottom_fixed,6.0,5,2,1
7y3sRwLe3Va-26,7y3sRwLe3Va_fdab6422162e49db822a37178ab70481,manual,bottom_fixed,9.0,5,6,0
7y3sRwLe3Va-26,7y3sRwLe3Va_fdab6422162e49db822a37178ab70481,manual,bottom_fixed,12.0,5,6,0
B6ByNegPMKs-10,B6ByNegPMKs_48ee619d38b142f88914e7e2582bc1d8,semi,count_only,0.0,24,175,0
B6ByNegPMKs-10,B6ByNegPMKs_48ee619d38b142f88914e7e2582bc1d8,semi,split_fixed,3.0,24,46,0
B6ByNegPMKs-10,B6ByNegPMKs_48ee619d38b142f88914e7e2582bc1d8,semi,split_fixed,6.0,24,84,12
B6ByNegPMKs-10,B6ByNegPMKs_48ee619d38b142f88914e7e2582bc1d8,semi,split_fixed,9.0,24,140,29
B6ByNegPMKs-10,B6ByNegPMKs_48ee619d38b142f88914e7e2582bc1d8,semi,split_fixed,12.0,24,171,30
B6ByNegPMKs-10,B6ByNegPMKs_48ee619d38b142f88914e7e2582bc1d8,semi,bound_fixed,3.0,24,46,0
B6ByNegPMKs-10,B6ByNegPMKs_48ee619d38b142f88914e7e2582bc1d8,semi,bound_fixed,6.0,24,84,12
B6ByNegPMKs-10,B6ByNegPMKs_48ee619d38b142f88914e7e2582bc1d8,semi,bound_fixed,9.0,24,140,29
B6ByNegPMKs-10,B6ByNegPMKs_48ee619d38b142f88914e7e2582bc1d8,semi,bound_fixed,12.0,24,171,30
B6ByNegPMKs-10,B6ByNegPMKs_48ee619d38b142f88914e7e2582bc1d8,semi,split_cyclic,3.0,24,46,0
B6ByNegPMKs-10,B6ByNegPMKs_48ee619d38b142f88914e7e2582bc1d8,semi,split_cyclic,6.0,24,84,12
B6ByNegPMKs-10,B6ByNegPMKs_48ee619d38b142f88914e7e2582bc1d8,semi,split_cyclic,9.0,24,140,29
B6ByNegPMKs-10,B6ByNegPMKs_48ee619d38b142f88914e7e2582bc1d8,semi,split_cyclic,12.0,24,171,30
B6ByNegPMKs-10,B6ByNegPMKs_48ee619d38b142f88914e7e2582bc1d8,semi,bound_cyclic,3.0,24,46,0
B6ByNegPMKs-10,B6ByNegPMKs_48ee619d38b142f88914e7e2582bc1d8,semi,bound_cyclic,6.0,24,84,12
B6ByNegPMKs-10,B6ByNegPMKs_48ee619d38b142f88914e7e2582bc1d8,semi,bound_cyclic,9.0,24,140,29
B6ByNegPMKs-10,B6ByNegPMKs_48ee619d38b142f88914e7e2582bc1d8,semi,bound_cyclic,12.0,24,171,30
B6ByNegPMKs-10,B6ByNegPMKs_48ee619d38b142f88914e7e2582bc1d8,semi,split_free,3.0,24,46,0
B6ByNegPMKs-10,B6ByNegPMKs_48ee619d38b142f88914e7e2582bc1d8,semi,split_free,6.0,24,84,12
B6ByNegPMKs-10,B6ByNegPMKs_48ee619d38b142f88914e7e2582bc1d8,semi,split_free,9.0,24,140,29
B6ByNegPMKs-10,B6ByNegPMKs_48ee619d38b142f88914e7e2582bc1d8,semi,split_free,12.0,24,171,30
B6ByNegPMKs-10,B6ByNegPMKs_48ee619d38b142f88914e7e2582bc1d8,semi,bound_free,3.0,24,46,0
B6ByNegPMKs-10,B6ByNegPMKs_48ee619d38b142f88914e7e2582bc1d8,semi,bound_free,6.0,24,84,12
B6ByNegPMKs-10,B6ByNegPMKs_48ee619d38b142f88914e7e2582bc1d8,semi,bound_free,9.0,24,140,29
B6ByNegPMKs-10,B6ByNegPMKs_48ee619d38b142f88914e7e2582bc1d8,semi,bound_free,12.0,24,171,30
B6ByNegPMKs-10,B6ByNegPMKs_48ee619d38b142f88914e7e2582bc1d8,semi,top_fixed,3.0,24,48,0
B6ByNegPMKs-10,B6ByNegPMKs_48ee619d38b142f88914e7e2582bc1d8,semi,top_fixed,6.0,24,94,32
B6ByNegPMKs-10,B6ByNegPMKs_48ee619d38b142f88914e7e2582bc1d8,semi,top_fixed,9.0,24,140,29
B6ByNegPMKs-10,B6ByNegPMKs_48ee619d38b142f88914e7e2582bc1d8,semi,top_fixed,12.0,24,171,30
B6ByNegPMKs-10,B6ByNegPMKs_48ee619d38b142f88914e7e2582bc1d8,semi,bottom_fixed,3.0,24,65,15
B6ByNegPMKs-10,B6ByNegPMKs_48ee619d38b142f88914e7e2582bc1d8,semi,bottom_fixed,6.0,24,147,35
B6ByNegPMKs-10,B6ByNegPMKs_48ee619d38b142f88914e7e2582bc1d8,semi,bottom_fixed,9.0,24,175,0
B6ByNegPMKs-10,B6ByNegPMKs_48ee619d38b142f88914e7e2582bc1d8,semi,bottom_fixed,12.0,24,175,0
B6ByNegPMKs-11,B6ByNegPMKs_4b983544c13946e3a3a518c565ad1086,manual,count_only,0.0,24,253,0
B6ByNegPMKs-11,B6ByNegPMKs_4b983544c13946e3a3a518c565ad1086,manual,split_fixed,3.0,24,43,17
B6ByNegPMKs-11,B6ByNegPMKs_4b983544c13946e3a3a518c565ad1086,manual,split_fixed,6.0,24,87,25
B6ByNegPMKs-11,B6ByNegPMKs_4b983544c13946e3a3a518c565ad1086,manual,split_fixed,9.0,24,129,22
B6ByNegPMKs-11,B6ByNegPMKs_4b983544c13946e3a3a518c565ad1086,manual,split_fixed,12.0,24,133,0
B6ByNegPMKs-11,B6ByNegPMKs_4b983544c13946e3a3a518c565ad1086,manual,bound_fixed,3.0,24,43,17
B6ByNegPMKs-11,B6ByNegPMKs_4b983544c13946e3a3a518c565ad1086,manual,bound_fixed,6.0,24,87,25
B6ByNegPMKs-11,B6ByNegPMKs_4b983544c13946e3a3a518c565ad1086,manual,bound_fixed,9.0,24,129,22
B6ByNegPMKs-11,B6ByNegPMKs_4b983544c13946e3a3a518c565ad1086,manual,bound_fixed,12.0,24,133,0
B6ByNegPMKs-11,B6ByNegPMKs_4b983544c13946e3a3a518c565ad1086,manual,split_cyclic,3.0,24,43,17
B6ByNegPMKs-11,B6ByNegPMKs_4b983544c13946e3a3a518c565ad1086,manual,split_cyclic,6.0,24,87,25
B6ByNegPMKs-11,B6ByNegPMKs_4b983544c13946e3a3a518c565ad1086,manual,split_cyclic,9.0,24,129,22
B6ByNegPMKs-11,B6ByNegPMKs_4b983544c13946e3a3a518c565ad1086,manual,split_cyclic,12.0,24,133,0
B6ByNegPMKs-11,B6ByNegPMKs_4b983544c13946e3a3a518c565ad1086,manual,bound_cyclic,3.0,24,43,17
B6ByNegPMKs-11,B6ByNegPMKs_4b983544c13946e3a3a518c565ad1086,manual,bound_cyclic,6.0,24,87,25
B6ByNegPMKs-11,B6ByNegPMKs_4b983544c13946e3a3a518c565ad1086,manual,bound_cyclic,9.0,24,129,22
B6ByNegPMKs-11,B6ByNegPMKs_4b983544c13946e3a3a518c565ad1086,manual,bound_cyclic,12.0,24,133,0
B6ByNegPMKs-11,B6ByNegPMKs_4b983544c13946e3a3a518c565ad1086,manual,split_free,3.0,24,43,17
B6ByNegPMKs-11,B6ByNegPMKs_4b983544c13946e3a3a518c565ad1086,manual,split_free,6.0,24,87,25
B6ByNegPMKs-11,B6ByNegPMKs_4b983544c13946e3a3a518c565ad1086,manual,split_free,9.0,24,129,22
B6ByNegPMKs-11,B6ByNegPMKs_4b983544c13946e3a3a518c565ad1086,manual,split_free,12.0,24,133,0
B6ByNegPMKs-11,B6ByNegPMKs_4b983544c13946e3a3a518c565ad1086,manual,bound_free,3.0,24,43,17
B6ByNegPMKs-11,B6ByNegPMKs_4b983544c13946e3a3a518c565ad1086,manual,bound_free,6.0,24,87,25
B6ByNegPMKs-11,B6ByNegPMKs_4b983544c13946e3a3a518c565ad1086,manual,bound_free,9.0,24,129,22
B6ByNegPMKs-11,B6ByNegPMKs_4b983544c13946e3a3a518c565ad1086,manual,bound_free,12.0,24,133,0
B6ByNegPMKs-11,B6ByNegPMKs_4b983544c13946e3a3a518c565ad1086,manual,top_fixed,3.0,24,43,17
B6ByNegPMKs-11,B6ByNegPMKs_4b983544c13946e3a3a518c565ad1086,manual,top_fixed,6.0,24,91,27
B6ByNegPMKs-11,B6ByNegPMKs_4b983544c13946e3a3a518c565ad1086,manual,top_fixed,9.0,24,129,22
B6ByNegPMKs-11,B6ByNegPMKs_4b983544c13946e3a3a518c565ad1086,manual,top_fixed,12.0,24,133,0
B6ByNegPMKs-11,B6ByNegPMKs_4b983544c13946e3a3a518c565ad1086,manual,bottom_fixed,3.0,24,67,6
B6ByNegPMKs-11,B6ByNegPMKs_4b983544c13946e3a3a518c565ad1086,manual,bottom_fixed,6.0,24,123,38
B6ByNegPMKs-11,B6ByNegPMKs_4b983544c13946e3a3a518c565ad1086,manual,bottom_fixed,9.0,24,133,0
B6ByNegPMKs-11,B6ByNegPMKs_4b983544c13946e3a3a518c565ad1086,manual,bottom_fixed,12.0,24,133,0
B6ByNegPMKs-18,B6ByNegPMKs_5b5bd1eac4e6462d8c6677b90a4cf9a9,manual,count_only,0.0,5,6,0
B6ByNegPMKs-18,B6ByNegPMKs_5b5bd1eac4e6462d8c6677b90a4cf9a9,manual,split_fixed,3.0,5,3,0
B6ByNegPMKs-18,B6ByNegPMKs_5b5bd1eac4e6462d8c6677b90a4cf9a9,manual,split_fixed,6.0,5,4,1
B6ByNegPMKs-18,B6ByNegPMKs_5b5bd1eac4e6462d8c6677b90a4cf9a9,manual,split_fixed,9.0,5,6,0
B6ByNegPMKs-18,B6ByNegPMKs_5b5bd1eac4e6462d8c6677b90a4cf9a9,manual,split_fixed,12.0,5,6,0
B6ByNegPMKs-18,B6ByNegPMKs_5b5bd1eac4e6462d8c6677b90a4cf9a9,manual,bound_fixed,3.0,5,3,0
B6ByNegPMKs-18,B6ByNegPMKs_5b5bd1eac4e6462d8c6677b90a4cf9a9,manual,bound_fixed,6.0,5,4,1
B6ByNegPMKs-18,B6ByNegPMKs_5b5bd1eac4e6462d8c6677b90a4cf9a9,manual,bound_fixed,9.0,5,6,0
B6ByNegPMKs-18,B6ByNegPMKs_5b5bd1eac4e6462d8c6677b90a4cf9a9,manual,bound_fixed,12.0,5,6,0
B6ByNegPMKs-18,B6ByNegPMKs_5b5bd1eac4e6462d8c6677b90a4cf9a9,manual,split_cyclic,3.0,5,3,0
B6ByNegPMKs-18,B6ByNegPMKs_5b5bd1eac4e6462d8c6677b90a4cf9a9,manual,split_cyclic,6.0,5,4,1
B6ByNegPMKs-18,B6ByNegPMKs_5b5bd1eac4e6462d8c6677b90a4cf9a9,manual,split_cyclic,9.0,5,6,0
B6ByNegPMKs-18,B6ByNegPMKs_5b5bd1eac4e6462d8c6677b90a4cf9a9,manual,split_cyclic,12.0,5,6,0
B6ByNegPMKs-18,B6ByNegPMKs_5b5bd1eac4e6462d8c6677b90a4cf9a9,manual,bound_cyclic,3.0,5,3,0
B6ByNegPMKs-18,B6ByNegPMKs_5b5bd1eac4e6462d8c6677b90a4cf9a9,manual,bound_cyclic,6.0,5,4,1
B6ByNegPMKs-18,B6ByNegPMKs_5b5bd1eac4e6462d8c6677b90a4cf9a9,manual,bound_cyclic,9.0,5,6,0
B6ByNegPMKs-18,B6ByNegPMKs_5b5bd1eac4e6462d8c6677b90a4cf9a9,manual,bound_cyclic,12.0,5,6,0
B6ByNegPMKs-18,B6ByNegPMKs_5b5bd1eac4e6462d8c6677b90a4cf9a9,manual,split_free,3.0,5,3,0
B6ByNegPMKs-18,B6ByNegPMKs_5b5bd1eac4e6462d8c6677b90a4cf9a9,manual,split_free,6.0,5,4,1
B6ByNegPMKs-18,B6ByNegPMKs_5b5bd1eac4e6462d8c6677b90a4cf9a9,manual,split_free,9.0,5,6,0
B6ByNegPMKs-18,B6ByNegPMKs_5b5bd1eac4e6462d8c6677b90a4cf9a9,manual,split_free,12.0,5,6,0
B6ByNegPMKs-18,B6ByNegPMKs_5b5bd1eac4e6462d8c6677b90a4cf9a9,manual,bound_free,3.0,5,3,0
B6ByNegPMKs-18,B6ByNegPMKs_5b5bd1eac4e6462d8c6677b90a4cf9a9,manual,bound_free,6.0,5,4,1
B6ByNegPMKs-18,B6ByNegPMKs_5b5bd1eac4e6462d8c6677b90a4cf9a9,manual,bound_free,9.0,5,6,0
B6ByNegPMKs-18,B6ByNegPMKs_5b5bd1eac4e6462d8c6677b90a4cf9a9,manual,bound_free,12.0,5,6,0
B6ByNegPMKs-18,B6ByNegPMKs_5b5bd1eac4e6462d8c6677b90a4cf9a9,manual,top_fixed,3.0,5,3,0
B6ByNegPMKs-18,B6ByNegPMKs_5b5bd1eac4e6462d8c6677b90a4cf9a9,manual,top_fixed,6.0,5,6,0
B6ByNegPMKs-18,B6ByNegPMKs_5b5bd1eac4e6462d8c6677b90a4cf9a9,manual,top_fixed,9.0,5,6,0
B6ByNegPMKs-18,B6ByNegPMKs_5b5bd1eac4e6462d8c6677b90a4cf9a9,manual,top_fixed,12.0,5,6,0
B6ByNegPMKs-18,B6ByNegPMKs_5b5bd1eac4e6462d8c6677b90a4cf9a9,manual,bottom_fixed,3.0,5,3,0
B6ByNegPMKs-18,B6ByNegPMKs_5b5bd1eac4e6462d8c6677b90a4cf9a9,manual,bottom_fixed,6.0,5,4,1
B6ByNegPMKs-18,B6ByNegPMKs_5b5bd1eac4e6462d8c6677b90a4cf9a9,manual,bottom_fixed,9.0,5,6,0
B6ByNegPMKs-18,B6ByNegPMKs_5b5bd1eac4e6462d8c6677b90a4cf9a9,manual,bottom_fixed,12.0,5,6,0
B6ByNegPMKs-18,B6ByNegPMKs_5b5bd1eac4e6462d8c6677b90a4cf9a9,semi,count_only,0.0,4,6,0
B6ByNegPMKs-18,B6ByNegPMKs_5b5bd1eac4e6462d8c6677b90a4cf9a9,semi,split_fixed,3.0,4,3,0
B6ByNegPMKs-18,B6ByNegPMKs_5b5bd1eac4e6462d8c6677b90a4cf9a9,semi,split_fixed,6.0,4,3,0
B6ByNegPMKs-18,B6ByNegPMKs_5b5bd1eac4e6462d8c6677b90a4cf9a9,semi,split_fixed,9.0,4,6,0
B6ByNegPMKs-18,B6ByNegPMKs_5b5bd1eac4e6462d8c6677b90a4cf9a9,semi,split_fixed,12.0,4,6,0
B6ByNegPMKs-18,B6ByNegPMKs_5b5bd1eac4e6462d8c6677b90a4cf9a9,semi,bound_fixed,3.0,4,3,0
B6ByNegPMKs-18,B6ByNegPMKs_5b5bd1eac4e6462d8c6677b90a4cf9a9,semi,bound_fixed,6.0,4,3,0
B6ByNegPMKs-18,B6ByNegPMKs_5b5bd1eac4e6462d8c6677b90a4cf9a9,semi,bound_fixed,9.0,4,6,0
B6ByNegPMKs-18,B6ByNegPMKs_5b5bd1eac4e6462d8c6677b90a4cf9a9,semi,bound_fixed,12.0,4,6,0
B6ByNegPMKs-18,B6ByNegPMKs_5b5bd1eac4e6462d8c6677b90a4cf9a9,semi,split_cyclic,3.0,4,3,0
B6ByNegPMKs-18,B6ByNegPMKs_5b5bd1eac4e6462d8c6677b90a4cf9a9,semi,split_cyclic,6.0,4,3,0
B6ByNegPMKs-18,B6ByNegPMKs_5b5bd1eac4e6462d8c6677b90a4cf9a9,semi,split_cyclic,9.0,4,6,0
B6ByNegPMKs-18,B6ByNegPMKs_5b5bd1eac4e6462d8c6677b90a4cf9a9,semi,split_cyclic,12.0,4,6,0
B6ByNegPMKs-18,B6ByNegPMKs_5b5bd1eac4e6462d8c6677b90a4cf9a9,semi,bound_cyclic,3.0,4,3,0
B6ByNegPMKs-18,B6ByNegPMKs_5b5bd1eac4e6462d8c6677b90a4cf9a9,semi,bound_cyclic,6.0,4,3,0
B6ByNegPMKs-18,B6ByNegPMKs_5b5bd1eac4e6462d8c6677b90a4cf9a9,semi,bound_cyclic,9.0,4,6,0
B6ByNegPMKs-18,B6ByNegPMKs_5b5bd1eac4e6462d8c6677b90a4cf9a9,semi,bound_cyclic,12.0,4,6,0
B6ByNegPMKs-18,B6ByNegPMKs_5b5bd1eac4e6462d8c6677b90a4cf9a9,semi,split_free,3.0,4,3,0
B6ByNegPMKs-18,B6ByNegPMKs_5b5bd1eac4e6462d8c6677b90a4cf9a9,semi,split_free,6.0,4,3,0
B6ByNegPMKs-18,B6ByNegPMKs_5b5bd1eac4e6462d8c6677b90a4cf9a9,semi,split_free,9.0,4,6,0
B6ByNegPMKs-18,B6ByNegPMKs_5b5bd1eac4e6462d8c6677b90a4cf9a9,semi,split_free,12.0,4,6,0
B6ByNegPMKs-18,B6ByNegPMKs_5b5bd1eac4e6462d8c6677b90a4cf9a9,semi,bound_free,3.0,4,3,0
B6ByNegPMKs-18,B6ByNegPMKs_5b5bd1eac4e6462d8c6677b90a4cf9a9,semi,bound_free,6.0,4,3,0
B6ByNegPMKs-18,B6ByNegPMKs_5b5bd1eac4e6462d8c6677b90a4cf9a9,semi,bound_free,9.0,4,6,0
B6ByNegPMKs-18,B6ByNegPMKs_5b5bd1eac4e6462d8c6677b90a4cf9a9,semi,bound_free,12.0,4,6,0
B6ByNegPMKs-18,B6ByNegPMKs_5b5bd1eac4e6462d8c6677b90a4cf9a9,semi,top_fixed,3.0,4,3,0
B6ByNegPMKs-18,B6ByNegPMKs_5b5bd1eac4e6462d8c6677b90a4cf9a9,semi,top_fixed,6.0,4,3,0
B6ByNegPMKs-18,B6ByNegPMKs_5b5bd1eac4e6462d8c6677b90a4cf9a9,semi,top_fixed,9.0,4,6,0
B6ByNegPMKs-18,B6ByNegPMKs_5b5bd1eac4e6462d8c6677b90a4cf9a9,semi,top_fixed,12.0,4,6,0
B6ByNegPMKs-18,B6ByNegPMKs_5b5bd1eac4e6462d8c6677b90a4cf9a9,semi,bottom_fixed,3.0,4,3,0
B6ByNegPMKs-18,B6ByNegPMKs_5b5bd1eac4e6462d8c6677b90a4cf9a9,semi,bottom_fixed,6.0,4,6,0
B6ByNegPMKs-18,B6ByNegPMKs_5b5bd1eac4e6462d8c6677b90a4cf9a9,semi,bottom_fixed,9.0,4,6,0
B6ByNegPMKs-18,B6ByNegPMKs_5b5bd1eac4e6462d8c6677b90a4cf9a9,semi,bottom_fixed,12.0,4,6,0
B6ByNegPMKs-21,B6ByNegPMKs_7018ca302c584d0d85024187f3568460,manual,count_only,0.0,5,10,0
B6ByNegPMKs-21,B6ByNegPMKs_7018ca302c584d0d85024187f3568460,manual,split_fixed,3.0,5,1,0
B6ByNegPMKs-21,B6ByNegPMKs_7018ca302c584d0d85024187f3568460,manual,split_fixed,6.0,5,6,0
B6ByNegPMKs-21,B6ByNegPMKs_7018ca302c584d0d85024187f3568460,manual,split_fixed,9.0,5,6,0
B6ByNegPMKs-21,B6ByNegPMKs_7018ca302c584d0d85024187f3568460,manual,split_fixed,12.0,5,8,2
B6ByNegPMKs-21,B6ByNegPMKs_7018ca302c584d0d85024187f3568460,manual,bound_fixed,3.0,5,1,0
B6ByNegPMKs-21,B6ByNegPMKs_7018ca302c584d0d85024187f3568460,manual,bound_fixed,6.0,5,6,0
B6ByNegPMKs-21,B6ByNegPMKs_7018ca302c584d0d85024187f3568460,manual,bound_fixed,9.0,5,6,0
B6ByNegPMKs-21,B6ByNegPMKs_7018ca302c584d0d85024187f3568460,manual,bound_fixed,12.0,5,8,2
B6ByNegPMKs-21,B6ByNegPMKs_7018ca302c584d0d85024187f3568460,manual,split_cyclic,3.0,5,1,0
B6ByNegPMKs-21,B6ByNegPMKs_7018ca302c584d0d85024187f3568460,manual,split_cyclic,6.0,5,6,0
B6ByNegPMKs-21,B6ByNegPMKs_7018ca302c584d0d85024187f3568460,manual,split_cyclic,9.0,5,6,0
B6ByNegPMKs-21,B6ByNegPMKs_7018ca302c584d0d85024187f3568460,manual,split_cyclic,12.0,5,8,2
B6ByNegPMKs-21,B6ByNegPMKs_7018ca302c584d0d85024187f3568460,manual,bound_cyclic,3.0,5,1,0
B6ByNegPMKs-21,B6ByNegPMKs_7018ca302c584d0d85024187f3568460,manual,bound_cyclic,6.0,5,6,0
B6ByNegPMKs-21,B6ByNegPMKs_7018ca302c584d0d85024187f3568460,manual,bound_cyclic,9.0,5,6,0
B6ByNegPMKs-21,B6ByNegPMKs_7018ca302c584d0d85024187f3568460,manual,bound_cyclic,12.0,5,8,2
B6ByNegPMKs-21,B6ByNegPMKs_7018ca302c584d0d85024187f3568460,manual,split_free,3.0,5,1,0
B6ByNegPMKs-21,B6ByNegPMKs_7018ca302c584d0d85024187f3568460,manual,split_free,6.0,5,6,0
B6ByNegPMKs-21,B6ByNegPMKs_7018ca302c584d0d85024187f3568460,manual,split_free,9.0,5,6,0
B6ByNegPMKs-21,B6ByNegPMKs_7018ca302c584d0d85024187f3568460,manual,split_free,12.0,5,8,2
B6ByNegPMKs-21,B6ByNegPMKs_7018ca302c584d0d85024187f3568460,manual,bound_free,3.0,5,1,0
B6ByNegPMKs-21,B6ByNegPMKs_7018ca302c584d0d85024187f3568460,manual,bound_free,6.0,5,6,0
B6ByNegPMKs-21,B6ByNegPMKs_7018ca302c584d0d85024187f3568460,manual,bound_free,9.0,5,6,0
B6ByNegPMKs-21,B6ByNegPMKs_7018ca302c584d0d85024187f3568460,manual,bound_free,12.0,5,8,2
B6ByNegPMKs-21,B6ByNegPMKs_7018ca302c584d0d85024187f3568460,manual,top_fixed,3.0,5,2,1
B6ByNegPMKs-21,B6ByNegPMKs_7018ca302c584d0d85024187f3568460,manual,top_fixed,6.0,5,10,0
B6ByNegPMKs-21,B6ByNegPMKs_7018ca302c584d0d85024187f3568460,manual,top_fixed,9.0,5,10,0
B6ByNegPMKs-21,B6ByNegPMKs_7018ca302c584d0d85024187f3568460,manual,top_fixed,12.0,5,10,0
B6ByNegPMKs-21,B6ByNegPMKs_7018ca302c584d0d85024187f3568460,manual,bottom_fixed,3.0,5,3,1
B6ByNegPMKs-21,B6ByNegPMKs_7018ca302c584d0d85024187f3568460,manual,bottom_fixed,6.0,5,6,0
B6ByNegPMKs-21,B6ByNegPMKs_7018ca302c584d0d85024187f3568460,manual,bottom_fixed,9.0,5,6,0
B6ByNegPMKs-21,B6ByNegPMKs_7018ca302c584d0d85024187f3568460,manual,bottom_fixed,12.0,5,8,2
B6ByNegPMKs-21,B6ByNegPMKs_7018ca302c584d0d85024187f3568460,semi,count_only,0.0,4,3,0
B6ByNegPMKs-21,B6ByNegPMKs_7018ca302c584d0d85024187f3568460,semi,split_fixed,3.0,4,0,0
B6ByNegPMKs-21,B6ByNegPMKs_7018ca302c584d0d85024187f3568460,semi,split_fixed,6.0,4,1,0
B6ByNegPMKs-21,B6ByNegPMKs_7018ca302c584d0d85024187f3568460,semi,split_fixed,9.0,4,2,1
B6ByNegPMKs-21,B6ByNegPMKs_7018ca302c584d0d85024187f3568460,semi,split_fixed,12.0,4,3,0
B6ByNegPMKs-21,B6ByNegPMKs_7018ca302c584d0d85024187f3568460,semi,bound_fixed,3.0,4,0,0
B6ByNegPMKs-21,B6ByNegPMKs_7018ca302c584d0d85024187f3568460,semi,bound_fixed,6.0,4,1,0
B6ByNegPMKs-21,B6ByNegPMKs_7018ca302c584d0d85024187f3568460,semi,bound_fixed,9.0,4,2,1
B6ByNegPMKs-21,B6ByNegPMKs_7018ca302c584d0d85024187f3568460,semi,bound_fixed,12.0,4,3,0
B6ByNegPMKs-21,B6ByNegPMKs_7018ca302c584d0d85024187f3568460,semi,split_cyclic,3.0,4,0,0
B6ByNegPMKs-21,B6ByNegPMKs_7018ca302c584d0d85024187f3568460,semi,split_cyclic,6.0,4,1,0
B6ByNegPMKs-21,B6ByNegPMKs_7018ca302c584d0d85024187f3568460,semi,split_cyclic,9.0,4,2,1
B6ByNegPMKs-21,B6ByNegPMKs_7018ca302c584d0d85024187f3568460,semi,split_cyclic,12.0,4,3,0
B6ByNegPMKs-21,B6ByNegPMKs_7018ca302c584d0d85024187f3568460,semi,bound_cyclic,3.0,4,0,0
B6ByNegPMKs-21,B6ByNegPMKs_7018ca302c584d0d85024187f3568460,semi,bound_cyclic,6.0,4,1,0
B6ByNegPMKs-21,B6ByNegPMKs_7018ca302c584d0d85024187f3568460,semi,bound_cyclic,9.0,4,2,1
B6ByNegPMKs-21,B6ByNegPMKs_7018ca302c584d0d85024187f3568460,semi,bound_cyclic,12.0,4,3,0
B6ByNegPMKs-21,B6ByNegPMKs_7018ca302c584d0d85024187f3568460,semi,split_free,3.0,4,0,0
B6ByNegPMKs-21,B6ByNegPMKs_7018ca302c584d0d85024187f3568460,semi,split_free,6.0,4,1,0
B6ByNegPMKs-21,B6ByNegPMKs_7018ca302c584d0d85024187f3568460,semi,split_free,9.0,4,2,1
B6ByNegPMKs-21,B6ByNegPMKs_7018ca302c584d0d85024187f3568460,semi,split_free,12.0,4,3,0
B6ByNegPMKs-21,B6ByNegPMKs_7018ca302c584d0d85024187f3568460,semi,bound_free,3.0,4,0,0
B6ByNegPMKs-21,B6ByNegPMKs_7018ca302c584d0d85024187f3568460,semi,bound_free,6.0,4,1,0
B6ByNegPMKs-21,B6ByNegPMKs_7018ca302c584d0d85024187f3568460,semi,bound_free,9.0,4,2,1
B6ByNegPMKs-21,B6ByNegPMKs_7018ca302c584d0d85024187f3568460,semi,bound_free,12.0,4,3,0
B6ByNegPMKs-21,B6ByNegPMKs_7018ca302c584d0d85024187f3568460,semi,top_fixed,3.0,4,1,0
B6ByNegPMKs-21,B6ByNegPMKs_7018ca302c584d0d85024187f3568460,semi,top_fixed,6.0,4,3,0
B6ByNegPMKs-21,B6ByNegPMKs_7018ca302c584d0d85024187f3568460,semi,top_fixed,9.0,4,3,0
B6ByNegPMKs-21,B6ByNegPMKs_7018ca302c584d0d85024187f3568460,semi,top_fixed,12.0,4,3,0
B6ByNegPMKs-21,B6ByNegPMKs_7018ca302c584d0d85024187f3568460,semi,bottom_fixed,3.0,4,0,0
B6ByNegPMKs-21,B6ByNegPMKs_7018ca302c584d0d85024187f3568460,semi,bottom_fixed,6.0,4,1,0
B6ByNegPMKs-21,B6ByNegPMKs_7018ca302c584d0d85024187f3568460,semi,bottom_fixed,9.0,4,2,1
B6ByNegPMKs-21,B6ByNegPMKs_7018ca302c584d0d85024187f3568460,semi,bottom_fixed,12.0,4,3,0
B6ByNegPMKs-22,B6ByNegPMKs_75327de9719945aa8b893a6404667884,semi,count_only,0.0,24,276,0
B6ByNegPMKs-22,B6ByNegPMKs_75327de9719945aa8b893a6404667884,semi,split_fixed,3.0,24,104,10
B6ByNegPMKs-22,B6ByNegPMKs_75327de9719945aa8b893a6404667884,semi,split_fixed,6.0,24,250,135
B6ByNegPMKs-22,B6ByNegPMKs_75327de9719945aa8b893a6404667884,semi,split_fixed,9.0,24,275,118
B6ByNegPMKs-22,B6ByNegPMKs_75327de9719945aa8b893a6404667884,semi,split_fixed,12.0,24,276,0
B6ByNegPMKs-22,B6ByNegPMKs_75327de9719945aa8b893a6404667884,semi,bound_fixed,3.0,24,104,10
B6ByNegPMKs-22,B6ByNegPMKs_75327de9719945aa8b893a6404667884,semi,bound_fixed,6.0,24,250,135
B6ByNegPMKs-22,B6ByNegPMKs_75327de9719945aa8b893a6404667884,semi,bound_fixed,9.0,24,275,118
B6ByNegPMKs-22,B6ByNegPMKs_75327de9719945aa8b893a6404667884,semi,bound_fixed,12.0,24,276,0
B6ByNegPMKs-22,B6ByNegPMKs_75327de9719945aa8b893a6404667884,semi,split_cyclic,3.0,24,104,10
B6ByNegPMKs-22,B6ByNegPMKs_75327de9719945aa8b893a6404667884,semi,split_cyclic,6.0,24,250,135
B6ByNegPMKs-22,B6ByNegPMKs_75327de9719945aa8b893a6404667884,semi,split_cyclic,9.0,24,275,118
B6ByNegPMKs-22,B6ByNegPMKs_75327de9719945aa8b893a6404667884,semi,split_cyclic,12.0,24,276,0
B6ByNegPMKs-22,B6ByNegPMKs_75327de9719945aa8b893a6404667884,semi,bound_cyclic,3.0,24,104,10
B6ByNegPMKs-22,B6ByNegPMKs_75327de9719945aa8b893a6404667884,semi,bound_cyclic,6.0,24,250,135
B6ByNegPMKs-22,B6ByNegPMKs_75327de9719945aa8b893a6404667884,semi,bound_cyclic,9.0,24,275,118
B6ByNegPMKs-22,B6ByNegPMKs_75327de9719945aa8b893a6404667884,semi,bound_cyclic,12.0,24,276,0
B6ByNegPMKs-22,B6ByNegPMKs_75327de9719945aa8b893a6404667884,semi,split_free,3.0,24,104,10
B6ByNegPMKs-22,B6ByNegPMKs_75327de9719945aa8b893a6404667884,semi,split_free,6.0,24,250,135
B6ByNegPMKs-22,B6ByNegPMKs_75327de9719945aa8b893a6404667884,semi,split_free,9.0,24,275,118
B6ByNegPMKs-22,B6ByNegPMKs_75327de9719945aa8b893a6404667884,semi,split_free,12.0,24,276,0
B6ByNegPMKs-22,B6ByNegPMKs_75327de9719945aa8b893a6404667884,semi,bound_free,3.0,24,104,10
B6ByNegPMKs-22,B6ByNegPMKs_75327de9719945aa8b893a6404667884,semi,bound_free,6.0,24,250,135
B6ByNegPMKs-22,B6ByNegPMKs_75327de9719945aa8b893a6404667884,semi,bound_free,9.0,24,275,118
B6ByNegPMKs-22,B6ByNegPMKs_75327de9719945aa8b893a6404667884,semi,bound_free,12.0,24,276,0
B6ByNegPMKs-22,B6ByNegPMKs_75327de9719945aa8b893a6404667884,semi,top_fixed,3.0,24,111,11
B6ByNegPMKs-22,B6ByNegPMKs_75327de9719945aa8b893a6404667884,semi,top_fixed,6.0,24,254,139
B6ByNegPMKs-22,B6ByNegPMKs_75327de9719945aa8b893a6404667884,semi,top_fixed,9.0,24,275,118
B6ByNegPMKs-22,B6ByNegPMKs_75327de9719945aa8b893a6404667884,semi,top_fixed,12.0,24,276,0
B6ByNegPMKs-22,B6ByNegPMKs_75327de9719945aa8b893a6404667884,semi,bottom_fixed,3.0,24,159,78
B6ByNegPMKs-22,B6ByNegPMKs_75327de9719945aa8b893a6404667884,semi,bottom_fixed,6.0,24,268,100
B6ByNegPMKs-22,B6ByNegPMKs_75327de9719945aa8b893a6404667884,semi,bottom_fixed,9.0,24,276,0
B6ByNegPMKs-22,B6ByNegPMKs_75327de9719945aa8b893a6404667884,semi,bottom_fixed,12.0,24,276,0
B6ByNegPMKs-33,B6ByNegPMKs_b8e1ecf1bd044e7292581a66683e7993,manual,count_only,0.0,24,231,0
B6ByNegPMKs-33,B6ByNegPMKs_b8e1ecf1bd044e7292581a66683e7993,manual,split_fixed,3.0,24,44,0
B6ByNegPMKs-33,B6ByNegPMKs_b8e1ecf1bd044e7292581a66683e7993,manual,split_fixed,6.0,24,78,33
B6ByNegPMKs-33,B6ByNegPMKs_b8e1ecf1bd044e7292581a66683e7993,manual,split_fixed,9.0,24,197,97
B6ByNegPMKs-33,B6ByNegPMKs_b8e1ecf1bd044e7292581a66683e7993,manual,split_fixed,12.0,24,224,98
B6ByNegPMKs-33,B6ByNegPMKs_b8e1ecf1bd044e7292581a66683e7993,manual,bound_fixed,3.0,22,44,0
B6ByNegPMKs-33,B6ByNegPMKs_b8e1ecf1bd044e7292581a66683e7993,manual,bound_fixed,6.0,22,69,24
B6ByNegPMKs-33,B6ByNegPMKs_b8e1ecf1bd044e7292581a66683e7993,manual,bound_fixed,9.0,22,181,75
B6ByNegPMKs-33,B6ByNegPMKs_b8e1ecf1bd044e7292581a66683e7993,manual,bound_fixed,12.0,22,206,100
B6ByNegPMKs-33,B6ByNegPMKs_b8e1ecf1bd044e7292581a66683e7993,manual,split_cyclic,3.0,24,44,0
B6ByNegPMKs-33,B6ByNegPMKs_b8e1ecf1bd044e7292581a66683e7993,manual,split_cyclic,6.0,24,78,33
B6ByNegPMKs-33,B6ByNegPMKs_b8e1ecf1bd044e7292581a66683e7993,manual,split_cyclic,9.0,24,197,97
B6ByNegPMKs-33,B6ByNegPMKs_b8e1ecf1bd044e7292581a66683e7993,manual,split_cyclic,12.0,24,224,98
B6ByNegPMKs-33,B6ByNegPMKs_b8e1ecf1bd044e7292581a66683e7993,manual,bound_cyclic,3.0,22,44,0
B6ByNegPMKs-33,B6ByNegPMKs_b8e1ecf1bd044e7292581a66683e7993,manual,bound_cyclic,6.0,22,69,24
B6ByNegPMKs-33,B6ByNegPMKs_b8e1ecf1bd044e7292581a66683e7993,manual,bound_cyclic,9.0,22,181,75
B6ByNegPMKs-33,B6ByNegPMKs_b8e1ecf1bd044e7292581a66683e7993,manual,bound_cyclic,12.0,22,206,100
B6ByNegPMKs-33,B6ByNegPMKs_b8e1ecf1bd044e7292581a66683e7993,manual,split_free,3.0,24,44,0
B6ByNegPMKs-33,B6ByNegPMKs_b8e1ecf1bd044e7292581a66683e7993,manual,split_free,6.0,24,78,33
B6ByNegPMKs-33,B6ByNegPMKs_b8e1ecf1bd044e7292581a66683e7993,manual,split_free,9.0,24,197,97
B6ByNegPMKs-33,B6ByNegPMKs_b8e1ecf1bd044e7292581a66683e7993,manual,split_free,12.0,24,224,98
B6ByNegPMKs-33,B6ByNegPMKs_b8e1ecf1bd044e7292581a66683e7993,manual,bound_free,3.0,22,44,0
B6ByNegPMKs-33,B6ByNegPMKs_b8e1ecf1bd044e7292581a66683e7993,manual,bound_free,6.0,22,69,24
B6ByNegPMKs-33,B6ByNegPMKs_b8e1ecf1bd044e7292581a66683e7993,manual,bound_free,9.0,22,181,75
B6ByNegPMKs-33,B6ByNegPMKs_b8e1ecf1bd044e7292581a66683e7993,manual,bound_free,12.0,22,206,100
B6ByNegPMKs-33,B6ByNegPMKs_b8e1ecf1bd044e7292581a66683e7993,manual,top_fixed,3.0,24,58,6
B6ByNegPMKs-33,B6ByNegPMKs_b8e1ecf1bd044e7292581a66683e7993,manual,top_fixed,6.0,24,130,67
B6ByNegPMKs-33,B6ByNegPMKs_b8e1ecf1bd044e7292581a66683e7993,manual,top_fixed,9.0,24,200,89
B6ByNegPMKs-33,B6ByNegPMKs_b8e1ecf1bd044e7292581a66683e7993,manual,top_fixed,12.0,24,227,116
B6ByNegPMKs-33,B6ByNegPMKs_b8e1ecf1bd044e7292581a66683e7993,manual,bottom_fixed,3.0,24,116,19
B6ByNegPMKs-33,B6ByNegPMKs_b8e1ecf1bd044e7292581a66683e7993,manual,bottom_fixed,6.0,24,146,20
B6ByNegPMKs-33,B6ByNegPMKs_b8e1ecf1bd044e7292581a66683e7993,manual,bottom_fixed,9.0,24,226,80
B6ByNegPMKs-33,B6ByNegPMKs_b8e1ecf1bd044e7292581a66683e7993,manual,bottom_fixed,12.0,24,228,82
B6ByNegPMKs-37,B6ByNegPMKs_c946db5792df4f90bea20f06a0030c37,manual,count_only,0.0,6,10,0
B6ByNegPMKs-37,B6ByNegPMKs_c946db5792df4f90bea20f06a0030c37,manual,split_fixed,3.0,6,1,0
B6ByNegPMKs-37,B6ByNegPMKs_c946db5792df4f90bea20f06a0030c37,manual,split_fixed,6.0,6,2,0
B6ByNegPMKs-37,B6ByNegPMKs_c946db5792df4f90bea20f06a0030c37,manual,split_fixed,9.0,6,4,0
B6ByNegPMKs-37,B6ByNegPMKs_c946db5792df4f90bea20f06a0030c37,manual,split_fixed,12.0,6,4,0
B6ByNegPMKs-37,B6ByNegPMKs_c946db5792df4f90bea20f06a0030c37,manual,bound_fixed,3.0,6,1,0
B6ByNegPMKs-37,B6ByNegPMKs_c946db5792df4f90bea20f06a0030c37,manual,bound_fixed,6.0,6,2,0
B6ByNegPMKs-37,B6ByNegPMKs_c946db5792df4f90bea20f06a0030c37,manual,bound_fixed,9.0,6,4,0
B6ByNegPMKs-37,B6ByNegPMKs_c946db5792df4f90bea20f06a0030c37,manual,bound_fixed,12.0,6,4,0
B6ByNegPMKs-37,B6ByNegPMKs_c946db5792df4f90bea20f06a0030c37,manual,split_cyclic,3.0,6,1,0
B6ByNegPMKs-37,B6ByNegPMKs_c946db5792df4f90bea20f06a0030c37,manual,split_cyclic,6.0,6,2,0
B6ByNegPMKs-37,B6ByNegPMKs_c946db5792df4f90bea20f06a0030c37,manual,split_cyclic,9.0,6,4,0
B6ByNegPMKs-37,B6ByNegPMKs_c946db5792df4f90bea20f06a0030c37,manual,split_cyclic,12.0,6,4,0
B6ByNegPMKs-37,B6ByNegPMKs_c946db5792df4f90bea20f06a0030c37,manual,bound_cyclic,3.0,6,1,0
B6ByNegPMKs-37,B6ByNegPMKs_c946db5792df4f90bea20f06a0030c37,manual,bound_cyclic,6.0,6,2,0
B6ByNegPMKs-37,B6ByNegPMKs_c946db5792df4f90bea20f06a0030c37,manual,bound_cyclic,9.0,6,4,0
B6ByNegPMKs-37,B6ByNegPMKs_c946db5792df4f90bea20f06a0030c37,manual,bound_cyclic,12.0,6,4,0
B6ByNegPMKs-37,B6ByNegPMKs_c946db5792df4f90bea20f06a0030c37,manual,split_free,3.0,6,1,0
B6ByNegPMKs-37,B6ByNegPMKs_c946db5792df4f90bea20f06a0030c37,manual,split_free,6.0,6,2,0
B6ByNegPMKs-37,B6ByNegPMKs_c946db5792df4f90bea20f06a0030c37,manual,split_free,9.0,6,4,0
B6ByNegPMKs-37,B6ByNegPMKs_c946db5792df4f90bea20f06a0030c37,manual,split_free,12.0,6,4,0
B6ByNegPMKs-37,B6ByNegPMKs_c946db5792df4f90bea20f06a0030c37,manual,bound_free,3.0,6,1,0
B6ByNegPMKs-37,B6ByNegPMKs_c946db5792df4f90bea20f06a0030c37,manual,bound_free,6.0,6,2,0
B6ByNegPMKs-37,B6ByNegPMKs_c946db5792df4f90bea20f06a0030c37,manual,bound_free,9.0,6,4,0
B6ByNegPMKs-37,B6ByNegPMKs_c946db5792df4f90bea20f06a0030c37,manual,bound_free,12.0,6,4,0
B6ByNegPMKs-37,B6ByNegPMKs_c946db5792df4f90bea20f06a0030c37,manual,top_fixed,3.0,6,2,0
B6ByNegPMKs-37,B6ByNegPMKs_c946db5792df4f90bea20f06a0030c37,manual,top_fixed,6.0,6,2,0
B6ByNegPMKs-37,B6ByNegPMKs_c946db5792df4f90bea20f06a0030c37,manual,top_fixed,9.0,6,4,0
B6ByNegPMKs-37,B6ByNegPMKs_c946db5792df4f90bea20f06a0030c37,manual,top_fixed,12.0,6,4,0
B6ByNegPMKs-37,B6ByNegPMKs_c946db5792df4f90bea20f06a0030c37,manual,bottom_fixed,3.0,6,3,0
B6ByNegPMKs-37,B6ByNegPMKs_c946db5792df4f90bea20f06a0030c37,manual,bottom_fixed,6.0,6,4,0
B6ByNegPMKs-37,B6ByNegPMKs_c946db5792df4f90bea20f06a0030c37,manual,bottom_fixed,9.0,6,4,0
B6ByNegPMKs-37,B6ByNegPMKs_c946db5792df4f90bea20f06a0030c37,manual,bottom_fixed,12.0,6,4,0
B6ByNegPMKs-37,B6ByNegPMKs_c946db5792df4f90bea20f06a0030c37,semi,count_only,0.0,4,3,0
B6ByNegPMKs-37,B6ByNegPMKs_c946db5792df4f90bea20f06a0030c37,semi,split_fixed,3.0,4,1,0
B6ByNegPMKs-37,B6ByNegPMKs_c946db5792df4f90bea20f06a0030c37,semi,split_fixed,6.0,4,3,0
B6ByNegPMKs-37,B6ByNegPMKs_c946db5792df4f90bea20f06a0030c37,semi,split_fixed,9.0,4,3,0
B6ByNegPMKs-37,B6ByNegPMKs_c946db5792df4f90bea20f06a0030c37,semi,split_fixed,12.0,4,3,0
B6ByNegPMKs-37,B6ByNegPMKs_c946db5792df4f90bea20f06a0030c37,semi,bound_fixed,3.0,4,1,0
B6ByNegPMKs-37,B6ByNegPMKs_c946db5792df4f90bea20f06a0030c37,semi,bound_fixed,6.0,4,3,0
B6ByNegPMKs-37,B6ByNegPMKs_c946db5792df4f90bea20f06a0030c37,semi,bound_fixed,9.0,4,3,0
B6ByNegPMKs-37,B6ByNegPMKs_c946db5792df4f90bea20f06a0030c37,semi,bound_fixed,12.0,4,3,0
B6ByNegPMKs-37,B6ByNegPMKs_c946db5792df4f90bea20f06a0030c37,semi,split_cyclic,3.0,4,1,0
B6ByNegPMKs-37,B6ByNegPMKs_c946db5792df4f90bea20f06a0030c37,semi,split_cyclic,6.0,4,3,0
B6ByNegPMKs-37,B6ByNegPMKs_c946db5792df4f90bea20f06a0030c37,semi,split_cyclic,9.0,4,3,0
B6ByNegPMKs-37,B6ByNegPMKs_c946db5792df4f90bea20f06a0030c37,semi,split_cyclic,12.0,4,3,0
B6ByNegPMKs-37,B6ByNegPMKs_c946db5792df4f90bea20f06a0030c37,semi,bound_cyclic,3.0,4,1,0
B6ByNegPMKs-37,B6ByNegPMKs_c946db5792df4f90bea20f06a0030c37,semi,bound_cyclic,6.0,4,3,0
B6ByNegPMKs-37,B6ByNegPMKs_c946db5792df4f90bea20f06a0030c37,semi,bound_cyclic,9.0,4,3,0
B6ByNegPMKs-37,B6ByNegPMKs_c946db5792df4f90bea20f06a0030c37,semi,bound_cyclic,12.0,4,3,0
B6ByNegPMKs-37,B6ByNegPMKs_c946db5792df4f90bea20f06a0030c37,semi,split_free,3.0,4,1,0
B6ByNegPMKs-37,B6ByNegPMKs_c946db5792df4f90bea20f06a0030c37,semi,split_free,6.0,4,3,0
B6ByNegPMKs-37,B6ByNegPMKs_c946db5792df4f90bea20f06a0030c37,semi,split_free,9.0,4,3,0
B6ByNegPMKs-37,B6ByNegPMKs_c946db5792df4f90bea20f06a0030c37,semi,split_free,12.0,4,3,0
B6ByNegPMKs-37,B6ByNegPMKs_c946db5792df4f90bea20f06a0030c37,semi,bound_free,3.0,4,1,0
B6ByNegPMKs-37,B6ByNegPMKs_c946db5792df4f90bea20f06a0030c37,semi,bound_free,6.0,4,3,0
B6ByNegPMKs-37,B6ByNegPMKs_c946db5792df4f90bea20f06a0030c37,semi,bound_free,9.0,4,3,0
B6ByNegPMKs-37,B6ByNegPMKs_c946db5792df4f90bea20f06a0030c37,semi,bound_free,12.0,4,3,0
B6ByNegPMKs-37,B6ByNegPMKs_c946db5792df4f90bea20f06a0030c37,semi,top_fixed,3.0,4,1,0
B6ByNegPMKs-37,B6ByNegPMKs_c946db5792df4f90bea20f06a0030c37,semi,top_fixed,6.0,4,3,0
B6ByNegPMKs-37,B6ByNegPMKs_c946db5792df4f90bea20f06a0030c37,semi,top_fixed,9.0,4,3,0
B6ByNegPMKs-37,B6ByNegPMKs_c946db5792df4f90bea20f06a0030c37,semi,top_fixed,12.0,4,3,0
B6ByNegPMKs-37,B6ByNegPMKs_c946db5792df4f90bea20f06a0030c37,semi,bottom_fixed,3.0,4,1,0
B6ByNegPMKs-37,B6ByNegPMKs_c946db5792df4f90bea20f06a0030c37,semi,bottom_fixed,6.0,4,3,0
B6ByNegPMKs-37,B6ByNegPMKs_c946db5792df4f90bea20f06a0030c37,semi,bottom_fixed,9.0,4,3,0
B6ByNegPMKs-37,B6ByNegPMKs_c946db5792df4f90bea20f06a0030c37,semi,bottom_fixed,12.0,4,3,0
B6ByNegPMKs-40,B6ByNegPMKs_cee80ced97274e248d4ccaa582e12624,manual,count_only,0.0,24,232,0
B6ByNegPMKs-40,B6ByNegPMKs_cee80ced97274e248d4ccaa582e12624,manual,split_fixed,3.0,24,58,23
B6ByNegPMKs-40,B6ByNegPMKs_cee80ced97274e248d4ccaa582e12624,manual,split_fixed,6.0,24,112,4
B6ByNegPMKs-40,B6ByNegPMKs_cee80ced97274e248d4ccaa582e12624,manual,split_fixed,9.0,24,185,71
B6ByNegPMKs-40,B6ByNegPMKs_cee80ced97274e248d4ccaa582e12624,manual,split_fixed,12.0,24,231,0
B6ByNegPMKs-40,B6ByNegPMKs_cee80ced97274e248d4ccaa582e12624,manual,bound_fixed,3.0,24,58,23
B6ByNegPMKs-40,B6ByNegPMKs_cee80ced97274e248d4ccaa582e12624,manual,bound_fixed,6.0,24,112,4
B6ByNegPMKs-40,B6ByNegPMKs_cee80ced97274e248d4ccaa582e12624,manual,bound_fixed,9.0,24,185,71
B6ByNegPMKs-40,B6ByNegPMKs_cee80ced97274e248d4ccaa582e12624,manual,bound_fixed,12.0,24,231,0
B6ByNegPMKs-40,B6ByNegPMKs_cee80ced97274e248d4ccaa582e12624,manual,split_cyclic,3.0,24,58,23
B6ByNegPMKs-40,B6ByNegPMKs_cee80ced97274e248d4ccaa582e12624,manual,split_cyclic,6.0,24,112,4
B6ByNegPMKs-40,B6ByNegPMKs_cee80ced97274e248d4ccaa582e12624,manual,split_cyclic,9.0,24,185,71
B6ByNegPMKs-40,B6ByNegPMKs_cee80ced97274e248d4ccaa582e12624,manual,split_cyclic,12.0,24,231,0
B6ByNegPMKs-40,B6ByNegPMKs_cee80ced97274e248d4ccaa582e12624,manual,bound_cyclic,3.0,24,58,23
B6ByNegPMKs-40,B6ByNegPMKs_cee80ced97274e248d4ccaa582e12624,manual,bound_cyclic,6.0,24,112,4
B6ByNegPMKs-40,B6ByNegPMKs_cee80ced97274e248d4ccaa582e12624,manual,bound_cyclic,9.0,24,185,71
B6ByNegPMKs-40,B6ByNegPMKs_cee80ced97274e248d4ccaa582e12624,manual,bound_cyclic,12.0,24,231,0
B6ByNegPMKs-40,B6ByNegPMKs_cee80ced97274e248d4ccaa582e12624,manual,split_free,3.0,24,58,23
B6ByNegPMKs-40,B6ByNegPMKs_cee80ced97274e248d4ccaa582e12624,manual,split_free,6.0,24,112,4
B6ByNegPMKs-40,B6ByNegPMKs_cee80ced97274e248d4ccaa582e12624,manual,split_free,9.0,24,185,71
B6ByNegPMKs-40,B6ByNegPMKs_cee80ced97274e248d4ccaa582e12624,manual,split_free,12.0,24,231,0
B6ByNegPMKs-40,B6ByNegPMKs_cee80ced97274e248d4ccaa582e12624,manual,bound_free,3.0,24,58,23
B6ByNegPMKs-40,B6ByNegPMKs_cee80ced97274e248d4ccaa582e12624,manual,bound_free,6.0,24,112,4
B6ByNegPMKs-40,B6ByNegPMKs_cee80ced97274e248d4ccaa582e12624,manual,bound_free,9.0,24,185,71
B6ByNegPMKs-40,B6ByNegPMKs_cee80ced97274e248d4ccaa582e12624,manual,bound_free,12.0,24,231,0
B6ByNegPMKs-40,B6ByNegPMKs_cee80ced97274e248d4ccaa582e12624,manual,top_fixed,3.0,24,82,41
B6ByNegPMKs-40,B6ByNegPMKs_cee80ced97274e248d4ccaa582e12624,manual,top_fixed,6.0,24,133,23
B6ByNegPMKs-40,B6ByNegPMKs_cee80ced97274e248d4ccaa582e12624,manual,top_fixed,9.0,24,213,97
B6ByNegPMKs-40,B6ByNegPMKs_cee80ced97274e248d4ccaa582e12624,manual,top_fixed,12.0,24,231,0
B6ByNegPMKs-40,B6ByNegPMKs_cee80ced97274e248d4ccaa582e12624,manual,bottom_fixed,3.0,24,67,28
B6ByNegPMKs-40,B6ByNegPMKs_cee80ced97274e248d4ccaa582e12624,manual,bottom_fixed,6.0,24,134,24
B6ByNegPMKs-40,B6ByNegPMKs_cee80ced97274e248d4ccaa582e12624,manual,bottom_fixed,9.0,24,197,83
B6ByNegPMKs-40,B6ByNegPMKs_cee80ced97274e248d4ccaa582e12624,manual,bottom_fixed,12.0,24,231,0
B6ByNegPMKs-47,B6ByNegPMKs_e26e2cb761894264a4a34b1046701f6b,manual,count_only,0.0,5,3,0
B6ByNegPMKs-47,B6ByNegPMKs_e26e2cb761894264a4a34b1046701f6b,manual,split_fixed,3.0,5,0,0
B6ByNegPMKs-47,B6ByNegPMKs_e26e2cb761894264a4a34b1046701f6b,manual,split_fixed,6.0,5,0,0
B6ByNegPMKs-47,B6ByNegPMKs_e26e2cb761894264a4a34b1046701f6b,manual,split_fixed,9.0,5,0,0
B6ByNegPMKs-47,B6ByNegPMKs_e26e2cb761894264a4a34b1046701f6b,manual,split_fixed,12.0,5,1,0
B6ByNegPMKs-47,B6ByNegPMKs_e26e2cb761894264a4a34b1046701f6b,manual,bound_fixed,3.0,4,0,0
B6ByNegPMKs-47,B6ByNegPMKs_e26e2cb761894264a4a34b1046701f6b,manual,bound_fixed,6.0,4,0,0
B6ByNegPMKs-47,B6ByNegPMKs_e26e2cb761894264a4a34b1046701f6b,manual,bound_fixed,9.0,4,0,0
B6ByNegPMKs-47,B6ByNegPMKs_e26e2cb761894264a4a34b1046701f6b,manual,bound_fixed,12.0,4,2,1
B6ByNegPMKs-47,B6ByNegPMKs_e26e2cb761894264a4a34b1046701f6b,manual,split_cyclic,3.0,5,0,0
B6ByNegPMKs-47,B6ByNegPMKs_e26e2cb761894264a4a34b1046701f6b,manual,split_cyclic,6.0,5,0,0
B6ByNegPMKs-47,B6ByNegPMKs_e26e2cb761894264a4a34b1046701f6b,manual,split_cyclic,9.0,5,0,0
B6ByNegPMKs-47,B6ByNegPMKs_e26e2cb761894264a4a34b1046701f6b,manual,split_cyclic,12.0,5,1,0
B6ByNegPMKs-47,B6ByNegPMKs_e26e2cb761894264a4a34b1046701f6b,manual,bound_cyclic,3.0,4,0,0
B6ByNegPMKs-47,B6ByNegPMKs_e26e2cb761894264a4a34b1046701f6b,manual,bound_cyclic,6.0,4,0,0
B6ByNegPMKs-47,B6ByNegPMKs_e26e2cb761894264a4a34b1046701f6b,manual,bound_cyclic,9.0,4,0,0
B6ByNegPMKs-47,B6ByNegPMKs_e26e2cb761894264a4a34b1046701f6b,manual,bound_cyclic,12.0,4,2,1
B6ByNegPMKs-47,B6ByNegPMKs_e26e2cb761894264a4a34b1046701f6b,manual,split_free,3.0,5,0,0
B6ByNegPMKs-47,B6ByNegPMKs_e26e2cb761894264a4a34b1046701f6b,manual,split_free,6.0,5,0,0
B6ByNegPMKs-47,B6ByNegPMKs_e26e2cb761894264a4a34b1046701f6b,manual,split_free,9.0,5,0,0
B6ByNegPMKs-47,B6ByNegPMKs_e26e2cb761894264a4a34b1046701f6b,manual,split_free,12.0,5,2,1
B6ByNegPMKs-47,B6ByNegPMKs_e26e2cb761894264a4a34b1046701f6b,manual,bound_free,3.0,4,0,0
B6ByNegPMKs-47,B6ByNegPMKs_e26e2cb761894264a4a34b1046701f6b,manual,bound_free,6.0,4,0,0
B6ByNegPMKs-47,B6ByNegPMKs_e26e2cb761894264a4a34b1046701f6b,manual,bound_free,9.0,4,0,0
B6ByNegPMKs-47,B6ByNegPMKs_e26e2cb761894264a4a34b1046701f6b,manual,bound_free,12.0,4,2,1
B6ByNegPMKs-47,B6ByNegPMKs_e26e2cb761894264a4a34b1046701f6b,manual,top_fixed,3.0,5,0,0
B6ByNegPMKs-47,B6ByNegPMKs_e26e2cb761894264a4a34b1046701f6b,manual,top_fixed,6.0,5,0,0
B6ByNegPMKs-47,B6ByNegPMKs_e26e2cb761894264a4a34b1046701f6b,manual,top_fixed,9.0,5,0,0
B6ByNegPMKs-47,B6ByNegPMKs_e26e2cb761894264a4a34b1046701f6b,manual,top_fixed,12.0,5,1,0
B6ByNegPMKs-47,B6ByNegPMKs_e26e2cb761894264a4a34b1046701f6b,manual,bottom_fixed,3.0,5,0,0
B6ByNegPMKs-47,B6ByNegPMKs_e26e2cb761894264a4a34b1046701f6b,manual,bottom_fixed,6.0,5,0,0
B6ByNegPMKs-47,B6ByNegPMKs_e26e2cb761894264a4a34b1046701f6b,manual,bottom_fixed,9.0,5,1,0
B6ByNegPMKs-47,B6ByNegPMKs_e26e2cb761894264a4a34b1046701f6b,manual,bottom_fixed,12.0,5,2,1
B6ByNegPMKs-48,B6ByNegPMKs_e52609aae11f42a79f6cf50360180fd5,manual,count_only,0.0,6,15,0
B6ByNegPMKs-48,B6ByNegPMKs_e52609aae11f42a79f6cf50360180fd5,manual,split_fixed,3.0,6,5,1
B6ByNegPMKs-48,B6ByNegPMKs_e52609aae11f42a79f6cf50360180fd5,manual,split_fixed,6.0,6,15,0
B6ByNegPMKs-48,B6ByNegPMKs_e52609aae11f42a79f6cf50360180fd5,manual,split_fixed,9.0,6,15,0
B6ByNegPMKs-48,B6ByNegPMKs_e52609aae11f42a79f6cf50360180fd5,manual,split_fixed,12.0,6,15,0
B6ByNegPMKs-48,B6ByNegPMKs_e52609aae11f42a79f6cf50360180fd5,manual,bound_fixed,3.0,6,5,1
B6ByNegPMKs-48,B6ByNegPMKs_e52609aae11f42a79f6cf50360180fd5,manual,bound_fixed,6.0,6,15,0
B6ByNegPMKs-48,B6ByNegPMKs_e52609aae11f42a79f6cf50360180fd5,manual,bound_fixed,9.0,6,15,0
B6ByNegPMKs-48,B6ByNegPMKs_e52609aae11f42a79f6cf50360180fd5,manual,bound_fixed,12.0,6,15,0
B6ByNegPMKs-48,B6ByNegPMKs_e52609aae11f42a79f6cf50360180fd5,manual,split_cyclic,3.0,6,5,1
B6ByNegPMKs-48,B6ByNegPMKs_e52609aae11f42a79f6cf50360180fd5,manual,split_cyclic,6.0,6,15,0
B6ByNegPMKs-48,B6ByNegPMKs_e52609aae11f42a79f6cf50360180fd5,manual,split_cyclic,9.0,6,15,0
B6ByNegPMKs-48,B6ByNegPMKs_e52609aae11f42a79f6cf50360180fd5,manual,split_cyclic,12.0,6,15,0
B6ByNegPMKs-48,B6ByNegPMKs_e52609aae11f42a79f6cf50360180fd5,manual,bound_cyclic,3.0,6,5,1
B6ByNegPMKs-48,B6ByNegPMKs_e52609aae11f42a79f6cf50360180fd5,manual,bound_cyclic,6.0,6,15,0
B6ByNegPMKs-48,B6ByNegPMKs_e52609aae11f42a79f6cf50360180fd5,manual,bound_cyclic,9.0,6,15,0
B6ByNegPMKs-48,B6ByNegPMKs_e52609aae11f42a79f6cf50360180fd5,manual,bound_cyclic,12.0,6,15,0
B6ByNegPMKs-48,B6ByNegPMKs_e52609aae11f42a79f6cf50360180fd5,manual,split_free,3.0,6,5,1
B6ByNegPMKs-48,B6ByNegPMKs_e52609aae11f42a79f6cf50360180fd5,manual,split_free,6.0,6,15,0
B6ByNegPMKs-48,B6ByNegPMKs_e52609aae11f42a79f6cf50360180fd5,manual,split_free,9.0,6,15,0
B6ByNegPMKs-48,B6ByNegPMKs_e52609aae11f42a79f6cf50360180fd5,manual,split_free,12.0,6,15,0
B6ByNegPMKs-48,B6ByNegPMKs_e52609aae11f42a79f6cf50360180fd5,manual,bound_free,3.0,6,5,1
B6ByNegPMKs-48,B6ByNegPMKs_e52609aae11f42a79f6cf50360180fd5,manual,bound_free,6.0,6,15,0
B6ByNegPMKs-48,B6ByNegPMKs_e52609aae11f42a79f6cf50360180fd5,manual,bound_free,9.0,6,15,0
B6ByNegPMKs-48,B6ByNegPMKs_e52609aae11f42a79f6cf50360180fd5,manual,bound_free,12.0,6,15,0
B6ByNegPMKs-48,B6ByNegPMKs_e52609aae11f42a79f6cf50360180fd5,manual,top_fixed,3.0,6,12,6
B6ByNegPMKs-48,B6ByNegPMKs_e52609aae11f42a79f6cf50360180fd5,manual,top_fixed,6.0,6,15,0
B6ByNegPMKs-48,B6ByNegPMKs_e52609aae11f42a79f6cf50360180fd5,manual,top_fixed,9.0,6,15,0
B6ByNegPMKs-48,B6ByNegPMKs_e52609aae11f42a79f6cf50360180fd5,manual,top_fixed,12.0,6,15,0
B6ByNegPMKs-48,B6ByNegPMKs_e52609aae11f42a79f6cf50360180fd5,manual,bottom_fixed,3.0,6,5,1
B6ByNegPMKs-48,B6ByNegPMKs_e52609aae11f42a79f6cf50360180fd5,manual,bottom_fixed,6.0,6,15,0
B6ByNegPMKs-48,B6ByNegPMKs_e52609aae11f42a79f6cf50360180fd5,manual,bottom_fixed,9.0,6,15,0
B6ByNegPMKs-48,B6ByNegPMKs_e52609aae11f42a79f6cf50360180fd5,manual,bottom_fixed,12.0,6,15,0
B6ByNegPMKs-50,B6ByNegPMKs_ee063d1562c147f586ebb9f6fdb05ca6,manual,count_only,0.0,5,10,0
B6ByNegPMKs-50,B6ByNegPMKs_ee063d1562c147f586ebb9f6fdb05ca6,manual,split_fixed,3.0,5,1,0
B6ByNegPMKs-50,B6ByNegPMKs_ee063d1562c147f586ebb9f6fdb05ca6,manual,split_fixed,6.0,5,3,0
B6ByNegPMKs-50,B6ByNegPMKs_ee063d1562c147f586ebb9f6fdb05ca6,manual,split_fixed,9.0,5,4,0
B6ByNegPMKs-50,B6ByNegPMKs_ee063d1562c147f586ebb9f6fdb05ca6,manual,split_fixed,12.0,5,6,2
B6ByNegPMKs-50,B6ByNegPMKs_ee063d1562c147f586ebb9f6fdb05ca6,manual,bound_fixed,3.0,5,1,0
B6ByNegPMKs-50,B6ByNegPMKs_ee063d1562c147f586ebb9f6fdb05ca6,manual,bound_fixed,6.0,5,3,0
B6ByNegPMKs-50,B6ByNegPMKs_ee063d1562c147f586ebb9f6fdb05ca6,manual,bound_fixed,9.0,5,4,0
B6ByNegPMKs-50,B6ByNegPMKs_ee063d1562c147f586ebb9f6fdb05ca6,manual,bound_fixed,12.0,5,6,2
B6ByNegPMKs-50,B6ByNegPMKs_ee063d1562c147f586ebb9f6fdb05ca6,manual,split_cyclic,3.0,5,1,0
B6ByNegPMKs-50,B6ByNegPMKs_ee063d1562c147f586ebb9f6fdb05ca6,manual,split_cyclic,6.0,5,3,0
B6ByNegPMKs-50,B6ByNegPMKs_ee063d1562c147f586ebb9f6fdb05ca6,manual,split_cyclic,9.0,5,4,0
B6ByNegPMKs-50,B6ByNegPMKs_ee063d1562c147f586ebb9f6fdb05ca6,manual,split_cyclic,12.0,5,6,2
B6ByNegPMKs-50,B6ByNegPMKs_ee063d1562c147f586ebb9f6fdb05ca6,manual,bound_cyclic,3.0,5,1,0
B6ByNegPMKs-50,B6ByNegPMKs_ee063d1562c147f586ebb9f6fdb05ca6,manual,bound_cyclic,6.0,5,3,0
B6ByNegPMKs-50,B6ByNegPMKs_ee063d1562c147f586ebb9f6fdb05ca6,manual,bound_cyclic,9.0,5,4,0
B6ByNegPMKs-50,B6ByNegPMKs_ee063d1562c147f586ebb9f6fdb05ca6,manual,bound_cyclic,12.0,5,6,2
B6ByNegPMKs-50,B6ByNegPMKs_ee063d1562c147f586ebb9f6fdb05ca6,manual,split_free,3.0,5,1,0
B6ByNegPMKs-50,B6ByNegPMKs_ee063d1562c147f586ebb9f6fdb05ca6,manual,split_free,6.0,5,3,0
B6ByNegPMKs-50,B6ByNegPMKs_ee063d1562c147f586ebb9f6fdb05ca6,manual,split_free,9.0,5,4,0
B6ByNegPMKs-50,B6ByNegPMKs_ee063d1562c147f586ebb9f6fdb05ca6,manual,split_free,12.0,5,6,2
B6ByNegPMKs-50,B6ByNegPMKs_ee063d1562c147f586ebb9f6fdb05ca6,manual,bound_free,3.0,5,1,0
B6ByNegPMKs-50,B6ByNegPMKs_ee063d1562c147f586ebb9f6fdb05ca6,manual,bound_free,6.0,5,3,0
B6ByNegPMKs-50,B6ByNegPMKs_ee063d1562c147f586ebb9f6fdb05ca6,manual,bound_free,9.0,5,4,0
B6ByNegPMKs-50,B6ByNegPMKs_ee063d1562c147f586ebb9f6fdb05ca6,manual,bound_free,12.0,5,6,2
B6ByNegPMKs-50,B6ByNegPMKs_ee063d1562c147f586ebb9f6fdb05ca6,manual,top_fixed,3.0,5,1,0
B6ByNegPMKs-50,B6ByNegPMKs_ee063d1562c147f586ebb9f6fdb05ca6,manual,top_fixed,6.0,5,3,0
B6ByNegPMKs-50,B6ByNegPMKs_ee063d1562c147f586ebb9f6fdb05ca6,manual,top_fixed,9.0,5,4,0
B6ByNegPMKs-50,B6ByNegPMKs_ee063d1562c147f586ebb9f6fdb05ca6,manual,top_fixed,12.0,5,6,2
B6ByNegPMKs-50,B6ByNegPMKs_ee063d1562c147f586ebb9f6fdb05ca6,manual,bottom_fixed,3.0,5,1,0
B6ByNegPMKs-50,B6ByNegPMKs_ee063d1562c147f586ebb9f6fdb05ca6,manual,bottom_fixed,6.0,5,9,3
B6ByNegPMKs-50,B6ByNegPMKs_ee063d1562c147f586ebb9f6fdb05ca6,manual,bottom_fixed,9.0,5,10,0
B6ByNegPMKs-50,B6ByNegPMKs_ee063d1562c147f586ebb9f6fdb05ca6,manual,bottom_fixed,12.0,5,10,0
S9hNv5qa7GM-01,S9hNv5qa7GM_0c2a97f049db4a429776940850fedf2e,manual,count_only,0.0,20,153,0
S9hNv5qa7GM-01,S9hNv5qa7GM_0c2a97f049db4a429776940850fedf2e,manual,split_fixed,3.0,20,0,0
S9hNv5qa7GM-01,S9hNv5qa7GM_0c2a97f049db4a429776940850fedf2e,manual,split_fixed,6.0,20,17,8
S9hNv5qa7GM-01,S9hNv5qa7GM_0c2a97f049db4a429776940850fedf2e,manual,split_fixed,9.0,20,39,27
S9hNv5qa7GM-01,S9hNv5qa7GM_0c2a97f049db4a429776940850fedf2e,manual,split_fixed,12.0,20,55,16
S9hNv5qa7GM-01,S9hNv5qa7GM_0c2a97f049db4a429776940850fedf2e,manual,bound_fixed,3.0,19,0,0
S9hNv5qa7GM-01,S9hNv5qa7GM_0c2a97f049db4a429776940850fedf2e,manual,bound_fixed,6.0,19,17,8
S9hNv5qa7GM-01,S9hNv5qa7GM_0c2a97f049db4a429776940850fedf2e,manual,bound_fixed,9.0,19,39,27
S9hNv5qa7GM-01,S9hNv5qa7GM_0c2a97f049db4a429776940850fedf2e,manual,bound_fixed,12.0,19,55,16
S9hNv5qa7GM-01,S9hNv5qa7GM_0c2a97f049db4a429776940850fedf2e,manual,split_cyclic,3.0,20,0,0
S9hNv5qa7GM-01,S9hNv5qa7GM_0c2a97f049db4a429776940850fedf2e,manual,split_cyclic,6.0,20,17,8
S9hNv5qa7GM-01,S9hNv5qa7GM_0c2a97f049db4a429776940850fedf2e,manual,split_cyclic,9.0,20,39,27
S9hNv5qa7GM-01,S9hNv5qa7GM_0c2a97f049db4a429776940850fedf2e,manual,split_cyclic,12.0,20,55,16
S9hNv5qa7GM-01,S9hNv5qa7GM_0c2a97f049db4a429776940850fedf2e,manual,bound_cyclic,3.0,19,0,0
S9hNv5qa7GM-01,S9hNv5qa7GM_0c2a97f049db4a429776940850fedf2e,manual,bound_cyclic,6.0,19,17,8
S9hNv5qa7GM-01,S9hNv5qa7GM_0c2a97f049db4a429776940850fedf2e,manual,bound_cyclic,9.0,19,39,27
S9hNv5qa7GM-01,S9hNv5qa7GM_0c2a97f049db4a429776940850fedf2e,manual,bound_cyclic,12.0,19,55,16
S9hNv5qa7GM-01,S9hNv5qa7GM_0c2a97f049db4a429776940850fedf2e,manual,split_free,3.0,20,0,0
S9hNv5qa7GM-01,S9hNv5qa7GM_0c2a97f049db4a429776940850fedf2e,manual,split_free,6.0,20,17,8
S9hNv5qa7GM-01,S9hNv5qa7GM_0c2a97f049db4a429776940850fedf2e,manual,split_free,9.0,20,39,27
S9hNv5qa7GM-01,S9hNv5qa7GM_0c2a97f049db4a429776940850fedf2e,manual,split_free,12.0,20,55,16
S9hNv5qa7GM-01,S9hNv5qa7GM_0c2a97f049db4a429776940850fedf2e,manual,bound_free,3.0,19,0,0
S9hNv5qa7GM-01,S9hNv5qa7GM_0c2a97f049db4a429776940850fedf2e,manual,bound_free,6.0,19,17,8
S9hNv5qa7GM-01,S9hNv5qa7GM_0c2a97f049db4a429776940850fedf2e,manual,bound_free,9.0,19,39,27
S9hNv5qa7GM-01,S9hNv5qa7GM_0c2a97f049db4a429776940850fedf2e,manual,bound_free,12.0,19,55,16
S9hNv5qa7GM-01,S9hNv5qa7GM_0c2a97f049db4a429776940850fedf2e,manual,top_fixed,3.0,20,31,17
S9hNv5qa7GM-01,S9hNv5qa7GM_0c2a97f049db4a429776940850fedf2e,manual,top_fixed,6.0,20,69,42
S9hNv5qa7GM-01,S9hNv5qa7GM_0c2a97f049db4a429776940850fedf2e,manual,top_fixed,9.0,20,78,12
S9hNv5qa7GM-01,S9hNv5qa7GM_0c2a97f049db4a429776940850fedf2e,manual,top_fixed,12.0,20,80,1
S9hNv5qa7GM-01,S9hNv5qa7GM_0c2a97f049db4a429776940850fedf2e,manual,bottom_fixed,3.0,20,4,2
S9hNv5qa7GM-01,S9hNv5qa7GM_0c2a97f049db4a429776940850fedf2e,manual,bottom_fixed,6.0,20,30,16
S9hNv5qa7GM-01,S9hNv5qa7GM_0c2a97f049db4a429776940850fedf2e,manual,bottom_fixed,9.0,20,60,41
S9hNv5qa7GM-01,S9hNv5qa7GM_0c2a97f049db4a429776940850fedf2e,manual,bottom_fixed,12.0,20,90,32
S9hNv5qa7GM-04,S9hNv5qa7GM_2ea5348654d24115bba3dcdb21fa655e,manual,count_only,0.0,1,0,0
S9hNv5qa7GM-04,S9hNv5qa7GM_2ea5348654d24115bba3dcdb21fa655e,manual,split_fixed,3.0,1,0,0
S9hNv5qa7GM-04,S9hNv5qa7GM_2ea5348654d24115bba3dcdb21fa655e,manual,split_fixed,6.0,1,0,0
S9hNv5qa7GM-04,S9hNv5qa7GM_2ea5348654d24115bba3dcdb21fa655e,manual,split_fixed,9.0,1,0,0
S9hNv5qa7GM-04,S9hNv5qa7GM_2ea5348654d24115bba3dcdb21fa655e,manual,split_fixed,12.0,1,0,0
S9hNv5qa7GM-04,S9hNv5qa7GM_2ea5348654d24115bba3dcdb21fa655e,manual,bound_fixed,3.0,1,0,0
S9hNv5qa7GM-04,S9hNv5qa7GM_2ea5348654d24115bba3dcdb21fa655e,manual,bound_fixed,6.0,1,0,0
S9hNv5qa7GM-04,S9hNv5qa7GM_2ea5348654d24115bba3dcdb21fa655e,manual,bound_fixed,9.0,1,0,0
S9hNv5qa7GM-04,S9hNv5qa7GM_2ea5348654d24115bba3dcdb21fa655e,manual,bound_fixed,12.0,1,0,0
S9hNv5qa7GM-04,S9hNv5qa7GM_2ea5348654d24115bba3dcdb21fa655e,manual,split_cyclic,3.0,1,0,0
S9hNv5qa7GM-04,S9hNv5qa7GM_2ea5348654d24115bba3dcdb21fa655e,manual,split_cyclic,6.0,1,0,0
S9hNv5qa7GM-04,S9hNv5qa7GM_2ea5348654d24115bba3dcdb21fa655e,manual,split_cyclic,9.0,1,0,0
S9hNv5qa7GM-04,S9hNv5qa7GM_2ea5348654d24115bba3dcdb21fa655e,manual,split_cyclic,12.0,1,0,0
S9hNv5qa7GM-04,S9hNv5qa7GM_2ea5348654d24115bba3dcdb21fa655e,manual,bound_cyclic,3.0,1,0,0
S9hNv5qa7GM-04,S9hNv5qa7GM_2ea5348654d24115bba3dcdb21fa655e,manual,bound_cyclic,6.0,1,0,0
S9hNv5qa7GM-04,S9hNv5qa7GM_2ea5348654d24115bba3dcdb21fa655e,manual,bound_cyclic,9.0,1,0,0
S9hNv5qa7GM-04,S9hNv5qa7GM_2ea5348654d24115bba3dcdb21fa655e,manual,bound_cyclic,12.0,1,0,0
S9hNv5qa7GM-04,S9hNv5qa7GM_2ea5348654d24115bba3dcdb21fa655e,manual,split_free,3.0,1,0,0
S9hNv5qa7GM-04,S9hNv5qa7GM_2ea5348654d24115bba3dcdb21fa655e,manual,split_free,6.0,1,0,0
S9hNv5qa7GM-04,S9hNv5qa7GM_2ea5348654d24115bba3dcdb21fa655e,manual,split_free,9.0,1,0,0
S9hNv5qa7GM-04,S9hNv5qa7GM_2ea5348654d24115bba3dcdb21fa655e,manual,split_free,12.0,1,0,0
S9hNv5qa7GM-04,S9hNv5qa7GM_2ea5348654d24115bba3dcdb21fa655e,manual,bound_free,3.0,1,0,0
S9hNv5qa7GM-04,S9hNv5qa7GM_2ea5348654d24115bba3dcdb21fa655e,manual,bound_free,6.0,1,0,0
S9hNv5qa7GM-04,S9hNv5qa7GM_2ea5348654d24115bba3dcdb21fa655e,manual,bound_free,9.0,1,0,0
S9hNv5qa7GM-04,S9hNv5qa7GM_2ea5348654d24115bba3dcdb21fa655e,manual,bound_free,12.0,1,0,0
S9hNv5qa7GM-04,S9hNv5qa7GM_2ea5348654d24115bba3dcdb21fa655e,manual,top_fixed,3.0,1,0,0
S9hNv5qa7GM-04,S9hNv5qa7GM_2ea5348654d24115bba3dcdb21fa655e,manual,top_fixed,6.0,1,0,0
S9hNv5qa7GM-04,S9hNv5qa7GM_2ea5348654d24115bba3dcdb21fa655e,manual,top_fixed,9.0,1,0,0
S9hNv5qa7GM-04,S9hNv5qa7GM_2ea5348654d24115bba3dcdb21fa655e,manual,top_fixed,12.0,1,0,0
S9hNv5qa7GM-04,S9hNv5qa7GM_2ea5348654d24115bba3dcdb21fa655e,manual,bottom_fixed,3.0,1,0,0
S9hNv5qa7GM-04,S9hNv5qa7GM_2ea5348654d24115bba3dcdb21fa655e,manual,bottom_fixed,6.0,1,0,0
S9hNv5qa7GM-04,S9hNv5qa7GM_2ea5348654d24115bba3dcdb21fa655e,manual,bottom_fixed,9.0,1,0,0
S9hNv5qa7GM-04,S9hNv5qa7GM_2ea5348654d24115bba3dcdb21fa655e,manual,bottom_fixed,12.0,1,0,0
S9hNv5qa7GM-05,S9hNv5qa7GM_322a5d3bbca1428fb92d39bfc6e603ee,manual,count_only,0.0,2,0,0
S9hNv5qa7GM-05,S9hNv5qa7GM_322a5d3bbca1428fb92d39bfc6e603ee,manual,split_fixed,3.0,2,0,0
S9hNv5qa7GM-05,S9hNv5qa7GM_322a5d3bbca1428fb92d39bfc6e603ee,manual,split_fixed,6.0,2,0,0
S9hNv5qa7GM-05,S9hNv5qa7GM_322a5d3bbca1428fb92d39bfc6e603ee,manual,split_fixed,9.0,2,0,0
S9hNv5qa7GM-05,S9hNv5qa7GM_322a5d3bbca1428fb92d39bfc6e603ee,manual,split_fixed,12.0,2,0,0
S9hNv5qa7GM-05,S9hNv5qa7GM_322a5d3bbca1428fb92d39bfc6e603ee,manual,bound_fixed,3.0,2,0,0
S9hNv5qa7GM-05,S9hNv5qa7GM_322a5d3bbca1428fb92d39bfc6e603ee,manual,bound_fixed,6.0,2,0,0
S9hNv5qa7GM-05,S9hNv5qa7GM_322a5d3bbca1428fb92d39bfc6e603ee,manual,bound_fixed,9.0,2,0,0
S9hNv5qa7GM-05,S9hNv5qa7GM_322a5d3bbca1428fb92d39bfc6e603ee,manual,bound_fixed,12.0,2,0,0
S9hNv5qa7GM-05,S9hNv5qa7GM_322a5d3bbca1428fb92d39bfc6e603ee,manual,split_cyclic,3.0,2,0,0
S9hNv5qa7GM-05,S9hNv5qa7GM_322a5d3bbca1428fb92d39bfc6e603ee,manual,split_cyclic,6.0,2,0,0
S9hNv5qa7GM-05,S9hNv5qa7GM_322a5d3bbca1428fb92d39bfc6e603ee,manual,split_cyclic,9.0,2,0,0
S9hNv5qa7GM-05,S9hNv5qa7GM_322a5d3bbca1428fb92d39bfc6e603ee,manual,split_cyclic,12.0,2,0,0
S9hNv5qa7GM-05,S9hNv5qa7GM_322a5d3bbca1428fb92d39bfc6e603ee,manual,bound_cyclic,3.0,2,0,0
S9hNv5qa7GM-05,S9hNv5qa7GM_322a5d3bbca1428fb92d39bfc6e603ee,manual,bound_cyclic,6.0,2,0,0
S9hNv5qa7GM-05,S9hNv5qa7GM_322a5d3bbca1428fb92d39bfc6e603ee,manual,bound_cyclic,9.0,2,0,0
S9hNv5qa7GM-05,S9hNv5qa7GM_322a5d3bbca1428fb92d39bfc6e603ee,manual,bound_cyclic,12.0,2,0,0
S9hNv5qa7GM-05,S9hNv5qa7GM_322a5d3bbca1428fb92d39bfc6e603ee,manual,split_free,3.0,2,0,0
S9hNv5qa7GM-05,S9hNv5qa7GM_322a5d3bbca1428fb92d39bfc6e603ee,manual,split_free,6.0,2,0,0
S9hNv5qa7GM-05,S9hNv5qa7GM_322a5d3bbca1428fb92d39bfc6e603ee,manual,split_free,9.0,2,0,0
S9hNv5qa7GM-05,S9hNv5qa7GM_322a5d3bbca1428fb92d39bfc6e603ee,manual,split_free,12.0,2,0,0
S9hNv5qa7GM-05,S9hNv5qa7GM_322a5d3bbca1428fb92d39bfc6e603ee,manual,bound_free,3.0,2,0,0
S9hNv5qa7GM-05,S9hNv5qa7GM_322a5d3bbca1428fb92d39bfc6e603ee,manual,bound_free,6.0,2,0,0
S9hNv5qa7GM-05,S9hNv5qa7GM_322a5d3bbca1428fb92d39bfc6e603ee,manual,bound_free,9.0,2,0,0
S9hNv5qa7GM-05,S9hNv5qa7GM_322a5d3bbca1428fb92d39bfc6e603ee,manual,bound_free,12.0,2,0,0
S9hNv5qa7GM-05,S9hNv5qa7GM_322a5d3bbca1428fb92d39bfc6e603ee,manual,top_fixed,3.0,2,0,0
S9hNv5qa7GM-05,S9hNv5qa7GM_322a5d3bbca1428fb92d39bfc6e603ee,manual,top_fixed,6.0,2,0,0
S9hNv5qa7GM-05,S9hNv5qa7GM_322a5d3bbca1428fb92d39bfc6e603ee,manual,top_fixed,9.0,2,0,0
S9hNv5qa7GM-05,S9hNv5qa7GM_322a5d3bbca1428fb92d39bfc6e603ee,manual,top_fixed,12.0,2,0,0
S9hNv5qa7GM-05,S9hNv5qa7GM_322a5d3bbca1428fb92d39bfc6e603ee,manual,bottom_fixed,3.0,2,0,0
S9hNv5qa7GM-05,S9hNv5qa7GM_322a5d3bbca1428fb92d39bfc6e603ee,manual,bottom_fixed,6.0,2,0,0
S9hNv5qa7GM-05,S9hNv5qa7GM_322a5d3bbca1428fb92d39bfc6e603ee,manual,bottom_fixed,9.0,2,0,0
S9hNv5qa7GM-05,S9hNv5qa7GM_322a5d3bbca1428fb92d39bfc6e603ee,manual,bottom_fixed,12.0,2,0,0
S9hNv5qa7GM-07,S9hNv5qa7GM_53d54b73e58940019b731673e65c1902,manual,count_only,0.0,2,0,0
S9hNv5qa7GM-07,S9hNv5qa7GM_53d54b73e58940019b731673e65c1902,manual,split_fixed,3.0,2,0,0
S9hNv5qa7GM-07,S9hNv5qa7GM_53d54b73e58940019b731673e65c1902,manual,split_fixed,6.0,2,0,0
S9hNv5qa7GM-07,S9hNv5qa7GM_53d54b73e58940019b731673e65c1902,manual,split_fixed,9.0,2,0,0
S9hNv5qa7GM-07,S9hNv5qa7GM_53d54b73e58940019b731673e65c1902,manual,split_fixed,12.0,2,0,0
S9hNv5qa7GM-07,S9hNv5qa7GM_53d54b73e58940019b731673e65c1902,manual,split_cyclic,3.0,2,0,0
S9hNv5qa7GM-07,S9hNv5qa7GM_53d54b73e58940019b731673e65c1902,manual,split_cyclic,6.0,2,0,0
S9hNv5qa7GM-07,S9hNv5qa7GM_53d54b73e58940019b731673e65c1902,manual,split_cyclic,9.0,2,0,0
S9hNv5qa7GM-07,S9hNv5qa7GM_53d54b73e58940019b731673e65c1902,manual,split_cyclic,12.0,2,0,0
S9hNv5qa7GM-07,S9hNv5qa7GM_53d54b73e58940019b731673e65c1902,manual,split_free,3.0,2,0,0
S9hNv5qa7GM-07,S9hNv5qa7GM_53d54b73e58940019b731673e65c1902,manual,split_free,6.0,2,0,0
S9hNv5qa7GM-07,S9hNv5qa7GM_53d54b73e58940019b731673e65c1902,manual,split_free,9.0,2,0,0
S9hNv5qa7GM-07,S9hNv5qa7GM_53d54b73e58940019b731673e65c1902,manual,split_free,12.0,2,0,0
S9hNv5qa7GM-07,S9hNv5qa7GM_53d54b73e58940019b731673e65c1902,manual,top_fixed,3.0,2,0,0
S9hNv5qa7GM-07,S9hNv5qa7GM_53d54b73e58940019b731673e65c1902,manual,top_fixed,6.0,2,0,0
S9hNv5qa7GM-07,S9hNv5qa7GM_53d54b73e58940019b731673e65c1902,manual,top_fixed,9.0,2,0,0
S9hNv5qa7GM-07,S9hNv5qa7GM_53d54b73e58940019b731673e65c1902,manual,top_fixed,12.0,2,0,0
S9hNv5qa7GM-07,S9hNv5qa7GM_53d54b73e58940019b731673e65c1902,manual,bottom_fixed,3.0,2,0,0
S9hNv5qa7GM-07,S9hNv5qa7GM_53d54b73e58940019b731673e65c1902,manual,bottom_fixed,6.0,2,0,0
S9hNv5qa7GM-07,S9hNv5qa7GM_53d54b73e58940019b731673e65c1902,manual,bottom_fixed,9.0,2,0,0
S9hNv5qa7GM-07,S9hNv5qa7GM_53d54b73e58940019b731673e65c1902,manual,bottom_fixed,12.0,2,0,0
S9hNv5qa7GM-09,S9hNv5qa7GM_625eb179629b45f280c01d3f6ec74b4f,manual,count_only,0.0,1,0,0
S9hNv5qa7GM-09,S9hNv5qa7GM_625eb179629b45f280c01d3f6ec74b4f,manual,split_fixed,3.0,1,0,0
S9hNv5qa7GM-09,S9hNv5qa7GM_625eb179629b45f280c01d3f6ec74b4f,manual,split_fixed,6.0,1,0,0
S9hNv5qa7GM-09,S9hNv5qa7GM_625eb179629b45f280c01d3f6ec74b4f,manual,split_fixed,9.0,1,0,0
S9hNv5qa7GM-09,S9hNv5qa7GM_625eb179629b45f280c01d3f6ec74b4f,manual,split_fixed,12.0,1,0,0
S9hNv5qa7GM-09,S9hNv5qa7GM_625eb179629b45f280c01d3f6ec74b4f,manual,bound_fixed,3.0,1,0,0
S9hNv5qa7GM-09,S9hNv5qa7GM_625eb179629b45f280c01d3f6ec74b4f,manual,bound_fixed,6.0,1,0,0
S9hNv5qa7GM-09,S9hNv5qa7GM_625eb179629b45f280c01d3f6ec74b4f,manual,bound_fixed,9.0,1,0,0
S9hNv5qa7GM-09,S9hNv5qa7GM_625eb179629b45f280c01d3f6ec74b4f,manual,bound_fixed,12.0,1,0,0
S9hNv5qa7GM-09,S9hNv5qa7GM_625eb179629b45f280c01d3f6ec74b4f,manual,split_cyclic,3.0,1,0,0
S9hNv5qa7GM-09,S9hNv5qa7GM_625eb179629b45f280c01d3f6ec74b4f,manual,split_cyclic,6.0,1,0,0
S9hNv5qa7GM-09,S9hNv5qa7GM_625eb179629b45f280c01d3f6ec74b4f,manual,split_cyclic,9.0,1,0,0
S9hNv5qa7GM-09,S9hNv5qa7GM_625eb179629b45f280c01d3f6ec74b4f,manual,split_cyclic,12.0,1,0,0
S9hNv5qa7GM-09,S9hNv5qa7GM_625eb179629b45f280c01d3f6ec74b4f,manual,bound_cyclic,3.0,1,0,0
S9hNv5qa7GM-09,S9hNv5qa7GM_625eb179629b45f280c01d3f6ec74b4f,manual,bound_cyclic,6.0,1,0,0
S9hNv5qa7GM-09,S9hNv5qa7GM_625eb179629b45f280c01d3f6ec74b4f,manual,bound_cyclic,9.0,1,0,0
S9hNv5qa7GM-09,S9hNv5qa7GM_625eb179629b45f280c01d3f6ec74b4f,manual,bound_cyclic,12.0,1,0,0
S9hNv5qa7GM-09,S9hNv5qa7GM_625eb179629b45f280c01d3f6ec74b4f,manual,split_free,3.0,1,0,0
S9hNv5qa7GM-09,S9hNv5qa7GM_625eb179629b45f280c01d3f6ec74b4f,manual,split_free,6.0,1,0,0
S9hNv5qa7GM-09,S9hNv5qa7GM_625eb179629b45f280c01d3f6ec74b4f,manual,split_free,9.0,1,0,0
S9hNv5qa7GM-09,S9hNv5qa7GM_625eb179629b45f280c01d3f6ec74b4f,manual,split_free,12.0,1,0,0
S9hNv5qa7GM-09,S9hNv5qa7GM_625eb179629b45f280c01d3f6ec74b4f,manual,bound_free,3.0,1,0,0
S9hNv5qa7GM-09,S9hNv5qa7GM_625eb179629b45f280c01d3f6ec74b4f,manual,bound_free,6.0,1,0,0
S9hNv5qa7GM-09,S9hNv5qa7GM_625eb179629b45f280c01d3f6ec74b4f,manual,bound_free,9.0,1,0,0
S9hNv5qa7GM-09,S9hNv5qa7GM_625eb179629b45f280c01d3f6ec74b4f,manual,bound_free,12.0,1,0,0
S9hNv5qa7GM-09,S9hNv5qa7GM_625eb179629b45f280c01d3f6ec74b4f,manual,top_fixed,3.0,1,0,0
S9hNv5qa7GM-09,S9hNv5qa7GM_625eb179629b45f280c01d3f6ec74b4f,manual,top_fixed,6.0,1,0,0
S9hNv5qa7GM-09,S9hNv5qa7GM_625eb179629b45f280c01d3f6ec74b4f,manual,top_fixed,9.0,1,0,0
S9hNv5qa7GM-09,S9hNv5qa7GM_625eb179629b45f280c01d3f6ec74b4f,manual,top_fixed,12.0,1,0,0
S9hNv5qa7GM-09,S9hNv5qa7GM_625eb179629b45f280c01d3f6ec74b4f,manual,bottom_fixed,3.0,1,0,0
S9hNv5qa7GM-09,S9hNv5qa7GM_625eb179629b45f280c01d3f6ec74b4f,manual,bottom_fixed,6.0,1,0,0
S9hNv5qa7GM-09,S9hNv5qa7GM_625eb179629b45f280c01d3f6ec74b4f,manual,bottom_fixed,9.0,1,0,0
S9hNv5qa7GM-09,S9hNv5qa7GM_625eb179629b45f280c01d3f6ec74b4f,manual,bottom_fixed,12.0,1,0,0
S9hNv5qa7GM-12,S9hNv5qa7GM_8b55e4f095374cfe8ddb0fda0f0dfa02,manual,count_only,0.0,2,1,0
S9hNv5qa7GM-12,S9hNv5qa7GM_8b55e4f095374cfe8ddb0fda0f0dfa02,manual,split_fixed,3.0,2,0,0
S9hNv5qa7GM-12,S9hNv5qa7GM_8b55e4f095374cfe8ddb0fda0f0dfa02,manual,split_fixed,6.0,2,0,0
S9hNv5qa7GM-12,S9hNv5qa7GM_8b55e4f095374cfe8ddb0fda0f0dfa02,manual,split_fixed,9.0,2,0,0
S9hNv5qa7GM-12,S9hNv5qa7GM_8b55e4f095374cfe8ddb0fda0f0dfa02,manual,split_fixed,12.0,2,1,0
S9hNv5qa7GM-12,S9hNv5qa7GM_8b55e4f095374cfe8ddb0fda0f0dfa02,manual,bound_fixed,3.0,2,0,0
S9hNv5qa7GM-12,S9hNv5qa7GM_8b55e4f095374cfe8ddb0fda0f0dfa02,manual,bound_fixed,6.0,2,0,0
S9hNv5qa7GM-12,S9hNv5qa7GM_8b55e4f095374cfe8ddb0fda0f0dfa02,manual,bound_fixed,9.0,2,0,0
S9hNv5qa7GM-12,S9hNv5qa7GM_8b55e4f095374cfe8ddb0fda0f0dfa02,manual,bound_fixed,12.0,2,1,0
S9hNv5qa7GM-12,S9hNv5qa7GM_8b55e4f095374cfe8ddb0fda0f0dfa02,manual,split_cyclic,3.0,2,0,0
S9hNv5qa7GM-12,S9hNv5qa7GM_8b55e4f095374cfe8ddb0fda0f0dfa02,manual,split_cyclic,6.0,2,0,0
S9hNv5qa7GM-12,S9hNv5qa7GM_8b55e4f095374cfe8ddb0fda0f0dfa02,manual,split_cyclic,9.0,2,0,0
S9hNv5qa7GM-12,S9hNv5qa7GM_8b55e4f095374cfe8ddb0fda0f0dfa02,manual,split_cyclic,12.0,2,1,0
S9hNv5qa7GM-12,S9hNv5qa7GM_8b55e4f095374cfe8ddb0fda0f0dfa02,manual,bound_cyclic,3.0,2,0,0
S9hNv5qa7GM-12,S9hNv5qa7GM_8b55e4f095374cfe8ddb0fda0f0dfa02,manual,bound_cyclic,6.0,2,0,0
S9hNv5qa7GM-12,S9hNv5qa7GM_8b55e4f095374cfe8ddb0fda0f0dfa02,manual,bound_cyclic,9.0,2,0,0
S9hNv5qa7GM-12,S9hNv5qa7GM_8b55e4f095374cfe8ddb0fda0f0dfa02,manual,bound_cyclic,12.0,2,1,0
S9hNv5qa7GM-12,S9hNv5qa7GM_8b55e4f095374cfe8ddb0fda0f0dfa02,manual,split_free,3.0,2,0,0
S9hNv5qa7GM-12,S9hNv5qa7GM_8b55e4f095374cfe8ddb0fda0f0dfa02,manual,split_free,6.0,2,1,0
S9hNv5qa7GM-12,S9hNv5qa7GM_8b55e4f095374cfe8ddb0fda0f0dfa02,manual,split_free,9.0,2,1,0
S9hNv5qa7GM-12,S9hNv5qa7GM_8b55e4f095374cfe8ddb0fda0f0dfa02,manual,split_free,12.0,2,1,0
S9hNv5qa7GM-12,S9hNv5qa7GM_8b55e4f095374cfe8ddb0fda0f0dfa02,manual,bound_free,3.0,2,0,0
S9hNv5qa7GM-12,S9hNv5qa7GM_8b55e4f095374cfe8ddb0fda0f0dfa02,manual,bound_free,6.0,2,1,0
S9hNv5qa7GM-12,S9hNv5qa7GM_8b55e4f095374cfe8ddb0fda0f0dfa02,manual,bound_free,9.0,2,1,0
S9hNv5qa7GM-12,S9hNv5qa7GM_8b55e4f095374cfe8ddb0fda0f0dfa02,manual,bound_free,12.0,2,1,0
S9hNv5qa7GM-12,S9hNv5qa7GM_8b55e4f095374cfe8ddb0fda0f0dfa02,manual,top_fixed,3.0,2,0,0
S9hNv5qa7GM-12,S9hNv5qa7GM_8b55e4f095374cfe8ddb0fda0f0dfa02,manual,top_fixed,6.0,2,1,0
S9hNv5qa7GM-12,S9hNv5qa7GM_8b55e4f095374cfe8ddb0fda0f0dfa02,manual,top_fixed,9.0,2,1,0
S9hNv5qa7GM-12,S9hNv5qa7GM_8b55e4f095374cfe8ddb0fda0f0dfa02,manual,top_fixed,12.0,2,1,0
S9hNv5qa7GM-12,S9hNv5qa7GM_8b55e4f095374cfe8ddb0fda0f0dfa02,manual,bottom_fixed,3.0,2,0,0
S9hNv5qa7GM-12,S9hNv5qa7GM_8b55e4f095374cfe8ddb0fda0f0dfa02,manual,bottom_fixed,6.0,2,0,0
S9hNv5qa7GM-12,S9hNv5qa7GM_8b55e4f095374cfe8ddb0fda0f0dfa02,manual,bottom_fixed,9.0,2,0,0
S9hNv5qa7GM-12,S9hNv5qa7GM_8b55e4f095374cfe8ddb0fda0f0dfa02,manual,bottom_fixed,12.0,2,1,0
S9hNv5qa7GM-15,S9hNv5qa7GM_bd9faec23bb3462c94a5fbc6c0a3d5cf,manual,count_only,0.0,20,190,0
S9hNv5qa7GM-15,S9hNv5qa7GM_bd9faec23bb3462c94a5fbc6c0a3d5cf,manual,split_fixed,3.0,20,160,89
S9hNv5qa7GM-15,S9hNv5qa7GM_bd9faec23bb3462c94a5fbc6c0a3d5cf,manual,split_fixed,6.0,20,190,0
S9hNv5qa7GM-15,S9hNv5qa7GM_bd9faec23bb3462c94a5fbc6c0a3d5cf,manual,split_fixed,9.0,20,190,0
S9hNv5qa7GM-15,S9hNv5qa7GM_bd9faec23bb3462c94a5fbc6c0a3d5cf,manual,split_fixed,12.0,20,190,0
S9hNv5qa7GM-15,S9hNv5qa7GM_bd9faec23bb3462c94a5fbc6c0a3d5cf,manual,bound_fixed,3.0,20,160,89
S9hNv5qa7GM-15,S9hNv5qa7GM_bd9faec23bb3462c94a5fbc6c0a3d5cf,manual,bound_fixed,6.0,20,190,0
S9hNv5qa7GM-15,S9hNv5qa7GM_bd9faec23bb3462c94a5fbc6c0a3d5cf,manual,bound_fixed,9.0,20,190,0
S9hNv5qa7GM-15,S9hNv5qa7GM_bd9faec23bb3462c94a5fbc6c0a3d5cf,manual,bound_fixed,12.0,20,190,0
S9hNv5qa7GM-15,S9hNv5qa7GM_bd9faec23bb3462c94a5fbc6c0a3d5cf,manual,split_cyclic,3.0,20,160,89
S9hNv5qa7GM-15,S9hNv5qa7GM_bd9faec23bb3462c94a5fbc6c0a3d5cf,manual,split_cyclic,6.0,20,190,0
S9hNv5qa7GM-15,S9hNv5qa7GM_bd9faec23bb3462c94a5fbc6c0a3d5cf,manual,split_cyclic,9.0,20,190,0
S9hNv5qa7GM-15,S9hNv5qa7GM_bd9faec23bb3462c94a5fbc6c0a3d5cf,manual,split_cyclic,12.0,20,190,0
S9hNv5qa7GM-15,S9hNv5qa7GM_bd9faec23bb3462c94a5fbc6c0a3d5cf,manual,bound_cyclic,3.0,20,160,89
S9hNv5qa7GM-15,S9hNv5qa7GM_bd9faec23bb3462c94a5fbc6c0a3d5cf,manual,bound_cyclic,6.0,20,190,0
S9hNv5qa7GM-15,S9hNv5qa7GM_bd9faec23bb3462c94a5fbc6c0a3d5cf,manual,bound_cyclic,9.0,20,190,0
S9hNv5qa7GM-15,S9hNv5qa7GM_bd9faec23bb3462c94a5fbc6c0a3d5cf,manual,bound_cyclic,12.0,20,190,0
S9hNv5qa7GM-15,S9hNv5qa7GM_bd9faec23bb3462c94a5fbc6c0a3d5cf,manual,split_free,3.0,20,160,89
S9hNv5qa7GM-15,S9hNv5qa7GM_bd9faec23bb3462c94a5fbc6c0a3d5cf,manual,split_free,6.0,20,190,0
S9hNv5qa7GM-15,S9hNv5qa7GM_bd9faec23bb3462c94a5fbc6c0a3d5cf,manual,split_free,9.0,20,190,0
S9hNv5qa7GM-15,S9hNv5qa7GM_bd9faec23bb3462c94a5fbc6c0a3d5cf,manual,split_free,12.0,20,190,0
S9hNv5qa7GM-15,S9hNv5qa7GM_bd9faec23bb3462c94a5fbc6c0a3d5cf,manual,bound_free,3.0,20,160,89
S9hNv5qa7GM-15,S9hNv5qa7GM_bd9faec23bb3462c94a5fbc6c0a3d5cf,manual,bound_free,6.0,20,190,0
S9hNv5qa7GM-15,S9hNv5qa7GM_bd9faec23bb3462c94a5fbc6c0a3d5cf,manual,bound_free,9.0,20,190,0
S9hNv5qa7GM-15,S9hNv5qa7GM_bd9faec23bb3462c94a5fbc6c0a3d5cf,manual,bound_free,12.0,20,190,0
S9hNv5qa7GM-15,S9hNv5qa7GM_bd9faec23bb3462c94a5fbc6c0a3d5cf,manual,top_fixed,3.0,20,161,76
S9hNv5qa7GM-15,S9hNv5qa7GM_bd9faec23bb3462c94a5fbc6c0a3d5cf,manual,top_fixed,6.0,20,190,0
S9hNv5qa7GM-15,S9hNv5qa7GM_bd9faec23bb3462c94a5fbc6c0a3d5cf,manual,top_fixed,9.0,20,190,0
S9hNv5qa7GM-15,S9hNv5qa7GM_bd9faec23bb3462c94a5fbc6c0a3d5cf,manual,top_fixed,12.0,20,190,0
S9hNv5qa7GM-15,S9hNv5qa7GM_bd9faec23bb3462c94a5fbc6c0a3d5cf,manual,bottom_fixed,3.0,20,175,64
S9hNv5qa7GM-15,S9hNv5qa7GM_bd9faec23bb3462c94a5fbc6c0a3d5cf,manual,bottom_fixed,6.0,20,190,0
S9hNv5qa7GM-15,S9hNv5qa7GM_bd9faec23bb3462c94a5fbc6c0a3d5cf,manual,bottom_fixed,9.0,20,190,0
S9hNv5qa7GM-15,S9hNv5qa7GM_bd9faec23bb3462c94a5fbc6c0a3d5cf,manual,bottom_fixed,12.0,20,190,0
S9hNv5qa7GM-18,S9hNv5qa7GM_dcced7b92f444b9a83bd7d54413fa486,manual,count_only,0.0,2,1,0
S9hNv5qa7GM-18,S9hNv5qa7GM_dcced7b92f444b9a83bd7d54413fa486,manual,split_fixed,3.0,2,0,0
S9hNv5qa7GM-18,S9hNv5qa7GM_dcced7b92f444b9a83bd7d54413fa486,manual,split_fixed,6.0,2,0,0
S9hNv5qa7GM-18,S9hNv5qa7GM_dcced7b92f444b9a83bd7d54413fa486,manual,split_fixed,9.0,2,0,0
S9hNv5qa7GM-18,S9hNv5qa7GM_dcced7b92f444b9a83bd7d54413fa486,manual,split_fixed,12.0,2,1,0
S9hNv5qa7GM-18,S9hNv5qa7GM_dcced7b92f444b9a83bd7d54413fa486,manual,bound_fixed,3.0,2,0,0
S9hNv5qa7GM-18,S9hNv5qa7GM_dcced7b92f444b9a83bd7d54413fa486,manual,bound_fixed,6.0,2,0,0
S9hNv5qa7GM-18,S9hNv5qa7GM_dcced7b92f444b9a83bd7d54413fa486,manual,bound_fixed,9.0,2,0,0
S9hNv5qa7GM-18,S9hNv5qa7GM_dcced7b92f444b9a83bd7d54413fa486,manual,bound_fixed,12.0,2,1,0
S9hNv5qa7GM-18,S9hNv5qa7GM_dcced7b92f444b9a83bd7d54413fa486,manual,split_cyclic,3.0,2,0,0
S9hNv5qa7GM-18,S9hNv5qa7GM_dcced7b92f444b9a83bd7d54413fa486,manual,split_cyclic,6.0,2,0,0
S9hNv5qa7GM-18,S9hNv5qa7GM_dcced7b92f444b9a83bd7d54413fa486,manual,split_cyclic,9.0,2,0,0
S9hNv5qa7GM-18,S9hNv5qa7GM_dcced7b92f444b9a83bd7d54413fa486,manual,split_cyclic,12.0,2,1,0
S9hNv5qa7GM-18,S9hNv5qa7GM_dcced7b92f444b9a83bd7d54413fa486,manual,bound_cyclic,3.0,2,0,0
S9hNv5qa7GM-18,S9hNv5qa7GM_dcced7b92f444b9a83bd7d54413fa486,manual,bound_cyclic,6.0,2,0,0
S9hNv5qa7GM-18,S9hNv5qa7GM_dcced7b92f444b9a83bd7d54413fa486,manual,bound_cyclic,9.0,2,0,0
S9hNv5qa7GM-18,S9hNv5qa7GM_dcced7b92f444b9a83bd7d54413fa486,manual,bound_cyclic,12.0,2,1,0
S9hNv5qa7GM-18,S9hNv5qa7GM_dcced7b92f444b9a83bd7d54413fa486,manual,split_free,3.0,2,0,0
S9hNv5qa7GM-18,S9hNv5qa7GM_dcced7b92f444b9a83bd7d54413fa486,manual,split_free,6.0,2,0,0
S9hNv5qa7GM-18,S9hNv5qa7GM_dcced7b92f444b9a83bd7d54413fa486,manual,split_free,9.0,2,0,0
S9hNv5qa7GM-18,S9hNv5qa7GM_dcced7b92f444b9a83bd7d54413fa486,manual,split_free,12.0,2,1,0
S9hNv5qa7GM-18,S9hNv5qa7GM_dcced7b92f444b9a83bd7d54413fa486,manual,bound_free,3.0,2,0,0
S9hNv5qa7GM-18,S9hNv5qa7GM_dcced7b92f444b9a83bd7d54413fa486,manual,bound_free,6.0,2,0,0
S9hNv5qa7GM-18,S9hNv5qa7GM_dcced7b92f444b9a83bd7d54413fa486,manual,bound_free,9.0,2,0,0
S9hNv5qa7GM-18,S9hNv5qa7GM_dcced7b92f444b9a83bd7d54413fa486,manual,bound_free,12.0,2,1,0
S9hNv5qa7GM-18,S9hNv5qa7GM_dcced7b92f444b9a83bd7d54413fa486,manual,top_fixed,3.0,2,0,0
S9hNv5qa7GM-18,S9hNv5qa7GM_dcced7b92f444b9a83bd7d54413fa486,manual,top_fixed,6.0,2,0,0
S9hNv5qa7GM-18,S9hNv5qa7GM_dcced7b92f444b9a83bd7d54413fa486,manual,top_fixed,9.0,2,0,0
S9hNv5qa7GM-18,S9hNv5qa7GM_dcced7b92f444b9a83bd7d54413fa486,manual,top_fixed,12.0,2,1,0
S9hNv5qa7GM-18,S9hNv5qa7GM_dcced7b92f444b9a83bd7d54413fa486,manual,bottom_fixed,3.0,2,0,0
S9hNv5qa7GM-18,S9hNv5qa7GM_dcced7b92f444b9a83bd7d54413fa486,manual,bottom_fixed,6.0,2,0,0
S9hNv5qa7GM-18,S9hNv5qa7GM_dcced7b92f444b9a83bd7d54413fa486,manual,bottom_fixed,9.0,2,0,0
S9hNv5qa7GM-18,S9hNv5qa7GM_dcced7b92f444b9a83bd7d54413fa486,manual,bottom_fixed,12.0,2,1,0
S9hNv5qa7GM-20,S9hNv5qa7GM_eba5ca774e2a41dfa6e22fbff7fe66d2,manual,count_only,0.0,1,0,0
S9hNv5qa7GM-20,S9hNv5qa7GM_eba5ca774e2a41dfa6e22fbff7fe66d2,manual,split_fixed,3.0,1,0,0
S9hNv5qa7GM-20,S9hNv5qa7GM_eba5ca774e2a41dfa6e22fbff7fe66d2,manual,split_fixed,6.0,1,0,0
S9hNv5qa7GM-20,S9hNv5qa7GM_eba5ca774e2a41dfa6e22fbff7fe66d2,manual,split_fixed,9.0,1,0,0
S9hNv5qa7GM-20,S9hNv5qa7GM_eba5ca774e2a41dfa6e22fbff7fe66d2,manual,split_fixed,12.0,1,0,0
S9hNv5qa7GM-20,S9hNv5qa7GM_eba5ca774e2a41dfa6e22fbff7fe66d2,manual,bound_fixed,3.0,1,0,0
S9hNv5qa7GM-20,S9hNv5qa7GM_eba5ca774e2a41dfa6e22fbff7fe66d2,manual,bound_fixed,6.0,1,0,0
S9hNv5qa7GM-20,S9hNv5qa7GM_eba5ca774e2a41dfa6e22fbff7fe66d2,manual,bound_fixed,9.0,1,0,0
S9hNv5qa7GM-20,S9hNv5qa7GM_eba5ca774e2a41dfa6e22fbff7fe66d2,manual,bound_fixed,12.0,1,0,0
S9hNv5qa7GM-20,S9hNv5qa7GM_eba5ca774e2a41dfa6e22fbff7fe66d2,manual,split_cyclic,3.0,1,0,0
S9hNv5qa7GM-20,S9hNv5qa7GM_eba5ca774e2a41dfa6e22fbff7fe66d2,manual,split_cyclic,6.0,1,0,0
S9hNv5qa7GM-20,S9hNv5qa7GM_eba5ca774e2a41dfa6e22fbff7fe66d2,manual,split_cyclic,9.0,1,0,0
S9hNv5qa7GM-20,S9hNv5qa7GM_eba5ca774e2a41dfa6e22fbff7fe66d2,manual,split_cyclic,12.0,1,0,0
S9hNv5qa7GM-20,S9hNv5qa7GM_eba5ca774e2a41dfa6e22fbff7fe66d2,manual,bound_cyclic,3.0,1,0,0
S9hNv5qa7GM-20,S9hNv5qa7GM_eba5ca774e2a41dfa6e22fbff7fe66d2,manual,bound_cyclic,6.0,1,0,0
S9hNv5qa7GM-20,S9hNv5qa7GM_eba5ca774e2a41dfa6e22fbff7fe66d2,manual,bound_cyclic,9.0,1,0,0
S9hNv5qa7GM-20,S9hNv5qa7GM_eba5ca774e2a41dfa6e22fbff7fe66d2,manual,bound_cyclic,12.0,1,0,0
S9hNv5qa7GM-20,S9hNv5qa7GM_eba5ca774e2a41dfa6e22fbff7fe66d2,manual,split_free,3.0,1,0,0
S9hNv5qa7GM-20,S9hNv5qa7GM_eba5ca774e2a41dfa6e22fbff7fe66d2,manual,split_free,6.0,1,0,0
S9hNv5qa7GM-20,S9hNv5qa7GM_eba5ca774e2a41dfa6e22fbff7fe66d2,manual,split_free,9.0,1,0,0
S9hNv5qa7GM-20,S9hNv5qa7GM_eba5ca774e2a41dfa6e22fbff7fe66d2,manual,split_free,12.0,1,0,0
S9hNv5qa7GM-20,S9hNv5qa7GM_eba5ca774e2a41dfa6e22fbff7fe66d2,manual,bound_free,3.0,1,0,0
S9hNv5qa7GM-20,S9hNv5qa7GM_eba5ca774e2a41dfa6e22fbff7fe66d2,manual,bound_free,6.0,1,0,0
S9hNv5qa7GM-20,S9hNv5qa7GM_eba5ca774e2a41dfa6e22fbff7fe66d2,manual,bound_free,9.0,1,0,0
S9hNv5qa7GM-20,S9hNv5qa7GM_eba5ca774e2a41dfa6e22fbff7fe66d2,manual,bound_free,12.0,1,0,0
S9hNv5qa7GM-20,S9hNv5qa7GM_eba5ca774e2a41dfa6e22fbff7fe66d2,manual,top_fixed,3.0,1,0,0
S9hNv5qa7GM-20,S9hNv5qa7GM_eba5ca774e2a41dfa6e22fbff7fe66d2,manual,top_fixed,6.0,1,0,0
S9hNv5qa7GM-20,S9hNv5qa7GM_eba5ca774e2a41dfa6e22fbff7fe66d2,manual,top_fixed,9.0,1,0,0
S9hNv5qa7GM-20,S9hNv5qa7GM_eba5ca774e2a41dfa6e22fbff7fe66d2,manual,top_fixed,12.0,1,0,0
S9hNv5qa7GM-20,S9hNv5qa7GM_eba5ca774e2a41dfa6e22fbff7fe66d2,manual,bottom_fixed,3.0,1,0,0
S9hNv5qa7GM-20,S9hNv5qa7GM_eba5ca774e2a41dfa6e22fbff7fe66d2,manual,bottom_fixed,6.0,1,0,0
S9hNv5qa7GM-20,S9hNv5qa7GM_eba5ca774e2a41dfa6e22fbff7fe66d2,manual,bottom_fixed,9.0,1,0,0
S9hNv5qa7GM-20,S9hNv5qa7GM_eba5ca774e2a41dfa6e22fbff7fe66d2,manual,bottom_fixed,12.0,1,0,0
S9hNv5qa7GM-21,S9hNv5qa7GM_ed36c0b595de42f0a4e13ba5d332814a,manual,count_only,0.0,3,3,0
S9hNv5qa7GM-21,S9hNv5qa7GM_ed36c0b595de42f0a4e13ba5d332814a,manual,split_fixed,3.0,3,0,0
S9hNv5qa7GM-21,S9hNv5qa7GM_ed36c0b595de42f0a4e13ba5d332814a,manual,split_fixed,6.0,3,2,1
S9hNv5qa7GM-21,S9hNv5qa7GM_ed36c0b595de42f0a4e13ba5d332814a,manual,split_fixed,9.0,3,3,0
S9hNv5qa7GM-21,S9hNv5qa7GM_ed36c0b595de42f0a4e13ba5d332814a,manual,split_fixed,12.0,3,3,0
S9hNv5qa7GM-21,S9hNv5qa7GM_ed36c0b595de42f0a4e13ba5d332814a,manual,bound_fixed,3.0,3,0,0
S9hNv5qa7GM-21,S9hNv5qa7GM_ed36c0b595de42f0a4e13ba5d332814a,manual,bound_fixed,6.0,3,2,1
S9hNv5qa7GM-21,S9hNv5qa7GM_ed36c0b595de42f0a4e13ba5d332814a,manual,bound_fixed,9.0,3,3,0
S9hNv5qa7GM-21,S9hNv5qa7GM_ed36c0b595de42f0a4e13ba5d332814a,manual,bound_fixed,12.0,3,3,0
S9hNv5qa7GM-21,S9hNv5qa7GM_ed36c0b595de42f0a4e13ba5d332814a,manual,split_cyclic,3.0,3,0,0
S9hNv5qa7GM-21,S9hNv5qa7GM_ed36c0b595de42f0a4e13ba5d332814a,manual,split_cyclic,6.0,3,2,1
S9hNv5qa7GM-21,S9hNv5qa7GM_ed36c0b595de42f0a4e13ba5d332814a,manual,split_cyclic,9.0,3,3,0
S9hNv5qa7GM-21,S9hNv5qa7GM_ed36c0b595de42f0a4e13ba5d332814a,manual,split_cyclic,12.0,3,3,0
S9hNv5qa7GM-21,S9hNv5qa7GM_ed36c0b595de42f0a4e13ba5d332814a,manual,bound_cyclic,3.0,3,0,0
S9hNv5qa7GM-21,S9hNv5qa7GM_ed36c0b595de42f0a4e13ba5d332814a,manual,bound_cyclic,6.0,3,2,1
S9hNv5qa7GM-21,S9hNv5qa7GM_ed36c0b595de42f0a4e13ba5d332814a,manual,bound_cyclic,9.0,3,3,0
S9hNv5qa7GM-21,S9hNv5qa7GM_ed36c0b595de42f0a4e13ba5d332814a,manual,bound_cyclic,12.0,3,3,0
S9hNv5qa7GM-21,S9hNv5qa7GM_ed36c0b595de42f0a4e13ba5d332814a,manual,split_free,3.0,3,0,0
S9hNv5qa7GM-21,S9hNv5qa7GM_ed36c0b595de42f0a4e13ba5d332814a,manual,split_free,6.0,3,2,1
S9hNv5qa7GM-21,S9hNv5qa7GM_ed36c0b595de42f0a4e13ba5d332814a,manual,split_free,9.0,3,3,0
S9hNv5qa7GM-21,S9hNv5qa7GM_ed36c0b595de42f0a4e13ba5d332814a,manual,split_free,12.0,3,3,0
S9hNv5qa7GM-21,S9hNv5qa7GM_ed36c0b595de42f0a4e13ba5d332814a,manual,bound_free,3.0,3,0,0
S9hNv5qa7GM-21,S9hNv5qa7GM_ed36c0b595de42f0a4e13ba5d332814a,manual,bound_free,6.0,3,2,1
S9hNv5qa7GM-21,S9hNv5qa7GM_ed36c0b595de42f0a4e13ba5d332814a,manual,bound_free,9.0,3,3,0
S9hNv5qa7GM-21,S9hNv5qa7GM_ed36c0b595de42f0a4e13ba5d332814a,manual,bound_free,12.0,3,3,0
S9hNv5qa7GM-21,S9hNv5qa7GM_ed36c0b595de42f0a4e13ba5d332814a,manual,top_fixed,3.0,3,0,0
S9hNv5qa7GM-21,S9hNv5qa7GM_ed36c0b595de42f0a4e13ba5d332814a,manual,top_fixed,6.0,3,2,1
S9hNv5qa7GM-21,S9hNv5qa7GM_ed36c0b595de42f0a4e13ba5d332814a,manual,top_fixed,9.0,3,3,0
S9hNv5qa7GM-21,S9hNv5qa7GM_ed36c0b595de42f0a4e13ba5d332814a,manual,top_fixed,12.0,3,3,0
S9hNv5qa7GM-21,S9hNv5qa7GM_ed36c0b595de42f0a4e13ba5d332814a,manual,bottom_fixed,3.0,3,0,0
S9hNv5qa7GM-21,S9hNv5qa7GM_ed36c0b595de42f0a4e13ba5d332814a,manual,bottom_fixed,6.0,3,2,1
S9hNv5qa7GM-21,S9hNv5qa7GM_ed36c0b595de42f0a4e13ba5d332814a,manual,bottom_fixed,9.0,3,3,0
S9hNv5qa7GM-21,S9hNv5qa7GM_ed36c0b595de42f0a4e13ba5d332814a,manual,bottom_fixed,12.0,3,3,0
UwV83HsGsw3-01,UwV83HsGsw3_0f1385fc03994285ad8253b49516d77b,manual,count_only,0.0,4,0,0
UwV83HsGsw3-01,UwV83HsGsw3_0f1385fc03994285ad8253b49516d77b,manual,split_fixed,3.0,4,0,0
UwV83HsGsw3-01,UwV83HsGsw3_0f1385fc03994285ad8253b49516d77b,manual,split_fixed,6.0,4,0,0
UwV83HsGsw3-01,UwV83HsGsw3_0f1385fc03994285ad8253b49516d77b,manual,split_fixed,9.0,4,0,0
UwV83HsGsw3-01,UwV83HsGsw3_0f1385fc03994285ad8253b49516d77b,manual,split_fixed,12.0,4,0,0
UwV83HsGsw3-01,UwV83HsGsw3_0f1385fc03994285ad8253b49516d77b,manual,bound_fixed,3.0,4,0,0
UwV83HsGsw3-01,UwV83HsGsw3_0f1385fc03994285ad8253b49516d77b,manual,bound_fixed,6.0,4,0,0
UwV83HsGsw3-01,UwV83HsGsw3_0f1385fc03994285ad8253b49516d77b,manual,bound_fixed,9.0,4,0,0
UwV83HsGsw3-01,UwV83HsGsw3_0f1385fc03994285ad8253b49516d77b,manual,bound_fixed,12.0,4,0,0
UwV83HsGsw3-01,UwV83HsGsw3_0f1385fc03994285ad8253b49516d77b,manual,split_cyclic,3.0,4,0,0
UwV83HsGsw3-01,UwV83HsGsw3_0f1385fc03994285ad8253b49516d77b,manual,split_cyclic,6.0,4,0,0
UwV83HsGsw3-01,UwV83HsGsw3_0f1385fc03994285ad8253b49516d77b,manual,split_cyclic,9.0,4,0,0
UwV83HsGsw3-01,UwV83HsGsw3_0f1385fc03994285ad8253b49516d77b,manual,split_cyclic,12.0,4,0,0
UwV83HsGsw3-01,UwV83HsGsw3_0f1385fc03994285ad8253b49516d77b,manual,bound_cyclic,3.0,4,0,0
UwV83HsGsw3-01,UwV83HsGsw3_0f1385fc03994285ad8253b49516d77b,manual,bound_cyclic,6.0,4,0,0
UwV83HsGsw3-01,UwV83HsGsw3_0f1385fc03994285ad8253b49516d77b,manual,bound_cyclic,9.0,4,0,0
UwV83HsGsw3-01,UwV83HsGsw3_0f1385fc03994285ad8253b49516d77b,manual,bound_cyclic,12.0,4,0,0
UwV83HsGsw3-01,UwV83HsGsw3_0f1385fc03994285ad8253b49516d77b,manual,split_free,3.0,4,0,0
UwV83HsGsw3-01,UwV83HsGsw3_0f1385fc03994285ad8253b49516d77b,manual,split_free,6.0,4,0,0
UwV83HsGsw3-01,UwV83HsGsw3_0f1385fc03994285ad8253b49516d77b,manual,split_free,9.0,4,0,0
UwV83HsGsw3-01,UwV83HsGsw3_0f1385fc03994285ad8253b49516d77b,manual,split_free,12.0,4,0,0
UwV83HsGsw3-01,UwV83HsGsw3_0f1385fc03994285ad8253b49516d77b,manual,bound_free,3.0,4,0,0
UwV83HsGsw3-01,UwV83HsGsw3_0f1385fc03994285ad8253b49516d77b,manual,bound_free,6.0,4,0,0
UwV83HsGsw3-01,UwV83HsGsw3_0f1385fc03994285ad8253b49516d77b,manual,bound_free,9.0,4,0,0
UwV83HsGsw3-01,UwV83HsGsw3_0f1385fc03994285ad8253b49516d77b,manual,bound_free,12.0,4,0,0
UwV83HsGsw3-01,UwV83HsGsw3_0f1385fc03994285ad8253b49516d77b,manual,top_fixed,3.0,4,0,0
UwV83HsGsw3-01,UwV83HsGsw3_0f1385fc03994285ad8253b49516d77b,manual,top_fixed,6.0,4,0,0
UwV83HsGsw3-01,UwV83HsGsw3_0f1385fc03994285ad8253b49516d77b,manual,top_fixed,9.0,4,0,0
UwV83HsGsw3-01,UwV83HsGsw3_0f1385fc03994285ad8253b49516d77b,manual,top_fixed,12.0,4,0,0
UwV83HsGsw3-01,UwV83HsGsw3_0f1385fc03994285ad8253b49516d77b,manual,bottom_fixed,3.0,4,0,0
UwV83HsGsw3-01,UwV83HsGsw3_0f1385fc03994285ad8253b49516d77b,manual,bottom_fixed,6.0,4,0,0
UwV83HsGsw3-01,UwV83HsGsw3_0f1385fc03994285ad8253b49516d77b,manual,bottom_fixed,9.0,4,0,0
UwV83HsGsw3-01,UwV83HsGsw3_0f1385fc03994285ad8253b49516d77b,manual,bottom_fixed,12.0,4,0,0
UwV83HsGsw3-01,UwV83HsGsw3_0f1385fc03994285ad8253b49516d77b,semi,count_only,0.0,4,1,0
UwV83HsGsw3-01,UwV83HsGsw3_0f1385fc03994285ad8253b49516d77b,semi,split_fixed,3.0,4,1,0
UwV83HsGsw3-01,UwV83HsGsw3_0f1385fc03994285ad8253b49516d77b,semi,split_fixed,6.0,4,1,0
UwV83HsGsw3-01,UwV83HsGsw3_0f1385fc03994285ad8253b49516d77b,semi,split_fixed,9.0,4,1,0
UwV83HsGsw3-01,UwV83HsGsw3_0f1385fc03994285ad8253b49516d77b,semi,split_fixed,12.0,4,1,0
UwV83HsGsw3-01,UwV83HsGsw3_0f1385fc03994285ad8253b49516d77b,semi,bound_fixed,3.0,4,1,0
UwV83HsGsw3-01,UwV83HsGsw3_0f1385fc03994285ad8253b49516d77b,semi,bound_fixed,6.0,4,1,0
UwV83HsGsw3-01,UwV83HsGsw3_0f1385fc03994285ad8253b49516d77b,semi,bound_fixed,9.0,4,1,0
UwV83HsGsw3-01,UwV83HsGsw3_0f1385fc03994285ad8253b49516d77b,semi,bound_fixed,12.0,4,1,0
UwV83HsGsw3-01,UwV83HsGsw3_0f1385fc03994285ad8253b49516d77b,semi,split_cyclic,3.0,4,1,0
UwV83HsGsw3-01,UwV83HsGsw3_0f1385fc03994285ad8253b49516d77b,semi,split_cyclic,6.0,4,1,0
UwV83HsGsw3-01,UwV83HsGsw3_0f1385fc03994285ad8253b49516d77b,semi,split_cyclic,9.0,4,1,0
UwV83HsGsw3-01,UwV83HsGsw3_0f1385fc03994285ad8253b49516d77b,semi,split_cyclic,12.0,4,1,0
UwV83HsGsw3-01,UwV83HsGsw3_0f1385fc03994285ad8253b49516d77b,semi,bound_cyclic,3.0,4,1,0
UwV83HsGsw3-01,UwV83HsGsw3_0f1385fc03994285ad8253b49516d77b,semi,bound_cyclic,6.0,4,1,0
UwV83HsGsw3-01,UwV83HsGsw3_0f1385fc03994285ad8253b49516d77b,semi,bound_cyclic,9.0,4,1,0
UwV83HsGsw3-01,UwV83HsGsw3_0f1385fc03994285ad8253b49516d77b,semi,bound_cyclic,12.0,4,1,0
UwV83HsGsw3-01,UwV83HsGsw3_0f1385fc03994285ad8253b49516d77b,semi,split_free,3.0,4,1,0
UwV83HsGsw3-01,UwV83HsGsw3_0f1385fc03994285ad8253b49516d77b,semi,split_free,6.0,4,1,0
UwV83HsGsw3-01,UwV83HsGsw3_0f1385fc03994285ad8253b49516d77b,semi,split_free,9.0,4,1,0
UwV83HsGsw3-01,UwV83HsGsw3_0f1385fc03994285ad8253b49516d77b,semi,split_free,12.0,4,1,0
UwV83HsGsw3-01,UwV83HsGsw3_0f1385fc03994285ad8253b49516d77b,semi,bound_free,3.0,4,1,0
UwV83HsGsw3-01,UwV83HsGsw3_0f1385fc03994285ad8253b49516d77b,semi,bound_free,6.0,4,1,0
UwV83HsGsw3-01,UwV83HsGsw3_0f1385fc03994285ad8253b49516d77b,semi,bound_free,9.0,4,1,0
UwV83HsGsw3-01,UwV83HsGsw3_0f1385fc03994285ad8253b49516d77b,semi,bound_free,12.0,4,1,0
UwV83HsGsw3-01,UwV83HsGsw3_0f1385fc03994285ad8253b49516d77b,semi,top_fixed,3.0,4,1,0
UwV83HsGsw3-01,UwV83HsGsw3_0f1385fc03994285ad8253b49516d77b,semi,top_fixed,6.0,4,1,0
UwV83HsGsw3-01,UwV83HsGsw3_0f1385fc03994285ad8253b49516d77b,semi,top_fixed,9.0,4,1,0
UwV83HsGsw3-01,UwV83HsGsw3_0f1385fc03994285ad8253b49516d77b,semi,top_fixed,12.0,4,1,0
UwV83HsGsw3-01,UwV83HsGsw3_0f1385fc03994285ad8253b49516d77b,semi,bottom_fixed,3.0,4,1,0
UwV83HsGsw3-01,UwV83HsGsw3_0f1385fc03994285ad8253b49516d77b,semi,bottom_fixed,6.0,4,1,0
UwV83HsGsw3-01,UwV83HsGsw3_0f1385fc03994285ad8253b49516d77b,semi,bottom_fixed,9.0,4,1,0
UwV83HsGsw3-01,UwV83HsGsw3_0f1385fc03994285ad8253b49516d77b,semi,bottom_fixed,12.0,4,1,0
UwV83HsGsw3-03,UwV83HsGsw3_16af52545aff47afb4d7b330a49091a2,manual,count_only,0.0,5,6,0
UwV83HsGsw3-03,UwV83HsGsw3_16af52545aff47afb4d7b330a49091a2,manual,split_fixed,3.0,5,1,0
UwV83HsGsw3-03,UwV83HsGsw3_16af52545aff47afb4d7b330a49091a2,manual,split_fixed,6.0,5,3,0
UwV83HsGsw3-03,UwV83HsGsw3_16af52545aff47afb4d7b330a49091a2,manual,split_fixed,9.0,5,6,0
UwV83HsGsw3-03,UwV83HsGsw3_16af52545aff47afb4d7b330a49091a2,manual,split_fixed,12.0,5,6,0
UwV83HsGsw3-03,UwV83HsGsw3_16af52545aff47afb4d7b330a49091a2,manual,bound_fixed,3.0,5,1,0
UwV83HsGsw3-03,UwV83HsGsw3_16af52545aff47afb4d7b330a49091a2,manual,bound_fixed,6.0,5,3,0
UwV83HsGsw3-03,UwV83HsGsw3_16af52545aff47afb4d7b330a49091a2,manual,bound_fixed,9.0,5,6,0
UwV83HsGsw3-03,UwV83HsGsw3_16af52545aff47afb4d7b330a49091a2,manual,bound_fixed,12.0,5,6,0
UwV83HsGsw3-03,UwV83HsGsw3_16af52545aff47afb4d7b330a49091a2,manual,split_cyclic,3.0,5,1,0
UwV83HsGsw3-03,UwV83HsGsw3_16af52545aff47afb4d7b330a49091a2,manual,split_cyclic,6.0,5,3,0
UwV83HsGsw3-03,UwV83HsGsw3_16af52545aff47afb4d7b330a49091a2,manual,split_cyclic,9.0,5,6,0
UwV83HsGsw3-03,UwV83HsGsw3_16af52545aff47afb4d7b330a49091a2,manual,split_cyclic,12.0,5,6,0
UwV83HsGsw3-03,UwV83HsGsw3_16af52545aff47afb4d7b330a49091a2,manual,bound_cyclic,3.0,5,1,0
UwV83HsGsw3-03,UwV83HsGsw3_16af52545aff47afb4d7b330a49091a2,manual,bound_cyclic,6.0,5,3,0
UwV83HsGsw3-03,UwV83HsGsw3_16af52545aff47afb4d7b330a49091a2,manual,bound_cyclic,9.0,5,6,0
UwV83HsGsw3-03,UwV83HsGsw3_16af52545aff47afb4d7b330a49091a2,manual,bound_cyclic,12.0,5,6,0
UwV83HsGsw3-03,UwV83HsGsw3_16af52545aff47afb4d7b330a49091a2,manual,split_free,3.0,5,1,0
UwV83HsGsw3-03,UwV83HsGsw3_16af52545aff47afb4d7b330a49091a2,manual,split_free,6.0,5,3,0
UwV83HsGsw3-03,UwV83HsGsw3_16af52545aff47afb4d7b330a49091a2,manual,split_free,9.0,5,6,0
UwV83HsGsw3-03,UwV83HsGsw3_16af52545aff47afb4d7b330a49091a2,manual,split_free,12.0,5,6,0
UwV83HsGsw3-03,UwV83HsGsw3_16af52545aff47afb4d7b330a49091a2,manual,bound_free,3.0,5,1,0
UwV83HsGsw3-03,UwV83HsGsw3_16af52545aff47afb4d7b330a49091a2,manual,bound_free,6.0,5,3,0
UwV83HsGsw3-03,UwV83HsGsw3_16af52545aff47afb4d7b330a49091a2,manual,bound_free,9.0,5,6,0
UwV83HsGsw3-03,UwV83HsGsw3_16af52545aff47afb4d7b330a49091a2,manual,bound_free,12.0,5,6,0
UwV83HsGsw3-03,UwV83HsGsw3_16af52545aff47afb4d7b330a49091a2,manual,top_fixed,3.0,5,3,0
UwV83HsGsw3-03,UwV83HsGsw3_16af52545aff47afb4d7b330a49091a2,manual,top_fixed,6.0,5,3,0
UwV83HsGsw3-03,UwV83HsGsw3_16af52545aff47afb4d7b330a49091a2,manual,top_fixed,9.0,5,6,0
UwV83HsGsw3-03,UwV83HsGsw3_16af52545aff47afb4d7b330a49091a2,manual,top_fixed,12.0,5,6,0
UwV83HsGsw3-03,UwV83HsGsw3_16af52545aff47afb4d7b330a49091a2,manual,bottom_fixed,3.0,5,1,0
UwV83HsGsw3-03,UwV83HsGsw3_16af52545aff47afb4d7b330a49091a2,manual,bottom_fixed,6.0,5,5,2
UwV83HsGsw3-03,UwV83HsGsw3_16af52545aff47afb4d7b330a49091a2,manual,bottom_fixed,9.0,5,6,0
UwV83HsGsw3-03,UwV83HsGsw3_16af52545aff47afb4d7b330a49091a2,manual,bottom_fixed,12.0,5,6,0
UwV83HsGsw3-06,UwV83HsGsw3_528d342bf5494b3b94983545d6a1a282,oos,count_only,0.0,24,51,0
UwV83HsGsw3-06,UwV83HsGsw3_528d342bf5494b3b94983545d6a1a282,oos,split_fixed,3.0,24,3,0
UwV83HsGsw3-06,UwV83HsGsw3_528d342bf5494b3b94983545d6a1a282,oos,split_fixed,6.0,24,7,0
UwV83HsGsw3-06,UwV83HsGsw3_528d342bf5494b3b94983545d6a1a282,oos,split_fixed,9.0,24,9,0
UwV83HsGsw3-06,UwV83HsGsw3_528d342bf5494b3b94983545d6a1a282,oos,split_fixed,12.0,24,9,0
UwV83HsGsw3-06,UwV83HsGsw3_528d342bf5494b3b94983545d6a1a282,oos,bound_fixed,3.0,24,3,0
UwV83HsGsw3-06,UwV83HsGsw3_528d342bf5494b3b94983545d6a1a282,oos,bound_fixed,6.0,24,7,0
UwV83HsGsw3-06,UwV83HsGsw3_528d342bf5494b3b94983545d6a1a282,oos,bound_fixed,9.0,24,9,0
UwV83HsGsw3-06,UwV83HsGsw3_528d342bf5494b3b94983545d6a1a282,oos,bound_fixed,12.0,24,9,0
UwV83HsGsw3-06,UwV83HsGsw3_528d342bf5494b3b94983545d6a1a282,oos,split_cyclic,3.0,24,3,0
UwV83HsGsw3-06,UwV83HsGsw3_528d342bf5494b3b94983545d6a1a282,oos,split_cyclic,6.0,24,7,0
UwV83HsGsw3-06,UwV83HsGsw3_528d342bf5494b3b94983545d6a1a282,oos,split_cyclic,9.0,24,9,0
UwV83HsGsw3-06,UwV83HsGsw3_528d342bf5494b3b94983545d6a1a282,oos,split_cyclic,12.0,24,9,0
UwV83HsGsw3-06,UwV83HsGsw3_528d342bf5494b3b94983545d6a1a282,oos,bound_cyclic,3.0,24,3,0
UwV83HsGsw3-06,UwV83HsGsw3_528d342bf5494b3b94983545d6a1a282,oos,bound_cyclic,6.0,24,7,0
UwV83HsGsw3-06,UwV83HsGsw3_528d342bf5494b3b94983545d6a1a282,oos,bound_cyclic,9.0,24,9,0
UwV83HsGsw3-06,UwV83HsGsw3_528d342bf5494b3b94983545d6a1a282,oos,bound_cyclic,12.0,24,9,0
UwV83HsGsw3-06,UwV83HsGsw3_528d342bf5494b3b94983545d6a1a282,oos,split_free,3.0,24,3,0
UwV83HsGsw3-06,UwV83HsGsw3_528d342bf5494b3b94983545d6a1a282,oos,split_free,6.0,24,7,0
UwV83HsGsw3-06,UwV83HsGsw3_528d342bf5494b3b94983545d6a1a282,oos,split_free,9.0,24,9,0
UwV83HsGsw3-06,UwV83HsGsw3_528d342bf5494b3b94983545d6a1a282,oos,split_free,12.0,24,9,0
UwV83HsGsw3-06,UwV83HsGsw3_528d342bf5494b3b94983545d6a1a282,oos,bound_free,3.0,24,3,0
UwV83HsGsw3-06,UwV83HsGsw3_528d342bf5494b3b94983545d6a1a282,oos,bound_free,6.0,24,7,0
UwV83HsGsw3-06,UwV83HsGsw3_528d342bf5494b3b94983545d6a1a282,oos,bound_free,9.0,24,9,0
UwV83HsGsw3-06,UwV83HsGsw3_528d342bf5494b3b94983545d6a1a282,oos,bound_free,12.0,24,9,0
UwV83HsGsw3-06,UwV83HsGsw3_528d342bf5494b3b94983545d6a1a282,oos,top_fixed,3.0,24,3,0
UwV83HsGsw3-06,UwV83HsGsw3_528d342bf5494b3b94983545d6a1a282,oos,top_fixed,6.0,24,7,0
UwV83HsGsw3-06,UwV83HsGsw3_528d342bf5494b3b94983545d6a1a282,oos,top_fixed,9.0,24,9,0
UwV83HsGsw3-06,UwV83HsGsw3_528d342bf5494b3b94983545d6a1a282,oos,top_fixed,12.0,24,9,0
UwV83HsGsw3-06,UwV83HsGsw3_528d342bf5494b3b94983545d6a1a282,oos,bottom_fixed,3.0,24,3,0
UwV83HsGsw3-06,UwV83HsGsw3_528d342bf5494b3b94983545d6a1a282,oos,bottom_fixed,6.0,24,7,0
UwV83HsGsw3-06,UwV83HsGsw3_528d342bf5494b3b94983545d6a1a282,oos,bottom_fixed,9.0,24,9,0
UwV83HsGsw3-06,UwV83HsGsw3_528d342bf5494b3b94983545d6a1a282,oos,bottom_fixed,12.0,24,9,0
UwV83HsGsw3-08,UwV83HsGsw3_71ada030981d4468b76dcebc1b6fb940,oos,count_only,0.0,24,43,0
UwV83HsGsw3-08,UwV83HsGsw3_71ada030981d4468b76dcebc1b6fb940,oos,split_fixed,3.0,24,3,0
UwV83HsGsw3-08,UwV83HsGsw3_71ada030981d4468b76dcebc1b6fb940,oos,split_fixed,6.0,24,14,0
UwV83HsGsw3-08,UwV83HsGsw3_71ada030981d4468b76dcebc1b6fb940,oos,split_fixed,9.0,24,15,0
UwV83HsGsw3-08,UwV83HsGsw3_71ada030981d4468b76dcebc1b6fb940,oos,split_fixed,12.0,24,15,0
UwV83HsGsw3-08,UwV83HsGsw3_71ada030981d4468b76dcebc1b6fb940,oos,bound_fixed,3.0,23,3,0
UwV83HsGsw3-08,UwV83HsGsw3_71ada030981d4468b76dcebc1b6fb940,oos,bound_fixed,6.0,23,14,0
UwV83HsGsw3-08,UwV83HsGsw3_71ada030981d4468b76dcebc1b6fb940,oos,bound_fixed,9.0,23,15,0
UwV83HsGsw3-08,UwV83HsGsw3_71ada030981d4468b76dcebc1b6fb940,oos,bound_fixed,12.0,23,15,0
UwV83HsGsw3-08,UwV83HsGsw3_71ada030981d4468b76dcebc1b6fb940,oos,split_cyclic,3.0,24,3,0
UwV83HsGsw3-08,UwV83HsGsw3_71ada030981d4468b76dcebc1b6fb940,oos,split_cyclic,6.0,24,14,0
UwV83HsGsw3-08,UwV83HsGsw3_71ada030981d4468b76dcebc1b6fb940,oos,split_cyclic,9.0,24,15,0
UwV83HsGsw3-08,UwV83HsGsw3_71ada030981d4468b76dcebc1b6fb940,oos,split_cyclic,12.0,24,15,0
UwV83HsGsw3-08,UwV83HsGsw3_71ada030981d4468b76dcebc1b6fb940,oos,bound_cyclic,3.0,23,3,0
UwV83HsGsw3-08,UwV83HsGsw3_71ada030981d4468b76dcebc1b6fb940,oos,bound_cyclic,6.0,23,14,0
UwV83HsGsw3-08,UwV83HsGsw3_71ada030981d4468b76dcebc1b6fb940,oos,bound_cyclic,9.0,23,15,0
UwV83HsGsw3-08,UwV83HsGsw3_71ada030981d4468b76dcebc1b6fb940,oos,bound_cyclic,12.0,23,15,0
UwV83HsGsw3-08,UwV83HsGsw3_71ada030981d4468b76dcebc1b6fb940,oos,split_free,3.0,24,3,0
UwV83HsGsw3-08,UwV83HsGsw3_71ada030981d4468b76dcebc1b6fb940,oos,split_free,6.0,24,14,0
UwV83HsGsw3-08,UwV83HsGsw3_71ada030981d4468b76dcebc1b6fb940,oos,split_free,9.0,24,15,0
UwV83HsGsw3-08,UwV83HsGsw3_71ada030981d4468b76dcebc1b6fb940,oos,split_free,12.0,24,15,0
UwV83HsGsw3-08,UwV83HsGsw3_71ada030981d4468b76dcebc1b6fb940,oos,bound_free,3.0,23,3,0
UwV83HsGsw3-08,UwV83HsGsw3_71ada030981d4468b76dcebc1b6fb940,oos,bound_free,6.0,23,14,0
UwV83HsGsw3-08,UwV83HsGsw3_71ada030981d4468b76dcebc1b6fb940,oos,bound_free,9.0,23,15,0
UwV83HsGsw3-08,UwV83HsGsw3_71ada030981d4468b76dcebc1b6fb940,oos,bound_free,12.0,23,15,0
UwV83HsGsw3-08,UwV83HsGsw3_71ada030981d4468b76dcebc1b6fb940,oos,top_fixed,3.0,24,4,0
UwV83HsGsw3-08,UwV83HsGsw3_71ada030981d4468b76dcebc1b6fb940,oos,top_fixed,6.0,24,15,0
UwV83HsGsw3-08,UwV83HsGsw3_71ada030981d4468b76dcebc1b6fb940,oos,top_fixed,9.0,24,15,0
UwV83HsGsw3-08,UwV83HsGsw3_71ada030981d4468b76dcebc1b6fb940,oos,top_fixed,12.0,24,15,0
UwV83HsGsw3-08,UwV83HsGsw3_71ada030981d4468b76dcebc1b6fb940,oos,bottom_fixed,3.0,24,9,4
UwV83HsGsw3-08,UwV83HsGsw3_71ada030981d4468b76dcebc1b6fb940,oos,bottom_fixed,6.0,24,14,0
UwV83HsGsw3-08,UwV83HsGsw3_71ada030981d4468b76dcebc1b6fb940,oos,bottom_fixed,9.0,24,15,0
UwV83HsGsw3-08,UwV83HsGsw3_71ada030981d4468b76dcebc1b6fb940,oos,bottom_fixed,12.0,24,15,0
UwV83HsGsw3-09,UwV83HsGsw3_7482b1a2655e4655ae4ab58749f43f65,manual,count_only,0.0,24,93,0
UwV83HsGsw3-09,UwV83HsGsw3_7482b1a2655e4655ae4ab58749f43f65,manual,split_fixed,3.0,24,8,1
UwV83HsGsw3-09,UwV83HsGsw3_7482b1a2655e4655ae4ab58749f43f65,manual,split_fixed,6.0,24,37,0
UwV83HsGsw3-09,UwV83HsGsw3_7482b1a2655e4655ae4ab58749f43f65,manual,split_fixed,9.0,24,40,1
UwV83HsGsw3-09,UwV83HsGsw3_7482b1a2655e4655ae4ab58749f43f65,manual,split_fixed,12.0,24,41,0
UwV83HsGsw3-09,UwV83HsGsw3_7482b1a2655e4655ae4ab58749f43f65,manual,bound_fixed,3.0,23,8,1
UwV83HsGsw3-09,UwV83HsGsw3_7482b1a2655e4655ae4ab58749f43f65,manual,bound_fixed,6.0,23,37,0
UwV83HsGsw3-09,UwV83HsGsw3_7482b1a2655e4655ae4ab58749f43f65,manual,bound_fixed,9.0,23,40,1
UwV83HsGsw3-09,UwV83HsGsw3_7482b1a2655e4655ae4ab58749f43f65,manual,bound_fixed,12.0,23,41,0
UwV83HsGsw3-09,UwV83HsGsw3_7482b1a2655e4655ae4ab58749f43f65,manual,split_cyclic,3.0,24,8,1
UwV83HsGsw3-09,UwV83HsGsw3_7482b1a2655e4655ae4ab58749f43f65,manual,split_cyclic,6.0,24,37,0
UwV83HsGsw3-09,UwV83HsGsw3_7482b1a2655e4655ae4ab58749f43f65,manual,split_cyclic,9.0,24,40,1
UwV83HsGsw3-09,UwV83HsGsw3_7482b1a2655e4655ae4ab58749f43f65,manual,split_cyclic,12.0,24,41,0
UwV83HsGsw3-09,UwV83HsGsw3_7482b1a2655e4655ae4ab58749f43f65,manual,bound_cyclic,3.0,23,8,1
UwV83HsGsw3-09,UwV83HsGsw3_7482b1a2655e4655ae4ab58749f43f65,manual,bound_cyclic,6.0,23,37,0
UwV83HsGsw3-09,UwV83HsGsw3_7482b1a2655e4655ae4ab58749f43f65,manual,bound_cyclic,9.0,23,40,1
UwV83HsGsw3-09,UwV83HsGsw3_7482b1a2655e4655ae4ab58749f43f65,manual,bound_cyclic,12.0,23,41,0
UwV83HsGsw3-09,UwV83HsGsw3_7482b1a2655e4655ae4ab58749f43f65,manual,split_free,3.0,24,8,1
UwV83HsGsw3-09,UwV83HsGsw3_7482b1a2655e4655ae4ab58749f43f65,manual,split_free,6.0,24,37,0
UwV83HsGsw3-09,UwV83HsGsw3_7482b1a2655e4655ae4ab58749f43f65,manual,split_free,9.0,24,40,1
UwV83HsGsw3-09,UwV83HsGsw3_7482b1a2655e4655ae4ab58749f43f65,manual,split_free,12.0,24,41,0
UwV83HsGsw3-09,UwV83HsGsw3_7482b1a2655e4655ae4ab58749f43f65,manual,bound_free,3.0,23,8,1
UwV83HsGsw3-09,UwV83HsGsw3_7482b1a2655e4655ae4ab58749f43f65,manual,bound_free,6.0,23,37,0
UwV83HsGsw3-09,UwV83HsGsw3_7482b1a2655e4655ae4ab58749f43f65,manual,bound_free,9.0,23,40,1
UwV83HsGsw3-09,UwV83HsGsw3_7482b1a2655e4655ae4ab58749f43f65,manual,bound_free,12.0,23,41,0
UwV83HsGsw3-09,UwV83HsGsw3_7482b1a2655e4655ae4ab58749f43f65,manual,top_fixed,3.0,24,31,12
UwV83HsGsw3-09,UwV83HsGsw3_7482b1a2655e4655ae4ab58749f43f65,manual,top_fixed,6.0,24,41,0
UwV83HsGsw3-09,UwV83HsGsw3_7482b1a2655e4655ae4ab58749f43f65,manual,top_fixed,9.0,24,41,0
UwV83HsGsw3-09,UwV83HsGsw3_7482b1a2655e4655ae4ab58749f43f65,manual,top_fixed,12.0,24,41,0
UwV83HsGsw3-09,UwV83HsGsw3_7482b1a2655e4655ae4ab58749f43f65,manual,bottom_fixed,3.0,24,9,2
UwV83HsGsw3-09,UwV83HsGsw3_7482b1a2655e4655ae4ab58749f43f65,manual,bottom_fixed,6.0,24,37,0
UwV83HsGsw3-09,UwV83HsGsw3_7482b1a2655e4655ae4ab58749f43f65,manual,bottom_fixed,9.0,24,40,1
UwV83HsGsw3-09,UwV83HsGsw3_7482b1a2655e4655ae4ab58749f43f65,manual,bottom_fixed,12.0,24,41,0
UwV83HsGsw3-10,UwV83HsGsw3_8e9c912f525744eeaea21083a20a1596,manual,count_only,0.0,24,211,0
UwV83HsGsw3-10,UwV83HsGsw3_8e9c912f525744eeaea21083a20a1596,manual,split_fixed,3.0,24,14,1
UwV83HsGsw3-10,UwV83HsGsw3_8e9c912f525744eeaea21083a20a1596,manual,split_fixed,6.0,24,34,1
UwV83HsGsw3-10,UwV83HsGsw3_8e9c912f525744eeaea21083a20a1596,manual,split_fixed,9.0,24,59,16
UwV83HsGsw3-10,UwV83HsGsw3_8e9c912f525744eeaea21083a20a1596,manual,split_fixed,12.0,24,83,21
UwV83HsGsw3-10,UwV83HsGsw3_8e9c912f525744eeaea21083a20a1596,manual,bound_fixed,3.0,24,14,1
UwV83HsGsw3-10,UwV83HsGsw3_8e9c912f525744eeaea21083a20a1596,manual,bound_fixed,6.0,24,34,1
UwV83HsGsw3-10,UwV83HsGsw3_8e9c912f525744eeaea21083a20a1596,manual,bound_fixed,9.0,24,59,16
UwV83HsGsw3-10,UwV83HsGsw3_8e9c912f525744eeaea21083a20a1596,manual,bound_fixed,12.0,24,83,21
UwV83HsGsw3-10,UwV83HsGsw3_8e9c912f525744eeaea21083a20a1596,manual,split_cyclic,3.0,24,14,1
UwV83HsGsw3-10,UwV83HsGsw3_8e9c912f525744eeaea21083a20a1596,manual,split_cyclic,6.0,24,34,1
UwV83HsGsw3-10,UwV83HsGsw3_8e9c912f525744eeaea21083a20a1596,manual,split_cyclic,9.0,24,59,16
UwV83HsGsw3-10,UwV83HsGsw3_8e9c912f525744eeaea21083a20a1596,manual,split_cyclic,12.0,24,83,21
UwV83HsGsw3-10,UwV83HsGsw3_8e9c912f525744eeaea21083a20a1596,manual,bound_cyclic,3.0,24,14,1
UwV83HsGsw3-10,UwV83HsGsw3_8e9c912f525744eeaea21083a20a1596,manual,bound_cyclic,6.0,24,34,1
UwV83HsGsw3-10,UwV83HsGsw3_8e9c912f525744eeaea21083a20a1596,manual,bound_cyclic,9.0,24,59,16
UwV83HsGsw3-10,UwV83HsGsw3_8e9c912f525744eeaea21083a20a1596,manual,bound_cyclic,12.0,24,83,21
UwV83HsGsw3-10,UwV83HsGsw3_8e9c912f525744eeaea21083a20a1596,manual,split_free,3.0,24,14,1
UwV83HsGsw3-10,UwV83HsGsw3_8e9c912f525744eeaea21083a20a1596,manual,split_free,6.0,24,34,1
UwV83HsGsw3-10,UwV83HsGsw3_8e9c912f525744eeaea21083a20a1596,manual,split_free,9.0,24,59,16
UwV83HsGsw3-10,UwV83HsGsw3_8e9c912f525744eeaea21083a20a1596,manual,split_free,12.0,24,83,21
UwV83HsGsw3-10,UwV83HsGsw3_8e9c912f525744eeaea21083a20a1596,manual,bound_free,3.0,24,14,1
UwV83HsGsw3-10,UwV83HsGsw3_8e9c912f525744eeaea21083a20a1596,manual,bound_free,6.0,24,34,1
UwV83HsGsw3-10,UwV83HsGsw3_8e9c912f525744eeaea21083a20a1596,manual,bound_free,9.0,24,59,16
UwV83HsGsw3-10,UwV83HsGsw3_8e9c912f525744eeaea21083a20a1596,manual,bound_free,12.0,24,83,21
UwV83HsGsw3-10,UwV83HsGsw3_8e9c912f525744eeaea21083a20a1596,manual,top_fixed,3.0,24,71,0
UwV83HsGsw3-10,UwV83HsGsw3_8e9c912f525744eeaea21083a20a1596,manual,top_fixed,6.0,24,71,0
UwV83HsGsw3-10,UwV83HsGsw3_8e9c912f525744eeaea21083a20a1596,manual,top_fixed,9.0,24,102,31
UwV83HsGsw3-10,UwV83HsGsw3_8e9c912f525744eeaea21083a20a1596,manual,top_fixed,12.0,24,149,12
UwV83HsGsw3-10,UwV83HsGsw3_8e9c912f525744eeaea21083a20a1596,manual,bottom_fixed,3.0,24,14,1
UwV83HsGsw3-10,UwV83HsGsw3_8e9c912f525744eeaea21083a20a1596,manual,bottom_fixed,6.0,24,36,1
UwV83HsGsw3-10,UwV83HsGsw3_8e9c912f525744eeaea21083a20a1596,manual,bottom_fixed,9.0,24,62,19
UwV83HsGsw3-10,UwV83HsGsw3_8e9c912f525744eeaea21083a20a1596,manual,bottom_fixed,12.0,24,85,23
UwV83HsGsw3-12,UwV83HsGsw3_a3630444bbd94cd6ac4edbe2dc1221de,manual,count_only,0.0,6,3,0
UwV83HsGsw3-12,UwV83HsGsw3_a3630444bbd94cd6ac4edbe2dc1221de,manual,split_fixed,3.0,6,2,0
UwV83HsGsw3-12,UwV83HsGsw3_a3630444bbd94cd6ac4edbe2dc1221de,manual,split_fixed,6.0,6,2,0
UwV83HsGsw3-12,UwV83HsGsw3_a3630444bbd94cd6ac4edbe2dc1221de,manual,split_fixed,9.0,6,2,0
UwV83HsGsw3-12,UwV83HsGsw3_a3630444bbd94cd6ac4edbe2dc1221de,manual,split_fixed,12.0,6,2,0
UwV83HsGsw3-12,UwV83HsGsw3_a3630444bbd94cd6ac4edbe2dc1221de,manual,bound_fixed,3.0,6,2,0
UwV83HsGsw3-12,UwV83HsGsw3_a3630444bbd94cd6ac4edbe2dc1221de,manual,bound_fixed,6.0,6,2,0
UwV83HsGsw3-12,UwV83HsGsw3_a3630444bbd94cd6ac4edbe2dc1221de,manual,bound_fixed,9.0,6,2,0
UwV83HsGsw3-12,UwV83HsGsw3_a3630444bbd94cd6ac4edbe2dc1221de,manual,bound_fixed,12.0,6,2,0
UwV83HsGsw3-12,UwV83HsGsw3_a3630444bbd94cd6ac4edbe2dc1221de,manual,split_cyclic,3.0,6,2,0
UwV83HsGsw3-12,UwV83HsGsw3_a3630444bbd94cd6ac4edbe2dc1221de,manual,split_cyclic,6.0,6,2,0
UwV83HsGsw3-12,UwV83HsGsw3_a3630444bbd94cd6ac4edbe2dc1221de,manual,split_cyclic,9.0,6,2,0
UwV83HsGsw3-12,UwV83HsGsw3_a3630444bbd94cd6ac4edbe2dc1221de,manual,split_cyclic,12.0,6,2,0
UwV83HsGsw3-12,UwV83HsGsw3_a3630444bbd94cd6ac4edbe2dc1221de,manual,bound_cyclic,3.0,6,2,0
UwV83HsGsw3-12,UwV83HsGsw3_a3630444bbd94cd6ac4edbe2dc1221de,manual,bound_cyclic,6.0,6,2,0
UwV83HsGsw3-12,UwV83HsGsw3_a3630444bbd94cd6ac4edbe2dc1221de,manual,bound_cyclic,9.0,6,2,0
UwV83HsGsw3-12,UwV83HsGsw3_a3630444bbd94cd6ac4edbe2dc1221de,manual,bound_cyclic,12.0,6,2,0
UwV83HsGsw3-12,UwV83HsGsw3_a3630444bbd94cd6ac4edbe2dc1221de,manual,split_free,3.0,6,2,0
UwV83HsGsw3-12,UwV83HsGsw3_a3630444bbd94cd6ac4edbe2dc1221de,manual,split_free,6.0,6,2,0
UwV83HsGsw3-12,UwV83HsGsw3_a3630444bbd94cd6ac4edbe2dc1221de,manual,split_free,9.0,6,2,0
UwV83HsGsw3-12,UwV83HsGsw3_a3630444bbd94cd6ac4edbe2dc1221de,manual,split_free,12.0,6,2,0
UwV83HsGsw3-12,UwV83HsGsw3_a3630444bbd94cd6ac4edbe2dc1221de,manual,bound_free,3.0,6,2,0
UwV83HsGsw3-12,UwV83HsGsw3_a3630444bbd94cd6ac4edbe2dc1221de,manual,bound_free,6.0,6,2,0
UwV83HsGsw3-12,UwV83HsGsw3_a3630444bbd94cd6ac4edbe2dc1221de,manual,bound_free,9.0,6,2,0
UwV83HsGsw3-12,UwV83HsGsw3_a3630444bbd94cd6ac4edbe2dc1221de,manual,bound_free,12.0,6,2,0
UwV83HsGsw3-12,UwV83HsGsw3_a3630444bbd94cd6ac4edbe2dc1221de,manual,top_fixed,3.0,6,2,0
UwV83HsGsw3-12,UwV83HsGsw3_a3630444bbd94cd6ac4edbe2dc1221de,manual,top_fixed,6.0,6,2,0
UwV83HsGsw3-12,UwV83HsGsw3_a3630444bbd94cd6ac4edbe2dc1221de,manual,top_fixed,9.0,6,2,0
UwV83HsGsw3-12,UwV83HsGsw3_a3630444bbd94cd6ac4edbe2dc1221de,manual,top_fixed,12.0,6,2,0
UwV83HsGsw3-12,UwV83HsGsw3_a3630444bbd94cd6ac4edbe2dc1221de,manual,bottom_fixed,3.0,6,2,0
UwV83HsGsw3-12,UwV83HsGsw3_a3630444bbd94cd6ac4edbe2dc1221de,manual,bottom_fixed,6.0,6,2,0
UwV83HsGsw3-12,UwV83HsGsw3_a3630444bbd94cd6ac4edbe2dc1221de,manual,bottom_fixed,9.0,6,2,0
UwV83HsGsw3-12,UwV83HsGsw3_a3630444bbd94cd6ac4edbe2dc1221de,manual,bottom_fixed,12.0,6,3,0
UwV83HsGsw3-12,UwV83HsGsw3_a3630444bbd94cd6ac4edbe2dc1221de,semi,count_only,0.0,4,1,0
UwV83HsGsw3-12,UwV83HsGsw3_a3630444bbd94cd6ac4edbe2dc1221de,semi,split_fixed,3.0,4,1,0
UwV83HsGsw3-12,UwV83HsGsw3_a3630444bbd94cd6ac4edbe2dc1221de,semi,split_fixed,6.0,4,1,0
UwV83HsGsw3-12,UwV83HsGsw3_a3630444bbd94cd6ac4edbe2dc1221de,semi,split_fixed,9.0,4,1,0
UwV83HsGsw3-12,UwV83HsGsw3_a3630444bbd94cd6ac4edbe2dc1221de,semi,split_fixed,12.0,4,1,0
UwV83HsGsw3-12,UwV83HsGsw3_a3630444bbd94cd6ac4edbe2dc1221de,semi,bound_fixed,3.0,4,1,0
UwV83HsGsw3-12,UwV83HsGsw3_a3630444bbd94cd6ac4edbe2dc1221de,semi,bound_fixed,6.0,4,1,0
UwV83HsGsw3-12,UwV83HsGsw3_a3630444bbd94cd6ac4edbe2dc1221de,semi,bound_fixed,9.0,4,1,0
UwV83HsGsw3-12,UwV83HsGsw3_a3630444bbd94cd6ac4edbe2dc1221de,semi,bound_fixed,12.0,4,1,0
UwV83HsGsw3-12,UwV83HsGsw3_a3630444bbd94cd6ac4edbe2dc1221de,semi,split_cyclic,3.0,4,1,0
UwV83HsGsw3-12,UwV83HsGsw3_a3630444bbd94cd6ac4edbe2dc1221de,semi,split_cyclic,6.0,4,1,0
UwV83HsGsw3-12,UwV83HsGsw3_a3630444bbd94cd6ac4edbe2dc1221de,semi,split_cyclic,9.0,4,1,0
UwV83HsGsw3-12,UwV83HsGsw3_a3630444bbd94cd6ac4edbe2dc1221de,semi,split_cyclic,12.0,4,1,0
UwV83HsGsw3-12,UwV83HsGsw3_a3630444bbd94cd6ac4edbe2dc1221de,semi,bound_cyclic,3.0,4,1,0
UwV83HsGsw3-12,UwV83HsGsw3_a3630444bbd94cd6ac4edbe2dc1221de,semi,bound_cyclic,6.0,4,1,0
UwV83HsGsw3-12,UwV83HsGsw3_a3630444bbd94cd6ac4edbe2dc1221de,semi,bound_cyclic,9.0,4,1,0
UwV83HsGsw3-12,UwV83HsGsw3_a3630444bbd94cd6ac4edbe2dc1221de,semi,bound_cyclic,12.0,4,1,0
UwV83HsGsw3-12,UwV83HsGsw3_a3630444bbd94cd6ac4edbe2dc1221de,semi,split_free,3.0,4,1,0
UwV83HsGsw3-12,UwV83HsGsw3_a3630444bbd94cd6ac4edbe2dc1221de,semi,split_free,6.0,4,1,0
UwV83HsGsw3-12,UwV83HsGsw3_a3630444bbd94cd6ac4edbe2dc1221de,semi,split_free,9.0,4,1,0
UwV83HsGsw3-12,UwV83HsGsw3_a3630444bbd94cd6ac4edbe2dc1221de,semi,split_free,12.0,4,1,0
UwV83HsGsw3-12,UwV83HsGsw3_a3630444bbd94cd6ac4edbe2dc1221de,semi,bound_free,3.0,4,1,0
UwV83HsGsw3-12,UwV83HsGsw3_a3630444bbd94cd6ac4edbe2dc1221de,semi,bound_free,6.0,4,1,0
UwV83HsGsw3-12,UwV83HsGsw3_a3630444bbd94cd6ac4edbe2dc1221de,semi,bound_free,9.0,4,1,0
UwV83HsGsw3-12,UwV83HsGsw3_a3630444bbd94cd6ac4edbe2dc1221de,semi,bound_free,12.0,4,1,0
UwV83HsGsw3-12,UwV83HsGsw3_a3630444bbd94cd6ac4edbe2dc1221de,semi,top_fixed,3.0,4,1,0
UwV83HsGsw3-12,UwV83HsGsw3_a3630444bbd94cd6ac4edbe2dc1221de,semi,top_fixed,6.0,4,1,0
UwV83HsGsw3-12,UwV83HsGsw3_a3630444bbd94cd6ac4edbe2dc1221de,semi,top_fixed,9.0,4,1,0
UwV83HsGsw3-12,UwV83HsGsw3_a3630444bbd94cd6ac4edbe2dc1221de,semi,top_fixed,12.0,4,1,0
UwV83HsGsw3-12,UwV83HsGsw3_a3630444bbd94cd6ac4edbe2dc1221de,semi,bottom_fixed,3.0,4,1,0
UwV83HsGsw3-12,UwV83HsGsw3_a3630444bbd94cd6ac4edbe2dc1221de,semi,bottom_fixed,6.0,4,1,0
UwV83HsGsw3-12,UwV83HsGsw3_a3630444bbd94cd6ac4edbe2dc1221de,semi,bottom_fixed,9.0,4,1,0
UwV83HsGsw3-12,UwV83HsGsw3_a3630444bbd94cd6ac4edbe2dc1221de,semi,bottom_fixed,12.0,4,1,0
UwV83HsGsw3-16,UwV83HsGsw3_b979526475874ad68ae33f02d407a1fc,manual,count_only,0.0,5,1,0
UwV83HsGsw3-16,UwV83HsGsw3_b979526475874ad68ae33f02d407a1fc,manual,split_fixed,3.0,5,0,0
UwV83HsGsw3-16,UwV83HsGsw3_b979526475874ad68ae33f02d407a1fc,manual,split_fixed,6.0,5,0,0
UwV83HsGsw3-16,UwV83HsGsw3_b979526475874ad68ae33f02d407a1fc,manual,split_fixed,9.0,5,0,0
UwV83HsGsw3-16,UwV83HsGsw3_b979526475874ad68ae33f02d407a1fc,manual,split_fixed,12.0,5,0,0
UwV83HsGsw3-16,UwV83HsGsw3_b979526475874ad68ae33f02d407a1fc,manual,bound_fixed,3.0,5,0,0
UwV83HsGsw3-16,UwV83HsGsw3_b979526475874ad68ae33f02d407a1fc,manual,bound_fixed,6.0,5,0,0
UwV83HsGsw3-16,UwV83HsGsw3_b979526475874ad68ae33f02d407a1fc,manual,bound_fixed,9.0,5,0,0
UwV83HsGsw3-16,UwV83HsGsw3_b979526475874ad68ae33f02d407a1fc,manual,bound_fixed,12.0,5,0,0
UwV83HsGsw3-16,UwV83HsGsw3_b979526475874ad68ae33f02d407a1fc,manual,split_cyclic,3.0,5,0,0
UwV83HsGsw3-16,UwV83HsGsw3_b979526475874ad68ae33f02d407a1fc,manual,split_cyclic,6.0,5,0,0
UwV83HsGsw3-16,UwV83HsGsw3_b979526475874ad68ae33f02d407a1fc,manual,split_cyclic,9.0,5,0,0
UwV83HsGsw3-16,UwV83HsGsw3_b979526475874ad68ae33f02d407a1fc,manual,split_cyclic,12.0,5,0,0
UwV83HsGsw3-16,UwV83HsGsw3_b979526475874ad68ae33f02d407a1fc,manual,bound_cyclic,3.0,5,0,0
UwV83HsGsw3-16,UwV83HsGsw3_b979526475874ad68ae33f02d407a1fc,manual,bound_cyclic,6.0,5,0,0
UwV83HsGsw3-16,UwV83HsGsw3_b979526475874ad68ae33f02d407a1fc,manual,bound_cyclic,9.0,5,0,0
UwV83HsGsw3-16,UwV83HsGsw3_b979526475874ad68ae33f02d407a1fc,manual,bound_cyclic,12.0,5,0,0
UwV83HsGsw3-16,UwV83HsGsw3_b979526475874ad68ae33f02d407a1fc,manual,split_free,3.0,5,0,0
UwV83HsGsw3-16,UwV83HsGsw3_b979526475874ad68ae33f02d407a1fc,manual,split_free,6.0,5,0,0
UwV83HsGsw3-16,UwV83HsGsw3_b979526475874ad68ae33f02d407a1fc,manual,split_free,9.0,5,0,0
UwV83HsGsw3-16,UwV83HsGsw3_b979526475874ad68ae33f02d407a1fc,manual,split_free,12.0,5,0,0
UwV83HsGsw3-16,UwV83HsGsw3_b979526475874ad68ae33f02d407a1fc,manual,bound_free,3.0,5,0,0
UwV83HsGsw3-16,UwV83HsGsw3_b979526475874ad68ae33f02d407a1fc,manual,bound_free,6.0,5,0,0
UwV83HsGsw3-16,UwV83HsGsw3_b979526475874ad68ae33f02d407a1fc,manual,bound_free,9.0,5,0,0
UwV83HsGsw3-16,UwV83HsGsw3_b979526475874ad68ae33f02d407a1fc,manual,bound_free,12.0,5,0,0
UwV83HsGsw3-16,UwV83HsGsw3_b979526475874ad68ae33f02d407a1fc,manual,top_fixed,3.0,5,0,0
UwV83HsGsw3-16,UwV83HsGsw3_b979526475874ad68ae33f02d407a1fc,manual,top_fixed,6.0,5,0,0
UwV83HsGsw3-16,UwV83HsGsw3_b979526475874ad68ae33f02d407a1fc,manual,top_fixed,9.0,5,0,0
UwV83HsGsw3-16,UwV83HsGsw3_b979526475874ad68ae33f02d407a1fc,manual,top_fixed,12.0,5,1,0
UwV83HsGsw3-16,UwV83HsGsw3_b979526475874ad68ae33f02d407a1fc,manual,bottom_fixed,3.0,5,0,0
UwV83HsGsw3-16,UwV83HsGsw3_b979526475874ad68ae33f02d407a1fc,manual,bottom_fixed,6.0,5,0,0
UwV83HsGsw3-16,UwV83HsGsw3_b979526475874ad68ae33f02d407a1fc,manual,bottom_fixed,9.0,5,0,0
UwV83HsGsw3-16,UwV83HsGsw3_b979526475874ad68ae33f02d407a1fc,manual,bottom_fixed,12.0,5,0,0
UwV83HsGsw3-17,UwV83HsGsw3_bc29294428a647038f70e0ea31ea8972,manual,count_only,0.0,23,231,0
UwV83HsGsw3-17,UwV83HsGsw3_bc29294428a647038f70e0ea31ea8972,manual,split_fixed,3.0,23,70,47
UwV83HsGsw3-17,UwV83HsGsw3_bc29294428a647038f70e0ea31ea8972,manual,split_fixed,6.0,23,175,69
UwV83HsGsw3-17,UwV83HsGsw3_bc29294428a647038f70e0ea31ea8972,manual,split_fixed,9.0,23,192,2
UwV83HsGsw3-17,UwV83HsGsw3_bc29294428a647038f70e0ea31ea8972,manual,split_fixed,12.0,23,205,15
UwV83HsGsw3-17,UwV83HsGsw3_bc29294428a647038f70e0ea31ea8972,manual,bound_fixed,3.0,23,70,47
UwV83HsGsw3-17,UwV83HsGsw3_bc29294428a647038f70e0ea31ea8972,manual,bound_fixed,6.0,23,175,69
UwV83HsGsw3-17,UwV83HsGsw3_bc29294428a647038f70e0ea31ea8972,manual,bound_fixed,9.0,23,192,2
UwV83HsGsw3-17,UwV83HsGsw3_bc29294428a647038f70e0ea31ea8972,manual,bound_fixed,12.0,23,205,15
UwV83HsGsw3-17,UwV83HsGsw3_bc29294428a647038f70e0ea31ea8972,manual,split_cyclic,3.0,23,70,47
UwV83HsGsw3-17,UwV83HsGsw3_bc29294428a647038f70e0ea31ea8972,manual,split_cyclic,6.0,23,175,69
UwV83HsGsw3-17,UwV83HsGsw3_bc29294428a647038f70e0ea31ea8972,manual,split_cyclic,9.0,23,192,2
UwV83HsGsw3-17,UwV83HsGsw3_bc29294428a647038f70e0ea31ea8972,manual,split_cyclic,12.0,23,205,15
UwV83HsGsw3-17,UwV83HsGsw3_bc29294428a647038f70e0ea31ea8972,manual,bound_cyclic,3.0,23,70,47
UwV83HsGsw3-17,UwV83HsGsw3_bc29294428a647038f70e0ea31ea8972,manual,bound_cyclic,6.0,23,175,69
UwV83HsGsw3-17,UwV83HsGsw3_bc29294428a647038f70e0ea31ea8972,manual,bound_cyclic,9.0,23,192,2
UwV83HsGsw3-17,UwV83HsGsw3_bc29294428a647038f70e0ea31ea8972,manual,bound_cyclic,12.0,23,205,15
UwV83HsGsw3-17,UwV83HsGsw3_bc29294428a647038f70e0ea31ea8972,manual,split_free,3.0,23,70,47
UwV83HsGsw3-17,UwV83HsGsw3_bc29294428a647038f70e0ea31ea8972,manual,split_free,6.0,23,175,69
UwV83HsGsw3-17,UwV83HsGsw3_bc29294428a647038f70e0ea31ea8972,manual,split_free,9.0,23,192,2
UwV83HsGsw3-17,UwV83HsGsw3_bc29294428a647038f70e0ea31ea8972,manual,split_free,12.0,23,205,15
UwV83HsGsw3-17,UwV83HsGsw3_bc29294428a647038f70e0ea31ea8972,manual,bound_free,3.0,23,70,47
UwV83HsGsw3-17,UwV83HsGsw3_bc29294428a647038f70e0ea31ea8972,manual,bound_free,6.0,23,175,69
UwV83HsGsw3-17,UwV83HsGsw3_bc29294428a647038f70e0ea31ea8972,manual,bound_free,9.0,23,192,2
UwV83HsGsw3-17,UwV83HsGsw3_bc29294428a647038f70e0ea31ea8972,manual,bound_free,12.0,23,205,15
UwV83HsGsw3-17,UwV83HsGsw3_bc29294428a647038f70e0ea31ea8972,manual,top_fixed,3.0,23,123,48
UwV83HsGsw3-17,UwV83HsGsw3_bc29294428a647038f70e0ea31ea8972,manual,top_fixed,6.0,23,191,65
UwV83HsGsw3-17,UwV83HsGsw3_bc29294428a647038f70e0ea31ea8972,manual,top_fixed,9.0,23,201,11
UwV83HsGsw3-17,UwV83HsGsw3_bc29294428a647038f70e0ea31ea8972,manual,top_fixed,12.0,23,210,0
UwV83HsGsw3-17,UwV83HsGsw3_bc29294428a647038f70e0ea31ea8972,manual,bottom_fixed,3.0,23,86,54
UwV83HsGsw3-17,UwV83HsGsw3_bc29294428a647038f70e0ea31ea8972,manual,bottom_fixed,6.0,23,177,62
UwV83HsGsw3-17,UwV83HsGsw3_bc29294428a647038f70e0ea31ea8972,manual,bottom_fixed,9.0,23,193,3
UwV83HsGsw3-17,UwV83HsGsw3_bc29294428a647038f70e0ea31ea8972,manual,bottom_fixed,12.0,23,205,15
UwV83HsGsw3-22,UwV83HsGsw3_f9641b59487a4b0ca0fe41a82edc0980,manual,count_only,0.0,5,4,0
UwV83HsGsw3-22,UwV83HsGsw3_f9641b59487a4b0ca0fe41a82edc0980,manual,split_fixed,3.0,5,1,0
UwV83HsGsw3-22,UwV83HsGsw3_f9641b59487a4b0ca0fe41a82edc0980,manual,split_fixed,6.0,5,2,0
UwV83HsGsw3-22,UwV83HsGsw3_f9641b59487a4b0ca0fe41a82edc0980,manual,split_fixed,9.0,5,2,0
UwV83HsGsw3-22,UwV83HsGsw3_f9641b59487a4b0ca0fe41a82edc0980,manual,split_fixed,12.0,5,3,1
UwV83HsGsw3-22,UwV83HsGsw3_f9641b59487a4b0ca0fe41a82edc0980,manual,bound_fixed,3.0,5,1,0
UwV83HsGsw3-22,UwV83HsGsw3_f9641b59487a4b0ca0fe41a82edc0980,manual,bound_fixed,6.0,5,2,0
UwV83HsGsw3-22,UwV83HsGsw3_f9641b59487a4b0ca0fe41a82edc0980,manual,bound_fixed,9.0,5,2,0
UwV83HsGsw3-22,UwV83HsGsw3_f9641b59487a4b0ca0fe41a82edc0980,manual,bound_fixed,12.0,5,3,1
UwV83HsGsw3-22,UwV83HsGsw3_f9641b59487a4b0ca0fe41a82edc0980,manual,split_cyclic,3.0,5,1,0
UwV83HsGsw3-22,UwV83HsGsw3_f9641b59487a4b0ca0fe41a82edc0980,manual,split_cyclic,6.0,5,2,0
UwV83HsGsw3-22,UwV83HsGsw3_f9641b59487a4b0ca0fe41a82edc0980,manual,split_cyclic,9.0,5,2,0
UwV83HsGsw3-22,UwV83HsGsw3_f9641b59487a4b0ca0fe41a82edc0980,manual,split_cyclic,12.0,5,3,1
UwV83HsGsw3-22,UwV83HsGsw3_f9641b59487a4b0ca0fe41a82edc0980,manual,bound_cyclic,3.0,5,1,0
UwV83HsGsw3-22,UwV83HsGsw3_f9641b59487a4b0ca0fe41a82edc0980,manual,bound_cyclic,6.0,5,2,0
UwV83HsGsw3-22,UwV83HsGsw3_f9641b59487a4b0ca0fe41a82edc0980,manual,bound_cyclic,9.0,5,2,0
UwV83HsGsw3-22,UwV83HsGsw3_f9641b59487a4b0ca0fe41a82edc0980,manual,bound_cyclic,12.0,5,3,1
UwV83HsGsw3-22,UwV83HsGsw3_f9641b59487a4b0ca0fe41a82edc0980,manual,split_free,3.0,5,1,0
UwV83HsGsw3-22,UwV83HsGsw3_f9641b59487a4b0ca0fe41a82edc0980,manual,split_free,6.0,5,2,0
UwV83HsGsw3-22,UwV83HsGsw3_f9641b59487a4b0ca0fe41a82edc0980,manual,split_free,9.0,5,2,0
UwV83HsGsw3-22,UwV83HsGsw3_f9641b59487a4b0ca0fe41a82edc0980,manual,split_free,12.0,5,3,1
UwV83HsGsw3-22,UwV83HsGsw3_f9641b59487a4b0ca0fe41a82edc0980,manual,bound_free,3.0,5,1,0
UwV83HsGsw3-22,UwV83HsGsw3_f9641b59487a4b0ca0fe41a82edc0980,manual,bound_free,6.0,5,2,0
UwV83HsGsw3-22,UwV83HsGsw3_f9641b59487a4b0ca0fe41a82edc0980,manual,bound_free,9.0,5,2,0
UwV83HsGsw3-22,UwV83HsGsw3_f9641b59487a4b0ca0fe41a82edc0980,manual,bound_free,12.0,5,3,1
UwV83HsGsw3-22,UwV83HsGsw3_f9641b59487a4b0ca0fe41a82edc0980,manual,top_fixed,3.0,5,1,0
UwV83HsGsw3-22,UwV83HsGsw3_f9641b59487a4b0ca0fe41a82edc0980,manual,top_fixed,6.0,5,2,0
UwV83HsGsw3-22,UwV83HsGsw3_f9641b59487a4b0ca0fe41a82edc0980,manual,top_fixed,9.0,5,2,0
UwV83HsGsw3-22,UwV83HsGsw3_f9641b59487a4b0ca0fe41a82edc0980,manual,top_fixed,12.0,5,3,1
UwV83HsGsw3-22,UwV83HsGsw3_f9641b59487a4b0ca0fe41a82edc0980,manual,bottom_fixed,3.0,5,1,0
UwV83HsGsw3-22,UwV83HsGsw3_f9641b59487a4b0ca0fe41a82edc0980,manual,bottom_fixed,6.0,5,2,0
UwV83HsGsw3-22,UwV83HsGsw3_f9641b59487a4b0ca0fe41a82edc0980,manual,bottom_fixed,9.0,5,2,0
UwV83HsGsw3-22,UwV83HsGsw3_f9641b59487a4b0ca0fe41a82edc0980,manual,bottom_fixed,12.0,5,3,1
UwV83HsGsw3-23,UwV83HsGsw3_fcd79f4b6a6642e99227caffb51bf407,oos,count_only,0.0,24,120,0
UwV83HsGsw3-23,UwV83HsGsw3_fcd79f4b6a6642e99227caffb51bf407,oos,split_fixed,3.0,24,11,1
UwV83HsGsw3-23,UwV83HsGsw3_fcd79f4b6a6642e99227caffb51bf407,oos,split_fixed,6.0,24,22,6
UwV83HsGsw3-23,UwV83HsGsw3_fcd79f4b6a6642e99227caffb51bf407,oos,split_fixed,9.0,24,30,11
UwV83HsGsw3-23,UwV83HsGsw3_fcd79f4b6a6642e99227caffb51bf407,oos,split_fixed,12.0,24,69,30
UwV83HsGsw3-23,UwV83HsGsw3_fcd79f4b6a6642e99227caffb51bf407,oos,bound_fixed,3.0,23,11,1
UwV83HsGsw3-23,UwV83HsGsw3_fcd79f4b6a6642e99227caffb51bf407,oos,bound_fixed,6.0,23,22,6
UwV83HsGsw3-23,UwV83HsGsw3_fcd79f4b6a6642e99227caffb51bf407,oos,bound_fixed,9.0,23,30,11
UwV83HsGsw3-23,UwV83HsGsw3_fcd79f4b6a6642e99227caffb51bf407,oos,bound_fixed,12.0,23,69,30
UwV83HsGsw3-23,UwV83HsGsw3_fcd79f4b6a6642e99227caffb51bf407,oos,split_cyclic,3.0,24,11,1
UwV83HsGsw3-23,UwV83HsGsw3_fcd79f4b6a6642e99227caffb51bf407,oos,split_cyclic,6.0,24,22,6
UwV83HsGsw3-23,UwV83HsGsw3_fcd79f4b6a6642e99227caffb51bf407,oos,split_cyclic,9.0,24,30,11
UwV83HsGsw3-23,UwV83HsGsw3_fcd79f4b6a6642e99227caffb51bf407,oos,split_cyclic,12.0,24,69,30
UwV83HsGsw3-23,UwV83HsGsw3_fcd79f4b6a6642e99227caffb51bf407,oos,bound_cyclic,3.0,23,11,1
UwV83HsGsw3-23,UwV83HsGsw3_fcd79f4b6a6642e99227caffb51bf407,oos,bound_cyclic,6.0,23,22,6
UwV83HsGsw3-23,UwV83HsGsw3_fcd79f4b6a6642e99227caffb51bf407,oos,bound_cyclic,9.0,23,30,11
UwV83HsGsw3-23,UwV83HsGsw3_fcd79f4b6a6642e99227caffb51bf407,oos,bound_cyclic,12.0,23,69,30
UwV83HsGsw3-23,UwV83HsGsw3_fcd79f4b6a6642e99227caffb51bf407,oos,split_free,3.0,24,11,1
UwV83HsGsw3-23,UwV83HsGsw3_fcd79f4b6a6642e99227caffb51bf407,oos,split_free,6.0,24,22,6
UwV83HsGsw3-23,UwV83HsGsw3_fcd79f4b6a6642e99227caffb51bf407,oos,split_free,9.0,24,30,11
UwV83HsGsw3-23,UwV83HsGsw3_fcd79f4b6a6642e99227caffb51bf407,oos,split_free,12.0,24,69,30
UwV83HsGsw3-23,UwV83HsGsw3_fcd79f4b6a6642e99227caffb51bf407,oos,bound_free,3.0,23,11,1
UwV83HsGsw3-23,UwV83HsGsw3_fcd79f4b6a6642e99227caffb51bf407,oos,bound_free,6.0,23,22,6
UwV83HsGsw3-23,UwV83HsGsw3_fcd79f4b6a6642e99227caffb51bf407,oos,bound_free,9.0,23,30,11
UwV83HsGsw3-23,UwV83HsGsw3_fcd79f4b6a6642e99227caffb51bf407,oos,bound_free,12.0,23,69,30
UwV83HsGsw3-23,UwV83HsGsw3_fcd79f4b6a6642e99227caffb51bf407,oos,top_fixed,3.0,24,15,2
UwV83HsGsw3-23,UwV83HsGsw3_fcd79f4b6a6642e99227caffb51bf407,oos,top_fixed,6.0,24,31,0
UwV83HsGsw3-23,UwV83HsGsw3_fcd79f4b6a6642e99227caffb51bf407,oos,top_fixed,9.0,24,41,6
UwV83HsGsw3-23,UwV83HsGsw3_fcd79f4b6a6642e99227caffb51bf407,oos,top_fixed,12.0,24,69,30
UwV83HsGsw3-23,UwV83HsGsw3_fcd79f4b6a6642e99227caffb51bf407,oos,bottom_fixed,3.0,24,13,1
UwV83HsGsw3-23,UwV83HsGsw3_fcd79f4b6a6642e99227caffb51bf407,oos,bottom_fixed,6.0,24,29,10
UwV83HsGsw3-23,UwV83HsGsw3_fcd79f4b6a6642e99227caffb51bf407,oos,bottom_fixed,9.0,24,39,20
UwV83HsGsw3-23,UwV83HsGsw3_fcd79f4b6a6642e99227caffb51bf407,oos,bottom_fixed,12.0,24,74,0
VFuaQ6m2Qom-01,VFuaQ6m2Qom_109e18c64a614dc49e41a33ae979f98a,manual,count_only,0.0,2,0,0
VFuaQ6m2Qom-01,VFuaQ6m2Qom_109e18c64a614dc49e41a33ae979f98a,manual,split_fixed,3.0,2,0,0
VFuaQ6m2Qom-01,VFuaQ6m2Qom_109e18c64a614dc49e41a33ae979f98a,manual,split_fixed,6.0,2,0,0
VFuaQ6m2Qom-01,VFuaQ6m2Qom_109e18c64a614dc49e41a33ae979f98a,manual,split_fixed,9.0,2,0,0
VFuaQ6m2Qom-01,VFuaQ6m2Qom_109e18c64a614dc49e41a33ae979f98a,manual,split_fixed,12.0,2,0,0
VFuaQ6m2Qom-01,VFuaQ6m2Qom_109e18c64a614dc49e41a33ae979f98a,manual,bound_fixed,3.0,2,0,0
VFuaQ6m2Qom-01,VFuaQ6m2Qom_109e18c64a614dc49e41a33ae979f98a,manual,bound_fixed,6.0,2,0,0
VFuaQ6m2Qom-01,VFuaQ6m2Qom_109e18c64a614dc49e41a33ae979f98a,manual,bound_fixed,9.0,2,0,0
VFuaQ6m2Qom-01,VFuaQ6m2Qom_109e18c64a614dc49e41a33ae979f98a,manual,bound_fixed,12.0,2,0,0
VFuaQ6m2Qom-01,VFuaQ6m2Qom_109e18c64a614dc49e41a33ae979f98a,manual,split_cyclic,3.0,2,0,0
VFuaQ6m2Qom-01,VFuaQ6m2Qom_109e18c64a614dc49e41a33ae979f98a,manual,split_cyclic,6.0,2,0,0
VFuaQ6m2Qom-01,VFuaQ6m2Qom_109e18c64a614dc49e41a33ae979f98a,manual,split_cyclic,9.0,2,0,0
VFuaQ6m2Qom-01,VFuaQ6m2Qom_109e18c64a614dc49e41a33ae979f98a,manual,split_cyclic,12.0,2,0,0
VFuaQ6m2Qom-01,VFuaQ6m2Qom_109e18c64a614dc49e41a33ae979f98a,manual,bound_cyclic,3.0,2,0,0
VFuaQ6m2Qom-01,VFuaQ6m2Qom_109e18c64a614dc49e41a33ae979f98a,manual,bound_cyclic,6.0,2,0,0
VFuaQ6m2Qom-01,VFuaQ6m2Qom_109e18c64a614dc49e41a33ae979f98a,manual,bound_cyclic,9.0,2,0,0
VFuaQ6m2Qom-01,VFuaQ6m2Qom_109e18c64a614dc49e41a33ae979f98a,manual,bound_cyclic,12.0,2,0,0
VFuaQ6m2Qom-01,VFuaQ6m2Qom_109e18c64a614dc49e41a33ae979f98a,manual,split_free,3.0,2,0,0
VFuaQ6m2Qom-01,VFuaQ6m2Qom_109e18c64a614dc49e41a33ae979f98a,manual,split_free,6.0,2,0,0
VFuaQ6m2Qom-01,VFuaQ6m2Qom_109e18c64a614dc49e41a33ae979f98a,manual,split_free,9.0,2,0,0
VFuaQ6m2Qom-01,VFuaQ6m2Qom_109e18c64a614dc49e41a33ae979f98a,manual,split_free,12.0,2,0,0
VFuaQ6m2Qom-01,VFuaQ6m2Qom_109e18c64a614dc49e41a33ae979f98a,manual,bound_free,3.0,2,0,0
VFuaQ6m2Qom-01,VFuaQ6m2Qom_109e18c64a614dc49e41a33ae979f98a,manual,bound_free,6.0,2,0,0
VFuaQ6m2Qom-01,VFuaQ6m2Qom_109e18c64a614dc49e41a33ae979f98a,manual,bound_free,9.0,2,0,0
VFuaQ6m2Qom-01,VFuaQ6m2Qom_109e18c64a614dc49e41a33ae979f98a,manual,bound_free,12.0,2,0,0
VFuaQ6m2Qom-01,VFuaQ6m2Qom_109e18c64a614dc49e41a33ae979f98a,manual,top_fixed,3.0,2,0,0
VFuaQ6m2Qom-01,VFuaQ6m2Qom_109e18c64a614dc49e41a33ae979f98a,manual,top_fixed,6.0,2,0,0
VFuaQ6m2Qom-01,VFuaQ6m2Qom_109e18c64a614dc49e41a33ae979f98a,manual,top_fixed,9.0,2,0,0
VFuaQ6m2Qom-01,VFuaQ6m2Qom_109e18c64a614dc49e41a33ae979f98a,manual,top_fixed,12.0,2,0,0
VFuaQ6m2Qom-01,VFuaQ6m2Qom_109e18c64a614dc49e41a33ae979f98a,manual,bottom_fixed,3.0,2,0,0
VFuaQ6m2Qom-01,VFuaQ6m2Qom_109e18c64a614dc49e41a33ae979f98a,manual,bottom_fixed,6.0,2,0,0
VFuaQ6m2Qom-01,VFuaQ6m2Qom_109e18c64a614dc49e41a33ae979f98a,manual,bottom_fixed,9.0,2,0,0
VFuaQ6m2Qom-01,VFuaQ6m2Qom_109e18c64a614dc49e41a33ae979f98a,manual,bottom_fixed,12.0,2,0,0
VFuaQ6m2Qom-03,VFuaQ6m2Qom_381ce3cd69b846c3b920be16d29ed48e,manual,count_only,0.0,2,0,0
VFuaQ6m2Qom-03,VFuaQ6m2Qom_381ce3cd69b846c3b920be16d29ed48e,manual,split_fixed,3.0,2,0,0
VFuaQ6m2Qom-03,VFuaQ6m2Qom_381ce3cd69b846c3b920be16d29ed48e,manual,split_fixed,6.0,2,0,0
VFuaQ6m2Qom-03,VFuaQ6m2Qom_381ce3cd69b846c3b920be16d29ed48e,manual,split_fixed,9.0,2,0,0
VFuaQ6m2Qom-03,VFuaQ6m2Qom_381ce3cd69b846c3b920be16d29ed48e,manual,split_fixed,12.0,2,0,0
VFuaQ6m2Qom-03,VFuaQ6m2Qom_381ce3cd69b846c3b920be16d29ed48e,manual,bound_fixed,3.0,2,0,0
VFuaQ6m2Qom-03,VFuaQ6m2Qom_381ce3cd69b846c3b920be16d29ed48e,manual,bound_fixed,6.0,2,0,0
VFuaQ6m2Qom-03,VFuaQ6m2Qom_381ce3cd69b846c3b920be16d29ed48e,manual,bound_fixed,9.0,2,0,0
VFuaQ6m2Qom-03,VFuaQ6m2Qom_381ce3cd69b846c3b920be16d29ed48e,manual,bound_fixed,12.0,2,0,0
VFuaQ6m2Qom-03,VFuaQ6m2Qom_381ce3cd69b846c3b920be16d29ed48e,manual,split_cyclic,3.0,2,0,0
VFuaQ6m2Qom-03,VFuaQ6m2Qom_381ce3cd69b846c3b920be16d29ed48e,manual,split_cyclic,6.0,2,0,0
VFuaQ6m2Qom-03,VFuaQ6m2Qom_381ce3cd69b846c3b920be16d29ed48e,manual,split_cyclic,9.0,2,0,0
VFuaQ6m2Qom-03,VFuaQ6m2Qom_381ce3cd69b846c3b920be16d29ed48e,manual,split_cyclic,12.0,2,0,0
VFuaQ6m2Qom-03,VFuaQ6m2Qom_381ce3cd69b846c3b920be16d29ed48e,manual,bound_cyclic,3.0,2,0,0
VFuaQ6m2Qom-03,VFuaQ6m2Qom_381ce3cd69b846c3b920be16d29ed48e,manual,bound_cyclic,6.0,2,0,0
VFuaQ6m2Qom-03,VFuaQ6m2Qom_381ce3cd69b846c3b920be16d29ed48e,manual,bound_cyclic,9.0,2,0,0
VFuaQ6m2Qom-03,VFuaQ6m2Qom_381ce3cd69b846c3b920be16d29ed48e,manual,bound_cyclic,12.0,2,0,0
VFuaQ6m2Qom-03,VFuaQ6m2Qom_381ce3cd69b846c3b920be16d29ed48e,manual,split_free,3.0,2,0,0
VFuaQ6m2Qom-03,VFuaQ6m2Qom_381ce3cd69b846c3b920be16d29ed48e,manual,split_free,6.0,2,0,0
VFuaQ6m2Qom-03,VFuaQ6m2Qom_381ce3cd69b846c3b920be16d29ed48e,manual,split_free,9.0,2,0,0
VFuaQ6m2Qom-03,VFuaQ6m2Qom_381ce3cd69b846c3b920be16d29ed48e,manual,split_free,12.0,2,0,0
VFuaQ6m2Qom-03,VFuaQ6m2Qom_381ce3cd69b846c3b920be16d29ed48e,manual,bound_free,3.0,2,0,0
VFuaQ6m2Qom-03,VFuaQ6m2Qom_381ce3cd69b846c3b920be16d29ed48e,manual,bound_free,6.0,2,0,0
VFuaQ6m2Qom-03,VFuaQ6m2Qom_381ce3cd69b846c3b920be16d29ed48e,manual,bound_free,9.0,2,0,0
VFuaQ6m2Qom-03,VFuaQ6m2Qom_381ce3cd69b846c3b920be16d29ed48e,manual,bound_free,12.0,2,0,0
VFuaQ6m2Qom-03,VFuaQ6m2Qom_381ce3cd69b846c3b920be16d29ed48e,manual,top_fixed,3.0,2,0,0
VFuaQ6m2Qom-03,VFuaQ6m2Qom_381ce3cd69b846c3b920be16d29ed48e,manual,top_fixed,6.0,2,0,0
VFuaQ6m2Qom-03,VFuaQ6m2Qom_381ce3cd69b846c3b920be16d29ed48e,manual,top_fixed,9.0,2,0,0
VFuaQ6m2Qom-03,VFuaQ6m2Qom_381ce3cd69b846c3b920be16d29ed48e,manual,top_fixed,12.0,2,0,0
VFuaQ6m2Qom-03,VFuaQ6m2Qom_381ce3cd69b846c3b920be16d29ed48e,manual,bottom_fixed,3.0,2,0,0
VFuaQ6m2Qom-03,VFuaQ6m2Qom_381ce3cd69b846c3b920be16d29ed48e,manual,bottom_fixed,6.0,2,0,0
VFuaQ6m2Qom-03,VFuaQ6m2Qom_381ce3cd69b846c3b920be16d29ed48e,manual,bottom_fixed,9.0,2,0,0
VFuaQ6m2Qom-03,VFuaQ6m2Qom_381ce3cd69b846c3b920be16d29ed48e,manual,bottom_fixed,12.0,2,0,0
VFuaQ6m2Qom-04,VFuaQ6m2Qom_5fb269a812f349b4bc2ad5dfac000b85,manual,count_only,0.0,7,7,0
VFuaQ6m2Qom-04,VFuaQ6m2Qom_5fb269a812f349b4bc2ad5dfac000b85,manual,split_fixed,3.0,7,1,0
VFuaQ6m2Qom-04,VFuaQ6m2Qom_5fb269a812f349b4bc2ad5dfac000b85,manual,split_fixed,6.0,7,3,0
VFuaQ6m2Qom-04,VFuaQ6m2Qom_5fb269a812f349b4bc2ad5dfac000b85,manual,split_fixed,9.0,7,3,0
VFuaQ6m2Qom-04,VFuaQ6m2Qom_5fb269a812f349b4bc2ad5dfac000b85,manual,split_fixed,12.0,7,6,0
VFuaQ6m2Qom-04,VFuaQ6m2Qom_5fb269a812f349b4bc2ad5dfac000b85,manual,bound_fixed,3.0,7,1,0
VFuaQ6m2Qom-04,VFuaQ6m2Qom_5fb269a812f349b4bc2ad5dfac000b85,manual,bound_fixed,6.0,7,3,0
VFuaQ6m2Qom-04,VFuaQ6m2Qom_5fb269a812f349b4bc2ad5dfac000b85,manual,bound_fixed,9.0,7,3,0
VFuaQ6m2Qom-04,VFuaQ6m2Qom_5fb269a812f349b4bc2ad5dfac000b85,manual,bound_fixed,12.0,7,6,0
VFuaQ6m2Qom-04,VFuaQ6m2Qom_5fb269a812f349b4bc2ad5dfac000b85,manual,split_cyclic,3.0,7,1,0
VFuaQ6m2Qom-04,VFuaQ6m2Qom_5fb269a812f349b4bc2ad5dfac000b85,manual,split_cyclic,6.0,7,3,0
VFuaQ6m2Qom-04,VFuaQ6m2Qom_5fb269a812f349b4bc2ad5dfac000b85,manual,split_cyclic,9.0,7,3,0
VFuaQ6m2Qom-04,VFuaQ6m2Qom_5fb269a812f349b4bc2ad5dfac000b85,manual,split_cyclic,12.0,7,6,0
VFuaQ6m2Qom-04,VFuaQ6m2Qom_5fb269a812f349b4bc2ad5dfac000b85,manual,bound_cyclic,3.0,7,1,0
VFuaQ6m2Qom-04,VFuaQ6m2Qom_5fb269a812f349b4bc2ad5dfac000b85,manual,bound_cyclic,6.0,7,3,0
VFuaQ6m2Qom-04,VFuaQ6m2Qom_5fb269a812f349b4bc2ad5dfac000b85,manual,bound_cyclic,9.0,7,3,0
VFuaQ6m2Qom-04,VFuaQ6m2Qom_5fb269a812f349b4bc2ad5dfac000b85,manual,bound_cyclic,12.0,7,6,0
VFuaQ6m2Qom-04,VFuaQ6m2Qom_5fb269a812f349b4bc2ad5dfac000b85,manual,split_free,3.0,7,1,0
VFuaQ6m2Qom-04,VFuaQ6m2Qom_5fb269a812f349b4bc2ad5dfac000b85,manual,split_free,6.0,7,3,0
VFuaQ6m2Qom-04,VFuaQ6m2Qom_5fb269a812f349b4bc2ad5dfac000b85,manual,split_free,9.0,7,3,0
VFuaQ6m2Qom-04,VFuaQ6m2Qom_5fb269a812f349b4bc2ad5dfac000b85,manual,split_free,12.0,7,6,0
VFuaQ6m2Qom-04,VFuaQ6m2Qom_5fb269a812f349b4bc2ad5dfac000b85,manual,bound_free,3.0,7,1,0
VFuaQ6m2Qom-04,VFuaQ6m2Qom_5fb269a812f349b4bc2ad5dfac000b85,manual,bound_free,6.0,7,3,0
VFuaQ6m2Qom-04,VFuaQ6m2Qom_5fb269a812f349b4bc2ad5dfac000b85,manual,bound_free,9.0,7,3,0
VFuaQ6m2Qom-04,VFuaQ6m2Qom_5fb269a812f349b4bc2ad5dfac000b85,manual,bound_free,12.0,7,6,0
VFuaQ6m2Qom-04,VFuaQ6m2Qom_5fb269a812f349b4bc2ad5dfac000b85,manual,top_fixed,3.0,7,1,0
VFuaQ6m2Qom-04,VFuaQ6m2Qom_5fb269a812f349b4bc2ad5dfac000b85,manual,top_fixed,6.0,7,3,0
VFuaQ6m2Qom-04,VFuaQ6m2Qom_5fb269a812f349b4bc2ad5dfac000b85,manual,top_fixed,9.0,7,3,0
VFuaQ6m2Qom-04,VFuaQ6m2Qom_5fb269a812f349b4bc2ad5dfac000b85,manual,top_fixed,12.0,7,6,0
VFuaQ6m2Qom-04,VFuaQ6m2Qom_5fb269a812f349b4bc2ad5dfac000b85,manual,bottom_fixed,3.0,7,3,0
VFuaQ6m2Qom-04,VFuaQ6m2Qom_5fb269a812f349b4bc2ad5dfac000b85,manual,bottom_fixed,6.0,7,3,0
VFuaQ6m2Qom-04,VFuaQ6m2Qom_5fb269a812f349b4bc2ad5dfac000b85,manual,bottom_fixed,9.0,7,6,0
VFuaQ6m2Qom-04,VFuaQ6m2Qom_5fb269a812f349b4bc2ad5dfac000b85,manual,bottom_fixed,12.0,7,6,0
VFuaQ6m2Qom-07,VFuaQ6m2Qom_ad4c387f8175498491966703c8441e0d,manual,count_only,0.0,19,48,0
VFuaQ6m2Qom-07,VFuaQ6m2Qom_ad4c387f8175498491966703c8441e0d,manual,split_fixed,3.0,19,10,4
VFuaQ6m2Qom-07,VFuaQ6m2Qom_ad4c387f8175498491966703c8441e0d,manual,split_fixed,6.0,19,39,0
VFuaQ6m2Qom-07,VFuaQ6m2Qom_ad4c387f8175498491966703c8441e0d,manual,split_fixed,9.0,19,39,0
VFuaQ6m2Qom-07,VFuaQ6m2Qom_ad4c387f8175498491966703c8441e0d,manual,split_fixed,12.0,19,39,0
VFuaQ6m2Qom-07,VFuaQ6m2Qom_ad4c387f8175498491966703c8441e0d,manual,bound_fixed,3.0,18,9,4
VFuaQ6m2Qom-07,VFuaQ6m2Qom_ad4c387f8175498491966703c8441e0d,manual,bound_fixed,6.0,18,32,0
VFuaQ6m2Qom-07,VFuaQ6m2Qom_ad4c387f8175498491966703c8441e0d,manual,bound_fixed,9.0,18,32,0
VFuaQ6m2Qom-07,VFuaQ6m2Qom_ad4c387f8175498491966703c8441e0d,manual,bound_fixed,12.0,18,32,0
VFuaQ6m2Qom-07,VFuaQ6m2Qom_ad4c387f8175498491966703c8441e0d,manual,split_cyclic,3.0,19,10,4
VFuaQ6m2Qom-07,VFuaQ6m2Qom_ad4c387f8175498491966703c8441e0d,manual,split_cyclic,6.0,19,39,0
VFuaQ6m2Qom-07,VFuaQ6m2Qom_ad4c387f8175498491966703c8441e0d,manual,split_cyclic,9.0,19,39,0
VFuaQ6m2Qom-07,VFuaQ6m2Qom_ad4c387f8175498491966703c8441e0d,manual,split_cyclic,12.0,19,39,0
VFuaQ6m2Qom-07,VFuaQ6m2Qom_ad4c387f8175498491966703c8441e0d,manual,bound_cyclic,3.0,18,9,4
VFuaQ6m2Qom-07,VFuaQ6m2Qom_ad4c387f8175498491966703c8441e0d,manual,bound_cyclic,6.0,18,32,0
VFuaQ6m2Qom-07,VFuaQ6m2Qom_ad4c387f8175498491966703c8441e0d,manual,bound_cyclic,9.0,18,32,0
VFuaQ6m2Qom-07,VFuaQ6m2Qom_ad4c387f8175498491966703c8441e0d,manual,bound_cyclic,12.0,18,32,0
VFuaQ6m2Qom-07,VFuaQ6m2Qom_ad4c387f8175498491966703c8441e0d,manual,split_free,3.0,19,10,4
VFuaQ6m2Qom-07,VFuaQ6m2Qom_ad4c387f8175498491966703c8441e0d,manual,split_free,6.0,19,39,0
VFuaQ6m2Qom-07,VFuaQ6m2Qom_ad4c387f8175498491966703c8441e0d,manual,split_free,9.0,19,39,0
VFuaQ6m2Qom-07,VFuaQ6m2Qom_ad4c387f8175498491966703c8441e0d,manual,split_free,12.0,19,39,0
VFuaQ6m2Qom-07,VFuaQ6m2Qom_ad4c387f8175498491966703c8441e0d,manual,bound_free,3.0,18,9,4
VFuaQ6m2Qom-07,VFuaQ6m2Qom_ad4c387f8175498491966703c8441e0d,manual,bound_free,6.0,18,32,0
VFuaQ6m2Qom-07,VFuaQ6m2Qom_ad4c387f8175498491966703c8441e0d,manual,bound_free,9.0,18,32,0
VFuaQ6m2Qom-07,VFuaQ6m2Qom_ad4c387f8175498491966703c8441e0d,manual,bound_free,12.0,18,32,0
VFuaQ6m2Qom-07,VFuaQ6m2Qom_ad4c387f8175498491966703c8441e0d,manual,top_fixed,3.0,19,19,9
VFuaQ6m2Qom-07,VFuaQ6m2Qom_ad4c387f8175498491966703c8441e0d,manual,top_fixed,6.0,19,39,0
VFuaQ6m2Qom-07,VFuaQ6m2Qom_ad4c387f8175498491966703c8441e0d,manual,top_fixed,9.0,19,39,0
VFuaQ6m2Qom-07,VFuaQ6m2Qom_ad4c387f8175498491966703c8441e0d,manual,top_fixed,12.0,19,39,0
VFuaQ6m2Qom-07,VFuaQ6m2Qom_ad4c387f8175498491966703c8441e0d,manual,bottom_fixed,3.0,19,21,2
VFuaQ6m2Qom-07,VFuaQ6m2Qom_ad4c387f8175498491966703c8441e0d,manual,bottom_fixed,6.0,19,39,0
VFuaQ6m2Qom-07,VFuaQ6m2Qom_ad4c387f8175498491966703c8441e0d,manual,bottom_fixed,9.0,19,39,0
VFuaQ6m2Qom-07,VFuaQ6m2Qom_ad4c387f8175498491966703c8441e0d,manual,bottom_fixed,12.0,19,39,0
VFuaQ6m2Qom-10,VFuaQ6m2Qom_f0be18aa2f1d4aa2b6adf355a86f34b8,manual,count_only,0.0,5,1,0
VFuaQ6m2Qom-10,VFuaQ6m2Qom_f0be18aa2f1d4aa2b6adf355a86f34b8,manual,split_fixed,3.0,5,0,0
VFuaQ6m2Qom-10,VFuaQ6m2Qom_f0be18aa2f1d4aa2b6adf355a86f34b8,manual,split_fixed,6.0,5,0,0
VFuaQ6m2Qom-10,VFuaQ6m2Qom_f0be18aa2f1d4aa2b6adf355a86f34b8,manual,split_fixed,9.0,5,0,0
VFuaQ6m2Qom-10,VFuaQ6m2Qom_f0be18aa2f1d4aa2b6adf355a86f34b8,manual,split_fixed,12.0,5,0,0
VFuaQ6m2Qom-10,VFuaQ6m2Qom_f0be18aa2f1d4aa2b6adf355a86f34b8,manual,bound_fixed,3.0,5,0,0
VFuaQ6m2Qom-10,VFuaQ6m2Qom_f0be18aa2f1d4aa2b6adf355a86f34b8,manual,bound_fixed,6.0,5,0,0
VFuaQ6m2Qom-10,VFuaQ6m2Qom_f0be18aa2f1d4aa2b6adf355a86f34b8,manual,bound_fixed,9.0,5,0,0
VFuaQ6m2Qom-10,VFuaQ6m2Qom_f0be18aa2f1d4aa2b6adf355a86f34b8,manual,bound_fixed,12.0,5,0,0
VFuaQ6m2Qom-10,VFuaQ6m2Qom_f0be18aa2f1d4aa2b6adf355a86f34b8,manual,split_cyclic,3.0,5,0,0
VFuaQ6m2Qom-10,VFuaQ6m2Qom_f0be18aa2f1d4aa2b6adf355a86f34b8,manual,split_cyclic,6.0,5,0,0
VFuaQ6m2Qom-10,VFuaQ6m2Qom_f0be18aa2f1d4aa2b6adf355a86f34b8,manual,split_cyclic,9.0,5,0,0
VFuaQ6m2Qom-10,VFuaQ6m2Qom_f0be18aa2f1d4aa2b6adf355a86f34b8,manual,split_cyclic,12.0,5,0,0
VFuaQ6m2Qom-10,VFuaQ6m2Qom_f0be18aa2f1d4aa2b6adf355a86f34b8,manual,bound_cyclic,3.0,5,0,0
VFuaQ6m2Qom-10,VFuaQ6m2Qom_f0be18aa2f1d4aa2b6adf355a86f34b8,manual,bound_cyclic,6.0,5,0,0
VFuaQ6m2Qom-10,VFuaQ6m2Qom_f0be18aa2f1d4aa2b6adf355a86f34b8,manual,bound_cyclic,9.0,5,0,0
VFuaQ6m2Qom-10,VFuaQ6m2Qom_f0be18aa2f1d4aa2b6adf355a86f34b8,manual,bound_cyclic,12.0,5,0,0
VFuaQ6m2Qom-10,VFuaQ6m2Qom_f0be18aa2f1d4aa2b6adf355a86f34b8,manual,split_free,3.0,5,0,0
VFuaQ6m2Qom-10,VFuaQ6m2Qom_f0be18aa2f1d4aa2b6adf355a86f34b8,manual,split_free,6.0,5,0,0
VFuaQ6m2Qom-10,VFuaQ6m2Qom_f0be18aa2f1d4aa2b6adf355a86f34b8,manual,split_free,9.0,5,0,0
VFuaQ6m2Qom-10,VFuaQ6m2Qom_f0be18aa2f1d4aa2b6adf355a86f34b8,manual,split_free,12.0,5,0,0
VFuaQ6m2Qom-10,VFuaQ6m2Qom_f0be18aa2f1d4aa2b6adf355a86f34b8,manual,bound_free,3.0,5,0,0
VFuaQ6m2Qom-10,VFuaQ6m2Qom_f0be18aa2f1d4aa2b6adf355a86f34b8,manual,bound_free,6.0,5,0,0
VFuaQ6m2Qom-10,VFuaQ6m2Qom_f0be18aa2f1d4aa2b6adf355a86f34b8,manual,bound_free,9.0,5,0,0
VFuaQ6m2Qom-10,VFuaQ6m2Qom_f0be18aa2f1d4aa2b6adf355a86f34b8,manual,bound_free,12.0,5,0,0
VFuaQ6m2Qom-10,VFuaQ6m2Qom_f0be18aa2f1d4aa2b6adf355a86f34b8,manual,top_fixed,3.0,5,0,0
VFuaQ6m2Qom-10,VFuaQ6m2Qom_f0be18aa2f1d4aa2b6adf355a86f34b8,manual,top_fixed,6.0,5,0,0
VFuaQ6m2Qom-10,VFuaQ6m2Qom_f0be18aa2f1d4aa2b6adf355a86f34b8,manual,top_fixed,9.0,5,0,0
VFuaQ6m2Qom-10,VFuaQ6m2Qom_f0be18aa2f1d4aa2b6adf355a86f34b8,manual,top_fixed,12.0,5,0,0
VFuaQ6m2Qom-10,VFuaQ6m2Qom_f0be18aa2f1d4aa2b6adf355a86f34b8,manual,bottom_fixed,3.0,5,0,0
VFuaQ6m2Qom-10,VFuaQ6m2Qom_f0be18aa2f1d4aa2b6adf355a86f34b8,manual,bottom_fixed,6.0,5,0,0
VFuaQ6m2Qom-10,VFuaQ6m2Qom_f0be18aa2f1d4aa2b6adf355a86f34b8,manual,bottom_fixed,9.0,5,0,0
VFuaQ6m2Qom-10,VFuaQ6m2Qom_f0be18aa2f1d4aa2b6adf355a86f34b8,manual,bottom_fixed,12.0,5,0,0
VLzqgDo317F-02,VLzqgDo317F_5d3591edd7c546acaf99db40281b3409,manual,count_only,0.0,2,1,0
VLzqgDo317F-02,VLzqgDo317F_5d3591edd7c546acaf99db40281b3409,manual,split_fixed,3.0,2,1,0
VLzqgDo317F-02,VLzqgDo317F_5d3591edd7c546acaf99db40281b3409,manual,split_fixed,6.0,2,1,0
VLzqgDo317F-02,VLzqgDo317F_5d3591edd7c546acaf99db40281b3409,manual,split_fixed,9.0,2,1,0
VLzqgDo317F-02,VLzqgDo317F_5d3591edd7c546acaf99db40281b3409,manual,split_fixed,12.0,2,1,0
VLzqgDo317F-02,VLzqgDo317F_5d3591edd7c546acaf99db40281b3409,manual,bound_fixed,3.0,2,1,0
VLzqgDo317F-02,VLzqgDo317F_5d3591edd7c546acaf99db40281b3409,manual,bound_fixed,6.0,2,1,0
VLzqgDo317F-02,VLzqgDo317F_5d3591edd7c546acaf99db40281b3409,manual,bound_fixed,9.0,2,1,0
VLzqgDo317F-02,VLzqgDo317F_5d3591edd7c546acaf99db40281b3409,manual,bound_fixed,12.0,2,1,0
VLzqgDo317F-02,VLzqgDo317F_5d3591edd7c546acaf99db40281b3409,manual,split_cyclic,3.0,2,1,0
VLzqgDo317F-02,VLzqgDo317F_5d3591edd7c546acaf99db40281b3409,manual,split_cyclic,6.0,2,1,0
VLzqgDo317F-02,VLzqgDo317F_5d3591edd7c546acaf99db40281b3409,manual,split_cyclic,9.0,2,1,0
VLzqgDo317F-02,VLzqgDo317F_5d3591edd7c546acaf99db40281b3409,manual,split_cyclic,12.0,2,1,0
VLzqgDo317F-02,VLzqgDo317F_5d3591edd7c546acaf99db40281b3409,manual,bound_cyclic,3.0,2,1,0
VLzqgDo317F-02,VLzqgDo317F_5d3591edd7c546acaf99db40281b3409,manual,bound_cyclic,6.0,2,1,0
VLzqgDo317F-02,VLzqgDo317F_5d3591edd7c546acaf99db40281b3409,manual,bound_cyclic,9.0,2,1,0
VLzqgDo317F-02,VLzqgDo317F_5d3591edd7c546acaf99db40281b3409,manual,bound_cyclic,12.0,2,1,0
VLzqgDo317F-02,VLzqgDo317F_5d3591edd7c546acaf99db40281b3409,manual,split_free,3.0,2,1,0
VLzqgDo317F-02,VLzqgDo317F_5d3591edd7c546acaf99db40281b3409,manual,split_free,6.0,2,1,0
VLzqgDo317F-02,VLzqgDo317F_5d3591edd7c546acaf99db40281b3409,manual,split_free,9.0,2,1,0
VLzqgDo317F-02,VLzqgDo317F_5d3591edd7c546acaf99db40281b3409,manual,split_free,12.0,2,1,0
VLzqgDo317F-02,VLzqgDo317F_5d3591edd7c546acaf99db40281b3409,manual,bound_free,3.0,2,1,0
VLzqgDo317F-02,VLzqgDo317F_5d3591edd7c546acaf99db40281b3409,manual,bound_free,6.0,2,1,0
VLzqgDo317F-02,VLzqgDo317F_5d3591edd7c546acaf99db40281b3409,manual,bound_free,9.0,2,1,0
VLzqgDo317F-02,VLzqgDo317F_5d3591edd7c546acaf99db40281b3409,manual,bound_free,12.0,2,1,0
VLzqgDo317F-02,VLzqgDo317F_5d3591edd7c546acaf99db40281b3409,manual,top_fixed,3.0,2,1,0
VLzqgDo317F-02,VLzqgDo317F_5d3591edd7c546acaf99db40281b3409,manual,top_fixed,6.0,2,1,0
VLzqgDo317F-02,VLzqgDo317F_5d3591edd7c546acaf99db40281b3409,manual,top_fixed,9.0,2,1,0
VLzqgDo317F-02,VLzqgDo317F_5d3591edd7c546acaf99db40281b3409,manual,top_fixed,12.0,2,1,0
VLzqgDo317F-02,VLzqgDo317F_5d3591edd7c546acaf99db40281b3409,manual,bottom_fixed,3.0,2,1,0
VLzqgDo317F-02,VLzqgDo317F_5d3591edd7c546acaf99db40281b3409,manual,bottom_fixed,6.0,2,1,0
VLzqgDo317F-02,VLzqgDo317F_5d3591edd7c546acaf99db40281b3409,manual,bottom_fixed,9.0,2,1,0
VLzqgDo317F-02,VLzqgDo317F_5d3591edd7c546acaf99db40281b3409,manual,bottom_fixed,12.0,2,1,0
X7HyMhZNoso-05,X7HyMhZNoso_28ada927582d4d6ea7cf44cabf31527a,semi,count_only,0.0,24,211,0
X7HyMhZNoso-05,X7HyMhZNoso_28ada927582d4d6ea7cf44cabf31527a,semi,split_fixed,3.0,24,134,28
X7HyMhZNoso-05,X7HyMhZNoso_28ada927582d4d6ea7cf44cabf31527a,semi,split_fixed,6.0,24,171,33
X7HyMhZNoso-05,X7HyMhZNoso_28ada927582d4d6ea7cf44cabf31527a,semi,split_fixed,9.0,24,172,0
X7HyMhZNoso-05,X7HyMhZNoso_28ada927582d4d6ea7cf44cabf31527a,semi,split_fixed,12.0,24,172,0
X7HyMhZNoso-05,X7HyMhZNoso_28ada927582d4d6ea7cf44cabf31527a,semi,bound_fixed,3.0,24,134,28
X7HyMhZNoso-05,X7HyMhZNoso_28ada927582d4d6ea7cf44cabf31527a,semi,bound_fixed,6.0,24,171,33
X7HyMhZNoso-05,X7HyMhZNoso_28ada927582d4d6ea7cf44cabf31527a,semi,bound_fixed,9.0,24,172,0
X7HyMhZNoso-05,X7HyMhZNoso_28ada927582d4d6ea7cf44cabf31527a,semi,bound_fixed,12.0,24,172,0
X7HyMhZNoso-05,X7HyMhZNoso_28ada927582d4d6ea7cf44cabf31527a,semi,split_cyclic,3.0,24,134,28
X7HyMhZNoso-05,X7HyMhZNoso_28ada927582d4d6ea7cf44cabf31527a,semi,split_cyclic,6.0,24,171,33
X7HyMhZNoso-05,X7HyMhZNoso_28ada927582d4d6ea7cf44cabf31527a,semi,split_cyclic,9.0,24,172,0
X7HyMhZNoso-05,X7HyMhZNoso_28ada927582d4d6ea7cf44cabf31527a,semi,split_cyclic,12.0,24,172,0
X7HyMhZNoso-05,X7HyMhZNoso_28ada927582d4d6ea7cf44cabf31527a,semi,bound_cyclic,3.0,24,134,28
X7HyMhZNoso-05,X7HyMhZNoso_28ada927582d4d6ea7cf44cabf31527a,semi,bound_cyclic,6.0,24,171,33
X7HyMhZNoso-05,X7HyMhZNoso_28ada927582d4d6ea7cf44cabf31527a,semi,bound_cyclic,9.0,24,172,0
X7HyMhZNoso-05,X7HyMhZNoso_28ada927582d4d6ea7cf44cabf31527a,semi,bound_cyclic,12.0,24,172,0
X7HyMhZNoso-05,X7HyMhZNoso_28ada927582d4d6ea7cf44cabf31527a,semi,split_free,3.0,24,134,28
X7HyMhZNoso-05,X7HyMhZNoso_28ada927582d4d6ea7cf44cabf31527a,semi,split_free,6.0,24,171,33
X7HyMhZNoso-05,X7HyMhZNoso_28ada927582d4d6ea7cf44cabf31527a,semi,split_free,9.0,24,172,0
X7HyMhZNoso-05,X7HyMhZNoso_28ada927582d4d6ea7cf44cabf31527a,semi,split_free,12.0,24,172,0
X7HyMhZNoso-05,X7HyMhZNoso_28ada927582d4d6ea7cf44cabf31527a,semi,bound_free,3.0,24,134,28
X7HyMhZNoso-05,X7HyMhZNoso_28ada927582d4d6ea7cf44cabf31527a,semi,bound_free,6.0,24,171,33
X7HyMhZNoso-05,X7HyMhZNoso_28ada927582d4d6ea7cf44cabf31527a,semi,bound_free,9.0,24,172,0
X7HyMhZNoso-05,X7HyMhZNoso_28ada927582d4d6ea7cf44cabf31527a,semi,bound_free,12.0,24,172,0
X7HyMhZNoso-05,X7HyMhZNoso_28ada927582d4d6ea7cf44cabf31527a,semi,top_fixed,3.0,24,164,42
X7HyMhZNoso-05,X7HyMhZNoso_28ada927582d4d6ea7cf44cabf31527a,semi,top_fixed,6.0,24,172,0
X7HyMhZNoso-05,X7HyMhZNoso_28ada927582d4d6ea7cf44cabf31527a,semi,top_fixed,9.0,24,172,0
X7HyMhZNoso-05,X7HyMhZNoso_28ada927582d4d6ea7cf44cabf31527a,semi,top_fixed,12.0,24,173,0
X7HyMhZNoso-05,X7HyMhZNoso_28ada927582d4d6ea7cf44cabf31527a,semi,bottom_fixed,3.0,24,138,2
X7HyMhZNoso-05,X7HyMhZNoso_28ada927582d4d6ea7cf44cabf31527a,semi,bottom_fixed,6.0,24,171,33
X7HyMhZNoso-05,X7HyMhZNoso_28ada927582d4d6ea7cf44cabf31527a,semi,bottom_fixed,9.0,24,172,0
X7HyMhZNoso-05,X7HyMhZNoso_28ada927582d4d6ea7cf44cabf31527a,semi,bottom_fixed,12.0,24,172,0
X7HyMhZNoso-07,X7HyMhZNoso_2b16acff0dc042a1a75816a1fbd0a302,manual,count_only,0.0,5,6,0
X7HyMhZNoso-07,X7HyMhZNoso_2b16acff0dc042a1a75816a1fbd0a302,manual,split_fixed,3.0,5,1,0
X7HyMhZNoso-07,X7HyMhZNoso_2b16acff0dc042a1a75816a1fbd0a302,manual,split_fixed,6.0,5,1,0
X7HyMhZNoso-07,X7HyMhZNoso_2b16acff0dc042a1a75816a1fbd0a302,manual,split_fixed,9.0,5,3,0
X7HyMhZNoso-07,X7HyMhZNoso_2b16acff0dc042a1a75816a1fbd0a302,manual,split_fixed,12.0,5,6,0
X7HyMhZNoso-07,X7HyMhZNoso_2b16acff0dc042a1a75816a1fbd0a302,manual,bound_fixed,3.0,5,1,0
X7HyMhZNoso-07,X7HyMhZNoso_2b16acff0dc042a1a75816a1fbd0a302,manual,bound_fixed,6.0,5,1,0
X7HyMhZNoso-07,X7HyMhZNoso_2b16acff0dc042a1a75816a1fbd0a302,manual,bound_fixed,9.0,5,3,0
X7HyMhZNoso-07,X7HyMhZNoso_2b16acff0dc042a1a75816a1fbd0a302,manual,bound_fixed,12.0,5,6,0
X7HyMhZNoso-07,X7HyMhZNoso_2b16acff0dc042a1a75816a1fbd0a302,manual,split_cyclic,3.0,5,1,0
X7HyMhZNoso-07,X7HyMhZNoso_2b16acff0dc042a1a75816a1fbd0a302,manual,split_cyclic,6.0,5,1,0
X7HyMhZNoso-07,X7HyMhZNoso_2b16acff0dc042a1a75816a1fbd0a302,manual,split_cyclic,9.0,5,3,0
X7HyMhZNoso-07,X7HyMhZNoso_2b16acff0dc042a1a75816a1fbd0a302,manual,split_cyclic,12.0,5,6,0
X7HyMhZNoso-07,X7HyMhZNoso_2b16acff0dc042a1a75816a1fbd0a302,manual,bound_cyclic,3.0,5,1,0
X7HyMhZNoso-07,X7HyMhZNoso_2b16acff0dc042a1a75816a1fbd0a302,manual,bound_cyclic,6.0,5,1,0
X7HyMhZNoso-07,X7HyMhZNoso_2b16acff0dc042a1a75816a1fbd0a302,manual,bound_cyclic,9.0,5,3,0
X7HyMhZNoso-07,X7HyMhZNoso_2b16acff0dc042a1a75816a1fbd0a302,manual,bound_cyclic,12.0,5,6,0
X7HyMhZNoso-07,X7HyMhZNoso_2b16acff0dc042a1a75816a1fbd0a302,manual,split_free,3.0,5,1,0
X7HyMhZNoso-07,X7HyMhZNoso_2b16acff0dc042a1a75816a1fbd0a302,manual,split_free,6.0,5,1,0
X7HyMhZNoso-07,X7HyMhZNoso_2b16acff0dc042a1a75816a1fbd0a302,manual,split_free,9.0,5,3,0
X7HyMhZNoso-07,X7HyMhZNoso_2b16acff0dc042a1a75816a1fbd0a302,manual,split_free,12.0,5,6,0
X7HyMhZNoso-07,X7HyMhZNoso_2b16acff0dc042a1a75816a1fbd0a302,manual,bound_free,3.0,5,1,0
X7HyMhZNoso-07,X7HyMhZNoso_2b16acff0dc042a1a75816a1fbd0a302,manual,bound_free,6.0,5,1,0
X7HyMhZNoso-07,X7HyMhZNoso_2b16acff0dc042a1a75816a1fbd0a302,manual,bound_free,9.0,5,3,0
X7HyMhZNoso-07,X7HyMhZNoso_2b16acff0dc042a1a75816a1fbd0a302,manual,bound_free,12.0,5,6,0
X7HyMhZNoso-07,X7HyMhZNoso_2b16acff0dc042a1a75816a1fbd0a302,manual,top_fixed,3.0,5,1,0
X7HyMhZNoso-07,X7HyMhZNoso_2b16acff0dc042a1a75816a1fbd0a302,manual,top_fixed,6.0,5,5,2
X7HyMhZNoso-07,X7HyMhZNoso_2b16acff0dc042a1a75816a1fbd0a302,manual,top_fixed,9.0,5,5,2
X7HyMhZNoso-07,X7HyMhZNoso_2b16acff0dc042a1a75816a1fbd0a302,manual,top_fixed,12.0,5,6,0
X7HyMhZNoso-07,X7HyMhZNoso_2b16acff0dc042a1a75816a1fbd0a302,manual,bottom_fixed,3.0,5,1,0
X7HyMhZNoso-07,X7HyMhZNoso_2b16acff0dc042a1a75816a1fbd0a302,manual,bottom_fixed,6.0,5,1,0
X7HyMhZNoso-07,X7HyMhZNoso_2b16acff0dc042a1a75816a1fbd0a302,manual,bottom_fixed,9.0,5,3,0
X7HyMhZNoso-07,X7HyMhZNoso_2b16acff0dc042a1a75816a1fbd0a302,manual,bottom_fixed,12.0,5,6,0
X7HyMhZNoso-13,X7HyMhZNoso_987fd31155514f6facb131bd5c14881d,manual,count_only,0.0,24,276,0
X7HyMhZNoso-13,X7HyMhZNoso_987fd31155514f6facb131bd5c14881d,manual,split_fixed,3.0,24,94,33
X7HyMhZNoso-13,X7HyMhZNoso_987fd31155514f6facb131bd5c14881d,manual,split_fixed,6.0,24,217,87
X7HyMhZNoso-13,X7HyMhZNoso_987fd31155514f6facb131bd5c14881d,manual,split_fixed,9.0,24,270,119
X7HyMhZNoso-13,X7HyMhZNoso_987fd31155514f6facb131bd5c14881d,manual,split_fixed,12.0,24,276,0
X7HyMhZNoso-13,X7HyMhZNoso_987fd31155514f6facb131bd5c14881d,manual,bound_fixed,3.0,24,94,33
X7HyMhZNoso-13,X7HyMhZNoso_987fd31155514f6facb131bd5c14881d,manual,bound_fixed,6.0,24,217,87
X7HyMhZNoso-13,X7HyMhZNoso_987fd31155514f6facb131bd5c14881d,manual,bound_fixed,9.0,24,270,119
X7HyMhZNoso-13,X7HyMhZNoso_987fd31155514f6facb131bd5c14881d,manual,bound_fixed,12.0,24,276,0
X7HyMhZNoso-13,X7HyMhZNoso_987fd31155514f6facb131bd5c14881d,manual,split_cyclic,3.0,24,94,33
X7HyMhZNoso-13,X7HyMhZNoso_987fd31155514f6facb131bd5c14881d,manual,split_cyclic,6.0,24,217,87
X7HyMhZNoso-13,X7HyMhZNoso_987fd31155514f6facb131bd5c14881d,manual,split_cyclic,9.0,24,270,119
X7HyMhZNoso-13,X7HyMhZNoso_987fd31155514f6facb131bd5c14881d,manual,split_cyclic,12.0,24,276,0
X7HyMhZNoso-13,X7HyMhZNoso_987fd31155514f6facb131bd5c14881d,manual,bound_cyclic,3.0,24,94,33
X7HyMhZNoso-13,X7HyMhZNoso_987fd31155514f6facb131bd5c14881d,manual,bound_cyclic,6.0,24,217,87
X7HyMhZNoso-13,X7HyMhZNoso_987fd31155514f6facb131bd5c14881d,manual,bound_cyclic,9.0,24,270,119
X7HyMhZNoso-13,X7HyMhZNoso_987fd31155514f6facb131bd5c14881d,manual,bound_cyclic,12.0,24,276,0
X7HyMhZNoso-13,X7HyMhZNoso_987fd31155514f6facb131bd5c14881d,manual,split_free,3.0,24,94,33
X7HyMhZNoso-13,X7HyMhZNoso_987fd31155514f6facb131bd5c14881d,manual,split_free,6.0,24,217,87
X7HyMhZNoso-13,X7HyMhZNoso_987fd31155514f6facb131bd5c14881d,manual,split_free,9.0,24,270,119
X7HyMhZNoso-13,X7HyMhZNoso_987fd31155514f6facb131bd5c14881d,manual,split_free,12.0,24,276,0
X7HyMhZNoso-13,X7HyMhZNoso_987fd31155514f6facb131bd5c14881d,manual,bound_free,3.0,24,94,33
X7HyMhZNoso-13,X7HyMhZNoso_987fd31155514f6facb131bd5c14881d,manual,bound_free,6.0,24,217,87
X7HyMhZNoso-13,X7HyMhZNoso_987fd31155514f6facb131bd5c14881d,manual,bound_free,9.0,24,270,119
X7HyMhZNoso-13,X7HyMhZNoso_987fd31155514f6facb131bd5c14881d,manual,bound_free,12.0,24,276,0
X7HyMhZNoso-13,X7HyMhZNoso_987fd31155514f6facb131bd5c14881d,manual,top_fixed,3.0,24,108,46
X7HyMhZNoso-13,X7HyMhZNoso_987fd31155514f6facb131bd5c14881d,manual,top_fixed,6.0,24,245,82
X7HyMhZNoso-13,X7HyMhZNoso_987fd31155514f6facb131bd5c14881d,manual,top_fixed,9.0,24,272,104
X7HyMhZNoso-13,X7HyMhZNoso_987fd31155514f6facb131bd5c14881d,manual,top_fixed,12.0,24,276,0
X7HyMhZNoso-13,X7HyMhZNoso_987fd31155514f6facb131bd5c14881d,manual,bottom_fixed,3.0,24,182,123
X7HyMhZNoso-13,X7HyMhZNoso_987fd31155514f6facb131bd5c14881d,manual,bottom_fixed,6.0,24,244,13
X7HyMhZNoso-13,X7HyMhZNoso_987fd31155514f6facb131bd5c14881d,manual,bottom_fixed,9.0,24,274,21
X7HyMhZNoso-13,X7HyMhZNoso_987fd31155514f6facb131bd5c14881d,manual,bottom_fixed,12.0,24,276,0
X7HyMhZNoso-19,X7HyMhZNoso_b6f452209a62499795e5bd137214a7f9,manual,count_only,0.0,5,3,0
X7HyMhZNoso-19,X7HyMhZNoso_b6f452209a62499795e5bd137214a7f9,manual,split_fixed,3.0,5,1,0
X7HyMhZNoso-19,X7HyMhZNoso_b6f452209a62499795e5bd137214a7f9,manual,split_fixed,6.0,5,1,0
X7HyMhZNoso-19,X7HyMhZNoso_b6f452209a62499795e5bd137214a7f9,manual,split_fixed,9.0,5,1,0
X7HyMhZNoso-19,X7HyMhZNoso_b6f452209a62499795e5bd137214a7f9,manual,split_fixed,12.0,5,1,0
X7HyMhZNoso-19,X7HyMhZNoso_b6f452209a62499795e5bd137214a7f9,manual,bound_fixed,3.0,5,1,0
X7HyMhZNoso-19,X7HyMhZNoso_b6f452209a62499795e5bd137214a7f9,manual,bound_fixed,6.0,5,1,0
X7HyMhZNoso-19,X7HyMhZNoso_b6f452209a62499795e5bd137214a7f9,manual,bound_fixed,9.0,5,1,0
X7HyMhZNoso-19,X7HyMhZNoso_b6f452209a62499795e5bd137214a7f9,manual,bound_fixed,12.0,5,1,0
X7HyMhZNoso-19,X7HyMhZNoso_b6f452209a62499795e5bd137214a7f9,manual,split_cyclic,3.0,5,1,0
X7HyMhZNoso-19,X7HyMhZNoso_b6f452209a62499795e5bd137214a7f9,manual,split_cyclic,6.0,5,1,0
X7HyMhZNoso-19,X7HyMhZNoso_b6f452209a62499795e5bd137214a7f9,manual,split_cyclic,9.0,5,1,0
X7HyMhZNoso-19,X7HyMhZNoso_b6f452209a62499795e5bd137214a7f9,manual,split_cyclic,12.0,5,1,0
X7HyMhZNoso-19,X7HyMhZNoso_b6f452209a62499795e5bd137214a7f9,manual,bound_cyclic,3.0,5,1,0
X7HyMhZNoso-19,X7HyMhZNoso_b6f452209a62499795e5bd137214a7f9,manual,bound_cyclic,6.0,5,1,0
X7HyMhZNoso-19,X7HyMhZNoso_b6f452209a62499795e5bd137214a7f9,manual,bound_cyclic,9.0,5,1,0
X7HyMhZNoso-19,X7HyMhZNoso_b6f452209a62499795e5bd137214a7f9,manual,bound_cyclic,12.0,5,1,0
X7HyMhZNoso-19,X7HyMhZNoso_b6f452209a62499795e5bd137214a7f9,manual,split_free,3.0,5,1,0
X7HyMhZNoso-19,X7HyMhZNoso_b6f452209a62499795e5bd137214a7f9,manual,split_free,6.0,5,3,0
X7HyMhZNoso-19,X7HyMhZNoso_b6f452209a62499795e5bd137214a7f9,manual,split_free,9.0,5,3,0
X7HyMhZNoso-19,X7HyMhZNoso_b6f452209a62499795e5bd137214a7f9,manual,split_free,12.0,5,3,0
X7HyMhZNoso-19,X7HyMhZNoso_b6f452209a62499795e5bd137214a7f9,manual,bound_free,3.0,5,1,0
X7HyMhZNoso-19,X7HyMhZNoso_b6f452209a62499795e5bd137214a7f9,manual,bound_free,6.0,5,3,0
X7HyMhZNoso-19,X7HyMhZNoso_b6f452209a62499795e5bd137214a7f9,manual,bound_free,9.0,5,3,0
X7HyMhZNoso-19,X7HyMhZNoso_b6f452209a62499795e5bd137214a7f9,manual,bound_free,12.0,5,3,0
X7HyMhZNoso-19,X7HyMhZNoso_b6f452209a62499795e5bd137214a7f9,manual,top_fixed,3.0,5,1,0
X7HyMhZNoso-19,X7HyMhZNoso_b6f452209a62499795e5bd137214a7f9,manual,top_fixed,6.0,5,1,0
X7HyMhZNoso-19,X7HyMhZNoso_b6f452209a62499795e5bd137214a7f9,manual,top_fixed,9.0,5,1,0
X7HyMhZNoso-19,X7HyMhZNoso_b6f452209a62499795e5bd137214a7f9,manual,top_fixed,12.0,5,1,0
X7HyMhZNoso-19,X7HyMhZNoso_b6f452209a62499795e5bd137214a7f9,manual,bottom_fixed,3.0,5,1,0
X7HyMhZNoso-19,X7HyMhZNoso_b6f452209a62499795e5bd137214a7f9,manual,bottom_fixed,6.0,5,1,0
X7HyMhZNoso-19,X7HyMhZNoso_b6f452209a62499795e5bd137214a7f9,manual,bottom_fixed,9.0,5,1,0
X7HyMhZNoso-19,X7HyMhZNoso_b6f452209a62499795e5bd137214a7f9,manual,bottom_fixed,12.0,5,1,0
X7HyMhZNoso-19,X7HyMhZNoso_b6f452209a62499795e5bd137214a7f9,semi,count_only,0.0,4,3,0
X7HyMhZNoso-19,X7HyMhZNoso_b6f452209a62499795e5bd137214a7f9,semi,split_fixed,3.0,4,0,0
X7HyMhZNoso-19,X7HyMhZNoso_b6f452209a62499795e5bd137214a7f9,semi,split_fixed,6.0,4,2,1
X7HyMhZNoso-19,X7HyMhZNoso_b6f452209a62499795e5bd137214a7f9,semi,split_fixed,9.0,4,3,0
X7HyMhZNoso-19,X7HyMhZNoso_b6f452209a62499795e5bd137214a7f9,semi,split_fixed,12.0,4,3,0
X7HyMhZNoso-19,X7HyMhZNoso_b6f452209a62499795e5bd137214a7f9,semi,bound_fixed,3.0,4,0,0
X7HyMhZNoso-19,X7HyMhZNoso_b6f452209a62499795e5bd137214a7f9,semi,bound_fixed,6.0,4,2,1
X7HyMhZNoso-19,X7HyMhZNoso_b6f452209a62499795e5bd137214a7f9,semi,bound_fixed,9.0,4,3,0
X7HyMhZNoso-19,X7HyMhZNoso_b6f452209a62499795e5bd137214a7f9,semi,bound_fixed,12.0,4,3,0
X7HyMhZNoso-19,X7HyMhZNoso_b6f452209a62499795e5bd137214a7f9,semi,split_cyclic,3.0,4,0,0
X7HyMhZNoso-19,X7HyMhZNoso_b6f452209a62499795e5bd137214a7f9,semi,split_cyclic,6.0,4,2,1
X7HyMhZNoso-19,X7HyMhZNoso_b6f452209a62499795e5bd137214a7f9,semi,split_cyclic,9.0,4,3,0
X7HyMhZNoso-19,X7HyMhZNoso_b6f452209a62499795e5bd137214a7f9,semi,split_cyclic,12.0,4,3,0
X7HyMhZNoso-19,X7HyMhZNoso_b6f452209a62499795e5bd137214a7f9,semi,bound_cyclic,3.0,4,0,0
X7HyMhZNoso-19,X7HyMhZNoso_b6f452209a62499795e5bd137214a7f9,semi,bound_cyclic,6.0,4,2,1
X7HyMhZNoso-19,X7HyMhZNoso_b6f452209a62499795e5bd137214a7f9,semi,bound_cyclic,9.0,4,3,0
X7HyMhZNoso-19,X7HyMhZNoso_b6f452209a62499795e5bd137214a7f9,semi,bound_cyclic,12.0,4,3,0
X7HyMhZNoso-19,X7HyMhZNoso_b6f452209a62499795e5bd137214a7f9,semi,split_free,3.0,4,0,0
X7HyMhZNoso-19,X7HyMhZNoso_b6f452209a62499795e5bd137214a7f9,semi,split_free,6.0,4,2,1
X7HyMhZNoso-19,X7HyMhZNoso_b6f452209a62499795e5bd137214a7f9,semi,split_free,9.0,4,3,0
X7HyMhZNoso-19,X7HyMhZNoso_b6f452209a62499795e5bd137214a7f9,semi,split_free,12.0,4,3,0
X7HyMhZNoso-19,X7HyMhZNoso_b6f452209a62499795e5bd137214a7f9,semi,bound_free,3.0,4,0,0
X7HyMhZNoso-19,X7HyMhZNoso_b6f452209a62499795e5bd137214a7f9,semi,bound_free,6.0,4,2,1
X7HyMhZNoso-19,X7HyMhZNoso_b6f452209a62499795e5bd137214a7f9,semi,bound_free,9.0,4,3,0
X7HyMhZNoso-19,X7HyMhZNoso_b6f452209a62499795e5bd137214a7f9,semi,bound_free,12.0,4,3,0
X7HyMhZNoso-19,X7HyMhZNoso_b6f452209a62499795e5bd137214a7f9,semi,top_fixed,3.0,4,0,0
X7HyMhZNoso-19,X7HyMhZNoso_b6f452209a62499795e5bd137214a7f9,semi,top_fixed,6.0,4,2,1
X7HyMhZNoso-19,X7HyMhZNoso_b6f452209a62499795e5bd137214a7f9,semi,top_fixed,9.0,4,3,0
X7HyMhZNoso-19,X7HyMhZNoso_b6f452209a62499795e5bd137214a7f9,semi,top_fixed,12.0,4,3,0
X7HyMhZNoso-19,X7HyMhZNoso_b6f452209a62499795e5bd137214a7f9,semi,bottom_fixed,3.0,4,1,0
X7HyMhZNoso-19,X7HyMhZNoso_b6f452209a62499795e5bd137214a7f9,semi,bottom_fixed,6.0,4,3,0
X7HyMhZNoso-19,X7HyMhZNoso_b6f452209a62499795e5bd137214a7f9,semi,bottom_fixed,9.0,4,3,0
X7HyMhZNoso-19,X7HyMhZNoso_b6f452209a62499795e5bd137214a7f9,semi,bottom_fixed,12.0,4,3,0
Z6MFQCViBuw-02,Z6MFQCViBuw_2008e72476f84104858e908beeac0193,manual,count_only,0.0,5,10,0
Z6MFQCViBuw-02,Z6MFQCViBuw_2008e72476f84104858e908beeac0193,manual,split_fixed,3.0,5,2,1
Z6MFQCViBuw-02,Z6MFQCViBuw_2008e72476f84104858e908beeac0193,manual,split_fixed,6.0,5,10,0
Z6MFQCViBuw-02,Z6MFQCViBuw_2008e72476f84104858e908beeac0193,manual,split_fixed,9.0,5,10,0
Z6MFQCViBuw-02,Z6MFQCViBuw_2008e72476f84104858e908beeac0193,manual,split_fixed,12.0,5,10,0
Z6MFQCViBuw-02,Z6MFQCViBuw_2008e72476f84104858e908beeac0193,manual,bound_fixed,3.0,5,2,1
Z6MFQCViBuw-02,Z6MFQCViBuw_2008e72476f84104858e908beeac0193,manual,bound_fixed,6.0,5,10,0
Z6MFQCViBuw-02,Z6MFQCViBuw_2008e72476f84104858e908beeac0193,manual,bound_fixed,9.0,5,10,0
Z6MFQCViBuw-02,Z6MFQCViBuw_2008e72476f84104858e908beeac0193,manual,bound_fixed,12.0,5,10,0
Z6MFQCViBuw-02,Z6MFQCViBuw_2008e72476f84104858e908beeac0193,manual,split_cyclic,3.0,5,2,1
Z6MFQCViBuw-02,Z6MFQCViBuw_2008e72476f84104858e908beeac0193,manual,split_cyclic,6.0,5,10,0
Z6MFQCViBuw-02,Z6MFQCViBuw_2008e72476f84104858e908beeac0193,manual,split_cyclic,9.0,5,10,0
Z6MFQCViBuw-02,Z6MFQCViBuw_2008e72476f84104858e908beeac0193,manual,split_cyclic,12.0,5,10,0
Z6MFQCViBuw-02,Z6MFQCViBuw_2008e72476f84104858e908beeac0193,manual,bound_cyclic,3.0,5,2,1
Z6MFQCViBuw-02,Z6MFQCViBuw_2008e72476f84104858e908beeac0193,manual,bound_cyclic,6.0,5,10,0
Z6MFQCViBuw-02,Z6MFQCViBuw_2008e72476f84104858e908beeac0193,manual,bound_cyclic,9.0,5,10,0
Z6MFQCViBuw-02,Z6MFQCViBuw_2008e72476f84104858e908beeac0193,manual,bound_cyclic,12.0,5,10,0
Z6MFQCViBuw-02,Z6MFQCViBuw_2008e72476f84104858e908beeac0193,manual,split_free,3.0,5,2,1
Z6MFQCViBuw-02,Z6MFQCViBuw_2008e72476f84104858e908beeac0193,manual,split_free,6.0,5,10,0
Z6MFQCViBuw-02,Z6MFQCViBuw_2008e72476f84104858e908beeac0193,manual,split_free,9.0,5,10,0
Z6MFQCViBuw-02,Z6MFQCViBuw_2008e72476f84104858e908beeac0193,manual,split_free,12.0,5,10,0
Z6MFQCViBuw-02,Z6MFQCViBuw_2008e72476f84104858e908beeac0193,manual,bound_free,3.0,5,2,1
Z6MFQCViBuw-02,Z6MFQCViBuw_2008e72476f84104858e908beeac0193,manual,bound_free,6.0,5,10,0
Z6MFQCViBuw-02,Z6MFQCViBuw_2008e72476f84104858e908beeac0193,manual,bound_free,9.0,5,10,0
Z6MFQCViBuw-02,Z6MFQCViBuw_2008e72476f84104858e908beeac0193,manual,bound_free,12.0,5,10,0
Z6MFQCViBuw-02,Z6MFQCViBuw_2008e72476f84104858e908beeac0193,manual,top_fixed,3.0,5,6,0
Z6MFQCViBuw-02,Z6MFQCViBuw_2008e72476f84104858e908beeac0193,manual,top_fixed,6.0,5,10,0
Z6MFQCViBuw-02,Z6MFQCViBuw_2008e72476f84104858e908beeac0193,manual,top_fixed,9.0,5,10,0
Z6MFQCViBuw-02,Z6MFQCViBuw_2008e72476f84104858e908beeac0193,manual,top_fixed,12.0,5,10,0
Z6MFQCViBuw-02,Z6MFQCViBuw_2008e72476f84104858e908beeac0193,manual,bottom_fixed,3.0,5,3,1
Z6MFQCViBuw-02,Z6MFQCViBuw_2008e72476f84104858e908beeac0193,manual,bottom_fixed,6.0,5,10,0
Z6MFQCViBuw-02,Z6MFQCViBuw_2008e72476f84104858e908beeac0193,manual,bottom_fixed,9.0,5,10,0
Z6MFQCViBuw-02,Z6MFQCViBuw_2008e72476f84104858e908beeac0193,manual,bottom_fixed,12.0,5,10,0
Z6MFQCViBuw-02,Z6MFQCViBuw_2008e72476f84104858e908beeac0193,semi,count_only,0.0,4,6,0
Z6MFQCViBuw-02,Z6MFQCViBuw_2008e72476f84104858e908beeac0193,semi,split_fixed,3.0,4,6,0
Z6MFQCViBuw-02,Z6MFQCViBuw_2008e72476f84104858e908beeac0193,semi,split_fixed,6.0,4,6,0
Z6MFQCViBuw-02,Z6MFQCViBuw_2008e72476f84104858e908beeac0193,semi,split_fixed,9.0,4,6,0
Z6MFQCViBuw-02,Z6MFQCViBuw_2008e72476f84104858e908beeac0193,semi,split_fixed,12.0,4,6,0
Z6MFQCViBuw-02,Z6MFQCViBuw_2008e72476f84104858e908beeac0193,semi,bound_fixed,3.0,4,6,0
Z6MFQCViBuw-02,Z6MFQCViBuw_2008e72476f84104858e908beeac0193,semi,bound_fixed,6.0,4,6,0
Z6MFQCViBuw-02,Z6MFQCViBuw_2008e72476f84104858e908beeac0193,semi,bound_fixed,9.0,4,6,0
Z6MFQCViBuw-02,Z6MFQCViBuw_2008e72476f84104858e908beeac0193,semi,bound_fixed,12.0,4,6,0
Z6MFQCViBuw-02,Z6MFQCViBuw_2008e72476f84104858e908beeac0193,semi,split_cyclic,3.0,4,6,0
Z6MFQCViBuw-02,Z6MFQCViBuw_2008e72476f84104858e908beeac0193,semi,split_cyclic,6.0,4,6,0
Z6MFQCViBuw-02,Z6MFQCViBuw_2008e72476f84104858e908beeac0193,semi,split_cyclic,9.0,4,6,0
Z6MFQCViBuw-02,Z6MFQCViBuw_2008e72476f84104858e908beeac0193,semi,split_cyclic,12.0,4,6,0
Z6MFQCViBuw-02,Z6MFQCViBuw_2008e72476f84104858e908beeac0193,semi,bound_cyclic,3.0,4,6,0
Z6MFQCViBuw-02,Z6MFQCViBuw_2008e72476f84104858e908beeac0193,semi,bound_cyclic,6.0,4,6,0
Z6MFQCViBuw-02,Z6MFQCViBuw_2008e72476f84104858e908beeac0193,semi,bound_cyclic,9.0,4,6,0
Z6MFQCViBuw-02,Z6MFQCViBuw_2008e72476f84104858e908beeac0193,semi,bound_cyclic,12.0,4,6,0
Z6MFQCViBuw-02,Z6MFQCViBuw_2008e72476f84104858e908beeac0193,semi,split_free,3.0,4,6,0
Z6MFQCViBuw-02,Z6MFQCViBuw_2008e72476f84104858e908beeac0193,semi,split_free,6.0,4,6,0
Z6MFQCViBuw-02,Z6MFQCViBuw_2008e72476f84104858e908beeac0193,semi,split_free,9.0,4,6,0
Z6MFQCViBuw-02,Z6MFQCViBuw_2008e72476f84104858e908beeac0193,semi,split_free,12.0,4,6,0
Z6MFQCViBuw-02,Z6MFQCViBuw_2008e72476f84104858e908beeac0193,semi,bound_free,3.0,4,6,0
Z6MFQCViBuw-02,Z6MFQCViBuw_2008e72476f84104858e908beeac0193,semi,bound_free,6.0,4,6,0
Z6MFQCViBuw-02,Z6MFQCViBuw_2008e72476f84104858e908beeac0193,semi,bound_free,9.0,4,6,0
Z6MFQCViBuw-02,Z6MFQCViBuw_2008e72476f84104858e908beeac0193,semi,bound_free,12.0,4,6,0
Z6MFQCViBuw-02,Z6MFQCViBuw_2008e72476f84104858e908beeac0193,semi,top_fixed,3.0,4,6,0
Z6MFQCViBuw-02,Z6MFQCViBuw_2008e72476f84104858e908beeac0193,semi,top_fixed,6.0,4,6,0
Z6MFQCViBuw-02,Z6MFQCViBuw_2008e72476f84104858e908beeac0193,semi,top_fixed,9.0,4,6,0
Z6MFQCViBuw-02,Z6MFQCViBuw_2008e72476f84104858e908beeac0193,semi,top_fixed,12.0,4,6,0
Z6MFQCViBuw-02,Z6MFQCViBuw_2008e72476f84104858e908beeac0193,semi,bottom_fixed,3.0,4,6,0
Z6MFQCViBuw-02,Z6MFQCViBuw_2008e72476f84104858e908beeac0193,semi,bottom_fixed,6.0,4,6,0
Z6MFQCViBuw-02,Z6MFQCViBuw_2008e72476f84104858e908beeac0193,semi,bottom_fixed,9.0,4,6,0
Z6MFQCViBuw-02,Z6MFQCViBuw_2008e72476f84104858e908beeac0193,semi,bottom_fixed,12.0,4,6,0
Z6MFQCViBuw-03,Z6MFQCViBuw_22fff6c74efb476592569c18718feb41,manual,count_only,0.0,5,10,0
Z6MFQCViBuw-03,Z6MFQCViBuw_22fff6c74efb476592569c18718feb41,manual,split_fixed,3.0,5,0,0
Z6MFQCViBuw-03,Z6MFQCViBuw_22fff6c74efb476592569c18718feb41,manual,split_fixed,6.0,5,4,1
Z6MFQCViBuw-03,Z6MFQCViBuw_22fff6c74efb476592569c18718feb41,manual,split_fixed,9.0,5,9,3
Z6MFQCViBuw-03,Z6MFQCViBuw_22fff6c74efb476592569c18718feb41,manual,split_fixed,12.0,5,10,0
Z6MFQCViBuw-03,Z6MFQCViBuw_22fff6c74efb476592569c18718feb41,manual,bound_fixed,3.0,5,0,0
Z6MFQCViBuw-03,Z6MFQCViBuw_22fff6c74efb476592569c18718feb41,manual,bound_fixed,6.0,5,4,1
Z6MFQCViBuw-03,Z6MFQCViBuw_22fff6c74efb476592569c18718feb41,manual,bound_fixed,9.0,5,9,3
Z6MFQCViBuw-03,Z6MFQCViBuw_22fff6c74efb476592569c18718feb41,manual,bound_fixed,12.0,5,10,0
Z6MFQCViBuw-03,Z6MFQCViBuw_22fff6c74efb476592569c18718feb41,manual,split_cyclic,3.0,5,0,0
Z6MFQCViBuw-03,Z6MFQCViBuw_22fff6c74efb476592569c18718feb41,manual,split_cyclic,6.0,5,4,1
Z6MFQCViBuw-03,Z6MFQCViBuw_22fff6c74efb476592569c18718feb41,manual,split_cyclic,9.0,5,9,3
Z6MFQCViBuw-03,Z6MFQCViBuw_22fff6c74efb476592569c18718feb41,manual,split_cyclic,12.0,5,10,0
Z6MFQCViBuw-03,Z6MFQCViBuw_22fff6c74efb476592569c18718feb41,manual,bound_cyclic,3.0,5,0,0
Z6MFQCViBuw-03,Z6MFQCViBuw_22fff6c74efb476592569c18718feb41,manual,bound_cyclic,6.0,5,4,1
Z6MFQCViBuw-03,Z6MFQCViBuw_22fff6c74efb476592569c18718feb41,manual,bound_cyclic,9.0,5,9,3
Z6MFQCViBuw-03,Z6MFQCViBuw_22fff6c74efb476592569c18718feb41,manual,bound_cyclic,12.0,5,10,0
Z6MFQCViBuw-03,Z6MFQCViBuw_22fff6c74efb476592569c18718feb41,manual,split_free,3.0,5,0,0
Z6MFQCViBuw-03,Z6MFQCViBuw_22fff6c74efb476592569c18718feb41,manual,split_free,6.0,5,4,1
Z6MFQCViBuw-03,Z6MFQCViBuw_22fff6c74efb476592569c18718feb41,manual,split_free,9.0,5,9,3
Z6MFQCViBuw-03,Z6MFQCViBuw_22fff6c74efb476592569c18718feb41,manual,split_free,12.0,5,10,0
Z6MFQCViBuw-03,Z6MFQCViBuw_22fff6c74efb476592569c18718feb41,manual,bound_free,3.0,5,0,0
Z6MFQCViBuw-03,Z6MFQCViBuw_22fff6c74efb476592569c18718feb41,manual,bound_free,6.0,5,4,1
Z6MFQCViBuw-03,Z6MFQCViBuw_22fff6c74efb476592569c18718feb41,manual,bound_free,9.0,5,9,3
Z6MFQCViBuw-03,Z6MFQCViBuw_22fff6c74efb476592569c18718feb41,manual,bound_free,12.0,5,10,0
Z6MFQCViBuw-03,Z6MFQCViBuw_22fff6c74efb476592569c18718feb41,manual,top_fixed,3.0,5,1,0
Z6MFQCViBuw-03,Z6MFQCViBuw_22fff6c74efb476592569c18718feb41,manual,top_fixed,6.0,5,7,3
Z6MFQCViBuw-03,Z6MFQCViBuw_22fff6c74efb476592569c18718feb41,manual,top_fixed,9.0,5,9,5
Z6MFQCViBuw-03,Z6MFQCViBuw_22fff6c74efb476592569c18718feb41,manual,top_fixed,12.0,5,10,0
Z6MFQCViBuw-03,Z6MFQCViBuw_22fff6c74efb476592569c18718feb41,manual,bottom_fixed,3.0,5,0,0
Z6MFQCViBuw-03,Z6MFQCViBuw_22fff6c74efb476592569c18718feb41,manual,bottom_fixed,6.0,5,6,3
Z6MFQCViBuw-03,Z6MFQCViBuw_22fff6c74efb476592569c18718feb41,manual,bottom_fixed,9.0,5,10,0
Z6MFQCViBuw-03,Z6MFQCViBuw_22fff6c74efb476592569c18718feb41,manual,bottom_fixed,12.0,5,10,0
Z6MFQCViBuw-03,Z6MFQCViBuw_22fff6c74efb476592569c18718feb41,semi,count_only,0.0,5,10,0
Z6MFQCViBuw-03,Z6MFQCViBuw_22fff6c74efb476592569c18718feb41,semi,split_fixed,3.0,5,3,0
Z6MFQCViBuw-03,Z6MFQCViBuw_22fff6c74efb476592569c18718feb41,semi,split_fixed,6.0,5,7,3
Z6MFQCViBuw-03,Z6MFQCViBuw_22fff6c74efb476592569c18718feb41,semi,split_fixed,9.0,5,10,0
Z6MFQCViBuw-03,Z6MFQCViBuw_22fff6c74efb476592569c18718feb41,semi,split_fixed,12.0,5,10,0
Z6MFQCViBuw-03,Z6MFQCViBuw_22fff6c74efb476592569c18718feb41,semi,bound_fixed,3.0,5,3,0
Z6MFQCViBuw-03,Z6MFQCViBuw_22fff6c74efb476592569c18718feb41,semi,bound_fixed,6.0,5,7,3
Z6MFQCViBuw-03,Z6MFQCViBuw_22fff6c74efb476592569c18718feb41,semi,bound_fixed,9.0,5,10,0
Z6MFQCViBuw-03,Z6MFQCViBuw_22fff6c74efb476592569c18718feb41,semi,bound_fixed,12.0,5,10,0
Z6MFQCViBuw-03,Z6MFQCViBuw_22fff6c74efb476592569c18718feb41,semi,split_cyclic,3.0,5,3,0
Z6MFQCViBuw-03,Z6MFQCViBuw_22fff6c74efb476592569c18718feb41,semi,split_cyclic,6.0,5,7,3
Z6MFQCViBuw-03,Z6MFQCViBuw_22fff6c74efb476592569c18718feb41,semi,split_cyclic,9.0,5,10,0
Z6MFQCViBuw-03,Z6MFQCViBuw_22fff6c74efb476592569c18718feb41,semi,split_cyclic,12.0,5,10,0
Z6MFQCViBuw-03,Z6MFQCViBuw_22fff6c74efb476592569c18718feb41,semi,bound_cyclic,3.0,5,3,0
Z6MFQCViBuw-03,Z6MFQCViBuw_22fff6c74efb476592569c18718feb41,semi,bound_cyclic,6.0,5,7,3
Z6MFQCViBuw-03,Z6MFQCViBuw_22fff6c74efb476592569c18718feb41,semi,bound_cyclic,9.0,5,10,0
Z6MFQCViBuw-03,Z6MFQCViBuw_22fff6c74efb476592569c18718feb41,semi,bound_cyclic,12.0,5,10,0
Z6MFQCViBuw-03,Z6MFQCViBuw_22fff6c74efb476592569c18718feb41,semi,split_free,3.0,5,3,0
Z6MFQCViBuw-03,Z6MFQCViBuw_22fff6c74efb476592569c18718feb41,semi,split_free,6.0,5,7,3
Z6MFQCViBuw-03,Z6MFQCViBuw_22fff6c74efb476592569c18718feb41,semi,split_free,9.0,5,10,0
Z6MFQCViBuw-03,Z6MFQCViBuw_22fff6c74efb476592569c18718feb41,semi,split_free,12.0,5,10,0
Z6MFQCViBuw-03,Z6MFQCViBuw_22fff6c74efb476592569c18718feb41,semi,bound_free,3.0,5,3,0
Z6MFQCViBuw-03,Z6MFQCViBuw_22fff6c74efb476592569c18718feb41,semi,bound_free,6.0,5,7,3
Z6MFQCViBuw-03,Z6MFQCViBuw_22fff6c74efb476592569c18718feb41,semi,bound_free,9.0,5,10,0
Z6MFQCViBuw-03,Z6MFQCViBuw_22fff6c74efb476592569c18718feb41,semi,bound_free,12.0,5,10,0
Z6MFQCViBuw-03,Z6MFQCViBuw_22fff6c74efb476592569c18718feb41,semi,top_fixed,3.0,5,4,0
Z6MFQCViBuw-03,Z6MFQCViBuw_22fff6c74efb476592569c18718feb41,semi,top_fixed,6.0,5,10,0
Z6MFQCViBuw-03,Z6MFQCViBuw_22fff6c74efb476592569c18718feb41,semi,top_fixed,9.0,5,10,0
Z6MFQCViBuw-03,Z6MFQCViBuw_22fff6c74efb476592569c18718feb41,semi,top_fixed,12.0,5,10,0
Z6MFQCViBuw-03,Z6MFQCViBuw_22fff6c74efb476592569c18718feb41,semi,bottom_fixed,3.0,5,3,0
Z6MFQCViBuw-03,Z6MFQCViBuw_22fff6c74efb476592569c18718feb41,semi,bottom_fixed,6.0,5,7,1
Z6MFQCViBuw-03,Z6MFQCViBuw_22fff6c74efb476592569c18718feb41,semi,bottom_fixed,9.0,5,10,0
Z6MFQCViBuw-03,Z6MFQCViBuw_22fff6c74efb476592569c18718feb41,semi,bottom_fixed,12.0,5,10,0
Z6MFQCViBuw-06,Z6MFQCViBuw_59aed460238643f48f593e9b9ba1c17d,manual,count_only,0.0,5,10,0
Z6MFQCViBuw-06,Z6MFQCViBuw_59aed460238643f48f593e9b9ba1c17d,manual,split_fixed,3.0,5,3,0
Z6MFQCViBuw-06,Z6MFQCViBuw_59aed460238643f48f593e9b9ba1c17d,manual,split_fixed,6.0,5,8,2
Z6MFQCViBuw-06,Z6MFQCViBuw_59aed460238643f48f593e9b9ba1c17d,manual,split_fixed,9.0,5,10,0
Z6MFQCViBuw-06,Z6MFQCViBuw_59aed460238643f48f593e9b9ba1c17d,manual,split_fixed,12.0,5,10,0
Z6MFQCViBuw-06,Z6MFQCViBuw_59aed460238643f48f593e9b9ba1c17d,manual,bound_fixed,3.0,5,3,0
Z6MFQCViBuw-06,Z6MFQCViBuw_59aed460238643f48f593e9b9ba1c17d,manual,bound_fixed,6.0,5,8,2
Z6MFQCViBuw-06,Z6MFQCViBuw_59aed460238643f48f593e9b9ba1c17d,manual,bound_fixed,9.0,5,10,0
Z6MFQCViBuw-06,Z6MFQCViBuw_59aed460238643f48f593e9b9ba1c17d,manual,bound_fixed,12.0,5,10,0
Z6MFQCViBuw-06,Z6MFQCViBuw_59aed460238643f48f593e9b9ba1c17d,manual,split_cyclic,3.0,5,3,0
Z6MFQCViBuw-06,Z6MFQCViBuw_59aed460238643f48f593e9b9ba1c17d,manual,split_cyclic,6.0,5,8,2
Z6MFQCViBuw-06,Z6MFQCViBuw_59aed460238643f48f593e9b9ba1c17d,manual,split_cyclic,9.0,5,10,0
Z6MFQCViBuw-06,Z6MFQCViBuw_59aed460238643f48f593e9b9ba1c17d,manual,split_cyclic,12.0,5,10,0
Z6MFQCViBuw-06,Z6MFQCViBuw_59aed460238643f48f593e9b9ba1c17d,manual,bound_cyclic,3.0,5,3,0
Z6MFQCViBuw-06,Z6MFQCViBuw_59aed460238643f48f593e9b9ba1c17d,manual,bound_cyclic,6.0,5,8,2
Z6MFQCViBuw-06,Z6MFQCViBuw_59aed460238643f48f593e9b9ba1c17d,manual,bound_cyclic,9.0,5,10,0
Z6MFQCViBuw-06,Z6MFQCViBuw_59aed460238643f48f593e9b9ba1c17d,manual,bound_cyclic,12.0,5,10,0
Z6MFQCViBuw-06,Z6MFQCViBuw_59aed460238643f48f593e9b9ba1c17d,manual,split_free,3.0,5,3,0
Z6MFQCViBuw-06,Z6MFQCViBuw_59aed460238643f48f593e9b9ba1c17d,manual,split_free,6.0,5,8,2
Z6MFQCViBuw-06,Z6MFQCViBuw_59aed460238643f48f593e9b9ba1c17d,manual,split_free,9.0,5,10,0
Z6MFQCViBuw-06,Z6MFQCViBuw_59aed460238643f48f593e9b9ba1c17d,manual,split_free,12.0,5,10,0
Z6MFQCViBuw-06,Z6MFQCViBuw_59aed460238643f48f593e9b9ba1c17d,manual,bound_free,3.0,5,3,0
Z6MFQCViBuw-06,Z6MFQCViBuw_59aed460238643f48f593e9b9ba1c17d,manual,bound_free,6.0,5,8,2
Z6MFQCViBuw-06,Z6MFQCViBuw_59aed460238643f48f593e9b9ba1c17d,manual,bound_free,9.0,5,10,0
Z6MFQCViBuw-06,Z6MFQCViBuw_59aed460238643f48f593e9b9ba1c17d,manual,bound_free,12.0,5,10,0
Z6MFQCViBuw-06,Z6MFQCViBuw_59aed460238643f48f593e9b9ba1c17d,manual,top_fixed,3.0,5,4,1
Z6MFQCViBuw-06,Z6MFQCViBuw_59aed460238643f48f593e9b9ba1c17d,manual,top_fixed,6.0,5,9,3
Z6MFQCViBuw-06,Z6MFQCViBuw_59aed460238643f48f593e9b9ba1c17d,manual,top_fixed,9.0,5,10,0
Z6MFQCViBuw-06,Z6MFQCViBuw_59aed460238643f48f593e9b9ba1c17d,manual,top_fixed,12.0,5,10,0
Z6MFQCViBuw-06,Z6MFQCViBuw_59aed460238643f48f593e9b9ba1c17d,manual,bottom_fixed,3.0,5,5,2
Z6MFQCViBuw-06,Z6MFQCViBuw_59aed460238643f48f593e9b9ba1c17d,manual,bottom_fixed,6.0,5,9,5
Z6MFQCViBuw-06,Z6MFQCViBuw_59aed460238643f48f593e9b9ba1c17d,manual,bottom_fixed,9.0,5,10,0
Z6MFQCViBuw-06,Z6MFQCViBuw_59aed460238643f48f593e9b9ba1c17d,manual,bottom_fixed,12.0,5,10,0
Z6MFQCViBuw-10,Z6MFQCViBuw_fbef2c9afec642c88d01cf09c90aec12,semi,count_only,0.0,24,196,0
Z6MFQCViBuw-10,Z6MFQCViBuw_fbef2c9afec642c88d01cf09c90aec12,semi,split_fixed,3.0,24,51,19
Z6MFQCViBuw-10,Z6MFQCViBuw_fbef2c9afec642c88d01cf09c90aec12,semi,split_fixed,6.0,24,149,46
Z6MFQCViBuw-10,Z6MFQCViBuw_fbef2c9afec642c88d01cf09c90aec12,semi,split_fixed,9.0,24,192,71
Z6MFQCViBuw-10,Z6MFQCViBuw_fbef2c9afec642c88d01cf09c90aec12,semi,split_fixed,12.0,24,196,0
Z6MFQCViBuw-10,Z6MFQCViBuw_fbef2c9afec642c88d01cf09c90aec12,semi,bound_fixed,3.0,24,51,19
Z6MFQCViBuw-10,Z6MFQCViBuw_fbef2c9afec642c88d01cf09c90aec12,semi,bound_fixed,6.0,24,149,46
Z6MFQCViBuw-10,Z6MFQCViBuw_fbef2c9afec642c88d01cf09c90aec12,semi,bound_fixed,9.0,24,192,71
Z6MFQCViBuw-10,Z6MFQCViBuw_fbef2c9afec642c88d01cf09c90aec12,semi,bound_fixed,12.0,24,196,0
Z6MFQCViBuw-10,Z6MFQCViBuw_fbef2c9afec642c88d01cf09c90aec12,semi,split_cyclic,3.0,24,51,19
Z6MFQCViBuw-10,Z6MFQCViBuw_fbef2c9afec642c88d01cf09c90aec12,semi,split_cyclic,6.0,24,149,46
Z6MFQCViBuw-10,Z6MFQCViBuw_fbef2c9afec642c88d01cf09c90aec12,semi,split_cyclic,9.0,24,192,71
Z6MFQCViBuw-10,Z6MFQCViBuw_fbef2c9afec642c88d01cf09c90aec12,semi,split_cyclic,12.0,24,196,0
Z6MFQCViBuw-10,Z6MFQCViBuw_fbef2c9afec642c88d01cf09c90aec12,semi,bound_cyclic,3.0,24,51,19
Z6MFQCViBuw-10,Z6MFQCViBuw_fbef2c9afec642c88d01cf09c90aec12,semi,bound_cyclic,6.0,24,149,46
Z6MFQCViBuw-10,Z6MFQCViBuw_fbef2c9afec642c88d01cf09c90aec12,semi,bound_cyclic,9.0,24,192,71
Z6MFQCViBuw-10,Z6MFQCViBuw_fbef2c9afec642c88d01cf09c90aec12,semi,bound_cyclic,12.0,24,196,0
Z6MFQCViBuw-10,Z6MFQCViBuw_fbef2c9afec642c88d01cf09c90aec12,semi,split_free,3.0,24,51,19
Z6MFQCViBuw-10,Z6MFQCViBuw_fbef2c9afec642c88d01cf09c90aec12,semi,split_free,6.0,24,149,46
Z6MFQCViBuw-10,Z6MFQCViBuw_fbef2c9afec642c88d01cf09c90aec12,semi,split_free,9.0,24,192,71
Z6MFQCViBuw-10,Z6MFQCViBuw_fbef2c9afec642c88d01cf09c90aec12,semi,split_free,12.0,24,196,0
Z6MFQCViBuw-10,Z6MFQCViBuw_fbef2c9afec642c88d01cf09c90aec12,semi,bound_free,3.0,24,51,19
Z6MFQCViBuw-10,Z6MFQCViBuw_fbef2c9afec642c88d01cf09c90aec12,semi,bound_free,6.0,24,149,46
Z6MFQCViBuw-10,Z6MFQCViBuw_fbef2c9afec642c88d01cf09c90aec12,semi,bound_free,9.0,24,192,71
Z6MFQCViBuw-10,Z6MFQCViBuw_fbef2c9afec642c88d01cf09c90aec12,semi,bound_free,12.0,24,196,0
Z6MFQCViBuw-10,Z6MFQCViBuw_fbef2c9afec642c88d01cf09c90aec12,semi,top_fixed,3.0,24,75,0
Z6MFQCViBuw-10,Z6MFQCViBuw_fbef2c9afec642c88d01cf09c90aec12,semi,top_fixed,6.0,24,152,57
Z6MFQCViBuw-10,Z6MFQCViBuw_fbef2c9afec642c88d01cf09c90aec12,semi,top_fixed,9.0,24,192,87
Z6MFQCViBuw-10,Z6MFQCViBuw_fbef2c9afec642c88d01cf09c90aec12,semi,top_fixed,12.0,24,196,0
Z6MFQCViBuw-10,Z6MFQCViBuw_fbef2c9afec642c88d01cf09c90aec12,semi,bottom_fixed,3.0,24,79,30
Z6MFQCViBuw-10,Z6MFQCViBuw_fbef2c9afec642c88d01cf09c90aec12,semi,bottom_fixed,6.0,24,181,4
Z6MFQCViBuw-10,Z6MFQCViBuw_fbef2c9afec642c88d01cf09c90aec12,semi,bottom_fixed,9.0,24,196,0
Z6MFQCViBuw-10,Z6MFQCViBuw_fbef2c9afec642c88d01cf09c90aec12,semi,bottom_fixed,12.0,24,196,0
b8cTxDM8gDG-04,b8cTxDM8gDG_298a2386166a43c8a04e1c24433f7d15,manual,count_only,0.0,24,75,0
b8cTxDM8gDG-04,b8cTxDM8gDG_298a2386166a43c8a04e1c24433f7d15,manual,split_fixed,3.0,24,2,0
b8cTxDM8gDG-04,b8cTxDM8gDG_298a2386166a43c8a04e1c24433f7d15,manual,split_fixed,6.0,24,6,0
b8cTxDM8gDG-04,b8cTxDM8gDG_298a2386166a43c8a04e1c24433f7d15,manual,split_fixed,9.0,24,14,0
b8cTxDM8gDG-04,b8cTxDM8gDG_298a2386166a43c8a04e1c24433f7d15,manual,split_fixed,12.0,24,16,2
b8cTxDM8gDG-04,b8cTxDM8gDG_298a2386166a43c8a04e1c24433f7d15,manual,bound_fixed,3.0,24,2,0
b8cTxDM8gDG-04,b8cTxDM8gDG_298a2386166a43c8a04e1c24433f7d15,manual,bound_fixed,6.0,24,6,0
b8cTxDM8gDG-04,b8cTxDM8gDG_298a2386166a43c8a04e1c24433f7d15,manual,bound_fixed,9.0,24,14,0
b8cTxDM8gDG-04,b8cTxDM8gDG_298a2386166a43c8a04e1c24433f7d15,manual,bound_fixed,12.0,24,16,2
b8cTxDM8gDG-04,b8cTxDM8gDG_298a2386166a43c8a04e1c24433f7d15,manual,split_cyclic,3.0,24,2,0
b8cTxDM8gDG-04,b8cTxDM8gDG_298a2386166a43c8a04e1c24433f7d15,manual,split_cyclic,6.0,24,6,0
b8cTxDM8gDG-04,b8cTxDM8gDG_298a2386166a43c8a04e1c24433f7d15,manual,split_cyclic,9.0,24,14,0
b8cTxDM8gDG-04,b8cTxDM8gDG_298a2386166a43c8a04e1c24433f7d15,manual,split_cyclic,12.0,24,16,2
b8cTxDM8gDG-04,b8cTxDM8gDG_298a2386166a43c8a04e1c24433f7d15,manual,bound_cyclic,3.0,24,2,0
b8cTxDM8gDG-04,b8cTxDM8gDG_298a2386166a43c8a04e1c24433f7d15,manual,bound_cyclic,6.0,24,6,0
b8cTxDM8gDG-04,b8cTxDM8gDG_298a2386166a43c8a04e1c24433f7d15,manual,bound_cyclic,9.0,24,14,0
b8cTxDM8gDG-04,b8cTxDM8gDG_298a2386166a43c8a04e1c24433f7d15,manual,bound_cyclic,12.0,24,16,2
b8cTxDM8gDG-04,b8cTxDM8gDG_298a2386166a43c8a04e1c24433f7d15,manual,split_free,3.0,24,2,0
b8cTxDM8gDG-04,b8cTxDM8gDG_298a2386166a43c8a04e1c24433f7d15,manual,split_free,6.0,24,6,0
b8cTxDM8gDG-04,b8cTxDM8gDG_298a2386166a43c8a04e1c24433f7d15,manual,split_free,9.0,24,14,0
b8cTxDM8gDG-04,b8cTxDM8gDG_298a2386166a43c8a04e1c24433f7d15,manual,split_free,12.0,24,16,2
b8cTxDM8gDG-04,b8cTxDM8gDG_298a2386166a43c8a04e1c24433f7d15,manual,bound_free,3.0,24,2,0
b8cTxDM8gDG-04,b8cTxDM8gDG_298a2386166a43c8a04e1c24433f7d15,manual,bound_free,6.0,24,6,0
b8cTxDM8gDG-04,b8cTxDM8gDG_298a2386166a43c8a04e1c24433f7d15,manual,bound_free,9.0,24,14,0
b8cTxDM8gDG-04,b8cTxDM8gDG_298a2386166a43c8a04e1c24433f7d15,manual,bound_free,12.0,24,16,2
b8cTxDM8gDG-04,b8cTxDM8gDG_298a2386166a43c8a04e1c24433f7d15,manual,top_fixed,3.0,24,4,0
b8cTxDM8gDG-04,b8cTxDM8gDG_298a2386166a43c8a04e1c24433f7d15,manual,top_fixed,6.0,24,10,0
b8cTxDM8gDG-04,b8cTxDM8gDG_298a2386166a43c8a04e1c24433f7d15,manual,top_fixed,9.0,24,20,0
b8cTxDM8gDG-04,b8cTxDM8gDG_298a2386166a43c8a04e1c24433f7d15,manual,top_fixed,12.0,24,20,0
b8cTxDM8gDG-04,b8cTxDM8gDG_298a2386166a43c8a04e1c24433f7d15,manual,bottom_fixed,3.0,24,2,0
b8cTxDM8gDG-04,b8cTxDM8gDG_298a2386166a43c8a04e1c24433f7d15,manual,bottom_fixed,6.0,24,9,1
b8cTxDM8gDG-04,b8cTxDM8gDG_298a2386166a43c8a04e1c24433f7d15,manual,bottom_fixed,9.0,24,14,0
b8cTxDM8gDG-04,b8cTxDM8gDG_298a2386166a43c8a04e1c24433f7d15,manual,bottom_fixed,12.0,24,16,2
b8cTxDM8gDG-07,b8cTxDM8gDG_51c90ec9afc4495ab3788c6badc303df,semi,count_only,0.0,24,193,0
b8cTxDM8gDG-07,b8cTxDM8gDG_51c90ec9afc4495ab3788c6badc303df,semi,split_fixed,3.0,24,54,27
b8cTxDM8gDG-07,b8cTxDM8gDG_51c90ec9afc4495ab3788c6badc303df,semi,split_fixed,6.0,24,106,24
b8cTxDM8gDG-07,b8cTxDM8gDG_51c90ec9afc4495ab3788c6badc303df,semi,split_fixed,9.0,24,181,91
b8cTxDM8gDG-07,b8cTxDM8gDG_51c90ec9afc4495ab3788c6badc303df,semi,split_fixed,12.0,24,190,48
b8cTxDM8gDG-07,b8cTxDM8gDG_51c90ec9afc4495ab3788c6badc303df,semi,bound_fixed,3.0,23,54,27
b8cTxDM8gDG-07,b8cTxDM8gDG_51c90ec9afc4495ab3788c6badc303df,semi,bound_fixed,6.0,23,105,23
b8cTxDM8gDG-07,b8cTxDM8gDG_51c90ec9afc4495ab3788c6badc303df,semi,bound_fixed,9.0,23,166,79
b8cTxDM8gDG-07,b8cTxDM8gDG_51c90ec9afc4495ab3788c6badc303df,semi,bound_fixed,12.0,23,173,47
b8cTxDM8gDG-07,b8cTxDM8gDG_51c90ec9afc4495ab3788c6badc303df,semi,split_cyclic,3.0,24,54,27
b8cTxDM8gDG-07,b8cTxDM8gDG_51c90ec9afc4495ab3788c6badc303df,semi,split_cyclic,6.0,24,106,24
b8cTxDM8gDG-07,b8cTxDM8gDG_51c90ec9afc4495ab3788c6badc303df,semi,split_cyclic,9.0,24,181,91
b8cTxDM8gDG-07,b8cTxDM8gDG_51c90ec9afc4495ab3788c6badc303df,semi,split_cyclic,12.0,24,190,48
b8cTxDM8gDG-07,b8cTxDM8gDG_51c90ec9afc4495ab3788c6badc303df,semi,bound_cyclic,3.0,23,54,27
b8cTxDM8gDG-07,b8cTxDM8gDG_51c90ec9afc4495ab3788c6badc303df,semi,bound_cyclic,6.0,23,105,23
b8cTxDM8gDG-07,b8cTxDM8gDG_51c90ec9afc4495ab3788c6badc303df,semi,bound_cyclic,9.0,23,166,79
b8cTxDM8gDG-07,b8cTxDM8gDG_51c90ec9afc4495ab3788c6badc303df,semi,bound_cyclic,12.0,23,173,47
b8cTxDM8gDG-07,b8cTxDM8gDG_51c90ec9afc4495ab3788c6badc303df,semi,split_free,3.0,24,54,27
b8cTxDM8gDG-07,b8cTxDM8gDG_51c90ec9afc4495ab3788c6badc303df,semi,split_free,6.0,24,106,24
b8cTxDM8gDG-07,b8cTxDM8gDG_51c90ec9afc4495ab3788c6badc303df,semi,split_free,9.0,24,181,91
b8cTxDM8gDG-07,b8cTxDM8gDG_51c90ec9afc4495ab3788c6badc303df,semi,split_free,12.0,24,190,48
b8cTxDM8gDG-07,b8cTxDM8gDG_51c90ec9afc4495ab3788c6badc303df,semi,bound_free,3.0,23,54,27
b8cTxDM8gDG-07,b8cTxDM8gDG_51c90ec9afc4495ab3788c6badc303df,semi,bound_free,6.0,23,105,23
b8cTxDM8gDG-07,b8cTxDM8gDG_51c90ec9afc4495ab3788c6badc303df,semi,bound_free,9.0,23,166,79
b8cTxDM8gDG-07,b8cTxDM8gDG_51c90ec9afc4495ab3788c6badc303df,semi,bound_free,12.0,23,173,47
b8cTxDM8gDG-07,b8cTxDM8gDG_51c90ec9afc4495ab3788c6badc303df,semi,top_fixed,3.0,24,120,37
b8cTxDM8gDG-07,b8cTxDM8gDG_51c90ec9afc4495ab3788c6badc303df,semi,top_fixed,6.0,24,142,2
b8cTxDM8gDG-07,b8cTxDM8gDG_51c90ec9afc4495ab3788c6badc303df,semi,top_fixed,9.0,24,191,49
b8cTxDM8gDG-07,b8cTxDM8gDG_51c90ec9afc4495ab3788c6badc303df,semi,top_fixed,12.0,24,193,0
b8cTxDM8gDG-07,b8cTxDM8gDG_51c90ec9afc4495ab3788c6badc303df,semi,bottom_fixed,3.0,24,61,31
b8cTxDM8gDG-07,b8cTxDM8gDG_51c90ec9afc4495ab3788c6badc303df,semi,bottom_fixed,6.0,24,108,25
b8cTxDM8gDG-07,b8cTxDM8gDG_51c90ec9afc4495ab3788c6badc303df,semi,bottom_fixed,9.0,24,183,93
b8cTxDM8gDG-07,b8cTxDM8gDG_51c90ec9afc4495ab3788c6badc303df,semi,bottom_fixed,12.0,24,190,48
b8cTxDM8gDG-17,b8cTxDM8gDG_f339391e9479496e8652c972953f0ce4,manual,count_only,0.0,5,6,0
b8cTxDM8gDG-17,b8cTxDM8gDG_f339391e9479496e8652c972953f0ce4,manual,split_fixed,3.0,5,1,0
b8cTxDM8gDG-17,b8cTxDM8gDG_f339391e9479496e8652c972953f0ce4,manual,split_fixed,6.0,5,3,0
b8cTxDM8gDG-17,b8cTxDM8gDG_f339391e9479496e8652c972953f0ce4,manual,split_fixed,9.0,5,3,0
b8cTxDM8gDG-17,b8cTxDM8gDG_f339391e9479496e8652c972953f0ce4,manual,split_fixed,12.0,5,6,0
b8cTxDM8gDG-17,b8cTxDM8gDG_f339391e9479496e8652c972953f0ce4,manual,bound_fixed,3.0,5,1,0
b8cTxDM8gDG-17,b8cTxDM8gDG_f339391e9479496e8652c972953f0ce4,manual,bound_fixed,6.0,5,3,0
b8cTxDM8gDG-17,b8cTxDM8gDG_f339391e9479496e8652c972953f0ce4,manual,bound_fixed,9.0,5,3,0
b8cTxDM8gDG-17,b8cTxDM8gDG_f339391e9479496e8652c972953f0ce4,manual,bound_fixed,12.0,5,6,0
b8cTxDM8gDG-17,b8cTxDM8gDG_f339391e9479496e8652c972953f0ce4,manual,split_cyclic,3.0,5,1,0
b8cTxDM8gDG-17,b8cTxDM8gDG_f339391e9479496e8652c972953f0ce4,manual,split_cyclic,6.0,5,3,0
b8cTxDM8gDG-17,b8cTxDM8gDG_f339391e9479496e8652c972953f0ce4,manual,split_cyclic,9.0,5,3,0
b8cTxDM8gDG-17,b8cTxDM8gDG_f339391e9479496e8652c972953f0ce4,manual,split_cyclic,12.0,5,6,0
b8cTxDM8gDG-17,b8cTxDM8gDG_f339391e9479496e8652c972953f0ce4,manual,bound_cyclic,3.0,5,1,0
b8cTxDM8gDG-17,b8cTxDM8gDG_f339391e9479496e8652c972953f0ce4,manual,bound_cyclic,6.0,5,3,0
b8cTxDM8gDG-17,b8cTxDM8gDG_f339391e9479496e8652c972953f0ce4,manual,bound_cyclic,9.0,5,3,0
b8cTxDM8gDG-17,b8cTxDM8gDG_f339391e9479496e8652c972953f0ce4,manual,bound_cyclic,12.0,5,6,0
b8cTxDM8gDG-17,b8cTxDM8gDG_f339391e9479496e8652c972953f0ce4,manual,split_free,3.0,5,1,0
b8cTxDM8gDG-17,b8cTxDM8gDG_f339391e9479496e8652c972953f0ce4,manual,split_free,6.0,5,3,0
b8cTxDM8gDG-17,b8cTxDM8gDG_f339391e9479496e8652c972953f0ce4,manual,split_free,9.0,5,6,0
b8cTxDM8gDG-17,b8cTxDM8gDG_f339391e9479496e8652c972953f0ce4,manual,split_free,12.0,5,6,0
b8cTxDM8gDG-17,b8cTxDM8gDG_f339391e9479496e8652c972953f0ce4,manual,bound_free,3.0,5,1,0
b8cTxDM8gDG-17,b8cTxDM8gDG_f339391e9479496e8652c972953f0ce4,manual,bound_free,6.0,5,3,0
b8cTxDM8gDG-17,b8cTxDM8gDG_f339391e9479496e8652c972953f0ce4,manual,bound_free,9.0,5,6,0
b8cTxDM8gDG-17,b8cTxDM8gDG_f339391e9479496e8652c972953f0ce4,manual,bound_free,12.0,5,6,0
b8cTxDM8gDG-17,b8cTxDM8gDG_f339391e9479496e8652c972953f0ce4,manual,top_fixed,3.0,5,3,0
b8cTxDM8gDG-17,b8cTxDM8gDG_f339391e9479496e8652c972953f0ce4,manual,top_fixed,6.0,5,3,0
b8cTxDM8gDG-17,b8cTxDM8gDG_f339391e9479496e8652c972953f0ce4,manual,top_fixed,9.0,5,3,0
b8cTxDM8gDG-17,b8cTxDM8gDG_f339391e9479496e8652c972953f0ce4,manual,top_fixed,12.0,5,6,0
b8cTxDM8gDG-17,b8cTxDM8gDG_f339391e9479496e8652c972953f0ce4,manual,bottom_fixed,3.0,5,1,0
b8cTxDM8gDG-17,b8cTxDM8gDG_f339391e9479496e8652c972953f0ce4,manual,bottom_fixed,6.0,5,3,0
b8cTxDM8gDG-17,b8cTxDM8gDG_f339391e9479496e8652c972953f0ce4,manual,bottom_fixed,9.0,5,3,0
b8cTxDM8gDG-17,b8cTxDM8gDG_f339391e9479496e8652c972953f0ce4,manual,bottom_fixed,12.0,5,6,0
b8cTxDM8gDG-18,b8cTxDM8gDG_f3748786c3704532abb2358581488f3f,manual,count_only,0.0,6,15,0
b8cTxDM8gDG-18,b8cTxDM8gDG_f3748786c3704532abb2358581488f3f,manual,split_fixed,3.0,6,0,0
b8cTxDM8gDG-18,b8cTxDM8gDG_f3748786c3704532abb2358581488f3f,manual,split_fixed,6.0,6,2,0
b8cTxDM8gDG-18,b8cTxDM8gDG_f3748786c3704532abb2358581488f3f,manual,split_fixed,9.0,6,2,0
b8cTxDM8gDG-18,b8cTxDM8gDG_f3748786c3704532abb2358581488f3f,manual,split_fixed,12.0,6,3,0
b8cTxDM8gDG-18,b8cTxDM8gDG_f3748786c3704532abb2358581488f3f,manual,bound_fixed,3.0,6,0,0
b8cTxDM8gDG-18,b8cTxDM8gDG_f3748786c3704532abb2358581488f3f,manual,bound_fixed,6.0,6,2,0
b8cTxDM8gDG-18,b8cTxDM8gDG_f3748786c3704532abb2358581488f3f,manual,bound_fixed,9.0,6,2,0
b8cTxDM8gDG-18,b8cTxDM8gDG_f3748786c3704532abb2358581488f3f,manual,bound_fixed,12.0,6,3,0
b8cTxDM8gDG-18,b8cTxDM8gDG_f3748786c3704532abb2358581488f3f,manual,split_cyclic,3.0,6,0,0
b8cTxDM8gDG-18,b8cTxDM8gDG_f3748786c3704532abb2358581488f3f,manual,split_cyclic,6.0,6,2,0
b8cTxDM8gDG-18,b8cTxDM8gDG_f3748786c3704532abb2358581488f3f,manual,split_cyclic,9.0,6,2,0
b8cTxDM8gDG-18,b8cTxDM8gDG_f3748786c3704532abb2358581488f3f,manual,split_cyclic,12.0,6,3,0
b8cTxDM8gDG-18,b8cTxDM8gDG_f3748786c3704532abb2358581488f3f,manual,bound_cyclic,3.0,6,0,0
b8cTxDM8gDG-18,b8cTxDM8gDG_f3748786c3704532abb2358581488f3f,manual,bound_cyclic,6.0,6,2,0
b8cTxDM8gDG-18,b8cTxDM8gDG_f3748786c3704532abb2358581488f3f,manual,bound_cyclic,9.0,6,2,0
b8cTxDM8gDG-18,b8cTxDM8gDG_f3748786c3704532abb2358581488f3f,manual,bound_cyclic,12.0,6,3,0
b8cTxDM8gDG-18,b8cTxDM8gDG_f3748786c3704532abb2358581488f3f,manual,split_free,3.0,6,0,0
b8cTxDM8gDG-18,b8cTxDM8gDG_f3748786c3704532abb2358581488f3f,manual,split_free,6.0,6,2,0
b8cTxDM8gDG-18,b8cTxDM8gDG_f3748786c3704532abb2358581488f3f,manual,split_free,9.0,6,2,0
b8cTxDM8gDG-18,b8cTxDM8gDG_f3748786c3704532abb2358581488f3f,manual,split_free,12.0,6,3,0
b8cTxDM8gDG-18,b8cTxDM8gDG_f3748786c3704532abb2358581488f3f,manual,bound_free,3.0,6,0,0
b8cTxDM8gDG-18,b8cTxDM8gDG_f3748786c3704532abb2358581488f3f,manual,bound_free,6.0,6,2,0
b8cTxDM8gDG-18,b8cTxDM8gDG_f3748786c3704532abb2358581488f3f,manual,bound_free,9.0,6,2,0
b8cTxDM8gDG-18,b8cTxDM8gDG_f3748786c3704532abb2358581488f3f,manual,bound_free,12.0,6,3,0
b8cTxDM8gDG-18,b8cTxDM8gDG_f3748786c3704532abb2358581488f3f,manual,top_fixed,3.0,6,0,0
b8cTxDM8gDG-18,b8cTxDM8gDG_f3748786c3704532abb2358581488f3f,manual,top_fixed,6.0,6,3,1
b8cTxDM8gDG-18,b8cTxDM8gDG_f3748786c3704532abb2358581488f3f,manual,top_fixed,9.0,6,3,1
b8cTxDM8gDG-18,b8cTxDM8gDG_f3748786c3704532abb2358581488f3f,manual,top_fixed,12.0,6,5,2
b8cTxDM8gDG-18,b8cTxDM8gDG_f3748786c3704532abb2358581488f3f,manual,bottom_fixed,3.0,6,0,0
b8cTxDM8gDG-18,b8cTxDM8gDG_f3748786c3704532abb2358581488f3f,manual,bottom_fixed,6.0,6,2,0
b8cTxDM8gDG-18,b8cTxDM8gDG_f3748786c3704532abb2358581488f3f,manual,bottom_fixed,9.0,6,2,0
b8cTxDM8gDG-18,b8cTxDM8gDG_f3748786c3704532abb2358581488f3f,manual,bottom_fixed,12.0,6,3,0
b8cTxDM8gDG-19,b8cTxDM8gDG_f63819c407e64c2897b703080766cb60,oos,count_only,0.0,24,253,0
b8cTxDM8gDG-19,b8cTxDM8gDG_f63819c407e64c2897b703080766cb60,oos,split_fixed,3.0,24,6,0
b8cTxDM8gDG-19,b8cTxDM8gDG_f63819c407e64c2897b703080766cb60,oos,split_fixed,6.0,24,55,33
b8cTxDM8gDG-19,b8cTxDM8gDG_f63819c407e64c2897b703080766cb60,oos,split_fixed,9.0,24,208,83
b8cTxDM8gDG-19,b8cTxDM8gDG_f63819c407e64c2897b703080766cb60,oos,split_fixed,12.0,24,244,33
b8cTxDM8gDG-19,b8cTxDM8gDG_f63819c407e64c2897b703080766cb60,oos,bound_fixed,3.0,23,6,0
b8cTxDM8gDG-19,b8cTxDM8gDG_f63819c407e64c2897b703080766cb60,oos,bound_fixed,6.0,23,55,33
b8cTxDM8gDG-19,b8cTxDM8gDG_f63819c407e64c2897b703080766cb60,oos,bound_fixed,9.0,23,208,83
b8cTxDM8gDG-19,b8cTxDM8gDG_f63819c407e64c2897b703080766cb60,oos,bound_fixed,12.0,23,244,33
b8cTxDM8gDG-19,b8cTxDM8gDG_f63819c407e64c2897b703080766cb60,oos,split_cyclic,3.0,24,6,0
b8cTxDM8gDG-19,b8cTxDM8gDG_f63819c407e64c2897b703080766cb60,oos,split_cyclic,6.0,24,55,33
b8cTxDM8gDG-19,b8cTxDM8gDG_f63819c407e64c2897b703080766cb60,oos,split_cyclic,9.0,24,208,83
b8cTxDM8gDG-19,b8cTxDM8gDG_f63819c407e64c2897b703080766cb60,oos,split_cyclic,12.0,24,244,33
b8cTxDM8gDG-19,b8cTxDM8gDG_f63819c407e64c2897b703080766cb60,oos,bound_cyclic,3.0,23,6,0
b8cTxDM8gDG-19,b8cTxDM8gDG_f63819c407e64c2897b703080766cb60,oos,bound_cyclic,6.0,23,55,33
b8cTxDM8gDG-19,b8cTxDM8gDG_f63819c407e64c2897b703080766cb60,oos,bound_cyclic,9.0,23,208,83
b8cTxDM8gDG-19,b8cTxDM8gDG_f63819c407e64c2897b703080766cb60,oos,bound_cyclic,12.0,23,244,33
b8cTxDM8gDG-19,b8cTxDM8gDG_f63819c407e64c2897b703080766cb60,oos,split_free,3.0,24,6,0
b8cTxDM8gDG-19,b8cTxDM8gDG_f63819c407e64c2897b703080766cb60,oos,split_free,6.0,24,55,33
b8cTxDM8gDG-19,b8cTxDM8gDG_f63819c407e64c2897b703080766cb60,oos,split_free,9.0,24,208,83
b8cTxDM8gDG-19,b8cTxDM8gDG_f63819c407e64c2897b703080766cb60,oos,split_free,12.0,24,244,33
b8cTxDM8gDG-19,b8cTxDM8gDG_f63819c407e64c2897b703080766cb60,oos,bound_free,3.0,23,6,0
b8cTxDM8gDG-19,b8cTxDM8gDG_f63819c407e64c2897b703080766cb60,oos,bound_free,6.0,23,55,33
b8cTxDM8gDG-19,b8cTxDM8gDG_f63819c407e64c2897b703080766cb60,oos,bound_free,9.0,23,208,83
b8cTxDM8gDG-19,b8cTxDM8gDG_f63819c407e64c2897b703080766cb60,oos,bound_free,12.0,23,244,33
b8cTxDM8gDG-19,b8cTxDM8gDG_f63819c407e64c2897b703080766cb60,oos,top_fixed,3.0,24,22,3
b8cTxDM8gDG-19,b8cTxDM8gDG_f63819c407e64c2897b703080766cb60,oos,top_fixed,6.0,24,106,69
b8cTxDM8gDG-19,b8cTxDM8gDG_f63819c407e64c2897b703080766cb60,oos,top_fixed,9.0,24,217,134
b8cTxDM8gDG-19,b8cTxDM8gDG_f63819c407e64c2897b703080766cb60,oos,top_fixed,12.0,24,244,81
b8cTxDM8gDG-19,b8cTxDM8gDG_f63819c407e64c2897b703080766cb60,oos,bottom_fixed,3.0,24,16,5
b8cTxDM8gDG-19,b8cTxDM8gDG_f63819c407e64c2897b703080766cb60,oos,bottom_fixed,6.0,24,96,55
b8cTxDM8gDG-19,b8cTxDM8gDG_f63819c407e64c2897b703080766cb60,oos,bottom_fixed,9.0,24,230,139
b8cTxDM8gDG-19,b8cTxDM8gDG_f63819c407e64c2897b703080766cb60,oos,bottom_fixed,12.0,24,253,0
e9zR4mvMWw7-02,e9zR4mvMWw7_0ee61863ec0c4c06bac95fb886e98945,manual,count_only,0.0,6,15,0
e9zR4mvMWw7-02,e9zR4mvMWw7_0ee61863ec0c4c06bac95fb886e98945,manual,split_fixed,3.0,6,4,0
e9zR4mvMWw7-02,e9zR4mvMWw7_0ee61863ec0c4c06bac95fb886e98945,manual,split_fixed,6.0,6,11,5
e9zR4mvMWw7-02,e9zR4mvMWw7_0ee61863ec0c4c06bac95fb886e98945,manual,split_fixed,9.0,6,15,0
e9zR4mvMWw7-02,e9zR4mvMWw7_0ee61863ec0c4c06bac95fb886e98945,manual,split_fixed,12.0,6,15,0
e9zR4mvMWw7-02,e9zR4mvMWw7_0ee61863ec0c4c06bac95fb886e98945,manual,bound_fixed,3.0,6,4,0
e9zR4mvMWw7-02,e9zR4mvMWw7_0ee61863ec0c4c06bac95fb886e98945,manual,bound_fixed,6.0,6,11,5
e9zR4mvMWw7-02,e9zR4mvMWw7_0ee61863ec0c4c06bac95fb886e98945,manual,bound_fixed,9.0,6,15,0
e9zR4mvMWw7-02,e9zR4mvMWw7_0ee61863ec0c4c06bac95fb886e98945,manual,bound_fixed,12.0,6,15,0
e9zR4mvMWw7-02,e9zR4mvMWw7_0ee61863ec0c4c06bac95fb886e98945,manual,split_cyclic,3.0,6,4,0
e9zR4mvMWw7-02,e9zR4mvMWw7_0ee61863ec0c4c06bac95fb886e98945,manual,split_cyclic,6.0,6,11,5
e9zR4mvMWw7-02,e9zR4mvMWw7_0ee61863ec0c4c06bac95fb886e98945,manual,split_cyclic,9.0,6,15,0
e9zR4mvMWw7-02,e9zR4mvMWw7_0ee61863ec0c4c06bac95fb886e98945,manual,split_cyclic,12.0,6,15,0
e9zR4mvMWw7-02,e9zR4mvMWw7_0ee61863ec0c4c06bac95fb886e98945,manual,bound_cyclic,3.0,6,4,0
e9zR4mvMWw7-02,e9zR4mvMWw7_0ee61863ec0c4c06bac95fb886e98945,manual,bound_cyclic,6.0,6,11,5
e9zR4mvMWw7-02,e9zR4mvMWw7_0ee61863ec0c4c06bac95fb886e98945,manual,bound_cyclic,9.0,6,15,0
e9zR4mvMWw7-02,e9zR4mvMWw7_0ee61863ec0c4c06bac95fb886e98945,manual,bound_cyclic,12.0,6,15,0
e9zR4mvMWw7-02,e9zR4mvMWw7_0ee61863ec0c4c06bac95fb886e98945,manual,split_free,3.0,6,4,0
e9zR4mvMWw7-02,e9zR4mvMWw7_0ee61863ec0c4c06bac95fb886e98945,manual,split_free,6.0,6,11,5
e9zR4mvMWw7-02,e9zR4mvMWw7_0ee61863ec0c4c06bac95fb886e98945,manual,split_free,9.0,6,15,0
e9zR4mvMWw7-02,e9zR4mvMWw7_0ee61863ec0c4c06bac95fb886e98945,manual,split_free,12.0,6,15,0
e9zR4mvMWw7-02,e9zR4mvMWw7_0ee61863ec0c4c06bac95fb886e98945,manual,bound_free,3.0,6,4,0
e9zR4mvMWw7-02,e9zR4mvMWw7_0ee61863ec0c4c06bac95fb886e98945,manual,bound_free,6.0,6,11,5
e9zR4mvMWw7-02,e9zR4mvMWw7_0ee61863ec0c4c06bac95fb886e98945,manual,bound_free,9.0,6,15,0
e9zR4mvMWw7-02,e9zR4mvMWw7_0ee61863ec0c4c06bac95fb886e98945,manual,bound_free,12.0,6,15,0
e9zR4mvMWw7-02,e9zR4mvMWw7_0ee61863ec0c4c06bac95fb886e98945,manual,top_fixed,3.0,6,5,1
e9zR4mvMWw7-02,e9zR4mvMWw7_0ee61863ec0c4c06bac95fb886e98945,manual,top_fixed,6.0,6,11,5
e9zR4mvMWw7-02,e9zR4mvMWw7_0ee61863ec0c4c06bac95fb886e98945,manual,top_fixed,9.0,6,15,0
e9zR4mvMWw7-02,e9zR4mvMWw7_0ee61863ec0c4c06bac95fb886e98945,manual,top_fixed,12.0,6,15,0
e9zR4mvMWw7-02,e9zR4mvMWw7_0ee61863ec0c4c06bac95fb886e98945,manual,bottom_fixed,3.0,6,14,8
e9zR4mvMWw7-02,e9zR4mvMWw7_0ee61863ec0c4c06bac95fb886e98945,manual,bottom_fixed,6.0,6,15,0
e9zR4mvMWw7-02,e9zR4mvMWw7_0ee61863ec0c4c06bac95fb886e98945,manual,bottom_fixed,9.0,6,15,0
e9zR4mvMWw7-02,e9zR4mvMWw7_0ee61863ec0c4c06bac95fb886e98945,manual,bottom_fixed,12.0,6,15,0
e9zR4mvMWw7-03,e9zR4mvMWw7_12c84e77f6564013a032220e8f9037e8,semi,count_only,0.0,24,213,0
e9zR4mvMWw7-03,e9zR4mvMWw7_12c84e77f6564013a032220e8f9037e8,semi,split_fixed,3.0,24,148,81
e9zR4mvMWw7-03,e9zR4mvMWw7_12c84e77f6564013a032220e8f9037e8,semi,split_fixed,6.0,24,194,1
e9zR4mvMWw7-03,e9zR4mvMWw7_12c84e77f6564013a032220e8f9037e8,semi,split_fixed,9.0,24,213,0
e9zR4mvMWw7-03,e9zR4mvMWw7_12c84e77f6564013a032220e8f9037e8,semi,split_fixed,12.0,24,213,0
e9zR4mvMWw7-03,e9zR4mvMWw7_12c84e77f6564013a032220e8f9037e8,semi,bound_fixed,3.0,24,148,81
e9zR4mvMWw7-03,e9zR4mvMWw7_12c84e77f6564013a032220e8f9037e8,semi,bound_fixed,6.0,24,194,1
e9zR4mvMWw7-03,e9zR4mvMWw7_12c84e77f6564013a032220e8f9037e8,semi,bound_fixed,9.0,24,213,0
e9zR4mvMWw7-03,e9zR4mvMWw7_12c84e77f6564013a032220e8f9037e8,semi,bound_fixed,12.0,24,213,0
e9zR4mvMWw7-03,e9zR4mvMWw7_12c84e77f6564013a032220e8f9037e8,semi,split_cyclic,3.0,24,148,81
e9zR4mvMWw7-03,e9zR4mvMWw7_12c84e77f6564013a032220e8f9037e8,semi,split_cyclic,6.0,24,194,1
e9zR4mvMWw7-03,e9zR4mvMWw7_12c84e77f6564013a032220e8f9037e8,semi,split_cyclic,9.0,24,213,0
e9zR4mvMWw7-03,e9zR4mvMWw7_12c84e77f6564013a032220e8f9037e8,semi,split_cyclic,12.0,24,213,0
e9zR4mvMWw7-03,e9zR4mvMWw7_12c84e77f6564013a032220e8f9037e8,semi,bound_cyclic,3.0,24,148,81
e9zR4mvMWw7-03,e9zR4mvMWw7_12c84e77f6564013a032220e8f9037e8,semi,bound_cyclic,6.0,24,194,1
e9zR4mvMWw7-03,e9zR4mvMWw7_12c84e77f6564013a032220e8f9037e8,semi,bound_cyclic,9.0,24,213,0
e9zR4mvMWw7-03,e9zR4mvMWw7_12c84e77f6564013a032220e8f9037e8,semi,bound_cyclic,12.0,24,213,0
e9zR4mvMWw7-03,e9zR4mvMWw7_12c84e77f6564013a032220e8f9037e8,semi,split_free,3.0,24,148,81
e9zR4mvMWw7-03,e9zR4mvMWw7_12c84e77f6564013a032220e8f9037e8,semi,split_free,6.0,24,194,1
e9zR4mvMWw7-03,e9zR4mvMWw7_12c84e77f6564013a032220e8f9037e8,semi,split_free,9.0,24,213,0
e9zR4mvMWw7-03,e9zR4mvMWw7_12c84e77f6564013a032220e8f9037e8,semi,split_free,12.0,24,213,0
e9zR4mvMWw7-03,e9zR4mvMWw7_12c84e77f6564013a032220e8f9037e8,semi,bound_free,3.0,24,148,81
e9zR4mvMWw7-03,e9zR4mvMWw7_12c84e77f6564013a032220e8f9037e8,semi,bound_free,6.0,24,194,1
e9zR4mvMWw7-03,e9zR4mvMWw7_12c84e77f6564013a032220e8f9037e8,semi,bound_free,9.0,24,213,0
e9zR4mvMWw7-03,e9zR4mvMWw7_12c84e77f6564013a032220e8f9037e8,semi,bound_free,12.0,24,213,0
e9zR4mvMWw7-03,e9zR4mvMWw7_12c84e77f6564013a032220e8f9037e8,semi,top_fixed,3.0,24,154,83
e9zR4mvMWw7-03,e9zR4mvMWw7_12c84e77f6564013a032220e8f9037e8,semi,top_fixed,6.0,24,197,4
e9zR4mvMWw7-03,e9zR4mvMWw7_12c84e77f6564013a032220e8f9037e8,semi,top_fixed,9.0,24,213,0
e9zR4mvMWw7-03,e9zR4mvMWw7_12c84e77f6564013a032220e8f9037e8,semi,top_fixed,12.0,24,213,0
e9zR4mvMWw7-03,e9zR4mvMWw7_12c84e77f6564013a032220e8f9037e8,semi,bottom_fixed,3.0,24,170,102
e9zR4mvMWw7-03,e9zR4mvMWw7_12c84e77f6564013a032220e8f9037e8,semi,bottom_fixed,6.0,24,194,1
e9zR4mvMWw7-03,e9zR4mvMWw7_12c84e77f6564013a032220e8f9037e8,semi,bottom_fixed,9.0,24,213,0
e9zR4mvMWw7-03,e9zR4mvMWw7_12c84e77f6564013a032220e8f9037e8,semi,bottom_fixed,12.0,24,213,0
e9zR4mvMWw7-09,e9zR4mvMWw7_1d316dfbe35f41dd9203eaf88be5aae8,manual,count_only,0.0,6,15,0
e9zR4mvMWw7-09,e9zR4mvMWw7_1d316dfbe35f41dd9203eaf88be5aae8,manual,split_fixed,3.0,6,4,2
e9zR4mvMWw7-09,e9zR4mvMWw7_1d316dfbe35f41dd9203eaf88be5aae8,manual,split_fixed,6.0,6,7,0
e9zR4mvMWw7-09,e9zR4mvMWw7_1d316dfbe35f41dd9203eaf88be5aae8,manual,split_fixed,9.0,6,7,0
e9zR4mvMWw7-09,e9zR4mvMWw7_1d316dfbe35f41dd9203eaf88be5aae8,manual,split_fixed,12.0,6,7,0
e9zR4mvMWw7-09,e9zR4mvMWw7_1d316dfbe35f41dd9203eaf88be5aae8,manual,bound_fixed,3.0,6,4,2
e9zR4mvMWw7-09,e9zR4mvMWw7_1d316dfbe35f41dd9203eaf88be5aae8,manual,bound_fixed,6.0,6,7,0
e9zR4mvMWw7-09,e9zR4mvMWw7_1d316dfbe35f41dd9203eaf88be5aae8,manual,bound_fixed,9.0,6,7,0
e9zR4mvMWw7-09,e9zR4mvMWw7_1d316dfbe35f41dd9203eaf88be5aae8,manual,bound_fixed,12.0,6,7,0
e9zR4mvMWw7-09,e9zR4mvMWw7_1d316dfbe35f41dd9203eaf88be5aae8,manual,split_cyclic,3.0,6,4,2
e9zR4mvMWw7-09,e9zR4mvMWw7_1d316dfbe35f41dd9203eaf88be5aae8,manual,split_cyclic,6.0,6,7,0
e9zR4mvMWw7-09,e9zR4mvMWw7_1d316dfbe35f41dd9203eaf88be5aae8,manual,split_cyclic,9.0,6,7,0
e9zR4mvMWw7-09,e9zR4mvMWw7_1d316dfbe35f41dd9203eaf88be5aae8,manual,split_cyclic,12.0,6,7,0
e9zR4mvMWw7-09,e9zR4mvMWw7_1d316dfbe35f41dd9203eaf88be5aae8,manual,bound_cyclic,3.0,6,4,2
e9zR4mvMWw7-09,e9zR4mvMWw7_1d316dfbe35f41dd9203eaf88be5aae8,manual,bound_cyclic,6.0,6,7,0
e9zR4mvMWw7-09,e9zR4mvMWw7_1d316dfbe35f41dd9203eaf88be5aae8,manual,bound_cyclic,9.0,6,7,0
e9zR4mvMWw7-09,e9zR4mvMWw7_1d316dfbe35f41dd9203eaf88be5aae8,manual,bound_cyclic,12.0,6,7,0
e9zR4mvMWw7-09,e9zR4mvMWw7_1d316dfbe35f41dd9203eaf88be5aae8,manual,split_free,3.0,6,4,2
e9zR4mvMWw7-09,e9zR4mvMWw7_1d316dfbe35f41dd9203eaf88be5aae8,manual,split_free,6.0,6,7,0
e9zR4mvMWw7-09,e9zR4mvMWw7_1d316dfbe35f41dd9203eaf88be5aae8,manual,split_free,9.0,6,7,0
e9zR4mvMWw7-09,e9zR4mvMWw7_1d316dfbe35f41dd9203eaf88be5aae8,manual,split_free,12.0,6,7,0
e9zR4mvMWw7-09,e9zR4mvMWw7_1d316dfbe35f41dd9203eaf88be5aae8,manual,bound_free,3.0,6,4,2
e9zR4mvMWw7-09,e9zR4mvMWw7_1d316dfbe35f41dd9203eaf88be5aae8,manual,bound_free,6.0,6,7,0
e9zR4mvMWw7-09,e9zR4mvMWw7_1d316dfbe35f41dd9203eaf88be5aae8,manual,bound_free,9.0,6,7,0
e9zR4mvMWw7-09,e9zR4mvMWw7_1d316dfbe35f41dd9203eaf88be5aae8,manual,bound_free,12.0,6,7,0
e9zR4mvMWw7-09,e9zR4mvMWw7_1d316dfbe35f41dd9203eaf88be5aae8,manual,top_fixed,3.0,6,4,2
e9zR4mvMWw7-09,e9zR4mvMWw7_1d316dfbe35f41dd9203eaf88be5aae8,manual,top_fixed,6.0,6,7,0
e9zR4mvMWw7-09,e9zR4mvMWw7_1d316dfbe35f41dd9203eaf88be5aae8,manual,top_fixed,9.0,6,7,0
e9zR4mvMWw7-09,e9zR4mvMWw7_1d316dfbe35f41dd9203eaf88be5aae8,manual,top_fixed,12.0,6,7,0
e9zR4mvMWw7-09,e9zR4mvMWw7_1d316dfbe35f41dd9203eaf88be5aae8,manual,bottom_fixed,3.0,6,6,0
e9zR4mvMWw7-09,e9zR4mvMWw7_1d316dfbe35f41dd9203eaf88be5aae8,manual,bottom_fixed,6.0,6,7,0
e9zR4mvMWw7-09,e9zR4mvMWw7_1d316dfbe35f41dd9203eaf88be5aae8,manual,bottom_fixed,9.0,6,7,0
e9zR4mvMWw7-09,e9zR4mvMWw7_1d316dfbe35f41dd9203eaf88be5aae8,manual,bottom_fixed,12.0,6,7,0
e9zR4mvMWw7-10,e9zR4mvMWw7_1daae4b7becc43949516096170ce2a76,semi,count_only,0.0,24,276,0
e9zR4mvMWw7-10,e9zR4mvMWw7_1daae4b7becc43949516096170ce2a76,semi,split_fixed,3.0,24,108,2
e9zR4mvMWw7-10,e9zR4mvMWw7_1daae4b7becc43949516096170ce2a76,semi,split_fixed,6.0,24,247,90
e9zR4mvMWw7-10,e9zR4mvMWw7_1daae4b7becc43949516096170ce2a76,semi,split_fixed,9.0,24,274,78
e9zR4mvMWw7-10,e9zR4mvMWw7_1daae4b7becc43949516096170ce2a76,semi,split_fixed,12.0,24,276,0
e9zR4mvMWw7-10,e9zR4mvMWw7_1daae4b7becc43949516096170ce2a76,semi,bound_fixed,3.0,24,108,2
e9zR4mvMWw7-10,e9zR4mvMWw7_1daae4b7becc43949516096170ce2a76,semi,bound_fixed,6.0,24,247,90
e9zR4mvMWw7-10,e9zR4mvMWw7_1daae4b7becc43949516096170ce2a76,semi,bound_fixed,9.0,24,274,78
e9zR4mvMWw7-10,e9zR4mvMWw7_1daae4b7becc43949516096170ce2a76,semi,bound_fixed,12.0,24,276,0
e9zR4mvMWw7-10,e9zR4mvMWw7_1daae4b7becc43949516096170ce2a76,semi,split_cyclic,3.0,24,108,2
e9zR4mvMWw7-10,e9zR4mvMWw7_1daae4b7becc43949516096170ce2a76,semi,split_cyclic,6.0,24,247,90
e9zR4mvMWw7-10,e9zR4mvMWw7_1daae4b7becc43949516096170ce2a76,semi,split_cyclic,9.0,24,274,78
e9zR4mvMWw7-10,e9zR4mvMWw7_1daae4b7becc43949516096170ce2a76,semi,split_cyclic,12.0,24,276,0
e9zR4mvMWw7-10,e9zR4mvMWw7_1daae4b7becc43949516096170ce2a76,semi,bound_cyclic,3.0,24,108,2
e9zR4mvMWw7-10,e9zR4mvMWw7_1daae4b7becc43949516096170ce2a76,semi,bound_cyclic,6.0,24,247,90
e9zR4mvMWw7-10,e9zR4mvMWw7_1daae4b7becc43949516096170ce2a76,semi,bound_cyclic,9.0,24,274,78
e9zR4mvMWw7-10,e9zR4mvMWw7_1daae4b7becc43949516096170ce2a76,semi,bound_cyclic,12.0,24,276,0
e9zR4mvMWw7-10,e9zR4mvMWw7_1daae4b7becc43949516096170ce2a76,semi,split_free,3.0,24,108,2
e9zR4mvMWw7-10,e9zR4mvMWw7_1daae4b7becc43949516096170ce2a76,semi,split_free,6.0,24,247,90
e9zR4mvMWw7-10,e9zR4mvMWw7_1daae4b7becc43949516096170ce2a76,semi,split_free,9.0,24,274,78
e9zR4mvMWw7-10,e9zR4mvMWw7_1daae4b7becc43949516096170ce2a76,semi,split_free,12.0,24,276,0
e9zR4mvMWw7-10,e9zR4mvMWw7_1daae4b7becc43949516096170ce2a76,semi,bound_free,3.0,24,108,2
e9zR4mvMWw7-10,e9zR4mvMWw7_1daae4b7becc43949516096170ce2a76,semi,bound_free,6.0,24,247,90
e9zR4mvMWw7-10,e9zR4mvMWw7_1daae4b7becc43949516096170ce2a76,semi,bound_free,9.0,24,274,78
e9zR4mvMWw7-10,e9zR4mvMWw7_1daae4b7becc43949516096170ce2a76,semi,bound_free,12.0,24,276,0
e9zR4mvMWw7-10,e9zR4mvMWw7_1daae4b7becc43949516096170ce2a76,semi,top_fixed,3.0,24,159,21
e9zR4mvMWw7-10,e9zR4mvMWw7_1daae4b7becc43949516096170ce2a76,semi,top_fixed,6.0,24,254,23
e9zR4mvMWw7-10,e9zR4mvMWw7_1daae4b7becc43949516096170ce2a76,semi,top_fixed,9.0,24,275,22
e9zR4mvMWw7-10,e9zR4mvMWw7_1daae4b7becc43949516096170ce2a76,semi,top_fixed,12.0,24,276,0
e9zR4mvMWw7-10,e9zR4mvMWw7_1daae4b7becc43949516096170ce2a76,semi,bottom_fixed,3.0,24,132,24
e9zR4mvMWw7-10,e9zR4mvMWw7_1daae4b7becc43949516096170ce2a76,semi,bottom_fixed,6.0,24,267,92
e9zR4mvMWw7-10,e9zR4mvMWw7_1daae4b7becc43949516096170ce2a76,semi,bottom_fixed,9.0,24,275,43
e9zR4mvMWw7-10,e9zR4mvMWw7_1daae4b7becc43949516096170ce2a76,semi,bottom_fixed,12.0,24,276,0
e9zR4mvMWw7-16,e9zR4mvMWw7_409f2a738bf54153b9b77c39e7a4ea45,semi,count_only,0.0,24,276,0
e9zR4mvMWw7-16,e9zR4mvMWw7_409f2a738bf54153b9b77c39e7a4ea45,semi,split_fixed,3.0,24,137,16
e9zR4mvMWw7-16,e9zR4mvMWw7_409f2a738bf54153b9b77c39e7a4ea45,semi,split_fixed,6.0,24,210,19
e9zR4mvMWw7-16,e9zR4mvMWw7_409f2a738bf54153b9b77c39e7a4ea45,semi,split_fixed,9.0,24,222,11
e9zR4mvMWw7-16,e9zR4mvMWw7_409f2a738bf54153b9b77c39e7a4ea45,semi,split_fixed,12.0,24,239,28
e9zR4mvMWw7-16,e9zR4mvMWw7_409f2a738bf54153b9b77c39e7a4ea45,semi,bound_fixed,3.0,24,137,16
e9zR4mvMWw7-16,e9zR4mvMWw7_409f2a738bf54153b9b77c39e7a4ea45,semi,bound_fixed,6.0,24,210,19
e9zR4mvMWw7-16,e9zR4mvMWw7_409f2a738bf54153b9b77c39e7a4ea45,semi,bound_fixed,9.0,24,222,11
e9zR4mvMWw7-16,e9zR4mvMWw7_409f2a738bf54153b9b77c39e7a4ea45,semi,bound_fixed,12.0,24,239,28
e9zR4mvMWw7-16,e9zR4mvMWw7_409f2a738bf54153b9b77c39e7a4ea45,semi,split_cyclic,3.0,24,137,16
e9zR4mvMWw7-16,e9zR4mvMWw7_409f2a738bf54153b9b77c39e7a4ea45,semi,split_cyclic,6.0,24,210,19
e9zR4mvMWw7-16,e9zR4mvMWw7_409f2a738bf54153b9b77c39e7a4ea45,semi,split_cyclic,9.0,24,222,11
e9zR4mvMWw7-16,e9zR4mvMWw7_409f2a738bf54153b9b77c39e7a4ea45,semi,split_cyclic,12.0,24,239,28
e9zR4mvMWw7-16,e9zR4mvMWw7_409f2a738bf54153b9b77c39e7a4ea45,semi,bound_cyclic,3.0,24,137,16
e9zR4mvMWw7-16,e9zR4mvMWw7_409f2a738bf54153b9b77c39e7a4ea45,semi,bound_cyclic,6.0,24,210,19
e9zR4mvMWw7-16,e9zR4mvMWw7_409f2a738bf54153b9b77c39e7a4ea45,semi,bound_cyclic,9.0,24,222,11
e9zR4mvMWw7-16,e9zR4mvMWw7_409f2a738bf54153b9b77c39e7a4ea45,semi,bound_cyclic,12.0,24,239,28
e9zR4mvMWw7-16,e9zR4mvMWw7_409f2a738bf54153b9b77c39e7a4ea45,semi,split_free,3.0,24,137,16
e9zR4mvMWw7-16,e9zR4mvMWw7_409f2a738bf54153b9b77c39e7a4ea45,semi,split_free,6.0,24,210,19
e9zR4mvMWw7-16,e9zR4mvMWw7_409f2a738bf54153b9b77c39e7a4ea45,semi,split_free,9.0,24,222,11
e9zR4mvMWw7-16,e9zR4mvMWw7_409f2a738bf54153b9b77c39e7a4ea45,semi,split_free,12.0,24,239,28
e9zR4mvMWw7-16,e9zR4mvMWw7_409f2a738bf54153b9b77c39e7a4ea45,semi,bound_free,3.0,24,137,16
e9zR4mvMWw7-16,e9zR4mvMWw7_409f2a738bf54153b9b77c39e7a4ea45,semi,bound_free,6.0,24,210,19
e9zR4mvMWw7-16,e9zR4mvMWw7_409f2a738bf54153b9b77c39e7a4ea45,semi,bound_free,9.0,24,222,11
e9zR4mvMWw7-16,e9zR4mvMWw7_409f2a738bf54153b9b77c39e7a4ea45,semi,bound_free,12.0,24,239,28
e9zR4mvMWw7-16,e9zR4mvMWw7_409f2a738bf54153b9b77c39e7a4ea45,semi,top_fixed,3.0,24,185,34
e9zR4mvMWw7-16,e9zR4mvMWw7_409f2a738bf54153b9b77c39e7a4ea45,semi,top_fixed,6.0,24,275,118
e9zR4mvMWw7-16,e9zR4mvMWw7_409f2a738bf54153b9b77c39e7a4ea45,semi,top_fixed,9.0,24,276,0
e9zR4mvMWw7-16,e9zR4mvMWw7_409f2a738bf54153b9b77c39e7a4ea45,semi,top_fixed,12.0,24,276,0
e9zR4mvMWw7-16,e9zR4mvMWw7_409f2a738bf54153b9b77c39e7a4ea45,semi,bottom_fixed,3.0,24,157,48
e9zR4mvMWw7-16,e9zR4mvMWw7_409f2a738bf54153b9b77c39e7a4ea45,semi,bottom_fixed,6.0,24,210,19
e9zR4mvMWw7-16,e9zR4mvMWw7_409f2a738bf54153b9b77c39e7a4ea45,semi,bottom_fixed,9.0,24,222,11
e9zR4mvMWw7-16,e9zR4mvMWw7_409f2a738bf54153b9b77c39e7a4ea45,semi,bottom_fixed,12.0,24,239,28
e9zR4mvMWw7-17,e9zR4mvMWw7_4273c4dd97974531b5256f96204fee47,manual,count_only,0.0,6,15,0
e9zR4mvMWw7-17,e9zR4mvMWw7_4273c4dd97974531b5256f96204fee47,manual,split_fixed,3.0,6,1,0
e9zR4mvMWw7-17,e9zR4mvMWw7_4273c4dd97974531b5256f96204fee47,manual,split_fixed,6.0,6,5,2
e9zR4mvMWw7-17,e9zR4mvMWw7_4273c4dd97974531b5256f96204fee47,manual,split_fixed,9.0,6,8,1
e9zR4mvMWw7-17,e9zR4mvMWw7_4273c4dd97974531b5256f96204fee47,manual,split_fixed,12.0,6,9,2
e9zR4mvMWw7-17,e9zR4mvMWw7_4273c4dd97974531b5256f96204fee47,manual,bound_fixed,3.0,6,1,0
e9zR4mvMWw7-17,e9zR4mvMWw7_4273c4dd97974531b5256f96204fee47,manual,bound_fixed,6.0,6,5,2
e9zR4mvMWw7-17,e9zR4mvMWw7_4273c4dd97974531b5256f96204fee47,manual,bound_fixed,9.0,6,8,1
e9zR4mvMWw7-17,e9zR4mvMWw7_4273c4dd97974531b5256f96204fee47,manual,bound_fixed,12.0,6,9,2
e9zR4mvMWw7-17,e9zR4mvMWw7_4273c4dd97974531b5256f96204fee47,manual,split_cyclic,3.0,6,1,0
e9zR4mvMWw7-17,e9zR4mvMWw7_4273c4dd97974531b5256f96204fee47,manual,split_cyclic,6.0,6,5,2
e9zR4mvMWw7-17,e9zR4mvMWw7_4273c4dd97974531b5256f96204fee47,manual,split_cyclic,9.0,6,8,1
e9zR4mvMWw7-17,e9zR4mvMWw7_4273c4dd97974531b5256f96204fee47,manual,split_cyclic,12.0,6,9,2
e9zR4mvMWw7-17,e9zR4mvMWw7_4273c4dd97974531b5256f96204fee47,manual,bound_cyclic,3.0,6,1,0
e9zR4mvMWw7-17,e9zR4mvMWw7_4273c4dd97974531b5256f96204fee47,manual,bound_cyclic,6.0,6,5,2
e9zR4mvMWw7-17,e9zR4mvMWw7_4273c4dd97974531b5256f96204fee47,manual,bound_cyclic,9.0,6,8,1
e9zR4mvMWw7-17,e9zR4mvMWw7_4273c4dd97974531b5256f96204fee47,manual,bound_cyclic,12.0,6,9,2
e9zR4mvMWw7-17,e9zR4mvMWw7_4273c4dd97974531b5256f96204fee47,manual,split_free,3.0,6,1,0
e9zR4mvMWw7-17,e9zR4mvMWw7_4273c4dd97974531b5256f96204fee47,manual,split_free,6.0,6,5,2
e9zR4mvMWw7-17,e9zR4mvMWw7_4273c4dd97974531b5256f96204fee47,manual,split_free,9.0,6,8,1
e9zR4mvMWw7-17,e9zR4mvMWw7_4273c4dd97974531b5256f96204fee47,manual,split_free,12.0,6,9,2
e9zR4mvMWw7-17,e9zR4mvMWw7_4273c4dd97974531b5256f96204fee47,manual,bound_free,3.0,6,1,0
e9zR4mvMWw7-17,e9zR4mvMWw7_4273c4dd97974531b5256f96204fee47,manual,bound_free,6.0,6,5,2
e9zR4mvMWw7-17,e9zR4mvMWw7_4273c4dd97974531b5256f96204fee47,manual,bound_free,9.0,6,8,1
e9zR4mvMWw7-17,e9zR4mvMWw7_4273c4dd97974531b5256f96204fee47,manual,bound_free,12.0,6,9,2
e9zR4mvMWw7-17,e9zR4mvMWw7_4273c4dd97974531b5256f96204fee47,manual,top_fixed,3.0,6,11,1
e9zR4mvMWw7-17,e9zR4mvMWw7_4273c4dd97974531b5256f96204fee47,manual,top_fixed,6.0,6,15,0
e9zR4mvMWw7-17,e9zR4mvMWw7_4273c4dd97974531b5256f96204fee47,manual,top_fixed,9.0,6,15,0
e9zR4mvMWw7-17,e9zR4mvMWw7_4273c4dd97974531b5256f96204fee47,manual,top_fixed,12.0,6,15,0
e9zR4mvMWw7-17,e9zR4mvMWw7_4273c4dd97974531b5256f96204fee47,manual,bottom_fixed,3.0,6,1,0
e9zR4mvMWw7-17,e9zR4mvMWw7_4273c4dd97974531b5256f96204fee47,manual,bottom_fixed,6.0,6,5,2
e9zR4mvMWw7-17,e9zR4mvMWw7_4273c4dd97974531b5256f96204fee47,manual,bottom_fixed,9.0,6,8,1
e9zR4mvMWw7-17,e9zR4mvMWw7_4273c4dd97974531b5256f96204fee47,manual,bottom_fixed,12.0,6,9,2
e9zR4mvMWw7-19,e9zR4mvMWw7_4fb8c9be319e4784b4b66f9ca5d839ab,manual,count_only,0.0,24,93,0
e9zR4mvMWw7-19,e9zR4mvMWw7_4fb8c9be319e4784b4b66f9ca5d839ab,manual,split_fixed,3.0,24,13,4
e9zR4mvMWw7-19,e9zR4mvMWw7_4fb8c9be319e4784b4b66f9ca5d839ab,manual,split_fixed,6.0,24,34,4
e9zR4mvMWw7-19,e9zR4mvMWw7_4fb8c9be319e4784b4b66f9ca5d839ab,manual,split_fixed,9.0,24,46,10
e9zR4mvMWw7-19,e9zR4mvMWw7_4fb8c9be319e4784b4b66f9ca5d839ab,manual,split_fixed,12.0,24,64,19
e9zR4mvMWw7-19,e9zR4mvMWw7_4fb8c9be319e4784b4b66f9ca5d839ab,manual,bound_fixed,3.0,24,13,4
e9zR4mvMWw7-19,e9zR4mvMWw7_4fb8c9be319e4784b4b66f9ca5d839ab,manual,bound_fixed,6.0,24,34,4
e9zR4mvMWw7-19,e9zR4mvMWw7_4fb8c9be319e4784b4b66f9ca5d839ab,manual,bound_fixed,9.0,24,46,10
e9zR4mvMWw7-19,e9zR4mvMWw7_4fb8c9be319e4784b4b66f9ca5d839ab,manual,bound_fixed,12.0,24,64,19
e9zR4mvMWw7-19,e9zR4mvMWw7_4fb8c9be319e4784b4b66f9ca5d839ab,manual,split_cyclic,3.0,24,13,4
e9zR4mvMWw7-19,e9zR4mvMWw7_4fb8c9be319e4784b4b66f9ca5d839ab,manual,split_cyclic,6.0,24,34,4
e9zR4mvMWw7-19,e9zR4mvMWw7_4fb8c9be319e4784b4b66f9ca5d839ab,manual,split_cyclic,9.0,24,46,10
e9zR4mvMWw7-19,e9zR4mvMWw7_4fb8c9be319e4784b4b66f9ca5d839ab,manual,split_cyclic,12.0,24,64,19
e9zR4mvMWw7-19,e9zR4mvMWw7_4fb8c9be319e4784b4b66f9ca5d839ab,manual,bound_cyclic,3.0,24,13,4
e9zR4mvMWw7-19,e9zR4mvMWw7_4fb8c9be319e4784b4b66f9ca5d839ab,manual,bound_cyclic,6.0,24,34,4
e9zR4mvMWw7-19,e9zR4mvMWw7_4fb8c9be319e4784b4b66f9ca5d839ab,manual,bound_cyclic,9.0,24,46,10
e9zR4mvMWw7-19,e9zR4mvMWw7_4fb8c9be319e4784b4b66f9ca5d839ab,manual,bound_cyclic,12.0,24,64,19
e9zR4mvMWw7-19,e9zR4mvMWw7_4fb8c9be319e4784b4b66f9ca5d839ab,manual,split_free,3.0,24,13,4
e9zR4mvMWw7-19,e9zR4mvMWw7_4fb8c9be319e4784b4b66f9ca5d839ab,manual,split_free,6.0,24,34,4
e9zR4mvMWw7-19,e9zR4mvMWw7_4fb8c9be319e4784b4b66f9ca5d839ab,manual,split_free,9.0,24,46,10
e9zR4mvMWw7-19,e9zR4mvMWw7_4fb8c9be319e4784b4b66f9ca5d839ab,manual,split_free,12.0,24,64,19
e9zR4mvMWw7-19,e9zR4mvMWw7_4fb8c9be319e4784b4b66f9ca5d839ab,manual,bound_free,3.0,24,13,4
e9zR4mvMWw7-19,e9zR4mvMWw7_4fb8c9be319e4784b4b66f9ca5d839ab,manual,bound_free,6.0,24,34,4
e9zR4mvMWw7-19,e9zR4mvMWw7_4fb8c9be319e4784b4b66f9ca5d839ab,manual,bound_free,9.0,24,46,10
e9zR4mvMWw7-19,e9zR4mvMWw7_4fb8c9be319e4784b4b66f9ca5d839ab,manual,bound_free,12.0,24,64,19
e9zR4mvMWw7-19,e9zR4mvMWw7_4fb8c9be319e4784b4b66f9ca5d839ab,manual,top_fixed,3.0,24,17,2
e9zR4mvMWw7-19,e9zR4mvMWw7_4fb8c9be319e4784b4b66f9ca5d839ab,manual,top_fixed,6.0,24,37,7
e9zR4mvMWw7-19,e9zR4mvMWw7_4fb8c9be319e4784b4b66f9ca5d839ab,manual,top_fixed,9.0,24,51,6
e9zR4mvMWw7-19,e9zR4mvMWw7_4fb8c9be319e4784b4b66f9ca5d839ab,manual,top_fixed,12.0,24,67,22
e9zR4mvMWw7-19,e9zR4mvMWw7_4fb8c9be319e4784b4b66f9ca5d839ab,manual,bottom_fixed,3.0,24,23,1
e9zR4mvMWw7-19,e9zR4mvMWw7_4fb8c9be319e4784b4b66f9ca5d839ab,manual,bottom_fixed,6.0,24,41,5
e9zR4mvMWw7-19,e9zR4mvMWw7_4fb8c9be319e4784b4b66f9ca5d839ab,manual,bottom_fixed,9.0,24,61,22
e9zR4mvMWw7-19,e9zR4mvMWw7_4fb8c9be319e4784b4b66f9ca5d839ab,manual,bottom_fixed,12.0,24,73,25
e9zR4mvMWw7-32,e9zR4mvMWw7_ac03b99e3f3642be80b4d24fde0af03a,semi,count_only,0.0,24,232,0
e9zR4mvMWw7-32,e9zR4mvMWw7_ac03b99e3f3642be80b4d24fde0af03a,semi,split_fixed,3.0,24,85,24
e9zR4mvMWw7-32,e9zR4mvMWw7_ac03b99e3f3642be80b4d24fde0af03a,semi,split_fixed,6.0,24,189,100
e9zR4mvMWw7-32,e9zR4mvMWw7_ac03b99e3f3642be80b4d24fde0af03a,semi,split_fixed,9.0,24,230,55
e9zR4mvMWw7-32,e9zR4mvMWw7_ac03b99e3f3642be80b4d24fde0af03a,semi,split_fixed,12.0,24,232,0
e9zR4mvMWw7-32,e9zR4mvMWw7_ac03b99e3f3642be80b4d24fde0af03a,semi,bound_fixed,3.0,24,85,24
e9zR4mvMWw7-32,e9zR4mvMWw7_ac03b99e3f3642be80b4d24fde0af03a,semi,bound_fixed,6.0,24,189,100
e9zR4mvMWw7-32,e9zR4mvMWw7_ac03b99e3f3642be80b4d24fde0af03a,semi,bound_fixed,9.0,24,230,55
e9zR4mvMWw7-32,e9zR4mvMWw7_ac03b99e3f3642be80b4d24fde0af03a,semi,bound_fixed,12.0,24,232,0
e9zR4mvMWw7-32,e9zR4mvMWw7_ac03b99e3f3642be80b4d24fde0af03a,semi,split_cyclic,3.0,24,85,24
e9zR4mvMWw7-32,e9zR4mvMWw7_ac03b99e3f3642be80b4d24fde0af03a,semi,split_cyclic,6.0,24,189,100
e9zR4mvMWw7-32,e9zR4mvMWw7_ac03b99e3f3642be80b4d24fde0af03a,semi,split_cyclic,9.0,24,230,55
e9zR4mvMWw7-32,e9zR4mvMWw7_ac03b99e3f3642be80b4d24fde0af03a,semi,split_cyclic,12.0,24,232,0
e9zR4mvMWw7-32,e9zR4mvMWw7_ac03b99e3f3642be80b4d24fde0af03a,semi,bound_cyclic,3.0,24,85,24
e9zR4mvMWw7-32,e9zR4mvMWw7_ac03b99e3f3642be80b4d24fde0af03a,semi,bound_cyclic,6.0,24,189,100
e9zR4mvMWw7-32,e9zR4mvMWw7_ac03b99e3f3642be80b4d24fde0af03a,semi,bound_cyclic,9.0,24,230,55
e9zR4mvMWw7-32,e9zR4mvMWw7_ac03b99e3f3642be80b4d24fde0af03a,semi,bound_cyclic,12.0,24,232,0
e9zR4mvMWw7-32,e9zR4mvMWw7_ac03b99e3f3642be80b4d24fde0af03a,semi,split_free,3.0,24,85,24
e9zR4mvMWw7-32,e9zR4mvMWw7_ac03b99e3f3642be80b4d24fde0af03a,semi,split_free,6.0,24,189,100
e9zR4mvMWw7-32,e9zR4mvMWw7_ac03b99e3f3642be80b4d24fde0af03a,semi,split_free,9.0,24,230,55
e9zR4mvMWw7-32,e9zR4mvMWw7_ac03b99e3f3642be80b4d24fde0af03a,semi,split_free,12.0,24,232,0
e9zR4mvMWw7-32,e9zR4mvMWw7_ac03b99e3f3642be80b4d24fde0af03a,semi,bound_free,3.0,24,85,24
e9zR4mvMWw7-32,e9zR4mvMWw7_ac03b99e3f3642be80b4d24fde0af03a,semi,bound_free,6.0,24,189,100
e9zR4mvMWw7-32,e9zR4mvMWw7_ac03b99e3f3642be80b4d24fde0af03a,semi,bound_free,9.0,24,230,55
e9zR4mvMWw7-32,e9zR4mvMWw7_ac03b99e3f3642be80b4d24fde0af03a,semi,bound_free,12.0,24,232,0
e9zR4mvMWw7-32,e9zR4mvMWw7_ac03b99e3f3642be80b4d24fde0af03a,semi,top_fixed,3.0,24,109,9
e9zR4mvMWw7-32,e9zR4mvMWw7_ac03b99e3f3642be80b4d24fde0af03a,semi,top_fixed,6.0,24,206,78
e9zR4mvMWw7-32,e9zR4mvMWw7_ac03b99e3f3642be80b4d24fde0af03a,semi,top_fixed,9.0,24,230,70
e9zR4mvMWw7-32,e9zR4mvMWw7_ac03b99e3f3642be80b4d24fde0af03a,semi,top_fixed,12.0,24,232,0
e9zR4mvMWw7-32,e9zR4mvMWw7_ac03b99e3f3642be80b4d24fde0af03a,semi,bottom_fixed,3.0,24,142,77
e9zR4mvMWw7-32,e9zR4mvMWw7_ac03b99e3f3642be80b4d24fde0af03a,semi,bottom_fixed,6.0,24,215,98
e9zR4mvMWw7-32,e9zR4mvMWw7_ac03b99e3f3642be80b4d24fde0af03a,semi,bottom_fixed,9.0,24,232,0
e9zR4mvMWw7-32,e9zR4mvMWw7_ac03b99e3f3642be80b4d24fde0af03a,semi,bottom_fixed,12.0,24,232,0
e9zR4mvMWw7-39,e9zR4mvMWw7_f7ab5b3ece274b48be57eb65bb6d4814,semi,count_only,0.0,24,157,0
e9zR4mvMWw7-39,e9zR4mvMWw7_f7ab5b3ece274b48be57eb65bb6d4814,semi,split_fixed,3.0,24,28,12
e9zR4mvMWw7-39,e9zR4mvMWw7_f7ab5b3ece274b48be57eb65bb6d4814,semi,split_fixed,6.0,24,131,64
e9zR4mvMWw7-39,e9zR4mvMWw7_f7ab5b3ece274b48be57eb65bb6d4814,semi,split_fixed,9.0,24,139,0
e9zR4mvMWw7-39,e9zR4mvMWw7_f7ab5b3ece274b48be57eb65bb6d4814,semi,split_fixed,12.0,24,147,8
e9zR4mvMWw7-39,e9zR4mvMWw7_f7ab5b3ece274b48be57eb65bb6d4814,semi,bound_fixed,3.0,23,28,12
e9zR4mvMWw7-39,e9zR4mvMWw7_f7ab5b3ece274b48be57eb65bb6d4814,semi,bound_fixed,6.0,23,131,64
e9zR4mvMWw7-39,e9zR4mvMWw7_f7ab5b3ece274b48be57eb65bb6d4814,semi,bound_fixed,9.0,23,139,0
e9zR4mvMWw7-39,e9zR4mvMWw7_f7ab5b3ece274b48be57eb65bb6d4814,semi,bound_fixed,12.0,23,147,8
e9zR4mvMWw7-39,e9zR4mvMWw7_f7ab5b3ece274b48be57eb65bb6d4814,semi,split_cyclic,3.0,24,28,12
e9zR4mvMWw7-39,e9zR4mvMWw7_f7ab5b3ece274b48be57eb65bb6d4814,semi,split_cyclic,6.0,24,131,64
e9zR4mvMWw7-39,e9zR4mvMWw7_f7ab5b3ece274b48be57eb65bb6d4814,semi,split_cyclic,9.0,24,139,0
e9zR4mvMWw7-39,e9zR4mvMWw7_f7ab5b3ece274b48be57eb65bb6d4814,semi,split_cyclic,12.0,24,147,8
e9zR4mvMWw7-39,e9zR4mvMWw7_f7ab5b3ece274b48be57eb65bb6d4814,semi,bound_cyclic,3.0,23,28,12
e9zR4mvMWw7-39,e9zR4mvMWw7_f7ab5b3ece274b48be57eb65bb6d4814,semi,bound_cyclic,6.0,23,131,64
e9zR4mvMWw7-39,e9zR4mvMWw7_f7ab5b3ece274b48be57eb65bb6d4814,semi,bound_cyclic,9.0,23,139,0
e9zR4mvMWw7-39,e9zR4mvMWw7_f7ab5b3ece274b48be57eb65bb6d4814,semi,bound_cyclic,12.0,23,147,8
e9zR4mvMWw7-39,e9zR4mvMWw7_f7ab5b3ece274b48be57eb65bb6d4814,semi,split_free,3.0,24,28,12
e9zR4mvMWw7-39,e9zR4mvMWw7_f7ab5b3ece274b48be57eb65bb6d4814,semi,split_free,6.0,24,131,64
e9zR4mvMWw7-39,e9zR4mvMWw7_f7ab5b3ece274b48be57eb65bb6d4814,semi,split_free,9.0,24,139,0
e9zR4mvMWw7-39,e9zR4mvMWw7_f7ab5b3ece274b48be57eb65bb6d4814,semi,split_free,12.0,24,147,8
e9zR4mvMWw7-39,e9zR4mvMWw7_f7ab5b3ece274b48be57eb65bb6d4814,semi,bound_free,3.0,23,28,12
e9zR4mvMWw7-39,e9zR4mvMWw7_f7ab5b3ece274b48be57eb65bb6d4814,semi,bound_free,6.0,23,131,64
e9zR4mvMWw7-39,e9zR4mvMWw7_f7ab5b3ece274b48be57eb65bb6d4814,semi,bound_free,9.0,23,139,0
e9zR4mvMWw7-39,e9zR4mvMWw7_f7ab5b3ece274b48be57eb65bb6d4814,semi,bound_free,12.0,23,147,8
e9zR4mvMWw7-39,e9zR4mvMWw7_f7ab5b3ece274b48be57eb65bb6d4814,semi,top_fixed,3.0,24,55,27
e9zR4mvMWw7-39,e9zR4mvMWw7_f7ab5b3ece274b48be57eb65bb6d4814,semi,top_fixed,6.0,24,134,67
e9zR4mvMWw7-39,e9zR4mvMWw7_f7ab5b3ece274b48be57eb65bb6d4814,semi,top_fixed,9.0,24,139,0
e9zR4mvMWw7-39,e9zR4mvMWw7_f7ab5b3ece274b48be57eb65bb6d4814,semi,top_fixed,12.0,24,147,8
e9zR4mvMWw7-39,e9zR4mvMWw7_f7ab5b3ece274b48be57eb65bb6d4814,semi,bottom_fixed,3.0,24,57,35
e9zR4mvMWw7-39,e9zR4mvMWw7_f7ab5b3ece274b48be57eb65bb6d4814,semi,bottom_fixed,6.0,24,142,75
e9zR4mvMWw7-39,e9zR4mvMWw7_f7ab5b3ece274b48be57eb65bb6d4814,semi,bottom_fixed,9.0,24,155,16
e9zR4mvMWw7-39,e9zR4mvMWw7_f7ab5b3ece274b48be57eb65bb6d4814,semi,bottom_fixed,12.0,24,156,0
jh4fc5c5qoQ-02,jh4fc5c5qoQ_30cdb6fe9aa6449788e271f2e24d76ec,manual,count_only,0.0,4,3,0
jh4fc5c5qoQ-02,jh4fc5c5qoQ_30cdb6fe9aa6449788e271f2e24d76ec,manual,split_fixed,3.0,4,0,0
jh4fc5c5qoQ-02,jh4fc5c5qoQ_30cdb6fe9aa6449788e271f2e24d76ec,manual,split_fixed,6.0,4,0,0
jh4fc5c5qoQ-02,jh4fc5c5qoQ_30cdb6fe9aa6449788e271f2e24d76ec,manual,split_fixed,9.0,4,2,1
jh4fc5c5qoQ-02,jh4fc5c5qoQ_30cdb6fe9aa6449788e271f2e24d76ec,manual,split_fixed,12.0,4,2,1
jh4fc5c5qoQ-02,jh4fc5c5qoQ_30cdb6fe9aa6449788e271f2e24d76ec,manual,bound_fixed,3.0,4,0,0
jh4fc5c5qoQ-02,jh4fc5c5qoQ_30cdb6fe9aa6449788e271f2e24d76ec,manual,bound_fixed,6.0,4,0,0
jh4fc5c5qoQ-02,jh4fc5c5qoQ_30cdb6fe9aa6449788e271f2e24d76ec,manual,bound_fixed,9.0,4,2,1
jh4fc5c5qoQ-02,jh4fc5c5qoQ_30cdb6fe9aa6449788e271f2e24d76ec,manual,bound_fixed,12.0,4,2,1
jh4fc5c5qoQ-02,jh4fc5c5qoQ_30cdb6fe9aa6449788e271f2e24d76ec,manual,split_cyclic,3.0,4,0,0
jh4fc5c5qoQ-02,jh4fc5c5qoQ_30cdb6fe9aa6449788e271f2e24d76ec,manual,split_cyclic,6.0,4,0,0
jh4fc5c5qoQ-02,jh4fc5c5qoQ_30cdb6fe9aa6449788e271f2e24d76ec,manual,split_cyclic,9.0,4,2,1
jh4fc5c5qoQ-02,jh4fc5c5qoQ_30cdb6fe9aa6449788e271f2e24d76ec,manual,split_cyclic,12.0,4,2,1
jh4fc5c5qoQ-02,jh4fc5c5qoQ_30cdb6fe9aa6449788e271f2e24d76ec,manual,bound_cyclic,3.0,4,0,0
jh4fc5c5qoQ-02,jh4fc5c5qoQ_30cdb6fe9aa6449788e271f2e24d76ec,manual,bound_cyclic,6.0,4,0,0
jh4fc5c5qoQ-02,jh4fc5c5qoQ_30cdb6fe9aa6449788e271f2e24d76ec,manual,bound_cyclic,9.0,4,2,1
jh4fc5c5qoQ-02,jh4fc5c5qoQ_30cdb6fe9aa6449788e271f2e24d76ec,manual,bound_cyclic,12.0,4,2,1
jh4fc5c5qoQ-02,jh4fc5c5qoQ_30cdb6fe9aa6449788e271f2e24d76ec,manual,split_free,3.0,4,0,0
jh4fc5c5qoQ-02,jh4fc5c5qoQ_30cdb6fe9aa6449788e271f2e24d76ec,manual,split_free,6.0,4,0,0
jh4fc5c5qoQ-02,jh4fc5c5qoQ_30cdb6fe9aa6449788e271f2e24d76ec,manual,split_free,9.0,4,2,1
jh4fc5c5qoQ-02,jh4fc5c5qoQ_30cdb6fe9aa6449788e271f2e24d76ec,manual,split_free,12.0,4,2,1
jh4fc5c5qoQ-02,jh4fc5c5qoQ_30cdb6fe9aa6449788e271f2e24d76ec,manual,bound_free,3.0,4,0,0
jh4fc5c5qoQ-02,jh4fc5c5qoQ_30cdb6fe9aa6449788e271f2e24d76ec,manual,bound_free,6.0,4,0,0
jh4fc5c5qoQ-02,jh4fc5c5qoQ_30cdb6fe9aa6449788e271f2e24d76ec,manual,bound_free,9.0,4,2,1
jh4fc5c5qoQ-02,jh4fc5c5qoQ_30cdb6fe9aa6449788e271f2e24d76ec,manual,bound_free,12.0,4,2,1
jh4fc5c5qoQ-02,jh4fc5c5qoQ_30cdb6fe9aa6449788e271f2e24d76ec,manual,top_fixed,3.0,4,0,0
jh4fc5c5qoQ-02,jh4fc5c5qoQ_30cdb6fe9aa6449788e271f2e24d76ec,manual,top_fixed,6.0,4,1,0
jh4fc5c5qoQ-02,jh4fc5c5qoQ_30cdb6fe9aa6449788e271f2e24d76ec,manual,top_fixed,9.0,4,2,1
jh4fc5c5qoQ-02,jh4fc5c5qoQ_30cdb6fe9aa6449788e271f2e24d76ec,manual,top_fixed,12.0,4,3,0
jh4fc5c5qoQ-02,jh4fc5c5qoQ_30cdb6fe9aa6449788e271f2e24d76ec,manual,bottom_fixed,3.0,4,0,0
jh4fc5c5qoQ-02,jh4fc5c5qoQ_30cdb6fe9aa6449788e271f2e24d76ec,manual,bottom_fixed,6.0,4,0,0
jh4fc5c5qoQ-02,jh4fc5c5qoQ_30cdb6fe9aa6449788e271f2e24d76ec,manual,bottom_fixed,9.0,4,2,1
jh4fc5c5qoQ-02,jh4fc5c5qoQ_30cdb6fe9aa6449788e271f2e24d76ec,manual,bottom_fixed,12.0,4,2,1
jh4fc5c5qoQ-04,jh4fc5c5qoQ_4547d37b305e41bdad0de45ade6971ca,manual,count_only,0.0,2,0,0
jh4fc5c5qoQ-04,jh4fc5c5qoQ_4547d37b305e41bdad0de45ade6971ca,manual,split_fixed,3.0,2,0,0
jh4fc5c5qoQ-04,jh4fc5c5qoQ_4547d37b305e41bdad0de45ade6971ca,manual,split_fixed,6.0,2,0,0
jh4fc5c5qoQ-04,jh4fc5c5qoQ_4547d37b305e41bdad0de45ade6971ca,manual,split_fixed,9.0,2,0,0
jh4fc5c5qoQ-04,jh4fc5c5qoQ_4547d37b305e41bdad0de45ade6971ca,manual,split_fixed,12.0,2,0,0
jh4fc5c5qoQ-04,jh4fc5c5qoQ_4547d37b305e41bdad0de45ade6971ca,manual,bound_fixed,3.0,2,0,0
jh4fc5c5qoQ-04,jh4fc5c5qoQ_4547d37b305e41bdad0de45ade6971ca,manual,bound_fixed,6.0,2,0,0
jh4fc5c5qoQ-04,jh4fc5c5qoQ_4547d37b305e41bdad0de45ade6971ca,manual,bound_fixed,9.0,2,0,0
jh4fc5c5qoQ-04,jh4fc5c5qoQ_4547d37b305e41bdad0de45ade6971ca,manual,bound_fixed,12.0,2,0,0
jh4fc5c5qoQ-04,jh4fc5c5qoQ_4547d37b305e41bdad0de45ade6971ca,manual,split_cyclic,3.0,2,0,0
jh4fc5c5qoQ-04,jh4fc5c5qoQ_4547d37b305e41bdad0de45ade6971ca,manual,split_cyclic,6.0,2,0,0
jh4fc5c5qoQ-04,jh4fc5c5qoQ_4547d37b305e41bdad0de45ade6971ca,manual,split_cyclic,9.0,2,0,0
jh4fc5c5qoQ-04,jh4fc5c5qoQ_4547d37b305e41bdad0de45ade6971ca,manual,split_cyclic,12.0,2,0,0
jh4fc5c5qoQ-04,jh4fc5c5qoQ_4547d37b305e41bdad0de45ade6971ca,manual,bound_cyclic,3.0,2,0,0
jh4fc5c5qoQ-04,jh4fc5c5qoQ_4547d37b305e41bdad0de45ade6971ca,manual,bound_cyclic,6.0,2,0,0
jh4fc5c5qoQ-04,jh4fc5c5qoQ_4547d37b305e41bdad0de45ade6971ca,manual,bound_cyclic,9.0,2,0,0
jh4fc5c5qoQ-04,jh4fc5c5qoQ_4547d37b305e41bdad0de45ade6971ca,manual,bound_cyclic,12.0,2,0,0
jh4fc5c5qoQ-04,jh4fc5c5qoQ_4547d37b305e41bdad0de45ade6971ca,manual,split_free,3.0,2,0,0
jh4fc5c5qoQ-04,jh4fc5c5qoQ_4547d37b305e41bdad0de45ade6971ca,manual,split_free,6.0,2,0,0
jh4fc5c5qoQ-04,jh4fc5c5qoQ_4547d37b305e41bdad0de45ade6971ca,manual,split_free,9.0,2,0,0
jh4fc5c5qoQ-04,jh4fc5c5qoQ_4547d37b305e41bdad0de45ade6971ca,manual,split_free,12.0,2,0,0
jh4fc5c5qoQ-04,jh4fc5c5qoQ_4547d37b305e41bdad0de45ade6971ca,manual,bound_free,3.0,2,0,0
jh4fc5c5qoQ-04,jh4fc5c5qoQ_4547d37b305e41bdad0de45ade6971ca,manual,bound_free,6.0,2,0,0
jh4fc5c5qoQ-04,jh4fc5c5qoQ_4547d37b305e41bdad0de45ade6971ca,manual,bound_free,9.0,2,0,0
jh4fc5c5qoQ-04,jh4fc5c5qoQ_4547d37b305e41bdad0de45ade6971ca,manual,bound_free,12.0,2,0,0
jh4fc5c5qoQ-04,jh4fc5c5qoQ_4547d37b305e41bdad0de45ade6971ca,manual,top_fixed,3.0,2,0,0
jh4fc5c5qoQ-04,jh4fc5c5qoQ_4547d37b305e41bdad0de45ade6971ca,manual,top_fixed,6.0,2,0,0
jh4fc5c5qoQ-04,jh4fc5c5qoQ_4547d37b305e41bdad0de45ade6971ca,manual,top_fixed,9.0,2,0,0
jh4fc5c5qoQ-04,jh4fc5c5qoQ_4547d37b305e41bdad0de45ade6971ca,manual,top_fixed,12.0,2,0,0
jh4fc5c5qoQ-04,jh4fc5c5qoQ_4547d37b305e41bdad0de45ade6971ca,manual,bottom_fixed,3.0,2,0,0
jh4fc5c5qoQ-04,jh4fc5c5qoQ_4547d37b305e41bdad0de45ade6971ca,manual,bottom_fixed,6.0,2,0,0
jh4fc5c5qoQ-04,jh4fc5c5qoQ_4547d37b305e41bdad0de45ade6971ca,manual,bottom_fixed,9.0,2,0,0
jh4fc5c5qoQ-04,jh4fc5c5qoQ_4547d37b305e41bdad0de45ade6971ca,manual,bottom_fixed,12.0,2,0,0
jh4fc5c5qoQ-09,jh4fc5c5qoQ_77e6cfabf32d46fc9398ce824843adaa,manual,count_only,0.0,2,0,0
jh4fc5c5qoQ-09,jh4fc5c5qoQ_77e6cfabf32d46fc9398ce824843adaa,manual,split_fixed,3.0,2,0,0
jh4fc5c5qoQ-09,jh4fc5c5qoQ_77e6cfabf32d46fc9398ce824843adaa,manual,split_fixed,6.0,2,0,0
jh4fc5c5qoQ-09,jh4fc5c5qoQ_77e6cfabf32d46fc9398ce824843adaa,manual,split_fixed,9.0,2,0,0
jh4fc5c5qoQ-09,jh4fc5c5qoQ_77e6cfabf32d46fc9398ce824843adaa,manual,split_fixed,12.0,2,0,0
jh4fc5c5qoQ-09,jh4fc5c5qoQ_77e6cfabf32d46fc9398ce824843adaa,manual,bound_fixed,3.0,2,0,0
jh4fc5c5qoQ-09,jh4fc5c5qoQ_77e6cfabf32d46fc9398ce824843adaa,manual,bound_fixed,6.0,2,0,0
jh4fc5c5qoQ-09,jh4fc5c5qoQ_77e6cfabf32d46fc9398ce824843adaa,manual,bound_fixed,9.0,2,0,0
jh4fc5c5qoQ-09,jh4fc5c5qoQ_77e6cfabf32d46fc9398ce824843adaa,manual,bound_fixed,12.0,2,0,0
jh4fc5c5qoQ-09,jh4fc5c5qoQ_77e6cfabf32d46fc9398ce824843adaa,manual,split_cyclic,3.0,2,0,0
jh4fc5c5qoQ-09,jh4fc5c5qoQ_77e6cfabf32d46fc9398ce824843adaa,manual,split_cyclic,6.0,2,0,0
jh4fc5c5qoQ-09,jh4fc5c5qoQ_77e6cfabf32d46fc9398ce824843adaa,manual,split_cyclic,9.0,2,0,0
jh4fc5c5qoQ-09,jh4fc5c5qoQ_77e6cfabf32d46fc9398ce824843adaa,manual,split_cyclic,12.0,2,0,0
jh4fc5c5qoQ-09,jh4fc5c5qoQ_77e6cfabf32d46fc9398ce824843adaa,manual,bound_cyclic,3.0,2,0,0
jh4fc5c5qoQ-09,jh4fc5c5qoQ_77e6cfabf32d46fc9398ce824843adaa,manual,bound_cyclic,6.0,2,0,0
jh4fc5c5qoQ-09,jh4fc5c5qoQ_77e6cfabf32d46fc9398ce824843adaa,manual,bound_cyclic,9.0,2,0,0
jh4fc5c5qoQ-09,jh4fc5c5qoQ_77e6cfabf32d46fc9398ce824843adaa,manual,bound_cyclic,12.0,2,0,0
jh4fc5c5qoQ-09,jh4fc5c5qoQ_77e6cfabf32d46fc9398ce824843adaa,manual,split_free,3.0,2,0,0
jh4fc5c5qoQ-09,jh4fc5c5qoQ_77e6cfabf32d46fc9398ce824843adaa,manual,split_free,6.0,2,0,0
jh4fc5c5qoQ-09,jh4fc5c5qoQ_77e6cfabf32d46fc9398ce824843adaa,manual,split_free,9.0,2,0,0
jh4fc5c5qoQ-09,jh4fc5c5qoQ_77e6cfabf32d46fc9398ce824843adaa,manual,split_free,12.0,2,0,0
jh4fc5c5qoQ-09,jh4fc5c5qoQ_77e6cfabf32d46fc9398ce824843adaa,manual,bound_free,3.0,2,0,0
jh4fc5c5qoQ-09,jh4fc5c5qoQ_77e6cfabf32d46fc9398ce824843adaa,manual,bound_free,6.0,2,0,0
jh4fc5c5qoQ-09,jh4fc5c5qoQ_77e6cfabf32d46fc9398ce824843adaa,manual,bound_free,9.0,2,0,0
jh4fc5c5qoQ-09,jh4fc5c5qoQ_77e6cfabf32d46fc9398ce824843adaa,manual,bound_free,12.0,2,0,0
jh4fc5c5qoQ-09,jh4fc5c5qoQ_77e6cfabf32d46fc9398ce824843adaa,manual,top_fixed,3.0,2,0,0
jh4fc5c5qoQ-09,jh4fc5c5qoQ_77e6cfabf32d46fc9398ce824843adaa,manual,top_fixed,6.0,2,0,0
jh4fc5c5qoQ-09,jh4fc5c5qoQ_77e6cfabf32d46fc9398ce824843adaa,manual,top_fixed,9.0,2,0,0
jh4fc5c5qoQ-09,jh4fc5c5qoQ_77e6cfabf32d46fc9398ce824843adaa,manual,top_fixed,12.0,2,0,0
jh4fc5c5qoQ-09,jh4fc5c5qoQ_77e6cfabf32d46fc9398ce824843adaa,manual,bottom_fixed,3.0,2,0,0
jh4fc5c5qoQ-09,jh4fc5c5qoQ_77e6cfabf32d46fc9398ce824843adaa,manual,bottom_fixed,6.0,2,0,0
jh4fc5c5qoQ-09,jh4fc5c5qoQ_77e6cfabf32d46fc9398ce824843adaa,manual,bottom_fixed,9.0,2,0,0
jh4fc5c5qoQ-09,jh4fc5c5qoQ_77e6cfabf32d46fc9398ce824843adaa,manual,bottom_fixed,12.0,2,0,0
jh4fc5c5qoQ-10,jh4fc5c5qoQ_855bc326ad174253b57626daf123c608,manual,count_only,0.0,2,0,0
jh4fc5c5qoQ-10,jh4fc5c5qoQ_855bc326ad174253b57626daf123c608,manual,split_fixed,3.0,2,0,0
jh4fc5c5qoQ-10,jh4fc5c5qoQ_855bc326ad174253b57626daf123c608,manual,split_fixed,6.0,2,0,0
jh4fc5c5qoQ-10,jh4fc5c5qoQ_855bc326ad174253b57626daf123c608,manual,split_fixed,9.0,2,0,0
jh4fc5c5qoQ-10,jh4fc5c5qoQ_855bc326ad174253b57626daf123c608,manual,split_fixed,12.0,2,0,0
jh4fc5c5qoQ-10,jh4fc5c5qoQ_855bc326ad174253b57626daf123c608,manual,bound_fixed,3.0,2,0,0
jh4fc5c5qoQ-10,jh4fc5c5qoQ_855bc326ad174253b57626daf123c608,manual,bound_fixed,6.0,2,0,0
jh4fc5c5qoQ-10,jh4fc5c5qoQ_855bc326ad174253b57626daf123c608,manual,bound_fixed,9.0,2,0,0
jh4fc5c5qoQ-10,jh4fc5c5qoQ_855bc326ad174253b57626daf123c608,manual,bound_fixed,12.0,2,0,0
jh4fc5c5qoQ-10,jh4fc5c5qoQ_855bc326ad174253b57626daf123c608,manual,split_cyclic,3.0,2,0,0
jh4fc5c5qoQ-10,jh4fc5c5qoQ_855bc326ad174253b57626daf123c608,manual,split_cyclic,6.0,2,0,0
jh4fc5c5qoQ-10,jh4fc5c5qoQ_855bc326ad174253b57626daf123c608,manual,split_cyclic,9.0,2,0,0
jh4fc5c5qoQ-10,jh4fc5c5qoQ_855bc326ad174253b57626daf123c608,manual,split_cyclic,12.0,2,0,0
jh4fc5c5qoQ-10,jh4fc5c5qoQ_855bc326ad174253b57626daf123c608,manual,bound_cyclic,3.0,2,0,0
jh4fc5c5qoQ-10,jh4fc5c5qoQ_855bc326ad174253b57626daf123c608,manual,bound_cyclic,6.0,2,0,0
jh4fc5c5qoQ-10,jh4fc5c5qoQ_855bc326ad174253b57626daf123c608,manual,bound_cyclic,9.0,2,0,0
jh4fc5c5qoQ-10,jh4fc5c5qoQ_855bc326ad174253b57626daf123c608,manual,bound_cyclic,12.0,2,0,0
jh4fc5c5qoQ-10,jh4fc5c5qoQ_855bc326ad174253b57626daf123c608,manual,split_free,3.0,2,0,0
jh4fc5c5qoQ-10,jh4fc5c5qoQ_855bc326ad174253b57626daf123c608,manual,split_free,6.0,2,0,0
jh4fc5c5qoQ-10,jh4fc5c5qoQ_855bc326ad174253b57626daf123c608,manual,split_free,9.0,2,0,0
jh4fc5c5qoQ-10,jh4fc5c5qoQ_855bc326ad174253b57626daf123c608,manual,split_free,12.0,2,0,0
jh4fc5c5qoQ-10,jh4fc5c5qoQ_855bc326ad174253b57626daf123c608,manual,bound_free,3.0,2,0,0
jh4fc5c5qoQ-10,jh4fc5c5qoQ_855bc326ad174253b57626daf123c608,manual,bound_free,6.0,2,0,0
jh4fc5c5qoQ-10,jh4fc5c5qoQ_855bc326ad174253b57626daf123c608,manual,bound_free,9.0,2,0,0
jh4fc5c5qoQ-10,jh4fc5c5qoQ_855bc326ad174253b57626daf123c608,manual,bound_free,12.0,2,0,0
jh4fc5c5qoQ-10,jh4fc5c5qoQ_855bc326ad174253b57626daf123c608,manual,top_fixed,3.0,2,0,0
jh4fc5c5qoQ-10,jh4fc5c5qoQ_855bc326ad174253b57626daf123c608,manual,top_fixed,6.0,2,0,0
jh4fc5c5qoQ-10,jh4fc5c5qoQ_855bc326ad174253b57626daf123c608,manual,top_fixed,9.0,2,0,0
jh4fc5c5qoQ-10,jh4fc5c5qoQ_855bc326ad174253b57626daf123c608,manual,top_fixed,12.0,2,0,0
jh4fc5c5qoQ-10,jh4fc5c5qoQ_855bc326ad174253b57626daf123c608,manual,bottom_fixed,3.0,2,0,0
jh4fc5c5qoQ-10,jh4fc5c5qoQ_855bc326ad174253b57626daf123c608,manual,bottom_fixed,6.0,2,0,0
jh4fc5c5qoQ-10,jh4fc5c5qoQ_855bc326ad174253b57626daf123c608,manual,bottom_fixed,9.0,2,0,0
jh4fc5c5qoQ-10,jh4fc5c5qoQ_855bc326ad174253b57626daf123c608,manual,bottom_fixed,12.0,2,0,0
jh4fc5c5qoQ-12,jh4fc5c5qoQ_a59a3a61089343a8ba2834e7d3cd1066,manual,count_only,0.0,2,0,0
jh4fc5c5qoQ-12,jh4fc5c5qoQ_a59a3a61089343a8ba2834e7d3cd1066,manual,split_fixed,3.0,2,0,0
jh4fc5c5qoQ-12,jh4fc5c5qoQ_a59a3a61089343a8ba2834e7d3cd1066,manual,split_fixed,6.0,2,0,0
jh4fc5c5qoQ-12,jh4fc5c5qoQ_a59a3a61089343a8ba2834e7d3cd1066,manual,split_fixed,9.0,2,0,0
jh4fc5c5qoQ-12,jh4fc5c5qoQ_a59a3a61089343a8ba2834e7d3cd1066,manual,split_fixed,12.0,2,0,0
jh4fc5c5qoQ-12,jh4fc5c5qoQ_a59a3a61089343a8ba2834e7d3cd1066,manual,bound_fixed,3.0,2,0,0
jh4fc5c5qoQ-12,jh4fc5c5qoQ_a59a3a61089343a8ba2834e7d3cd1066,manual,bound_fixed,6.0,2,0,0
jh4fc5c5qoQ-12,jh4fc5c5qoQ_a59a3a61089343a8ba2834e7d3cd1066,manual,bound_fixed,9.0,2,0,0
jh4fc5c5qoQ-12,jh4fc5c5qoQ_a59a3a61089343a8ba2834e7d3cd1066,manual,bound_fixed,12.0,2,0,0
jh4fc5c5qoQ-12,jh4fc5c5qoQ_a59a3a61089343a8ba2834e7d3cd1066,manual,split_cyclic,3.0,2,0,0
jh4fc5c5qoQ-12,jh4fc5c5qoQ_a59a3a61089343a8ba2834e7d3cd1066,manual,split_cyclic,6.0,2,0,0
jh4fc5c5qoQ-12,jh4fc5c5qoQ_a59a3a61089343a8ba2834e7d3cd1066,manual,split_cyclic,9.0,2,0,0
jh4fc5c5qoQ-12,jh4fc5c5qoQ_a59a3a61089343a8ba2834e7d3cd1066,manual,split_cyclic,12.0,2,0,0
jh4fc5c5qoQ-12,jh4fc5c5qoQ_a59a3a61089343a8ba2834e7d3cd1066,manual,bound_cyclic,3.0,2,0,0
jh4fc5c5qoQ-12,jh4fc5c5qoQ_a59a3a61089343a8ba2834e7d3cd1066,manual,bound_cyclic,6.0,2,0,0
jh4fc5c5qoQ-12,jh4fc5c5qoQ_a59a3a61089343a8ba2834e7d3cd1066,manual,bound_cyclic,9.0,2,0,0
jh4fc5c5qoQ-12,jh4fc5c5qoQ_a59a3a61089343a8ba2834e7d3cd1066,manual,bound_cyclic,12.0,2,0,0
jh4fc5c5qoQ-12,jh4fc5c5qoQ_a59a3a61089343a8ba2834e7d3cd1066,manual,split_free,3.0,2,0,0
jh4fc5c5qoQ-12,jh4fc5c5qoQ_a59a3a61089343a8ba2834e7d3cd1066,manual,split_free,6.0,2,0,0
jh4fc5c5qoQ-12,jh4fc5c5qoQ_a59a3a61089343a8ba2834e7d3cd1066,manual,split_free,9.0,2,0,0
jh4fc5c5qoQ-12,jh4fc5c5qoQ_a59a3a61089343a8ba2834e7d3cd1066,manual,split_free,12.0,2,0,0
jh4fc5c5qoQ-12,jh4fc5c5qoQ_a59a3a61089343a8ba2834e7d3cd1066,manual,bound_free,3.0,2,0,0
jh4fc5c5qoQ-12,jh4fc5c5qoQ_a59a3a61089343a8ba2834e7d3cd1066,manual,bound_free,6.0,2,0,0
jh4fc5c5qoQ-12,jh4fc5c5qoQ_a59a3a61089343a8ba2834e7d3cd1066,manual,bound_free,9.0,2,0,0
jh4fc5c5qoQ-12,jh4fc5c5qoQ_a59a3a61089343a8ba2834e7d3cd1066,manual,bound_free,12.0,2,0,0
jh4fc5c5qoQ-12,jh4fc5c5qoQ_a59a3a61089343a8ba2834e7d3cd1066,manual,top_fixed,3.0,2,0,0
jh4fc5c5qoQ-12,jh4fc5c5qoQ_a59a3a61089343a8ba2834e7d3cd1066,manual,top_fixed,6.0,2,0,0
jh4fc5c5qoQ-12,jh4fc5c5qoQ_a59a3a61089343a8ba2834e7d3cd1066,manual,top_fixed,9.0,2,0,0
jh4fc5c5qoQ-12,jh4fc5c5qoQ_a59a3a61089343a8ba2834e7d3cd1066,manual,top_fixed,12.0,2,0,0
jh4fc5c5qoQ-12,jh4fc5c5qoQ_a59a3a61089343a8ba2834e7d3cd1066,manual,bottom_fixed,3.0,2,0,0
jh4fc5c5qoQ-12,jh4fc5c5qoQ_a59a3a61089343a8ba2834e7d3cd1066,manual,bottom_fixed,6.0,2,0,0
jh4fc5c5qoQ-12,jh4fc5c5qoQ_a59a3a61089343a8ba2834e7d3cd1066,manual,bottom_fixed,9.0,2,0,0
jh4fc5c5qoQ-12,jh4fc5c5qoQ_a59a3a61089343a8ba2834e7d3cd1066,manual,bottom_fixed,12.0,2,0,0
jh4fc5c5qoQ-13,jh4fc5c5qoQ_abbdc7ac89204f23a935fcb9ccae887c,manual,count_only,0.0,1,0,0
jh4fc5c5qoQ-13,jh4fc5c5qoQ_abbdc7ac89204f23a935fcb9ccae887c,manual,split_fixed,3.0,1,0,0
jh4fc5c5qoQ-13,jh4fc5c5qoQ_abbdc7ac89204f23a935fcb9ccae887c,manual,split_fixed,6.0,1,0,0
jh4fc5c5qoQ-13,jh4fc5c5qoQ_abbdc7ac89204f23a935fcb9ccae887c,manual,split_fixed,9.0,1,0,0
jh4fc5c5qoQ-13,jh4fc5c5qoQ_abbdc7ac89204f23a935fcb9ccae887c,manual,split_fixed,12.0,1,0,0
jh4fc5c5qoQ-13,jh4fc5c5qoQ_abbdc7ac89204f23a935fcb9ccae887c,manual,bound_fixed,3.0,1,0,0
jh4fc5c5qoQ-13,jh4fc5c5qoQ_abbdc7ac89204f23a935fcb9ccae887c,manual,bound_fixed,6.0,1,0,0
jh4fc5c5qoQ-13,jh4fc5c5qoQ_abbdc7ac89204f23a935fcb9ccae887c,manual,bound_fixed,9.0,1,0,0
jh4fc5c5qoQ-13,jh4fc5c5qoQ_abbdc7ac89204f23a935fcb9ccae887c,manual,bound_fixed,12.0,1,0,0
jh4fc5c5qoQ-13,jh4fc5c5qoQ_abbdc7ac89204f23a935fcb9ccae887c,manual,split_cyclic,3.0,1,0,0
jh4fc5c5qoQ-13,jh4fc5c5qoQ_abbdc7ac89204f23a935fcb9ccae887c,manual,split_cyclic,6.0,1,0,0
jh4fc5c5qoQ-13,jh4fc5c5qoQ_abbdc7ac89204f23a935fcb9ccae887c,manual,split_cyclic,9.0,1,0,0
jh4fc5c5qoQ-13,jh4fc5c5qoQ_abbdc7ac89204f23a935fcb9ccae887c,manual,split_cyclic,12.0,1,0,0
jh4fc5c5qoQ-13,jh4fc5c5qoQ_abbdc7ac89204f23a935fcb9ccae887c,manual,bound_cyclic,3.0,1,0,0
jh4fc5c5qoQ-13,jh4fc5c5qoQ_abbdc7ac89204f23a935fcb9ccae887c,manual,bound_cyclic,6.0,1,0,0
jh4fc5c5qoQ-13,jh4fc5c5qoQ_abbdc7ac89204f23a935fcb9ccae887c,manual,bound_cyclic,9.0,1,0,0
jh4fc5c5qoQ-13,jh4fc5c5qoQ_abbdc7ac89204f23a935fcb9ccae887c,manual,bound_cyclic,12.0,1,0,0
jh4fc5c5qoQ-13,jh4fc5c5qoQ_abbdc7ac89204f23a935fcb9ccae887c,manual,split_free,3.0,1,0,0
jh4fc5c5qoQ-13,jh4fc5c5qoQ_abbdc7ac89204f23a935fcb9ccae887c,manual,split_free,6.0,1,0,0
jh4fc5c5qoQ-13,jh4fc5c5qoQ_abbdc7ac89204f23a935fcb9ccae887c,manual,split_free,9.0,1,0,0
jh4fc5c5qoQ-13,jh4fc5c5qoQ_abbdc7ac89204f23a935fcb9ccae887c,manual,split_free,12.0,1,0,0
jh4fc5c5qoQ-13,jh4fc5c5qoQ_abbdc7ac89204f23a935fcb9ccae887c,manual,bound_free,3.0,1,0,0
jh4fc5c5qoQ-13,jh4fc5c5qoQ_abbdc7ac89204f23a935fcb9ccae887c,manual,bound_free,6.0,1,0,0
jh4fc5c5qoQ-13,jh4fc5c5qoQ_abbdc7ac89204f23a935fcb9ccae887c,manual,bound_free,9.0,1,0,0
jh4fc5c5qoQ-13,jh4fc5c5qoQ_abbdc7ac89204f23a935fcb9ccae887c,manual,bound_free,12.0,1,0,0
jh4fc5c5qoQ-13,jh4fc5c5qoQ_abbdc7ac89204f23a935fcb9ccae887c,manual,top_fixed,3.0,1,0,0
jh4fc5c5qoQ-13,jh4fc5c5qoQ_abbdc7ac89204f23a935fcb9ccae887c,manual,top_fixed,6.0,1,0,0
jh4fc5c5qoQ-13,jh4fc5c5qoQ_abbdc7ac89204f23a935fcb9ccae887c,manual,top_fixed,9.0,1,0,0
jh4fc5c5qoQ-13,jh4fc5c5qoQ_abbdc7ac89204f23a935fcb9ccae887c,manual,top_fixed,12.0,1,0,0
jh4fc5c5qoQ-13,jh4fc5c5qoQ_abbdc7ac89204f23a935fcb9ccae887c,manual,bottom_fixed,3.0,1,0,0
jh4fc5c5qoQ-13,jh4fc5c5qoQ_abbdc7ac89204f23a935fcb9ccae887c,manual,bottom_fixed,6.0,1,0,0
jh4fc5c5qoQ-13,jh4fc5c5qoQ_abbdc7ac89204f23a935fcb9ccae887c,manual,bottom_fixed,9.0,1,0,0
jh4fc5c5qoQ-13,jh4fc5c5qoQ_abbdc7ac89204f23a935fcb9ccae887c,manual,bottom_fixed,12.0,1,0,0
jh4fc5c5qoQ-14,jh4fc5c5qoQ_b000c5baa76b454caa1c58c9aac585f6,manual,count_only,0.0,2,0,0
jh4fc5c5qoQ-14,jh4fc5c5qoQ_b000c5baa76b454caa1c58c9aac585f6,manual,split_fixed,3.0,2,0,0
jh4fc5c5qoQ-14,jh4fc5c5qoQ_b000c5baa76b454caa1c58c9aac585f6,manual,split_fixed,6.0,2,0,0
jh4fc5c5qoQ-14,jh4fc5c5qoQ_b000c5baa76b454caa1c58c9aac585f6,manual,split_fixed,9.0,2,0,0
jh4fc5c5qoQ-14,jh4fc5c5qoQ_b000c5baa76b454caa1c58c9aac585f6,manual,split_fixed,12.0,2,0,0
jh4fc5c5qoQ-14,jh4fc5c5qoQ_b000c5baa76b454caa1c58c9aac585f6,manual,bound_fixed,3.0,2,0,0
jh4fc5c5qoQ-14,jh4fc5c5qoQ_b000c5baa76b454caa1c58c9aac585f6,manual,bound_fixed,6.0,2,0,0
jh4fc5c5qoQ-14,jh4fc5c5qoQ_b000c5baa76b454caa1c58c9aac585f6,manual,bound_fixed,9.0,2,0,0
jh4fc5c5qoQ-14,jh4fc5c5qoQ_b000c5baa76b454caa1c58c9aac585f6,manual,bound_fixed,12.0,2,0,0
jh4fc5c5qoQ-14,jh4fc5c5qoQ_b000c5baa76b454caa1c58c9aac585f6,manual,split_cyclic,3.0,2,0,0
jh4fc5c5qoQ-14,jh4fc5c5qoQ_b000c5baa76b454caa1c58c9aac585f6,manual,split_cyclic,6.0,2,0,0
jh4fc5c5qoQ-14,jh4fc5c5qoQ_b000c5baa76b454caa1c58c9aac585f6,manual,split_cyclic,9.0,2,0,0
jh4fc5c5qoQ-14,jh4fc5c5qoQ_b000c5baa76b454caa1c58c9aac585f6,manual,split_cyclic,12.0,2,0,0
jh4fc5c5qoQ-14,jh4fc5c5qoQ_b000c5baa76b454caa1c58c9aac585f6,manual,bound_cyclic,3.0,2,0,0
jh4fc5c5qoQ-14,jh4fc5c5qoQ_b000c5baa76b454caa1c58c9aac585f6,manual,bound_cyclic,6.0,2,0,0
jh4fc5c5qoQ-14,jh4fc5c5qoQ_b000c5baa76b454caa1c58c9aac585f6,manual,bound_cyclic,9.0,2,0,0
jh4fc5c5qoQ-14,jh4fc5c5qoQ_b000c5baa76b454caa1c58c9aac585f6,manual,bound_cyclic,12.0,2,0,0
jh4fc5c5qoQ-14,jh4fc5c5qoQ_b000c5baa76b454caa1c58c9aac585f6,manual,split_free,3.0,2,0,0
jh4fc5c5qoQ-14,jh4fc5c5qoQ_b000c5baa76b454caa1c58c9aac585f6,manual,split_free,6.0,2,0,0
jh4fc5c5qoQ-14,jh4fc5c5qoQ_b000c5baa76b454caa1c58c9aac585f6,manual,split_free,9.0,2,0,0
jh4fc5c5qoQ-14,jh4fc5c5qoQ_b000c5baa76b454caa1c58c9aac585f6,manual,split_free,12.0,2,0,0
jh4fc5c5qoQ-14,jh4fc5c5qoQ_b000c5baa76b454caa1c58c9aac585f6,manual,bound_free,3.0,2,0,0
jh4fc5c5qoQ-14,jh4fc5c5qoQ_b000c5baa76b454caa1c58c9aac585f6,manual,bound_free,6.0,2,0,0
jh4fc5c5qoQ-14,jh4fc5c5qoQ_b000c5baa76b454caa1c58c9aac585f6,manual,bound_free,9.0,2,0,0
jh4fc5c5qoQ-14,jh4fc5c5qoQ_b000c5baa76b454caa1c58c9aac585f6,manual,bound_free,12.0,2,0,0
jh4fc5c5qoQ-14,jh4fc5c5qoQ_b000c5baa76b454caa1c58c9aac585f6,manual,top_fixed,3.0,2,0,0
jh4fc5c5qoQ-14,jh4fc5c5qoQ_b000c5baa76b454caa1c58c9aac585f6,manual,top_fixed,6.0,2,0,0
jh4fc5c5qoQ-14,jh4fc5c5qoQ_b000c5baa76b454caa1c58c9aac585f6,manual,top_fixed,9.0,2,0,0
jh4fc5c5qoQ-14,jh4fc5c5qoQ_b000c5baa76b454caa1c58c9aac585f6,manual,top_fixed,12.0,2,0,0
jh4fc5c5qoQ-14,jh4fc5c5qoQ_b000c5baa76b454caa1c58c9aac585f6,manual,bottom_fixed,3.0,2,0,0
jh4fc5c5qoQ-14,jh4fc5c5qoQ_b000c5baa76b454caa1c58c9aac585f6,manual,bottom_fixed,6.0,2,0,0
jh4fc5c5qoQ-14,jh4fc5c5qoQ_b000c5baa76b454caa1c58c9aac585f6,manual,bottom_fixed,9.0,2,0,0
jh4fc5c5qoQ-14,jh4fc5c5qoQ_b000c5baa76b454caa1c58c9aac585f6,manual,bottom_fixed,12.0,2,0,0
jtcxE69GiFV-03,jtcxE69GiFV_0aa01000f1934e73b35c348fa8d15040,manual,count_only,0.0,3,3,0
jtcxE69GiFV-03,jtcxE69GiFV_0aa01000f1934e73b35c348fa8d15040,manual,split_fixed,3.0,3,0,0
jtcxE69GiFV-03,jtcxE69GiFV_0aa01000f1934e73b35c348fa8d15040,manual,split_fixed,6.0,3,3,0
jtcxE69GiFV-03,jtcxE69GiFV_0aa01000f1934e73b35c348fa8d15040,manual,split_fixed,9.0,3,3,0
jtcxE69GiFV-03,jtcxE69GiFV_0aa01000f1934e73b35c348fa8d15040,manual,split_fixed,12.0,3,3,0
jtcxE69GiFV-03,jtcxE69GiFV_0aa01000f1934e73b35c348fa8d15040,manual,bound_fixed,3.0,3,0,0
jtcxE69GiFV-03,jtcxE69GiFV_0aa01000f1934e73b35c348fa8d15040,manual,bound_fixed,6.0,3,3,0
jtcxE69GiFV-03,jtcxE69GiFV_0aa01000f1934e73b35c348fa8d15040,manual,bound_fixed,9.0,3,3,0
jtcxE69GiFV-03,jtcxE69GiFV_0aa01000f1934e73b35c348fa8d15040,manual,bound_fixed,12.0,3,3,0
jtcxE69GiFV-03,jtcxE69GiFV_0aa01000f1934e73b35c348fa8d15040,manual,split_cyclic,3.0,3,0,0
jtcxE69GiFV-03,jtcxE69GiFV_0aa01000f1934e73b35c348fa8d15040,manual,split_cyclic,6.0,3,3,0
jtcxE69GiFV-03,jtcxE69GiFV_0aa01000f1934e73b35c348fa8d15040,manual,split_cyclic,9.0,3,3,0
jtcxE69GiFV-03,jtcxE69GiFV_0aa01000f1934e73b35c348fa8d15040,manual,split_cyclic,12.0,3,3,0
jtcxE69GiFV-03,jtcxE69GiFV_0aa01000f1934e73b35c348fa8d15040,manual,bound_cyclic,3.0,3,0,0
jtcxE69GiFV-03,jtcxE69GiFV_0aa01000f1934e73b35c348fa8d15040,manual,bound_cyclic,6.0,3,3,0
jtcxE69GiFV-03,jtcxE69GiFV_0aa01000f1934e73b35c348fa8d15040,manual,bound_cyclic,9.0,3,3,0
jtcxE69GiFV-03,jtcxE69GiFV_0aa01000f1934e73b35c348fa8d15040,manual,bound_cyclic,12.0,3,3,0
jtcxE69GiFV-03,jtcxE69GiFV_0aa01000f1934e73b35c348fa8d15040,manual,split_free,3.0,3,0,0
jtcxE69GiFV-03,jtcxE69GiFV_0aa01000f1934e73b35c348fa8d15040,manual,split_free,6.0,3,3,0
jtcxE69GiFV-03,jtcxE69GiFV_0aa01000f1934e73b35c348fa8d15040,manual,split_free,9.0,3,3,0
jtcxE69GiFV-03,jtcxE69GiFV_0aa01000f1934e73b35c348fa8d15040,manual,split_free,12.0,3,3,0
jtcxE69GiFV-03,jtcxE69GiFV_0aa01000f1934e73b35c348fa8d15040,manual,bound_free,3.0,3,0,0
jtcxE69GiFV-03,jtcxE69GiFV_0aa01000f1934e73b35c348fa8d15040,manual,bound_free,6.0,3,3,0
jtcxE69GiFV-03,jtcxE69GiFV_0aa01000f1934e73b35c348fa8d15040,manual,bound_free,9.0,3,3,0
jtcxE69GiFV-03,jtcxE69GiFV_0aa01000f1934e73b35c348fa8d15040,manual,bound_free,12.0,3,3,0
jtcxE69GiFV-03,jtcxE69GiFV_0aa01000f1934e73b35c348fa8d15040,manual,top_fixed,3.0,3,1,0
jtcxE69GiFV-03,jtcxE69GiFV_0aa01000f1934e73b35c348fa8d15040,manual,top_fixed,6.0,3,3,0
jtcxE69GiFV-03,jtcxE69GiFV_0aa01000f1934e73b35c348fa8d15040,manual,top_fixed,9.0,3,3,0
jtcxE69GiFV-03,jtcxE69GiFV_0aa01000f1934e73b35c348fa8d15040,manual,top_fixed,12.0,3,3,0
jtcxE69GiFV-03,jtcxE69GiFV_0aa01000f1934e73b35c348fa8d15040,manual,bottom_fixed,3.0,3,0,0
jtcxE69GiFV-03,jtcxE69GiFV_0aa01000f1934e73b35c348fa8d15040,manual,bottom_fixed,6.0,3,3,0
jtcxE69GiFV-03,jtcxE69GiFV_0aa01000f1934e73b35c348fa8d15040,manual,bottom_fixed,9.0,3,3,0
jtcxE69GiFV-03,jtcxE69GiFV_0aa01000f1934e73b35c348fa8d15040,manual,bottom_fixed,12.0,3,3,0
jtcxE69GiFV-04,jtcxE69GiFV_1df105f34ccf4844877be7e8e2d90fad,manual,count_only,0.0,3,3,0
jtcxE69GiFV-04,jtcxE69GiFV_1df105f34ccf4844877be7e8e2d90fad,manual,split_fixed,3.0,3,0,0
jtcxE69GiFV-04,jtcxE69GiFV_1df105f34ccf4844877be7e8e2d90fad,manual,split_fixed,6.0,3,1,0
jtcxE69GiFV-04,jtcxE69GiFV_1df105f34ccf4844877be7e8e2d90fad,manual,split_fixed,9.0,3,3,0
jtcxE69GiFV-04,jtcxE69GiFV_1df105f34ccf4844877be7e8e2d90fad,manual,split_fixed,12.0,3,3,0
jtcxE69GiFV-04,jtcxE69GiFV_1df105f34ccf4844877be7e8e2d90fad,manual,bound_fixed,3.0,3,0,0
jtcxE69GiFV-04,jtcxE69GiFV_1df105f34ccf4844877be7e8e2d90fad,manual,bound_fixed,6.0,3,1,0
jtcxE69GiFV-04,jtcxE69GiFV_1df105f34ccf4844877be7e8e2d90fad,manual,bound_fixed,9.0,3,3,0
jtcxE69GiFV-04,jtcxE69GiFV_1df105f34ccf4844877be7e8e2d90fad,manual,bound_fixed,12.0,3,3,0
jtcxE69GiFV-04,jtcxE69GiFV_1df105f34ccf4844877be7e8e2d90fad,manual,split_cyclic,3.0,3,0,0
jtcxE69GiFV-04,jtcxE69GiFV_1df105f34ccf4844877be7e8e2d90fad,manual,split_cyclic,6.0,3,1,0
jtcxE69GiFV-04,jtcxE69GiFV_1df105f34ccf4844877be7e8e2d90fad,manual,split_cyclic,9.0,3,3,0
jtcxE69GiFV-04,jtcxE69GiFV_1df105f34ccf4844877be7e8e2d90fad,manual,split_cyclic,12.0,3,3,0
jtcxE69GiFV-04,jtcxE69GiFV_1df105f34ccf4844877be7e8e2d90fad,manual,bound_cyclic,3.0,3,0,0
jtcxE69GiFV-04,jtcxE69GiFV_1df105f34ccf4844877be7e8e2d90fad,manual,bound_cyclic,6.0,3,1,0
jtcxE69GiFV-04,jtcxE69GiFV_1df105f34ccf4844877be7e8e2d90fad,manual,bound_cyclic,9.0,3,3,0
jtcxE69GiFV-04,jtcxE69GiFV_1df105f34ccf4844877be7e8e2d90fad,manual,bound_cyclic,12.0,3,3,0
jtcxE69GiFV-04,jtcxE69GiFV_1df105f34ccf4844877be7e8e2d90fad,manual,split_free,3.0,3,0,0
jtcxE69GiFV-04,jtcxE69GiFV_1df105f34ccf4844877be7e8e2d90fad,manual,split_free,6.0,3,1,0
jtcxE69GiFV-04,jtcxE69GiFV_1df105f34ccf4844877be7e8e2d90fad,manual,split_free,9.0,3,3,0
jtcxE69GiFV-04,jtcxE69GiFV_1df105f34ccf4844877be7e8e2d90fad,manual,split_free,12.0,3,3,0
jtcxE69GiFV-04,jtcxE69GiFV_1df105f34ccf4844877be7e8e2d90fad,manual,bound_free,3.0,3,0,0
jtcxE69GiFV-04,jtcxE69GiFV_1df105f34ccf4844877be7e8e2d90fad,manual,bound_free,6.0,3,1,0
jtcxE69GiFV-04,jtcxE69GiFV_1df105f34ccf4844877be7e8e2d90fad,manual,bound_free,9.0,3,3,0
jtcxE69GiFV-04,jtcxE69GiFV_1df105f34ccf4844877be7e8e2d90fad,manual,bound_free,12.0,3,3,0
jtcxE69GiFV-04,jtcxE69GiFV_1df105f34ccf4844877be7e8e2d90fad,manual,top_fixed,3.0,3,0,0
jtcxE69GiFV-04,jtcxE69GiFV_1df105f34ccf4844877be7e8e2d90fad,manual,top_fixed,6.0,3,3,0
jtcxE69GiFV-04,jtcxE69GiFV_1df105f34ccf4844877be7e8e2d90fad,manual,top_fixed,9.0,3,3,0
jtcxE69GiFV-04,jtcxE69GiFV_1df105f34ccf4844877be7e8e2d90fad,manual,top_fixed,12.0,3,3,0
jtcxE69GiFV-04,jtcxE69GiFV_1df105f34ccf4844877be7e8e2d90fad,manual,bottom_fixed,3.0,3,0,0
jtcxE69GiFV-04,jtcxE69GiFV_1df105f34ccf4844877be7e8e2d90fad,manual,bottom_fixed,6.0,3,1,0
jtcxE69GiFV-04,jtcxE69GiFV_1df105f34ccf4844877be7e8e2d90fad,manual,bottom_fixed,9.0,3,3,0
jtcxE69GiFV-04,jtcxE69GiFV_1df105f34ccf4844877be7e8e2d90fad,manual,bottom_fixed,12.0,3,3,0
jtcxE69GiFV-05,jtcxE69GiFV_27535f650b78489abcf2397c1eaa3037,manual,count_only,0.0,6,15,0
jtcxE69GiFV-05,jtcxE69GiFV_27535f650b78489abcf2397c1eaa3037,manual,split_fixed,3.0,6,1,0
jtcxE69GiFV-05,jtcxE69GiFV_27535f650b78489abcf2397c1eaa3037,manual,split_fixed,6.0,6,8,4
jtcxE69GiFV-05,jtcxE69GiFV_27535f650b78489abcf2397c1eaa3037,manual,split_fixed,9.0,6,13,3
jtcxE69GiFV-05,jtcxE69GiFV_27535f650b78489abcf2397c1eaa3037,manual,split_fixed,12.0,6,15,0
jtcxE69GiFV-05,jtcxE69GiFV_27535f650b78489abcf2397c1eaa3037,manual,bound_fixed,3.0,6,1,0
jtcxE69GiFV-05,jtcxE69GiFV_27535f650b78489abcf2397c1eaa3037,manual,bound_fixed,6.0,6,8,4
jtcxE69GiFV-05,jtcxE69GiFV_27535f650b78489abcf2397c1eaa3037,manual,bound_fixed,9.0,6,13,3
jtcxE69GiFV-05,jtcxE69GiFV_27535f650b78489abcf2397c1eaa3037,manual,bound_fixed,12.0,6,15,0
jtcxE69GiFV-05,jtcxE69GiFV_27535f650b78489abcf2397c1eaa3037,manual,split_cyclic,3.0,6,1,0
jtcxE69GiFV-05,jtcxE69GiFV_27535f650b78489abcf2397c1eaa3037,manual,split_cyclic,6.0,6,8,4
jtcxE69GiFV-05,jtcxE69GiFV_27535f650b78489abcf2397c1eaa3037,manual,split_cyclic,9.0,6,13,3
jtcxE69GiFV-05,jtcxE69GiFV_27535f650b78489abcf2397c1eaa3037,manual,split_cyclic,12.0,6,15,0
jtcxE69GiFV-05,jtcxE69GiFV_27535f650b78489abcf2397c1eaa3037,manual,bound_cyclic,3.0,6,1,0
jtcxE69GiFV-05,jtcxE69GiFV_27535f650b78489abcf2397c1eaa3037,manual,bound_cyclic,6.0,6,8,4
jtcxE69GiFV-05,jtcxE69GiFV_27535f650b78489abcf2397c1eaa3037,manual,bound_cyclic,9.0,6,13,3
jtcxE69GiFV-05,jtcxE69GiFV_27535f650b78489abcf2397c1eaa3037,manual,bound_cyclic,12.0,6,15,0
jtcxE69GiFV-05,jtcxE69GiFV_27535f650b78489abcf2397c1eaa3037,manual,split_free,3.0,6,1,0
jtcxE69GiFV-05,jtcxE69GiFV_27535f650b78489abcf2397c1eaa3037,manual,split_free,6.0,6,8,4
jtcxE69GiFV-05,jtcxE69GiFV_27535f650b78489abcf2397c1eaa3037,manual,split_free,9.0,6,13,3
jtcxE69GiFV-05,jtcxE69GiFV_27535f650b78489abcf2397c1eaa3037,manual,split_free,12.0,6,15,0
jtcxE69GiFV-05,jtcxE69GiFV_27535f650b78489abcf2397c1eaa3037,manual,bound_free,3.0,6,1,0
jtcxE69GiFV-05,jtcxE69GiFV_27535f650b78489abcf2397c1eaa3037,manual,bound_free,6.0,6,8,4
jtcxE69GiFV-05,jtcxE69GiFV_27535f650b78489abcf2397c1eaa3037,manual,bound_free,9.0,6,13,3
jtcxE69GiFV-05,jtcxE69GiFV_27535f650b78489abcf2397c1eaa3037,manual,bound_free,12.0,6,15,0
jtcxE69GiFV-05,jtcxE69GiFV_27535f650b78489abcf2397c1eaa3037,manual,top_fixed,3.0,6,9,3
jtcxE69GiFV-05,jtcxE69GiFV_27535f650b78489abcf2397c1eaa3037,manual,top_fixed,6.0,6,15,0
jtcxE69GiFV-05,jtcxE69GiFV_27535f650b78489abcf2397c1eaa3037,manual,top_fixed,9.0,6,15,0
jtcxE69GiFV-05,jtcxE69GiFV_27535f650b78489abcf2397c1eaa3037,manual,top_fixed,12.0,6,15,0
jtcxE69GiFV-05,jtcxE69GiFV_27535f650b78489abcf2397c1eaa3037,manual,bottom_fixed,3.0,6,1,0
jtcxE69GiFV-05,jtcxE69GiFV_27535f650b78489abcf2397c1eaa3037,manual,bottom_fixed,6.0,6,8,4
jtcxE69GiFV-05,jtcxE69GiFV_27535f650b78489abcf2397c1eaa3037,manual,bottom_fixed,9.0,6,13,3
jtcxE69GiFV-05,jtcxE69GiFV_27535f650b78489abcf2397c1eaa3037,manual,bottom_fixed,12.0,6,15,0
jtcxE69GiFV-09,jtcxE69GiFV_3fb4bb890d7f4964b496a46db647e72a,manual,count_only,0.0,1,0,0
jtcxE69GiFV-09,jtcxE69GiFV_3fb4bb890d7f4964b496a46db647e72a,manual,split_fixed,3.0,1,0,0
jtcxE69GiFV-09,jtcxE69GiFV_3fb4bb890d7f4964b496a46db647e72a,manual,split_fixed,6.0,1,0,0
jtcxE69GiFV-09,jtcxE69GiFV_3fb4bb890d7f4964b496a46db647e72a,manual,split_fixed,9.0,1,0,0
jtcxE69GiFV-09,jtcxE69GiFV_3fb4bb890d7f4964b496a46db647e72a,manual,split_fixed,12.0,1,0,0
jtcxE69GiFV-09,jtcxE69GiFV_3fb4bb890d7f4964b496a46db647e72a,manual,bound_fixed,3.0,1,0,0
jtcxE69GiFV-09,jtcxE69GiFV_3fb4bb890d7f4964b496a46db647e72a,manual,bound_fixed,6.0,1,0,0
jtcxE69GiFV-09,jtcxE69GiFV_3fb4bb890d7f4964b496a46db647e72a,manual,bound_fixed,9.0,1,0,0
jtcxE69GiFV-09,jtcxE69GiFV_3fb4bb890d7f4964b496a46db647e72a,manual,bound_fixed,12.0,1,0,0
jtcxE69GiFV-09,jtcxE69GiFV_3fb4bb890d7f4964b496a46db647e72a,manual,split_cyclic,3.0,1,0,0
jtcxE69GiFV-09,jtcxE69GiFV_3fb4bb890d7f4964b496a46db647e72a,manual,split_cyclic,6.0,1,0,0
jtcxE69GiFV-09,jtcxE69GiFV_3fb4bb890d7f4964b496a46db647e72a,manual,split_cyclic,9.0,1,0,0
jtcxE69GiFV-09,jtcxE69GiFV_3fb4bb890d7f4964b496a46db647e72a,manual,split_cyclic,12.0,1,0,0
jtcxE69GiFV-09,jtcxE69GiFV_3fb4bb890d7f4964b496a46db647e72a,manual,bound_cyclic,3.0,1,0,0
jtcxE69GiFV-09,jtcxE69GiFV_3fb4bb890d7f4964b496a46db647e72a,manual,bound_cyclic,6.0,1,0,0
jtcxE69GiFV-09,jtcxE69GiFV_3fb4bb890d7f4964b496a46db647e72a,manual,bound_cyclic,9.0,1,0,0
jtcxE69GiFV-09,jtcxE69GiFV_3fb4bb890d7f4964b496a46db647e72a,manual,bound_cyclic,12.0,1,0,0
jtcxE69GiFV-09,jtcxE69GiFV_3fb4bb890d7f4964b496a46db647e72a,manual,split_free,3.0,1,0,0
jtcxE69GiFV-09,jtcxE69GiFV_3fb4bb890d7f4964b496a46db647e72a,manual,split_free,6.0,1,0,0
jtcxE69GiFV-09,jtcxE69GiFV_3fb4bb890d7f4964b496a46db647e72a,manual,split_free,9.0,1,0,0
jtcxE69GiFV-09,jtcxE69GiFV_3fb4bb890d7f4964b496a46db647e72a,manual,split_free,12.0,1,0,0
jtcxE69GiFV-09,jtcxE69GiFV_3fb4bb890d7f4964b496a46db647e72a,manual,bound_free,3.0,1,0,0
jtcxE69GiFV-09,jtcxE69GiFV_3fb4bb890d7f4964b496a46db647e72a,manual,bound_free,6.0,1,0,0
jtcxE69GiFV-09,jtcxE69GiFV_3fb4bb890d7f4964b496a46db647e72a,manual,bound_free,9.0,1,0,0
jtcxE69GiFV-09,jtcxE69GiFV_3fb4bb890d7f4964b496a46db647e72a,manual,bound_free,12.0,1,0,0
jtcxE69GiFV-09,jtcxE69GiFV_3fb4bb890d7f4964b496a46db647e72a,manual,top_fixed,3.0,1,0,0
jtcxE69GiFV-09,jtcxE69GiFV_3fb4bb890d7f4964b496a46db647e72a,manual,top_fixed,6.0,1,0,0
jtcxE69GiFV-09,jtcxE69GiFV_3fb4bb890d7f4964b496a46db647e72a,manual,top_fixed,9.0,1,0,0
jtcxE69GiFV-09,jtcxE69GiFV_3fb4bb890d7f4964b496a46db647e72a,manual,top_fixed,12.0,1,0,0
jtcxE69GiFV-09,jtcxE69GiFV_3fb4bb890d7f4964b496a46db647e72a,manual,bottom_fixed,3.0,1,0,0
jtcxE69GiFV-09,jtcxE69GiFV_3fb4bb890d7f4964b496a46db647e72a,manual,bottom_fixed,6.0,1,0,0
jtcxE69GiFV-09,jtcxE69GiFV_3fb4bb890d7f4964b496a46db647e72a,manual,bottom_fixed,9.0,1,0,0
jtcxE69GiFV-09,jtcxE69GiFV_3fb4bb890d7f4964b496a46db647e72a,manual,bottom_fixed,12.0,1,0,0
jtcxE69GiFV-10,jtcxE69GiFV_44661972414d44fabc0799f237e4d7f0,manual,count_only,0.0,1,0,0
jtcxE69GiFV-10,jtcxE69GiFV_44661972414d44fabc0799f237e4d7f0,manual,split_fixed,3.0,1,0,0
jtcxE69GiFV-10,jtcxE69GiFV_44661972414d44fabc0799f237e4d7f0,manual,split_fixed,6.0,1,0,0
jtcxE69GiFV-10,jtcxE69GiFV_44661972414d44fabc0799f237e4d7f0,manual,split_fixed,9.0,1,0,0
jtcxE69GiFV-10,jtcxE69GiFV_44661972414d44fabc0799f237e4d7f0,manual,split_fixed,12.0,1,0,0
jtcxE69GiFV-10,jtcxE69GiFV_44661972414d44fabc0799f237e4d7f0,manual,bound_fixed,3.0,1,0,0
jtcxE69GiFV-10,jtcxE69GiFV_44661972414d44fabc0799f237e4d7f0,manual,bound_fixed,6.0,1,0,0
jtcxE69GiFV-10,jtcxE69GiFV_44661972414d44fabc0799f237e4d7f0,manual,bound_fixed,9.0,1,0,0
jtcxE69GiFV-10,jtcxE69GiFV_44661972414d44fabc0799f237e4d7f0,manual,bound_fixed,12.0,1,0,0
jtcxE69GiFV-10,jtcxE69GiFV_44661972414d44fabc0799f237e4d7f0,manual,split_cyclic,3.0,1,0,0
jtcxE69GiFV-10,jtcxE69GiFV_44661972414d44fabc0799f237e4d7f0,manual,split_cyclic,6.0,1,0,0
jtcxE69GiFV-10,jtcxE69GiFV_44661972414d44fabc0799f237e4d7f0,manual,split_cyclic,9.0,1,0,0
jtcxE69GiFV-10,jtcxE69GiFV_44661972414d44fabc0799f237e4d7f0,manual,split_cyclic,12.0,1,0,0
jtcxE69GiFV-10,jtcxE69GiFV_44661972414d44fabc0799f237e4d7f0,manual,bound_cyclic,3.0,1,0,0
jtcxE69GiFV-10,jtcxE69GiFV_44661972414d44fabc0799f237e4d7f0,manual,bound_cyclic,6.0,1,0,0
jtcxE69GiFV-10,jtcxE69GiFV_44661972414d44fabc0799f237e4d7f0,manual,bound_cyclic,9.0,1,0,0
jtcxE69GiFV-10,jtcxE69GiFV_44661972414d44fabc0799f237e4d7f0,manual,bound_cyclic,12.0,1,0,0
jtcxE69GiFV-10,jtcxE69GiFV_44661972414d44fabc0799f237e4d7f0,manual,split_free,3.0,1,0,0
jtcxE69GiFV-10,jtcxE69GiFV_44661972414d44fabc0799f237e4d7f0,manual,split_free,6.0,1,0,0
jtcxE69GiFV-10,jtcxE69GiFV_44661972414d44fabc0799f237e4d7f0,manual,split_free,9.0,1,0,0
jtcxE69GiFV-10,jtcxE69GiFV_44661972414d44fabc0799f237e4d7f0,manual,split_free,12.0,1,0,0
jtcxE69GiFV-10,jtcxE69GiFV_44661972414d44fabc0799f237e4d7f0,manual,bound_free,3.0,1,0,0
jtcxE69GiFV-10,jtcxE69GiFV_44661972414d44fabc0799f237e4d7f0,manual,bound_free,6.0,1,0,0
jtcxE69GiFV-10,jtcxE69GiFV_44661972414d44fabc0799f237e4d7f0,manual,bound_free,9.0,1,0,0
jtcxE69GiFV-10,jtcxE69GiFV_44661972414d44fabc0799f237e4d7f0,manual,bound_free,12.0,1,0,0
jtcxE69GiFV-10,jtcxE69GiFV_44661972414d44fabc0799f237e4d7f0,manual,top_fixed,3.0,1,0,0
jtcxE69GiFV-10,jtcxE69GiFV_44661972414d44fabc0799f237e4d7f0,manual,top_fixed,6.0,1,0,0
jtcxE69GiFV-10,jtcxE69GiFV_44661972414d44fabc0799f237e4d7f0,manual,top_fixed,9.0,1,0,0
jtcxE69GiFV-10,jtcxE69GiFV_44661972414d44fabc0799f237e4d7f0,manual,top_fixed,12.0,1,0,0
jtcxE69GiFV-10,jtcxE69GiFV_44661972414d44fabc0799f237e4d7f0,manual,bottom_fixed,3.0,1,0,0
jtcxE69GiFV-10,jtcxE69GiFV_44661972414d44fabc0799f237e4d7f0,manual,bottom_fixed,6.0,1,0,0
jtcxE69GiFV-10,jtcxE69GiFV_44661972414d44fabc0799f237e4d7f0,manual,bottom_fixed,9.0,1,0,0
jtcxE69GiFV-10,jtcxE69GiFV_44661972414d44fabc0799f237e4d7f0,manual,bottom_fixed,12.0,1,0,0
jtcxE69GiFV-11,jtcxE69GiFV_4d7ce55eeb6643079aba3b10360de8d8,manual,count_only,0.0,2,0,0
jtcxE69GiFV-11,jtcxE69GiFV_4d7ce55eeb6643079aba3b10360de8d8,manual,split_fixed,3.0,2,0,0
jtcxE69GiFV-11,jtcxE69GiFV_4d7ce55eeb6643079aba3b10360de8d8,manual,split_fixed,6.0,2,0,0
jtcxE69GiFV-11,jtcxE69GiFV_4d7ce55eeb6643079aba3b10360de8d8,manual,split_fixed,9.0,2,0,0
jtcxE69GiFV-11,jtcxE69GiFV_4d7ce55eeb6643079aba3b10360de8d8,manual,split_fixed,12.0,2,0,0
jtcxE69GiFV-11,jtcxE69GiFV_4d7ce55eeb6643079aba3b10360de8d8,manual,bound_fixed,3.0,2,0,0
jtcxE69GiFV-11,jtcxE69GiFV_4d7ce55eeb6643079aba3b10360de8d8,manual,bound_fixed,6.0,2,0,0
jtcxE69GiFV-11,jtcxE69GiFV_4d7ce55eeb6643079aba3b10360de8d8,manual,bound_fixed,9.0,2,0,0
jtcxE69GiFV-11,jtcxE69GiFV_4d7ce55eeb6643079aba3b10360de8d8,manual,bound_fixed,12.0,2,0,0
jtcxE69GiFV-11,jtcxE69GiFV_4d7ce55eeb6643079aba3b10360de8d8,manual,split_cyclic,3.0,2,0,0
jtcxE69GiFV-11,jtcxE69GiFV_4d7ce55eeb6643079aba3b10360de8d8,manual,split_cyclic,6.0,2,0,0
jtcxE69GiFV-11,jtcxE69GiFV_4d7ce55eeb6643079aba3b10360de8d8,manual,split_cyclic,9.0,2,0,0
jtcxE69GiFV-11,jtcxE69GiFV_4d7ce55eeb6643079aba3b10360de8d8,manual,split_cyclic,12.0,2,0,0
jtcxE69GiFV-11,jtcxE69GiFV_4d7ce55eeb6643079aba3b10360de8d8,manual,bound_cyclic,3.0,2,0,0
jtcxE69GiFV-11,jtcxE69GiFV_4d7ce55eeb6643079aba3b10360de8d8,manual,bound_cyclic,6.0,2,0,0
jtcxE69GiFV-11,jtcxE69GiFV_4d7ce55eeb6643079aba3b10360de8d8,manual,bound_cyclic,9.0,2,0,0
jtcxE69GiFV-11,jtcxE69GiFV_4d7ce55eeb6643079aba3b10360de8d8,manual,bound_cyclic,12.0,2,0,0
jtcxE69GiFV-11,jtcxE69GiFV_4d7ce55eeb6643079aba3b10360de8d8,manual,split_free,3.0,2,0,0
jtcxE69GiFV-11,jtcxE69GiFV_4d7ce55eeb6643079aba3b10360de8d8,manual,split_free,6.0,2,0,0
jtcxE69GiFV-11,jtcxE69GiFV_4d7ce55eeb6643079aba3b10360de8d8,manual,split_free,9.0,2,0,0
jtcxE69GiFV-11,jtcxE69GiFV_4d7ce55eeb6643079aba3b10360de8d8,manual,split_free,12.0,2,0,0
jtcxE69GiFV-11,jtcxE69GiFV_4d7ce55eeb6643079aba3b10360de8d8,manual,bound_free,3.0,2,0,0
jtcxE69GiFV-11,jtcxE69GiFV_4d7ce55eeb6643079aba3b10360de8d8,manual,bound_free,6.0,2,0,0
jtcxE69GiFV-11,jtcxE69GiFV_4d7ce55eeb6643079aba3b10360de8d8,manual,bound_free,9.0,2,0,0
jtcxE69GiFV-11,jtcxE69GiFV_4d7ce55eeb6643079aba3b10360de8d8,manual,bound_free,12.0,2,0,0
jtcxE69GiFV-11,jtcxE69GiFV_4d7ce55eeb6643079aba3b10360de8d8,manual,top_fixed,3.0,2,0,0
jtcxE69GiFV-11,jtcxE69GiFV_4d7ce55eeb6643079aba3b10360de8d8,manual,top_fixed,6.0,2,0,0
jtcxE69GiFV-11,jtcxE69GiFV_4d7ce55eeb6643079aba3b10360de8d8,manual,top_fixed,9.0,2,0,0
jtcxE69GiFV-11,jtcxE69GiFV_4d7ce55eeb6643079aba3b10360de8d8,manual,top_fixed,12.0,2,0,0
jtcxE69GiFV-11,jtcxE69GiFV_4d7ce55eeb6643079aba3b10360de8d8,manual,bottom_fixed,3.0,2,0,0
jtcxE69GiFV-11,jtcxE69GiFV_4d7ce55eeb6643079aba3b10360de8d8,manual,bottom_fixed,6.0,2,0,0
jtcxE69GiFV-11,jtcxE69GiFV_4d7ce55eeb6643079aba3b10360de8d8,manual,bottom_fixed,9.0,2,0,0
jtcxE69GiFV-11,jtcxE69GiFV_4d7ce55eeb6643079aba3b10360de8d8,manual,bottom_fixed,12.0,2,0,0
jtcxE69GiFV-12,jtcxE69GiFV_539fb3f6f19b442285b593628a8ce14e,manual,count_only,0.0,1,0,0
jtcxE69GiFV-12,jtcxE69GiFV_539fb3f6f19b442285b593628a8ce14e,manual,split_fixed,3.0,1,0,0
jtcxE69GiFV-12,jtcxE69GiFV_539fb3f6f19b442285b593628a8ce14e,manual,split_fixed,6.0,1,0,0
jtcxE69GiFV-12,jtcxE69GiFV_539fb3f6f19b442285b593628a8ce14e,manual,split_fixed,9.0,1,0,0
jtcxE69GiFV-12,jtcxE69GiFV_539fb3f6f19b442285b593628a8ce14e,manual,split_fixed,12.0,1,0,0
jtcxE69GiFV-12,jtcxE69GiFV_539fb3f6f19b442285b593628a8ce14e,manual,bound_fixed,3.0,1,0,0
jtcxE69GiFV-12,jtcxE69GiFV_539fb3f6f19b442285b593628a8ce14e,manual,bound_fixed,6.0,1,0,0
jtcxE69GiFV-12,jtcxE69GiFV_539fb3f6f19b442285b593628a8ce14e,manual,bound_fixed,9.0,1,0,0
jtcxE69GiFV-12,jtcxE69GiFV_539fb3f6f19b442285b593628a8ce14e,manual,bound_fixed,12.0,1,0,0
jtcxE69GiFV-12,jtcxE69GiFV_539fb3f6f19b442285b593628a8ce14e,manual,split_cyclic,3.0,1,0,0
jtcxE69GiFV-12,jtcxE69GiFV_539fb3f6f19b442285b593628a8ce14e,manual,split_cyclic,6.0,1,0,0
jtcxE69GiFV-12,jtcxE69GiFV_539fb3f6f19b442285b593628a8ce14e,manual,split_cyclic,9.0,1,0,0
jtcxE69GiFV-12,jtcxE69GiFV_539fb3f6f19b442285b593628a8ce14e,manual,split_cyclic,12.0,1,0,0
jtcxE69GiFV-12,jtcxE69GiFV_539fb3f6f19b442285b593628a8ce14e,manual,bound_cyclic,3.0,1,0,0
jtcxE69GiFV-12,jtcxE69GiFV_539fb3f6f19b442285b593628a8ce14e,manual,bound_cyclic,6.0,1,0,0
jtcxE69GiFV-12,jtcxE69GiFV_539fb3f6f19b442285b593628a8ce14e,manual,bound_cyclic,9.0,1,0,0
jtcxE69GiFV-12,jtcxE69GiFV_539fb3f6f19b442285b593628a8ce14e,manual,bound_cyclic,12.0,1,0,0
jtcxE69GiFV-12,jtcxE69GiFV_539fb3f6f19b442285b593628a8ce14e,manual,split_free,3.0,1,0,0
jtcxE69GiFV-12,jtcxE69GiFV_539fb3f6f19b442285b593628a8ce14e,manual,split_free,6.0,1,0,0
jtcxE69GiFV-12,jtcxE69GiFV_539fb3f6f19b442285b593628a8ce14e,manual,split_free,9.0,1,0,0
jtcxE69GiFV-12,jtcxE69GiFV_539fb3f6f19b442285b593628a8ce14e,manual,split_free,12.0,1,0,0
jtcxE69GiFV-12,jtcxE69GiFV_539fb3f6f19b442285b593628a8ce14e,manual,bound_free,3.0,1,0,0
jtcxE69GiFV-12,jtcxE69GiFV_539fb3f6f19b442285b593628a8ce14e,manual,bound_free,6.0,1,0,0
jtcxE69GiFV-12,jtcxE69GiFV_539fb3f6f19b442285b593628a8ce14e,manual,bound_free,9.0,1,0,0
jtcxE69GiFV-12,jtcxE69GiFV_539fb3f6f19b442285b593628a8ce14e,manual,bound_free,12.0,1,0,0
jtcxE69GiFV-12,jtcxE69GiFV_539fb3f6f19b442285b593628a8ce14e,manual,top_fixed,3.0,1,0,0
jtcxE69GiFV-12,jtcxE69GiFV_539fb3f6f19b442285b593628a8ce14e,manual,top_fixed,6.0,1,0,0
jtcxE69GiFV-12,jtcxE69GiFV_539fb3f6f19b442285b593628a8ce14e,manual,top_fixed,9.0,1,0,0
jtcxE69GiFV-12,jtcxE69GiFV_539fb3f6f19b442285b593628a8ce14e,manual,top_fixed,12.0,1,0,0
jtcxE69GiFV-12,jtcxE69GiFV_539fb3f6f19b442285b593628a8ce14e,manual,bottom_fixed,3.0,1,0,0
jtcxE69GiFV-12,jtcxE69GiFV_539fb3f6f19b442285b593628a8ce14e,manual,bottom_fixed,6.0,1,0,0
jtcxE69GiFV-12,jtcxE69GiFV_539fb3f6f19b442285b593628a8ce14e,manual,bottom_fixed,9.0,1,0,0
jtcxE69GiFV-12,jtcxE69GiFV_539fb3f6f19b442285b593628a8ce14e,manual,bottom_fixed,12.0,1,0,0
jtcxE69GiFV-13,jtcxE69GiFV_5d3af9ad575b4be88587967ff8114c36,manual,count_only,0.0,2,0,0
jtcxE69GiFV-13,jtcxE69GiFV_5d3af9ad575b4be88587967ff8114c36,manual,split_fixed,3.0,2,0,0
jtcxE69GiFV-13,jtcxE69GiFV_5d3af9ad575b4be88587967ff8114c36,manual,split_fixed,6.0,2,0,0
jtcxE69GiFV-13,jtcxE69GiFV_5d3af9ad575b4be88587967ff8114c36,manual,split_fixed,9.0,2,0,0
jtcxE69GiFV-13,jtcxE69GiFV_5d3af9ad575b4be88587967ff8114c36,manual,split_fixed,12.0,2,0,0
jtcxE69GiFV-13,jtcxE69GiFV_5d3af9ad575b4be88587967ff8114c36,manual,bound_fixed,3.0,2,0,0
jtcxE69GiFV-13,jtcxE69GiFV_5d3af9ad575b4be88587967ff8114c36,manual,bound_fixed,6.0,2,0,0
jtcxE69GiFV-13,jtcxE69GiFV_5d3af9ad575b4be88587967ff8114c36,manual,bound_fixed,9.0,2,0,0
jtcxE69GiFV-13,jtcxE69GiFV_5d3af9ad575b4be88587967ff8114c36,manual,bound_fixed,12.0,2,0,0
jtcxE69GiFV-13,jtcxE69GiFV_5d3af9ad575b4be88587967ff8114c36,manual,split_cyclic,3.0,2,0,0
jtcxE69GiFV-13,jtcxE69GiFV_5d3af9ad575b4be88587967ff8114c36,manual,split_cyclic,6.0,2,0,0
jtcxE69GiFV-13,jtcxE69GiFV_5d3af9ad575b4be88587967ff8114c36,manual,split_cyclic,9.0,2,0,0
jtcxE69GiFV-13,jtcxE69GiFV_5d3af9ad575b4be88587967ff8114c36,manual,split_cyclic,12.0,2,0,0
jtcxE69GiFV-13,jtcxE69GiFV_5d3af9ad575b4be88587967ff8114c36,manual,bound_cyclic,3.0,2,0,0
jtcxE69GiFV-13,jtcxE69GiFV_5d3af9ad575b4be88587967ff8114c36,manual,bound_cyclic,6.0,2,0,0
jtcxE69GiFV-13,jtcxE69GiFV_5d3af9ad575b4be88587967ff8114c36,manual,bound_cyclic,9.0,2,0,0
jtcxE69GiFV-13,jtcxE69GiFV_5d3af9ad575b4be88587967ff8114c36,manual,bound_cyclic,12.0,2,0,0
jtcxE69GiFV-13,jtcxE69GiFV_5d3af9ad575b4be88587967ff8114c36,manual,split_free,3.0,2,0,0
jtcxE69GiFV-13,jtcxE69GiFV_5d3af9ad575b4be88587967ff8114c36,manual,split_free,6.0,2,0,0
jtcxE69GiFV-13,jtcxE69GiFV_5d3af9ad575b4be88587967ff8114c36,manual,split_free,9.0,2,0,0
jtcxE69GiFV-13,jtcxE69GiFV_5d3af9ad575b4be88587967ff8114c36,manual,split_free,12.0,2,0,0
jtcxE69GiFV-13,jtcxE69GiFV_5d3af9ad575b4be88587967ff8114c36,manual,bound_free,3.0,2,0,0
jtcxE69GiFV-13,jtcxE69GiFV_5d3af9ad575b4be88587967ff8114c36,manual,bound_free,6.0,2,0,0
jtcxE69GiFV-13,jtcxE69GiFV_5d3af9ad575b4be88587967ff8114c36,manual,bound_free,9.0,2,0,0
jtcxE69GiFV-13,jtcxE69GiFV_5d3af9ad575b4be88587967ff8114c36,manual,bound_free,12.0,2,0,0
jtcxE69GiFV-13,jtcxE69GiFV_5d3af9ad575b4be88587967ff8114c36,manual,top_fixed,3.0,2,0,0
jtcxE69GiFV-13,jtcxE69GiFV_5d3af9ad575b4be88587967ff8114c36,manual,top_fixed,6.0,2,0,0
jtcxE69GiFV-13,jtcxE69GiFV_5d3af9ad575b4be88587967ff8114c36,manual,top_fixed,9.0,2,0,0
jtcxE69GiFV-13,jtcxE69GiFV_5d3af9ad575b4be88587967ff8114c36,manual,top_fixed,12.0,2,0,0
jtcxE69GiFV-13,jtcxE69GiFV_5d3af9ad575b4be88587967ff8114c36,manual,bottom_fixed,3.0,2,0,0
jtcxE69GiFV-13,jtcxE69GiFV_5d3af9ad575b4be88587967ff8114c36,manual,bottom_fixed,6.0,2,0,0
jtcxE69GiFV-13,jtcxE69GiFV_5d3af9ad575b4be88587967ff8114c36,manual,bottom_fixed,9.0,2,0,0
jtcxE69GiFV-13,jtcxE69GiFV_5d3af9ad575b4be88587967ff8114c36,manual,bottom_fixed,12.0,2,0,0
jtcxE69GiFV-17,jtcxE69GiFV_6723e18211d244f8b17ced91aae64d99,manual,count_only,0.0,1,0,0
jtcxE69GiFV-17,jtcxE69GiFV_6723e18211d244f8b17ced91aae64d99,manual,split_fixed,3.0,1,0,0
jtcxE69GiFV-17,jtcxE69GiFV_6723e18211d244f8b17ced91aae64d99,manual,split_fixed,6.0,1,0,0
jtcxE69GiFV-17,jtcxE69GiFV_6723e18211d244f8b17ced91aae64d99,manual,split_fixed,9.0,1,0,0
jtcxE69GiFV-17,jtcxE69GiFV_6723e18211d244f8b17ced91aae64d99,manual,split_fixed,12.0,1,0,0
jtcxE69GiFV-17,jtcxE69GiFV_6723e18211d244f8b17ced91aae64d99,manual,bound_fixed,3.0,1,0,0
jtcxE69GiFV-17,jtcxE69GiFV_6723e18211d244f8b17ced91aae64d99,manual,bound_fixed,6.0,1,0,0
jtcxE69GiFV-17,jtcxE69GiFV_6723e18211d244f8b17ced91aae64d99,manual,bound_fixed,9.0,1,0,0
jtcxE69GiFV-17,jtcxE69GiFV_6723e18211d244f8b17ced91aae64d99,manual,bound_fixed,12.0,1,0,0
jtcxE69GiFV-17,jtcxE69GiFV_6723e18211d244f8b17ced91aae64d99,manual,split_cyclic,3.0,1,0,0
jtcxE69GiFV-17,jtcxE69GiFV_6723e18211d244f8b17ced91aae64d99,manual,split_cyclic,6.0,1,0,0
jtcxE69GiFV-17,jtcxE69GiFV_6723e18211d244f8b17ced91aae64d99,manual,split_cyclic,9.0,1,0,0
jtcxE69GiFV-17,jtcxE69GiFV_6723e18211d244f8b17ced91aae64d99,manual,split_cyclic,12.0,1,0,0
jtcxE69GiFV-17,jtcxE69GiFV_6723e18211d244f8b17ced91aae64d99,manual,bound_cyclic,3.0,1,0,0
jtcxE69GiFV-17,jtcxE69GiFV_6723e18211d244f8b17ced91aae64d99,manual,bound_cyclic,6.0,1,0,0
jtcxE69GiFV-17,jtcxE69GiFV_6723e18211d244f8b17ced91aae64d99,manual,bound_cyclic,9.0,1,0,0
jtcxE69GiFV-17,jtcxE69GiFV_6723e18211d244f8b17ced91aae64d99,manual,bound_cyclic,12.0,1,0,0
jtcxE69GiFV-17,jtcxE69GiFV_6723e18211d244f8b17ced91aae64d99,manual,split_free,3.0,1,0,0
jtcxE69GiFV-17,jtcxE69GiFV_6723e18211d244f8b17ced91aae64d99,manual,split_free,6.0,1,0,0
jtcxE69GiFV-17,jtcxE69GiFV_6723e18211d244f8b17ced91aae64d99,manual,split_free,9.0,1,0,0
jtcxE69GiFV-17,jtcxE69GiFV_6723e18211d244f8b17ced91aae64d99,manual,split_free,12.0,1,0,0
jtcxE69GiFV-17,jtcxE69GiFV_6723e18211d244f8b17ced91aae64d99,manual,bound_free,3.0,1,0,0
jtcxE69GiFV-17,jtcxE69GiFV_6723e18211d244f8b17ced91aae64d99,manual,bound_free,6.0,1,0,0
jtcxE69GiFV-17,jtcxE69GiFV_6723e18211d244f8b17ced91aae64d99,manual,bound_free,9.0,1,0,0
jtcxE69GiFV-17,jtcxE69GiFV_6723e18211d244f8b17ced91aae64d99,manual,bound_free,12.0,1,0,0
jtcxE69GiFV-17,jtcxE69GiFV_6723e18211d244f8b17ced91aae64d99,manual,top_fixed,3.0,1,0,0
jtcxE69GiFV-17,jtcxE69GiFV_6723e18211d244f8b17ced91aae64d99,manual,top_fixed,6.0,1,0,0
jtcxE69GiFV-17,jtcxE69GiFV_6723e18211d244f8b17ced91aae64d99,manual,top_fixed,9.0,1,0,0
jtcxE69GiFV-17,jtcxE69GiFV_6723e18211d244f8b17ced91aae64d99,manual,top_fixed,12.0,1,0,0
jtcxE69GiFV-17,jtcxE69GiFV_6723e18211d244f8b17ced91aae64d99,manual,bottom_fixed,3.0,1,0,0
jtcxE69GiFV-17,jtcxE69GiFV_6723e18211d244f8b17ced91aae64d99,manual,bottom_fixed,6.0,1,0,0
jtcxE69GiFV-17,jtcxE69GiFV_6723e18211d244f8b17ced91aae64d99,manual,bottom_fixed,9.0,1,0,0
jtcxE69GiFV-17,jtcxE69GiFV_6723e18211d244f8b17ced91aae64d99,manual,bottom_fixed,12.0,1,0,0
jtcxE69GiFV-18,jtcxE69GiFV_67790605390f4d439c3c59395967ec84,manual,count_only,0.0,4,3,0
jtcxE69GiFV-18,jtcxE69GiFV_67790605390f4d439c3c59395967ec84,manual,split_fixed,3.0,4,2,1
jtcxE69GiFV-18,jtcxE69GiFV_67790605390f4d439c3c59395967ec84,manual,split_fixed,6.0,4,3,0
jtcxE69GiFV-18,jtcxE69GiFV_67790605390f4d439c3c59395967ec84,manual,split_fixed,9.0,4,3,0
jtcxE69GiFV-18,jtcxE69GiFV_67790605390f4d439c3c59395967ec84,manual,split_fixed,12.0,4,3,0
jtcxE69GiFV-18,jtcxE69GiFV_67790605390f4d439c3c59395967ec84,manual,bound_fixed,3.0,4,2,1
jtcxE69GiFV-18,jtcxE69GiFV_67790605390f4d439c3c59395967ec84,manual,bound_fixed,6.0,4,3,0
jtcxE69GiFV-18,jtcxE69GiFV_67790605390f4d439c3c59395967ec84,manual,bound_fixed,9.0,4,3,0
jtcxE69GiFV-18,jtcxE69GiFV_67790605390f4d439c3c59395967ec84,manual,bound_fixed,12.0,4,3,0
jtcxE69GiFV-18,jtcxE69GiFV_67790605390f4d439c3c59395967ec84,manual,split_cyclic,3.0,4,2,1
jtcxE69GiFV-18,jtcxE69GiFV_67790605390f4d439c3c59395967ec84,manual,split_cyclic,6.0,4,3,0
jtcxE69GiFV-18,jtcxE69GiFV_67790605390f4d439c3c59395967ec84,manual,split_cyclic,9.0,4,3,0
jtcxE69GiFV-18,jtcxE69GiFV_67790605390f4d439c3c59395967ec84,manual,split_cyclic,12.0,4,3,0
jtcxE69GiFV-18,jtcxE69GiFV_67790605390f4d439c3c59395967ec84,manual,bound_cyclic,3.0,4,2,1
jtcxE69GiFV-18,jtcxE69GiFV_67790605390f4d439c3c59395967ec84,manual,bound_cyclic,6.0,4,3,0
jtcxE69GiFV-18,jtcxE69GiFV_67790605390f4d439c3c59395967ec84,manual,bound_cyclic,9.0,4,3,0
jtcxE69GiFV-18,jtcxE69GiFV_67790605390f4d439c3c59395967ec84,manual,bound_cyclic,12.0,4,3,0
jtcxE69GiFV-18,jtcxE69GiFV_67790605390f4d439c3c59395967ec84,manual,split_free,3.0,4,2,1
jtcxE69GiFV-18,jtcxE69GiFV_67790605390f4d439c3c59395967ec84,manual,split_free,6.0,4,3,0
jtcxE69GiFV-18,jtcxE69GiFV_67790605390f4d439c3c59395967ec84,manual,split_free,9.0,4,3,0
jtcxE69GiFV-18,jtcxE69GiFV_67790605390f4d439c3c59395967ec84,manual,split_free,12.0,4,3,0
jtcxE69GiFV-18,jtcxE69GiFV_67790605390f4d439c3c59395967ec84,manual,bound_free,3.0,4,2,1
jtcxE69GiFV-18,jtcxE69GiFV_67790605390f4d439c3c59395967ec84,manual,bound_free,6.0,4,3,0
jtcxE69GiFV-18,jtcxE69GiFV_67790605390f4d439c3c59395967ec84,manual,bound_free,9.0,4,3,0
jtcxE69GiFV-18,jtcxE69GiFV_67790605390f4d439c3c59395967ec84,manual,bound_free,12.0,4,3,0
jtcxE69GiFV-18,jtcxE69GiFV_67790605390f4d439c3c59395967ec84,manual,top_fixed,3.0,4,2,1
jtcxE69GiFV-18,jtcxE69GiFV_67790605390f4d439c3c59395967ec84,manual,top_fixed,6.0,4,3,0
jtcxE69GiFV-18,jtcxE69GiFV_67790605390f4d439c3c59395967ec84,manual,top_fixed,9.0,4,3,0
jtcxE69GiFV-18,jtcxE69GiFV_67790605390f4d439c3c59395967ec84,manual,top_fixed,12.0,4,3,0
jtcxE69GiFV-18,jtcxE69GiFV_67790605390f4d439c3c59395967ec84,manual,bottom_fixed,3.0,4,2,1
jtcxE69GiFV-18,jtcxE69GiFV_67790605390f4d439c3c59395967ec84,manual,bottom_fixed,6.0,4,3,0
jtcxE69GiFV-18,jtcxE69GiFV_67790605390f4d439c3c59395967ec84,manual,bottom_fixed,9.0,4,3,0
jtcxE69GiFV-18,jtcxE69GiFV_67790605390f4d439c3c59395967ec84,manual,bottom_fixed,12.0,4,3,0
jtcxE69GiFV-22,jtcxE69GiFV_9f0e2562fcf447f5a7c5e44e85978148,manual,count_only,0.0,2,1,0
jtcxE69GiFV-22,jtcxE69GiFV_9f0e2562fcf447f5a7c5e44e85978148,manual,split_fixed,3.0,2,0,0
jtcxE69GiFV-22,jtcxE69GiFV_9f0e2562fcf447f5a7c5e44e85978148,manual,split_fixed,6.0,2,1,0
jtcxE69GiFV-22,jtcxE69GiFV_9f0e2562fcf447f5a7c5e44e85978148,manual,split_fixed,9.0,2,1,0
jtcxE69GiFV-22,jtcxE69GiFV_9f0e2562fcf447f5a7c5e44e85978148,manual,split_fixed,12.0,2,1,0
jtcxE69GiFV-22,jtcxE69GiFV_9f0e2562fcf447f5a7c5e44e85978148,manual,bound_fixed,3.0,2,0,0
jtcxE69GiFV-22,jtcxE69GiFV_9f0e2562fcf447f5a7c5e44e85978148,manual,bound_fixed,6.0,2,1,0
jtcxE69GiFV-22,jtcxE69GiFV_9f0e2562fcf447f5a7c5e44e85978148,manual,bound_fixed,9.0,2,1,0
jtcxE69GiFV-22,jtcxE69GiFV_9f0e2562fcf447f5a7c5e44e85978148,manual,bound_fixed,12.0,2,1,0
jtcxE69GiFV-22,jtcxE69GiFV_9f0e2562fcf447f5a7c5e44e85978148,manual,split_cyclic,3.0,2,0,0
jtcxE69GiFV-22,jtcxE69GiFV_9f0e2562fcf447f5a7c5e44e85978148,manual,split_cyclic,6.0,2,1,0
jtcxE69GiFV-22,jtcxE69GiFV_9f0e2562fcf447f5a7c5e44e85978148,manual,split_cyclic,9.0,2,1,0
jtcxE69GiFV-22,jtcxE69GiFV_9f0e2562fcf447f5a7c5e44e85978148,manual,split_cyclic,12.0,2,1,0
jtcxE69GiFV-22,jtcxE69GiFV_9f0e2562fcf447f5a7c5e44e85978148,manual,bound_cyclic,3.0,2,0,0
jtcxE69GiFV-22,jtcxE69GiFV_9f0e2562fcf447f5a7c5e44e85978148,manual,bound_cyclic,6.0,2,1,0
jtcxE69GiFV-22,jtcxE69GiFV_9f0e2562fcf447f5a7c5e44e85978148,manual,bound_cyclic,9.0,2,1,0
jtcxE69GiFV-22,jtcxE69GiFV_9f0e2562fcf447f5a7c5e44e85978148,manual,bound_cyclic,12.0,2,1,0
jtcxE69GiFV-22,jtcxE69GiFV_9f0e2562fcf447f5a7c5e44e85978148,manual,split_free,3.0,2,0,0
jtcxE69GiFV-22,jtcxE69GiFV_9f0e2562fcf447f5a7c5e44e85978148,manual,split_free,6.0,2,1,0
jtcxE69GiFV-22,jtcxE69GiFV_9f0e2562fcf447f5a7c5e44e85978148,manual,split_free,9.0,2,1,0
jtcxE69GiFV-22,jtcxE69GiFV_9f0e2562fcf447f5a7c5e44e85978148,manual,split_free,12.0,2,1,0
jtcxE69GiFV-22,jtcxE69GiFV_9f0e2562fcf447f5a7c5e44e85978148,manual,bound_free,3.0,2,0,0
jtcxE69GiFV-22,jtcxE69GiFV_9f0e2562fcf447f5a7c5e44e85978148,manual,bound_free,6.0,2,1,0
jtcxE69GiFV-22,jtcxE69GiFV_9f0e2562fcf447f5a7c5e44e85978148,manual,bound_free,9.0,2,1,0
jtcxE69GiFV-22,jtcxE69GiFV_9f0e2562fcf447f5a7c5e44e85978148,manual,bound_free,12.0,2,1,0
jtcxE69GiFV-22,jtcxE69GiFV_9f0e2562fcf447f5a7c5e44e85978148,manual,top_fixed,3.0,2,0,0
jtcxE69GiFV-22,jtcxE69GiFV_9f0e2562fcf447f5a7c5e44e85978148,manual,top_fixed,6.0,2,1,0
jtcxE69GiFV-22,jtcxE69GiFV_9f0e2562fcf447f5a7c5e44e85978148,manual,top_fixed,9.0,2,1,0
jtcxE69GiFV-22,jtcxE69GiFV_9f0e2562fcf447f5a7c5e44e85978148,manual,top_fixed,12.0,2,1,0
jtcxE69GiFV-22,jtcxE69GiFV_9f0e2562fcf447f5a7c5e44e85978148,manual,bottom_fixed,3.0,2,0,0
jtcxE69GiFV-22,jtcxE69GiFV_9f0e2562fcf447f5a7c5e44e85978148,manual,bottom_fixed,6.0,2,1,0
jtcxE69GiFV-22,jtcxE69GiFV_9f0e2562fcf447f5a7c5e44e85978148,manual,bottom_fixed,9.0,2,1,0
jtcxE69GiFV-22,jtcxE69GiFV_9f0e2562fcf447f5a7c5e44e85978148,manual,bottom_fixed,12.0,2,1,0
jtcxE69GiFV-23,jtcxE69GiFV_a197694b62d249968f88ae32a1b49d10,manual,count_only,0.0,1,0,0
jtcxE69GiFV-23,jtcxE69GiFV_a197694b62d249968f88ae32a1b49d10,manual,split_fixed,3.0,1,0,0
jtcxE69GiFV-23,jtcxE69GiFV_a197694b62d249968f88ae32a1b49d10,manual,split_fixed,6.0,1,0,0
jtcxE69GiFV-23,jtcxE69GiFV_a197694b62d249968f88ae32a1b49d10,manual,split_fixed,9.0,1,0,0
jtcxE69GiFV-23,jtcxE69GiFV_a197694b62d249968f88ae32a1b49d10,manual,split_fixed,12.0,1,0,0
jtcxE69GiFV-23,jtcxE69GiFV_a197694b62d249968f88ae32a1b49d10,manual,bound_fixed,3.0,1,0,0
jtcxE69GiFV-23,jtcxE69GiFV_a197694b62d249968f88ae32a1b49d10,manual,bound_fixed,6.0,1,0,0
jtcxE69GiFV-23,jtcxE69GiFV_a197694b62d249968f88ae32a1b49d10,manual,bound_fixed,9.0,1,0,0
jtcxE69GiFV-23,jtcxE69GiFV_a197694b62d249968f88ae32a1b49d10,manual,bound_fixed,12.0,1,0,0
jtcxE69GiFV-23,jtcxE69GiFV_a197694b62d249968f88ae32a1b49d10,manual,split_cyclic,3.0,1,0,0
jtcxE69GiFV-23,jtcxE69GiFV_a197694b62d249968f88ae32a1b49d10,manual,split_cyclic,6.0,1,0,0
jtcxE69GiFV-23,jtcxE69GiFV_a197694b62d249968f88ae32a1b49d10,manual,split_cyclic,9.0,1,0,0
jtcxE69GiFV-23,jtcxE69GiFV_a197694b62d249968f88ae32a1b49d10,manual,split_cyclic,12.0,1,0,0
jtcxE69GiFV-23,jtcxE69GiFV_a197694b62d249968f88ae32a1b49d10,manual,bound_cyclic,3.0,1,0,0
jtcxE69GiFV-23,jtcxE69GiFV_a197694b62d249968f88ae32a1b49d10,manual,bound_cyclic,6.0,1,0,0
jtcxE69GiFV-23,jtcxE69GiFV_a197694b62d249968f88ae32a1b49d10,manual,bound_cyclic,9.0,1,0,0
jtcxE69GiFV-23,jtcxE69GiFV_a197694b62d249968f88ae32a1b49d10,manual,bound_cyclic,12.0,1,0,0
jtcxE69GiFV-23,jtcxE69GiFV_a197694b62d249968f88ae32a1b49d10,manual,split_free,3.0,1,0,0
jtcxE69GiFV-23,jtcxE69GiFV_a197694b62d249968f88ae32a1b49d10,manual,split_free,6.0,1,0,0
jtcxE69GiFV-23,jtcxE69GiFV_a197694b62d249968f88ae32a1b49d10,manual,split_free,9.0,1,0,0
jtcxE69GiFV-23,jtcxE69GiFV_a197694b62d249968f88ae32a1b49d10,manual,split_free,12.0,1,0,0
jtcxE69GiFV-23,jtcxE69GiFV_a197694b62d249968f88ae32a1b49d10,manual,bound_free,3.0,1,0,0
jtcxE69GiFV-23,jtcxE69GiFV_a197694b62d249968f88ae32a1b49d10,manual,bound_free,6.0,1,0,0
jtcxE69GiFV-23,jtcxE69GiFV_a197694b62d249968f88ae32a1b49d10,manual,bound_free,9.0,1,0,0
jtcxE69GiFV-23,jtcxE69GiFV_a197694b62d249968f88ae32a1b49d10,manual,bound_free,12.0,1,0,0
jtcxE69GiFV-23,jtcxE69GiFV_a197694b62d249968f88ae32a1b49d10,manual,top_fixed,3.0,1,0,0
jtcxE69GiFV-23,jtcxE69GiFV_a197694b62d249968f88ae32a1b49d10,manual,top_fixed,6.0,1,0,0
jtcxE69GiFV-23,jtcxE69GiFV_a197694b62d249968f88ae32a1b49d10,manual,top_fixed,9.0,1,0,0
jtcxE69GiFV-23,jtcxE69GiFV_a197694b62d249968f88ae32a1b49d10,manual,top_fixed,12.0,1,0,0
jtcxE69GiFV-23,jtcxE69GiFV_a197694b62d249968f88ae32a1b49d10,manual,bottom_fixed,3.0,1,0,0
jtcxE69GiFV-23,jtcxE69GiFV_a197694b62d249968f88ae32a1b49d10,manual,bottom_fixed,6.0,1,0,0
jtcxE69GiFV-23,jtcxE69GiFV_a197694b62d249968f88ae32a1b49d10,manual,bottom_fixed,9.0,1,0,0
jtcxE69GiFV-23,jtcxE69GiFV_a197694b62d249968f88ae32a1b49d10,manual,bottom_fixed,12.0,1,0,0
jtcxE69GiFV-26,jtcxE69GiFV_c90412ad99334d3aa7a1ec74d8e543a1,manual,count_only,0.0,4,2,0
jtcxE69GiFV-26,jtcxE69GiFV_c90412ad99334d3aa7a1ec74d8e543a1,manual,split_fixed,3.0,4,0,0
jtcxE69GiFV-26,jtcxE69GiFV_c90412ad99334d3aa7a1ec74d8e543a1,manual,split_fixed,6.0,4,1,0
jtcxE69GiFV-26,jtcxE69GiFV_c90412ad99334d3aa7a1ec74d8e543a1,manual,split_fixed,9.0,4,1,0
jtcxE69GiFV-26,jtcxE69GiFV_c90412ad99334d3aa7a1ec74d8e543a1,manual,split_fixed,12.0,4,2,0
jtcxE69GiFV-26,jtcxE69GiFV_c90412ad99334d3aa7a1ec74d8e543a1,manual,bound_fixed,3.0,4,0,0
jtcxE69GiFV-26,jtcxE69GiFV_c90412ad99334d3aa7a1ec74d8e543a1,manual,bound_fixed,6.0,4,1,0
jtcxE69GiFV-26,jtcxE69GiFV_c90412ad99334d3aa7a1ec74d8e543a1,manual,bound_fixed,9.0,4,1,0
jtcxE69GiFV-26,jtcxE69GiFV_c90412ad99334d3aa7a1ec74d8e543a1,manual,bound_fixed,12.0,4,2,0
jtcxE69GiFV-26,jtcxE69GiFV_c90412ad99334d3aa7a1ec74d8e543a1,manual,split_cyclic,3.0,4,0,0
jtcxE69GiFV-26,jtcxE69GiFV_c90412ad99334d3aa7a1ec74d8e543a1,manual,split_cyclic,6.0,4,1,0
jtcxE69GiFV-26,jtcxE69GiFV_c90412ad99334d3aa7a1ec74d8e543a1,manual,split_cyclic,9.0,4,1,0
jtcxE69GiFV-26,jtcxE69GiFV_c90412ad99334d3aa7a1ec74d8e543a1,manual,split_cyclic,12.0,4,2,0
jtcxE69GiFV-26,jtcxE69GiFV_c90412ad99334d3aa7a1ec74d8e543a1,manual,bound_cyclic,3.0,4,0,0
jtcxE69GiFV-26,jtcxE69GiFV_c90412ad99334d3aa7a1ec74d8e543a1,manual,bound_cyclic,6.0,4,1,0
jtcxE69GiFV-26,jtcxE69GiFV_c90412ad99334d3aa7a1ec74d8e543a1,manual,bound_cyclic,9.0,4,1,0
jtcxE69GiFV-26,jtcxE69GiFV_c90412ad99334d3aa7a1ec74d8e543a1,manual,bound_cyclic,12.0,4,2,0
jtcxE69GiFV-26,jtcxE69GiFV_c90412ad99334d3aa7a1ec74d8e543a1,manual,split_free,3.0,4,0,0
jtcxE69GiFV-26,jtcxE69GiFV_c90412ad99334d3aa7a1ec74d8e543a1,manual,split_free,6.0,4,1,0
jtcxE69GiFV-26,jtcxE69GiFV_c90412ad99334d3aa7a1ec74d8e543a1,manual,split_free,9.0,4,1,0
jtcxE69GiFV-26,jtcxE69GiFV_c90412ad99334d3aa7a1ec74d8e543a1,manual,split_free,12.0,4,2,0
jtcxE69GiFV-26,jtcxE69GiFV_c90412ad99334d3aa7a1ec74d8e543a1,manual,bound_free,3.0,4,0,0
jtcxE69GiFV-26,jtcxE69GiFV_c90412ad99334d3aa7a1ec74d8e543a1,manual,bound_free,6.0,4,1,0
jtcxE69GiFV-26,jtcxE69GiFV_c90412ad99334d3aa7a1ec74d8e543a1,manual,bound_free,9.0,4,1,0
jtcxE69GiFV-26,jtcxE69GiFV_c90412ad99334d3aa7a1ec74d8e543a1,manual,bound_free,12.0,4,2,0
jtcxE69GiFV-26,jtcxE69GiFV_c90412ad99334d3aa7a1ec74d8e543a1,manual,top_fixed,3.0,4,0,0
jtcxE69GiFV-26,jtcxE69GiFV_c90412ad99334d3aa7a1ec74d8e543a1,manual,top_fixed,6.0,4,1,0
jtcxE69GiFV-26,jtcxE69GiFV_c90412ad99334d3aa7a1ec74d8e543a1,manual,top_fixed,9.0,4,2,0
jtcxE69GiFV-26,jtcxE69GiFV_c90412ad99334d3aa7a1ec74d8e543a1,manual,top_fixed,12.0,4,2,0
jtcxE69GiFV-26,jtcxE69GiFV_c90412ad99334d3aa7a1ec74d8e543a1,manual,bottom_fixed,3.0,4,1,0
jtcxE69GiFV-26,jtcxE69GiFV_c90412ad99334d3aa7a1ec74d8e543a1,manual,bottom_fixed,6.0,4,1,0
jtcxE69GiFV-26,jtcxE69GiFV_c90412ad99334d3aa7a1ec74d8e543a1,manual,bottom_fixed,9.0,4,1,0
jtcxE69GiFV-26,jtcxE69GiFV_c90412ad99334d3aa7a1ec74d8e543a1,manual,bottom_fixed,12.0,4,2,0
jtcxE69GiFV-28,jtcxE69GiFV_dce110162b244b2ab76a0804fc830a9e,manual,count_only,0.0,4,1,0
jtcxE69GiFV-28,jtcxE69GiFV_dce110162b244b2ab76a0804fc830a9e,manual,split_fixed,3.0,4,0,0
jtcxE69GiFV-28,jtcxE69GiFV_dce110162b244b2ab76a0804fc830a9e,manual,split_fixed,6.0,4,0,0
jtcxE69GiFV-28,jtcxE69GiFV_dce110162b244b2ab76a0804fc830a9e,manual,split_fixed,9.0,4,0,0
jtcxE69GiFV-28,jtcxE69GiFV_dce110162b244b2ab76a0804fc830a9e,manual,split_fixed,12.0,4,1,0
jtcxE69GiFV-28,jtcxE69GiFV_dce110162b244b2ab76a0804fc830a9e,manual,bound_fixed,3.0,4,0,0
jtcxE69GiFV-28,jtcxE69GiFV_dce110162b244b2ab76a0804fc830a9e,manual,bound_fixed,6.0,4,0,0
jtcxE69GiFV-28,jtcxE69GiFV_dce110162b244b2ab76a0804fc830a9e,manual,bound_fixed,9.0,4,0,0
jtcxE69GiFV-28,jtcxE69GiFV_dce110162b244b2ab76a0804fc830a9e,manual,bound_fixed,12.0,4,1,0
jtcxE69GiFV-28,jtcxE69GiFV_dce110162b244b2ab76a0804fc830a9e,manual,split_cyclic,3.0,4,0,0
jtcxE69GiFV-28,jtcxE69GiFV_dce110162b244b2ab76a0804fc830a9e,manual,split_cyclic,6.0,4,0,0
jtcxE69GiFV-28,jtcxE69GiFV_dce110162b244b2ab76a0804fc830a9e,manual,split_cyclic,9.0,4,0,0
jtcxE69GiFV-28,jtcxE69GiFV_dce110162b244b2ab76a0804fc830a9e,manual,split_cyclic,12.0,4,1,0
jtcxE69GiFV-28,jtcxE69GiFV_dce110162b244b2ab76a0804fc830a9e,manual,bound_cyclic,3.0,4,0,0
jtcxE69GiFV-28,jtcxE69GiFV_dce110162b244b2ab76a0804fc830a9e,manual,bound_cyclic,6.0,4,0,0
jtcxE69GiFV-28,jtcxE69GiFV_dce110162b244b2ab76a0804fc830a9e,manual,bound_cyclic,9.0,4,0,0
jtcxE69GiFV-28,jtcxE69GiFV_dce110162b244b2ab76a0804fc830a9e,manual,bound_cyclic,12.0,4,1,0
jtcxE69GiFV-28,jtcxE69GiFV_dce110162b244b2ab76a0804fc830a9e,manual,split_free,3.0,4,0,0
jtcxE69GiFV-28,jtcxE69GiFV_dce110162b244b2ab76a0804fc830a9e,manual,split_free,6.0,4,0,0
jtcxE69GiFV-28,jtcxE69GiFV_dce110162b244b2ab76a0804fc830a9e,manual,split_free,9.0,4,1,0
jtcxE69GiFV-28,jtcxE69GiFV_dce110162b244b2ab76a0804fc830a9e,manual,split_free,12.0,4,1,0
jtcxE69GiFV-28,jtcxE69GiFV_dce110162b244b2ab76a0804fc830a9e,manual,bound_free,3.0,4,0,0
jtcxE69GiFV-28,jtcxE69GiFV_dce110162b244b2ab76a0804fc830a9e,manual,bound_free,6.0,4,0,0
jtcxE69GiFV-28,jtcxE69GiFV_dce110162b244b2ab76a0804fc830a9e,manual,bound_free,9.0,4,1,0
jtcxE69GiFV-28,jtcxE69GiFV_dce110162b244b2ab76a0804fc830a9e,manual,bound_free,12.0,4,1,0
jtcxE69GiFV-28,jtcxE69GiFV_dce110162b244b2ab76a0804fc830a9e,manual,top_fixed,3.0,4,0,0
jtcxE69GiFV-28,jtcxE69GiFV_dce110162b244b2ab76a0804fc830a9e,manual,top_fixed,6.0,4,0,0
jtcxE69GiFV-28,jtcxE69GiFV_dce110162b244b2ab76a0804fc830a9e,manual,top_fixed,9.0,4,0,0
jtcxE69GiFV-28,jtcxE69GiFV_dce110162b244b2ab76a0804fc830a9e,manual,top_fixed,12.0,4,1,0
jtcxE69GiFV-28,jtcxE69GiFV_dce110162b244b2ab76a0804fc830a9e,manual,bottom_fixed,3.0,4,0,0
jtcxE69GiFV-28,jtcxE69GiFV_dce110162b244b2ab76a0804fc830a9e,manual,bottom_fixed,6.0,4,0,0
jtcxE69GiFV-28,jtcxE69GiFV_dce110162b244b2ab76a0804fc830a9e,manual,bottom_fixed,9.0,4,0,0
jtcxE69GiFV-28,jtcxE69GiFV_dce110162b244b2ab76a0804fc830a9e,manual,bottom_fixed,12.0,4,1,0
jtcxE69GiFV-30,jtcxE69GiFV_f473cf5a09a64090acec3bfe8fccaacd,manual,count_only,0.0,1,0,0
jtcxE69GiFV-30,jtcxE69GiFV_f473cf5a09a64090acec3bfe8fccaacd,manual,split_fixed,3.0,1,0,0
jtcxE69GiFV-30,jtcxE69GiFV_f473cf5a09a64090acec3bfe8fccaacd,manual,split_fixed,6.0,1,0,0
jtcxE69GiFV-30,jtcxE69GiFV_f473cf5a09a64090acec3bfe8fccaacd,manual,split_fixed,9.0,1,0,0
jtcxE69GiFV-30,jtcxE69GiFV_f473cf5a09a64090acec3bfe8fccaacd,manual,split_fixed,12.0,1,0,0
jtcxE69GiFV-30,jtcxE69GiFV_f473cf5a09a64090acec3bfe8fccaacd,manual,bound_fixed,3.0,1,0,0
jtcxE69GiFV-30,jtcxE69GiFV_f473cf5a09a64090acec3bfe8fccaacd,manual,bound_fixed,6.0,1,0,0
jtcxE69GiFV-30,jtcxE69GiFV_f473cf5a09a64090acec3bfe8fccaacd,manual,bound_fixed,9.0,1,0,0
jtcxE69GiFV-30,jtcxE69GiFV_f473cf5a09a64090acec3bfe8fccaacd,manual,bound_fixed,12.0,1,0,0
jtcxE69GiFV-30,jtcxE69GiFV_f473cf5a09a64090acec3bfe8fccaacd,manual,split_cyclic,3.0,1,0,0
jtcxE69GiFV-30,jtcxE69GiFV_f473cf5a09a64090acec3bfe8fccaacd,manual,split_cyclic,6.0,1,0,0
jtcxE69GiFV-30,jtcxE69GiFV_f473cf5a09a64090acec3bfe8fccaacd,manual,split_cyclic,9.0,1,0,0
jtcxE69GiFV-30,jtcxE69GiFV_f473cf5a09a64090acec3bfe8fccaacd,manual,split_cyclic,12.0,1,0,0
jtcxE69GiFV-30,jtcxE69GiFV_f473cf5a09a64090acec3bfe8fccaacd,manual,bound_cyclic,3.0,1,0,0
jtcxE69GiFV-30,jtcxE69GiFV_f473cf5a09a64090acec3bfe8fccaacd,manual,bound_cyclic,6.0,1,0,0
jtcxE69GiFV-30,jtcxE69GiFV_f473cf5a09a64090acec3bfe8fccaacd,manual,bound_cyclic,9.0,1,0,0
jtcxE69GiFV-30,jtcxE69GiFV_f473cf5a09a64090acec3bfe8fccaacd,manual,bound_cyclic,12.0,1,0,0
jtcxE69GiFV-30,jtcxE69GiFV_f473cf5a09a64090acec3bfe8fccaacd,manual,split_free,3.0,1,0,0
jtcxE69GiFV-30,jtcxE69GiFV_f473cf5a09a64090acec3bfe8fccaacd,manual,split_free,6.0,1,0,0
jtcxE69GiFV-30,jtcxE69GiFV_f473cf5a09a64090acec3bfe8fccaacd,manual,split_free,9.0,1,0,0
jtcxE69GiFV-30,jtcxE69GiFV_f473cf5a09a64090acec3bfe8fccaacd,manual,split_free,12.0,1,0,0
jtcxE69GiFV-30,jtcxE69GiFV_f473cf5a09a64090acec3bfe8fccaacd,manual,bound_free,3.0,1,0,0
jtcxE69GiFV-30,jtcxE69GiFV_f473cf5a09a64090acec3bfe8fccaacd,manual,bound_free,6.0,1,0,0
jtcxE69GiFV-30,jtcxE69GiFV_f473cf5a09a64090acec3bfe8fccaacd,manual,bound_free,9.0,1,0,0
jtcxE69GiFV-30,jtcxE69GiFV_f473cf5a09a64090acec3bfe8fccaacd,manual,bound_free,12.0,1,0,0
jtcxE69GiFV-30,jtcxE69GiFV_f473cf5a09a64090acec3bfe8fccaacd,manual,top_fixed,3.0,1,0,0
jtcxE69GiFV-30,jtcxE69GiFV_f473cf5a09a64090acec3bfe8fccaacd,manual,top_fixed,6.0,1,0,0
jtcxE69GiFV-30,jtcxE69GiFV_f473cf5a09a64090acec3bfe8fccaacd,manual,top_fixed,9.0,1,0,0
jtcxE69GiFV-30,jtcxE69GiFV_f473cf5a09a64090acec3bfe8fccaacd,manual,top_fixed,12.0,1,0,0
jtcxE69GiFV-30,jtcxE69GiFV_f473cf5a09a64090acec3bfe8fccaacd,manual,bottom_fixed,3.0,1,0,0
jtcxE69GiFV-30,jtcxE69GiFV_f473cf5a09a64090acec3bfe8fccaacd,manual,bottom_fixed,6.0,1,0,0
jtcxE69GiFV-30,jtcxE69GiFV_f473cf5a09a64090acec3bfe8fccaacd,manual,bottom_fixed,9.0,1,0,0
jtcxE69GiFV-30,jtcxE69GiFV_f473cf5a09a64090acec3bfe8fccaacd,manual,bottom_fixed,12.0,1,0,0
jtcxE69GiFV-31,jtcxE69GiFV_f4dc4040df5a4f038dd2b35f2bb65266,manual,count_only,0.0,1,0,0
jtcxE69GiFV-31,jtcxE69GiFV_f4dc4040df5a4f038dd2b35f2bb65266,manual,split_fixed,3.0,1,0,0
jtcxE69GiFV-31,jtcxE69GiFV_f4dc4040df5a4f038dd2b35f2bb65266,manual,split_fixed,6.0,1,0,0
jtcxE69GiFV-31,jtcxE69GiFV_f4dc4040df5a4f038dd2b35f2bb65266,manual,split_fixed,9.0,1,0,0
jtcxE69GiFV-31,jtcxE69GiFV_f4dc4040df5a4f038dd2b35f2bb65266,manual,split_fixed,12.0,1,0,0
jtcxE69GiFV-31,jtcxE69GiFV_f4dc4040df5a4f038dd2b35f2bb65266,manual,bound_fixed,3.0,1,0,0
jtcxE69GiFV-31,jtcxE69GiFV_f4dc4040df5a4f038dd2b35f2bb65266,manual,bound_fixed,6.0,1,0,0
jtcxE69GiFV-31,jtcxE69GiFV_f4dc4040df5a4f038dd2b35f2bb65266,manual,bound_fixed,9.0,1,0,0
jtcxE69GiFV-31,jtcxE69GiFV_f4dc4040df5a4f038dd2b35f2bb65266,manual,bound_fixed,12.0,1,0,0
jtcxE69GiFV-31,jtcxE69GiFV_f4dc4040df5a4f038dd2b35f2bb65266,manual,split_cyclic,3.0,1,0,0
jtcxE69GiFV-31,jtcxE69GiFV_f4dc4040df5a4f038dd2b35f2bb65266,manual,split_cyclic,6.0,1,0,0
jtcxE69GiFV-31,jtcxE69GiFV_f4dc4040df5a4f038dd2b35f2bb65266,manual,split_cyclic,9.0,1,0,0
jtcxE69GiFV-31,jtcxE69GiFV_f4dc4040df5a4f038dd2b35f2bb65266,manual,split_cyclic,12.0,1,0,0
jtcxE69GiFV-31,jtcxE69GiFV_f4dc4040df5a4f038dd2b35f2bb65266,manual,bound_cyclic,3.0,1,0,0
jtcxE69GiFV-31,jtcxE69GiFV_f4dc4040df5a4f038dd2b35f2bb65266,manual,bound_cyclic,6.0,1,0,0
jtcxE69GiFV-31,jtcxE69GiFV_f4dc4040df5a4f038dd2b35f2bb65266,manual,bound_cyclic,9.0,1,0,0
jtcxE69GiFV-31,jtcxE69GiFV_f4dc4040df5a4f038dd2b35f2bb65266,manual,bound_cyclic,12.0,1,0,0
jtcxE69GiFV-31,jtcxE69GiFV_f4dc4040df5a4f038dd2b35f2bb65266,manual,split_free,3.0,1,0,0
jtcxE69GiFV-31,jtcxE69GiFV_f4dc4040df5a4f038dd2b35f2bb65266,manual,split_free,6.0,1,0,0
jtcxE69GiFV-31,jtcxE69GiFV_f4dc4040df5a4f038dd2b35f2bb65266,manual,split_free,9.0,1,0,0
jtcxE69GiFV-31,jtcxE69GiFV_f4dc4040df5a4f038dd2b35f2bb65266,manual,split_free,12.0,1,0,0
jtcxE69GiFV-31,jtcxE69GiFV_f4dc4040df5a4f038dd2b35f2bb65266,manual,bound_free,3.0,1,0,0
jtcxE69GiFV-31,jtcxE69GiFV_f4dc4040df5a4f038dd2b35f2bb65266,manual,bound_free,6.0,1,0,0
jtcxE69GiFV-31,jtcxE69GiFV_f4dc4040df5a4f038dd2b35f2bb65266,manual,bound_free,9.0,1,0,0
jtcxE69GiFV-31,jtcxE69GiFV_f4dc4040df5a4f038dd2b35f2bb65266,manual,bound_free,12.0,1,0,0
jtcxE69GiFV-31,jtcxE69GiFV_f4dc4040df5a4f038dd2b35f2bb65266,manual,top_fixed,3.0,1,0,0
jtcxE69GiFV-31,jtcxE69GiFV_f4dc4040df5a4f038dd2b35f2bb65266,manual,top_fixed,6.0,1,0,0
jtcxE69GiFV-31,jtcxE69GiFV_f4dc4040df5a4f038dd2b35f2bb65266,manual,top_fixed,9.0,1,0,0
jtcxE69GiFV-31,jtcxE69GiFV_f4dc4040df5a4f038dd2b35f2bb65266,manual,top_fixed,12.0,1,0,0
jtcxE69GiFV-31,jtcxE69GiFV_f4dc4040df5a4f038dd2b35f2bb65266,manual,bottom_fixed,3.0,1,0,0
jtcxE69GiFV-31,jtcxE69GiFV_f4dc4040df5a4f038dd2b35f2bb65266,manual,bottom_fixed,6.0,1,0,0
jtcxE69GiFV-31,jtcxE69GiFV_f4dc4040df5a4f038dd2b35f2bb65266,manual,bottom_fixed,9.0,1,0,0
jtcxE69GiFV-31,jtcxE69GiFV_f4dc4040df5a4f038dd2b35f2bb65266,manual,bottom_fixed,12.0,1,0,0
pRbA3pwrgk9-01,pRbA3pwrgk9_0350fc96e88c4a52886d4eb50b2d52c6,manual,count_only,0.0,3,0,0
pRbA3pwrgk9-01,pRbA3pwrgk9_0350fc96e88c4a52886d4eb50b2d52c6,manual,split_fixed,3.0,3,0,0
pRbA3pwrgk9-01,pRbA3pwrgk9_0350fc96e88c4a52886d4eb50b2d52c6,manual,split_fixed,6.0,3,0,0
pRbA3pwrgk9-01,pRbA3pwrgk9_0350fc96e88c4a52886d4eb50b2d52c6,manual,split_fixed,9.0,3,0,0
pRbA3pwrgk9-01,pRbA3pwrgk9_0350fc96e88c4a52886d4eb50b2d52c6,manual,split_fixed,12.0,3,0,0
pRbA3pwrgk9-01,pRbA3pwrgk9_0350fc96e88c4a52886d4eb50b2d52c6,manual,bound_fixed,3.0,3,0,0
pRbA3pwrgk9-01,pRbA3pwrgk9_0350fc96e88c4a52886d4eb50b2d52c6,manual,bound_fixed,6.0,3,0,0
pRbA3pwrgk9-01,pRbA3pwrgk9_0350fc96e88c4a52886d4eb50b2d52c6,manual,bound_fixed,9.0,3,0,0
pRbA3pwrgk9-01,pRbA3pwrgk9_0350fc96e88c4a52886d4eb50b2d52c6,manual,bound_fixed,12.0,3,0,0
pRbA3pwrgk9-01,pRbA3pwrgk9_0350fc96e88c4a52886d4eb50b2d52c6,manual,split_cyclic,3.0,3,0,0
pRbA3pwrgk9-01,pRbA3pwrgk9_0350fc96e88c4a52886d4eb50b2d52c6,manual,split_cyclic,6.0,3,0,0
pRbA3pwrgk9-01,pRbA3pwrgk9_0350fc96e88c4a52886d4eb50b2d52c6,manual,split_cyclic,9.0,3,0,0
pRbA3pwrgk9-01,pRbA3pwrgk9_0350fc96e88c4a52886d4eb50b2d52c6,manual,split_cyclic,12.0,3,0,0
pRbA3pwrgk9-01,pRbA3pwrgk9_0350fc96e88c4a52886d4eb50b2d52c6,manual,bound_cyclic,3.0,3,0,0
pRbA3pwrgk9-01,pRbA3pwrgk9_0350fc96e88c4a52886d4eb50b2d52c6,manual,bound_cyclic,6.0,3,0,0
pRbA3pwrgk9-01,pRbA3pwrgk9_0350fc96e88c4a52886d4eb50b2d52c6,manual,bound_cyclic,9.0,3,0,0
pRbA3pwrgk9-01,pRbA3pwrgk9_0350fc96e88c4a52886d4eb50b2d52c6,manual,bound_cyclic,12.0,3,0,0
pRbA3pwrgk9-01,pRbA3pwrgk9_0350fc96e88c4a52886d4eb50b2d52c6,manual,split_free,3.0,3,0,0
pRbA3pwrgk9-01,pRbA3pwrgk9_0350fc96e88c4a52886d4eb50b2d52c6,manual,split_free,6.0,3,0,0
pRbA3pwrgk9-01,pRbA3pwrgk9_0350fc96e88c4a52886d4eb50b2d52c6,manual,split_free,9.0,3,0,0
pRbA3pwrgk9-01,pRbA3pwrgk9_0350fc96e88c4a52886d4eb50b2d52c6,manual,split_free,12.0,3,0,0
pRbA3pwrgk9-01,pRbA3pwrgk9_0350fc96e88c4a52886d4eb50b2d52c6,manual,bound_free,3.0,3,0,0
pRbA3pwrgk9-01,pRbA3pwrgk9_0350fc96e88c4a52886d4eb50b2d52c6,manual,bound_free,6.0,3,0,0
pRbA3pwrgk9-01,pRbA3pwrgk9_0350fc96e88c4a52886d4eb50b2d52c6,manual,bound_free,9.0,3,0,0
pRbA3pwrgk9-01,pRbA3pwrgk9_0350fc96e88c4a52886d4eb50b2d52c6,manual,bound_free,12.0,3,0,0
pRbA3pwrgk9-01,pRbA3pwrgk9_0350fc96e88c4a52886d4eb50b2d52c6,manual,top_fixed,3.0,3,0,0
pRbA3pwrgk9-01,pRbA3pwrgk9_0350fc96e88c4a52886d4eb50b2d52c6,manual,top_fixed,6.0,3,0,0
pRbA3pwrgk9-01,pRbA3pwrgk9_0350fc96e88c4a52886d4eb50b2d52c6,manual,top_fixed,9.0,3,0,0
pRbA3pwrgk9-01,pRbA3pwrgk9_0350fc96e88c4a52886d4eb50b2d52c6,manual,top_fixed,12.0,3,0,0
pRbA3pwrgk9-01,pRbA3pwrgk9_0350fc96e88c4a52886d4eb50b2d52c6,manual,bottom_fixed,3.0,3,0,0
pRbA3pwrgk9-01,pRbA3pwrgk9_0350fc96e88c4a52886d4eb50b2d52c6,manual,bottom_fixed,6.0,3,0,0
pRbA3pwrgk9-01,pRbA3pwrgk9_0350fc96e88c4a52886d4eb50b2d52c6,manual,bottom_fixed,9.0,3,0,0
pRbA3pwrgk9-01,pRbA3pwrgk9_0350fc96e88c4a52886d4eb50b2d52c6,manual,bottom_fixed,12.0,3,0,0
pRbA3pwrgk9-02,pRbA3pwrgk9_03de6e2562bb4f56a88db3ceb681af78,manual,count_only,0.0,6,15,0
pRbA3pwrgk9-02,pRbA3pwrgk9_03de6e2562bb4f56a88db3ceb681af78,manual,split_fixed,3.0,6,10,0
pRbA3pwrgk9-02,pRbA3pwrgk9_03de6e2562bb4f56a88db3ceb681af78,manual,split_fixed,6.0,6,11,1
pRbA3pwrgk9-02,pRbA3pwrgk9_03de6e2562bb4f56a88db3ceb681af78,manual,split_fixed,9.0,6,15,0
pRbA3pwrgk9-02,pRbA3pwrgk9_03de6e2562bb4f56a88db3ceb681af78,manual,split_fixed,12.0,6,15,0
pRbA3pwrgk9-02,pRbA3pwrgk9_03de6e2562bb4f56a88db3ceb681af78,manual,bound_fixed,3.0,6,10,0
pRbA3pwrgk9-02,pRbA3pwrgk9_03de6e2562bb4f56a88db3ceb681af78,manual,bound_fixed,6.0,6,11,1
pRbA3pwrgk9-02,pRbA3pwrgk9_03de6e2562bb4f56a88db3ceb681af78,manual,bound_fixed,9.0,6,15,0
pRbA3pwrgk9-02,pRbA3pwrgk9_03de6e2562bb4f56a88db3ceb681af78,manual,bound_fixed,12.0,6,15,0
pRbA3pwrgk9-02,pRbA3pwrgk9_03de6e2562bb4f56a88db3ceb681af78,manual,split_cyclic,3.0,6,10,0
pRbA3pwrgk9-02,pRbA3pwrgk9_03de6e2562bb4f56a88db3ceb681af78,manual,split_cyclic,6.0,6,11,1
pRbA3pwrgk9-02,pRbA3pwrgk9_03de6e2562bb4f56a88db3ceb681af78,manual,split_cyclic,9.0,6,15,0
pRbA3pwrgk9-02,pRbA3pwrgk9_03de6e2562bb4f56a88db3ceb681af78,manual,split_cyclic,12.0,6,15,0
pRbA3pwrgk9-02,pRbA3pwrgk9_03de6e2562bb4f56a88db3ceb681af78,manual,bound_cyclic,3.0,6,10,0
pRbA3pwrgk9-02,pRbA3pwrgk9_03de6e2562bb4f56a88db3ceb681af78,manual,bound_cyclic,6.0,6,11,1
pRbA3pwrgk9-02,pRbA3pwrgk9_03de6e2562bb4f56a88db3ceb681af78,manual,bound_cyclic,9.0,6,15,0
pRbA3pwrgk9-02,pRbA3pwrgk9_03de6e2562bb4f56a88db3ceb681af78,manual,bound_cyclic,12.0,6,15,0
pRbA3pwrgk9-02,pRbA3pwrgk9_03de6e2562bb4f56a88db3ceb681af78,manual,split_free,3.0,6,10,0
pRbA3pwrgk9-02,pRbA3pwrgk9_03de6e2562bb4f56a88db3ceb681af78,manual,split_free,6.0,6,11,1
pRbA3pwrgk9-02,pRbA3pwrgk9_03de6e2562bb4f56a88db3ceb681af78,manual,split_free,9.0,6,15,0
pRbA3pwrgk9-02,pRbA3pwrgk9_03de6e2562bb4f56a88db3ceb681af78,manual,split_free,12.0,6,15,0
pRbA3pwrgk9-02,pRbA3pwrgk9_03de6e2562bb4f56a88db3ceb681af78,manual,bound_free,3.0,6,10,0
pRbA3pwrgk9-02,pRbA3pwrgk9_03de6e2562bb4f56a88db3ceb681af78,manual,bound_free,6.0,6,11,1
pRbA3pwrgk9-02,pRbA3pwrgk9_03de6e2562bb4f56a88db3ceb681af78,manual,bound_free,9.0,6,15,0
pRbA3pwrgk9-02,pRbA3pwrgk9_03de6e2562bb4f56a88db3ceb681af78,manual,bound_free,12.0,6,15,0
pRbA3pwrgk9-02,pRbA3pwrgk9_03de6e2562bb4f56a88db3ceb681af78,manual,top_fixed,3.0,6,15,0
pRbA3pwrgk9-02,pRbA3pwrgk9_03de6e2562bb4f56a88db3ceb681af78,manual,top_fixed,6.0,6,15,0
pRbA3pwrgk9-02,pRbA3pwrgk9_03de6e2562bb4f56a88db3ceb681af78,manual,top_fixed,9.0,6,15,0
pRbA3pwrgk9-02,pRbA3pwrgk9_03de6e2562bb4f56a88db3ceb681af78,manual,top_fixed,12.0,6,15,0
pRbA3pwrgk9-02,pRbA3pwrgk9_03de6e2562bb4f56a88db3ceb681af78,manual,bottom_fixed,3.0,6,10,0
pRbA3pwrgk9-02,pRbA3pwrgk9_03de6e2562bb4f56a88db3ceb681af78,manual,bottom_fixed,6.0,6,11,1
pRbA3pwrgk9-02,pRbA3pwrgk9_03de6e2562bb4f56a88db3ceb681af78,manual,bottom_fixed,9.0,6,15,0
pRbA3pwrgk9-02,pRbA3pwrgk9_03de6e2562bb4f56a88db3ceb681af78,manual,bottom_fixed,12.0,6,15,0
pRbA3pwrgk9-04,pRbA3pwrgk9_0dad4bd3fa7e4349a5325596c10d6fdf,manual,count_only,0.0,1,0,0
pRbA3pwrgk9-04,pRbA3pwrgk9_0dad4bd3fa7e4349a5325596c10d6fdf,manual,split_fixed,3.0,1,0,0
pRbA3pwrgk9-04,pRbA3pwrgk9_0dad4bd3fa7e4349a5325596c10d6fdf,manual,split_fixed,6.0,1,0,0
pRbA3pwrgk9-04,pRbA3pwrgk9_0dad4bd3fa7e4349a5325596c10d6fdf,manual,split_fixed,9.0,1,0,0
pRbA3pwrgk9-04,pRbA3pwrgk9_0dad4bd3fa7e4349a5325596c10d6fdf,manual,split_fixed,12.0,1,0,0
pRbA3pwrgk9-04,pRbA3pwrgk9_0dad4bd3fa7e4349a5325596c10d6fdf,manual,bound_fixed,3.0,1,0,0
pRbA3pwrgk9-04,pRbA3pwrgk9_0dad4bd3fa7e4349a5325596c10d6fdf,manual,bound_fixed,6.0,1,0,0
pRbA3pwrgk9-04,pRbA3pwrgk9_0dad4bd3fa7e4349a5325596c10d6fdf,manual,bound_fixed,9.0,1,0,0
pRbA3pwrgk9-04,pRbA3pwrgk9_0dad4bd3fa7e4349a5325596c10d6fdf,manual,bound_fixed,12.0,1,0,0
pRbA3pwrgk9-04,pRbA3pwrgk9_0dad4bd3fa7e4349a5325596c10d6fdf,manual,split_cyclic,3.0,1,0,0
pRbA3pwrgk9-04,pRbA3pwrgk9_0dad4bd3fa7e4349a5325596c10d6fdf,manual,split_cyclic,6.0,1,0,0
pRbA3pwrgk9-04,pRbA3pwrgk9_0dad4bd3fa7e4349a5325596c10d6fdf,manual,split_cyclic,9.0,1,0,0
pRbA3pwrgk9-04,pRbA3pwrgk9_0dad4bd3fa7e4349a5325596c10d6fdf,manual,split_cyclic,12.0,1,0,0
pRbA3pwrgk9-04,pRbA3pwrgk9_0dad4bd3fa7e4349a5325596c10d6fdf,manual,bound_cyclic,3.0,1,0,0
pRbA3pwrgk9-04,pRbA3pwrgk9_0dad4bd3fa7e4349a5325596c10d6fdf,manual,bound_cyclic,6.0,1,0,0
pRbA3pwrgk9-04,pRbA3pwrgk9_0dad4bd3fa7e4349a5325596c10d6fdf,manual,bound_cyclic,9.0,1,0,0
pRbA3pwrgk9-04,pRbA3pwrgk9_0dad4bd3fa7e4349a5325596c10d6fdf,manual,bound_cyclic,12.0,1,0,0
pRbA3pwrgk9-04,pRbA3pwrgk9_0dad4bd3fa7e4349a5325596c10d6fdf,manual,split_free,3.0,1,0,0
pRbA3pwrgk9-04,pRbA3pwrgk9_0dad4bd3fa7e4349a5325596c10d6fdf,manual,split_free,6.0,1,0,0
pRbA3pwrgk9-04,pRbA3pwrgk9_0dad4bd3fa7e4349a5325596c10d6fdf,manual,split_free,9.0,1,0,0
pRbA3pwrgk9-04,pRbA3pwrgk9_0dad4bd3fa7e4349a5325596c10d6fdf,manual,split_free,12.0,1,0,0
pRbA3pwrgk9-04,pRbA3pwrgk9_0dad4bd3fa7e4349a5325596c10d6fdf,manual,bound_free,3.0,1,0,0
pRbA3pwrgk9-04,pRbA3pwrgk9_0dad4bd3fa7e4349a5325596c10d6fdf,manual,bound_free,6.0,1,0,0
pRbA3pwrgk9-04,pRbA3pwrgk9_0dad4bd3fa7e4349a5325596c10d6fdf,manual,bound_free,9.0,1,0,0
pRbA3pwrgk9-04,pRbA3pwrgk9_0dad4bd3fa7e4349a5325596c10d6fdf,manual,bound_free,12.0,1,0,0
pRbA3pwrgk9-04,pRbA3pwrgk9_0dad4bd3fa7e4349a5325596c10d6fdf,manual,top_fixed,3.0,1,0,0
pRbA3pwrgk9-04,pRbA3pwrgk9_0dad4bd3fa7e4349a5325596c10d6fdf,manual,top_fixed,6.0,1,0,0
pRbA3pwrgk9-04,pRbA3pwrgk9_0dad4bd3fa7e4349a5325596c10d6fdf,manual,top_fixed,9.0,1,0,0
pRbA3pwrgk9-04,pRbA3pwrgk9_0dad4bd3fa7e4349a5325596c10d6fdf,manual,top_fixed,12.0,1,0,0
pRbA3pwrgk9-04,pRbA3pwrgk9_0dad4bd3fa7e4349a5325596c10d6fdf,manual,bottom_fixed,3.0,1,0,0
pRbA3pwrgk9-04,pRbA3pwrgk9_0dad4bd3fa7e4349a5325596c10d6fdf,manual,bottom_fixed,6.0,1,0,0
pRbA3pwrgk9-04,pRbA3pwrgk9_0dad4bd3fa7e4349a5325596c10d6fdf,manual,bottom_fixed,9.0,1,0,0
pRbA3pwrgk9-04,pRbA3pwrgk9_0dad4bd3fa7e4349a5325596c10d6fdf,manual,bottom_fixed,12.0,1,0,0
pRbA3pwrgk9-05,pRbA3pwrgk9_16beb21e65a84850a509972190038d0e,manual,count_only,0.0,2,0,0
pRbA3pwrgk9-05,pRbA3pwrgk9_16beb21e65a84850a509972190038d0e,manual,split_fixed,3.0,2,0,0
pRbA3pwrgk9-05,pRbA3pwrgk9_16beb21e65a84850a509972190038d0e,manual,split_fixed,6.0,2,0,0
pRbA3pwrgk9-05,pRbA3pwrgk9_16beb21e65a84850a509972190038d0e,manual,split_fixed,9.0,2,0,0
pRbA3pwrgk9-05,pRbA3pwrgk9_16beb21e65a84850a509972190038d0e,manual,split_fixed,12.0,2,0,0
pRbA3pwrgk9-05,pRbA3pwrgk9_16beb21e65a84850a509972190038d0e,manual,bound_fixed,3.0,1,0,0
pRbA3pwrgk9-05,pRbA3pwrgk9_16beb21e65a84850a509972190038d0e,manual,bound_fixed,6.0,1,0,0
pRbA3pwrgk9-05,pRbA3pwrgk9_16beb21e65a84850a509972190038d0e,manual,bound_fixed,9.0,1,0,0
pRbA3pwrgk9-05,pRbA3pwrgk9_16beb21e65a84850a509972190038d0e,manual,bound_fixed,12.0,1,0,0
pRbA3pwrgk9-05,pRbA3pwrgk9_16beb21e65a84850a509972190038d0e,manual,split_cyclic,3.0,2,0,0
pRbA3pwrgk9-05,pRbA3pwrgk9_16beb21e65a84850a509972190038d0e,manual,split_cyclic,6.0,2,0,0
pRbA3pwrgk9-05,pRbA3pwrgk9_16beb21e65a84850a509972190038d0e,manual,split_cyclic,9.0,2,0,0
pRbA3pwrgk9-05,pRbA3pwrgk9_16beb21e65a84850a509972190038d0e,manual,split_cyclic,12.0,2,0,0
pRbA3pwrgk9-05,pRbA3pwrgk9_16beb21e65a84850a509972190038d0e,manual,bound_cyclic,3.0,1,0,0
pRbA3pwrgk9-05,pRbA3pwrgk9_16beb21e65a84850a509972190038d0e,manual,bound_cyclic,6.0,1,0,0
pRbA3pwrgk9-05,pRbA3pwrgk9_16beb21e65a84850a509972190038d0e,manual,bound_cyclic,9.0,1,0,0
pRbA3pwrgk9-05,pRbA3pwrgk9_16beb21e65a84850a509972190038d0e,manual,bound_cyclic,12.0,1,0,0
pRbA3pwrgk9-05,pRbA3pwrgk9_16beb21e65a84850a509972190038d0e,manual,split_free,3.0,2,0,0
pRbA3pwrgk9-05,pRbA3pwrgk9_16beb21e65a84850a509972190038d0e,manual,split_free,6.0,2,0,0
pRbA3pwrgk9-05,pRbA3pwrgk9_16beb21e65a84850a509972190038d0e,manual,split_free,9.0,2,0,0
pRbA3pwrgk9-05,pRbA3pwrgk9_16beb21e65a84850a509972190038d0e,manual,split_free,12.0,2,0,0
pRbA3pwrgk9-05,pRbA3pwrgk9_16beb21e65a84850a509972190038d0e,manual,bound_free,3.0,1,0,0
pRbA3pwrgk9-05,pRbA3pwrgk9_16beb21e65a84850a509972190038d0e,manual,bound_free,6.0,1,0,0
pRbA3pwrgk9-05,pRbA3pwrgk9_16beb21e65a84850a509972190038d0e,manual,bound_free,9.0,1,0,0
pRbA3pwrgk9-05,pRbA3pwrgk9_16beb21e65a84850a509972190038d0e,manual,bound_free,12.0,1,0,0
pRbA3pwrgk9-05,pRbA3pwrgk9_16beb21e65a84850a509972190038d0e,manual,top_fixed,3.0,2,0,0
pRbA3pwrgk9-05,pRbA3pwrgk9_16beb21e65a84850a509972190038d0e,manual,top_fixed,6.0,2,0,0
pRbA3pwrgk9-05,pRbA3pwrgk9_16beb21e65a84850a509972190038d0e,manual,top_fixed,9.0,2,0,0
pRbA3pwrgk9-05,pRbA3pwrgk9_16beb21e65a84850a509972190038d0e,manual,top_fixed,12.0,2,0,0
pRbA3pwrgk9-05,pRbA3pwrgk9_16beb21e65a84850a509972190038d0e,manual,bottom_fixed,3.0,2,0,0
pRbA3pwrgk9-05,pRbA3pwrgk9_16beb21e65a84850a509972190038d0e,manual,bottom_fixed,6.0,2,0,0
pRbA3pwrgk9-05,pRbA3pwrgk9_16beb21e65a84850a509972190038d0e,manual,bottom_fixed,9.0,2,0,0
pRbA3pwrgk9-05,pRbA3pwrgk9_16beb21e65a84850a509972190038d0e,manual,bottom_fixed,12.0,2,0,0
pRbA3pwrgk9-06,pRbA3pwrgk9_285b697fed754f86a09602c93628cfb4,manual,count_only,0.0,3,3,0
pRbA3pwrgk9-06,pRbA3pwrgk9_285b697fed754f86a09602c93628cfb4,manual,split_fixed,3.0,3,0,0
pRbA3pwrgk9-06,pRbA3pwrgk9_285b697fed754f86a09602c93628cfb4,manual,split_fixed,6.0,3,1,0
pRbA3pwrgk9-06,pRbA3pwrgk9_285b697fed754f86a09602c93628cfb4,manual,split_fixed,9.0,3,1,0
pRbA3pwrgk9-06,pRbA3pwrgk9_285b697fed754f86a09602c93628cfb4,manual,split_fixed,12.0,3,2,1
pRbA3pwrgk9-06,pRbA3pwrgk9_285b697fed754f86a09602c93628cfb4,manual,bound_fixed,3.0,3,0,0
pRbA3pwrgk9-06,pRbA3pwrgk9_285b697fed754f86a09602c93628cfb4,manual,bound_fixed,6.0,3,1,0
pRbA3pwrgk9-06,pRbA3pwrgk9_285b697fed754f86a09602c93628cfb4,manual,bound_fixed,9.0,3,1,0
pRbA3pwrgk9-06,pRbA3pwrgk9_285b697fed754f86a09602c93628cfb4,manual,bound_fixed,12.0,3,2,1
pRbA3pwrgk9-06,pRbA3pwrgk9_285b697fed754f86a09602c93628cfb4,manual,split_cyclic,3.0,3,0,0
pRbA3pwrgk9-06,pRbA3pwrgk9_285b697fed754f86a09602c93628cfb4,manual,split_cyclic,6.0,3,1,0
pRbA3pwrgk9-06,pRbA3pwrgk9_285b697fed754f86a09602c93628cfb4,manual,split_cyclic,9.0,3,1,0
pRbA3pwrgk9-06,pRbA3pwrgk9_285b697fed754f86a09602c93628cfb4,manual,split_cyclic,12.0,3,2,1
pRbA3pwrgk9-06,pRbA3pwrgk9_285b697fed754f86a09602c93628cfb4,manual,bound_cyclic,3.0,3,0,0
pRbA3pwrgk9-06,pRbA3pwrgk9_285b697fed754f86a09602c93628cfb4,manual,bound_cyclic,6.0,3,1,0
pRbA3pwrgk9-06,pRbA3pwrgk9_285b697fed754f86a09602c93628cfb4,manual,bound_cyclic,9.0,3,1,0
pRbA3pwrgk9-06,pRbA3pwrgk9_285b697fed754f86a09602c93628cfb4,manual,bound_cyclic,12.0,3,2,1
pRbA3pwrgk9-06,pRbA3pwrgk9_285b697fed754f86a09602c93628cfb4,manual,split_free,3.0,3,0,0
pRbA3pwrgk9-06,pRbA3pwrgk9_285b697fed754f86a09602c93628cfb4,manual,split_free,6.0,3,1,0
pRbA3pwrgk9-06,pRbA3pwrgk9_285b697fed754f86a09602c93628cfb4,manual,split_free,9.0,3,1,0
pRbA3pwrgk9-06,pRbA3pwrgk9_285b697fed754f86a09602c93628cfb4,manual,split_free,12.0,3,2,1
pRbA3pwrgk9-06,pRbA3pwrgk9_285b697fed754f86a09602c93628cfb4,manual,bound_free,3.0,3,0,0
pRbA3pwrgk9-06,pRbA3pwrgk9_285b697fed754f86a09602c93628cfb4,manual,bound_free,6.0,3,1,0
pRbA3pwrgk9-06,pRbA3pwrgk9_285b697fed754f86a09602c93628cfb4,manual,bound_free,9.0,3,1,0
pRbA3pwrgk9-06,pRbA3pwrgk9_285b697fed754f86a09602c93628cfb4,manual,bound_free,12.0,3,2,1
pRbA3pwrgk9-06,pRbA3pwrgk9_285b697fed754f86a09602c93628cfb4,manual,top_fixed,3.0,3,0,0
pRbA3pwrgk9-06,pRbA3pwrgk9_285b697fed754f86a09602c93628cfb4,manual,top_fixed,6.0,3,1,0
pRbA3pwrgk9-06,pRbA3pwrgk9_285b697fed754f86a09602c93628cfb4,manual,top_fixed,9.0,3,1,0
pRbA3pwrgk9-06,pRbA3pwrgk9_285b697fed754f86a09602c93628cfb4,manual,top_fixed,12.0,3,2,1
pRbA3pwrgk9-06,pRbA3pwrgk9_285b697fed754f86a09602c93628cfb4,manual,bottom_fixed,3.0,3,0,0
pRbA3pwrgk9-06,pRbA3pwrgk9_285b697fed754f86a09602c93628cfb4,manual,bottom_fixed,6.0,3,1,0
pRbA3pwrgk9-06,pRbA3pwrgk9_285b697fed754f86a09602c93628cfb4,manual,bottom_fixed,9.0,3,3,0
pRbA3pwrgk9-06,pRbA3pwrgk9_285b697fed754f86a09602c93628cfb4,manual,bottom_fixed,12.0,3,3,0
pRbA3pwrgk9-07,pRbA3pwrgk9_2a3810bc7ecc491e81ff1e8a17692ec1,manual,count_only,0.0,5,10,0
pRbA3pwrgk9-07,pRbA3pwrgk9_2a3810bc7ecc491e81ff1e8a17692ec1,manual,split_fixed,3.0,5,8,2
pRbA3pwrgk9-07,pRbA3pwrgk9_2a3810bc7ecc491e81ff1e8a17692ec1,manual,split_fixed,6.0,5,10,0
pRbA3pwrgk9-07,pRbA3pwrgk9_2a3810bc7ecc491e81ff1e8a17692ec1,manual,split_fixed,9.0,5,10,0
pRbA3pwrgk9-07,pRbA3pwrgk9_2a3810bc7ecc491e81ff1e8a17692ec1,manual,split_fixed,12.0,5,10,0
pRbA3pwrgk9-07,pRbA3pwrgk9_2a3810bc7ecc491e81ff1e8a17692ec1,manual,bound_fixed,3.0,5,8,2
pRbA3pwrgk9-07,pRbA3pwrgk9_2a3810bc7ecc491e81ff1e8a17692ec1,manual,bound_fixed,6.0,5,10,0
pRbA3pwrgk9-07,pRbA3pwrgk9_2a3810bc7ecc491e81ff1e8a17692ec1,manual,bound_fixed,9.0,5,10,0
pRbA3pwrgk9-07,pRbA3pwrgk9_2a3810bc7ecc491e81ff1e8a17692ec1,manual,bound_fixed,12.0,5,10,0
pRbA3pwrgk9-07,pRbA3pwrgk9_2a3810bc7ecc491e81ff1e8a17692ec1,manual,split_cyclic,3.0,5,8,2
pRbA3pwrgk9-07,pRbA3pwrgk9_2a3810bc7ecc491e81ff1e8a17692ec1,manual,split_cyclic,6.0,5,10,0
pRbA3pwrgk9-07,pRbA3pwrgk9_2a3810bc7ecc491e81ff1e8a17692ec1,manual,split_cyclic,9.0,5,10,0
pRbA3pwrgk9-07,pRbA3pwrgk9_2a3810bc7ecc491e81ff1e8a17692ec1,manual,split_cyclic,12.0,5,10,0
pRbA3pwrgk9-07,pRbA3pwrgk9_2a3810bc7ecc491e81ff1e8a17692ec1,manual,bound_cyclic,3.0,5,8,2
pRbA3pwrgk9-07,pRbA3pwrgk9_2a3810bc7ecc491e81ff1e8a17692ec1,manual,bound_cyclic,6.0,5,10,0
pRbA3pwrgk9-07,pRbA3pwrgk9_2a3810bc7ecc491e81ff1e8a17692ec1,manual,bound_cyclic,9.0,5,10,0
pRbA3pwrgk9-07,pRbA3pwrgk9_2a3810bc7ecc491e81ff1e8a17692ec1,manual,bound_cyclic,12.0,5,10,0
pRbA3pwrgk9-07,pRbA3pwrgk9_2a3810bc7ecc491e81ff1e8a17692ec1,manual,split_free,3.0,5,8,2
pRbA3pwrgk9-07,pRbA3pwrgk9_2a3810bc7ecc491e81ff1e8a17692ec1,manual,split_free,6.0,5,10,0
pRbA3pwrgk9-07,pRbA3pwrgk9_2a3810bc7ecc491e81ff1e8a17692ec1,manual,split_free,9.0,5,10,0
pRbA3pwrgk9-07,pRbA3pwrgk9_2a3810bc7ecc491e81ff1e8a17692ec1,manual,split_free,12.0,5,10,0
pRbA3pwrgk9-07,pRbA3pwrgk9_2a3810bc7ecc491e81ff1e8a17692ec1,manual,bound_free,3.0,5,8,2
pRbA3pwrgk9-07,pRbA3pwrgk9_2a3810bc7ecc491e81ff1e8a17692ec1,manual,bound_free,6.0,5,10,0
pRbA3pwrgk9-07,pRbA3pwrgk9_2a3810bc7ecc491e81ff1e8a17692ec1,manual,bound_free,9.0,5,10,0
pRbA3pwrgk9-07,pRbA3pwrgk9_2a3810bc7ecc491e81ff1e8a17692ec1,manual,bound_free,12.0,5,10,0
pRbA3pwrgk9-07,pRbA3pwrgk9_2a3810bc7ecc491e81ff1e8a17692ec1,manual,top_fixed,3.0,5,8,2
pRbA3pwrgk9-07,pRbA3pwrgk9_2a3810bc7ecc491e81ff1e8a17692ec1,manual,top_fixed,6.0,5,10,0
pRbA3pwrgk9-07,pRbA3pwrgk9_2a3810bc7ecc491e81ff1e8a17692ec1,manual,top_fixed,9.0,5,10,0
pRbA3pwrgk9-07,pRbA3pwrgk9_2a3810bc7ecc491e81ff1e8a17692ec1,manual,top_fixed,12.0,5,10,0
pRbA3pwrgk9-07,pRbA3pwrgk9_2a3810bc7ecc491e81ff1e8a17692ec1,manual,bottom_fixed,3.0,5,10,0
pRbA3pwrgk9-07,pRbA3pwrgk9_2a3810bc7ecc491e81ff1e8a17692ec1,manual,bottom_fixed,6.0,5,10,0
pRbA3pwrgk9-07,pRbA3pwrgk9_2a3810bc7ecc491e81ff1e8a17692ec1,manual,bottom_fixed,9.0,5,10,0
pRbA3pwrgk9-07,pRbA3pwrgk9_2a3810bc7ecc491e81ff1e8a17692ec1,manual,bottom_fixed,12.0,5,10,0
pRbA3pwrgk9-10,pRbA3pwrgk9_4fe4474e9bf9429ea92d202bdea4dce5,manual,count_only,0.0,2,1,0
pRbA3pwrgk9-10,pRbA3pwrgk9_4fe4474e9bf9429ea92d202bdea4dce5,manual,split_fixed,3.0,2,0,0
pRbA3pwrgk9-10,pRbA3pwrgk9_4fe4474e9bf9429ea92d202bdea4dce5,manual,split_fixed,6.0,2,0,0
pRbA3pwrgk9-10,pRbA3pwrgk9_4fe4474e9bf9429ea92d202bdea4dce5,manual,split_fixed,9.0,2,1,0
pRbA3pwrgk9-10,pRbA3pwrgk9_4fe4474e9bf9429ea92d202bdea4dce5,manual,split_fixed,12.0,2,1,0
pRbA3pwrgk9-10,pRbA3pwrgk9_4fe4474e9bf9429ea92d202bdea4dce5,manual,bound_fixed,3.0,2,0,0
pRbA3pwrgk9-10,pRbA3pwrgk9_4fe4474e9bf9429ea92d202bdea4dce5,manual,bound_fixed,6.0,2,0,0
pRbA3pwrgk9-10,pRbA3pwrgk9_4fe4474e9bf9429ea92d202bdea4dce5,manual,bound_fixed,9.0,2,1,0
pRbA3pwrgk9-10,pRbA3pwrgk9_4fe4474e9bf9429ea92d202bdea4dce5,manual,bound_fixed,12.0,2,1,0
pRbA3pwrgk9-10,pRbA3pwrgk9_4fe4474e9bf9429ea92d202bdea4dce5,manual,split_cyclic,3.0,2,0,0
pRbA3pwrgk9-10,pRbA3pwrgk9_4fe4474e9bf9429ea92d202bdea4dce5,manual,split_cyclic,6.0,2,0,0
pRbA3pwrgk9-10,pRbA3pwrgk9_4fe4474e9bf9429ea92d202bdea4dce5,manual,split_cyclic,9.0,2,1,0
pRbA3pwrgk9-10,pRbA3pwrgk9_4fe4474e9bf9429ea92d202bdea4dce5,manual,split_cyclic,12.0,2,1,0
pRbA3pwrgk9-10,pRbA3pwrgk9_4fe4474e9bf9429ea92d202bdea4dce5,manual,bound_cyclic,3.0,2,0,0
pRbA3pwrgk9-10,pRbA3pwrgk9_4fe4474e9bf9429ea92d202bdea4dce5,manual,bound_cyclic,6.0,2,0,0
pRbA3pwrgk9-10,pRbA3pwrgk9_4fe4474e9bf9429ea92d202bdea4dce5,manual,bound_cyclic,9.0,2,1,0
pRbA3pwrgk9-10,pRbA3pwrgk9_4fe4474e9bf9429ea92d202bdea4dce5,manual,bound_cyclic,12.0,2,1,0
pRbA3pwrgk9-10,pRbA3pwrgk9_4fe4474e9bf9429ea92d202bdea4dce5,manual,split_free,3.0,2,0,0
pRbA3pwrgk9-10,pRbA3pwrgk9_4fe4474e9bf9429ea92d202bdea4dce5,manual,split_free,6.0,2,0,0
pRbA3pwrgk9-10,pRbA3pwrgk9_4fe4474e9bf9429ea92d202bdea4dce5,manual,split_free,9.0,2,1,0
pRbA3pwrgk9-10,pRbA3pwrgk9_4fe4474e9bf9429ea92d202bdea4dce5,manual,split_free,12.0,2,1,0
pRbA3pwrgk9-10,pRbA3pwrgk9_4fe4474e9bf9429ea92d202bdea4dce5,manual,bound_free,3.0,2,0,0
pRbA3pwrgk9-10,pRbA3pwrgk9_4fe4474e9bf9429ea92d202bdea4dce5,manual,bound_free,6.0,2,0,0
pRbA3pwrgk9-10,pRbA3pwrgk9_4fe4474e9bf9429ea92d202bdea4dce5,manual,bound_free,9.0,2,1,0
pRbA3pwrgk9-10,pRbA3pwrgk9_4fe4474e9bf9429ea92d202bdea4dce5,manual,bound_free,12.0,2,1,0
pRbA3pwrgk9-10,pRbA3pwrgk9_4fe4474e9bf9429ea92d202bdea4dce5,manual,top_fixed,3.0,2,1,0
pRbA3pwrgk9-10,pRbA3pwrgk9_4fe4474e9bf9429ea92d202bdea4dce5,manual,top_fixed,6.0,2,1,0
pRbA3pwrgk9-10,pRbA3pwrgk9_4fe4474e9bf9429ea92d202bdea4dce5,manual,top_fixed,9.0,2,1,0
pRbA3pwrgk9-10,pRbA3pwrgk9_4fe4474e9bf9429ea92d202bdea4dce5,manual,top_fixed,12.0,2,1,0
pRbA3pwrgk9-10,pRbA3pwrgk9_4fe4474e9bf9429ea92d202bdea4dce5,manual,bottom_fixed,3.0,2,0,0
pRbA3pwrgk9-10,pRbA3pwrgk9_4fe4474e9bf9429ea92d202bdea4dce5,manual,bottom_fixed,6.0,2,0,0
pRbA3pwrgk9-10,pRbA3pwrgk9_4fe4474e9bf9429ea92d202bdea4dce5,manual,bottom_fixed,9.0,2,1,0
pRbA3pwrgk9-10,pRbA3pwrgk9_4fe4474e9bf9429ea92d202bdea4dce5,manual,bottom_fixed,12.0,2,1,0
pRbA3pwrgk9-11,pRbA3pwrgk9_8b07a4b08cf447abb246769d8dce8494,manual,count_only,0.0,20,82,0
pRbA3pwrgk9-11,pRbA3pwrgk9_8b07a4b08cf447abb246769d8dce8494,manual,split_fixed,3.0,20,1,0
pRbA3pwrgk9-11,pRbA3pwrgk9_8b07a4b08cf447abb246769d8dce8494,manual,split_fixed,6.0,20,9,3
pRbA3pwrgk9-11,pRbA3pwrgk9_8b07a4b08cf447abb246769d8dce8494,manual,split_fixed,9.0,20,12,0
pRbA3pwrgk9-11,pRbA3pwrgk9_8b07a4b08cf447abb246769d8dce8494,manual,split_fixed,12.0,20,12,0
pRbA3pwrgk9-11,pRbA3pwrgk9_8b07a4b08cf447abb246769d8dce8494,manual,bound_fixed,3.0,18,1,0
pRbA3pwrgk9-11,pRbA3pwrgk9_8b07a4b08cf447abb246769d8dce8494,manual,bound_fixed,6.0,18,9,3
pRbA3pwrgk9-11,pRbA3pwrgk9_8b07a4b08cf447abb246769d8dce8494,manual,bound_fixed,9.0,18,12,0
pRbA3pwrgk9-11,pRbA3pwrgk9_8b07a4b08cf447abb246769d8dce8494,manual,bound_fixed,12.0,18,12,0
pRbA3pwrgk9-11,pRbA3pwrgk9_8b07a4b08cf447abb246769d8dce8494,manual,split_cyclic,3.0,20,1,0
pRbA3pwrgk9-11,pRbA3pwrgk9_8b07a4b08cf447abb246769d8dce8494,manual,split_cyclic,6.0,20,9,3
pRbA3pwrgk9-11,pRbA3pwrgk9_8b07a4b08cf447abb246769d8dce8494,manual,split_cyclic,9.0,20,12,0
pRbA3pwrgk9-11,pRbA3pwrgk9_8b07a4b08cf447abb246769d8dce8494,manual,split_cyclic,12.0,20,12,0
pRbA3pwrgk9-11,pRbA3pwrgk9_8b07a4b08cf447abb246769d8dce8494,manual,bound_cyclic,3.0,18,1,0
pRbA3pwrgk9-11,pRbA3pwrgk9_8b07a4b08cf447abb246769d8dce8494,manual,bound_cyclic,6.0,18,9,3
pRbA3pwrgk9-11,pRbA3pwrgk9_8b07a4b08cf447abb246769d8dce8494,manual,bound_cyclic,9.0,18,12,0
pRbA3pwrgk9-11,pRbA3pwrgk9_8b07a4b08cf447abb246769d8dce8494,manual,bound_cyclic,12.0,18,12,0
pRbA3pwrgk9-11,pRbA3pwrgk9_8b07a4b08cf447abb246769d8dce8494,manual,split_free,3.0,20,1,0
pRbA3pwrgk9-11,pRbA3pwrgk9_8b07a4b08cf447abb246769d8dce8494,manual,split_free,6.0,20,9,3
pRbA3pwrgk9-11,pRbA3pwrgk9_8b07a4b08cf447abb246769d8dce8494,manual,split_free,9.0,20,12,0
pRbA3pwrgk9-11,pRbA3pwrgk9_8b07a4b08cf447abb246769d8dce8494,manual,split_free,12.0,20,12,0
pRbA3pwrgk9-11,pRbA3pwrgk9_8b07a4b08cf447abb246769d8dce8494,manual,bound_free,3.0,18,1,0
pRbA3pwrgk9-11,pRbA3pwrgk9_8b07a4b08cf447abb246769d8dce8494,manual,bound_free,6.0,18,9,3
pRbA3pwrgk9-11,pRbA3pwrgk9_8b07a4b08cf447abb246769d8dce8494,manual,bound_free,9.0,18,12,0
pRbA3pwrgk9-11,pRbA3pwrgk9_8b07a4b08cf447abb246769d8dce8494,manual,bound_free,12.0,18,12,0
pRbA3pwrgk9-11,pRbA3pwrgk9_8b07a4b08cf447abb246769d8dce8494,manual,top_fixed,3.0,20,7,2
pRbA3pwrgk9-11,pRbA3pwrgk9_8b07a4b08cf447abb246769d8dce8494,manual,top_fixed,6.0,20,12,0
pRbA3pwrgk9-11,pRbA3pwrgk9_8b07a4b08cf447abb246769d8dce8494,manual,top_fixed,9.0,20,12,0
pRbA3pwrgk9-11,pRbA3pwrgk9_8b07a4b08cf447abb246769d8dce8494,manual,top_fixed,12.0,20,12,0
pRbA3pwrgk9-11,pRbA3pwrgk9_8b07a4b08cf447abb246769d8dce8494,manual,bottom_fixed,3.0,20,2,0
pRbA3pwrgk9-11,pRbA3pwrgk9_8b07a4b08cf447abb246769d8dce8494,manual,bottom_fixed,6.0,20,9,3
pRbA3pwrgk9-11,pRbA3pwrgk9_8b07a4b08cf447abb246769d8dce8494,manual,bottom_fixed,9.0,20,12,0
pRbA3pwrgk9-11,pRbA3pwrgk9_8b07a4b08cf447abb246769d8dce8494,manual,bottom_fixed,12.0,20,12,0
pRbA3pwrgk9-12,pRbA3pwrgk9_8caa90fc5528451f9e9f45634676499b,manual,count_only,0.0,2,1,0
pRbA3pwrgk9-12,pRbA3pwrgk9_8caa90fc5528451f9e9f45634676499b,manual,split_fixed,3.0,2,0,0
pRbA3pwrgk9-12,pRbA3pwrgk9_8caa90fc5528451f9e9f45634676499b,manual,split_fixed,6.0,2,0,0
pRbA3pwrgk9-12,pRbA3pwrgk9_8caa90fc5528451f9e9f45634676499b,manual,split_fixed,9.0,2,0,0
pRbA3pwrgk9-12,pRbA3pwrgk9_8caa90fc5528451f9e9f45634676499b,manual,split_fixed,12.0,2,1,0
pRbA3pwrgk9-12,pRbA3pwrgk9_8caa90fc5528451f9e9f45634676499b,manual,bound_fixed,3.0,2,0,0
pRbA3pwrgk9-12,pRbA3pwrgk9_8caa90fc5528451f9e9f45634676499b,manual,bound_fixed,6.0,2,0,0
pRbA3pwrgk9-12,pRbA3pwrgk9_8caa90fc5528451f9e9f45634676499b,manual,bound_fixed,9.0,2,0,0
pRbA3pwrgk9-12,pRbA3pwrgk9_8caa90fc5528451f9e9f45634676499b,manual,bound_fixed,12.0,2,0,0
pRbA3pwrgk9-12,pRbA3pwrgk9_8caa90fc5528451f9e9f45634676499b,manual,split_cyclic,3.0,2,0,0
pRbA3pwrgk9-12,pRbA3pwrgk9_8caa90fc5528451f9e9f45634676499b,manual,split_cyclic,6.0,2,0,0
pRbA3pwrgk9-12,pRbA3pwrgk9_8caa90fc5528451f9e9f45634676499b,manual,split_cyclic,9.0,2,0,0
pRbA3pwrgk9-12,pRbA3pwrgk9_8caa90fc5528451f9e9f45634676499b,manual,split_cyclic,12.0,2,1,0
pRbA3pwrgk9-12,pRbA3pwrgk9_8caa90fc5528451f9e9f45634676499b,manual,bound_cyclic,3.0,2,0,0
pRbA3pwrgk9-12,pRbA3pwrgk9_8caa90fc5528451f9e9f45634676499b,manual,bound_cyclic,6.0,2,0,0
pRbA3pwrgk9-12,pRbA3pwrgk9_8caa90fc5528451f9e9f45634676499b,manual,bound_cyclic,9.0,2,0,0
pRbA3pwrgk9-12,pRbA3pwrgk9_8caa90fc5528451f9e9f45634676499b,manual,bound_cyclic,12.0,2,0,0
pRbA3pwrgk9-12,pRbA3pwrgk9_8caa90fc5528451f9e9f45634676499b,manual,split_free,3.0,2,0,0
pRbA3pwrgk9-12,pRbA3pwrgk9_8caa90fc5528451f9e9f45634676499b,manual,split_free,6.0,2,0,0
pRbA3pwrgk9-12,pRbA3pwrgk9_8caa90fc5528451f9e9f45634676499b,manual,split_free,9.0,2,0,0
pRbA3pwrgk9-12,pRbA3pwrgk9_8caa90fc5528451f9e9f45634676499b,manual,split_free,12.0,2,1,0
pRbA3pwrgk9-12,pRbA3pwrgk9_8caa90fc5528451f9e9f45634676499b,manual,bound_free,3.0,2,0,0
pRbA3pwrgk9-12,pRbA3pwrgk9_8caa90fc5528451f9e9f45634676499b,manual,bound_free,6.0,2,0,0
pRbA3pwrgk9-12,pRbA3pwrgk9_8caa90fc5528451f9e9f45634676499b,manual,bound_free,9.0,2,0,0
pRbA3pwrgk9-12,pRbA3pwrgk9_8caa90fc5528451f9e9f45634676499b,manual,bound_free,12.0,2,0,0
pRbA3pwrgk9-12,pRbA3pwrgk9_8caa90fc5528451f9e9f45634676499b,manual,top_fixed,3.0,2,0,0
pRbA3pwrgk9-12,pRbA3pwrgk9_8caa90fc5528451f9e9f45634676499b,manual,top_fixed,6.0,2,0,0
pRbA3pwrgk9-12,pRbA3pwrgk9_8caa90fc5528451f9e9f45634676499b,manual,top_fixed,9.0,2,0,0
pRbA3pwrgk9-12,pRbA3pwrgk9_8caa90fc5528451f9e9f45634676499b,manual,top_fixed,12.0,2,1,0
pRbA3pwrgk9-12,pRbA3pwrgk9_8caa90fc5528451f9e9f45634676499b,manual,bottom_fixed,3.0,2,0,0
pRbA3pwrgk9-12,pRbA3pwrgk9_8caa90fc5528451f9e9f45634676499b,manual,bottom_fixed,6.0,2,0,0
pRbA3pwrgk9-12,pRbA3pwrgk9_8caa90fc5528451f9e9f45634676499b,manual,bottom_fixed,9.0,2,1,0
pRbA3pwrgk9-12,pRbA3pwrgk9_8caa90fc5528451f9e9f45634676499b,manual,bottom_fixed,12.0,2,1,0
pRbA3pwrgk9-14,pRbA3pwrgk9_9c9bed9bf7d94ac0bcea18e3bf521930,manual,count_only,0.0,2,1,0
pRbA3pwrgk9-14,pRbA3pwrgk9_9c9bed9bf7d94ac0bcea18e3bf521930,manual,split_fixed,3.0,2,0,0
pRbA3pwrgk9-14,pRbA3pwrgk9_9c9bed9bf7d94ac0bcea18e3bf521930,manual,split_fixed,6.0,2,0,0
pRbA3pwrgk9-14,pRbA3pwrgk9_9c9bed9bf7d94ac0bcea18e3bf521930,manual,split_fixed,9.0,2,0,0
pRbA3pwrgk9-14,pRbA3pwrgk9_9c9bed9bf7d94ac0bcea18e3bf521930,manual,split_fixed,12.0,2,0,0
pRbA3pwrgk9-14,pRbA3pwrgk9_9c9bed9bf7d94ac0bcea18e3bf521930,manual,bound_fixed,3.0,2,0,0
pRbA3pwrgk9-14,pRbA3pwrgk9_9c9bed9bf7d94ac0bcea18e3bf521930,manual,bound_fixed,6.0,2,0,0
pRbA3pwrgk9-14,pRbA3pwrgk9_9c9bed9bf7d94ac0bcea18e3bf521930,manual,bound_fixed,9.0,2,0,0
pRbA3pwrgk9-14,pRbA3pwrgk9_9c9bed9bf7d94ac0bcea18e3bf521930,manual,bound_fixed,12.0,2,0,0
pRbA3pwrgk9-14,pRbA3pwrgk9_9c9bed9bf7d94ac0bcea18e3bf521930,manual,split_cyclic,3.0,2,0,0
pRbA3pwrgk9-14,pRbA3pwrgk9_9c9bed9bf7d94ac0bcea18e3bf521930,manual,split_cyclic,6.0,2,0,0
pRbA3pwrgk9-14,pRbA3pwrgk9_9c9bed9bf7d94ac0bcea18e3bf521930,manual,split_cyclic,9.0,2,0,0
pRbA3pwrgk9-14,pRbA3pwrgk9_9c9bed9bf7d94ac0bcea18e3bf521930,manual,split_cyclic,12.0,2,0,0
pRbA3pwrgk9-14,pRbA3pwrgk9_9c9bed9bf7d94ac0bcea18e3bf521930,manual,bound_cyclic,3.0,2,0,0
pRbA3pwrgk9-14,pRbA3pwrgk9_9c9bed9bf7d94ac0bcea18e3bf521930,manual,bound_cyclic,6.0,2,0,0
pRbA3pwrgk9-14,pRbA3pwrgk9_9c9bed9bf7d94ac0bcea18e3bf521930,manual,bound_cyclic,9.0,2,0,0
pRbA3pwrgk9-14,pRbA3pwrgk9_9c9bed9bf7d94ac0bcea18e3bf521930,manual,bound_cyclic,12.0,2,0,0
pRbA3pwrgk9-14,pRbA3pwrgk9_9c9bed9bf7d94ac0bcea18e3bf521930,manual,split_free,3.0,2,0,0
pRbA3pwrgk9-14,pRbA3pwrgk9_9c9bed9bf7d94ac0bcea18e3bf521930,manual,split_free,6.0,2,0,0
pRbA3pwrgk9-14,pRbA3pwrgk9_9c9bed9bf7d94ac0bcea18e3bf521930,manual,split_free,9.0,2,0,0
pRbA3pwrgk9-14,pRbA3pwrgk9_9c9bed9bf7d94ac0bcea18e3bf521930,manual,split_free,12.0,2,0,0
pRbA3pwrgk9-14,pRbA3pwrgk9_9c9bed9bf7d94ac0bcea18e3bf521930,manual,bound_free,3.0,2,0,0
pRbA3pwrgk9-14,pRbA3pwrgk9_9c9bed9bf7d94ac0bcea18e3bf521930,manual,bound_free,6.0,2,0,0
pRbA3pwrgk9-14,pRbA3pwrgk9_9c9bed9bf7d94ac0bcea18e3bf521930,manual,bound_free,9.0,2,0,0
pRbA3pwrgk9-14,pRbA3pwrgk9_9c9bed9bf7d94ac0bcea18e3bf521930,manual,bound_free,12.0,2,0,0
pRbA3pwrgk9-14,pRbA3pwrgk9_9c9bed9bf7d94ac0bcea18e3bf521930,manual,top_fixed,3.0,2,0,0
pRbA3pwrgk9-14,pRbA3pwrgk9_9c9bed9bf7d94ac0bcea18e3bf521930,manual,top_fixed,6.0,2,0,0
pRbA3pwrgk9-14,pRbA3pwrgk9_9c9bed9bf7d94ac0bcea18e3bf521930,manual,top_fixed,9.0,2,0,0
pRbA3pwrgk9-14,pRbA3pwrgk9_9c9bed9bf7d94ac0bcea18e3bf521930,manual,top_fixed,12.0,2,0,0
pRbA3pwrgk9-14,pRbA3pwrgk9_9c9bed9bf7d94ac0bcea18e3bf521930,manual,bottom_fixed,3.0,2,0,0
pRbA3pwrgk9-14,pRbA3pwrgk9_9c9bed9bf7d94ac0bcea18e3bf521930,manual,bottom_fixed,6.0,2,0,0
pRbA3pwrgk9-14,pRbA3pwrgk9_9c9bed9bf7d94ac0bcea18e3bf521930,manual,bottom_fixed,9.0,2,0,0
pRbA3pwrgk9-14,pRbA3pwrgk9_9c9bed9bf7d94ac0bcea18e3bf521930,manual,bottom_fixed,12.0,2,0,0
pRbA3pwrgk9-16,pRbA3pwrgk9_bc9ae89832854c19a69741f97291efad,manual,count_only,0.0,2,0,0
pRbA3pwrgk9-16,pRbA3pwrgk9_bc9ae89832854c19a69741f97291efad,manual,split_fixed,3.0,2,0,0
pRbA3pwrgk9-16,pRbA3pwrgk9_bc9ae89832854c19a69741f97291efad,manual,split_fixed,6.0,2,0,0
pRbA3pwrgk9-16,pRbA3pwrgk9_bc9ae89832854c19a69741f97291efad,manual,split_fixed,9.0,2,0,0
pRbA3pwrgk9-16,pRbA3pwrgk9_bc9ae89832854c19a69741f97291efad,manual,split_fixed,12.0,2,0,0
pRbA3pwrgk9-16,pRbA3pwrgk9_bc9ae89832854c19a69741f97291efad,manual,bound_fixed,3.0,2,0,0
pRbA3pwrgk9-16,pRbA3pwrgk9_bc9ae89832854c19a69741f97291efad,manual,bound_fixed,6.0,2,0,0
pRbA3pwrgk9-16,pRbA3pwrgk9_bc9ae89832854c19a69741f97291efad,manual,bound_fixed,9.0,2,0,0
pRbA3pwrgk9-16,pRbA3pwrgk9_bc9ae89832854c19a69741f97291efad,manual,bound_fixed,12.0,2,0,0
pRbA3pwrgk9-16,pRbA3pwrgk9_bc9ae89832854c19a69741f97291efad,manual,split_cyclic,3.0,2,0,0
pRbA3pwrgk9-16,pRbA3pwrgk9_bc9ae89832854c19a69741f97291efad,manual,split_cyclic,6.0,2,0,0
pRbA3pwrgk9-16,pRbA3pwrgk9_bc9ae89832854c19a69741f97291efad,manual,split_cyclic,9.0,2,0,0
pRbA3pwrgk9-16,pRbA3pwrgk9_bc9ae89832854c19a69741f97291efad,manual,split_cyclic,12.0,2,0,0
pRbA3pwrgk9-16,pRbA3pwrgk9_bc9ae89832854c19a69741f97291efad,manual,bound_cyclic,3.0,2,0,0
pRbA3pwrgk9-16,pRbA3pwrgk9_bc9ae89832854c19a69741f97291efad,manual,bound_cyclic,6.0,2,0,0
pRbA3pwrgk9-16,pRbA3pwrgk9_bc9ae89832854c19a69741f97291efad,manual,bound_cyclic,9.0,2,0,0
pRbA3pwrgk9-16,pRbA3pwrgk9_bc9ae89832854c19a69741f97291efad,manual,bound_cyclic,12.0,2,0,0
pRbA3pwrgk9-16,pRbA3pwrgk9_bc9ae89832854c19a69741f97291efad,manual,split_free,3.0,2,0,0
pRbA3pwrgk9-16,pRbA3pwrgk9_bc9ae89832854c19a69741f97291efad,manual,split_free,6.0,2,0,0
pRbA3pwrgk9-16,pRbA3pwrgk9_bc9ae89832854c19a69741f97291efad,manual,split_free,9.0,2,0,0
pRbA3pwrgk9-16,pRbA3pwrgk9_bc9ae89832854c19a69741f97291efad,manual,split_free,12.0,2,0,0
pRbA3pwrgk9-16,pRbA3pwrgk9_bc9ae89832854c19a69741f97291efad,manual,bound_free,3.0,2,0,0
pRbA3pwrgk9-16,pRbA3pwrgk9_bc9ae89832854c19a69741f97291efad,manual,bound_free,6.0,2,0,0
pRbA3pwrgk9-16,pRbA3pwrgk9_bc9ae89832854c19a69741f97291efad,manual,bound_free,9.0,2,0,0
pRbA3pwrgk9-16,pRbA3pwrgk9_bc9ae89832854c19a69741f97291efad,manual,bound_free,12.0,2,0,0
pRbA3pwrgk9-16,pRbA3pwrgk9_bc9ae89832854c19a69741f97291efad,manual,top_fixed,3.0,2,0,0
pRbA3pwrgk9-16,pRbA3pwrgk9_bc9ae89832854c19a69741f97291efad,manual,top_fixed,6.0,2,0,0
pRbA3pwrgk9-16,pRbA3pwrgk9_bc9ae89832854c19a69741f97291efad,manual,top_fixed,9.0,2,0,0
pRbA3pwrgk9-16,pRbA3pwrgk9_bc9ae89832854c19a69741f97291efad,manual,top_fixed,12.0,2,0,0
pRbA3pwrgk9-16,pRbA3pwrgk9_bc9ae89832854c19a69741f97291efad,manual,bottom_fixed,3.0,2,0,0
pRbA3pwrgk9-16,pRbA3pwrgk9_bc9ae89832854c19a69741f97291efad,manual,bottom_fixed,6.0,2,0,0
pRbA3pwrgk9-16,pRbA3pwrgk9_bc9ae89832854c19a69741f97291efad,manual,bottom_fixed,9.0,2,0,0
pRbA3pwrgk9-16,pRbA3pwrgk9_bc9ae89832854c19a69741f97291efad,manual,bottom_fixed,12.0,2,0,0
pa4otMbVnkk-05,pa4otMbVnkk_270f6920ec0f48c391bca974b356bc3b,manual,count_only,0.0,2,1,0
pa4otMbVnkk-05,pa4otMbVnkk_270f6920ec0f48c391bca974b356bc3b,manual,split_fixed,3.0,2,1,0
pa4otMbVnkk-05,pa4otMbVnkk_270f6920ec0f48c391bca974b356bc3b,manual,split_fixed,6.0,2,1,0
pa4otMbVnkk-05,pa4otMbVnkk_270f6920ec0f48c391bca974b356bc3b,manual,split_fixed,9.0,2,1,0
pa4otMbVnkk-05,pa4otMbVnkk_270f6920ec0f48c391bca974b356bc3b,manual,split_fixed,12.0,2,1,0
pa4otMbVnkk-05,pa4otMbVnkk_270f6920ec0f48c391bca974b356bc3b,manual,bound_fixed,3.0,2,1,0
pa4otMbVnkk-05,pa4otMbVnkk_270f6920ec0f48c391bca974b356bc3b,manual,bound_fixed,6.0,2,1,0
pa4otMbVnkk-05,pa4otMbVnkk_270f6920ec0f48c391bca974b356bc3b,manual,bound_fixed,9.0,2,1,0
pa4otMbVnkk-05,pa4otMbVnkk_270f6920ec0f48c391bca974b356bc3b,manual,bound_fixed,12.0,2,1,0
pa4otMbVnkk-05,pa4otMbVnkk_270f6920ec0f48c391bca974b356bc3b,manual,split_cyclic,3.0,2,1,0
pa4otMbVnkk-05,pa4otMbVnkk_270f6920ec0f48c391bca974b356bc3b,manual,split_cyclic,6.0,2,1,0
pa4otMbVnkk-05,pa4otMbVnkk_270f6920ec0f48c391bca974b356bc3b,manual,split_cyclic,9.0,2,1,0
pa4otMbVnkk-05,pa4otMbVnkk_270f6920ec0f48c391bca974b356bc3b,manual,split_cyclic,12.0,2,1,0
pa4otMbVnkk-05,pa4otMbVnkk_270f6920ec0f48c391bca974b356bc3b,manual,bound_cyclic,3.0,2,1,0
pa4otMbVnkk-05,pa4otMbVnkk_270f6920ec0f48c391bca974b356bc3b,manual,bound_cyclic,6.0,2,1,0
pa4otMbVnkk-05,pa4otMbVnkk_270f6920ec0f48c391bca974b356bc3b,manual,bound_cyclic,9.0,2,1,0
pa4otMbVnkk-05,pa4otMbVnkk_270f6920ec0f48c391bca974b356bc3b,manual,bound_cyclic,12.0,2,1,0
pa4otMbVnkk-05,pa4otMbVnkk_270f6920ec0f48c391bca974b356bc3b,manual,split_free,3.0,2,1,0
pa4otMbVnkk-05,pa4otMbVnkk_270f6920ec0f48c391bca974b356bc3b,manual,split_free,6.0,2,1,0
pa4otMbVnkk-05,pa4otMbVnkk_270f6920ec0f48c391bca974b356bc3b,manual,split_free,9.0,2,1,0
pa4otMbVnkk-05,pa4otMbVnkk_270f6920ec0f48c391bca974b356bc3b,manual,split_free,12.0,2,1,0
pa4otMbVnkk-05,pa4otMbVnkk_270f6920ec0f48c391bca974b356bc3b,manual,bound_free,3.0,2,1,0
pa4otMbVnkk-05,pa4otMbVnkk_270f6920ec0f48c391bca974b356bc3b,manual,bound_free,6.0,2,1,0
pa4otMbVnkk-05,pa4otMbVnkk_270f6920ec0f48c391bca974b356bc3b,manual,bound_free,9.0,2,1,0
pa4otMbVnkk-05,pa4otMbVnkk_270f6920ec0f48c391bca974b356bc3b,manual,bound_free,12.0,2,1,0
pa4otMbVnkk-05,pa4otMbVnkk_270f6920ec0f48c391bca974b356bc3b,manual,top_fixed,3.0,2,1,0
pa4otMbVnkk-05,pa4otMbVnkk_270f6920ec0f48c391bca974b356bc3b,manual,top_fixed,6.0,2,1,0
pa4otMbVnkk-05,pa4otMbVnkk_270f6920ec0f48c391bca974b356bc3b,manual,top_fixed,9.0,2,1,0
pa4otMbVnkk-05,pa4otMbVnkk_270f6920ec0f48c391bca974b356bc3b,manual,top_fixed,12.0,2,1,0
pa4otMbVnkk-05,pa4otMbVnkk_270f6920ec0f48c391bca974b356bc3b,manual,bottom_fixed,3.0,2,1,0
pa4otMbVnkk-05,pa4otMbVnkk_270f6920ec0f48c391bca974b356bc3b,manual,bottom_fixed,6.0,2,1,0
pa4otMbVnkk-05,pa4otMbVnkk_270f6920ec0f48c391bca974b356bc3b,manual,bottom_fixed,9.0,2,1,0
pa4otMbVnkk-05,pa4otMbVnkk_270f6920ec0f48c391bca974b356bc3b,manual,bottom_fixed,12.0,2,1,0
pa4otMbVnkk-06,pa4otMbVnkk_3ad5d0784b1442b6a728bb7dec3d50e0,manual,count_only,0.0,1,0,0
pa4otMbVnkk-06,pa4otMbVnkk_3ad5d0784b1442b6a728bb7dec3d50e0,manual,split_fixed,3.0,1,0,0
pa4otMbVnkk-06,pa4otMbVnkk_3ad5d0784b1442b6a728bb7dec3d50e0,manual,split_fixed,6.0,1,0,0
pa4otMbVnkk-06,pa4otMbVnkk_3ad5d0784b1442b6a728bb7dec3d50e0,manual,split_fixed,9.0,1,0,0
pa4otMbVnkk-06,pa4otMbVnkk_3ad5d0784b1442b6a728bb7dec3d50e0,manual,split_fixed,12.0,1,0,0
pa4otMbVnkk-06,pa4otMbVnkk_3ad5d0784b1442b6a728bb7dec3d50e0,manual,bound_fixed,3.0,1,0,0
pa4otMbVnkk-06,pa4otMbVnkk_3ad5d0784b1442b6a728bb7dec3d50e0,manual,bound_fixed,6.0,1,0,0
pa4otMbVnkk-06,pa4otMbVnkk_3ad5d0784b1442b6a728bb7dec3d50e0,manual,bound_fixed,9.0,1,0,0
pa4otMbVnkk-06,pa4otMbVnkk_3ad5d0784b1442b6a728bb7dec3d50e0,manual,bound_fixed,12.0,1,0,0
pa4otMbVnkk-06,pa4otMbVnkk_3ad5d0784b1442b6a728bb7dec3d50e0,manual,split_cyclic,3.0,1,0,0
pa4otMbVnkk-06,pa4otMbVnkk_3ad5d0784b1442b6a728bb7dec3d50e0,manual,split_cyclic,6.0,1,0,0
pa4otMbVnkk-06,pa4otMbVnkk_3ad5d0784b1442b6a728bb7dec3d50e0,manual,split_cyclic,9.0,1,0,0
pa4otMbVnkk-06,pa4otMbVnkk_3ad5d0784b1442b6a728bb7dec3d50e0,manual,split_cyclic,12.0,1,0,0
pa4otMbVnkk-06,pa4otMbVnkk_3ad5d0784b1442b6a728bb7dec3d50e0,manual,bound_cyclic,3.0,1,0,0
pa4otMbVnkk-06,pa4otMbVnkk_3ad5d0784b1442b6a728bb7dec3d50e0,manual,bound_cyclic,6.0,1,0,0
pa4otMbVnkk-06,pa4otMbVnkk_3ad5d0784b1442b6a728bb7dec3d50e0,manual,bound_cyclic,9.0,1,0,0
pa4otMbVnkk-06,pa4otMbVnkk_3ad5d0784b1442b6a728bb7dec3d50e0,manual,bound_cyclic,12.0,1,0,0
pa4otMbVnkk-06,pa4otMbVnkk_3ad5d0784b1442b6a728bb7dec3d50e0,manual,split_free,3.0,1,0,0
pa4otMbVnkk-06,pa4otMbVnkk_3ad5d0784b1442b6a728bb7dec3d50e0,manual,split_free,6.0,1,0,0
pa4otMbVnkk-06,pa4otMbVnkk_3ad5d0784b1442b6a728bb7dec3d50e0,manual,split_free,9.0,1,0,0
pa4otMbVnkk-06,pa4otMbVnkk_3ad5d0784b1442b6a728bb7dec3d50e0,manual,split_free,12.0,1,0,0
pa4otMbVnkk-06,pa4otMbVnkk_3ad5d0784b1442b6a728bb7dec3d50e0,manual,bound_free,3.0,1,0,0
pa4otMbVnkk-06,pa4otMbVnkk_3ad5d0784b1442b6a728bb7dec3d50e0,manual,bound_free,6.0,1,0,0
pa4otMbVnkk-06,pa4otMbVnkk_3ad5d0784b1442b6a728bb7dec3d50e0,manual,bound_free,9.0,1,0,0
pa4otMbVnkk-06,pa4otMbVnkk_3ad5d0784b1442b6a728bb7dec3d50e0,manual,bound_free,12.0,1,0,0
pa4otMbVnkk-06,pa4otMbVnkk_3ad5d0784b1442b6a728bb7dec3d50e0,manual,top_fixed,3.0,1,0,0
pa4otMbVnkk-06,pa4otMbVnkk_3ad5d0784b1442b6a728bb7dec3d50e0,manual,top_fixed,6.0,1,0,0
pa4otMbVnkk-06,pa4otMbVnkk_3ad5d0784b1442b6a728bb7dec3d50e0,manual,top_fixed,9.0,1,0,0
pa4otMbVnkk-06,pa4otMbVnkk_3ad5d0784b1442b6a728bb7dec3d50e0,manual,top_fixed,12.0,1,0,0
pa4otMbVnkk-06,pa4otMbVnkk_3ad5d0784b1442b6a728bb7dec3d50e0,manual,bottom_fixed,3.0,1,0,0
pa4otMbVnkk-06,pa4otMbVnkk_3ad5d0784b1442b6a728bb7dec3d50e0,manual,bottom_fixed,6.0,1,0,0
pa4otMbVnkk-06,pa4otMbVnkk_3ad5d0784b1442b6a728bb7dec3d50e0,manual,bottom_fixed,9.0,1,0,0
pa4otMbVnkk-06,pa4otMbVnkk_3ad5d0784b1442b6a728bb7dec3d50e0,manual,bottom_fixed,12.0,1,0,0
pa4otMbVnkk-09,pa4otMbVnkk_447755d931aa401097d8c0952a22b17e,manual,count_only,0.0,2,1,0
pa4otMbVnkk-09,pa4otMbVnkk_447755d931aa401097d8c0952a22b17e,manual,split_fixed,3.0,2,0,0
pa4otMbVnkk-09,pa4otMbVnkk_447755d931aa401097d8c0952a22b17e,manual,split_fixed,6.0,2,1,0
pa4otMbVnkk-09,pa4otMbVnkk_447755d931aa401097d8c0952a22b17e,manual,split_fixed,9.0,2,1,0
pa4otMbVnkk-09,pa4otMbVnkk_447755d931aa401097d8c0952a22b17e,manual,split_fixed,12.0,2,1,0
pa4otMbVnkk-09,pa4otMbVnkk_447755d931aa401097d8c0952a22b17e,manual,bound_fixed,3.0,2,0,0
pa4otMbVnkk-09,pa4otMbVnkk_447755d931aa401097d8c0952a22b17e,manual,bound_fixed,6.0,2,1,0
pa4otMbVnkk-09,pa4otMbVnkk_447755d931aa401097d8c0952a22b17e,manual,bound_fixed,9.0,2,1,0
pa4otMbVnkk-09,pa4otMbVnkk_447755d931aa401097d8c0952a22b17e,manual,bound_fixed,12.0,2,1,0
pa4otMbVnkk-09,pa4otMbVnkk_447755d931aa401097d8c0952a22b17e,manual,split_cyclic,3.0,2,0,0
pa4otMbVnkk-09,pa4otMbVnkk_447755d931aa401097d8c0952a22b17e,manual,split_cyclic,6.0,2,1,0
pa4otMbVnkk-09,pa4otMbVnkk_447755d931aa401097d8c0952a22b17e,manual,split_cyclic,9.0,2,1,0
pa4otMbVnkk-09,pa4otMbVnkk_447755d931aa401097d8c0952a22b17e,manual,split_cyclic,12.0,2,1,0
pa4otMbVnkk-09,pa4otMbVnkk_447755d931aa401097d8c0952a22b17e,manual,bound_cyclic,3.0,2,0,0
pa4otMbVnkk-09,pa4otMbVnkk_447755d931aa401097d8c0952a22b17e,manual,bound_cyclic,6.0,2,1,0
pa4otMbVnkk-09,pa4otMbVnkk_447755d931aa401097d8c0952a22b17e,manual,bound_cyclic,9.0,2,1,0
pa4otMbVnkk-09,pa4otMbVnkk_447755d931aa401097d8c0952a22b17e,manual,bound_cyclic,12.0,2,1,0
pa4otMbVnkk-09,pa4otMbVnkk_447755d931aa401097d8c0952a22b17e,manual,split_free,3.0,2,0,0
pa4otMbVnkk-09,pa4otMbVnkk_447755d931aa401097d8c0952a22b17e,manual,split_free,6.0,2,1,0
pa4otMbVnkk-09,pa4otMbVnkk_447755d931aa401097d8c0952a22b17e,manual,split_free,9.0,2,1,0
pa4otMbVnkk-09,pa4otMbVnkk_447755d931aa401097d8c0952a22b17e,manual,split_free,12.0,2,1,0
pa4otMbVnkk-09,pa4otMbVnkk_447755d931aa401097d8c0952a22b17e,manual,bound_free,3.0,2,0,0
pa4otMbVnkk-09,pa4otMbVnkk_447755d931aa401097d8c0952a22b17e,manual,bound_free,6.0,2,1,0
pa4otMbVnkk-09,pa4otMbVnkk_447755d931aa401097d8c0952a22b17e,manual,bound_free,9.0,2,1,0
pa4otMbVnkk-09,pa4otMbVnkk_447755d931aa401097d8c0952a22b17e,manual,bound_free,12.0,2,1,0
pa4otMbVnkk-09,pa4otMbVnkk_447755d931aa401097d8c0952a22b17e,manual,top_fixed,3.0,2,0,0
pa4otMbVnkk-09,pa4otMbVnkk_447755d931aa401097d8c0952a22b17e,manual,top_fixed,6.0,2,1,0
pa4otMbVnkk-09,pa4otMbVnkk_447755d931aa401097d8c0952a22b17e,manual,top_fixed,9.0,2,1,0
pa4otMbVnkk-09,pa4otMbVnkk_447755d931aa401097d8c0952a22b17e,manual,top_fixed,12.0,2,1,0
pa4otMbVnkk-09,pa4otMbVnkk_447755d931aa401097d8c0952a22b17e,manual,bottom_fixed,3.0,2,0,0
pa4otMbVnkk-09,pa4otMbVnkk_447755d931aa401097d8c0952a22b17e,manual,bottom_fixed,6.0,2,1,0
pa4otMbVnkk-09,pa4otMbVnkk_447755d931aa401097d8c0952a22b17e,manual,bottom_fixed,9.0,2,1,0
pa4otMbVnkk-09,pa4otMbVnkk_447755d931aa401097d8c0952a22b17e,manual,bottom_fixed,12.0,2,1,0
pa4otMbVnkk-10,pa4otMbVnkk_48321c1bb20244f1b43b2c41b4dc9657,manual,count_only,0.0,3,1,0
pa4otMbVnkk-10,pa4otMbVnkk_48321c1bb20244f1b43b2c41b4dc9657,manual,split_fixed,3.0,3,0,0
pa4otMbVnkk-10,pa4otMbVnkk_48321c1bb20244f1b43b2c41b4dc9657,manual,split_fixed,6.0,3,0,0
pa4otMbVnkk-10,pa4otMbVnkk_48321c1bb20244f1b43b2c41b4dc9657,manual,split_fixed,9.0,3,0,0
pa4otMbVnkk-10,pa4otMbVnkk_48321c1bb20244f1b43b2c41b4dc9657,manual,split_fixed,12.0,3,0,0
pa4otMbVnkk-10,pa4otMbVnkk_48321c1bb20244f1b43b2c41b4dc9657,manual,bound_fixed,3.0,3,0,0
pa4otMbVnkk-10,pa4otMbVnkk_48321c1bb20244f1b43b2c41b4dc9657,manual,bound_fixed,6.0,3,0,0
pa4otMbVnkk-10,pa4otMbVnkk_48321c1bb20244f1b43b2c41b4dc9657,manual,bound_fixed,9.0,3,0,0
pa4otMbVnkk-10,pa4otMbVnkk_48321c1bb20244f1b43b2c41b4dc9657,manual,bound_fixed,12.0,3,0,0
pa4otMbVnkk-10,pa4otMbVnkk_48321c1bb20244f1b43b2c41b4dc9657,manual,split_cyclic,3.0,3,0,0
pa4otMbVnkk-10,pa4otMbVnkk_48321c1bb20244f1b43b2c41b4dc9657,manual,split_cyclic,6.0,3,0,0
pa4otMbVnkk-10,pa4otMbVnkk_48321c1bb20244f1b43b2c41b4dc9657,manual,split_cyclic,9.0,3,0,0
pa4otMbVnkk-10,pa4otMbVnkk_48321c1bb20244f1b43b2c41b4dc9657,manual,split_cyclic,12.0,3,0,0
pa4otMbVnkk-10,pa4otMbVnkk_48321c1bb20244f1b43b2c41b4dc9657,manual,bound_cyclic,3.0,3,0,0
pa4otMbVnkk-10,pa4otMbVnkk_48321c1bb20244f1b43b2c41b4dc9657,manual,bound_cyclic,6.0,3,0,0
pa4otMbVnkk-10,pa4otMbVnkk_48321c1bb20244f1b43b2c41b4dc9657,manual,bound_cyclic,9.0,3,0,0
pa4otMbVnkk-10,pa4otMbVnkk_48321c1bb20244f1b43b2c41b4dc9657,manual,bound_cyclic,12.0,3,0,0
pa4otMbVnkk-10,pa4otMbVnkk_48321c1bb20244f1b43b2c41b4dc9657,manual,split_free,3.0,3,0,0
pa4otMbVnkk-10,pa4otMbVnkk_48321c1bb20244f1b43b2c41b4dc9657,manual,split_free,6.0,3,0,0
pa4otMbVnkk-10,pa4otMbVnkk_48321c1bb20244f1b43b2c41b4dc9657,manual,split_free,9.0,3,0,0
pa4otMbVnkk-10,pa4otMbVnkk_48321c1bb20244f1b43b2c41b4dc9657,manual,split_free,12.0,3,0,0
pa4otMbVnkk-10,pa4otMbVnkk_48321c1bb20244f1b43b2c41b4dc9657,manual,bound_free,3.0,3,0,0
pa4otMbVnkk-10,pa4otMbVnkk_48321c1bb20244f1b43b2c41b4dc9657,manual,bound_free,6.0,3,0,0
pa4otMbVnkk-10,pa4otMbVnkk_48321c1bb20244f1b43b2c41b4dc9657,manual,bound_free,9.0,3,0,0
pa4otMbVnkk-10,pa4otMbVnkk_48321c1bb20244f1b43b2c41b4dc9657,manual,bound_free,12.0,3,0,0
pa4otMbVnkk-10,pa4otMbVnkk_48321c1bb20244f1b43b2c41b4dc9657,manual,top_fixed,3.0,3,0,0
pa4otMbVnkk-10,pa4otMbVnkk_48321c1bb20244f1b43b2c41b4dc9657,manual,top_fixed,6.0,3,0,0
pa4otMbVnkk-10,pa4otMbVnkk_48321c1bb20244f1b43b2c41b4dc9657,manual,top_fixed,9.0,3,0,0
pa4otMbVnkk-10,pa4otMbVnkk_48321c1bb20244f1b43b2c41b4dc9657,manual,top_fixed,12.0,3,0,0
pa4otMbVnkk-10,pa4otMbVnkk_48321c1bb20244f1b43b2c41b4dc9657,manual,bottom_fixed,3.0,3,0,0
pa4otMbVnkk-10,pa4otMbVnkk_48321c1bb20244f1b43b2c41b4dc9657,manual,bottom_fixed,6.0,3,0,0
pa4otMbVnkk-10,pa4otMbVnkk_48321c1bb20244f1b43b2c41b4dc9657,manual,bottom_fixed,9.0,3,0,0
pa4otMbVnkk-10,pa4otMbVnkk_48321c1bb20244f1b43b2c41b4dc9657,manual,bottom_fixed,12.0,3,0,0
pa4otMbVnkk-11,pa4otMbVnkk_4fbdfc08c934474ea9a04977f9081d0e,manual,count_only,0.0,1,0,0
pa4otMbVnkk-11,pa4otMbVnkk_4fbdfc08c934474ea9a04977f9081d0e,manual,split_fixed,3.0,1,0,0
pa4otMbVnkk-11,pa4otMbVnkk_4fbdfc08c934474ea9a04977f9081d0e,manual,split_fixed,6.0,1,0,0
pa4otMbVnkk-11,pa4otMbVnkk_4fbdfc08c934474ea9a04977f9081d0e,manual,split_fixed,9.0,1,0,0
pa4otMbVnkk-11,pa4otMbVnkk_4fbdfc08c934474ea9a04977f9081d0e,manual,split_fixed,12.0,1,0,0
pa4otMbVnkk-11,pa4otMbVnkk_4fbdfc08c934474ea9a04977f9081d0e,manual,bound_fixed,3.0,1,0,0
pa4otMbVnkk-11,pa4otMbVnkk_4fbdfc08c934474ea9a04977f9081d0e,manual,bound_fixed,6.0,1,0,0
pa4otMbVnkk-11,pa4otMbVnkk_4fbdfc08c934474ea9a04977f9081d0e,manual,bound_fixed,9.0,1,0,0
pa4otMbVnkk-11,pa4otMbVnkk_4fbdfc08c934474ea9a04977f9081d0e,manual,bound_fixed,12.0,1,0,0
pa4otMbVnkk-11,pa4otMbVnkk_4fbdfc08c934474ea9a04977f9081d0e,manual,split_cyclic,3.0,1,0,0
pa4otMbVnkk-11,pa4otMbVnkk_4fbdfc08c934474ea9a04977f9081d0e,manual,split_cyclic,6.0,1,0,0
pa4otMbVnkk-11,pa4otMbVnkk_4fbdfc08c934474ea9a04977f9081d0e,manual,split_cyclic,9.0,1,0,0
pa4otMbVnkk-11,pa4otMbVnkk_4fbdfc08c934474ea9a04977f9081d0e,manual,split_cyclic,12.0,1,0,0
pa4otMbVnkk-11,pa4otMbVnkk_4fbdfc08c934474ea9a04977f9081d0e,manual,bound_cyclic,3.0,1,0,0
pa4otMbVnkk-11,pa4otMbVnkk_4fbdfc08c934474ea9a04977f9081d0e,manual,bound_cyclic,6.0,1,0,0
pa4otMbVnkk-11,pa4otMbVnkk_4fbdfc08c934474ea9a04977f9081d0e,manual,bound_cyclic,9.0,1,0,0
pa4otMbVnkk-11,pa4otMbVnkk_4fbdfc08c934474ea9a04977f9081d0e,manual,bound_cyclic,12.0,1,0,0
pa4otMbVnkk-11,pa4otMbVnkk_4fbdfc08c934474ea9a04977f9081d0e,manual,split_free,3.0,1,0,0
pa4otMbVnkk-11,pa4otMbVnkk_4fbdfc08c934474ea9a04977f9081d0e,manual,split_free,6.0,1,0,0
pa4otMbVnkk-11,pa4otMbVnkk_4fbdfc08c934474ea9a04977f9081d0e,manual,split_free,9.0,1,0,0
pa4otMbVnkk-11,pa4otMbVnkk_4fbdfc08c934474ea9a04977f9081d0e,manual,split_free,12.0,1,0,0
pa4otMbVnkk-11,pa4otMbVnkk_4fbdfc08c934474ea9a04977f9081d0e,manual,bound_free,3.0,1,0,0
pa4otMbVnkk-11,pa4otMbVnkk_4fbdfc08c934474ea9a04977f9081d0e,manual,bound_free,6.0,1,0,0
pa4otMbVnkk-11,pa4otMbVnkk_4fbdfc08c934474ea9a04977f9081d0e,manual,bound_free,9.0,1,0,0
pa4otMbVnkk-11,pa4otMbVnkk_4fbdfc08c934474ea9a04977f9081d0e,manual,bound_free,12.0,1,0,0
pa4otMbVnkk-11,pa4otMbVnkk_4fbdfc08c934474ea9a04977f9081d0e,manual,top_fixed,3.0,1,0,0
pa4otMbVnkk-11,pa4otMbVnkk_4fbdfc08c934474ea9a04977f9081d0e,manual,top_fixed,6.0,1,0,0
pa4otMbVnkk-11,pa4otMbVnkk_4fbdfc08c934474ea9a04977f9081d0e,manual,top_fixed,9.0,1,0,0
pa4otMbVnkk-11,pa4otMbVnkk_4fbdfc08c934474ea9a04977f9081d0e,manual,top_fixed,12.0,1,0,0
pa4otMbVnkk-11,pa4otMbVnkk_4fbdfc08c934474ea9a04977f9081d0e,manual,bottom_fixed,3.0,1,0,0
pa4otMbVnkk-11,pa4otMbVnkk_4fbdfc08c934474ea9a04977f9081d0e,manual,bottom_fixed,6.0,1,0,0
pa4otMbVnkk-11,pa4otMbVnkk_4fbdfc08c934474ea9a04977f9081d0e,manual,bottom_fixed,9.0,1,0,0
pa4otMbVnkk-11,pa4otMbVnkk_4fbdfc08c934474ea9a04977f9081d0e,manual,bottom_fixed,12.0,1,0,0
pa4otMbVnkk-14,pa4otMbVnkk_5d1adb544bb14217ba5ded2eb82cd8e3,manual,count_only,0.0,6,3,0
pa4otMbVnkk-14,pa4otMbVnkk_5d1adb544bb14217ba5ded2eb82cd8e3,manual,split_fixed,3.0,6,0,0
pa4otMbVnkk-14,pa4otMbVnkk_5d1adb544bb14217ba5ded2eb82cd8e3,manual,split_fixed,6.0,6,0,0
pa4otMbVnkk-14,pa4otMbVnkk_5d1adb544bb14217ba5ded2eb82cd8e3,manual,split_fixed,9.0,6,0,0
pa4otMbVnkk-14,pa4otMbVnkk_5d1adb544bb14217ba5ded2eb82cd8e3,manual,split_fixed,12.0,6,0,0
pa4otMbVnkk-14,pa4otMbVnkk_5d1adb544bb14217ba5ded2eb82cd8e3,manual,bound_fixed,3.0,6,0,0
pa4otMbVnkk-14,pa4otMbVnkk_5d1adb544bb14217ba5ded2eb82cd8e3,manual,bound_fixed,6.0,6,0,0
pa4otMbVnkk-14,pa4otMbVnkk_5d1adb544bb14217ba5ded2eb82cd8e3,manual,bound_fixed,9.0,6,0,0
pa4otMbVnkk-14,pa4otMbVnkk_5d1adb544bb14217ba5ded2eb82cd8e3,manual,bound_fixed,12.0,6,0,0
pa4otMbVnkk-14,pa4otMbVnkk_5d1adb544bb14217ba5ded2eb82cd8e3,manual,split_cyclic,3.0,6,0,0
pa4otMbVnkk-14,pa4otMbVnkk_5d1adb544bb14217ba5ded2eb82cd8e3,manual,split_cyclic,6.0,6,0,0
pa4otMbVnkk-14,pa4otMbVnkk_5d1adb544bb14217ba5ded2eb82cd8e3,manual,split_cyclic,9.0,6,0,0
pa4otMbVnkk-14,pa4otMbVnkk_5d1adb544bb14217ba5ded2eb82cd8e3,manual,split_cyclic,12.0,6,0,0
pa4otMbVnkk-14,pa4otMbVnkk_5d1adb544bb14217ba5ded2eb82cd8e3,manual,bound_cyclic,3.0,6,0,0
pa4otMbVnkk-14,pa4otMbVnkk_5d1adb544bb14217ba5ded2eb82cd8e3,manual,bound_cyclic,6.0,6,0,0
pa4otMbVnkk-14,pa4otMbVnkk_5d1adb544bb14217ba5ded2eb82cd8e3,manual,bound_cyclic,9.0,6,0,0
pa4otMbVnkk-14,pa4otMbVnkk_5d1adb544bb14217ba5ded2eb82cd8e3,manual,bound_cyclic,12.0,6,0,0
pa4otMbVnkk-14,pa4otMbVnkk_5d1adb544bb14217ba5ded2eb82cd8e3,manual,split_free,3.0,6,0,0
pa4otMbVnkk-14,pa4otMbVnkk_5d1adb544bb14217ba5ded2eb82cd8e3,manual,split_free,6.0,6,0,0
pa4otMbVnkk-14,pa4otMbVnkk_5d1adb544bb14217ba5ded2eb82cd8e3,manual,split_free,9.0,6,0,0
pa4otMbVnkk-14,pa4otMbVnkk_5d1adb544bb14217ba5ded2eb82cd8e3,manual,split_free,12.0,6,0,0
pa4otMbVnkk-14,pa4otMbVnkk_5d1adb544bb14217ba5ded2eb82cd8e3,manual,bound_free,3.0,6,0,0
pa4otMbVnkk-14,pa4otMbVnkk_5d1adb544bb14217ba5ded2eb82cd8e3,manual,bound_free,6.0,6,0,0
pa4otMbVnkk-14,pa4otMbVnkk_5d1adb544bb14217ba5ded2eb82cd8e3,manual,bound_free,9.0,6,0,0
pa4otMbVnkk-14,pa4otMbVnkk_5d1adb544bb14217ba5ded2eb82cd8e3,manual,bound_free,12.0,6,0,0
pa4otMbVnkk-14,pa4otMbVnkk_5d1adb544bb14217ba5ded2eb82cd8e3,manual,top_fixed,3.0,6,0,0
pa4otMbVnkk-14,pa4otMbVnkk_5d1adb544bb14217ba5ded2eb82cd8e3,manual,top_fixed,6.0,6,0,0
pa4otMbVnkk-14,pa4otMbVnkk_5d1adb544bb14217ba5ded2eb82cd8e3,manual,top_fixed,9.0,6,0,0
pa4otMbVnkk-14,pa4otMbVnkk_5d1adb544bb14217ba5ded2eb82cd8e3,manual,top_fixed,12.0,6,0,0
pa4otMbVnkk-14,pa4otMbVnkk_5d1adb544bb14217ba5ded2eb82cd8e3,manual,bottom_fixed,3.0,6,0,0
pa4otMbVnkk-14,pa4otMbVnkk_5d1adb544bb14217ba5ded2eb82cd8e3,manual,bottom_fixed,6.0,6,0,0
pa4otMbVnkk-14,pa4otMbVnkk_5d1adb544bb14217ba5ded2eb82cd8e3,manual,bottom_fixed,9.0,6,0,0
pa4otMbVnkk-14,pa4otMbVnkk_5d1adb544bb14217ba5ded2eb82cd8e3,manual,bottom_fixed,12.0,6,1,0
pa4otMbVnkk-17,pa4otMbVnkk_63bde48e974d42e59a664bc3b5d9566a,manual,count_only,0.0,3,1,0
pa4otMbVnkk-17,pa4otMbVnkk_63bde48e974d42e59a664bc3b5d9566a,manual,split_fixed,3.0,3,1,0
pa4otMbVnkk-17,pa4otMbVnkk_63bde48e974d42e59a664bc3b5d9566a,manual,split_fixed,6.0,3,1,0
pa4otMbVnkk-17,pa4otMbVnkk_63bde48e974d42e59a664bc3b5d9566a,manual,split_fixed,9.0,3,1,0
pa4otMbVnkk-17,pa4otMbVnkk_63bde48e974d42e59a664bc3b5d9566a,manual,split_fixed,12.0,3,1,0
pa4otMbVnkk-17,pa4otMbVnkk_63bde48e974d42e59a664bc3b5d9566a,manual,bound_fixed,3.0,2,1,0
pa4otMbVnkk-17,pa4otMbVnkk_63bde48e974d42e59a664bc3b5d9566a,manual,bound_fixed,6.0,2,1,0
pa4otMbVnkk-17,pa4otMbVnkk_63bde48e974d42e59a664bc3b5d9566a,manual,bound_fixed,9.0,2,1,0
pa4otMbVnkk-17,pa4otMbVnkk_63bde48e974d42e59a664bc3b5d9566a,manual,bound_fixed,12.0,2,1,0
pa4otMbVnkk-17,pa4otMbVnkk_63bde48e974d42e59a664bc3b5d9566a,manual,split_cyclic,3.0,3,1,0
pa4otMbVnkk-17,pa4otMbVnkk_63bde48e974d42e59a664bc3b5d9566a,manual,split_cyclic,6.0,3,1,0
pa4otMbVnkk-17,pa4otMbVnkk_63bde48e974d42e59a664bc3b5d9566a,manual,split_cyclic,9.0,3,1,0
pa4otMbVnkk-17,pa4otMbVnkk_63bde48e974d42e59a664bc3b5d9566a,manual,split_cyclic,12.0,3,1,0
pa4otMbVnkk-17,pa4otMbVnkk_63bde48e974d42e59a664bc3b5d9566a,manual,bound_cyclic,3.0,2,1,0
pa4otMbVnkk-17,pa4otMbVnkk_63bde48e974d42e59a664bc3b5d9566a,manual,bound_cyclic,6.0,2,1,0
pa4otMbVnkk-17,pa4otMbVnkk_63bde48e974d42e59a664bc3b5d9566a,manual,bound_cyclic,9.0,2,1,0
pa4otMbVnkk-17,pa4otMbVnkk_63bde48e974d42e59a664bc3b5d9566a,manual,bound_cyclic,12.0,2,1,0
pa4otMbVnkk-17,pa4otMbVnkk_63bde48e974d42e59a664bc3b5d9566a,manual,split_free,3.0,3,1,0
pa4otMbVnkk-17,pa4otMbVnkk_63bde48e974d42e59a664bc3b5d9566a,manual,split_free,6.0,3,1,0
pa4otMbVnkk-17,pa4otMbVnkk_63bde48e974d42e59a664bc3b5d9566a,manual,split_free,9.0,3,1,0
pa4otMbVnkk-17,pa4otMbVnkk_63bde48e974d42e59a664bc3b5d9566a,manual,split_free,12.0,3,1,0
pa4otMbVnkk-17,pa4otMbVnkk_63bde48e974d42e59a664bc3b5d9566a,manual,bound_free,3.0,2,1,0
pa4otMbVnkk-17,pa4otMbVnkk_63bde48e974d42e59a664bc3b5d9566a,manual,bound_free,6.0,2,1,0
pa4otMbVnkk-17,pa4otMbVnkk_63bde48e974d42e59a664bc3b5d9566a,manual,bound_free,9.0,2,1,0
pa4otMbVnkk-17,pa4otMbVnkk_63bde48e974d42e59a664bc3b5d9566a,manual,bound_free,12.0,2,1,0
pa4otMbVnkk-17,pa4otMbVnkk_63bde48e974d42e59a664bc3b5d9566a,manual,top_fixed,3.0,3,1,0
pa4otMbVnkk-17,pa4otMbVnkk_63bde48e974d42e59a664bc3b5d9566a,manual,top_fixed,6.0,3,1,0
pa4otMbVnkk-17,pa4otMbVnkk_63bde48e974d42e59a664bc3b5d9566a,manual,top_fixed,9.0,3,1,0
pa4otMbVnkk-17,pa4otMbVnkk_63bde48e974d42e59a664bc3b5d9566a,manual,top_fixed,12.0,3,1,0
pa4otMbVnkk-17,pa4otMbVnkk_63bde48e974d42e59a664bc3b5d9566a,manual,bottom_fixed,3.0,3,1,0
pa4otMbVnkk-17,pa4otMbVnkk_63bde48e974d42e59a664bc3b5d9566a,manual,bottom_fixed,6.0,3,1,0
pa4otMbVnkk-17,pa4otMbVnkk_63bde48e974d42e59a664bc3b5d9566a,manual,bottom_fixed,9.0,3,1,0
pa4otMbVnkk-17,pa4otMbVnkk_63bde48e974d42e59a664bc3b5d9566a,manual,bottom_fixed,12.0,3,1,0
pa4otMbVnkk-18,pa4otMbVnkk_64ba4f267872432abdcb00af002649d5,manual,count_only,0.0,1,0,0
pa4otMbVnkk-18,pa4otMbVnkk_64ba4f267872432abdcb00af002649d5,manual,split_fixed,3.0,1,0,0
pa4otMbVnkk-18,pa4otMbVnkk_64ba4f267872432abdcb00af002649d5,manual,split_fixed,6.0,1,0,0
pa4otMbVnkk-18,pa4otMbVnkk_64ba4f267872432abdcb00af002649d5,manual,split_fixed,9.0,1,0,0
pa4otMbVnkk-18,pa4otMbVnkk_64ba4f267872432abdcb00af002649d5,manual,split_fixed,12.0,1,0,0
pa4otMbVnkk-18,pa4otMbVnkk_64ba4f267872432abdcb00af002649d5,manual,bound_fixed,3.0,1,0,0
pa4otMbVnkk-18,pa4otMbVnkk_64ba4f267872432abdcb00af002649d5,manual,bound_fixed,6.0,1,0,0
pa4otMbVnkk-18,pa4otMbVnkk_64ba4f267872432abdcb00af002649d5,manual,bound_fixed,9.0,1,0,0
pa4otMbVnkk-18,pa4otMbVnkk_64ba4f267872432abdcb00af002649d5,manual,bound_fixed,12.0,1,0,0
pa4otMbVnkk-18,pa4otMbVnkk_64ba4f267872432abdcb00af002649d5,manual,split_cyclic,3.0,1,0,0
pa4otMbVnkk-18,pa4otMbVnkk_64ba4f267872432abdcb00af002649d5,manual,split_cyclic,6.0,1,0,0
pa4otMbVnkk-18,pa4otMbVnkk_64ba4f267872432abdcb00af002649d5,manual,split_cyclic,9.0,1,0,0
pa4otMbVnkk-18,pa4otMbVnkk_64ba4f267872432abdcb00af002649d5,manual,split_cyclic,12.0,1,0,0
pa4otMbVnkk-18,pa4otMbVnkk_64ba4f267872432abdcb00af002649d5,manual,bound_cyclic,3.0,1,0,0
pa4otMbVnkk-18,pa4otMbVnkk_64ba4f267872432abdcb00af002649d5,manual,bound_cyclic,6.0,1,0,0
pa4otMbVnkk-18,pa4otMbVnkk_64ba4f267872432abdcb00af002649d5,manual,bound_cyclic,9.0,1,0,0
pa4otMbVnkk-18,pa4otMbVnkk_64ba4f267872432abdcb00af002649d5,manual,bound_cyclic,12.0,1,0,0
pa4otMbVnkk-18,pa4otMbVnkk_64ba4f267872432abdcb00af002649d5,manual,split_free,3.0,1,0,0
pa4otMbVnkk-18,pa4otMbVnkk_64ba4f267872432abdcb00af002649d5,manual,split_free,6.0,1,0,0
pa4otMbVnkk-18,pa4otMbVnkk_64ba4f267872432abdcb00af002649d5,manual,split_free,9.0,1,0,0
pa4otMbVnkk-18,pa4otMbVnkk_64ba4f267872432abdcb00af002649d5,manual,split_free,12.0,1,0,0
pa4otMbVnkk-18,pa4otMbVnkk_64ba4f267872432abdcb00af002649d5,manual,bound_free,3.0,1,0,0
pa4otMbVnkk-18,pa4otMbVnkk_64ba4f267872432abdcb00af002649d5,manual,bound_free,6.0,1,0,0
pa4otMbVnkk-18,pa4otMbVnkk_64ba4f267872432abdcb00af002649d5,manual,bound_free,9.0,1,0,0
pa4otMbVnkk-18,pa4otMbVnkk_64ba4f267872432abdcb00af002649d5,manual,bound_free,12.0,1,0,0
pa4otMbVnkk-18,pa4otMbVnkk_64ba4f267872432abdcb00af002649d5,manual,top_fixed,3.0,1,0,0
pa4otMbVnkk-18,pa4otMbVnkk_64ba4f267872432abdcb00af002649d5,manual,top_fixed,6.0,1,0,0
pa4otMbVnkk-18,pa4otMbVnkk_64ba4f267872432abdcb00af002649d5,manual,top_fixed,9.0,1,0,0
pa4otMbVnkk-18,pa4otMbVnkk_64ba4f267872432abdcb00af002649d5,manual,top_fixed,12.0,1,0,0
pa4otMbVnkk-18,pa4otMbVnkk_64ba4f267872432abdcb00af002649d5,manual,bottom_fixed,3.0,1,0,0
pa4otMbVnkk-18,pa4otMbVnkk_64ba4f267872432abdcb00af002649d5,manual,bottom_fixed,6.0,1,0,0
pa4otMbVnkk-18,pa4otMbVnkk_64ba4f267872432abdcb00af002649d5,manual,bottom_fixed,9.0,1,0,0
pa4otMbVnkk-18,pa4otMbVnkk_64ba4f267872432abdcb00af002649d5,manual,bottom_fixed,12.0,1,0,0
pa4otMbVnkk-42,pa4otMbVnkk_eac7bdc24b24474ba38b8b0b5acd62f6,manual,count_only,0.0,1,0,0
pa4otMbVnkk-42,pa4otMbVnkk_eac7bdc24b24474ba38b8b0b5acd62f6,manual,split_fixed,3.0,1,0,0
pa4otMbVnkk-42,pa4otMbVnkk_eac7bdc24b24474ba38b8b0b5acd62f6,manual,split_fixed,6.0,1,0,0
pa4otMbVnkk-42,pa4otMbVnkk_eac7bdc24b24474ba38b8b0b5acd62f6,manual,split_fixed,9.0,1,0,0
pa4otMbVnkk-42,pa4otMbVnkk_eac7bdc24b24474ba38b8b0b5acd62f6,manual,split_fixed,12.0,1,0,0
pa4otMbVnkk-42,pa4otMbVnkk_eac7bdc24b24474ba38b8b0b5acd62f6,manual,bound_fixed,3.0,1,0,0
pa4otMbVnkk-42,pa4otMbVnkk_eac7bdc24b24474ba38b8b0b5acd62f6,manual,bound_fixed,6.0,1,0,0
pa4otMbVnkk-42,pa4otMbVnkk_eac7bdc24b24474ba38b8b0b5acd62f6,manual,bound_fixed,9.0,1,0,0
pa4otMbVnkk-42,pa4otMbVnkk_eac7bdc24b24474ba38b8b0b5acd62f6,manual,bound_fixed,12.0,1,0,0
pa4otMbVnkk-42,pa4otMbVnkk_eac7bdc24b24474ba38b8b0b5acd62f6,manual,split_cyclic,3.0,1,0,0
pa4otMbVnkk-42,pa4otMbVnkk_eac7bdc24b24474ba38b8b0b5acd62f6,manual,split_cyclic,6.0,1,0,0
pa4otMbVnkk-42,pa4otMbVnkk_eac7bdc24b24474ba38b8b0b5acd62f6,manual,split_cyclic,9.0,1,0,0
pa4otMbVnkk-42,pa4otMbVnkk_eac7bdc24b24474ba38b8b0b5acd62f6,manual,split_cyclic,12.0,1,0,0
pa4otMbVnkk-42,pa4otMbVnkk_eac7bdc24b24474ba38b8b0b5acd62f6,manual,bound_cyclic,3.0,1,0,0
pa4otMbVnkk-42,pa4otMbVnkk_eac7bdc24b24474ba38b8b0b5acd62f6,manual,bound_cyclic,6.0,1,0,0
pa4otMbVnkk-42,pa4otMbVnkk_eac7bdc24b24474ba38b8b0b5acd62f6,manual,bound_cyclic,9.0,1,0,0
pa4otMbVnkk-42,pa4otMbVnkk_eac7bdc24b24474ba38b8b0b5acd62f6,manual,bound_cyclic,12.0,1,0,0
pa4otMbVnkk-42,pa4otMbVnkk_eac7bdc24b24474ba38b8b0b5acd62f6,manual,split_free,3.0,1,0,0
pa4otMbVnkk-42,pa4otMbVnkk_eac7bdc24b24474ba38b8b0b5acd62f6,manual,split_free,6.0,1,0,0
pa4otMbVnkk-42,pa4otMbVnkk_eac7bdc24b24474ba38b8b0b5acd62f6,manual,split_free,9.0,1,0,0
pa4otMbVnkk-42,pa4otMbVnkk_eac7bdc24b24474ba38b8b0b5acd62f6,manual,split_free,12.0,1,0,0
pa4otMbVnkk-42,pa4otMbVnkk_eac7bdc24b24474ba38b8b0b5acd62f6,manual,bound_free,3.0,1,0,0
pa4otMbVnkk-42,pa4otMbVnkk_eac7bdc24b24474ba38b8b0b5acd62f6,manual,bound_free,6.0,1,0,0
pa4otMbVnkk-42,pa4otMbVnkk_eac7bdc24b24474ba38b8b0b5acd62f6,manual,bound_free,9.0,1,0,0
pa4otMbVnkk-42,pa4otMbVnkk_eac7bdc24b24474ba38b8b0b5acd62f6,manual,bound_free,12.0,1,0,0
pa4otMbVnkk-42,pa4otMbVnkk_eac7bdc24b24474ba38b8b0b5acd62f6,manual,top_fixed,3.0,1,0,0
pa4otMbVnkk-42,pa4otMbVnkk_eac7bdc24b24474ba38b8b0b5acd62f6,manual,top_fixed,6.0,1,0,0
pa4otMbVnkk-42,pa4otMbVnkk_eac7bdc24b24474ba38b8b0b5acd62f6,manual,top_fixed,9.0,1,0,0
pa4otMbVnkk-42,pa4otMbVnkk_eac7bdc24b24474ba38b8b0b5acd62f6,manual,top_fixed,12.0,1,0,0
pa4otMbVnkk-42,pa4otMbVnkk_eac7bdc24b24474ba38b8b0b5acd62f6,manual,bottom_fixed,3.0,1,0,0
pa4otMbVnkk-42,pa4otMbVnkk_eac7bdc24b24474ba38b8b0b5acd62f6,manual,bottom_fixed,6.0,1,0,0
pa4otMbVnkk-42,pa4otMbVnkk_eac7bdc24b24474ba38b8b0b5acd62f6,manual,bottom_fixed,9.0,1,0,0
pa4otMbVnkk-42,pa4otMbVnkk_eac7bdc24b24474ba38b8b0b5acd62f6,manual,bottom_fixed,12.0,1,0,0
pa4otMbVnkk-44,pa4otMbVnkk_f6005da79d2c43ba820db8124a4287d1,manual,count_only,0.0,1,0,0
pa4otMbVnkk-44,pa4otMbVnkk_f6005da79d2c43ba820db8124a4287d1,manual,split_fixed,3.0,1,0,0
pa4otMbVnkk-44,pa4otMbVnkk_f6005da79d2c43ba820db8124a4287d1,manual,split_fixed,6.0,1,0,0
pa4otMbVnkk-44,pa4otMbVnkk_f6005da79d2c43ba820db8124a4287d1,manual,split_fixed,9.0,1,0,0
pa4otMbVnkk-44,pa4otMbVnkk_f6005da79d2c43ba820db8124a4287d1,manual,split_fixed,12.0,1,0,0
pa4otMbVnkk-44,pa4otMbVnkk_f6005da79d2c43ba820db8124a4287d1,manual,bound_fixed,3.0,1,0,0
pa4otMbVnkk-44,pa4otMbVnkk_f6005da79d2c43ba820db8124a4287d1,manual,bound_fixed,6.0,1,0,0
pa4otMbVnkk-44,pa4otMbVnkk_f6005da79d2c43ba820db8124a4287d1,manual,bound_fixed,9.0,1,0,0
pa4otMbVnkk-44,pa4otMbVnkk_f6005da79d2c43ba820db8124a4287d1,manual,bound_fixed,12.0,1,0,0
pa4otMbVnkk-44,pa4otMbVnkk_f6005da79d2c43ba820db8124a4287d1,manual,split_cyclic,3.0,1,0,0
pa4otMbVnkk-44,pa4otMbVnkk_f6005da79d2c43ba820db8124a4287d1,manual,split_cyclic,6.0,1,0,0
pa4otMbVnkk-44,pa4otMbVnkk_f6005da79d2c43ba820db8124a4287d1,manual,split_cyclic,9.0,1,0,0
pa4otMbVnkk-44,pa4otMbVnkk_f6005da79d2c43ba820db8124a4287d1,manual,split_cyclic,12.0,1,0,0
pa4otMbVnkk-44,pa4otMbVnkk_f6005da79d2c43ba820db8124a4287d1,manual,bound_cyclic,3.0,1,0,0
pa4otMbVnkk-44,pa4otMbVnkk_f6005da79d2c43ba820db8124a4287d1,manual,bound_cyclic,6.0,1,0,0
pa4otMbVnkk-44,pa4otMbVnkk_f6005da79d2c43ba820db8124a4287d1,manual,bound_cyclic,9.0,1,0,0
pa4otMbVnkk-44,pa4otMbVnkk_f6005da79d2c43ba820db8124a4287d1,manual,bound_cyclic,12.0,1,0,0
pa4otMbVnkk-44,pa4otMbVnkk_f6005da79d2c43ba820db8124a4287d1,manual,split_free,3.0,1,0,0
pa4otMbVnkk-44,pa4otMbVnkk_f6005da79d2c43ba820db8124a4287d1,manual,split_free,6.0,1,0,0
pa4otMbVnkk-44,pa4otMbVnkk_f6005da79d2c43ba820db8124a4287d1,manual,split_free,9.0,1,0,0
pa4otMbVnkk-44,pa4otMbVnkk_f6005da79d2c43ba820db8124a4287d1,manual,split_free,12.0,1,0,0
pa4otMbVnkk-44,pa4otMbVnkk_f6005da79d2c43ba820db8124a4287d1,manual,bound_free,3.0,1,0,0
pa4otMbVnkk-44,pa4otMbVnkk_f6005da79d2c43ba820db8124a4287d1,manual,bound_free,6.0,1,0,0
pa4otMbVnkk-44,pa4otMbVnkk_f6005da79d2c43ba820db8124a4287d1,manual,bound_free,9.0,1,0,0
pa4otMbVnkk-44,pa4otMbVnkk_f6005da79d2c43ba820db8124a4287d1,manual,bound_free,12.0,1,0,0
pa4otMbVnkk-44,pa4otMbVnkk_f6005da79d2c43ba820db8124a4287d1,manual,top_fixed,3.0,1,0,0
pa4otMbVnkk-44,pa4otMbVnkk_f6005da79d2c43ba820db8124a4287d1,manual,top_fixed,6.0,1,0,0
pa4otMbVnkk-44,pa4otMbVnkk_f6005da79d2c43ba820db8124a4287d1,manual,top_fixed,9.0,1,0,0
pa4otMbVnkk-44,pa4otMbVnkk_f6005da79d2c43ba820db8124a4287d1,manual,top_fixed,12.0,1,0,0
pa4otMbVnkk-44,pa4otMbVnkk_f6005da79d2c43ba820db8124a4287d1,manual,bottom_fixed,3.0,1,0,0
pa4otMbVnkk-44,pa4otMbVnkk_f6005da79d2c43ba820db8124a4287d1,manual,bottom_fixed,6.0,1,0,0
pa4otMbVnkk-44,pa4otMbVnkk_f6005da79d2c43ba820db8124a4287d1,manual,bottom_fixed,9.0,1,0,0
pa4otMbVnkk-44,pa4otMbVnkk_f6005da79d2c43ba820db8124a4287d1,manual,bottom_fixed,12.0,1,0,0
pa4otMbVnkk-48,pa4otMbVnkk_fc4ee7e59f32491d9817b3a9a5b5e9b1,manual,count_only,0.0,1,0,0
pa4otMbVnkk-48,pa4otMbVnkk_fc4ee7e59f32491d9817b3a9a5b5e9b1,manual,split_fixed,3.0,1,0,0
pa4otMbVnkk-48,pa4otMbVnkk_fc4ee7e59f32491d9817b3a9a5b5e9b1,manual,split_fixed,6.0,1,0,0
pa4otMbVnkk-48,pa4otMbVnkk_fc4ee7e59f32491d9817b3a9a5b5e9b1,manual,split_fixed,9.0,1,0,0
pa4otMbVnkk-48,pa4otMbVnkk_fc4ee7e59f32491d9817b3a9a5b5e9b1,manual,split_fixed,12.0,1,0,0
pa4otMbVnkk-48,pa4otMbVnkk_fc4ee7e59f32491d9817b3a9a5b5e9b1,manual,bound_fixed,3.0,1,0,0
pa4otMbVnkk-48,pa4otMbVnkk_fc4ee7e59f32491d9817b3a9a5b5e9b1,manual,bound_fixed,6.0,1,0,0
pa4otMbVnkk-48,pa4otMbVnkk_fc4ee7e59f32491d9817b3a9a5b5e9b1,manual,bound_fixed,9.0,1,0,0
pa4otMbVnkk-48,pa4otMbVnkk_fc4ee7e59f32491d9817b3a9a5b5e9b1,manual,bound_fixed,12.0,1,0,0
pa4otMbVnkk-48,pa4otMbVnkk_fc4ee7e59f32491d9817b3a9a5b5e9b1,manual,split_cyclic,3.0,1,0,0
pa4otMbVnkk-48,pa4otMbVnkk_fc4ee7e59f32491d9817b3a9a5b5e9b1,manual,split_cyclic,6.0,1,0,0
pa4otMbVnkk-48,pa4otMbVnkk_fc4ee7e59f32491d9817b3a9a5b5e9b1,manual,split_cyclic,9.0,1,0,0
pa4otMbVnkk-48,pa4otMbVnkk_fc4ee7e59f32491d9817b3a9a5b5e9b1,manual,split_cyclic,12.0,1,0,0
pa4otMbVnkk-48,pa4otMbVnkk_fc4ee7e59f32491d9817b3a9a5b5e9b1,manual,bound_cyclic,3.0,1,0,0
pa4otMbVnkk-48,pa4otMbVnkk_fc4ee7e59f32491d9817b3a9a5b5e9b1,manual,bound_cyclic,6.0,1,0,0
pa4otMbVnkk-48,pa4otMbVnkk_fc4ee7e59f32491d9817b3a9a5b5e9b1,manual,bound_cyclic,9.0,1,0,0
pa4otMbVnkk-48,pa4otMbVnkk_fc4ee7e59f32491d9817b3a9a5b5e9b1,manual,bound_cyclic,12.0,1,0,0
pa4otMbVnkk-48,pa4otMbVnkk_fc4ee7e59f32491d9817b3a9a5b5e9b1,manual,split_free,3.0,1,0,0
pa4otMbVnkk-48,pa4otMbVnkk_fc4ee7e59f32491d9817b3a9a5b5e9b1,manual,split_free,6.0,1,0,0
pa4otMbVnkk-48,pa4otMbVnkk_fc4ee7e59f32491d9817b3a9a5b5e9b1,manual,split_free,9.0,1,0,0
pa4otMbVnkk-48,pa4otMbVnkk_fc4ee7e59f32491d9817b3a9a5b5e9b1,manual,split_free,12.0,1,0,0
pa4otMbVnkk-48,pa4otMbVnkk_fc4ee7e59f32491d9817b3a9a5b5e9b1,manual,bound_free,3.0,1,0,0
pa4otMbVnkk-48,pa4otMbVnkk_fc4ee7e59f32491d9817b3a9a5b5e9b1,manual,bound_free,6.0,1,0,0
pa4otMbVnkk-48,pa4otMbVnkk_fc4ee7e59f32491d9817b3a9a5b5e9b1,manual,bound_free,9.0,1,0,0
pa4otMbVnkk-48,pa4otMbVnkk_fc4ee7e59f32491d9817b3a9a5b5e9b1,manual,bound_free,12.0,1,0,0
pa4otMbVnkk-48,pa4otMbVnkk_fc4ee7e59f32491d9817b3a9a5b5e9b1,manual,top_fixed,3.0,1,0,0
pa4otMbVnkk-48,pa4otMbVnkk_fc4ee7e59f32491d9817b3a9a5b5e9b1,manual,top_fixed,6.0,1,0,0
pa4otMbVnkk-48,pa4otMbVnkk_fc4ee7e59f32491d9817b3a9a5b5e9b1,manual,top_fixed,9.0,1,0,0
pa4otMbVnkk-48,pa4otMbVnkk_fc4ee7e59f32491d9817b3a9a5b5e9b1,manual,top_fixed,12.0,1,0,0
pa4otMbVnkk-48,pa4otMbVnkk_fc4ee7e59f32491d9817b3a9a5b5e9b1,manual,bottom_fixed,3.0,1,0,0
pa4otMbVnkk-48,pa4otMbVnkk_fc4ee7e59f32491d9817b3a9a5b5e9b1,manual,bottom_fixed,6.0,1,0,0
pa4otMbVnkk-48,pa4otMbVnkk_fc4ee7e59f32491d9817b3a9a5b5e9b1,manual,bottom_fixed,9.0,1,0,0
pa4otMbVnkk-48,pa4otMbVnkk_fc4ee7e59f32491d9817b3a9a5b5e9b1,manual,bottom_fixed,12.0,1,0,0
q9vSo1VnCiC-01,q9vSo1VnCiC_1cd414875b9b4311bc6a179d91e6270d,manual,count_only,0.0,5,10,0
q9vSo1VnCiC-01,q9vSo1VnCiC_1cd414875b9b4311bc6a179d91e6270d,manual,split_fixed,3.0,5,1,0
q9vSo1VnCiC-01,q9vSo1VnCiC_1cd414875b9b4311bc6a179d91e6270d,manual,split_fixed,6.0,5,6,3
q9vSo1VnCiC-01,q9vSo1VnCiC_1cd414875b9b4311bc6a179d91e6270d,manual,split_fixed,9.0,5,10,0
q9vSo1VnCiC-01,q9vSo1VnCiC_1cd414875b9b4311bc6a179d91e6270d,manual,split_fixed,12.0,5,10,0
q9vSo1VnCiC-01,q9vSo1VnCiC_1cd414875b9b4311bc6a179d91e6270d,manual,bound_fixed,3.0,5,1,0
q9vSo1VnCiC-01,q9vSo1VnCiC_1cd414875b9b4311bc6a179d91e6270d,manual,bound_fixed,6.0,5,6,3
q9vSo1VnCiC-01,q9vSo1VnCiC_1cd414875b9b4311bc6a179d91e6270d,manual,bound_fixed,9.0,5,10,0
q9vSo1VnCiC-01,q9vSo1VnCiC_1cd414875b9b4311bc6a179d91e6270d,manual,bound_fixed,12.0,5,10,0
q9vSo1VnCiC-01,q9vSo1VnCiC_1cd414875b9b4311bc6a179d91e6270d,manual,split_cyclic,3.0,5,1,0
q9vSo1VnCiC-01,q9vSo1VnCiC_1cd414875b9b4311bc6a179d91e6270d,manual,split_cyclic,6.0,5,6,3
q9vSo1VnCiC-01,q9vSo1VnCiC_1cd414875b9b4311bc6a179d91e6270d,manual,split_cyclic,9.0,5,10,0
q9vSo1VnCiC-01,q9vSo1VnCiC_1cd414875b9b4311bc6a179d91e6270d,manual,split_cyclic,12.0,5,10,0
q9vSo1VnCiC-01,q9vSo1VnCiC_1cd414875b9b4311bc6a179d91e6270d,manual,bound_cyclic,3.0,5,1,0
q9vSo1VnCiC-01,q9vSo1VnCiC_1cd414875b9b4311bc6a179d91e6270d,manual,bound_cyclic,6.0,5,6,3
q9vSo1VnCiC-01,q9vSo1VnCiC_1cd414875b9b4311bc6a179d91e6270d,manual,bound_cyclic,9.0,5,10,0
q9vSo1VnCiC-01,q9vSo1VnCiC_1cd414875b9b4311bc6a179d91e6270d,manual,bound_cyclic,12.0,5,10,0
q9vSo1VnCiC-01,q9vSo1VnCiC_1cd414875b9b4311bc6a179d91e6270d,manual,split_free,3.0,5,1,0
q9vSo1VnCiC-01,q9vSo1VnCiC_1cd414875b9b4311bc6a179d91e6270d,manual,split_free,6.0,5,6,3
q9vSo1VnCiC-01,q9vSo1VnCiC_1cd414875b9b4311bc6a179d91e6270d,manual,split_free,9.0,5,10,0
q9vSo1VnCiC-01,q9vSo1VnCiC_1cd414875b9b4311bc6a179d91e6270d,manual,split_free,12.0,5,10,0
q9vSo1VnCiC-01,q9vSo1VnCiC_1cd414875b9b4311bc6a179d91e6270d,manual,bound_free,3.0,5,1,0
q9vSo1VnCiC-01,q9vSo1VnCiC_1cd414875b9b4311bc6a179d91e6270d,manual,bound_free,6.0,5,6,3
q9vSo1VnCiC-01,q9vSo1VnCiC_1cd414875b9b4311bc6a179d91e6270d,manual,bound_free,9.0,5,10,0
q9vSo1VnCiC-01,q9vSo1VnCiC_1cd414875b9b4311bc6a179d91e6270d,manual,bound_free,12.0,5,10,0
q9vSo1VnCiC-01,q9vSo1VnCiC_1cd414875b9b4311bc6a179d91e6270d,manual,top_fixed,3.0,5,3,0
q9vSo1VnCiC-01,q9vSo1VnCiC_1cd414875b9b4311bc6a179d91e6270d,manual,top_fixed,6.0,5,9,3
q9vSo1VnCiC-01,q9vSo1VnCiC_1cd414875b9b4311bc6a179d91e6270d,manual,top_fixed,9.0,5,10,0
q9vSo1VnCiC-01,q9vSo1VnCiC_1cd414875b9b4311bc6a179d91e6270d,manual,top_fixed,12.0,5,10,0
q9vSo1VnCiC-01,q9vSo1VnCiC_1cd414875b9b4311bc6a179d91e6270d,manual,bottom_fixed,3.0,5,1,0
q9vSo1VnCiC-01,q9vSo1VnCiC_1cd414875b9b4311bc6a179d91e6270d,manual,bottom_fixed,6.0,5,6,3
q9vSo1VnCiC-01,q9vSo1VnCiC_1cd414875b9b4311bc6a179d91e6270d,manual,bottom_fixed,9.0,5,10,0
q9vSo1VnCiC-01,q9vSo1VnCiC_1cd414875b9b4311bc6a179d91e6270d,manual,bottom_fixed,12.0,5,10,0
q9vSo1VnCiC-01,q9vSo1VnCiC_1cd414875b9b4311bc6a179d91e6270d,semi,count_only,0.0,4,0,0
q9vSo1VnCiC-01,q9vSo1VnCiC_1cd414875b9b4311bc6a179d91e6270d,semi,split_fixed,3.0,4,0,0
q9vSo1VnCiC-01,q9vSo1VnCiC_1cd414875b9b4311bc6a179d91e6270d,semi,split_fixed,6.0,4,0,0
q9vSo1VnCiC-01,q9vSo1VnCiC_1cd414875b9b4311bc6a179d91e6270d,semi,split_fixed,9.0,4,0,0
q9vSo1VnCiC-01,q9vSo1VnCiC_1cd414875b9b4311bc6a179d91e6270d,semi,split_fixed,12.0,4,0,0
q9vSo1VnCiC-01,q9vSo1VnCiC_1cd414875b9b4311bc6a179d91e6270d,semi,bound_fixed,3.0,4,0,0
q9vSo1VnCiC-01,q9vSo1VnCiC_1cd414875b9b4311bc6a179d91e6270d,semi,bound_fixed,6.0,4,0,0
q9vSo1VnCiC-01,q9vSo1VnCiC_1cd414875b9b4311bc6a179d91e6270d,semi,bound_fixed,9.0,4,0,0
q9vSo1VnCiC-01,q9vSo1VnCiC_1cd414875b9b4311bc6a179d91e6270d,semi,bound_fixed,12.0,4,0,0
q9vSo1VnCiC-01,q9vSo1VnCiC_1cd414875b9b4311bc6a179d91e6270d,semi,split_cyclic,3.0,4,0,0
q9vSo1VnCiC-01,q9vSo1VnCiC_1cd414875b9b4311bc6a179d91e6270d,semi,split_cyclic,6.0,4,0,0
q9vSo1VnCiC-01,q9vSo1VnCiC_1cd414875b9b4311bc6a179d91e6270d,semi,split_cyclic,9.0,4,0,0
q9vSo1VnCiC-01,q9vSo1VnCiC_1cd414875b9b4311bc6a179d91e6270d,semi,split_cyclic,12.0,4,0,0
q9vSo1VnCiC-01,q9vSo1VnCiC_1cd414875b9b4311bc6a179d91e6270d,semi,bound_cyclic,3.0,4,0,0
q9vSo1VnCiC-01,q9vSo1VnCiC_1cd414875b9b4311bc6a179d91e6270d,semi,bound_cyclic,6.0,4,0,0
q9vSo1VnCiC-01,q9vSo1VnCiC_1cd414875b9b4311bc6a179d91e6270d,semi,bound_cyclic,9.0,4,0,0
q9vSo1VnCiC-01,q9vSo1VnCiC_1cd414875b9b4311bc6a179d91e6270d,semi,bound_cyclic,12.0,4,0,0
q9vSo1VnCiC-01,q9vSo1VnCiC_1cd414875b9b4311bc6a179d91e6270d,semi,split_free,3.0,4,0,0
q9vSo1VnCiC-01,q9vSo1VnCiC_1cd414875b9b4311bc6a179d91e6270d,semi,split_free,6.0,4,0,0
q9vSo1VnCiC-01,q9vSo1VnCiC_1cd414875b9b4311bc6a179d91e6270d,semi,split_free,9.0,4,0,0
q9vSo1VnCiC-01,q9vSo1VnCiC_1cd414875b9b4311bc6a179d91e6270d,semi,split_free,12.0,4,0,0
q9vSo1VnCiC-01,q9vSo1VnCiC_1cd414875b9b4311bc6a179d91e6270d,semi,bound_free,3.0,4,0,0
q9vSo1VnCiC-01,q9vSo1VnCiC_1cd414875b9b4311bc6a179d91e6270d,semi,bound_free,6.0,4,0,0
q9vSo1VnCiC-01,q9vSo1VnCiC_1cd414875b9b4311bc6a179d91e6270d,semi,bound_free,9.0,4,0,0
q9vSo1VnCiC-01,q9vSo1VnCiC_1cd414875b9b4311bc6a179d91e6270d,semi,bound_free,12.0,4,0,0
q9vSo1VnCiC-01,q9vSo1VnCiC_1cd414875b9b4311bc6a179d91e6270d,semi,top_fixed,3.0,4,0,0
q9vSo1VnCiC-01,q9vSo1VnCiC_1cd414875b9b4311bc6a179d91e6270d,semi,top_fixed,6.0,4,0,0
q9vSo1VnCiC-01,q9vSo1VnCiC_1cd414875b9b4311bc6a179d91e6270d,semi,top_fixed,9.0,4,0,0
q9vSo1VnCiC-01,q9vSo1VnCiC_1cd414875b9b4311bc6a179d91e6270d,semi,top_fixed,12.0,4,0,0
q9vSo1VnCiC-01,q9vSo1VnCiC_1cd414875b9b4311bc6a179d91e6270d,semi,bottom_fixed,3.0,4,0,0
q9vSo1VnCiC-01,q9vSo1VnCiC_1cd414875b9b4311bc6a179d91e6270d,semi,bottom_fixed,6.0,4,0,0
q9vSo1VnCiC-01,q9vSo1VnCiC_1cd414875b9b4311bc6a179d91e6270d,semi,bottom_fixed,9.0,4,0,0
q9vSo1VnCiC-01,q9vSo1VnCiC_1cd414875b9b4311bc6a179d91e6270d,semi,bottom_fixed,12.0,4,0,0
q9vSo1VnCiC-02,q9vSo1VnCiC_2a8ef249ec0e4ad5bfe138a65f50964e,manual,count_only,0.0,24,276,0
q9vSo1VnCiC-02,q9vSo1VnCiC_2a8ef249ec0e4ad5bfe138a65f50964e,manual,split_fixed,3.0,24,50,33
q9vSo1VnCiC-02,q9vSo1VnCiC_2a8ef249ec0e4ad5bfe138a65f50964e,manual,split_fixed,6.0,24,224,156
q9vSo1VnCiC-02,q9vSo1VnCiC_2a8ef249ec0e4ad5bfe138a65f50964e,manual,split_fixed,9.0,24,275,22
q9vSo1VnCiC-02,q9vSo1VnCiC_2a8ef249ec0e4ad5bfe138a65f50964e,manual,split_fixed,12.0,24,276,0
q9vSo1VnCiC-02,q9vSo1VnCiC_2a8ef249ec0e4ad5bfe138a65f50964e,manual,bound_fixed,3.0,24,50,33
q9vSo1VnCiC-02,q9vSo1VnCiC_2a8ef249ec0e4ad5bfe138a65f50964e,manual,bound_fixed,6.0,24,224,156
q9vSo1VnCiC-02,q9vSo1VnCiC_2a8ef249ec0e4ad5bfe138a65f50964e,manual,bound_fixed,9.0,24,275,22
q9vSo1VnCiC-02,q9vSo1VnCiC_2a8ef249ec0e4ad5bfe138a65f50964e,manual,bound_fixed,12.0,24,276,0
q9vSo1VnCiC-02,q9vSo1VnCiC_2a8ef249ec0e4ad5bfe138a65f50964e,manual,split_cyclic,3.0,24,50,33
q9vSo1VnCiC-02,q9vSo1VnCiC_2a8ef249ec0e4ad5bfe138a65f50964e,manual,split_cyclic,6.0,24,224,156
q9vSo1VnCiC-02,q9vSo1VnCiC_2a8ef249ec0e4ad5bfe138a65f50964e,manual,split_cyclic,9.0,24,275,22
q9vSo1VnCiC-02,q9vSo1VnCiC_2a8ef249ec0e4ad5bfe138a65f50964e,manual,split_cyclic,12.0,24,276,0
q9vSo1VnCiC-02,q9vSo1VnCiC_2a8ef249ec0e4ad5bfe138a65f50964e,manual,bound_cyclic,3.0,24,50,33
q9vSo1VnCiC-02,q9vSo1VnCiC_2a8ef249ec0e4ad5bfe138a65f50964e,manual,bound_cyclic,6.0,24,224,156
q9vSo1VnCiC-02,q9vSo1VnCiC_2a8ef249ec0e4ad5bfe138a65f50964e,manual,bound_cyclic,9.0,24,275,22
q9vSo1VnCiC-02,q9vSo1VnCiC_2a8ef249ec0e4ad5bfe138a65f50964e,manual,bound_cyclic,12.0,24,276,0
q9vSo1VnCiC-02,q9vSo1VnCiC_2a8ef249ec0e4ad5bfe138a65f50964e,manual,split_free,3.0,24,50,33
q9vSo1VnCiC-02,q9vSo1VnCiC_2a8ef249ec0e4ad5bfe138a65f50964e,manual,split_free,6.0,24,224,156
q9vSo1VnCiC-02,q9vSo1VnCiC_2a8ef249ec0e4ad5bfe138a65f50964e,manual,split_free,9.0,24,275,22
q9vSo1VnCiC-02,q9vSo1VnCiC_2a8ef249ec0e4ad5bfe138a65f50964e,manual,split_free,12.0,24,276,0
q9vSo1VnCiC-02,q9vSo1VnCiC_2a8ef249ec0e4ad5bfe138a65f50964e,manual,bound_free,3.0,24,50,33
q9vSo1VnCiC-02,q9vSo1VnCiC_2a8ef249ec0e4ad5bfe138a65f50964e,manual,bound_free,6.0,24,224,156
q9vSo1VnCiC-02,q9vSo1VnCiC_2a8ef249ec0e4ad5bfe138a65f50964e,manual,bound_free,9.0,24,275,22
q9vSo1VnCiC-02,q9vSo1VnCiC_2a8ef249ec0e4ad5bfe138a65f50964e,manual,bound_free,12.0,24,276,0
q9vSo1VnCiC-02,q9vSo1VnCiC_2a8ef249ec0e4ad5bfe138a65f50964e,manual,top_fixed,3.0,24,141,96
q9vSo1VnCiC-02,q9vSo1VnCiC_2a8ef249ec0e4ad5bfe138a65f50964e,manual,top_fixed,6.0,24,248,97
q9vSo1VnCiC-02,q9vSo1VnCiC_2a8ef249ec0e4ad5bfe138a65f50964e,manual,top_fixed,9.0,24,275,22
q9vSo1VnCiC-02,q9vSo1VnCiC_2a8ef249ec0e4ad5bfe138a65f50964e,manual,top_fixed,12.0,24,276,0
q9vSo1VnCiC-02,q9vSo1VnCiC_2a8ef249ec0e4ad5bfe138a65f50964e,manual,bottom_fixed,3.0,24,72,37
q9vSo1VnCiC-02,q9vSo1VnCiC_2a8ef249ec0e4ad5bfe138a65f50964e,manual,bottom_fixed,6.0,24,248,160
q9vSo1VnCiC-02,q9vSo1VnCiC_2a8ef249ec0e4ad5bfe138a65f50964e,manual,bottom_fixed,9.0,24,276,0
q9vSo1VnCiC-02,q9vSo1VnCiC_2a8ef249ec0e4ad5bfe138a65f50964e,manual,bottom_fixed,12.0,24,276,0
q9vSo1VnCiC-03,q9vSo1VnCiC_3e5aacbc10904d4b88660a3cb91efcb9,manual,count_only,0.0,5,6,0
q9vSo1VnCiC-03,q9vSo1VnCiC_3e5aacbc10904d4b88660a3cb91efcb9,manual,split_fixed,3.0,5,0,0
q9vSo1VnCiC-03,q9vSo1VnCiC_3e5aacbc10904d4b88660a3cb91efcb9,manual,split_fixed,6.0,5,2,1
q9vSo1VnCiC-03,q9vSo1VnCiC_3e5aacbc10904d4b88660a3cb91efcb9,manual,split_fixed,9.0,5,2,1
q9vSo1VnCiC-03,q9vSo1VnCiC_3e5aacbc10904d4b88660a3cb91efcb9,manual,split_fixed,12.0,5,3,0
q9vSo1VnCiC-03,q9vSo1VnCiC_3e5aacbc10904d4b88660a3cb91efcb9,manual,bound_fixed,3.0,5,0,0
q9vSo1VnCiC-03,q9vSo1VnCiC_3e5aacbc10904d4b88660a3cb91efcb9,manual,bound_fixed,6.0,5,2,1
q9vSo1VnCiC-03,q9vSo1VnCiC_3e5aacbc10904d4b88660a3cb91efcb9,manual,bound_fixed,9.0,5,2,1
q9vSo1VnCiC-03,q9vSo1VnCiC_3e5aacbc10904d4b88660a3cb91efcb9,manual,bound_fixed,12.0,5,3,0
q9vSo1VnCiC-03,q9vSo1VnCiC_3e5aacbc10904d4b88660a3cb91efcb9,manual,split_cyclic,3.0,5,0,0
q9vSo1VnCiC-03,q9vSo1VnCiC_3e5aacbc10904d4b88660a3cb91efcb9,manual,split_cyclic,6.0,5,2,1
q9vSo1VnCiC-03,q9vSo1VnCiC_3e5aacbc10904d4b88660a3cb91efcb9,manual,split_cyclic,9.0,5,2,1
q9vSo1VnCiC-03,q9vSo1VnCiC_3e5aacbc10904d4b88660a3cb91efcb9,manual,split_cyclic,12.0,5,3,0
q9vSo1VnCiC-03,q9vSo1VnCiC_3e5aacbc10904d4b88660a3cb91efcb9,manual,bound_cyclic,3.0,5,0,0
q9vSo1VnCiC-03,q9vSo1VnCiC_3e5aacbc10904d4b88660a3cb91efcb9,manual,bound_cyclic,6.0,5,2,1
q9vSo1VnCiC-03,q9vSo1VnCiC_3e5aacbc10904d4b88660a3cb91efcb9,manual,bound_cyclic,9.0,5,2,1
q9vSo1VnCiC-03,q9vSo1VnCiC_3e5aacbc10904d4b88660a3cb91efcb9,manual,bound_cyclic,12.0,5,3,0
q9vSo1VnCiC-03,q9vSo1VnCiC_3e5aacbc10904d4b88660a3cb91efcb9,manual,split_free,3.0,5,0,0
q9vSo1VnCiC-03,q9vSo1VnCiC_3e5aacbc10904d4b88660a3cb91efcb9,manual,split_free,6.0,5,2,1
q9vSo1VnCiC-03,q9vSo1VnCiC_3e5aacbc10904d4b88660a3cb91efcb9,manual,split_free,9.0,5,2,1
q9vSo1VnCiC-03,q9vSo1VnCiC_3e5aacbc10904d4b88660a3cb91efcb9,manual,split_free,12.0,5,3,0
q9vSo1VnCiC-03,q9vSo1VnCiC_3e5aacbc10904d4b88660a3cb91efcb9,manual,bound_free,3.0,5,0,0
q9vSo1VnCiC-03,q9vSo1VnCiC_3e5aacbc10904d4b88660a3cb91efcb9,manual,bound_free,6.0,5,2,1
q9vSo1VnCiC-03,q9vSo1VnCiC_3e5aacbc10904d4b88660a3cb91efcb9,manual,bound_free,9.0,5,2,1
q9vSo1VnCiC-03,q9vSo1VnCiC_3e5aacbc10904d4b88660a3cb91efcb9,manual,bound_free,12.0,5,3,0
q9vSo1VnCiC-03,q9vSo1VnCiC_3e5aacbc10904d4b88660a3cb91efcb9,manual,top_fixed,3.0,5,1,0
q9vSo1VnCiC-03,q9vSo1VnCiC_3e5aacbc10904d4b88660a3cb91efcb9,manual,top_fixed,6.0,5,3,0
q9vSo1VnCiC-03,q9vSo1VnCiC_3e5aacbc10904d4b88660a3cb91efcb9,manual,top_fixed,9.0,5,3,0
q9vSo1VnCiC-03,q9vSo1VnCiC_3e5aacbc10904d4b88660a3cb91efcb9,manual,top_fixed,12.0,5,3,0
q9vSo1VnCiC-03,q9vSo1VnCiC_3e5aacbc10904d4b88660a3cb91efcb9,manual,bottom_fixed,3.0,5,0,0
q9vSo1VnCiC-03,q9vSo1VnCiC_3e5aacbc10904d4b88660a3cb91efcb9,manual,bottom_fixed,6.0,5,2,1
q9vSo1VnCiC-03,q9vSo1VnCiC_3e5aacbc10904d4b88660a3cb91efcb9,manual,bottom_fixed,9.0,5,2,1
q9vSo1VnCiC-03,q9vSo1VnCiC_3e5aacbc10904d4b88660a3cb91efcb9,manual,bottom_fixed,12.0,5,3,0
q9vSo1VnCiC-04,q9vSo1VnCiC_3e7f67e8969f434b9a4aec0c68668b20,manual,count_only,0.0,3,0,0
q9vSo1VnCiC-04,q9vSo1VnCiC_3e7f67e8969f434b9a4aec0c68668b20,manual,split_fixed,3.0,3,0,0
q9vSo1VnCiC-04,q9vSo1VnCiC_3e7f67e8969f434b9a4aec0c68668b20,manual,split_fixed,6.0,3,0,0
q9vSo1VnCiC-04,q9vSo1VnCiC_3e7f67e8969f434b9a4aec0c68668b20,manual,split_fixed,9.0,3,0,0
q9vSo1VnCiC-04,q9vSo1VnCiC_3e7f67e8969f434b9a4aec0c68668b20,manual,split_fixed,12.0,3,0,0
q9vSo1VnCiC-04,q9vSo1VnCiC_3e7f67e8969f434b9a4aec0c68668b20,manual,bound_fixed,3.0,3,0,0
q9vSo1VnCiC-04,q9vSo1VnCiC_3e7f67e8969f434b9a4aec0c68668b20,manual,bound_fixed,6.0,3,0,0
q9vSo1VnCiC-04,q9vSo1VnCiC_3e7f67e8969f434b9a4aec0c68668b20,manual,bound_fixed,9.0,3,0,0
q9vSo1VnCiC-04,q9vSo1VnCiC_3e7f67e8969f434b9a4aec0c68668b20,manual,bound_fixed,12.0,3,0,0
q9vSo1VnCiC-04,q9vSo1VnCiC_3e7f67e8969f434b9a4aec0c68668b20,manual,split_cyclic,3.0,3,0,0
q9vSo1VnCiC-04,q9vSo1VnCiC_3e7f67e8969f434b9a4aec0c68668b20,manual,split_cyclic,6.0,3,0,0
q9vSo1VnCiC-04,q9vSo1VnCiC_3e7f67e8969f434b9a4aec0c68668b20,manual,split_cyclic,9.0,3,0,0
q9vSo1VnCiC-04,q9vSo1VnCiC_3e7f67e8969f434b9a4aec0c68668b20,manual,split_cyclic,12.0,3,0,0
q9vSo1VnCiC-04,q9vSo1VnCiC_3e7f67e8969f434b9a4aec0c68668b20,manual,bound_cyclic,3.0,3,0,0
q9vSo1VnCiC-04,q9vSo1VnCiC_3e7f67e8969f434b9a4aec0c68668b20,manual,bound_cyclic,6.0,3,0,0
q9vSo1VnCiC-04,q9vSo1VnCiC_3e7f67e8969f434b9a4aec0c68668b20,manual,bound_cyclic,9.0,3,0,0
q9vSo1VnCiC-04,q9vSo1VnCiC_3e7f67e8969f434b9a4aec0c68668b20,manual,bound_cyclic,12.0,3,0,0
q9vSo1VnCiC-04,q9vSo1VnCiC_3e7f67e8969f434b9a4aec0c68668b20,manual,split_free,3.0,3,0,0
q9vSo1VnCiC-04,q9vSo1VnCiC_3e7f67e8969f434b9a4aec0c68668b20,manual,split_free,6.0,3,0,0
q9vSo1VnCiC-04,q9vSo1VnCiC_3e7f67e8969f434b9a4aec0c68668b20,manual,split_free,9.0,3,0,0
q9vSo1VnCiC-04,q9vSo1VnCiC_3e7f67e8969f434b9a4aec0c68668b20,manual,split_free,12.0,3,0,0
q9vSo1VnCiC-04,q9vSo1VnCiC_3e7f67e8969f434b9a4aec0c68668b20,manual,bound_free,3.0,3,0,0
q9vSo1VnCiC-04,q9vSo1VnCiC_3e7f67e8969f434b9a4aec0c68668b20,manual,bound_free,6.0,3,0,0
q9vSo1VnCiC-04,q9vSo1VnCiC_3e7f67e8969f434b9a4aec0c68668b20,manual,bound_free,9.0,3,0,0
q9vSo1VnCiC-04,q9vSo1VnCiC_3e7f67e8969f434b9a4aec0c68668b20,manual,bound_free,12.0,3,0,0
q9vSo1VnCiC-04,q9vSo1VnCiC_3e7f67e8969f434b9a4aec0c68668b20,manual,top_fixed,3.0,3,0,0
q9vSo1VnCiC-04,q9vSo1VnCiC_3e7f67e8969f434b9a4aec0c68668b20,manual,top_fixed,6.0,3,0,0
q9vSo1VnCiC-04,q9vSo1VnCiC_3e7f67e8969f434b9a4aec0c68668b20,manual,top_fixed,9.0,3,0,0
q9vSo1VnCiC-04,q9vSo1VnCiC_3e7f67e8969f434b9a4aec0c68668b20,manual,top_fixed,12.0,3,0,0
q9vSo1VnCiC-04,q9vSo1VnCiC_3e7f67e8969f434b9a4aec0c68668b20,manual,bottom_fixed,3.0,3,0,0
q9vSo1VnCiC-04,q9vSo1VnCiC_3e7f67e8969f434b9a4aec0c68668b20,manual,bottom_fixed,6.0,3,0,0
q9vSo1VnCiC-04,q9vSo1VnCiC_3e7f67e8969f434b9a4aec0c68668b20,manual,bottom_fixed,9.0,3,0,0
q9vSo1VnCiC-04,q9vSo1VnCiC_3e7f67e8969f434b9a4aec0c68668b20,manual,bottom_fixed,12.0,3,0,0
q9vSo1VnCiC-09,q9vSo1VnCiC_69591068e5614642b710a8fb7733bdeb,oos,count_only,0.0,24,154,0
q9vSo1VnCiC-09,q9vSo1VnCiC_69591068e5614642b710a8fb7733bdeb,oos,split_fixed,3.0,24,5,0
q9vSo1VnCiC-09,q9vSo1VnCiC_69591068e5614642b710a8fb7733bdeb,oos,split_fixed,6.0,24,57,21
q9vSo1VnCiC-09,q9vSo1VnCiC_69591068e5614642b710a8fb7733bdeb,oos,split_fixed,9.0,24,105,47
q9vSo1VnCiC-09,q9vSo1VnCiC_69591068e5614642b710a8fb7733bdeb,oos,split_fixed,12.0,24,121,62
q9vSo1VnCiC-09,q9vSo1VnCiC_69591068e5614642b710a8fb7733bdeb,oos,bound_fixed,3.0,24,5,0
q9vSo1VnCiC-09,q9vSo1VnCiC_69591068e5614642b710a8fb7733bdeb,oos,bound_fixed,6.0,24,57,21
q9vSo1VnCiC-09,q9vSo1VnCiC_69591068e5614642b710a8fb7733bdeb,oos,bound_fixed,9.0,24,105,47
q9vSo1VnCiC-09,q9vSo1VnCiC_69591068e5614642b710a8fb7733bdeb,oos,bound_fixed,12.0,24,121,62
q9vSo1VnCiC-09,q9vSo1VnCiC_69591068e5614642b710a8fb7733bdeb,oos,split_cyclic,3.0,24,5,0
q9vSo1VnCiC-09,q9vSo1VnCiC_69591068e5614642b710a8fb7733bdeb,oos,split_cyclic,6.0,24,57,21
q9vSo1VnCiC-09,q9vSo1VnCiC_69591068e5614642b710a8fb7733bdeb,oos,split_cyclic,9.0,24,105,47
q9vSo1VnCiC-09,q9vSo1VnCiC_69591068e5614642b710a8fb7733bdeb,oos,split_cyclic,12.0,24,121,62
q9vSo1VnCiC-09,q9vSo1VnCiC_69591068e5614642b710a8fb7733bdeb,oos,bound_cyclic,3.0,24,5,0
q9vSo1VnCiC-09,q9vSo1VnCiC_69591068e5614642b710a8fb7733bdeb,oos,bound_cyclic,6.0,24,57,21
q9vSo1VnCiC-09,q9vSo1VnCiC_69591068e5614642b710a8fb7733bdeb,oos,bound_cyclic,9.0,24,105,47
q9vSo1VnCiC-09,q9vSo1VnCiC_69591068e5614642b710a8fb7733bdeb,oos,bound_cyclic,12.0,24,121,62
q9vSo1VnCiC-09,q9vSo1VnCiC_69591068e5614642b710a8fb7733bdeb,oos,split_free,3.0,24,5,0
q9vSo1VnCiC-09,q9vSo1VnCiC_69591068e5614642b710a8fb7733bdeb,oos,split_free,6.0,24,57,21
q9vSo1VnCiC-09,q9vSo1VnCiC_69591068e5614642b710a8fb7733bdeb,oos,split_free,9.0,24,105,47
q9vSo1VnCiC-09,q9vSo1VnCiC_69591068e5614642b710a8fb7733bdeb,oos,split_free,12.0,24,121,62
q9vSo1VnCiC-09,q9vSo1VnCiC_69591068e5614642b710a8fb7733bdeb,oos,bound_free,3.0,24,5,0
q9vSo1VnCiC-09,q9vSo1VnCiC_69591068e5614642b710a8fb7733bdeb,oos,bound_free,6.0,24,57,21
q9vSo1VnCiC-09,q9vSo1VnCiC_69591068e5614642b710a8fb7733bdeb,oos,bound_free,9.0,24,105,47
q9vSo1VnCiC-09,q9vSo1VnCiC_69591068e5614642b710a8fb7733bdeb,oos,bound_free,12.0,24,121,62
q9vSo1VnCiC-09,q9vSo1VnCiC_69591068e5614642b710a8fb7733bdeb,oos,top_fixed,3.0,24,14,2
q9vSo1VnCiC-09,q9vSo1VnCiC_69591068e5614642b710a8fb7733bdeb,oos,top_fixed,6.0,24,64,27
q9vSo1VnCiC-09,q9vSo1VnCiC_69591068e5614642b710a8fb7733bdeb,oos,top_fixed,9.0,24,108,50
q9vSo1VnCiC-09,q9vSo1VnCiC_69591068e5614642b710a8fb7733bdeb,oos,top_fixed,12.0,24,121,63
q9vSo1VnCiC-09,q9vSo1VnCiC_69591068e5614642b710a8fb7733bdeb,oos,bottom_fixed,3.0,24,20,10
q9vSo1VnCiC-09,q9vSo1VnCiC_69591068e5614642b710a8fb7733bdeb,oos,bottom_fixed,6.0,24,91,39
q9vSo1VnCiC-09,q9vSo1VnCiC_69591068e5614642b710a8fb7733bdeb,oos,bottom_fixed,9.0,24,117,35
q9vSo1VnCiC-09,q9vSo1VnCiC_69591068e5614642b710a8fb7733bdeb,oos,bottom_fixed,12.0,24,122,0
q9vSo1VnCiC-11,q9vSo1VnCiC_830eb252ae01401a8fe55f9538e627dd,manual,count_only,0.0,5,10,0
q9vSo1VnCiC-11,q9vSo1VnCiC_830eb252ae01401a8fe55f9538e627dd,manual,split_fixed,3.0,5,3,0
q9vSo1VnCiC-11,q9vSo1VnCiC_830eb252ae01401a8fe55f9538e627dd,manual,split_fixed,6.0,5,9,3
q9vSo1VnCiC-11,q9vSo1VnCiC_830eb252ae01401a8fe55f9538e627dd,manual,split_fixed,9.0,5,10,0
q9vSo1VnCiC-11,q9vSo1VnCiC_830eb252ae01401a8fe55f9538e627dd,manual,split_fixed,12.0,5,10,0
q9vSo1VnCiC-11,q9vSo1VnCiC_830eb252ae01401a8fe55f9538e627dd,manual,bound_fixed,3.0,5,3,0
q9vSo1VnCiC-11,q9vSo1VnCiC_830eb252ae01401a8fe55f9538e627dd,manual,bound_fixed,6.0,5,9,3
q9vSo1VnCiC-11,q9vSo1VnCiC_830eb252ae01401a8fe55f9538e627dd,manual,bound_fixed,9.0,5,10,0
q9vSo1VnCiC-11,q9vSo1VnCiC_830eb252ae01401a8fe55f9538e627dd,manual,bound_fixed,12.0,5,10,0
q9vSo1VnCiC-11,q9vSo1VnCiC_830eb252ae01401a8fe55f9538e627dd,manual,split_cyclic,3.0,5,3,0
q9vSo1VnCiC-11,q9vSo1VnCiC_830eb252ae01401a8fe55f9538e627dd,manual,split_cyclic,6.0,5,9,3
q9vSo1VnCiC-11,q9vSo1VnCiC_830eb252ae01401a8fe55f9538e627dd,manual,split_cyclic,9.0,5,10,0
q9vSo1VnCiC-11,q9vSo1VnCiC_830eb252ae01401a8fe55f9538e627dd,manual,split_cyclic,12.0,5,10,0
q9vSo1VnCiC-11,q9vSo1VnCiC_830eb252ae01401a8fe55f9538e627dd,manual,bound_cyclic,3.0,5,3,0
q9vSo1VnCiC-11,q9vSo1VnCiC_830eb252ae01401a8fe55f9538e627dd,manual,bound_cyclic,6.0,5,9,3
q9vSo1VnCiC-11,q9vSo1VnCiC_830eb252ae01401a8fe55f9538e627dd,manual,bound_cyclic,9.0,5,10,0
q9vSo1VnCiC-11,q9vSo1VnCiC_830eb252ae01401a8fe55f9538e627dd,manual,bound_cyclic,12.0,5,10,0
q9vSo1VnCiC-11,q9vSo1VnCiC_830eb252ae01401a8fe55f9538e627dd,manual,split_free,3.0,5,3,0
q9vSo1VnCiC-11,q9vSo1VnCiC_830eb252ae01401a8fe55f9538e627dd,manual,split_free,6.0,5,9,3
q9vSo1VnCiC-11,q9vSo1VnCiC_830eb252ae01401a8fe55f9538e627dd,manual,split_free,9.0,5,10,0
q9vSo1VnCiC-11,q9vSo1VnCiC_830eb252ae01401a8fe55f9538e627dd,manual,split_free,12.0,5,10,0
q9vSo1VnCiC-11,q9vSo1VnCiC_830eb252ae01401a8fe55f9538e627dd,manual,bound_free,3.0,5,3,0
q9vSo1VnCiC-11,q9vSo1VnCiC_830eb252ae01401a8fe55f9538e627dd,manual,bound_free,6.0,5,9,3
q9vSo1VnCiC-11,q9vSo1VnCiC_830eb252ae01401a8fe55f9538e627dd,manual,bound_free,9.0,5,10,0
q9vSo1VnCiC-11,q9vSo1VnCiC_830eb252ae01401a8fe55f9538e627dd,manual,bound_free,12.0,5,10,0
q9vSo1VnCiC-11,q9vSo1VnCiC_830eb252ae01401a8fe55f9538e627dd,manual,top_fixed,3.0,5,3,0
q9vSo1VnCiC-11,q9vSo1VnCiC_830eb252ae01401a8fe55f9538e627dd,manual,top_fixed,6.0,5,10,0
q9vSo1VnCiC-11,q9vSo1VnCiC_830eb252ae01401a8fe55f9538e627dd,manual,top_fixed,9.0,5,10,0
q9vSo1VnCiC-11,q9vSo1VnCiC_830eb252ae01401a8fe55f9538e627dd,manual,top_fixed,12.0,5,10,0
q9vSo1VnCiC-11,q9vSo1VnCiC_830eb252ae01401a8fe55f9538e627dd,manual,bottom_fixed,3.0,5,5,2
q9vSo1VnCiC-11,q9vSo1VnCiC_830eb252ae01401a8fe55f9538e627dd,manual,bottom_fixed,6.0,5,9,3
q9vSo1VnCiC-11,q9vSo1VnCiC_830eb252ae01401a8fe55f9538e627dd,manual,bottom_fixed,9.0,5,10,0
q9vSo1VnCiC-11,q9vSo1VnCiC_830eb252ae01401a8fe55f9538e627dd,manual,bottom_fixed,12.0,5,10,0
q9vSo1VnCiC-12,q9vSo1VnCiC_9ba6cd412cb04c5c9beb15ef9e6d22c5,manual,count_only,0.0,6,15,0
q9vSo1VnCiC-12,q9vSo1VnCiC_9ba6cd412cb04c5c9beb15ef9e6d22c5,manual,split_fixed,3.0,6,3,0
q9vSo1VnCiC-12,q9vSo1VnCiC_9ba6cd412cb04c5c9beb15ef9e6d22c5,manual,split_fixed,6.0,6,15,0
q9vSo1VnCiC-12,q9vSo1VnCiC_9ba6cd412cb04c5c9beb15ef9e6d22c5,manual,split_fixed,9.0,6,15,0
q9vSo1VnCiC-12,q9vSo1VnCiC_9ba6cd412cb04c5c9beb15ef9e6d22c5,manual,split_fixed,12.0,6,15,0
q9vSo1VnCiC-12,q9vSo1VnCiC_9ba6cd412cb04c5c9beb15ef9e6d22c5,manual,bound_fixed,3.0,6,3,0
q9vSo1VnCiC-12,q9vSo1VnCiC_9ba6cd412cb04c5c9beb15ef9e6d22c5,manual,bound_fixed,6.0,6,15,0
q9vSo1VnCiC-12,q9vSo1VnCiC_9ba6cd412cb04c5c9beb15ef9e6d22c5,manual,bound_fixed,9.0,6,15,0
q9vSo1VnCiC-12,q9vSo1VnCiC_9ba6cd412cb04c5c9beb15ef9e6d22c5,manual,bound_fixed,12.0,6,15,0
q9vSo1VnCiC-12,q9vSo1VnCiC_9ba6cd412cb04c5c9beb15ef9e6d22c5,manual,split_cyclic,3.0,6,3,0
q9vSo1VnCiC-12,q9vSo1VnCiC_9ba6cd412cb04c5c9beb15ef9e6d22c5,manual,split_cyclic,6.0,6,15,0
q9vSo1VnCiC-12,q9vSo1VnCiC_9ba6cd412cb04c5c9beb15ef9e6d22c5,manual,split_cyclic,9.0,6,15,0
q9vSo1VnCiC-12,q9vSo1VnCiC_9ba6cd412cb04c5c9beb15ef9e6d22c5,manual,split_cyclic,12.0,6,15,0
q9vSo1VnCiC-12,q9vSo1VnCiC_9ba6cd412cb04c5c9beb15ef9e6d22c5,manual,bound_cyclic,3.0,6,3,0
q9vSo1VnCiC-12,q9vSo1VnCiC_9ba6cd412cb04c5c9beb15ef9e6d22c5,manual,bound_cyclic,6.0,6,15,0
q9vSo1VnCiC-12,q9vSo1VnCiC_9ba6cd412cb04c5c9beb15ef9e6d22c5,manual,bound_cyclic,9.0,6,15,0
q9vSo1VnCiC-12,q9vSo1VnCiC_9ba6cd412cb04c5c9beb15ef9e6d22c5,manual,bound_cyclic,12.0,6,15,0
q9vSo1VnCiC-12,q9vSo1VnCiC_9ba6cd412cb04c5c9beb15ef9e6d22c5,manual,split_free,3.0,6,3,0
q9vSo1VnCiC-12,q9vSo1VnCiC_9ba6cd412cb04c5c9beb15ef9e6d22c5,manual,split_free,6.0,6,15,0
q9vSo1VnCiC-12,q9vSo1VnCiC_9ba6cd412cb04c5c9beb15ef9e6d22c5,manual,split_free,9.0,6,15,0
q9vSo1VnCiC-12,q9vSo1VnCiC_9ba6cd412cb04c5c9beb15ef9e6d22c5,manual,split_free,12.0,6,15,0
q9vSo1VnCiC-12,q9vSo1VnCiC_9ba6cd412cb04c5c9beb15ef9e6d22c5,manual,bound_free,3.0,6,3,0
q9vSo1VnCiC-12,q9vSo1VnCiC_9ba6cd412cb04c5c9beb15ef9e6d22c5,manual,bound_free,6.0,6,15,0
q9vSo1VnCiC-12,q9vSo1VnCiC_9ba6cd412cb04c5c9beb15ef9e6d22c5,manual,bound_free,9.0,6,15,0
q9vSo1VnCiC-12,q9vSo1VnCiC_9ba6cd412cb04c5c9beb15ef9e6d22c5,manual,bound_free,12.0,6,15,0
q9vSo1VnCiC-12,q9vSo1VnCiC_9ba6cd412cb04c5c9beb15ef9e6d22c5,manual,top_fixed,3.0,6,7,3
q9vSo1VnCiC-12,q9vSo1VnCiC_9ba6cd412cb04c5c9beb15ef9e6d22c5,manual,top_fixed,6.0,6,15,0
q9vSo1VnCiC-12,q9vSo1VnCiC_9ba6cd412cb04c5c9beb15ef9e6d22c5,manual,top_fixed,9.0,6,15,0
q9vSo1VnCiC-12,q9vSo1VnCiC_9ba6cd412cb04c5c9beb15ef9e6d22c5,manual,top_fixed,12.0,6,15,0
q9vSo1VnCiC-12,q9vSo1VnCiC_9ba6cd412cb04c5c9beb15ef9e6d22c5,manual,bottom_fixed,3.0,6,6,0
q9vSo1VnCiC-12,q9vSo1VnCiC_9ba6cd412cb04c5c9beb15ef9e6d22c5,manual,bottom_fixed,6.0,6,15,0
q9vSo1VnCiC-12,q9vSo1VnCiC_9ba6cd412cb04c5c9beb15ef9e6d22c5,manual,bottom_fixed,9.0,6,15,0
q9vSo1VnCiC-12,q9vSo1VnCiC_9ba6cd412cb04c5c9beb15ef9e6d22c5,manual,bottom_fixed,12.0,6,15,0
q9vSo1VnCiC-12,q9vSo1VnCiC_9ba6cd412cb04c5c9beb15ef9e6d22c5,semi,count_only,0.0,4,3,0
q9vSo1VnCiC-12,q9vSo1VnCiC_9ba6cd412cb04c5c9beb15ef9e6d22c5,semi,split_fixed,3.0,4,0,0
q9vSo1VnCiC-12,q9vSo1VnCiC_9ba6cd412cb04c5c9beb15ef9e6d22c5,semi,split_fixed,6.0,4,2,1
q9vSo1VnCiC-12,q9vSo1VnCiC_9ba6cd412cb04c5c9beb15ef9e6d22c5,semi,split_fixed,9.0,4,3,0
q9vSo1VnCiC-12,q9vSo1VnCiC_9ba6cd412cb04c5c9beb15ef9e6d22c5,semi,split_fixed,12.0,4,3,0
q9vSo1VnCiC-12,q9vSo1VnCiC_9ba6cd412cb04c5c9beb15ef9e6d22c5,semi,bound_fixed,3.0,4,0,0
q9vSo1VnCiC-12,q9vSo1VnCiC_9ba6cd412cb04c5c9beb15ef9e6d22c5,semi,bound_fixed,6.0,4,2,1
q9vSo1VnCiC-12,q9vSo1VnCiC_9ba6cd412cb04c5c9beb15ef9e6d22c5,semi,bound_fixed,9.0,4,3,0
q9vSo1VnCiC-12,q9vSo1VnCiC_9ba6cd412cb04c5c9beb15ef9e6d22c5,semi,bound_fixed,12.0,4,3,0
q9vSo1VnCiC-12,q9vSo1VnCiC_9ba6cd412cb04c5c9beb15ef9e6d22c5,semi,split_cyclic,3.0,4,0,0
q9vSo1VnCiC-12,q9vSo1VnCiC_9ba6cd412cb04c5c9beb15ef9e6d22c5,semi,split_cyclic,6.0,4,2,1
q9vSo1VnCiC-12,q9vSo1VnCiC_9ba6cd412cb04c5c9beb15ef9e6d22c5,semi,split_cyclic,9.0,4,3,0
q9vSo1VnCiC-12,q9vSo1VnCiC_9ba6cd412cb04c5c9beb15ef9e6d22c5,semi,split_cyclic,12.0,4,3,0
q9vSo1VnCiC-12,q9vSo1VnCiC_9ba6cd412cb04c5c9beb15ef9e6d22c5,semi,bound_cyclic,3.0,4,0,0
q9vSo1VnCiC-12,q9vSo1VnCiC_9ba6cd412cb04c5c9beb15ef9e6d22c5,semi,bound_cyclic,6.0,4,2,1
q9vSo1VnCiC-12,q9vSo1VnCiC_9ba6cd412cb04c5c9beb15ef9e6d22c5,semi,bound_cyclic,9.0,4,3,0
q9vSo1VnCiC-12,q9vSo1VnCiC_9ba6cd412cb04c5c9beb15ef9e6d22c5,semi,bound_cyclic,12.0,4,3,0
q9vSo1VnCiC-12,q9vSo1VnCiC_9ba6cd412cb04c5c9beb15ef9e6d22c5,semi,split_free,3.0,4,0,0
q9vSo1VnCiC-12,q9vSo1VnCiC_9ba6cd412cb04c5c9beb15ef9e6d22c5,semi,split_free,6.0,4,2,1
q9vSo1VnCiC-12,q9vSo1VnCiC_9ba6cd412cb04c5c9beb15ef9e6d22c5,semi,split_free,9.0,4,3,0
q9vSo1VnCiC-12,q9vSo1VnCiC_9ba6cd412cb04c5c9beb15ef9e6d22c5,semi,split_free,12.0,4,3,0
q9vSo1VnCiC-12,q9vSo1VnCiC_9ba6cd412cb04c5c9beb15ef9e6d22c5,semi,bound_free,3.0,4,0,0
q9vSo1VnCiC-12,q9vSo1VnCiC_9ba6cd412cb04c5c9beb15ef9e6d22c5,semi,bound_free,6.0,4,2,1
q9vSo1VnCiC-12,q9vSo1VnCiC_9ba6cd412cb04c5c9beb15ef9e6d22c5,semi,bound_free,9.0,4,3,0
q9vSo1VnCiC-12,q9vSo1VnCiC_9ba6cd412cb04c5c9beb15ef9e6d22c5,semi,bound_free,12.0,4,3,0
q9vSo1VnCiC-12,q9vSo1VnCiC_9ba6cd412cb04c5c9beb15ef9e6d22c5,semi,top_fixed,3.0,4,2,1
q9vSo1VnCiC-12,q9vSo1VnCiC_9ba6cd412cb04c5c9beb15ef9e6d22c5,semi,top_fixed,6.0,4,3,0
q9vSo1VnCiC-12,q9vSo1VnCiC_9ba6cd412cb04c5c9beb15ef9e6d22c5,semi,top_fixed,9.0,4,3,0
q9vSo1VnCiC-12,q9vSo1VnCiC_9ba6cd412cb04c5c9beb15ef9e6d22c5,semi,top_fixed,12.0,4,3,0
q9vSo1VnCiC-12,q9vSo1VnCiC_9ba6cd412cb04c5c9beb15ef9e6d22c5,semi,bottom_fixed,3.0,4,0,0
q9vSo1VnCiC-12,q9vSo1VnCiC_9ba6cd412cb04c5c9beb15ef9e6d22c5,semi,bottom_fixed,6.0,4,2,1
q9vSo1VnCiC-12,q9vSo1VnCiC_9ba6cd412cb04c5c9beb15ef9e6d22c5,semi,bottom_fixed,9.0,4,3,0
q9vSo1VnCiC-12,q9vSo1VnCiC_9ba6cd412cb04c5c9beb15ef9e6d22c5,semi,bottom_fixed,12.0,4,3,0
q9vSo1VnCiC-13,q9vSo1VnCiC_9c9fb1fccf4e46a597a9510a1938c8b4,manual,count_only,0.0,24,36,0
q9vSo1VnCiC-13,q9vSo1VnCiC_9c9fb1fccf4e46a597a9510a1938c8b4,manual,split_fixed,3.0,24,2,0
q9vSo1VnCiC-13,q9vSo1VnCiC_9c9fb1fccf4e46a597a9510a1938c8b4,manual,split_fixed,6.0,24,2,0
q9vSo1VnCiC-13,q9vSo1VnCiC_9c9fb1fccf4e46a597a9510a1938c8b4,manual,split_fixed,9.0,24,6,2
q9vSo1VnCiC-13,q9vSo1VnCiC_9c9fb1fccf4e46a597a9510a1938c8b4,manual,split_fixed,12.0,24,11,3
q9vSo1VnCiC-13,q9vSo1VnCiC_9c9fb1fccf4e46a597a9510a1938c8b4,manual,bound_fixed,3.0,24,2,0
q9vSo1VnCiC-13,q9vSo1VnCiC_9c9fb1fccf4e46a597a9510a1938c8b4,manual,bound_fixed,6.0,24,2,0
q9vSo1VnCiC-13,q9vSo1VnCiC_9c9fb1fccf4e46a597a9510a1938c8b4,manual,bound_fixed,9.0,24,6,2
q9vSo1VnCiC-13,q9vSo1VnCiC_9c9fb1fccf4e46a597a9510a1938c8b4,manual,bound_fixed,12.0,24,11,3
q9vSo1VnCiC-13,q9vSo1VnCiC_9c9fb1fccf4e46a597a9510a1938c8b4,manual,split_cyclic,3.0,24,2,0
q9vSo1VnCiC-13,q9vSo1VnCiC_9c9fb1fccf4e46a597a9510a1938c8b4,manual,split_cyclic,6.0,24,2,0
q9vSo1VnCiC-13,q9vSo1VnCiC_9c9fb1fccf4e46a597a9510a1938c8b4,manual,split_cyclic,9.0,24,6,2
q9vSo1VnCiC-13,q9vSo1VnCiC_9c9fb1fccf4e46a597a9510a1938c8b4,manual,split_cyclic,12.0,24,11,3
q9vSo1VnCiC-13,q9vSo1VnCiC_9c9fb1fccf4e46a597a9510a1938c8b4,manual,bound_cyclic,3.0,24,2,0
q9vSo1VnCiC-13,q9vSo1VnCiC_9c9fb1fccf4e46a597a9510a1938c8b4,manual,bound_cyclic,6.0,24,2,0
q9vSo1VnCiC-13,q9vSo1VnCiC_9c9fb1fccf4e46a597a9510a1938c8b4,manual,bound_cyclic,9.0,24,6,2
q9vSo1VnCiC-13,q9vSo1VnCiC_9c9fb1fccf4e46a597a9510a1938c8b4,manual,bound_cyclic,12.0,24,11,3
q9vSo1VnCiC-13,q9vSo1VnCiC_9c9fb1fccf4e46a597a9510a1938c8b4,manual,split_free,3.0,24,2,0
q9vSo1VnCiC-13,q9vSo1VnCiC_9c9fb1fccf4e46a597a9510a1938c8b4,manual,split_free,6.0,24,2,0
q9vSo1VnCiC-13,q9vSo1VnCiC_9c9fb1fccf4e46a597a9510a1938c8b4,manual,split_free,9.0,24,6,2
q9vSo1VnCiC-13,q9vSo1VnCiC_9c9fb1fccf4e46a597a9510a1938c8b4,manual,split_free,12.0,24,11,3
q9vSo1VnCiC-13,q9vSo1VnCiC_9c9fb1fccf4e46a597a9510a1938c8b4,manual,bound_free,3.0,24,2,0
q9vSo1VnCiC-13,q9vSo1VnCiC_9c9fb1fccf4e46a597a9510a1938c8b4,manual,bound_free,6.0,24,2,0
q9vSo1VnCiC-13,q9vSo1VnCiC_9c9fb1fccf4e46a597a9510a1938c8b4,manual,bound_free,9.0,24,6,2
q9vSo1VnCiC-13,q9vSo1VnCiC_9c9fb1fccf4e46a597a9510a1938c8b4,manual,bound_free,12.0,24,11,3
q9vSo1VnCiC-13,q9vSo1VnCiC_9c9fb1fccf4e46a597a9510a1938c8b4,manual,top_fixed,3.0,24,3,0
q9vSo1VnCiC-13,q9vSo1VnCiC_9c9fb1fccf4e46a597a9510a1938c8b4,manual,top_fixed,6.0,24,7,3
q9vSo1VnCiC-13,q9vSo1VnCiC_9c9fb1fccf4e46a597a9510a1938c8b4,manual,top_fixed,9.0,24,10,4
q9vSo1VnCiC-13,q9vSo1VnCiC_9c9fb1fccf4e46a597a9510a1938c8b4,manual,top_fixed,12.0,24,14,1
q9vSo1VnCiC-13,q9vSo1VnCiC_9c9fb1fccf4e46a597a9510a1938c8b4,manual,bottom_fixed,3.0,24,2,0
q9vSo1VnCiC-13,q9vSo1VnCiC_9c9fb1fccf4e46a597a9510a1938c8b4,manual,bottom_fixed,6.0,24,2,0
q9vSo1VnCiC-13,q9vSo1VnCiC_9c9fb1fccf4e46a597a9510a1938c8b4,manual,bottom_fixed,9.0,24,6,2
q9vSo1VnCiC-13,q9vSo1VnCiC_9c9fb1fccf4e46a597a9510a1938c8b4,manual,bottom_fixed,12.0,24,11,3
q9vSo1VnCiC-15,q9vSo1VnCiC_a412536ff52747d3b078f66e764cf103,semi,count_only,0.0,24,232,0
q9vSo1VnCiC-15,q9vSo1VnCiC_a412536ff52747d3b078f66e764cf103,semi,split_fixed,3.0,24,108,2
q9vSo1VnCiC-15,q9vSo1VnCiC_a412536ff52747d3b078f66e764cf103,semi,split_fixed,6.0,24,144,4
q9vSo1VnCiC-15,q9vSo1VnCiC_a412536ff52747d3b078f66e764cf103,semi,split_fixed,9.0,24,196,39
q9vSo1VnCiC-15,q9vSo1VnCiC_a412536ff52747d3b078f66e764cf103,semi,split_fixed,12.0,24,209,52
q9vSo1VnCiC-15,q9vSo1VnCiC_a412536ff52747d3b078f66e764cf103,semi,bound_fixed,3.0,24,108,2
q9vSo1VnCiC-15,q9vSo1VnCiC_a412536ff52747d3b078f66e764cf103,semi,bound_fixed,6.0,24,144,4
q9vSo1VnCiC-15,q9vSo1VnCiC_a412536ff52747d3b078f66e764cf103,semi,bound_fixed,9.0,24,196,39
q9vSo1VnCiC-15,q9vSo1VnCiC_a412536ff52747d3b078f66e764cf103,semi,bound_fixed,12.0,24,209,52
q9vSo1VnCiC-15,q9vSo1VnCiC_a412536ff52747d3b078f66e764cf103,semi,split_cyclic,3.0,24,108,2
q9vSo1VnCiC-15,q9vSo1VnCiC_a412536ff52747d3b078f66e764cf103,semi,split_cyclic,6.0,24,144,4
q9vSo1VnCiC-15,q9vSo1VnCiC_a412536ff52747d3b078f66e764cf103,semi,split_cyclic,9.0,24,196,39
q9vSo1VnCiC-15,q9vSo1VnCiC_a412536ff52747d3b078f66e764cf103,semi,split_cyclic,12.0,24,209,52
q9vSo1VnCiC-15,q9vSo1VnCiC_a412536ff52747d3b078f66e764cf103,semi,bound_cyclic,3.0,24,108,2
q9vSo1VnCiC-15,q9vSo1VnCiC_a412536ff52747d3b078f66e764cf103,semi,bound_cyclic,6.0,24,144,4
q9vSo1VnCiC-15,q9vSo1VnCiC_a412536ff52747d3b078f66e764cf103,semi,bound_cyclic,9.0,24,196,39
q9vSo1VnCiC-15,q9vSo1VnCiC_a412536ff52747d3b078f66e764cf103,semi,bound_cyclic,12.0,24,209,52
q9vSo1VnCiC-15,q9vSo1VnCiC_a412536ff52747d3b078f66e764cf103,semi,split_free,3.0,24,108,2
q9vSo1VnCiC-15,q9vSo1VnCiC_a412536ff52747d3b078f66e764cf103,semi,split_free,6.0,24,144,4
q9vSo1VnCiC-15,q9vSo1VnCiC_a412536ff52747d3b078f66e764cf103,semi,split_free,9.0,24,196,39
q9vSo1VnCiC-15,q9vSo1VnCiC_a412536ff52747d3b078f66e764cf103,semi,split_free,12.0,24,209,52
q9vSo1VnCiC-15,q9vSo1VnCiC_a412536ff52747d3b078f66e764cf103,semi,bound_free,3.0,24,108,2
q9vSo1VnCiC-15,q9vSo1VnCiC_a412536ff52747d3b078f66e764cf103,semi,bound_free,6.0,24,144,4
q9vSo1VnCiC-15,q9vSo1VnCiC_a412536ff52747d3b078f66e764cf103,semi,bound_free,9.0,24,196,39
q9vSo1VnCiC-15,q9vSo1VnCiC_a412536ff52747d3b078f66e764cf103,semi,bound_free,12.0,24,209,52
q9vSo1VnCiC-15,q9vSo1VnCiC_a412536ff52747d3b078f66e764cf103,semi,top_fixed,3.0,24,160,22
q9vSo1VnCiC-15,q9vSo1VnCiC_a412536ff52747d3b078f66e764cf103,semi,top_fixed,6.0,24,196,5
q9vSo1VnCiC-15,q9vSo1VnCiC_a412536ff52747d3b078f66e764cf103,semi,top_fixed,9.0,24,211,0
q9vSo1VnCiC-15,q9vSo1VnCiC_a412536ff52747d3b078f66e764cf103,semi,top_fixed,12.0,24,211,0
q9vSo1VnCiC-15,q9vSo1VnCiC_a412536ff52747d3b078f66e764cf103,semi,bottom_fixed,3.0,24,109,2
q9vSo1VnCiC-15,q9vSo1VnCiC_a412536ff52747d3b078f66e764cf103,semi,bottom_fixed,6.0,24,157,17
q9vSo1VnCiC-15,q9vSo1VnCiC_a412536ff52747d3b078f66e764cf103,semi,bottom_fixed,9.0,24,196,39
q9vSo1VnCiC-15,q9vSo1VnCiC_a412536ff52747d3b078f66e764cf103,semi,bottom_fixed,12.0,24,209,52
q9vSo1VnCiC-16,q9vSo1VnCiC_a424533651804a38a55b1252daccc81e,manual,count_only,0.0,5,6,0
q9vSo1VnCiC-16,q9vSo1VnCiC_a424533651804a38a55b1252daccc81e,manual,split_fixed,3.0,5,0,0
q9vSo1VnCiC-16,q9vSo1VnCiC_a424533651804a38a55b1252daccc81e,manual,split_fixed,6.0,5,5,3
q9vSo1VnCiC-16,q9vSo1VnCiC_a424533651804a38a55b1252daccc81e,manual,split_fixed,9.0,5,6,0
q9vSo1VnCiC-16,q9vSo1VnCiC_a424533651804a38a55b1252daccc81e,manual,split_fixed,12.0,5,6,0
q9vSo1VnCiC-16,q9vSo1VnCiC_a424533651804a38a55b1252daccc81e,manual,bound_fixed,3.0,5,0,0
q9vSo1VnCiC-16,q9vSo1VnCiC_a424533651804a38a55b1252daccc81e,manual,bound_fixed,6.0,5,5,3
q9vSo1VnCiC-16,q9vSo1VnCiC_a424533651804a38a55b1252daccc81e,manual,bound_fixed,9.0,5,6,0
q9vSo1VnCiC-16,q9vSo1VnCiC_a424533651804a38a55b1252daccc81e,manual,bound_fixed,12.0,5,6,0
q9vSo1VnCiC-16,q9vSo1VnCiC_a424533651804a38a55b1252daccc81e,manual,split_cyclic,3.0,5,0,0
q9vSo1VnCiC-16,q9vSo1VnCiC_a424533651804a38a55b1252daccc81e,manual,split_cyclic,6.0,5,5,3
q9vSo1VnCiC-16,q9vSo1VnCiC_a424533651804a38a55b1252daccc81e,manual,split_cyclic,9.0,5,6,0
q9vSo1VnCiC-16,q9vSo1VnCiC_a424533651804a38a55b1252daccc81e,manual,split_cyclic,12.0,5,6,0
q9vSo1VnCiC-16,q9vSo1VnCiC_a424533651804a38a55b1252daccc81e,manual,bound_cyclic,3.0,5,0,0
q9vSo1VnCiC-16,q9vSo1VnCiC_a424533651804a38a55b1252daccc81e,manual,bound_cyclic,6.0,5,5,3
q9vSo1VnCiC-16,q9vSo1VnCiC_a424533651804a38a55b1252daccc81e,manual,bound_cyclic,9.0,5,6,0
q9vSo1VnCiC-16,q9vSo1VnCiC_a424533651804a38a55b1252daccc81e,manual,bound_cyclic,12.0,5,6,0
q9vSo1VnCiC-16,q9vSo1VnCiC_a424533651804a38a55b1252daccc81e,manual,split_free,3.0,5,0,0
q9vSo1VnCiC-16,q9vSo1VnCiC_a424533651804a38a55b1252daccc81e,manual,split_free,6.0,5,5,3
q9vSo1VnCiC-16,q9vSo1VnCiC_a424533651804a38a55b1252daccc81e,manual,split_free,9.0,5,6,0
q9vSo1VnCiC-16,q9vSo1VnCiC_a424533651804a38a55b1252daccc81e,manual,split_free,12.0,5,6,0
q9vSo1VnCiC-16,q9vSo1VnCiC_a424533651804a38a55b1252daccc81e,manual,bound_free,3.0,5,0,0
q9vSo1VnCiC-16,q9vSo1VnCiC_a424533651804a38a55b1252daccc81e,manual,bound_free,6.0,5,5,3
q9vSo1VnCiC-16,q9vSo1VnCiC_a424533651804a38a55b1252daccc81e,manual,bound_free,9.0,5,6,0
q9vSo1VnCiC-16,q9vSo1VnCiC_a424533651804a38a55b1252daccc81e,manual,bound_free,12.0,5,6,0
q9vSo1VnCiC-16,q9vSo1VnCiC_a424533651804a38a55b1252daccc81e,manual,top_fixed,3.0,5,4,1
q9vSo1VnCiC-16,q9vSo1VnCiC_a424533651804a38a55b1252daccc81e,manual,top_fixed,6.0,5,6,0
q9vSo1VnCiC-16,q9vSo1VnCiC_a424533651804a38a55b1252daccc81e,manual,top_fixed,9.0,5,6,0
q9vSo1VnCiC-16,q9vSo1VnCiC_a424533651804a38a55b1252daccc81e,manual,top_fixed,12.0,5,6,0
q9vSo1VnCiC-16,q9vSo1VnCiC_a424533651804a38a55b1252daccc81e,manual,bottom_fixed,3.0,5,0,0
q9vSo1VnCiC-16,q9vSo1VnCiC_a424533651804a38a55b1252daccc81e,manual,bottom_fixed,6.0,5,5,3
q9vSo1VnCiC-16,q9vSo1VnCiC_a424533651804a38a55b1252daccc81e,manual,bottom_fixed,9.0,5,6,0
q9vSo1VnCiC-16,q9vSo1VnCiC_a424533651804a38a55b1252daccc81e,manual,bottom_fixed,12.0,5,6,0
q9vSo1VnCiC-16,q9vSo1VnCiC_a424533651804a38a55b1252daccc81e,semi,count_only,0.0,5,4,0
q9vSo1VnCiC-16,q9vSo1VnCiC_a424533651804a38a55b1252daccc81e,semi,split_fixed,3.0,5,2,0
q9vSo1VnCiC-16,q9vSo1VnCiC_a424533651804a38a55b1252daccc81e,semi,split_fixed,6.0,5,2,0
q9vSo1VnCiC-16,q9vSo1VnCiC_a424533651804a38a55b1252daccc81e,semi,split_fixed,9.0,5,4,0
q9vSo1VnCiC-16,q9vSo1VnCiC_a424533651804a38a55b1252daccc81e,semi,split_fixed,12.0,5,4,0
q9vSo1VnCiC-16,q9vSo1VnCiC_a424533651804a38a55b1252daccc81e,semi,bound_fixed,3.0,3,1,0
q9vSo1VnCiC-16,q9vSo1VnCiC_a424533651804a38a55b1252daccc81e,semi,bound_fixed,6.0,3,1,0
q9vSo1VnCiC-16,q9vSo1VnCiC_a424533651804a38a55b1252daccc81e,semi,bound_fixed,9.0,3,3,0
q9vSo1VnCiC-16,q9vSo1VnCiC_a424533651804a38a55b1252daccc81e,semi,bound_fixed,12.0,3,3,0
q9vSo1VnCiC-16,q9vSo1VnCiC_a424533651804a38a55b1252daccc81e,semi,split_cyclic,3.0,5,2,0
q9vSo1VnCiC-16,q9vSo1VnCiC_a424533651804a38a55b1252daccc81e,semi,split_cyclic,6.0,5,2,0
q9vSo1VnCiC-16,q9vSo1VnCiC_a424533651804a38a55b1252daccc81e,semi,split_cyclic,9.0,5,4,0
q9vSo1VnCiC-16,q9vSo1VnCiC_a424533651804a38a55b1252daccc81e,semi,split_cyclic,12.0,5,4,0
q9vSo1VnCiC-16,q9vSo1VnCiC_a424533651804a38a55b1252daccc81e,semi,bound_cyclic,3.0,3,1,0
q9vSo1VnCiC-16,q9vSo1VnCiC_a424533651804a38a55b1252daccc81e,semi,bound_cyclic,6.0,3,1,0
q9vSo1VnCiC-16,q9vSo1VnCiC_a424533651804a38a55b1252daccc81e,semi,bound_cyclic,9.0,3,3,0
q9vSo1VnCiC-16,q9vSo1VnCiC_a424533651804a38a55b1252daccc81e,semi,bound_cyclic,12.0,3,3,0
q9vSo1VnCiC-16,q9vSo1VnCiC_a424533651804a38a55b1252daccc81e,semi,split_free,3.0,5,2,0
q9vSo1VnCiC-16,q9vSo1VnCiC_a424533651804a38a55b1252daccc81e,semi,split_free,6.0,5,2,0
q9vSo1VnCiC-16,q9vSo1VnCiC_a424533651804a38a55b1252daccc81e,semi,split_free,9.0,5,4,0
q9vSo1VnCiC-16,q9vSo1VnCiC_a424533651804a38a55b1252daccc81e,semi,split_free,12.0,5,4,0
q9vSo1VnCiC-16,q9vSo1VnCiC_a424533651804a38a55b1252daccc81e,semi,bound_free,3.0,3,1,0
q9vSo1VnCiC-16,q9vSo1VnCiC_a424533651804a38a55b1252daccc81e,semi,bound_free,6.0,3,1,0
q9vSo1VnCiC-16,q9vSo1VnCiC_a424533651804a38a55b1252daccc81e,semi,bound_free,9.0,3,3,0
q9vSo1VnCiC-16,q9vSo1VnCiC_a424533651804a38a55b1252daccc81e,semi,bound_free,12.0,3,3,0
q9vSo1VnCiC-16,q9vSo1VnCiC_a424533651804a38a55b1252daccc81e,semi,top_fixed,3.0,5,2,0
q9vSo1VnCiC-16,q9vSo1VnCiC_a424533651804a38a55b1252daccc81e,semi,top_fixed,6.0,5,2,0
q9vSo1VnCiC-16,q9vSo1VnCiC_a424533651804a38a55b1252daccc81e,semi,top_fixed,9.0,5,4,0
q9vSo1VnCiC-16,q9vSo1VnCiC_a424533651804a38a55b1252daccc81e,semi,top_fixed,12.0,5,4,0
q9vSo1VnCiC-16,q9vSo1VnCiC_a424533651804a38a55b1252daccc81e,semi,bottom_fixed,3.0,5,2,0
q9vSo1VnCiC-16,q9vSo1VnCiC_a424533651804a38a55b1252daccc81e,semi,bottom_fixed,6.0,5,2,0
q9vSo1VnCiC-16,q9vSo1VnCiC_a424533651804a38a55b1252daccc81e,semi,bottom_fixed,9.0,5,4,0
q9vSo1VnCiC-16,q9vSo1VnCiC_a424533651804a38a55b1252daccc81e,semi,bottom_fixed,12.0,5,4,0
q9vSo1VnCiC-23,q9vSo1VnCiC_c421f07780004647a7198c4ac5371e8a,manual,count_only,0.0,24,276,0
q9vSo1VnCiC-23,q9vSo1VnCiC_c421f07780004647a7198c4ac5371e8a,manual,split_fixed,3.0,24,40,20
q9vSo1VnCiC-23,q9vSo1VnCiC_c421f07780004647a7198c4ac5371e8a,manual,split_fixed,6.0,24,203,112
q9vSo1VnCiC-23,q9vSo1VnCiC_c421f07780004647a7198c4ac5371e8a,manual,split_fixed,9.0,24,218,27
q9vSo1VnCiC-23,q9vSo1VnCiC_c421f07780004647a7198c4ac5371e8a,manual,split_fixed,12.0,24,253,21
q9vSo1VnCiC-23,q9vSo1VnCiC_c421f07780004647a7198c4ac5371e8a,manual,bound_fixed,3.0,24,40,20
q9vSo1VnCiC-23,q9vSo1VnCiC_c421f07780004647a7198c4ac5371e8a,manual,bound_fixed,6.0,24,203,112
q9vSo1VnCiC-23,q9vSo1VnCiC_c421f07780004647a7198c4ac5371e8a,manual,bound_fixed,9.0,24,218,27
q9vSo1VnCiC-23,q9vSo1VnCiC_c421f07780004647a7198c4ac5371e8a,manual,bound_fixed,12.0,24,253,21
q9vSo1VnCiC-23,q9vSo1VnCiC_c421f07780004647a7198c4ac5371e8a,manual,split_cyclic,3.0,24,40,20
q9vSo1VnCiC-23,q9vSo1VnCiC_c421f07780004647a7198c4ac5371e8a,manual,split_cyclic,6.0,24,203,112
q9vSo1VnCiC-23,q9vSo1VnCiC_c421f07780004647a7198c4ac5371e8a,manual,split_cyclic,9.0,24,218,27
q9vSo1VnCiC-23,q9vSo1VnCiC_c421f07780004647a7198c4ac5371e8a,manual,split_cyclic,12.0,24,253,21
q9vSo1VnCiC-23,q9vSo1VnCiC_c421f07780004647a7198c4ac5371e8a,manual,bound_cyclic,3.0,24,40,20
q9vSo1VnCiC-23,q9vSo1VnCiC_c421f07780004647a7198c4ac5371e8a,manual,bound_cyclic,6.0,24,203,112
q9vSo1VnCiC-23,q9vSo1VnCiC_c421f07780004647a7198c4ac5371e8a,manual,bound_cyclic,9.0,24,218,27
q9vSo1VnCiC-23,q9vSo1VnCiC_c421f07780004647a7198c4ac5371e8a,manual,bound_cyclic,12.0,24,253,21
q9vSo1VnCiC-23,q9vSo1VnCiC_c421f07780004647a7198c4ac5371e8a,manual,split_free,3.0,24,40,20
q9vSo1VnCiC-23,q9vSo1VnCiC_c421f07780004647a7198c4ac5371e8a,manual,split_free,6.0,24,203,112
q9vSo1VnCiC-23,q9vSo1VnCiC_c421f07780004647a7198c4ac5371e8a,manual,split_free,9.0,24,218,27
q9vSo1VnCiC-23,q9vSo1VnCiC_c421f07780004647a7198c4ac5371e8a,manual,split_free,12.0,24,253,21
q9vSo1VnCiC-23,q9vSo1VnCiC_c421f07780004647a7198c4ac5371e8a,manual,bound_free,3.0,24,40,20
q9vSo1VnCiC-23,q9vSo1VnCiC_c421f07780004647a7198c4ac5371e8a,manual,bound_free,6.0,24,203,112
q9vSo1VnCiC-23,q9vSo1VnCiC_c421f07780004647a7198c4ac5371e8a,manual,bound_free,9.0,24,218,27
q9vSo1VnCiC-23,q9vSo1VnCiC_c421f07780004647a7198c4ac5371e8a,manual,bound_free,12.0,24,253,21
q9vSo1VnCiC-23,q9vSo1VnCiC_c421f07780004647a7198c4ac5371e8a,manual,top_fixed,3.0,24,80,54
q9vSo1VnCiC-23,q9vSo1VnCiC_c421f07780004647a7198c4ac5371e8a,manual,top_fixed,6.0,24,251,130
q9vSo1VnCiC-23,q9vSo1VnCiC_c421f07780004647a7198c4ac5371e8a,manual,top_fixed,9.0,24,253,0
q9vSo1VnCiC-23,q9vSo1VnCiC_c421f07780004647a7198c4ac5371e8a,manual,top_fixed,12.0,24,256,3
q9vSo1VnCiC-23,q9vSo1VnCiC_c421f07780004647a7198c4ac5371e8a,manual,bottom_fixed,3.0,24,98,63
q9vSo1VnCiC-23,q9vSo1VnCiC_c421f07780004647a7198c4ac5371e8a,manual,bottom_fixed,6.0,24,205,33
q9vSo1VnCiC-23,q9vSo1VnCiC_c421f07780004647a7198c4ac5371e8a,manual,bottom_fixed,9.0,24,219,27
q9vSo1VnCiC-23,q9vSo1VnCiC_c421f07780004647a7198c4ac5371e8a,manual,bottom_fixed,12.0,24,254,22
q9vSo1VnCiC-24,q9vSo1VnCiC_c4b0b6a41c2a4db3927f5fa9cafb6345,manual,count_only,0.0,6,15,0
q9vSo1VnCiC-24,q9vSo1VnCiC_c4b0b6a41c2a4db3927f5fa9cafb6345,manual,split_fixed,3.0,6,0,0
q9vSo1VnCiC-24,q9vSo1VnCiC_c4b0b6a41c2a4db3927f5fa9cafb6345,manual,split_fixed,6.0,6,8,2
q9vSo1VnCiC-24,q9vSo1VnCiC_c4b0b6a41c2a4db3927f5fa9cafb6345,manual,split_fixed,9.0,6,10,0
q9vSo1VnCiC-24,q9vSo1VnCiC_c4b0b6a41c2a4db3927f5fa9cafb6345,manual,split_fixed,12.0,6,10,0
q9vSo1VnCiC-24,q9vSo1VnCiC_c4b0b6a41c2a4db3927f5fa9cafb6345,manual,bound_fixed,3.0,6,0,0
q9vSo1VnCiC-24,q9vSo1VnCiC_c4b0b6a41c2a4db3927f5fa9cafb6345,manual,bound_fixed,6.0,6,8,2
q9vSo1VnCiC-24,q9vSo1VnCiC_c4b0b6a41c2a4db3927f5fa9cafb6345,manual,bound_fixed,9.0,6,10,0
q9vSo1VnCiC-24,q9vSo1VnCiC_c4b0b6a41c2a4db3927f5fa9cafb6345,manual,bound_fixed,12.0,6,10,0
q9vSo1VnCiC-24,q9vSo1VnCiC_c4b0b6a41c2a4db3927f5fa9cafb6345,manual,split_cyclic,3.0,6,0,0
q9vSo1VnCiC-24,q9vSo1VnCiC_c4b0b6a41c2a4db3927f5fa9cafb6345,manual,split_cyclic,6.0,6,8,2
q9vSo1VnCiC-24,q9vSo1VnCiC_c4b0b6a41c2a4db3927f5fa9cafb6345,manual,split_cyclic,9.0,6,10,0
q9vSo1VnCiC-24,q9vSo1VnCiC_c4b0b6a41c2a4db3927f5fa9cafb6345,manual,split_cyclic,12.0,6,10,0
q9vSo1VnCiC-24,q9vSo1VnCiC_c4b0b6a41c2a4db3927f5fa9cafb6345,manual,bound_cyclic,3.0,6,0,0
q9vSo1VnCiC-24,q9vSo1VnCiC_c4b0b6a41c2a4db3927f5fa9cafb6345,manual,bound_cyclic,6.0,6,8,2
q9vSo1VnCiC-24,q9vSo1VnCiC_c4b0b6a41c2a4db3927f5fa9cafb6345,manual,bound_cyclic,9.0,6,10,0
q9vSo1VnCiC-24,q9vSo1VnCiC_c4b0b6a41c2a4db3927f5fa9cafb6345,manual,bound_cyclic,12.0,6,10,0
q9vSo1VnCiC-24,q9vSo1VnCiC_c4b0b6a41c2a4db3927f5fa9cafb6345,manual,split_free,3.0,6,0,0
q9vSo1VnCiC-24,q9vSo1VnCiC_c4b0b6a41c2a4db3927f5fa9cafb6345,manual,split_free,6.0,6,8,2
q9vSo1VnCiC-24,q9vSo1VnCiC_c4b0b6a41c2a4db3927f5fa9cafb6345,manual,split_free,9.0,6,10,0
q9vSo1VnCiC-24,q9vSo1VnCiC_c4b0b6a41c2a4db3927f5fa9cafb6345,manual,split_free,12.0,6,10,0
q9vSo1VnCiC-24,q9vSo1VnCiC_c4b0b6a41c2a4db3927f5fa9cafb6345,manual,bound_free,3.0,6,0,0
q9vSo1VnCiC-24,q9vSo1VnCiC_c4b0b6a41c2a4db3927f5fa9cafb6345,manual,bound_free,6.0,6,8,2
q9vSo1VnCiC-24,q9vSo1VnCiC_c4b0b6a41c2a4db3927f5fa9cafb6345,manual,bound_free,9.0,6,10,0
q9vSo1VnCiC-24,q9vSo1VnCiC_c4b0b6a41c2a4db3927f5fa9cafb6345,manual,bound_free,12.0,6,10,0
q9vSo1VnCiC-24,q9vSo1VnCiC_c4b0b6a41c2a4db3927f5fa9cafb6345,manual,top_fixed,3.0,6,1,0
q9vSo1VnCiC-24,q9vSo1VnCiC_c4b0b6a41c2a4db3927f5fa9cafb6345,manual,top_fixed,6.0,6,10,0
q9vSo1VnCiC-24,q9vSo1VnCiC_c4b0b6a41c2a4db3927f5fa9cafb6345,manual,top_fixed,9.0,6,10,0
q9vSo1VnCiC-24,q9vSo1VnCiC_c4b0b6a41c2a4db3927f5fa9cafb6345,manual,top_fixed,12.0,6,10,0
q9vSo1VnCiC-24,q9vSo1VnCiC_c4b0b6a41c2a4db3927f5fa9cafb6345,manual,bottom_fixed,3.0,6,2,0
q9vSo1VnCiC-24,q9vSo1VnCiC_c4b0b6a41c2a4db3927f5fa9cafb6345,manual,bottom_fixed,6.0,6,8,2
q9vSo1VnCiC-24,q9vSo1VnCiC_c4b0b6a41c2a4db3927f5fa9cafb6345,manual,bottom_fixed,9.0,6,10,0
q9vSo1VnCiC-24,q9vSo1VnCiC_c4b0b6a41c2a4db3927f5fa9cafb6345,manual,bottom_fixed,12.0,6,10,0
q9vSo1VnCiC-29,q9vSo1VnCiC_dc320b1236f741a98303db9f89bc68a2,manual,count_only,0.0,5,6,0
q9vSo1VnCiC-29,q9vSo1VnCiC_dc320b1236f741a98303db9f89bc68a2,manual,split_fixed,3.0,5,2,1
q9vSo1VnCiC-29,q9vSo1VnCiC_dc320b1236f741a98303db9f89bc68a2,manual,split_fixed,6.0,5,6,0
q9vSo1VnCiC-29,q9vSo1VnCiC_dc320b1236f741a98303db9f89bc68a2,manual,split_fixed,9.0,5,6,0
q9vSo1VnCiC-29,q9vSo1VnCiC_dc320b1236f741a98303db9f89bc68a2,manual,split_fixed,12.0,5,6,0
q9vSo1VnCiC-29,q9vSo1VnCiC_dc320b1236f741a98303db9f89bc68a2,manual,bound_fixed,3.0,5,2,1
q9vSo1VnCiC-29,q9vSo1VnCiC_dc320b1236f741a98303db9f89bc68a2,manual,bound_fixed,6.0,5,6,0
q9vSo1VnCiC-29,q9vSo1VnCiC_dc320b1236f741a98303db9f89bc68a2,manual,bound_fixed,9.0,5,6,0
q9vSo1VnCiC-29,q9vSo1VnCiC_dc320b1236f741a98303db9f89bc68a2,manual,bound_fixed,12.0,5,6,0
q9vSo1VnCiC-29,q9vSo1VnCiC_dc320b1236f741a98303db9f89bc68a2,manual,split_cyclic,3.0,5,2,1
q9vSo1VnCiC-29,q9vSo1VnCiC_dc320b1236f741a98303db9f89bc68a2,manual,split_cyclic,6.0,5,6,0
q9vSo1VnCiC-29,q9vSo1VnCiC_dc320b1236f741a98303db9f89bc68a2,manual,split_cyclic,9.0,5,6,0
q9vSo1VnCiC-29,q9vSo1VnCiC_dc320b1236f741a98303db9f89bc68a2,manual,split_cyclic,12.0,5,6,0
q9vSo1VnCiC-29,q9vSo1VnCiC_dc320b1236f741a98303db9f89bc68a2,manual,bound_cyclic,3.0,5,2,1
q9vSo1VnCiC-29,q9vSo1VnCiC_dc320b1236f741a98303db9f89bc68a2,manual,bound_cyclic,6.0,5,6,0
q9vSo1VnCiC-29,q9vSo1VnCiC_dc320b1236f741a98303db9f89bc68a2,manual,bound_cyclic,9.0,5,6,0
q9vSo1VnCiC-29,q9vSo1VnCiC_dc320b1236f741a98303db9f89bc68a2,manual,bound_cyclic,12.0,5,6,0
q9vSo1VnCiC-29,q9vSo1VnCiC_dc320b1236f741a98303db9f89bc68a2,manual,split_free,3.0,5,2,1
q9vSo1VnCiC-29,q9vSo1VnCiC_dc320b1236f741a98303db9f89bc68a2,manual,split_free,6.0,5,6,0
q9vSo1VnCiC-29,q9vSo1VnCiC_dc320b1236f741a98303db9f89bc68a2,manual,split_free,9.0,5,6,0
q9vSo1VnCiC-29,q9vSo1VnCiC_dc320b1236f741a98303db9f89bc68a2,manual,split_free,12.0,5,6,0
q9vSo1VnCiC-29,q9vSo1VnCiC_dc320b1236f741a98303db9f89bc68a2,manual,bound_free,3.0,5,2,1
q9vSo1VnCiC-29,q9vSo1VnCiC_dc320b1236f741a98303db9f89bc68a2,manual,bound_free,6.0,5,6,0
q9vSo1VnCiC-29,q9vSo1VnCiC_dc320b1236f741a98303db9f89bc68a2,manual,bound_free,9.0,5,6,0
q9vSo1VnCiC-29,q9vSo1VnCiC_dc320b1236f741a98303db9f89bc68a2,manual,bound_free,12.0,5,6,0
q9vSo1VnCiC-29,q9vSo1VnCiC_dc320b1236f741a98303db9f89bc68a2,manual,top_fixed,3.0,5,2,1
q9vSo1VnCiC-29,q9vSo1VnCiC_dc320b1236f741a98303db9f89bc68a2,manual,top_fixed,6.0,5,6,0
q9vSo1VnCiC-29,q9vSo1VnCiC_dc320b1236f741a98303db9f89bc68a2,manual,top_fixed,9.0,5,6,0
q9vSo1VnCiC-29,q9vSo1VnCiC_dc320b1236f741a98303db9f89bc68a2,manual,top_fixed,12.0,5,6,0
q9vSo1VnCiC-29,q9vSo1VnCiC_dc320b1236f741a98303db9f89bc68a2,manual,bottom_fixed,3.0,5,5,2
q9vSo1VnCiC-29,q9vSo1VnCiC_dc320b1236f741a98303db9f89bc68a2,manual,bottom_fixed,6.0,5,6,0
q9vSo1VnCiC-29,q9vSo1VnCiC_dc320b1236f741a98303db9f89bc68a2,manual,bottom_fixed,9.0,5,6,0
q9vSo1VnCiC-29,q9vSo1VnCiC_dc320b1236f741a98303db9f89bc68a2,manual,bottom_fixed,12.0,5,6,0
q9vSo1VnCiC-30,q9vSo1VnCiC_dc873df7717c43888a1cff13713fe146,manual,count_only,0.0,5,0,0
q9vSo1VnCiC-30,q9vSo1VnCiC_dc873df7717c43888a1cff13713fe146,manual,split_fixed,3.0,5,0,0
q9vSo1VnCiC-30,q9vSo1VnCiC_dc873df7717c43888a1cff13713fe146,manual,split_fixed,6.0,5,0,0
q9vSo1VnCiC-30,q9vSo1VnCiC_dc873df7717c43888a1cff13713fe146,manual,split_fixed,9.0,5,0,0
q9vSo1VnCiC-30,q9vSo1VnCiC_dc873df7717c43888a1cff13713fe146,manual,split_fixed,12.0,5,0,0
q9vSo1VnCiC-30,q9vSo1VnCiC_dc873df7717c43888a1cff13713fe146,manual,bound_fixed,3.0,5,0,0
q9vSo1VnCiC-30,q9vSo1VnCiC_dc873df7717c43888a1cff13713fe146,manual,bound_fixed,6.0,5,0,0
q9vSo1VnCiC-30,q9vSo1VnCiC_dc873df7717c43888a1cff13713fe146,manual,bound_fixed,9.0,5,0,0
q9vSo1VnCiC-30,q9vSo1VnCiC_dc873df7717c43888a1cff13713fe146,manual,bound_fixed,12.0,5,0,0
q9vSo1VnCiC-30,q9vSo1VnCiC_dc873df7717c43888a1cff13713fe146,manual,split_cyclic,3.0,5,0,0
q9vSo1VnCiC-30,q9vSo1VnCiC_dc873df7717c43888a1cff13713fe146,manual,split_cyclic,6.0,5,0,0
q9vSo1VnCiC-30,q9vSo1VnCiC_dc873df7717c43888a1cff13713fe146,manual,split_cyclic,9.0,5,0,0
q9vSo1VnCiC-30,q9vSo1VnCiC_dc873df7717c43888a1cff13713fe146,manual,split_cyclic,12.0,5,0,0
q9vSo1VnCiC-30,q9vSo1VnCiC_dc873df7717c43888a1cff13713fe146,manual,bound_cyclic,3.0,5,0,0
q9vSo1VnCiC-30,q9vSo1VnCiC_dc873df7717c43888a1cff13713fe146,manual,bound_cyclic,6.0,5,0,0
q9vSo1VnCiC-30,q9vSo1VnCiC_dc873df7717c43888a1cff13713fe146,manual,bound_cyclic,9.0,5,0,0
q9vSo1VnCiC-30,q9vSo1VnCiC_dc873df7717c43888a1cff13713fe146,manual,bound_cyclic,12.0,5,0,0
q9vSo1VnCiC-30,q9vSo1VnCiC_dc873df7717c43888a1cff13713fe146,manual,split_free,3.0,5,0,0
q9vSo1VnCiC-30,q9vSo1VnCiC_dc873df7717c43888a1cff13713fe146,manual,split_free,6.0,5,0,0
q9vSo1VnCiC-30,q9vSo1VnCiC_dc873df7717c43888a1cff13713fe146,manual,split_free,9.0,5,0,0
q9vSo1VnCiC-30,q9vSo1VnCiC_dc873df7717c43888a1cff13713fe146,manual,split_free,12.0,5,0,0
q9vSo1VnCiC-30,q9vSo1VnCiC_dc873df7717c43888a1cff13713fe146,manual,bound_free,3.0,5,0,0
q9vSo1VnCiC-30,q9vSo1VnCiC_dc873df7717c43888a1cff13713fe146,manual,bound_free,6.0,5,0,0
q9vSo1VnCiC-30,q9vSo1VnCiC_dc873df7717c43888a1cff13713fe146,manual,bound_free,9.0,5,0,0
q9vSo1VnCiC-30,q9vSo1VnCiC_dc873df7717c43888a1cff13713fe146,manual,bound_free,12.0,5,0,0
q9vSo1VnCiC-30,q9vSo1VnCiC_dc873df7717c43888a1cff13713fe146,manual,top_fixed,3.0,5,0,0
q9vSo1VnCiC-30,q9vSo1VnCiC_dc873df7717c43888a1cff13713fe146,manual,top_fixed,6.0,5,0,0
q9vSo1VnCiC-30,q9vSo1VnCiC_dc873df7717c43888a1cff13713fe146,manual,top_fixed,9.0,5,0,0
q9vSo1VnCiC-30,q9vSo1VnCiC_dc873df7717c43888a1cff13713fe146,manual,top_fixed,12.0,5,0,0
q9vSo1VnCiC-30,q9vSo1VnCiC_dc873df7717c43888a1cff13713fe146,manual,bottom_fixed,3.0,5,0,0
q9vSo1VnCiC-30,q9vSo1VnCiC_dc873df7717c43888a1cff13713fe146,manual,bottom_fixed,6.0,5,0,0
q9vSo1VnCiC-30,q9vSo1VnCiC_dc873df7717c43888a1cff13713fe146,manual,bottom_fixed,9.0,5,0,0
q9vSo1VnCiC-30,q9vSo1VnCiC_dc873df7717c43888a1cff13713fe146,manual,bottom_fixed,12.0,5,0,0
q9vSo1VnCiC-32,q9vSo1VnCiC_e74e843601574864a14517f990c748a0,manual,count_only,0.0,24,231,0
q9vSo1VnCiC-32,q9vSo1VnCiC_e74e843601574864a14517f990c748a0,manual,split_fixed,3.0,24,14,3
q9vSo1VnCiC-32,q9vSo1VnCiC_e74e843601574864a14517f990c748a0,manual,split_fixed,6.0,24,75,46
q9vSo1VnCiC-32,q9vSo1VnCiC_e74e843601574864a14517f990c748a0,manual,split_fixed,9.0,24,151,85
q9vSo1VnCiC-32,q9vSo1VnCiC_e74e843601574864a14517f990c748a0,manual,split_fixed,12.0,24,178,104
q9vSo1VnCiC-32,q9vSo1VnCiC_e74e843601574864a14517f990c748a0,manual,bound_fixed,3.0,24,14,3
q9vSo1VnCiC-32,q9vSo1VnCiC_e74e843601574864a14517f990c748a0,manual,bound_fixed,6.0,24,75,46
q9vSo1VnCiC-32,q9vSo1VnCiC_e74e843601574864a14517f990c748a0,manual,bound_fixed,9.0,24,151,85
q9vSo1VnCiC-32,q9vSo1VnCiC_e74e843601574864a14517f990c748a0,manual,bound_fixed,12.0,24,178,104
q9vSo1VnCiC-32,q9vSo1VnCiC_e74e843601574864a14517f990c748a0,manual,split_cyclic,3.0,24,14,3
q9vSo1VnCiC-32,q9vSo1VnCiC_e74e843601574864a14517f990c748a0,manual,split_cyclic,6.0,24,75,46
q9vSo1VnCiC-32,q9vSo1VnCiC_e74e843601574864a14517f990c748a0,manual,split_cyclic,9.0,24,151,85
q9vSo1VnCiC-32,q9vSo1VnCiC_e74e843601574864a14517f990c748a0,manual,split_cyclic,12.0,24,178,104
q9vSo1VnCiC-32,q9vSo1VnCiC_e74e843601574864a14517f990c748a0,manual,bound_cyclic,3.0,24,14,3
q9vSo1VnCiC-32,q9vSo1VnCiC_e74e843601574864a14517f990c748a0,manual,bound_cyclic,6.0,24,75,46
q9vSo1VnCiC-32,q9vSo1VnCiC_e74e843601574864a14517f990c748a0,manual,bound_cyclic,9.0,24,151,85
q9vSo1VnCiC-32,q9vSo1VnCiC_e74e843601574864a14517f990c748a0,manual,bound_cyclic,12.0,24,178,104
q9vSo1VnCiC-32,q9vSo1VnCiC_e74e843601574864a14517f990c748a0,manual,split_free,3.0,24,14,3
q9vSo1VnCiC-32,q9vSo1VnCiC_e74e843601574864a14517f990c748a0,manual,split_free,6.0,24,75,46
q9vSo1VnCiC-32,q9vSo1VnCiC_e74e843601574864a14517f990c748a0,manual,split_free,9.0,24,151,85
q9vSo1VnCiC-32,q9vSo1VnCiC_e74e843601574864a14517f990c748a0,manual,split_free,12.0,24,178,104
q9vSo1VnCiC-32,q9vSo1VnCiC_e74e843601574864a14517f990c748a0,manual,bound_free,3.0,24,14,3
q9vSo1VnCiC-32,q9vSo1VnCiC_e74e843601574864a14517f990c748a0,manual,bound_free,6.0,24,75,46
q9vSo1VnCiC-32,q9vSo1VnCiC_e74e843601574864a14517f990c748a0,manual,bound_free,9.0,24,151,85
q9vSo1VnCiC-32,q9vSo1VnCiC_e74e843601574864a14517f990c748a0,manual,bound_free,12.0,24,178,104
q9vSo1VnCiC-32,q9vSo1VnCiC_e74e843601574864a14517f990c748a0,manual,top_fixed,3.0,24,43,22
q9vSo1VnCiC-32,q9vSo1VnCiC_e74e843601574864a14517f990c748a0,manual,top_fixed,6.0,24,143,91
q9vSo1VnCiC-32,q9vSo1VnCiC_e74e843601574864a14517f990c748a0,manual,top_fixed,9.0,24,183,11
q9vSo1VnCiC-32,q9vSo1VnCiC_e74e843601574864a14517f990c748a0,manual,top_fixed,12.0,24,187,15
q9vSo1VnCiC-32,q9vSo1VnCiC_e74e843601574864a14517f990c748a0,manual,bottom_fixed,3.0,24,21,6
q9vSo1VnCiC-32,q9vSo1VnCiC_e74e843601574864a14517f990c748a0,manual,bottom_fixed,6.0,24,88,55
q9vSo1VnCiC-32,q9vSo1VnCiC_e74e843601574864a14517f990c748a0,manual,bottom_fixed,9.0,24,155,83
q9vSo1VnCiC-32,q9vSo1VnCiC_e74e843601574864a14517f990c748a0,manual,bottom_fixed,12.0,24,182,82
q9vSo1VnCiC-34,q9vSo1VnCiC_f7452776f0604b508bb2b0263238deb0,manual,count_only,0.0,5,6,0
q9vSo1VnCiC-34,q9vSo1VnCiC_f7452776f0604b508bb2b0263238deb0,manual,split_fixed,3.0,5,2,1
q9vSo1VnCiC-34,q9vSo1VnCiC_f7452776f0604b508bb2b0263238deb0,manual,split_fixed,6.0,5,6,0
q9vSo1VnCiC-34,q9vSo1VnCiC_f7452776f0604b508bb2b0263238deb0,manual,split_fixed,9.0,5,6,0
q9vSo1VnCiC-34,q9vSo1VnCiC_f7452776f0604b508bb2b0263238deb0,manual,split_fixed,12.0,5,6,0
q9vSo1VnCiC-34,q9vSo1VnCiC_f7452776f0604b508bb2b0263238deb0,manual,bound_fixed,3.0,5,2,1
q9vSo1VnCiC-34,q9vSo1VnCiC_f7452776f0604b508bb2b0263238deb0,manual,bound_fixed,6.0,5,6,0
q9vSo1VnCiC-34,q9vSo1VnCiC_f7452776f0604b508bb2b0263238deb0,manual,bound_fixed,9.0,5,6,0
q9vSo1VnCiC-34,q9vSo1VnCiC_f7452776f0604b508bb2b0263238deb0,manual,bound_fixed,12.0,5,6,0
q9vSo1VnCiC-34,q9vSo1VnCiC_f7452776f0604b508bb2b0263238deb0,manual,split_cyclic,3.0,5,2,1
q9vSo1VnCiC-34,q9vSo1VnCiC_f7452776f0604b508bb2b0263238deb0,manual,split_cyclic,6.0,5,6,0
q9vSo1VnCiC-34,q9vSo1VnCiC_f7452776f0604b508bb2b0263238deb0,manual,split_cyclic,9.0,5,6,0
q9vSo1VnCiC-34,q9vSo1VnCiC_f7452776f0604b508bb2b0263238deb0,manual,split_cyclic,12.0,5,6,0
q9vSo1VnCiC-34,q9vSo1VnCiC_f7452776f0604b508bb2b0263238deb0,manual,bound_cyclic,3.0,5,2,1
q9vSo1VnCiC-34,q9vSo1VnCiC_f7452776f0604b508bb2b0263238deb0,manual,bound_cyclic,6.0,5,6,0
q9vSo1VnCiC-34,q9vSo1VnCiC_f7452776f0604b508bb2b0263238deb0,manual,bound_cyclic,9.0,5,6,0
q9vSo1VnCiC-34,q9vSo1VnCiC_f7452776f0604b508bb2b0263238deb0,manual,bound_cyclic,12.0,5,6,0
q9vSo1VnCiC-34,q9vSo1VnCiC_f7452776f0604b508bb2b0263238deb0,manual,split_free,3.0,5,2,1
q9vSo1VnCiC-34,q9vSo1VnCiC_f7452776f0604b508bb2b0263238deb0,manual,split_free,6.0,5,6,0
q9vSo1VnCiC-34,q9vSo1VnCiC_f7452776f0604b508bb2b0263238deb0,manual,split_free,9.0,5,6,0
q9vSo1VnCiC-34,q9vSo1VnCiC_f7452776f0604b508bb2b0263238deb0,manual,split_free,12.0,5,6,0
q9vSo1VnCiC-34,q9vSo1VnCiC_f7452776f0604b508bb2b0263238deb0,manual,bound_free,3.0,5,2,1
q9vSo1VnCiC-34,q9vSo1VnCiC_f7452776f0604b508bb2b0263238deb0,manual,bound_free,6.0,5,6,0
q9vSo1VnCiC-34,q9vSo1VnCiC_f7452776f0604b508bb2b0263238deb0,manual,bound_free,9.0,5,6,0
q9vSo1VnCiC-34,q9vSo1VnCiC_f7452776f0604b508bb2b0263238deb0,manual,bound_free,12.0,5,6,0
q9vSo1VnCiC-34,q9vSo1VnCiC_f7452776f0604b508bb2b0263238deb0,manual,top_fixed,3.0,5,2,1
q9vSo1VnCiC-34,q9vSo1VnCiC_f7452776f0604b508bb2b0263238deb0,manual,top_fixed,6.0,5,6,0
q9vSo1VnCiC-34,q9vSo1VnCiC_f7452776f0604b508bb2b0263238deb0,manual,top_fixed,9.0,5,6,0
q9vSo1VnCiC-34,q9vSo1VnCiC_f7452776f0604b508bb2b0263238deb0,manual,top_fixed,12.0,5,6,0
q9vSo1VnCiC-34,q9vSo1VnCiC_f7452776f0604b508bb2b0263238deb0,manual,bottom_fixed,3.0,5,2,1
q9vSo1VnCiC-34,q9vSo1VnCiC_f7452776f0604b508bb2b0263238deb0,manual,bottom_fixed,6.0,5,6,0
q9vSo1VnCiC-34,q9vSo1VnCiC_f7452776f0604b508bb2b0263238deb0,manual,bottom_fixed,9.0,5,6,0
q9vSo1VnCiC-34,q9vSo1VnCiC_f7452776f0604b508bb2b0263238deb0,manual,bottom_fixed,12.0,5,6,0
rPc6DW4iMge-01,rPc6DW4iMge_0012f6dcce9645778ac459e189cf0db3,manual,count_only,0.0,23,211,0
rPc6DW4iMge-01,rPc6DW4iMge_0012f6dcce9645778ac459e189cf0db3,manual,split_fixed,3.0,23,43,26
rPc6DW4iMge-01,rPc6DW4iMge_0012f6dcce9645778ac459e189cf0db3,manual,split_fixed,6.0,23,153,79
rPc6DW4iMge-01,rPc6DW4iMge_0012f6dcce9645778ac459e189cf0db3,manual,split_fixed,9.0,23,193,39
rPc6DW4iMge-01,rPc6DW4iMge_0012f6dcce9645778ac459e189cf0db3,manual,split_fixed,12.0,23,209,36
rPc6DW4iMge-01,rPc6DW4iMge_0012f6dcce9645778ac459e189cf0db3,manual,bound_fixed,3.0,23,43,26
rPc6DW4iMge-01,rPc6DW4iMge_0012f6dcce9645778ac459e189cf0db3,manual,bound_fixed,6.0,23,153,79
rPc6DW4iMge-01,rPc6DW4iMge_0012f6dcce9645778ac459e189cf0db3,manual,bound_fixed,9.0,23,193,39
rPc6DW4iMge-01,rPc6DW4iMge_0012f6dcce9645778ac459e189cf0db3,manual,bound_fixed,12.0,23,209,36
rPc6DW4iMge-01,rPc6DW4iMge_0012f6dcce9645778ac459e189cf0db3,manual,split_cyclic,3.0,23,43,26
rPc6DW4iMge-01,rPc6DW4iMge_0012f6dcce9645778ac459e189cf0db3,manual,split_cyclic,6.0,23,153,79
rPc6DW4iMge-01,rPc6DW4iMge_0012f6dcce9645778ac459e189cf0db3,manual,split_cyclic,9.0,23,193,39
rPc6DW4iMge-01,rPc6DW4iMge_0012f6dcce9645778ac459e189cf0db3,manual,split_cyclic,12.0,23,209,36
rPc6DW4iMge-01,rPc6DW4iMge_0012f6dcce9645778ac459e189cf0db3,manual,bound_cyclic,3.0,23,43,26
rPc6DW4iMge-01,rPc6DW4iMge_0012f6dcce9645778ac459e189cf0db3,manual,bound_cyclic,6.0,23,153,79
rPc6DW4iMge-01,rPc6DW4iMge_0012f6dcce9645778ac459e189cf0db3,manual,bound_cyclic,9.0,23,193,39
rPc6DW4iMge-01,rPc6DW4iMge_0012f6dcce9645778ac459e189cf0db3,manual,bound_cyclic,12.0,23,209,36
rPc6DW4iMge-01,rPc6DW4iMge_0012f6dcce9645778ac459e189cf0db3,manual,split_free,3.0,23,43,26
rPc6DW4iMge-01,rPc6DW4iMge_0012f6dcce9645778ac459e189cf0db3,manual,split_free,6.0,23,153,79
rPc6DW4iMge-01,rPc6DW4iMge_0012f6dcce9645778ac459e189cf0db3,manual,split_free,9.0,23,193,39
rPc6DW4iMge-01,rPc6DW4iMge_0012f6dcce9645778ac459e189cf0db3,manual,split_free,12.0,23,209,36
rPc6DW4iMge-01,rPc6DW4iMge_0012f6dcce9645778ac459e189cf0db3,manual,bound_free,3.0,23,43,26
rPc6DW4iMge-01,rPc6DW4iMge_0012f6dcce9645778ac459e189cf0db3,manual,bound_free,6.0,23,153,79
rPc6DW4iMge-01,rPc6DW4iMge_0012f6dcce9645778ac459e189cf0db3,manual,bound_free,9.0,23,193,39
rPc6DW4iMge-01,rPc6DW4iMge_0012f6dcce9645778ac459e189cf0db3,manual,bound_free,12.0,23,209,36
rPc6DW4iMge-01,rPc6DW4iMge_0012f6dcce9645778ac459e189cf0db3,manual,top_fixed,3.0,23,58,36
rPc6DW4iMge-01,rPc6DW4iMge_0012f6dcce9645778ac459e189cf0db3,manual,top_fixed,6.0,23,158,68
rPc6DW4iMge-01,rPc6DW4iMge_0012f6dcce9645778ac459e189cf0db3,manual,top_fixed,9.0,23,194,99
rPc6DW4iMge-01,rPc6DW4iMge_0012f6dcce9645778ac459e189cf0db3,manual,top_fixed,12.0,23,209,88
rPc6DW4iMge-01,rPc6DW4iMge_0012f6dcce9645778ac459e189cf0db3,manual,bottom_fixed,3.0,23,93,62
rPc6DW4iMge-01,rPc6DW4iMge_0012f6dcce9645778ac459e189cf0db3,manual,bottom_fixed,6.0,23,197,43
rPc6DW4iMge-01,rPc6DW4iMge_0012f6dcce9645778ac459e189cf0db3,manual,bottom_fixed,9.0,23,208,36
rPc6DW4iMge-01,rPc6DW4iMge_0012f6dcce9645778ac459e189cf0db3,manual,bottom_fixed,12.0,23,211,0
rPc6DW4iMge-05,rPc6DW4iMge_0dfe61800cc540db8e25c1738bc4b8ff,manual,count_only,0.0,5,2,0
rPc6DW4iMge-05,rPc6DW4iMge_0dfe61800cc540db8e25c1738bc4b8ff,manual,split_fixed,3.0,5,0,0
rPc6DW4iMge-05,rPc6DW4iMge_0dfe61800cc540db8e25c1738bc4b8ff,manual,split_fixed,6.0,5,0,0
rPc6DW4iMge-05,rPc6DW4iMge_0dfe61800cc540db8e25c1738bc4b8ff,manual,split_fixed,9.0,5,0,0
rPc6DW4iMge-05,rPc6DW4iMge_0dfe61800cc540db8e25c1738bc4b8ff,manual,split_fixed,12.0,5,2,0
rPc6DW4iMge-05,rPc6DW4iMge_0dfe61800cc540db8e25c1738bc4b8ff,manual,bound_fixed,3.0,5,0,0
rPc6DW4iMge-05,rPc6DW4iMge_0dfe61800cc540db8e25c1738bc4b8ff,manual,bound_fixed,6.0,5,0,0
rPc6DW4iMge-05,rPc6DW4iMge_0dfe61800cc540db8e25c1738bc4b8ff,manual,bound_fixed,9.0,5,0,0
rPc6DW4iMge-05,rPc6DW4iMge_0dfe61800cc540db8e25c1738bc4b8ff,manual,bound_fixed,12.0,5,2,0
rPc6DW4iMge-05,rPc6DW4iMge_0dfe61800cc540db8e25c1738bc4b8ff,manual,split_cyclic,3.0,5,0,0
rPc6DW4iMge-05,rPc6DW4iMge_0dfe61800cc540db8e25c1738bc4b8ff,manual,split_cyclic,6.0,5,0,0
rPc6DW4iMge-05,rPc6DW4iMge_0dfe61800cc540db8e25c1738bc4b8ff,manual,split_cyclic,9.0,5,0,0
rPc6DW4iMge-05,rPc6DW4iMge_0dfe61800cc540db8e25c1738bc4b8ff,manual,split_cyclic,12.0,5,2,0
rPc6DW4iMge-05,rPc6DW4iMge_0dfe61800cc540db8e25c1738bc4b8ff,manual,bound_cyclic,3.0,5,0,0
rPc6DW4iMge-05,rPc6DW4iMge_0dfe61800cc540db8e25c1738bc4b8ff,manual,bound_cyclic,6.0,5,0,0
rPc6DW4iMge-05,rPc6DW4iMge_0dfe61800cc540db8e25c1738bc4b8ff,manual,bound_cyclic,9.0,5,0,0
rPc6DW4iMge-05,rPc6DW4iMge_0dfe61800cc540db8e25c1738bc4b8ff,manual,bound_cyclic,12.0,5,2,0
rPc6DW4iMge-05,rPc6DW4iMge_0dfe61800cc540db8e25c1738bc4b8ff,manual,split_free,3.0,5,0,0
rPc6DW4iMge-05,rPc6DW4iMge_0dfe61800cc540db8e25c1738bc4b8ff,manual,split_free,6.0,5,0,0
rPc6DW4iMge-05,rPc6DW4iMge_0dfe61800cc540db8e25c1738bc4b8ff,manual,split_free,9.0,5,0,0
rPc6DW4iMge-05,rPc6DW4iMge_0dfe61800cc540db8e25c1738bc4b8ff,manual,split_free,12.0,5,2,0
rPc6DW4iMge-05,rPc6DW4iMge_0dfe61800cc540db8e25c1738bc4b8ff,manual,bound_free,3.0,5,0,0
rPc6DW4iMge-05,rPc6DW4iMge_0dfe61800cc540db8e25c1738bc4b8ff,manual,bound_free,6.0,5,0,0
rPc6DW4iMge-05,rPc6DW4iMge_0dfe61800cc540db8e25c1738bc4b8ff,manual,bound_free,9.0,5,0,0
rPc6DW4iMge-05,rPc6DW4iMge_0dfe61800cc540db8e25c1738bc4b8ff,manual,bound_free,12.0,5,2,0
rPc6DW4iMge-05,rPc6DW4iMge_0dfe61800cc540db8e25c1738bc4b8ff,manual,top_fixed,3.0,5,0,0
rPc6DW4iMge-05,rPc6DW4iMge_0dfe61800cc540db8e25c1738bc4b8ff,manual,top_fixed,6.0,5,2,0
rPc6DW4iMge-05,rPc6DW4iMge_0dfe61800cc540db8e25c1738bc4b8ff,manual,top_fixed,9.0,5,2,0
rPc6DW4iMge-05,rPc6DW4iMge_0dfe61800cc540db8e25c1738bc4b8ff,manual,top_fixed,12.0,5,2,0
rPc6DW4iMge-05,rPc6DW4iMge_0dfe61800cc540db8e25c1738bc4b8ff,manual,bottom_fixed,3.0,5,0,0
rPc6DW4iMge-05,rPc6DW4iMge_0dfe61800cc540db8e25c1738bc4b8ff,manual,bottom_fixed,6.0,5,0,0
rPc6DW4iMge-05,rPc6DW4iMge_0dfe61800cc540db8e25c1738bc4b8ff,manual,bottom_fixed,9.0,5,0,0
rPc6DW4iMge-05,rPc6DW4iMge_0dfe61800cc540db8e25c1738bc4b8ff,manual,bottom_fixed,12.0,5,2,0
rPc6DW4iMge-06,rPc6DW4iMge_186a32a1b7e34cb797731bfa78365db5,manual,count_only,0.0,24,66,0
rPc6DW4iMge-06,rPc6DW4iMge_186a32a1b7e34cb797731bfa78365db5,manual,split_fixed,3.0,24,15,0
rPc6DW4iMge-06,rPc6DW4iMge_186a32a1b7e34cb797731bfa78365db5,manual,split_fixed,6.0,24,17,1
rPc6DW4iMge-06,rPc6DW4iMge_186a32a1b7e34cb797731bfa78365db5,manual,split_fixed,9.0,24,36,4
rPc6DW4iMge-06,rPc6DW4iMge_186a32a1b7e34cb797731bfa78365db5,manual,split_fixed,12.0,24,40,0
rPc6DW4iMge-06,rPc6DW4iMge_186a32a1b7e34cb797731bfa78365db5,manual,bound_fixed,3.0,24,15,0
rPc6DW4iMge-06,rPc6DW4iMge_186a32a1b7e34cb797731bfa78365db5,manual,bound_fixed,6.0,24,17,1
rPc6DW4iMge-06,rPc6DW4iMge_186a32a1b7e34cb797731bfa78365db5,manual,bound_fixed,9.0,24,36,4
rPc6DW4iMge-06,rPc6DW4iMge_186a32a1b7e34cb797731bfa78365db5,manual,bound_fixed,12.0,24,40,0
rPc6DW4iMge-06,rPc6DW4iMge_186a32a1b7e34cb797731bfa78365db5,manual,split_cyclic,3.0,24,15,0
rPc6DW4iMge-06,rPc6DW4iMge_186a32a1b7e34cb797731bfa78365db5,manual,split_cyclic,6.0,24,17,1
rPc6DW4iMge-06,rPc6DW4iMge_186a32a1b7e34cb797731bfa78365db5,manual,split_cyclic,9.0,24,36,4
rPc6DW4iMge-06,rPc6DW4iMge_186a32a1b7e34cb797731bfa78365db5,manual,split_cyclic,12.0,24,40,0
rPc6DW4iMge-06,rPc6DW4iMge_186a32a1b7e34cb797731bfa78365db5,manual,bound_cyclic,3.0,24,15,0
rPc6DW4iMge-06,rPc6DW4iMge_186a32a1b7e34cb797731bfa78365db5,manual,bound_cyclic,6.0,24,17,1
rPc6DW4iMge-06,rPc6DW4iMge_186a32a1b7e34cb797731bfa78365db5,manual,bound_cyclic,9.0,24,36,4
rPc6DW4iMge-06,rPc6DW4iMge_186a32a1b7e34cb797731bfa78365db5,manual,bound_cyclic,12.0,24,40,0
rPc6DW4iMge-06,rPc6DW4iMge_186a32a1b7e34cb797731bfa78365db5,manual,split_free,3.0,24,15,0
rPc6DW4iMge-06,rPc6DW4iMge_186a32a1b7e34cb797731bfa78365db5,manual,split_free,6.0,24,17,1
rPc6DW4iMge-06,rPc6DW4iMge_186a32a1b7e34cb797731bfa78365db5,manual,split_free,9.0,24,36,4
rPc6DW4iMge-06,rPc6DW4iMge_186a32a1b7e34cb797731bfa78365db5,manual,split_free,12.0,24,40,0
rPc6DW4iMge-06,rPc6DW4iMge_186a32a1b7e34cb797731bfa78365db5,manual,bound_free,3.0,24,15,0
rPc6DW4iMge-06,rPc6DW4iMge_186a32a1b7e34cb797731bfa78365db5,manual,bound_free,6.0,24,17,1
rPc6DW4iMge-06,rPc6DW4iMge_186a32a1b7e34cb797731bfa78365db5,manual,bound_free,9.0,24,36,4
rPc6DW4iMge-06,rPc6DW4iMge_186a32a1b7e34cb797731bfa78365db5,manual,bound_free,12.0,24,40,0
rPc6DW4iMge-06,rPc6DW4iMge_186a32a1b7e34cb797731bfa78365db5,manual,top_fixed,3.0,24,16,0
rPc6DW4iMge-06,rPc6DW4iMge_186a32a1b7e34cb797731bfa78365db5,manual,top_fixed,6.0,24,28,3
rPc6DW4iMge-06,rPc6DW4iMge_186a32a1b7e34cb797731bfa78365db5,manual,top_fixed,9.0,24,36,10
rPc6DW4iMge-06,rPc6DW4iMge_186a32a1b7e34cb797731bfa78365db5,manual,top_fixed,12.0,24,41,1
rPc6DW4iMge-06,rPc6DW4iMge_186a32a1b7e34cb797731bfa78365db5,manual,bottom_fixed,3.0,24,15,0
rPc6DW4iMge-06,rPc6DW4iMge_186a32a1b7e34cb797731bfa78365db5,manual,bottom_fixed,6.0,24,19,1
rPc6DW4iMge-06,rPc6DW4iMge_186a32a1b7e34cb797731bfa78365db5,manual,bottom_fixed,9.0,24,40,0
rPc6DW4iMge-06,rPc6DW4iMge_186a32a1b7e34cb797731bfa78365db5,manual,bottom_fixed,12.0,24,40,0
rPc6DW4iMge-09,rPc6DW4iMge_1f14902595544e389c9c910c444e79e7,manual,count_only,0.0,24,193,0
rPc6DW4iMge-09,rPc6DW4iMge_1f14902595544e389c9c910c444e79e7,manual,split_fixed,3.0,24,28,11
rPc6DW4iMge-09,rPc6DW4iMge_1f14902595544e389c9c910c444e79e7,manual,split_fixed,6.0,24,109,73
rPc6DW4iMge-09,rPc6DW4iMge_1f14902595544e389c9c910c444e79e7,manual,split_fixed,9.0,24,151,22
rPc6DW4iMge-09,rPc6DW4iMge_1f14902595544e389c9c910c444e79e7,manual,split_fixed,12.0,24,183,54
rPc6DW4iMge-09,rPc6DW4iMge_1f14902595544e389c9c910c444e79e7,manual,bound_fixed,3.0,24,28,11
rPc6DW4iMge-09,rPc6DW4iMge_1f14902595544e389c9c910c444e79e7,manual,bound_fixed,6.0,24,109,73
rPc6DW4iMge-09,rPc6DW4iMge_1f14902595544e389c9c910c444e79e7,manual,bound_fixed,9.0,24,151,22
rPc6DW4iMge-09,rPc6DW4iMge_1f14902595544e389c9c910c444e79e7,manual,bound_fixed,12.0,24,183,54
rPc6DW4iMge-09,rPc6DW4iMge_1f14902595544e389c9c910c444e79e7,manual,split_cyclic,3.0,24,28,11
rPc6DW4iMge-09,rPc6DW4iMge_1f14902595544e389c9c910c444e79e7,manual,split_cyclic,6.0,24,109,73
rPc6DW4iMge-09,rPc6DW4iMge_1f14902595544e389c9c910c444e79e7,manual,split_cyclic,9.0,24,151,22
rPc6DW4iMge-09,rPc6DW4iMge_1f14902595544e389c9c910c444e79e7,manual,split_cyclic,12.0,24,183,54
rPc6DW4iMge-09,rPc6DW4iMge_1f14902595544e389c9c910c444e79e7,manual,bound_cyclic,3.0,24,28,11
rPc6DW4iMge-09,rPc6DW4iMge_1f14902595544e389c9c910c444e79e7,manual,bound_cyclic,6.0,24,109,73
rPc6DW4iMge-09,rPc6DW4iMge_1f14902595544e389c9c910c444e79e7,manual,bound_cyclic,9.0,24,151,22
rPc6DW4iMge-09,rPc6DW4iMge_1f14902595544e389c9c910c444e79e7,manual,bound_cyclic,12.0,24,183,54
rPc6DW4iMge-09,rPc6DW4iMge_1f14902595544e389c9c910c444e79e7,manual,split_free,3.0,24,28,11
rPc6DW4iMge-09,rPc6DW4iMge_1f14902595544e389c9c910c444e79e7,manual,split_free,6.0,24,109,73
rPc6DW4iMge-09,rPc6DW4iMge_1f14902595544e389c9c910c444e79e7,manual,split_free,9.0,24,151,22
rPc6DW4iMge-09,rPc6DW4iMge_1f14902595544e389c9c910c444e79e7,manual,split_free,12.0,24,183,54
rPc6DW4iMge-09,rPc6DW4iMge_1f14902595544e389c9c910c444e79e7,manual,bound_free,3.0,24,28,11
rPc6DW4iMge-09,rPc6DW4iMge_1f14902595544e389c9c910c444e79e7,manual,bound_free,6.0,24,109,73
rPc6DW4iMge-09,rPc6DW4iMge_1f14902595544e389c9c910c444e79e7,manual,bound_free,9.0,24,151,22
rPc6DW4iMge-09,rPc6DW4iMge_1f14902595544e389c9c910c444e79e7,manual,bound_free,12.0,24,183,54
rPc6DW4iMge-09,rPc6DW4iMge_1f14902595544e389c9c910c444e79e7,manual,top_fixed,3.0,24,46,28
rPc6DW4iMge-09,rPc6DW4iMge_1f14902595544e389c9c910c444e79e7,manual,top_fixed,6.0,24,142,96
rPc6DW4iMge-09,rPc6DW4iMge_1f14902595544e389c9c910c444e79e7,manual,top_fixed,9.0,24,181,39
rPc6DW4iMge-09,rPc6DW4iMge_1f14902595544e389c9c910c444e79e7,manual,top_fixed,12.0,24,193,0
rPc6DW4iMge-09,rPc6DW4iMge_1f14902595544e389c9c910c444e79e7,manual,bottom_fixed,3.0,24,59,35
rPc6DW4iMge-09,rPc6DW4iMge_1f14902595544e389c9c910c444e79e7,manual,bottom_fixed,6.0,24,118,8
rPc6DW4iMge-09,rPc6DW4iMge_1f14902595544e389c9c910c444e79e7,manual,bottom_fixed,9.0,24,154,25
rPc6DW4iMge-09,rPc6DW4iMge_1f14902595544e389c9c910c444e79e7,manual,bottom_fixed,12.0,24,183,54
rPc6DW4iMge-13,rPc6DW4iMge_4350d36797324601adba7351d09602d2,manual,count_only,0.0,5,10,0
rPc6DW4iMge-13,rPc6DW4iMge_4350d36797324601adba7351d09602d2,manual,split_fixed,3.0,5,1,0
rPc6DW4iMge-13,rPc6DW4iMge_4350d36797324601adba7351d09602d2,manual,split_fixed,6.0,5,8,2
rPc6DW4iMge-13,rPc6DW4iMge_4350d36797324601adba7351d09602d2,manual,split_fixed,9.0,5,10,0
rPc6DW4iMge-13,rPc6DW4iMge_4350d36797324601adba7351d09602d2,manual,split_fixed,12.0,5,10,0
rPc6DW4iMge-13,rPc6DW4iMge_4350d36797324601adba7351d09602d2,manual,bound_fixed,3.0,5,1,0
rPc6DW4iMge-13,rPc6DW4iMge_4350d36797324601adba7351d09602d2,manual,bound_fixed,6.0,5,8,2
rPc6DW4iMge-13,rPc6DW4iMge_4350d36797324601adba7351d09602d2,manual,bound_fixed,9.0,5,10,0
rPc6DW4iMge-13,rPc6DW4iMge_4350d36797324601adba7351d09602d2,manual,bound_fixed,12.0,5,10,0
rPc6DW4iMge-13,rPc6DW4iMge_4350d36797324601adba7351d09602d2,manual,split_cyclic,3.0,5,1,0
rPc6DW4iMge-13,rPc6DW4iMge_4350d36797324601adba7351d09602d2,manual,split_cyclic,6.0,5,8,2
rPc6DW4iMge-13,rPc6DW4iMge_4350d36797324601adba7351d09602d2,manual,split_cyclic,9.0,5,10,0
rPc6DW4iMge-13,rPc6DW4iMge_4350d36797324601adba7351d09602d2,manual,split_cyclic,12.0,5,10,0
rPc6DW4iMge-13,rPc6DW4iMge_4350d36797324601adba7351d09602d2,manual,bound_cyclic,3.0,5,1,0
rPc6DW4iMge-13,rPc6DW4iMge_4350d36797324601adba7351d09602d2,manual,bound_cyclic,6.0,5,8,2
rPc6DW4iMge-13,rPc6DW4iMge_4350d36797324601adba7351d09602d2,manual,bound_cyclic,9.0,5,10,0
rPc6DW4iMge-13,rPc6DW4iMge_4350d36797324601adba7351d09602d2,manual,bound_cyclic,12.0,5,10,0
rPc6DW4iMge-13,rPc6DW4iMge_4350d36797324601adba7351d09602d2,manual,split_free,3.0,5,1,0
rPc6DW4iMge-13,rPc6DW4iMge_4350d36797324601adba7351d09602d2,manual,split_free,6.0,5,8,2
rPc6DW4iMge-13,rPc6DW4iMge_4350d36797324601adba7351d09602d2,manual,split_free,9.0,5,10,0
rPc6DW4iMge-13,rPc6DW4iMge_4350d36797324601adba7351d09602d2,manual,split_free,12.0,5,10,0
rPc6DW4iMge-13,rPc6DW4iMge_4350d36797324601adba7351d09602d2,manual,bound_free,3.0,5,1,0
rPc6DW4iMge-13,rPc6DW4iMge_4350d36797324601adba7351d09602d2,manual,bound_free,6.0,5,8,2
rPc6DW4iMge-13,rPc6DW4iMge_4350d36797324601adba7351d09602d2,manual,bound_free,9.0,5,10,0
rPc6DW4iMge-13,rPc6DW4iMge_4350d36797324601adba7351d09602d2,manual,bound_free,12.0,5,10,0
rPc6DW4iMge-13,rPc6DW4iMge_4350d36797324601adba7351d09602d2,manual,top_fixed,3.0,5,2,1
rPc6DW4iMge-13,rPc6DW4iMge_4350d36797324601adba7351d09602d2,manual,top_fixed,6.0,5,8,2
rPc6DW4iMge-13,rPc6DW4iMge_4350d36797324601adba7351d09602d2,manual,top_fixed,9.0,5,10,0
rPc6DW4iMge-13,rPc6DW4iMge_4350d36797324601adba7351d09602d2,manual,top_fixed,12.0,5,10,0
rPc6DW4iMge-13,rPc6DW4iMge_4350d36797324601adba7351d09602d2,manual,bottom_fixed,3.0,5,8,4
rPc6DW4iMge-13,rPc6DW4iMge_4350d36797324601adba7351d09602d2,manual,bottom_fixed,6.0,5,10,0
rPc6DW4iMge-13,rPc6DW4iMge_4350d36797324601adba7351d09602d2,manual,bottom_fixed,9.0,5,10,0
rPc6DW4iMge-13,rPc6DW4iMge_4350d36797324601adba7351d09602d2,manual,bottom_fixed,12.0,5,10,0
rPc6DW4iMge-15,rPc6DW4iMge_9d3eb9f5d38844bfb4e5fb2cd05fd3fd,manual,count_only,0.0,23,231,0
rPc6DW4iMge-15,rPc6DW4iMge_9d3eb9f5d38844bfb4e5fb2cd05fd3fd,manual,split_fixed,3.0,23,32,14
rPc6DW4iMge-15,rPc6DW4iMge_9d3eb9f5d38844bfb4e5fb2cd05fd3fd,manual,split_fixed,6.0,23,156,103
rPc6DW4iMge-15,rPc6DW4iMge_9d3eb9f5d38844bfb4e5fb2cd05fd3fd,manual,split_fixed,9.0,23,213,111
rPc6DW4iMge-15,rPc6DW4iMge_9d3eb9f5d38844bfb4e5fb2cd05fd3fd,manual,split_fixed,12.0,23,230,20
rPc6DW4iMge-15,rPc6DW4iMge_9d3eb9f5d38844bfb4e5fb2cd05fd3fd,manual,bound_fixed,3.0,23,32,14
rPc6DW4iMge-15,rPc6DW4iMge_9d3eb9f5d38844bfb4e5fb2cd05fd3fd,manual,bound_fixed,6.0,23,156,103
rPc6DW4iMge-15,rPc6DW4iMge_9d3eb9f5d38844bfb4e5fb2cd05fd3fd,manual,bound_fixed,9.0,23,213,111
rPc6DW4iMge-15,rPc6DW4iMge_9d3eb9f5d38844bfb4e5fb2cd05fd3fd,manual,bound_fixed,12.0,23,230,20
rPc6DW4iMge-15,rPc6DW4iMge_9d3eb9f5d38844bfb4e5fb2cd05fd3fd,manual,split_cyclic,3.0,23,32,14
rPc6DW4iMge-15,rPc6DW4iMge_9d3eb9f5d38844bfb4e5fb2cd05fd3fd,manual,split_cyclic,6.0,23,156,103
rPc6DW4iMge-15,rPc6DW4iMge_9d3eb9f5d38844bfb4e5fb2cd05fd3fd,manual,split_cyclic,9.0,23,213,111
rPc6DW4iMge-15,rPc6DW4iMge_9d3eb9f5d38844bfb4e5fb2cd05fd3fd,manual,split_cyclic,12.0,23,230,20
rPc6DW4iMge-15,rPc6DW4iMge_9d3eb9f5d38844bfb4e5fb2cd05fd3fd,manual,bound_cyclic,3.0,23,32,14
rPc6DW4iMge-15,rPc6DW4iMge_9d3eb9f5d38844bfb4e5fb2cd05fd3fd,manual,bound_cyclic,6.0,23,156,103
rPc6DW4iMge-15,rPc6DW4iMge_9d3eb9f5d38844bfb4e5fb2cd05fd3fd,manual,bound_cyclic,9.0,23,213,111
rPc6DW4iMge-15,rPc6DW4iMge_9d3eb9f5d38844bfb4e5fb2cd05fd3fd,manual,bound_cyclic,12.0,23,230,20
rPc6DW4iMge-15,rPc6DW4iMge_9d3eb9f5d38844bfb4e5fb2cd05fd3fd,manual,split_free,3.0,23,32,14
rPc6DW4iMge-15,rPc6DW4iMge_9d3eb9f5d38844bfb4e5fb2cd05fd3fd,manual,split_free,6.0,23,156,103
rPc6DW4iMge-15,rPc6DW4iMge_9d3eb9f5d38844bfb4e5fb2cd05fd3fd,manual,split_free,9.0,23,213,111
rPc6DW4iMge-15,rPc6DW4iMge_9d3eb9f5d38844bfb4e5fb2cd05fd3fd,manual,split_free,12.0,23,230,20
rPc6DW4iMge-15,rPc6DW4iMge_9d3eb9f5d38844bfb4e5fb2cd05fd3fd,manual,bound_free,3.0,23,32,14
rPc6DW4iMge-15,rPc6DW4iMge_9d3eb9f5d38844bfb4e5fb2cd05fd3fd,manual,bound_free,6.0,23,156,103
rPc6DW4iMge-15,rPc6DW4iMge_9d3eb9f5d38844bfb4e5fb2cd05fd3fd,manual,bound_free,9.0,23,213,111
rPc6DW4iMge-15,rPc6DW4iMge_9d3eb9f5d38844bfb4e5fb2cd05fd3fd,manual,bound_free,12.0,23,230,20
rPc6DW4iMge-15,rPc6DW4iMge_9d3eb9f5d38844bfb4e5fb2cd05fd3fd,manual,top_fixed,3.0,23,143,78
rPc6DW4iMge-15,rPc6DW4iMge_9d3eb9f5d38844bfb4e5fb2cd05fd3fd,manual,top_fixed,6.0,23,223,112
rPc6DW4iMge-15,rPc6DW4iMge_9d3eb9f5d38844bfb4e5fb2cd05fd3fd,manual,top_fixed,9.0,23,231,0
rPc6DW4iMge-15,rPc6DW4iMge_9d3eb9f5d38844bfb4e5fb2cd05fd3fd,manual,top_fixed,12.0,23,231,0
rPc6DW4iMge-15,rPc6DW4iMge_9d3eb9f5d38844bfb4e5fb2cd05fd3fd,manual,bottom_fixed,3.0,23,41,19
rPc6DW4iMge-15,rPc6DW4iMge_9d3eb9f5d38844bfb4e5fb2cd05fd3fd,manual,bottom_fixed,6.0,23,159,95
rPc6DW4iMge-15,rPc6DW4iMge_9d3eb9f5d38844bfb4e5fb2cd05fd3fd,manual,bottom_fixed,9.0,23,213,113
rPc6DW4iMge-15,rPc6DW4iMge_9d3eb9f5d38844bfb4e5fb2cd05fd3fd,manual,bottom_fixed,12.0,23,230,20
rPc6DW4iMge-16,rPc6DW4iMge_a72230c911234d18b08568b9d8b02dd2,manual,count_only,0.0,6,4,0
rPc6DW4iMge-16,rPc6DW4iMge_a72230c911234d18b08568b9d8b02dd2,manual,split_fixed,3.0,6,2,0
rPc6DW4iMge-16,rPc6DW4iMge_a72230c911234d18b08568b9d8b02dd2,manual,split_fixed,6.0,6,4,0
rPc6DW4iMge-16,rPc6DW4iMge_a72230c911234d18b08568b9d8b02dd2,manual,split_fixed,9.0,6,4,0
rPc6DW4iMge-16,rPc6DW4iMge_a72230c911234d18b08568b9d8b02dd2,manual,split_fixed,12.0,6,4,0
rPc6DW4iMge-16,rPc6DW4iMge_a72230c911234d18b08568b9d8b02dd2,manual,bound_fixed,3.0,6,2,0
rPc6DW4iMge-16,rPc6DW4iMge_a72230c911234d18b08568b9d8b02dd2,manual,bound_fixed,6.0,6,4,0
rPc6DW4iMge-16,rPc6DW4iMge_a72230c911234d18b08568b9d8b02dd2,manual,bound_fixed,9.0,6,4,0
rPc6DW4iMge-16,rPc6DW4iMge_a72230c911234d18b08568b9d8b02dd2,manual,bound_fixed,12.0,6,4,0
rPc6DW4iMge-16,rPc6DW4iMge_a72230c911234d18b08568b9d8b02dd2,manual,split_cyclic,3.0,6,2,0
rPc6DW4iMge-16,rPc6DW4iMge_a72230c911234d18b08568b9d8b02dd2,manual,split_cyclic,6.0,6,4,0
rPc6DW4iMge-16,rPc6DW4iMge_a72230c911234d18b08568b9d8b02dd2,manual,split_cyclic,9.0,6,4,0
rPc6DW4iMge-16,rPc6DW4iMge_a72230c911234d18b08568b9d8b02dd2,manual,split_cyclic,12.0,6,4,0
rPc6DW4iMge-16,rPc6DW4iMge_a72230c911234d18b08568b9d8b02dd2,manual,bound_cyclic,3.0,6,2,0
rPc6DW4iMge-16,rPc6DW4iMge_a72230c911234d18b08568b9d8b02dd2,manual,bound_cyclic,6.0,6,4,0
rPc6DW4iMge-16,rPc6DW4iMge_a72230c911234d18b08568b9d8b02dd2,manual,bound_cyclic,9.0,6,4,0
rPc6DW4iMge-16,rPc6DW4iMge_a72230c911234d18b08568b9d8b02dd2,manual,bound_cyclic,12.0,6,4,0
rPc6DW4iMge-16,rPc6DW4iMge_a72230c911234d18b08568b9d8b02dd2,manual,split_free,3.0,6,2,0
rPc6DW4iMge-16,rPc6DW4iMge_a72230c911234d18b08568b9d8b02dd2,manual,split_free,6.0,6,4,0
rPc6DW4iMge-16,rPc6DW4iMge_a72230c911234d18b08568b9d8b02dd2,manual,split_free,9.0,6,4,0
rPc6DW4iMge-16,rPc6DW4iMge_a72230c911234d18b08568b9d8b02dd2,manual,split_free,12.0,6,4,0
rPc6DW4iMge-16,rPc6DW4iMge_a72230c911234d18b08568b9d8b02dd2,manual,bound_free,3.0,6,2,0
rPc6DW4iMge-16,rPc6DW4iMge_a72230c911234d18b08568b9d8b02dd2,manual,bound_free,6.0,6,4,0
rPc6DW4iMge-16,rPc6DW4iMge_a72230c911234d18b08568b9d8b02dd2,manual,bound_free,9.0,6,4,0
rPc6DW4iMge-16,rPc6DW4iMge_a72230c911234d18b08568b9d8b02dd2,manual,bound_free,12.0,6,4,0
rPc6DW4iMge-16,rPc6DW4iMge_a72230c911234d18b08568b9d8b02dd2,manual,top_fixed,3.0,6,2,0
rPc6DW4iMge-16,rPc6DW4iMge_a72230c911234d18b08568b9d8b02dd2,manual,top_fixed,6.0,6,4,0
rPc6DW4iMge-16,rPc6DW4iMge_a72230c911234d18b08568b9d8b02dd2,manual,top_fixed,9.0,6,4,0
rPc6DW4iMge-16,rPc6DW4iMge_a72230c911234d18b08568b9d8b02dd2,manual,top_fixed,12.0,6,4,0
rPc6DW4iMge-16,rPc6DW4iMge_a72230c911234d18b08568b9d8b02dd2,manual,bottom_fixed,3.0,6,4,0
rPc6DW4iMge-16,rPc6DW4iMge_a72230c911234d18b08568b9d8b02dd2,manual,bottom_fixed,6.0,6,4,0
rPc6DW4iMge-16,rPc6DW4iMge_a72230c911234d18b08568b9d8b02dd2,manual,bottom_fixed,9.0,6,4,0
rPc6DW4iMge-16,rPc6DW4iMge_a72230c911234d18b08568b9d8b02dd2,manual,bottom_fixed,12.0,6,4,0
rPc6DW4iMge-17,rPc6DW4iMge_acbe920a0c5d4c018b1803ee9b1f331a,semi,count_only,0.0,24,64,0
rPc6DW4iMge-17,rPc6DW4iMge_acbe920a0c5d4c018b1803ee9b1f331a,semi,split_fixed,3.0,24,9,0
rPc6DW4iMge-17,rPc6DW4iMge_acbe920a0c5d4c018b1803ee9b1f331a,semi,split_fixed,6.0,24,15,1
rPc6DW4iMge-17,rPc6DW4iMge_acbe920a0c5d4c018b1803ee9b1f331a,semi,split_fixed,9.0,24,35,1
rPc6DW4iMge-17,rPc6DW4iMge_acbe920a0c5d4c018b1803ee9b1f331a,semi,split_fixed,12.0,24,44,7
rPc6DW4iMge-17,rPc6DW4iMge_acbe920a0c5d4c018b1803ee9b1f331a,semi,bound_fixed,3.0,22,9,0
rPc6DW4iMge-17,rPc6DW4iMge_acbe920a0c5d4c018b1803ee9b1f331a,semi,bound_fixed,6.0,22,15,1
rPc6DW4iMge-17,rPc6DW4iMge_acbe920a0c5d4c018b1803ee9b1f331a,semi,bound_fixed,9.0,22,35,1
rPc6DW4iMge-17,rPc6DW4iMge_acbe920a0c5d4c018b1803ee9b1f331a,semi,bound_fixed,12.0,22,44,7
rPc6DW4iMge-17,rPc6DW4iMge_acbe920a0c5d4c018b1803ee9b1f331a,semi,split_cyclic,3.0,24,9,0
rPc6DW4iMge-17,rPc6DW4iMge_acbe920a0c5d4c018b1803ee9b1f331a,semi,split_cyclic,6.0,24,15,1
rPc6DW4iMge-17,rPc6DW4iMge_acbe920a0c5d4c018b1803ee9b1f331a,semi,split_cyclic,9.0,24,35,1
rPc6DW4iMge-17,rPc6DW4iMge_acbe920a0c5d4c018b1803ee9b1f331a,semi,split_cyclic,12.0,24,44,7
rPc6DW4iMge-17,rPc6DW4iMge_acbe920a0c5d4c018b1803ee9b1f331a,semi,bound_cyclic,3.0,22,9,0
rPc6DW4iMge-17,rPc6DW4iMge_acbe920a0c5d4c018b1803ee9b1f331a,semi,bound_cyclic,6.0,22,15,1
rPc6DW4iMge-17,rPc6DW4iMge_acbe920a0c5d4c018b1803ee9b1f331a,semi,bound_cyclic,9.0,22,35,1
rPc6DW4iMge-17,rPc6DW4iMge_acbe920a0c5d4c018b1803ee9b1f331a,semi,bound_cyclic,12.0,22,44,7
rPc6DW4iMge-17,rPc6DW4iMge_acbe920a0c5d4c018b1803ee9b1f331a,semi,split_free,3.0,24,9,0
rPc6DW4iMge-17,rPc6DW4iMge_acbe920a0c5d4c018b1803ee9b1f331a,semi,split_free,6.0,24,15,1
rPc6DW4iMge-17,rPc6DW4iMge_acbe920a0c5d4c018b1803ee9b1f331a,semi,split_free,9.0,24,35,1
rPc6DW4iMge-17,rPc6DW4iMge_acbe920a0c5d4c018b1803ee9b1f331a,semi,split_free,12.0,24,44,7
rPc6DW4iMge-17,rPc6DW4iMge_acbe920a0c5d4c018b1803ee9b1f331a,semi,bound_free,3.0,22,9,0
rPc6DW4iMge-17,rPc6DW4iMge_acbe920a0c5d4c018b1803ee9b1f331a,semi,bound_free,6.0,22,15,1
rPc6DW4iMge-17,rPc6DW4iMge_acbe920a0c5d4c018b1803ee9b1f331a,semi,bound_free,9.0,22,35,1
rPc6DW4iMge-17,rPc6DW4iMge_acbe920a0c5d4c018b1803ee9b1f331a,semi,bound_free,12.0,22,44,7
rPc6DW4iMge-17,rPc6DW4iMge_acbe920a0c5d4c018b1803ee9b1f331a,semi,top_fixed,3.0,24,9,0
rPc6DW4iMge-17,rPc6DW4iMge_acbe920a0c5d4c018b1803ee9b1f331a,semi,top_fixed,6.0,24,38,3
rPc6DW4iMge-17,rPc6DW4iMge_acbe920a0c5d4c018b1803ee9b1f331a,semi,top_fixed,9.0,24,47,12
rPc6DW4iMge-17,rPc6DW4iMge_acbe920a0c5d4c018b1803ee9b1f331a,semi,top_fixed,12.0,24,49,0
rPc6DW4iMge-17,rPc6DW4iMge_acbe920a0c5d4c018b1803ee9b1f331a,semi,bottom_fixed,3.0,24,11,0
rPc6DW4iMge-17,rPc6DW4iMge_acbe920a0c5d4c018b1803ee9b1f331a,semi,bottom_fixed,6.0,24,21,0
rPc6DW4iMge-17,rPc6DW4iMge_acbe920a0c5d4c018b1803ee9b1f331a,semi,bottom_fixed,9.0,24,35,1
rPc6DW4iMge-17,rPc6DW4iMge_acbe920a0c5d4c018b1803ee9b1f331a,semi,bottom_fixed,12.0,24,44,7
rPc6DW4iMge-20,rPc6DW4iMge_cc15fb105d86466faafdd633f89148de,manual,count_only,0.0,24,232,0
rPc6DW4iMge-20,rPc6DW4iMge_cc15fb105d86466faafdd633f89148de,manual,split_fixed,3.0,24,98,46
rPc6DW4iMge-20,rPc6DW4iMge_cc15fb105d86466faafdd633f89148de,manual,split_fixed,6.0,24,219,84
rPc6DW4iMge-20,rPc6DW4iMge_cc15fb105d86466faafdd633f89148de,manual,split_fixed,9.0,24,231,0
rPc6DW4iMge-20,rPc6DW4iMge_cc15fb105d86466faafdd633f89148de,manual,split_fixed,12.0,24,231,0
rPc6DW4iMge-20,rPc6DW4iMge_cc15fb105d86466faafdd633f89148de,manual,bound_fixed,3.0,24,98,46
rPc6DW4iMge-20,rPc6DW4iMge_cc15fb105d86466faafdd633f89148de,manual,bound_fixed,6.0,24,219,84
rPc6DW4iMge-20,rPc6DW4iMge_cc15fb105d86466faafdd633f89148de,manual,bound_fixed,9.0,24,231,0
rPc6DW4iMge-20,rPc6DW4iMge_cc15fb105d86466faafdd633f89148de,manual,bound_fixed,12.0,24,231,0
rPc6DW4iMge-20,rPc6DW4iMge_cc15fb105d86466faafdd633f89148de,manual,split_cyclic,3.0,24,98,46
rPc6DW4iMge-20,rPc6DW4iMge_cc15fb105d86466faafdd633f89148de,manual,split_cyclic,6.0,24,219,84
rPc6DW4iMge-20,rPc6DW4iMge_cc15fb105d86466faafdd633f89148de,manual,split_cyclic,9.0,24,231,0
rPc6DW4iMge-20,rPc6DW4iMge_cc15fb105d86466faafdd633f89148de,manual,split_cyclic,12.0,24,231,0
rPc6DW4iMge-20,rPc6DW4iMge_cc15fb105d86466faafdd633f89148de,manual,bound_cyclic,3.0,24,98,46
rPc6DW4iMge-20,rPc6DW4iMge_cc15fb105d86466faafdd633f89148de,manual,bound_cyclic,6.0,24,219,84
rPc6DW4iMge-20,rPc6DW4iMge_cc15fb105d86466faafdd633f89148de,manual,bound_cyclic,9.0,24,231,0
rPc6DW4iMge-20,rPc6DW4iMge_cc15fb105d86466faafdd633f89148de,manual,bound_cyclic,12.0,24,231,0
rPc6DW4iMge-20,rPc6DW4iMge_cc15fb105d86466faafdd633f89148de,manual,split_free,3.0,24,98,46
rPc6DW4iMge-20,rPc6DW4iMge_cc15fb105d86466faafdd633f89148de,manual,split_free,6.0,24,219,84
rPc6DW4iMge-20,rPc6DW4iMge_cc15fb105d86466faafdd633f89148de,manual,split_free,9.0,24,231,0
rPc6DW4iMge-20,rPc6DW4iMge_cc15fb105d86466faafdd633f89148de,manual,split_free,12.0,24,231,0
rPc6DW4iMge-20,rPc6DW4iMge_cc15fb105d86466faafdd633f89148de,manual,bound_free,3.0,24,98,46
rPc6DW4iMge-20,rPc6DW4iMge_cc15fb105d86466faafdd633f89148de,manual,bound_free,6.0,24,219,84
rPc6DW4iMge-20,rPc6DW4iMge_cc15fb105d86466faafdd633f89148de,manual,bound_free,9.0,24,231,0
rPc6DW4iMge-20,rPc6DW4iMge_cc15fb105d86466faafdd633f89148de,manual,bound_free,12.0,24,231,0
rPc6DW4iMge-20,rPc6DW4iMge_cc15fb105d86466faafdd633f89148de,manual,top_fixed,3.0,24,107,45
rPc6DW4iMge-20,rPc6DW4iMge_cc15fb105d86466faafdd633f89148de,manual,top_fixed,6.0,24,219,84
rPc6DW4iMge-20,rPc6DW4iMge_cc15fb105d86466faafdd633f89148de,manual,top_fixed,9.0,24,231,0
rPc6DW4iMge-20,rPc6DW4iMge_cc15fb105d86466faafdd633f89148de,manual,top_fixed,12.0,24,231,0
rPc6DW4iMge-20,rPc6DW4iMge_cc15fb105d86466faafdd633f89148de,manual,bottom_fixed,3.0,24,186,32
rPc6DW4iMge-20,rPc6DW4iMge_cc15fb105d86466faafdd633f89148de,manual,bottom_fixed,6.0,24,231,0
rPc6DW4iMge-20,rPc6DW4iMge_cc15fb105d86466faafdd633f89148de,manual,bottom_fixed,9.0,24,231,0
rPc6DW4iMge-20,rPc6DW4iMge_cc15fb105d86466faafdd633f89148de,manual,bottom_fixed,12.0,24,231,0
rPc6DW4iMge-22,rPc6DW4iMge_fbc169773c954580baea6d2798c0d486,manual,count_only,0.0,22,41,0
rPc6DW4iMge-22,rPc6DW4iMge_fbc169773c954580baea6d2798c0d486,manual,split_fixed,3.0,22,1,0
rPc6DW4iMge-22,rPc6DW4iMge_fbc169773c954580baea6d2798c0d486,manual,split_fixed,6.0,22,13,7
rPc6DW4iMge-22,rPc6DW4iMge_fbc169773c954580baea6d2798c0d486,manual,split_fixed,9.0,22,21,0
rPc6DW4iMge-22,rPc6DW4iMge_fbc169773c954580baea6d2798c0d486,manual,split_fixed,12.0,22,24,3
rPc6DW4iMge-22,rPc6DW4iMge_fbc169773c954580baea6d2798c0d486,manual,bound_fixed,3.0,22,1,0
rPc6DW4iMge-22,rPc6DW4iMge_fbc169773c954580baea6d2798c0d486,manual,bound_fixed,6.0,22,13,7
rPc6DW4iMge-22,rPc6DW4iMge_fbc169773c954580baea6d2798c0d486,manual,bound_fixed,9.0,22,21,0
rPc6DW4iMge-22,rPc6DW4iMge_fbc169773c954580baea6d2798c0d486,manual,bound_fixed,12.0,22,24,3
rPc6DW4iMge-22,rPc6DW4iMge_fbc169773c954580baea6d2798c0d486,manual,split_cyclic,3.0,22,1,0
rPc6DW4iMge-22,rPc6DW4iMge_fbc169773c954580baea6d2798c0d486,manual,split_cyclic,6.0,22,13,7
rPc6DW4iMge-22,rPc6DW4iMge_fbc169773c954580baea6d2798c0d486,manual,split_cyclic,9.0,22,21,0
rPc6DW4iMge-22,rPc6DW4iMge_fbc169773c954580baea6d2798c0d486,manual,split_cyclic,12.0,22,24,3
rPc6DW4iMge-22,rPc6DW4iMge_fbc169773c954580baea6d2798c0d486,manual,bound_cyclic,3.0,22,1,0
rPc6DW4iMge-22,rPc6DW4iMge_fbc169773c954580baea6d2798c0d486,manual,bound_cyclic,6.0,22,13,7
rPc6DW4iMge-22,rPc6DW4iMge_fbc169773c954580baea6d2798c0d486,manual,bound_cyclic,9.0,22,21,0
rPc6DW4iMge-22,rPc6DW4iMge_fbc169773c954580baea6d2798c0d486,manual,bound_cyclic,12.0,22,24,3
rPc6DW4iMge-22,rPc6DW4iMge_fbc169773c954580baea6d2798c0d486,manual,split_free,3.0,22,1,0
rPc6DW4iMge-22,rPc6DW4iMge_fbc169773c954580baea6d2798c0d486,manual,split_free,6.0,22,13,7
rPc6DW4iMge-22,rPc6DW4iMge_fbc169773c954580baea6d2798c0d486,manual,split_free,9.0,22,21,0
rPc6DW4iMge-22,rPc6DW4iMge_fbc169773c954580baea6d2798c0d486,manual,split_free,12.0,22,24,3
rPc6DW4iMge-22,rPc6DW4iMge_fbc169773c954580baea6d2798c0d486,manual,bound_free,3.0,22,1,0
rPc6DW4iMge-22,rPc6DW4iMge_fbc169773c954580baea6d2798c0d486,manual,bound_free,6.0,22,13,7
rPc6DW4iMge-22,rPc6DW4iMge_fbc169773c954580baea6d2798c0d486,manual,bound_free,9.0,22,21,0
rPc6DW4iMge-22,rPc6DW4iMge_fbc169773c954580baea6d2798c0d486,manual,bound_free,12.0,22,24,3
rPc6DW4iMge-22,rPc6DW4iMge_fbc169773c954580baea6d2798c0d486,manual,top_fixed,3.0,22,2,0
rPc6DW4iMge-22,rPc6DW4iMge_fbc169773c954580baea6d2798c0d486,manual,top_fixed,6.0,22,13,7
rPc6DW4iMge-22,rPc6DW4iMge_fbc169773c954580baea6d2798c0d486,manual,top_fixed,9.0,22,21,0
rPc6DW4iMge-22,rPc6DW4iMge_fbc169773c954580baea6d2798c0d486,manual,top_fixed,12.0,22,24,3
rPc6DW4iMge-22,rPc6DW4iMge_fbc169773c954580baea6d2798c0d486,manual,bottom_fixed,3.0,22,6,0
rPc6DW4iMge-22,rPc6DW4iMge_fbc169773c954580baea6d2798c0d486,manual,bottom_fixed,6.0,22,15,0
rPc6DW4iMge-22,rPc6DW4iMge_fbc169773c954580baea6d2798c0d486,manual,bottom_fixed,9.0,22,21,0
rPc6DW4iMge-22,rPc6DW4iMge_fbc169773c954580baea6d2798c0d486,manual,bottom_fixed,12.0,22,27,6
uNb9QFRL6hY-06,uNb9QFRL6hY_07a43087f1e54e3f828851d8e457a283,manual,count_only,0.0,24,231,0
uNb9QFRL6hY-06,uNb9QFRL6hY_07a43087f1e54e3f828851d8e457a283,manual,split_fixed,3.0,24,11,1
uNb9QFRL6hY-06,uNb9QFRL6hY_07a43087f1e54e3f828851d8e457a283,manual,split_fixed,6.0,24,36,17
uNb9QFRL6hY-06,uNb9QFRL6hY_07a43087f1e54e3f828851d8e457a283,manual,split_fixed,9.0,24,71,28
uNb9QFRL6hY-06,uNb9QFRL6hY_07a43087f1e54e3f828851d8e457a283,manual,split_fixed,12.0,24,106,41
uNb9QFRL6hY-06,uNb9QFRL6hY_07a43087f1e54e3f828851d8e457a283,manual,bound_fixed,3.0,24,11,1
uNb9QFRL6hY-06,uNb9QFRL6hY_07a43087f1e54e3f828851d8e457a283,manual,bound_fixed,6.0,24,36,17
uNb9QFRL6hY-06,uNb9QFRL6hY_07a43087f1e54e3f828851d8e457a283,manual,bound_fixed,9.0,24,71,28
uNb9QFRL6hY-06,uNb9QFRL6hY_07a43087f1e54e3f828851d8e457a283,manual,bound_fixed,12.0,24,106,41
uNb9QFRL6hY-06,uNb9QFRL6hY_07a43087f1e54e3f828851d8e457a283,manual,split_cyclic,3.0,24,11,1
uNb9QFRL6hY-06,uNb9QFRL6hY_07a43087f1e54e3f828851d8e457a283,manual,split_cyclic,6.0,24,36,17
uNb9QFRL6hY-06,uNb9QFRL6hY_07a43087f1e54e3f828851d8e457a283,manual,split_cyclic,9.0,24,71,28
uNb9QFRL6hY-06,uNb9QFRL6hY_07a43087f1e54e3f828851d8e457a283,manual,split_cyclic,12.0,24,106,41
uNb9QFRL6hY-06,uNb9QFRL6hY_07a43087f1e54e3f828851d8e457a283,manual,bound_cyclic,3.0,24,11,1
uNb9QFRL6hY-06,uNb9QFRL6hY_07a43087f1e54e3f828851d8e457a283,manual,bound_cyclic,6.0,24,36,17
uNb9QFRL6hY-06,uNb9QFRL6hY_07a43087f1e54e3f828851d8e457a283,manual,bound_cyclic,9.0,24,71,28
uNb9QFRL6hY-06,uNb9QFRL6hY_07a43087f1e54e3f828851d8e457a283,manual,bound_cyclic,12.0,24,106,41
uNb9QFRL6hY-06,uNb9QFRL6hY_07a43087f1e54e3f828851d8e457a283,manual,split_free,3.0,24,11,1
uNb9QFRL6hY-06,uNb9QFRL6hY_07a43087f1e54e3f828851d8e457a283,manual,split_free,6.0,24,36,17
uNb9QFRL6hY-06,uNb9QFRL6hY_07a43087f1e54e3f828851d8e457a283,manual,split_free,9.0,24,71,28
uNb9QFRL6hY-06,uNb9QFRL6hY_07a43087f1e54e3f828851d8e457a283,manual,split_free,12.0,24,106,41
uNb9QFRL6hY-06,uNb9QFRL6hY_07a43087f1e54e3f828851d8e457a283,manual,bound_free,3.0,24,11,1
uNb9QFRL6hY-06,uNb9QFRL6hY_07a43087f1e54e3f828851d8e457a283,manual,bound_free,6.0,24,36,17
uNb9QFRL6hY-06,uNb9QFRL6hY_07a43087f1e54e3f828851d8e457a283,manual,bound_free,9.0,24,71,28
uNb9QFRL6hY-06,uNb9QFRL6hY_07a43087f1e54e3f828851d8e457a283,manual,bound_free,12.0,24,106,41
uNb9QFRL6hY-06,uNb9QFRL6hY_07a43087f1e54e3f828851d8e457a283,manual,top_fixed,3.0,24,49,30
uNb9QFRL6hY-06,uNb9QFRL6hY_07a43087f1e54e3f828851d8e457a283,manual,top_fixed,6.0,24,93,44
uNb9QFRL6hY-06,uNb9QFRL6hY_07a43087f1e54e3f828851d8e457a283,manual,top_fixed,9.0,24,119,4
uNb9QFRL6hY-06,uNb9QFRL6hY_07a43087f1e54e3f828851d8e457a283,manual,top_fixed,12.0,24,133,18
uNb9QFRL6hY-06,uNb9QFRL6hY_07a43087f1e54e3f828851d8e457a283,manual,bottom_fixed,3.0,24,16,4
uNb9QFRL6hY-06,uNb9QFRL6hY_07a43087f1e54e3f828851d8e457a283,manual,bottom_fixed,6.0,24,47,22
uNb9QFRL6hY-06,uNb9QFRL6hY_07a43087f1e54e3f828851d8e457a283,manual,bottom_fixed,9.0,24,81,36
uNb9QFRL6hY-06,uNb9QFRL6hY_07a43087f1e54e3f828851d8e457a283,manual,bottom_fixed,12.0,24,108,28
uNb9QFRL6hY-08,uNb9QFRL6hY_1096f195d3294cefa462add5ab0c342e,manual,count_only,0.0,23,253,0
uNb9QFRL6hY-08,uNb9QFRL6hY_1096f195d3294cefa462add5ab0c342e,manual,split_fixed,3.0,23,91,54
uNb9QFRL6hY-08,uNb9QFRL6hY_1096f195d3294cefa462add5ab0c342e,manual,split_fixed,6.0,23,177,100
uNb9QFRL6hY-08,uNb9QFRL6hY_1096f195d3294cefa462add5ab0c342e,manual,split_fixed,9.0,23,206,52
uNb9QFRL6hY-08,uNb9QFRL6hY_1096f195d3294cefa462add5ab0c342e,manual,split_fixed,12.0,23,226,52
uNb9QFRL6hY-08,uNb9QFRL6hY_1096f195d3294cefa462add5ab0c342e,manual,bound_fixed,3.0,23,91,54
uNb9QFRL6hY-08,uNb9QFRL6hY_1096f195d3294cefa462add5ab0c342e,manual,bound_fixed,6.0,23,177,100
uNb9QFRL6hY-08,uNb9QFRL6hY_1096f195d3294cefa462add5ab0c342e,manual,bound_fixed,9.0,23,206,52
uNb9QFRL6hY-08,uNb9QFRL6hY_1096f195d3294cefa462add5ab0c342e,manual,bound_fixed,12.0,23,226,52
uNb9QFRL6hY-08,uNb9QFRL6hY_1096f195d3294cefa462add5ab0c342e,manual,split_cyclic,3.0,23,91,54
uNb9QFRL6hY-08,uNb9QFRL6hY_1096f195d3294cefa462add5ab0c342e,manual,split_cyclic,6.0,23,177,100
uNb9QFRL6hY-08,uNb9QFRL6hY_1096f195d3294cefa462add5ab0c342e,manual,split_cyclic,9.0,23,206,52
uNb9QFRL6hY-08,uNb9QFRL6hY_1096f195d3294cefa462add5ab0c342e,manual,split_cyclic,12.0,23,226,52
uNb9QFRL6hY-08,uNb9QFRL6hY_1096f195d3294cefa462add5ab0c342e,manual,bound_cyclic,3.0,23,91,54
uNb9QFRL6hY-08,uNb9QFRL6hY_1096f195d3294cefa462add5ab0c342e,manual,bound_cyclic,6.0,23,177,100
uNb9QFRL6hY-08,uNb9QFRL6hY_1096f195d3294cefa462add5ab0c342e,manual,bound_cyclic,9.0,23,206,52
uNb9QFRL6hY-08,uNb9QFRL6hY_1096f195d3294cefa462add5ab0c342e,manual,bound_cyclic,12.0,23,226,52
uNb9QFRL6hY-08,uNb9QFRL6hY_1096f195d3294cefa462add5ab0c342e,manual,split_free,3.0,23,91,54
uNb9QFRL6hY-08,uNb9QFRL6hY_1096f195d3294cefa462add5ab0c342e,manual,split_free,6.0,23,177,100
uNb9QFRL6hY-08,uNb9QFRL6hY_1096f195d3294cefa462add5ab0c342e,manual,split_free,9.0,23,206,52
uNb9QFRL6hY-08,uNb9QFRL6hY_1096f195d3294cefa462add5ab0c342e,manual,split_free,12.0,23,226,52
uNb9QFRL6hY-08,uNb9QFRL6hY_1096f195d3294cefa462add5ab0c342e,manual,bound_free,3.0,23,91,54
uNb9QFRL6hY-08,uNb9QFRL6hY_1096f195d3294cefa462add5ab0c342e,manual,bound_free,6.0,23,177,100
uNb9QFRL6hY-08,uNb9QFRL6hY_1096f195d3294cefa462add5ab0c342e,manual,bound_free,9.0,23,206,52
uNb9QFRL6hY-08,uNb9QFRL6hY_1096f195d3294cefa462add5ab0c342e,manual,bound_free,12.0,23,226,52
uNb9QFRL6hY-08,uNb9QFRL6hY_1096f195d3294cefa462add5ab0c342e,manual,top_fixed,3.0,23,124,62
uNb9QFRL6hY-08,uNb9QFRL6hY_1096f195d3294cefa462add5ab0c342e,manual,top_fixed,6.0,23,196,58
uNb9QFRL6hY-08,uNb9QFRL6hY_1096f195d3294cefa462add5ab0c342e,manual,top_fixed,9.0,23,227,55
uNb9QFRL6hY-08,uNb9QFRL6hY_1096f195d3294cefa462add5ab0c342e,manual,top_fixed,12.0,23,230,39
uNb9QFRL6hY-08,uNb9QFRL6hY_1096f195d3294cefa462add5ab0c342e,manual,bottom_fixed,3.0,23,112,70
uNb9QFRL6hY-08,uNb9QFRL6hY_1096f195d3294cefa462add5ab0c342e,manual,bottom_fixed,6.0,23,208,137
uNb9QFRL6hY-08,uNb9QFRL6hY_1096f195d3294cefa462add5ab0c342e,manual,bottom_fixed,9.0,23,227,16
uNb9QFRL6hY-08,uNb9QFRL6hY_1096f195d3294cefa462add5ab0c342e,manual,bottom_fixed,12.0,23,249,38
uNb9QFRL6hY-21,uNb9QFRL6hY_3b9e548b46af4410b97e1d12781ec3c9,manual,count_only,0.0,24,74,0
uNb9QFRL6hY-21,uNb9QFRL6hY_3b9e548b46af4410b97e1d12781ec3c9,manual,split_fixed,3.0,24,3,0
uNb9QFRL6hY-21,uNb9QFRL6hY_3b9e548b46af4410b97e1d12781ec3c9,manual,split_fixed,6.0,24,7,1
uNb9QFRL6hY-21,uNb9QFRL6hY_3b9e548b46af4410b97e1d12781ec3c9,manual,split_fixed,9.0,24,9,0
uNb9QFRL6hY-21,uNb9QFRL6hY_3b9e548b46af4410b97e1d12781ec3c9,manual,split_fixed,12.0,24,13,0
uNb9QFRL6hY-21,uNb9QFRL6hY_3b9e548b46af4410b97e1d12781ec3c9,manual,bound_fixed,3.0,23,3,0
uNb9QFRL6hY-21,uNb9QFRL6hY_3b9e548b46af4410b97e1d12781ec3c9,manual,bound_fixed,6.0,23,7,1
uNb9QFRL6hY-21,uNb9QFRL6hY_3b9e548b46af4410b97e1d12781ec3c9,manual,bound_fixed,9.0,23,9,0
uNb9QFRL6hY-21,uNb9QFRL6hY_3b9e548b46af4410b97e1d12781ec3c9,manual,bound_fixed,12.0,23,9,0
uNb9QFRL6hY-21,uNb9QFRL6hY_3b9e548b46af4410b97e1d12781ec3c9,manual,split_cyclic,3.0,24,3,0
uNb9QFRL6hY-21,uNb9QFRL6hY_3b9e548b46af4410b97e1d12781ec3c9,manual,split_cyclic,6.0,24,7,1
uNb9QFRL6hY-21,uNb9QFRL6hY_3b9e548b46af4410b97e1d12781ec3c9,manual,split_cyclic,9.0,24,9,0
uNb9QFRL6hY-21,uNb9QFRL6hY_3b9e548b46af4410b97e1d12781ec3c9,manual,split_cyclic,12.0,24,13,0
uNb9QFRL6hY-21,uNb9QFRL6hY_3b9e548b46af4410b97e1d12781ec3c9,manual,bound_cyclic,3.0,23,3,0
uNb9QFRL6hY-21,uNb9QFRL6hY_3b9e548b46af4410b97e1d12781ec3c9,manual,bound_cyclic,6.0,23,7,1
uNb9QFRL6hY-21,uNb9QFRL6hY_3b9e548b46af4410b97e1d12781ec3c9,manual,bound_cyclic,9.0,23,9,0
uNb9QFRL6hY-21,uNb9QFRL6hY_3b9e548b46af4410b97e1d12781ec3c9,manual,bound_cyclic,12.0,23,9,0
uNb9QFRL6hY-21,uNb9QFRL6hY_3b9e548b46af4410b97e1d12781ec3c9,manual,split_free,3.0,24,3,0
uNb9QFRL6hY-21,uNb9QFRL6hY_3b9e548b46af4410b97e1d12781ec3c9,manual,split_free,6.0,24,11,1
uNb9QFRL6hY-21,uNb9QFRL6hY_3b9e548b46af4410b97e1d12781ec3c9,manual,split_free,9.0,24,13,0
uNb9QFRL6hY-21,uNb9QFRL6hY_3b9e548b46af4410b97e1d12781ec3c9,manual,split_free,12.0,24,19,6
uNb9QFRL6hY-21,uNb9QFRL6hY_3b9e548b46af4410b97e1d12781ec3c9,manual,bound_free,3.0,23,3,0
uNb9QFRL6hY-21,uNb9QFRL6hY_3b9e548b46af4410b97e1d12781ec3c9,manual,bound_free,6.0,23,11,1
uNb9QFRL6hY-21,uNb9QFRL6hY_3b9e548b46af4410b97e1d12781ec3c9,manual,bound_free,9.0,23,13,0
uNb9QFRL6hY-21,uNb9QFRL6hY_3b9e548b46af4410b97e1d12781ec3c9,manual,bound_free,12.0,23,13,0
uNb9QFRL6hY-21,uNb9QFRL6hY_3b9e548b46af4410b97e1d12781ec3c9,manual,top_fixed,3.0,24,4,1
uNb9QFRL6hY-21,uNb9QFRL6hY_3b9e548b46af4410b97e1d12781ec3c9,manual,top_fixed,6.0,24,10,0
uNb9QFRL6hY-21,uNb9QFRL6hY_3b9e548b46af4410b97e1d12781ec3c9,manual,top_fixed,9.0,24,21,0
uNb9QFRL6hY-21,uNb9QFRL6hY_3b9e548b46af4410b97e1d12781ec3c9,manual,top_fixed,12.0,24,21,0
uNb9QFRL6hY-21,uNb9QFRL6hY_3b9e548b46af4410b97e1d12781ec3c9,manual,bottom_fixed,3.0,24,5,0
uNb9QFRL6hY-21,uNb9QFRL6hY_3b9e548b46af4410b97e1d12781ec3c9,manual,bottom_fixed,6.0,24,8,1
uNb9QFRL6hY-21,uNb9QFRL6hY_3b9e548b46af4410b97e1d12781ec3c9,manual,bottom_fixed,9.0,24,9,0
uNb9QFRL6hY-21,uNb9QFRL6hY_3b9e548b46af4410b97e1d12781ec3c9,manual,bottom_fixed,12.0,24,13,0
uNb9QFRL6hY-25,uNb9QFRL6hY_5948424345f541b9a570b48f1cfcf622,manual,count_only,0.0,23,61,0
uNb9QFRL6hY-25,uNb9QFRL6hY_5948424345f541b9a570b48f1cfcf622,manual,split_fixed,3.0,23,2,0
uNb9QFRL6hY-25,uNb9QFRL6hY_5948424345f541b9a570b48f1cfcf622,manual,split_fixed,6.0,23,2,0
uNb9QFRL6hY-25,uNb9QFRL6hY_5948424345f541b9a570b48f1cfcf622,manual,split_fixed,9.0,23,3,0
uNb9QFRL6hY-25,uNb9QFRL6hY_5948424345f541b9a570b48f1cfcf622,manual,split_fixed,12.0,23,8,3
uNb9QFRL6hY-25,uNb9QFRL6hY_5948424345f541b9a570b48f1cfcf622,manual,bound_fixed,3.0,23,2,0
uNb9QFRL6hY-25,uNb9QFRL6hY_5948424345f541b9a570b48f1cfcf622,manual,bound_fixed,6.0,23,2,0
uNb9QFRL6hY-25,uNb9QFRL6hY_5948424345f541b9a570b48f1cfcf622,manual,bound_fixed,9.0,23,3,0
uNb9QFRL6hY-25,uNb9QFRL6hY_5948424345f541b9a570b48f1cfcf622,manual,bound_fixed,12.0,23,8,3
uNb9QFRL6hY-25,uNb9QFRL6hY_5948424345f541b9a570b48f1cfcf622,manual,split_cyclic,3.0,23,2,0
uNb9QFRL6hY-25,uNb9QFRL6hY_5948424345f541b9a570b48f1cfcf622,manual,split_cyclic,6.0,23,2,0
uNb9QFRL6hY-25,uNb9QFRL6hY_5948424345f541b9a570b48f1cfcf622,manual,split_cyclic,9.0,23,3,0
uNb9QFRL6hY-25,uNb9QFRL6hY_5948424345f541b9a570b48f1cfcf622,manual,split_cyclic,12.0,23,8,3
uNb9QFRL6hY-25,uNb9QFRL6hY_5948424345f541b9a570b48f1cfcf622,manual,bound_cyclic,3.0,23,2,0
uNb9QFRL6hY-25,uNb9QFRL6hY_5948424345f541b9a570b48f1cfcf622,manual,bound_cyclic,6.0,23,2,0
uNb9QFRL6hY-25,uNb9QFRL6hY_5948424345f541b9a570b48f1cfcf622,manual,bound_cyclic,9.0,23,3,0
uNb9QFRL6hY-25,uNb9QFRL6hY_5948424345f541b9a570b48f1cfcf622,manual,bound_cyclic,12.0,23,8,3
uNb9QFRL6hY-25,uNb9QFRL6hY_5948424345f541b9a570b48f1cfcf622,manual,split_free,3.0,23,2,0
uNb9QFRL6hY-25,uNb9QFRL6hY_5948424345f541b9a570b48f1cfcf622,manual,split_free,6.0,23,2,0
uNb9QFRL6hY-25,uNb9QFRL6hY_5948424345f541b9a570b48f1cfcf622,manual,split_free,9.0,23,3,0
uNb9QFRL6hY-25,uNb9QFRL6hY_5948424345f541b9a570b48f1cfcf622,manual,split_free,12.0,23,8,3
uNb9QFRL6hY-25,uNb9QFRL6hY_5948424345f541b9a570b48f1cfcf622,manual,bound_free,3.0,23,2,0
uNb9QFRL6hY-25,uNb9QFRL6hY_5948424345f541b9a570b48f1cfcf622,manual,bound_free,6.0,23,2,0
uNb9QFRL6hY-25,uNb9QFRL6hY_5948424345f541b9a570b48f1cfcf622,manual,bound_free,9.0,23,3,0
uNb9QFRL6hY-25,uNb9QFRL6hY_5948424345f541b9a570b48f1cfcf622,manual,bound_free,12.0,23,8,3
uNb9QFRL6hY-25,uNb9QFRL6hY_5948424345f541b9a570b48f1cfcf622,manual,top_fixed,3.0,23,2,0
uNb9QFRL6hY-25,uNb9QFRL6hY_5948424345f541b9a570b48f1cfcf622,manual,top_fixed,6.0,23,3,0
uNb9QFRL6hY-25,uNb9QFRL6hY_5948424345f541b9a570b48f1cfcf622,manual,top_fixed,9.0,23,6,3
uNb9QFRL6hY-25,uNb9QFRL6hY_5948424345f541b9a570b48f1cfcf622,manual,top_fixed,12.0,23,11,0
uNb9QFRL6hY-25,uNb9QFRL6hY_5948424345f541b9a570b48f1cfcf622,manual,bottom_fixed,3.0,23,2,0
uNb9QFRL6hY-25,uNb9QFRL6hY_5948424345f541b9a570b48f1cfcf622,manual,bottom_fixed,6.0,23,2,0
uNb9QFRL6hY-25,uNb9QFRL6hY_5948424345f541b9a570b48f1cfcf622,manual,bottom_fixed,9.0,23,3,0
uNb9QFRL6hY-25,uNb9QFRL6hY_5948424345f541b9a570b48f1cfcf622,manual,bottom_fixed,12.0,23,10,3
uNb9QFRL6hY-26,uNb9QFRL6hY_5b62816d9cf94f17ae166291822ea9ab,manual,count_only,0.0,5,3,0
uNb9QFRL6hY-26,uNb9QFRL6hY_5b62816d9cf94f17ae166291822ea9ab,manual,split_fixed,3.0,5,1,0
uNb9QFRL6hY-26,uNb9QFRL6hY_5b62816d9cf94f17ae166291822ea9ab,manual,split_fixed,6.0,5,1,0
uNb9QFRL6hY-26,uNb9QFRL6hY_5b62816d9cf94f17ae166291822ea9ab,manual,split_fixed,9.0,5,1,0
uNb9QFRL6hY-26,uNb9QFRL6hY_5b62816d9cf94f17ae166291822ea9ab,manual,split_fixed,12.0,5,1,0
uNb9QFRL6hY-26,uNb9QFRL6hY_5b62816d9cf94f17ae166291822ea9ab,manual,bound_fixed,3.0,5,1,0
uNb9QFRL6hY-26,uNb9QFRL6hY_5b62816d9cf94f17ae166291822ea9ab,manual,bound_fixed,6.0,5,1,0
uNb9QFRL6hY-26,uNb9QFRL6hY_5b62816d9cf94f17ae166291822ea9ab,manual,bound_fixed,9.0,5,1,0
uNb9QFRL6hY-26,uNb9QFRL6hY_5b62816d9cf94f17ae166291822ea9ab,manual,bound_fixed,12.0,5,1,0
uNb9QFRL6hY-26,uNb9QFRL6hY_5b62816d9cf94f17ae166291822ea9ab,manual,split_cyclic,3.0,5,1,0
uNb9QFRL6hY-26,uNb9QFRL6hY_5b62816d9cf94f17ae166291822ea9ab,manual,split_cyclic,6.0,5,1,0
uNb9QFRL6hY-26,uNb9QFRL6hY_5b62816d9cf94f17ae166291822ea9ab,manual,split_cyclic,9.0,5,1,0
uNb9QFRL6hY-26,uNb9QFRL6hY_5b62816d9cf94f17ae166291822ea9ab,manual,split_cyclic,12.0,5,1,0
uNb9QFRL6hY-26,uNb9QFRL6hY_5b62816d9cf94f17ae166291822ea9ab,manual,bound_cyclic,3.0,5,1,0
uNb9QFRL6hY-26,uNb9QFRL6hY_5b62816d9cf94f17ae166291822ea9ab,manual,bound_cyclic,6.0,5,1,0
uNb9QFRL6hY-26,uNb9QFRL6hY_5b62816d9cf94f17ae166291822ea9ab,manual,bound_cyclic,9.0,5,1,0
uNb9QFRL6hY-26,uNb9QFRL6hY_5b62816d9cf94f17ae166291822ea9ab,manual,bound_cyclic,12.0,5,1,0
uNb9QFRL6hY-26,uNb9QFRL6hY_5b62816d9cf94f17ae166291822ea9ab,manual,split_free,3.0,5,1,0
uNb9QFRL6hY-26,uNb9QFRL6hY_5b62816d9cf94f17ae166291822ea9ab,manual,split_free,6.0,5,1,0
uNb9QFRL6hY-26,uNb9QFRL6hY_5b62816d9cf94f17ae166291822ea9ab,manual,split_free,9.0,5,1,0
uNb9QFRL6hY-26,uNb9QFRL6hY_5b62816d9cf94f17ae166291822ea9ab,manual,split_free,12.0,5,1,0
uNb9QFRL6hY-26,uNb9QFRL6hY_5b62816d9cf94f17ae166291822ea9ab,manual,bound_free,3.0,5,1,0
uNb9QFRL6hY-26,uNb9QFRL6hY_5b62816d9cf94f17ae166291822ea9ab,manual,bound_free,6.0,5,1,0
uNb9QFRL6hY-26,uNb9QFRL6hY_5b62816d9cf94f17ae166291822ea9ab,manual,bound_free,9.0,5,1,0
uNb9QFRL6hY-26,uNb9QFRL6hY_5b62816d9cf94f17ae166291822ea9ab,manual,bound_free,12.0,5,1,0
uNb9QFRL6hY-26,uNb9QFRL6hY_5b62816d9cf94f17ae166291822ea9ab,manual,top_fixed,3.0,5,1,0
uNb9QFRL6hY-26,uNb9QFRL6hY_5b62816d9cf94f17ae166291822ea9ab,manual,top_fixed,6.0,5,1,0
uNb9QFRL6hY-26,uNb9QFRL6hY_5b62816d9cf94f17ae166291822ea9ab,manual,top_fixed,9.0,5,1,0
uNb9QFRL6hY-26,uNb9QFRL6hY_5b62816d9cf94f17ae166291822ea9ab,manual,top_fixed,12.0,5,1,0
uNb9QFRL6hY-26,uNb9QFRL6hY_5b62816d9cf94f17ae166291822ea9ab,manual,bottom_fixed,3.0,5,3,0
uNb9QFRL6hY-26,uNb9QFRL6hY_5b62816d9cf94f17ae166291822ea9ab,manual,bottom_fixed,6.0,5,3,0
uNb9QFRL6hY-26,uNb9QFRL6hY_5b62816d9cf94f17ae166291822ea9ab,manual,bottom_fixed,9.0,5,3,0
uNb9QFRL6hY-26,uNb9QFRL6hY_5b62816d9cf94f17ae166291822ea9ab,manual,bottom_fixed,12.0,5,3,0
uNb9QFRL6hY-29,uNb9QFRL6hY_6115ed700b5144cfa3443346381cb7cd,manual,count_only,0.0,5,3,0
uNb9QFRL6hY-29,uNb9QFRL6hY_6115ed700b5144cfa3443346381cb7cd,manual,split_fixed,3.0,5,0,0
uNb9QFRL6hY-29,uNb9QFRL6hY_6115ed700b5144cfa3443346381cb7cd,manual,split_fixed,6.0,5,1,0
uNb9QFRL6hY-29,uNb9QFRL6hY_6115ed700b5144cfa3443346381cb7cd,manual,split_fixed,9.0,5,1,0
uNb9QFRL6hY-29,uNb9QFRL6hY_6115ed700b5144cfa3443346381cb7cd,manual,split_fixed,12.0,5,2,1
uNb9QFRL6hY-29,uNb9QFRL6hY_6115ed700b5144cfa3443346381cb7cd,manual,bound_fixed,3.0,5,0,0
uNb9QFRL6hY-29,uNb9QFRL6hY_6115ed700b5144cfa3443346381cb7cd,manual,bound_fixed,6.0,5,1,0
uNb9QFRL6hY-29,uNb9QFRL6hY_6115ed700b5144cfa3443346381cb7cd,manual,bound_fixed,9.0,5,1,0
uNb9QFRL6hY-29,uNb9QFRL6hY_6115ed700b5144cfa3443346381cb7cd,manual,bound_fixed,12.0,5,2,1
uNb9QFRL6hY-29,uNb9QFRL6hY_6115ed700b5144cfa3443346381cb7cd,manual,split_cyclic,3.0,5,0,0
uNb9QFRL6hY-29,uNb9QFRL6hY_6115ed700b5144cfa3443346381cb7cd,manual,split_cyclic,6.0,5,1,0
uNb9QFRL6hY-29,uNb9QFRL6hY_6115ed700b5144cfa3443346381cb7cd,manual,split_cyclic,9.0,5,1,0
uNb9QFRL6hY-29,uNb9QFRL6hY_6115ed700b5144cfa3443346381cb7cd,manual,split_cyclic,12.0,5,2,1
uNb9QFRL6hY-29,uNb9QFRL6hY_6115ed700b5144cfa3443346381cb7cd,manual,bound_cyclic,3.0,5,0,0
uNb9QFRL6hY-29,uNb9QFRL6hY_6115ed700b5144cfa3443346381cb7cd,manual,bound_cyclic,6.0,5,1,0
uNb9QFRL6hY-29,uNb9QFRL6hY_6115ed700b5144cfa3443346381cb7cd,manual,bound_cyclic,9.0,5,1,0
uNb9QFRL6hY-29,uNb9QFRL6hY_6115ed700b5144cfa3443346381cb7cd,manual,bound_cyclic,12.0,5,2,1
uNb9QFRL6hY-29,uNb9QFRL6hY_6115ed700b5144cfa3443346381cb7cd,manual,split_free,3.0,5,0,0
uNb9QFRL6hY-29,uNb9QFRL6hY_6115ed700b5144cfa3443346381cb7cd,manual,split_free,6.0,5,1,0
uNb9QFRL6hY-29,uNb9QFRL6hY_6115ed700b5144cfa3443346381cb7cd,manual,split_free,9.0,5,1,0
uNb9QFRL6hY-29,uNb9QFRL6hY_6115ed700b5144cfa3443346381cb7cd,manual,split_free,12.0,5,2,1
uNb9QFRL6hY-29,uNb9QFRL6hY_6115ed700b5144cfa3443346381cb7cd,manual,bound_free,3.0,5,0,0
uNb9QFRL6hY-29,uNb9QFRL6hY_6115ed700b5144cfa3443346381cb7cd,manual,bound_free,6.0,5,1,0
uNb9QFRL6hY-29,uNb9QFRL6hY_6115ed700b5144cfa3443346381cb7cd,manual,bound_free,9.0,5,1,0
uNb9QFRL6hY-29,uNb9QFRL6hY_6115ed700b5144cfa3443346381cb7cd,manual,bound_free,12.0,5,2,1
uNb9QFRL6hY-29,uNb9QFRL6hY_6115ed700b5144cfa3443346381cb7cd,manual,top_fixed,3.0,5,0,0
uNb9QFRL6hY-29,uNb9QFRL6hY_6115ed700b5144cfa3443346381cb7cd,manual,top_fixed,6.0,5,2,1
uNb9QFRL6hY-29,uNb9QFRL6hY_6115ed700b5144cfa3443346381cb7cd,manual,top_fixed,9.0,5,3,0
uNb9QFRL6hY-29,uNb9QFRL6hY_6115ed700b5144cfa3443346381cb7cd,manual,top_fixed,12.0,5,3,0
uNb9QFRL6hY-29,uNb9QFRL6hY_6115ed700b5144cfa3443346381cb7cd,manual,bottom_fixed,3.0,5,0,0
uNb9QFRL6hY-29,uNb9QFRL6hY_6115ed700b5144cfa3443346381cb7cd,manual,bottom_fixed,6.0,5,1,0
uNb9QFRL6hY-29,uNb9QFRL6hY_6115ed700b5144cfa3443346381cb7cd,manual,bottom_fixed,9.0,5,1,0
uNb9QFRL6hY-29,uNb9QFRL6hY_6115ed700b5144cfa3443346381cb7cd,manual,bottom_fixed,12.0,5,2,1
uNb9QFRL6hY-32,uNb9QFRL6hY_6a500a9a43a340eb817c58bb084327fe,manual,count_only,0.0,5,4,0
uNb9QFRL6hY-32,uNb9QFRL6hY_6a500a9a43a340eb817c58bb084327fe,manual,split_fixed,3.0,5,1,0
uNb9QFRL6hY-32,uNb9QFRL6hY_6a500a9a43a340eb817c58bb084327fe,manual,split_fixed,6.0,5,1,0
uNb9QFRL6hY-32,uNb9QFRL6hY_6a500a9a43a340eb817c58bb084327fe,manual,split_fixed,9.0,5,1,0
uNb9QFRL6hY-32,uNb9QFRL6hY_6a500a9a43a340eb817c58bb084327fe,manual,split_fixed,12.0,5,1,0
uNb9QFRL6hY-32,uNb9QFRL6hY_6a500a9a43a340eb817c58bb084327fe,manual,bound_fixed,3.0,5,1,0
uNb9QFRL6hY-32,uNb9QFRL6hY_6a500a9a43a340eb817c58bb084327fe,manual,bound_fixed,6.0,5,1,0
uNb9QFRL6hY-32,uNb9QFRL6hY_6a500a9a43a340eb817c58bb084327fe,manual,bound_fixed,9.0,5,1,0
uNb9QFRL6hY-32,uNb9QFRL6hY_6a500a9a43a340eb817c58bb084327fe,manual,bound_fixed,12.0,5,1,0
uNb9QFRL6hY-32,uNb9QFRL6hY_6a500a9a43a340eb817c58bb084327fe,manual,split_cyclic,3.0,5,1,0
uNb9QFRL6hY-32,uNb9QFRL6hY_6a500a9a43a340eb817c58bb084327fe,manual,split_cyclic,6.0,5,1,0
uNb9QFRL6hY-32,uNb9QFRL6hY_6a500a9a43a340eb817c58bb084327fe,manual,split_cyclic,9.0,5,1,0
uNb9QFRL6hY-32,uNb9QFRL6hY_6a500a9a43a340eb817c58bb084327fe,manual,split_cyclic,12.0,5,1,0
uNb9QFRL6hY-32,uNb9QFRL6hY_6a500a9a43a340eb817c58bb084327fe,manual,bound_cyclic,3.0,5,1,0
uNb9QFRL6hY-32,uNb9QFRL6hY_6a500a9a43a340eb817c58bb084327fe,manual,bound_cyclic,6.0,5,1,0
uNb9QFRL6hY-32,uNb9QFRL6hY_6a500a9a43a340eb817c58bb084327fe,manual,bound_cyclic,9.0,5,1,0
uNb9QFRL6hY-32,uNb9QFRL6hY_6a500a9a43a340eb817c58bb084327fe,manual,bound_cyclic,12.0,5,1,0
uNb9QFRL6hY-32,uNb9QFRL6hY_6a500a9a43a340eb817c58bb084327fe,manual,split_free,3.0,5,1,0
uNb9QFRL6hY-32,uNb9QFRL6hY_6a500a9a43a340eb817c58bb084327fe,manual,split_free,6.0,5,1,0
uNb9QFRL6hY-32,uNb9QFRL6hY_6a500a9a43a340eb817c58bb084327fe,manual,split_free,9.0,5,1,0
uNb9QFRL6hY-32,uNb9QFRL6hY_6a500a9a43a340eb817c58bb084327fe,manual,split_free,12.0,5,1,0
uNb9QFRL6hY-32,uNb9QFRL6hY_6a500a9a43a340eb817c58bb084327fe,manual,bound_free,3.0,5,1,0
uNb9QFRL6hY-32,uNb9QFRL6hY_6a500a9a43a340eb817c58bb084327fe,manual,bound_free,6.0,5,1,0
uNb9QFRL6hY-32,uNb9QFRL6hY_6a500a9a43a340eb817c58bb084327fe,manual,bound_free,9.0,5,1,0
uNb9QFRL6hY-32,uNb9QFRL6hY_6a500a9a43a340eb817c58bb084327fe,manual,bound_free,12.0,5,1,0
uNb9QFRL6hY-32,uNb9QFRL6hY_6a500a9a43a340eb817c58bb084327fe,manual,top_fixed,3.0,5,1,0
uNb9QFRL6hY-32,uNb9QFRL6hY_6a500a9a43a340eb817c58bb084327fe,manual,top_fixed,6.0,5,1,0
uNb9QFRL6hY-32,uNb9QFRL6hY_6a500a9a43a340eb817c58bb084327fe,manual,top_fixed,9.0,5,1,0
uNb9QFRL6hY-32,uNb9QFRL6hY_6a500a9a43a340eb817c58bb084327fe,manual,top_fixed,12.0,5,2,0
uNb9QFRL6hY-32,uNb9QFRL6hY_6a500a9a43a340eb817c58bb084327fe,manual,bottom_fixed,3.0,5,1,0
uNb9QFRL6hY-32,uNb9QFRL6hY_6a500a9a43a340eb817c58bb084327fe,manual,bottom_fixed,6.0,5,1,0
uNb9QFRL6hY-32,uNb9QFRL6hY_6a500a9a43a340eb817c58bb084327fe,manual,bottom_fixed,9.0,5,1,0
uNb9QFRL6hY-32,uNb9QFRL6hY_6a500a9a43a340eb817c58bb084327fe,manual,bottom_fixed,12.0,5,1,0
uNb9QFRL6hY-36,uNb9QFRL6hY_6c4fa6dfddc1499db228854454bfc61d,manual,count_only,0.0,6,15,0
uNb9QFRL6hY-36,uNb9QFRL6hY_6c4fa6dfddc1499db228854454bfc61d,manual,split_fixed,3.0,6,4,0
uNb9QFRL6hY-36,uNb9QFRL6hY_6c4fa6dfddc1499db228854454bfc61d,manual,split_fixed,6.0,6,6,0
uNb9QFRL6hY-36,uNb9QFRL6hY_6c4fa6dfddc1499db228854454bfc61d,manual,split_fixed,9.0,6,6,0
uNb9QFRL6hY-36,uNb9QFRL6hY_6c4fa6dfddc1499db228854454bfc61d,manual,split_fixed,12.0,6,6,0
uNb9QFRL6hY-36,uNb9QFRL6hY_6c4fa6dfddc1499db228854454bfc61d,manual,bound_fixed,3.0,3,1,0
uNb9QFRL6hY-36,uNb9QFRL6hY_6c4fa6dfddc1499db228854454bfc61d,manual,bound_fixed,6.0,3,3,0
uNb9QFRL6hY-36,uNb9QFRL6hY_6c4fa6dfddc1499db228854454bfc61d,manual,bound_fixed,9.0,3,3,0
uNb9QFRL6hY-36,uNb9QFRL6hY_6c4fa6dfddc1499db228854454bfc61d,manual,bound_fixed,12.0,3,3,0
uNb9QFRL6hY-36,uNb9QFRL6hY_6c4fa6dfddc1499db228854454bfc61d,manual,split_cyclic,3.0,6,4,0
uNb9QFRL6hY-36,uNb9QFRL6hY_6c4fa6dfddc1499db228854454bfc61d,manual,split_cyclic,6.0,6,6,0
uNb9QFRL6hY-36,uNb9QFRL6hY_6c4fa6dfddc1499db228854454bfc61d,manual,split_cyclic,9.0,6,6,0
uNb9QFRL6hY-36,uNb9QFRL6hY_6c4fa6dfddc1499db228854454bfc61d,manual,split_cyclic,12.0,6,6,0
uNb9QFRL6hY-36,uNb9QFRL6hY_6c4fa6dfddc1499db228854454bfc61d,manual,bound_cyclic,3.0,3,1,0
uNb9QFRL6hY-36,uNb9QFRL6hY_6c4fa6dfddc1499db228854454bfc61d,manual,bound_cyclic,6.0,3,3,0
uNb9QFRL6hY-36,uNb9QFRL6hY_6c4fa6dfddc1499db228854454bfc61d,manual,bound_cyclic,9.0,3,3,0
uNb9QFRL6hY-36,uNb9QFRL6hY_6c4fa6dfddc1499db228854454bfc61d,manual,bound_cyclic,12.0,3,3,0
uNb9QFRL6hY-36,uNb9QFRL6hY_6c4fa6dfddc1499db228854454bfc61d,manual,split_free,3.0,6,4,0
uNb9QFRL6hY-36,uNb9QFRL6hY_6c4fa6dfddc1499db228854454bfc61d,manual,split_free,6.0,6,6,0
uNb9QFRL6hY-36,uNb9QFRL6hY_6c4fa6dfddc1499db228854454bfc61d,manual,split_free,9.0,6,6,0
uNb9QFRL6hY-36,uNb9QFRL6hY_6c4fa6dfddc1499db228854454bfc61d,manual,split_free,12.0,6,6,0
uNb9QFRL6hY-36,uNb9QFRL6hY_6c4fa6dfddc1499db228854454bfc61d,manual,bound_free,3.0,3,1,0
uNb9QFRL6hY-36,uNb9QFRL6hY_6c4fa6dfddc1499db228854454bfc61d,manual,bound_free,6.0,3,3,0
uNb9QFRL6hY-36,uNb9QFRL6hY_6c4fa6dfddc1499db228854454bfc61d,manual,bound_free,9.0,3,3,0
uNb9QFRL6hY-36,uNb9QFRL6hY_6c4fa6dfddc1499db228854454bfc61d,manual,bound_free,12.0,3,3,0
uNb9QFRL6hY-36,uNb9QFRL6hY_6c4fa6dfddc1499db228854454bfc61d,manual,top_fixed,3.0,6,4,0
uNb9QFRL6hY-36,uNb9QFRL6hY_6c4fa6dfddc1499db228854454bfc61d,manual,top_fixed,6.0,6,6,0
uNb9QFRL6hY-36,uNb9QFRL6hY_6c4fa6dfddc1499db228854454bfc61d,manual,top_fixed,9.0,6,6,0
uNb9QFRL6hY-36,uNb9QFRL6hY_6c4fa6dfddc1499db228854454bfc61d,manual,top_fixed,12.0,6,6,0
uNb9QFRL6hY-36,uNb9QFRL6hY_6c4fa6dfddc1499db228854454bfc61d,manual,bottom_fixed,3.0,6,6,0
uNb9QFRL6hY-36,uNb9QFRL6hY_6c4fa6dfddc1499db228854454bfc61d,manual,bottom_fixed,6.0,6,6,0
uNb9QFRL6hY-36,uNb9QFRL6hY_6c4fa6dfddc1499db228854454bfc61d,manual,bottom_fixed,9.0,6,6,0
uNb9QFRL6hY-36,uNb9QFRL6hY_6c4fa6dfddc1499db228854454bfc61d,manual,bottom_fixed,12.0,6,6,0
uNb9QFRL6hY-36,uNb9QFRL6hY_6c4fa6dfddc1499db228854454bfc61d,semi,count_only,0.0,4,3,0
uNb9QFRL6hY-36,uNb9QFRL6hY_6c4fa6dfddc1499db228854454bfc61d,semi,split_fixed,3.0,4,1,0
uNb9QFRL6hY-36,uNb9QFRL6hY_6c4fa6dfddc1499db228854454bfc61d,semi,split_fixed,6.0,4,1,0
uNb9QFRL6hY-36,uNb9QFRL6hY_6c4fa6dfddc1499db228854454bfc61d,semi,split_fixed,9.0,4,1,0
uNb9QFRL6hY-36,uNb9QFRL6hY_6c4fa6dfddc1499db228854454bfc61d,semi,split_fixed,12.0,4,3,0
uNb9QFRL6hY-36,uNb9QFRL6hY_6c4fa6dfddc1499db228854454bfc61d,semi,bound_fixed,3.0,4,1,0
uNb9QFRL6hY-36,uNb9QFRL6hY_6c4fa6dfddc1499db228854454bfc61d,semi,bound_fixed,6.0,4,1,0
uNb9QFRL6hY-36,uNb9QFRL6hY_6c4fa6dfddc1499db228854454bfc61d,semi,bound_fixed,9.0,4,1,0
uNb9QFRL6hY-36,uNb9QFRL6hY_6c4fa6dfddc1499db228854454bfc61d,semi,bound_fixed,12.0,4,3,0
uNb9QFRL6hY-36,uNb9QFRL6hY_6c4fa6dfddc1499db228854454bfc61d,semi,split_cyclic,3.0,4,1,0
uNb9QFRL6hY-36,uNb9QFRL6hY_6c4fa6dfddc1499db228854454bfc61d,semi,split_cyclic,6.0,4,1,0
uNb9QFRL6hY-36,uNb9QFRL6hY_6c4fa6dfddc1499db228854454bfc61d,semi,split_cyclic,9.0,4,1,0
uNb9QFRL6hY-36,uNb9QFRL6hY_6c4fa6dfddc1499db228854454bfc61d,semi,split_cyclic,12.0,4,3,0
uNb9QFRL6hY-36,uNb9QFRL6hY_6c4fa6dfddc1499db228854454bfc61d,semi,bound_cyclic,3.0,4,1,0
uNb9QFRL6hY-36,uNb9QFRL6hY_6c4fa6dfddc1499db228854454bfc61d,semi,bound_cyclic,6.0,4,1,0
uNb9QFRL6hY-36,uNb9QFRL6hY_6c4fa6dfddc1499db228854454bfc61d,semi,bound_cyclic,9.0,4,1,0
uNb9QFRL6hY-36,uNb9QFRL6hY_6c4fa6dfddc1499db228854454bfc61d,semi,bound_cyclic,12.0,4,3,0
uNb9QFRL6hY-36,uNb9QFRL6hY_6c4fa6dfddc1499db228854454bfc61d,semi,split_free,3.0,4,1,0
uNb9QFRL6hY-36,uNb9QFRL6hY_6c4fa6dfddc1499db228854454bfc61d,semi,split_free,6.0,4,1,0
uNb9QFRL6hY-36,uNb9QFRL6hY_6c4fa6dfddc1499db228854454bfc61d,semi,split_free,9.0,4,1,0
uNb9QFRL6hY-36,uNb9QFRL6hY_6c4fa6dfddc1499db228854454bfc61d,semi,split_free,12.0,4,3,0
uNb9QFRL6hY-36,uNb9QFRL6hY_6c4fa6dfddc1499db228854454bfc61d,semi,bound_free,3.0,4,1,0
uNb9QFRL6hY-36,uNb9QFRL6hY_6c4fa6dfddc1499db228854454bfc61d,semi,bound_free,6.0,4,1,0
uNb9QFRL6hY-36,uNb9QFRL6hY_6c4fa6dfddc1499db228854454bfc61d,semi,bound_free,9.0,4,1,0
uNb9QFRL6hY-36,uNb9QFRL6hY_6c4fa6dfddc1499db228854454bfc61d,semi,bound_free,12.0,4,3,0
uNb9QFRL6hY-36,uNb9QFRL6hY_6c4fa6dfddc1499db228854454bfc61d,semi,top_fixed,3.0,4,1,0
uNb9QFRL6hY-36,uNb9QFRL6hY_6c4fa6dfddc1499db228854454bfc61d,semi,top_fixed,6.0,4,1,0
uNb9QFRL6hY-36,uNb9QFRL6hY_6c4fa6dfddc1499db228854454bfc61d,semi,top_fixed,9.0,4,1,0
uNb9QFRL6hY-36,uNb9QFRL6hY_6c4fa6dfddc1499db228854454bfc61d,semi,top_fixed,12.0,4,3,0
uNb9QFRL6hY-36,uNb9QFRL6hY_6c4fa6dfddc1499db228854454bfc61d,semi,bottom_fixed,3.0,4,1,0
uNb9QFRL6hY-36,uNb9QFRL6hY_6c4fa6dfddc1499db228854454bfc61d,semi,bottom_fixed,6.0,4,3,0
uNb9QFRL6hY-36,uNb9QFRL6hY_6c4fa6dfddc1499db228854454bfc61d,semi,bottom_fixed,9.0,4,3,0
uNb9QFRL6hY-36,uNb9QFRL6hY_6c4fa6dfddc1499db228854454bfc61d,semi,bottom_fixed,12.0,4,3,0
uNb9QFRL6hY-40,uNb9QFRL6hY_748279b5d6e740c4b2cba9fc78d6fc62,manual,count_only,0.0,5,6,0
uNb9QFRL6hY-40,uNb9QFRL6hY_748279b5d6e740c4b2cba9fc78d6fc62,manual,split_fixed,3.0,5,4,1
uNb9QFRL6hY-40,uNb9QFRL6hY_748279b5d6e740c4b2cba9fc78d6fc62,manual,split_fixed,6.0,5,6,0
uNb9QFRL6hY-40,uNb9QFRL6hY_748279b5d6e740c4b2cba9fc78d6fc62,manual,split_fixed,9.0,5,6,0
uNb9QFRL6hY-40,uNb9QFRL6hY_748279b5d6e740c4b2cba9fc78d6fc62,manual,split_fixed,12.0,5,6,0
uNb9QFRL6hY-40,uNb9QFRL6hY_748279b5d6e740c4b2cba9fc78d6fc62,manual,bound_fixed,3.0,5,4,1
uNb9QFRL6hY-40,uNb9QFRL6hY_748279b5d6e740c4b2cba9fc78d6fc62,manual,bound_fixed,6.0,5,6,0
uNb9QFRL6hY-40,uNb9QFRL6hY_748279b5d6e740c4b2cba9fc78d6fc62,manual,bound_fixed,9.0,5,6,0
uNb9QFRL6hY-40,uNb9QFRL6hY_748279b5d6e740c4b2cba9fc78d6fc62,manual,bound_fixed,12.0,5,6,0
uNb9QFRL6hY-40,uNb9QFRL6hY_748279b5d6e740c4b2cba9fc78d6fc62,manual,split_cyclic,3.0,5,4,1
uNb9QFRL6hY-40,uNb9QFRL6hY_748279b5d6e740c4b2cba9fc78d6fc62,manual,split_cyclic,6.0,5,6,0
uNb9QFRL6hY-40,uNb9QFRL6hY_748279b5d6e740c4b2cba9fc78d6fc62,manual,split_cyclic,9.0,5,6,0
uNb9QFRL6hY-40,uNb9QFRL6hY_748279b5d6e740c4b2cba9fc78d6fc62,manual,split_cyclic,12.0,5,6,0
uNb9QFRL6hY-40,uNb9QFRL6hY_748279b5d6e740c4b2cba9fc78d6fc62,manual,bound_cyclic,3.0,5,4,1
uNb9QFRL6hY-40,uNb9QFRL6hY_748279b5d6e740c4b2cba9fc78d6fc62,manual,bound_cyclic,6.0,5,6,0
uNb9QFRL6hY-40,uNb9QFRL6hY_748279b5d6e740c4b2cba9fc78d6fc62,manual,bound_cyclic,9.0,5,6,0
uNb9QFRL6hY-40,uNb9QFRL6hY_748279b5d6e740c4b2cba9fc78d6fc62,manual,bound_cyclic,12.0,5,6,0
uNb9QFRL6hY-40,uNb9QFRL6hY_748279b5d6e740c4b2cba9fc78d6fc62,manual,split_free,3.0,5,4,1
uNb9QFRL6hY-40,uNb9QFRL6hY_748279b5d6e740c4b2cba9fc78d6fc62,manual,split_free,6.0,5,6,0
uNb9QFRL6hY-40,uNb9QFRL6hY_748279b5d6e740c4b2cba9fc78d6fc62,manual,split_free,9.0,5,6,0
uNb9QFRL6hY-40,uNb9QFRL6hY_748279b5d6e740c4b2cba9fc78d6fc62,manual,split_free,12.0,5,6,0
uNb9QFRL6hY-40,uNb9QFRL6hY_748279b5d6e740c4b2cba9fc78d6fc62,manual,bound_free,3.0,5,4,1
uNb9QFRL6hY-40,uNb9QFRL6hY_748279b5d6e740c4b2cba9fc78d6fc62,manual,bound_free,6.0,5,6,0
uNb9QFRL6hY-40,uNb9QFRL6hY_748279b5d6e740c4b2cba9fc78d6fc62,manual,bound_free,9.0,5,6,0
uNb9QFRL6hY-40,uNb9QFRL6hY_748279b5d6e740c4b2cba9fc78d6fc62,manual,bound_free,12.0,5,6,0
uNb9QFRL6hY-40,uNb9QFRL6hY_748279b5d6e740c4b2cba9fc78d6fc62,manual,top_fixed,3.0,5,4,1
uNb9QFRL6hY-40,uNb9QFRL6hY_748279b5d6e740c4b2cba9fc78d6fc62,manual,top_fixed,6.0,5,6,0
uNb9QFRL6hY-40,uNb9QFRL6hY_748279b5d6e740c4b2cba9fc78d6fc62,manual,top_fixed,9.0,5,6,0
uNb9QFRL6hY-40,uNb9QFRL6hY_748279b5d6e740c4b2cba9fc78d6fc62,manual,top_fixed,12.0,5,6,0
uNb9QFRL6hY-40,uNb9QFRL6hY_748279b5d6e740c4b2cba9fc78d6fc62,manual,bottom_fixed,3.0,5,6,0
uNb9QFRL6hY-40,uNb9QFRL6hY_748279b5d6e740c4b2cba9fc78d6fc62,manual,bottom_fixed,6.0,5,6,0
uNb9QFRL6hY-40,uNb9QFRL6hY_748279b5d6e740c4b2cba9fc78d6fc62,manual,bottom_fixed,9.0,5,6,0
uNb9QFRL6hY-40,uNb9QFRL6hY_748279b5d6e740c4b2cba9fc78d6fc62,manual,bottom_fixed,12.0,5,6,0
uNb9QFRL6hY-40,uNb9QFRL6hY_748279b5d6e740c4b2cba9fc78d6fc62,semi,count_only,0.0,4,3,0
uNb9QFRL6hY-40,uNb9QFRL6hY_748279b5d6e740c4b2cba9fc78d6fc62,semi,split_fixed,3.0,4,3,0
uNb9QFRL6hY-40,uNb9QFRL6hY_748279b5d6e740c4b2cba9fc78d6fc62,semi,split_fixed,6.0,4,3,0
uNb9QFRL6hY-40,uNb9QFRL6hY_748279b5d6e740c4b2cba9fc78d6fc62,semi,split_fixed,9.0,4,3,0
uNb9QFRL6hY-40,uNb9QFRL6hY_748279b5d6e740c4b2cba9fc78d6fc62,semi,split_fixed,12.0,4,3,0
uNb9QFRL6hY-40,uNb9QFRL6hY_748279b5d6e740c4b2cba9fc78d6fc62,semi,bound_fixed,3.0,4,3,0
uNb9QFRL6hY-40,uNb9QFRL6hY_748279b5d6e740c4b2cba9fc78d6fc62,semi,bound_fixed,6.0,4,3,0
uNb9QFRL6hY-40,uNb9QFRL6hY_748279b5d6e740c4b2cba9fc78d6fc62,semi,bound_fixed,9.0,4,3,0
uNb9QFRL6hY-40,uNb9QFRL6hY_748279b5d6e740c4b2cba9fc78d6fc62,semi,bound_fixed,12.0,4,3,0
uNb9QFRL6hY-40,uNb9QFRL6hY_748279b5d6e740c4b2cba9fc78d6fc62,semi,split_cyclic,3.0,4,3,0
uNb9QFRL6hY-40,uNb9QFRL6hY_748279b5d6e740c4b2cba9fc78d6fc62,semi,split_cyclic,6.0,4,3,0
uNb9QFRL6hY-40,uNb9QFRL6hY_748279b5d6e740c4b2cba9fc78d6fc62,semi,split_cyclic,9.0,4,3,0
uNb9QFRL6hY-40,uNb9QFRL6hY_748279b5d6e740c4b2cba9fc78d6fc62,semi,split_cyclic,12.0,4,3,0
uNb9QFRL6hY-40,uNb9QFRL6hY_748279b5d6e740c4b2cba9fc78d6fc62,semi,bound_cyclic,3.0,4,3,0
uNb9QFRL6hY-40,uNb9QFRL6hY_748279b5d6e740c4b2cba9fc78d6fc62,semi,bound_cyclic,6.0,4,3,0
uNb9QFRL6hY-40,uNb9QFRL6hY_748279b5d6e740c4b2cba9fc78d6fc62,semi,bound_cyclic,9.0,4,3,0
uNb9QFRL6hY-40,uNb9QFRL6hY_748279b5d6e740c4b2cba9fc78d6fc62,semi,bound_cyclic,12.0,4,3,0
uNb9QFRL6hY-40,uNb9QFRL6hY_748279b5d6e740c4b2cba9fc78d6fc62,semi,split_free,3.0,4,3,0
uNb9QFRL6hY-40,uNb9QFRL6hY_748279b5d6e740c4b2cba9fc78d6fc62,semi,split_free,6.0,4,3,0
uNb9QFRL6hY-40,uNb9QFRL6hY_748279b5d6e740c4b2cba9fc78d6fc62,semi,split_free,9.0,4,3,0
uNb9QFRL6hY-40,uNb9QFRL6hY_748279b5d6e740c4b2cba9fc78d6fc62,semi,split_free,12.0,4,3,0
uNb9QFRL6hY-40,uNb9QFRL6hY_748279b5d6e740c4b2cba9fc78d6fc62,semi,bound_free,3.0,4,3,0
uNb9QFRL6hY-40,uNb9QFRL6hY_748279b5d6e740c4b2cba9fc78d6fc62,semi,bound_free,6.0,4,3,0
uNb9QFRL6hY-40,uNb9QFRL6hY_748279b5d6e740c4b2cba9fc78d6fc62,semi,bound_free,9.0,4,3,0
uNb9QFRL6hY-40,uNb9QFRL6hY_748279b5d6e740c4b2cba9fc78d6fc62,semi,bound_free,12.0,4,3,0
uNb9QFRL6hY-40,uNb9QFRL6hY_748279b5d6e740c4b2cba9fc78d6fc62,semi,top_fixed,3.0,4,3,0
uNb9QFRL6hY-40,uNb9QFRL6hY_748279b5d6e740c4b2cba9fc78d6fc62,semi,top_fixed,6.0,4,3,0
uNb9QFRL6hY-40,uNb9QFRL6hY_748279b5d6e740c4b2cba9fc78d6fc62,semi,top_fixed,9.0,4,3,0
uNb9QFRL6hY-40,uNb9QFRL6hY_748279b5d6e740c4b2cba9fc78d6fc62,semi,top_fixed,12.0,4,3,0
uNb9QFRL6hY-40,uNb9QFRL6hY_748279b5d6e740c4b2cba9fc78d6fc62,semi,bottom_fixed,3.0,4,3,0
uNb9QFRL6hY-40,uNb9QFRL6hY_748279b5d6e740c4b2cba9fc78d6fc62,semi,bottom_fixed,6.0,4,3,0
uNb9QFRL6hY-40,uNb9QFRL6hY_748279b5d6e740c4b2cba9fc78d6fc62,semi,bottom_fixed,9.0,4,3,0
uNb9QFRL6hY-40,uNb9QFRL6hY_748279b5d6e740c4b2cba9fc78d6fc62,semi,bottom_fixed,12.0,4,3,0
uNb9QFRL6hY-44,uNb9QFRL6hY_85e7a14905bd44648061e3eb7f79cf13,manual,count_only,0.0,5,10,0
uNb9QFRL6hY-44,uNb9QFRL6hY_85e7a14905bd44648061e3eb7f79cf13,manual,split_fixed,3.0,5,3,0
uNb9QFRL6hY-44,uNb9QFRL6hY_85e7a14905bd44648061e3eb7f79cf13,manual,split_fixed,6.0,5,3,0
uNb9QFRL6hY-44,uNb9QFRL6hY_85e7a14905bd44648061e3eb7f79cf13,manual,split_fixed,9.0,5,3,0
uNb9QFRL6hY-44,uNb9QFRL6hY_85e7a14905bd44648061e3eb7f79cf13,manual,split_fixed,12.0,5,4,1
uNb9QFRL6hY-44,uNb9QFRL6hY_85e7a14905bd44648061e3eb7f79cf13,manual,bound_fixed,3.0,5,3,0
uNb9QFRL6hY-44,uNb9QFRL6hY_85e7a14905bd44648061e3eb7f79cf13,manual,bound_fixed,6.0,5,3,0
uNb9QFRL6hY-44,uNb9QFRL6hY_85e7a14905bd44648061e3eb7f79cf13,manual,bound_fixed,9.0,5,3,0
uNb9QFRL6hY-44,uNb9QFRL6hY_85e7a14905bd44648061e3eb7f79cf13,manual,bound_fixed,12.0,5,4,1
uNb9QFRL6hY-44,uNb9QFRL6hY_85e7a14905bd44648061e3eb7f79cf13,manual,split_cyclic,3.0,5,3,0
uNb9QFRL6hY-44,uNb9QFRL6hY_85e7a14905bd44648061e3eb7f79cf13,manual,split_cyclic,6.0,5,3,0
uNb9QFRL6hY-44,uNb9QFRL6hY_85e7a14905bd44648061e3eb7f79cf13,manual,split_cyclic,9.0,5,3,0
uNb9QFRL6hY-44,uNb9QFRL6hY_85e7a14905bd44648061e3eb7f79cf13,manual,split_cyclic,12.0,5,4,1
uNb9QFRL6hY-44,uNb9QFRL6hY_85e7a14905bd44648061e3eb7f79cf13,manual,bound_cyclic,3.0,5,3,0
uNb9QFRL6hY-44,uNb9QFRL6hY_85e7a14905bd44648061e3eb7f79cf13,manual,bound_cyclic,6.0,5,3,0
uNb9QFRL6hY-44,uNb9QFRL6hY_85e7a14905bd44648061e3eb7f79cf13,manual,bound_cyclic,9.0,5,3,0
uNb9QFRL6hY-44,uNb9QFRL6hY_85e7a14905bd44648061e3eb7f79cf13,manual,bound_cyclic,12.0,5,4,1
uNb9QFRL6hY-44,uNb9QFRL6hY_85e7a14905bd44648061e3eb7f79cf13,manual,split_free,3.0,5,3,0
uNb9QFRL6hY-44,uNb9QFRL6hY_85e7a14905bd44648061e3eb7f79cf13,manual,split_free,6.0,5,3,0
uNb9QFRL6hY-44,uNb9QFRL6hY_85e7a14905bd44648061e3eb7f79cf13,manual,split_free,9.0,5,3,0
uNb9QFRL6hY-44,uNb9QFRL6hY_85e7a14905bd44648061e3eb7f79cf13,manual,split_free,12.0,5,4,1
uNb9QFRL6hY-44,uNb9QFRL6hY_85e7a14905bd44648061e3eb7f79cf13,manual,bound_free,3.0,5,3,0
uNb9QFRL6hY-44,uNb9QFRL6hY_85e7a14905bd44648061e3eb7f79cf13,manual,bound_free,6.0,5,3,0
uNb9QFRL6hY-44,uNb9QFRL6hY_85e7a14905bd44648061e3eb7f79cf13,manual,bound_free,9.0,5,3,0
uNb9QFRL6hY-44,uNb9QFRL6hY_85e7a14905bd44648061e3eb7f79cf13,manual,bound_free,12.0,5,4,1
uNb9QFRL6hY-44,uNb9QFRL6hY_85e7a14905bd44648061e3eb7f79cf13,manual,top_fixed,3.0,5,3,0
uNb9QFRL6hY-44,uNb9QFRL6hY_85e7a14905bd44648061e3eb7f79cf13,manual,top_fixed,6.0,5,3,0
uNb9QFRL6hY-44,uNb9QFRL6hY_85e7a14905bd44648061e3eb7f79cf13,manual,top_fixed,9.0,5,3,0
uNb9QFRL6hY-44,uNb9QFRL6hY_85e7a14905bd44648061e3eb7f79cf13,manual,top_fixed,12.0,5,4,1
uNb9QFRL6hY-44,uNb9QFRL6hY_85e7a14905bd44648061e3eb7f79cf13,manual,bottom_fixed,3.0,5,4,0
uNb9QFRL6hY-44,uNb9QFRL6hY_85e7a14905bd44648061e3eb7f79cf13,manual,bottom_fixed,6.0,5,4,0
uNb9QFRL6hY-44,uNb9QFRL6hY_85e7a14905bd44648061e3eb7f79cf13,manual,bottom_fixed,9.0,5,4,0
uNb9QFRL6hY-44,uNb9QFRL6hY_85e7a14905bd44648061e3eb7f79cf13,manual,bottom_fixed,12.0,5,8,4
uNb9QFRL6hY-44,uNb9QFRL6hY_85e7a14905bd44648061e3eb7f79cf13,semi,count_only,0.0,5,6,0
uNb9QFRL6hY-44,uNb9QFRL6hY_85e7a14905bd44648061e3eb7f79cf13,semi,split_fixed,3.0,5,3,0
uNb9QFRL6hY-44,uNb9QFRL6hY_85e7a14905bd44648061e3eb7f79cf13,semi,split_fixed,6.0,5,3,0
uNb9QFRL6hY-44,uNb9QFRL6hY_85e7a14905bd44648061e3eb7f79cf13,semi,split_fixed,9.0,5,5,2
uNb9QFRL6hY-44,uNb9QFRL6hY_85e7a14905bd44648061e3eb7f79cf13,semi,split_fixed,12.0,5,6,0
uNb9QFRL6hY-44,uNb9QFRL6hY_85e7a14905bd44648061e3eb7f79cf13,semi,bound_fixed,3.0,5,3,0
uNb9QFRL6hY-44,uNb9QFRL6hY_85e7a14905bd44648061e3eb7f79cf13,semi,bound_fixed,6.0,5,3,0
uNb9QFRL6hY-44,uNb9QFRL6hY_85e7a14905bd44648061e3eb7f79cf13,semi,bound_fixed,9.0,5,5,2
uNb9QFRL6hY-44,uNb9QFRL6hY_85e7a14905bd44648061e3eb7f79cf13,semi,bound_fixed,12.0,5,6,0
uNb9QFRL6hY-44,uNb9QFRL6hY_85e7a14905bd44648061e3eb7f79cf13,semi,split_cyclic,3.0,5,3,0
uNb9QFRL6hY-44,uNb9QFRL6hY_85e7a14905bd44648061e3eb7f79cf13,semi,split_cyclic,6.0,5,3,0
uNb9QFRL6hY-44,uNb9QFRL6hY_85e7a14905bd44648061e3eb7f79cf13,semi,split_cyclic,9.0,5,5,2
uNb9QFRL6hY-44,uNb9QFRL6hY_85e7a14905bd44648061e3eb7f79cf13,semi,split_cyclic,12.0,5,6,0
uNb9QFRL6hY-44,uNb9QFRL6hY_85e7a14905bd44648061e3eb7f79cf13,semi,bound_cyclic,3.0,5,3,0
uNb9QFRL6hY-44,uNb9QFRL6hY_85e7a14905bd44648061e3eb7f79cf13,semi,bound_cyclic,6.0,5,3,0
uNb9QFRL6hY-44,uNb9QFRL6hY_85e7a14905bd44648061e3eb7f79cf13,semi,bound_cyclic,9.0,5,5,2
uNb9QFRL6hY-44,uNb9QFRL6hY_85e7a14905bd44648061e3eb7f79cf13,semi,bound_cyclic,12.0,5,6,0
uNb9QFRL6hY-44,uNb9QFRL6hY_85e7a14905bd44648061e3eb7f79cf13,semi,split_free,3.0,5,3,0
uNb9QFRL6hY-44,uNb9QFRL6hY_85e7a14905bd44648061e3eb7f79cf13,semi,split_free,6.0,5,3,0
uNb9QFRL6hY-44,uNb9QFRL6hY_85e7a14905bd44648061e3eb7f79cf13,semi,split_free,9.0,5,5,2
uNb9QFRL6hY-44,uNb9QFRL6hY_85e7a14905bd44648061e3eb7f79cf13,semi,split_free,12.0,5,6,0
uNb9QFRL6hY-44,uNb9QFRL6hY_85e7a14905bd44648061e3eb7f79cf13,semi,bound_free,3.0,5,3,0
uNb9QFRL6hY-44,uNb9QFRL6hY_85e7a14905bd44648061e3eb7f79cf13,semi,bound_free,6.0,5,3,0
uNb9QFRL6hY-44,uNb9QFRL6hY_85e7a14905bd44648061e3eb7f79cf13,semi,bound_free,9.0,5,5,2
uNb9QFRL6hY-44,uNb9QFRL6hY_85e7a14905bd44648061e3eb7f79cf13,semi,bound_free,12.0,5,6,0
uNb9QFRL6hY-44,uNb9QFRL6hY_85e7a14905bd44648061e3eb7f79cf13,semi,top_fixed,3.0,5,3,0
uNb9QFRL6hY-44,uNb9QFRL6hY_85e7a14905bd44648061e3eb7f79cf13,semi,top_fixed,6.0,5,3,0
uNb9QFRL6hY-44,uNb9QFRL6hY_85e7a14905bd44648061e3eb7f79cf13,semi,top_fixed,9.0,5,6,0
uNb9QFRL6hY-44,uNb9QFRL6hY_85e7a14905bd44648061e3eb7f79cf13,semi,top_fixed,12.0,5,6,0
uNb9QFRL6hY-44,uNb9QFRL6hY_85e7a14905bd44648061e3eb7f79cf13,semi,bottom_fixed,3.0,5,3,0
uNb9QFRL6hY-44,uNb9QFRL6hY_85e7a14905bd44648061e3eb7f79cf13,semi,bottom_fixed,6.0,5,3,0
uNb9QFRL6hY-44,uNb9QFRL6hY_85e7a14905bd44648061e3eb7f79cf13,semi,bottom_fixed,9.0,5,5,2
uNb9QFRL6hY-44,uNb9QFRL6hY_85e7a14905bd44648061e3eb7f79cf13,semi,bottom_fixed,12.0,5,6,0
uNb9QFRL6hY-45,uNb9QFRL6hY_8b6f1b0b025848b482e747ab6a027b97,manual,count_only,0.0,23,95,0
uNb9QFRL6hY-45,uNb9QFRL6hY_8b6f1b0b025848b482e747ab6a027b97,manual,split_fixed,3.0,23,36,8
uNb9QFRL6hY-45,uNb9QFRL6hY_8b6f1b0b025848b482e747ab6a027b97,manual,split_fixed,6.0,23,78,1
uNb9QFRL6hY-45,uNb9QFRL6hY_8b6f1b0b025848b482e747ab6a027b97,manual,split_fixed,9.0,23,89,1
uNb9QFRL6hY-45,uNb9QFRL6hY_8b6f1b0b025848b482e747ab6a027b97,manual,split_fixed,12.0,23,95,0
uNb9QFRL6hY-45,uNb9QFRL6hY_8b6f1b0b025848b482e747ab6a027b97,manual,bound_fixed,3.0,23,36,8
uNb9QFRL6hY-45,uNb9QFRL6hY_8b6f1b0b025848b482e747ab6a027b97,manual,bound_fixed,6.0,23,78,1
uNb9QFRL6hY-45,uNb9QFRL6hY_8b6f1b0b025848b482e747ab6a027b97,manual,bound_fixed,9.0,23,89,1
uNb9QFRL6hY-45,uNb9QFRL6hY_8b6f1b0b025848b482e747ab6a027b97,manual,bound_fixed,12.0,23,95,0
uNb9QFRL6hY-45,uNb9QFRL6hY_8b6f1b0b025848b482e747ab6a027b97,manual,split_cyclic,3.0,23,36,8
uNb9QFRL6hY-45,uNb9QFRL6hY_8b6f1b0b025848b482e747ab6a027b97,manual,split_cyclic,6.0,23,78,1
uNb9QFRL6hY-45,uNb9QFRL6hY_8b6f1b0b025848b482e747ab6a027b97,manual,split_cyclic,9.0,23,89,1
uNb9QFRL6hY-45,uNb9QFRL6hY_8b6f1b0b025848b482e747ab6a027b97,manual,split_cyclic,12.0,23,95,0
uNb9QFRL6hY-45,uNb9QFRL6hY_8b6f1b0b025848b482e747ab6a027b97,manual,bound_cyclic,3.0,23,36,8
uNb9QFRL6hY-45,uNb9QFRL6hY_8b6f1b0b025848b482e747ab6a027b97,manual,bound_cyclic,6.0,23,78,1
uNb9QFRL6hY-45,uNb9QFRL6hY_8b6f1b0b025848b482e747ab6a027b97,manual,bound_cyclic,9.0,23,89,1
uNb9QFRL6hY-45,uNb9QFRL6hY_8b6f1b0b025848b482e747ab6a027b97,manual,bound_cyclic,12.0,23,95,0
uNb9QFRL6hY-45,uNb9QFRL6hY_8b6f1b0b025848b482e747ab6a027b97,manual,split_free,3.0,23,36,8
uNb9QFRL6hY-45,uNb9QFRL6hY_8b6f1b0b025848b482e747ab6a027b97,manual,split_free,6.0,23,78,1
uNb9QFRL6hY-45,uNb9QFRL6hY_8b6f1b0b025848b482e747ab6a027b97,manual,split_free,9.0,23,89,1
uNb9QFRL6hY-45,uNb9QFRL6hY_8b6f1b0b025848b482e747ab6a027b97,manual,split_free,12.0,23,95,0
uNb9QFRL6hY-45,uNb9QFRL6hY_8b6f1b0b025848b482e747ab6a027b97,manual,bound_free,3.0,23,36,8
uNb9QFRL6hY-45,uNb9QFRL6hY_8b6f1b0b025848b482e747ab6a027b97,manual,bound_free,6.0,23,78,1
uNb9QFRL6hY-45,uNb9QFRL6hY_8b6f1b0b025848b482e747ab6a027b97,manual,bound_free,9.0,23,89,1
uNb9QFRL6hY-45,uNb9QFRL6hY_8b6f1b0b025848b482e747ab6a027b97,manual,bound_free,12.0,23,95,0
uNb9QFRL6hY-45,uNb9QFRL6hY_8b6f1b0b025848b482e747ab6a027b97,manual,top_fixed,3.0,23,51,15
uNb9QFRL6hY-45,uNb9QFRL6hY_8b6f1b0b025848b482e747ab6a027b97,manual,top_fixed,6.0,23,78,1
uNb9QFRL6hY-45,uNb9QFRL6hY_8b6f1b0b025848b482e747ab6a027b97,manual,top_fixed,9.0,23,89,1
uNb9QFRL6hY-45,uNb9QFRL6hY_8b6f1b0b025848b482e747ab6a027b97,manual,top_fixed,12.0,23,95,0
uNb9QFRL6hY-45,uNb9QFRL6hY_8b6f1b0b025848b482e747ab6a027b97,manual,bottom_fixed,3.0,23,66,26
uNb9QFRL6hY-45,uNb9QFRL6hY_8b6f1b0b025848b482e747ab6a027b97,manual,bottom_fixed,6.0,23,94,6
uNb9QFRL6hY-45,uNb9QFRL6hY_8b6f1b0b025848b482e747ab6a027b97,manual,bottom_fixed,9.0,23,95,0
uNb9QFRL6hY-45,uNb9QFRL6hY_8b6f1b0b025848b482e747ab6a027b97,manual,bottom_fixed,12.0,23,95,0
uNb9QFRL6hY-47,uNb9QFRL6hY_978d7a8eb0794936bd8fd092306e1dc5,manual,count_only,0.0,24,95,0
uNb9QFRL6hY-47,uNb9QFRL6hY_978d7a8eb0794936bd8fd092306e1dc5,manual,split_fixed,3.0,24,2,0
uNb9QFRL6hY-47,uNb9QFRL6hY_978d7a8eb0794936bd8fd092306e1dc5,manual,split_fixed,6.0,24,7,0
uNb9QFRL6hY-47,uNb9QFRL6hY_978d7a8eb0794936bd8fd092306e1dc5,manual,split_fixed,9.0,24,11,4
uNb9QFRL6hY-47,uNb9QFRL6hY_978d7a8eb0794936bd8fd092306e1dc5,manual,split_fixed,12.0,24,26,4
uNb9QFRL6hY-47,uNb9QFRL6hY_978d7a8eb0794936bd8fd092306e1dc5,manual,bound_fixed,3.0,23,2,0
uNb9QFRL6hY-47,uNb9QFRL6hY_978d7a8eb0794936bd8fd092306e1dc5,manual,bound_fixed,6.0,23,7,0
uNb9QFRL6hY-47,uNb9QFRL6hY_978d7a8eb0794936bd8fd092306e1dc5,manual,bound_fixed,9.0,23,11,4
uNb9QFRL6hY-47,uNb9QFRL6hY_978d7a8eb0794936bd8fd092306e1dc5,manual,bound_fixed,12.0,23,26,4
uNb9QFRL6hY-47,uNb9QFRL6hY_978d7a8eb0794936bd8fd092306e1dc5,manual,split_cyclic,3.0,24,2,0
uNb9QFRL6hY-47,uNb9QFRL6hY_978d7a8eb0794936bd8fd092306e1dc5,manual,split_cyclic,6.0,24,7,0
uNb9QFRL6hY-47,uNb9QFRL6hY_978d7a8eb0794936bd8fd092306e1dc5,manual,split_cyclic,9.0,24,11,4
uNb9QFRL6hY-47,uNb9QFRL6hY_978d7a8eb0794936bd8fd092306e1dc5,manual,split_cyclic,12.0,24,26,4
uNb9QFRL6hY-47,uNb9QFRL6hY_978d7a8eb0794936bd8fd092306e1dc5,manual,bound_cyclic,3.0,23,2,0
uNb9QFRL6hY-47,uNb9QFRL6hY_978d7a8eb0794936bd8fd092306e1dc5,manual,bound_cyclic,6.0,23,7,0
uNb9QFRL6hY-47,uNb9QFRL6hY_978d7a8eb0794936bd8fd092306e1dc5,manual,bound_cyclic,9.0,23,11,4
uNb9QFRL6hY-47,uNb9QFRL6hY_978d7a8eb0794936bd8fd092306e1dc5,manual,bound_cyclic,12.0,23,26,4
uNb9QFRL6hY-47,uNb9QFRL6hY_978d7a8eb0794936bd8fd092306e1dc5,manual,split_free,3.0,24,2,0
uNb9QFRL6hY-47,uNb9QFRL6hY_978d7a8eb0794936bd8fd092306e1dc5,manual,split_free,6.0,24,7,0
uNb9QFRL6hY-47,uNb9QFRL6hY_978d7a8eb0794936bd8fd092306e1dc5,manual,split_free,9.0,24,11,4
uNb9QFRL6hY-47,uNb9QFRL6hY_978d7a8eb0794936bd8fd092306e1dc5,manual,split_free,12.0,24,26,4
uNb9QFRL6hY-47,uNb9QFRL6hY_978d7a8eb0794936bd8fd092306e1dc5,manual,bound_free,3.0,23,2,0
uNb9QFRL6hY-47,uNb9QFRL6hY_978d7a8eb0794936bd8fd092306e1dc5,manual,bound_free,6.0,23,7,0
uNb9QFRL6hY-47,uNb9QFRL6hY_978d7a8eb0794936bd8fd092306e1dc5,manual,bound_free,9.0,23,11,4
uNb9QFRL6hY-47,uNb9QFRL6hY_978d7a8eb0794936bd8fd092306e1dc5,manual,bound_free,12.0,23,26,4
uNb9QFRL6hY-47,uNb9QFRL6hY_978d7a8eb0794936bd8fd092306e1dc5,manual,top_fixed,3.0,24,4,1
uNb9QFRL6hY-47,uNb9QFRL6hY_978d7a8eb0794936bd8fd092306e1dc5,manual,top_fixed,6.0,24,24,8
uNb9QFRL6hY-47,uNb9QFRL6hY_978d7a8eb0794936bd8fd092306e1dc5,manual,top_fixed,9.0,24,36,10
uNb9QFRL6hY-47,uNb9QFRL6hY_978d7a8eb0794936bd8fd092306e1dc5,manual,top_fixed,12.0,24,46,15
uNb9QFRL6hY-47,uNb9QFRL6hY_978d7a8eb0794936bd8fd092306e1dc5,manual,bottom_fixed,3.0,24,2,0
uNb9QFRL6hY-47,uNb9QFRL6hY_978d7a8eb0794936bd8fd092306e1dc5,manual,bottom_fixed,6.0,24,12,2
uNb9QFRL6hY-47,uNb9QFRL6hY_978d7a8eb0794936bd8fd092306e1dc5,manual,bottom_fixed,9.0,24,25,11
uNb9QFRL6hY-47,uNb9QFRL6hY_978d7a8eb0794936bd8fd092306e1dc5,manual,bottom_fixed,12.0,24,44,20
uNb9QFRL6hY-50,uNb9QFRL6hY_9f199750b00c4f5484a546d79e06a0f8,manual,count_only,0.0,23,39,0
uNb9QFRL6hY-50,uNb9QFRL6hY_9f199750b00c4f5484a546d79e06a0f8,manual,split_fixed,3.0,23,3,0
uNb9QFRL6hY-50,uNb9QFRL6hY_9f199750b00c4f5484a546d79e06a0f8,manual,split_fixed,6.0,23,15,3
uNb9QFRL6hY-50,uNb9QFRL6hY_9f199750b00c4f5484a546d79e06a0f8,manual,split_fixed,9.0,23,19,2
uNb9QFRL6hY-50,uNb9QFRL6hY_9f199750b00c4f5484a546d79e06a0f8,manual,split_fixed,12.0,23,20,0
uNb9QFRL6hY-50,uNb9QFRL6hY_9f199750b00c4f5484a546d79e06a0f8,manual,bound_fixed,3.0,23,3,0
uNb9QFRL6hY-50,uNb9QFRL6hY_9f199750b00c4f5484a546d79e06a0f8,manual,bound_fixed,6.0,23,15,3
uNb9QFRL6hY-50,uNb9QFRL6hY_9f199750b00c4f5484a546d79e06a0f8,manual,bound_fixed,9.0,23,19,2
uNb9QFRL6hY-50,uNb9QFRL6hY_9f199750b00c4f5484a546d79e06a0f8,manual,bound_fixed,12.0,23,20,0
uNb9QFRL6hY-50,uNb9QFRL6hY_9f199750b00c4f5484a546d79e06a0f8,manual,split_cyclic,3.0,23,3,0
uNb9QFRL6hY-50,uNb9QFRL6hY_9f199750b00c4f5484a546d79e06a0f8,manual,split_cyclic,6.0,23,15,3
uNb9QFRL6hY-50,uNb9QFRL6hY_9f199750b00c4f5484a546d79e06a0f8,manual,split_cyclic,9.0,23,19,2
uNb9QFRL6hY-50,uNb9QFRL6hY_9f199750b00c4f5484a546d79e06a0f8,manual,split_cyclic,12.0,23,20,0
uNb9QFRL6hY-50,uNb9QFRL6hY_9f199750b00c4f5484a546d79e06a0f8,manual,bound_cyclic,3.0,23,3,0
uNb9QFRL6hY-50,uNb9QFRL6hY_9f199750b00c4f5484a546d79e06a0f8,manual,bound_cyclic,6.0,23,15,3
uNb9QFRL6hY-50,uNb9QFRL6hY_9f199750b00c4f5484a546d79e06a0f8,manual,bound_cyclic,9.0,23,19,2
uNb9QFRL6hY-50,uNb9QFRL6hY_9f199750b00c4f5484a546d79e06a0f8,manual,bound_cyclic,12.0,23,20,0
uNb9QFRL6hY-50,uNb9QFRL6hY_9f199750b00c4f5484a546d79e06a0f8,manual,split_free,3.0,23,3,0
uNb9QFRL6hY-50,uNb9QFRL6hY_9f199750b00c4f5484a546d79e06a0f8,manual,split_free,6.0,23,15,3
uNb9QFRL6hY-50,uNb9QFRL6hY_9f199750b00c4f5484a546d79e06a0f8,manual,split_free,9.0,23,19,2
uNb9QFRL6hY-50,uNb9QFRL6hY_9f199750b00c4f5484a546d79e06a0f8,manual,split_free,12.0,23,20,0
uNb9QFRL6hY-50,uNb9QFRL6hY_9f199750b00c4f5484a546d79e06a0f8,manual,bound_free,3.0,23,3,0
uNb9QFRL6hY-50,uNb9QFRL6hY_9f199750b00c4f5484a546d79e06a0f8,manual,bound_free,6.0,23,15,3
uNb9QFRL6hY-50,uNb9QFRL6hY_9f199750b00c4f5484a546d79e06a0f8,manual,bound_free,9.0,23,19,2
uNb9QFRL6hY-50,uNb9QFRL6hY_9f199750b00c4f5484a546d79e06a0f8,manual,bound_free,12.0,23,20,0
uNb9QFRL6hY-50,uNb9QFRL6hY_9f199750b00c4f5484a546d79e06a0f8,manual,top_fixed,3.0,23,5,0
uNb9QFRL6hY-50,uNb9QFRL6hY_9f199750b00c4f5484a546d79e06a0f8,manual,top_fixed,6.0,23,15,3
uNb9QFRL6hY-50,uNb9QFRL6hY_9f199750b00c4f5484a546d79e06a0f8,manual,top_fixed,9.0,23,20,2
uNb9QFRL6hY-50,uNb9QFRL6hY_9f199750b00c4f5484a546d79e06a0f8,manual,top_fixed,12.0,23,22,0
uNb9QFRL6hY-50,uNb9QFRL6hY_9f199750b00c4f5484a546d79e06a0f8,manual,bottom_fixed,3.0,23,11,0
uNb9QFRL6hY-50,uNb9QFRL6hY_9f199750b00c4f5484a546d79e06a0f8,manual,bottom_fixed,6.0,23,20,0
uNb9QFRL6hY-50,uNb9QFRL6hY_9f199750b00c4f5484a546d79e06a0f8,manual,bottom_fixed,9.0,23,20,0
uNb9QFRL6hY-50,uNb9QFRL6hY_9f199750b00c4f5484a546d79e06a0f8,manual,bottom_fixed,12.0,23,20,0
uNb9QFRL6hY-51,uNb9QFRL6hY_a372582c11864f31a9dd174e4a0ae6ad,manual,count_only,0.0,6,10,0
uNb9QFRL6hY-51,uNb9QFRL6hY_a372582c11864f31a9dd174e4a0ae6ad,manual,split_fixed,3.0,6,3,0
uNb9QFRL6hY-51,uNb9QFRL6hY_a372582c11864f31a9dd174e4a0ae6ad,manual,split_fixed,6.0,6,6,0
uNb9QFRL6hY-51,uNb9QFRL6hY_a372582c11864f31a9dd174e4a0ae6ad,manual,split_fixed,9.0,6,6,0
uNb9QFRL6hY-51,uNb9QFRL6hY_a372582c11864f31a9dd174e4a0ae6ad,manual,split_fixed,12.0,6,6,0
uNb9QFRL6hY-51,uNb9QFRL6hY_a372582c11864f31a9dd174e4a0ae6ad,manual,bound_fixed,3.0,6,3,0
uNb9QFRL6hY-51,uNb9QFRL6hY_a372582c11864f31a9dd174e4a0ae6ad,manual,bound_fixed,6.0,6,6,0
uNb9QFRL6hY-51,uNb9QFRL6hY_a372582c11864f31a9dd174e4a0ae6ad,manual,bound_fixed,9.0,6,6,0
uNb9QFRL6hY-51,uNb9QFRL6hY_a372582c11864f31a9dd174e4a0ae6ad,manual,bound_fixed,12.0,6,6,0
uNb9QFRL6hY-51,uNb9QFRL6hY_a372582c11864f31a9dd174e4a0ae6ad,manual,split_cyclic,3.0,6,3,0
uNb9QFRL6hY-51,uNb9QFRL6hY_a372582c11864f31a9dd174e4a0ae6ad,manual,split_cyclic,6.0,6,6,0
uNb9QFRL6hY-51,uNb9QFRL6hY_a372582c11864f31a9dd174e4a0ae6ad,manual,split_cyclic,9.0,6,6,0
uNb9QFRL6hY-51,uNb9QFRL6hY_a372582c11864f31a9dd174e4a0ae6ad,manual,split_cyclic,12.0,6,6,0
uNb9QFRL6hY-51,uNb9QFRL6hY_a372582c11864f31a9dd174e4a0ae6ad,manual,bound_cyclic,3.0,6,3,0
uNb9QFRL6hY-51,uNb9QFRL6hY_a372582c11864f31a9dd174e4a0ae6ad,manual,bound_cyclic,6.0,6,6,0
uNb9QFRL6hY-51,uNb9QFRL6hY_a372582c11864f31a9dd174e4a0ae6ad,manual,bound_cyclic,9.0,6,6,0
uNb9QFRL6hY-51,uNb9QFRL6hY_a372582c11864f31a9dd174e4a0ae6ad,manual,bound_cyclic,12.0,6,6,0
uNb9QFRL6hY-51,uNb9QFRL6hY_a372582c11864f31a9dd174e4a0ae6ad,manual,split_free,3.0,6,3,0
uNb9QFRL6hY-51,uNb9QFRL6hY_a372582c11864f31a9dd174e4a0ae6ad,manual,split_free,6.0,6,6,0
uNb9QFRL6hY-51,uNb9QFRL6hY_a372582c11864f31a9dd174e4a0ae6ad,manual,split_free,9.0,6,6,0
uNb9QFRL6hY-51,uNb9QFRL6hY_a372582c11864f31a9dd174e4a0ae6ad,manual,split_free,12.0,6,6,0
uNb9QFRL6hY-51,uNb9QFRL6hY_a372582c11864f31a9dd174e4a0ae6ad,manual,bound_free,3.0,6,3,0
uNb9QFRL6hY-51,uNb9QFRL6hY_a372582c11864f31a9dd174e4a0ae6ad,manual,bound_free,6.0,6,6,0
uNb9QFRL6hY-51,uNb9QFRL6hY_a372582c11864f31a9dd174e4a0ae6ad,manual,bound_free,9.0,6,6,0
uNb9QFRL6hY-51,uNb9QFRL6hY_a372582c11864f31a9dd174e4a0ae6ad,manual,bound_free,12.0,6,6,0
uNb9QFRL6hY-51,uNb9QFRL6hY_a372582c11864f31a9dd174e4a0ae6ad,manual,top_fixed,3.0,6,3,0
uNb9QFRL6hY-51,uNb9QFRL6hY_a372582c11864f31a9dd174e4a0ae6ad,manual,top_fixed,6.0,6,6,0
uNb9QFRL6hY-51,uNb9QFRL6hY_a372582c11864f31a9dd174e4a0ae6ad,manual,top_fixed,9.0,6,6,0
uNb9QFRL6hY-51,uNb9QFRL6hY_a372582c11864f31a9dd174e4a0ae6ad,manual,top_fixed,12.0,6,6,0
uNb9QFRL6hY-51,uNb9QFRL6hY_a372582c11864f31a9dd174e4a0ae6ad,manual,bottom_fixed,3.0,6,6,0
uNb9QFRL6hY-51,uNb9QFRL6hY_a372582c11864f31a9dd174e4a0ae6ad,manual,bottom_fixed,6.0,6,6,0
uNb9QFRL6hY-51,uNb9QFRL6hY_a372582c11864f31a9dd174e4a0ae6ad,manual,bottom_fixed,9.0,6,6,0
uNb9QFRL6hY-51,uNb9QFRL6hY_a372582c11864f31a9dd174e4a0ae6ad,manual,bottom_fixed,12.0,6,6,0
uNb9QFRL6hY-52,uNb9QFRL6hY_a38a8c6dced34d8bb18fb67165c099f2,oos,count_only,0.0,24,110,0
uNb9QFRL6hY-52,uNb9QFRL6hY_a38a8c6dced34d8bb18fb67165c099f2,oos,split_fixed,3.0,24,4,1
uNb9QFRL6hY-52,uNb9QFRL6hY_a38a8c6dced34d8bb18fb67165c099f2,oos,split_fixed,6.0,24,41,20
uNb9QFRL6hY-52,uNb9QFRL6hY_a38a8c6dced34d8bb18fb67165c099f2,oos,split_fixed,9.0,24,55,1
uNb9QFRL6hY-52,uNb9QFRL6hY_a38a8c6dced34d8bb18fb67165c099f2,oos,split_fixed,12.0,24,69,15
uNb9QFRL6hY-52,uNb9QFRL6hY_a38a8c6dced34d8bb18fb67165c099f2,oos,bound_fixed,3.0,22,3,0
uNb9QFRL6hY-52,uNb9QFRL6hY_a38a8c6dced34d8bb18fb67165c099f2,oos,bound_fixed,6.0,22,31,13
uNb9QFRL6hY-52,uNb9QFRL6hY_a38a8c6dced34d8bb18fb67165c099f2,oos,bound_fixed,9.0,22,42,5
uNb9QFRL6hY-52,uNb9QFRL6hY_a38a8c6dced34d8bb18fb67165c099f2,oos,bound_fixed,12.0,22,58,13
uNb9QFRL6hY-52,uNb9QFRL6hY_a38a8c6dced34d8bb18fb67165c099f2,oos,split_cyclic,3.0,24,4,1
uNb9QFRL6hY-52,uNb9QFRL6hY_a38a8c6dced34d8bb18fb67165c099f2,oos,split_cyclic,6.0,24,41,20
uNb9QFRL6hY-52,uNb9QFRL6hY_a38a8c6dced34d8bb18fb67165c099f2,oos,split_cyclic,9.0,24,55,1
uNb9QFRL6hY-52,uNb9QFRL6hY_a38a8c6dced34d8bb18fb67165c099f2,oos,split_cyclic,12.0,24,69,15
uNb9QFRL6hY-52,uNb9QFRL6hY_a38a8c6dced34d8bb18fb67165c099f2,oos,bound_cyclic,3.0,22,3,0
uNb9QFRL6hY-52,uNb9QFRL6hY_a38a8c6dced34d8bb18fb67165c099f2,oos,bound_cyclic,6.0,22,31,13
uNb9QFRL6hY-52,uNb9QFRL6hY_a38a8c6dced34d8bb18fb67165c099f2,oos,bound_cyclic,9.0,22,42,5
uNb9QFRL6hY-52,uNb9QFRL6hY_a38a8c6dced34d8bb18fb67165c099f2,oos,bound_cyclic,12.0,22,58,13
uNb9QFRL6hY-52,uNb9QFRL6hY_a38a8c6dced34d8bb18fb67165c099f2,oos,split_free,3.0,24,4,1
uNb9QFRL6hY-52,uNb9QFRL6hY_a38a8c6dced34d8bb18fb67165c099f2,oos,split_free,6.0,24,41,20
uNb9QFRL6hY-52,uNb9QFRL6hY_a38a8c6dced34d8bb18fb67165c099f2,oos,split_free,9.0,24,55,1
uNb9QFRL6hY-52,uNb9QFRL6hY_a38a8c6dced34d8bb18fb67165c099f2,oos,split_free,12.0,24,69,15
uNb9QFRL6hY-52,uNb9QFRL6hY_a38a8c6dced34d8bb18fb67165c099f2,oos,bound_free,3.0,22,3,0
uNb9QFRL6hY-52,uNb9QFRL6hY_a38a8c6dced34d8bb18fb67165c099f2,oos,bound_free,6.0,22,31,13
uNb9QFRL6hY-52,uNb9QFRL6hY_a38a8c6dced34d8bb18fb67165c099f2,oos,bound_free,9.0,22,46,1
uNb9QFRL6hY-52,uNb9QFRL6hY_a38a8c6dced34d8bb18fb67165c099f2,oos,bound_free,12.0,22,58,13
uNb9QFRL6hY-52,uNb9QFRL6hY_a38a8c6dced34d8bb18fb67165c099f2,oos,top_fixed,3.0,24,26,9
uNb9QFRL6hY-52,uNb9QFRL6hY_a38a8c6dced34d8bb18fb67165c099f2,oos,top_fixed,6.0,24,52,2
uNb9QFRL6hY-52,uNb9QFRL6hY_a38a8c6dced34d8bb18fb67165c099f2,oos,top_fixed,9.0,24,55,1
uNb9QFRL6hY-52,uNb9QFRL6hY_a38a8c6dced34d8bb18fb67165c099f2,oos,top_fixed,12.0,24,69,15
uNb9QFRL6hY-52,uNb9QFRL6hY_a38a8c6dced34d8bb18fb67165c099f2,oos,bottom_fixed,3.0,24,22,10
uNb9QFRL6hY-52,uNb9QFRL6hY_a38a8c6dced34d8bb18fb67165c099f2,oos,bottom_fixed,6.0,24,77,32
uNb9QFRL6hY-52,uNb9QFRL6hY_a38a8c6dced34d8bb18fb67165c099f2,oos,bottom_fixed,9.0,24,94,0
uNb9QFRL6hY-52,uNb9QFRL6hY_a38a8c6dced34d8bb18fb67165c099f2,oos,bottom_fixed,12.0,24,94,0
uNb9QFRL6hY-54,uNb9QFRL6hY_a7ab19b1a9f044f0905592de1414e8b3,manual,count_only,0.0,6,15,0
uNb9QFRL6hY-54,uNb9QFRL6hY_a7ab19b1a9f044f0905592de1414e8b3,manual,split_fixed,3.0,6,7,0
uNb9QFRL6hY-54,uNb9QFRL6hY_a7ab19b1a9f044f0905592de1414e8b3,manual,split_fixed,6.0,6,9,2
uNb9QFRL6hY-54,uNb9QFRL6hY_a7ab19b1a9f044f0905592de1414e8b3,manual,split_fixed,9.0,6,15,0
uNb9QFRL6hY-54,uNb9QFRL6hY_a7ab19b1a9f044f0905592de1414e8b3,manual,split_fixed,12.0,6,15,0
uNb9QFRL6hY-54,uNb9QFRL6hY_a7ab19b1a9f044f0905592de1414e8b3,manual,bound_fixed,3.0,6,7,0
uNb9QFRL6hY-54,uNb9QFRL6hY_a7ab19b1a9f044f0905592de1414e8b3,manual,bound_fixed,6.0,6,9,2
uNb9QFRL6hY-54,uNb9QFRL6hY_a7ab19b1a9f044f0905592de1414e8b3,manual,bound_fixed,9.0,6,15,0
uNb9QFRL6hY-54,uNb9QFRL6hY_a7ab19b1a9f044f0905592de1414e8b3,manual,bound_fixed,12.0,6,15,0
uNb9QFRL6hY-54,uNb9QFRL6hY_a7ab19b1a9f044f0905592de1414e8b3,manual,split_cyclic,3.0,6,7,0
uNb9QFRL6hY-54,uNb9QFRL6hY_a7ab19b1a9f044f0905592de1414e8b3,manual,split_cyclic,6.0,6,9,2
uNb9QFRL6hY-54,uNb9QFRL6hY_a7ab19b1a9f044f0905592de1414e8b3,manual,split_cyclic,9.0,6,15,0
uNb9QFRL6hY-54,uNb9QFRL6hY_a7ab19b1a9f044f0905592de1414e8b3,manual,split_cyclic,12.0,6,15,0
uNb9QFRL6hY-54,uNb9QFRL6hY_a7ab19b1a9f044f0905592de1414e8b3,manual,bound_cyclic,3.0,6,7,0
uNb9QFRL6hY-54,uNb9QFRL6hY_a7ab19b1a9f044f0905592de1414e8b3,manual,bound_cyclic,6.0,6,9,2
uNb9QFRL6hY-54,uNb9QFRL6hY_a7ab19b1a9f044f0905592de1414e8b3,manual,bound_cyclic,9.0,6,15,0
uNb9QFRL6hY-54,uNb9QFRL6hY_a7ab19b1a9f044f0905592de1414e8b3,manual,bound_cyclic,12.0,6,15,0
uNb9QFRL6hY-54,uNb9QFRL6hY_a7ab19b1a9f044f0905592de1414e8b3,manual,split_free,3.0,6,7,0
uNb9QFRL6hY-54,uNb9QFRL6hY_a7ab19b1a9f044f0905592de1414e8b3,manual,split_free,6.0,6,9,2
uNb9QFRL6hY-54,uNb9QFRL6hY_a7ab19b1a9f044f0905592de1414e8b3,manual,split_free,9.0,6,15,0
uNb9QFRL6hY-54,uNb9QFRL6hY_a7ab19b1a9f044f0905592de1414e8b3,manual,split_free,12.0,6,15,0
uNb9QFRL6hY-54,uNb9QFRL6hY_a7ab19b1a9f044f0905592de1414e8b3,manual,bound_free,3.0,6,7,0
uNb9QFRL6hY-54,uNb9QFRL6hY_a7ab19b1a9f044f0905592de1414e8b3,manual,bound_free,6.0,6,9,2
uNb9QFRL6hY-54,uNb9QFRL6hY_a7ab19b1a9f044f0905592de1414e8b3,manual,bound_free,9.0,6,15,0
uNb9QFRL6hY-54,uNb9QFRL6hY_a7ab19b1a9f044f0905592de1414e8b3,manual,bound_free,12.0,6,15,0
uNb9QFRL6hY-54,uNb9QFRL6hY_a7ab19b1a9f044f0905592de1414e8b3,manual,top_fixed,3.0,6,7,0
uNb9QFRL6hY-54,uNb9QFRL6hY_a7ab19b1a9f044f0905592de1414e8b3,manual,top_fixed,6.0,6,9,2
uNb9QFRL6hY-54,uNb9QFRL6hY_a7ab19b1a9f044f0905592de1414e8b3,manual,top_fixed,9.0,6,15,0
uNb9QFRL6hY-54,uNb9QFRL6hY_a7ab19b1a9f044f0905592de1414e8b3,manual,top_fixed,12.0,6,15,0
uNb9QFRL6hY-54,uNb9QFRL6hY_a7ab19b1a9f044f0905592de1414e8b3,manual,bottom_fixed,3.0,6,15,0
uNb9QFRL6hY-54,uNb9QFRL6hY_a7ab19b1a9f044f0905592de1414e8b3,manual,bottom_fixed,6.0,6,15,0
uNb9QFRL6hY-54,uNb9QFRL6hY_a7ab19b1a9f044f0905592de1414e8b3,manual,bottom_fixed,9.0,6,15,0
uNb9QFRL6hY-54,uNb9QFRL6hY_a7ab19b1a9f044f0905592de1414e8b3,manual,bottom_fixed,12.0,6,15,0
uNb9QFRL6hY-54,uNb9QFRL6hY_a7ab19b1a9f044f0905592de1414e8b3,semi,count_only,0.0,4,6,0
uNb9QFRL6hY-54,uNb9QFRL6hY_a7ab19b1a9f044f0905592de1414e8b3,semi,split_fixed,3.0,4,0,0
uNb9QFRL6hY-54,uNb9QFRL6hY_a7ab19b1a9f044f0905592de1414e8b3,semi,split_fixed,6.0,4,0,0
uNb9QFRL6hY-54,uNb9QFRL6hY_a7ab19b1a9f044f0905592de1414e8b3,semi,split_fixed,9.0,4,0,0
uNb9QFRL6hY-54,uNb9QFRL6hY_a7ab19b1a9f044f0905592de1414e8b3,semi,split_fixed,12.0,4,0,0
uNb9QFRL6hY-54,uNb9QFRL6hY_a7ab19b1a9f044f0905592de1414e8b3,semi,bound_fixed,3.0,4,0,0
uNb9QFRL6hY-54,uNb9QFRL6hY_a7ab19b1a9f044f0905592de1414e8b3,semi,bound_fixed,6.0,4,0,0
uNb9QFRL6hY-54,uNb9QFRL6hY_a7ab19b1a9f044f0905592de1414e8b3,semi,bound_fixed,9.0,4,0,0
uNb9QFRL6hY-54,uNb9QFRL6hY_a7ab19b1a9f044f0905592de1414e8b3,semi,bound_fixed,12.0,4,0,0
uNb9QFRL6hY-54,uNb9QFRL6hY_a7ab19b1a9f044f0905592de1414e8b3,semi,split_cyclic,3.0,4,0,0
uNb9QFRL6hY-54,uNb9QFRL6hY_a7ab19b1a9f044f0905592de1414e8b3,semi,split_cyclic,6.0,4,0,0
uNb9QFRL6hY-54,uNb9QFRL6hY_a7ab19b1a9f044f0905592de1414e8b3,semi,split_cyclic,9.0,4,0,0
uNb9QFRL6hY-54,uNb9QFRL6hY_a7ab19b1a9f044f0905592de1414e8b3,semi,split_cyclic,12.0,4,0,0
uNb9QFRL6hY-54,uNb9QFRL6hY_a7ab19b1a9f044f0905592de1414e8b3,semi,bound_cyclic,3.0,4,0,0
uNb9QFRL6hY-54,uNb9QFRL6hY_a7ab19b1a9f044f0905592de1414e8b3,semi,bound_cyclic,6.0,4,0,0
uNb9QFRL6hY-54,uNb9QFRL6hY_a7ab19b1a9f044f0905592de1414e8b3,semi,bound_cyclic,9.0,4,0,0
uNb9QFRL6hY-54,uNb9QFRL6hY_a7ab19b1a9f044f0905592de1414e8b3,semi,bound_cyclic,12.0,4,0,0
uNb9QFRL6hY-54,uNb9QFRL6hY_a7ab19b1a9f044f0905592de1414e8b3,semi,split_free,3.0,4,0,0
uNb9QFRL6hY-54,uNb9QFRL6hY_a7ab19b1a9f044f0905592de1414e8b3,semi,split_free,6.0,4,0,0
uNb9QFRL6hY-54,uNb9QFRL6hY_a7ab19b1a9f044f0905592de1414e8b3,semi,split_free,9.0,4,0,0
uNb9QFRL6hY-54,uNb9QFRL6hY_a7ab19b1a9f044f0905592de1414e8b3,semi,split_free,12.0,4,0,0
uNb9QFRL6hY-54,uNb9QFRL6hY_a7ab19b1a9f044f0905592de1414e8b3,semi,bound_free,3.0,4,0,0
uNb9QFRL6hY-54,uNb9QFRL6hY_a7ab19b1a9f044f0905592de1414e8b3,semi,bound_free,6.0,4,0,0
uNb9QFRL6hY-54,uNb9QFRL6hY_a7ab19b1a9f044f0905592de1414e8b3,semi,bound_free,9.0,4,0,0
uNb9QFRL6hY-54,uNb9QFRL6hY_a7ab19b1a9f044f0905592de1414e8b3,semi,bound_free,12.0,4,0,0
uNb9QFRL6hY-54,uNb9QFRL6hY_a7ab19b1a9f044f0905592de1414e8b3,semi,top_fixed,3.0,4,0,0
uNb9QFRL6hY-54,uNb9QFRL6hY_a7ab19b1a9f044f0905592de1414e8b3,semi,top_fixed,6.0,4,0,0
uNb9QFRL6hY-54,uNb9QFRL6hY_a7ab19b1a9f044f0905592de1414e8b3,semi,top_fixed,9.0,4,0,0
uNb9QFRL6hY-54,uNb9QFRL6hY_a7ab19b1a9f044f0905592de1414e8b3,semi,top_fixed,12.0,4,0,0
uNb9QFRL6hY-54,uNb9QFRL6hY_a7ab19b1a9f044f0905592de1414e8b3,semi,bottom_fixed,3.0,4,0,0
uNb9QFRL6hY-54,uNb9QFRL6hY_a7ab19b1a9f044f0905592de1414e8b3,semi,bottom_fixed,6.0,4,1,0
uNb9QFRL6hY-54,uNb9QFRL6hY_a7ab19b1a9f044f0905592de1414e8b3,semi,bottom_fixed,9.0,4,3,0
uNb9QFRL6hY-54,uNb9QFRL6hY_a7ab19b1a9f044f0905592de1414e8b3,semi,bottom_fixed,12.0,4,3,0
uNb9QFRL6hY-56,uNb9QFRL6hY_aed830f085ee4ad88ef6bed7f66f1359,semi,count_only,0.0,24,231,0
uNb9QFRL6hY-56,uNb9QFRL6hY_aed830f085ee4ad88ef6bed7f66f1359,semi,split_fixed,3.0,24,57,11
uNb9QFRL6hY-56,uNb9QFRL6hY_aed830f085ee4ad88ef6bed7f66f1359,semi,split_fixed,6.0,24,137,61
uNb9QFRL6hY-56,uNb9QFRL6hY_aed830f085ee4ad88ef6bed7f66f1359,semi,split_fixed,9.0,24,156,19
uNb9QFRL6hY-56,uNb9QFRL6hY_aed830f085ee4ad88ef6bed7f66f1359,semi,split_fixed,12.0,24,172,35
uNb9QFRL6hY-56,uNb9QFRL6hY_aed830f085ee4ad88ef6bed7f66f1359,semi,bound_fixed,3.0,24,57,11
uNb9QFRL6hY-56,uNb9QFRL6hY_aed830f085ee4ad88ef6bed7f66f1359,semi,bound_fixed,6.0,24,137,61
uNb9QFRL6hY-56,uNb9QFRL6hY_aed830f085ee4ad88ef6bed7f66f1359,semi,bound_fixed,9.0,24,156,19
uNb9QFRL6hY-56,uNb9QFRL6hY_aed830f085ee4ad88ef6bed7f66f1359,semi,bound_fixed,12.0,24,172,35
uNb9QFRL6hY-56,uNb9QFRL6hY_aed830f085ee4ad88ef6bed7f66f1359,semi,split_cyclic,3.0,24,57,11
uNb9QFRL6hY-56,uNb9QFRL6hY_aed830f085ee4ad88ef6bed7f66f1359,semi,split_cyclic,6.0,24,137,61
uNb9QFRL6hY-56,uNb9QFRL6hY_aed830f085ee4ad88ef6bed7f66f1359,semi,split_cyclic,9.0,24,156,19
uNb9QFRL6hY-56,uNb9QFRL6hY_aed830f085ee4ad88ef6bed7f66f1359,semi,split_cyclic,12.0,24,172,35
uNb9QFRL6hY-56,uNb9QFRL6hY_aed830f085ee4ad88ef6bed7f66f1359,semi,bound_cyclic,3.0,24,57,11
uNb9QFRL6hY-56,uNb9QFRL6hY_aed830f085ee4ad88ef6bed7f66f1359,semi,bound_cyclic,6.0,24,137,61
uNb9QFRL6hY-56,uNb9QFRL6hY_aed830f085ee4ad88ef6bed7f66f1359,semi,bound_cyclic,9.0,24,156,19
uNb9QFRL6hY-56,uNb9QFRL6hY_aed830f085ee4ad88ef6bed7f66f1359,semi,bound_cyclic,12.0,24,172,35
uNb9QFRL6hY-56,uNb9QFRL6hY_aed830f085ee4ad88ef6bed7f66f1359,semi,split_free,3.0,24,57,11
uNb9QFRL6hY-56,uNb9QFRL6hY_aed830f085ee4ad88ef6bed7f66f1359,semi,split_free,6.0,24,137,61
uNb9QFRL6hY-56,uNb9QFRL6hY_aed830f085ee4ad88ef6bed7f66f1359,semi,split_free,9.0,24,156,19
uNb9QFRL6hY-56,uNb9QFRL6hY_aed830f085ee4ad88ef6bed7f66f1359,semi,split_free,12.0,24,172,35
uNb9QFRL6hY-56,uNb9QFRL6hY_aed830f085ee4ad88ef6bed7f66f1359,semi,bound_free,3.0,24,57,11
uNb9QFRL6hY-56,uNb9QFRL6hY_aed830f085ee4ad88ef6bed7f66f1359,semi,bound_free,6.0,24,137,61
uNb9QFRL6hY-56,uNb9QFRL6hY_aed830f085ee4ad88ef6bed7f66f1359,semi,bound_free,9.0,24,156,19
uNb9QFRL6hY-56,uNb9QFRL6hY_aed830f085ee4ad88ef6bed7f66f1359,semi,bound_free,12.0,24,172,35
uNb9QFRL6hY-56,uNb9QFRL6hY_aed830f085ee4ad88ef6bed7f66f1359,semi,top_fixed,3.0,24,105,13
uNb9QFRL6hY-56,uNb9QFRL6hY_aed830f085ee4ad88ef6bed7f66f1359,semi,top_fixed,6.0,24,155,32
uNb9QFRL6hY-56,uNb9QFRL6hY_aed830f085ee4ad88ef6bed7f66f1359,semi,top_fixed,9.0,24,174,3
uNb9QFRL6hY-56,uNb9QFRL6hY_aed830f085ee4ad88ef6bed7f66f1359,semi,top_fixed,12.0,24,191,20
uNb9QFRL6hY-56,uNb9QFRL6hY_aed830f085ee4ad88ef6bed7f66f1359,semi,bottom_fixed,3.0,24,69,38
uNb9QFRL6hY-56,uNb9QFRL6hY_aed830f085ee4ad88ef6bed7f66f1359,semi,bottom_fixed,6.0,24,167,100
uNb9QFRL6hY-56,uNb9QFRL6hY_aed830f085ee4ad88ef6bed7f66f1359,semi,bottom_fixed,9.0,24,189,18
uNb9QFRL6hY-56,uNb9QFRL6hY_aed830f085ee4ad88ef6bed7f66f1359,semi,bottom_fixed,12.0,24,190,0
uNb9QFRL6hY-60,uNb9QFRL6hY_ba24e5a57ef34c6dbc0458ed4c1e701d,manual,count_only,0.0,23,41,0
uNb9QFRL6hY-60,uNb9QFRL6hY_ba24e5a57ef34c6dbc0458ed4c1e701d,manual,split_fixed,3.0,23,3,0
uNb9QFRL6hY-60,uNb9QFRL6hY_ba24e5a57ef34c6dbc0458ed4c1e701d,manual,split_fixed,6.0,23,9,0
uNb9QFRL6hY-60,uNb9QFRL6hY_ba24e5a57ef34c6dbc0458ed4c1e701d,manual,split_fixed,9.0,23,9,0
uNb9QFRL6hY-60,uNb9QFRL6hY_ba24e5a57ef34c6dbc0458ed4c1e701d,manual,split_fixed,12.0,23,13,3
uNb9QFRL6hY-60,uNb9QFRL6hY_ba24e5a57ef34c6dbc0458ed4c1e701d,manual,bound_fixed,3.0,21,3,0
uNb9QFRL6hY-60,uNb9QFRL6hY_ba24e5a57ef34c6dbc0458ed4c1e701d,manual,bound_fixed,6.0,21,9,0
uNb9QFRL6hY-60,uNb9QFRL6hY_ba24e5a57ef34c6dbc0458ed4c1e701d,manual,bound_fixed,9.0,21,9,0
uNb9QFRL6hY-60,uNb9QFRL6hY_ba24e5a57ef34c6dbc0458ed4c1e701d,manual,bound_fixed,12.0,21,12,2
uNb9QFRL6hY-60,uNb9QFRL6hY_ba24e5a57ef34c6dbc0458ed4c1e701d,manual,split_cyclic,3.0,23,3,0
uNb9QFRL6hY-60,uNb9QFRL6hY_ba24e5a57ef34c6dbc0458ed4c1e701d,manual,split_cyclic,6.0,23,9,0
uNb9QFRL6hY-60,uNb9QFRL6hY_ba24e5a57ef34c6dbc0458ed4c1e701d,manual,split_cyclic,9.0,23,9,0
uNb9QFRL6hY-60,uNb9QFRL6hY_ba24e5a57ef34c6dbc0458ed4c1e701d,manual,split_cyclic,12.0,23,13,3
uNb9QFRL6hY-60,uNb9QFRL6hY_ba24e5a57ef34c6dbc0458ed4c1e701d,manual,bound_cyclic,3.0,21,3,0
uNb9QFRL6hY-60,uNb9QFRL6hY_ba24e5a57ef34c6dbc0458ed4c1e701d,manual,bound_cyclic,6.0,21,9,0
uNb9QFRL6hY-60,uNb9QFRL6hY_ba24e5a57ef34c6dbc0458ed4c1e701d,manual,bound_cyclic,9.0,21,9,0
uNb9QFRL6hY-60,uNb9QFRL6hY_ba24e5a57ef34c6dbc0458ed4c1e701d,manual,bound_cyclic,12.0,21,12,2
uNb9QFRL6hY-60,uNb9QFRL6hY_ba24e5a57ef34c6dbc0458ed4c1e701d,manual,split_free,3.0,23,3,0
uNb9QFRL6hY-60,uNb9QFRL6hY_ba24e5a57ef34c6dbc0458ed4c1e701d,manual,split_free,6.0,23,9,0
uNb9QFRL6hY-60,uNb9QFRL6hY_ba24e5a57ef34c6dbc0458ed4c1e701d,manual,split_free,9.0,23,9,0
uNb9QFRL6hY-60,uNb9QFRL6hY_ba24e5a57ef34c6dbc0458ed4c1e701d,manual,split_free,12.0,23,13,3
uNb9QFRL6hY-60,uNb9QFRL6hY_ba24e5a57ef34c6dbc0458ed4c1e701d,manual,bound_free,3.0,21,3,0
uNb9QFRL6hY-60,uNb9QFRL6hY_ba24e5a57ef34c6dbc0458ed4c1e701d,manual,bound_free,6.0,21,9,0
uNb9QFRL6hY-60,uNb9QFRL6hY_ba24e5a57ef34c6dbc0458ed4c1e701d,manual,bound_free,9.0,21,9,0
uNb9QFRL6hY-60,uNb9QFRL6hY_ba24e5a57ef34c6dbc0458ed4c1e701d,manual,bound_free,12.0,21,12,2
uNb9QFRL6hY-60,uNb9QFRL6hY_ba24e5a57ef34c6dbc0458ed4c1e701d,manual,top_fixed,3.0,23,4,0
uNb9QFRL6hY-60,uNb9QFRL6hY_ba24e5a57ef34c6dbc0458ed4c1e701d,manual,top_fixed,6.0,23,14,0
uNb9QFRL6hY-60,uNb9QFRL6hY_ba24e5a57ef34c6dbc0458ed4c1e701d,manual,top_fixed,9.0,23,14,0
uNb9QFRL6hY-60,uNb9QFRL6hY_ba24e5a57ef34c6dbc0458ed4c1e701d,manual,top_fixed,12.0,23,17,2
uNb9QFRL6hY-60,uNb9QFRL6hY_ba24e5a57ef34c6dbc0458ed4c1e701d,manual,bottom_fixed,3.0,23,3,0
uNb9QFRL6hY-60,uNb9QFRL6hY_ba24e5a57ef34c6dbc0458ed4c1e701d,manual,bottom_fixed,6.0,23,11,0
uNb9QFRL6hY-60,uNb9QFRL6hY_ba24e5a57ef34c6dbc0458ed4c1e701d,manual,bottom_fixed,9.0,23,11,0
uNb9QFRL6hY-60,uNb9QFRL6hY_ba24e5a57ef34c6dbc0458ed4c1e701d,manual,bottom_fixed,12.0,23,15,3
uNb9QFRL6hY-63,uNb9QFRL6hY_bcce4f23c12744c782c0b49b24a0331a,manual,count_only,0.0,24,253,0
uNb9QFRL6hY-63,uNb9QFRL6hY_bcce4f23c12744c782c0b49b24a0331a,manual,split_fixed,3.0,24,33,22
uNb9QFRL6hY-63,uNb9QFRL6hY_bcce4f23c12744c782c0b49b24a0331a,manual,split_fixed,6.0,24,112,42
uNb9QFRL6hY-63,uNb9QFRL6hY_bcce4f23c12744c782c0b49b24a0331a,manual,split_fixed,9.0,24,165,39
uNb9QFRL6hY-63,uNb9QFRL6hY_bcce4f23c12744c782c0b49b24a0331a,manual,split_fixed,12.0,24,211,37
uNb9QFRL6hY-63,uNb9QFRL6hY_bcce4f23c12744c782c0b49b24a0331a,manual,bound_fixed,3.0,24,33,22
uNb9QFRL6hY-63,uNb9QFRL6hY_bcce4f23c12744c782c0b49b24a0331a,manual,bound_fixed,6.0,24,112,42
uNb9QFRL6hY-63,uNb9QFRL6hY_bcce4f23c12744c782c0b49b24a0331a,manual,bound_fixed,9.0,24,165,39
uNb9QFRL6hY-63,uNb9QFRL6hY_bcce4f23c12744c782c0b49b24a0331a,manual,bound_fixed,12.0,24,211,37
uNb9QFRL6hY-63,uNb9QFRL6hY_bcce4f23c12744c782c0b49b24a0331a,manual,split_cyclic,3.0,24,33,22
uNb9QFRL6hY-63,uNb9QFRL6hY_bcce4f23c12744c782c0b49b24a0331a,manual,split_cyclic,6.0,24,112,42
uNb9QFRL6hY-63,uNb9QFRL6hY_bcce4f23c12744c782c0b49b24a0331a,manual,split_cyclic,9.0,24,165,39
uNb9QFRL6hY-63,uNb9QFRL6hY_bcce4f23c12744c782c0b49b24a0331a,manual,split_cyclic,12.0,24,211,37
uNb9QFRL6hY-63,uNb9QFRL6hY_bcce4f23c12744c782c0b49b24a0331a,manual,bound_cyclic,3.0,24,33,22
uNb9QFRL6hY-63,uNb9QFRL6hY_bcce4f23c12744c782c0b49b24a0331a,manual,bound_cyclic,6.0,24,112,42
uNb9QFRL6hY-63,uNb9QFRL6hY_bcce4f23c12744c782c0b49b24a0331a,manual,bound_cyclic,9.0,24,165,39
uNb9QFRL6hY-63,uNb9QFRL6hY_bcce4f23c12744c782c0b49b24a0331a,manual,bound_cyclic,12.0,24,211,37
uNb9QFRL6hY-63,uNb9QFRL6hY_bcce4f23c12744c782c0b49b24a0331a,manual,split_free,3.0,24,33,22
uNb9QFRL6hY-63,uNb9QFRL6hY_bcce4f23c12744c782c0b49b24a0331a,manual,split_free,6.0,24,112,42
uNb9QFRL6hY-63,uNb9QFRL6hY_bcce4f23c12744c782c0b49b24a0331a,manual,split_free,9.0,24,165,39
uNb9QFRL6hY-63,uNb9QFRL6hY_bcce4f23c12744c782c0b49b24a0331a,manual,split_free,12.0,24,211,37
uNb9QFRL6hY-63,uNb9QFRL6hY_bcce4f23c12744c782c0b49b24a0331a,manual,bound_free,3.0,24,33,22
uNb9QFRL6hY-63,uNb9QFRL6hY_bcce4f23c12744c782c0b49b24a0331a,manual,bound_free,6.0,24,112,42
uNb9QFRL6hY-63,uNb9QFRL6hY_bcce4f23c12744c782c0b49b24a0331a,manual,bound_free,9.0,24,165,39
uNb9QFRL6hY-63,uNb9QFRL6hY_bcce4f23c12744c782c0b49b24a0331a,manual,bound_free,12.0,24,211,37
uNb9QFRL6hY-63,uNb9QFRL6hY_bcce4f23c12744c782c0b49b24a0331a,manual,top_fixed,3.0,24,57,32
uNb9QFRL6hY-63,uNb9QFRL6hY_bcce4f23c12744c782c0b49b24a0331a,manual,top_fixed,6.0,24,132,84
uNb9QFRL6hY-63,uNb9QFRL6hY_bcce4f23c12744c782c0b49b24a0331a,manual,top_fixed,9.0,24,172,32
uNb9QFRL6hY-63,uNb9QFRL6hY_bcce4f23c12744c782c0b49b24a0331a,manual,top_fixed,12.0,24,212,38
uNb9QFRL6hY-63,uNb9QFRL6hY_bcce4f23c12744c782c0b49b24a0331a,manual,bottom_fixed,3.0,24,72,38
uNb9QFRL6hY-63,uNb9QFRL6hY_bcce4f23c12744c782c0b49b24a0331a,manual,bottom_fixed,6.0,24,163,70
uNb9QFRL6hY-63,uNb9QFRL6hY_bcce4f23c12744c782c0b49b24a0331a,manual,bottom_fixed,9.0,24,217,105
uNb9QFRL6hY-63,uNb9QFRL6hY_bcce4f23c12744c782c0b49b24a0331a,manual,bottom_fixed,12.0,24,230,111
uNb9QFRL6hY-65,uNb9QFRL6hY_c1ebb8b34eb846ba9b5ce23b30b299a7,manual,count_only,0.0,24,231,0
uNb9QFRL6hY-65,uNb9QFRL6hY_c1ebb8b34eb846ba9b5ce23b30b299a7,manual,split_fixed,3.0,24,33,8
uNb9QFRL6hY-65,uNb9QFRL6hY_c1ebb8b34eb846ba9b5ce23b30b299a7,manual,split_fixed,6.0,24,132,73
uNb9QFRL6hY-65,uNb9QFRL6hY_c1ebb8b34eb846ba9b5ce23b30b299a7,manual,split_fixed,9.0,24,180,54
uNb9QFRL6hY-65,uNb9QFRL6hY_c1ebb8b34eb846ba9b5ce23b30b299a7,manual,split_fixed,12.0,24,201,59
uNb9QFRL6hY-65,uNb9QFRL6hY_c1ebb8b34eb846ba9b5ce23b30b299a7,manual,bound_fixed,3.0,24,33,8
uNb9QFRL6hY-65,uNb9QFRL6hY_c1ebb8b34eb846ba9b5ce23b30b299a7,manual,bound_fixed,6.0,24,132,73
uNb9QFRL6hY-65,uNb9QFRL6hY_c1ebb8b34eb846ba9b5ce23b30b299a7,manual,bound_fixed,9.0,24,180,54
uNb9QFRL6hY-65,uNb9QFRL6hY_c1ebb8b34eb846ba9b5ce23b30b299a7,manual,bound_fixed,12.0,24,201,59
uNb9QFRL6hY-65,uNb9QFRL6hY_c1ebb8b34eb846ba9b5ce23b30b299a7,manual,split_cyclic,3.0,24,33,8
uNb9QFRL6hY-65,uNb9QFRL6hY_c1ebb8b34eb846ba9b5ce23b30b299a7,manual,split_cyclic,6.0,24,132,73
uNb9QFRL6hY-65,uNb9QFRL6hY_c1ebb8b34eb846ba9b5ce23b30b299a7,manual,split_cyclic,9.0,24,180,54
uNb9QFRL6hY-65,uNb9QFRL6hY_c1ebb8b34eb846ba9b5ce23b30b299a7,manual,split_cyclic,12.0,24,201,59
uNb9QFRL6hY-65,uNb9QFRL6hY_c1ebb8b34eb846ba9b5ce23b30b299a7,manual,bound_cyclic,3.0,24,33,8
uNb9QFRL6hY-65,uNb9QFRL6hY_c1ebb8b34eb846ba9b5ce23b30b299a7,manual,bound_cyclic,6.0,24,132,73
uNb9QFRL6hY-65,uNb9QFRL6hY_c1ebb8b34eb846ba9b5ce23b30b299a7,manual,bound_cyclic,9.0,24,180,54
uNb9QFRL6hY-65,uNb9QFRL6hY_c1ebb8b34eb846ba9b5ce23b30b299a7,manual,bound_cyclic,12.0,24,201,59
uNb9QFRL6hY-65,uNb9QFRL6hY_c1ebb8b34eb846ba9b5ce23b30b299a7,manual,split_free,3.0,24,33,8
uNb9QFRL6hY-65,uNb9QFRL6hY_c1ebb8b34eb846ba9b5ce23b30b299a7,manual,split_free,6.0,24,132,73
uNb9QFRL6hY-65,uNb9QFRL6hY_c1ebb8b34eb846ba9b5ce23b30b299a7,manual,split_free,9.0,24,180,54
uNb9QFRL6hY-65,uNb9QFRL6hY_c1ebb8b34eb846ba9b5ce23b30b299a7,manual,split_free,12.0,24,201,59
uNb9QFRL6hY-65,uNb9QFRL6hY_c1ebb8b34eb846ba9b5ce23b30b299a7,manual,bound_free,3.0,24,33,8
uNb9QFRL6hY-65,uNb9QFRL6hY_c1ebb8b34eb846ba9b5ce23b30b299a7,manual,bound_free,6.0,24,132,73
uNb9QFRL6hY-65,uNb9QFRL6hY_c1ebb8b34eb846ba9b5ce23b30b299a7,manual,bound_free,9.0,24,180,54
uNb9QFRL6hY-65,uNb9QFRL6hY_c1ebb8b34eb846ba9b5ce23b30b299a7,manual,bound_free,12.0,24,201,59
uNb9QFRL6hY-65,uNb9QFRL6hY_c1ebb8b34eb846ba9b5ce23b30b299a7,manual,top_fixed,3.0,24,114,69
uNb9QFRL6hY-65,uNb9QFRL6hY_c1ebb8b34eb846ba9b5ce23b30b299a7,manual,top_fixed,6.0,24,136,10
uNb9QFRL6hY-65,uNb9QFRL6hY_c1ebb8b34eb846ba9b5ce23b30b299a7,manual,top_fixed,9.0,24,180,54
uNb9QFRL6hY-65,uNb9QFRL6hY_c1ebb8b34eb846ba9b5ce23b30b299a7,manual,top_fixed,12.0,24,201,59
uNb9QFRL6hY-65,uNb9QFRL6hY_c1ebb8b34eb846ba9b5ce23b30b299a7,manual,bottom_fixed,3.0,24,59,23
uNb9QFRL6hY-65,uNb9QFRL6hY_c1ebb8b34eb846ba9b5ce23b30b299a7,manual,bottom_fixed,6.0,24,196,94
uNb9QFRL6hY-65,uNb9QFRL6hY_c1ebb8b34eb846ba9b5ce23b30b299a7,manual,bottom_fixed,9.0,24,210,0
uNb9QFRL6hY-65,uNb9QFRL6hY_c1ebb8b34eb846ba9b5ce23b30b299a7,manual,bottom_fixed,12.0,24,210,0
uNb9QFRL6hY-66,uNb9QFRL6hY_c6410f47ad754d6cbd890ba7dff8b449,manual,count_only,0.0,5,1,0
uNb9QFRL6hY-66,uNb9QFRL6hY_c6410f47ad754d6cbd890ba7dff8b449,manual,split_fixed,3.0,5,0,0
uNb9QFRL6hY-66,uNb9QFRL6hY_c6410f47ad754d6cbd890ba7dff8b449,manual,split_fixed,6.0,5,0,0
uNb9QFRL6hY-66,uNb9QFRL6hY_c6410f47ad754d6cbd890ba7dff8b449,manual,split_fixed,9.0,5,0,0
uNb9QFRL6hY-66,uNb9QFRL6hY_c6410f47ad754d6cbd890ba7dff8b449,manual,split_fixed,12.0,5,0,0
uNb9QFRL6hY-66,uNb9QFRL6hY_c6410f47ad754d6cbd890ba7dff8b449,manual,bound_fixed,3.0,5,0,0
uNb9QFRL6hY-66,uNb9QFRL6hY_c6410f47ad754d6cbd890ba7dff8b449,manual,bound_fixed,6.0,5,0,0
uNb9QFRL6hY-66,uNb9QFRL6hY_c6410f47ad754d6cbd890ba7dff8b449,manual,bound_fixed,9.0,5,0,0
uNb9QFRL6hY-66,uNb9QFRL6hY_c6410f47ad754d6cbd890ba7dff8b449,manual,bound_fixed,12.0,5,0,0
uNb9QFRL6hY-66,uNb9QFRL6hY_c6410f47ad754d6cbd890ba7dff8b449,manual,split_cyclic,3.0,5,0,0
uNb9QFRL6hY-66,uNb9QFRL6hY_c6410f47ad754d6cbd890ba7dff8b449,manual,split_cyclic,6.0,5,0,0
uNb9QFRL6hY-66,uNb9QFRL6hY_c6410f47ad754d6cbd890ba7dff8b449,manual,split_cyclic,9.0,5,0,0
uNb9QFRL6hY-66,uNb9QFRL6hY_c6410f47ad754d6cbd890ba7dff8b449,manual,split_cyclic,12.0,5,0,0
uNb9QFRL6hY-66,uNb9QFRL6hY_c6410f47ad754d6cbd890ba7dff8b449,manual,bound_cyclic,3.0,5,0,0
uNb9QFRL6hY-66,uNb9QFRL6hY_c6410f47ad754d6cbd890ba7dff8b449,manual,bound_cyclic,6.0,5,0,0
uNb9QFRL6hY-66,uNb9QFRL6hY_c6410f47ad754d6cbd890ba7dff8b449,manual,bound_cyclic,9.0,5,0,0
uNb9QFRL6hY-66,uNb9QFRL6hY_c6410f47ad754d6cbd890ba7dff8b449,manual,bound_cyclic,12.0,5,0,0
uNb9QFRL6hY-66,uNb9QFRL6hY_c6410f47ad754d6cbd890ba7dff8b449,manual,split_free,3.0,5,0,0
uNb9QFRL6hY-66,uNb9QFRL6hY_c6410f47ad754d6cbd890ba7dff8b449,manual,split_free,6.0,5,0,0
uNb9QFRL6hY-66,uNb9QFRL6hY_c6410f47ad754d6cbd890ba7dff8b449,manual,split_free,9.0,5,0,0
uNb9QFRL6hY-66,uNb9QFRL6hY_c6410f47ad754d6cbd890ba7dff8b449,manual,split_free,12.0,5,0,0
uNb9QFRL6hY-66,uNb9QFRL6hY_c6410f47ad754d6cbd890ba7dff8b449,manual,bound_free,3.0,5,0,0
uNb9QFRL6hY-66,uNb9QFRL6hY_c6410f47ad754d6cbd890ba7dff8b449,manual,bound_free,6.0,5,0,0
uNb9QFRL6hY-66,uNb9QFRL6hY_c6410f47ad754d6cbd890ba7dff8b449,manual,bound_free,9.0,5,0,0
uNb9QFRL6hY-66,uNb9QFRL6hY_c6410f47ad754d6cbd890ba7dff8b449,manual,bound_free,12.0,5,0,0
uNb9QFRL6hY-66,uNb9QFRL6hY_c6410f47ad754d6cbd890ba7dff8b449,manual,top_fixed,3.0,5,0,0
uNb9QFRL6hY-66,uNb9QFRL6hY_c6410f47ad754d6cbd890ba7dff8b449,manual,top_fixed,6.0,5,0,0
uNb9QFRL6hY-66,uNb9QFRL6hY_c6410f47ad754d6cbd890ba7dff8b449,manual,top_fixed,9.0,5,0,0
uNb9QFRL6hY-66,uNb9QFRL6hY_c6410f47ad754d6cbd890ba7dff8b449,manual,top_fixed,12.0,5,0,0
uNb9QFRL6hY-66,uNb9QFRL6hY_c6410f47ad754d6cbd890ba7dff8b449,manual,bottom_fixed,3.0,5,0,0
uNb9QFRL6hY-66,uNb9QFRL6hY_c6410f47ad754d6cbd890ba7dff8b449,manual,bottom_fixed,6.0,5,0,0
uNb9QFRL6hY-66,uNb9QFRL6hY_c6410f47ad754d6cbd890ba7dff8b449,manual,bottom_fixed,9.0,5,0,0
uNb9QFRL6hY-66,uNb9QFRL6hY_c6410f47ad754d6cbd890ba7dff8b449,manual,bottom_fixed,12.0,5,0,0
uNb9QFRL6hY-67,uNb9QFRL6hY_ca08ebfb2da647f68db41630637e400b,manual,count_only,0.0,5,6,0
uNb9QFRL6hY-67,uNb9QFRL6hY_ca08ebfb2da647f68db41630637e400b,manual,split_fixed,3.0,5,1,0
uNb9QFRL6hY-67,uNb9QFRL6hY_ca08ebfb2da647f68db41630637e400b,manual,split_fixed,6.0,5,3,0
uNb9QFRL6hY-67,uNb9QFRL6hY_ca08ebfb2da647f68db41630637e400b,manual,split_fixed,9.0,5,3,0
uNb9QFRL6hY-67,uNb9QFRL6hY_ca08ebfb2da647f68db41630637e400b,manual,split_fixed,12.0,5,5,2
uNb9QFRL6hY-67,uNb9QFRL6hY_ca08ebfb2da647f68db41630637e400b,manual,bound_fixed,3.0,5,1,0
uNb9QFRL6hY-67,uNb9QFRL6hY_ca08ebfb2da647f68db41630637e400b,manual,bound_fixed,6.0,5,3,0
uNb9QFRL6hY-67,uNb9QFRL6hY_ca08ebfb2da647f68db41630637e400b,manual,bound_fixed,9.0,5,3,0
uNb9QFRL6hY-67,uNb9QFRL6hY_ca08ebfb2da647f68db41630637e400b,manual,bound_fixed,12.0,5,5,2
uNb9QFRL6hY-67,uNb9QFRL6hY_ca08ebfb2da647f68db41630637e400b,manual,split_cyclic,3.0,5,1,0
uNb9QFRL6hY-67,uNb9QFRL6hY_ca08ebfb2da647f68db41630637e400b,manual,split_cyclic,6.0,5,3,0
uNb9QFRL6hY-67,uNb9QFRL6hY_ca08ebfb2da647f68db41630637e400b,manual,split_cyclic,9.0,5,3,0
uNb9QFRL6hY-67,uNb9QFRL6hY_ca08ebfb2da647f68db41630637e400b,manual,split_cyclic,12.0,5,5,2
uNb9QFRL6hY-67,uNb9QFRL6hY_ca08ebfb2da647f68db41630637e400b,manual,bound_cyclic,3.0,5,1,0
uNb9QFRL6hY-67,uNb9QFRL6hY_ca08ebfb2da647f68db41630637e400b,manual,bound_cyclic,6.0,5,3,0
uNb9QFRL6hY-67,uNb9QFRL6hY_ca08ebfb2da647f68db41630637e400b,manual,bound_cyclic,9.0,5,3,0
uNb9QFRL6hY-67,uNb9QFRL6hY_ca08ebfb2da647f68db41630637e400b,manual,bound_cyclic,12.0,5,5,2
uNb9QFRL6hY-67,uNb9QFRL6hY_ca08ebfb2da647f68db41630637e400b,manual,split_free,3.0,5,1,0
uNb9QFRL6hY-67,uNb9QFRL6hY_ca08ebfb2da647f68db41630637e400b,manual,split_free,6.0,5,3,0
uNb9QFRL6hY-67,uNb9QFRL6hY_ca08ebfb2da647f68db41630637e400b,manual,split_free,9.0,5,3,0
uNb9QFRL6hY-67,uNb9QFRL6hY_ca08ebfb2da647f68db41630637e400b,manual,split_free,12.0,5,5,2
uNb9QFRL6hY-67,uNb9QFRL6hY_ca08ebfb2da647f68db41630637e400b,manual,bound_free,3.0,5,1,0
uNb9QFRL6hY-67,uNb9QFRL6hY_ca08ebfb2da647f68db41630637e400b,manual,bound_free,6.0,5,3,0
uNb9QFRL6hY-67,uNb9QFRL6hY_ca08ebfb2da647f68db41630637e400b,manual,bound_free,9.0,5,3,0
uNb9QFRL6hY-67,uNb9QFRL6hY_ca08ebfb2da647f68db41630637e400b,manual,bound_free,12.0,5,5,2
uNb9QFRL6hY-67,uNb9QFRL6hY_ca08ebfb2da647f68db41630637e400b,manual,top_fixed,3.0,5,1,0
uNb9QFRL6hY-67,uNb9QFRL6hY_ca08ebfb2da647f68db41630637e400b,manual,top_fixed,6.0,5,3,0
uNb9QFRL6hY-67,uNb9QFRL6hY_ca08ebfb2da647f68db41630637e400b,manual,top_fixed,9.0,5,3,0
uNb9QFRL6hY-67,uNb9QFRL6hY_ca08ebfb2da647f68db41630637e400b,manual,top_fixed,12.0,5,5,2
uNb9QFRL6hY-67,uNb9QFRL6hY_ca08ebfb2da647f68db41630637e400b,manual,bottom_fixed,3.0,5,5,2
uNb9QFRL6hY-67,uNb9QFRL6hY_ca08ebfb2da647f68db41630637e400b,manual,bottom_fixed,6.0,5,6,0
uNb9QFRL6hY-67,uNb9QFRL6hY_ca08ebfb2da647f68db41630637e400b,manual,bottom_fixed,9.0,5,6,0
uNb9QFRL6hY-67,uNb9QFRL6hY_ca08ebfb2da647f68db41630637e400b,manual,bottom_fixed,12.0,5,6,0
uNb9QFRL6hY-68,uNb9QFRL6hY_cdca0a1a2fc343bb94bacdc3045b2d8d,manual,count_only,0.0,5,6,0
uNb9QFRL6hY-68,uNb9QFRL6hY_cdca0a1a2fc343bb94bacdc3045b2d8d,manual,split_fixed,3.0,5,3,1
uNb9QFRL6hY-68,uNb9QFRL6hY_cdca0a1a2fc343bb94bacdc3045b2d8d,manual,split_fixed,6.0,5,6,0
uNb9QFRL6hY-68,uNb9QFRL6hY_cdca0a1a2fc343bb94bacdc3045b2d8d,manual,split_fixed,9.0,5,6,0
uNb9QFRL6hY-68,uNb9QFRL6hY_cdca0a1a2fc343bb94bacdc3045b2d8d,manual,split_fixed,12.0,5,6,0
uNb9QFRL6hY-68,uNb9QFRL6hY_cdca0a1a2fc343bb94bacdc3045b2d8d,manual,bound_fixed,3.0,5,3,1
uNb9QFRL6hY-68,uNb9QFRL6hY_cdca0a1a2fc343bb94bacdc3045b2d8d,manual,bound_fixed,6.0,5,6,0
uNb9QFRL6hY-68,uNb9QFRL6hY_cdca0a1a2fc343bb94bacdc3045b2d8d,manual,bound_fixed,9.0,5,6,0
uNb9QFRL6hY-68,uNb9QFRL6hY_cdca0a1a2fc343bb94bacdc3045b2d8d,manual,bound_fixed,12.0,5,6,0
uNb9QFRL6hY-68,uNb9QFRL6hY_cdca0a1a2fc343bb94bacdc3045b2d8d,manual,split_cyclic,3.0,5,3,1
uNb9QFRL6hY-68,uNb9QFRL6hY_cdca0a1a2fc343bb94bacdc3045b2d8d,manual,split_cyclic,6.0,5,6,0
uNb9QFRL6hY-68,uNb9QFRL6hY_cdca0a1a2fc343bb94bacdc3045b2d8d,manual,split_cyclic,9.0,5,6,0
uNb9QFRL6hY-68,uNb9QFRL6hY_cdca0a1a2fc343bb94bacdc3045b2d8d,manual,split_cyclic,12.0,5,6,0
uNb9QFRL6hY-68,uNb9QFRL6hY_cdca0a1a2fc343bb94bacdc3045b2d8d,manual,bound_cyclic,3.0,5,3,1
uNb9QFRL6hY-68,uNb9QFRL6hY_cdca0a1a2fc343bb94bacdc3045b2d8d,manual,bound_cyclic,6.0,5,6,0
uNb9QFRL6hY-68,uNb9QFRL6hY_cdca0a1a2fc343bb94bacdc3045b2d8d,manual,bound_cyclic,9.0,5,6,0
uNb9QFRL6hY-68,uNb9QFRL6hY_cdca0a1a2fc343bb94bacdc3045b2d8d,manual,bound_cyclic,12.0,5,6,0
uNb9QFRL6hY-68,uNb9QFRL6hY_cdca0a1a2fc343bb94bacdc3045b2d8d,manual,split_free,3.0,5,3,1
uNb9QFRL6hY-68,uNb9QFRL6hY_cdca0a1a2fc343bb94bacdc3045b2d8d,manual,split_free,6.0,5,6,0
uNb9QFRL6hY-68,uNb9QFRL6hY_cdca0a1a2fc343bb94bacdc3045b2d8d,manual,split_free,9.0,5,6,0
uNb9QFRL6hY-68,uNb9QFRL6hY_cdca0a1a2fc343bb94bacdc3045b2d8d,manual,split_free,12.0,5,6,0
uNb9QFRL6hY-68,uNb9QFRL6hY_cdca0a1a2fc343bb94bacdc3045b2d8d,manual,bound_free,3.0,5,3,1
uNb9QFRL6hY-68,uNb9QFRL6hY_cdca0a1a2fc343bb94bacdc3045b2d8d,manual,bound_free,6.0,5,6,0
uNb9QFRL6hY-68,uNb9QFRL6hY_cdca0a1a2fc343bb94bacdc3045b2d8d,manual,bound_free,9.0,5,6,0
uNb9QFRL6hY-68,uNb9QFRL6hY_cdca0a1a2fc343bb94bacdc3045b2d8d,manual,bound_free,12.0,5,6,0
uNb9QFRL6hY-68,uNb9QFRL6hY_cdca0a1a2fc343bb94bacdc3045b2d8d,manual,top_fixed,3.0,5,6,0
uNb9QFRL6hY-68,uNb9QFRL6hY_cdca0a1a2fc343bb94bacdc3045b2d8d,manual,top_fixed,6.0,5,6,0
uNb9QFRL6hY-68,uNb9QFRL6hY_cdca0a1a2fc343bb94bacdc3045b2d8d,manual,top_fixed,9.0,5,6,0
uNb9QFRL6hY-68,uNb9QFRL6hY_cdca0a1a2fc343bb94bacdc3045b2d8d,manual,top_fixed,12.0,5,6,0
uNb9QFRL6hY-68,uNb9QFRL6hY_cdca0a1a2fc343bb94bacdc3045b2d8d,manual,bottom_fixed,3.0,5,3,1
uNb9QFRL6hY-68,uNb9QFRL6hY_cdca0a1a2fc343bb94bacdc3045b2d8d,manual,bottom_fixed,6.0,5,6,0
uNb9QFRL6hY-68,uNb9QFRL6hY_cdca0a1a2fc343bb94bacdc3045b2d8d,manual,bottom_fixed,9.0,5,6,0
uNb9QFRL6hY-68,uNb9QFRL6hY_cdca0a1a2fc343bb94bacdc3045b2d8d,manual,bottom_fixed,12.0,5,6,0
uNb9QFRL6hY-68,uNb9QFRL6hY_cdca0a1a2fc343bb94bacdc3045b2d8d,semi,count_only,0.0,5,6,0
uNb9QFRL6hY-68,uNb9QFRL6hY_cdca0a1a2fc343bb94bacdc3045b2d8d,semi,split_fixed,3.0,5,1,0
uNb9QFRL6hY-68,uNb9QFRL6hY_cdca0a1a2fc343bb94bacdc3045b2d8d,semi,split_fixed,6.0,5,3,0
uNb9QFRL6hY-68,uNb9QFRL6hY_cdca0a1a2fc343bb94bacdc3045b2d8d,semi,split_fixed,9.0,5,3,0
uNb9QFRL6hY-68,uNb9QFRL6hY_cdca0a1a2fc343bb94bacdc3045b2d8d,semi,split_fixed,12.0,5,3,0
uNb9QFRL6hY-68,uNb9QFRL6hY_cdca0a1a2fc343bb94bacdc3045b2d8d,semi,bound_fixed,3.0,5,1,0
uNb9QFRL6hY-68,uNb9QFRL6hY_cdca0a1a2fc343bb94bacdc3045b2d8d,semi,bound_fixed,6.0,5,3,0
uNb9QFRL6hY-68,uNb9QFRL6hY_cdca0a1a2fc343bb94bacdc3045b2d8d,semi,bound_fixed,9.0,5,6,0
uNb9QFRL6hY-68,uNb9QFRL6hY_cdca0a1a2fc343bb94bacdc3045b2d8d,semi,bound_fixed,12.0,5,6,0
uNb9QFRL6hY-68,uNb9QFRL6hY_cdca0a1a2fc343bb94bacdc3045b2d8d,semi,split_cyclic,3.0,5,1,0
uNb9QFRL6hY-68,uNb9QFRL6hY_cdca0a1a2fc343bb94bacdc3045b2d8d,semi,split_cyclic,6.0,5,3,0
uNb9QFRL6hY-68,uNb9QFRL6hY_cdca0a1a2fc343bb94bacdc3045b2d8d,semi,split_cyclic,9.0,5,3,0
uNb9QFRL6hY-68,uNb9QFRL6hY_cdca0a1a2fc343bb94bacdc3045b2d8d,semi,split_cyclic,12.0,5,3,0
uNb9QFRL6hY-68,uNb9QFRL6hY_cdca0a1a2fc343bb94bacdc3045b2d8d,semi,bound_cyclic,3.0,5,1,0
uNb9QFRL6hY-68,uNb9QFRL6hY_cdca0a1a2fc343bb94bacdc3045b2d8d,semi,bound_cyclic,6.0,5,3,0
uNb9QFRL6hY-68,uNb9QFRL6hY_cdca0a1a2fc343bb94bacdc3045b2d8d,semi,bound_cyclic,9.0,5,6,0
uNb9QFRL6hY-68,uNb9QFRL6hY_cdca0a1a2fc343bb94bacdc3045b2d8d,semi,bound_cyclic,12.0,5,6,0
uNb9QFRL6hY-68,uNb9QFRL6hY_cdca0a1a2fc343bb94bacdc3045b2d8d,semi,split_free,3.0,5,1,0
uNb9QFRL6hY-68,uNb9QFRL6hY_cdca0a1a2fc343bb94bacdc3045b2d8d,semi,split_free,6.0,5,3,0
uNb9QFRL6hY-68,uNb9QFRL6hY_cdca0a1a2fc343bb94bacdc3045b2d8d,semi,split_free,9.0,5,6,0
uNb9QFRL6hY-68,uNb9QFRL6hY_cdca0a1a2fc343bb94bacdc3045b2d8d,semi,split_free,12.0,5,6,0
uNb9QFRL6hY-68,uNb9QFRL6hY_cdca0a1a2fc343bb94bacdc3045b2d8d,semi,bound_free,3.0,5,1,0
uNb9QFRL6hY-68,uNb9QFRL6hY_cdca0a1a2fc343bb94bacdc3045b2d8d,semi,bound_free,6.0,5,3,0
uNb9QFRL6hY-68,uNb9QFRL6hY_cdca0a1a2fc343bb94bacdc3045b2d8d,semi,bound_free,9.0,5,6,0
uNb9QFRL6hY-68,uNb9QFRL6hY_cdca0a1a2fc343bb94bacdc3045b2d8d,semi,bound_free,12.0,5,6,0
uNb9QFRL6hY-68,uNb9QFRL6hY_cdca0a1a2fc343bb94bacdc3045b2d8d,semi,top_fixed,3.0,5,1,0
uNb9QFRL6hY-68,uNb9QFRL6hY_cdca0a1a2fc343bb94bacdc3045b2d8d,semi,top_fixed,6.0,5,3,0
uNb9QFRL6hY-68,uNb9QFRL6hY_cdca0a1a2fc343bb94bacdc3045b2d8d,semi,top_fixed,9.0,5,3,0
uNb9QFRL6hY-68,uNb9QFRL6hY_cdca0a1a2fc343bb94bacdc3045b2d8d,semi,top_fixed,12.0,5,3,0
uNb9QFRL6hY-68,uNb9QFRL6hY_cdca0a1a2fc343bb94bacdc3045b2d8d,semi,bottom_fixed,3.0,5,5,2
uNb9QFRL6hY-68,uNb9QFRL6hY_cdca0a1a2fc343bb94bacdc3045b2d8d,semi,bottom_fixed,6.0,5,6,0
uNb9QFRL6hY-68,uNb9QFRL6hY_cdca0a1a2fc343bb94bacdc3045b2d8d,semi,bottom_fixed,9.0,5,6,0
uNb9QFRL6hY-68,uNb9QFRL6hY_cdca0a1a2fc343bb94bacdc3045b2d8d,semi,bottom_fixed,12.0,5,6,0
uNb9QFRL6hY-69,uNb9QFRL6hY_ce88ee8b7ee84fca92c13ab16599d90e,manual,count_only,0.0,5,2,0
uNb9QFRL6hY-69,uNb9QFRL6hY_ce88ee8b7ee84fca92c13ab16599d90e,manual,split_fixed,3.0,5,0,0
uNb9QFRL6hY-69,uNb9QFRL6hY_ce88ee8b7ee84fca92c13ab16599d90e,manual,split_fixed,6.0,5,0,0
uNb9QFRL6hY-69,uNb9QFRL6hY_ce88ee8b7ee84fca92c13ab16599d90e,manual,split_fixed,9.0,5,0,0
uNb9QFRL6hY-69,uNb9QFRL6hY_ce88ee8b7ee84fca92c13ab16599d90e,manual,split_fixed,12.0,5,0,0
uNb9QFRL6hY-69,uNb9QFRL6hY_ce88ee8b7ee84fca92c13ab16599d90e,manual,bound_fixed,3.0,5,0,0
uNb9QFRL6hY-69,uNb9QFRL6hY_ce88ee8b7ee84fca92c13ab16599d90e,manual,bound_fixed,6.0,5,0,0
uNb9QFRL6hY-69,uNb9QFRL6hY_ce88ee8b7ee84fca92c13ab16599d90e,manual,bound_fixed,9.0,5,0,0
uNb9QFRL6hY-69,uNb9QFRL6hY_ce88ee8b7ee84fca92c13ab16599d90e,manual,bound_fixed,12.0,5,0,0
uNb9QFRL6hY-69,uNb9QFRL6hY_ce88ee8b7ee84fca92c13ab16599d90e,manual,split_cyclic,3.0,5,0,0
uNb9QFRL6hY-69,uNb9QFRL6hY_ce88ee8b7ee84fca92c13ab16599d90e,manual,split_cyclic,6.0,5,0,0
uNb9QFRL6hY-69,uNb9QFRL6hY_ce88ee8b7ee84fca92c13ab16599d90e,manual,split_cyclic,9.0,5,0,0
uNb9QFRL6hY-69,uNb9QFRL6hY_ce88ee8b7ee84fca92c13ab16599d90e,manual,split_cyclic,12.0,5,0,0
uNb9QFRL6hY-69,uNb9QFRL6hY_ce88ee8b7ee84fca92c13ab16599d90e,manual,bound_cyclic,3.0,5,0,0
uNb9QFRL6hY-69,uNb9QFRL6hY_ce88ee8b7ee84fca92c13ab16599d90e,manual,bound_cyclic,6.0,5,0,0
uNb9QFRL6hY-69,uNb9QFRL6hY_ce88ee8b7ee84fca92c13ab16599d90e,manual,bound_cyclic,9.0,5,0,0
uNb9QFRL6hY-69,uNb9QFRL6hY_ce88ee8b7ee84fca92c13ab16599d90e,manual,bound_cyclic,12.0,5,0,0
uNb9QFRL6hY-69,uNb9QFRL6hY_ce88ee8b7ee84fca92c13ab16599d90e,manual,split_free,3.0,5,0,0
uNb9QFRL6hY-69,uNb9QFRL6hY_ce88ee8b7ee84fca92c13ab16599d90e,manual,split_free,6.0,5,0,0
uNb9QFRL6hY-69,uNb9QFRL6hY_ce88ee8b7ee84fca92c13ab16599d90e,manual,split_free,9.0,5,0,0
uNb9QFRL6hY-69,uNb9QFRL6hY_ce88ee8b7ee84fca92c13ab16599d90e,manual,split_free,12.0,5,0,0
uNb9QFRL6hY-69,uNb9QFRL6hY_ce88ee8b7ee84fca92c13ab16599d90e,manual,bound_free,3.0,5,0,0
uNb9QFRL6hY-69,uNb9QFRL6hY_ce88ee8b7ee84fca92c13ab16599d90e,manual,bound_free,6.0,5,0,0
uNb9QFRL6hY-69,uNb9QFRL6hY_ce88ee8b7ee84fca92c13ab16599d90e,manual,bound_free,9.0,5,0,0
uNb9QFRL6hY-69,uNb9QFRL6hY_ce88ee8b7ee84fca92c13ab16599d90e,manual,bound_free,12.0,5,0,0
uNb9QFRL6hY-69,uNb9QFRL6hY_ce88ee8b7ee84fca92c13ab16599d90e,manual,top_fixed,3.0,5,0,0
uNb9QFRL6hY-69,uNb9QFRL6hY_ce88ee8b7ee84fca92c13ab16599d90e,manual,top_fixed,6.0,5,0,0
uNb9QFRL6hY-69,uNb9QFRL6hY_ce88ee8b7ee84fca92c13ab16599d90e,manual,top_fixed,9.0,5,0,0
uNb9QFRL6hY-69,uNb9QFRL6hY_ce88ee8b7ee84fca92c13ab16599d90e,manual,top_fixed,12.0,5,0,0
uNb9QFRL6hY-69,uNb9QFRL6hY_ce88ee8b7ee84fca92c13ab16599d90e,manual,bottom_fixed,3.0,5,0,0
uNb9QFRL6hY-69,uNb9QFRL6hY_ce88ee8b7ee84fca92c13ab16599d90e,manual,bottom_fixed,6.0,5,0,0
uNb9QFRL6hY-69,uNb9QFRL6hY_ce88ee8b7ee84fca92c13ab16599d90e,manual,bottom_fixed,9.0,5,0,0
uNb9QFRL6hY-69,uNb9QFRL6hY_ce88ee8b7ee84fca92c13ab16599d90e,manual,bottom_fixed,12.0,5,0,0
uNb9QFRL6hY-69,uNb9QFRL6hY_ce88ee8b7ee84fca92c13ab16599d90e,semi,count_only,0.0,4,6,0
uNb9QFRL6hY-69,uNb9QFRL6hY_ce88ee8b7ee84fca92c13ab16599d90e,semi,split_fixed,3.0,4,1,0
uNb9QFRL6hY-69,uNb9QFRL6hY_ce88ee8b7ee84fca92c13ab16599d90e,semi,split_fixed,6.0,4,1,0
uNb9QFRL6hY-69,uNb9QFRL6hY_ce88ee8b7ee84fca92c13ab16599d90e,semi,split_fixed,9.0,4,1,0
uNb9QFRL6hY-69,uNb9QFRL6hY_ce88ee8b7ee84fca92c13ab16599d90e,semi,split_fixed,12.0,4,1,0
uNb9QFRL6hY-69,uNb9QFRL6hY_ce88ee8b7ee84fca92c13ab16599d90e,semi,bound_fixed,3.0,4,1,0
uNb9QFRL6hY-69,uNb9QFRL6hY_ce88ee8b7ee84fca92c13ab16599d90e,semi,bound_fixed,6.0,4,1,0
uNb9QFRL6hY-69,uNb9QFRL6hY_ce88ee8b7ee84fca92c13ab16599d90e,semi,bound_fixed,9.0,4,1,0
uNb9QFRL6hY-69,uNb9QFRL6hY_ce88ee8b7ee84fca92c13ab16599d90e,semi,bound_fixed,12.0,4,1,0
uNb9QFRL6hY-69,uNb9QFRL6hY_ce88ee8b7ee84fca92c13ab16599d90e,semi,split_cyclic,3.0,4,1,0
uNb9QFRL6hY-69,uNb9QFRL6hY_ce88ee8b7ee84fca92c13ab16599d90e,semi,split_cyclic,6.0,4,1,0
uNb9QFRL6hY-69,uNb9QFRL6hY_ce88ee8b7ee84fca92c13ab16599d90e,semi,split_cyclic,9.0,4,1,0
uNb9QFRL6hY-69,uNb9QFRL6hY_ce88ee8b7ee84fca92c13ab16599d90e,semi,split_cyclic,12.0,4,1,0
uNb9QFRL6hY-69,uNb9QFRL6hY_ce88ee8b7ee84fca92c13ab16599d90e,semi,bound_cyclic,3.0,4,1,0
uNb9QFRL6hY-69,uNb9QFRL6hY_ce88ee8b7ee84fca92c13ab16599d90e,semi,bound_cyclic,6.0,4,1,0
uNb9QFRL6hY-69,uNb9QFRL6hY_ce88ee8b7ee84fca92c13ab16599d90e,semi,bound_cyclic,9.0,4,1,0
uNb9QFRL6hY-69,uNb9QFRL6hY_ce88ee8b7ee84fca92c13ab16599d90e,semi,bound_cyclic,12.0,4,1,0
uNb9QFRL6hY-69,uNb9QFRL6hY_ce88ee8b7ee84fca92c13ab16599d90e,semi,split_free,3.0,4,1,0
uNb9QFRL6hY-69,uNb9QFRL6hY_ce88ee8b7ee84fca92c13ab16599d90e,semi,split_free,6.0,4,1,0
uNb9QFRL6hY-69,uNb9QFRL6hY_ce88ee8b7ee84fca92c13ab16599d90e,semi,split_free,9.0,4,1,0
uNb9QFRL6hY-69,uNb9QFRL6hY_ce88ee8b7ee84fca92c13ab16599d90e,semi,split_free,12.0,4,1,0
uNb9QFRL6hY-69,uNb9QFRL6hY_ce88ee8b7ee84fca92c13ab16599d90e,semi,bound_free,3.0,4,1,0
uNb9QFRL6hY-69,uNb9QFRL6hY_ce88ee8b7ee84fca92c13ab16599d90e,semi,bound_free,6.0,4,1,0
uNb9QFRL6hY-69,uNb9QFRL6hY_ce88ee8b7ee84fca92c13ab16599d90e,semi,bound_free,9.0,4,1,0
uNb9QFRL6hY-69,uNb9QFRL6hY_ce88ee8b7ee84fca92c13ab16599d90e,semi,bound_free,12.0,4,1,0
uNb9QFRL6hY-69,uNb9QFRL6hY_ce88ee8b7ee84fca92c13ab16599d90e,semi,top_fixed,3.0,4,1,0
uNb9QFRL6hY-69,uNb9QFRL6hY_ce88ee8b7ee84fca92c13ab16599d90e,semi,top_fixed,6.0,4,1,0
uNb9QFRL6hY-69,uNb9QFRL6hY_ce88ee8b7ee84fca92c13ab16599d90e,semi,top_fixed,9.0,4,1,0
uNb9QFRL6hY-69,uNb9QFRL6hY_ce88ee8b7ee84fca92c13ab16599d90e,semi,top_fixed,12.0,4,1,0
uNb9QFRL6hY-69,uNb9QFRL6hY_ce88ee8b7ee84fca92c13ab16599d90e,semi,bottom_fixed,3.0,4,1,0
uNb9QFRL6hY-69,uNb9QFRL6hY_ce88ee8b7ee84fca92c13ab16599d90e,semi,bottom_fixed,6.0,4,1,0
uNb9QFRL6hY-69,uNb9QFRL6hY_ce88ee8b7ee84fca92c13ab16599d90e,semi,bottom_fixed,9.0,4,1,0
uNb9QFRL6hY-69,uNb9QFRL6hY_ce88ee8b7ee84fca92c13ab16599d90e,semi,bottom_fixed,12.0,4,1,0
uNb9QFRL6hY-70,uNb9QFRL6hY_d02f87bbb0414146a7a15070110a0384,manual,count_only,0.0,24,253,0
uNb9QFRL6hY-70,uNb9QFRL6hY_d02f87bbb0414146a7a15070110a0384,manual,split_fixed,3.0,24,35,14
uNb9QFRL6hY-70,uNb9QFRL6hY_d02f87bbb0414146a7a15070110a0384,manual,split_fixed,6.0,24,162,110
uNb9QFRL6hY-70,uNb9QFRL6hY_d02f87bbb0414146a7a15070110a0384,manual,split_fixed,9.0,24,215,41
uNb9QFRL6hY-70,uNb9QFRL6hY_d02f87bbb0414146a7a15070110a0384,manual,split_fixed,12.0,24,244,51
uNb9QFRL6hY-70,uNb9QFRL6hY_d02f87bbb0414146a7a15070110a0384,manual,bound_fixed,3.0,24,35,14
uNb9QFRL6hY-70,uNb9QFRL6hY_d02f87bbb0414146a7a15070110a0384,manual,bound_fixed,6.0,24,162,110
uNb9QFRL6hY-70,uNb9QFRL6hY_d02f87bbb0414146a7a15070110a0384,manual,bound_fixed,9.0,24,215,41
uNb9QFRL6hY-70,uNb9QFRL6hY_d02f87bbb0414146a7a15070110a0384,manual,bound_fixed,12.0,24,244,51
uNb9QFRL6hY-70,uNb9QFRL6hY_d02f87bbb0414146a7a15070110a0384,manual,split_cyclic,3.0,24,35,14
uNb9QFRL6hY-70,uNb9QFRL6hY_d02f87bbb0414146a7a15070110a0384,manual,split_cyclic,6.0,24,162,110
uNb9QFRL6hY-70,uNb9QFRL6hY_d02f87bbb0414146a7a15070110a0384,manual,split_cyclic,9.0,24,215,41
uNb9QFRL6hY-70,uNb9QFRL6hY_d02f87bbb0414146a7a15070110a0384,manual,split_cyclic,12.0,24,244,51
uNb9QFRL6hY-70,uNb9QFRL6hY_d02f87bbb0414146a7a15070110a0384,manual,bound_cyclic,3.0,24,35,14
uNb9QFRL6hY-70,uNb9QFRL6hY_d02f87bbb0414146a7a15070110a0384,manual,bound_cyclic,6.0,24,162,110
uNb9QFRL6hY-70,uNb9QFRL6hY_d02f87bbb0414146a7a15070110a0384,manual,bound_cyclic,9.0,24,215,41
uNb9QFRL6hY-70,uNb9QFRL6hY_d02f87bbb0414146a7a15070110a0384,manual,bound_cyclic,12.0,24,244,51
uNb9QFRL6hY-70,uNb9QFRL6hY_d02f87bbb0414146a7a15070110a0384,manual,split_free,3.0,24,35,14
uNb9QFRL6hY-70,uNb9QFRL6hY_d02f87bbb0414146a7a15070110a0384,manual,split_free,6.0,24,162,110
uNb9QFRL6hY-70,uNb9QFRL6hY_d02f87bbb0414146a7a15070110a0384,manual,split_free,9.0,24,215,41
uNb9QFRL6hY-70,uNb9QFRL6hY_d02f87bbb0414146a7a15070110a0384,manual,split_free,12.0,24,244,51
uNb9QFRL6hY-70,uNb9QFRL6hY_d02f87bbb0414146a7a15070110a0384,manual,bound_free,3.0,24,35,14
uNb9QFRL6hY-70,uNb9QFRL6hY_d02f87bbb0414146a7a15070110a0384,manual,bound_free,6.0,24,162,110
uNb9QFRL6hY-70,uNb9QFRL6hY_d02f87bbb0414146a7a15070110a0384,manual,bound_free,9.0,24,215,41
uNb9QFRL6hY-70,uNb9QFRL6hY_d02f87bbb0414146a7a15070110a0384,manual,bound_free,12.0,24,244,51
uNb9QFRL6hY-70,uNb9QFRL6hY_d02f87bbb0414146a7a15070110a0384,manual,top_fixed,3.0,24,86,47
uNb9QFRL6hY-70,uNb9QFRL6hY_d02f87bbb0414146a7a15070110a0384,manual,top_fixed,6.0,24,181,92
uNb9QFRL6hY-70,uNb9QFRL6hY_d02f87bbb0414146a7a15070110a0384,manual,top_fixed,9.0,24,226,123
uNb9QFRL6hY-70,uNb9QFRL6hY_d02f87bbb0414146a7a15070110a0384,manual,top_fixed,12.0,24,246,35
uNb9QFRL6hY-70,uNb9QFRL6hY_d02f87bbb0414146a7a15070110a0384,manual,bottom_fixed,3.0,24,49,28
uNb9QFRL6hY-70,uNb9QFRL6hY_d02f87bbb0414146a7a15070110a0384,manual,bottom_fixed,6.0,24,184,100
uNb9QFRL6hY-70,uNb9QFRL6hY_d02f87bbb0414146a7a15070110a0384,manual,bottom_fixed,9.0,24,239,116
uNb9QFRL6hY-70,uNb9QFRL6hY_d02f87bbb0414146a7a15070110a0384,manual,bottom_fixed,12.0,24,251,128
uNb9QFRL6hY-82,uNb9QFRL6hY_f4eb9862530a4f909b46f51d1887d05f,manual,count_only,0.0,5,10,0
uNb9QFRL6hY-82,uNb9QFRL6hY_f4eb9862530a4f909b46f51d1887d05f,manual,split_fixed,3.0,5,3,0
uNb9QFRL6hY-82,uNb9QFRL6hY_f4eb9862530a4f909b46f51d1887d05f,manual,split_fixed,6.0,5,9,3
uNb9QFRL6hY-82,uNb9QFRL6hY_f4eb9862530a4f909b46f51d1887d05f,manual,split_fixed,9.0,5,10,0
uNb9QFRL6hY-82,uNb9QFRL6hY_f4eb9862530a4f909b46f51d1887d05f,manual,split_fixed,12.0,5,10,0
uNb9QFRL6hY-82,uNb9QFRL6hY_f4eb9862530a4f909b46f51d1887d05f,manual,bound_fixed,3.0,5,3,0
uNb9QFRL6hY-82,uNb9QFRL6hY_f4eb9862530a4f909b46f51d1887d05f,manual,bound_fixed,6.0,5,9,3
uNb9QFRL6hY-82,uNb9QFRL6hY_f4eb9862530a4f909b46f51d1887d05f,manual,bound_fixed,9.0,5,10,0
uNb9QFRL6hY-82,uNb9QFRL6hY_f4eb9862530a4f909b46f51d1887d05f,manual,bound_fixed,12.0,5,10,0
uNb9QFRL6hY-82,uNb9QFRL6hY_f4eb9862530a4f909b46f51d1887d05f,manual,split_cyclic,3.0,5,3,0
uNb9QFRL6hY-82,uNb9QFRL6hY_f4eb9862530a4f909b46f51d1887d05f,manual,split_cyclic,6.0,5,9,3
uNb9QFRL6hY-82,uNb9QFRL6hY_f4eb9862530a4f909b46f51d1887d05f,manual,split_cyclic,9.0,5,10,0
uNb9QFRL6hY-82,uNb9QFRL6hY_f4eb9862530a4f909b46f51d1887d05f,manual,split_cyclic,12.0,5,10,0
uNb9QFRL6hY-82,uNb9QFRL6hY_f4eb9862530a4f909b46f51d1887d05f,manual,bound_cyclic,3.0,5,3,0
uNb9QFRL6hY-82,uNb9QFRL6hY_f4eb9862530a4f909b46f51d1887d05f,manual,bound_cyclic,6.0,5,9,3
uNb9QFRL6hY-82,uNb9QFRL6hY_f4eb9862530a4f909b46f51d1887d05f,manual,bound_cyclic,9.0,5,10,0
uNb9QFRL6hY-82,uNb9QFRL6hY_f4eb9862530a4f909b46f51d1887d05f,manual,bound_cyclic,12.0,5,10,0
uNb9QFRL6hY-82,uNb9QFRL6hY_f4eb9862530a4f909b46f51d1887d05f,manual,split_free,3.0,5,3,0
uNb9QFRL6hY-82,uNb9QFRL6hY_f4eb9862530a4f909b46f51d1887d05f,manual,split_free,6.0,5,9,3
uNb9QFRL6hY-82,uNb9QFRL6hY_f4eb9862530a4f909b46f51d1887d05f,manual,split_free,9.0,5,10,0
uNb9QFRL6hY-82,uNb9QFRL6hY_f4eb9862530a4f909b46f51d1887d05f,manual,split_free,12.0,5,10,0
uNb9QFRL6hY-82,uNb9QFRL6hY_f4eb9862530a4f909b46f51d1887d05f,manual,bound_free,3.0,5,3,0
uNb9QFRL6hY-82,uNb9QFRL6hY_f4eb9862530a4f909b46f51d1887d05f,manual,bound_free,6.0,5,9,3
uNb9QFRL6hY-82,uNb9QFRL6hY_f4eb9862530a4f909b46f51d1887d05f,manual,bound_free,9.0,5,10,0
uNb9QFRL6hY-82,uNb9QFRL6hY_f4eb9862530a4f909b46f51d1887d05f,manual,bound_free,12.0,5,10,0
uNb9QFRL6hY-82,uNb9QFRL6hY_f4eb9862530a4f909b46f51d1887d05f,manual,top_fixed,3.0,5,3,0
uNb9QFRL6hY-82,uNb9QFRL6hY_f4eb9862530a4f909b46f51d1887d05f,manual,top_fixed,6.0,5,9,3
uNb9QFRL6hY-82,uNb9QFRL6hY_f4eb9862530a4f909b46f51d1887d05f,manual,top_fixed,9.0,5,10,0
uNb9QFRL6hY-82,uNb9QFRL6hY_f4eb9862530a4f909b46f51d1887d05f,manual,top_fixed,12.0,5,10,0
uNb9QFRL6hY-82,uNb9QFRL6hY_f4eb9862530a4f909b46f51d1887d05f,manual,bottom_fixed,3.0,5,10,0
uNb9QFRL6hY-82,uNb9QFRL6hY_f4eb9862530a4f909b46f51d1887d05f,manual,bottom_fixed,6.0,5,10,0
uNb9QFRL6hY-82,uNb9QFRL6hY_f4eb9862530a4f909b46f51d1887d05f,manual,bottom_fixed,9.0,5,10,0
uNb9QFRL6hY-82,uNb9QFRL6hY_f4eb9862530a4f909b46f51d1887d05f,manual,bottom_fixed,12.0,5,10,0
uNb9QFRL6hY-83,uNb9QFRL6hY_f7944295a76541b186e6a557ebdbba14,manual,count_only,0.0,5,2,0
uNb9QFRL6hY-83,uNb9QFRL6hY_f7944295a76541b186e6a557ebdbba14,manual,split_fixed,3.0,5,0,0
uNb9QFRL6hY-83,uNb9QFRL6hY_f7944295a76541b186e6a557ebdbba14,manual,split_fixed,6.0,5,0,0
uNb9QFRL6hY-83,uNb9QFRL6hY_f7944295a76541b186e6a557ebdbba14,manual,split_fixed,9.0,5,0,0
uNb9QFRL6hY-83,uNb9QFRL6hY_f7944295a76541b186e6a557ebdbba14,manual,split_fixed,12.0,5,0,0
uNb9QFRL6hY-83,uNb9QFRL6hY_f7944295a76541b186e6a557ebdbba14,manual,bound_fixed,3.0,5,0,0
uNb9QFRL6hY-83,uNb9QFRL6hY_f7944295a76541b186e6a557ebdbba14,manual,bound_fixed,6.0,5,0,0
uNb9QFRL6hY-83,uNb9QFRL6hY_f7944295a76541b186e6a557ebdbba14,manual,bound_fixed,9.0,5,0,0
uNb9QFRL6hY-83,uNb9QFRL6hY_f7944295a76541b186e6a557ebdbba14,manual,bound_fixed,12.0,5,0,0
uNb9QFRL6hY-83,uNb9QFRL6hY_f7944295a76541b186e6a557ebdbba14,manual,split_cyclic,3.0,5,0,0
uNb9QFRL6hY-83,uNb9QFRL6hY_f7944295a76541b186e6a557ebdbba14,manual,split_cyclic,6.0,5,0,0
uNb9QFRL6hY-83,uNb9QFRL6hY_f7944295a76541b186e6a557ebdbba14,manual,split_cyclic,9.0,5,0,0
uNb9QFRL6hY-83,uNb9QFRL6hY_f7944295a76541b186e6a557ebdbba14,manual,split_cyclic,12.0,5,0,0
uNb9QFRL6hY-83,uNb9QFRL6hY_f7944295a76541b186e6a557ebdbba14,manual,bound_cyclic,3.0,5,0,0
uNb9QFRL6hY-83,uNb9QFRL6hY_f7944295a76541b186e6a557ebdbba14,manual,bound_cyclic,6.0,5,0,0
uNb9QFRL6hY-83,uNb9QFRL6hY_f7944295a76541b186e6a557ebdbba14,manual,bound_cyclic,9.0,5,0,0
uNb9QFRL6hY-83,uNb9QFRL6hY_f7944295a76541b186e6a557ebdbba14,manual,bound_cyclic,12.0,5,0,0
uNb9QFRL6hY-83,uNb9QFRL6hY_f7944295a76541b186e6a557ebdbba14,manual,split_free,3.0,5,0,0
uNb9QFRL6hY-83,uNb9QFRL6hY_f7944295a76541b186e6a557ebdbba14,manual,split_free,6.0,5,0,0
uNb9QFRL6hY-83,uNb9QFRL6hY_f7944295a76541b186e6a557ebdbba14,manual,split_free,9.0,5,0,0
uNb9QFRL6hY-83,uNb9QFRL6hY_f7944295a76541b186e6a557ebdbba14,manual,split_free,12.0,5,0,0
uNb9QFRL6hY-83,uNb9QFRL6hY_f7944295a76541b186e6a557ebdbba14,manual,bound_free,3.0,5,0,0
uNb9QFRL6hY-83,uNb9QFRL6hY_f7944295a76541b186e6a557ebdbba14,manual,bound_free,6.0,5,0,0
uNb9QFRL6hY-83,uNb9QFRL6hY_f7944295a76541b186e6a557ebdbba14,manual,bound_free,9.0,5,0,0
uNb9QFRL6hY-83,uNb9QFRL6hY_f7944295a76541b186e6a557ebdbba14,manual,bound_free,12.0,5,0,0
uNb9QFRL6hY-83,uNb9QFRL6hY_f7944295a76541b186e6a557ebdbba14,manual,top_fixed,3.0,5,0,0
uNb9QFRL6hY-83,uNb9QFRL6hY_f7944295a76541b186e6a557ebdbba14,manual,top_fixed,6.0,5,0,0
uNb9QFRL6hY-83,uNb9QFRL6hY_f7944295a76541b186e6a557ebdbba14,manual,top_fixed,9.0,5,0,0
uNb9QFRL6hY-83,uNb9QFRL6hY_f7944295a76541b186e6a557ebdbba14,manual,top_fixed,12.0,5,0,0
uNb9QFRL6hY-83,uNb9QFRL6hY_f7944295a76541b186e6a557ebdbba14,manual,bottom_fixed,3.0,5,0,0
uNb9QFRL6hY-83,uNb9QFRL6hY_f7944295a76541b186e6a557ebdbba14,manual,bottom_fixed,6.0,5,0,0
uNb9QFRL6hY-83,uNb9QFRL6hY_f7944295a76541b186e6a557ebdbba14,manual,bottom_fixed,9.0,5,0,0
uNb9QFRL6hY-83,uNb9QFRL6hY_f7944295a76541b186e6a557ebdbba14,manual,bottom_fixed,12.0,5,0,0
uNb9QFRL6hY-88,uNb9QFRL6hY_fd8d4da92ec14b668ed3d2986616bd14,manual,count_only,0.0,5,1,0
uNb9QFRL6hY-88,uNb9QFRL6hY_fd8d4da92ec14b668ed3d2986616bd14,manual,split_fixed,3.0,5,0,0
uNb9QFRL6hY-88,uNb9QFRL6hY_fd8d4da92ec14b668ed3d2986616bd14,manual,split_fixed,6.0,5,0,0
uNb9QFRL6hY-88,uNb9QFRL6hY_fd8d4da92ec14b668ed3d2986616bd14,manual,split_fixed,9.0,5,0,0
uNb9QFRL6hY-88,uNb9QFRL6hY_fd8d4da92ec14b668ed3d2986616bd14,manual,split_fixed,12.0,5,0,0
uNb9QFRL6hY-88,uNb9QFRL6hY_fd8d4da92ec14b668ed3d2986616bd14,manual,bound_fixed,3.0,5,0,0
uNb9QFRL6hY-88,uNb9QFRL6hY_fd8d4da92ec14b668ed3d2986616bd14,manual,bound_fixed,6.0,5,0,0
uNb9QFRL6hY-88,uNb9QFRL6hY_fd8d4da92ec14b668ed3d2986616bd14,manual,bound_fixed,9.0,5,0,0
uNb9QFRL6hY-88,uNb9QFRL6hY_fd8d4da92ec14b668ed3d2986616bd14,manual,bound_fixed,12.0,5,0,0
uNb9QFRL6hY-88,uNb9QFRL6hY_fd8d4da92ec14b668ed3d2986616bd14,manual,split_cyclic,3.0,5,0,0
uNb9QFRL6hY-88,uNb9QFRL6hY_fd8d4da92ec14b668ed3d2986616bd14,manual,split_cyclic,6.0,5,0,0
uNb9QFRL6hY-88,uNb9QFRL6hY_fd8d4da92ec14b668ed3d2986616bd14,manual,split_cyclic,9.0,5,0,0
uNb9QFRL6hY-88,uNb9QFRL6hY_fd8d4da92ec14b668ed3d2986616bd14,manual,split_cyclic,12.0,5,0,0
uNb9QFRL6hY-88,uNb9QFRL6hY_fd8d4da92ec14b668ed3d2986616bd14,manual,bound_cyclic,3.0,5,0,0
uNb9QFRL6hY-88,uNb9QFRL6hY_fd8d4da92ec14b668ed3d2986616bd14,manual,bound_cyclic,6.0,5,0,0
uNb9QFRL6hY-88,uNb9QFRL6hY_fd8d4da92ec14b668ed3d2986616bd14,manual,bound_cyclic,9.0,5,0,0
uNb9QFRL6hY-88,uNb9QFRL6hY_fd8d4da92ec14b668ed3d2986616bd14,manual,bound_cyclic,12.0,5,0,0
uNb9QFRL6hY-88,uNb9QFRL6hY_fd8d4da92ec14b668ed3d2986616bd14,manual,split_free,3.0,5,0,0
uNb9QFRL6hY-88,uNb9QFRL6hY_fd8d4da92ec14b668ed3d2986616bd14,manual,split_free,6.0,5,0,0
uNb9QFRL6hY-88,uNb9QFRL6hY_fd8d4da92ec14b668ed3d2986616bd14,manual,split_free,9.0,5,0,0
uNb9QFRL6hY-88,uNb9QFRL6hY_fd8d4da92ec14b668ed3d2986616bd14,manual,split_free,12.0,5,0,0
uNb9QFRL6hY-88,uNb9QFRL6hY_fd8d4da92ec14b668ed3d2986616bd14,manual,bound_free,3.0,5,0,0
uNb9QFRL6hY-88,uNb9QFRL6hY_fd8d4da92ec14b668ed3d2986616bd14,manual,bound_free,6.0,5,0,0
uNb9QFRL6hY-88,uNb9QFRL6hY_fd8d4da92ec14b668ed3d2986616bd14,manual,bound_free,9.0,5,0,0
uNb9QFRL6hY-88,uNb9QFRL6hY_fd8d4da92ec14b668ed3d2986616bd14,manual,bound_free,12.0,5,0,0
uNb9QFRL6hY-88,uNb9QFRL6hY_fd8d4da92ec14b668ed3d2986616bd14,manual,top_fixed,3.0,5,0,0
uNb9QFRL6hY-88,uNb9QFRL6hY_fd8d4da92ec14b668ed3d2986616bd14,manual,top_fixed,6.0,5,0,0
uNb9QFRL6hY-88,uNb9QFRL6hY_fd8d4da92ec14b668ed3d2986616bd14,manual,top_fixed,9.0,5,0,0
uNb9QFRL6hY-88,uNb9QFRL6hY_fd8d4da92ec14b668ed3d2986616bd14,manual,top_fixed,12.0,5,0,0
uNb9QFRL6hY-88,uNb9QFRL6hY_fd8d4da92ec14b668ed3d2986616bd14,manual,bottom_fixed,3.0,5,0,0
uNb9QFRL6hY-88,uNb9QFRL6hY_fd8d4da92ec14b668ed3d2986616bd14,manual,bottom_fixed,6.0,5,0,0
uNb9QFRL6hY-88,uNb9QFRL6hY_fd8d4da92ec14b668ed3d2986616bd14,manual,bottom_fixed,9.0,5,0,0
uNb9QFRL6hY-88,uNb9QFRL6hY_fd8d4da92ec14b668ed3d2986616bd14,manual,bottom_fixed,12.0,5,0,0
wc2JMjhGNzB-03,wc2JMjhGNzB_03c1aca95e254bf4b0db303a28d79aee,manual,count_only,0.0,5,6,0
wc2JMjhGNzB-03,wc2JMjhGNzB_03c1aca95e254bf4b0db303a28d79aee,manual,split_fixed,3.0,5,2,1
wc2JMjhGNzB-03,wc2JMjhGNzB_03c1aca95e254bf4b0db303a28d79aee,manual,split_fixed,6.0,5,5,2
wc2JMjhGNzB-03,wc2JMjhGNzB_03c1aca95e254bf4b0db303a28d79aee,manual,split_fixed,9.0,5,6,0
wc2JMjhGNzB-03,wc2JMjhGNzB_03c1aca95e254bf4b0db303a28d79aee,manual,split_fixed,12.0,5,6,0
wc2JMjhGNzB-03,wc2JMjhGNzB_03c1aca95e254bf4b0db303a28d79aee,manual,bound_fixed,3.0,5,2,1
wc2JMjhGNzB-03,wc2JMjhGNzB_03c1aca95e254bf4b0db303a28d79aee,manual,bound_fixed,6.0,5,5,2
wc2JMjhGNzB-03,wc2JMjhGNzB_03c1aca95e254bf4b0db303a28d79aee,manual,bound_fixed,9.0,5,6,0
wc2JMjhGNzB-03,wc2JMjhGNzB_03c1aca95e254bf4b0db303a28d79aee,manual,bound_fixed,12.0,5,6,0
wc2JMjhGNzB-03,wc2JMjhGNzB_03c1aca95e254bf4b0db303a28d79aee,manual,split_cyclic,3.0,5,2,1
wc2JMjhGNzB-03,wc2JMjhGNzB_03c1aca95e254bf4b0db303a28d79aee,manual,split_cyclic,6.0,5,5,2
wc2JMjhGNzB-03,wc2JMjhGNzB_03c1aca95e254bf4b0db303a28d79aee,manual,split_cyclic,9.0,5,6,0
wc2JMjhGNzB-03,wc2JMjhGNzB_03c1aca95e254bf4b0db303a28d79aee,manual,split_cyclic,12.0,5,6,0
wc2JMjhGNzB-03,wc2JMjhGNzB_03c1aca95e254bf4b0db303a28d79aee,manual,bound_cyclic,3.0,5,2,1
wc2JMjhGNzB-03,wc2JMjhGNzB_03c1aca95e254bf4b0db303a28d79aee,manual,bound_cyclic,6.0,5,5,2
wc2JMjhGNzB-03,wc2JMjhGNzB_03c1aca95e254bf4b0db303a28d79aee,manual,bound_cyclic,9.0,5,6,0
wc2JMjhGNzB-03,wc2JMjhGNzB_03c1aca95e254bf4b0db303a28d79aee,manual,bound_cyclic,12.0,5,6,0
wc2JMjhGNzB-03,wc2JMjhGNzB_03c1aca95e254bf4b0db303a28d79aee,manual,split_free,3.0,5,2,1
wc2JMjhGNzB-03,wc2JMjhGNzB_03c1aca95e254bf4b0db303a28d79aee,manual,split_free,6.0,5,5,2
wc2JMjhGNzB-03,wc2JMjhGNzB_03c1aca95e254bf4b0db303a28d79aee,manual,split_free,9.0,5,6,0
wc2JMjhGNzB-03,wc2JMjhGNzB_03c1aca95e254bf4b0db303a28d79aee,manual,split_free,12.0,5,6,0
wc2JMjhGNzB-03,wc2JMjhGNzB_03c1aca95e254bf4b0db303a28d79aee,manual,bound_free,3.0,5,2,1
wc2JMjhGNzB-03,wc2JMjhGNzB_03c1aca95e254bf4b0db303a28d79aee,manual,bound_free,6.0,5,5,2
wc2JMjhGNzB-03,wc2JMjhGNzB_03c1aca95e254bf4b0db303a28d79aee,manual,bound_free,9.0,5,6,0
wc2JMjhGNzB-03,wc2JMjhGNzB_03c1aca95e254bf4b0db303a28d79aee,manual,bound_free,12.0,5,6,0
wc2JMjhGNzB-03,wc2JMjhGNzB_03c1aca95e254bf4b0db303a28d79aee,manual,top_fixed,3.0,5,4,1
wc2JMjhGNzB-03,wc2JMjhGNzB_03c1aca95e254bf4b0db303a28d79aee,manual,top_fixed,6.0,5,6,0
wc2JMjhGNzB-03,wc2JMjhGNzB_03c1aca95e254bf4b0db303a28d79aee,manual,top_fixed,9.0,5,6,0
wc2JMjhGNzB-03,wc2JMjhGNzB_03c1aca95e254bf4b0db303a28d79aee,manual,top_fixed,12.0,5,6,0
wc2JMjhGNzB-03,wc2JMjhGNzB_03c1aca95e254bf4b0db303a28d79aee,manual,bottom_fixed,3.0,5,3,0
wc2JMjhGNzB-03,wc2JMjhGNzB_03c1aca95e254bf4b0db303a28d79aee,manual,bottom_fixed,6.0,5,5,2
wc2JMjhGNzB-03,wc2JMjhGNzB_03c1aca95e254bf4b0db303a28d79aee,manual,bottom_fixed,9.0,5,6,0
wc2JMjhGNzB-03,wc2JMjhGNzB_03c1aca95e254bf4b0db303a28d79aee,manual,bottom_fixed,12.0,5,6,0
wc2JMjhGNzB-14,wc2JMjhGNzB_1d8917d25abb4a77a0da9583dc82c17c,manual,count_only,0.0,5,3,0
wc2JMjhGNzB-14,wc2JMjhGNzB_1d8917d25abb4a77a0da9583dc82c17c,manual,split_fixed,3.0,5,0,0
wc2JMjhGNzB-14,wc2JMjhGNzB_1d8917d25abb4a77a0da9583dc82c17c,manual,split_fixed,6.0,5,0,0
wc2JMjhGNzB-14,wc2JMjhGNzB_1d8917d25abb4a77a0da9583dc82c17c,manual,split_fixed,9.0,5,0,0
wc2JMjhGNzB-14,wc2JMjhGNzB_1d8917d25abb4a77a0da9583dc82c17c,manual,split_fixed,12.0,5,1,0
wc2JMjhGNzB-14,wc2JMjhGNzB_1d8917d25abb4a77a0da9583dc82c17c,manual,bound_fixed,3.0,5,0,0
wc2JMjhGNzB-14,wc2JMjhGNzB_1d8917d25abb4a77a0da9583dc82c17c,manual,bound_fixed,6.0,5,0,0
wc2JMjhGNzB-14,wc2JMjhGNzB_1d8917d25abb4a77a0da9583dc82c17c,manual,bound_fixed,9.0,5,0,0
wc2JMjhGNzB-14,wc2JMjhGNzB_1d8917d25abb4a77a0da9583dc82c17c,manual,bound_fixed,12.0,5,1,0
wc2JMjhGNzB-14,wc2JMjhGNzB_1d8917d25abb4a77a0da9583dc82c17c,manual,split_cyclic,3.0,5,0,0
wc2JMjhGNzB-14,wc2JMjhGNzB_1d8917d25abb4a77a0da9583dc82c17c,manual,split_cyclic,6.0,5,0,0
wc2JMjhGNzB-14,wc2JMjhGNzB_1d8917d25abb4a77a0da9583dc82c17c,manual,split_cyclic,9.0,5,0,0
wc2JMjhGNzB-14,wc2JMjhGNzB_1d8917d25abb4a77a0da9583dc82c17c,manual,split_cyclic,12.0,5,1,0
wc2JMjhGNzB-14,wc2JMjhGNzB_1d8917d25abb4a77a0da9583dc82c17c,manual,bound_cyclic,3.0,5,0,0
wc2JMjhGNzB-14,wc2JMjhGNzB_1d8917d25abb4a77a0da9583dc82c17c,manual,bound_cyclic,6.0,5,0,0
wc2JMjhGNzB-14,wc2JMjhGNzB_1d8917d25abb4a77a0da9583dc82c17c,manual,bound_cyclic,9.0,5,0,0
wc2JMjhGNzB-14,wc2JMjhGNzB_1d8917d25abb4a77a0da9583dc82c17c,manual,bound_cyclic,12.0,5,1,0
wc2JMjhGNzB-14,wc2JMjhGNzB_1d8917d25abb4a77a0da9583dc82c17c,manual,split_free,3.0,5,0,0
wc2JMjhGNzB-14,wc2JMjhGNzB_1d8917d25abb4a77a0da9583dc82c17c,manual,split_free,6.0,5,0,0
wc2JMjhGNzB-14,wc2JMjhGNzB_1d8917d25abb4a77a0da9583dc82c17c,manual,split_free,9.0,5,0,0
wc2JMjhGNzB-14,wc2JMjhGNzB_1d8917d25abb4a77a0da9583dc82c17c,manual,split_free,12.0,5,1,0
wc2JMjhGNzB-14,wc2JMjhGNzB_1d8917d25abb4a77a0da9583dc82c17c,manual,bound_free,3.0,5,0,0
wc2JMjhGNzB-14,wc2JMjhGNzB_1d8917d25abb4a77a0da9583dc82c17c,manual,bound_free,6.0,5,0,0
wc2JMjhGNzB-14,wc2JMjhGNzB_1d8917d25abb4a77a0da9583dc82c17c,manual,bound_free,9.0,5,0,0
wc2JMjhGNzB-14,wc2JMjhGNzB_1d8917d25abb4a77a0da9583dc82c17c,manual,bound_free,12.0,5,1,0
wc2JMjhGNzB-14,wc2JMjhGNzB_1d8917d25abb4a77a0da9583dc82c17c,manual,top_fixed,3.0,5,0,0
wc2JMjhGNzB-14,wc2JMjhGNzB_1d8917d25abb4a77a0da9583dc82c17c,manual,top_fixed,6.0,5,0,0
wc2JMjhGNzB-14,wc2JMjhGNzB_1d8917d25abb4a77a0da9583dc82c17c,manual,top_fixed,9.0,5,0,0
wc2JMjhGNzB-14,wc2JMjhGNzB_1d8917d25abb4a77a0da9583dc82c17c,manual,top_fixed,12.0,5,1,0
wc2JMjhGNzB-14,wc2JMjhGNzB_1d8917d25abb4a77a0da9583dc82c17c,manual,bottom_fixed,3.0,5,0,0
wc2JMjhGNzB-14,wc2JMjhGNzB_1d8917d25abb4a77a0da9583dc82c17c,manual,bottom_fixed,6.0,5,0,0
wc2JMjhGNzB-14,wc2JMjhGNzB_1d8917d25abb4a77a0da9583dc82c17c,manual,bottom_fixed,9.0,5,1,0
wc2JMjhGNzB-14,wc2JMjhGNzB_1d8917d25abb4a77a0da9583dc82c17c,manual,bottom_fixed,12.0,5,1,0
wc2JMjhGNzB-15,wc2JMjhGNzB_2195c5a9b9fd451b927b0050f23fac31,manual,count_only,0.0,24,276,0
wc2JMjhGNzB-15,wc2JMjhGNzB_2195c5a9b9fd451b927b0050f23fac31,manual,split_fixed,3.0,24,86,51
wc2JMjhGNzB-15,wc2JMjhGNzB_2195c5a9b9fd451b927b0050f23fac31,manual,split_fixed,6.0,24,244,130
wc2JMjhGNzB-15,wc2JMjhGNzB_2195c5a9b9fd451b927b0050f23fac31,manual,split_fixed,9.0,24,273,137
wc2JMjhGNzB-15,wc2JMjhGNzB_2195c5a9b9fd451b927b0050f23fac31,manual,split_fixed,12.0,24,276,0
wc2JMjhGNzB-15,wc2JMjhGNzB_2195c5a9b9fd451b927b0050f23fac31,manual,bound_fixed,3.0,24,86,51
wc2JMjhGNzB-15,wc2JMjhGNzB_2195c5a9b9fd451b927b0050f23fac31,manual,bound_fixed,6.0,24,244,130
wc2JMjhGNzB-15,wc2JMjhGNzB_2195c5a9b9fd451b927b0050f23fac31,manual,bound_fixed,9.0,24,273,137
wc2JMjhGNzB-15,wc2JMjhGNzB_2195c5a9b9fd451b927b0050f23fac31,manual,bound_fixed,12.0,24,276,0
wc2JMjhGNzB-15,wc2JMjhGNzB_2195c5a9b9fd451b927b0050f23fac31,manual,split_cyclic,3.0,24,86,51
wc2JMjhGNzB-15,wc2JMjhGNzB_2195c5a9b9fd451b927b0050f23fac31,manual,split_cyclic,6.0,24,244,130
wc2JMjhGNzB-15,wc2JMjhGNzB_2195c5a9b9fd451b927b0050f23fac31,manual,split_cyclic,9.0,24,273,137
wc2JMjhGNzB-15,wc2JMjhGNzB_2195c5a9b9fd451b927b0050f23fac31,manual,split_cyclic,12.0,24,276,0
wc2JMjhGNzB-15,wc2JMjhGNzB_2195c5a9b9fd451b927b0050f23fac31,manual,bound_cyclic,3.0,24,86,51
wc2JMjhGNzB-15,wc2JMjhGNzB_2195c5a9b9fd451b927b0050f23fac31,manual,bound_cyclic,6.0,24,244,130
wc2JMjhGNzB-15,wc2JMjhGNzB_2195c5a9b9fd451b927b0050f23fac31,manual,bound_cyclic,9.0,24,273,137
wc2JMjhGNzB-15,wc2JMjhGNzB_2195c5a9b9fd451b927b0050f23fac31,manual,bound_cyclic,12.0,24,276,0
wc2JMjhGNzB-15,wc2JMjhGNzB_2195c5a9b9fd451b927b0050f23fac31,manual,split_free,3.0,24,86,51
wc2JMjhGNzB-15,wc2JMjhGNzB_2195c5a9b9fd451b927b0050f23fac31,manual,split_free,6.0,24,244,130
wc2JMjhGNzB-15,wc2JMjhGNzB_2195c5a9b9fd451b927b0050f23fac31,manual,split_free,9.0,24,273,137
wc2JMjhGNzB-15,wc2JMjhGNzB_2195c5a9b9fd451b927b0050f23fac31,manual,split_free,12.0,24,276,0
wc2JMjhGNzB-15,wc2JMjhGNzB_2195c5a9b9fd451b927b0050f23fac31,manual,bound_free,3.0,24,86,51
wc2JMjhGNzB-15,wc2JMjhGNzB_2195c5a9b9fd451b927b0050f23fac31,manual,bound_free,6.0,24,244,130
wc2JMjhGNzB-15,wc2JMjhGNzB_2195c5a9b9fd451b927b0050f23fac31,manual,bound_free,9.0,24,273,137
wc2JMjhGNzB-15,wc2JMjhGNzB_2195c5a9b9fd451b927b0050f23fac31,manual,bound_free,12.0,24,276,0
wc2JMjhGNzB-15,wc2JMjhGNzB_2195c5a9b9fd451b927b0050f23fac31,manual,top_fixed,3.0,24,140,84
wc2JMjhGNzB-15,wc2JMjhGNzB_2195c5a9b9fd451b927b0050f23fac31,manual,top_fixed,6.0,24,265,150
wc2JMjhGNzB-15,wc2JMjhGNzB_2195c5a9b9fd451b927b0050f23fac31,manual,top_fixed,9.0,24,276,0
wc2JMjhGNzB-15,wc2JMjhGNzB_2195c5a9b9fd451b927b0050f23fac31,manual,top_fixed,12.0,24,276,0
wc2JMjhGNzB-15,wc2JMjhGNzB_2195c5a9b9fd451b927b0050f23fac31,manual,bottom_fixed,3.0,24,164,108
wc2JMjhGNzB-15,wc2JMjhGNzB_2195c5a9b9fd451b927b0050f23fac31,manual,bottom_fixed,6.0,24,253,120
wc2JMjhGNzB-15,wc2JMjhGNzB_2195c5a9b9fd451b927b0050f23fac31,manual,bottom_fixed,9.0,24,273,132
wc2JMjhGNzB-15,wc2JMjhGNzB_2195c5a9b9fd451b927b0050f23fac31,manual,bottom_fixed,12.0,24,276,0
wc2JMjhGNzB-18,wc2JMjhGNzB_3504ff17bcae4d6c85bdc61fc3a5bf0c,semi,count_only,0.0,24,276,0
wc2JMjhGNzB-18,wc2JMjhGNzB_3504ff17bcae4d6c85bdc61fc3a5bf0c,semi,split_fixed,3.0,24,155,55
wc2JMjhGNzB-18,wc2JMjhGNzB_3504ff17bcae4d6c85bdc61fc3a5bf0c,semi,split_fixed,6.0,24,255,108
wc2JMjhGNzB-18,wc2JMjhGNzB_3504ff17bcae4d6c85bdc61fc3a5bf0c,semi,split_fixed,9.0,24,274,42
wc2JMjhGNzB-18,wc2JMjhGNzB_3504ff17bcae4d6c85bdc61fc3a5bf0c,semi,split_fixed,12.0,24,276,0
wc2JMjhGNzB-18,wc2JMjhGNzB_3504ff17bcae4d6c85bdc61fc3a5bf0c,semi,bound_fixed,3.0,24,155,55
wc2JMjhGNzB-18,wc2JMjhGNzB_3504ff17bcae4d6c85bdc61fc3a5bf0c,semi,bound_fixed,6.0,24,255,108
wc2JMjhGNzB-18,wc2JMjhGNzB_3504ff17bcae4d6c85bdc61fc3a5bf0c,semi,bound_fixed,9.0,24,274,42
wc2JMjhGNzB-18,wc2JMjhGNzB_3504ff17bcae4d6c85bdc61fc3a5bf0c,semi,bound_fixed,12.0,24,276,0
wc2JMjhGNzB-18,wc2JMjhGNzB_3504ff17bcae4d6c85bdc61fc3a5bf0c,semi,split_cyclic,3.0,24,155,55
wc2JMjhGNzB-18,wc2JMjhGNzB_3504ff17bcae4d6c85bdc61fc3a5bf0c,semi,split_cyclic,6.0,24,255,108
wc2JMjhGNzB-18,wc2JMjhGNzB_3504ff17bcae4d6c85bdc61fc3a5bf0c,semi,split_cyclic,9.0,24,274,42
wc2JMjhGNzB-18,wc2JMjhGNzB_3504ff17bcae4d6c85bdc61fc3a5bf0c,semi,split_cyclic,12.0,24,276,0
wc2JMjhGNzB-18,wc2JMjhGNzB_3504ff17bcae4d6c85bdc61fc3a5bf0c,semi,bound_cyclic,3.0,24,155,55
wc2JMjhGNzB-18,wc2JMjhGNzB_3504ff17bcae4d6c85bdc61fc3a5bf0c,semi,bound_cyclic,6.0,24,255,108
wc2JMjhGNzB-18,wc2JMjhGNzB_3504ff17bcae4d6c85bdc61fc3a5bf0c,semi,bound_cyclic,9.0,24,274,42
wc2JMjhGNzB-18,wc2JMjhGNzB_3504ff17bcae4d6c85bdc61fc3a5bf0c,semi,bound_cyclic,12.0,24,276,0
wc2JMjhGNzB-18,wc2JMjhGNzB_3504ff17bcae4d6c85bdc61fc3a5bf0c,semi,split_free,3.0,24,155,55
wc2JMjhGNzB-18,wc2JMjhGNzB_3504ff17bcae4d6c85bdc61fc3a5bf0c,semi,split_free,6.0,24,255,108
wc2JMjhGNzB-18,wc2JMjhGNzB_3504ff17bcae4d6c85bdc61fc3a5bf0c,semi,split_free,9.0,24,274,42
wc2JMjhGNzB-18,wc2JMjhGNzB_3504ff17bcae4d6c85bdc61fc3a5bf0c,semi,split_free,12.0,24,276,0
wc2JMjhGNzB-18,wc2JMjhGNzB_3504ff17bcae4d6c85bdc61fc3a5bf0c,semi,bound_free,3.0,24,155,55
wc2JMjhGNzB-18,wc2JMjhGNzB_3504ff17bcae4d6c85bdc61fc3a5bf0c,semi,bound_free,6.0,24,255,108
wc2JMjhGNzB-18,wc2JMjhGNzB_3504ff17bcae4d6c85bdc61fc3a5bf0c,semi,bound_free,9.0,24,274,42
wc2JMjhGNzB-18,wc2JMjhGNzB_3504ff17bcae4d6c85bdc61fc3a5bf0c,semi,bound_free,12.0,24,276,0
wc2JMjhGNzB-18,wc2JMjhGNzB_3504ff17bcae4d6c85bdc61fc3a5bf0c,semi,top_fixed,3.0,24,211,93
wc2JMjhGNzB-18,wc2JMjhGNzB_3504ff17bcae4d6c85bdc61fc3a5bf0c,semi,top_fixed,6.0,24,274,106
wc2JMjhGNzB-18,wc2JMjhGNzB_3504ff17bcae4d6c85bdc61fc3a5bf0c,semi,top_fixed,9.0,24,276,0
wc2JMjhGNzB-18,wc2JMjhGNzB_3504ff17bcae4d6c85bdc61fc3a5bf0c,semi,top_fixed,12.0,24,276,0
wc2JMjhGNzB-18,wc2JMjhGNzB_3504ff17bcae4d6c85bdc61fc3a5bf0c,semi,bottom_fixed,3.0,24,162,36
wc2JMjhGNzB-18,wc2JMjhGNzB_3504ff17bcae4d6c85bdc61fc3a5bf0c,semi,bottom_fixed,6.0,24,256,109
wc2JMjhGNzB-18,wc2JMjhGNzB_3504ff17bcae4d6c85bdc61fc3a5bf0c,semi,bottom_fixed,9.0,24,274,42
wc2JMjhGNzB-18,wc2JMjhGNzB_3504ff17bcae4d6c85bdc61fc3a5bf0c,semi,bottom_fixed,12.0,24,276,0
wc2JMjhGNzB-20,wc2JMjhGNzB_3848b1ba65fa49308c3d0a79f63782b3,semi,count_only,0.0,24,276,0
wc2JMjhGNzB-20,wc2JMjhGNzB_3848b1ba65fa49308c3d0a79f63782b3,semi,split_fixed,3.0,24,90,19
wc2JMjhGNzB-20,wc2JMjhGNzB_3848b1ba65fa49308c3d0a79f63782b3,semi,split_fixed,6.0,24,225,106
wc2JMjhGNzB-20,wc2JMjhGNzB_3848b1ba65fa49308c3d0a79f63782b3,semi,split_fixed,9.0,24,232,1
wc2JMjhGNzB-20,wc2JMjhGNzB_3848b1ba65fa49308c3d0a79f63782b3,semi,split_fixed,12.0,24,238,7
wc2JMjhGNzB-20,wc2JMjhGNzB_3848b1ba65fa49308c3d0a79f63782b3,semi,bound_fixed,3.0,24,90,19
wc2JMjhGNzB-20,wc2JMjhGNzB_3848b1ba65fa49308c3d0a79f63782b3,semi,bound_fixed,6.0,24,225,106
wc2JMjhGNzB-20,wc2JMjhGNzB_3848b1ba65fa49308c3d0a79f63782b3,semi,bound_fixed,9.0,24,232,1
wc2JMjhGNzB-20,wc2JMjhGNzB_3848b1ba65fa49308c3d0a79f63782b3,semi,bound_fixed,12.0,24,238,7
wc2JMjhGNzB-20,wc2JMjhGNzB_3848b1ba65fa49308c3d0a79f63782b3,semi,split_cyclic,3.0,24,90,19
wc2JMjhGNzB-20,wc2JMjhGNzB_3848b1ba65fa49308c3d0a79f63782b3,semi,split_cyclic,6.0,24,225,106
wc2JMjhGNzB-20,wc2JMjhGNzB_3848b1ba65fa49308c3d0a79f63782b3,semi,split_cyclic,9.0,24,232,1
wc2JMjhGNzB-20,wc2JMjhGNzB_3848b1ba65fa49308c3d0a79f63782b3,semi,split_cyclic,12.0,24,238,7
wc2JMjhGNzB-20,wc2JMjhGNzB_3848b1ba65fa49308c3d0a79f63782b3,semi,bound_cyclic,3.0,24,90,19
wc2JMjhGNzB-20,wc2JMjhGNzB_3848b1ba65fa49308c3d0a79f63782b3,semi,bound_cyclic,6.0,24,225,106
wc2JMjhGNzB-20,wc2JMjhGNzB_3848b1ba65fa49308c3d0a79f63782b3,semi,bound_cyclic,9.0,24,232,1
wc2JMjhGNzB-20,wc2JMjhGNzB_3848b1ba65fa49308c3d0a79f63782b3,semi,bound_cyclic,12.0,24,238,7
wc2JMjhGNzB-20,wc2JMjhGNzB_3848b1ba65fa49308c3d0a79f63782b3,semi,split_free,3.0,24,90,19
wc2JMjhGNzB-20,wc2JMjhGNzB_3848b1ba65fa49308c3d0a79f63782b3,semi,split_free,6.0,24,225,106
wc2JMjhGNzB-20,wc2JMjhGNzB_3848b1ba65fa49308c3d0a79f63782b3,semi,split_free,9.0,24,232,1
wc2JMjhGNzB-20,wc2JMjhGNzB_3848b1ba65fa49308c3d0a79f63782b3,semi,split_free,12.0,24,238,7
wc2JMjhGNzB-20,wc2JMjhGNzB_3848b1ba65fa49308c3d0a79f63782b3,semi,bound_free,3.0,24,90,19
wc2JMjhGNzB-20,wc2JMjhGNzB_3848b1ba65fa49308c3d0a79f63782b3,semi,bound_free,6.0,24,225,106
wc2JMjhGNzB-20,wc2JMjhGNzB_3848b1ba65fa49308c3d0a79f63782b3,semi,bound_free,9.0,24,232,1
wc2JMjhGNzB-20,wc2JMjhGNzB_3848b1ba65fa49308c3d0a79f63782b3,semi,bound_free,12.0,24,238,7
wc2JMjhGNzB-20,wc2JMjhGNzB_3848b1ba65fa49308c3d0a79f63782b3,semi,top_fixed,3.0,24,94,21
wc2JMjhGNzB-20,wc2JMjhGNzB_3848b1ba65fa49308c3d0a79f63782b3,semi,top_fixed,6.0,24,246,119
wc2JMjhGNzB-20,wc2JMjhGNzB_3848b1ba65fa49308c3d0a79f63782b3,semi,top_fixed,9.0,24,253,0
wc2JMjhGNzB-20,wc2JMjhGNzB_3848b1ba65fa49308c3d0a79f63782b3,semi,top_fixed,12.0,24,253,0
wc2JMjhGNzB-20,wc2JMjhGNzB_3848b1ba65fa49308c3d0a79f63782b3,semi,bottom_fixed,3.0,24,154,43
wc2JMjhGNzB-20,wc2JMjhGNzB_3848b1ba65fa49308c3d0a79f63782b3,semi,bottom_fixed,6.0,24,231,0
wc2JMjhGNzB-20,wc2JMjhGNzB_3848b1ba65fa49308c3d0a79f63782b3,semi,bottom_fixed,9.0,24,232,1
wc2JMjhGNzB-20,wc2JMjhGNzB_3848b1ba65fa49308c3d0a79f63782b3,semi,bottom_fixed,12.0,24,259,28
wc2JMjhGNzB-26,wc2JMjhGNzB_4884da3227464ab5b82f631ff22205bd,manual,count_only,0.0,6,2,0
wc2JMjhGNzB-26,wc2JMjhGNzB_4884da3227464ab5b82f631ff22205bd,manual,split_fixed,3.0,6,1,0
wc2JMjhGNzB-26,wc2JMjhGNzB_4884da3227464ab5b82f631ff22205bd,manual,split_fixed,6.0,6,1,0
wc2JMjhGNzB-26,wc2JMjhGNzB_4884da3227464ab5b82f631ff22205bd,manual,split_fixed,9.0,6,1,0
wc2JMjhGNzB-26,wc2JMjhGNzB_4884da3227464ab5b82f631ff22205bd,manual,split_fixed,12.0,6,1,0
wc2JMjhGNzB-26,wc2JMjhGNzB_4884da3227464ab5b82f631ff22205bd,manual,bound_fixed,3.0,3,0,0
wc2JMjhGNzB-26,wc2JMjhGNzB_4884da3227464ab5b82f631ff22205bd,manual,bound_fixed,6.0,3,0,0
wc2JMjhGNzB-26,wc2JMjhGNzB_4884da3227464ab5b82f631ff22205bd,manual,bound_fixed,9.0,3,0,0
wc2JMjhGNzB-26,wc2JMjhGNzB_4884da3227464ab5b82f631ff22205bd,manual,bound_fixed,12.0,3,0,0
wc2JMjhGNzB-26,wc2JMjhGNzB_4884da3227464ab5b82f631ff22205bd,manual,split_cyclic,3.0,6,1,0
wc2JMjhGNzB-26,wc2JMjhGNzB_4884da3227464ab5b82f631ff22205bd,manual,split_cyclic,6.0,6,1,0
wc2JMjhGNzB-26,wc2JMjhGNzB_4884da3227464ab5b82f631ff22205bd,manual,split_cyclic,9.0,6,1,0
wc2JMjhGNzB-26,wc2JMjhGNzB_4884da3227464ab5b82f631ff22205bd,manual,split_cyclic,12.0,6,1,0
wc2JMjhGNzB-26,wc2JMjhGNzB_4884da3227464ab5b82f631ff22205bd,manual,bound_cyclic,3.0,3,0,0
wc2JMjhGNzB-26,wc2JMjhGNzB_4884da3227464ab5b82f631ff22205bd,manual,bound_cyclic,6.0,3,0,0
wc2JMjhGNzB-26,wc2JMjhGNzB_4884da3227464ab5b82f631ff22205bd,manual,bound_cyclic,9.0,3,0,0
wc2JMjhGNzB-26,wc2JMjhGNzB_4884da3227464ab5b82f631ff22205bd,manual,bound_cyclic,12.0,3,0,0
wc2JMjhGNzB-26,wc2JMjhGNzB_4884da3227464ab5b82f631ff22205bd,manual,split_free,3.0,6,1,0
wc2JMjhGNzB-26,wc2JMjhGNzB_4884da3227464ab5b82f631ff22205bd,manual,split_free,6.0,6,1,0
wc2JMjhGNzB-26,wc2JMjhGNzB_4884da3227464ab5b82f631ff22205bd,manual,split_free,9.0,6,1,0
wc2JMjhGNzB-26,wc2JMjhGNzB_4884da3227464ab5b82f631ff22205bd,manual,split_free,12.0,6,1,0
wc2JMjhGNzB-26,wc2JMjhGNzB_4884da3227464ab5b82f631ff22205bd,manual,bound_free,3.0,3,0,0
wc2JMjhGNzB-26,wc2JMjhGNzB_4884da3227464ab5b82f631ff22205bd,manual,bound_free,6.0,3,0,0
wc2JMjhGNzB-26,wc2JMjhGNzB_4884da3227464ab5b82f631ff22205bd,manual,bound_free,9.0,3,0,0
wc2JMjhGNzB-26,wc2JMjhGNzB_4884da3227464ab5b82f631ff22205bd,manual,bound_free,12.0,3,0,0
wc2JMjhGNzB-26,wc2JMjhGNzB_4884da3227464ab5b82f631ff22205bd,manual,top_fixed,3.0,6,1,0
wc2JMjhGNzB-26,wc2JMjhGNzB_4884da3227464ab5b82f631ff22205bd,manual,top_fixed,6.0,6,1,0
wc2JMjhGNzB-26,wc2JMjhGNzB_4884da3227464ab5b82f631ff22205bd,manual,top_fixed,9.0,6,1,0
wc2JMjhGNzB-26,wc2JMjhGNzB_4884da3227464ab5b82f631ff22205bd,manual,top_fixed,12.0,6,1,0
wc2JMjhGNzB-26,wc2JMjhGNzB_4884da3227464ab5b82f631ff22205bd,manual,bottom_fixed,3.0,6,1,0
wc2JMjhGNzB-26,wc2JMjhGNzB_4884da3227464ab5b82f631ff22205bd,manual,bottom_fixed,6.0,6,1,0
wc2JMjhGNzB-26,wc2JMjhGNzB_4884da3227464ab5b82f631ff22205bd,manual,bottom_fixed,9.0,6,1,0
wc2JMjhGNzB-26,wc2JMjhGNzB_4884da3227464ab5b82f631ff22205bd,manual,bottom_fixed,12.0,6,1,0
wc2JMjhGNzB-30,wc2JMjhGNzB_55b45b0f19c2460bbcd1fb1c86c6610d,manual,count_only,0.0,6,1,0
wc2JMjhGNzB-30,wc2JMjhGNzB_55b45b0f19c2460bbcd1fb1c86c6610d,manual,split_fixed,3.0,6,1,0
wc2JMjhGNzB-30,wc2JMjhGNzB_55b45b0f19c2460bbcd1fb1c86c6610d,manual,split_fixed,6.0,6,1,0
wc2JMjhGNzB-30,wc2JMjhGNzB_55b45b0f19c2460bbcd1fb1c86c6610d,manual,split_fixed,9.0,6,1,0
wc2JMjhGNzB-30,wc2JMjhGNzB_55b45b0f19c2460bbcd1fb1c86c6610d,manual,split_fixed,12.0,6,1,0
wc2JMjhGNzB-30,wc2JMjhGNzB_55b45b0f19c2460bbcd1fb1c86c6610d,manual,bound_fixed,3.0,6,1,0
wc2JMjhGNzB-30,wc2JMjhGNzB_55b45b0f19c2460bbcd1fb1c86c6610d,manual,bound_fixed,6.0,6,1,0
wc2JMjhGNzB-30,wc2JMjhGNzB_55b45b0f19c2460bbcd1fb1c86c6610d,manual,bound_fixed,9.0,6,1,0
wc2JMjhGNzB-30,wc2JMjhGNzB_55b45b0f19c2460bbcd1fb1c86c6610d,manual,bound_fixed,12.0,6,1,0
wc2JMjhGNzB-30,wc2JMjhGNzB_55b45b0f19c2460bbcd1fb1c86c6610d,manual,split_cyclic,3.0,6,1,0
wc2JMjhGNzB-30,wc2JMjhGNzB_55b45b0f19c2460bbcd1fb1c86c6610d,manual,split_cyclic,6.0,6,1,0
wc2JMjhGNzB-30,wc2JMjhGNzB_55b45b0f19c2460bbcd1fb1c86c6610d,manual,split_cyclic,9.0,6,1,0
wc2JMjhGNzB-30,wc2JMjhGNzB_55b45b0f19c2460bbcd1fb1c86c6610d,manual,split_cyclic,12.0,6,1,0
wc2JMjhGNzB-30,wc2JMjhGNzB_55b45b0f19c2460bbcd1fb1c86c6610d,manual,bound_cyclic,3.0,6,1,0
wc2JMjhGNzB-30,wc2JMjhGNzB_55b45b0f19c2460bbcd1fb1c86c6610d,manual,bound_cyclic,6.0,6,1,0
wc2JMjhGNzB-30,wc2JMjhGNzB_55b45b0f19c2460bbcd1fb1c86c6610d,manual,bound_cyclic,9.0,6,1,0
wc2JMjhGNzB-30,wc2JMjhGNzB_55b45b0f19c2460bbcd1fb1c86c6610d,manual,bound_cyclic,12.0,6,1,0
wc2JMjhGNzB-30,wc2JMjhGNzB_55b45b0f19c2460bbcd1fb1c86c6610d,manual,split_free,3.0,6,1,0
wc2JMjhGNzB-30,wc2JMjhGNzB_55b45b0f19c2460bbcd1fb1c86c6610d,manual,split_free,6.0,6,1,0
wc2JMjhGNzB-30,wc2JMjhGNzB_55b45b0f19c2460bbcd1fb1c86c6610d,manual,split_free,9.0,6,1,0
wc2JMjhGNzB-30,wc2JMjhGNzB_55b45b0f19c2460bbcd1fb1c86c6610d,manual,split_free,12.0,6,1,0
wc2JMjhGNzB-30,wc2JMjhGNzB_55b45b0f19c2460bbcd1fb1c86c6610d,manual,bound_free,3.0,6,1,0
wc2JMjhGNzB-30,wc2JMjhGNzB_55b45b0f19c2460bbcd1fb1c86c6610d,manual,bound_free,6.0,6,1,0
wc2JMjhGNzB-30,wc2JMjhGNzB_55b45b0f19c2460bbcd1fb1c86c6610d,manual,bound_free,9.0,6,1,0
wc2JMjhGNzB-30,wc2JMjhGNzB_55b45b0f19c2460bbcd1fb1c86c6610d,manual,bound_free,12.0,6,1,0
wc2JMjhGNzB-30,wc2JMjhGNzB_55b45b0f19c2460bbcd1fb1c86c6610d,manual,top_fixed,3.0,6,1,0
wc2JMjhGNzB-30,wc2JMjhGNzB_55b45b0f19c2460bbcd1fb1c86c6610d,manual,top_fixed,6.0,6,1,0
wc2JMjhGNzB-30,wc2JMjhGNzB_55b45b0f19c2460bbcd1fb1c86c6610d,manual,top_fixed,9.0,6,1,0
wc2JMjhGNzB-30,wc2JMjhGNzB_55b45b0f19c2460bbcd1fb1c86c6610d,manual,top_fixed,12.0,6,1,0
wc2JMjhGNzB-30,wc2JMjhGNzB_55b45b0f19c2460bbcd1fb1c86c6610d,manual,bottom_fixed,3.0,6,1,0
wc2JMjhGNzB-30,wc2JMjhGNzB_55b45b0f19c2460bbcd1fb1c86c6610d,manual,bottom_fixed,6.0,6,1,0
wc2JMjhGNzB-30,wc2JMjhGNzB_55b45b0f19c2460bbcd1fb1c86c6610d,manual,bottom_fixed,9.0,6,1,0
wc2JMjhGNzB-30,wc2JMjhGNzB_55b45b0f19c2460bbcd1fb1c86c6610d,manual,bottom_fixed,12.0,6,1,0
wc2JMjhGNzB-30,wc2JMjhGNzB_55b45b0f19c2460bbcd1fb1c86c6610d,semi,count_only,0.0,4,6,0
wc2JMjhGNzB-30,wc2JMjhGNzB_55b45b0f19c2460bbcd1fb1c86c6610d,semi,split_fixed,3.0,4,4,2
wc2JMjhGNzB-30,wc2JMjhGNzB_55b45b0f19c2460bbcd1fb1c86c6610d,semi,split_fixed,6.0,4,6,0
wc2JMjhGNzB-30,wc2JMjhGNzB_55b45b0f19c2460bbcd1fb1c86c6610d,semi,split_fixed,9.0,4,6,0
wc2JMjhGNzB-30,wc2JMjhGNzB_55b45b0f19c2460bbcd1fb1c86c6610d,semi,split_fixed,12.0,4,6,0
wc2JMjhGNzB-30,wc2JMjhGNzB_55b45b0f19c2460bbcd1fb1c86c6610d,semi,bound_fixed,3.0,4,4,2
wc2JMjhGNzB-30,wc2JMjhGNzB_55b45b0f19c2460bbcd1fb1c86c6610d,semi,bound_fixed,6.0,4,6,0
wc2JMjhGNzB-30,wc2JMjhGNzB_55b45b0f19c2460bbcd1fb1c86c6610d,semi,bound_fixed,9.0,4,6,0
wc2JMjhGNzB-30,wc2JMjhGNzB_55b45b0f19c2460bbcd1fb1c86c6610d,semi,bound_fixed,12.0,4,6,0
wc2JMjhGNzB-30,wc2JMjhGNzB_55b45b0f19c2460bbcd1fb1c86c6610d,semi,split_cyclic,3.0,4,4,2
wc2JMjhGNzB-30,wc2JMjhGNzB_55b45b0f19c2460bbcd1fb1c86c6610d,semi,split_cyclic,6.0,4,6,0
wc2JMjhGNzB-30,wc2JMjhGNzB_55b45b0f19c2460bbcd1fb1c86c6610d,semi,split_cyclic,9.0,4,6,0
wc2JMjhGNzB-30,wc2JMjhGNzB_55b45b0f19c2460bbcd1fb1c86c6610d,semi,split_cyclic,12.0,4,6,0
wc2JMjhGNzB-30,wc2JMjhGNzB_55b45b0f19c2460bbcd1fb1c86c6610d,semi,bound_cyclic,3.0,4,4,2
wc2JMjhGNzB-30,wc2JMjhGNzB_55b45b0f19c2460bbcd1fb1c86c6610d,semi,bound_cyclic,6.0,4,6,0
wc2JMjhGNzB-30,wc2JMjhGNzB_55b45b0f19c2460bbcd1fb1c86c6610d,semi,bound_cyclic,9.0,4,6,0
wc2JMjhGNzB-30,wc2JMjhGNzB_55b45b0f19c2460bbcd1fb1c86c6610d,semi,bound_cyclic,12.0,4,6,0
wc2JMjhGNzB-30,wc2JMjhGNzB_55b45b0f19c2460bbcd1fb1c86c6610d,semi,split_free,3.0,4,4,2
wc2JMjhGNzB-30,wc2JMjhGNzB_55b45b0f19c2460bbcd1fb1c86c6610d,semi,split_free,6.0,4,6,0
wc2JMjhGNzB-30,wc2JMjhGNzB_55b45b0f19c2460bbcd1fb1c86c6610d,semi,split_free,9.0,4,6,0
wc2JMjhGNzB-30,wc2JMjhGNzB_55b45b0f19c2460bbcd1fb1c86c6610d,semi,split_free,12.0,4,6,0
wc2JMjhGNzB-30,wc2JMjhGNzB_55b45b0f19c2460bbcd1fb1c86c6610d,semi,bound_free,3.0,4,4,2
wc2JMjhGNzB-30,wc2JMjhGNzB_55b45b0f19c2460bbcd1fb1c86c6610d,semi,bound_free,6.0,4,6,0
wc2JMjhGNzB-30,wc2JMjhGNzB_55b45b0f19c2460bbcd1fb1c86c6610d,semi,bound_free,9.0,4,6,0
wc2JMjhGNzB-30,wc2JMjhGNzB_55b45b0f19c2460bbcd1fb1c86c6610d,semi,bound_free,12.0,4,6,0
wc2JMjhGNzB-30,wc2JMjhGNzB_55b45b0f19c2460bbcd1fb1c86c6610d,semi,top_fixed,3.0,4,4,2
wc2JMjhGNzB-30,wc2JMjhGNzB_55b45b0f19c2460bbcd1fb1c86c6610d,semi,top_fixed,6.0,4,6,0
wc2JMjhGNzB-30,wc2JMjhGNzB_55b45b0f19c2460bbcd1fb1c86c6610d,semi,top_fixed,9.0,4,6,0
wc2JMjhGNzB-30,wc2JMjhGNzB_55b45b0f19c2460bbcd1fb1c86c6610d,semi,top_fixed,12.0,4,6,0
wc2JMjhGNzB-30,wc2JMjhGNzB_55b45b0f19c2460bbcd1fb1c86c6610d,semi,bottom_fixed,3.0,4,6,0
wc2JMjhGNzB-30,wc2JMjhGNzB_55b45b0f19c2460bbcd1fb1c86c6610d,semi,bottom_fixed,6.0,4,6,0
wc2JMjhGNzB-30,wc2JMjhGNzB_55b45b0f19c2460bbcd1fb1c86c6610d,semi,bottom_fixed,9.0,4,6,0
wc2JMjhGNzB-30,wc2JMjhGNzB_55b45b0f19c2460bbcd1fb1c86c6610d,semi,bottom_fixed,12.0,4,6,0
wc2JMjhGNzB-40,wc2JMjhGNzB_77962388887942148ee65c2892600e02,semi,count_only,0.0,24,276,0
wc2JMjhGNzB-40,wc2JMjhGNzB_77962388887942148ee65c2892600e02,semi,split_fixed,3.0,24,188,78
wc2JMjhGNzB-40,wc2JMjhGNzB_77962388887942148ee65c2892600e02,semi,split_fixed,6.0,24,251,58
wc2JMjhGNzB-40,wc2JMjhGNzB_77962388887942148ee65c2892600e02,semi,split_fixed,9.0,24,253,0
wc2JMjhGNzB-40,wc2JMjhGNzB_77962388887942148ee65c2892600e02,semi,split_fixed,12.0,24,253,0
wc2JMjhGNzB-40,wc2JMjhGNzB_77962388887942148ee65c2892600e02,semi,bound_fixed,3.0,24,188,78
wc2JMjhGNzB-40,wc2JMjhGNzB_77962388887942148ee65c2892600e02,semi,bound_fixed,6.0,24,251,58
wc2JMjhGNzB-40,wc2JMjhGNzB_77962388887942148ee65c2892600e02,semi,bound_fixed,9.0,24,253,0
wc2JMjhGNzB-40,wc2JMjhGNzB_77962388887942148ee65c2892600e02,semi,bound_fixed,12.0,24,253,0
wc2JMjhGNzB-40,wc2JMjhGNzB_77962388887942148ee65c2892600e02,semi,split_cyclic,3.0,24,188,78
wc2JMjhGNzB-40,wc2JMjhGNzB_77962388887942148ee65c2892600e02,semi,split_cyclic,6.0,24,251,58
wc2JMjhGNzB-40,wc2JMjhGNzB_77962388887942148ee65c2892600e02,semi,split_cyclic,9.0,24,253,0
wc2JMjhGNzB-40,wc2JMjhGNzB_77962388887942148ee65c2892600e02,semi,split_cyclic,12.0,24,253,0
wc2JMjhGNzB-40,wc2JMjhGNzB_77962388887942148ee65c2892600e02,semi,bound_cyclic,3.0,24,188,78
wc2JMjhGNzB-40,wc2JMjhGNzB_77962388887942148ee65c2892600e02,semi,bound_cyclic,6.0,24,251,58
wc2JMjhGNzB-40,wc2JMjhGNzB_77962388887942148ee65c2892600e02,semi,bound_cyclic,9.0,24,253,0
wc2JMjhGNzB-40,wc2JMjhGNzB_77962388887942148ee65c2892600e02,semi,bound_cyclic,12.0,24,253,0
wc2JMjhGNzB-40,wc2JMjhGNzB_77962388887942148ee65c2892600e02,semi,split_free,3.0,24,188,78
wc2JMjhGNzB-40,wc2JMjhGNzB_77962388887942148ee65c2892600e02,semi,split_free,6.0,24,251,58
wc2JMjhGNzB-40,wc2JMjhGNzB_77962388887942148ee65c2892600e02,semi,split_free,9.0,24,253,0
wc2JMjhGNzB-40,wc2JMjhGNzB_77962388887942148ee65c2892600e02,semi,split_free,12.0,24,253,0
wc2JMjhGNzB-40,wc2JMjhGNzB_77962388887942148ee65c2892600e02,semi,bound_free,3.0,24,188,78
wc2JMjhGNzB-40,wc2JMjhGNzB_77962388887942148ee65c2892600e02,semi,bound_free,6.0,24,251,58
wc2JMjhGNzB-40,wc2JMjhGNzB_77962388887942148ee65c2892600e02,semi,bound_free,9.0,24,253,0
wc2JMjhGNzB-40,wc2JMjhGNzB_77962388887942148ee65c2892600e02,semi,bound_free,12.0,24,253,0
wc2JMjhGNzB-40,wc2JMjhGNzB_77962388887942148ee65c2892600e02,semi,top_fixed,3.0,24,234,71
wc2JMjhGNzB-40,wc2JMjhGNzB_77962388887942148ee65c2892600e02,semi,top_fixed,6.0,24,253,0
wc2JMjhGNzB-40,wc2JMjhGNzB_77962388887942148ee65c2892600e02,semi,top_fixed,9.0,24,253,0
wc2JMjhGNzB-40,wc2JMjhGNzB_77962388887942148ee65c2892600e02,semi,top_fixed,12.0,24,253,0
wc2JMjhGNzB-40,wc2JMjhGNzB_77962388887942148ee65c2892600e02,semi,bottom_fixed,3.0,24,201,88
wc2JMjhGNzB-40,wc2JMjhGNzB_77962388887942148ee65c2892600e02,semi,bottom_fixed,6.0,24,252,75
wc2JMjhGNzB-40,wc2JMjhGNzB_77962388887942148ee65c2892600e02,semi,bottom_fixed,9.0,24,274,21
wc2JMjhGNzB-40,wc2JMjhGNzB_77962388887942148ee65c2892600e02,semi,bottom_fixed,12.0,24,276,0
wc2JMjhGNzB-46,wc2JMjhGNzB_9087f0358178420a8b9ac7b17a8919c7,manual,count_only,0.0,7,11,0
wc2JMjhGNzB-46,wc2JMjhGNzB_9087f0358178420a8b9ac7b17a8919c7,manual,split_fixed,3.0,7,5,0
wc2JMjhGNzB-46,wc2JMjhGNzB_9087f0358178420a8b9ac7b17a8919c7,manual,split_fixed,6.0,7,5,0
wc2JMjhGNzB-46,wc2JMjhGNzB_9087f0358178420a8b9ac7b17a8919c7,manual,split_fixed,9.0,7,8,3
wc2JMjhGNzB-46,wc2JMjhGNzB_9087f0358178420a8b9ac7b17a8919c7,manual,split_fixed,12.0,7,11,0
wc2JMjhGNzB-46,wc2JMjhGNzB_9087f0358178420a8b9ac7b17a8919c7,manual,bound_fixed,3.0,7,5,0
wc2JMjhGNzB-46,wc2JMjhGNzB_9087f0358178420a8b9ac7b17a8919c7,manual,bound_fixed,6.0,7,5,0
wc2JMjhGNzB-46,wc2JMjhGNzB_9087f0358178420a8b9ac7b17a8919c7,manual,bound_fixed,9.0,7,8,3
wc2JMjhGNzB-46,wc2JMjhGNzB_9087f0358178420a8b9ac7b17a8919c7,manual,bound_fixed,12.0,7,11,0
wc2JMjhGNzB-46,wc2JMjhGNzB_9087f0358178420a8b9ac7b17a8919c7,manual,split_cyclic,3.0,7,5,0
wc2JMjhGNzB-46,wc2JMjhGNzB_9087f0358178420a8b9ac7b17a8919c7,manual,split_cyclic,6.0,7,5,0
wc2JMjhGNzB-46,wc2JMjhGNzB_9087f0358178420a8b9ac7b17a8919c7,manual,split_cyclic,9.0,7,8,3
wc2JMjhGNzB-46,wc2JMjhGNzB_9087f0358178420a8b9ac7b17a8919c7,manual,split_cyclic,12.0,7,11,0
wc2JMjhGNzB-46,wc2JMjhGNzB_9087f0358178420a8b9ac7b17a8919c7,manual,bound_cyclic,3.0,7,5,0
wc2JMjhGNzB-46,wc2JMjhGNzB_9087f0358178420a8b9ac7b17a8919c7,manual,bound_cyclic,6.0,7,5,0
wc2JMjhGNzB-46,wc2JMjhGNzB_9087f0358178420a8b9ac7b17a8919c7,manual,bound_cyclic,9.0,7,8,3
wc2JMjhGNzB-46,wc2JMjhGNzB_9087f0358178420a8b9ac7b17a8919c7,manual,bound_cyclic,12.0,7,11,0
wc2JMjhGNzB-46,wc2JMjhGNzB_9087f0358178420a8b9ac7b17a8919c7,manual,split_free,3.0,7,5,0
wc2JMjhGNzB-46,wc2JMjhGNzB_9087f0358178420a8b9ac7b17a8919c7,manual,split_free,6.0,7,11,0
wc2JMjhGNzB-46,wc2JMjhGNzB_9087f0358178420a8b9ac7b17a8919c7,manual,split_free,9.0,7,11,0
wc2JMjhGNzB-46,wc2JMjhGNzB_9087f0358178420a8b9ac7b17a8919c7,manual,split_free,12.0,7,11,0
wc2JMjhGNzB-46,wc2JMjhGNzB_9087f0358178420a8b9ac7b17a8919c7,manual,bound_free,3.0,7,5,0
wc2JMjhGNzB-46,wc2JMjhGNzB_9087f0358178420a8b9ac7b17a8919c7,manual,bound_free,6.0,7,11,0
wc2JMjhGNzB-46,wc2JMjhGNzB_9087f0358178420a8b9ac7b17a8919c7,manual,bound_free,9.0,7,11,0
wc2JMjhGNzB-46,wc2JMjhGNzB_9087f0358178420a8b9ac7b17a8919c7,manual,bound_free,12.0,7,11,0
wc2JMjhGNzB-46,wc2JMjhGNzB_9087f0358178420a8b9ac7b17a8919c7,manual,top_fixed,3.0,7,5,0
wc2JMjhGNzB-46,wc2JMjhGNzB_9087f0358178420a8b9ac7b17a8919c7,manual,top_fixed,6.0,7,5,0
wc2JMjhGNzB-46,wc2JMjhGNzB_9087f0358178420a8b9ac7b17a8919c7,manual,top_fixed,9.0,7,8,3
wc2JMjhGNzB-46,wc2JMjhGNzB_9087f0358178420a8b9ac7b17a8919c7,manual,top_fixed,12.0,7,11,0
wc2JMjhGNzB-46,wc2JMjhGNzB_9087f0358178420a8b9ac7b17a8919c7,manual,bottom_fixed,3.0,7,5,0
wc2JMjhGNzB-46,wc2JMjhGNzB_9087f0358178420a8b9ac7b17a8919c7,manual,bottom_fixed,6.0,7,5,0
wc2JMjhGNzB-46,wc2JMjhGNzB_9087f0358178420a8b9ac7b17a8919c7,manual,bottom_fixed,9.0,7,11,0
wc2JMjhGNzB-46,wc2JMjhGNzB_9087f0358178420a8b9ac7b17a8919c7,manual,bottom_fixed,12.0,7,11,0
wc2JMjhGNzB-46,wc2JMjhGNzB_9087f0358178420a8b9ac7b17a8919c7,semi,count_only,0.0,5,6,0
wc2JMjhGNzB-46,wc2JMjhGNzB_9087f0358178420a8b9ac7b17a8919c7,semi,split_fixed,3.0,5,3,0
wc2JMjhGNzB-46,wc2JMjhGNzB_9087f0358178420a8b9ac7b17a8919c7,semi,split_fixed,6.0,5,3,0
wc2JMjhGNzB-46,wc2JMjhGNzB_9087f0358178420a8b9ac7b17a8919c7,semi,split_fixed,9.0,5,6,0
wc2JMjhGNzB-46,wc2JMjhGNzB_9087f0358178420a8b9ac7b17a8919c7,semi,split_fixed,12.0,5,6,0
wc2JMjhGNzB-46,wc2JMjhGNzB_9087f0358178420a8b9ac7b17a8919c7,semi,bound_fixed,3.0,5,3,0
wc2JMjhGNzB-46,wc2JMjhGNzB_9087f0358178420a8b9ac7b17a8919c7,semi,bound_fixed,6.0,5,3,0
wc2JMjhGNzB-46,wc2JMjhGNzB_9087f0358178420a8b9ac7b17a8919c7,semi,bound_fixed,9.0,5,3,0
wc2JMjhGNzB-46,wc2JMjhGNzB_9087f0358178420a8b9ac7b17a8919c7,semi,bound_fixed,12.0,5,6,0
wc2JMjhGNzB-46,wc2JMjhGNzB_9087f0358178420a8b9ac7b17a8919c7,semi,split_cyclic,3.0,5,3,0
wc2JMjhGNzB-46,wc2JMjhGNzB_9087f0358178420a8b9ac7b17a8919c7,semi,split_cyclic,6.0,5,3,0
wc2JMjhGNzB-46,wc2JMjhGNzB_9087f0358178420a8b9ac7b17a8919c7,semi,split_cyclic,9.0,5,6,0
wc2JMjhGNzB-46,wc2JMjhGNzB_9087f0358178420a8b9ac7b17a8919c7,semi,split_cyclic,12.0,5,6,0
wc2JMjhGNzB-46,wc2JMjhGNzB_9087f0358178420a8b9ac7b17a8919c7,semi,bound_cyclic,3.0,5,3,0
wc2JMjhGNzB-46,wc2JMjhGNzB_9087f0358178420a8b9ac7b17a8919c7,semi,bound_cyclic,6.0,5,3,0
wc2JMjhGNzB-46,wc2JMjhGNzB_9087f0358178420a8b9ac7b17a8919c7,semi,bound_cyclic,9.0,5,3,0
wc2JMjhGNzB-46,wc2JMjhGNzB_9087f0358178420a8b9ac7b17a8919c7,semi,bound_cyclic,12.0,5,6,0
wc2JMjhGNzB-46,wc2JMjhGNzB_9087f0358178420a8b9ac7b17a8919c7,semi,split_free,3.0,5,6,0
wc2JMjhGNzB-46,wc2JMjhGNzB_9087f0358178420a8b9ac7b17a8919c7,semi,split_free,6.0,5,6,0
wc2JMjhGNzB-46,wc2JMjhGNzB_9087f0358178420a8b9ac7b17a8919c7,semi,split_free,9.0,5,6,0
wc2JMjhGNzB-46,wc2JMjhGNzB_9087f0358178420a8b9ac7b17a8919c7,semi,split_free,12.0,5,6,0
wc2JMjhGNzB-46,wc2JMjhGNzB_9087f0358178420a8b9ac7b17a8919c7,semi,bound_free,3.0,5,6,0
wc2JMjhGNzB-46,wc2JMjhGNzB_9087f0358178420a8b9ac7b17a8919c7,semi,bound_free,6.0,5,6,0
wc2JMjhGNzB-46,wc2JMjhGNzB_9087f0358178420a8b9ac7b17a8919c7,semi,bound_free,9.0,5,6,0
wc2JMjhGNzB-46,wc2JMjhGNzB_9087f0358178420a8b9ac7b17a8919c7,semi,bound_free,12.0,5,6,0
wc2JMjhGNzB-46,wc2JMjhGNzB_9087f0358178420a8b9ac7b17a8919c7,semi,top_fixed,3.0,5,6,0
wc2JMjhGNzB-46,wc2JMjhGNzB_9087f0358178420a8b9ac7b17a8919c7,semi,top_fixed,6.0,5,6,0
wc2JMjhGNzB-46,wc2JMjhGNzB_9087f0358178420a8b9ac7b17a8919c7,semi,top_fixed,9.0,5,6,0
wc2JMjhGNzB-46,wc2JMjhGNzB_9087f0358178420a8b9ac7b17a8919c7,semi,top_fixed,12.0,5,6,0
wc2JMjhGNzB-46,wc2JMjhGNzB_9087f0358178420a8b9ac7b17a8919c7,semi,bottom_fixed,3.0,5,3,0
wc2JMjhGNzB-46,wc2JMjhGNzB_9087f0358178420a8b9ac7b17a8919c7,semi,bottom_fixed,6.0,5,3,0
wc2JMjhGNzB-46,wc2JMjhGNzB_9087f0358178420a8b9ac7b17a8919c7,semi,bottom_fixed,9.0,5,6,0
wc2JMjhGNzB-46,wc2JMjhGNzB_9087f0358178420a8b9ac7b17a8919c7,semi,bottom_fixed,12.0,5,6,0
wc2JMjhGNzB-53,wc2JMjhGNzB_b41b10699d614f24851b56a9a0e743c6,manual,count_only,0.0,23,48,0
wc2JMjhGNzB-53,wc2JMjhGNzB_b41b10699d614f24851b56a9a0e743c6,manual,split_fixed,3.0,23,5,0
wc2JMjhGNzB-53,wc2JMjhGNzB_b41b10699d614f24851b56a9a0e743c6,manual,split_fixed,6.0,23,11,0
wc2JMjhGNzB-53,wc2JMjhGNzB_b41b10699d614f24851b56a9a0e743c6,manual,split_fixed,9.0,23,21,4
wc2JMjhGNzB-53,wc2JMjhGNzB_b41b10699d614f24851b56a9a0e743c6,manual,split_fixed,12.0,23,24,1
wc2JMjhGNzB-53,wc2JMjhGNzB_b41b10699d614f24851b56a9a0e743c6,manual,bound_fixed,3.0,23,5,0
wc2JMjhGNzB-53,wc2JMjhGNzB_b41b10699d614f24851b56a9a0e743c6,manual,bound_fixed,6.0,23,11,0
wc2JMjhGNzB-53,wc2JMjhGNzB_b41b10699d614f24851b56a9a0e743c6,manual,bound_fixed,9.0,23,21,4
wc2JMjhGNzB-53,wc2JMjhGNzB_b41b10699d614f24851b56a9a0e743c6,manual,bound_fixed,12.0,23,24,1
wc2JMjhGNzB-53,wc2JMjhGNzB_b41b10699d614f24851b56a9a0e743c6,manual,split_cyclic,3.0,23,5,0
wc2JMjhGNzB-53,wc2JMjhGNzB_b41b10699d614f24851b56a9a0e743c6,manual,split_cyclic,6.0,23,12,0
wc2JMjhGNzB-53,wc2JMjhGNzB_b41b10699d614f24851b56a9a0e743c6,manual,split_cyclic,9.0,23,22,4
wc2JMjhGNzB-53,wc2JMjhGNzB_b41b10699d614f24851b56a9a0e743c6,manual,split_cyclic,12.0,23,25,1
wc2JMjhGNzB-53,wc2JMjhGNzB_b41b10699d614f24851b56a9a0e743c6,manual,bound_cyclic,3.0,23,5,0
wc2JMjhGNzB-53,wc2JMjhGNzB_b41b10699d614f24851b56a9a0e743c6,manual,bound_cyclic,6.0,23,12,0
wc2JMjhGNzB-53,wc2JMjhGNzB_b41b10699d614f24851b56a9a0e743c6,manual,bound_cyclic,9.0,23,22,4
wc2JMjhGNzB-53,wc2JMjhGNzB_b41b10699d614f24851b56a9a0e743c6,manual,bound_cyclic,12.0,23,25,1
wc2JMjhGNzB-53,wc2JMjhGNzB_b41b10699d614f24851b56a9a0e743c6,manual,split_free,3.0,23,5,0
wc2JMjhGNzB-53,wc2JMjhGNzB_b41b10699d614f24851b56a9a0e743c6,manual,split_free,6.0,23,12,0
wc2JMjhGNzB-53,wc2JMjhGNzB_b41b10699d614f24851b56a9a0e743c6,manual,split_free,9.0,23,22,4
wc2JMjhGNzB-53,wc2JMjhGNzB_b41b10699d614f24851b56a9a0e743c6,manual,split_free,12.0,23,25,1
wc2JMjhGNzB-53,wc2JMjhGNzB_b41b10699d614f24851b56a9a0e743c6,manual,bound_free,3.0,23,5,0
wc2JMjhGNzB-53,wc2JMjhGNzB_b41b10699d614f24851b56a9a0e743c6,manual,bound_free,6.0,23,12,0
wc2JMjhGNzB-53,wc2JMjhGNzB_b41b10699d614f24851b56a9a0e743c6,manual,bound_free,9.0,23,22,4
wc2JMjhGNzB-53,wc2JMjhGNzB_b41b10699d614f24851b56a9a0e743c6,manual,bound_free,12.0,23,25,1
wc2JMjhGNzB-53,wc2JMjhGNzB_b41b10699d614f24851b56a9a0e743c6,manual,top_fixed,3.0,23,10,0
wc2JMjhGNzB-53,wc2JMjhGNzB_b41b10699d614f24851b56a9a0e743c6,manual,top_fixed,6.0,23,21,2
wc2JMjhGNzB-53,wc2JMjhGNzB_b41b10699d614f24851b56a9a0e743c6,manual,top_fixed,9.0,23,26,0
wc2JMjhGNzB-53,wc2JMjhGNzB_b41b10699d614f24851b56a9a0e743c6,manual,top_fixed,12.0,23,26,0
wc2JMjhGNzB-53,wc2JMjhGNzB_b41b10699d614f24851b56a9a0e743c6,manual,bottom_fixed,3.0,23,6,0
wc2JMjhGNzB-53,wc2JMjhGNzB_b41b10699d614f24851b56a9a0e743c6,manual,bottom_fixed,6.0,23,13,0
wc2JMjhGNzB-53,wc2JMjhGNzB_b41b10699d614f24851b56a9a0e743c6,manual,bottom_fixed,9.0,23,22,4
wc2JMjhGNzB-53,wc2JMjhGNzB_b41b10699d614f24851b56a9a0e743c6,manual,bottom_fixed,12.0,23,25,1
wc2JMjhGNzB-54,wc2JMjhGNzB_c7c84bf01a834489ad11d8450a7dc2bc,manual,count_only,0.0,5,10,0
wc2JMjhGNzB-54,wc2JMjhGNzB_c7c84bf01a834489ad11d8450a7dc2bc,manual,split_fixed,3.0,5,1,0
wc2JMjhGNzB-54,wc2JMjhGNzB_c7c84bf01a834489ad11d8450a7dc2bc,manual,split_fixed,6.0,5,4,0
wc2JMjhGNzB-54,wc2JMjhGNzB_c7c84bf01a834489ad11d8450a7dc2bc,manual,split_fixed,9.0,5,8,4
wc2JMjhGNzB-54,wc2JMjhGNzB_c7c84bf01a834489ad11d8450a7dc2bc,manual,split_fixed,12.0,5,10,0
wc2JMjhGNzB-54,wc2JMjhGNzB_c7c84bf01a834489ad11d8450a7dc2bc,manual,bound_fixed,3.0,5,1,0
wc2JMjhGNzB-54,wc2JMjhGNzB_c7c84bf01a834489ad11d8450a7dc2bc,manual,bound_fixed,6.0,5,4,0
wc2JMjhGNzB-54,wc2JMjhGNzB_c7c84bf01a834489ad11d8450a7dc2bc,manual,bound_fixed,9.0,5,8,4
wc2JMjhGNzB-54,wc2JMjhGNzB_c7c84bf01a834489ad11d8450a7dc2bc,manual,bound_fixed,12.0,5,10,0
wc2JMjhGNzB-54,wc2JMjhGNzB_c7c84bf01a834489ad11d8450a7dc2bc,manual,split_cyclic,3.0,5,1,0
wc2JMjhGNzB-54,wc2JMjhGNzB_c7c84bf01a834489ad11d8450a7dc2bc,manual,split_cyclic,6.0,5,4,0
wc2JMjhGNzB-54,wc2JMjhGNzB_c7c84bf01a834489ad11d8450a7dc2bc,manual,split_cyclic,9.0,5,8,4
wc2JMjhGNzB-54,wc2JMjhGNzB_c7c84bf01a834489ad11d8450a7dc2bc,manual,split_cyclic,12.0,5,10,0
wc2JMjhGNzB-54,wc2JMjhGNzB_c7c84bf01a834489ad11d8450a7dc2bc,manual,bound_cyclic,3.0,5,1,0
wc2JMjhGNzB-54,wc2JMjhGNzB_c7c84bf01a834489ad11d8450a7dc2bc,manual,bound_cyclic,6.0,5,4,0
wc2JMjhGNzB-54,wc2JMjhGNzB_c7c84bf01a834489ad11d8450a7dc2bc,manual,bound_cyclic,9.0,5,8,4
wc2JMjhGNzB-54,wc2JMjhGNzB_c7c84bf01a834489ad11d8450a7dc2bc,manual,bound_cyclic,12.0,5,10,0
wc2JMjhGNzB-54,wc2JMjhGNzB_c7c84bf01a834489ad11d8450a7dc2bc,manual,split_free,3.0,5,1,0
wc2JMjhGNzB-54,wc2JMjhGNzB_c7c84bf01a834489ad11d8450a7dc2bc,manual,split_free,6.0,5,4,0
wc2JMjhGNzB-54,wc2JMjhGNzB_c7c84bf01a834489ad11d8450a7dc2bc,manual,split_free,9.0,5,8,4
wc2JMjhGNzB-54,wc2JMjhGNzB_c7c84bf01a834489ad11d8450a7dc2bc,manual,split_free,12.0,5,10,0
wc2JMjhGNzB-54,wc2JMjhGNzB_c7c84bf01a834489ad11d8450a7dc2bc,manual,bound_free,3.0,5,1,0
wc2JMjhGNzB-54,wc2JMjhGNzB_c7c84bf01a834489ad11d8450a7dc2bc,manual,bound_free,6.0,5,4,0
wc2JMjhGNzB-54,wc2JMjhGNzB_c7c84bf01a834489ad11d8450a7dc2bc,manual,bound_free,9.0,5,8,4
wc2JMjhGNzB-54,wc2JMjhGNzB_c7c84bf01a834489ad11d8450a7dc2bc,manual,bound_free,12.0,5,10,0
wc2JMjhGNzB-54,wc2JMjhGNzB_c7c84bf01a834489ad11d8450a7dc2bc,manual,top_fixed,3.0,5,6,0
wc2JMjhGNzB-54,wc2JMjhGNzB_c7c84bf01a834489ad11d8450a7dc2bc,manual,top_fixed,6.0,5,9,3
wc2JMjhGNzB-54,wc2JMjhGNzB_c7c84bf01a834489ad11d8450a7dc2bc,manual,top_fixed,9.0,5,10,0
wc2JMjhGNzB-54,wc2JMjhGNzB_c7c84bf01a834489ad11d8450a7dc2bc,manual,top_fixed,12.0,5,10,0
wc2JMjhGNzB-54,wc2JMjhGNzB_c7c84bf01a834489ad11d8450a7dc2bc,manual,bottom_fixed,3.0,5,2,0
wc2JMjhGNzB-54,wc2JMjhGNzB_c7c84bf01a834489ad11d8450a7dc2bc,manual,bottom_fixed,6.0,5,4,0
wc2JMjhGNzB-54,wc2JMjhGNzB_c7c84bf01a834489ad11d8450a7dc2bc,manual,bottom_fixed,9.0,5,8,4
wc2JMjhGNzB-54,wc2JMjhGNzB_c7c84bf01a834489ad11d8450a7dc2bc,manual,bottom_fixed,12.0,5,10,0
wc2JMjhGNzB-54,wc2JMjhGNzB_c7c84bf01a834489ad11d8450a7dc2bc,semi,count_only,0.0,4,3,0
wc2JMjhGNzB-54,wc2JMjhGNzB_c7c84bf01a834489ad11d8450a7dc2bc,semi,split_fixed,3.0,4,0,0
wc2JMjhGNzB-54,wc2JMjhGNzB_c7c84bf01a834489ad11d8450a7dc2bc,semi,split_fixed,6.0,4,1,0
wc2JMjhGNzB-54,wc2JMjhGNzB_c7c84bf01a834489ad11d8450a7dc2bc,semi,split_fixed,9.0,4,1,0
wc2JMjhGNzB-54,wc2JMjhGNzB_c7c84bf01a834489ad11d8450a7dc2bc,semi,split_fixed,12.0,4,2,1
wc2JMjhGNzB-54,wc2JMjhGNzB_c7c84bf01a834489ad11d8450a7dc2bc,semi,bound_fixed,3.0,4,0,0
wc2JMjhGNzB-54,wc2JMjhGNzB_c7c84bf01a834489ad11d8450a7dc2bc,semi,bound_fixed,6.0,4,1,0
wc2JMjhGNzB-54,wc2JMjhGNzB_c7c84bf01a834489ad11d8450a7dc2bc,semi,bound_fixed,9.0,4,1,0
wc2JMjhGNzB-54,wc2JMjhGNzB_c7c84bf01a834489ad11d8450a7dc2bc,semi,bound_fixed,12.0,4,2,1
wc2JMjhGNzB-54,wc2JMjhGNzB_c7c84bf01a834489ad11d8450a7dc2bc,semi,split_cyclic,3.0,4,0,0
wc2JMjhGNzB-54,wc2JMjhGNzB_c7c84bf01a834489ad11d8450a7dc2bc,semi,split_cyclic,6.0,4,1,0
wc2JMjhGNzB-54,wc2JMjhGNzB_c7c84bf01a834489ad11d8450a7dc2bc,semi,split_cyclic,9.0,4,1,0
wc2JMjhGNzB-54,wc2JMjhGNzB_c7c84bf01a834489ad11d8450a7dc2bc,semi,split_cyclic,12.0,4,2,1
wc2JMjhGNzB-54,wc2JMjhGNzB_c7c84bf01a834489ad11d8450a7dc2bc,semi,bound_cyclic,3.0,4,0,0
wc2JMjhGNzB-54,wc2JMjhGNzB_c7c84bf01a834489ad11d8450a7dc2bc,semi,bound_cyclic,6.0,4,1,0
wc2JMjhGNzB-54,wc2JMjhGNzB_c7c84bf01a834489ad11d8450a7dc2bc,semi,bound_cyclic,9.0,4,1,0
wc2JMjhGNzB-54,wc2JMjhGNzB_c7c84bf01a834489ad11d8450a7dc2bc,semi,bound_cyclic,12.0,4,2,1
wc2JMjhGNzB-54,wc2JMjhGNzB_c7c84bf01a834489ad11d8450a7dc2bc,semi,split_free,3.0,4,0,0
wc2JMjhGNzB-54,wc2JMjhGNzB_c7c84bf01a834489ad11d8450a7dc2bc,semi,split_free,6.0,4,1,0
wc2JMjhGNzB-54,wc2JMjhGNzB_c7c84bf01a834489ad11d8450a7dc2bc,semi,split_free,9.0,4,1,0
wc2JMjhGNzB-54,wc2JMjhGNzB_c7c84bf01a834489ad11d8450a7dc2bc,semi,split_free,12.0,4,2,1
wc2JMjhGNzB-54,wc2JMjhGNzB_c7c84bf01a834489ad11d8450a7dc2bc,semi,bound_free,3.0,4,0,0
wc2JMjhGNzB-54,wc2JMjhGNzB_c7c84bf01a834489ad11d8450a7dc2bc,semi,bound_free,6.0,4,1,0
wc2JMjhGNzB-54,wc2JMjhGNzB_c7c84bf01a834489ad11d8450a7dc2bc,semi,bound_free,9.0,4,1,0
wc2JMjhGNzB-54,wc2JMjhGNzB_c7c84bf01a834489ad11d8450a7dc2bc,semi,bound_free,12.0,4,2,1
wc2JMjhGNzB-54,wc2JMjhGNzB_c7c84bf01a834489ad11d8450a7dc2bc,semi,top_fixed,3.0,4,1,0
wc2JMjhGNzB-54,wc2JMjhGNzB_c7c84bf01a834489ad11d8450a7dc2bc,semi,top_fixed,6.0,4,3,0
wc2JMjhGNzB-54,wc2JMjhGNzB_c7c84bf01a834489ad11d8450a7dc2bc,semi,top_fixed,9.0,4,3,0
wc2JMjhGNzB-54,wc2JMjhGNzB_c7c84bf01a834489ad11d8450a7dc2bc,semi,top_fixed,12.0,4,3,0
wc2JMjhGNzB-54,wc2JMjhGNzB_c7c84bf01a834489ad11d8450a7dc2bc,semi,bottom_fixed,3.0,4,0,0
wc2JMjhGNzB-54,wc2JMjhGNzB_c7c84bf01a834489ad11d8450a7dc2bc,semi,bottom_fixed,6.0,4,1,0
wc2JMjhGNzB-54,wc2JMjhGNzB_c7c84bf01a834489ad11d8450a7dc2bc,semi,bottom_fixed,9.0,4,1,0
wc2JMjhGNzB-54,wc2JMjhGNzB_c7c84bf01a834489ad11d8450a7dc2bc,semi,bottom_fixed,12.0,4,2,1
wc2JMjhGNzB-56,wc2JMjhGNzB_cae8fb3d40314ecea16654062030571b,semi,count_only,0.0,24,90,0
wc2JMjhGNzB-56,wc2JMjhGNzB_cae8fb3d40314ecea16654062030571b,semi,split_fixed,3.0,24,29,0
wc2JMjhGNzB-56,wc2JMjhGNzB_cae8fb3d40314ecea16654062030571b,semi,split_fixed,6.0,24,73,33
wc2JMjhGNzB-56,wc2JMjhGNzB_cae8fb3d40314ecea16654062030571b,semi,split_fixed,9.0,24,87,19
wc2JMjhGNzB-56,wc2JMjhGNzB_cae8fb3d40314ecea16654062030571b,semi,split_fixed,12.0,24,89,21
wc2JMjhGNzB-56,wc2JMjhGNzB_cae8fb3d40314ecea16654062030571b,semi,bound_fixed,3.0,23,29,0
wc2JMjhGNzB-56,wc2JMjhGNzB_cae8fb3d40314ecea16654062030571b,semi,bound_fixed,6.0,23,73,33
wc2JMjhGNzB-56,wc2JMjhGNzB_cae8fb3d40314ecea16654062030571b,semi,bound_fixed,9.0,23,87,19
wc2JMjhGNzB-56,wc2JMjhGNzB_cae8fb3d40314ecea16654062030571b,semi,bound_fixed,12.0,23,89,21
wc2JMjhGNzB-56,wc2JMjhGNzB_cae8fb3d40314ecea16654062030571b,semi,split_cyclic,3.0,24,29,0
wc2JMjhGNzB-56,wc2JMjhGNzB_cae8fb3d40314ecea16654062030571b,semi,split_cyclic,6.0,24,73,33
wc2JMjhGNzB-56,wc2JMjhGNzB_cae8fb3d40314ecea16654062030571b,semi,split_cyclic,9.0,24,87,19
wc2JMjhGNzB-56,wc2JMjhGNzB_cae8fb3d40314ecea16654062030571b,semi,split_cyclic,12.0,24,89,21
wc2JMjhGNzB-56,wc2JMjhGNzB_cae8fb3d40314ecea16654062030571b,semi,bound_cyclic,3.0,23,29,0
wc2JMjhGNzB-56,wc2JMjhGNzB_cae8fb3d40314ecea16654062030571b,semi,bound_cyclic,6.0,23,73,33
wc2JMjhGNzB-56,wc2JMjhGNzB_cae8fb3d40314ecea16654062030571b,semi,bound_cyclic,9.0,23,87,19
wc2JMjhGNzB-56,wc2JMjhGNzB_cae8fb3d40314ecea16654062030571b,semi,bound_cyclic,12.0,23,89,21
wc2JMjhGNzB-56,wc2JMjhGNzB_cae8fb3d40314ecea16654062030571b,semi,split_free,3.0,24,29,0
wc2JMjhGNzB-56,wc2JMjhGNzB_cae8fb3d40314ecea16654062030571b,semi,split_free,6.0,24,73,33
wc2JMjhGNzB-56,wc2JMjhGNzB_cae8fb3d40314ecea16654062030571b,semi,split_free,9.0,24,87,19
wc2JMjhGNzB-56,wc2JMjhGNzB_cae8fb3d40314ecea16654062030571b,semi,split_free,12.0,24,89,21
wc2JMjhGNzB-56,wc2JMjhGNzB_cae8fb3d40314ecea16654062030571b,semi,bound_free,3.0,23,29,0
wc2JMjhGNzB-56,wc2JMjhGNzB_cae8fb3d40314ecea16654062030571b,semi,bound_free,6.0,23,73,33
wc2JMjhGNzB-56,wc2JMjhGNzB_cae8fb3d40314ecea16654062030571b,semi,bound_free,9.0,23,87,19
wc2JMjhGNzB-56,wc2JMjhGNzB_cae8fb3d40314ecea16654062030571b,semi,bound_free,12.0,23,89,21
wc2JMjhGNzB-56,wc2JMjhGNzB_cae8fb3d40314ecea16654062030571b,semi,top_fixed,3.0,24,29,0
wc2JMjhGNzB-56,wc2JMjhGNzB_cae8fb3d40314ecea16654062030571b,semi,top_fixed,6.0,24,73,33
wc2JMjhGNzB-56,wc2JMjhGNzB_cae8fb3d40314ecea16654062030571b,semi,top_fixed,9.0,24,88,20
wc2JMjhGNzB-56,wc2JMjhGNzB_cae8fb3d40314ecea16654062030571b,semi,top_fixed,12.0,24,89,21
wc2JMjhGNzB-56,wc2JMjhGNzB_cae8fb3d40314ecea16654062030571b,semi,bottom_fixed,3.0,24,49,1
wc2JMjhGNzB-56,wc2JMjhGNzB_cae8fb3d40314ecea16654062030571b,semi,bottom_fixed,6.0,24,78,10
wc2JMjhGNzB-56,wc2JMjhGNzB_cae8fb3d40314ecea16654062030571b,semi,bottom_fixed,9.0,24,88,20
wc2JMjhGNzB-56,wc2JMjhGNzB_cae8fb3d40314ecea16654062030571b,semi,bottom_fixed,12.0,24,89,21
wc2JMjhGNzB-59,wc2JMjhGNzB_dc4a9f470b834de1983c7e605ff06b2e,manual,count_only,0.0,24,253,0
wc2JMjhGNzB-59,wc2JMjhGNzB_dc4a9f470b834de1983c7e605ff06b2e,manual,split_fixed,3.0,24,15,5
wc2JMjhGNzB-59,wc2JMjhGNzB_dc4a9f470b834de1983c7e605ff06b2e,manual,split_fixed,6.0,24,74,42
wc2JMjhGNzB-59,wc2JMjhGNzB_dc4a9f470b834de1983c7e605ff06b2e,manual,split_fixed,9.0,24,168,108
wc2JMjhGNzB-59,wc2JMjhGNzB_dc4a9f470b834de1983c7e605ff06b2e,manual,split_fixed,12.0,24,212,89
wc2JMjhGNzB-59,wc2JMjhGNzB_dc4a9f470b834de1983c7e605ff06b2e,manual,bound_fixed,3.0,24,15,5
wc2JMjhGNzB-59,wc2JMjhGNzB_dc4a9f470b834de1983c7e605ff06b2e,manual,bound_fixed,6.0,24,74,42
wc2JMjhGNzB-59,wc2JMjhGNzB_dc4a9f470b834de1983c7e605ff06b2e,manual,bound_fixed,9.0,24,168,108
wc2JMjhGNzB-59,wc2JMjhGNzB_dc4a9f470b834de1983c7e605ff06b2e,manual,bound_fixed,12.0,24,212,89
wc2JMjhGNzB-59,wc2JMjhGNzB_dc4a9f470b834de1983c7e605ff06b2e,manual,split_cyclic,3.0,24,15,5
wc2JMjhGNzB-59,wc2JMjhGNzB_dc4a9f470b834de1983c7e605ff06b2e,manual,split_cyclic,6.0,24,74,42
wc2JMjhGNzB-59,wc2JMjhGNzB_dc4a9f470b834de1983c7e605ff06b2e,manual,split_cyclic,9.0,24,168,108
wc2JMjhGNzB-59,wc2JMjhGNzB_dc4a9f470b834de1983c7e605ff06b2e,manual,split_cyclic,12.0,24,212,89
wc2JMjhGNzB-59,wc2JMjhGNzB_dc4a9f470b834de1983c7e605ff06b2e,manual,bound_cyclic,3.0,24,15,5
wc2JMjhGNzB-59,wc2JMjhGNzB_dc4a9f470b834de1983c7e605ff06b2e,manual,bound_cyclic,6.0,24,74,42
wc2JMjhGNzB-59,wc2JMjhGNzB_dc4a9f470b834de1983c7e605ff06b2e,manual,bound_cyclic,9.0,24,168,108
wc2JMjhGNzB-59,wc2JMjhGNzB_dc4a9f470b834de1983c7e605ff06b2e,manual,bound_cyclic,12.0,24,212,89
wc2JMjhGNzB-59,wc2JMjhGNzB_dc4a9f470b834de1983c7e605ff06b2e,manual,split_free,3.0,24,15,5
wc2JMjhGNzB-59,wc2JMjhGNzB_dc4a9f470b834de1983c7e605ff06b2e,manual,split_free,6.0,24,74,42
wc2JMjhGNzB-59,wc2JMjhGNzB_dc4a9f470b834de1983c7e605ff06b2e,manual,split_free,9.0,24,168,108
wc2JMjhGNzB-59,wc2JMjhGNzB_dc4a9f470b834de1983c7e605ff06b2e,manual,split_free,12.0,24,212,89
wc2JMjhGNzB-59,wc2JMjhGNzB_dc4a9f470b834de1983c7e605ff06b2e,manual,bound_free,3.0,24,15,5
wc2JMjhGNzB-59,wc2JMjhGNzB_dc4a9f470b834de1983c7e605ff06b2e,manual,bound_free,6.0,24,74,42
wc2JMjhGNzB-59,wc2JMjhGNzB_dc4a9f470b834de1983c7e605ff06b2e,manual,bound_free,9.0,24,168,108
wc2JMjhGNzB-59,wc2JMjhGNzB_dc4a9f470b834de1983c7e605ff06b2e,manual,bound_free,12.0,24,212,89
wc2JMjhGNzB-59,wc2JMjhGNzB_dc4a9f470b834de1983c7e605ff06b2e,manual,top_fixed,3.0,24,32,15
wc2JMjhGNzB-59,wc2JMjhGNzB_dc4a9f470b834de1983c7e605ff06b2e,manual,top_fixed,6.0,24,99,20
wc2JMjhGNzB-59,wc2JMjhGNzB_dc4a9f470b834de1983c7e605ff06b2e,manual,top_fixed,9.0,24,181,84
wc2JMjhGNzB-59,wc2JMjhGNzB_dc4a9f470b834de1983c7e605ff06b2e,manual,top_fixed,12.0,24,215,94
wc2JMjhGNzB-59,wc2JMjhGNzB_dc4a9f470b834de1983c7e605ff06b2e,manual,bottom_fixed,3.0,24,47,20
wc2JMjhGNzB-59,wc2JMjhGNzB_dc4a9f470b834de1983c7e605ff06b2e,manual,bottom_fixed,6.0,24,160,104
wc2JMjhGNzB-59,wc2JMjhGNzB_dc4a9f470b834de1983c7e605ff06b2e,manual,bottom_fixed,9.0,24,224,67
wc2JMjhGNzB-59,wc2JMjhGNzB_dc4a9f470b834de1983c7e605ff06b2e,manual,bottom_fixed,12.0,24,249,38
wc2JMjhGNzB-60,wc2JMjhGNzB_dda6efcba51c40de8552408953719515,manual,count_only,0.0,23,231,0
wc2JMjhGNzB-60,wc2JMjhGNzB_dda6efcba51c40de8552408953719515,manual,split_fixed,3.0,23,3,0
wc2JMjhGNzB-60,wc2JMjhGNzB_dda6efcba51c40de8552408953719515,manual,split_fixed,6.0,23,32,18
wc2JMjhGNzB-60,wc2JMjhGNzB_dda6efcba51c40de8552408953719515,manual,split_fixed,9.0,23,85,27
wc2JMjhGNzB-60,wc2JMjhGNzB_dda6efcba51c40de8552408953719515,manual,split_fixed,12.0,23,117,23
wc2JMjhGNzB-60,wc2JMjhGNzB_dda6efcba51c40de8552408953719515,manual,bound_fixed,3.0,23,3,0
wc2JMjhGNzB-60,wc2JMjhGNzB_dda6efcba51c40de8552408953719515,manual,bound_fixed,6.0,23,32,18
wc2JMjhGNzB-60,wc2JMjhGNzB_dda6efcba51c40de8552408953719515,manual,bound_fixed,9.0,23,85,27
wc2JMjhGNzB-60,wc2JMjhGNzB_dda6efcba51c40de8552408953719515,manual,bound_fixed,12.0,23,117,23
wc2JMjhGNzB-60,wc2JMjhGNzB_dda6efcba51c40de8552408953719515,manual,split_cyclic,3.0,23,3,0
wc2JMjhGNzB-60,wc2JMjhGNzB_dda6efcba51c40de8552408953719515,manual,split_cyclic,6.0,23,32,18
wc2JMjhGNzB-60,wc2JMjhGNzB_dda6efcba51c40de8552408953719515,manual,split_cyclic,9.0,23,85,27
wc2JMjhGNzB-60,wc2JMjhGNzB_dda6efcba51c40de8552408953719515,manual,split_cyclic,12.0,23,117,23
wc2JMjhGNzB-60,wc2JMjhGNzB_dda6efcba51c40de8552408953719515,manual,bound_cyclic,3.0,23,3,0
wc2JMjhGNzB-60,wc2JMjhGNzB_dda6efcba51c40de8552408953719515,manual,bound_cyclic,6.0,23,32,18
wc2JMjhGNzB-60,wc2JMjhGNzB_dda6efcba51c40de8552408953719515,manual,bound_cyclic,9.0,23,85,27
wc2JMjhGNzB-60,wc2JMjhGNzB_dda6efcba51c40de8552408953719515,manual,bound_cyclic,12.0,23,117,23
wc2JMjhGNzB-60,wc2JMjhGNzB_dda6efcba51c40de8552408953719515,manual,split_free,3.0,23,3,0
wc2JMjhGNzB-60,wc2JMjhGNzB_dda6efcba51c40de8552408953719515,manual,split_free,6.0,23,32,18
wc2JMjhGNzB-60,wc2JMjhGNzB_dda6efcba51c40de8552408953719515,manual,split_free,9.0,23,85,27
wc2JMjhGNzB-60,wc2JMjhGNzB_dda6efcba51c40de8552408953719515,manual,split_free,12.0,23,117,23
wc2JMjhGNzB-60,wc2JMjhGNzB_dda6efcba51c40de8552408953719515,manual,bound_free,3.0,23,3,0
wc2JMjhGNzB-60,wc2JMjhGNzB_dda6efcba51c40de8552408953719515,manual,bound_free,6.0,23,32,18
wc2JMjhGNzB-60,wc2JMjhGNzB_dda6efcba51c40de8552408953719515,manual,bound_free,9.0,23,85,27
wc2JMjhGNzB-60,wc2JMjhGNzB_dda6efcba51c40de8552408953719515,manual,bound_free,12.0,23,117,23
wc2JMjhGNzB-60,wc2JMjhGNzB_dda6efcba51c40de8552408953719515,manual,top_fixed,3.0,23,10,1
wc2JMjhGNzB-60,wc2JMjhGNzB_dda6efcba51c40de8552408953719515,manual,top_fixed,6.0,23,41,18
wc2JMjhGNzB-60,wc2JMjhGNzB_dda6efcba51c40de8552408953719515,manual,top_fixed,9.0,23,89,49
wc2JMjhGNzB-60,wc2JMjhGNzB_dda6efcba51c40de8552408953719515,manual,top_fixed,12.0,23,117,53
wc2JMjhGNzB-60,wc2JMjhGNzB_dda6efcba51c40de8552408953719515,manual,bottom_fixed,3.0,23,11,0
wc2JMjhGNzB-60,wc2JMjhGNzB_dda6efcba51c40de8552408953719515,manual,bottom_fixed,6.0,23,60,39
wc2JMjhGNzB-60,wc2JMjhGNzB_dda6efcba51c40de8552408953719515,manual,bottom_fixed,9.0,23,108,67
wc2JMjhGNzB-60,wc2JMjhGNzB_dda6efcba51c40de8552408953719515,manual,bottom_fixed,12.0,23,148,78
wc2JMjhGNzB-67,wc2JMjhGNzB_ec04ef10a0664e94878aa2d0f1720c2f,manual,count_only,0.0,5,3,0
wc2JMjhGNzB-67,wc2JMjhGNzB_ec04ef10a0664e94878aa2d0f1720c2f,manual,split_fixed,3.0,5,1,0
wc2JMjhGNzB-67,wc2JMjhGNzB_ec04ef10a0664e94878aa2d0f1720c2f,manual,split_fixed,6.0,5,3,0
wc2JMjhGNzB-67,wc2JMjhGNzB_ec04ef10a0664e94878aa2d0f1720c2f,manual,split_fixed,9.0,5,3,0
wc2JMjhGNzB-67,wc2JMjhGNzB_ec04ef10a0664e94878aa2d0f1720c2f,manual,split_fixed,12.0,5,3,0
wc2JMjhGNzB-67,wc2JMjhGNzB_ec04ef10a0664e94878aa2d0f1720c2f,manual,bound_fixed,3.0,5,1,0
wc2JMjhGNzB-67,wc2JMjhGNzB_ec04ef10a0664e94878aa2d0f1720c2f,manual,bound_fixed,6.0,5,3,0
wc2JMjhGNzB-67,wc2JMjhGNzB_ec04ef10a0664e94878aa2d0f1720c2f,manual,bound_fixed,9.0,5,3,0
wc2JMjhGNzB-67,wc2JMjhGNzB_ec04ef10a0664e94878aa2d0f1720c2f,manual,bound_fixed,12.0,5,3,0
wc2JMjhGNzB-67,wc2JMjhGNzB_ec04ef10a0664e94878aa2d0f1720c2f,manual,split_cyclic,3.0,5,1,0
wc2JMjhGNzB-67,wc2JMjhGNzB_ec04ef10a0664e94878aa2d0f1720c2f,manual,split_cyclic,6.0,5,3,0
wc2JMjhGNzB-67,wc2JMjhGNzB_ec04ef10a0664e94878aa2d0f1720c2f,manual,split_cyclic,9.0,5,3,0
wc2JMjhGNzB-67,wc2JMjhGNzB_ec04ef10a0664e94878aa2d0f1720c2f,manual,split_cyclic,12.0,5,3,0
wc2JMjhGNzB-67,wc2JMjhGNzB_ec04ef10a0664e94878aa2d0f1720c2f,manual,bound_cyclic,3.0,5,1,0
wc2JMjhGNzB-67,wc2JMjhGNzB_ec04ef10a0664e94878aa2d0f1720c2f,manual,bound_cyclic,6.0,5,3,0
wc2JMjhGNzB-67,wc2JMjhGNzB_ec04ef10a0664e94878aa2d0f1720c2f,manual,bound_cyclic,9.0,5,3,0
wc2JMjhGNzB-67,wc2JMjhGNzB_ec04ef10a0664e94878aa2d0f1720c2f,manual,bound_cyclic,12.0,5,3,0
wc2JMjhGNzB-67,wc2JMjhGNzB_ec04ef10a0664e94878aa2d0f1720c2f,manual,split_free,3.0,5,1,0
wc2JMjhGNzB-67,wc2JMjhGNzB_ec04ef10a0664e94878aa2d0f1720c2f,manual,split_free,6.0,5,3,0
wc2JMjhGNzB-67,wc2JMjhGNzB_ec04ef10a0664e94878aa2d0f1720c2f,manual,split_free,9.0,5,3,0
wc2JMjhGNzB-67,wc2JMjhGNzB_ec04ef10a0664e94878aa2d0f1720c2f,manual,split_free,12.0,5,3,0
wc2JMjhGNzB-67,wc2JMjhGNzB_ec04ef10a0664e94878aa2d0f1720c2f,manual,bound_free,3.0,5,1,0
wc2JMjhGNzB-67,wc2JMjhGNzB_ec04ef10a0664e94878aa2d0f1720c2f,manual,bound_free,6.0,5,3,0
wc2JMjhGNzB-67,wc2JMjhGNzB_ec04ef10a0664e94878aa2d0f1720c2f,manual,bound_free,9.0,5,3,0
wc2JMjhGNzB-67,wc2JMjhGNzB_ec04ef10a0664e94878aa2d0f1720c2f,manual,bound_free,12.0,5,3,0
wc2JMjhGNzB-67,wc2JMjhGNzB_ec04ef10a0664e94878aa2d0f1720c2f,manual,top_fixed,3.0,5,1,0
wc2JMjhGNzB-67,wc2JMjhGNzB_ec04ef10a0664e94878aa2d0f1720c2f,manual,top_fixed,6.0,5,3,0
wc2JMjhGNzB-67,wc2JMjhGNzB_ec04ef10a0664e94878aa2d0f1720c2f,manual,top_fixed,9.0,5,3,0
wc2JMjhGNzB-67,wc2JMjhGNzB_ec04ef10a0664e94878aa2d0f1720c2f,manual,top_fixed,12.0,5,3,0
wc2JMjhGNzB-67,wc2JMjhGNzB_ec04ef10a0664e94878aa2d0f1720c2f,manual,bottom_fixed,3.0,5,3,0
wc2JMjhGNzB-67,wc2JMjhGNzB_ec04ef10a0664e94878aa2d0f1720c2f,manual,bottom_fixed,6.0,5,3,0
wc2JMjhGNzB-67,wc2JMjhGNzB_ec04ef10a0664e94878aa2d0f1720c2f,manual,bottom_fixed,9.0,5,3,0
wc2JMjhGNzB-67,wc2JMjhGNzB_ec04ef10a0664e94878aa2d0f1720c2f,manual,bottom_fixed,12.0,5,3,0
wc2JMjhGNzB-67,wc2JMjhGNzB_ec04ef10a0664e94878aa2d0f1720c2f,semi,count_only,0.0,4,6,0
wc2JMjhGNzB-67,wc2JMjhGNzB_ec04ef10a0664e94878aa2d0f1720c2f,semi,split_fixed,3.0,4,3,0
wc2JMjhGNzB-67,wc2JMjhGNzB_ec04ef10a0664e94878aa2d0f1720c2f,semi,split_fixed,6.0,4,3,0
wc2JMjhGNzB-67,wc2JMjhGNzB_ec04ef10a0664e94878aa2d0f1720c2f,semi,split_fixed,9.0,4,3,0
wc2JMjhGNzB-67,wc2JMjhGNzB_ec04ef10a0664e94878aa2d0f1720c2f,semi,split_fixed,12.0,4,3,0
wc2JMjhGNzB-67,wc2JMjhGNzB_ec04ef10a0664e94878aa2d0f1720c2f,semi,bound_fixed,3.0,4,3,0
wc2JMjhGNzB-67,wc2JMjhGNzB_ec04ef10a0664e94878aa2d0f1720c2f,semi,bound_fixed,6.0,4,3,0
wc2JMjhGNzB-67,wc2JMjhGNzB_ec04ef10a0664e94878aa2d0f1720c2f,semi,bound_fixed,9.0,4,3,0
wc2JMjhGNzB-67,wc2JMjhGNzB_ec04ef10a0664e94878aa2d0f1720c2f,semi,bound_fixed,12.0,4,3,0
wc2JMjhGNzB-67,wc2JMjhGNzB_ec04ef10a0664e94878aa2d0f1720c2f,semi,split_cyclic,3.0,4,3,0
wc2JMjhGNzB-67,wc2JMjhGNzB_ec04ef10a0664e94878aa2d0f1720c2f,semi,split_cyclic,6.0,4,3,0
wc2JMjhGNzB-67,wc2JMjhGNzB_ec04ef10a0664e94878aa2d0f1720c2f,semi,split_cyclic,9.0,4,3,0
wc2JMjhGNzB-67,wc2JMjhGNzB_ec04ef10a0664e94878aa2d0f1720c2f,semi,split_cyclic,12.0,4,3,0
wc2JMjhGNzB-67,wc2JMjhGNzB_ec04ef10a0664e94878aa2d0f1720c2f,semi,bound_cyclic,3.0,4,3,0
wc2JMjhGNzB-67,wc2JMjhGNzB_ec04ef10a0664e94878aa2d0f1720c2f,semi,bound_cyclic,6.0,4,3,0
wc2JMjhGNzB-67,wc2JMjhGNzB_ec04ef10a0664e94878aa2d0f1720c2f,semi,bound_cyclic,9.0,4,3,0
wc2JMjhGNzB-67,wc2JMjhGNzB_ec04ef10a0664e94878aa2d0f1720c2f,semi,bound_cyclic,12.0,4,3,0
wc2JMjhGNzB-67,wc2JMjhGNzB_ec04ef10a0664e94878aa2d0f1720c2f,semi,split_free,3.0,4,3,0
wc2JMjhGNzB-67,wc2JMjhGNzB_ec04ef10a0664e94878aa2d0f1720c2f,semi,split_free,6.0,4,3,0
wc2JMjhGNzB-67,wc2JMjhGNzB_ec04ef10a0664e94878aa2d0f1720c2f,semi,split_free,9.0,4,3,0
wc2JMjhGNzB-67,wc2JMjhGNzB_ec04ef10a0664e94878aa2d0f1720c2f,semi,split_free,12.0,4,3,0
wc2JMjhGNzB-67,wc2JMjhGNzB_ec04ef10a0664e94878aa2d0f1720c2f,semi,bound_free,3.0,4,3,0
wc2JMjhGNzB-67,wc2JMjhGNzB_ec04ef10a0664e94878aa2d0f1720c2f,semi,bound_free,6.0,4,3,0
wc2JMjhGNzB-67,wc2JMjhGNzB_ec04ef10a0664e94878aa2d0f1720c2f,semi,bound_free,9.0,4,3,0
wc2JMjhGNzB-67,wc2JMjhGNzB_ec04ef10a0664e94878aa2d0f1720c2f,semi,bound_free,12.0,4,3,0
wc2JMjhGNzB-67,wc2JMjhGNzB_ec04ef10a0664e94878aa2d0f1720c2f,semi,top_fixed,3.0,4,3,0
wc2JMjhGNzB-67,wc2JMjhGNzB_ec04ef10a0664e94878aa2d0f1720c2f,semi,top_fixed,6.0,4,3,0
wc2JMjhGNzB-67,wc2JMjhGNzB_ec04ef10a0664e94878aa2d0f1720c2f,semi,top_fixed,9.0,4,3,0
wc2JMjhGNzB-67,wc2JMjhGNzB_ec04ef10a0664e94878aa2d0f1720c2f,semi,top_fixed,12.0,4,3,0
wc2JMjhGNzB-67,wc2JMjhGNzB_ec04ef10a0664e94878aa2d0f1720c2f,semi,bottom_fixed,3.0,4,3,0
wc2JMjhGNzB-67,wc2JMjhGNzB_ec04ef10a0664e94878aa2d0f1720c2f,semi,bottom_fixed,6.0,4,3,0
wc2JMjhGNzB-67,wc2JMjhGNzB_ec04ef10a0664e94878aa2d0f1720c2f,semi,bottom_fixed,9.0,4,6,0
wc2JMjhGNzB-67,wc2JMjhGNzB_ec04ef10a0664e94878aa2d0f1720c2f,semi,bottom_fixed,12.0,4,6,0
x8F5xyUWy9e-01,x8F5xyUWy9e_1be9a97aada84e4795f64583ac0e3b76,manual,count_only,0.0,5,0,0
x8F5xyUWy9e-01,x8F5xyUWy9e_1be9a97aada84e4795f64583ac0e3b76,manual,split_fixed,3.0,5,0,0
x8F5xyUWy9e-01,x8F5xyUWy9e_1be9a97aada84e4795f64583ac0e3b76,manual,split_fixed,6.0,5,0,0
x8F5xyUWy9e-01,x8F5xyUWy9e_1be9a97aada84e4795f64583ac0e3b76,manual,split_fixed,9.0,5,0,0
x8F5xyUWy9e-01,x8F5xyUWy9e_1be9a97aada84e4795f64583ac0e3b76,manual,split_fixed,12.0,5,0,0
x8F5xyUWy9e-01,x8F5xyUWy9e_1be9a97aada84e4795f64583ac0e3b76,manual,bound_fixed,3.0,5,0,0
x8F5xyUWy9e-01,x8F5xyUWy9e_1be9a97aada84e4795f64583ac0e3b76,manual,bound_fixed,6.0,5,0,0
x8F5xyUWy9e-01,x8F5xyUWy9e_1be9a97aada84e4795f64583ac0e3b76,manual,bound_fixed,9.0,5,0,0
x8F5xyUWy9e-01,x8F5xyUWy9e_1be9a97aada84e4795f64583ac0e3b76,manual,bound_fixed,12.0,5,0,0
x8F5xyUWy9e-01,x8F5xyUWy9e_1be9a97aada84e4795f64583ac0e3b76,manual,split_cyclic,3.0,5,0,0
x8F5xyUWy9e-01,x8F5xyUWy9e_1be9a97aada84e4795f64583ac0e3b76,manual,split_cyclic,6.0,5,0,0
x8F5xyUWy9e-01,x8F5xyUWy9e_1be9a97aada84e4795f64583ac0e3b76,manual,split_cyclic,9.0,5,0,0
x8F5xyUWy9e-01,x8F5xyUWy9e_1be9a97aada84e4795f64583ac0e3b76,manual,split_cyclic,12.0,5,0,0
x8F5xyUWy9e-01,x8F5xyUWy9e_1be9a97aada84e4795f64583ac0e3b76,manual,bound_cyclic,3.0,5,0,0
x8F5xyUWy9e-01,x8F5xyUWy9e_1be9a97aada84e4795f64583ac0e3b76,manual,bound_cyclic,6.0,5,0,0
x8F5xyUWy9e-01,x8F5xyUWy9e_1be9a97aada84e4795f64583ac0e3b76,manual,bound_cyclic,9.0,5,0,0
x8F5xyUWy9e-01,x8F5xyUWy9e_1be9a97aada84e4795f64583ac0e3b76,manual,bound_cyclic,12.0,5,0,0
x8F5xyUWy9e-01,x8F5xyUWy9e_1be9a97aada84e4795f64583ac0e3b76,manual,split_free,3.0,5,0,0
x8F5xyUWy9e-01,x8F5xyUWy9e_1be9a97aada84e4795f64583ac0e3b76,manual,split_free,6.0,5,0,0
x8F5xyUWy9e-01,x8F5xyUWy9e_1be9a97aada84e4795f64583ac0e3b76,manual,split_free,9.0,5,0,0
x8F5xyUWy9e-01,x8F5xyUWy9e_1be9a97aada84e4795f64583ac0e3b76,manual,split_free,12.0,5,0,0
x8F5xyUWy9e-01,x8F5xyUWy9e_1be9a97aada84e4795f64583ac0e3b76,manual,bound_free,3.0,5,0,0
x8F5xyUWy9e-01,x8F5xyUWy9e_1be9a97aada84e4795f64583ac0e3b76,manual,bound_free,6.0,5,0,0
x8F5xyUWy9e-01,x8F5xyUWy9e_1be9a97aada84e4795f64583ac0e3b76,manual,bound_free,9.0,5,0,0
x8F5xyUWy9e-01,x8F5xyUWy9e_1be9a97aada84e4795f64583ac0e3b76,manual,bound_free,12.0,5,0,0
x8F5xyUWy9e-01,x8F5xyUWy9e_1be9a97aada84e4795f64583ac0e3b76,manual,top_fixed,3.0,5,0,0
x8F5xyUWy9e-01,x8F5xyUWy9e_1be9a97aada84e4795f64583ac0e3b76,manual,top_fixed,6.0,5,0,0
x8F5xyUWy9e-01,x8F5xyUWy9e_1be9a97aada84e4795f64583ac0e3b76,manual,top_fixed,9.0,5,0,0
x8F5xyUWy9e-01,x8F5xyUWy9e_1be9a97aada84e4795f64583ac0e3b76,manual,top_fixed,12.0,5,0,0
x8F5xyUWy9e-01,x8F5xyUWy9e_1be9a97aada84e4795f64583ac0e3b76,manual,bottom_fixed,3.0,5,0,0
x8F5xyUWy9e-01,x8F5xyUWy9e_1be9a97aada84e4795f64583ac0e3b76,manual,bottom_fixed,6.0,5,0,0
x8F5xyUWy9e-01,x8F5xyUWy9e_1be9a97aada84e4795f64583ac0e3b76,manual,bottom_fixed,9.0,5,0,0
x8F5xyUWy9e-01,x8F5xyUWy9e_1be9a97aada84e4795f64583ac0e3b76,manual,bottom_fixed,12.0,5,0,0
x8F5xyUWy9e-03,x8F5xyUWy9e_3a127fd2c5f34d978cba253145dae7d6,manual,count_only,0.0,5,10,0
x8F5xyUWy9e-03,x8F5xyUWy9e_3a127fd2c5f34d978cba253145dae7d6,manual,split_fixed,3.0,5,1,0
x8F5xyUWy9e-03,x8F5xyUWy9e_3a127fd2c5f34d978cba253145dae7d6,manual,split_fixed,6.0,5,3,0
x8F5xyUWy9e-03,x8F5xyUWy9e_3a127fd2c5f34d978cba253145dae7d6,manual,split_fixed,9.0,5,7,1
x8F5xyUWy9e-03,x8F5xyUWy9e_3a127fd2c5f34d978cba253145dae7d6,manual,split_fixed,12.0,5,10,0
x8F5xyUWy9e-03,x8F5xyUWy9e_3a127fd2c5f34d978cba253145dae7d6,manual,bound_fixed,3.0,5,1,0
x8F5xyUWy9e-03,x8F5xyUWy9e_3a127fd2c5f34d978cba253145dae7d6,manual,bound_fixed,6.0,5,3,0
x8F5xyUWy9e-03,x8F5xyUWy9e_3a127fd2c5f34d978cba253145dae7d6,manual,bound_fixed,9.0,5,7,1
x8F5xyUWy9e-03,x8F5xyUWy9e_3a127fd2c5f34d978cba253145dae7d6,manual,bound_fixed,12.0,5,10,0
x8F5xyUWy9e-03,x8F5xyUWy9e_3a127fd2c5f34d978cba253145dae7d6,manual,split_cyclic,3.0,5,1,0
x8F5xyUWy9e-03,x8F5xyUWy9e_3a127fd2c5f34d978cba253145dae7d6,manual,split_cyclic,6.0,5,3,0
x8F5xyUWy9e-03,x8F5xyUWy9e_3a127fd2c5f34d978cba253145dae7d6,manual,split_cyclic,9.0,5,7,1
x8F5xyUWy9e-03,x8F5xyUWy9e_3a127fd2c5f34d978cba253145dae7d6,manual,split_cyclic,12.0,5,10,0
x8F5xyUWy9e-03,x8F5xyUWy9e_3a127fd2c5f34d978cba253145dae7d6,manual,bound_cyclic,3.0,5,1,0
x8F5xyUWy9e-03,x8F5xyUWy9e_3a127fd2c5f34d978cba253145dae7d6,manual,bound_cyclic,6.0,5,3,0
x8F5xyUWy9e-03,x8F5xyUWy9e_3a127fd2c5f34d978cba253145dae7d6,manual,bound_cyclic,9.0,5,7,1
x8F5xyUWy9e-03,x8F5xyUWy9e_3a127fd2c5f34d978cba253145dae7d6,manual,bound_cyclic,12.0,5,10,0
x8F5xyUWy9e-03,x8F5xyUWy9e_3a127fd2c5f34d978cba253145dae7d6,manual,split_free,3.0,5,1,0
x8F5xyUWy9e-03,x8F5xyUWy9e_3a127fd2c5f34d978cba253145dae7d6,manual,split_free,6.0,5,3,0
x8F5xyUWy9e-03,x8F5xyUWy9e_3a127fd2c5f34d978cba253145dae7d6,manual,split_free,9.0,5,7,1
x8F5xyUWy9e-03,x8F5xyUWy9e_3a127fd2c5f34d978cba253145dae7d6,manual,split_free,12.0,5,10,0
x8F5xyUWy9e-03,x8F5xyUWy9e_3a127fd2c5f34d978cba253145dae7d6,manual,bound_free,3.0,5,1,0
x8F5xyUWy9e-03,x8F5xyUWy9e_3a127fd2c5f34d978cba253145dae7d6,manual,bound_free,6.0,5,3,0
x8F5xyUWy9e-03,x8F5xyUWy9e_3a127fd2c5f34d978cba253145dae7d6,manual,bound_free,9.0,5,7,1
x8F5xyUWy9e-03,x8F5xyUWy9e_3a127fd2c5f34d978cba253145dae7d6,manual,bound_free,12.0,5,10,0
x8F5xyUWy9e-03,x8F5xyUWy9e_3a127fd2c5f34d978cba253145dae7d6,manual,top_fixed,3.0,5,7,1
x8F5xyUWy9e-03,x8F5xyUWy9e_3a127fd2c5f34d978cba253145dae7d6,manual,top_fixed,6.0,5,10,0
x8F5xyUWy9e-03,x8F5xyUWy9e_3a127fd2c5f34d978cba253145dae7d6,manual,top_fixed,9.0,5,10,0
x8F5xyUWy9e-03,x8F5xyUWy9e_3a127fd2c5f34d978cba253145dae7d6,manual,top_fixed,12.0,5,10,0
x8F5xyUWy9e-03,x8F5xyUWy9e_3a127fd2c5f34d978cba253145dae7d6,manual,bottom_fixed,3.0,5,2,1
x8F5xyUWy9e-03,x8F5xyUWy9e_3a127fd2c5f34d978cba253145dae7d6,manual,bottom_fixed,6.0,5,3,0
x8F5xyUWy9e-03,x8F5xyUWy9e_3a127fd2c5f34d978cba253145dae7d6,manual,bottom_fixed,9.0,5,7,1
x8F5xyUWy9e-03,x8F5xyUWy9e_3a127fd2c5f34d978cba253145dae7d6,manual,bottom_fixed,12.0,5,10,0
x8F5xyUWy9e-08,x8F5xyUWy9e_9926b38bd87e44e292d9c375050dd17d,manual,count_only,0.0,5,4,0
x8F5xyUWy9e-08,x8F5xyUWy9e_9926b38bd87e44e292d9c375050dd17d,manual,split_fixed,3.0,5,0,0
x8F5xyUWy9e-08,x8F5xyUWy9e_9926b38bd87e44e292d9c375050dd17d,manual,split_fixed,6.0,5,1,0
x8F5xyUWy9e-08,x8F5xyUWy9e_9926b38bd87e44e292d9c375050dd17d,manual,split_fixed,9.0,5,4,0
x8F5xyUWy9e-08,x8F5xyUWy9e_9926b38bd87e44e292d9c375050dd17d,manual,split_fixed,12.0,5,4,0
x8F5xyUWy9e-08,x8F5xyUWy9e_9926b38bd87e44e292d9c375050dd17d,manual,bound_fixed,3.0,4,0,0
x8F5xyUWy9e-08,x8F5xyUWy9e_9926b38bd87e44e292d9c375050dd17d,manual,bound_fixed,6.0,4,1,0
x8F5xyUWy9e-08,x8F5xyUWy9e_9926b38bd87e44e292d9c375050dd17d,manual,bound_fixed,9.0,4,2,0
x8F5xyUWy9e-08,x8F5xyUWy9e_9926b38bd87e44e292d9c375050dd17d,manual,bound_fixed,12.0,4,2,0
x8F5xyUWy9e-08,x8F5xyUWy9e_9926b38bd87e44e292d9c375050dd17d,manual,split_cyclic,3.0,5,0,0
x8F5xyUWy9e-08,x8F5xyUWy9e_9926b38bd87e44e292d9c375050dd17d,manual,split_cyclic,6.0,5,1,0
x8F5xyUWy9e-08,x8F5xyUWy9e_9926b38bd87e44e292d9c375050dd17d,manual,split_cyclic,9.0,5,4,0
x8F5xyUWy9e-08,x8F5xyUWy9e_9926b38bd87e44e292d9c375050dd17d,manual,split_cyclic,12.0,5,4,0
x8F5xyUWy9e-08,x8F5xyUWy9e_9926b38bd87e44e292d9c375050dd17d,manual,bound_cyclic,3.0,4,0,0
x8F5xyUWy9e-08,x8F5xyUWy9e_9926b38bd87e44e292d9c375050dd17d,manual,bound_cyclic,6.0,4,1,0
x8F5xyUWy9e-08,x8F5xyUWy9e_9926b38bd87e44e292d9c375050dd17d,manual,bound_cyclic,9.0,4,2,0
x8F5xyUWy9e-08,x8F5xyUWy9e_9926b38bd87e44e292d9c375050dd17d,manual,bound_cyclic,12.0,4,2,0
x8F5xyUWy9e-08,x8F5xyUWy9e_9926b38bd87e44e292d9c375050dd17d,manual,split_free,3.0,5,0,0
x8F5xyUWy9e-08,x8F5xyUWy9e_9926b38bd87e44e292d9c375050dd17d,manual,split_free,6.0,5,1,0
x8F5xyUWy9e-08,x8F5xyUWy9e_9926b38bd87e44e292d9c375050dd17d,manual,split_free,9.0,5,4,0
x8F5xyUWy9e-08,x8F5xyUWy9e_9926b38bd87e44e292d9c375050dd17d,manual,split_free,12.0,5,4,0
x8F5xyUWy9e-08,x8F5xyUWy9e_9926b38bd87e44e292d9c375050dd17d,manual,bound_free,3.0,4,0,0
x8F5xyUWy9e-08,x8F5xyUWy9e_9926b38bd87e44e292d9c375050dd17d,manual,bound_free,6.0,4,1,0
x8F5xyUWy9e-08,x8F5xyUWy9e_9926b38bd87e44e292d9c375050dd17d,manual,bound_free,9.0,4,2,0
x8F5xyUWy9e-08,x8F5xyUWy9e_9926b38bd87e44e292d9c375050dd17d,manual,bound_free,12.0,4,2,0
x8F5xyUWy9e-08,x8F5xyUWy9e_9926b38bd87e44e292d9c375050dd17d,manual,top_fixed,3.0,5,0,0
x8F5xyUWy9e-08,x8F5xyUWy9e_9926b38bd87e44e292d9c375050dd17d,manual,top_fixed,6.0,5,4,0
x8F5xyUWy9e-08,x8F5xyUWy9e_9926b38bd87e44e292d9c375050dd17d,manual,top_fixed,9.0,5,4,0
x8F5xyUWy9e-08,x8F5xyUWy9e_9926b38bd87e44e292d9c375050dd17d,manual,top_fixed,12.0,5,4,0
x8F5xyUWy9e-08,x8F5xyUWy9e_9926b38bd87e44e292d9c375050dd17d,manual,bottom_fixed,3.0,5,0,0
x8F5xyUWy9e-08,x8F5xyUWy9e_9926b38bd87e44e292d9c375050dd17d,manual,bottom_fixed,6.0,5,1,0
x8F5xyUWy9e-08,x8F5xyUWy9e_9926b38bd87e44e292d9c375050dd17d,manual,bottom_fixed,9.0,5,4,0
x8F5xyUWy9e-08,x8F5xyUWy9e_9926b38bd87e44e292d9c375050dd17d,manual,bottom_fixed,12.0,5,4,0
x8F5xyUWy9e-09,x8F5xyUWy9e_a51a0e2811f342a599ae4cdb9b84ff23,manual,count_only,0.0,24,210,0
x8F5xyUWy9e-09,x8F5xyUWy9e_a51a0e2811f342a599ae4cdb9b84ff23,manual,split_fixed,3.0,24,38,26
x8F5xyUWy9e-09,x8F5xyUWy9e_a51a0e2811f342a599ae4cdb9b84ff23,manual,split_fixed,6.0,24,143,58
x8F5xyUWy9e-09,x8F5xyUWy9e_a51a0e2811f342a599ae4cdb9b84ff23,manual,split_fixed,9.0,24,156,0
x8F5xyUWy9e-09,x8F5xyUWy9e_a51a0e2811f342a599ae4cdb9b84ff23,manual,split_fixed,12.0,24,156,0
x8F5xyUWy9e-09,x8F5xyUWy9e_a51a0e2811f342a599ae4cdb9b84ff23,manual,bound_fixed,3.0,23,33,22
x8F5xyUWy9e-09,x8F5xyUWy9e_a51a0e2811f342a599ae4cdb9b84ff23,manual,bound_fixed,6.0,23,128,55
x8F5xyUWy9e-09,x8F5xyUWy9e_a51a0e2811f342a599ae4cdb9b84ff23,manual,bound_fixed,9.0,23,139,0
x8F5xyUWy9e-09,x8F5xyUWy9e_a51a0e2811f342a599ae4cdb9b84ff23,manual,bound_fixed,12.0,23,139,0
x8F5xyUWy9e-09,x8F5xyUWy9e_a51a0e2811f342a599ae4cdb9b84ff23,manual,split_cyclic,3.0,24,38,26
x8F5xyUWy9e-09,x8F5xyUWy9e_a51a0e2811f342a599ae4cdb9b84ff23,manual,split_cyclic,6.0,24,143,58
x8F5xyUWy9e-09,x8F5xyUWy9e_a51a0e2811f342a599ae4cdb9b84ff23,manual,split_cyclic,9.0,24,156,0
x8F5xyUWy9e-09,x8F5xyUWy9e_a51a0e2811f342a599ae4cdb9b84ff23,manual,split_cyclic,12.0,24,156,0
x8F5xyUWy9e-09,x8F5xyUWy9e_a51a0e2811f342a599ae4cdb9b84ff23,manual,bound_cyclic,3.0,23,33,22
x8F5xyUWy9e-09,x8F5xyUWy9e_a51a0e2811f342a599ae4cdb9b84ff23,manual,bound_cyclic,6.0,23,128,55
x8F5xyUWy9e-09,x8F5xyUWy9e_a51a0e2811f342a599ae4cdb9b84ff23,manual,bound_cyclic,9.0,23,139,0
x8F5xyUWy9e-09,x8F5xyUWy9e_a51a0e2811f342a599ae4cdb9b84ff23,manual,bound_cyclic,12.0,23,139,0
x8F5xyUWy9e-09,x8F5xyUWy9e_a51a0e2811f342a599ae4cdb9b84ff23,manual,split_free,3.0,24,38,26
x8F5xyUWy9e-09,x8F5xyUWy9e_a51a0e2811f342a599ae4cdb9b84ff23,manual,split_free,6.0,24,143,58
x8F5xyUWy9e-09,x8F5xyUWy9e_a51a0e2811f342a599ae4cdb9b84ff23,manual,split_free,9.0,24,156,0
x8F5xyUWy9e-09,x8F5xyUWy9e_a51a0e2811f342a599ae4cdb9b84ff23,manual,split_free,12.0,24,156,0
x8F5xyUWy9e-09,x8F5xyUWy9e_a51a0e2811f342a599ae4cdb9b84ff23,manual,bound_free,3.0,23,33,22
x8F5xyUWy9e-09,x8F5xyUWy9e_a51a0e2811f342a599ae4cdb9b84ff23,manual,bound_free,6.0,23,128,55
x8F5xyUWy9e-09,x8F5xyUWy9e_a51a0e2811f342a599ae4cdb9b84ff23,manual,bound_free,9.0,23,139,0
x8F5xyUWy9e-09,x8F5xyUWy9e_a51a0e2811f342a599ae4cdb9b84ff23,manual,bound_free,12.0,23,139,0
x8F5xyUWy9e-09,x8F5xyUWy9e_a51a0e2811f342a599ae4cdb9b84ff23,manual,top_fixed,3.0,24,52,35
x8F5xyUWy9e-09,x8F5xyUWy9e_a51a0e2811f342a599ae4cdb9b84ff23,manual,top_fixed,6.0,24,147,70
x8F5xyUWy9e-09,x8F5xyUWy9e_a51a0e2811f342a599ae4cdb9b84ff23,manual,top_fixed,9.0,24,156,0
x8F5xyUWy9e-09,x8F5xyUWy9e_a51a0e2811f342a599ae4cdb9b84ff23,manual,top_fixed,12.0,24,156,0
x8F5xyUWy9e-09,x8F5xyUWy9e_a51a0e2811f342a599ae4cdb9b84ff23,manual,bottom_fixed,3.0,24,51,33
x8F5xyUWy9e-09,x8F5xyUWy9e_a51a0e2811f342a599ae4cdb9b84ff23,manual,bottom_fixed,6.0,24,145,56
x8F5xyUWy9e-09,x8F5xyUWy9e_a51a0e2811f342a599ae4cdb9b84ff23,manual,bottom_fixed,9.0,24,156,0
x8F5xyUWy9e-09,x8F5xyUWy9e_a51a0e2811f342a599ae4cdb9b84ff23,manual,bottom_fixed,12.0,24,156,0
yqstnuAEVhm-01,yqstnuAEVhm_08e2145b15fc4d2497c084af41dc7089,manual,count_only,0.0,5,10,0
yqstnuAEVhm-01,yqstnuAEVhm_08e2145b15fc4d2497c084af41dc7089,manual,split_fixed,3.0,5,4,0
yqstnuAEVhm-01,yqstnuAEVhm_08e2145b15fc4d2497c084af41dc7089,manual,split_fixed,6.0,5,10,0
yqstnuAEVhm-01,yqstnuAEVhm_08e2145b15fc4d2497c084af41dc7089,manual,split_fixed,9.0,5,10,0
yqstnuAEVhm-01,yqstnuAEVhm_08e2145b15fc4d2497c084af41dc7089,manual,split_fixed,12.0,5,10,0
yqstnuAEVhm-01,yqstnuAEVhm_08e2145b15fc4d2497c084af41dc7089,manual,bound_fixed,3.0,5,4,0
yqstnuAEVhm-01,yqstnuAEVhm_08e2145b15fc4d2497c084af41dc7089,manual,bound_fixed,6.0,5,10,0
yqstnuAEVhm-01,yqstnuAEVhm_08e2145b15fc4d2497c084af41dc7089,manual,bound_fixed,9.0,5,10,0
yqstnuAEVhm-01,yqstnuAEVhm_08e2145b15fc4d2497c084af41dc7089,manual,bound_fixed,12.0,5,10,0
yqstnuAEVhm-01,yqstnuAEVhm_08e2145b15fc4d2497c084af41dc7089,manual,split_cyclic,3.0,5,4,0
yqstnuAEVhm-01,yqstnuAEVhm_08e2145b15fc4d2497c084af41dc7089,manual,split_cyclic,6.0,5,10,0
yqstnuAEVhm-01,yqstnuAEVhm_08e2145b15fc4d2497c084af41dc7089,manual,split_cyclic,9.0,5,10,0
yqstnuAEVhm-01,yqstnuAEVhm_08e2145b15fc4d2497c084af41dc7089,manual,split_cyclic,12.0,5,10,0
yqstnuAEVhm-01,yqstnuAEVhm_08e2145b15fc4d2497c084af41dc7089,manual,bound_cyclic,3.0,5,4,0
yqstnuAEVhm-01,yqstnuAEVhm_08e2145b15fc4d2497c084af41dc7089,manual,bound_cyclic,6.0,5,10,0
yqstnuAEVhm-01,yqstnuAEVhm_08e2145b15fc4d2497c084af41dc7089,manual,bound_cyclic,9.0,5,10,0
yqstnuAEVhm-01,yqstnuAEVhm_08e2145b15fc4d2497c084af41dc7089,manual,bound_cyclic,12.0,5,10,0
yqstnuAEVhm-01,yqstnuAEVhm_08e2145b15fc4d2497c084af41dc7089,manual,split_free,3.0,5,4,0
yqstnuAEVhm-01,yqstnuAEVhm_08e2145b15fc4d2497c084af41dc7089,manual,split_free,6.0,5,10,0
yqstnuAEVhm-01,yqstnuAEVhm_08e2145b15fc4d2497c084af41dc7089,manual,split_free,9.0,5,10,0
yqstnuAEVhm-01,yqstnuAEVhm_08e2145b15fc4d2497c084af41dc7089,manual,split_free,12.0,5,10,0
yqstnuAEVhm-01,yqstnuAEVhm_08e2145b15fc4d2497c084af41dc7089,manual,bound_free,3.0,5,4,0
yqstnuAEVhm-01,yqstnuAEVhm_08e2145b15fc4d2497c084af41dc7089,manual,bound_free,6.0,5,10,0
yqstnuAEVhm-01,yqstnuAEVhm_08e2145b15fc4d2497c084af41dc7089,manual,bound_free,9.0,5,10,0
yqstnuAEVhm-01,yqstnuAEVhm_08e2145b15fc4d2497c084af41dc7089,manual,bound_free,12.0,5,10,0
yqstnuAEVhm-01,yqstnuAEVhm_08e2145b15fc4d2497c084af41dc7089,manual,top_fixed,3.0,5,8,4
yqstnuAEVhm-01,yqstnuAEVhm_08e2145b15fc4d2497c084af41dc7089,manual,top_fixed,6.0,5,10,0
yqstnuAEVhm-01,yqstnuAEVhm_08e2145b15fc4d2497c084af41dc7089,manual,top_fixed,9.0,5,10,0
yqstnuAEVhm-01,yqstnuAEVhm_08e2145b15fc4d2497c084af41dc7089,manual,top_fixed,12.0,5,10,0
yqstnuAEVhm-01,yqstnuAEVhm_08e2145b15fc4d2497c084af41dc7089,manual,bottom_fixed,3.0,5,6,2
yqstnuAEVhm-01,yqstnuAEVhm_08e2145b15fc4d2497c084af41dc7089,manual,bottom_fixed,6.0,5,10,0
yqstnuAEVhm-01,yqstnuAEVhm_08e2145b15fc4d2497c084af41dc7089,manual,bottom_fixed,9.0,5,10,0
yqstnuAEVhm-01,yqstnuAEVhm_08e2145b15fc4d2497c084af41dc7089,manual,bottom_fixed,12.0,5,10,0
yqstnuAEVhm-01,yqstnuAEVhm_08e2145b15fc4d2497c084af41dc7089,semi,count_only,0.0,5,6,0
yqstnuAEVhm-01,yqstnuAEVhm_08e2145b15fc4d2497c084af41dc7089,semi,split_fixed,3.0,5,3,0
yqstnuAEVhm-01,yqstnuAEVhm_08e2145b15fc4d2497c084af41dc7089,semi,split_fixed,6.0,5,6,0
yqstnuAEVhm-01,yqstnuAEVhm_08e2145b15fc4d2497c084af41dc7089,semi,split_fixed,9.0,5,6,0
yqstnuAEVhm-01,yqstnuAEVhm_08e2145b15fc4d2497c084af41dc7089,semi,split_fixed,12.0,5,6,0
yqstnuAEVhm-01,yqstnuAEVhm_08e2145b15fc4d2497c084af41dc7089,semi,bound_fixed,3.0,5,3,0
yqstnuAEVhm-01,yqstnuAEVhm_08e2145b15fc4d2497c084af41dc7089,semi,bound_fixed,6.0,5,6,0
yqstnuAEVhm-01,yqstnuAEVhm_08e2145b15fc4d2497c084af41dc7089,semi,bound_fixed,9.0,5,6,0
yqstnuAEVhm-01,yqstnuAEVhm_08e2145b15fc4d2497c084af41dc7089,semi,bound_fixed,12.0,5,6,0
yqstnuAEVhm-01,yqstnuAEVhm_08e2145b15fc4d2497c084af41dc7089,semi,split_cyclic,3.0,5,3,0
yqstnuAEVhm-01,yqstnuAEVhm_08e2145b15fc4d2497c084af41dc7089,semi,split_cyclic,6.0,5,6,0
yqstnuAEVhm-01,yqstnuAEVhm_08e2145b15fc4d2497c084af41dc7089,semi,split_cyclic,9.0,5,6,0
yqstnuAEVhm-01,yqstnuAEVhm_08e2145b15fc4d2497c084af41dc7089,semi,split_cyclic,12.0,5,6,0
yqstnuAEVhm-01,yqstnuAEVhm_08e2145b15fc4d2497c084af41dc7089,semi,bound_cyclic,3.0,5,3,0
yqstnuAEVhm-01,yqstnuAEVhm_08e2145b15fc4d2497c084af41dc7089,semi,bound_cyclic,6.0,5,6,0
yqstnuAEVhm-01,yqstnuAEVhm_08e2145b15fc4d2497c084af41dc7089,semi,bound_cyclic,9.0,5,6,0
yqstnuAEVhm-01,yqstnuAEVhm_08e2145b15fc4d2497c084af41dc7089,semi,bound_cyclic,12.0,5,6,0
yqstnuAEVhm-01,yqstnuAEVhm_08e2145b15fc4d2497c084af41dc7089,semi,split_free,3.0,5,3,0
yqstnuAEVhm-01,yqstnuAEVhm_08e2145b15fc4d2497c084af41dc7089,semi,split_free,6.0,5,6,0
yqstnuAEVhm-01,yqstnuAEVhm_08e2145b15fc4d2497c084af41dc7089,semi,split_free,9.0,5,6,0
yqstnuAEVhm-01,yqstnuAEVhm_08e2145b15fc4d2497c084af41dc7089,semi,split_free,12.0,5,6,0
yqstnuAEVhm-01,yqstnuAEVhm_08e2145b15fc4d2497c084af41dc7089,semi,bound_free,3.0,5,3,0
yqstnuAEVhm-01,yqstnuAEVhm_08e2145b15fc4d2497c084af41dc7089,semi,bound_free,6.0,5,6,0
yqstnuAEVhm-01,yqstnuAEVhm_08e2145b15fc4d2497c084af41dc7089,semi,bound_free,9.0,5,6,0
yqstnuAEVhm-01,yqstnuAEVhm_08e2145b15fc4d2497c084af41dc7089,semi,bound_free,12.0,5,6,0
yqstnuAEVhm-01,yqstnuAEVhm_08e2145b15fc4d2497c084af41dc7089,semi,top_fixed,3.0,5,3,0
yqstnuAEVhm-01,yqstnuAEVhm_08e2145b15fc4d2497c084af41dc7089,semi,top_fixed,6.0,5,6,0
yqstnuAEVhm-01,yqstnuAEVhm_08e2145b15fc4d2497c084af41dc7089,semi,top_fixed,9.0,5,6,0
yqstnuAEVhm-01,yqstnuAEVhm_08e2145b15fc4d2497c084af41dc7089,semi,top_fixed,12.0,5,6,0
yqstnuAEVhm-01,yqstnuAEVhm_08e2145b15fc4d2497c084af41dc7089,semi,bottom_fixed,3.0,5,6,0
yqstnuAEVhm-01,yqstnuAEVhm_08e2145b15fc4d2497c084af41dc7089,semi,bottom_fixed,6.0,5,6,0
yqstnuAEVhm-01,yqstnuAEVhm_08e2145b15fc4d2497c084af41dc7089,semi,bottom_fixed,9.0,5,6,0
yqstnuAEVhm-01,yqstnuAEVhm_08e2145b15fc4d2497c084af41dc7089,semi,bottom_fixed,12.0,5,6,0
yqstnuAEVhm-04,yqstnuAEVhm_26b2e92ccd314a2da1a4fc8dfc6e6f56,manual,count_only,0.0,23,172,0
yqstnuAEVhm-04,yqstnuAEVhm_26b2e92ccd314a2da1a4fc8dfc6e6f56,manual,split_fixed,3.0,23,25,13
yqstnuAEVhm-04,yqstnuAEVhm_26b2e92ccd314a2da1a4fc8dfc6e6f56,manual,split_fixed,6.0,23,72,31
yqstnuAEVhm-04,yqstnuAEVhm_26b2e92ccd314a2da1a4fc8dfc6e6f56,manual,split_fixed,9.0,23,109,0
yqstnuAEVhm-04,yqstnuAEVhm_26b2e92ccd314a2da1a4fc8dfc6e6f56,manual,split_fixed,12.0,23,122,13
yqstnuAEVhm-04,yqstnuAEVhm_26b2e92ccd314a2da1a4fc8dfc6e6f56,manual,bound_fixed,3.0,22,24,13
yqstnuAEVhm-04,yqstnuAEVhm_26b2e92ccd314a2da1a4fc8dfc6e6f56,manual,bound_fixed,6.0,22,71,30
yqstnuAEVhm-04,yqstnuAEVhm_26b2e92ccd314a2da1a4fc8dfc6e6f56,manual,bound_fixed,9.0,22,107,0
yqstnuAEVhm-04,yqstnuAEVhm_26b2e92ccd314a2da1a4fc8dfc6e6f56,manual,bound_fixed,12.0,22,120,13
yqstnuAEVhm-04,yqstnuAEVhm_26b2e92ccd314a2da1a4fc8dfc6e6f56,manual,split_cyclic,3.0,23,25,13
yqstnuAEVhm-04,yqstnuAEVhm_26b2e92ccd314a2da1a4fc8dfc6e6f56,manual,split_cyclic,6.0,23,72,31
yqstnuAEVhm-04,yqstnuAEVhm_26b2e92ccd314a2da1a4fc8dfc6e6f56,manual,split_cyclic,9.0,23,109,0
yqstnuAEVhm-04,yqstnuAEVhm_26b2e92ccd314a2da1a4fc8dfc6e6f56,manual,split_cyclic,12.0,23,122,13
yqstnuAEVhm-04,yqstnuAEVhm_26b2e92ccd314a2da1a4fc8dfc6e6f56,manual,bound_cyclic,3.0,22,24,13
yqstnuAEVhm-04,yqstnuAEVhm_26b2e92ccd314a2da1a4fc8dfc6e6f56,manual,bound_cyclic,6.0,22,71,30
yqstnuAEVhm-04,yqstnuAEVhm_26b2e92ccd314a2da1a4fc8dfc6e6f56,manual,bound_cyclic,9.0,22,107,0
yqstnuAEVhm-04,yqstnuAEVhm_26b2e92ccd314a2da1a4fc8dfc6e6f56,manual,bound_cyclic,12.0,22,120,13
yqstnuAEVhm-04,yqstnuAEVhm_26b2e92ccd314a2da1a4fc8dfc6e6f56,manual,split_free,3.0,23,25,13
yqstnuAEVhm-04,yqstnuAEVhm_26b2e92ccd314a2da1a4fc8dfc6e6f56,manual,split_free,6.0,23,72,31
yqstnuAEVhm-04,yqstnuAEVhm_26b2e92ccd314a2da1a4fc8dfc6e6f56,manual,split_free,9.0,23,109,0
yqstnuAEVhm-04,yqstnuAEVhm_26b2e92ccd314a2da1a4fc8dfc6e6f56,manual,split_free,12.0,23,122,13
yqstnuAEVhm-04,yqstnuAEVhm_26b2e92ccd314a2da1a4fc8dfc6e6f56,manual,bound_free,3.0,22,24,13
yqstnuAEVhm-04,yqstnuAEVhm_26b2e92ccd314a2da1a4fc8dfc6e6f56,manual,bound_free,6.0,22,71,30
yqstnuAEVhm-04,yqstnuAEVhm_26b2e92ccd314a2da1a4fc8dfc6e6f56,manual,bound_free,9.0,22,107,0
yqstnuAEVhm-04,yqstnuAEVhm_26b2e92ccd314a2da1a4fc8dfc6e6f56,manual,bound_free,12.0,22,120,13
yqstnuAEVhm-04,yqstnuAEVhm_26b2e92ccd314a2da1a4fc8dfc6e6f56,manual,top_fixed,3.0,23,43,21
yqstnuAEVhm-04,yqstnuAEVhm_26b2e92ccd314a2da1a4fc8dfc6e6f56,manual,top_fixed,6.0,23,82,24
yqstnuAEVhm-04,yqstnuAEVhm_26b2e92ccd314a2da1a4fc8dfc6e6f56,manual,top_fixed,9.0,23,109,0
yqstnuAEVhm-04,yqstnuAEVhm_26b2e92ccd314a2da1a4fc8dfc6e6f56,manual,top_fixed,12.0,23,122,13
yqstnuAEVhm-04,yqstnuAEVhm_26b2e92ccd314a2da1a4fc8dfc6e6f56,manual,bottom_fixed,3.0,23,45,24
yqstnuAEVhm-04,yqstnuAEVhm_26b2e92ccd314a2da1a4fc8dfc6e6f56,manual,bottom_fixed,6.0,23,92,23
yqstnuAEVhm-04,yqstnuAEVhm_26b2e92ccd314a2da1a4fc8dfc6e6f56,manual,bottom_fixed,9.0,23,109,0
yqstnuAEVhm-04,yqstnuAEVhm_26b2e92ccd314a2da1a4fc8dfc6e6f56,manual,bottom_fixed,12.0,23,123,14
yqstnuAEVhm-06,yqstnuAEVhm_2f8c1f8ea7364f67b1c5fe2be2750257,manual,count_only,0.0,6,15,0
yqstnuAEVhm-06,yqstnuAEVhm_2f8c1f8ea7364f67b1c5fe2be2750257,manual,split_fixed,3.0,6,6,0
yqstnuAEVhm-06,yqstnuAEVhm_2f8c1f8ea7364f67b1c5fe2be2750257,manual,split_fixed,6.0,6,6,0
yqstnuAEVhm-06,yqstnuAEVhm_2f8c1f8ea7364f67b1c5fe2be2750257,manual,split_fixed,9.0,6,10,0
yqstnuAEVhm-06,yqstnuAEVhm_2f8c1f8ea7364f67b1c5fe2be2750257,manual,split_fixed,12.0,6,14,4
yqstnuAEVhm-06,yqstnuAEVhm_2f8c1f8ea7364f67b1c5fe2be2750257,manual,bound_fixed,3.0,6,6,0
yqstnuAEVhm-06,yqstnuAEVhm_2f8c1f8ea7364f67b1c5fe2be2750257,manual,bound_fixed,6.0,6,6,0
yqstnuAEVhm-06,yqstnuAEVhm_2f8c1f8ea7364f67b1c5fe2be2750257,manual,bound_fixed,9.0,6,10,0
yqstnuAEVhm-06,yqstnuAEVhm_2f8c1f8ea7364f67b1c5fe2be2750257,manual,bound_fixed,12.0,6,14,4
yqstnuAEVhm-06,yqstnuAEVhm_2f8c1f8ea7364f67b1c5fe2be2750257,manual,split_cyclic,3.0,6,6,0
yqstnuAEVhm-06,yqstnuAEVhm_2f8c1f8ea7364f67b1c5fe2be2750257,manual,split_cyclic,6.0,6,6,0
yqstnuAEVhm-06,yqstnuAEVhm_2f8c1f8ea7364f67b1c5fe2be2750257,manual,split_cyclic,9.0,6,10,0
yqstnuAEVhm-06,yqstnuAEVhm_2f8c1f8ea7364f67b1c5fe2be2750257,manual,split_cyclic,12.0,6,14,4
yqstnuAEVhm-06,yqstnuAEVhm_2f8c1f8ea7364f67b1c5fe2be2750257,manual,bound_cyclic,3.0,6,6,0
yqstnuAEVhm-06,yqstnuAEVhm_2f8c1f8ea7364f67b1c5fe2be2750257,manual,bound_cyclic,6.0,6,6,0
yqstnuAEVhm-06,yqstnuAEVhm_2f8c1f8ea7364f67b1c5fe2be2750257,manual,bound_cyclic,9.0,6,10,0
yqstnuAEVhm-06,yqstnuAEVhm_2f8c1f8ea7364f67b1c5fe2be2750257,manual,bound_cyclic,12.0,6,14,4
yqstnuAEVhm-06,yqstnuAEVhm_2f8c1f8ea7364f67b1c5fe2be2750257,manual,split_free,3.0,6,6,0
yqstnuAEVhm-06,yqstnuAEVhm_2f8c1f8ea7364f67b1c5fe2be2750257,manual,split_free,6.0,6,6,0
yqstnuAEVhm-06,yqstnuAEVhm_2f8c1f8ea7364f67b1c5fe2be2750257,manual,split_free,9.0,6,10,0
yqstnuAEVhm-06,yqstnuAEVhm_2f8c1f8ea7364f67b1c5fe2be2750257,manual,split_free,12.0,6,14,4
yqstnuAEVhm-06,yqstnuAEVhm_2f8c1f8ea7364f67b1c5fe2be2750257,manual,bound_free,3.0,6,6,0
yqstnuAEVhm-06,yqstnuAEVhm_2f8c1f8ea7364f67b1c5fe2be2750257,manual,bound_free,6.0,6,6,0
yqstnuAEVhm-06,yqstnuAEVhm_2f8c1f8ea7364f67b1c5fe2be2750257,manual,bound_free,9.0,6,10,0
yqstnuAEVhm-06,yqstnuAEVhm_2f8c1f8ea7364f67b1c5fe2be2750257,manual,bound_free,12.0,6,14,4
yqstnuAEVhm-06,yqstnuAEVhm_2f8c1f8ea7364f67b1c5fe2be2750257,manual,top_fixed,3.0,6,7,0
yqstnuAEVhm-06,yqstnuAEVhm_2f8c1f8ea7364f67b1c5fe2be2750257,manual,top_fixed,6.0,6,15,0
yqstnuAEVhm-06,yqstnuAEVhm_2f8c1f8ea7364f67b1c5fe2be2750257,manual,top_fixed,9.0,6,15,0
yqstnuAEVhm-06,yqstnuAEVhm_2f8c1f8ea7364f67b1c5fe2be2750257,manual,top_fixed,12.0,6,15,0
yqstnuAEVhm-06,yqstnuAEVhm_2f8c1f8ea7364f67b1c5fe2be2750257,manual,bottom_fixed,3.0,6,6,0
yqstnuAEVhm-06,yqstnuAEVhm_2f8c1f8ea7364f67b1c5fe2be2750257,manual,bottom_fixed,6.0,6,6,0
yqstnuAEVhm-06,yqstnuAEVhm_2f8c1f8ea7364f67b1c5fe2be2750257,manual,bottom_fixed,9.0,6,10,0
yqstnuAEVhm-06,yqstnuAEVhm_2f8c1f8ea7364f67b1c5fe2be2750257,manual,bottom_fixed,12.0,6,14,4
yqstnuAEVhm-07,yqstnuAEVhm_30f3ce4575234a7ba5ff97797f059ae1,manual,count_only,0.0,6,6,0
yqstnuAEVhm-07,yqstnuAEVhm_30f3ce4575234a7ba5ff97797f059ae1,manual,split_fixed,3.0,6,4,0
yqstnuAEVhm-07,yqstnuAEVhm_30f3ce4575234a7ba5ff97797f059ae1,manual,split_fixed,6.0,6,4,0
yqstnuAEVhm-07,yqstnuAEVhm_30f3ce4575234a7ba5ff97797f059ae1,manual,split_fixed,9.0,6,4,0
yqstnuAEVhm-07,yqstnuAEVhm_30f3ce4575234a7ba5ff97797f059ae1,manual,split_fixed,12.0,6,6,0
yqstnuAEVhm-07,yqstnuAEVhm_30f3ce4575234a7ba5ff97797f059ae1,manual,bound_fixed,3.0,6,4,0
yqstnuAEVhm-07,yqstnuAEVhm_30f3ce4575234a7ba5ff97797f059ae1,manual,bound_fixed,6.0,6,4,0
yqstnuAEVhm-07,yqstnuAEVhm_30f3ce4575234a7ba5ff97797f059ae1,manual,bound_fixed,9.0,6,4,0
yqstnuAEVhm-07,yqstnuAEVhm_30f3ce4575234a7ba5ff97797f059ae1,manual,bound_fixed,12.0,6,6,0
yqstnuAEVhm-07,yqstnuAEVhm_30f3ce4575234a7ba5ff97797f059ae1,manual,split_cyclic,3.0,6,4,0
yqstnuAEVhm-07,yqstnuAEVhm_30f3ce4575234a7ba5ff97797f059ae1,manual,split_cyclic,6.0,6,4,0
yqstnuAEVhm-07,yqstnuAEVhm_30f3ce4575234a7ba5ff97797f059ae1,manual,split_cyclic,9.0,6,4,0
yqstnuAEVhm-07,yqstnuAEVhm_30f3ce4575234a7ba5ff97797f059ae1,manual,split_cyclic,12.0,6,6,0
yqstnuAEVhm-07,yqstnuAEVhm_30f3ce4575234a7ba5ff97797f059ae1,manual,bound_cyclic,3.0,6,4,0
yqstnuAEVhm-07,yqstnuAEVhm_30f3ce4575234a7ba5ff97797f059ae1,manual,bound_cyclic,6.0,6,4,0
yqstnuAEVhm-07,yqstnuAEVhm_30f3ce4575234a7ba5ff97797f059ae1,manual,bound_cyclic,9.0,6,4,0
yqstnuAEVhm-07,yqstnuAEVhm_30f3ce4575234a7ba5ff97797f059ae1,manual,bound_cyclic,12.0,6,6,0
yqstnuAEVhm-07,yqstnuAEVhm_30f3ce4575234a7ba5ff97797f059ae1,manual,split_free,3.0,6,4,0
yqstnuAEVhm-07,yqstnuAEVhm_30f3ce4575234a7ba5ff97797f059ae1,manual,split_free,6.0,6,4,0
yqstnuAEVhm-07,yqstnuAEVhm_30f3ce4575234a7ba5ff97797f059ae1,manual,split_free,9.0,6,4,0
yqstnuAEVhm-07,yqstnuAEVhm_30f3ce4575234a7ba5ff97797f059ae1,manual,split_free,12.0,6,6,0
yqstnuAEVhm-07,yqstnuAEVhm_30f3ce4575234a7ba5ff97797f059ae1,manual,bound_free,3.0,6,4,0
yqstnuAEVhm-07,yqstnuAEVhm_30f3ce4575234a7ba5ff97797f059ae1,manual,bound_free,6.0,6,4,0
yqstnuAEVhm-07,yqstnuAEVhm_30f3ce4575234a7ba5ff97797f059ae1,manual,bound_free,9.0,6,4,0
yqstnuAEVhm-07,yqstnuAEVhm_30f3ce4575234a7ba5ff97797f059ae1,manual,bound_free,12.0,6,6,0
yqstnuAEVhm-07,yqstnuAEVhm_30f3ce4575234a7ba5ff97797f059ae1,manual,top_fixed,3.0,6,5,1
yqstnuAEVhm-07,yqstnuAEVhm_30f3ce4575234a7ba5ff97797f059ae1,manual,top_fixed,6.0,6,6,0
yqstnuAEVhm-07,yqstnuAEVhm_30f3ce4575234a7ba5ff97797f059ae1,manual,top_fixed,9.0,6,6,0
yqstnuAEVhm-07,yqstnuAEVhm_30f3ce4575234a7ba5ff97797f059ae1,manual,top_fixed,12.0,6,6,0
yqstnuAEVhm-07,yqstnuAEVhm_30f3ce4575234a7ba5ff97797f059ae1,manual,bottom_fixed,3.0,6,4,0
yqstnuAEVhm-07,yqstnuAEVhm_30f3ce4575234a7ba5ff97797f059ae1,manual,bottom_fixed,6.0,6,4,0
yqstnuAEVhm-07,yqstnuAEVhm_30f3ce4575234a7ba5ff97797f059ae1,manual,bottom_fixed,9.0,6,4,0
yqstnuAEVhm-07,yqstnuAEVhm_30f3ce4575234a7ba5ff97797f059ae1,manual,bottom_fixed,12.0,6,6,0
yqstnuAEVhm-08,yqstnuAEVhm_4642492bb42d40debb1a3bad0ea7a24f,manual,count_only,0.0,5,2,0
yqstnuAEVhm-08,yqstnuAEVhm_4642492bb42d40debb1a3bad0ea7a24f,manual,split_fixed,3.0,5,0,0
yqstnuAEVhm-08,yqstnuAEVhm_4642492bb42d40debb1a3bad0ea7a24f,manual,split_fixed,6.0,5,1,0
yqstnuAEVhm-08,yqstnuAEVhm_4642492bb42d40debb1a3bad0ea7a24f,manual,split_fixed,9.0,5,2,0
yqstnuAEVhm-08,yqstnuAEVhm_4642492bb42d40debb1a3bad0ea7a24f,manual,split_fixed,12.0,5,2,0
yqstnuAEVhm-08,yqstnuAEVhm_4642492bb42d40debb1a3bad0ea7a24f,manual,bound_fixed,3.0,5,0,0
yqstnuAEVhm-08,yqstnuAEVhm_4642492bb42d40debb1a3bad0ea7a24f,manual,bound_fixed,6.0,5,1,0
yqstnuAEVhm-08,yqstnuAEVhm_4642492bb42d40debb1a3bad0ea7a24f,manual,bound_fixed,9.0,5,2,0
yqstnuAEVhm-08,yqstnuAEVhm_4642492bb42d40debb1a3bad0ea7a24f,manual,bound_fixed,12.0,5,2,0
yqstnuAEVhm-08,yqstnuAEVhm_4642492bb42d40debb1a3bad0ea7a24f,manual,split_cyclic,3.0,5,0,0
yqstnuAEVhm-08,yqstnuAEVhm_4642492bb42d40debb1a3bad0ea7a24f,manual,split_cyclic,6.0,5,1,0
yqstnuAEVhm-08,yqstnuAEVhm_4642492bb42d40debb1a3bad0ea7a24f,manual,split_cyclic,9.0,5,2,0
yqstnuAEVhm-08,yqstnuAEVhm_4642492bb42d40debb1a3bad0ea7a24f,manual,split_cyclic,12.0,5,2,0
yqstnuAEVhm-08,yqstnuAEVhm_4642492bb42d40debb1a3bad0ea7a24f,manual,bound_cyclic,3.0,5,0,0
yqstnuAEVhm-08,yqstnuAEVhm_4642492bb42d40debb1a3bad0ea7a24f,manual,bound_cyclic,6.0,5,1,0
yqstnuAEVhm-08,yqstnuAEVhm_4642492bb42d40debb1a3bad0ea7a24f,manual,bound_cyclic,9.0,5,2,0
yqstnuAEVhm-08,yqstnuAEVhm_4642492bb42d40debb1a3bad0ea7a24f,manual,bound_cyclic,12.0,5,2,0
yqstnuAEVhm-08,yqstnuAEVhm_4642492bb42d40debb1a3bad0ea7a24f,manual,split_free,3.0,5,0,0
yqstnuAEVhm-08,yqstnuAEVhm_4642492bb42d40debb1a3bad0ea7a24f,manual,split_free,6.0,5,1,0
yqstnuAEVhm-08,yqstnuAEVhm_4642492bb42d40debb1a3bad0ea7a24f,manual,split_free,9.0,5,2,0
yqstnuAEVhm-08,yqstnuAEVhm_4642492bb42d40debb1a3bad0ea7a24f,manual,split_free,12.0,5,2,0
yqstnuAEVhm-08,yqstnuAEVhm_4642492bb42d40debb1a3bad0ea7a24f,manual,bound_free,3.0,5,0,0
yqstnuAEVhm-08,yqstnuAEVhm_4642492bb42d40debb1a3bad0ea7a24f,manual,bound_free,6.0,5,1,0
yqstnuAEVhm-08,yqstnuAEVhm_4642492bb42d40debb1a3bad0ea7a24f,manual,bound_free,9.0,5,2,0
yqstnuAEVhm-08,yqstnuAEVhm_4642492bb42d40debb1a3bad0ea7a24f,manual,bound_free,12.0,5,2,0
yqstnuAEVhm-08,yqstnuAEVhm_4642492bb42d40debb1a3bad0ea7a24f,manual,top_fixed,3.0,5,0,0
yqstnuAEVhm-08,yqstnuAEVhm_4642492bb42d40debb1a3bad0ea7a24f,manual,top_fixed,6.0,5,2,0
yqstnuAEVhm-08,yqstnuAEVhm_4642492bb42d40debb1a3bad0ea7a24f,manual,top_fixed,9.0,5,2,0
yqstnuAEVhm-08,yqstnuAEVhm_4642492bb42d40debb1a3bad0ea7a24f,manual,top_fixed,12.0,5,2,0
yqstnuAEVhm-08,yqstnuAEVhm_4642492bb42d40debb1a3bad0ea7a24f,manual,bottom_fixed,3.0,5,1,0
yqstnuAEVhm-08,yqstnuAEVhm_4642492bb42d40debb1a3bad0ea7a24f,manual,bottom_fixed,6.0,5,1,0
yqstnuAEVhm-08,yqstnuAEVhm_4642492bb42d40debb1a3bad0ea7a24f,manual,bottom_fixed,9.0,5,2,0
yqstnuAEVhm-08,yqstnuAEVhm_4642492bb42d40debb1a3bad0ea7a24f,manual,bottom_fixed,12.0,5,2,0
yqstnuAEVhm-09,yqstnuAEVhm_48447297e8444171a5db34ccf38bc229,manual,count_only,0.0,6,1,0
yqstnuAEVhm-09,yqstnuAEVhm_48447297e8444171a5db34ccf38bc229,manual,split_fixed,3.0,6,1,0
yqstnuAEVhm-09,yqstnuAEVhm_48447297e8444171a5db34ccf38bc229,manual,split_fixed,6.0,6,1,0
yqstnuAEVhm-09,yqstnuAEVhm_48447297e8444171a5db34ccf38bc229,manual,split_fixed,9.0,6,1,0
yqstnuAEVhm-09,yqstnuAEVhm_48447297e8444171a5db34ccf38bc229,manual,split_fixed,12.0,6,1,0
yqstnuAEVhm-09,yqstnuAEVhm_48447297e8444171a5db34ccf38bc229,manual,bound_fixed,3.0,6,1,0
yqstnuAEVhm-09,yqstnuAEVhm_48447297e8444171a5db34ccf38bc229,manual,bound_fixed,6.0,6,1,0
yqstnuAEVhm-09,yqstnuAEVhm_48447297e8444171a5db34ccf38bc229,manual,bound_fixed,9.0,6,1,0
yqstnuAEVhm-09,yqstnuAEVhm_48447297e8444171a5db34ccf38bc229,manual,bound_fixed,12.0,6,1,0
yqstnuAEVhm-09,yqstnuAEVhm_48447297e8444171a5db34ccf38bc229,manual,split_cyclic,3.0,6,1,0
yqstnuAEVhm-09,yqstnuAEVhm_48447297e8444171a5db34ccf38bc229,manual,split_cyclic,6.0,6,1,0
yqstnuAEVhm-09,yqstnuAEVhm_48447297e8444171a5db34ccf38bc229,manual,split_cyclic,9.0,6,1,0
yqstnuAEVhm-09,yqstnuAEVhm_48447297e8444171a5db34ccf38bc229,manual,split_cyclic,12.0,6,1,0
yqstnuAEVhm-09,yqstnuAEVhm_48447297e8444171a5db34ccf38bc229,manual,bound_cyclic,3.0,6,1,0
yqstnuAEVhm-09,yqstnuAEVhm_48447297e8444171a5db34ccf38bc229,manual,bound_cyclic,6.0,6,1,0
yqstnuAEVhm-09,yqstnuAEVhm_48447297e8444171a5db34ccf38bc229,manual,bound_cyclic,9.0,6,1,0
yqstnuAEVhm-09,yqstnuAEVhm_48447297e8444171a5db34ccf38bc229,manual,bound_cyclic,12.0,6,1,0
yqstnuAEVhm-09,yqstnuAEVhm_48447297e8444171a5db34ccf38bc229,manual,split_free,3.0,6,1,0
yqstnuAEVhm-09,yqstnuAEVhm_48447297e8444171a5db34ccf38bc229,manual,split_free,6.0,6,1,0
yqstnuAEVhm-09,yqstnuAEVhm_48447297e8444171a5db34ccf38bc229,manual,split_free,9.0,6,1,0
yqstnuAEVhm-09,yqstnuAEVhm_48447297e8444171a5db34ccf38bc229,manual,split_free,12.0,6,1,0
yqstnuAEVhm-09,yqstnuAEVhm_48447297e8444171a5db34ccf38bc229,manual,bound_free,3.0,6,1,0
yqstnuAEVhm-09,yqstnuAEVhm_48447297e8444171a5db34ccf38bc229,manual,bound_free,6.0,6,1,0
yqstnuAEVhm-09,yqstnuAEVhm_48447297e8444171a5db34ccf38bc229,manual,bound_free,9.0,6,1,0
yqstnuAEVhm-09,yqstnuAEVhm_48447297e8444171a5db34ccf38bc229,manual,bound_free,12.0,6,1,0
yqstnuAEVhm-09,yqstnuAEVhm_48447297e8444171a5db34ccf38bc229,manual,top_fixed,3.0,6,1,0
yqstnuAEVhm-09,yqstnuAEVhm_48447297e8444171a5db34ccf38bc229,manual,top_fixed,6.0,6,1,0
yqstnuAEVhm-09,yqstnuAEVhm_48447297e8444171a5db34ccf38bc229,manual,top_fixed,9.0,6,1,0
yqstnuAEVhm-09,yqstnuAEVhm_48447297e8444171a5db34ccf38bc229,manual,top_fixed,12.0,6,1,0
yqstnuAEVhm-09,yqstnuAEVhm_48447297e8444171a5db34ccf38bc229,manual,bottom_fixed,3.0,6,1,0
yqstnuAEVhm-09,yqstnuAEVhm_48447297e8444171a5db34ccf38bc229,manual,bottom_fixed,6.0,6,1,0
yqstnuAEVhm-09,yqstnuAEVhm_48447297e8444171a5db34ccf38bc229,manual,bottom_fixed,9.0,6,1,0
yqstnuAEVhm-09,yqstnuAEVhm_48447297e8444171a5db34ccf38bc229,manual,bottom_fixed,12.0,6,1,0
yqstnuAEVhm-15,yqstnuAEVhm_66ecc07f3cda4d8ebaf84288325669f5,oos,count_only,0.0,24,140,0
yqstnuAEVhm-15,yqstnuAEVhm_66ecc07f3cda4d8ebaf84288325669f5,oos,split_fixed,3.0,24,19,6
yqstnuAEVhm-15,yqstnuAEVhm_66ecc07f3cda4d8ebaf84288325669f5,oos,split_fixed,6.0,24,45,11
yqstnuAEVhm-15,yqstnuAEVhm_66ecc07f3cda4d8ebaf84288325669f5,oos,split_fixed,9.0,24,69,14
yqstnuAEVhm-15,yqstnuAEVhm_66ecc07f3cda4d8ebaf84288325669f5,oos,split_fixed,12.0,24,99,32
yqstnuAEVhm-15,yqstnuAEVhm_66ecc07f3cda4d8ebaf84288325669f5,oos,bound_fixed,3.0,24,19,6
yqstnuAEVhm-15,yqstnuAEVhm_66ecc07f3cda4d8ebaf84288325669f5,oos,bound_fixed,6.0,24,45,11
yqstnuAEVhm-15,yqstnuAEVhm_66ecc07f3cda4d8ebaf84288325669f5,oos,bound_fixed,9.0,24,69,14
yqstnuAEVhm-15,yqstnuAEVhm_66ecc07f3cda4d8ebaf84288325669f5,oos,bound_fixed,12.0,24,99,32
yqstnuAEVhm-15,yqstnuAEVhm_66ecc07f3cda4d8ebaf84288325669f5,oos,split_cyclic,3.0,24,19,6
yqstnuAEVhm-15,yqstnuAEVhm_66ecc07f3cda4d8ebaf84288325669f5,oos,split_cyclic,6.0,24,45,11
yqstnuAEVhm-15,yqstnuAEVhm_66ecc07f3cda4d8ebaf84288325669f5,oos,split_cyclic,9.0,24,69,14
yqstnuAEVhm-15,yqstnuAEVhm_66ecc07f3cda4d8ebaf84288325669f5,oos,split_cyclic,12.0,24,99,32
yqstnuAEVhm-15,yqstnuAEVhm_66ecc07f3cda4d8ebaf84288325669f5,oos,bound_cyclic,3.0,24,19,6
yqstnuAEVhm-15,yqstnuAEVhm_66ecc07f3cda4d8ebaf84288325669f5,oos,bound_cyclic,6.0,24,45,11
yqstnuAEVhm-15,yqstnuAEVhm_66ecc07f3cda4d8ebaf84288325669f5,oos,bound_cyclic,9.0,24,69,14
yqstnuAEVhm-15,yqstnuAEVhm_66ecc07f3cda4d8ebaf84288325669f5,oos,bound_cyclic,12.0,24,99,32
yqstnuAEVhm-15,yqstnuAEVhm_66ecc07f3cda4d8ebaf84288325669f5,oos,split_free,3.0,24,19,6
yqstnuAEVhm-15,yqstnuAEVhm_66ecc07f3cda4d8ebaf84288325669f5,oos,split_free,6.0,24,45,11
yqstnuAEVhm-15,yqstnuAEVhm_66ecc07f3cda4d8ebaf84288325669f5,oos,split_free,9.0,24,69,14
yqstnuAEVhm-15,yqstnuAEVhm_66ecc07f3cda4d8ebaf84288325669f5,oos,split_free,12.0,24,99,32
yqstnuAEVhm-15,yqstnuAEVhm_66ecc07f3cda4d8ebaf84288325669f5,oos,bound_free,3.0,24,19,6
yqstnuAEVhm-15,yqstnuAEVhm_66ecc07f3cda4d8ebaf84288325669f5,oos,bound_free,6.0,24,45,11
yqstnuAEVhm-15,yqstnuAEVhm_66ecc07f3cda4d8ebaf84288325669f5,oos,bound_free,9.0,24,69,14
yqstnuAEVhm-15,yqstnuAEVhm_66ecc07f3cda4d8ebaf84288325669f5,oos,bound_free,12.0,24,99,32
yqstnuAEVhm-15,yqstnuAEVhm_66ecc07f3cda4d8ebaf84288325669f5,oos,top_fixed,3.0,24,57,31
yqstnuAEVhm-15,yqstnuAEVhm_66ecc07f3cda4d8ebaf84288325669f5,oos,top_fixed,6.0,24,116,50
yqstnuAEVhm-15,yqstnuAEVhm_66ecc07f3cda4d8ebaf84288325669f5,oos,top_fixed,9.0,24,136,57
yqstnuAEVhm-15,yqstnuAEVhm_66ecc07f3cda4d8ebaf84288325669f5,oos,top_fixed,12.0,24,139,0
yqstnuAEVhm-15,yqstnuAEVhm_66ecc07f3cda4d8ebaf84288325669f5,oos,bottom_fixed,3.0,24,38,16
yqstnuAEVhm-15,yqstnuAEVhm_66ecc07f3cda4d8ebaf84288325669f5,oos,bottom_fixed,6.0,24,56,6
yqstnuAEVhm-15,yqstnuAEVhm_66ecc07f3cda4d8ebaf84288325669f5,oos,bottom_fixed,9.0,24,70,18
yqstnuAEVhm-15,yqstnuAEVhm_66ecc07f3cda4d8ebaf84288325669f5,oos,bottom_fixed,12.0,24,99,32
yqstnuAEVhm-24,yqstnuAEVhm_9cb726b170554b9bacd039d4db246040,manual,count_only,0.0,5,4,0
yqstnuAEVhm-24,yqstnuAEVhm_9cb726b170554b9bacd039d4db246040,manual,split_fixed,3.0,5,3,1
yqstnuAEVhm-24,yqstnuAEVhm_9cb726b170554b9bacd039d4db246040,manual,split_fixed,6.0,5,4,0
yqstnuAEVhm-24,yqstnuAEVhm_9cb726b170554b9bacd039d4db246040,manual,split_fixed,9.0,5,4,0
yqstnuAEVhm-24,yqstnuAEVhm_9cb726b170554b9bacd039d4db246040,manual,split_fixed,12.0,5,4,0
yqstnuAEVhm-24,yqstnuAEVhm_9cb726b170554b9bacd039d4db246040,manual,bound_fixed,3.0,5,3,1
yqstnuAEVhm-24,yqstnuAEVhm_9cb726b170554b9bacd039d4db246040,manual,bound_fixed,6.0,5,4,0
yqstnuAEVhm-24,yqstnuAEVhm_9cb726b170554b9bacd039d4db246040,manual,bound_fixed,9.0,5,4,0
yqstnuAEVhm-24,yqstnuAEVhm_9cb726b170554b9bacd039d4db246040,manual,bound_fixed,12.0,5,4,0
yqstnuAEVhm-24,yqstnuAEVhm_9cb726b170554b9bacd039d4db246040,manual,split_cyclic,3.0,5,3,1
yqstnuAEVhm-24,yqstnuAEVhm_9cb726b170554b9bacd039d4db246040,manual,split_cyclic,6.0,5,4,0
yqstnuAEVhm-24,yqstnuAEVhm_9cb726b170554b9bacd039d4db246040,manual,split_cyclic,9.0,5,4,0
yqstnuAEVhm-24,yqstnuAEVhm_9cb726b170554b9bacd039d4db246040,manual,split_cyclic,12.0,5,4,0
yqstnuAEVhm-24,yqstnuAEVhm_9cb726b170554b9bacd039d4db246040,manual,bound_cyclic,3.0,5,3,1
yqstnuAEVhm-24,yqstnuAEVhm_9cb726b170554b9bacd039d4db246040,manual,bound_cyclic,6.0,5,4,0
yqstnuAEVhm-24,yqstnuAEVhm_9cb726b170554b9bacd039d4db246040,manual,bound_cyclic,9.0,5,4,0
yqstnuAEVhm-24,yqstnuAEVhm_9cb726b170554b9bacd039d4db246040,manual,bound_cyclic,12.0,5,4,0
yqstnuAEVhm-24,yqstnuAEVhm_9cb726b170554b9bacd039d4db246040,manual,split_free,3.0,5,3,1
yqstnuAEVhm-24,yqstnuAEVhm_9cb726b170554b9bacd039d4db246040,manual,split_free,6.0,5,4,0
yqstnuAEVhm-24,yqstnuAEVhm_9cb726b170554b9bacd039d4db246040,manual,split_free,9.0,5,4,0
yqstnuAEVhm-24,yqstnuAEVhm_9cb726b170554b9bacd039d4db246040,manual,split_free,12.0,5,4,0
yqstnuAEVhm-24,yqstnuAEVhm_9cb726b170554b9bacd039d4db246040,manual,bound_free,3.0,5,3,1
yqstnuAEVhm-24,yqstnuAEVhm_9cb726b170554b9bacd039d4db246040,manual,bound_free,6.0,5,4,0
yqstnuAEVhm-24,yqstnuAEVhm_9cb726b170554b9bacd039d4db246040,manual,bound_free,9.0,5,4,0
yqstnuAEVhm-24,yqstnuAEVhm_9cb726b170554b9bacd039d4db246040,manual,bound_free,12.0,5,4,0
yqstnuAEVhm-24,yqstnuAEVhm_9cb726b170554b9bacd039d4db246040,manual,top_fixed,3.0,5,3,1
yqstnuAEVhm-24,yqstnuAEVhm_9cb726b170554b9bacd039d4db246040,manual,top_fixed,6.0,5,4,0
yqstnuAEVhm-24,yqstnuAEVhm_9cb726b170554b9bacd039d4db246040,manual,top_fixed,9.0,5,4,0
yqstnuAEVhm-24,yqstnuAEVhm_9cb726b170554b9bacd039d4db246040,manual,top_fixed,12.0,5,4,0
yqstnuAEVhm-24,yqstnuAEVhm_9cb726b170554b9bacd039d4db246040,manual,bottom_fixed,3.0,5,4,0
yqstnuAEVhm-24,yqstnuAEVhm_9cb726b170554b9bacd039d4db246040,manual,bottom_fixed,6.0,5,4,0
yqstnuAEVhm-24,yqstnuAEVhm_9cb726b170554b9bacd039d4db246040,manual,bottom_fixed,9.0,5,4,0
yqstnuAEVhm-24,yqstnuAEVhm_9cb726b170554b9bacd039d4db246040,manual,bottom_fixed,12.0,5,4,0
yqstnuAEVhm-25,yqstnuAEVhm_9de98503fd994452b627cdcc7a7d47b2,manual,count_only,0.0,23,98,0
yqstnuAEVhm-25,yqstnuAEVhm_9de98503fd994452b627cdcc7a7d47b2,manual,split_fixed,3.0,23,4,0
yqstnuAEVhm-25,yqstnuAEVhm_9de98503fd994452b627cdcc7a7d47b2,manual,split_fixed,6.0,23,19,0
yqstnuAEVhm-25,yqstnuAEVhm_9de98503fd994452b627cdcc7a7d47b2,manual,split_fixed,9.0,23,22,3
yqstnuAEVhm-25,yqstnuAEVhm_9de98503fd994452b627cdcc7a7d47b2,manual,split_fixed,12.0,23,35,3
yqstnuAEVhm-25,yqstnuAEVhm_9de98503fd994452b627cdcc7a7d47b2,manual,bound_fixed,3.0,23,4,0
yqstnuAEVhm-25,yqstnuAEVhm_9de98503fd994452b627cdcc7a7d47b2,manual,bound_fixed,6.0,23,19,0
yqstnuAEVhm-25,yqstnuAEVhm_9de98503fd994452b627cdcc7a7d47b2,manual,bound_fixed,9.0,23,22,3
yqstnuAEVhm-25,yqstnuAEVhm_9de98503fd994452b627cdcc7a7d47b2,manual,bound_fixed,12.0,23,35,3
yqstnuAEVhm-25,yqstnuAEVhm_9de98503fd994452b627cdcc7a7d47b2,manual,split_cyclic,3.0,23,4,0
yqstnuAEVhm-25,yqstnuAEVhm_9de98503fd994452b627cdcc7a7d47b2,manual,split_cyclic,6.0,23,19,0
yqstnuAEVhm-25,yqstnuAEVhm_9de98503fd994452b627cdcc7a7d47b2,manual,split_cyclic,9.0,23,22,3
yqstnuAEVhm-25,yqstnuAEVhm_9de98503fd994452b627cdcc7a7d47b2,manual,split_cyclic,12.0,23,35,3
yqstnuAEVhm-25,yqstnuAEVhm_9de98503fd994452b627cdcc7a7d47b2,manual,bound_cyclic,3.0,23,4,0
yqstnuAEVhm-25,yqstnuAEVhm_9de98503fd994452b627cdcc7a7d47b2,manual,bound_cyclic,6.0,23,19,0
yqstnuAEVhm-25,yqstnuAEVhm_9de98503fd994452b627cdcc7a7d47b2,manual,bound_cyclic,9.0,23,22,3
yqstnuAEVhm-25,yqstnuAEVhm_9de98503fd994452b627cdcc7a7d47b2,manual,bound_cyclic,12.0,23,35,3
yqstnuAEVhm-25,yqstnuAEVhm_9de98503fd994452b627cdcc7a7d47b2,manual,split_free,3.0,23,4,0
yqstnuAEVhm-25,yqstnuAEVhm_9de98503fd994452b627cdcc7a7d47b2,manual,split_free,6.0,23,19,0
yqstnuAEVhm-25,yqstnuAEVhm_9de98503fd994452b627cdcc7a7d47b2,manual,split_free,9.0,23,33,13
yqstnuAEVhm-25,yqstnuAEVhm_9de98503fd994452b627cdcc7a7d47b2,manual,split_free,12.0,23,57,20
yqstnuAEVhm-25,yqstnuAEVhm_9de98503fd994452b627cdcc7a7d47b2,manual,bound_free,3.0,23,4,0
yqstnuAEVhm-25,yqstnuAEVhm_9de98503fd994452b627cdcc7a7d47b2,manual,bound_free,6.0,23,19,0
yqstnuAEVhm-25,yqstnuAEVhm_9de98503fd994452b627cdcc7a7d47b2,manual,bound_free,9.0,23,33,13
yqstnuAEVhm-25,yqstnuAEVhm_9de98503fd994452b627cdcc7a7d47b2,manual,bound_free,12.0,23,57,20
yqstnuAEVhm-25,yqstnuAEVhm_9de98503fd994452b627cdcc7a7d47b2,manual,top_fixed,3.0,23,8,0
yqstnuAEVhm-25,yqstnuAEVhm_9de98503fd994452b627cdcc7a7d47b2,manual,top_fixed,6.0,23,20,1
yqstnuAEVhm-25,yqstnuAEVhm_9de98503fd994452b627cdcc7a7d47b2,manual,top_fixed,9.0,23,23,3
yqstnuAEVhm-25,yqstnuAEVhm_9de98503fd994452b627cdcc7a7d47b2,manual,top_fixed,12.0,23,35,3
yqstnuAEVhm-25,yqstnuAEVhm_9de98503fd994452b627cdcc7a7d47b2,manual,bottom_fixed,3.0,23,8,0
yqstnuAEVhm-25,yqstnuAEVhm_9de98503fd994452b627cdcc7a7d47b2,manual,bottom_fixed,6.0,23,27,4
yqstnuAEVhm-25,yqstnuAEVhm_9de98503fd994452b627cdcc7a7d47b2,manual,bottom_fixed,9.0,23,33,4
yqstnuAEVhm-25,yqstnuAEVhm_9de98503fd994452b627cdcc7a7d47b2,manual,bottom_fixed,12.0,23,42,0
yqstnuAEVhm-26,yqstnuAEVhm_a93ea1ea5702412c9ef9c82a436c4599,manual,count_only,0.0,24,276,0
yqstnuAEVhm-26,yqstnuAEVhm_a93ea1ea5702412c9ef9c82a436c4599,manual,split_fixed,3.0,24,39,17
yqstnuAEVhm-26,yqstnuAEVhm_a93ea1ea5702412c9ef9c82a436c4599,manual,split_fixed,6.0,24,128,71
yqstnuAEVhm-26,yqstnuAEVhm_a93ea1ea5702412c9ef9c82a436c4599,manual,split_fixed,9.0,24,218,104
yqstnuAEVhm-26,yqstnuAEVhm_a93ea1ea5702412c9ef9c82a436c4599,manual,split_fixed,12.0,24,253,90
yqstnuAEVhm-26,yqstnuAEVhm_a93ea1ea5702412c9ef9c82a436c4599,manual,bound_fixed,3.0,24,39,17
yqstnuAEVhm-26,yqstnuAEVhm_a93ea1ea5702412c9ef9c82a436c4599,manual,bound_fixed,6.0,24,128,71
yqstnuAEVhm-26,yqstnuAEVhm_a93ea1ea5702412c9ef9c82a436c4599,manual,bound_fixed,9.0,24,218,104
yqstnuAEVhm-26,yqstnuAEVhm_a93ea1ea5702412c9ef9c82a436c4599,manual,bound_fixed,12.0,24,253,90
yqstnuAEVhm-26,yqstnuAEVhm_a93ea1ea5702412c9ef9c82a436c4599,manual,split_cyclic,3.0,24,39,17
yqstnuAEVhm-26,yqstnuAEVhm_a93ea1ea5702412c9ef9c82a436c4599,manual,split_cyclic,6.0,24,128,71
yqstnuAEVhm-26,yqstnuAEVhm_a93ea1ea5702412c9ef9c82a436c4599,manual,split_cyclic,9.0,24,218,104
yqstnuAEVhm-26,yqstnuAEVhm_a93ea1ea5702412c9ef9c82a436c4599,manual,split_cyclic,12.0,24,253,90
yqstnuAEVhm-26,yqstnuAEVhm_a93ea1ea5702412c9ef9c82a436c4599,manual,bound_cyclic,3.0,24,39,17
yqstnuAEVhm-26,yqstnuAEVhm_a93ea1ea5702412c9ef9c82a436c4599,manual,bound_cyclic,6.0,24,128,71
yqstnuAEVhm-26,yqstnuAEVhm_a93ea1ea5702412c9ef9c82a436c4599,manual,bound_cyclic,9.0,24,218,104
yqstnuAEVhm-26,yqstnuAEVhm_a93ea1ea5702412c9ef9c82a436c4599,manual,bound_cyclic,12.0,24,253,90
yqstnuAEVhm-26,yqstnuAEVhm_a93ea1ea5702412c9ef9c82a436c4599,manual,split_free,3.0,24,39,17
yqstnuAEVhm-26,yqstnuAEVhm_a93ea1ea5702412c9ef9c82a436c4599,manual,split_free,6.0,24,128,71
yqstnuAEVhm-26,yqstnuAEVhm_a93ea1ea5702412c9ef9c82a436c4599,manual,split_free,9.0,24,218,104
yqstnuAEVhm-26,yqstnuAEVhm_a93ea1ea5702412c9ef9c82a436c4599,manual,split_free,12.0,24,253,90
yqstnuAEVhm-26,yqstnuAEVhm_a93ea1ea5702412c9ef9c82a436c4599,manual,bound_free,3.0,24,39,17
yqstnuAEVhm-26,yqstnuAEVhm_a93ea1ea5702412c9ef9c82a436c4599,manual,bound_free,6.0,24,128,71
yqstnuAEVhm-26,yqstnuAEVhm_a93ea1ea5702412c9ef9c82a436c4599,manual,bound_free,9.0,24,218,104
yqstnuAEVhm-26,yqstnuAEVhm_a93ea1ea5702412c9ef9c82a436c4599,manual,bound_free,12.0,24,253,90
yqstnuAEVhm-26,yqstnuAEVhm_a93ea1ea5702412c9ef9c82a436c4599,manual,top_fixed,3.0,24,65,41
yqstnuAEVhm-26,yqstnuAEVhm_a93ea1ea5702412c9ef9c82a436c4599,manual,top_fixed,6.0,24,159,59
yqstnuAEVhm-26,yqstnuAEVhm_a93ea1ea5702412c9ef9c82a436c4599,manual,top_fixed,9.0,24,248,130
yqstnuAEVhm-26,yqstnuAEVhm_a93ea1ea5702412c9ef9c82a436c4599,manual,top_fixed,12.0,24,275,107
yqstnuAEVhm-26,yqstnuAEVhm_a93ea1ea5702412c9ef9c82a436c4599,manual,bottom_fixed,3.0,24,74,35
yqstnuAEVhm-26,yqstnuAEVhm_a93ea1ea5702412c9ef9c82a436c4599,manual,bottom_fixed,6.0,24,193,120
yqstnuAEVhm-26,yqstnuAEVhm_a93ea1ea5702412c9ef9c82a436c4599,manual,bottom_fixed,9.0,24,242,31
yqstnuAEVhm-26,yqstnuAEVhm_a93ea1ea5702412c9ef9c82a436c4599,manual,bottom_fixed,12.0,24,254,1
yqstnuAEVhm-27,yqstnuAEVhm_b26ae45c6c12443cbcfc3997f2e63347,manual,count_only,0.0,5,4,0
yqstnuAEVhm-27,yqstnuAEVhm_b26ae45c6c12443cbcfc3997f2e63347,manual,split_fixed,3.0,5,1,0
yqstnuAEVhm-27,yqstnuAEVhm_b26ae45c6c12443cbcfc3997f2e63347,manual,split_fixed,6.0,5,3,0
yqstnuAEVhm-27,yqstnuAEVhm_b26ae45c6c12443cbcfc3997f2e63347,manual,split_fixed,9.0,5,3,0
yqstnuAEVhm-27,yqstnuAEVhm_b26ae45c6c12443cbcfc3997f2e63347,manual,split_fixed,12.0,5,3,0
yqstnuAEVhm-27,yqstnuAEVhm_b26ae45c6c12443cbcfc3997f2e63347,manual,bound_fixed,3.0,5,1,0
yqstnuAEVhm-27,yqstnuAEVhm_b26ae45c6c12443cbcfc3997f2e63347,manual,bound_fixed,6.0,5,3,0
yqstnuAEVhm-27,yqstnuAEVhm_b26ae45c6c12443cbcfc3997f2e63347,manual,bound_fixed,9.0,5,3,0
yqstnuAEVhm-27,yqstnuAEVhm_b26ae45c6c12443cbcfc3997f2e63347,manual,bound_fixed,12.0,5,3,0
yqstnuAEVhm-27,yqstnuAEVhm_b26ae45c6c12443cbcfc3997f2e63347,manual,split_cyclic,3.0,5,1,0
yqstnuAEVhm-27,yqstnuAEVhm_b26ae45c6c12443cbcfc3997f2e63347,manual,split_cyclic,6.0,5,3,0
yqstnuAEVhm-27,yqstnuAEVhm_b26ae45c6c12443cbcfc3997f2e63347,manual,split_cyclic,9.0,5,3,0
yqstnuAEVhm-27,yqstnuAEVhm_b26ae45c6c12443cbcfc3997f2e63347,manual,split_cyclic,12.0,5,3,0
yqstnuAEVhm-27,yqstnuAEVhm_b26ae45c6c12443cbcfc3997f2e63347,manual,bound_cyclic,3.0,5,1,0
yqstnuAEVhm-27,yqstnuAEVhm_b26ae45c6c12443cbcfc3997f2e63347,manual,bound_cyclic,6.0,5,3,0
yqstnuAEVhm-27,yqstnuAEVhm_b26ae45c6c12443cbcfc3997f2e63347,manual,bound_cyclic,9.0,5,3,0
yqstnuAEVhm-27,yqstnuAEVhm_b26ae45c6c12443cbcfc3997f2e63347,manual,bound_cyclic,12.0,5,3,0
yqstnuAEVhm-27,yqstnuAEVhm_b26ae45c6c12443cbcfc3997f2e63347,manual,split_free,3.0,5,1,0
yqstnuAEVhm-27,yqstnuAEVhm_b26ae45c6c12443cbcfc3997f2e63347,manual,split_free,6.0,5,3,0
yqstnuAEVhm-27,yqstnuAEVhm_b26ae45c6c12443cbcfc3997f2e63347,manual,split_free,9.0,5,3,0
yqstnuAEVhm-27,yqstnuAEVhm_b26ae45c6c12443cbcfc3997f2e63347,manual,split_free,12.0,5,3,0
yqstnuAEVhm-27,yqstnuAEVhm_b26ae45c6c12443cbcfc3997f2e63347,manual,bound_free,3.0,5,1,0
yqstnuAEVhm-27,yqstnuAEVhm_b26ae45c6c12443cbcfc3997f2e63347,manual,bound_free,6.0,5,3,0
yqstnuAEVhm-27,yqstnuAEVhm_b26ae45c6c12443cbcfc3997f2e63347,manual,bound_free,9.0,5,3,0
yqstnuAEVhm-27,yqstnuAEVhm_b26ae45c6c12443cbcfc3997f2e63347,manual,bound_free,12.0,5,3,0
yqstnuAEVhm-27,yqstnuAEVhm_b26ae45c6c12443cbcfc3997f2e63347,manual,top_fixed,3.0,5,1,0
yqstnuAEVhm-27,yqstnuAEVhm_b26ae45c6c12443cbcfc3997f2e63347,manual,top_fixed,6.0,5,3,0
yqstnuAEVhm-27,yqstnuAEVhm_b26ae45c6c12443cbcfc3997f2e63347,manual,top_fixed,9.0,5,3,0
yqstnuAEVhm-27,yqstnuAEVhm_b26ae45c6c12443cbcfc3997f2e63347,manual,top_fixed,12.0,5,3,0
yqstnuAEVhm-27,yqstnuAEVhm_b26ae45c6c12443cbcfc3997f2e63347,manual,bottom_fixed,3.0,5,2,1
yqstnuAEVhm-27,yqstnuAEVhm_b26ae45c6c12443cbcfc3997f2e63347,manual,bottom_fixed,6.0,5,3,0
yqstnuAEVhm-27,yqstnuAEVhm_b26ae45c6c12443cbcfc3997f2e63347,manual,bottom_fixed,9.0,5,3,0
yqstnuAEVhm-27,yqstnuAEVhm_b26ae45c6c12443cbcfc3997f2e63347,manual,bottom_fixed,12.0,5,3,0
yqstnuAEVhm-27,yqstnuAEVhm_b26ae45c6c12443cbcfc3997f2e63347,semi,count_only,0.0,4,6,0
yqstnuAEVhm-27,yqstnuAEVhm_b26ae45c6c12443cbcfc3997f2e63347,semi,split_fixed,3.0,4,3,0
yqstnuAEVhm-27,yqstnuAEVhm_b26ae45c6c12443cbcfc3997f2e63347,semi,split_fixed,6.0,4,3,0
yqstnuAEVhm-27,yqstnuAEVhm_b26ae45c6c12443cbcfc3997f2e63347,semi,split_fixed,9.0,4,3,0
yqstnuAEVhm-27,yqstnuAEVhm_b26ae45c6c12443cbcfc3997f2e63347,semi,split_fixed,12.0,4,6,0
yqstnuAEVhm-27,yqstnuAEVhm_b26ae45c6c12443cbcfc3997f2e63347,semi,bound_fixed,3.0,4,3,0
yqstnuAEVhm-27,yqstnuAEVhm_b26ae45c6c12443cbcfc3997f2e63347,semi,bound_fixed,6.0,4,3,0
yqstnuAEVhm-27,yqstnuAEVhm_b26ae45c6c12443cbcfc3997f2e63347,semi,bound_fixed,9.0,4,3,0
yqstnuAEVhm-27,yqstnuAEVhm_b26ae45c6c12443cbcfc3997f2e63347,semi,bound_fixed,12.0,4,6,0
yqstnuAEVhm-27,yqstnuAEVhm_b26ae45c6c12443cbcfc3997f2e63347,semi,split_cyclic,3.0,4,3,0
yqstnuAEVhm-27,yqstnuAEVhm_b26ae45c6c12443cbcfc3997f2e63347,semi,split_cyclic,6.0,4,3,0
yqstnuAEVhm-27,yqstnuAEVhm_b26ae45c6c12443cbcfc3997f2e63347,semi,split_cyclic,9.0,4,3,0
yqstnuAEVhm-27,yqstnuAEVhm_b26ae45c6c12443cbcfc3997f2e63347,semi,split_cyclic,12.0,4,6,0
yqstnuAEVhm-27,yqstnuAEVhm_b26ae45c6c12443cbcfc3997f2e63347,semi,bound_cyclic,3.0,4,3,0
yqstnuAEVhm-27,yqstnuAEVhm_b26ae45c6c12443cbcfc3997f2e63347,semi,bound_cyclic,6.0,4,3,0
yqstnuAEVhm-27,yqstnuAEVhm_b26ae45c6c12443cbcfc3997f2e63347,semi,bound_cyclic,9.0,4,3,0
yqstnuAEVhm-27,yqstnuAEVhm_b26ae45c6c12443cbcfc3997f2e63347,semi,bound_cyclic,12.0,4,6,0
yqstnuAEVhm-27,yqstnuAEVhm_b26ae45c6c12443cbcfc3997f2e63347,semi,split_free,3.0,4,3,0
yqstnuAEVhm-27,yqstnuAEVhm_b26ae45c6c12443cbcfc3997f2e63347,semi,split_free,6.0,4,3,0
yqstnuAEVhm-27,yqstnuAEVhm_b26ae45c6c12443cbcfc3997f2e63347,semi,split_free,9.0,4,3,0
yqstnuAEVhm-27,yqstnuAEVhm_b26ae45c6c12443cbcfc3997f2e63347,semi,split_free,12.0,4,6,0
yqstnuAEVhm-27,yqstnuAEVhm_b26ae45c6c12443cbcfc3997f2e63347,semi,bound_free,3.0,4,3,0
yqstnuAEVhm-27,yqstnuAEVhm_b26ae45c6c12443cbcfc3997f2e63347,semi,bound_free,6.0,4,3,0
yqstnuAEVhm-27,yqstnuAEVhm_b26ae45c6c12443cbcfc3997f2e63347,semi,bound_free,9.0,4,3,0
yqstnuAEVhm-27,yqstnuAEVhm_b26ae45c6c12443cbcfc3997f2e63347,semi,bound_free,12.0,4,6,0
yqstnuAEVhm-27,yqstnuAEVhm_b26ae45c6c12443cbcfc3997f2e63347,semi,top_fixed,3.0,4,3,0
yqstnuAEVhm-27,yqstnuAEVhm_b26ae45c6c12443cbcfc3997f2e63347,semi,top_fixed,6.0,4,6,0
yqstnuAEVhm-27,yqstnuAEVhm_b26ae45c6c12443cbcfc3997f2e63347,semi,top_fixed,9.0,4,6,0
yqstnuAEVhm-27,yqstnuAEVhm_b26ae45c6c12443cbcfc3997f2e63347,semi,top_fixed,12.0,4,6,0
yqstnuAEVhm-27,yqstnuAEVhm_b26ae45c6c12443cbcfc3997f2e63347,semi,bottom_fixed,3.0,4,3,0
yqstnuAEVhm-27,yqstnuAEVhm_b26ae45c6c12443cbcfc3997f2e63347,semi,bottom_fixed,6.0,4,3,0
yqstnuAEVhm-27,yqstnuAEVhm_b26ae45c6c12443cbcfc3997f2e63347,semi,bottom_fixed,9.0,4,3,0
yqstnuAEVhm-27,yqstnuAEVhm_b26ae45c6c12443cbcfc3997f2e63347,semi,bottom_fixed,12.0,4,6,0
yqstnuAEVhm-29,yqstnuAEVhm_c93bf298b1cb41a1b368a6ce8bcff53d,manual,count_only,0.0,5,3,0
yqstnuAEVhm-29,yqstnuAEVhm_c93bf298b1cb41a1b368a6ce8bcff53d,manual,split_fixed,3.0,5,1,0
yqstnuAEVhm-29,yqstnuAEVhm_c93bf298b1cb41a1b368a6ce8bcff53d,manual,split_fixed,6.0,5,3,0
yqstnuAEVhm-29,yqstnuAEVhm_c93bf298b1cb41a1b368a6ce8bcff53d,manual,split_fixed,9.0,5,3,0
yqstnuAEVhm-29,yqstnuAEVhm_c93bf298b1cb41a1b368a6ce8bcff53d,manual,split_fixed,12.0,5,3,0
yqstnuAEVhm-29,yqstnuAEVhm_c93bf298b1cb41a1b368a6ce8bcff53d,manual,bound_fixed,3.0,3,0,0
yqstnuAEVhm-29,yqstnuAEVhm_c93bf298b1cb41a1b368a6ce8bcff53d,manual,bound_fixed,6.0,3,0,0
yqstnuAEVhm-29,yqstnuAEVhm_c93bf298b1cb41a1b368a6ce8bcff53d,manual,bound_fixed,9.0,3,0,0
yqstnuAEVhm-29,yqstnuAEVhm_c93bf298b1cb41a1b368a6ce8bcff53d,manual,bound_fixed,12.0,3,0,0
yqstnuAEVhm-29,yqstnuAEVhm_c93bf298b1cb41a1b368a6ce8bcff53d,manual,split_cyclic,3.0,5,1,0
yqstnuAEVhm-29,yqstnuAEVhm_c93bf298b1cb41a1b368a6ce8bcff53d,manual,split_cyclic,6.0,5,3,0
yqstnuAEVhm-29,yqstnuAEVhm_c93bf298b1cb41a1b368a6ce8bcff53d,manual,split_cyclic,9.0,5,3,0
yqstnuAEVhm-29,yqstnuAEVhm_c93bf298b1cb41a1b368a6ce8bcff53d,manual,split_cyclic,12.0,5,3,0
yqstnuAEVhm-29,yqstnuAEVhm_c93bf298b1cb41a1b368a6ce8bcff53d,manual,bound_cyclic,3.0,3,0,0
yqstnuAEVhm-29,yqstnuAEVhm_c93bf298b1cb41a1b368a6ce8bcff53d,manual,bound_cyclic,6.0,3,0,0
yqstnuAEVhm-29,yqstnuAEVhm_c93bf298b1cb41a1b368a6ce8bcff53d,manual,bound_cyclic,9.0,3,0,0
yqstnuAEVhm-29,yqstnuAEVhm_c93bf298b1cb41a1b368a6ce8bcff53d,manual,bound_cyclic,12.0,3,0,0
yqstnuAEVhm-29,yqstnuAEVhm_c93bf298b1cb41a1b368a6ce8bcff53d,manual,split_free,3.0,5,1,0
yqstnuAEVhm-29,yqstnuAEVhm_c93bf298b1cb41a1b368a6ce8bcff53d,manual,split_free,6.0,5,3,0
yqstnuAEVhm-29,yqstnuAEVhm_c93bf298b1cb41a1b368a6ce8bcff53d,manual,split_free,9.0,5,3,0
yqstnuAEVhm-29,yqstnuAEVhm_c93bf298b1cb41a1b368a6ce8bcff53d,manual,split_free,12.0,5,3,0
yqstnuAEVhm-29,yqstnuAEVhm_c93bf298b1cb41a1b368a6ce8bcff53d,manual,bound_free,3.0,3,0,0
yqstnuAEVhm-29,yqstnuAEVhm_c93bf298b1cb41a1b368a6ce8bcff53d,manual,bound_free,6.0,3,0,0
yqstnuAEVhm-29,yqstnuAEVhm_c93bf298b1cb41a1b368a6ce8bcff53d,manual,bound_free,9.0,3,0,0
yqstnuAEVhm-29,yqstnuAEVhm_c93bf298b1cb41a1b368a6ce8bcff53d,manual,bound_free,12.0,3,0,0
yqstnuAEVhm-29,yqstnuAEVhm_c93bf298b1cb41a1b368a6ce8bcff53d,manual,top_fixed,3.0,5,1,0
yqstnuAEVhm-29,yqstnuAEVhm_c93bf298b1cb41a1b368a6ce8bcff53d,manual,top_fixed,6.0,5,3,0
yqstnuAEVhm-29,yqstnuAEVhm_c93bf298b1cb41a1b368a6ce8bcff53d,manual,top_fixed,9.0,5,3,0
yqstnuAEVhm-29,yqstnuAEVhm_c93bf298b1cb41a1b368a6ce8bcff53d,manual,top_fixed,12.0,5,3,0
yqstnuAEVhm-29,yqstnuAEVhm_c93bf298b1cb41a1b368a6ce8bcff53d,manual,bottom_fixed,3.0,5,1,0
yqstnuAEVhm-29,yqstnuAEVhm_c93bf298b1cb41a1b368a6ce8bcff53d,manual,bottom_fixed,6.0,5,3,0
yqstnuAEVhm-29,yqstnuAEVhm_c93bf298b1cb41a1b368a6ce8bcff53d,manual,bottom_fixed,9.0,5,3,0
yqstnuAEVhm-29,yqstnuAEVhm_c93bf298b1cb41a1b368a6ce8bcff53d,manual,bottom_fixed,12.0,5,3,0
yqstnuAEVhm-31,yqstnuAEVhm_e3face7b2196414d95ed97151aa13058,manual,count_only,0.0,24,44,0
yqstnuAEVhm-31,yqstnuAEVhm_e3face7b2196414d95ed97151aa13058,manual,split_fixed,3.0,24,3,0
yqstnuAEVhm-31,yqstnuAEVhm_e3face7b2196414d95ed97151aa13058,manual,split_fixed,6.0,24,7,1
yqstnuAEVhm-31,yqstnuAEVhm_e3face7b2196414d95ed97151aa13058,manual,split_fixed,9.0,24,9,0
yqstnuAEVhm-31,yqstnuAEVhm_e3face7b2196414d95ed97151aa13058,manual,split_fixed,12.0,24,12,0
yqstnuAEVhm-31,yqstnuAEVhm_e3face7b2196414d95ed97151aa13058,manual,bound_fixed,3.0,21,3,0
yqstnuAEVhm-31,yqstnuAEVhm_e3face7b2196414d95ed97151aa13058,manual,bound_fixed,6.0,21,7,1
yqstnuAEVhm-31,yqstnuAEVhm_e3face7b2196414d95ed97151aa13058,manual,bound_fixed,9.0,21,9,0
yqstnuAEVhm-31,yqstnuAEVhm_e3face7b2196414d95ed97151aa13058,manual,bound_fixed,12.0,21,12,0
yqstnuAEVhm-31,yqstnuAEVhm_e3face7b2196414d95ed97151aa13058,manual,split_cyclic,3.0,24,3,0
yqstnuAEVhm-31,yqstnuAEVhm_e3face7b2196414d95ed97151aa13058,manual,split_cyclic,6.0,24,7,1
yqstnuAEVhm-31,yqstnuAEVhm_e3face7b2196414d95ed97151aa13058,manual,split_cyclic,9.0,24,9,0
yqstnuAEVhm-31,yqstnuAEVhm_e3face7b2196414d95ed97151aa13058,manual,split_cyclic,12.0,24,12,0
yqstnuAEVhm-31,yqstnuAEVhm_e3face7b2196414d95ed97151aa13058,manual,bound_cyclic,3.0,21,3,0
yqstnuAEVhm-31,yqstnuAEVhm_e3face7b2196414d95ed97151aa13058,manual,bound_cyclic,6.0,21,7,1
yqstnuAEVhm-31,yqstnuAEVhm_e3face7b2196414d95ed97151aa13058,manual,bound_cyclic,9.0,21,9,0
yqstnuAEVhm-31,yqstnuAEVhm_e3face7b2196414d95ed97151aa13058,manual,bound_cyclic,12.0,21,12,0
yqstnuAEVhm-31,yqstnuAEVhm_e3face7b2196414d95ed97151aa13058,manual,split_free,3.0,24,3,0
yqstnuAEVhm-31,yqstnuAEVhm_e3face7b2196414d95ed97151aa13058,manual,split_free,6.0,24,7,1
yqstnuAEVhm-31,yqstnuAEVhm_e3face7b2196414d95ed97151aa13058,manual,split_free,9.0,24,11,0
yqstnuAEVhm-31,yqstnuAEVhm_e3face7b2196414d95ed97151aa13058,manual,split_free,12.0,24,15,1
yqstnuAEVhm-31,yqstnuAEVhm_e3face7b2196414d95ed97151aa13058,manual,bound_free,3.0,21,3,0
yqstnuAEVhm-31,yqstnuAEVhm_e3face7b2196414d95ed97151aa13058,manual,bound_free,6.0,21,7,1
yqstnuAEVhm-31,yqstnuAEVhm_e3face7b2196414d95ed97151aa13058,manual,bound_free,9.0,21,11,0
yqstnuAEVhm-31,yqstnuAEVhm_e3face7b2196414d95ed97151aa13058,manual,bound_free,12.0,21,15,1
yqstnuAEVhm-31,yqstnuAEVhm_e3face7b2196414d95ed97151aa13058,manual,top_fixed,3.0,24,4,1
yqstnuAEVhm-31,yqstnuAEVhm_e3face7b2196414d95ed97151aa13058,manual,top_fixed,6.0,24,8,2
yqstnuAEVhm-31,yqstnuAEVhm_e3face7b2196414d95ed97151aa13058,manual,top_fixed,9.0,24,10,0
yqstnuAEVhm-31,yqstnuAEVhm_e3face7b2196414d95ed97151aa13058,manual,top_fixed,12.0,24,12,0
yqstnuAEVhm-31,yqstnuAEVhm_e3face7b2196414d95ed97151aa13058,manual,bottom_fixed,3.0,24,5,0
yqstnuAEVhm-31,yqstnuAEVhm_e3face7b2196414d95ed97151aa13058,manual,bottom_fixed,6.0,24,10,2
yqstnuAEVhm-31,yqstnuAEVhm_e3face7b2196414d95ed97151aa13058,manual,bottom_fixed,9.0,24,11,0
yqstnuAEVhm-31,yqstnuAEVhm_e3face7b2196414d95ed97151aa13058,manual,bottom_fixed,12.0,24,12,0
yqstnuAEVhm-32,yqstnuAEVhm_e650c19e3eb34cc0b98374e5a23d1f65,manual,count_only,0.0,24,46,0
yqstnuAEVhm-32,yqstnuAEVhm_e650c19e3eb34cc0b98374e5a23d1f65,manual,split_fixed,3.0,24,8,0
yqstnuAEVhm-32,yqstnuAEVhm_e650c19e3eb34cc0b98374e5a23d1f65,manual,split_fixed,6.0,24,25,0
yqstnuAEVhm-32,yqstnuAEVhm_e650c19e3eb34cc0b98374e5a23d1f65,manual,split_fixed,9.0,24,25,0
yqstnuAEVhm-32,yqstnuAEVhm_e650c19e3eb34cc0b98374e5a23d1f65,manual,split_fixed,12.0,24,25,0
yqstnuAEVhm-32,yqstnuAEVhm_e650c19e3eb34cc0b98374e5a23d1f65,manual,bound_fixed,3.0,23,8,0
yqstnuAEVhm-32,yqstnuAEVhm_e650c19e3eb34cc0b98374e5a23d1f65,manual,bound_fixed,6.0,23,19,0
yqstnuAEVhm-32,yqstnuAEVhm_e650c19e3eb34cc0b98374e5a23d1f65,manual,bound_fixed,9.0,23,19,0
yqstnuAEVhm-32,yqstnuAEVhm_e650c19e3eb34cc0b98374e5a23d1f65,manual,bound_fixed,12.0,23,19,0
yqstnuAEVhm-32,yqstnuAEVhm_e650c19e3eb34cc0b98374e5a23d1f65,manual,split_cyclic,3.0,24,8,0
yqstnuAEVhm-32,yqstnuAEVhm_e650c19e3eb34cc0b98374e5a23d1f65,manual,split_cyclic,6.0,24,25,0
yqstnuAEVhm-32,yqstnuAEVhm_e650c19e3eb34cc0b98374e5a23d1f65,manual,split_cyclic,9.0,24,25,0
yqstnuAEVhm-32,yqstnuAEVhm_e650c19e3eb34cc0b98374e5a23d1f65,manual,split_cyclic,12.0,24,25,0
yqstnuAEVhm-32,yqstnuAEVhm_e650c19e3eb34cc0b98374e5a23d1f65,manual,bound_cyclic,3.0,23,8,0
yqstnuAEVhm-32,yqstnuAEVhm_e650c19e3eb34cc0b98374e5a23d1f65,manual,bound_cyclic,6.0,23,19,0
yqstnuAEVhm-32,yqstnuAEVhm_e650c19e3eb34cc0b98374e5a23d1f65,manual,bound_cyclic,9.0,23,19,0
yqstnuAEVhm-32,yqstnuAEVhm_e650c19e3eb34cc0b98374e5a23d1f65,manual,bound_cyclic,12.0,23,19,0
yqstnuAEVhm-32,yqstnuAEVhm_e650c19e3eb34cc0b98374e5a23d1f65,manual,split_free,3.0,24,8,0
yqstnuAEVhm-32,yqstnuAEVhm_e650c19e3eb34cc0b98374e5a23d1f65,manual,split_free,6.0,24,25,0
yqstnuAEVhm-32,yqstnuAEVhm_e650c19e3eb34cc0b98374e5a23d1f65,manual,split_free,9.0,24,25,0
yqstnuAEVhm-32,yqstnuAEVhm_e650c19e3eb34cc0b98374e5a23d1f65,manual,split_free,12.0,24,25,0
yqstnuAEVhm-32,yqstnuAEVhm_e650c19e3eb34cc0b98374e5a23d1f65,manual,bound_free,3.0,23,8,0
yqstnuAEVhm-32,yqstnuAEVhm_e650c19e3eb34cc0b98374e5a23d1f65,manual,bound_free,6.0,23,19,0
yqstnuAEVhm-32,yqstnuAEVhm_e650c19e3eb34cc0b98374e5a23d1f65,manual,bound_free,9.0,23,19,0
yqstnuAEVhm-32,yqstnuAEVhm_e650c19e3eb34cc0b98374e5a23d1f65,manual,bound_free,12.0,23,19,0
yqstnuAEVhm-32,yqstnuAEVhm_e650c19e3eb34cc0b98374e5a23d1f65,manual,top_fixed,3.0,24,17,0
yqstnuAEVhm-32,yqstnuAEVhm_e650c19e3eb34cc0b98374e5a23d1f65,manual,top_fixed,6.0,24,25,0
yqstnuAEVhm-32,yqstnuAEVhm_e650c19e3eb34cc0b98374e5a23d1f65,manual,top_fixed,9.0,24,25,0
yqstnuAEVhm-32,yqstnuAEVhm_e650c19e3eb34cc0b98374e5a23d1f65,manual,top_fixed,12.0,24,25,0
yqstnuAEVhm-32,yqstnuAEVhm_e650c19e3eb34cc0b98374e5a23d1f65,manual,bottom_fixed,3.0,24,9,0
yqstnuAEVhm-32,yqstnuAEVhm_e650c19e3eb34cc0b98374e5a23d1f65,manual,bottom_fixed,6.0,24,27,2
yqstnuAEVhm-32,yqstnuAEVhm_e650c19e3eb34cc0b98374e5a23d1f65,manual,bottom_fixed,9.0,24,28,0
yqstnuAEVhm-32,yqstnuAEVhm_e650c19e3eb34cc0b98374e5a23d1f65,manual,bottom_fixed,12.0,24,30,2
yqstnuAEVhm-34,yqstnuAEVhm_e9b4d8e951cb4712b3905c8f4c4dabb5,manual,count_only,0.0,24,276,0
yqstnuAEVhm-34,yqstnuAEVhm_e9b4d8e951cb4712b3905c8f4c4dabb5,manual,split_fixed,3.0,24,91,48
yqstnuAEVhm-34,yqstnuAEVhm_e9b4d8e951cb4712b3905c8f4c4dabb5,manual,split_fixed,6.0,24,225,114
yqstnuAEVhm-34,yqstnuAEVhm_e9b4d8e951cb4712b3905c8f4c4dabb5,manual,split_fixed,9.0,24,246,15
yqstnuAEVhm-34,yqstnuAEVhm_e9b4d8e951cb4712b3905c8f4c4dabb5,manual,split_fixed,12.0,24,254,22
yqstnuAEVhm-34,yqstnuAEVhm_e9b4d8e951cb4712b3905c8f4c4dabb5,manual,bound_fixed,3.0,24,91,48
yqstnuAEVhm-34,yqstnuAEVhm_e9b4d8e951cb4712b3905c8f4c4dabb5,manual,bound_fixed,6.0,24,225,114
yqstnuAEVhm-34,yqstnuAEVhm_e9b4d8e951cb4712b3905c8f4c4dabb5,manual,bound_fixed,9.0,24,246,15
yqstnuAEVhm-34,yqstnuAEVhm_e9b4d8e951cb4712b3905c8f4c4dabb5,manual,bound_fixed,12.0,24,254,22
yqstnuAEVhm-34,yqstnuAEVhm_e9b4d8e951cb4712b3905c8f4c4dabb5,manual,split_cyclic,3.0,24,91,48
yqstnuAEVhm-34,yqstnuAEVhm_e9b4d8e951cb4712b3905c8f4c4dabb5,manual,split_cyclic,6.0,24,225,114
yqstnuAEVhm-34,yqstnuAEVhm_e9b4d8e951cb4712b3905c8f4c4dabb5,manual,split_cyclic,9.0,24,246,15
yqstnuAEVhm-34,yqstnuAEVhm_e9b4d8e951cb4712b3905c8f4c4dabb5,manual,split_cyclic,12.0,24,254,22
yqstnuAEVhm-34,yqstnuAEVhm_e9b4d8e951cb4712b3905c8f4c4dabb5,manual,bound_cyclic,3.0,24,91,48
yqstnuAEVhm-34,yqstnuAEVhm_e9b4d8e951cb4712b3905c8f4c4dabb5,manual,bound_cyclic,6.0,24,225,114
yqstnuAEVhm-34,yqstnuAEVhm_e9b4d8e951cb4712b3905c8f4c4dabb5,manual,bound_cyclic,9.0,24,246,15
yqstnuAEVhm-34,yqstnuAEVhm_e9b4d8e951cb4712b3905c8f4c4dabb5,manual,bound_cyclic,12.0,24,254,22
yqstnuAEVhm-34,yqstnuAEVhm_e9b4d8e951cb4712b3905c8f4c4dabb5,manual,split_free,3.0,24,91,48
yqstnuAEVhm-34,yqstnuAEVhm_e9b4d8e951cb4712b3905c8f4c4dabb5,manual,split_free,6.0,24,225,114
yqstnuAEVhm-34,yqstnuAEVhm_e9b4d8e951cb4712b3905c8f4c4dabb5,manual,split_free,9.0,24,246,15
yqstnuAEVhm-34,yqstnuAEVhm_e9b4d8e951cb4712b3905c8f4c4dabb5,manual,split_free,12.0,24,254,22
yqstnuAEVhm-34,yqstnuAEVhm_e9b4d8e951cb4712b3905c8f4c4dabb5,manual,bound_free,3.0,24,91,48
yqstnuAEVhm-34,yqstnuAEVhm_e9b4d8e951cb4712b3905c8f4c4dabb5,manual,bound_free,6.0,24,225,114
yqstnuAEVhm-34,yqstnuAEVhm_e9b4d8e951cb4712b3905c8f4c4dabb5,manual,bound_free,9.0,24,246,15
yqstnuAEVhm-34,yqstnuAEVhm_e9b4d8e951cb4712b3905c8f4c4dabb5,manual,bound_free,12.0,24,254,22
yqstnuAEVhm-34,yqstnuAEVhm_e9b4d8e951cb4712b3905c8f4c4dabb5,manual,top_fixed,3.0,24,119,32
yqstnuAEVhm-34,yqstnuAEVhm_e9b4d8e951cb4712b3905c8f4c4dabb5,manual,top_fixed,6.0,24,227,113
yqstnuAEVhm-34,yqstnuAEVhm_e9b4d8e951cb4712b3905c8f4c4dabb5,manual,top_fixed,9.0,24,246,15
yqstnuAEVhm-34,yqstnuAEVhm_e9b4d8e951cb4712b3905c8f4c4dabb5,manual,top_fixed,12.0,24,254,22
yqstnuAEVhm-34,yqstnuAEVhm_e9b4d8e951cb4712b3905c8f4c4dabb5,manual,bottom_fixed,3.0,24,183,120
yqstnuAEVhm-34,yqstnuAEVhm_e9b4d8e951cb4712b3905c8f4c4dabb5,manual,bottom_fixed,6.0,24,260,49
yqstnuAEVhm-34,yqstnuAEVhm_e9b4d8e951cb4712b3905c8f4c4dabb5,manual,bottom_fixed,9.0,24,275,62
yqstnuAEVhm-34,yqstnuAEVhm_e9b4d8e951cb4712b3905c8f4c4dabb5,manual,bottom_fixed,12.0,24,276,0
zsNo4HB9uLZ-02,zsNo4HB9uLZ_2caadd7bc71c43d5ad10f4e7f10a3455,manual,count_only,0.0,1,0,0
zsNo4HB9uLZ-02,zsNo4HB9uLZ_2caadd7bc71c43d5ad10f4e7f10a3455,manual,split_fixed,3.0,1,0,0
zsNo4HB9uLZ-02,zsNo4HB9uLZ_2caadd7bc71c43d5ad10f4e7f10a3455,manual,split_fixed,6.0,1,0,0
zsNo4HB9uLZ-02,zsNo4HB9uLZ_2caadd7bc71c43d5ad10f4e7f10a3455,manual,split_fixed,9.0,1,0,0
zsNo4HB9uLZ-02,zsNo4HB9uLZ_2caadd7bc71c43d5ad10f4e7f10a3455,manual,split_fixed,12.0,1,0,0
zsNo4HB9uLZ-02,zsNo4HB9uLZ_2caadd7bc71c43d5ad10f4e7f10a3455,manual,bound_fixed,3.0,1,0,0
zsNo4HB9uLZ-02,zsNo4HB9uLZ_2caadd7bc71c43d5ad10f4e7f10a3455,manual,bound_fixed,6.0,1,0,0
zsNo4HB9uLZ-02,zsNo4HB9uLZ_2caadd7bc71c43d5ad10f4e7f10a3455,manual,bound_fixed,9.0,1,0,0
zsNo4HB9uLZ-02,zsNo4HB9uLZ_2caadd7bc71c43d5ad10f4e7f10a3455,manual,bound_fixed,12.0,1,0,0
zsNo4HB9uLZ-02,zsNo4HB9uLZ_2caadd7bc71c43d5ad10f4e7f10a3455,manual,split_cyclic,3.0,1,0,0
zsNo4HB9uLZ-02,zsNo4HB9uLZ_2caadd7bc71c43d5ad10f4e7f10a3455,manual,split_cyclic,6.0,1,0,0
zsNo4HB9uLZ-02,zsNo4HB9uLZ_2caadd7bc71c43d5ad10f4e7f10a3455,manual,split_cyclic,9.0,1,0,0
zsNo4HB9uLZ-02,zsNo4HB9uLZ_2caadd7bc71c43d5ad10f4e7f10a3455,manual,split_cyclic,12.0,1,0,0
zsNo4HB9uLZ-02,zsNo4HB9uLZ_2caadd7bc71c43d5ad10f4e7f10a3455,manual,bound_cyclic,3.0,1,0,0
zsNo4HB9uLZ-02,zsNo4HB9uLZ_2caadd7bc71c43d5ad10f4e7f10a3455,manual,bound_cyclic,6.0,1,0,0
zsNo4HB9uLZ-02,zsNo4HB9uLZ_2caadd7bc71c43d5ad10f4e7f10a3455,manual,bound_cyclic,9.0,1,0,0
zsNo4HB9uLZ-02,zsNo4HB9uLZ_2caadd7bc71c43d5ad10f4e7f10a3455,manual,bound_cyclic,12.0,1,0,0
zsNo4HB9uLZ-02,zsNo4HB9uLZ_2caadd7bc71c43d5ad10f4e7f10a3455,manual,split_free,3.0,1,0,0
zsNo4HB9uLZ-02,zsNo4HB9uLZ_2caadd7bc71c43d5ad10f4e7f10a3455,manual,split_free,6.0,1,0,0
zsNo4HB9uLZ-02,zsNo4HB9uLZ_2caadd7bc71c43d5ad10f4e7f10a3455,manual,split_free,9.0,1,0,0
zsNo4HB9uLZ-02,zsNo4HB9uLZ_2caadd7bc71c43d5ad10f4e7f10a3455,manual,split_free,12.0,1,0,0
zsNo4HB9uLZ-02,zsNo4HB9uLZ_2caadd7bc71c43d5ad10f4e7f10a3455,manual,bound_free,3.0,1,0,0
zsNo4HB9uLZ-02,zsNo4HB9uLZ_2caadd7bc71c43d5ad10f4e7f10a3455,manual,bound_free,6.0,1,0,0
zsNo4HB9uLZ-02,zsNo4HB9uLZ_2caadd7bc71c43d5ad10f4e7f10a3455,manual,bound_free,9.0,1,0,0
zsNo4HB9uLZ-02,zsNo4HB9uLZ_2caadd7bc71c43d5ad10f4e7f10a3455,manual,bound_free,12.0,1,0,0
zsNo4HB9uLZ-02,zsNo4HB9uLZ_2caadd7bc71c43d5ad10f4e7f10a3455,manual,top_fixed,3.0,1,0,0
zsNo4HB9uLZ-02,zsNo4HB9uLZ_2caadd7bc71c43d5ad10f4e7f10a3455,manual,top_fixed,6.0,1,0,0
zsNo4HB9uLZ-02,zsNo4HB9uLZ_2caadd7bc71c43d5ad10f4e7f10a3455,manual,top_fixed,9.0,1,0,0
zsNo4HB9uLZ-02,zsNo4HB9uLZ_2caadd7bc71c43d5ad10f4e7f10a3455,manual,top_fixed,12.0,1,0,0
zsNo4HB9uLZ-02,zsNo4HB9uLZ_2caadd7bc71c43d5ad10f4e7f10a3455,manual,bottom_fixed,3.0,1,0,0
zsNo4HB9uLZ-02,zsNo4HB9uLZ_2caadd7bc71c43d5ad10f4e7f10a3455,manual,bottom_fixed,6.0,1,0,0
zsNo4HB9uLZ-02,zsNo4HB9uLZ_2caadd7bc71c43d5ad10f4e7f10a3455,manual,bottom_fixed,9.0,1,0,0
zsNo4HB9uLZ-02,zsNo4HB9uLZ_2caadd7bc71c43d5ad10f4e7f10a3455,manual,bottom_fixed,12.0,1,0,0
zsNo4HB9uLZ-05,zsNo4HB9uLZ_4c0aab63a4434cf4878e6f5b3ce9a70b,manual,count_only,0.0,4,6,0
zsNo4HB9uLZ-05,zsNo4HB9uLZ_4c0aab63a4434cf4878e6f5b3ce9a70b,manual,split_fixed,3.0,4,0,0
zsNo4HB9uLZ-05,zsNo4HB9uLZ_4c0aab63a4434cf4878e6f5b3ce9a70b,manual,split_fixed,6.0,4,0,0
zsNo4HB9uLZ-05,zsNo4HB9uLZ_4c0aab63a4434cf4878e6f5b3ce9a70b,manual,split_fixed,9.0,4,1,0
zsNo4HB9uLZ-05,zsNo4HB9uLZ_4c0aab63a4434cf4878e6f5b3ce9a70b,manual,split_fixed,12.0,4,1,0
zsNo4HB9uLZ-05,zsNo4HB9uLZ_4c0aab63a4434cf4878e6f5b3ce9a70b,manual,bound_fixed,3.0,4,0,0
zsNo4HB9uLZ-05,zsNo4HB9uLZ_4c0aab63a4434cf4878e6f5b3ce9a70b,manual,bound_fixed,6.0,4,0,0
zsNo4HB9uLZ-05,zsNo4HB9uLZ_4c0aab63a4434cf4878e6f5b3ce9a70b,manual,bound_fixed,9.0,4,1,0
zsNo4HB9uLZ-05,zsNo4HB9uLZ_4c0aab63a4434cf4878e6f5b3ce9a70b,manual,bound_fixed,12.0,4,1,0
zsNo4HB9uLZ-05,zsNo4HB9uLZ_4c0aab63a4434cf4878e6f5b3ce9a70b,manual,split_cyclic,3.0,4,0,0
zsNo4HB9uLZ-05,zsNo4HB9uLZ_4c0aab63a4434cf4878e6f5b3ce9a70b,manual,split_cyclic,6.0,4,0,0
zsNo4HB9uLZ-05,zsNo4HB9uLZ_4c0aab63a4434cf4878e6f5b3ce9a70b,manual,split_cyclic,9.0,4,1,0
zsNo4HB9uLZ-05,zsNo4HB9uLZ_4c0aab63a4434cf4878e6f5b3ce9a70b,manual,split_cyclic,12.0,4,1,0
zsNo4HB9uLZ-05,zsNo4HB9uLZ_4c0aab63a4434cf4878e6f5b3ce9a70b,manual,bound_cyclic,3.0,4,0,0
zsNo4HB9uLZ-05,zsNo4HB9uLZ_4c0aab63a4434cf4878e6f5b3ce9a70b,manual,bound_cyclic,6.0,4,0,0
zsNo4HB9uLZ-05,zsNo4HB9uLZ_4c0aab63a4434cf4878e6f5b3ce9a70b,manual,bound_cyclic,9.0,4,1,0
zsNo4HB9uLZ-05,zsNo4HB9uLZ_4c0aab63a4434cf4878e6f5b3ce9a70b,manual,bound_cyclic,12.0,4,1,0
zsNo4HB9uLZ-05,zsNo4HB9uLZ_4c0aab63a4434cf4878e6f5b3ce9a70b,manual,split_free,3.0,4,0,0
zsNo4HB9uLZ-05,zsNo4HB9uLZ_4c0aab63a4434cf4878e6f5b3ce9a70b,manual,split_free,6.0,4,0,0
zsNo4HB9uLZ-05,zsNo4HB9uLZ_4c0aab63a4434cf4878e6f5b3ce9a70b,manual,split_free,9.0,4,1,0
zsNo4HB9uLZ-05,zsNo4HB9uLZ_4c0aab63a4434cf4878e6f5b3ce9a70b,manual,split_free,12.0,4,1,0
zsNo4HB9uLZ-05,zsNo4HB9uLZ_4c0aab63a4434cf4878e6f5b3ce9a70b,manual,bound_free,3.0,4,0,0
zsNo4HB9uLZ-05,zsNo4HB9uLZ_4c0aab63a4434cf4878e6f5b3ce9a70b,manual,bound_free,6.0,4,0,0
zsNo4HB9uLZ-05,zsNo4HB9uLZ_4c0aab63a4434cf4878e6f5b3ce9a70b,manual,bound_free,9.0,4,1,0
zsNo4HB9uLZ-05,zsNo4HB9uLZ_4c0aab63a4434cf4878e6f5b3ce9a70b,manual,bound_free,12.0,4,1,0
zsNo4HB9uLZ-05,zsNo4HB9uLZ_4c0aab63a4434cf4878e6f5b3ce9a70b,manual,top_fixed,3.0,4,0,0
zsNo4HB9uLZ-05,zsNo4HB9uLZ_4c0aab63a4434cf4878e6f5b3ce9a70b,manual,top_fixed,6.0,4,1,0
zsNo4HB9uLZ-05,zsNo4HB9uLZ_4c0aab63a4434cf4878e6f5b3ce9a70b,manual,top_fixed,9.0,4,1,0
zsNo4HB9uLZ-05,zsNo4HB9uLZ_4c0aab63a4434cf4878e6f5b3ce9a70b,manual,top_fixed,12.0,4,1,0
zsNo4HB9uLZ-05,zsNo4HB9uLZ_4c0aab63a4434cf4878e6f5b3ce9a70b,manual,bottom_fixed,3.0,4,0,0
zsNo4HB9uLZ-05,zsNo4HB9uLZ_4c0aab63a4434cf4878e6f5b3ce9a70b,manual,bottom_fixed,6.0,4,0,0
zsNo4HB9uLZ-05,zsNo4HB9uLZ_4c0aab63a4434cf4878e6f5b3ce9a70b,manual,bottom_fixed,9.0,4,1,0
zsNo4HB9uLZ-05,zsNo4HB9uLZ_4c0aab63a4434cf4878e6f5b3ce9a70b,manual,bottom_fixed,12.0,4,2,1
zsNo4HB9uLZ-09,zsNo4HB9uLZ_65eefaf93e6249908e6389eb4eabf0f5,manual,count_only,0.0,4,3,0
zsNo4HB9uLZ-09,zsNo4HB9uLZ_65eefaf93e6249908e6389eb4eabf0f5,manual,split_fixed,3.0,4,0,0
zsNo4HB9uLZ-09,zsNo4HB9uLZ_65eefaf93e6249908e6389eb4eabf0f5,manual,split_fixed,6.0,4,0,0
zsNo4HB9uLZ-09,zsNo4HB9uLZ_65eefaf93e6249908e6389eb4eabf0f5,manual,split_fixed,9.0,4,0,0
zsNo4HB9uLZ-09,zsNo4HB9uLZ_65eefaf93e6249908e6389eb4eabf0f5,manual,split_fixed,12.0,4,1,0
zsNo4HB9uLZ-09,zsNo4HB9uLZ_65eefaf93e6249908e6389eb4eabf0f5,manual,bound_fixed,3.0,4,0,0
zsNo4HB9uLZ-09,zsNo4HB9uLZ_65eefaf93e6249908e6389eb4eabf0f5,manual,bound_fixed,6.0,4,0,0
zsNo4HB9uLZ-09,zsNo4HB9uLZ_65eefaf93e6249908e6389eb4eabf0f5,manual,bound_fixed,9.0,4,0,0
zsNo4HB9uLZ-09,zsNo4HB9uLZ_65eefaf93e6249908e6389eb4eabf0f5,manual,bound_fixed,12.0,4,1,0
zsNo4HB9uLZ-09,zsNo4HB9uLZ_65eefaf93e6249908e6389eb4eabf0f5,manual,split_cyclic,3.0,4,0,0
zsNo4HB9uLZ-09,zsNo4HB9uLZ_65eefaf93e6249908e6389eb4eabf0f5,manual,split_cyclic,6.0,4,0,0
zsNo4HB9uLZ-09,zsNo4HB9uLZ_65eefaf93e6249908e6389eb4eabf0f5,manual,split_cyclic,9.0,4,0,0
zsNo4HB9uLZ-09,zsNo4HB9uLZ_65eefaf93e6249908e6389eb4eabf0f5,manual,split_cyclic,12.0,4,1,0
zsNo4HB9uLZ-09,zsNo4HB9uLZ_65eefaf93e6249908e6389eb4eabf0f5,manual,bound_cyclic,3.0,4,0,0
zsNo4HB9uLZ-09,zsNo4HB9uLZ_65eefaf93e6249908e6389eb4eabf0f5,manual,bound_cyclic,6.0,4,0,0
zsNo4HB9uLZ-09,zsNo4HB9uLZ_65eefaf93e6249908e6389eb4eabf0f5,manual,bound_cyclic,9.0,4,0,0
zsNo4HB9uLZ-09,zsNo4HB9uLZ_65eefaf93e6249908e6389eb4eabf0f5,manual,bound_cyclic,12.0,4,1,0
zsNo4HB9uLZ-09,zsNo4HB9uLZ_65eefaf93e6249908e6389eb4eabf0f5,manual,split_free,3.0,4,0,0
zsNo4HB9uLZ-09,zsNo4HB9uLZ_65eefaf93e6249908e6389eb4eabf0f5,manual,split_free,6.0,4,0,0
zsNo4HB9uLZ-09,zsNo4HB9uLZ_65eefaf93e6249908e6389eb4eabf0f5,manual,split_free,9.0,4,0,0
zsNo4HB9uLZ-09,zsNo4HB9uLZ_65eefaf93e6249908e6389eb4eabf0f5,manual,split_free,12.0,4,1,0
zsNo4HB9uLZ-09,zsNo4HB9uLZ_65eefaf93e6249908e6389eb4eabf0f5,manual,bound_free,3.0,4,0,0
zsNo4HB9uLZ-09,zsNo4HB9uLZ_65eefaf93e6249908e6389eb4eabf0f5,manual,bound_free,6.0,4,0,0
zsNo4HB9uLZ-09,zsNo4HB9uLZ_65eefaf93e6249908e6389eb4eabf0f5,manual,bound_free,9.0,4,0,0
zsNo4HB9uLZ-09,zsNo4HB9uLZ_65eefaf93e6249908e6389eb4eabf0f5,manual,bound_free,12.0,4,1,0
zsNo4HB9uLZ-09,zsNo4HB9uLZ_65eefaf93e6249908e6389eb4eabf0f5,manual,top_fixed,3.0,4,0,0
zsNo4HB9uLZ-09,zsNo4HB9uLZ_65eefaf93e6249908e6389eb4eabf0f5,manual,top_fixed,6.0,4,1,0
zsNo4HB9uLZ-09,zsNo4HB9uLZ_65eefaf93e6249908e6389eb4eabf0f5,manual,top_fixed,9.0,4,1,0
zsNo4HB9uLZ-09,zsNo4HB9uLZ_65eefaf93e6249908e6389eb4eabf0f5,manual,top_fixed,12.0,4,2,1
zsNo4HB9uLZ-09,zsNo4HB9uLZ_65eefaf93e6249908e6389eb4eabf0f5,manual,bottom_fixed,3.0,4,0,0
zsNo4HB9uLZ-09,zsNo4HB9uLZ_65eefaf93e6249908e6389eb4eabf0f5,manual,bottom_fixed,6.0,4,0,0
zsNo4HB9uLZ-09,zsNo4HB9uLZ_65eefaf93e6249908e6389eb4eabf0f5,manual,bottom_fixed,9.0,4,1,0
zsNo4HB9uLZ-09,zsNo4HB9uLZ_65eefaf93e6249908e6389eb4eabf0f5,manual,bottom_fixed,12.0,4,2,1
zsNo4HB9uLZ-11,zsNo4HB9uLZ_935e0f6088a54fba87990835d1997d9a,manual,count_only,0.0,2,1,0
zsNo4HB9uLZ-11,zsNo4HB9uLZ_935e0f6088a54fba87990835d1997d9a,manual,split_fixed,3.0,2,1,0
zsNo4HB9uLZ-11,zsNo4HB9uLZ_935e0f6088a54fba87990835d1997d9a,manual,split_fixed,6.0,2,1,0
zsNo4HB9uLZ-11,zsNo4HB9uLZ_935e0f6088a54fba87990835d1997d9a,manual,split_fixed,9.0,2,1,0
zsNo4HB9uLZ-11,zsNo4HB9uLZ_935e0f6088a54fba87990835d1997d9a,manual,split_fixed,12.0,2,1,0
zsNo4HB9uLZ-11,zsNo4HB9uLZ_935e0f6088a54fba87990835d1997d9a,manual,bound_fixed,3.0,2,1,0
zsNo4HB9uLZ-11,zsNo4HB9uLZ_935e0f6088a54fba87990835d1997d9a,manual,bound_fixed,6.0,2,1,0
zsNo4HB9uLZ-11,zsNo4HB9uLZ_935e0f6088a54fba87990835d1997d9a,manual,bound_fixed,9.0,2,1,0
zsNo4HB9uLZ-11,zsNo4HB9uLZ_935e0f6088a54fba87990835d1997d9a,manual,bound_fixed,12.0,2,1,0
zsNo4HB9uLZ-11,zsNo4HB9uLZ_935e0f6088a54fba87990835d1997d9a,manual,split_cyclic,3.0,2,1,0
zsNo4HB9uLZ-11,zsNo4HB9uLZ_935e0f6088a54fba87990835d1997d9a,manual,split_cyclic,6.0,2,1,0
zsNo4HB9uLZ-11,zsNo4HB9uLZ_935e0f6088a54fba87990835d1997d9a,manual,split_cyclic,9.0,2,1,0
zsNo4HB9uLZ-11,zsNo4HB9uLZ_935e0f6088a54fba87990835d1997d9a,manual,split_cyclic,12.0,2,1,0
zsNo4HB9uLZ-11,zsNo4HB9uLZ_935e0f6088a54fba87990835d1997d9a,manual,bound_cyclic,3.0,2,1,0
zsNo4HB9uLZ-11,zsNo4HB9uLZ_935e0f6088a54fba87990835d1997d9a,manual,bound_cyclic,6.0,2,1,0
zsNo4HB9uLZ-11,zsNo4HB9uLZ_935e0f6088a54fba87990835d1997d9a,manual,bound_cyclic,9.0,2,1,0
zsNo4HB9uLZ-11,zsNo4HB9uLZ_935e0f6088a54fba87990835d1997d9a,manual,bound_cyclic,12.0,2,1,0
zsNo4HB9uLZ-11,zsNo4HB9uLZ_935e0f6088a54fba87990835d1997d9a,manual,split_free,3.0,2,1,0
zsNo4HB9uLZ-11,zsNo4HB9uLZ_935e0f6088a54fba87990835d1997d9a,manual,split_free,6.0,2,1,0
zsNo4HB9uLZ-11,zsNo4HB9uLZ_935e0f6088a54fba87990835d1997d9a,manual,split_free,9.0,2,1,0
zsNo4HB9uLZ-11,zsNo4HB9uLZ_935e0f6088a54fba87990835d1997d9a,manual,split_free,12.0,2,1,0
zsNo4HB9uLZ-11,zsNo4HB9uLZ_935e0f6088a54fba87990835d1997d9a,manual,bound_free,3.0,2,1,0
zsNo4HB9uLZ-11,zsNo4HB9uLZ_935e0f6088a54fba87990835d1997d9a,manual,bound_free,6.0,2,1,0
zsNo4HB9uLZ-11,zsNo4HB9uLZ_935e0f6088a54fba87990835d1997d9a,manual,bound_free,9.0,2,1,0
zsNo4HB9uLZ-11,zsNo4HB9uLZ_935e0f6088a54fba87990835d1997d9a,manual,bound_free,12.0,2,1,0
zsNo4HB9uLZ-11,zsNo4HB9uLZ_935e0f6088a54fba87990835d1997d9a,manual,top_fixed,3.0,2,1,0
zsNo4HB9uLZ-11,zsNo4HB9uLZ_935e0f6088a54fba87990835d1997d9a,manual,top_fixed,6.0,2,1,0
zsNo4HB9uLZ-11,zsNo4HB9uLZ_935e0f6088a54fba87990835d1997d9a,manual,top_fixed,9.0,2,1,0
zsNo4HB9uLZ-11,zsNo4HB9uLZ_935e0f6088a54fba87990835d1997d9a,manual,top_fixed,12.0,2,1,0
zsNo4HB9uLZ-11,zsNo4HB9uLZ_935e0f6088a54fba87990835d1997d9a,manual,bottom_fixed,3.0,2,1,0
zsNo4HB9uLZ-11,zsNo4HB9uLZ_935e0f6088a54fba87990835d1997d9a,manual,bottom_fixed,6.0,2,1,0
zsNo4HB9uLZ-11,zsNo4HB9uLZ_935e0f6088a54fba87990835d1997d9a,manual,bottom_fixed,9.0,2,1,0
zsNo4HB9uLZ-11,zsNo4HB9uLZ_935e0f6088a54fba87990835d1997d9a,manual,bottom_fixed,12.0,2,1,0
zsNo4HB9uLZ-13,zsNo4HB9uLZ_aabf649f606a48a1b16d5bdcd5970602,manual,count_only,0.0,4,3,0
zsNo4HB9uLZ-13,zsNo4HB9uLZ_aabf649f606a48a1b16d5bdcd5970602,manual,split_fixed,3.0,4,1,0
zsNo4HB9uLZ-13,zsNo4HB9uLZ_aabf649f606a48a1b16d5bdcd5970602,manual,split_fixed,6.0,4,3,0
zsNo4HB9uLZ-13,zsNo4HB9uLZ_aabf649f606a48a1b16d5bdcd5970602,manual,split_fixed,9.0,4,3,0
zsNo4HB9uLZ-13,zsNo4HB9uLZ_aabf649f606a48a1b16d5bdcd5970602,manual,split_fixed,12.0,4,3,0
zsNo4HB9uLZ-13,zsNo4HB9uLZ_aabf649f606a48a1b16d5bdcd5970602,manual,bound_fixed,3.0,4,1,0
zsNo4HB9uLZ-13,zsNo4HB9uLZ_aabf649f606a48a1b16d5bdcd5970602,manual,bound_fixed,6.0,4,3,0
zsNo4HB9uLZ-13,zsNo4HB9uLZ_aabf649f606a48a1b16d5bdcd5970602,manual,bound_fixed,9.0,4,3,0
zsNo4HB9uLZ-13,zsNo4HB9uLZ_aabf649f606a48a1b16d5bdcd5970602,manual,bound_fixed,12.0,4,3,0
zsNo4HB9uLZ-13,zsNo4HB9uLZ_aabf649f606a48a1b16d5bdcd5970602,manual,split_cyclic,3.0,4,1,0
zsNo4HB9uLZ-13,zsNo4HB9uLZ_aabf649f606a48a1b16d5bdcd5970602,manual,split_cyclic,6.0,4,3,0
zsNo4HB9uLZ-13,zsNo4HB9uLZ_aabf649f606a48a1b16d5bdcd5970602,manual,split_cyclic,9.0,4,3,0
zsNo4HB9uLZ-13,zsNo4HB9uLZ_aabf649f606a48a1b16d5bdcd5970602,manual,split_cyclic,12.0,4,3,0
zsNo4HB9uLZ-13,zsNo4HB9uLZ_aabf649f606a48a1b16d5bdcd5970602,manual,bound_cyclic,3.0,4,1,0
zsNo4HB9uLZ-13,zsNo4HB9uLZ_aabf649f606a48a1b16d5bdcd5970602,manual,bound_cyclic,6.0,4,3,0
zsNo4HB9uLZ-13,zsNo4HB9uLZ_aabf649f606a48a1b16d5bdcd5970602,manual,bound_cyclic,9.0,4,3,0
zsNo4HB9uLZ-13,zsNo4HB9uLZ_aabf649f606a48a1b16d5bdcd5970602,manual,bound_cyclic,12.0,4,3,0
zsNo4HB9uLZ-13,zsNo4HB9uLZ_aabf649f606a48a1b16d5bdcd5970602,manual,split_free,3.0,4,1,0
zsNo4HB9uLZ-13,zsNo4HB9uLZ_aabf649f606a48a1b16d5bdcd5970602,manual,split_free,6.0,4,3,0
zsNo4HB9uLZ-13,zsNo4HB9uLZ_aabf649f606a48a1b16d5bdcd5970602,manual,split_free,9.0,4,3,0
zsNo4HB9uLZ-13,zsNo4HB9uLZ_aabf649f606a48a1b16d5bdcd5970602,manual,split_free,12.0,4,3,0
zsNo4HB9uLZ-13,zsNo4HB9uLZ_aabf649f606a48a1b16d5bdcd5970602,manual,bound_free,3.0,4,1,0
zsNo4HB9uLZ-13,zsNo4HB9uLZ_aabf649f606a48a1b16d5bdcd5970602,manual,bound_free,6.0,4,3,0
zsNo4HB9uLZ-13,zsNo4HB9uLZ_aabf649f606a48a1b16d5bdcd5970602,manual,bound_free,9.0,4,3,0
zsNo4HB9uLZ-13,zsNo4HB9uLZ_aabf649f606a48a1b16d5bdcd5970602,manual,bound_free,12.0,4,3,0
zsNo4HB9uLZ-13,zsNo4HB9uLZ_aabf649f606a48a1b16d5bdcd5970602,manual,top_fixed,3.0,4,1,0
zsNo4HB9uLZ-13,zsNo4HB9uLZ_aabf649f606a48a1b16d5bdcd5970602,manual,top_fixed,6.0,4,3,0
zsNo4HB9uLZ-13,zsNo4HB9uLZ_aabf649f606a48a1b16d5bdcd5970602,manual,top_fixed,9.0,4,3,0
zsNo4HB9uLZ-13,zsNo4HB9uLZ_aabf649f606a48a1b16d5bdcd5970602,manual,top_fixed,12.0,4,3,0
zsNo4HB9uLZ-13,zsNo4HB9uLZ_aabf649f606a48a1b16d5bdcd5970602,manual,bottom_fixed,3.0,4,2,1
zsNo4HB9uLZ-13,zsNo4HB9uLZ_aabf649f606a48a1b16d5bdcd5970602,manual,bottom_fixed,6.0,4,3,0
zsNo4HB9uLZ-13,zsNo4HB9uLZ_aabf649f606a48a1b16d5bdcd5970602,manual,bottom_fixed,9.0,4,3,0
zsNo4HB9uLZ-13,zsNo4HB9uLZ_aabf649f606a48a1b16d5bdcd5970602,manual,bottom_fixed,12.0,4,3,0
zsNo4HB9uLZ-16,zsNo4HB9uLZ_faad06c7cb2b4a6f9220e7f6f87c800b,manual,count_only,0.0,2,1,0
zsNo4HB9uLZ-16,zsNo4HB9uLZ_faad06c7cb2b4a6f9220e7f6f87c800b,manual,split_fixed,3.0,2,0,0
zsNo4HB9uLZ-16,zsNo4HB9uLZ_faad06c7cb2b4a6f9220e7f6f87c800b,manual,split_fixed,6.0,2,0,0
zsNo4HB9uLZ-16,zsNo4HB9uLZ_faad06c7cb2b4a6f9220e7f6f87c800b,manual,split_fixed,9.0,2,0,0
zsNo4HB9uLZ-16,zsNo4HB9uLZ_faad06c7cb2b4a6f9220e7f6f87c800b,manual,split_fixed,12.0,2,0,0
zsNo4HB9uLZ-16,zsNo4HB9uLZ_faad06c7cb2b4a6f9220e7f6f87c800b,manual,bound_fixed,3.0,2,0,0
zsNo4HB9uLZ-16,zsNo4HB9uLZ_faad06c7cb2b4a6f9220e7f6f87c800b,manual,bound_fixed,6.0,2,0,0
zsNo4HB9uLZ-16,zsNo4HB9uLZ_faad06c7cb2b4a6f9220e7f6f87c800b,manual,bound_fixed,9.0,2,0,0
zsNo4HB9uLZ-16,zsNo4HB9uLZ_faad06c7cb2b4a6f9220e7f6f87c800b,manual,bound_fixed,12.0,2,0,0
zsNo4HB9uLZ-16,zsNo4HB9uLZ_faad06c7cb2b4a6f9220e7f6f87c800b,manual,split_cyclic,3.0,2,0,0
zsNo4HB9uLZ-16,zsNo4HB9uLZ_faad06c7cb2b4a6f9220e7f6f87c800b,manual,split_cyclic,6.0,2,0,0
zsNo4HB9uLZ-16,zsNo4HB9uLZ_faad06c7cb2b4a6f9220e7f6f87c800b,manual,split_cyclic,9.0,2,0,0
zsNo4HB9uLZ-16,zsNo4HB9uLZ_faad06c7cb2b4a6f9220e7f6f87c800b,manual,split_cyclic,12.0,2,0,0
zsNo4HB9uLZ-16,zsNo4HB9uLZ_faad06c7cb2b4a6f9220e7f6f87c800b,manual,bound_cyclic,3.0,2,0,0
zsNo4HB9uLZ-16,zsNo4HB9uLZ_faad06c7cb2b4a6f9220e7f6f87c800b,manual,bound_cyclic,6.0,2,0,0
zsNo4HB9uLZ-16,zsNo4HB9uLZ_faad06c7cb2b4a6f9220e7f6f87c800b,manual,bound_cyclic,9.0,2,0,0
zsNo4HB9uLZ-16,zsNo4HB9uLZ_faad06c7cb2b4a6f9220e7f6f87c800b,manual,bound_cyclic,12.0,2,0,0
zsNo4HB9uLZ-16,zsNo4HB9uLZ_faad06c7cb2b4a6f9220e7f6f87c800b,manual,split_free,3.0,2,0,0
zsNo4HB9uLZ-16,zsNo4HB9uLZ_faad06c7cb2b4a6f9220e7f6f87c800b,manual,split_free,6.0,2,0,0
zsNo4HB9uLZ-16,zsNo4HB9uLZ_faad06c7cb2b4a6f9220e7f6f87c800b,manual,split_free,9.0,2,1,0
zsNo4HB9uLZ-16,zsNo4HB9uLZ_faad06c7cb2b4a6f9220e7f6f87c800b,manual,split_free,12.0,2,1,0
zsNo4HB9uLZ-16,zsNo4HB9uLZ_faad06c7cb2b4a6f9220e7f6f87c800b,manual,bound_free,3.0,2,0,0
zsNo4HB9uLZ-16,zsNo4HB9uLZ_faad06c7cb2b4a6f9220e7f6f87c800b,manual,bound_free,6.0,2,0,0
zsNo4HB9uLZ-16,zsNo4HB9uLZ_faad06c7cb2b4a6f9220e7f6f87c800b,manual,bound_free,9.0,2,1,0
zsNo4HB9uLZ-16,zsNo4HB9uLZ_faad06c7cb2b4a6f9220e7f6f87c800b,manual,bound_free,12.0,2,1,0
zsNo4HB9uLZ-16,zsNo4HB9uLZ_faad06c7cb2b4a6f9220e7f6f87c800b,manual,top_fixed,3.0,2,0,0
zsNo4HB9uLZ-16,zsNo4HB9uLZ_faad06c7cb2b4a6f9220e7f6f87c800b,manual,top_fixed,6.0,2,0,0
zsNo4HB9uLZ-16,zsNo4HB9uLZ_faad06c7cb2b4a6f9220e7f6f87c800b,manual,top_fixed,9.0,2,0,0
zsNo4HB9uLZ-16,zsNo4HB9uLZ_faad06c7cb2b4a6f9220e7f6f87c800b,manual,top_fixed,12.0,2,1,0
zsNo4HB9uLZ-16,zsNo4HB9uLZ_faad06c7cb2b4a6f9220e7f6f87c800b,manual,bottom_fixed,3.0,2,0,0
zsNo4HB9uLZ-16,zsNo4HB9uLZ_faad06c7cb2b4a6f9220e7f6f87c800b,manual,bottom_fixed,6.0,2,0,0
zsNo4HB9uLZ-16,zsNo4HB9uLZ_faad06c7cb2b4a6f9220e7f6f87c800b,manual,bottom_fixed,9.0,2,0,0
zsNo4HB9uLZ-16,zsNo4HB9uLZ_faad06c7cb2b4a6f9220e7f6f87c800b,manual,bottom_fixed,12.0,2,0,0
