{
  "type": "FeatureCollection",
  "features": [
    {
      "type": "Feature",
      "properties": {
        "image": "x8F5xyUWy9e-01",
        "method": "mv50",
        "n": 5,
        "threshold": 3,
        "condition": "manual",
        "records": [
          "R00830",
          "R01515",
          "R01233",
          "R00027",
          "R01386"
        ],
        "workers": [
          "P017",
          "P018",
          "P019",
          "P025",
          "P026"
        ],
        "output_type": "BEV_region_only_no_ceiling",
        "coordinate_unit": "camera_height_h_not_geographic",
        "quality_eligibility_unchanged": true,
        "source": "new_four_case_endpoint_using_supplied_module"
      },
      "geometry": {
        "type": "Polygon",
        "coordinates": [
          [
            [
              -1.0848284608731726,
              -2.3184850519547178
            ],
            [
              -1.1761574179960108,
              -2.308430880077651
            ],
            [
              -1.172869768496388,
              -2.1859510707737644
            ],
            [
              -1.2081722401562813,
              -2.179141963386401
            ],
            [
              -1.1634654963261177,
              -1.7934112526334849
            ],
            [
              -1.1640290207698347,
              -1.5935771752799275
            ],
            [
              -1.1537655719825006,
              -1.474233369056052
            ],
            [
              -1.1394845916534515,
              -0.9422022788880832
            ],
            [
              -1.1157596541168937,
              -0.5982253062740676
            ],
            [
              -1.1235106804852388,
              -0.4377595972673555
            ],
            [
              -1.0839456305946042,
              -0.25001953423609197
            ],
            [
              -1.0393535713308222,
              -0.14384590199817127
            ],
            [
              -0.9921457046288774,
              0.40508912098086197
            ],
            [
              -0.10828375090034839,
              0.4052519346985652
            ],
            [
              0.29475106809139195,
              0.41128912140512996
            ],
            [
              0.4662687311021677,
              0.4095385381751538
            ],
            [
              0.4649741190022447,
              0.40535753291399657
            ],
            [
              0.47953366136582476,
              0.4053602148862325
            ],
            [
              0.6400084468370341,
              0.41283605487763453
            ],
            [
              0.6333381002265142,
              0.00982273775992585
            ],
            [
              0.6107543598407315,
              -0.326947455024103
            ],
            [
              0.5738190162390914,
              -1.4506636218629
            ],
            [
              0.5743376568621358,
              -1.7567354021173467
            ],
            [
              0.5466124541265882,
              -1.756195038896108
            ],
            [
              0.5047867968041113,
              -1.7862948422103972
            ],
            [
              0.09952171399788065,
              -1.7873389665747506
            ],
            [
              -0.05091160305042769,
              -1.9595728002547
            ],
            [
              -0.0695756228564497,
              -1.9660517983711052
            ],
            [
              -0.12928280003012235,
              -2.0493014053984973
            ],
            [
              -0.40077114223869587,
              -2.3601333334279833
            ],
            [
              -0.9215774429731923,
              -2.3331473376629104
            ],
            [
              -1.0108954118958458,
              -2.2928200510576637
            ],
            [
              -1.0848284608731726,
              -2.3184850519547178
            ]
          ]
        ]
      }
    },
    {
      "type": "Feature",
      "properties": {
        "image": "x8F5xyUWy9e-01",
        "method": "mv_strict",
        "n": 5,
        "threshold": 3,
        "condition": "manual",
        "records": [
          "R00830",
          "R01515",
          "R01233",
          "R00027",
          "R01386"
        ],
        "workers": [
          "P017",
          "P018",
          "P019",
          "P025",
          "P026"
        ],
        "output_type": "BEV_region_only_no_ceiling",
        "coordinate_unit": "camera_height_h_not_geographic",
        "quality_eligibility_unchanged": true,
        "source": "new_four_case_endpoint_using_supplied_module"
      },
      "geometry": {
        "type": "Polygon",
        "coordinates": [
          [
            [
              -1.0848284608731726,
              -2.3184850519547178
            ],
            [
              -1.1761574179960108,
              -2.308430880077651
            ],
            [
              -1.172869768496388,
              -2.1859510707737644
            ],
            [
              -1.2081722401562813,
              -2.179141963386401
            ],
            [
              -1.1634654963261177,
              -1.7934112526334849
            ],
            [
              -1.1640290207698347,
              -1.5935771752799275
            ],
            [
              -1.1537655719825006,
              -1.474233369056052
            ],
            [
              -1.1394845916534515,
              -0.9422022788880832
            ],
            [
              -1.1157596541168937,
              -0.5982253062740676
            ],
            [
              -1.1235106804852388,
              -0.4377595972673555
            ],
            [
              -1.0839456305946042,
              -0.25001953423609197
            ],
            [
              -1.0393535713308222,
              -0.14384590199817127
            ],
            [
              -0.9921457046288774,
              0.40508912098086197
            ],
            [
              -0.10828375090034839,
              0.4052519346985652
            ],
            [
              0.29475106809139195,
              0.41128912140512996
            ],
            [
              0.4662687311021677,
              0.4095385381751538
            ],
            [
              0.4649741190022447,
              0.40535753291399657
            ],
            [
              0.47953366136582476,
              0.4053602148862325
            ],
            [
              0.6400084468370341,
              0.41283605487763453
            ],
            [
              0.6333381002265142,
              0.00982273775992585
            ],
            [
              0.6107543598407315,
              -0.326947455024103
            ],
            [
              0.5738190162390914,
              -1.4506636218629
            ],
            [
              0.5743376568621358,
              -1.7567354021173467
            ],
            [
              0.5466124541265882,
              -1.756195038896108
            ],
            [
              0.5047867968041113,
              -1.7862948422103972
            ],
            [
              0.09952171399788065,
              -1.7873389665747506
            ],
            [
              -0.05091160305042769,
              -1.9595728002547
            ],
            [
              -0.0695756228564497,
              -1.9660517983711052
            ],
            [
              -0.12928280003012235,
              -2.0493014053984973
            ],
            [
              -0.40077114223869587,
              -2.3601333334279833
            ],
            [
              -0.9215774429731923,
              -2.3331473376629104
            ],
            [
              -1.0108954118958458,
              -2.2928200510576637
            ],
            [
              -1.0848284608731726,
              -2.3184850519547178
            ]
          ]
        ]
      }
    },
    {
      "type": "Feature",
      "properties": {
        "image": "x8F5xyUWy9e-09",
        "method": "mv50",
        "n": 24,
        "threshold": 12,
        "condition": "manual",
        "records": [
          "R01061",
          "R02474",
          "R01080",
          "R01876",
          "R00467",
          "R01352",
          "R01282",
          "R01317",
          "R02311",
          "R00059",
          "R00178",
          "R00050",
          "R01211",
          "R02075",
          "R00461",
          "R01678",
          "R01034",
          "R00878",
          "R01177",
          "R02300",
          "R00439",
          "R00476",
          "R01488",
          "R02254"
        ],
        "workers": [
          "P001",
          "P002",
          "P003",
          "P004",
          "P005",
          "P006",
          "P007",
          "P008",
          "P009",
          "P010",
          "P011",
          "P012",
          "P014",
          "P017",
          "P018",
          "P019",
          "P020",
          "P021",
          "P022",
          "P023",
          "P024",
          "P025",
          "P026",
          "P027"
        ],
        "output_type": "BEV_region_only_no_ceiling",
        "coordinate_unit": "camera_height_h_not_geographic",
        "quality_eligibility_unchanged": true,
        "source": "new_four_case_endpoint_using_supplied_module"
      },
      "geometry": {
        "type": "Polygon",
        "coordinates": [
          [
            [
              -0.7767052691503061,
              -0.9618180687721832
            ],
            [
              -0.8233307711243161,
              -0.9612210632996522
            ],
            [
              -0.8369759989401421,
              -0.9610463461312553
            ],
            [
              -0.7657666868343864,
              0.06158679375036803
            ],
            [
              -0.7520116093589195,
              0.259122729038734
            ],
            [
              -0.747825624868043,
              0.3958195157518098
            ],
            [
              -0.7472221385072059,
              0.4024094078712188
            ],
            [
              -0.7452808600137918,
              0.4236075934069799
            ],
            [
              -0.7450193641228415,
              0.4697250679466621
            ],
            [
              -0.7273655826729764,
              1.0092156120353322
            ],
            [
              -0.6889166615349703,
              1.299554619086299
            ],
            [
              -0.6627430436851217,
              1.7397813105830584
            ],
            [
              -0.6613486439125317,
              1.7396511690470255
            ],
            [
              -0.661253925865214,
              1.7414163289083733
            ],
            [
              -0.6487906091350134,
              1.7414740176444696
            ],
            [
              -0.6455376925362121,
              1.7881889797306763
            ],
            [
              -0.6389727562140728,
              1.788300979369505
            ],
            [
              -0.6387364390634587,
              1.7934133683289832
            ],
            [
              -0.6236756392256156,
              1.7922085889675021
            ],
            [
              -0.6229791070394826,
              1.7974683064658175
            ],
            [
              -0.5352867141397195,
              1.7919136647576903
            ],
            [
              -0.5320274270875516,
              1.7901254964171733
            ],
            [
              -0.5123549658973581,
              1.7904611140743842
            ],
            [
              -0.4976630785416782,
              1.7907117617572872
            ],
            [
              -0.4952278757110147,
              1.7893762440378616
            ],
            [
              -0.2480782402088674,
              1.7737212068320931
            ],
            [
              -0.10947089739568693,
              1.7973344282922086
            ],
            [
              -0.06180113575877054,
              1.7981476876788054
            ],
            [
              0.14843331102295476,
              1.801734345789947
            ],
            [
              0.1709186523889701,
              1.8011784482664546
            ],
            [
              0.7392723311097227,
              1.7871272316393298
            ],
            [
              0.8709255266278768,
              1.7838724140158342
            ],
            [
              0.8743886240429464,
              1.7837867970245103
            ],
            [
              0.8744086191682452,
              1.7830249633353321
            ],
            [
              0.8842557082152931,
              1.7806291262402305
            ],
            [
              0.8854649976682806,
              1.7485755997290122
            ],
            [
              0.9109233604341461,
              1.748693438407338
            ],
            [
              0.911084923634209,
              1.7002970950762732
            ],
            [
              0.9309245107501696,
              1.699040409126418
            ],
            [
              0.935471342034706,
              1.621314982744968
            ],
            [
              0.9357030072308969,
              1.261350803436008
            ],
            [
              0.9595602269982911,
              0.9851157314440941
            ],
            [
              0.9589756432026366,
              0.7427397070291302
            ],
            [
              0.9614723618602782,
              0.7412773766742143
            ],
            [
              0.9590243305211802,
              0.6125115567451728
            ],
            [
              0.9710729171397576,
              0.36780243022819026
            ],
            [
              0.9597710302521999,
              -0.22098626115395978
            ],
            [
              0.9658343392663421,
              -0.38170083263259985
            ],
            [
              0.9566769637765185,
              -0.38217627919169866
            ],
            [
              0.9564336633005376,
              -0.3948513811716234
            ],
            [
              0.9562319307628253,
              -0.3948390596809421
            ],
            [
              0.9528537275750832,
              -0.39463272460198384
            ],
            [
              0.9399949083337759,
              -0.3938473291310743
            ],
            [
              0.9399248395220768,
              -0.4007559661343622
            ],
            [
              0.937598633501849,
              -0.40056902448472
            ],
            [
              0.937593622470042,
              -0.4011588268706121
            ],
            [
              0.9287637571430996,
              -0.4018592841413645
            ],
            [
              0.9000836973264548,
              -0.40174019009941
            ],
            [
              0.7951727189400112,
              -0.40833103503332596
            ],
            [
              0.7673090943322537,
              -0.40697441912891674
            ],
            [
              0.7067453975999781,
              -0.4040257117954872
            ],
            [
              0.6595653469115897,
              -0.4132116719654486
            ],
            [
              0.5367901373373001,
              -0.42031909158380654
            ],
            [
              0.4923586920424568,
              -0.42146993296079927
            ],
            [
              0.4911569342702643,
              -0.4229607838590774
            ],
            [
              0.48848188622255123,
              -0.4231156415786471
            ],
            [
              0.4082720848606907,
              -0.5171857008037405
            ],
            [
              0.33103236928420254,
              -0.6216046845432708
            ],
            [
              0.2071879867659098,
              -0.7752408940992523
            ],
            [
              0.18661552595962447,
              -0.8072668378360309
            ],
            [
              0.12089363115776945,
              -0.8875656163427069
            ],
            [
              0.10199918134882908,
              -0.9186556738687204
            ],
            [
              0.07655522938062123,
              -0.9605226738808827
            ],
            [
              0.06830447014947406,
              -0.9606298875017325
            ],
            [
              0.06544769648411904,
              -0.9606670095459021
            ],
            [
              0.0587379040537417,
              -0.968379072220241
            ],
            [
              0.058620395050941805,
              -0.9683754762487695
            ],
            [
              0.03730550563483517,
              -0.9972551340403292
            ],
            [
              0.031173622318607246,
              -0.997185205660901
            ],
            [
              0.02883442848097972,
              -1.000043224414288
            ],
            [
              0.015026134846434993,
              -0.9986036513904316
            ],
            [
              0.012237325290158557,
              -1.0029801001438918
            ],
            [
              -0.1697396368252708,
              -0.9977668539428473
            ],
            [
              -0.20479169226143368,
              -0.9944942425099597
            ],
            [
              -0.20649870848247226,
              -0.9944747755906074
            ],
            [
              -0.20839193431889627,
              -0.9941581083468755
            ],
            [
              -0.2658238656706042,
              -0.9887960149456279
            ],
            [
              -0.35157259934900514,
              -0.9789675586039875
            ],
            [
              -0.40618401527061476,
              -0.9667955780943467
            ],
            [
              -0.4525149546871772,
              -0.9673976206013525
            ],
            [
              -0.4898236704405955,
              -0.9678824247742919
            ],
            [
              -0.777550366958466,
              -0.9716212589936166
            ],
            [
              -0.7767052691503061,
              -0.9618180687721832
            ]
          ]
        ]
      }
    },
    {
      "type": "Feature",
      "properties": {
        "image": "x8F5xyUWy9e-09",
        "method": "mv_strict",
        "n": 24,
        "threshold": 13,
        "condition": "manual",
        "records": [
          "R01061",
          "R02474",
          "R01080",
          "R01876",
          "R00467",
          "R01352",
          "R01282",
          "R01317",
          "R02311",
          "R00059",
          "R00178",
          "R00050",
          "R01211",
          "R02075",
          "R00461",
          "R01678",
          "R01034",
          "R00878",
          "R01177",
          "R02300",
          "R00439",
          "R00476",
          "R01488",
          "R02254"
        ],
        "workers": [
          "P001",
          "P002",
          "P003",
          "P004",
          "P005",
          "P006",
          "P007",
          "P008",
          "P009",
          "P010",
          "P011",
          "P012",
          "P014",
          "P017",
          "P018",
          "P019",
          "P020",
          "P021",
          "P022",
          "P023",
          "P024",
          "P025",
          "P026",
          "P027"
        ],
        "output_type": "BEV_region_only_no_ceiling",
        "coordinate_unit": "camera_height_h_not_geographic",
        "quality_eligibility_unchanged": true,
        "source": "new_four_case_endpoint_using_supplied_module"
      },
      "geometry": {
        "type": "Polygon",
        "coordinates": [
          [
            [
              -0.7657666868343864,
              0.06158679375036803
            ],
            [
              -0.7520116093589195,
              0.259122729038734
            ],
            [
              -0.7518216475716757,
              0.2618507601515505
            ],
            [
              -0.7472221385072059,
              0.4024094078712188
            ],
            [
              -0.7452808600137918,
              0.4236075934069799
            ],
            [
              -0.7330652164596675,
              0.5569987989334182
            ],
            [
              -0.6889166615349703,
              1.299554619086299
            ],
            [
              -0.682271491428573,
              1.349734234879706
            ],
            [
              -0.6613486439125317,
              1.7396511690470255
            ],
            [
              -0.6489978079846116,
              1.7384984459969044
            ],
            [
              -0.6487906091350134,
              1.7414740176444696
            ],
            [
              -0.6455376925362121,
              1.7881889797306763
            ],
            [
              -0.6389727562140728,
              1.788300979369505
            ],
            [
              -0.6301003608538881,
              1.788452344901039
            ],
            [
              -0.6300264533471485,
              1.7897377220643105
            ],
            [
              -0.6240647106203479,
              1.7892705974953091
            ],
            [
              -0.6236756392256156,
              1.7922085889675021
            ],
            [
              -0.5861026204394885,
              1.7892029585846903
            ],
            [
              -0.5320274270875516,
              1.7901254964171733
            ],
            [
              -0.5123549658973581,
              1.7904611140743842
            ],
            [
              -0.4952278757110147,
              1.7893762440378616
            ],
            [
              -0.4793390570188692,
              1.7806624734077912
            ],
            [
              -0.2942458944529531,
              1.7658560604276272
            ],
            [
              -0.2480782402088674,
              1.7737212068320931
            ],
            [
              -0.22587716220673057,
              1.772314938514418
            ],
            [
              -0.06180113575877054,
              1.7981476876788054
            ],
            [
              0.14843331102295476,
              1.801734345789947
            ],
            [
              0.1709186523889701,
              1.8011784482664546
            ],
            [
              0.6125382326580606,
              1.7614075919865897
            ],
            [
              0.7392723311097227,
              1.7871272316393298
            ],
            [
              0.8709255266278768,
              1.7838724140158342
            ],
            [
              0.8744086191682452,
              1.7830249633353321
            ],
            [
              0.8753140120857767,
              1.7485286140396437
            ],
            [
              0.8854649976682806,
              1.7485755997290122
            ],
            [
              0.8859096870023684,
              1.7367886273674928
            ],
            [
              0.9037481169190078,
              1.7351821550456796
            ],
            [
              0.9054481506202529,
              1.7006541414909875
            ],
            [
              0.911084923634209,
              1.7002970950762732
            ],
            [
              0.9111879745959616,
              1.669428124149545
            ],
            [
              0.9221360345413311,
              1.6685523408702734
            ],
            [
              0.9209198123258144,
              1.4325206609756145
            ],
            [
              0.9357030072308969,
              1.261350803436008
            ],
            [
              0.9358172416236484,
              1.0838520245441676
            ],
            [
              0.9396750195392992,
              1.0054998083116156
            ],
            [
              0.9541190691194127,
              0.9987651253683422
            ],
            [
              0.9517085790089658,
              0.7610958860978772
            ],
            [
              0.9524234188423228,
              0.7465773507079565
            ],
            [
              0.9589756432026366,
              0.7427397070291302
            ],
            [
              0.9586784888731004,
              0.6195356675636431
            ],
            [
              0.9590243305211802,
              0.6125115567451728
            ],
            [
              0.9586088359135618,
              0.5906566470585233
            ],
            [
              0.9568387067806879,
              -0.14326185207937503
            ],
            [
              0.9597710302521999,
              -0.22098626115395978
            ],
            [
              0.9566769637765185,
              -0.38217627919169866
            ],
            [
              0.9562624200587627,
              -0.38219780210341303
            ],
            [
              0.9562319307628253,
              -0.3948390596809421
            ],
            [
              0.9528537275750832,
              -0.39463272460198384
            ],
            [
              0.9399949083337759,
              -0.3938473291310743
            ],
            [
              0.9398920583541033,
              -0.39384104722394875
            ],
            [
              0.9398322470553803,
              -0.3969871061808304
            ],
            [
              0.9376279817683488,
              -0.397114710429273
            ],
            [
              0.937598633501849,
              -0.40056902448472
            ],
            [
              0.9293182233154655,
              -0.39990358319254876
            ],
            [
              0.9000836973264548,
              -0.40174019009941
            ],
            [
              0.8605613649640583,
              -0.4015760734853373
            ],
            [
              0.7673090943322537,
              -0.40697441912891674
            ],
            [
              0.7067453975999781,
              -0.4040257117954872
            ],
            [
              0.6373989127428745,
              -0.40064939067444294
            ],
            [
              0.603579059711131,
              -0.40050895362439465
            ],
            [
              0.4902256038818811,
              -0.40639421087914684
            ],
            [
              0.4082720848606907,
              -0.5171857008037405
            ],
            [
              0.2844142349765591,
              -0.6624461936146993
            ],
            [
              0.24761959882503326,
              -0.7122994431379198
            ],
            [
              0.2071879867659098,
              -0.7752408940992523
            ],
            [
              0.14562257422633157,
              -0.8516163939805973
            ],
            [
              0.12549196645620353,
              -0.8799992404811262
            ],
            [
              0.12089363115776945,
              -0.8875656163427069
            ],
            [
              0.10199918134882908,
              -0.9186556738687204
            ],
            [
              0.07655522938062123,
              -0.9605226738808827
            ],
            [
              0.06830447014947406,
              -0.9606298875017325
            ],
            [
              0.06544769648411904,
              -0.9606670095459021
            ],
            [
              0.06429867795056028,
              -0.9606819403460812
            ],
            [
              0.058620395050941805,
              -0.9683754762487695
            ],
            [
              0.054847920245010874,
              -0.9682600322278355
            ],
            [
              0.031173622318607246,
              -0.997185205660901
            ],
            [
              0.016039989152004774,
              -0.9970126207652621
            ],
            [
              0.015026134846434993,
              -0.9986036513904316
            ],
            [
              -0.0022338520607972606,
              -0.9968042247413917
            ],
            [
              -0.20479169226143368,
              -0.9944942425099597
            ],
            [
              -0.20839193431889627,
              -0.9941581083468755
            ],
            [
              -0.37065631544517763,
              -0.9670172288286819
            ],
            [
              -0.397142636349512,
              -0.9666780908493007
            ],
            [
              -0.40618401527061476,
              -0.9667955780943467
            ],
            [
              -0.4525149546871772,
              -0.9673976206013525
            ],
            [
              -0.4898236704405955,
              -0.9678824247742919
            ],
            [
              -0.5195039735141952,
              -0.9651113433651823
            ],
            [
              -0.7767052691503061,
              -0.9618180687721832
            ],
            [
              -0.8233307711243161,
              -0.9612210632996522
            ],
            [
              -0.7659177233359662,
              0.0044366543917070305
            ],
            [
              -0.7657666868343864,
              0.06158679375036803
            ]
          ]
        ]
      }
    },
    {
      "type": "Feature",
      "properties": {
        "image": "uNb9QFRL6hY-47",
        "method": "mv50",
        "n": 23,
        "threshold": 12,
        "condition": "manual",
        "records": [
          "R01724",
          "R00379",
          "R02097",
          "R01698",
          "R01729",
          "R01731",
          "R00280",
          "R00161",
          "R00259",
          "R00055",
          "R00317",
          "R00807",
          "R00061",
          "R01613",
          "R02299",
          "R01648",
          "R00537",
          "R01711",
          "R00491",
          "R00305",
          "R00542",
          "R02021",
          "R01050"
        ],
        "workers": [
          "P001",
          "P002",
          "P003",
          "P004",
          "P005",
          "P006",
          "P007",
          "P008",
          "P009",
          "P010",
          "P011",
          "P012",
          "P014",
          "P017",
          "P018",
          "P019",
          "P020",
          "P021",
          "P022",
          "P023",
          "P024",
          "P025",
          "P026"
        ],
        "output_type": "BEV_region_only_no_ceiling",
        "coordinate_unit": "camera_height_h_not_geographic",
        "quality_eligibility_unchanged": true,
        "source": "new_four_case_endpoint_using_supplied_module"
      },
      "geometry": {
        "type": "Polygon",
        "coordinates": [
          [
            [
              -1.1606969012392268,
              -0.7960705466614021
            ],
            [
              -1.1598506451194657,
              -0.773023147141231
            ],
            [
              -1.1612081178552294,
              -0.7728435506630258
            ],
            [
              -1.1647561048244273,
              -0.6116416715452281
            ],
            [
              -1.1498255258089123,
              -0.2891970496865709
            ],
            [
              -1.1421704539594988,
              -0.18098116017378416
            ],
            [
              -1.1400211609736113,
              -0.15059768933683185
            ],
            [
              -1.1337317889170018,
              -0.06168800893520179
            ],
            [
              -1.1318738235098684,
              -0.011087168323330395
            ],
            [
              -1.1301441570641322,
              -0.01097146703462618
            ],
            [
              -1.1295318156827405,
              -0.0023151057912166
            ],
            [
              -1.1282904302524337,
              0.015233733881549685
            ],
            [
              -1.1271933842442623,
              0.015299062470696151
            ],
            [
              -1.0964936389234092,
              0.01712721829463449
            ],
            [
              -1.0947715718247117,
              0.017229766604491582
            ],
            [
              -1.0947899156731054,
              0.023692187108095373
            ],
            [
              -1.0938269367798963,
              0.02740284046732557
            ],
            [
              -1.039123269842135,
              0.029480361802900895
            ],
            [
              -1.0387578023657673,
              0.032533681041045294
            ],
            [
              -0.9580671723962398,
              0.03458286842826922
            ],
            [
              -0.9562492983042413,
              0.03487870062481815
            ],
            [
              -0.954970119396404,
              0.04229994484949053
            ],
            [
              -0.8890746282608057,
              0.04581038741152573
            ],
            [
              -0.870413242475672,
              0.04884725271026248
            ],
            [
              -0.8307745550248985,
              0.04891620019067257
            ],
            [
              -0.6199027150532822,
              0.06014995032158457
            ],
            [
              -0.5994218350443953,
              0.060576729165300235
            ],
            [
              -0.5979621187308379,
              0.06131878906668549
            ],
            [
              -0.4310621550709452,
              0.07021003072733537
            ],
            [
              -0.4308933822660185,
              0.07041135258395138
            ],
            [
              -0.43089007120180767,
              0.07043713698656316
            ],
            [
              -0.4203874098523782,
              0.07077870514357164
            ],
            [
              -0.32023533035919727,
              0.07403585683826203
            ],
            [
              -0.3202547301998936,
              0.07611306132553543
            ],
            [
              -0.30814001131886376,
              0.07675844728524464
            ],
            [
              -0.30785383883374257,
              0.09659403118502337
            ],
            [
              -0.32056673790292967,
              0.10952074806665396
            ],
            [
              -0.320865871657379,
              0.14154997896414387
            ],
            [
              -0.3125256224207038,
              0.14268735948122008
            ],
            [
              -0.31672108749938793,
              0.8662577895106109
            ],
            [
              -0.3155368080972449,
              0.8750353733663864
            ],
            [
              -0.31615105368767366,
              0.9235876991187599
            ],
            [
              -0.3167706838277546,
              0.9289257122318721
            ],
            [
              -0.3171009510205174,
              0.9317709105070376
            ],
            [
              -0.3179710421690303,
              0.9392666045669785
            ],
            [
              -0.3171837502218965,
              0.9460508657978962
            ],
            [
              -0.3172145589819067,
              0.9513642952535489
            ],
            [
              -0.31721062536896644,
              0.9513958971329572
            ],
            [
              -0.3165502241289545,
              0.9515100941397687
            ],
            [
              -0.3165088195731533,
              0.951866885954709
            ],
            [
              -0.316568159516637,
              0.9565573425262235
            ],
            [
              -0.31671064061673393,
              0.9678195947804579
            ],
            [
              -0.3162797801894046,
              0.9706067545748746
            ],
            [
              -0.3143133174969202,
              0.9707859917227957
            ],
            [
              -0.3139434462427448,
              0.9739732505525962
            ],
            [
              -0.3105449978404105,
              0.973886710074941
            ],
            [
              -0.3103530027006841,
              0.975273271022709
            ],
            [
              -0.29632826293558895,
              0.9771727242731961
            ],
            [
              -0.2963900325706716,
              0.9790064884722826
            ],
            [
              -0.2951265391764751,
              0.9787662639992413
            ],
            [
              -0.29500992732583586,
              0.9868490262049867
            ],
            [
              -0.2920053277683193,
              0.9870445069265484
            ],
            [
              -0.25321030164472347,
              0.9830124441610577
            ],
            [
              -0.21908524853862907,
              0.979465743211273
            ],
            [
              -0.1869265433601373,
              0.9823969122688203
            ],
            [
              -0.16341788742202334,
              0.9870138263849558
            ],
            [
              -0.14691800164077012,
              0.9902542734687292
            ],
            [
              -0.0994832179688839,
              0.9995700898602357
            ],
            [
              -0.001906593651692985,
              1.0059184729189268
            ],
            [
              0.17865429395164042,
              1.0371411776357575
            ],
            [
              0.19735737489036553,
              1.036937683784048
            ],
            [
              0.2003479395873942,
              1.0190772520972744
            ],
            [
              0.21656728612044066,
              1.0201324907415086
            ],
            [
              0.21708381397875065,
              1.0192212387392894
            ],
            [
              0.2494275626868104,
              1.022169273956875
            ],
            [
              0.24949906044198802,
              1.0124415782320129
            ],
            [
              0.24612457763044002,
              0.9902542734687291
            ],
            [
              0.24966213528816789,
              0.9902542734687291
            ],
            [
              0.24977838328809152,
              0.9744380402307505
            ],
            [
              0.25232001738196586,
              0.9652114880224236
            ],
            [
              0.25704684633248776,
              0.9652364947028387
            ],
            [
              0.25686425091263965,
              0.9490410882944188
            ],
            [
              0.27251921244738564,
              0.9214228005027837
            ],
            [
              0.28267236951591573,
              0.8706994488119586
            ],
            [
              0.28355232602959124,
              0.8663033438945886
            ],
            [
              0.2866137350128835,
              0.8510090936942943
            ],
            [
              0.2891861004225981,
              0.8313815080458794
            ],
            [
              0.29171294544627135,
              0.8222086426088515
            ],
            [
              0.2929053539819901,
              0.8195772937604773
            ],
            [
              0.2941481943152931,
              0.8133682863654208
            ],
            [
              0.4286951228434014,
              0.14119596315722865
            ],
            [
              0.4565964643118701,
              0.08485970944344524
            ],
            [
              0.4507229542042304,
              0.08048493177068457
            ],
            [
              0.4583890105085593,
              0.079804178951059
            ],
            [
              0.45910781474815926,
              0.0797889828082083
            ],
            [
              0.4591330096729378,
              0.0797381111439828
            ],
            [
              0.5014213917721185,
              0.07598286409014048
            ],
            [
              0.5193723194071541,
              0.06737624071103214
            ],
            [
              0.5407683088050096,
              0.06721925429952784
            ],
            [
              0.5440596801145576,
              0.055539815309922316
            ],
            [
              0.5711427872829462,
              0.04255474244497414
            ],
            [
              0.5923475808056401,
              0.04116012457238933
            ],
            [
              0.621319012639553,
              0.03925470273526057
            ],
            [
              0.6199042288304711,
              0.024493725750971224
            ],
            [
              0.6306449772261234,
              0.023802811288344067
            ],
            [
              0.6304624446596193,
              0.014113763772522494
            ],
            [
              0.6414658559472195,
              0.008838146892814853
            ],
            [
              0.6504723734757395,
              -0.27167642109295775
            ],
            [
              0.6261065818162023,
              -0.5207995204836342
            ],
            [
              0.6407989399465865,
              -0.6275777207324988
            ],
            [
              0.6427302567932841,
              -0.6343987285063778
            ],
            [
              0.6491844207264298,
              -0.6571934876558946
            ],
            [
              0.6574636842065094,
              -0.6864341172585302
            ],
            [
              0.6519198779233498,
              -0.708400263424424
            ],
            [
              0.6565337419521069,
              -0.7419319873867476
            ],
            [
              0.658705920664956,
              -0.751376927268359
            ],
            [
              0.6586660449566409,
              -0.7574287153584498
            ],
            [
              0.6623416333028991,
              -0.7841414258019498
            ],
            [
              0.6683215086433794,
              -0.827600775274827
            ],
            [
              0.6695774218520327,
              -0.8667171096446257
            ],
            [
              0.6651560197828056,
              -0.8903736876573835
            ],
            [
              0.6612024706007299,
              -0.8901338734832486
            ],
            [
              0.6611221136357759,
              -0.8976106205602808
            ],
            [
              0.5733510373212664,
              -0.8931665780481542
            ],
            [
              0.41109576701325523,
              -0.8849512370800022
            ],
            [
              0.327521132169881,
              -0.8856388478593714
            ],
            [
              0.2620618143861865,
              -0.8774053204861156
            ],
            [
              -0.3107639809391463,
              -0.8484018914140302
            ],
            [
              -0.5978051501206185,
              -0.8473829400368926
            ],
            [
              -0.6527742052010623,
              -0.8401104192395141
            ],
            [
              -0.6529040454220875,
              -0.8310785879351533
            ],
            [
              -0.7632831961569022,
              -0.8254898489232239
            ],
            [
              -0.8893533294064908,
              -0.8191066409782393
            ],
            [
              -1.1604920415971252,
              -0.8053782920248697
            ],
            [
              -1.161037649373143,
              -0.8053506667039395
            ],
            [
              -1.1606969012392268,
              -0.7960705466614021
            ]
          ]
        ]
      }
    },
    {
      "type": "Feature",
      "properties": {
        "image": "uNb9QFRL6hY-47",
        "method": "mv_strict",
        "n": 23,
        "threshold": 12,
        "condition": "manual",
        "records": [
          "R01724",
          "R00379",
          "R02097",
          "R01698",
          "R01729",
          "R01731",
          "R00280",
          "R00161",
          "R00259",
          "R00055",
          "R00317",
          "R00807",
          "R00061",
          "R01613",
          "R02299",
          "R01648",
          "R00537",
          "R01711",
          "R00491",
          "R00305",
          "R00542",
          "R02021",
          "R01050"
        ],
        "workers": [
          "P001",
          "P002",
          "P003",
          "P004",
          "P005",
          "P006",
          "P007",
          "P008",
          "P009",
          "P010",
          "P011",
          "P012",
          "P014",
          "P017",
          "P018",
          "P019",
          "P020",
          "P021",
          "P022",
          "P023",
          "P024",
          "P025",
          "P026"
        ],
        "output_type": "BEV_region_only_no_ceiling",
        "coordinate_unit": "camera_height_h_not_geographic",
        "quality_eligibility_unchanged": true,
        "source": "new_four_case_endpoint_using_supplied_module"
      },
      "geometry": {
        "type": "Polygon",
        "coordinates": [
          [
            [
              -1.1606969012392268,
              -0.7960705466614021
            ],
            [
              -1.1598506451194657,
              -0.773023147141231
            ],
            [
              -1.1612081178552294,
              -0.7728435506630258
            ],
            [
              -1.1647561048244273,
              -0.6116416715452281
            ],
            [
              -1.1498255258089123,
              -0.2891970496865709
            ],
            [
              -1.1421704539594988,
              -0.18098116017378416
            ],
            [
              -1.1400211609736113,
              -0.15059768933683185
            ],
            [
              -1.1337317889170018,
              -0.06168800893520179
            ],
            [
              -1.1318738235098684,
              -0.011087168323330395
            ],
            [
              -1.1301441570641322,
              -0.01097146703462618
            ],
            [
              -1.1295318156827405,
              -0.0023151057912166
            ],
            [
              -1.1282904302524337,
              0.015233733881549685
            ],
            [
              -1.1271933842442623,
              0.015299062470696151
            ],
            [
              -1.0964936389234092,
              0.01712721829463449
            ],
            [
              -1.0947715718247117,
              0.017229766604491582
            ],
            [
              -1.0947899156731054,
              0.023692187108095373
            ],
            [
              -1.0938269367798963,
              0.02740284046732557
            ],
            [
              -1.039123269842135,
              0.029480361802900895
            ],
            [
              -1.0387578023657673,
              0.032533681041045294
            ],
            [
              -0.9580671723962398,
              0.03458286842826922
            ],
            [
              -0.9562492983042413,
              0.03487870062481815
            ],
            [
              -0.954970119396404,
              0.04229994484949053
            ],
            [
              -0.8890746282608057,
              0.04581038741152573
            ],
            [
              -0.870413242475672,
              0.04884725271026248
            ],
            [
              -0.8307745550248985,
              0.04891620019067257
            ],
            [
              -0.6199027150532822,
              0.06014995032158457
            ],
            [
              -0.5994218350443953,
              0.060576729165300235
            ],
            [
              -0.5979621187308379,
              0.06131878906668549
            ],
            [
              -0.4310621550709452,
              0.07021003072733537
            ],
            [
              -0.4308933822660185,
              0.07041135258395138
            ],
            [
              -0.43089007120180767,
              0.07043713698656316
            ],
            [
              -0.4203874098523782,
              0.07077870514357164
            ],
            [
              -0.32023533035919727,
              0.07403585683826203
            ],
            [
              -0.3202547301998936,
              0.07611306132553543
            ],
            [
              -0.30814001131886376,
              0.07675844728524464
            ],
            [
              -0.30785383883374257,
              0.09659403118502337
            ],
            [
              -0.32056673790292967,
              0.10952074806665396
            ],
            [
              -0.320865871657379,
              0.14154997896414387
            ],
            [
              -0.3125256224207038,
              0.14268735948122008
            ],
            [
              -0.31672108749938793,
              0.8662577895106109
            ],
            [
              -0.3155368080972449,
              0.8750353733663864
            ],
            [
              -0.31615105368767366,
              0.9235876991187599
            ],
            [
              -0.3167706838277546,
              0.9289257122318721
            ],
            [
              -0.3171009510205174,
              0.9317709105070376
            ],
            [
              -0.3179710421690303,
              0.9392666045669785
            ],
            [
              -0.3171837502218965,
              0.9460508657978962
            ],
            [
              -0.3172145589819067,
              0.9513642952535489
            ],
            [
              -0.31721062536896644,
              0.9513958971329572
            ],
            [
              -0.3165502241289545,
              0.9515100941397687
            ],
            [
              -0.3165088195731533,
              0.951866885954709
            ],
            [
              -0.316568159516637,
              0.9565573425262235
            ],
            [
              -0.31671064061673393,
              0.9678195947804579
            ],
            [
              -0.3162797801894046,
              0.9706067545748746
            ],
            [
              -0.3143133174969202,
              0.9707859917227957
            ],
            [
              -0.3139434462427448,
              0.9739732505525962
            ],
            [
              -0.3105449978404105,
              0.973886710074941
            ],
            [
              -0.3103530027006841,
              0.975273271022709
            ],
            [
              -0.29632826293558895,
              0.9771727242731961
            ],
            [
              -0.2963900325706716,
              0.9790064884722826
            ],
            [
              -0.2951265391764751,
              0.9787662639992413
            ],
            [
              -0.29500992732583586,
              0.9868490262049867
            ],
            [
              -0.2920053277683193,
              0.9870445069265484
            ],
            [
              -0.25321030164472347,
              0.9830124441610577
            ],
            [
              -0.21908524853862907,
              0.979465743211273
            ],
            [
              -0.1869265433601373,
              0.9823969122688203
            ],
            [
              -0.16341788742202334,
              0.9870138263849558
            ],
            [
              -0.14691800164077012,
              0.9902542734687292
            ],
            [
              -0.0994832179688839,
              0.9995700898602357
            ],
            [
              -0.001906593651692985,
              1.0059184729189268
            ],
            [
              0.17865429395164042,
              1.0371411776357575
            ],
            [
              0.19735737489036553,
              1.036937683784048
            ],
            [
              0.2003479395873942,
              1.0190772520972744
            ],
            [
              0.21656728612044066,
              1.0201324907415086
            ],
            [
              0.21708381397875065,
              1.0192212387392894
            ],
            [
              0.2494275626868104,
              1.022169273956875
            ],
            [
              0.24949906044198802,
              1.0124415782320129
            ],
            [
              0.24612457763044002,
              0.9902542734687291
            ],
            [
              0.24966213528816789,
              0.9902542734687291
            ],
            [
              0.24977838328809152,
              0.9744380402307505
            ],
            [
              0.25232001738196586,
              0.9652114880224236
            ],
            [
              0.25704684633248776,
              0.9652364947028387
            ],
            [
              0.25686425091263965,
              0.9490410882944188
            ],
            [
              0.27251921244738564,
              0.9214228005027837
            ],
            [
              0.28267236951591573,
              0.8706994488119586
            ],
            [
              0.28355232602959124,
              0.8663033438945886
            ],
            [
              0.2866137350128835,
              0.8510090936942943
            ],
            [
              0.2891861004225981,
              0.8313815080458794
            ],
            [
              0.29171294544627135,
              0.8222086426088515
            ],
            [
              0.2929053539819901,
              0.8195772937604773
            ],
            [
              0.2941481943152931,
              0.8133682863654208
            ],
            [
              0.4286951228434014,
              0.14119596315722865
            ],
            [
              0.4565964643118701,
              0.08485970944344524
            ],
            [
              0.4507229542042304,
              0.08048493177068457
            ],
            [
              0.4583890105085593,
              0.079804178951059
            ],
            [
              0.45910781474815926,
              0.0797889828082083
            ],
            [
              0.4591330096729378,
              0.0797381111439828
            ],
            [
              0.5014213917721185,
              0.07598286409014048
            ],
            [
              0.5193723194071541,
              0.06737624071103214
            ],
            [
              0.5407683088050096,
              0.06721925429952784
            ],
            [
              0.5440596801145576,
              0.055539815309922316
            ],
            [
              0.5711427872829462,
              0.04255474244497414
            ],
            [
              0.5923475808056401,
              0.04116012457238933
            ],
            [
              0.621319012639553,
              0.03925470273526057
            ],
            [
              0.6199042288304711,
              0.024493725750971224
            ],
            [
              0.6306449772261234,
              0.023802811288344067
            ],
            [
              0.6304624446596193,
              0.014113763772522494
            ],
            [
              0.6414658559472195,
              0.008838146892814853
            ],
            [
              0.6504723734757395,
              -0.27167642109295775
            ],
            [
              0.6261065818162023,
              -0.5207995204836342
            ],
            [
              0.6407989399465865,
              -0.6275777207324988
            ],
            [
              0.6427302567932841,
              -0.6343987285063778
            ],
            [
              0.6491844207264298,
              -0.6571934876558946
            ],
            [
              0.6574636842065094,
              -0.6864341172585302
            ],
            [
              0.6519198779233498,
              -0.708400263424424
            ],
            [
              0.6565337419521069,
              -0.7419319873867476
            ],
            [
              0.658705920664956,
              -0.751376927268359
            ],
            [
              0.6586660449566409,
              -0.7574287153584498
            ],
            [
              0.6623416333028991,
              -0.7841414258019498
            ],
            [
              0.6683215086433794,
              -0.827600775274827
            ],
            [
              0.6695774218520327,
              -0.8667171096446257
            ],
            [
              0.6651560197828056,
              -0.8903736876573835
            ],
            [
              0.6612024706007299,
              -0.8901338734832486
            ],
            [
              0.6611221136357759,
              -0.8976106205602808
            ],
            [
              0.5733510373212664,
              -0.8931665780481542
            ],
            [
              0.41109576701325523,
              -0.8849512370800022
            ],
            [
              0.327521132169881,
              -0.8856388478593714
            ],
            [
              0.2620618143861865,
              -0.8774053204861156
            ],
            [
              -0.3107639809391463,
              -0.8484018914140302
            ],
            [
              -0.5978051501206185,
              -0.8473829400368926
            ],
            [
              -0.6527742052010623,
              -0.8401104192395141
            ],
            [
              -0.6529040454220875,
              -0.8310785879351533
            ],
            [
              -0.7632831961569022,
              -0.8254898489232239
            ],
            [
              -0.8893533294064908,
              -0.8191066409782393
            ],
            [
              -1.1604920415971252,
              -0.8053782920248697
            ],
            [
              -1.161037649373143,
              -0.8053506667039395
            ],
            [
              -1.1606969012392268,
              -0.7960705466614021
            ]
          ]
        ]
      }
    },
    {
      "type": "Feature",
      "properties": {
        "image": "jtcxE69GiFV-12",
        "method": "mv50",
        "n": 9,
        "threshold": 5,
        "condition": "manual",
        "records": [
          "R00821",
          "R03398",
          "R03399",
          "R03394",
          "R03400",
          "R03397",
          "R03393",
          "R03396",
          "R03395"
        ],
        "workers": [
          "P003",
          "P018",
          "P020",
          "P021",
          "P022",
          "P024",
          "P025",
          "P026",
          "P027"
        ],
        "output_type": "BEV_region_only_no_ceiling",
        "coordinate_unit": "camera_height_h_not_geographic",
        "quality_eligibility_unchanged": true,
        "source": "new_four_case_endpoint_using_supplied_module"
      },
      "geometry": {
        "type": "Polygon",
        "coordinates": [
          [
            [
              -1.5326201726216824,
              -0.2900910229287076
            ],
            [
              -1.5328059296658747,
              -0.2844403448934254
            ],
            [
              -1.5569075853720815,
              -0.28443876297645787
            ],
            [
              -1.558201904838921,
              -0.2779305458748544
            ],
            [
              -1.564111269672663,
              -0.27775572134743287
            ],
            [
              -1.5633398556717748,
              -0.2520954253081973
            ],
            [
              -1.557993035805491,
              -0.07423894295325588
            ],
            [
              -1.5492626475634474,
              0.21616847325955724
            ],
            [
              -1.5447711974712153,
              0.3655719568357504
            ],
            [
              -1.5441825113208996,
              0.38515399822196694
            ],
            [
              -1.513625578747225,
              0.3856161950915675
            ],
            [
              -1.5135867109254904,
              0.38601904818963495
            ],
            [
              -1.5019360316978112,
              0.3863484535184371
            ],
            [
              -1.5014834756359103,
              0.398273265790877
            ],
            [
              -1.468805903417962,
              0.39798031108847526
            ],
            [
              -1.4687915069905038,
              0.3983729826002013
            ],
            [
              -1.456730797270597,
              0.3989682142132981
            ],
            [
              -1.4045301341791427,
              0.3974040782911484
            ],
            [
              -1.1815989893108654,
              0.3954054987526999
            ],
            [
              -0.7972607404670954,
              0.4062720812718411
            ],
            [
              -0.01322681235869009,
              0.4489608197866432
            ],
            [
              0.00970055579785324,
              0.4713409285936035
            ],
            [
              0.10018397530004296,
              0.47580655234208835
            ],
            [
              0.1446865449611595,
              0.603104901861847
            ],
            [
              1.494554451357016,
              1.9207524580006057
            ],
            [
              1.6887624056276287,
              2.016810984142001
            ],
            [
              2.0947586329942522,
              2.4300210596165366
            ],
            [
              2.0963527244291593,
              2.430474549331189
            ],
            [
              2.2407078734460333,
              2.578563564687827
            ],
            [
              2.2470469822968333,
              2.545265646042927
            ],
            [
              2.410342431910151,
              1.6875112322469832
            ],
            [
              2.620245176467527,
              0.9957369008042087
            ],
            [
              2.6258060483454186,
              0.5557291253516158
            ],
            [
              2.6612824499102095,
              0.36937953569768117
            ],
            [
              2.737873498875681,
              -0.03293608585186452
            ],
            [
              2.7318961931078807,
              -0.23314651147591128
            ],
            [
              2.745687691839307,
              -0.2709773697496748
            ],
            [
              2.730736045294455,
              -0.27200577291172606
            ],
            [
              2.7307196392212427,
              -0.27255529589553285
            ],
            [
              2.71878583527947,
              -0.2728277314652353
            ],
            [
              2.6363491109943755,
              -0.2784978887733032
            ],
            [
              2.637044460019701,
              -0.33351785407999857
            ],
            [
              2.617524739225744,
              -0.3333832180282139
            ],
            [
              2.6172632740127577,
              -0.33758243252566855
            ],
            [
              2.5249950021201393,
              -0.3327449999610565
            ],
            [
              1.9093984457892146,
              -0.3284989612645252
            ],
            [
              1.8372253456562773,
              -0.333463166656159
            ],
            [
              1.0827425586091708,
              -0.3227971540507191
            ],
            [
              0.6581910169847184,
              -0.3198688363792337
            ],
            [
              0.2073088752062519,
              -0.3301619779260039
            ],
            [
              -0.38347631056466447,
              -0.3126840012202316
            ],
            [
              -1.31368150150451,
              -0.30626796916835375
            ],
            [
              -1.3404540067926631,
              -0.30578703173445465
            ],
            [
              -1.4389052747473536,
              -0.2987441097845785
            ],
            [
              -1.4764425587653123,
              -0.29261713611877105
            ],
            [
              -1.5276830257212606,
              -0.29208256565655477
            ],
            [
              -1.527597845644919,
              -0.28983807816596696
            ],
            [
              -1.5326201726216824,
              -0.2900910229287076
            ]
          ]
        ]
      }
    },
    {
      "type": "Feature",
      "properties": {
        "image": "jtcxE69GiFV-12",
        "method": "mv_strict",
        "n": 9,
        "threshold": 5,
        "condition": "manual",
        "records": [
          "R00821",
          "R03398",
          "R03399",
          "R03394",
          "R03400",
          "R03397",
          "R03393",
          "R03396",
          "R03395"
        ],
        "workers": [
          "P003",
          "P018",
          "P020",
          "P021",
          "P022",
          "P024",
          "P025",
          "P026",
          "P027"
        ],
        "output_type": "BEV_region_only_no_ceiling",
        "coordinate_unit": "camera_height_h_not_geographic",
        "quality_eligibility_unchanged": true,
        "source": "new_four_case_endpoint_using_supplied_module"
      },
      "geometry": {
        "type": "Polygon",
        "coordinates": [
          [
            [
              -1.5326201726216824,
              -0.2900910229287076
            ],
            [
              -1.5328059296658747,
              -0.2844403448934254
            ],
            [
              -1.5569075853720815,
              -0.28443876297645787
            ],
            [
              -1.558201904838921,
              -0.2779305458748544
            ],
            [
              -1.564111269672663,
              -0.27775572134743287
            ],
            [
              -1.5633398556717748,
              -0.2520954253081973
            ],
            [
              -1.557993035805491,
              -0.07423894295325588
            ],
            [
              -1.5492626475634474,
              0.21616847325955724
            ],
            [
              -1.5447711974712153,
              0.3655719568357504
            ],
            [
              -1.5441825113208996,
              0.38515399822196694
            ],
            [
              -1.513625578747225,
              0.3856161950915675
            ],
            [
              -1.5135867109254904,
              0.38601904818963495
            ],
            [
              -1.5019360316978112,
              0.3863484535184371
            ],
            [
              -1.5014834756359103,
              0.398273265790877
            ],
            [
              -1.468805903417962,
              0.39798031108847526
            ],
            [
              -1.4687915069905038,
              0.3983729826002013
            ],
            [
              -1.456730797270597,
              0.3989682142132981
            ],
            [
              -1.4045301341791427,
              0.3974040782911484
            ],
            [
              -1.1815989893108654,
              0.3954054987526999
            ],
            [
              -0.7972607404670954,
              0.4062720812718411
            ],
            [
              -0.01322681235869009,
              0.4489608197866432
            ],
            [
              0.00970055579785324,
              0.4713409285936035
            ],
            [
              0.10018397530004296,
              0.47580655234208835
            ],
            [
              0.1446865449611595,
              0.603104901861847
            ],
            [
              1.494554451357016,
              1.9207524580006057
            ],
            [
              1.6887624056276287,
              2.016810984142001
            ],
            [
              2.0947586329942522,
              2.4300210596165366
            ],
            [
              2.0963527244291593,
              2.430474549331189
            ],
            [
              2.2407078734460333,
              2.578563564687827
            ],
            [
              2.2470469822968333,
              2.545265646042927
            ],
            [
              2.410342431910151,
              1.6875112322469832
            ],
            [
              2.620245176467527,
              0.9957369008042087
            ],
            [
              2.6258060483454186,
              0.5557291253516158
            ],
            [
              2.6612824499102095,
              0.36937953569768117
            ],
            [
              2.737873498875681,
              -0.03293608585186452
            ],
            [
              2.7318961931078807,
              -0.23314651147591128
            ],
            [
              2.745687691839307,
              -0.2709773697496748
            ],
            [
              2.730736045294455,
              -0.27200577291172606
            ],
            [
              2.7307196392212427,
              -0.27255529589553285
            ],
            [
              2.71878583527947,
              -0.2728277314652353
            ],
            [
              2.6363491109943755,
              -0.2784978887733032
            ],
            [
              2.637044460019701,
              -0.33351785407999857
            ],
            [
              2.617524739225744,
              -0.3333832180282139
            ],
            [
              2.6172632740127577,
              -0.33758243252566855
            ],
            [
              2.5249950021201393,
              -0.3327449999610565
            ],
            [
              1.9093984457892146,
              -0.3284989612645252
            ],
            [
              1.8372253456562773,
              -0.333463166656159
            ],
            [
              1.0827425586091708,
              -0.3227971540507191
            ],
            [
              0.6581910169847184,
              -0.3198688363792337
            ],
            [
              0.2073088752062519,
              -0.3301619779260039
            ],
            [
              -0.38347631056466447,
              -0.3126840012202316
            ],
            [
              -1.31368150150451,
              -0.30626796916835375
            ],
            [
              -1.3404540067926631,
              -0.30578703173445465
            ],
            [
              -1.4389052747473536,
              -0.2987441097845785
            ],
            [
              -1.4764425587653123,
              -0.29261713611877105
            ],
            [
              -1.5276830257212606,
              -0.29208256565655477
            ],
            [
              -1.527597845644919,
              -0.28983807816596696
            ],
            [
              -1.5326201726216824,
              -0.2900910229287076
            ]
          ]
        ]
      }
    },
    {
      "type": "Feature",
      "properties": {
        "image": "rPc6DW4iMge-06",
        "method": "mv50",
        "n": 24,
        "threshold": 12,
        "condition": "manual",
        "records": [
          "R01784",
          "R00020",
          "R02452",
          "R01886",
          "R02165",
          "R02468",
          "R01986",
          "R01798",
          "R01341",
          "R00525",
          "R02407",
          "R02456",
          "R00553",
          "R01518",
          "R01905",
          "R01662",
          "R01489",
          "R00634",
          "R02190",
          "R01557",
          "R02094",
          "R00500",
          "R00233",
          "R01695"
        ],
        "workers": [
          "P001",
          "P002",
          "P003",
          "P004",
          "P005",
          "P006",
          "P007",
          "P008",
          "P009",
          "P010",
          "P011",
          "P012",
          "P014",
          "P017",
          "P018",
          "P019",
          "P020",
          "P021",
          "P022",
          "P023",
          "P024",
          "P025",
          "P026",
          "P027"
        ],
        "output_type": "BEV_region_only_no_ceiling",
        "coordinate_unit": "camera_height_h_not_geographic",
        "quality_eligibility_unchanged": true,
        "source": "reused_supplied_common10_all_consensus_geojson"
      },
      "geometry": {
        "type": "Polygon",
        "coordinates": [
          [
            [
              -2.6721832962465473,
              -0.4237428991938129
            ],
            [
              -2.6722996414559894,
              -0.4209518389041521
            ],
            [
              -2.6727496652452754,
              -0.410156005249274
            ],
            [
              -2.766592439294333,
              -0.4135811587299487
            ],
            [
              -2.765188478223589,
              -0.3799346107048883
            ],
            [
              -2.806452588494563,
              -0.37995939638761334
            ],
            [
              -2.8094464759890223,
              -0.1294913644023406
            ],
            [
              -2.7442709810835444,
              0.1213624599563762
            ],
            [
              -2.7307549161716036,
              0.44528093365619137
            ],
            [
              -2.7258788601206816,
              0.47268932775688954
            ],
            [
              -2.709540218545165,
              0.4724299889866999
            ],
            [
              -2.7142310909469254,
              0.5849615469873237
            ],
            [
              -2.7106884615402698,
              0.5846985154640746
            ],
            [
              -2.7112253807228366,
              0.5987381409606796
            ],
            [
              -2.583618064886461,
              0.5885098593339992
            ],
            [
              -2.583875132862785,
              0.6151549664983309
            ],
            [
              -2.2366067246508337,
              0.6323934036521766
            ],
            [
              -2.3387498507756725,
              0.6912497553321812
            ],
            [
              -2.1304110834380725,
              0.6628804386411248
            ],
            [
              -2.1354585756493214,
              0.6374144074882818
            ],
            [
              -1.994704862195509,
              0.644401435349633
            ],
            [
              -1.8627381357158286,
              0.6264316359501891
            ],
            [
              -1.6699714915008421,
              0.63814640722044
            ],
            [
              -1.455806598432875,
              0.6070104147077833
            ],
            [
              -0.48939541082768767,
              0.6642427172213573
            ],
            [
              -0.48169878114095166,
              0.6641082485699061
            ],
            [
              -0.4803548197458267,
              0.6647781144211566
            ],
            [
              -0.3458202094659391,
              0.6727454533891217
            ],
            [
              -0.34300968560976913,
              0.7072211293448225
            ],
            [
              -0.33832374086558714,
              0.7072071554538704
            ],
            [
              -0.33821612810426144,
              0.7186914693641243
            ],
            [
              -0.33821142443868113,
              0.7191934393106969
            ],
            [
              -0.33817079022935254,
              0.7235298768268021
            ],
            [
              -0.33075000182388425,
              0.7236034798803472
            ],
            [
              -0.3307702095957288,
              0.7269993113978352
            ],
            [
              -0.3300385195195143,
              0.7270356325635292
            ],
            [
              -0.32914293128189087,
              0.7322905285525568
            ],
            [
              -0.29538012753156295,
              0.7304174667139033
            ],
            [
              -0.26239271112447254,
              0.7351461242512699
            ],
            [
              -0.23767875707911346,
              0.7325372165503783
            ],
            [
              -0.19518852826943203,
              0.738176976868998
            ],
            [
              -0.14310007839186467,
              0.7363152747446573
            ],
            [
              -0.11462193001256671,
              0.737728932766768
            ],
            [
              -0.10506562062377035,
              0.7369648718106806
            ],
            [
              -0.10234580688678477,
              0.7348586694124715
            ],
            [
              -0.059626026461753745,
              0.7333318144925116
            ],
            [
              0.018698573751570226,
              0.7270694838699476
            ],
            [
              0.05458844080596466,
              0.7241999612310532
            ],
            [
              0.07974858705441258,
              0.7221883179683911
            ],
            [
              0.21569879322660884,
              0.7234913834007377
            ],
            [
              0.3721270766919607,
              0.71790045358196
            ],
            [
              0.3721522658962784,
              0.7152648472386238
            ],
            [
              0.37796045905167247,
              0.7156088170435995
            ],
            [
              0.3766941459369726,
              0.7050749105119389
            ],
            [
              0.3790759894488357,
              0.705067807649375
            ],
            [
              0.37907181046133764,
              0.7040909696412443
            ],
            [
              0.37612697526727457,
              0.6636676818612124
            ],
            [
              0.3788863631990491,
              0.6607426862612142
            ],
            [
              0.37869989086084543,
              0.6171547914643996
            ],
            [
              0.37365517953567723,
              0.5580114194795929
            ],
            [
              0.3740653057248109,
              0.5150989411013841
            ],
            [
              0.367222568091205,
              0.3747618481522136
            ],
            [
              0.3672837580055991,
              0.37118122253608427
            ],
            [
              0.3674770028578474,
              0.37103157524012714
            ],
            [
              0.5319539777676994,
              0.37469216554771406
            ],
            [
              0.6337103729728125,
              0.3745191974169555
            ],
            [
              0.6478626420815381,
              0.3756235034251818
            ],
            [
              0.6489288284746817,
              0.37449332869591945
            ],
            [
              0.661256048292567,
              0.37447237457146315
            ],
            [
              0.6822600447040801,
              0.37556979853268607
            ],
            [
              0.6822990520299216,
              0.37443660513392896
            ],
            [
              0.6953374452580803,
              0.3744144421386673
            ],
            [
              0.7000976445891839,
              0.374523545504755
            ],
            [
              0.7000977319574753,
              0.37440635048122795
            ],
            [
              0.703599110250196,
              0.3744003987485909
            ],
            [
              0.7003420504280384,
              0.2912945157360545
            ],
            [
              0.7001607169701544,
              0.28991883310277444
            ],
            [
              0.7001630954445828,
              0.28672836935507645
            ],
            [
              0.6988607881279737,
              0.25349919782921015
            ],
            [
              0.7002131198403632,
              0.21962610441820724
            ],
            [
              0.700400599881119,
              -0.03185789991429608
            ],
            [
              0.6977106899324474,
              -0.05515286425793453
            ],
            [
              0.6986379780244305,
              -0.0706606692313903
            ],
            [
              0.70008589774501,
              -0.09487542712388773
            ],
            [
              0.7004521453274398,
              -0.10100048807250323
            ],
            [
              0.7078103537933684,
              -0.22405788828090994
            ],
            [
              0.7105175337684605,
              -0.26933229592696073
            ],
            [
              0.7147758899363089,
              -0.340548304769777
            ],
            [
              0.7116461747662052,
              -0.4781203194919862
            ],
            [
              0.7125363720527021,
              -0.5039812486095047
            ],
            [
              0.7052316881837268,
              -0.7600801128270765
            ],
            [
              0.7038357602975872,
              -0.8214405246426887
            ],
            [
              0.7031420421017127,
              -0.8333421454926443
            ],
            [
              0.7023509428648401,
              -0.8610777216901231
            ],
            [
              0.7015257472952202,
              -0.8610717453258652
            ],
            [
              0.701025176821978,
              -0.8696596705333064
            ],
            [
              0.7010329148012857,
              -0.8800393248896902
            ],
            [
              0.6805624008566463,
              -0.8799704385035406
            ],
            [
              0.6799993596350005,
              -0.8914480856497592
            ],
            [
              0.5330159908145282,
              -0.8914578941117097
            ],
            [
              0.48812226601807396,
              -0.895920845707427
            ],
            [
              0.35547555131898345,
              -0.8914697417014027
            ],
            [
              0.3109021273157392,
              -0.8914727161653632
            ],
            [
              0.21385124789898413,
              -0.8867173849940904
            ],
            [
              -0.061645411122589644,
              -0.8774727965743994
            ],
            [
              -0.1508478325330183,
              -0.8771726168884683
            ],
            [
              -0.3215751723107421,
              -0.8915149225018878
            ],
            [
              -0.49940569476915053,
              -0.8915267894493334
            ],
            [
              -0.49934941139148875,
              -0.8759998561849562
            ],
            [
              -0.5023330634758147,
              -0.8759898157428759
            ],
            [
              -0.5017112995863744,
              -0.8497351744406259
            ],
            [
              -0.5216711440053573,
              -0.8472901426047289
            ],
            [
              -0.525287717445309,
              -0.8265004065769236
            ],
            [
              -0.5365857904580216,
              -0.7281661729127209
            ],
            [
              -0.5347128289606019,
              -0.6996936948094844
            ],
            [
              -0.5319625220016234,
              -0.6578839433679436
            ],
            [
              -0.519712387840373,
              -0.4716592520710719
            ],
            [
              -0.5172952379382133,
              -0.43491410394267044
            ],
            [
              -0.5163575660605098,
              -0.42065975752779966
            ],
            [
              -0.514258835113908,
              -0.38875516632075824
            ],
            [
              -0.5414685855984538,
              -0.3891611194541986
            ],
            [
              -0.5415062924190339,
              -0.38622582539351846
            ],
            [
              -0.6293304442339287,
              -0.39047196560999947
            ],
            [
              -0.6370673979726178,
              -0.39058739631250766
            ],
            [
              -0.691121209116318,
              -0.3880751116693072
            ],
            [
              -0.7363510867283034,
              -0.38929313304485563
            ],
            [
              -0.780958302378377,
              -0.39273416217683504
            ],
            [
              -0.8269421906687392,
              -0.39342021416947814
            ],
            [
              -0.8445973983489639,
              -0.3922081601981307
            ],
            [
              -0.9674481478220917,
              -0.3955164786539995
            ],
            [
              -1.1498742221751894,
              -0.40042913528167495
            ],
            [
              -1.2086805564483079,
              -0.4020127648633594
            ],
            [
              -1.2086807989955581,
              -0.4031072326255268
            ],
            [
              -1.2239367762187212,
              -0.403802001719195
            ],
            [
              -1.2232596798009774,
              -0.41161358442764423
            ],
            [
              -1.4746661360309918,
              -0.4152204121903574
            ],
            [
              -1.751008192791786,
              -0.42780524484379107
            ],
            [
              -2.1079958515581425,
              -0.4262309434354632
            ],
            [
              -2.56342722555978,
              -0.43849551672014553
            ],
            [
              -2.5737070010580623,
              -0.4387723467040814
            ],
            [
              -2.6714470755725537,
              -0.44140444535859563
            ],
            [
              -2.6718226114782646,
              -0.43239553679417614
            ],
            [
              -2.672022229683342,
              -0.4276068012032841
            ],
            [
              -2.6721832962465473,
              -0.4237428991938129
            ]
          ]
        ]
      }
    },
    {
      "type": "Feature",
      "properties": {
        "image": "rPc6DW4iMge-06",
        "method": "mv_strict",
        "n": 24,
        "threshold": 13,
        "condition": "manual",
        "records": [
          "R01784",
          "R00020",
          "R02452",
          "R01886",
          "R02165",
          "R02468",
          "R01986",
          "R01798",
          "R01341",
          "R00525",
          "R02407",
          "R02456",
          "R00553",
          "R01518",
          "R01905",
          "R01662",
          "R01489",
          "R00634",
          "R02190",
          "R01557",
          "R02094",
          "R00500",
          "R00233",
          "R01695"
        ],
        "workers": [
          "P001",
          "P002",
          "P003",
          "P004",
          "P005",
          "P006",
          "P007",
          "P008",
          "P009",
          "P010",
          "P011",
          "P012",
          "P014",
          "P017",
          "P018",
          "P019",
          "P020",
          "P021",
          "P022",
          "P023",
          "P024",
          "P025",
          "P026",
          "P027"
        ],
        "output_type": "BEV_region_only_no_ceiling",
        "coordinate_unit": "camera_height_h_not_geographic",
        "quality_eligibility_unchanged": true,
        "source": "reused_supplied_common10_all_consensus_geojson"
      },
      "geometry": {
        "type": "Polygon",
        "coordinates": [
          [
            [
              -2.672022229683342,
              -0.4276068012032841
            ],
            [
              -2.6721832962465473,
              -0.4237428991938129
            ],
            [
              -2.6722996414559894,
              -0.4209518389041521
            ],
            [
              -2.6727496652452754,
              -0.410156005249274
            ],
            [
              -2.674011725500542,
              -0.37987984451581863
            ],
            [
              -2.765188478223589,
              -0.3799346107048883
            ],
            [
              -2.7442709810835444,
              0.1213624599563762
            ],
            [
              -2.7017311276472844,
              0.2850940117861137
            ],
            [
              -2.709540218545165,
              0.4724299889866999
            ],
            [
              -2.7142310909469254,
              0.5849615469873237
            ],
            [
              -2.7106884615402698,
              0.5846985154640746
            ],
            [
              -2.583490177785464,
              0.5752543556352631
            ],
            [
              -2.583618064886461,
              0.5885098593339992
            ],
            [
              -2.477342885433971,
              0.579991441261795
            ],
            [
              -2.4765706518789035,
              0.589127943942804
            ],
            [
              -2.1915783994784874,
              0.6064474291901637
            ],
            [
              -2.2366067246508337,
              0.6323934036521766
            ],
            [
              -2.1354585756493214,
              0.6374144074882818
            ],
            [
              -2.140986995743962,
              0.6095219586317299
            ],
            [
              -1.8627381357158286,
              0.6264316359501891
            ],
            [
              -1.640003271885839,
              0.5961020147717502
            ],
            [
              -1.455806598432875,
              0.6070104147077833
            ],
            [
              -0.7903564799143025,
              0.5102651003337539
            ],
            [
              -0.48169878114095166,
              0.6641082485699061
            ],
            [
              -0.34671658337966804,
              0.6617499599628625
            ],
            [
              -0.3458202094659391,
              0.6727454533891217
            ],
            [
              -0.33922458655641324,
              0.6731360559509142
            ],
            [
              -0.33860916446580136,
              0.6767470670603245
            ],
            [
              -0.33832374086558714,
              0.7072071554538704
            ],
            [
              -0.33821612810426144,
              0.7186914693641243
            ],
            [
              -0.33821142443868113,
              0.7191934393106969
            ],
            [
              -0.33121683288970954,
              0.7201218367556609
            ],
            [
              -0.3307457324842729,
              0.7228860352198208
            ],
            [
              -0.33075000182388425,
              0.7236034798803472
            ],
            [
              -0.33062324462334913,
              0.7236047371210215
            ],
            [
              -0.3300385195195143,
              0.7270356325635292
            ],
            [
              -0.30785343065777493,
              0.7281369025064667
            ],
            [
              -0.307780669143165,
              0.7286398823818812
            ],
            [
              -0.29538012753156295,
              0.7304174667139033
            ],
            [
              -0.2795750206140709,
              0.7295406454984049
            ],
            [
              -0.24871292713418472,
              0.7310726427843901
            ],
            [
              -0.23767875707911346,
              0.7325372165503783
            ],
            [
              -0.2317714672232185,
              0.7319136184823332
            ],
            [
              -0.14310007839186467,
              0.7363152747446573
            ],
            [
              -0.10234580688678477,
              0.7348586694124715
            ],
            [
              -0.09088381317908643,
              0.725982591500545
            ],
            [
              0.018698573751570226,
              0.7270694838699476
            ],
            [
              0.05458844080596466,
              0.7241999612310532
            ],
            [
              0.07974858705441258,
              0.7221883179683911
            ],
            [
              0.2539181044891149,
              0.7082628450061559
            ],
            [
              0.3721522658962784,
              0.7152648472386238
            ],
            [
              0.37224952720966964,
              0.7050881647479168
            ],
            [
              0.3766941459369726,
              0.7050749105119389
            ],
            [
              0.3725769799822263,
              0.6708260025292485
            ],
            [
              0.372609761590152,
              0.6673959849429836
            ],
            [
              0.37612697526727457,
              0.6636676818612124
            ],
            [
              0.37304917425234246,
              0.6214191932506773
            ],
            [
              0.37365517953567723,
              0.5580114194795929
            ],
            [
              0.36568734574412687,
              0.46459783692319895
            ],
            [
              0.367222568091205,
              0.3747618481522136
            ],
            [
              0.3672837580055991,
              0.37118122253608427
            ],
            [
              0.36728638785111906,
              0.37102733292325274
            ],
            [
              0.3674770028578474,
              0.37103157524012714
            ],
            [
              0.3675080059958209,
              0.37100756665355966
            ],
            [
              0.4261464772021043,
              0.368244607916938
            ],
            [
              0.6061794062038407,
              0.37237094742384935
            ],
            [
              0.6337103729728125,
              0.3745191974169555
            ],
            [
              0.6489288284746817,
              0.37449332869591945
            ],
            [
              0.6495267356707985,
              0.3738595374490598
            ],
            [
              0.661256048292567,
              0.37447237457146315
            ],
            [
              0.6822990520299216,
              0.37443660513392896
            ],
            [
              0.6823100929989678,
              0.3741158563266423
            ],
            [
              0.6953374452580803,
              0.3744144421386673
            ],
            [
              0.7000977319574753,
              0.37440635048122795
            ],
            [
              0.7001607169701544,
              0.28991883310277444
            ],
            [
              0.6980469918513361,
              0.2738830999765348
            ],
            [
              0.6988607881279737,
              0.25349919782921015
            ],
            [
              0.6922597658761043,
              0.08507005836574955
            ],
            [
              0.6962398732636127,
              -0.03055518178018679
            ],
            [
              0.6977106899324474,
              -0.05515286425793453
            ],
            [
              0.6986379780244305,
              -0.0706606692313903
            ],
            [
              0.70008589774501,
              -0.09487542712388773
            ],
            [
              0.7004521453274398,
              -0.10100048807250323
            ],
            [
              0.7078103537933684,
              -0.22405788828090994
            ],
            [
              0.7105175337684605,
              -0.26933229592696073
            ],
            [
              0.7069573638769752,
              -0.34190668697351984
            ],
            [
              0.7116461747662052,
              -0.4781203194919862
            ],
            [
              0.7052316881837268,
              -0.7600801128270765
            ],
            [
              0.7031420421017127,
              -0.8333421454926443
            ],
            [
              0.7015257472952202,
              -0.8610717453258652
            ],
            [
              0.7010187718303661,
              -0.8610680736265016
            ],
            [
              0.701025176821978,
              -0.8696596705333064
            ],
            [
              0.7007264008165981,
              -0.8747855541503737
            ],
            [
              0.6807191789973748,
              -0.8767745016691821
            ],
            [
              0.6805624008566463,
              -0.8799704385035406
            ],
            [
              0.6496180971485892,
              -0.8798663062252731
            ],
            [
              0.5330159908145282,
              -0.8914578941117097
            ],
            [
              0.35547555131898345,
              -0.8914697417014027
            ],
            [
              0.21385124789898413,
              -0.8867173849940904
            ],
            [
              0.031582548189918055,
              -0.8777865228063104
            ],
            [
              -0.061645411122589644,
              -0.8774727965743994
            ],
            [
              -0.12794011231091254,
              -0.8752482061598766
            ],
            [
              -0.1508478325330183,
              -0.8771726168884683
            ],
            [
              -0.49934941139148875,
              -0.8759998561849562
            ],
            [
              -0.49925529545297853,
              -0.8500360289046784
            ],
            [
              -0.5017112995863744,
              -0.8497351744406259
            ],
            [
              -0.49881013970793414,
              -0.7272306140077522
            ],
            [
              -0.49872056347905264,
              -0.7025191594771535
            ],
            [
              -0.5347128289606019,
              -0.6996936948094844
            ],
            [
              -0.5319625220016234,
              -0.6578839433679436
            ],
            [
              -0.519712387840373,
              -0.4716592520710719
            ],
            [
              -0.5172952379382133,
              -0.43491410394267044
            ],
            [
              -0.5163575660605098,
              -0.42065975752779966
            ],
            [
              -0.514258835113908,
              -0.38875516632075824
            ],
            [
              -0.5140049857469213,
              -0.3848961865430078
            ],
            [
              -0.5415062924190339,
              -0.38622582539351846
            ],
            [
              -0.5415342842118172,
              -0.3840467993754007
            ],
            [
              -0.691121209116318,
              -0.3880751116693072
            ],
            [
              -0.7363510867283034,
              -0.38929313304485563
            ],
            [
              -0.8445973983489639,
              -0.3922081601981307
            ],
            [
              -0.9674481478220917,
              -0.3955164786539995
            ],
            [
              -1.1498742221751894,
              -0.40042913528167495
            ],
            [
              -1.2086805564483079,
              -0.4020127648633594
            ],
            [
              -1.2240559750760411,
              -0.4024268183504647
            ],
            [
              -1.2239367762187212,
              -0.403802001719195
            ],
            [
              -1.4746661360309918,
              -0.4152204121903574
            ],
            [
              -1.955058778772017,
              -0.42211241308335035
            ],
            [
              -2.1079958515581425,
              -0.4262309434354632
            ],
            [
              -2.56342722555978,
              -0.43849551672014553
            ],
            [
              -2.5737070010580623,
              -0.4387723467040814
            ],
            [
              -2.6714470755725537,
              -0.44140444535859563
            ],
            [
              -2.6718226114782646,
              -0.43239553679417614
            ],
            [
              -2.672022229683342,
              -0.4276068012032841
            ]
          ],
          [
            [
              -2.1238917856798967,
              0.5674454199811494
            ],
            [
              -2.1467196364353405,
              0.5805991588878573
            ],
            [
              -2.14962887359638,
              0.5659212314987035
            ],
            [
              -2.1238917856798967,
              0.5674454199811494
            ]
          ]
        ]
      }
    },
    {
      "type": "Feature",
      "properties": {
        "image": "yqstnuAEVhm-32",
        "method": "mv50",
        "n": 24,
        "threshold": 12,
        "condition": "manual",
        "records": [
          "R01616",
          "R00157",
          "R01351",
          "R01439",
          "R01478",
          "R02148",
          "R00384",
          "R02195",
          "R01601",
          "R01095",
          "R01960",
          "R02361",
          "R01029",
          "R00671",
          "R00264",
          "R00388",
          "R02123",
          "R00026",
          "R01920",
          "R02256",
          "R01597",
          "R01850",
          "R02072",
          "R01819"
        ],
        "workers": [
          "P001",
          "P002",
          "P003",
          "P004",
          "P005",
          "P006",
          "P007",
          "P008",
          "P009",
          "P010",
          "P011",
          "P012",
          "P014",
          "P017",
          "P018",
          "P019",
          "P020",
          "P021",
          "P022",
          "P023",
          "P024",
          "P025",
          "P026",
          "P027"
        ],
        "output_type": "BEV_region_only_no_ceiling",
        "coordinate_unit": "camera_height_h_not_geographic",
        "quality_eligibility_unchanged": true,
        "source": "reused_supplied_common10_all_consensus_geojson"
      },
      "geometry": {
        "type": "Polygon",
        "coordinates": [
          [
            [
              -2.275408758601888,
              -1.4536096418736877
            ],
            [
              -2.2536685704241006,
              -1.365086635215315
            ],
            [
              -2.263216312368199,
              -1.0889869505773482
            ],
            [
              -2.279846978610039,
              -0.8855645968147611
            ],
            [
              -2.280922709836622,
              -0.747882419736241
            ],
            [
              -2.281056258455369,
              -0.7464799447649173
            ],
            [
              -2.280969882184578,
              -0.7418448599777941
            ],
            [
              -2.2789566419066696,
              -0.6338112611720177
            ],
            [
              -2.2763908744835883,
              -0.49612819797498436
            ],
            [
              -2.2753529890041753,
              -0.4404336518646188
            ],
            [
              -2.269685623054369,
              -0.13631399658783544
            ],
            [
              -2.256518776612035,
              0.5702394246292859
            ],
            [
              -2.2809086314199063,
              1.113504245660913
            ],
            [
              -2.2802755171258844,
              1.2387274765757073
            ],
            [
              -2.244056248329914,
              1.2389980399372327
            ],
            [
              -2.243825669131264,
              1.251371277703848
            ],
            [
              -2.2434564671629187,
              1.2711832284998879
            ],
            [
              -2.1266988230639354,
              1.2748807449399062
            ],
            [
              -2.0915728659486135,
              1.2759931243897278
            ],
            [
              -2.006664780724953,
              1.2786820193518327
            ],
            [
              -1.777721049890059,
              1.2859322787685397
            ],
            [
              -1.6473610259837161,
              1.2900605594925518
            ],
            [
              -1.3016552417248928,
              1.3010084749851154
            ],
            [
              -0.8356832169768615,
              1.315765018210961
            ],
            [
              -0.8347301938090923,
              1.315795198837315
            ],
            [
              -0.8088018883294414,
              1.3166163042691064
            ],
            [
              -0.5582846346931338,
              1.3245497605406569
            ],
            [
              -0.40153345769640525,
              1.3295138042947967
            ],
            [
              -0.12377136906777031,
              1.3044354048892195
            ],
            [
              0.2250739128686956,
              1.288286765426861
            ],
            [
              0.2510286945096258,
              1.2887814883643394
            ],
            [
              0.25355614214606903,
              1.2970378731217154
            ],
            [
              0.25335994195998107,
              1.3502531668468214
            ],
            [
              0.2539240211787536,
              1.350271030278385
            ],
            [
              0.25505033895961815,
              1.3503066988510388
            ],
            [
              0.2597642714231703,
              1.350455981092177
            ],
            [
              0.26060010520643945,
              1.3669594468813449
            ],
            [
              0.26240855764848814,
              1.4026671840009843
            ],
            [
              0.2640228020904156,
              1.4345403009483606
            ],
            [
              0.2643380645601321,
              1.4407651311570944
            ],
            [
              0.2648473163401249,
              1.4508202635260128
            ],
            [
              0.2633840995896036,
              1.4844836608415803
            ],
            [
              0.26298864454816623,
              1.5026066669288807
            ],
            [
              0.2674816039915214,
              1.5028340454571625
            ],
            [
              0.2696150632175034,
              1.5449590134273101
            ],
            [
              0.2824610776258544,
              1.798602457326149
            ],
            [
              0.2827025142841921,
              1.8033696032717734
            ],
            [
              0.28717710512179795,
              1.8917200125123816
            ],
            [
              0.31726943749957265,
              1.9049807021873082
            ],
            [
              0.32078182295694413,
              1.9369014724445839
            ],
            [
              0.3761878744115211,
              1.9309440970552358
            ],
            [
              0.38434841276546505,
              1.9300666587776953
            ],
            [
              0.38523377719279606,
              1.9349303254441206
            ],
            [
              0.45874438750228225,
              1.9673240056311876
            ],
            [
              0.4693988067875435,
              2.0021286772362994
            ],
            [
              0.6626552323785159,
              2.1291795124150683
            ],
            [
              0.7069227704290703,
              2.0766879618278127
            ],
            [
              0.8393801219572087,
              2.1350575096490574
            ],
            [
              0.8506290638704926,
              2.252757459227329
            ],
            [
              0.9032692610052222,
              2.287364230978854
            ],
            [
              0.9086627475557882,
              2.2867033816734303
            ],
            [
              0.9100736489023473,
              2.2918375785664775
            ],
            [
              0.9720010032388157,
              2.332549922618169
            ],
            [
              0.9756755410367212,
              2.3479012853159147
            ],
            [
              0.9872309366139816,
              2.396177035458848
            ],
            [
              1.0389350328957576,
              2.3963381956010394
            ],
            [
              1.0577018204052393,
              2.424098971282858
            ],
            [
              1.0648718237978247,
              2.4239918716087745
            ],
            [
              1.0735619363073858,
              2.447560052175082
            ],
            [
              1.216699255411791,
              2.659295971567074
            ],
            [
              1.6883175106626664,
              2.6562562711886692
            ],
            [
              1.7287021060650047,
              2.6330024012746756
            ],
            [
              1.7467897869412863,
              2.53860806912227
            ],
            [
              1.7502627602793694,
              2.5364531823217975
            ],
            [
              1.7825721172237396,
              2.5506908409604536
            ],
            [
              1.783674823328864,
              2.515721893413701
            ],
            [
              1.7892384255273235,
              2.5122698274824495
            ],
            [
              1.7852090167873373,
              2.467069645705444
            ],
            [
              1.782327474121975,
              2.434745734015856
            ],
            [
              1.7862908145032785,
              2.4327637436984175
            ],
            [
              1.7900766881326602,
              2.3127063542006594
            ],
            [
              1.8062808263257066,
              2.2281416820738063
            ],
            [
              1.7956491841747282,
              2.135991705670099
            ],
            [
              1.7701150454661472,
              1.9146740346959918
            ],
            [
              1.7589372292094652,
              1.8177900830288065
            ],
            [
              1.7529973545914679,
              1.7663060979476264
            ],
            [
              1.7600215169467326,
              1.7417883349601069
            ],
            [
              1.754388019032565,
              1.710394633705042
            ],
            [
              1.7447217698085578,
              1.6565276854929347
            ],
            [
              1.760073229508674,
              1.6576887824938216
            ],
            [
              1.7593793151664754,
              1.6497889014250755
            ],
            [
              1.7634164200348024,
              1.6507650460378853
            ],
            [
              1.7662231334768879,
              1.632227636677141
            ],
            [
              2.133623869826327,
              1.632955090079199
            ],
            [
              2.1920117713175507,
              1.6291172947369263
            ],
            [
              2.245849396804273,
              1.6255785858082792
            ],
            [
              2.273402953964828,
              1.6277695280396132
            ],
            [
              2.325049029072126,
              1.631876205314561
            ],
            [
              2.402771383772377,
              1.6334880021158509
            ],
            [
              2.521174057780677,
              1.633722439392368
            ],
            [
              2.621368747962942,
              1.6326064815089223
            ],
            [
              2.648646628975609,
              1.633974835063934
            ],
            [
              2.6853893778549933,
              1.6358179793692658
            ],
            [
              2.805384210626856,
              1.64183733827512
            ],
            [
              2.912672824437106,
              1.647219308966002
            ],
            [
              3.122045953641089,
              1.6577221946387266
            ],
            [
              3.14398711325023,
              1.658822839653576
            ],
            [
              3.1439107419156023,
              1.6484036265614173
            ],
            [
              3.1638387791526745,
              1.64941213951054
            ],
            [
              3.1718534340882414,
              1.0366252921172745
            ],
            [
              3.17502568057774,
              0.7940807357911357
            ],
            [
              3.1773024689844003,
              0.6200013772765921
            ],
            [
              3.1773014268548008,
              0.6199800389050112
            ],
            [
              3.177303297959219,
              0.619937995275789
            ],
            [
              3.1810437231163156,
              0.3339514670528507
            ],
            [
              3.174799118421307,
              0.006876443014997596
            ],
            [
              3.1887253666175943,
              -0.2533738940251716
            ],
            [
              3.190240188038029,
              -0.36919455630627274
            ],
            [
              3.1798311466826643,
              -0.5197307149108221
            ],
            [
              3.193359852254285,
              -0.6077187616992757
            ],
            [
              3.2077043538042855,
              -1.7044748856896121
            ],
            [
              3.147239684899651,
              -1.702577993085417
            ],
            [
              3.142123261331305,
              -1.7045940607485528
            ],
            [
              3.142020527566462,
              -1.709974969588496
            ],
            [
              3.142650318490731,
              -1.72166528189863
            ],
            [
              3.1417965150348355,
              -1.7217081228856523
            ],
            [
              3.1395658834497446,
              -1.8385424006256612
            ],
            [
              3.1184240074419156,
              -1.828708810956971
            ],
            [
              3.118326538827332,
              -1.842006290568873
            ],
            [
              3.101220516196333,
              -1.839138010724318
            ],
            [
              3.1011751463171833,
              -1.8467562000344289
            ],
            [
              3.088736079201263,
              -1.8462765949076272
            ],
            [
              3.0886906503027727,
              -1.866206825081073
            ],
            [
              2.8068922633909237,
              -1.8675669944945217
            ],
            [
              2.747434656083039,
              -1.860116550905941
            ],
            [
              2.7275549090714426,
              -1.867949935801858
            ],
            [
              2.555806063347843,
              -1.8687789239636017
            ],
            [
              2.5108001532543307,
              -1.864495258321809
            ],
            [
              2.4160647810307347,
              -1.8664748985613362
            ],
            [
              2.296000938744083,
              -1.8525347544290969
            ],
            [
              2.286456875050394,
              -1.8431422495544587
            ],
            [
              2.201698632787029,
              -1.8350749541817415
            ],
            [
              2.154771282879392,
              -1.8361371302901
            ],
            [
              1.890568034397572,
              -1.80546152226442
            ],
            [
              1.8211683988731435,
              -1.7974038014426454
            ],
            [
              1.7955208622962804,
              -1.7964149258366642
            ],
            [
              1.7620902572610158,
              -1.7932329985325313
            ],
            [
              1.7509593694607208,
              -1.7914956550070802
            ],
            [
              1.7343024979679045,
              -1.7888957987906202
            ],
            [
              1.7241745704472606,
              -1.7873150004194642
            ],
            [
              1.7240628902605657,
              -1.7861292598295104
            ],
            [
              1.6948383616760545,
              -1.7827361138756088
            ],
            [
              1.688126890131278,
              -1.7619426984189708
            ],
            [
              1.6832099218390812,
              -1.7467089953771489
            ],
            [
              1.6538438445100752,
              -1.6557273019944188
            ],
            [
              1.6336151373627834,
              -1.593054919483661
            ],
            [
              1.5965233452891878,
              -1.4781374922887607
            ],
            [
              1.583372537516995,
              -1.4758087831103153
            ],
            [
              1.5814824496372006,
              -1.431537936581023
            ],
            [
              1.5441610186687549,
              -1.315909044409513
            ],
            [
              1.5064614966406003,
              -1.1991087542170886
            ],
            [
              1.5029149607264733,
              -1.1881209113569458
            ],
            [
              1.481889496001336,
              -1.1881933275538492
            ],
            [
              1.4676030029005782,
              -1.141681428700681
            ],
            [
              1.297129627597371,
              -1.1465294090827305
            ],
            [
              1.296436724178702,
              -1.1438676948963236
            ],
            [
              1.1218349923490245,
              -1.1515144981105685
            ],
            [
              0.9898898378829268,
              -1.1552667997190773
            ],
            [
              0.9592747117968379,
              -1.1586339376648542
            ],
            [
              0.9067697467463678,
              -1.1609334288056605
            ],
            [
              0.7228066911754788,
              -1.1846413577538009
            ],
            [
              0.6649270787727927,
              -1.1910071208298678
            ],
            [
              0.594537714211295,
              -1.1912495568544994
            ],
            [
              0.4776902402963822,
              -1.1902425348023156
            ],
            [
              0.46917875361543154,
              -1.1916813199233685
            ],
            [
              0.25157424466471134,
              -1.2284652733604406
            ],
            [
              0.24637915803397026,
              -1.2296781412528213
            ],
            [
              0.2469657510948964,
              -1.2391615137115197
            ],
            [
              0.2418424815660542,
              -1.2382542991143533
            ],
            [
              0.242148263731783,
              -1.2490972193758438
            ],
            [
              0.24023491030870106,
              -1.2496488932727392
            ],
            [
              0.24265188742446325,
              -1.26695552556095
            ],
            [
              0.2429565781305621,
              -1.2777597430756407
            ],
            [
              0.2453228623341065,
              -1.2860808951437956
            ],
            [
              0.25063214855535737,
              -1.324097748404351
            ],
            [
              0.2492941553252465,
              -1.4599178658181007
            ],
            [
              0.2560687715619604,
              -1.556013346672852
            ],
            [
              0.27480872913301646,
              -1.7404807727501994
            ],
            [
              0.26906776754966183,
              -1.7403994028597134
            ],
            [
              0.2711801498211017,
              -1.7703627813051215
            ],
            [
              0.27122073415028974,
              -1.7709384553347967
            ],
            [
              0.27558293737960454,
              -1.8328147302794109
            ],
            [
              0.27797521400984293,
              -1.8667483089631016
            ],
            [
              0.2783892070944769,
              -1.8726206511221817
            ],
            [
              0.278781127049202,
              -1.8781798939176302
            ],
            [
              0.21660349253522485,
              -1.873166811633033
            ],
            [
              0.21674767913628154,
              -1.8997328196678187
            ],
            [
              -0.0022971475026336563,
              -1.8703496379284297
            ],
            [
              -0.34447059106912836,
              -1.867581137101211
            ],
            [
              -0.7115228613482041,
              -1.871320804972468
            ],
            [
              -0.7779296548846445,
              -1.8640740508579579
            ],
            [
              -0.8447141516184896,
              -1.863533702277642
            ],
            [
              -1.2757266917840175,
              -1.8336901928783014
            ],
            [
              -1.7527765878034955,
              -1.8242904657376902
            ],
            [
              -1.7692832786042068,
              -1.8290498114649467
            ],
            [
              -1.8145400439443986,
              -1.8269647492649796
            ],
            [
              -1.8357155562567131,
              -1.8226562474320391
            ],
            [
              -1.962115400847898,
              -1.820165681854546
            ],
            [
              -2.0631777653697467,
              -1.8155095533283505
            ],
            [
              -2.1079774359621704,
              -1.8117650333969189
            ],
            [
              -2.1345545882267842,
              -1.812221092162948
            ],
            [
              -2.229997064249674,
              -1.8078238822092383
            ],
            [
              -2.257780713694569,
              -1.8065438385119208
            ],
            [
              -2.256738876037293,
              -1.7369922163459812
            ],
            [
              -2.254211567025471,
              -1.5682726080085865
            ],
            [
              -2.274534179475281,
              -1.5655464855787868
            ],
            [
              -2.275408758601888,
              -1.4536096418736877
            ]
          ]
        ]
      }
    },
    {
      "type": "Feature",
      "properties": {
        "image": "yqstnuAEVhm-32",
        "method": "mv_strict",
        "n": 24,
        "threshold": 13,
        "condition": "manual",
        "records": [
          "R01616",
          "R00157",
          "R01351",
          "R01439",
          "R01478",
          "R02148",
          "R00384",
          "R02195",
          "R01601",
          "R01095",
          "R01960",
          "R02361",
          "R01029",
          "R00671",
          "R00264",
          "R00388",
          "R02123",
          "R00026",
          "R01920",
          "R02256",
          "R01597",
          "R01850",
          "R02072",
          "R01819"
        ],
        "workers": [
          "P001",
          "P002",
          "P003",
          "P004",
          "P005",
          "P006",
          "P007",
          "P008",
          "P009",
          "P010",
          "P011",
          "P012",
          "P014",
          "P017",
          "P018",
          "P019",
          "P020",
          "P021",
          "P022",
          "P023",
          "P024",
          "P025",
          "P026",
          "P027"
        ],
        "output_type": "BEV_region_only_no_ceiling",
        "coordinate_unit": "camera_height_h_not_geographic",
        "quality_eligibility_unchanged": true,
        "source": "reused_supplied_common10_all_consensus_geojson"
      },
      "geometry": {
        "type": "Polygon",
        "coordinates": [
          [
            [
              -2.229997064249674,
              -1.8078238822092383
            ],
            [
              -2.257780713694569,
              -1.8065438385119208
            ],
            [
              -2.256738876037293,
              -1.7369922163459812
            ],
            [
              -2.254211567025471,
              -1.5682726080085865
            ],
            [
              -2.251923769365595,
              -1.4155424419212344
            ],
            [
              -2.2536685704241006,
              -1.365086635215315
            ],
            [
              -2.251005546565231,
              -1.354243174392332
            ],
            [
              -2.249538316392455,
              -1.256292943956077
            ],
            [
              -2.263216312368199,
              -1.0889869505773482
            ],
            [
              -2.2716414477548437,
              -0.8453505769819737
            ],
            [
              -2.280922709836622,
              -0.747882419736241
            ],
            [
              -2.280969882184578,
              -0.7418448599777941
            ],
            [
              -2.2789566419066696,
              -0.6338112611720177
            ],
            [
              -2.2763908744835883,
              -0.49612819797498436
            ],
            [
              -2.2753529890041753,
              -0.4404336518646188
            ],
            [
              -2.269685623054369,
              -0.13631399658783544
            ],
            [
              -2.256518776612035,
              0.5702394246292859
            ],
            [
              -2.244056248329914,
              1.2389980399372327
            ],
            [
              -2.243825669131264,
              1.251371277703848
            ],
            [
              -2.2434564671629187,
              1.2711832284998879
            ],
            [
              -2.1266988230639354,
              1.2748807449399062
            ],
            [
              -2.0915728659486135,
              1.2759931243897278
            ],
            [
              -2.006664780724953,
              1.2786820193518327
            ],
            [
              -1.777721049890059,
              1.2859322787685397
            ],
            [
              -1.6473610259837161,
              1.2900605594925518
            ],
            [
              -1.3016552417248928,
              1.3010084749851154
            ],
            [
              -0.8356832169768615,
              1.315765018210961
            ],
            [
              -0.8347301938090923,
              1.315795198837315
            ],
            [
              -0.8088018883294414,
              1.3166163042691064
            ],
            [
              -0.5582846346931338,
              1.3245497605406569
            ],
            [
              -0.12377136906777031,
              1.3044354048892195
            ],
            [
              0.019206589496811866,
              1.291526305707327
            ],
            [
              0.16432803104170024,
              1.2871288908774652
            ],
            [
              0.2250739128686956,
              1.288286765426861
            ],
            [
              0.2510286945096258,
              1.2887814883643394
            ],
            [
              0.2535864029769235,
              1.288830240731578
            ],
            [
              0.25355614214606903,
              1.2970378731217154
            ],
            [
              0.25440758748025655,
              1.2998192800152
            ],
            [
              0.2546963879627618,
              1.3225042389587645
            ],
            [
              0.2539240211787536,
              1.350271030278385
            ],
            [
              0.25505033895961815,
              1.3503066988510388
            ],
            [
              0.2597642714231703,
              1.350455981092177
            ],
            [
              0.26060010520643945,
              1.3669594468813449
            ],
            [
              0.26240855764848814,
              1.4026671840009843
            ],
            [
              0.2640228020904156,
              1.4345403009483606
            ],
            [
              0.2643380645601321,
              1.4407651311570944
            ],
            [
              0.2648473163401249,
              1.4508202635260128
            ],
            [
              0.2674816039915214,
              1.5028340454571625
            ],
            [
              0.2696150632175034,
              1.5449590134273101
            ],
            [
              0.2824610776258544,
              1.798602457326149
            ],
            [
              0.2827025142841921,
              1.8033696032717734
            ],
            [
              0.29287132329532073,
              1.8031013666001308
            ],
            [
              0.30671762638407907,
              1.8090852082263749
            ],
            [
              0.31726943749957265,
              1.9049807021873082
            ],
            [
              0.3761878744115211,
              1.9309440970552358
            ],
            [
              0.38434841276546505,
              1.9300666587776953
            ],
            [
              0.44533190063100003,
              1.9235095856741449
            ],
            [
              0.45874438750228225,
              1.9673240056311876
            ],
            [
              0.7069227704290703,
              2.0766879618278127
            ],
            [
              0.765422678538838,
              2.0073199549061984
            ],
            [
              0.7802972423011998,
              2.01374817139423
            ],
            [
              0.83560550543214,
              2.095562935127942
            ],
            [
              0.8393801219572087,
              2.1350575096490574
            ],
            [
              0.8707938714963926,
              2.1489005039020603
            ],
            [
              0.9086627475557882,
              2.2867033816734303
            ],
            [
              0.9595350642876748,
              2.280470134429298
            ],
            [
              0.9720010032388157,
              2.332549922618169
            ],
            [
              0.9756755410367212,
              2.3479012853159147
            ],
            [
              0.9948335861336317,
              2.347560542405863
            ],
            [
              1.0148613765177712,
              2.360727232658511
            ],
            [
              1.0389350328957576,
              2.3963381956010394
            ],
            [
              1.054693409271328,
              2.3963873139951324
            ],
            [
              1.0648718237978247,
              2.4239918716087745
            ],
            [
              1.4809518114933593,
              2.4177768074539943
            ],
            [
              1.6444423497066185,
              2.489821648140188
            ],
            [
              1.7267705537572078,
              2.551029466335693
            ],
            [
              1.7467897869412863,
              2.53860806912227
            ],
            [
              1.7474409737801362,
              2.535209714895429
            ],
            [
              1.7502627602793694,
              2.5364531823217975
            ],
            [
              1.783674823328864,
              2.515721893413701
            ],
            [
              1.7852090167873373,
              2.467069645705444
            ],
            [
              1.782327474121975,
              2.434745734015856
            ],
            [
              1.7773629389202572,
              2.3790557040297817
            ],
            [
              1.7900766881326602,
              2.3127063542006594
            ],
            [
              1.7956491841747282,
              2.135991705670099
            ],
            [
              1.7701150454661472,
              1.9146740346959918
            ],
            [
              1.7589372292094652,
              1.8177900830288065
            ],
            [
              1.7529973545914679,
              1.7663060979476264
            ],
            [
              1.749937767616461,
              1.739787065088152
            ],
            [
              1.754388019032565,
              1.710394633705042
            ],
            [
              1.7447217698085578,
              1.6565276854929347
            ],
            [
              1.7427928463833224,
              1.645778405617737
            ],
            [
              1.7593793151664754,
              1.6497889014250755
            ],
            [
              1.7567707216210229,
              1.6200913184345298
            ],
            [
              2.1920117713175507,
              1.6291172947369263
            ],
            [
              2.245849396804273,
              1.6255785858082792
            ],
            [
              2.273402953964828,
              1.6277695280396132
            ],
            [
              2.3581993726349233,
              1.6194049886901394
            ],
            [
              2.621368747962942,
              1.6326064815089223
            ],
            [
              2.648646628975609,
              1.633974835063934
            ],
            [
              2.6853893778549933,
              1.6358179793692658
            ],
            [
              2.805384210626856,
              1.64183733827512
            ],
            [
              2.912672824437106,
              1.647219308966002
            ],
            [
              3.122045953641089,
              1.6577221946387266
            ],
            [
              3.1219904539581242,
              1.6484030802966763
            ],
            [
              3.1315238179127705,
              1.6486007820465383
            ],
            [
              3.1315604080190362,
              1.6477786040610827
            ],
            [
              3.1439107419156023,
              1.6484036265614173
            ],
            [
              3.142160336202545,
              1.409598710935283
            ],
            [
              3.152306350869602,
              1.1816182334059904
            ],
            [
              3.1718534340882414,
              1.0366252921172745
            ],
            [
              3.17502568057774,
              0.7940807357911357
            ],
            [
              3.1715142329610013,
              0.7500180164516881
            ],
            [
              3.1773014268548008,
              0.6199800389050112
            ],
            [
              3.160452416051205,
              0.2749841253288609
            ],
            [
              3.174799118421307,
              0.006876443014997596
            ],
            [
              3.1664113592635887,
              -0.432451050417446
            ],
            [
              3.1798311466826643,
              -0.5197307149108221
            ],
            [
              3.1589906493682083,
              -0.8211271934164805
            ],
            [
              3.151039807256755,
              -1.2375701872866274
            ],
            [
              3.168312032609858,
              -1.6942746776469277
            ],
            [
              3.147239684899651,
              -1.702577993085417
            ],
            [
              3.1421647923029887,
              -1.7024187839735823
            ],
            [
              3.142123261331305,
              -1.7045940607485528
            ],
            [
              3.141738803712388,
              -1.7047455518366128
            ],
            [
              3.142020527566462,
              -1.709974969588496
            ],
            [
              3.142650318490731,
              -1.72166528189863
            ],
            [
              3.1417970534201323,
              -1.7216799237613591
            ],
            [
              3.1417965150348355,
              -1.7217081228856523
            ],
            [
              3.119199996390335,
              -1.722841940224191
            ],
            [
              3.1184240074419156,
              -1.828708810956971
            ],
            [
              3.1013299779261567,
              -1.8207579710229835
            ],
            [
              3.101220516196333,
              -1.839138010724318
            ],
            [
              3.0887571143963215,
              -1.8370481897911468
            ],
            [
              3.088736079201263,
              -1.8462765949076272
            ],
            [
              3.05691359041076,
              -1.8450496356325239
            ],
            [
              3.0565208350303577,
              -1.853091591498859
            ],
            [
              2.7489518583896126,
              -1.8595187148456818
            ],
            [
              2.747434656083039,
              -1.860116550905941
            ],
            [
              2.743562434131151,
              -1.859631335093848
            ],
            [
              2.5108001532543307,
              -1.864495258321809
            ],
            [
              2.286456875050394,
              -1.8431422495544587
            ],
            [
              2.2765381180195887,
              -1.833381001437077
            ],
            [
              2.201698632787029,
              -1.8350749541817415
            ],
            [
              1.890568034397572,
              -1.80546152226442
            ],
            [
              1.8211683988731435,
              -1.7974038014426454
            ],
            [
              1.7644517500652832,
              -1.790818652708262
            ],
            [
              1.7509593694607208,
              -1.7914956550070802
            ],
            [
              1.7343024979679045,
              -1.7888957987906202
            ],
            [
              1.7340834104969138,
              -1.78729270332519
            ],
            [
              1.7240628902605657,
              -1.7861292598295104
            ],
            [
              1.6948383616760545,
              -1.7827361138756088
            ],
            [
              1.688126890131278,
              -1.7619426984189708
            ],
            [
              1.6832099218390812,
              -1.7467089953771489
            ],
            [
              1.6538438445100752,
              -1.6557273019944188
            ],
            [
              1.6336151373627834,
              -1.593054919483661
            ],
            [
              1.5965233452891878,
              -1.4781374922887607
            ],
            [
              1.5814824496372006,
              -1.431537936581023
            ],
            [
              1.5441610186687549,
              -1.315909044409513
            ],
            [
              1.5064614966406003,
              -1.1991087542170886
            ],
            [
              1.5029149607264733,
              -1.1881209113569458
            ],
            [
              1.4877408857193024,
              -1.1411087406743685
            ],
            [
              1.4676030029005782,
              -1.141681428700681
            ],
            [
              1.4659936203737116,
              -1.1364418337365603
            ],
            [
              1.296436724178702,
              -1.1438676948963236
            ],
            [
              1.2907891247312162,
              -1.1221730471813565
            ],
            [
              0.9898898378829268,
              -1.1552667997190773
            ],
            [
              0.9396550188332683,
              -1.156695394752263
            ],
            [
              0.9067697467463678,
              -1.1609334288056605
            ],
            [
              0.5616640311186682,
              -1.1760475715341556
            ],
            [
              0.4776902402963822,
              -1.1902425348023156
            ],
            [
              0.46917875361543154,
              -1.1916813199233685
            ],
            [
              0.3267204637271318,
              -1.1921719767390893
            ],
            [
              0.24544972882055915,
              -1.214652182045502
            ],
            [
              0.24637915803397026,
              -1.2296781412528213
            ],
            [
              0.24163188041334138,
              -1.2307864616739297
            ],
            [
              0.2418424815660542,
              -1.2382542991143533
            ],
            [
              0.23856247108668188,
              -1.2376734838031551
            ],
            [
              0.24023491030870106,
              -1.2496488932727392
            ],
            [
              0.2353622225673199,
              -1.2510538269364386
            ],
            [
              0.2429565781305621,
              -1.2777597430756407
            ],
            [
              0.24729321501414983,
              -1.431535251270216
            ],
            [
              0.2492941553252465,
              -1.4599178658181007
            ],
            [
              0.2560687715619604,
              -1.556013346672852
            ],
            [
              0.26906776754966183,
              -1.7403994028597134
            ],
            [
              0.2711801498211017,
              -1.7703627813051215
            ],
            [
              0.27122073415028974,
              -1.7709384553347967
            ],
            [
              0.27558293737960454,
              -1.8328147302794109
            ],
            [
              0.27797521400984293,
              -1.8667483089631016
            ],
            [
              0.2783892070944769,
              -1.8726206511221817
            ],
            [
              0.21659781478794124,
              -1.8721207013922068
            ],
            [
              0.21660349253522485,
              -1.873166811633033
            ],
            [
              0.20218183050180472,
              -1.8720040626957453
            ],
            [
              -0.0022971475026336563,
              -1.8703496379284297
            ],
            [
              -0.045632998314353856,
              -1.8645364662604638
            ],
            [
              -0.34447059106912836,
              -1.867581137101211
            ],
            [
              -0.7779296548846445,
              -1.8640740508579579
            ],
            [
              -1.0080200179262175,
              -1.838965049259113
            ],
            [
              -1.2757266917840175,
              -1.8336901928783014
            ],
            [
              -1.686687393368036,
              -1.8052350821388965
            ],
            [
              -1.7527765878034955,
              -1.8242904657376902
            ],
            [
              -1.8357155562567131,
              -1.8226562474320391
            ],
            [
              -1.9062565254490997,
              -1.8083035417888302
            ],
            [
              -2.1079774359621704,
              -1.8117650333969189
            ],
            [
              -2.2102596958137597,
              -1.8032159089149429
            ],
            [
              -2.229997064249674,
              -1.8078238822092383
            ]
          ]
        ]
      }
    }
  ]
}