image_id,model,reference_status,reference_error_yaw_mean,not_a_GT_evaluation
2t7WUuJeko7_073656b4030d4389ba7f304298be1d73,hohonet,public_dataset_reference_not_quality_assumed,0.243124988048,True
2t7WUuJeko7_073656b4030d4389ba7f304298be1d73,bi_enclosed,public_dataset_reference_not_quality_assumed,0.251322148187,True
2t7WUuJeko7_073656b4030d4389ba7f304298be1d73,bi_extended,public_dataset_reference_not_quality_assumed,0.251535546342,True
2t7WUuJeko7_073656b4030d4389ba7f304298be1d73,ulayout,public_dataset_reference_not_quality_assumed,0.251997793719,True
2t7WUuJeko7_1a0d730696cc4057b0037a75c8ef6b59,hohonet,public_dataset_reference_not_quality_assumed,0.133199952051,True
2t7WUuJeko7_1a0d730696cc4057b0037a75c8ef6b59,bi_enclosed,public_dataset_reference_not_quality_assumed,0.130890811654,True
2t7WUuJeko7_1a0d730696cc4057b0037a75c8ef6b59,bi_extended,public_dataset_reference_not_quality_assumed,0.131137239922,True
2t7WUuJeko7_1a0d730696cc4057b0037a75c8ef6b59,ulayout,public_dataset_reference_not_quality_assumed,0.130655137174,True
2t7WUuJeko7_218fdf5321f9482e85e828c56f2c0c94,hohonet,public_dataset_reference_not_quality_assumed,0.179425333461,True
2t7WUuJeko7_218fdf5321f9482e85e828c56f2c0c94,bi_enclosed,public_dataset_reference_not_quality_assumed,0.182536149247,True
2t7WUuJeko7_218fdf5321f9482e85e828c56f2c0c94,bi_extended,public_dataset_reference_not_quality_assumed,0.182812488683,True
2t7WUuJeko7_218fdf5321f9482e85e828c56f2c0c94,ulayout,public_dataset_reference_not_quality_assumed,0.182786071347,True
2t7WUuJeko7_27af7fd637014142a4f530cfd4557189,hohonet,public_dataset_reference_not_quality_assumed,0.203778669113,True
2t7WUuJeko7_27af7fd637014142a4f530cfd4557189,bi_enclosed,public_dataset_reference_not_quality_assumed,0.203159701522,True
2t7WUuJeko7_27af7fd637014142a4f530cfd4557189,bi_extended,public_dataset_reference_not_quality_assumed,0.203066481123,True
2t7WUuJeko7_27af7fd637014142a4f530cfd4557189,ulayout,public_dataset_reference_not_quality_assumed,0.210224944276,True
2t7WUuJeko7_3be66dc4f0fb46449d63b07d92c74f3f,hohonet,public_dataset_reference_not_quality_assumed,0.232111600702,True
2t7WUuJeko7_3be66dc4f0fb46449d63b07d92c74f3f,bi_enclosed,public_dataset_reference_not_quality_assumed,0.226842682108,True
2t7WUuJeko7_3be66dc4f0fb46449d63b07d92c74f3f,bi_extended,public_dataset_reference_not_quality_assumed,0.226863217759,True
2t7WUuJeko7_3be66dc4f0fb46449d63b07d92c74f3f,ulayout,public_dataset_reference_not_quality_assumed,0.227796367772,True
2t7WUuJeko7_5db6d45b905f458a8290e69ff3e8d820,hohonet,public_dataset_reference_not_quality_assumed,0.263899870984,True
2t7WUuJeko7_5db6d45b905f458a8290e69ff3e8d820,bi_enclosed,public_dataset_reference_not_quality_assumed,0.237086467958,True
2t7WUuJeko7_5db6d45b905f458a8290e69ff3e8d820,bi_extended,public_dataset_reference_not_quality_assumed,0.236076699731,True
2t7WUuJeko7_5db6d45b905f458a8290e69ff3e8d820,ulayout,public_dataset_reference_not_quality_assumed,0.236578761177,True
2t7WUuJeko7_7b017f053981438a9c075e599f2c5866,hohonet,public_dataset_reference_not_quality_assumed,0.175221461887,True
2t7WUuJeko7_7b017f053981438a9c075e599f2c5866,bi_enclosed,public_dataset_reference_not_quality_assumed,0.164491096491,True
2t7WUuJeko7_7b017f053981438a9c075e599f2c5866,bi_extended,public_dataset_reference_not_quality_assumed,0.164778652498,True
2t7WUuJeko7_7b017f053981438a9c075e599f2c5866,ulayout,public_dataset_reference_not_quality_assumed,0.172320697332,True
2t7WUuJeko7_8898d3cea28d404f8f69c3a3bce52371,hohonet,public_dataset_reference_not_quality_assumed,0.242413807346,True
2t7WUuJeko7_8898d3cea28d404f8f69c3a3bce52371,bi_enclosed,public_dataset_reference_not_quality_assumed,0.257510420268,True
2t7WUuJeko7_8898d3cea28d404f8f69c3a3bce52371,bi_extended,public_dataset_reference_not_quality_assumed,0.257712025122,True
2t7WUuJeko7_8898d3cea28d404f8f69c3a3bce52371,ulayout,public_dataset_reference_not_quality_assumed,0.258638951696,True
2t7WUuJeko7_8d51f41d9ce04dfdaae944da9c6d3847,hohonet,public_dataset_reference_not_quality_assumed,0.237664284999,True
2t7WUuJeko7_8d51f41d9ce04dfdaae944da9c6d3847,bi_enclosed,public_dataset_reference_not_quality_assumed,0.200774568807,True
2t7WUuJeko7_8d51f41d9ce04dfdaae944da9c6d3847,bi_extended,public_dataset_reference_not_quality_assumed,0.201345965599,True
2t7WUuJeko7_8d51f41d9ce04dfdaae944da9c6d3847,ulayout,public_dataset_reference_not_quality_assumed,0.22087162718,True
2t7WUuJeko7_9039d42e4ef4406fa57a2fbd2daba6cf,hohonet,public_dataset_reference_not_quality_assumed,0.196703340206,True
2t7WUuJeko7_9039d42e4ef4406fa57a2fbd2daba6cf,bi_enclosed,public_dataset_reference_not_quality_assumed,0.170612712359,True
2t7WUuJeko7_9039d42e4ef4406fa57a2fbd2daba6cf,bi_extended,public_dataset_reference_not_quality_assumed,0.170492108566,True
2t7WUuJeko7_9039d42e4ef4406fa57a2fbd2daba6cf,ulayout,public_dataset_reference_not_quality_assumed,0.175450931199,True
2t7WUuJeko7_976c954bc5944db493d6149ee4bc7a2a,hohonet,public_dataset_reference_not_quality_assumed,0.208968670913,True
2t7WUuJeko7_976c954bc5944db493d6149ee4bc7a2a,bi_enclosed,public_dataset_reference_not_quality_assumed,0.194241812502,True
2t7WUuJeko7_976c954bc5944db493d6149ee4bc7a2a,bi_extended,public_dataset_reference_not_quality_assumed,0.194535995492,True
2t7WUuJeko7_976c954bc5944db493d6149ee4bc7a2a,ulayout,public_dataset_reference_not_quality_assumed,0.207164447185,True
2t7WUuJeko7_a3297c84260041288c5c38c0d1aa0a9a,hohonet,public_dataset_reference_not_quality_assumed,0.213783342355,True
2t7WUuJeko7_a3297c84260041288c5c38c0d1aa0a9a,bi_enclosed,public_dataset_reference_not_quality_assumed,0.221797497925,True
2t7WUuJeko7_a3297c84260041288c5c38c0d1aa0a9a,bi_extended,public_dataset_reference_not_quality_assumed,0.222022331825,True
2t7WUuJeko7_a3297c84260041288c5c38c0d1aa0a9a,ulayout,public_dataset_reference_not_quality_assumed,0.231797189836,True
2t7WUuJeko7_b72b7b78675f429a9f382a44e551cffc,hohonet,public_dataset_reference_not_quality_assumed,0.237535925668,True
2t7WUuJeko7_b72b7b78675f429a9f382a44e551cffc,bi_enclosed,public_dataset_reference_not_quality_assumed,0.214137934363,True
2t7WUuJeko7_b72b7b78675f429a9f382a44e551cffc,bi_extended,public_dataset_reference_not_quality_assumed,0.214200586863,True
2t7WUuJeko7_b72b7b78675f429a9f382a44e551cffc,ulayout,public_dataset_reference_not_quality_assumed,0.21945814082,True
2t7WUuJeko7_cc34e9176bfe47ebb23c58c165203134,hohonet,public_dataset_reference_not_quality_assumed,0.22261629588,True
2t7WUuJeko7_cc34e9176bfe47ebb23c58c165203134,bi_enclosed,public_dataset_reference_not_quality_assumed,0.188438026282,True
2t7WUuJeko7_cc34e9176bfe47ebb23c58c165203134,bi_extended,public_dataset_reference_not_quality_assumed,0.188368366991,True
2t7WUuJeko7_cc34e9176bfe47ebb23c58c165203134,ulayout,public_dataset_reference_not_quality_assumed,0.203419829236,True
7y3sRwLe3Va_0e9fdd85e24a4a35b3dc1e8cb76ebb09,hohonet,public_dataset_reference_not_quality_assumed,0.184439916706,True
7y3sRwLe3Va_0e9fdd85e24a4a35b3dc1e8cb76ebb09,bi_enclosed,public_dataset_reference_not_quality_assumed,0.186176011076,True
7y3sRwLe3Va_0e9fdd85e24a4a35b3dc1e8cb76ebb09,bi_extended,public_dataset_reference_not_quality_assumed,0.186415970939,True
7y3sRwLe3Va_0e9fdd85e24a4a35b3dc1e8cb76ebb09,ulayout,public_dataset_reference_not_quality_assumed,0.188462278868,True
7y3sRwLe3Va_0eb1323894e041efa23d2f3e60efbe44,hohonet,public_dataset_reference_not_quality_assumed,0.276944902415,True
7y3sRwLe3Va_0eb1323894e041efa23d2f3e60efbe44,bi_enclosed,public_dataset_reference_not_quality_assumed,0.292815152525,True
7y3sRwLe3Va_0eb1323894e041efa23d2f3e60efbe44,bi_extended,public_dataset_reference_not_quality_assumed,0.29279815669,True
7y3sRwLe3Va_0eb1323894e041efa23d2f3e60efbe44,ulayout,public_dataset_reference_not_quality_assumed,0.278214932901,True
7y3sRwLe3Va_112edb40f34e470da3a5b04599e71211,hohonet,public_dataset_reference_not_quality_assumed,0.315768479397,True
7y3sRwLe3Va_112edb40f34e470da3a5b04599e71211,bi_enclosed,public_dataset_reference_not_quality_assumed,0.329336368078,True
7y3sRwLe3Va_112edb40f34e470da3a5b04599e71211,bi_extended,public_dataset_reference_not_quality_assumed,0.327844725054,True
7y3sRwLe3Va_112edb40f34e470da3a5b04599e71211,ulayout,public_dataset_reference_not_quality_assumed,0.336219698976,True
7y3sRwLe3Va_1410b021e1c14f529188eb026fbb369a,hohonet,adjudicated_reference,0.145092847721,True
7y3sRwLe3Va_1410b021e1c14f529188eb026fbb369a,bi_enclosed,adjudicated_reference,0.147264592231,True
7y3sRwLe3Va_1410b021e1c14f529188eb026fbb369a,bi_extended,adjudicated_reference,0.147392767311,True
7y3sRwLe3Va_1410b021e1c14f529188eb026fbb369a,ulayout,adjudicated_reference,0.139254940213,True
7y3sRwLe3Va_155fac2d50764bf09feb6c8f33e8fb76,hohonet,public_dataset_reference_not_quality_assumed,0.254893679471,True
7y3sRwLe3Va_155fac2d50764bf09feb6c8f33e8fb76,bi_enclosed,public_dataset_reference_not_quality_assumed,0.246527555555,True
7y3sRwLe3Va_155fac2d50764bf09feb6c8f33e8fb76,bi_extended,public_dataset_reference_not_quality_assumed,0.246677883569,True
7y3sRwLe3Va_155fac2d50764bf09feb6c8f33e8fb76,ulayout,public_dataset_reference_not_quality_assumed,0.248165381198,True
7y3sRwLe3Va_1679b5de39e548d38ba240f2fd99cae9,hohonet,public_dataset_reference_not_quality_assumed,0.409611726362,True
7y3sRwLe3Va_1679b5de39e548d38ba240f2fd99cae9,bi_enclosed,public_dataset_reference_not_quality_assumed,0.406985849301,True
7y3sRwLe3Va_1679b5de39e548d38ba240f2fd99cae9,bi_extended,public_dataset_reference_not_quality_assumed,0.403021043825,True
7y3sRwLe3Va_1679b5de39e548d38ba240f2fd99cae9,ulayout,public_dataset_reference_not_quality_assumed,0.429323945465,True
7y3sRwLe3Va_1e7c16e6cb054c9fbbeb15160bc11f73,hohonet,public_dataset_reference_not_quality_assumed,0.272148232852,True
7y3sRwLe3Va_1e7c16e6cb054c9fbbeb15160bc11f73,bi_enclosed,public_dataset_reference_not_quality_assumed,0.322211894284,True
7y3sRwLe3Va_1e7c16e6cb054c9fbbeb15160bc11f73,bi_extended,public_dataset_reference_not_quality_assumed,0.321958742465,True
7y3sRwLe3Va_1e7c16e6cb054c9fbbeb15160bc11f73,ulayout,public_dataset_reference_not_quality_assumed,0.30783453498,True
7y3sRwLe3Va_54e499c336a0490d8cf1684049f36040,hohonet,public_dataset_reference_not_quality_assumed,0.330966268026,True
7y3sRwLe3Va_54e499c336a0490d8cf1684049f36040,bi_enclosed,public_dataset_reference_not_quality_assumed,0.325337453779,True
7y3sRwLe3Va_54e499c336a0490d8cf1684049f36040,bi_extended,public_dataset_reference_not_quality_assumed,0.325570986188,True
7y3sRwLe3Va_54e499c336a0490d8cf1684049f36040,ulayout,public_dataset_reference_not_quality_assumed,0.336220281482,True
7y3sRwLe3Va_5c39473b25b74307858764d1a2045b9e,hohonet,public_dataset_reference_not_quality_assumed,0.507444112193,True
7y3sRwLe3Va_5c39473b25b74307858764d1a2045b9e,bi_enclosed,public_dataset_reference_not_quality_assumed,0.492255601374,True
7y3sRwLe3Va_5c39473b25b74307858764d1a2045b9e,bi_extended,public_dataset_reference_not_quality_assumed,0.492672871104,True
7y3sRwLe3Va_5c39473b25b74307858764d1a2045b9e,ulayout,public_dataset_reference_not_quality_assumed,0.513871269311,True
7y3sRwLe3Va_606f9842b8af48daa28f10df8b69d861,hohonet,public_dataset_reference_not_quality_assumed,0.342399557934,True
7y3sRwLe3Va_606f9842b8af48daa28f10df8b69d861,bi_enclosed,public_dataset_reference_not_quality_assumed,0.32967249499,True
7y3sRwLe3Va_606f9842b8af48daa28f10df8b69d861,bi_extended,public_dataset_reference_not_quality_assumed,0.330001027031,True
7y3sRwLe3Va_606f9842b8af48daa28f10df8b69d861,ulayout,public_dataset_reference_not_quality_assumed,0.337942961673,True
7y3sRwLe3Va_92fb09a83f8949619b9dc5bda2855456,hohonet,public_dataset_reference_not_quality_assumed,0.541062013216,True
7y3sRwLe3Va_92fb09a83f8949619b9dc5bda2855456,bi_enclosed,public_dataset_reference_not_quality_assumed,0.538247695605,True
7y3sRwLe3Va_92fb09a83f8949619b9dc5bda2855456,bi_extended,public_dataset_reference_not_quality_assumed,0.538190111501,True
7y3sRwLe3Va_92fb09a83f8949619b9dc5bda2855456,ulayout,public_dataset_reference_not_quality_assumed,0.543198192701,True
7y3sRwLe3Va_99b1210b63c94f9184a9f06032a2ea4a,hohonet,public_dataset_reference_not_quality_assumed,0.249778163774,True
7y3sRwLe3Va_99b1210b63c94f9184a9f06032a2ea4a,bi_enclosed,public_dataset_reference_not_quality_assumed,0.251639833644,True
7y3sRwLe3Va_99b1210b63c94f9184a9f06032a2ea4a,bi_extended,public_dataset_reference_not_quality_assumed,0.251493046262,True
7y3sRwLe3Va_99b1210b63c94f9184a9f06032a2ea4a,ulayout,public_dataset_reference_not_quality_assumed,0.262474537573,True
7y3sRwLe3Va_9b72664399a34e4f9dbe470571c73187,hohonet,public_dataset_reference_not_quality_assumed,0.361966685975,True
7y3sRwLe3Va_9b72664399a34e4f9dbe470571c73187,bi_enclosed,public_dataset_reference_not_quality_assumed,0.362363404079,True
7y3sRwLe3Va_9b72664399a34e4f9dbe470571c73187,bi_extended,public_dataset_reference_not_quality_assumed,0.362417068643,True
7y3sRwLe3Va_9b72664399a34e4f9dbe470571c73187,ulayout,public_dataset_reference_not_quality_assumed,0.366322189978,True
7y3sRwLe3Va_9bbf903d50da4ffd9e5d1fb7c9f4d69b,hohonet,adjudicated_reference,0.361753611363,True
7y3sRwLe3Va_9bbf903d50da4ffd9e5d1fb7c9f4d69b,bi_enclosed,adjudicated_reference,0.350646327901,True
7y3sRwLe3Va_9bbf903d50da4ffd9e5d1fb7c9f4d69b,bi_extended,adjudicated_reference,0.350824672552,True
7y3sRwLe3Va_9bbf903d50da4ffd9e5d1fb7c9f4d69b,ulayout,adjudicated_reference,0.357580148194,True
7y3sRwLe3Va_9e4c92fd7eb74504baecf55a3264716e,hohonet,public_dataset_reference_not_quality_assumed,0.377114586285,True
7y3sRwLe3Va_9e4c92fd7eb74504baecf55a3264716e,bi_enclosed,public_dataset_reference_not_quality_assumed,0.353487085834,True
7y3sRwLe3Va_9e4c92fd7eb74504baecf55a3264716e,bi_extended,public_dataset_reference_not_quality_assumed,0.353580231462,True
7y3sRwLe3Va_9e4c92fd7eb74504baecf55a3264716e,ulayout,public_dataset_reference_not_quality_assumed,0.359565363252,True
7y3sRwLe3Va_a775c7668ca9419daaf506e76851821e,hohonet,public_dataset_reference_not_quality_assumed,0.168898044883,True
7y3sRwLe3Va_a775c7668ca9419daaf506e76851821e,bi_enclosed,public_dataset_reference_not_quality_assumed,0.157681886806,True
7y3sRwLe3Va_a775c7668ca9419daaf506e76851821e,bi_extended,public_dataset_reference_not_quality_assumed,0.157506701462,True
7y3sRwLe3Va_a775c7668ca9419daaf506e76851821e,ulayout,public_dataset_reference_not_quality_assumed,0.179404829893,True
7y3sRwLe3Va_ad77d6eeca5b492b8fe3317177f4f03f,hohonet,public_dataset_reference_not_quality_assumed,0.210921498679,True
7y3sRwLe3Va_ad77d6eeca5b492b8fe3317177f4f03f,bi_enclosed,public_dataset_reference_not_quality_assumed,0.204588851599,True
7y3sRwLe3Va_ad77d6eeca5b492b8fe3317177f4f03f,bi_extended,public_dataset_reference_not_quality_assumed,0.204903891987,True
7y3sRwLe3Va_ad77d6eeca5b492b8fe3317177f4f03f,ulayout,public_dataset_reference_not_quality_assumed,0.202723396127,True
7y3sRwLe3Va_af5f1942b4374015823bd32e31b31c64,hohonet,public_dataset_reference_not_quality_assumed,0.581449645039,True
7y3sRwLe3Va_af5f1942b4374015823bd32e31b31c64,bi_enclosed,public_dataset_reference_not_quality_assumed,0.558838979892,True
7y3sRwLe3Va_af5f1942b4374015823bd32e31b31c64,bi_extended,public_dataset_reference_not_quality_assumed,0.558879420503,True
7y3sRwLe3Va_af5f1942b4374015823bd32e31b31c64,ulayout,public_dataset_reference_not_quality_assumed,0.578688671188,True
7y3sRwLe3Va_b47475370e824b9e923a4a96bc98e1e3,hohonet,public_dataset_reference_not_quality_assumed,0.274519404931,True
7y3sRwLe3Va_b47475370e824b9e923a4a96bc98e1e3,bi_enclosed,public_dataset_reference_not_quality_assumed,0.393201500385,True
7y3sRwLe3Va_b47475370e824b9e923a4a96bc98e1e3,bi_extended,public_dataset_reference_not_quality_assumed,0.276960326835,True
7y3sRwLe3Va_b47475370e824b9e923a4a96bc98e1e3,ulayout,public_dataset_reference_not_quality_assumed,0.270758046837,True
7y3sRwLe3Va_b564162b2c7d4033bfe6ef3dfb959c9e,hohonet,public_dataset_reference_not_quality_assumed,0.499575703814,True
7y3sRwLe3Va_b564162b2c7d4033bfe6ef3dfb959c9e,bi_enclosed,public_dataset_reference_not_quality_assumed,0.472787793945,True
7y3sRwLe3Va_b564162b2c7d4033bfe6ef3dfb959c9e,bi_extended,public_dataset_reference_not_quality_assumed,0.473051297534,True
7y3sRwLe3Va_b564162b2c7d4033bfe6ef3dfb959c9e,ulayout,public_dataset_reference_not_quality_assumed,0.489580310758,True
7y3sRwLe3Va_bbcc19afdad742eba89290ad2b5dbf6b,hohonet,public_dataset_reference_not_quality_assumed,0.291896639576,True
7y3sRwLe3Va_bbcc19afdad742eba89290ad2b5dbf6b,bi_enclosed,public_dataset_reference_not_quality_assumed,0.293239238632,True
7y3sRwLe3Va_bbcc19afdad742eba89290ad2b5dbf6b,bi_extended,public_dataset_reference_not_quality_assumed,0.293357889592,True
7y3sRwLe3Va_bbcc19afdad742eba89290ad2b5dbf6b,ulayout,public_dataset_reference_not_quality_assumed,0.307257723485,True
7y3sRwLe3Va_dd83fb40a2e14ac99de9fe9bcfaf44df,hohonet,public_dataset_reference_not_quality_assumed,0.435180054386,True
7y3sRwLe3Va_dd83fb40a2e14ac99de9fe9bcfaf44df,bi_enclosed,public_dataset_reference_not_quality_assumed,0.437997027747,True
7y3sRwLe3Va_dd83fb40a2e14ac99de9fe9bcfaf44df,bi_extended,public_dataset_reference_not_quality_assumed,0.437938475769,True
7y3sRwLe3Va_dd83fb40a2e14ac99de9fe9bcfaf44df,ulayout,public_dataset_reference_not_quality_assumed,0.441413377092,True
7y3sRwLe3Va_dfe1f8e8b58d4da49f0c73516e7a4b67,hohonet,public_dataset_reference_not_quality_assumed,0.256998443079,True
7y3sRwLe3Va_dfe1f8e8b58d4da49f0c73516e7a4b67,bi_enclosed,public_dataset_reference_not_quality_assumed,0.260719498568,True
7y3sRwLe3Va_dfe1f8e8b58d4da49f0c73516e7a4b67,bi_extended,public_dataset_reference_not_quality_assumed,0.255609898957,True
7y3sRwLe3Va_dfe1f8e8b58d4da49f0c73516e7a4b67,ulayout,public_dataset_reference_not_quality_assumed,0.265656078594,True
7y3sRwLe3Va_fdab6422162e49db822a37178ab70481,hohonet,public_dataset_reference_not_quality_assumed,0.346597277463,True
7y3sRwLe3Va_fdab6422162e49db822a37178ab70481,bi_enclosed,public_dataset_reference_not_quality_assumed,0.347101562664,True
7y3sRwLe3Va_fdab6422162e49db822a37178ab70481,bi_extended,public_dataset_reference_not_quality_assumed,0.346906996871,True
7y3sRwLe3Va_fdab6422162e49db822a37178ab70481,ulayout,public_dataset_reference_not_quality_assumed,0.351864647635,True
B6ByNegPMKs_02e18ec4d4f94d2eb4407346c822dee2,hohonet,public_dataset_reference_not_quality_assumed,0.820213170723,True
B6ByNegPMKs_02e18ec4d4f94d2eb4407346c822dee2,bi_enclosed,public_dataset_reference_not_quality_assumed,0.819164875177,True
B6ByNegPMKs_02e18ec4d4f94d2eb4407346c822dee2,bi_extended,public_dataset_reference_not_quality_assumed,0.819148380926,True
B6ByNegPMKs_02e18ec4d4f94d2eb4407346c822dee2,ulayout,public_dataset_reference_not_quality_assumed,0.825330846336,True
B6ByNegPMKs_0e5ba44387774783903fea2a1b8f53dd,hohonet,public_dataset_reference_not_quality_assumed,0.61078362418,True
B6ByNegPMKs_0e5ba44387774783903fea2a1b8f53dd,bi_enclosed,public_dataset_reference_not_quality_assumed,0.610574862784,True
B6ByNegPMKs_0e5ba44387774783903fea2a1b8f53dd,bi_extended,public_dataset_reference_not_quality_assumed,0.610958188443,True
B6ByNegPMKs_0e5ba44387774783903fea2a1b8f53dd,ulayout,public_dataset_reference_not_quality_assumed,0.607873081647,True
B6ByNegPMKs_0f8e559bf8d4427ba275e63aba46e3e5,hohonet,public_dataset_reference_not_quality_assumed,0.269348041194,True
B6ByNegPMKs_0f8e559bf8d4427ba275e63aba46e3e5,bi_enclosed,public_dataset_reference_not_quality_assumed,0.263201282282,True
B6ByNegPMKs_0f8e559bf8d4427ba275e63aba46e3e5,bi_extended,public_dataset_reference_not_quality_assumed,0.262733046206,True
B6ByNegPMKs_0f8e559bf8d4427ba275e63aba46e3e5,ulayout,public_dataset_reference_not_quality_assumed,0.268911790483,True
B6ByNegPMKs_1bf33cdff9a54d65a9be6889eb912fb5,hohonet,public_dataset_reference_not_quality_assumed,0.224247633619,True
B6ByNegPMKs_1bf33cdff9a54d65a9be6889eb912fb5,bi_enclosed,public_dataset_reference_not_quality_assumed,0.218235267568,True
B6ByNegPMKs_1bf33cdff9a54d65a9be6889eb912fb5,bi_extended,public_dataset_reference_not_quality_assumed,0.218459998372,True
B6ByNegPMKs_1bf33cdff9a54d65a9be6889eb912fb5,ulayout,public_dataset_reference_not_quality_assumed,0.25978315262,True
B6ByNegPMKs_1c21814e7e7447d5b650afdff65c287e,hohonet,public_dataset_reference_not_quality_assumed,0.31246122128,True
B6ByNegPMKs_1c21814e7e7447d5b650afdff65c287e,bi_enclosed,public_dataset_reference_not_quality_assumed,0.279731512762,True
B6ByNegPMKs_1c21814e7e7447d5b650afdff65c287e,bi_extended,public_dataset_reference_not_quality_assumed,0.272343436641,True
B6ByNegPMKs_1c21814e7e7447d5b650afdff65c287e,ulayout,public_dataset_reference_not_quality_assumed,0.27403637016,True
B6ByNegPMKs_29138c57da06404d8a009f0deb20537f,hohonet,public_dataset_reference_not_quality_assumed,0.138361202288,True
B6ByNegPMKs_29138c57da06404d8a009f0deb20537f,bi_enclosed,public_dataset_reference_not_quality_assumed,0.137939904989,True
B6ByNegPMKs_29138c57da06404d8a009f0deb20537f,bi_extended,public_dataset_reference_not_quality_assumed,0.137747737664,True
B6ByNegPMKs_29138c57da06404d8a009f0deb20537f,ulayout,public_dataset_reference_not_quality_assumed,0.137833580457,True
B6ByNegPMKs_2a1bc1a10d7b45ad902e09cd71767fd9,hohonet,public_dataset_reference_not_quality_assumed,0.665986155265,True
B6ByNegPMKs_2a1bc1a10d7b45ad902e09cd71767fd9,bi_enclosed,public_dataset_reference_not_quality_assumed,0.679327622486,True
B6ByNegPMKs_2a1bc1a10d7b45ad902e09cd71767fd9,bi_extended,public_dataset_reference_not_quality_assumed,0.672749935044,True
B6ByNegPMKs_2a1bc1a10d7b45ad902e09cd71767fd9,ulayout,public_dataset_reference_not_quality_assumed,0.681350052016,True
B6ByNegPMKs_343c07bcee6a4740a3cd39540e8f4ca2,hohonet,public_dataset_reference_not_quality_assumed,0.217410845372,True
B6ByNegPMKs_343c07bcee6a4740a3cd39540e8f4ca2,bi_enclosed,public_dataset_reference_not_quality_assumed,0.233179967925,True
B6ByNegPMKs_343c07bcee6a4740a3cd39540e8f4ca2,bi_extended,public_dataset_reference_not_quality_assumed,0.233914724673,True
B6ByNegPMKs_343c07bcee6a4740a3cd39540e8f4ca2,ulayout,public_dataset_reference_not_quality_assumed,0.235096175861,True
B6ByNegPMKs_3ed1f9b2f3c341d68c6d42895f56f7f9,hohonet,public_dataset_reference_not_quality_assumed,0.250582640927,True
B6ByNegPMKs_3ed1f9b2f3c341d68c6d42895f56f7f9,bi_enclosed,public_dataset_reference_not_quality_assumed,0.257254237086,True
B6ByNegPMKs_3ed1f9b2f3c341d68c6d42895f56f7f9,bi_extended,public_dataset_reference_not_quality_assumed,0.257490991598,True
B6ByNegPMKs_3ed1f9b2f3c341d68c6d42895f56f7f9,ulayout,public_dataset_reference_not_quality_assumed,0.257645158715,True
B6ByNegPMKs_48ee619d38b142f88914e7e2582bc1d8,hohonet,adjudicated_reference,0.15555093894,True
B6ByNegPMKs_48ee619d38b142f88914e7e2582bc1d8,bi_enclosed,adjudicated_reference,0.178608496864,True
B6ByNegPMKs_48ee619d38b142f88914e7e2582bc1d8,bi_extended,adjudicated_reference,0.178421464972,True
B6ByNegPMKs_48ee619d38b142f88914e7e2582bc1d8,ulayout,adjudicated_reference,0.176583147286,True
B6ByNegPMKs_4b983544c13946e3a3a518c565ad1086,hohonet,adjudicated_reference,0.419469156885,True
B6ByNegPMKs_4b983544c13946e3a3a518c565ad1086,bi_enclosed,adjudicated_reference,0.392992584337,True
B6ByNegPMKs_4b983544c13946e3a3a518c565ad1086,bi_extended,adjudicated_reference,0.387856561686,True
B6ByNegPMKs_4b983544c13946e3a3a518c565ad1086,ulayout,adjudicated_reference,0.459390464123,True
B6ByNegPMKs_4c769d1a658d41eb995deb5b40af57a4,hohonet,public_dataset_reference_not_quality_assumed,0.147180361523,True
B6ByNegPMKs_4c769d1a658d41eb995deb5b40af57a4,bi_enclosed,public_dataset_reference_not_quality_assumed,0.144195274566,True
B6ByNegPMKs_4c769d1a658d41eb995deb5b40af57a4,bi_extended,public_dataset_reference_not_quality_assumed,0.144714755626,True
B6ByNegPMKs_4c769d1a658d41eb995deb5b40af57a4,ulayout,public_dataset_reference_not_quality_assumed,0.172464731806,True
B6ByNegPMKs_4e537870fc094609a7eda53d1e313fa8,hohonet,public_dataset_reference_not_quality_assumed,0.657767464948,True
B6ByNegPMKs_4e537870fc094609a7eda53d1e313fa8,bi_enclosed,public_dataset_reference_not_quality_assumed,0.649688467734,True
B6ByNegPMKs_4e537870fc094609a7eda53d1e313fa8,bi_extended,public_dataset_reference_not_quality_assumed,0.649732140469,True
B6ByNegPMKs_4e537870fc094609a7eda53d1e313fa8,ulayout,public_dataset_reference_not_quality_assumed,0.661708632844,True
B6ByNegPMKs_51623bde5d4a4550b2c34efe044a16dc,hohonet,public_dataset_reference_not_quality_assumed,0.732686055778,True
B6ByNegPMKs_51623bde5d4a4550b2c34efe044a16dc,bi_enclosed,public_dataset_reference_not_quality_assumed,0.728785675281,True
B6ByNegPMKs_51623bde5d4a4550b2c34efe044a16dc,bi_extended,public_dataset_reference_not_quality_assumed,0.728576105703,True
B6ByNegPMKs_51623bde5d4a4550b2c34efe044a16dc,ulayout,public_dataset_reference_not_quality_assumed,0.739644166678,True
B6ByNegPMKs_53249ef8a94c4c40bd6f09c069e54d16,hohonet,public_dataset_reference_not_quality_assumed,0.701010104394,True
B6ByNegPMKs_53249ef8a94c4c40bd6f09c069e54d16,bi_enclosed,public_dataset_reference_not_quality_assumed,0.698728955908,True
B6ByNegPMKs_53249ef8a94c4c40bd6f09c069e54d16,bi_extended,public_dataset_reference_not_quality_assumed,0.701241982126,True
B6ByNegPMKs_53249ef8a94c4c40bd6f09c069e54d16,ulayout,public_dataset_reference_not_quality_assumed,0.697762383633,True
B6ByNegPMKs_59cbdf96b19c4cc4a576e6658c5f67d6,hohonet,public_dataset_reference_not_quality_assumed,0.861270692456,True
B6ByNegPMKs_59cbdf96b19c4cc4a576e6658c5f67d6,bi_enclosed,public_dataset_reference_not_quality_assumed,0.850179358087,True
B6ByNegPMKs_59cbdf96b19c4cc4a576e6658c5f67d6,bi_extended,public_dataset_reference_not_quality_assumed,0.849859322496,True
B6ByNegPMKs_59cbdf96b19c4cc4a576e6658c5f67d6,ulayout,public_dataset_reference_not_quality_assumed,0.852543605176,True
B6ByNegPMKs_5b3d1c9fefb64512b0c9750a00feece4,hohonet,public_dataset_reference_not_quality_assumed,0.181170353873,True
B6ByNegPMKs_5b3d1c9fefb64512b0c9750a00feece4,bi_enclosed,public_dataset_reference_not_quality_assumed,0.181327918125,True
B6ByNegPMKs_5b3d1c9fefb64512b0c9750a00feece4,bi_extended,public_dataset_reference_not_quality_assumed,0.181589745315,True
B6ByNegPMKs_5b3d1c9fefb64512b0c9750a00feece4,ulayout,public_dataset_reference_not_quality_assumed,0.186063337041,True
B6ByNegPMKs_5b5bd1eac4e6462d8c6677b90a4cf9a9,hohonet,public_dataset_reference_not_quality_assumed,0.641966039873,True
B6ByNegPMKs_5b5bd1eac4e6462d8c6677b90a4cf9a9,bi_enclosed,public_dataset_reference_not_quality_assumed,0.653436722374,True
B6ByNegPMKs_5b5bd1eac4e6462d8c6677b90a4cf9a9,bi_extended,public_dataset_reference_not_quality_assumed,0.65691612198,True
B6ByNegPMKs_5b5bd1eac4e6462d8c6677b90a4cf9a9,ulayout,public_dataset_reference_not_quality_assumed,0.65480349787,True
B6ByNegPMKs_6ef1007d4f8641cfa4102b27787f0210,hohonet,public_dataset_reference_not_quality_assumed,0.256373136045,True
B6ByNegPMKs_6ef1007d4f8641cfa4102b27787f0210,bi_enclosed,public_dataset_reference_not_quality_assumed,0.210230694489,True
B6ByNegPMKs_6ef1007d4f8641cfa4102b27787f0210,bi_extended,public_dataset_reference_not_quality_assumed,0.210682100418,True
B6ByNegPMKs_6ef1007d4f8641cfa4102b27787f0210,ulayout,public_dataset_reference_not_quality_assumed,0.227088188959,True
B6ByNegPMKs_6f74372f4fbe4741b5388a6583284ad3,hohonet,public_dataset_reference_not_quality_assumed,0.221549412948,True
B6ByNegPMKs_6f74372f4fbe4741b5388a6583284ad3,bi_enclosed,public_dataset_reference_not_quality_assumed,0.210349666445,True
B6ByNegPMKs_6f74372f4fbe4741b5388a6583284ad3,bi_extended,public_dataset_reference_not_quality_assumed,0.210313866973,True
B6ByNegPMKs_6f74372f4fbe4741b5388a6583284ad3,ulayout,public_dataset_reference_not_quality_assumed,0.222530826285,True
B6ByNegPMKs_7018ca302c584d0d85024187f3568460,hohonet,public_dataset_reference_not_quality_assumed,0.178778555874,True
B6ByNegPMKs_7018ca302c584d0d85024187f3568460,bi_enclosed,public_dataset_reference_not_quality_assumed,0.182826529515,True
B6ByNegPMKs_7018ca302c584d0d85024187f3568460,bi_extended,public_dataset_reference_not_quality_assumed,0.181765723674,True
B6ByNegPMKs_7018ca302c584d0d85024187f3568460,ulayout,public_dataset_reference_not_quality_assumed,0.167666699905,True
B6ByNegPMKs_75327de9719945aa8b893a6404667884,hohonet,public_dataset_reference_not_quality_assumed,0.837286286084,True
B6ByNegPMKs_75327de9719945aa8b893a6404667884,bi_enclosed,public_dataset_reference_not_quality_assumed,0.828104368077,True
B6ByNegPMKs_75327de9719945aa8b893a6404667884,bi_extended,public_dataset_reference_not_quality_assumed,0.828214858873,True
B6ByNegPMKs_75327de9719945aa8b893a6404667884,ulayout,public_dataset_reference_not_quality_assumed,0.831651000971,True
B6ByNegPMKs_8a830452b3b449d08625f3d70bdd07b8,hohonet,public_dataset_reference_not_quality_assumed,0.745961164258,True
B6ByNegPMKs_8a830452b3b449d08625f3d70bdd07b8,bi_enclosed,public_dataset_reference_not_quality_assumed,0.733846132507,True
B6ByNegPMKs_8a830452b3b449d08625f3d70bdd07b8,bi_extended,public_dataset_reference_not_quality_assumed,0.734368266582,True
B6ByNegPMKs_8a830452b3b449d08625f3d70bdd07b8,ulayout,public_dataset_reference_not_quality_assumed,0.728329829118,True
B6ByNegPMKs_8b1abc1b47784d758b9ec1e079160475,hohonet,public_dataset_reference_not_quality_assumed,0.308096952242,True
B6ByNegPMKs_8b1abc1b47784d758b9ec1e079160475,bi_enclosed,public_dataset_reference_not_quality_assumed,0.389410506602,True
B6ByNegPMKs_8b1abc1b47784d758b9ec1e079160475,bi_extended,public_dataset_reference_not_quality_assumed,0.305425445074,True
B6ByNegPMKs_8b1abc1b47784d758b9ec1e079160475,ulayout,public_dataset_reference_not_quality_assumed,0.279666614018,True
B6ByNegPMKs_8b4e1e0ada214ee68dc9e0350cbad884,hohonet,public_dataset_reference_not_quality_assumed,0.368285954885,True
B6ByNegPMKs_8b4e1e0ada214ee68dc9e0350cbad884,bi_enclosed,public_dataset_reference_not_quality_assumed,0.391987782674,True
B6ByNegPMKs_8b4e1e0ada214ee68dc9e0350cbad884,bi_extended,public_dataset_reference_not_quality_assumed,0.391087169312,True
B6ByNegPMKs_8b4e1e0ada214ee68dc9e0350cbad884,ulayout,public_dataset_reference_not_quality_assumed,0.381264342741,True
B6ByNegPMKs_8c414a8052c844b4bcd5dc3fadde7f8c,hohonet,public_dataset_reference_not_quality_assumed,0.837997643383,True
B6ByNegPMKs_8c414a8052c844b4bcd5dc3fadde7f8c,bi_enclosed,public_dataset_reference_not_quality_assumed,0.835850502007,True
B6ByNegPMKs_8c414a8052c844b4bcd5dc3fadde7f8c,bi_extended,public_dataset_reference_not_quality_assumed,0.835754546591,True
B6ByNegPMKs_8c414a8052c844b4bcd5dc3fadde7f8c,ulayout,public_dataset_reference_not_quality_assumed,0.839691436728,True
B6ByNegPMKs_8c889fb13bce4bcebdac872570cb5381,hohonet,public_dataset_reference_not_quality_assumed,0.25005421536,True
B6ByNegPMKs_8c889fb13bce4bcebdac872570cb5381,bi_enclosed,public_dataset_reference_not_quality_assumed,0.258143744114,True
B6ByNegPMKs_8c889fb13bce4bcebdac872570cb5381,bi_extended,public_dataset_reference_not_quality_assumed,0.257253161183,True
B6ByNegPMKs_8c889fb13bce4bcebdac872570cb5381,ulayout,public_dataset_reference_not_quality_assumed,0.249720697794,True
B6ByNegPMKs_8d4e583714dd484d8e1e9bfb38ef2250,hohonet,public_dataset_reference_not_quality_assumed,0.341101032564,True
B6ByNegPMKs_8d4e583714dd484d8e1e9bfb38ef2250,bi_enclosed,public_dataset_reference_not_quality_assumed,0.316940238472,True
B6ByNegPMKs_8d4e583714dd484d8e1e9bfb38ef2250,bi_extended,public_dataset_reference_not_quality_assumed,0.315936852412,True
B6ByNegPMKs_8d4e583714dd484d8e1e9bfb38ef2250,ulayout,public_dataset_reference_not_quality_assumed,0.324455936599,True
B6ByNegPMKs_9a11dae14ce9444287b881b54c6f6b6e,hohonet,public_dataset_reference_not_quality_assumed,0.780757590254,True
B6ByNegPMKs_9a11dae14ce9444287b881b54c6f6b6e,bi_enclosed,public_dataset_reference_not_quality_assumed,0.764444686209,True
B6ByNegPMKs_9a11dae14ce9444287b881b54c6f6b6e,bi_extended,public_dataset_reference_not_quality_assumed,0.766459832283,True
B6ByNegPMKs_9a11dae14ce9444287b881b54c6f6b6e,ulayout,public_dataset_reference_not_quality_assumed,0.774820774995,True
B6ByNegPMKs_9c62e22ac161400e969f5962b748c3e8,hohonet,public_dataset_reference_not_quality_assumed,0.215246572818,True
B6ByNegPMKs_9c62e22ac161400e969f5962b748c3e8,bi_enclosed,public_dataset_reference_not_quality_assumed,0.210385580585,True
B6ByNegPMKs_9c62e22ac161400e969f5962b748c3e8,bi_extended,public_dataset_reference_not_quality_assumed,0.213479781262,True
B6ByNegPMKs_9c62e22ac161400e969f5962b748c3e8,ulayout,public_dataset_reference_not_quality_assumed,0.172499057174,True
B6ByNegPMKs_b5d0239ee410435aa172b77984b9faa4,hohonet,public_dataset_reference_not_quality_assumed,0.115587072469,True
B6ByNegPMKs_b5d0239ee410435aa172b77984b9faa4,bi_enclosed,public_dataset_reference_not_quality_assumed,0.112624406812,True
B6ByNegPMKs_b5d0239ee410435aa172b77984b9faa4,bi_extended,public_dataset_reference_not_quality_assumed,0.11260593075,True
B6ByNegPMKs_b5d0239ee410435aa172b77984b9faa4,ulayout,public_dataset_reference_not_quality_assumed,0.109013817834,True
B6ByNegPMKs_b5dcbc0109a344a281d8ae467ccf3fc2,hohonet,public_dataset_reference_not_quality_assumed,0.794627882875,True
B6ByNegPMKs_b5dcbc0109a344a281d8ae467ccf3fc2,bi_enclosed,public_dataset_reference_not_quality_assumed,0.802633525764,True
B6ByNegPMKs_b5dcbc0109a344a281d8ae467ccf3fc2,bi_extended,public_dataset_reference_not_quality_assumed,0.801577372678,True
B6ByNegPMKs_b5dcbc0109a344a281d8ae467ccf3fc2,ulayout,public_dataset_reference_not_quality_assumed,0.798906301899,True
B6ByNegPMKs_b8e1ecf1bd044e7292581a66683e7993,hohonet,adjudicated_reference,0.733291871411,True
B6ByNegPMKs_b8e1ecf1bd044e7292581a66683e7993,bi_enclosed,adjudicated_reference,0.723352006119,True
B6ByNegPMKs_b8e1ecf1bd044e7292581a66683e7993,bi_extended,adjudicated_reference,0.723577402438,True
B6ByNegPMKs_b8e1ecf1bd044e7292581a66683e7993,ulayout,adjudicated_reference,0.729224806428,True
B6ByNegPMKs_bb2332e3d7ad40a59ee5ad0eae108dec,hohonet,public_dataset_reference_not_quality_assumed,0.591416989531,True
B6ByNegPMKs_bb2332e3d7ad40a59ee5ad0eae108dec,bi_enclosed,public_dataset_reference_not_quality_assumed,0.581194408471,True
B6ByNegPMKs_bb2332e3d7ad40a59ee5ad0eae108dec,bi_extended,public_dataset_reference_not_quality_assumed,0.581521112829,True
B6ByNegPMKs_bb2332e3d7ad40a59ee5ad0eae108dec,ulayout,public_dataset_reference_not_quality_assumed,0.604765318649,True
B6ByNegPMKs_bdc0695537064383b5cc5dbcff2a0b99,hohonet,public_dataset_reference_not_quality_assumed,0.204283442345,True
B6ByNegPMKs_bdc0695537064383b5cc5dbcff2a0b99,bi_enclosed,public_dataset_reference_not_quality_assumed,0.249100719298,True
B6ByNegPMKs_bdc0695537064383b5cc5dbcff2a0b99,bi_extended,public_dataset_reference_not_quality_assumed,0.250287388863,True
B6ByNegPMKs_bdc0695537064383b5cc5dbcff2a0b99,ulayout,public_dataset_reference_not_quality_assumed,0.236292379325,True
B6ByNegPMKs_c36b46ddcadf4896a2aa0abca657f33d,hohonet,public_dataset_reference_not_quality_assumed,0.271060565668,True
B6ByNegPMKs_c36b46ddcadf4896a2aa0abca657f33d,bi_enclosed,public_dataset_reference_not_quality_assumed,0.278440945691,True
B6ByNegPMKs_c36b46ddcadf4896a2aa0abca657f33d,bi_extended,public_dataset_reference_not_quality_assumed,0.278044920095,True
B6ByNegPMKs_c36b46ddcadf4896a2aa0abca657f33d,ulayout,public_dataset_reference_not_quality_assumed,0.261500094319,True
B6ByNegPMKs_c946db5792df4f90bea20f06a0030c37,hohonet,public_dataset_reference_not_quality_assumed,0.615558645059,True
B6ByNegPMKs_c946db5792df4f90bea20f06a0030c37,bi_enclosed,public_dataset_reference_not_quality_assumed,0.608282383854,True
B6ByNegPMKs_c946db5792df4f90bea20f06a0030c37,bi_extended,public_dataset_reference_not_quality_assumed,0.608323258083,True
B6ByNegPMKs_c946db5792df4f90bea20f06a0030c37,ulayout,public_dataset_reference_not_quality_assumed,0.613367252783,True
B6ByNegPMKs_ce2f5a74556c4be192df3ca7a178cefb,hohonet,public_dataset_reference_not_quality_assumed,0.467234416836,True
B6ByNegPMKs_ce2f5a74556c4be192df3ca7a178cefb,bi_enclosed,public_dataset_reference_not_quality_assumed,0.484930785321,True
B6ByNegPMKs_ce2f5a74556c4be192df3ca7a178cefb,bi_extended,public_dataset_reference_not_quality_assumed,0.485128793671,True
B6ByNegPMKs_ce2f5a74556c4be192df3ca7a178cefb,ulayout,public_dataset_reference_not_quality_assumed,0.483996872441,True
B6ByNegPMKs_ce6c6753bebe462e804ec5a2fc8b0580,hohonet,public_dataset_reference_not_quality_assumed,0.285404653166,True
B6ByNegPMKs_ce6c6753bebe462e804ec5a2fc8b0580,bi_enclosed,public_dataset_reference_not_quality_assumed,0.287686424092,True
B6ByNegPMKs_ce6c6753bebe462e804ec5a2fc8b0580,bi_extended,public_dataset_reference_not_quality_assumed,0.286926711972,True
B6ByNegPMKs_ce6c6753bebe462e804ec5a2fc8b0580,ulayout,public_dataset_reference_not_quality_assumed,0.274738110928,True
B6ByNegPMKs_cee80ced97274e248d4ccaa582e12624,hohonet,adjudicated_reference,0.877884067683,True
B6ByNegPMKs_cee80ced97274e248d4ccaa582e12624,bi_enclosed,adjudicated_reference,0.867823284079,True
B6ByNegPMKs_cee80ced97274e248d4ccaa582e12624,bi_extended,adjudicated_reference,0.867771361088,True
B6ByNegPMKs_cee80ced97274e248d4ccaa582e12624,ulayout,adjudicated_reference,0.872557139817,True
B6ByNegPMKs_cfb2c926a80a4fde93b0d58d49af6549,hohonet,public_dataset_reference_not_quality_assumed,0.233604569342,True
B6ByNegPMKs_cfb2c926a80a4fde93b0d58d49af6549,bi_enclosed,public_dataset_reference_not_quality_assumed,0.220401927862,True
B6ByNegPMKs_cfb2c926a80a4fde93b0d58d49af6549,bi_extended,public_dataset_reference_not_quality_assumed,0.220384412018,True
B6ByNegPMKs_cfb2c926a80a4fde93b0d58d49af6549,ulayout,public_dataset_reference_not_quality_assumed,0.253641044549,True
B6ByNegPMKs_d19d2ae4bddf4445a3c623edc0346937,hohonet,public_dataset_reference_not_quality_assumed,0.571736916494,True
B6ByNegPMKs_d19d2ae4bddf4445a3c623edc0346937,bi_enclosed,public_dataset_reference_not_quality_assumed,0.559072475357,True
B6ByNegPMKs_d19d2ae4bddf4445a3c623edc0346937,bi_extended,public_dataset_reference_not_quality_assumed,0.558810761496,True
B6ByNegPMKs_d19d2ae4bddf4445a3c623edc0346937,ulayout,public_dataset_reference_not_quality_assumed,0.555585778726,True
B6ByNegPMKs_d2dcbd73533446dcaf50e6be98c30386,hohonet,public_dataset_reference_not_quality_assumed,0.620056482666,True
B6ByNegPMKs_d2dcbd73533446dcaf50e6be98c30386,bi_enclosed,public_dataset_reference_not_quality_assumed,0.596646002656,True
B6ByNegPMKs_d2dcbd73533446dcaf50e6be98c30386,bi_extended,public_dataset_reference_not_quality_assumed,0.599286724386,True
B6ByNegPMKs_d2dcbd73533446dcaf50e6be98c30386,ulayout,public_dataset_reference_not_quality_assumed,0.610144917234,True
B6ByNegPMKs_d7ade8d217fe4d068fc3629dd2510898,hohonet,public_dataset_reference_not_quality_assumed,0.29601244039,True
B6ByNegPMKs_d7ade8d217fe4d068fc3629dd2510898,bi_enclosed,public_dataset_reference_not_quality_assumed,0.293967289514,True
B6ByNegPMKs_d7ade8d217fe4d068fc3629dd2510898,bi_extended,public_dataset_reference_not_quality_assumed,0.293904868446,True
B6ByNegPMKs_d7ade8d217fe4d068fc3629dd2510898,ulayout,public_dataset_reference_not_quality_assumed,0.288355593183,True
B6ByNegPMKs_dbc3c79b1ce74d209239b1572bd249bb,hohonet,public_dataset_reference_not_quality_assumed,0.483606010277,True
B6ByNegPMKs_dbc3c79b1ce74d209239b1572bd249bb,bi_enclosed,public_dataset_reference_not_quality_assumed,0.482977367431,True
B6ByNegPMKs_dbc3c79b1ce74d209239b1572bd249bb,bi_extended,public_dataset_reference_not_quality_assumed,0.483215099113,True
B6ByNegPMKs_dbc3c79b1ce74d209239b1572bd249bb,ulayout,public_dataset_reference_not_quality_assumed,0.490941668725,True
B6ByNegPMKs_dd1319e5f88a4dd88ccceee489e790cd,hohonet,public_dataset_reference_not_quality_assumed,0.715730920457,True
B6ByNegPMKs_dd1319e5f88a4dd88ccceee489e790cd,bi_enclosed,public_dataset_reference_not_quality_assumed,0.688703367258,True
B6ByNegPMKs_dd1319e5f88a4dd88ccceee489e790cd,bi_extended,public_dataset_reference_not_quality_assumed,0.687269442011,True
B6ByNegPMKs_dd1319e5f88a4dd88ccceee489e790cd,ulayout,public_dataset_reference_not_quality_assumed,0.715925523052,True
B6ByNegPMKs_e26e2cb761894264a4a34b1046701f6b,hohonet,public_dataset_reference_not_quality_assumed,0.36596279906,True
B6ByNegPMKs_e26e2cb761894264a4a34b1046701f6b,bi_enclosed,public_dataset_reference_not_quality_assumed,0.359334526091,True
B6ByNegPMKs_e26e2cb761894264a4a34b1046701f6b,bi_extended,public_dataset_reference_not_quality_assumed,0.359070546173,True
B6ByNegPMKs_e26e2cb761894264a4a34b1046701f6b,ulayout,public_dataset_reference_not_quality_assumed,0.358301750917,True
B6ByNegPMKs_e52609aae11f42a79f6cf50360180fd5,hohonet,public_dataset_reference_not_quality_assumed,0.789000710574,True
B6ByNegPMKs_e52609aae11f42a79f6cf50360180fd5,bi_enclosed,public_dataset_reference_not_quality_assumed,0.785693948293,True
B6ByNegPMKs_e52609aae11f42a79f6cf50360180fd5,bi_extended,public_dataset_reference_not_quality_assumed,0.785682929318,True
B6ByNegPMKs_e52609aae11f42a79f6cf50360180fd5,ulayout,public_dataset_reference_not_quality_assumed,0.785161644274,True
B6ByNegPMKs_e5567bd5fa2d4fde8a6b9f15e3274a7e,hohonet,public_dataset_reference_not_quality_assumed,0.786308445287,True
B6ByNegPMKs_e5567bd5fa2d4fde8a6b9f15e3274a7e,bi_enclosed,public_dataset_reference_not_quality_assumed,0.780344147315,True
B6ByNegPMKs_e5567bd5fa2d4fde8a6b9f15e3274a7e,bi_extended,public_dataset_reference_not_quality_assumed,0.780516758172,True
B6ByNegPMKs_e5567bd5fa2d4fde8a6b9f15e3274a7e,ulayout,public_dataset_reference_not_quality_assumed,0.784030041783,True
B6ByNegPMKs_ee063d1562c147f586ebb9f6fdb05ca6,hohonet,public_dataset_reference_not_quality_assumed,0.174084048186,True
B6ByNegPMKs_ee063d1562c147f586ebb9f6fdb05ca6,bi_enclosed,public_dataset_reference_not_quality_assumed,0.177594453194,True
B6ByNegPMKs_ee063d1562c147f586ebb9f6fdb05ca6,bi_extended,public_dataset_reference_not_quality_assumed,0.177058354755,True
B6ByNegPMKs_ee063d1562c147f586ebb9f6fdb05ca6,ulayout,public_dataset_reference_not_quality_assumed,0.183518435077,True
B6ByNegPMKs_f701cece31304e16a3faa7f225bfdaa8,hohonet,public_dataset_reference_not_quality_assumed,0.609369132272,True
B6ByNegPMKs_f701cece31304e16a3faa7f225bfdaa8,bi_enclosed,public_dataset_reference_not_quality_assumed,0.636496613465,True
B6ByNegPMKs_f701cece31304e16a3faa7f225bfdaa8,bi_extended,public_dataset_reference_not_quality_assumed,0.636806855999,True
B6ByNegPMKs_f701cece31304e16a3faa7f225bfdaa8,ulayout,public_dataset_reference_not_quality_assumed,0.615992114322,True
S9hNv5qa7GM_0c2a97f049db4a429776940850fedf2e,hohonet,public_dataset_reference_not_quality_assumed,0.199154010928,True
S9hNv5qa7GM_0c2a97f049db4a429776940850fedf2e,bi_enclosed,public_dataset_reference_not_quality_assumed,0.187844053681,True
S9hNv5qa7GM_0c2a97f049db4a429776940850fedf2e,bi_extended,public_dataset_reference_not_quality_assumed,0.188000942554,True
S9hNv5qa7GM_0c2a97f049db4a429776940850fedf2e,ulayout,public_dataset_reference_not_quality_assumed,0.202531452844,True
S9hNv5qa7GM_181c56d99ddd42ba8d4be09dbb135381,hohonet,public_dataset_reference_not_quality_assumed,0.257971432131,True
S9hNv5qa7GM_181c56d99ddd42ba8d4be09dbb135381,bi_enclosed,public_dataset_reference_not_quality_assumed,0.267481664016,True
S9hNv5qa7GM_181c56d99ddd42ba8d4be09dbb135381,bi_extended,public_dataset_reference_not_quality_assumed,0.267655608537,True
S9hNv5qa7GM_181c56d99ddd42ba8d4be09dbb135381,ulayout,public_dataset_reference_not_quality_assumed,0.266544832022,True
S9hNv5qa7GM_27869fb0e3414f2687b9580b335ec615,hohonet,public_dataset_reference_not_quality_assumed,0.0849609001371,True
S9hNv5qa7GM_27869fb0e3414f2687b9580b335ec615,bi_enclosed,public_dataset_reference_not_quality_assumed,0.104308186852,True
S9hNv5qa7GM_27869fb0e3414f2687b9580b335ec615,bi_extended,public_dataset_reference_not_quality_assumed,0.104250673943,True
S9hNv5qa7GM_27869fb0e3414f2687b9580b335ec615,ulayout,public_dataset_reference_not_quality_assumed,0.111567071998,True
S9hNv5qa7GM_2ea5348654d24115bba3dcdb21fa655e,hohonet,public_dataset_reference_not_quality_assumed,0.1576950319,True
S9hNv5qa7GM_2ea5348654d24115bba3dcdb21fa655e,bi_enclosed,public_dataset_reference_not_quality_assumed,0.143925339446,True
S9hNv5qa7GM_2ea5348654d24115bba3dcdb21fa655e,bi_extended,public_dataset_reference_not_quality_assumed,0.143960520678,True
S9hNv5qa7GM_2ea5348654d24115bba3dcdb21fa655e,ulayout,public_dataset_reference_not_quality_assumed,0.152162466753,True
S9hNv5qa7GM_322a5d3bbca1428fb92d39bfc6e603ee,hohonet,public_dataset_reference_not_quality_assumed,0.160035930532,True
S9hNv5qa7GM_322a5d3bbca1428fb92d39bfc6e603ee,bi_enclosed,public_dataset_reference_not_quality_assumed,0.131544664067,True
S9hNv5qa7GM_322a5d3bbca1428fb92d39bfc6e603ee,bi_extended,public_dataset_reference_not_quality_assumed,0.131429537512,True
S9hNv5qa7GM_322a5d3bbca1428fb92d39bfc6e603ee,ulayout,public_dataset_reference_not_quality_assumed,0.132503886167,True
S9hNv5qa7GM_3c496aedd9d645a5b8d7a7b1b53f0636,hohonet,public_dataset_reference_not_quality_assumed,0.372499272827,True
S9hNv5qa7GM_3c496aedd9d645a5b8d7a7b1b53f0636,bi_enclosed,public_dataset_reference_not_quality_assumed,0.35769621932,True
S9hNv5qa7GM_3c496aedd9d645a5b8d7a7b1b53f0636,bi_extended,public_dataset_reference_not_quality_assumed,0.357600484138,True
S9hNv5qa7GM_3c496aedd9d645a5b8d7a7b1b53f0636,ulayout,public_dataset_reference_not_quality_assumed,0.371125604965,True
S9hNv5qa7GM_53d54b73e58940019b731673e65c1902,hohonet,public_dataset_reference_not_quality_assumed,0.247015153765,True
S9hNv5qa7GM_53d54b73e58940019b731673e65c1902,bi_enclosed,public_dataset_reference_not_quality_assumed,0.300446245137,True
S9hNv5qa7GM_53d54b73e58940019b731673e65c1902,bi_extended,public_dataset_reference_not_quality_assumed,0.28311008764,True
S9hNv5qa7GM_53d54b73e58940019b731673e65c1902,ulayout,public_dataset_reference_not_quality_assumed,0.251281013249,True
S9hNv5qa7GM_674b3b6705604a4c8b89182edee11e54,hohonet,public_dataset_reference_not_quality_assumed,0.32105105467,True
S9hNv5qa7GM_674b3b6705604a4c8b89182edee11e54,bi_enclosed,public_dataset_reference_not_quality_assumed,0.310104940325,True
S9hNv5qa7GM_674b3b6705604a4c8b89182edee11e54,bi_extended,public_dataset_reference_not_quality_assumed,0.31018757628,True
S9hNv5qa7GM_674b3b6705604a4c8b89182edee11e54,ulayout,public_dataset_reference_not_quality_assumed,0.314825250631,True
S9hNv5qa7GM_743e6d37beae4b6482a43ae41e634e67,hohonet,public_dataset_reference_not_quality_assumed,0.28125650859,True
S9hNv5qa7GM_743e6d37beae4b6482a43ae41e634e67,bi_enclosed,public_dataset_reference_not_quality_assumed,0.298468212093,True
S9hNv5qa7GM_743e6d37beae4b6482a43ae41e634e67,bi_extended,public_dataset_reference_not_quality_assumed,0.298437461778,True
S9hNv5qa7GM_743e6d37beae4b6482a43ae41e634e67,ulayout,public_dataset_reference_not_quality_assumed,0.32580201153,True
S9hNv5qa7GM_947f02de64db4ccbbe220a9f9124a815,hohonet,public_dataset_reference_not_quality_assumed,0.218076768466,True
S9hNv5qa7GM_947f02de64db4ccbbe220a9f9124a815,bi_enclosed,public_dataset_reference_not_quality_assumed,0.215890956596,True
S9hNv5qa7GM_947f02de64db4ccbbe220a9f9124a815,bi_extended,public_dataset_reference_not_quality_assumed,0.216741932854,True
S9hNv5qa7GM_947f02de64db4ccbbe220a9f9124a815,ulayout,public_dataset_reference_not_quality_assumed,0.221470441695,True
S9hNv5qa7GM_b14dbfea048449aa8b8934cbf491a10a,hohonet,public_dataset_reference_not_quality_assumed,0.336284763496,True
S9hNv5qa7GM_b14dbfea048449aa8b8934cbf491a10a,bi_enclosed,public_dataset_reference_not_quality_assumed,0.329396063391,True
S9hNv5qa7GM_b14dbfea048449aa8b8934cbf491a10a,bi_extended,public_dataset_reference_not_quality_assumed,0.329338182836,True
S9hNv5qa7GM_b14dbfea048449aa8b8934cbf491a10a,ulayout,public_dataset_reference_not_quality_assumed,0.343125386858,True
S9hNv5qa7GM_bd9faec23bb3462c94a5fbc6c0a3d5cf,hohonet,public_dataset_reference_not_quality_assumed,0.26588119675,True
S9hNv5qa7GM_bd9faec23bb3462c94a5fbc6c0a3d5cf,bi_enclosed,public_dataset_reference_not_quality_assumed,0.28057465704,True
S9hNv5qa7GM_bd9faec23bb3462c94a5fbc6c0a3d5cf,bi_extended,public_dataset_reference_not_quality_assumed,0.280859548617,True
S9hNv5qa7GM_bd9faec23bb3462c94a5fbc6c0a3d5cf,ulayout,public_dataset_reference_not_quality_assumed,0.293720181277,True
S9hNv5qa7GM_dbcf0a37c275473094e1160770291679,hohonet,public_dataset_reference_not_quality_assumed,0.366731085672,True
S9hNv5qa7GM_dbcf0a37c275473094e1160770291679,bi_enclosed,public_dataset_reference_not_quality_assumed,0.369148863778,True
S9hNv5qa7GM_dbcf0a37c275473094e1160770291679,bi_extended,public_dataset_reference_not_quality_assumed,0.369518688741,True
S9hNv5qa7GM_dbcf0a37c275473094e1160770291679,ulayout,public_dataset_reference_not_quality_assumed,0.380073297109,True
S9hNv5qa7GM_dcced7b92f444b9a83bd7d54413fa486,hohonet,public_dataset_reference_not_quality_assumed,0.197261701548,True
S9hNv5qa7GM_dcced7b92f444b9a83bd7d54413fa486,bi_enclosed,public_dataset_reference_not_quality_assumed,0.20888479968,True
S9hNv5qa7GM_dcced7b92f444b9a83bd7d54413fa486,bi_extended,public_dataset_reference_not_quality_assumed,0.208983984291,True
S9hNv5qa7GM_dcced7b92f444b9a83bd7d54413fa486,ulayout,public_dataset_reference_not_quality_assumed,0.209647351429,True
S9hNv5qa7GM_e5e6c99e38014827b50ad33cd22e3c9d,hohonet,public_dataset_reference_not_quality_assumed,0.320366455106,True
S9hNv5qa7GM_e5e6c99e38014827b50ad33cd22e3c9d,bi_enclosed,public_dataset_reference_not_quality_assumed,0.320577680481,True
S9hNv5qa7GM_e5e6c99e38014827b50ad33cd22e3c9d,bi_extended,public_dataset_reference_not_quality_assumed,0.32120635264,True
S9hNv5qa7GM_e5e6c99e38014827b50ad33cd22e3c9d,ulayout,public_dataset_reference_not_quality_assumed,0.320600037187,True
S9hNv5qa7GM_eba5ca774e2a41dfa6e22fbff7fe66d2,hohonet,public_dataset_reference_not_quality_assumed,0.315556786824,True
S9hNv5qa7GM_eba5ca774e2a41dfa6e22fbff7fe66d2,bi_enclosed,public_dataset_reference_not_quality_assumed,0.330131940082,True
S9hNv5qa7GM_eba5ca774e2a41dfa6e22fbff7fe66d2,bi_extended,public_dataset_reference_not_quality_assumed,0.329960390773,True
S9hNv5qa7GM_eba5ca774e2a41dfa6e22fbff7fe66d2,ulayout,public_dataset_reference_not_quality_assumed,0.357483839696,True
S9hNv5qa7GM_ed7387d968874f4bbe512395b64405af,hohonet,public_dataset_reference_not_quality_assumed,0.286672791205,True
S9hNv5qa7GM_ed7387d968874f4bbe512395b64405af,bi_enclosed,public_dataset_reference_not_quality_assumed,0.275912421349,True
S9hNv5qa7GM_ed7387d968874f4bbe512395b64405af,bi_extended,public_dataset_reference_not_quality_assumed,0.275971001658,True
S9hNv5qa7GM_ed7387d968874f4bbe512395b64405af,ulayout,public_dataset_reference_not_quality_assumed,0.283338172115,True
S9hNv5qa7GM_f1b5f89d2b0a46449f374351c1579c80,hohonet,public_dataset_reference_not_quality_assumed,0.311632742626,True
S9hNv5qa7GM_f1b5f89d2b0a46449f374351c1579c80,bi_enclosed,public_dataset_reference_not_quality_assumed,0.286366510051,True
S9hNv5qa7GM_f1b5f89d2b0a46449f374351c1579c80,bi_extended,public_dataset_reference_not_quality_assumed,0.286410703966,True
S9hNv5qa7GM_f1b5f89d2b0a46449f374351c1579c80,ulayout,public_dataset_reference_not_quality_assumed,0.288414806702,True
UwV83HsGsw3_0f1385fc03994285ad8253b49516d77b,hohonet,public_dataset_reference_not_quality_assumed,0.362397316952,True
UwV83HsGsw3_0f1385fc03994285ad8253b49516d77b,bi_enclosed,public_dataset_reference_not_quality_assumed,0.353452828407,True
UwV83HsGsw3_0f1385fc03994285ad8253b49516d77b,bi_extended,public_dataset_reference_not_quality_assumed,0.352791533131,True
UwV83HsGsw3_0f1385fc03994285ad8253b49516d77b,ulayout,public_dataset_reference_not_quality_assumed,0.365136885832,True
UwV83HsGsw3_1018c8753d68416e8f2d48a144282aeb,hohonet,public_dataset_reference_not_quality_assumed,0.336644611764,True
UwV83HsGsw3_1018c8753d68416e8f2d48a144282aeb,bi_enclosed,public_dataset_reference_not_quality_assumed,0.335425231362,True
UwV83HsGsw3_1018c8753d68416e8f2d48a144282aeb,bi_extended,public_dataset_reference_not_quality_assumed,0.335106806288,True
UwV83HsGsw3_1018c8753d68416e8f2d48a144282aeb,ulayout,public_dataset_reference_not_quality_assumed,0.341933692135,True
UwV83HsGsw3_16af52545aff47afb4d7b330a49091a2,hohonet,public_dataset_reference_not_quality_assumed,0.200390230201,True
UwV83HsGsw3_16af52545aff47afb4d7b330a49091a2,bi_enclosed,public_dataset_reference_not_quality_assumed,0.264723017186,True
UwV83HsGsw3_16af52545aff47afb4d7b330a49091a2,bi_extended,public_dataset_reference_not_quality_assumed,0.263283809951,True
UwV83HsGsw3_16af52545aff47afb4d7b330a49091a2,ulayout,public_dataset_reference_not_quality_assumed,0.240723366398,True
UwV83HsGsw3_2460d9e0bb2047e3b15b5eeeb58f68a8,hohonet,public_dataset_reference_not_quality_assumed,0.277665581472,True
UwV83HsGsw3_2460d9e0bb2047e3b15b5eeeb58f68a8,bi_enclosed,public_dataset_reference_not_quality_assumed,0.282579674947,True
UwV83HsGsw3_2460d9e0bb2047e3b15b5eeeb58f68a8,bi_extended,public_dataset_reference_not_quality_assumed,0.283061493726,True
UwV83HsGsw3_2460d9e0bb2047e3b15b5eeeb58f68a8,ulayout,public_dataset_reference_not_quality_assumed,0.284862028693,True
UwV83HsGsw3_28e58f32d4274b62ac6d2b239e9e8516,hohonet,public_dataset_reference_not_quality_assumed,0.174450944185,True
UwV83HsGsw3_28e58f32d4274b62ac6d2b239e9e8516,bi_enclosed,public_dataset_reference_not_quality_assumed,0.178494933554,True
UwV83HsGsw3_28e58f32d4274b62ac6d2b239e9e8516,bi_extended,public_dataset_reference_not_quality_assumed,0.178754988024,True
UwV83HsGsw3_28e58f32d4274b62ac6d2b239e9e8516,ulayout,public_dataset_reference_not_quality_assumed,0.184624311253,True
UwV83HsGsw3_6faf5c6575694e52882985ae8538f498,hohonet,public_dataset_reference_not_quality_assumed,0.476536206374,True
UwV83HsGsw3_6faf5c6575694e52882985ae8538f498,bi_enclosed,public_dataset_reference_not_quality_assumed,0.483861606248,True
UwV83HsGsw3_6faf5c6575694e52882985ae8538f498,bi_extended,public_dataset_reference_not_quality_assumed,0.483937901826,True
UwV83HsGsw3_6faf5c6575694e52882985ae8538f498,ulayout,public_dataset_reference_not_quality_assumed,0.48658132858,True
UwV83HsGsw3_7482b1a2655e4655ae4ab58749f43f65,hohonet,adjudicated_reference,0.270778484891,True
UwV83HsGsw3_7482b1a2655e4655ae4ab58749f43f65,bi_enclosed,adjudicated_reference,0.269226234756,True
UwV83HsGsw3_7482b1a2655e4655ae4ab58749f43f65,bi_extended,adjudicated_reference,0.271389280889,True
UwV83HsGsw3_7482b1a2655e4655ae4ab58749f43f65,ulayout,adjudicated_reference,0.29763827096,True
UwV83HsGsw3_8e9c912f525744eeaea21083a20a1596,hohonet,adjudicated_reference,0.257018847851,True
UwV83HsGsw3_8e9c912f525744eeaea21083a20a1596,bi_enclosed,adjudicated_reference,0.26732016137,True
UwV83HsGsw3_8e9c912f525744eeaea21083a20a1596,bi_extended,adjudicated_reference,0.265121795014,True
UwV83HsGsw3_8e9c912f525744eeaea21083a20a1596,ulayout,adjudicated_reference,0.272082419376,True
UwV83HsGsw3_92a9d9780863464195c5cfdd1851d623,hohonet,public_dataset_reference_not_quality_assumed,0.164538449059,True
UwV83HsGsw3_92a9d9780863464195c5cfdd1851d623,bi_enclosed,public_dataset_reference_not_quality_assumed,0.251545724342,True
UwV83HsGsw3_92a9d9780863464195c5cfdd1851d623,bi_extended,public_dataset_reference_not_quality_assumed,0.25315810797,True
UwV83HsGsw3_92a9d9780863464195c5cfdd1851d623,ulayout,public_dataset_reference_not_quality_assumed,0.180072561408,True
UwV83HsGsw3_a3630444bbd94cd6ac4edbe2dc1221de,hohonet,public_dataset_reference_not_quality_assumed,0.284121893384,True
UwV83HsGsw3_a3630444bbd94cd6ac4edbe2dc1221de,bi_enclosed,public_dataset_reference_not_quality_assumed,0.284103326252,True
UwV83HsGsw3_a3630444bbd94cd6ac4edbe2dc1221de,bi_extended,public_dataset_reference_not_quality_assumed,0.281337662219,True
UwV83HsGsw3_a3630444bbd94cd6ac4edbe2dc1221de,ulayout,public_dataset_reference_not_quality_assumed,0.284582628905,True
UwV83HsGsw3_a497aa9041fd41b3b5e6f3cab0849f98,hohonet,public_dataset_reference_not_quality_assumed,0.302822666418,True
UwV83HsGsw3_a497aa9041fd41b3b5e6f3cab0849f98,bi_enclosed,public_dataset_reference_not_quality_assumed,0.308960668205,True
UwV83HsGsw3_a497aa9041fd41b3b5e6f3cab0849f98,bi_extended,public_dataset_reference_not_quality_assumed,0.308920662934,True
UwV83HsGsw3_a497aa9041fd41b3b5e6f3cab0849f98,ulayout,public_dataset_reference_not_quality_assumed,0.308165162136,True
UwV83HsGsw3_a7ae0b7c2c574b4a843af1be0c808f77,hohonet,public_dataset_reference_not_quality_assumed,0.288208786989,True
UwV83HsGsw3_a7ae0b7c2c574b4a843af1be0c808f77,bi_enclosed,public_dataset_reference_not_quality_assumed,0.286822532007,True
UwV83HsGsw3_a7ae0b7c2c574b4a843af1be0c808f77,bi_extended,public_dataset_reference_not_quality_assumed,0.289695714157,True
UwV83HsGsw3_a7ae0b7c2c574b4a843af1be0c808f77,ulayout,public_dataset_reference_not_quality_assumed,0.292305502764,True
UwV83HsGsw3_b51c75363db94cc09b68d661fcfcd186,hohonet,public_dataset_reference_not_quality_assumed,0.41329812177,True
UwV83HsGsw3_b51c75363db94cc09b68d661fcfcd186,bi_enclosed,public_dataset_reference_not_quality_assumed,0.411629911711,True
UwV83HsGsw3_b51c75363db94cc09b68d661fcfcd186,bi_extended,public_dataset_reference_not_quality_assumed,0.412510719102,True
UwV83HsGsw3_b51c75363db94cc09b68d661fcfcd186,ulayout,public_dataset_reference_not_quality_assumed,0.41054032531,True
UwV83HsGsw3_b979526475874ad68ae33f02d407a1fc,hohonet,public_dataset_reference_not_quality_assumed,0.289249993293,True
UwV83HsGsw3_b979526475874ad68ae33f02d407a1fc,bi_enclosed,public_dataset_reference_not_quality_assumed,0.290834444501,True
UwV83HsGsw3_b979526475874ad68ae33f02d407a1fc,bi_extended,public_dataset_reference_not_quality_assumed,0.29099305414,True
UwV83HsGsw3_b979526475874ad68ae33f02d407a1fc,ulayout,public_dataset_reference_not_quality_assumed,0.28159970344,True
UwV83HsGsw3_bc29294428a647038f70e0ea31ea8972,hohonet,public_dataset_reference_not_quality_assumed,0.214463042956,True
UwV83HsGsw3_bc29294428a647038f70e0ea31ea8972,bi_enclosed,public_dataset_reference_not_quality_assumed,0.225454777134,True
UwV83HsGsw3_bc29294428a647038f70e0ea31ea8972,bi_extended,public_dataset_reference_not_quality_assumed,0.226855786126,True
UwV83HsGsw3_bc29294428a647038f70e0ea31ea8972,ulayout,public_dataset_reference_not_quality_assumed,0.226492736275,True
UwV83HsGsw3_bca9a4ce9c82463c97dea098ccfae7a0,hohonet,public_dataset_reference_not_quality_assumed,0.13168039997,True
UwV83HsGsw3_bca9a4ce9c82463c97dea098ccfae7a0,bi_enclosed,public_dataset_reference_not_quality_assumed,0.124255119298,True
UwV83HsGsw3_bca9a4ce9c82463c97dea098ccfae7a0,bi_extended,public_dataset_reference_not_quality_assumed,0.124335003033,True
UwV83HsGsw3_bca9a4ce9c82463c97dea098ccfae7a0,ulayout,public_dataset_reference_not_quality_assumed,0.129028862795,True
UwV83HsGsw3_c3d8db2f8817403e88c7d96e96ebd9b6,hohonet,public_dataset_reference_not_quality_assumed,0.224160107338,True
UwV83HsGsw3_c3d8db2f8817403e88c7d96e96ebd9b6,bi_enclosed,public_dataset_reference_not_quality_assumed,0.231509325336,True
UwV83HsGsw3_c3d8db2f8817403e88c7d96e96ebd9b6,bi_extended,public_dataset_reference_not_quality_assumed,0.231477893845,True
UwV83HsGsw3_c3d8db2f8817403e88c7d96e96ebd9b6,ulayout,public_dataset_reference_not_quality_assumed,0.233064139119,True
UwV83HsGsw3_cfd92c05e31846e89144f7b2bb8e59a8,hohonet,public_dataset_reference_not_quality_assumed,0.324915449041,True
UwV83HsGsw3_cfd92c05e31846e89144f7b2bb8e59a8,bi_enclosed,public_dataset_reference_not_quality_assumed,0.329228490009,True
UwV83HsGsw3_cfd92c05e31846e89144f7b2bb8e59a8,bi_extended,public_dataset_reference_not_quality_assumed,0.329715061236,True
UwV83HsGsw3_cfd92c05e31846e89144f7b2bb8e59a8,ulayout,public_dataset_reference_not_quality_assumed,0.324926638377,True
UwV83HsGsw3_cfe01e0f074a4a2cb892c6052bce550f,hohonet,public_dataset_reference_not_quality_assumed,0.293427411397,True
UwV83HsGsw3_cfe01e0f074a4a2cb892c6052bce550f,bi_enclosed,public_dataset_reference_not_quality_assumed,0.297807944036,True
UwV83HsGsw3_cfe01e0f074a4a2cb892c6052bce550f,bi_extended,public_dataset_reference_not_quality_assumed,0.298233582729,True
UwV83HsGsw3_cfe01e0f074a4a2cb892c6052bce550f,ulayout,public_dataset_reference_not_quality_assumed,0.305147942771,True
UwV83HsGsw3_f9641b59487a4b0ca0fe41a82edc0980,hohonet,public_dataset_reference_not_quality_assumed,0.274005471109,True
UwV83HsGsw3_f9641b59487a4b0ca0fe41a82edc0980,bi_enclosed,public_dataset_reference_not_quality_assumed,0.285122202883,True
UwV83HsGsw3_f9641b59487a4b0ca0fe41a82edc0980,bi_extended,public_dataset_reference_not_quality_assumed,0.285394714254,True
UwV83HsGsw3_f9641b59487a4b0ca0fe41a82edc0980,ulayout,public_dataset_reference_not_quality_assumed,0.284926390162,True
VFuaQ6m2Qom_109e18c64a614dc49e41a33ae979f98a,hohonet,public_dataset_reference_not_quality_assumed,0.357426168655,True
VFuaQ6m2Qom_109e18c64a614dc49e41a33ae979f98a,bi_enclosed,public_dataset_reference_not_quality_assumed,0.370668182721,True
VFuaQ6m2Qom_109e18c64a614dc49e41a33ae979f98a,bi_extended,public_dataset_reference_not_quality_assumed,0.371071964717,True
VFuaQ6m2Qom_109e18c64a614dc49e41a33ae979f98a,ulayout,public_dataset_reference_not_quality_assumed,0.36944491116,True
VFuaQ6m2Qom_381ce3cd69b846c3b920be16d29ed48e,hohonet,public_dataset_reference_not_quality_assumed,0.118632013988,True
VFuaQ6m2Qom_381ce3cd69b846c3b920be16d29ed48e,bi_enclosed,public_dataset_reference_not_quality_assumed,0.132088731809,True
VFuaQ6m2Qom_381ce3cd69b846c3b920be16d29ed48e,bi_extended,public_dataset_reference_not_quality_assumed,0.132456621094,True
VFuaQ6m2Qom_381ce3cd69b846c3b920be16d29ed48e,ulayout,public_dataset_reference_not_quality_assumed,0.137408351932,True
VFuaQ6m2Qom_93510fabb581438887c1d3e65093b7ae,hohonet,public_dataset_reference_not_quality_assumed,0.185985920519,True
VFuaQ6m2Qom_93510fabb581438887c1d3e65093b7ae,bi_enclosed,public_dataset_reference_not_quality_assumed,0.199880458081,True
VFuaQ6m2Qom_93510fabb581438887c1d3e65093b7ae,bi_extended,public_dataset_reference_not_quality_assumed,0.20006457086,True
VFuaQ6m2Qom_93510fabb581438887c1d3e65093b7ae,ulayout,public_dataset_reference_not_quality_assumed,0.198889945145,True
VFuaQ6m2Qom_b6ab88125f984cda94011fef788e23d0,hohonet,public_dataset_reference_not_quality_assumed,0.151170696485,True
VFuaQ6m2Qom_b6ab88125f984cda94011fef788e23d0,bi_enclosed,public_dataset_reference_not_quality_assumed,0.171110995463,True
VFuaQ6m2Qom_b6ab88125f984cda94011fef788e23d0,bi_extended,public_dataset_reference_not_quality_assumed,0.171381092496,True
VFuaQ6m2Qom_b6ab88125f984cda94011fef788e23d0,ulayout,public_dataset_reference_not_quality_assumed,0.174963430149,True
VFuaQ6m2Qom_f75a440593bb4140b899730917096859,hohonet,public_dataset_reference_not_quality_assumed,0.323606308595,True
VFuaQ6m2Qom_f75a440593bb4140b899730917096859,bi_enclosed,public_dataset_reference_not_quality_assumed,0.333553119259,True
VFuaQ6m2Qom_f75a440593bb4140b899730917096859,bi_extended,public_dataset_reference_not_quality_assumed,0.328450293044,True
VFuaQ6m2Qom_f75a440593bb4140b899730917096859,ulayout,public_dataset_reference_not_quality_assumed,0.330460243533,True
VLzqgDo317F_35299a16cf1e447da4c15c443929c27a,hohonet,public_dataset_reference_not_quality_assumed,0.195075222024,True
VLzqgDo317F_35299a16cf1e447da4c15c443929c27a,bi_enclosed,public_dataset_reference_not_quality_assumed,0.28124486801,True
VLzqgDo317F_35299a16cf1e447da4c15c443929c27a,bi_extended,public_dataset_reference_not_quality_assumed,0.280575794434,True
VLzqgDo317F_35299a16cf1e447da4c15c443929c27a,ulayout,public_dataset_reference_not_quality_assumed,0.285592666201,True
VLzqgDo317F_5d3591edd7c546acaf99db40281b3409,hohonet,public_dataset_reference_not_quality_assumed,0.248819956167,True
VLzqgDo317F_5d3591edd7c546acaf99db40281b3409,bi_enclosed,public_dataset_reference_not_quality_assumed,0.266418795691,True
VLzqgDo317F_5d3591edd7c546acaf99db40281b3409,bi_extended,public_dataset_reference_not_quality_assumed,0.266731220858,True
VLzqgDo317F_5d3591edd7c546acaf99db40281b3409,ulayout,public_dataset_reference_not_quality_assumed,0.264357567007,True
VLzqgDo317F_79ee9be0827a4de19da5b3e475e3ae0a,hohonet,public_dataset_reference_not_quality_assumed,0.251654730547,True
VLzqgDo317F_79ee9be0827a4de19da5b3e475e3ae0a,bi_enclosed,public_dataset_reference_not_quality_assumed,0.262094760985,True
VLzqgDo317F_79ee9be0827a4de19da5b3e475e3ae0a,bi_extended,public_dataset_reference_not_quality_assumed,0.261949440573,True
VLzqgDo317F_79ee9be0827a4de19da5b3e475e3ae0a,ulayout,public_dataset_reference_not_quality_assumed,0.266101393995,True
X7HyMhZNoso_0595477618f44940b004970372df16dc,hohonet,public_dataset_reference_not_quality_assumed,0.34298389794,True
X7HyMhZNoso_0595477618f44940b004970372df16dc,bi_enclosed,public_dataset_reference_not_quality_assumed,0.337070825246,True
X7HyMhZNoso_0595477618f44940b004970372df16dc,bi_extended,public_dataset_reference_not_quality_assumed,0.33691072662,True
X7HyMhZNoso_0595477618f44940b004970372df16dc,ulayout,public_dataset_reference_not_quality_assumed,0.337987227976,True
X7HyMhZNoso_0e0c08b705704f80b5f31c2bd3a40583,hohonet,public_dataset_reference_not_quality_assumed,0.330438506311,True
X7HyMhZNoso_0e0c08b705704f80b5f31c2bd3a40583,bi_enclosed,public_dataset_reference_not_quality_assumed,0.332762928246,True
X7HyMhZNoso_0e0c08b705704f80b5f31c2bd3a40583,bi_extended,public_dataset_reference_not_quality_assumed,0.332828591266,True
X7HyMhZNoso_0e0c08b705704f80b5f31c2bd3a40583,ulayout,public_dataset_reference_not_quality_assumed,0.329605496166,True
X7HyMhZNoso_0e8aea225d0942f494fd2255f49eb314,hohonet,public_dataset_reference_not_quality_assumed,0.250896826217,True
X7HyMhZNoso_0e8aea225d0942f494fd2255f49eb314,bi_enclosed,public_dataset_reference_not_quality_assumed,0.256294820927,True
X7HyMhZNoso_0e8aea225d0942f494fd2255f49eb314,bi_extended,public_dataset_reference_not_quality_assumed,0.25635989423,True
X7HyMhZNoso_0e8aea225d0942f494fd2255f49eb314,ulayout,public_dataset_reference_not_quality_assumed,0.263151290676,True
X7HyMhZNoso_28ada927582d4d6ea7cf44cabf31527a,hohonet,adjudicated_reference,0.286783762969,True
X7HyMhZNoso_28ada927582d4d6ea7cf44cabf31527a,bi_enclosed,adjudicated_reference,0.292861287189,True
X7HyMhZNoso_28ada927582d4d6ea7cf44cabf31527a,bi_extended,adjudicated_reference,0.292881818246,True
X7HyMhZNoso_28ada927582d4d6ea7cf44cabf31527a,ulayout,adjudicated_reference,0.296985659256,True
X7HyMhZNoso_29a5eef6980d4798bcc58e4c96e198cc,hohonet,public_dataset_reference_not_quality_assumed,0.141306833004,True
X7HyMhZNoso_29a5eef6980d4798bcc58e4c96e198cc,bi_enclosed,public_dataset_reference_not_quality_assumed,0.162337506758,True
X7HyMhZNoso_29a5eef6980d4798bcc58e4c96e198cc,bi_extended,public_dataset_reference_not_quality_assumed,0.162600778324,True
X7HyMhZNoso_29a5eef6980d4798bcc58e4c96e198cc,ulayout,public_dataset_reference_not_quality_assumed,0.152494379178,True
X7HyMhZNoso_2b16acff0dc042a1a75816a1fbd0a302,hohonet,public_dataset_reference_not_quality_assumed,0.36129218533,True
X7HyMhZNoso_2b16acff0dc042a1a75816a1fbd0a302,bi_enclosed,public_dataset_reference_not_quality_assumed,0.36268482687,True
X7HyMhZNoso_2b16acff0dc042a1a75816a1fbd0a302,bi_extended,public_dataset_reference_not_quality_assumed,0.362965071537,True
X7HyMhZNoso_2b16acff0dc042a1a75816a1fbd0a302,ulayout,public_dataset_reference_not_quality_assumed,0.369413917305,True
X7HyMhZNoso_2bb4931911e4412cb51f6437a82c5b6c,hohonet,public_dataset_reference_not_quality_assumed,0.261819989388,True
X7HyMhZNoso_2bb4931911e4412cb51f6437a82c5b6c,bi_enclosed,public_dataset_reference_not_quality_assumed,0.242088298939,True
X7HyMhZNoso_2bb4931911e4412cb51f6437a82c5b6c,bi_extended,public_dataset_reference_not_quality_assumed,0.241782952279,True
X7HyMhZNoso_2bb4931911e4412cb51f6437a82c5b6c,ulayout,public_dataset_reference_not_quality_assumed,0.250487978302,True
X7HyMhZNoso_2fa0da1a66e04428b315cb93b72143d5,hohonet,public_dataset_reference_not_quality_assumed,0.284141043805,True
X7HyMhZNoso_2fa0da1a66e04428b315cb93b72143d5,bi_enclosed,public_dataset_reference_not_quality_assumed,0.268566385838,True
X7HyMhZNoso_2fa0da1a66e04428b315cb93b72143d5,bi_extended,public_dataset_reference_not_quality_assumed,0.268244735965,True
X7HyMhZNoso_2fa0da1a66e04428b315cb93b72143d5,ulayout,public_dataset_reference_not_quality_assumed,0.271448415421,True
X7HyMhZNoso_3cafb1bfb9084df995fff71810d7693f,hohonet,public_dataset_reference_not_quality_assumed,0.149150776261,True
X7HyMhZNoso_3cafb1bfb9084df995fff71810d7693f,bi_enclosed,public_dataset_reference_not_quality_assumed,0.156593897012,True
X7HyMhZNoso_3cafb1bfb9084df995fff71810d7693f,bi_extended,public_dataset_reference_not_quality_assumed,0.156520886365,True
X7HyMhZNoso_3cafb1bfb9084df995fff71810d7693f,ulayout,public_dataset_reference_not_quality_assumed,0.155398717208,True
X7HyMhZNoso_445ae0203f294b5c9889505576e37998,hohonet,public_dataset_reference_not_quality_assumed,0.333209798194,True
X7HyMhZNoso_445ae0203f294b5c9889505576e37998,bi_enclosed,public_dataset_reference_not_quality_assumed,0.338687940986,True
X7HyMhZNoso_445ae0203f294b5c9889505576e37998,bi_extended,public_dataset_reference_not_quality_assumed,0.339031022101,True
X7HyMhZNoso_445ae0203f294b5c9889505576e37998,ulayout,public_dataset_reference_not_quality_assumed,0.336841040538,True
X7HyMhZNoso_84cc1504051f4b1c9492dfab5dce84f9,hohonet,public_dataset_reference_not_quality_assumed,0.264510345575,True
X7HyMhZNoso_84cc1504051f4b1c9492dfab5dce84f9,bi_enclosed,public_dataset_reference_not_quality_assumed,0.263456330827,True
X7HyMhZNoso_84cc1504051f4b1c9492dfab5dce84f9,bi_extended,public_dataset_reference_not_quality_assumed,0.263616728811,True
X7HyMhZNoso_84cc1504051f4b1c9492dfab5dce84f9,ulayout,public_dataset_reference_not_quality_assumed,0.267697387699,True
X7HyMhZNoso_987fd31155514f6facb131bd5c14881d,hohonet,adjudicated_reference,0.199356392502,True
X7HyMhZNoso_987fd31155514f6facb131bd5c14881d,bi_enclosed,adjudicated_reference,0.198079767199,True
X7HyMhZNoso_987fd31155514f6facb131bd5c14881d,bi_extended,adjudicated_reference,0.198196764116,True
X7HyMhZNoso_987fd31155514f6facb131bd5c14881d,ulayout,adjudicated_reference,0.199865345532,True
X7HyMhZNoso_a59d092e0c50479089a85c2b36dd6d20,hohonet,public_dataset_reference_not_quality_assumed,0.235300609669,True
X7HyMhZNoso_a59d092e0c50479089a85c2b36dd6d20,bi_enclosed,public_dataset_reference_not_quality_assumed,0.241895242348,True
X7HyMhZNoso_a59d092e0c50479089a85c2b36dd6d20,bi_extended,public_dataset_reference_not_quality_assumed,0.242022959609,True
X7HyMhZNoso_a59d092e0c50479089a85c2b36dd6d20,ulayout,public_dataset_reference_not_quality_assumed,0.247768694192,True
X7HyMhZNoso_a60fbec046b04e5bb256d4a665219f35,hohonet,public_dataset_reference_not_quality_assumed,0.419630673067,True
X7HyMhZNoso_a60fbec046b04e5bb256d4a665219f35,bi_enclosed,public_dataset_reference_not_quality_assumed,0.420561451308,True
X7HyMhZNoso_a60fbec046b04e5bb256d4a665219f35,bi_extended,public_dataset_reference_not_quality_assumed,0.420753303772,True
X7HyMhZNoso_a60fbec046b04e5bb256d4a665219f35,ulayout,public_dataset_reference_not_quality_assumed,0.429581766758,True
X7HyMhZNoso_a830b673f439458aa54a716194d972b7,hohonet,public_dataset_reference_not_quality_assumed,0.13598075825,True
X7HyMhZNoso_a830b673f439458aa54a716194d972b7,bi_enclosed,public_dataset_reference_not_quality_assumed,0.139491709309,True
X7HyMhZNoso_a830b673f439458aa54a716194d972b7,bi_extended,public_dataset_reference_not_quality_assumed,0.139704835274,True
X7HyMhZNoso_a830b673f439458aa54a716194d972b7,ulayout,public_dataset_reference_not_quality_assumed,0.145368277887,True
X7HyMhZNoso_b1e740fa45384144b55ef6675440756b,hohonet,public_dataset_reference_not_quality_assumed,0.219522752628,True
X7HyMhZNoso_b1e740fa45384144b55ef6675440756b,bi_enclosed,public_dataset_reference_not_quality_assumed,0.213801862338,True
X7HyMhZNoso_b1e740fa45384144b55ef6675440756b,bi_extended,public_dataset_reference_not_quality_assumed,0.214306452827,True
X7HyMhZNoso_b1e740fa45384144b55ef6675440756b,ulayout,public_dataset_reference_not_quality_assumed,0.231615464826,True
X7HyMhZNoso_b6bb4e844c5b43ad92904f258660bcaf,hohonet,public_dataset_reference_not_quality_assumed,0.198723408183,True
X7HyMhZNoso_b6bb4e844c5b43ad92904f258660bcaf,bi_enclosed,public_dataset_reference_not_quality_assumed,0.201739628443,True
X7HyMhZNoso_b6bb4e844c5b43ad92904f258660bcaf,bi_extended,public_dataset_reference_not_quality_assumed,0.20173777827,True
X7HyMhZNoso_b6bb4e844c5b43ad92904f258660bcaf,ulayout,public_dataset_reference_not_quality_assumed,0.209064199474,True
X7HyMhZNoso_b6f452209a62499795e5bd137214a7f9,hohonet,public_dataset_reference_not_quality_assumed,0.184242367149,True
X7HyMhZNoso_b6f452209a62499795e5bd137214a7f9,bi_enclosed,public_dataset_reference_not_quality_assumed,0.190927464727,True
X7HyMhZNoso_b6f452209a62499795e5bd137214a7f9,bi_extended,public_dataset_reference_not_quality_assumed,0.190580466943,True
X7HyMhZNoso_b6f452209a62499795e5bd137214a7f9,ulayout,public_dataset_reference_not_quality_assumed,0.165766531729,True
X7HyMhZNoso_cd608227f6c94b91af3db8bf6cd28abd,hohonet,public_dataset_reference_not_quality_assumed,0.143570677518,True
X7HyMhZNoso_cd608227f6c94b91af3db8bf6cd28abd,bi_enclosed,public_dataset_reference_not_quality_assumed,0.132820029486,True
X7HyMhZNoso_cd608227f6c94b91af3db8bf6cd28abd,bi_extended,public_dataset_reference_not_quality_assumed,0.13333113137,True
X7HyMhZNoso_cd608227f6c94b91af3db8bf6cd28abd,ulayout,public_dataset_reference_not_quality_assumed,0.140416439581,True
X7HyMhZNoso_e40ff9839f0b4a35a25e9dc16d391ae4,hohonet,public_dataset_reference_not_quality_assumed,0.29731040653,True
X7HyMhZNoso_e40ff9839f0b4a35a25e9dc16d391ae4,bi_enclosed,public_dataset_reference_not_quality_assumed,0.301291360904,True
X7HyMhZNoso_e40ff9839f0b4a35a25e9dc16d391ae4,bi_extended,public_dataset_reference_not_quality_assumed,0.301292107975,True
X7HyMhZNoso_e40ff9839f0b4a35a25e9dc16d391ae4,ulayout,public_dataset_reference_not_quality_assumed,0.303078072051,True
X7HyMhZNoso_e9ae19c83e6243dd81b7213ba5f8c329,hohonet,public_dataset_reference_not_quality_assumed,0.339138330089,True
X7HyMhZNoso_e9ae19c83e6243dd81b7213ba5f8c329,bi_enclosed,public_dataset_reference_not_quality_assumed,0.335699402026,True
X7HyMhZNoso_e9ae19c83e6243dd81b7213ba5f8c329,bi_extended,public_dataset_reference_not_quality_assumed,0.335726156446,True
X7HyMhZNoso_e9ae19c83e6243dd81b7213ba5f8c329,ulayout,public_dataset_reference_not_quality_assumed,0.337249118595,True
X7HyMhZNoso_ecda3dd2f5a44ac3a7b365de9e13c09b,hohonet,public_dataset_reference_not_quality_assumed,0.308678777725,True
X7HyMhZNoso_ecda3dd2f5a44ac3a7b365de9e13c09b,bi_enclosed,public_dataset_reference_not_quality_assumed,0.304885020021,True
X7HyMhZNoso_ecda3dd2f5a44ac3a7b365de9e13c09b,bi_extended,public_dataset_reference_not_quality_assumed,0.304982897676,True
X7HyMhZNoso_ecda3dd2f5a44ac3a7b365de9e13c09b,ulayout,public_dataset_reference_not_quality_assumed,0.309532368545,True
X7HyMhZNoso_efaff409ffad4b05ba2777dbadd554f6,hohonet,public_dataset_reference_not_quality_assumed,0.255679332714,True
X7HyMhZNoso_efaff409ffad4b05ba2777dbadd554f6,bi_enclosed,public_dataset_reference_not_quality_assumed,0.256331485106,True
X7HyMhZNoso_efaff409ffad4b05ba2777dbadd554f6,bi_extended,public_dataset_reference_not_quality_assumed,0.256580889195,True
X7HyMhZNoso_efaff409ffad4b05ba2777dbadd554f6,ulayout,public_dataset_reference_not_quality_assumed,0.257007234536,True
X7HyMhZNoso_f03d055128104fd486151e54c9e4a32a,hohonet,public_dataset_reference_not_quality_assumed,0.246832747729,True
X7HyMhZNoso_f03d055128104fd486151e54c9e4a32a,bi_enclosed,public_dataset_reference_not_quality_assumed,0.25563708883,True
X7HyMhZNoso_f03d055128104fd486151e54c9e4a32a,bi_extended,public_dataset_reference_not_quality_assumed,0.255954804011,True
X7HyMhZNoso_f03d055128104fd486151e54c9e4a32a,ulayout,public_dataset_reference_not_quality_assumed,0.249379458378,True
X7HyMhZNoso_f59aa4dda2024d88ac3f9b22331b475b,hohonet,public_dataset_reference_not_quality_assumed,0.192468766916,True
X7HyMhZNoso_f59aa4dda2024d88ac3f9b22331b475b,bi_enclosed,public_dataset_reference_not_quality_assumed,0.20415270178,True
X7HyMhZNoso_f59aa4dda2024d88ac3f9b22331b475b,bi_extended,public_dataset_reference_not_quality_assumed,0.204381823364,True
X7HyMhZNoso_f59aa4dda2024d88ac3f9b22331b475b,ulayout,public_dataset_reference_not_quality_assumed,0.208824870534,True
Z6MFQCViBuw_099d792dbfb2402ca355fd7ed860128f,hohonet,public_dataset_reference_not_quality_assumed,0.309511894785,True
Z6MFQCViBuw_099d792dbfb2402ca355fd7ed860128f,bi_enclosed,public_dataset_reference_not_quality_assumed,0.322822923488,True
Z6MFQCViBuw_099d792dbfb2402ca355fd7ed860128f,bi_extended,public_dataset_reference_not_quality_assumed,0.322521671983,True
Z6MFQCViBuw_099d792dbfb2402ca355fd7ed860128f,ulayout,public_dataset_reference_not_quality_assumed,0.322217253897,True
Z6MFQCViBuw_2008e72476f84104858e908beeac0193,hohonet,public_dataset_reference_not_quality_assumed,0.37192293166,True
Z6MFQCViBuw_2008e72476f84104858e908beeac0193,bi_enclosed,public_dataset_reference_not_quality_assumed,0.39350090739,True
Z6MFQCViBuw_2008e72476f84104858e908beeac0193,bi_extended,public_dataset_reference_not_quality_assumed,0.393893523012,True
Z6MFQCViBuw_2008e72476f84104858e908beeac0193,ulayout,public_dataset_reference_not_quality_assumed,0.348282375977,True
Z6MFQCViBuw_22fff6c74efb476592569c18718feb41,hohonet,public_dataset_reference_not_quality_assumed,0.21363141592,True
Z6MFQCViBuw_22fff6c74efb476592569c18718feb41,bi_enclosed,public_dataset_reference_not_quality_assumed,0.259200205476,True
Z6MFQCViBuw_22fff6c74efb476592569c18718feb41,bi_extended,public_dataset_reference_not_quality_assumed,0.258325832561,True
Z6MFQCViBuw_22fff6c74efb476592569c18718feb41,ulayout,public_dataset_reference_not_quality_assumed,0.251698701492,True
Z6MFQCViBuw_451088e169fd4fe3b14d1f26b18d9a27,hohonet,public_dataset_reference_not_quality_assumed,0.104689981528,True
Z6MFQCViBuw_451088e169fd4fe3b14d1f26b18d9a27,bi_enclosed,public_dataset_reference_not_quality_assumed,0.153833320263,True
Z6MFQCViBuw_451088e169fd4fe3b14d1f26b18d9a27,bi_extended,public_dataset_reference_not_quality_assumed,0.154041159541,True
Z6MFQCViBuw_451088e169fd4fe3b14d1f26b18d9a27,ulayout,public_dataset_reference_not_quality_assumed,0.143402750217,True
Z6MFQCViBuw_543e6efcc1e24215b18c4060255a9719,hohonet,public_dataset_reference_not_quality_assumed,0.327228154986,True
Z6MFQCViBuw_543e6efcc1e24215b18c4060255a9719,bi_enclosed,public_dataset_reference_not_quality_assumed,0.36480018677,True
Z6MFQCViBuw_543e6efcc1e24215b18c4060255a9719,bi_extended,public_dataset_reference_not_quality_assumed,0.364621244436,True
Z6MFQCViBuw_543e6efcc1e24215b18c4060255a9719,ulayout,public_dataset_reference_not_quality_assumed,0.346372361536,True
Z6MFQCViBuw_59aed460238643f48f593e9b9ba1c17d,hohonet,public_dataset_reference_not_quality_assumed,0.366740331591,True
Z6MFQCViBuw_59aed460238643f48f593e9b9ba1c17d,bi_enclosed,public_dataset_reference_not_quality_assumed,0.391995465548,True
Z6MFQCViBuw_59aed460238643f48f593e9b9ba1c17d,bi_extended,public_dataset_reference_not_quality_assumed,0.377212301708,True
Z6MFQCViBuw_59aed460238643f48f593e9b9ba1c17d,ulayout,public_dataset_reference_not_quality_assumed,0.407868523789,True
Z6MFQCViBuw_80cd596c480c4f72a7457433b862d179,hohonet,public_dataset_reference_not_quality_assumed,0.19114425886,True
Z6MFQCViBuw_80cd596c480c4f72a7457433b862d179,bi_enclosed,public_dataset_reference_not_quality_assumed,0.213645935922,True
Z6MFQCViBuw_80cd596c480c4f72a7457433b862d179,bi_extended,public_dataset_reference_not_quality_assumed,0.214783906865,True
Z6MFQCViBuw_80cd596c480c4f72a7457433b862d179,ulayout,public_dataset_reference_not_quality_assumed,0.237890906101,True
Z6MFQCViBuw_bc4ec1f735f3446aa4b56165d9508b45,hohonet,public_dataset_reference_not_quality_assumed,0.289638245778,True
Z6MFQCViBuw_bc4ec1f735f3446aa4b56165d9508b45,bi_enclosed,public_dataset_reference_not_quality_assumed,0.324657924916,True
Z6MFQCViBuw_bc4ec1f735f3446aa4b56165d9508b45,bi_extended,public_dataset_reference_not_quality_assumed,0.32425566655,True
Z6MFQCViBuw_bc4ec1f735f3446aa4b56165d9508b45,ulayout,public_dataset_reference_not_quality_assumed,0.310857855824,True
Z6MFQCViBuw_d9913cc77dc14f17b7228ac8de469b06,hohonet,public_dataset_reference_not_quality_assumed,0.325373431064,True
Z6MFQCViBuw_d9913cc77dc14f17b7228ac8de469b06,bi_enclosed,public_dataset_reference_not_quality_assumed,0.350224603846,True
Z6MFQCViBuw_d9913cc77dc14f17b7228ac8de469b06,bi_extended,public_dataset_reference_not_quality_assumed,0.349938471201,True
Z6MFQCViBuw_d9913cc77dc14f17b7228ac8de469b06,ulayout,public_dataset_reference_not_quality_assumed,0.304164726113,True
Z6MFQCViBuw_fbef2c9afec642c88d01cf09c90aec12,hohonet,public_dataset_reference_not_quality_assumed,0.220214413444,True
Z6MFQCViBuw_fbef2c9afec642c88d01cf09c90aec12,bi_enclosed,public_dataset_reference_not_quality_assumed,0.217218845627,True
Z6MFQCViBuw_fbef2c9afec642c88d01cf09c90aec12,bi_extended,public_dataset_reference_not_quality_assumed,0.216588832843,True
Z6MFQCViBuw_fbef2c9afec642c88d01cf09c90aec12,ulayout,public_dataset_reference_not_quality_assumed,0.256197485235,True
ZMojNkEp431_1223ee164fc040c0bd13c366f7a22059,hohonet,public_dataset_reference_not_quality_assumed,0.428361867976,True
ZMojNkEp431_1223ee164fc040c0bd13c366f7a22059,bi_enclosed,public_dataset_reference_not_quality_assumed,0.425106636817,True
ZMojNkEp431_1223ee164fc040c0bd13c366f7a22059,bi_extended,public_dataset_reference_not_quality_assumed,0.424880912638,True
ZMojNkEp431_1223ee164fc040c0bd13c366f7a22059,ulayout,public_dataset_reference_not_quality_assumed,0.423580542576,True
ZMojNkEp431_f1bb3acca4ed4aada739514b1f2a44bd,hohonet,public_dataset_reference_not_quality_assumed,0.428921745441,True
ZMojNkEp431_f1bb3acca4ed4aada739514b1f2a44bd,bi_enclosed,public_dataset_reference_not_quality_assumed,0.462198630957,True
ZMojNkEp431_f1bb3acca4ed4aada739514b1f2a44bd,bi_extended,public_dataset_reference_not_quality_assumed,0.461599862769,True
ZMojNkEp431_f1bb3acca4ed4aada739514b1f2a44bd,ulayout,public_dataset_reference_not_quality_assumed,0.453838736362,True
b8cTxDM8gDG_055056e12afe42578c6f429bc07159d2,hohonet,public_dataset_reference_not_quality_assumed,0.272070929961,True
b8cTxDM8gDG_055056e12afe42578c6f429bc07159d2,bi_enclosed,public_dataset_reference_not_quality_assumed,0.248512128538,True
b8cTxDM8gDG_055056e12afe42578c6f429bc07159d2,bi_extended,public_dataset_reference_not_quality_assumed,0.248086365307,True
b8cTxDM8gDG_055056e12afe42578c6f429bc07159d2,ulayout,public_dataset_reference_not_quality_assumed,0.26279317311,True
b8cTxDM8gDG_12fc603ce4bc4cbd81c704e630f130bd,hohonet,public_dataset_reference_not_quality_assumed,0.214179619456,True
b8cTxDM8gDG_12fc603ce4bc4cbd81c704e630f130bd,bi_enclosed,public_dataset_reference_not_quality_assumed,0.210170244209,True
b8cTxDM8gDG_12fc603ce4bc4cbd81c704e630f130bd,bi_extended,public_dataset_reference_not_quality_assumed,0.210364708393,True
b8cTxDM8gDG_12fc603ce4bc4cbd81c704e630f130bd,ulayout,public_dataset_reference_not_quality_assumed,0.215786499613,True
b8cTxDM8gDG_184a9b92b85840d88bf5793da9aa9cba,hohonet,public_dataset_reference_not_quality_assumed,0.223719046482,True
b8cTxDM8gDG_184a9b92b85840d88bf5793da9aa9cba,bi_enclosed,public_dataset_reference_not_quality_assumed,0.234362243683,True
b8cTxDM8gDG_184a9b92b85840d88bf5793da9aa9cba,bi_extended,public_dataset_reference_not_quality_assumed,0.234400824413,True
b8cTxDM8gDG_184a9b92b85840d88bf5793da9aa9cba,ulayout,public_dataset_reference_not_quality_assumed,0.230940065927,True
b8cTxDM8gDG_298a2386166a43c8a04e1c24433f7d15,hohonet,public_dataset_reference_not_quality_assumed,0.258027322467,True
b8cTxDM8gDG_298a2386166a43c8a04e1c24433f7d15,bi_enclosed,public_dataset_reference_not_quality_assumed,0.256473398668,True
b8cTxDM8gDG_298a2386166a43c8a04e1c24433f7d15,bi_extended,public_dataset_reference_not_quality_assumed,0.255308430906,True
b8cTxDM8gDG_298a2386166a43c8a04e1c24433f7d15,ulayout,public_dataset_reference_not_quality_assumed,0.263151467679,True
b8cTxDM8gDG_3638da5864ab4d2aa722479d9efa8b71,hohonet,public_dataset_reference_not_quality_assumed,0.489045802568,True
b8cTxDM8gDG_3638da5864ab4d2aa722479d9efa8b71,bi_enclosed,public_dataset_reference_not_quality_assumed,0.474591719389,True
b8cTxDM8gDG_3638da5864ab4d2aa722479d9efa8b71,bi_extended,public_dataset_reference_not_quality_assumed,0.474622523481,True
b8cTxDM8gDG_3638da5864ab4d2aa722479d9efa8b71,ulayout,public_dataset_reference_not_quality_assumed,0.48787912117,True
b8cTxDM8gDG_3892d409b66644439f5afcf3d296efbf,hohonet,public_dataset_reference_not_quality_assumed,0.616253461058,True
b8cTxDM8gDG_3892d409b66644439f5afcf3d296efbf,bi_enclosed,public_dataset_reference_not_quality_assumed,0.619024466024,True
b8cTxDM8gDG_3892d409b66644439f5afcf3d296efbf,bi_extended,public_dataset_reference_not_quality_assumed,0.619084107233,True
b8cTxDM8gDG_3892d409b66644439f5afcf3d296efbf,ulayout,public_dataset_reference_not_quality_assumed,0.622328347034,True
b8cTxDM8gDG_51c90ec9afc4495ab3788c6badc303df,hohonet,adjudicated_reference,0.228338299344,True
b8cTxDM8gDG_51c90ec9afc4495ab3788c6badc303df,bi_enclosed,adjudicated_reference,0.216718584009,True
b8cTxDM8gDG_51c90ec9afc4495ab3788c6badc303df,bi_extended,adjudicated_reference,0.216702032861,True
b8cTxDM8gDG_51c90ec9afc4495ab3788c6badc303df,ulayout,adjudicated_reference,0.229619768279,True
b8cTxDM8gDG_8316e9313299447bb1f574aaf8cbec73,hohonet,public_dataset_reference_not_quality_assumed,0.404626571486,True
b8cTxDM8gDG_8316e9313299447bb1f574aaf8cbec73,bi_enclosed,public_dataset_reference_not_quality_assumed,0.416357204374,True
b8cTxDM8gDG_8316e9313299447bb1f574aaf8cbec73,bi_extended,public_dataset_reference_not_quality_assumed,0.416559844967,True
b8cTxDM8gDG_8316e9313299447bb1f574aaf8cbec73,ulayout,public_dataset_reference_not_quality_assumed,0.415754755386,True
b8cTxDM8gDG_afc1807e6a1946b79137c1a158526913,hohonet,public_dataset_reference_not_quality_assumed,0.488277843227,True
b8cTxDM8gDG_afc1807e6a1946b79137c1a158526913,bi_enclosed,public_dataset_reference_not_quality_assumed,0.476333105934,True
b8cTxDM8gDG_afc1807e6a1946b79137c1a158526913,bi_extended,public_dataset_reference_not_quality_assumed,0.476212114306,True
b8cTxDM8gDG_afc1807e6a1946b79137c1a158526913,ulayout,public_dataset_reference_not_quality_assumed,0.473624699638,True
b8cTxDM8gDG_b15db460058c41e8aa0c0720344daa30,hohonet,public_dataset_reference_not_quality_assumed,0.0865420607337,True
b8cTxDM8gDG_b15db460058c41e8aa0c0720344daa30,bi_enclosed,public_dataset_reference_not_quality_assumed,0.0858878535183,True
b8cTxDM8gDG_b15db460058c41e8aa0c0720344daa30,bi_extended,public_dataset_reference_not_quality_assumed,0.0880754310608,True
b8cTxDM8gDG_b15db460058c41e8aa0c0720344daa30,ulayout,public_dataset_reference_not_quality_assumed,0.0747447085573,True
b8cTxDM8gDG_bcd82ce0da1846a58f9d97b00e022af2,hohonet,public_dataset_reference_not_quality_assumed,0.492826755374,True
b8cTxDM8gDG_bcd82ce0da1846a58f9d97b00e022af2,bi_enclosed,public_dataset_reference_not_quality_assumed,0.491374211773,True
b8cTxDM8gDG_bcd82ce0da1846a58f9d97b00e022af2,bi_extended,public_dataset_reference_not_quality_assumed,0.491125494959,True
b8cTxDM8gDG_bcd82ce0da1846a58f9d97b00e022af2,ulayout,public_dataset_reference_not_quality_assumed,0.49979539458,True
b8cTxDM8gDG_bd2d16e81707455eacd72cda7eb5d3d5,hohonet,public_dataset_reference_not_quality_assumed,0.382292487906,True
b8cTxDM8gDG_bd2d16e81707455eacd72cda7eb5d3d5,bi_enclosed,public_dataset_reference_not_quality_assumed,0.359206026065,True
b8cTxDM8gDG_bd2d16e81707455eacd72cda7eb5d3d5,bi_extended,public_dataset_reference_not_quality_assumed,0.360685197996,True
b8cTxDM8gDG_bd2d16e81707455eacd72cda7eb5d3d5,ulayout,public_dataset_reference_not_quality_assumed,0.401099482475,True
b8cTxDM8gDG_d38c4ae95f5b4640a2696b923b80d1f4,hohonet,public_dataset_reference_not_quality_assumed,0.225530706865,True
b8cTxDM8gDG_d38c4ae95f5b4640a2696b923b80d1f4,bi_enclosed,public_dataset_reference_not_quality_assumed,0.193967388402,True
b8cTxDM8gDG_d38c4ae95f5b4640a2696b923b80d1f4,bi_extended,public_dataset_reference_not_quality_assumed,0.194473757367,True
b8cTxDM8gDG_d38c4ae95f5b4640a2696b923b80d1f4,ulayout,public_dataset_reference_not_quality_assumed,0.275953208605,True
b8cTxDM8gDG_d6f573aa1add4621af53ba492838ff45,hohonet,public_dataset_reference_not_quality_assumed,0.217234812256,True
b8cTxDM8gDG_d6f573aa1add4621af53ba492838ff45,bi_enclosed,public_dataset_reference_not_quality_assumed,0.226918367688,True
b8cTxDM8gDG_d6f573aa1add4621af53ba492838ff45,bi_extended,public_dataset_reference_not_quality_assumed,0.226970938241,True
b8cTxDM8gDG_d6f573aa1add4621af53ba492838ff45,ulayout,public_dataset_reference_not_quality_assumed,0.225932525075,True
b8cTxDM8gDG_dcbdda428eb846a586886b87d9552d0e,hohonet,public_dataset_reference_not_quality_assumed,0.241260157732,True
b8cTxDM8gDG_dcbdda428eb846a586886b87d9552d0e,bi_enclosed,public_dataset_reference_not_quality_assumed,0.202781746898,True
b8cTxDM8gDG_dcbdda428eb846a586886b87d9552d0e,bi_extended,public_dataset_reference_not_quality_assumed,0.200919004443,True
b8cTxDM8gDG_dcbdda428eb846a586886b87d9552d0e,ulayout,public_dataset_reference_not_quality_assumed,0.187406828057,True
b8cTxDM8gDG_ddc9afa8e031453abd45c783fbfeb4aa,hohonet,public_dataset_reference_not_quality_assumed,0.210545164236,True
b8cTxDM8gDG_ddc9afa8e031453abd45c783fbfeb4aa,bi_enclosed,public_dataset_reference_not_quality_assumed,0.219662547887,True
b8cTxDM8gDG_ddc9afa8e031453abd45c783fbfeb4aa,bi_extended,public_dataset_reference_not_quality_assumed,0.219672178866,True
b8cTxDM8gDG_ddc9afa8e031453abd45c783fbfeb4aa,ulayout,public_dataset_reference_not_quality_assumed,0.210213723894,True
b8cTxDM8gDG_f339391e9479496e8652c972953f0ce4,hohonet,public_dataset_reference_not_quality_assumed,0.21625133467,True
b8cTxDM8gDG_f339391e9479496e8652c972953f0ce4,bi_enclosed,public_dataset_reference_not_quality_assumed,0.231124707087,True
b8cTxDM8gDG_f339391e9479496e8652c972953f0ce4,bi_extended,public_dataset_reference_not_quality_assumed,0.231085378171,True
b8cTxDM8gDG_f339391e9479496e8652c972953f0ce4,ulayout,public_dataset_reference_not_quality_assumed,0.234581336306,True
b8cTxDM8gDG_f3748786c3704532abb2358581488f3f,hohonet,public_dataset_reference_not_quality_assumed,0.236377774204,True
b8cTxDM8gDG_f3748786c3704532abb2358581488f3f,bi_enclosed,public_dataset_reference_not_quality_assumed,0.237877615828,True
b8cTxDM8gDG_f3748786c3704532abb2358581488f3f,bi_extended,public_dataset_reference_not_quality_assumed,0.238625279706,True
b8cTxDM8gDG_f3748786c3704532abb2358581488f3f,ulayout,public_dataset_reference_not_quality_assumed,0.229552840691,True
e9zR4mvMWw7_0977162f6d4e47f7b3764379ba68d8db,hohonet,public_dataset_reference_not_quality_assumed,0.381443123809,True
e9zR4mvMWw7_0977162f6d4e47f7b3764379ba68d8db,bi_enclosed,public_dataset_reference_not_quality_assumed,0.377334007473,True
e9zR4mvMWw7_0977162f6d4e47f7b3764379ba68d8db,bi_extended,public_dataset_reference_not_quality_assumed,0.377393811761,True
e9zR4mvMWw7_0977162f6d4e47f7b3764379ba68d8db,ulayout,public_dataset_reference_not_quality_assumed,0.375809851954,True
e9zR4mvMWw7_0ee61863ec0c4c06bac95fb886e98945,hohonet,public_dataset_reference_not_quality_assumed,0.276169013416,True
e9zR4mvMWw7_0ee61863ec0c4c06bac95fb886e98945,bi_enclosed,public_dataset_reference_not_quality_assumed,0.282221810985,True
e9zR4mvMWw7_0ee61863ec0c4c06bac95fb886e98945,bi_extended,public_dataset_reference_not_quality_assumed,0.282343756368,True
e9zR4mvMWw7_0ee61863ec0c4c06bac95fb886e98945,ulayout,public_dataset_reference_not_quality_assumed,0.283054759826,True
e9zR4mvMWw7_12c84e77f6564013a032220e8f9037e8,hohonet,public_dataset_reference_not_quality_assumed,0.27112018881,True
e9zR4mvMWw7_12c84e77f6564013a032220e8f9037e8,bi_enclosed,public_dataset_reference_not_quality_assumed,0.273367794567,True
e9zR4mvMWw7_12c84e77f6564013a032220e8f9037e8,bi_extended,public_dataset_reference_not_quality_assumed,0.273857499189,True
e9zR4mvMWw7_12c84e77f6564013a032220e8f9037e8,ulayout,public_dataset_reference_not_quality_assumed,0.281287420122,True
e9zR4mvMWw7_16eb46a968384060821cb59d0e04f4dd,hohonet,public_dataset_reference_not_quality_assumed,0.425121936387,True
e9zR4mvMWw7_16eb46a968384060821cb59d0e04f4dd,bi_enclosed,public_dataset_reference_not_quality_assumed,0.427687379406,True
e9zR4mvMWw7_16eb46a968384060821cb59d0e04f4dd,bi_extended,public_dataset_reference_not_quality_assumed,0.427863439587,True
e9zR4mvMWw7_16eb46a968384060821cb59d0e04f4dd,ulayout,public_dataset_reference_not_quality_assumed,0.438732108694,True
e9zR4mvMWw7_184edf3d3a4d482dae288e4811945331,hohonet,public_dataset_reference_not_quality_assumed,0.232973898598,True
e9zR4mvMWw7_184edf3d3a4d482dae288e4811945331,bi_enclosed,public_dataset_reference_not_quality_assumed,0.234519976177,True
e9zR4mvMWw7_184edf3d3a4d482dae288e4811945331,bi_extended,public_dataset_reference_not_quality_assumed,0.234594166444,True
e9zR4mvMWw7_184edf3d3a4d482dae288e4811945331,ulayout,public_dataset_reference_not_quality_assumed,0.231721761988,True
e9zR4mvMWw7_18653fa3d6ba4f82889237201ee07d11,hohonet,public_dataset_reference_not_quality_assumed,0.268669472319,True
e9zR4mvMWw7_18653fa3d6ba4f82889237201ee07d11,bi_enclosed,public_dataset_reference_not_quality_assumed,0.272231604138,True
e9zR4mvMWw7_18653fa3d6ba4f82889237201ee07d11,bi_extended,public_dataset_reference_not_quality_assumed,0.271008033673,True
e9zR4mvMWw7_18653fa3d6ba4f82889237201ee07d11,ulayout,public_dataset_reference_not_quality_assumed,0.271094232904,True
e9zR4mvMWw7_192fb2a16486430a96b34dffc2e8cbbc,hohonet,public_dataset_reference_not_quality_assumed,0.275514783115,True
e9zR4mvMWw7_192fb2a16486430a96b34dffc2e8cbbc,bi_enclosed,public_dataset_reference_not_quality_assumed,0.28215549897,True
e9zR4mvMWw7_192fb2a16486430a96b34dffc2e8cbbc,bi_extended,public_dataset_reference_not_quality_assumed,0.282182879929,True
e9zR4mvMWw7_192fb2a16486430a96b34dffc2e8cbbc,ulayout,public_dataset_reference_not_quality_assumed,0.281484667865,True
e9zR4mvMWw7_1cbe7276fcee411c8695f5f11ac45eb5,hohonet,public_dataset_reference_not_quality_assumed,0.288667796247,True
e9zR4mvMWw7_1cbe7276fcee411c8695f5f11ac45eb5,bi_enclosed,public_dataset_reference_not_quality_assumed,0.293977164577,True
e9zR4mvMWw7_1cbe7276fcee411c8695f5f11ac45eb5,bi_extended,public_dataset_reference_not_quality_assumed,0.294058495426,True
e9zR4mvMWw7_1cbe7276fcee411c8695f5f11ac45eb5,ulayout,public_dataset_reference_not_quality_assumed,0.291940659923,True
e9zR4mvMWw7_1d316dfbe35f41dd9203eaf88be5aae8,hohonet,public_dataset_reference_not_quality_assumed,0.443157190948,True
e9zR4mvMWw7_1d316dfbe35f41dd9203eaf88be5aae8,bi_enclosed,public_dataset_reference_not_quality_assumed,0.403069842764,True
e9zR4mvMWw7_1d316dfbe35f41dd9203eaf88be5aae8,bi_extended,public_dataset_reference_not_quality_assumed,0.43795042488,True
e9zR4mvMWw7_1d316dfbe35f41dd9203eaf88be5aae8,ulayout,public_dataset_reference_not_quality_assumed,0.444029988287,True
e9zR4mvMWw7_1daae4b7becc43949516096170ce2a76,hohonet,adjudicated_reference,0.242176997986,True
e9zR4mvMWw7_1daae4b7becc43949516096170ce2a76,bi_enclosed,adjudicated_reference,0.253963514424,True
e9zR4mvMWw7_1daae4b7becc43949516096170ce2a76,bi_extended,adjudicated_reference,0.254154068365,True
e9zR4mvMWw7_1daae4b7becc43949516096170ce2a76,ulayout,adjudicated_reference,0.243034860337,True
e9zR4mvMWw7_1f8ee74dbb254dff85771776279eae94,hohonet,public_dataset_reference_not_quality_assumed,0.287593784918,True
e9zR4mvMWw7_1f8ee74dbb254dff85771776279eae94,bi_enclosed,public_dataset_reference_not_quality_assumed,0.27556266607,True
e9zR4mvMWw7_1f8ee74dbb254dff85771776279eae94,bi_extended,public_dataset_reference_not_quality_assumed,0.274876590703,True
e9zR4mvMWw7_1f8ee74dbb254dff85771776279eae94,ulayout,public_dataset_reference_not_quality_assumed,0.282828023506,True
e9zR4mvMWw7_1ff35596f9cb4b98ba4f08dda81c1654,hohonet,public_dataset_reference_not_quality_assumed,0.420563992781,True
e9zR4mvMWw7_1ff35596f9cb4b98ba4f08dda81c1654,bi_enclosed,public_dataset_reference_not_quality_assumed,0.425788429787,True
e9zR4mvMWw7_1ff35596f9cb4b98ba4f08dda81c1654,bi_extended,public_dataset_reference_not_quality_assumed,0.425759112472,True
e9zR4mvMWw7_1ff35596f9cb4b98ba4f08dda81c1654,ulayout,public_dataset_reference_not_quality_assumed,0.421585310395,True
e9zR4mvMWw7_2224be23a70a475ea6daa55d4c90a91b,hohonet,public_dataset_reference_not_quality_assumed,0.502743195809,True
e9zR4mvMWw7_2224be23a70a475ea6daa55d4c90a91b,bi_enclosed,public_dataset_reference_not_quality_assumed,0.509460792657,True
e9zR4mvMWw7_2224be23a70a475ea6daa55d4c90a91b,bi_extended,public_dataset_reference_not_quality_assumed,0.510213359346,True
e9zR4mvMWw7_2224be23a70a475ea6daa55d4c90a91b,ulayout,public_dataset_reference_not_quality_assumed,0.517401133536,True
e9zR4mvMWw7_2594cedd9da64c338c1ba98abed9efb3,hohonet,public_dataset_reference_not_quality_assumed,0.186141062776,True
e9zR4mvMWw7_2594cedd9da64c338c1ba98abed9efb3,bi_enclosed,public_dataset_reference_not_quality_assumed,0.192669777509,True
e9zR4mvMWw7_2594cedd9da64c338c1ba98abed9efb3,bi_extended,public_dataset_reference_not_quality_assumed,0.193046281396,True
e9zR4mvMWw7_2594cedd9da64c338c1ba98abed9efb3,ulayout,public_dataset_reference_not_quality_assumed,0.199098671007,True
e9zR4mvMWw7_2e52341d21b940b5b38a9e26c4cf4200,hohonet,public_dataset_reference_not_quality_assumed,0.324770377969,True
e9zR4mvMWw7_2e52341d21b940b5b38a9e26c4cf4200,bi_enclosed,public_dataset_reference_not_quality_assumed,0.332142390315,True
e9zR4mvMWw7_2e52341d21b940b5b38a9e26c4cf4200,bi_extended,public_dataset_reference_not_quality_assumed,0.332199332473,True
e9zR4mvMWw7_2e52341d21b940b5b38a9e26c4cf4200,ulayout,public_dataset_reference_not_quality_assumed,0.329110543262,True
e9zR4mvMWw7_409f2a738bf54153b9b77c39e7a4ea45,hohonet,adjudicated_reference,0.390201377568,True
e9zR4mvMWw7_409f2a738bf54153b9b77c39e7a4ea45,bi_enclosed,adjudicated_reference,0.374620556163,True
e9zR4mvMWw7_409f2a738bf54153b9b77c39e7a4ea45,bi_extended,adjudicated_reference,0.374856569867,True
e9zR4mvMWw7_409f2a738bf54153b9b77c39e7a4ea45,ulayout,adjudicated_reference,0.382224609711,True
e9zR4mvMWw7_4273c4dd97974531b5256f96204fee47,hohonet,public_dataset_reference_not_quality_assumed,0.425982426358,True
e9zR4mvMWw7_4273c4dd97974531b5256f96204fee47,bi_enclosed,public_dataset_reference_not_quality_assumed,0.401647043942,True
e9zR4mvMWw7_4273c4dd97974531b5256f96204fee47,bi_extended,public_dataset_reference_not_quality_assumed,0.403930646791,True
e9zR4mvMWw7_4273c4dd97974531b5256f96204fee47,ulayout,public_dataset_reference_not_quality_assumed,0.429290954128,True
e9zR4mvMWw7_4984fc9f1fdf4ff7887430f71b9ae392,hohonet,public_dataset_reference_not_quality_assumed,0.219520063135,True
e9zR4mvMWw7_4984fc9f1fdf4ff7887430f71b9ae392,bi_enclosed,public_dataset_reference_not_quality_assumed,0.235224642593,True
e9zR4mvMWw7_4984fc9f1fdf4ff7887430f71b9ae392,bi_extended,public_dataset_reference_not_quality_assumed,0.235427130419,True
e9zR4mvMWw7_4984fc9f1fdf4ff7887430f71b9ae392,ulayout,public_dataset_reference_not_quality_assumed,0.241955612176,True
e9zR4mvMWw7_4fb8c9be319e4784b4b66f9ca5d839ab,hohonet,adjudicated_reference,0.606232184487,True
e9zR4mvMWw7_4fb8c9be319e4784b4b66f9ca5d839ab,bi_enclosed,adjudicated_reference,0.605732495493,True
e9zR4mvMWw7_4fb8c9be319e4784b4b66f9ca5d839ab,bi_extended,adjudicated_reference,0.605578522056,True
e9zR4mvMWw7_4fb8c9be319e4784b4b66f9ca5d839ab,ulayout,adjudicated_reference,0.61237958845,True
e9zR4mvMWw7_511976eee78f42e6858dcb7845a44777,hohonet,public_dataset_reference_not_quality_assumed,0.501193542836,True
e9zR4mvMWw7_511976eee78f42e6858dcb7845a44777,bi_enclosed,public_dataset_reference_not_quality_assumed,0.500259575495,True
e9zR4mvMWw7_511976eee78f42e6858dcb7845a44777,bi_extended,public_dataset_reference_not_quality_assumed,0.500325671064,True
e9zR4mvMWw7_511976eee78f42e6858dcb7845a44777,ulayout,public_dataset_reference_not_quality_assumed,0.502608301358,True
e9zR4mvMWw7_5a03fdefad7a46f4abaf1b2b924ec153,hohonet,public_dataset_reference_not_quality_assumed,0.421541345577,True
e9zR4mvMWw7_5a03fdefad7a46f4abaf1b2b924ec153,bi_enclosed,public_dataset_reference_not_quality_assumed,0.421021612101,True
e9zR4mvMWw7_5a03fdefad7a46f4abaf1b2b924ec153,bi_extended,public_dataset_reference_not_quality_assumed,0.420655248505,True
e9zR4mvMWw7_5a03fdefad7a46f4abaf1b2b924ec153,ulayout,public_dataset_reference_not_quality_assumed,0.420289589029,True
e9zR4mvMWw7_5d711de78dbd400aa4cfd51fc05dfbee,hohonet,public_dataset_reference_not_quality_assumed,0.485279930625,True
e9zR4mvMWw7_5d711de78dbd400aa4cfd51fc05dfbee,bi_enclosed,public_dataset_reference_not_quality_assumed,0.461646134094,True
e9zR4mvMWw7_5d711de78dbd400aa4cfd51fc05dfbee,bi_extended,public_dataset_reference_not_quality_assumed,0.461437725254,True
e9zR4mvMWw7_5d711de78dbd400aa4cfd51fc05dfbee,ulayout,public_dataset_reference_not_quality_assumed,0.468991434573,True
e9zR4mvMWw7_5f9b1db7cc1748c2a71d9924bd1f4fa3,hohonet,public_dataset_reference_not_quality_assumed,0.20806148603,True
e9zR4mvMWw7_5f9b1db7cc1748c2a71d9924bd1f4fa3,bi_enclosed,public_dataset_reference_not_quality_assumed,0.207851700607,True
e9zR4mvMWw7_5f9b1db7cc1748c2a71d9924bd1f4fa3,bi_extended,public_dataset_reference_not_quality_assumed,0.208046823374,True
e9zR4mvMWw7_5f9b1db7cc1748c2a71d9924bd1f4fa3,ulayout,public_dataset_reference_not_quality_assumed,0.210911692406,True
e9zR4mvMWw7_6a856f5cb71645558f9f9ee069f37f1b,hohonet,public_dataset_reference_not_quality_assumed,0.516840443577,True
e9zR4mvMWw7_6a856f5cb71645558f9f9ee069f37f1b,bi_enclosed,public_dataset_reference_not_quality_assumed,0.511648496685,True
e9zR4mvMWw7_6a856f5cb71645558f9f9ee069f37f1b,bi_extended,public_dataset_reference_not_quality_assumed,0.511795575093,True
e9zR4mvMWw7_6a856f5cb71645558f9f9ee069f37f1b,ulayout,public_dataset_reference_not_quality_assumed,0.515733961799,True
e9zR4mvMWw7_75ea3fd50c1c4b8ba66dccc4247b8b81,hohonet,public_dataset_reference_not_quality_assumed,0.119497453145,True
e9zR4mvMWw7_75ea3fd50c1c4b8ba66dccc4247b8b81,bi_enclosed,public_dataset_reference_not_quality_assumed,0.132620302718,True
e9zR4mvMWw7_75ea3fd50c1c4b8ba66dccc4247b8b81,bi_extended,public_dataset_reference_not_quality_assumed,0.132753233057,True
e9zR4mvMWw7_75ea3fd50c1c4b8ba66dccc4247b8b81,ulayout,public_dataset_reference_not_quality_assumed,0.126559318555,True
e9zR4mvMWw7_83347153d2184d33869626c6c83318f9,hohonet,public_dataset_reference_not_quality_assumed,0.293411907718,True
e9zR4mvMWw7_83347153d2184d33869626c6c83318f9,bi_enclosed,public_dataset_reference_not_quality_assumed,0.299802836059,True
e9zR4mvMWw7_83347153d2184d33869626c6c83318f9,bi_extended,public_dataset_reference_not_quality_assumed,0.299782709744,True
e9zR4mvMWw7_83347153d2184d33869626c6c83318f9,ulayout,public_dataset_reference_not_quality_assumed,0.298993335362,True
e9zR4mvMWw7_8783add8825d4ecf8eb1f2af3c22b8df,hohonet,public_dataset_reference_not_quality_assumed,0.284083089677,True
e9zR4mvMWw7_8783add8825d4ecf8eb1f2af3c22b8df,bi_enclosed,public_dataset_reference_not_quality_assumed,0.287009309948,True
e9zR4mvMWw7_8783add8825d4ecf8eb1f2af3c22b8df,bi_extended,public_dataset_reference_not_quality_assumed,0.287002907888,True
e9zR4mvMWw7_8783add8825d4ecf8eb1f2af3c22b8df,ulayout,public_dataset_reference_not_quality_assumed,0.292834501511,True
e9zR4mvMWw7_891cb55a08dd4aea9ee76656f6b4850d,hohonet,public_dataset_reference_not_quality_assumed,0.233320247597,True
e9zR4mvMWw7_891cb55a08dd4aea9ee76656f6b4850d,bi_enclosed,public_dataset_reference_not_quality_assumed,0.229391409327,True
e9zR4mvMWw7_891cb55a08dd4aea9ee76656f6b4850d,bi_extended,public_dataset_reference_not_quality_assumed,0.229655524313,True
e9zR4mvMWw7_891cb55a08dd4aea9ee76656f6b4850d,ulayout,public_dataset_reference_not_quality_assumed,0.238990912813,True
e9zR4mvMWw7_93c08bd7515647fdaa2ef1239d02983c,hohonet,public_dataset_reference_not_quality_assumed,0.163732077886,True
e9zR4mvMWw7_93c08bd7515647fdaa2ef1239d02983c,bi_enclosed,public_dataset_reference_not_quality_assumed,0.182306657714,True
e9zR4mvMWw7_93c08bd7515647fdaa2ef1239d02983c,bi_extended,public_dataset_reference_not_quality_assumed,0.182891348309,True
e9zR4mvMWw7_93c08bd7515647fdaa2ef1239d02983c,ulayout,public_dataset_reference_not_quality_assumed,0.190085564243,True
e9zR4mvMWw7_979426d6a1ea42e29cf5c3bd62eba342,hohonet,public_dataset_reference_not_quality_assumed,0.212918065841,True
e9zR4mvMWw7_979426d6a1ea42e29cf5c3bd62eba342,bi_enclosed,public_dataset_reference_not_quality_assumed,0.203621634254,True
e9zR4mvMWw7_979426d6a1ea42e29cf5c3bd62eba342,bi_extended,public_dataset_reference_not_quality_assumed,0.203529857019,True
e9zR4mvMWw7_979426d6a1ea42e29cf5c3bd62eba342,ulayout,public_dataset_reference_not_quality_assumed,0.205521189291,True
e9zR4mvMWw7_a5b1928b6c1144bf8b7fda2317debf08,hohonet,public_dataset_reference_not_quality_assumed,0.147779437731,True
e9zR4mvMWw7_a5b1928b6c1144bf8b7fda2317debf08,bi_enclosed,public_dataset_reference_not_quality_assumed,0.153293971044,True
e9zR4mvMWw7_a5b1928b6c1144bf8b7fda2317debf08,bi_extended,public_dataset_reference_not_quality_assumed,0.153348881709,True
e9zR4mvMWw7_a5b1928b6c1144bf8b7fda2317debf08,ulayout,public_dataset_reference_not_quality_assumed,0.155692819867,True
e9zR4mvMWw7_ac03b99e3f3642be80b4d24fde0af03a,hohonet,public_dataset_reference_not_quality_assumed,0.28525187622,True
e9zR4mvMWw7_ac03b99e3f3642be80b4d24fde0af03a,bi_enclosed,public_dataset_reference_not_quality_assumed,0.289528434721,True
e9zR4mvMWw7_ac03b99e3f3642be80b4d24fde0af03a,bi_extended,public_dataset_reference_not_quality_assumed,0.289889542107,True
e9zR4mvMWw7_ac03b99e3f3642be80b4d24fde0af03a,ulayout,public_dataset_reference_not_quality_assumed,0.287329142073,True
e9zR4mvMWw7_b0a7188b1afc4f648bd497af5202d978,hohonet,public_dataset_reference_not_quality_assumed,0.163585368223,True
e9zR4mvMWw7_b0a7188b1afc4f648bd497af5202d978,bi_enclosed,public_dataset_reference_not_quality_assumed,0.161217909555,True
e9zR4mvMWw7_b0a7188b1afc4f648bd497af5202d978,bi_extended,public_dataset_reference_not_quality_assumed,0.16161074215,True
e9zR4mvMWw7_b0a7188b1afc4f648bd497af5202d978,ulayout,public_dataset_reference_not_quality_assumed,0.175039956563,True
e9zR4mvMWw7_c904c55a5d0e420bbd6e4e030b9fe5b4,hohonet,public_dataset_reference_not_quality_assumed,0.177884381005,True
e9zR4mvMWw7_c904c55a5d0e420bbd6e4e030b9fe5b4,bi_enclosed,public_dataset_reference_not_quality_assumed,0.17383964818,True
e9zR4mvMWw7_c904c55a5d0e420bbd6e4e030b9fe5b4,bi_extended,public_dataset_reference_not_quality_assumed,0.174119363286,True
e9zR4mvMWw7_c904c55a5d0e420bbd6e4e030b9fe5b4,ulayout,public_dataset_reference_not_quality_assumed,0.18538327744,True
e9zR4mvMWw7_cd47116ee6264bc691811409bf779f34,hohonet,public_dataset_reference_not_quality_assumed,0.168221093642,True
e9zR4mvMWw7_cd47116ee6264bc691811409bf779f34,bi_enclosed,public_dataset_reference_not_quality_assumed,0.1542740736,True
e9zR4mvMWw7_cd47116ee6264bc691811409bf779f34,bi_extended,public_dataset_reference_not_quality_assumed,0.154406362241,True
e9zR4mvMWw7_cd47116ee6264bc691811409bf779f34,ulayout,public_dataset_reference_not_quality_assumed,0.166503305908,True
e9zR4mvMWw7_d88c41884dc24efbb5c1b7dcf97998e9,hohonet,public_dataset_reference_not_quality_assumed,0.236317293216,True
e9zR4mvMWw7_d88c41884dc24efbb5c1b7dcf97998e9,bi_enclosed,public_dataset_reference_not_quality_assumed,0.24086504502,True
e9zR4mvMWw7_d88c41884dc24efbb5c1b7dcf97998e9,bi_extended,public_dataset_reference_not_quality_assumed,0.241061639475,True
e9zR4mvMWw7_d88c41884dc24efbb5c1b7dcf97998e9,ulayout,public_dataset_reference_not_quality_assumed,0.239428987602,True
e9zR4mvMWw7_f624a40d100144e696a39abe258ee090,hohonet,public_dataset_reference_not_quality_assumed,0.266512648772,True
e9zR4mvMWw7_f624a40d100144e696a39abe258ee090,bi_enclosed,public_dataset_reference_not_quality_assumed,0.265491824791,True
e9zR4mvMWw7_f624a40d100144e696a39abe258ee090,bi_extended,public_dataset_reference_not_quality_assumed,0.265566897025,True
e9zR4mvMWw7_f624a40d100144e696a39abe258ee090,ulayout,public_dataset_reference_not_quality_assumed,0.272135567138,True
e9zR4mvMWw7_f6c327acf9884d988714467217d67dcd,hohonet,public_dataset_reference_not_quality_assumed,0.308314515449,True
e9zR4mvMWw7_f6c327acf9884d988714467217d67dcd,bi_enclosed,public_dataset_reference_not_quality_assumed,0.311740436061,True
e9zR4mvMWw7_f6c327acf9884d988714467217d67dcd,bi_extended,public_dataset_reference_not_quality_assumed,0.311852531673,True
e9zR4mvMWw7_f6c327acf9884d988714467217d67dcd,ulayout,public_dataset_reference_not_quality_assumed,0.331013108029,True
e9zR4mvMWw7_f7ab5b3ece274b48be57eb65bb6d4814,hohonet,adjudicated_reference,0.306601139023,True
e9zR4mvMWw7_f7ab5b3ece274b48be57eb65bb6d4814,bi_enclosed,adjudicated_reference,0.311200930239,True
e9zR4mvMWw7_f7ab5b3ece274b48be57eb65bb6d4814,bi_extended,adjudicated_reference,0.283822608012,True
e9zR4mvMWw7_f7ab5b3ece274b48be57eb65bb6d4814,ulayout,adjudicated_reference,0.280845819281,True
e9zR4mvMWw7_f8d915e2d06a4ff8ab6f4cdaf3e42295,hohonet,public_dataset_reference_not_quality_assumed,0.365091444694,True
e9zR4mvMWw7_f8d915e2d06a4ff8ab6f4cdaf3e42295,bi_enclosed,public_dataset_reference_not_quality_assumed,0.370258097622,True
e9zR4mvMWw7_f8d915e2d06a4ff8ab6f4cdaf3e42295,bi_extended,public_dataset_reference_not_quality_assumed,0.369869059346,True
e9zR4mvMWw7_f8d915e2d06a4ff8ab6f4cdaf3e42295,ulayout,public_dataset_reference_not_quality_assumed,0.3650096225,True
e9zR4mvMWw7_fa7122ef2199445485623708ea54d018,hohonet,public_dataset_reference_not_quality_assumed,0.234832150029,True
e9zR4mvMWw7_fa7122ef2199445485623708ea54d018,bi_enclosed,public_dataset_reference_not_quality_assumed,0.233558873449,True
e9zR4mvMWw7_fa7122ef2199445485623708ea54d018,bi_extended,public_dataset_reference_not_quality_assumed,0.233759327908,True
e9zR4mvMWw7_fa7122ef2199445485623708ea54d018,ulayout,public_dataset_reference_not_quality_assumed,0.230695344718,True
jh4fc5c5qoQ_1eac2c379ebf4e059f4a35e584f82f9b,hohonet,public_dataset_reference_not_quality_assumed,0.13667064213,True
jh4fc5c5qoQ_1eac2c379ebf4e059f4a35e584f82f9b,bi_enclosed,public_dataset_reference_not_quality_assumed,0.184837933974,True
jh4fc5c5qoQ_1eac2c379ebf4e059f4a35e584f82f9b,bi_extended,public_dataset_reference_not_quality_assumed,0.185243124093,True
jh4fc5c5qoQ_1eac2c379ebf4e059f4a35e584f82f9b,ulayout,public_dataset_reference_not_quality_assumed,0.134173426084,True
jh4fc5c5qoQ_30cdb6fe9aa6449788e271f2e24d76ec,hohonet,public_dataset_reference_not_quality_assumed,0.25860628335,True
jh4fc5c5qoQ_30cdb6fe9aa6449788e271f2e24d76ec,bi_enclosed,public_dataset_reference_not_quality_assumed,0.246576491802,True
jh4fc5c5qoQ_30cdb6fe9aa6449788e271f2e24d76ec,bi_extended,public_dataset_reference_not_quality_assumed,0.245667857237,True
jh4fc5c5qoQ_30cdb6fe9aa6449788e271f2e24d76ec,ulayout,public_dataset_reference_not_quality_assumed,0.247834557524,True
jh4fc5c5qoQ_3182b6eba9ce405f9e1c0af86cc6b862,hohonet,public_dataset_reference_not_quality_assumed,0.260909949282,True
jh4fc5c5qoQ_3182b6eba9ce405f9e1c0af86cc6b862,bi_enclosed,public_dataset_reference_not_quality_assumed,0.267316790752,True
jh4fc5c5qoQ_3182b6eba9ce405f9e1c0af86cc6b862,bi_extended,public_dataset_reference_not_quality_assumed,0.267464907001,True
jh4fc5c5qoQ_3182b6eba9ce405f9e1c0af86cc6b862,ulayout,public_dataset_reference_not_quality_assumed,0.267660105786,True
jh4fc5c5qoQ_45b6596b2c8f4336b7293cfd6d910492,hohonet,public_dataset_reference_not_quality_assumed,0.265353124737,True
jh4fc5c5qoQ_45b6596b2c8f4336b7293cfd6d910492,bi_enclosed,public_dataset_reference_not_quality_assumed,0.282201831885,True
jh4fc5c5qoQ_45b6596b2c8f4336b7293cfd6d910492,bi_extended,public_dataset_reference_not_quality_assumed,0.282153714399,True
jh4fc5c5qoQ_45b6596b2c8f4336b7293cfd6d910492,ulayout,public_dataset_reference_not_quality_assumed,0.269582225249,True
jh4fc5c5qoQ_755d110c2ed84d76be11ad56ae00b53f,hohonet,public_dataset_reference_not_quality_assumed,0.299025903177,True
jh4fc5c5qoQ_755d110c2ed84d76be11ad56ae00b53f,bi_enclosed,public_dataset_reference_not_quality_assumed,0.304835472222,True
jh4fc5c5qoQ_755d110c2ed84d76be11ad56ae00b53f,bi_extended,public_dataset_reference_not_quality_assumed,0.304999972577,True
jh4fc5c5qoQ_755d110c2ed84d76be11ad56ae00b53f,ulayout,public_dataset_reference_not_quality_assumed,0.308200861573,True
jh4fc5c5qoQ_97739a403b984dcd8253741a073b18dd,hohonet,public_dataset_reference_not_quality_assumed,0.292976015615,True
jh4fc5c5qoQ_97739a403b984dcd8253741a073b18dd,bi_enclosed,public_dataset_reference_not_quality_assumed,0.295641778831,True
jh4fc5c5qoQ_97739a403b984dcd8253741a073b18dd,bi_extended,public_dataset_reference_not_quality_assumed,0.295183524178,True
jh4fc5c5qoQ_97739a403b984dcd8253741a073b18dd,ulayout,public_dataset_reference_not_quality_assumed,0.296364518333,True
jh4fc5c5qoQ_abbdc7ac89204f23a935fcb9ccae887c,hohonet,public_dataset_reference_not_quality_assumed,0.289101973553,True
jh4fc5c5qoQ_abbdc7ac89204f23a935fcb9ccae887c,bi_enclosed,public_dataset_reference_not_quality_assumed,0.304853592664,True
jh4fc5c5qoQ_abbdc7ac89204f23a935fcb9ccae887c,bi_extended,public_dataset_reference_not_quality_assumed,0.304607602132,True
jh4fc5c5qoQ_abbdc7ac89204f23a935fcb9ccae887c,ulayout,public_dataset_reference_not_quality_assumed,0.306433144003,True
jh4fc5c5qoQ_d6d4416592a0483691a1ed7d3b336a1a,hohonet,public_dataset_reference_not_quality_assumed,0.219563902337,True
jh4fc5c5qoQ_d6d4416592a0483691a1ed7d3b336a1a,bi_enclosed,public_dataset_reference_not_quality_assumed,0.256478794292,True
jh4fc5c5qoQ_d6d4416592a0483691a1ed7d3b336a1a,bi_extended,public_dataset_reference_not_quality_assumed,0.256112087306,True
jh4fc5c5qoQ_d6d4416592a0483691a1ed7d3b336a1a,ulayout,public_dataset_reference_not_quality_assumed,0.251624316957,True
jtcxE69GiFV_001ad2ad14234e06b2d996d71bb96fc4,hohonet,public_dataset_reference_not_quality_assumed,0.37931660171,True
jtcxE69GiFV_001ad2ad14234e06b2d996d71bb96fc4,bi_enclosed,public_dataset_reference_not_quality_assumed,0.377588071808,True
jtcxE69GiFV_001ad2ad14234e06b2d996d71bb96fc4,bi_extended,public_dataset_reference_not_quality_assumed,0.377608635401,True
jtcxE69GiFV_001ad2ad14234e06b2d996d71bb96fc4,ulayout,public_dataset_reference_not_quality_assumed,0.379976117831,True
jtcxE69GiFV_0465bba4a7724a20876d042cab3b9ca1,hohonet,public_dataset_reference_not_quality_assumed,0.23392216353,True
jtcxE69GiFV_0465bba4a7724a20876d042cab3b9ca1,bi_enclosed,public_dataset_reference_not_quality_assumed,0.246837855468,True
jtcxE69GiFV_0465bba4a7724a20876d042cab3b9ca1,bi_extended,public_dataset_reference_not_quality_assumed,0.246900066473,True
jtcxE69GiFV_0465bba4a7724a20876d042cab3b9ca1,ulayout,public_dataset_reference_not_quality_assumed,0.241524948856,True
jtcxE69GiFV_0aa01000f1934e73b35c348fa8d15040,hohonet,public_dataset_reference_not_quality_assumed,0.380352170287,True
jtcxE69GiFV_0aa01000f1934e73b35c348fa8d15040,bi_enclosed,public_dataset_reference_not_quality_assumed,0.395349635459,True
jtcxE69GiFV_0aa01000f1934e73b35c348fa8d15040,bi_extended,public_dataset_reference_not_quality_assumed,0.395132826155,True
jtcxE69GiFV_0aa01000f1934e73b35c348fa8d15040,ulayout,public_dataset_reference_not_quality_assumed,0.374479091469,True
jtcxE69GiFV_1df105f34ccf4844877be7e8e2d90fad,hohonet,public_dataset_reference_not_quality_assumed,0.173711644248,True
jtcxE69GiFV_1df105f34ccf4844877be7e8e2d90fad,bi_enclosed,public_dataset_reference_not_quality_assumed,0.176622597851,True
jtcxE69GiFV_1df105f34ccf4844877be7e8e2d90fad,bi_extended,public_dataset_reference_not_quality_assumed,0.176782321184,True
jtcxE69GiFV_1df105f34ccf4844877be7e8e2d90fad,ulayout,public_dataset_reference_not_quality_assumed,0.183352491275,True
jtcxE69GiFV_27535f650b78489abcf2397c1eaa3037,hohonet,public_dataset_reference_not_quality_assumed,0.440650544455,True
jtcxE69GiFV_27535f650b78489abcf2397c1eaa3037,bi_enclosed,public_dataset_reference_not_quality_assumed,0.42452397047,True
jtcxE69GiFV_27535f650b78489abcf2397c1eaa3037,bi_extended,public_dataset_reference_not_quality_assumed,0.424463544211,True
jtcxE69GiFV_27535f650b78489abcf2397c1eaa3037,ulayout,public_dataset_reference_not_quality_assumed,0.453662111401,True
jtcxE69GiFV_36d9e8e9eba24f3fbff08082c41a4d68,hohonet,public_dataset_reference_not_quality_assumed,0.174948477298,True
jtcxE69GiFV_36d9e8e9eba24f3fbff08082c41a4d68,bi_enclosed,public_dataset_reference_not_quality_assumed,0.179527219197,True
jtcxE69GiFV_36d9e8e9eba24f3fbff08082c41a4d68,bi_extended,public_dataset_reference_not_quality_assumed,0.179686748424,True
jtcxE69GiFV_36d9e8e9eba24f3fbff08082c41a4d68,ulayout,public_dataset_reference_not_quality_assumed,0.183776112291,True
jtcxE69GiFV_3a61b286f9574cebb27cce0efa211bd0,hohonet,public_dataset_reference_not_quality_assumed,0.405826644917,True
jtcxE69GiFV_3a61b286f9574cebb27cce0efa211bd0,bi_enclosed,public_dataset_reference_not_quality_assumed,0.458726882471,True
jtcxE69GiFV_3a61b286f9574cebb27cce0efa211bd0,bi_extended,public_dataset_reference_not_quality_assumed,0.458621573634,True
jtcxE69GiFV_3a61b286f9574cebb27cce0efa211bd0,ulayout,public_dataset_reference_not_quality_assumed,0.455923848067,True
jtcxE69GiFV_3fb4bb890d7f4964b496a46db647e72a,hohonet,public_dataset_reference_not_quality_assumed,0.17742986751,True
jtcxE69GiFV_3fb4bb890d7f4964b496a46db647e72a,bi_enclosed,public_dataset_reference_not_quality_assumed,0.195720504805,True
jtcxE69GiFV_3fb4bb890d7f4964b496a46db647e72a,bi_extended,public_dataset_reference_not_quality_assumed,0.194286038534,True
jtcxE69GiFV_3fb4bb890d7f4964b496a46db647e72a,ulayout,public_dataset_reference_not_quality_assumed,0.201986817038,True
jtcxE69GiFV_44661972414d44fabc0799f237e4d7f0,hohonet,public_dataset_reference_not_quality_assumed,0.141600606131,True
jtcxE69GiFV_44661972414d44fabc0799f237e4d7f0,bi_enclosed,public_dataset_reference_not_quality_assumed,0.192159843409,True
jtcxE69GiFV_44661972414d44fabc0799f237e4d7f0,bi_extended,public_dataset_reference_not_quality_assumed,0.192733982851,True
jtcxE69GiFV_44661972414d44fabc0799f237e4d7f0,ulayout,public_dataset_reference_not_quality_assumed,0.194398999346,True
jtcxE69GiFV_5d3af9ad575b4be88587967ff8114c36,hohonet,public_dataset_reference_not_quality_assumed,0.142949019429,True
jtcxE69GiFV_5d3af9ad575b4be88587967ff8114c36,bi_enclosed,public_dataset_reference_not_quality_assumed,0.148603605171,True
jtcxE69GiFV_5d3af9ad575b4be88587967ff8114c36,bi_extended,public_dataset_reference_not_quality_assumed,0.14874224283,True
jtcxE69GiFV_5d3af9ad575b4be88587967ff8114c36,ulayout,public_dataset_reference_not_quality_assumed,0.140126040355,True
jtcxE69GiFV_63929ab917fd40f3ac0b6917b1bc97ff,hohonet,public_dataset_reference_not_quality_assumed,0.159428970806,True
jtcxE69GiFV_63929ab917fd40f3ac0b6917b1bc97ff,bi_enclosed,public_dataset_reference_not_quality_assumed,0.216218920943,True
jtcxE69GiFV_63929ab917fd40f3ac0b6917b1bc97ff,bi_extended,public_dataset_reference_not_quality_assumed,0.216073257885,True
jtcxE69GiFV_63929ab917fd40f3ac0b6917b1bc97ff,ulayout,public_dataset_reference_not_quality_assumed,0.213488193153,True
jtcxE69GiFV_650dbde3bd124db1bf8393250eda52ea,hohonet,public_dataset_reference_not_quality_assumed,0.311077999307,True
jtcxE69GiFV_650dbde3bd124db1bf8393250eda52ea,bi_enclosed,public_dataset_reference_not_quality_assumed,0.333204858911,True
jtcxE69GiFV_650dbde3bd124db1bf8393250eda52ea,bi_extended,public_dataset_reference_not_quality_assumed,0.333122362844,True
jtcxE69GiFV_650dbde3bd124db1bf8393250eda52ea,ulayout,public_dataset_reference_not_quality_assumed,0.33183671041,True
jtcxE69GiFV_666e7c94f27743a788c408a62c2c13f6,hohonet,public_dataset_reference_not_quality_assumed,0.200068896596,True
jtcxE69GiFV_666e7c94f27743a788c408a62c2c13f6,bi_enclosed,public_dataset_reference_not_quality_assumed,0.274319731506,True
jtcxE69GiFV_666e7c94f27743a788c408a62c2c13f6,bi_extended,public_dataset_reference_not_quality_assumed,0.274477851746,True
jtcxE69GiFV_666e7c94f27743a788c408a62c2c13f6,ulayout,public_dataset_reference_not_quality_assumed,0.278045945646,True
jtcxE69GiFV_7ca707708ef54c5bac2992d05d4f1408,hohonet,public_dataset_reference_not_quality_assumed,0.251198427649,True
jtcxE69GiFV_7ca707708ef54c5bac2992d05d4f1408,bi_enclosed,public_dataset_reference_not_quality_assumed,0.260010818247,True
jtcxE69GiFV_7ca707708ef54c5bac2992d05d4f1408,bi_extended,public_dataset_reference_not_quality_assumed,0.260403643744,True
jtcxE69GiFV_7ca707708ef54c5bac2992d05d4f1408,ulayout,public_dataset_reference_not_quality_assumed,0.261614104841,True
jtcxE69GiFV_87e96c5b923840bc8276d949ff157948,hohonet,public_dataset_reference_not_quality_assumed,0.289945890451,True
jtcxE69GiFV_87e96c5b923840bc8276d949ff157948,bi_enclosed,public_dataset_reference_not_quality_assumed,0.298656878711,True
jtcxE69GiFV_87e96c5b923840bc8276d949ff157948,bi_extended,public_dataset_reference_not_quality_assumed,0.298378669574,True
jtcxE69GiFV_87e96c5b923840bc8276d949ff157948,ulayout,public_dataset_reference_not_quality_assumed,0.298553640665,True
jtcxE69GiFV_8ff0fdd4091340d1a96431ecad7d1cfe,hohonet,public_dataset_reference_not_quality_assumed,0.326227997216,True
jtcxE69GiFV_8ff0fdd4091340d1a96431ecad7d1cfe,bi_enclosed,public_dataset_reference_not_quality_assumed,0.357750717722,True
jtcxE69GiFV_8ff0fdd4091340d1a96431ecad7d1cfe,bi_extended,public_dataset_reference_not_quality_assumed,0.35777597849,True
jtcxE69GiFV_8ff0fdd4091340d1a96431ecad7d1cfe,ulayout,public_dataset_reference_not_quality_assumed,0.29176574772,True
jtcxE69GiFV_9f0e2562fcf447f5a7c5e44e85978148,hohonet,public_dataset_reference_not_quality_assumed,0.345163111689,True
jtcxE69GiFV_9f0e2562fcf447f5a7c5e44e85978148,bi_enclosed,public_dataset_reference_not_quality_assumed,0.385475928609,True
jtcxE69GiFV_9f0e2562fcf447f5a7c5e44e85978148,bi_extended,public_dataset_reference_not_quality_assumed,0.387368116567,True
jtcxE69GiFV_9f0e2562fcf447f5a7c5e44e85978148,ulayout,public_dataset_reference_not_quality_assumed,0.385975635162,True
jtcxE69GiFV_a197694b62d249968f88ae32a1b49d10,hohonet,public_dataset_reference_not_quality_assumed,0.299716844624,True
jtcxE69GiFV_a197694b62d249968f88ae32a1b49d10,bi_enclosed,public_dataset_reference_not_quality_assumed,0.321780828334,True
jtcxE69GiFV_a197694b62d249968f88ae32a1b49d10,bi_extended,public_dataset_reference_not_quality_assumed,0.321786145145,True
jtcxE69GiFV_a197694b62d249968f88ae32a1b49d10,ulayout,public_dataset_reference_not_quality_assumed,0.327329344259,True
jtcxE69GiFV_aaa3143c2ccb4ba4b51a472b48f5e260,hohonet,public_dataset_reference_not_quality_assumed,0.350730884909,True
jtcxE69GiFV_aaa3143c2ccb4ba4b51a472b48f5e260,bi_enclosed,public_dataset_reference_not_quality_assumed,0.432944137516,True
jtcxE69GiFV_aaa3143c2ccb4ba4b51a472b48f5e260,bi_extended,public_dataset_reference_not_quality_assumed,0.433064220245,True
jtcxE69GiFV_aaa3143c2ccb4ba4b51a472b48f5e260,ulayout,public_dataset_reference_not_quality_assumed,0.392101216067,True
jtcxE69GiFV_c90412ad99334d3aa7a1ec74d8e543a1,hohonet,public_dataset_reference_not_quality_assumed,0.247805000234,True
jtcxE69GiFV_c90412ad99334d3aa7a1ec74d8e543a1,bi_enclosed,public_dataset_reference_not_quality_assumed,0.251182444998,True
jtcxE69GiFV_c90412ad99334d3aa7a1ec74d8e543a1,bi_extended,public_dataset_reference_not_quality_assumed,0.22427660597,True
jtcxE69GiFV_c90412ad99334d3aa7a1ec74d8e543a1,ulayout,public_dataset_reference_not_quality_assumed,0.229447183599,True
jtcxE69GiFV_dce110162b244b2ab76a0804fc830a9e,hohonet,public_dataset_reference_not_quality_assumed,0.162235535718,True
jtcxE69GiFV_dce110162b244b2ab76a0804fc830a9e,bi_enclosed,public_dataset_reference_not_quality_assumed,0.143831627628,True
jtcxE69GiFV_dce110162b244b2ab76a0804fc830a9e,bi_extended,public_dataset_reference_not_quality_assumed,0.144641636322,True
jtcxE69GiFV_dce110162b244b2ab76a0804fc830a9e,ulayout,public_dataset_reference_not_quality_assumed,0.148272700262,True
jtcxE69GiFV_eb93e479aeae4b59a26c3ea106f9be7a,hohonet,public_dataset_reference_not_quality_assumed,0.316643010478,True
jtcxE69GiFV_eb93e479aeae4b59a26c3ea106f9be7a,bi_enclosed,public_dataset_reference_not_quality_assumed,0.326832804537,True
jtcxE69GiFV_eb93e479aeae4b59a26c3ea106f9be7a,bi_extended,public_dataset_reference_not_quality_assumed,0.327536910064,True
jtcxE69GiFV_eb93e479aeae4b59a26c3ea106f9be7a,ulayout,public_dataset_reference_not_quality_assumed,0.244518673879,True
jtcxE69GiFV_f473cf5a09a64090acec3bfe8fccaacd,hohonet,public_dataset_reference_not_quality_assumed,0.171671837507,True
jtcxE69GiFV_f473cf5a09a64090acec3bfe8fccaacd,bi_enclosed,public_dataset_reference_not_quality_assumed,0.194609807991,True
jtcxE69GiFV_f473cf5a09a64090acec3bfe8fccaacd,bi_extended,public_dataset_reference_not_quality_assumed,0.194988750999,True
jtcxE69GiFV_f473cf5a09a64090acec3bfe8fccaacd,ulayout,public_dataset_reference_not_quality_assumed,0.189624443903,True
jtcxE69GiFV_f4dc4040df5a4f038dd2b35f2bb65266,hohonet,public_dataset_reference_not_quality_assumed,0.179903377475,True
jtcxE69GiFV_f4dc4040df5a4f038dd2b35f2bb65266,bi_enclosed,public_dataset_reference_not_quality_assumed,0.17307955154,True
jtcxE69GiFV_f4dc4040df5a4f038dd2b35f2bb65266,bi_extended,public_dataset_reference_not_quality_assumed,0.173296024125,True
jtcxE69GiFV_f4dc4040df5a4f038dd2b35f2bb65266,ulayout,public_dataset_reference_not_quality_assumed,0.186196213741,True
jtcxE69GiFV_fb7f2438518243b180ae78cf1e2737e3,hohonet,public_dataset_reference_not_quality_assumed,0.266408883626,True
jtcxE69GiFV_fb7f2438518243b180ae78cf1e2737e3,bi_enclosed,public_dataset_reference_not_quality_assumed,0.236876751664,True
jtcxE69GiFV_fb7f2438518243b180ae78cf1e2737e3,bi_extended,public_dataset_reference_not_quality_assumed,0.237159470529,True
jtcxE69GiFV_fb7f2438518243b180ae78cf1e2737e3,ulayout,public_dataset_reference_not_quality_assumed,0.236259514117,True
jtcxE69GiFV_ff6cc28d8a7049ec980d1d52480530b5,hohonet,public_dataset_reference_not_quality_assumed,0.216595312427,True
jtcxE69GiFV_ff6cc28d8a7049ec980d1d52480530b5,bi_enclosed,public_dataset_reference_not_quality_assumed,0.234575310698,True
jtcxE69GiFV_ff6cc28d8a7049ec980d1d52480530b5,bi_extended,public_dataset_reference_not_quality_assumed,0.23532187161,True
jtcxE69GiFV_ff6cc28d8a7049ec980d1d52480530b5,ulayout,public_dataset_reference_not_quality_assumed,0.237348417404,True
kEZ7cmS4wCh_3c4a8eb4ef504942b6df1937932aa3f2,hohonet,public_dataset_reference_not_quality_assumed,0.352590484829,True
kEZ7cmS4wCh_3c4a8eb4ef504942b6df1937932aa3f2,bi_enclosed,public_dataset_reference_not_quality_assumed,0.364550821474,True
kEZ7cmS4wCh_3c4a8eb4ef504942b6df1937932aa3f2,bi_extended,public_dataset_reference_not_quality_assumed,0.347399639442,True
kEZ7cmS4wCh_3c4a8eb4ef504942b6df1937932aa3f2,ulayout,public_dataset_reference_not_quality_assumed,0.355744448736,True
kEZ7cmS4wCh_6811d52593b740cb9047202ce1e8a1e4,hohonet,public_dataset_reference_not_quality_assumed,0.401569273573,True
kEZ7cmS4wCh_6811d52593b740cb9047202ce1e8a1e4,bi_enclosed,public_dataset_reference_not_quality_assumed,0.401255844616,True
kEZ7cmS4wCh_6811d52593b740cb9047202ce1e8a1e4,bi_extended,public_dataset_reference_not_quality_assumed,0.400185026021,True
kEZ7cmS4wCh_6811d52593b740cb9047202ce1e8a1e4,ulayout,public_dataset_reference_not_quality_assumed,0.400665057069,True
pRbA3pwrgk9_05c49a8b61034633ad57ae3527dac65d,hohonet,public_dataset_reference_not_quality_assumed,0.172681447702,True
pRbA3pwrgk9_05c49a8b61034633ad57ae3527dac65d,bi_enclosed,public_dataset_reference_not_quality_assumed,0.162307681716,True
pRbA3pwrgk9_05c49a8b61034633ad57ae3527dac65d,bi_extended,public_dataset_reference_not_quality_assumed,0.162417565644,True
pRbA3pwrgk9_05c49a8b61034633ad57ae3527dac65d,ulayout,public_dataset_reference_not_quality_assumed,0.166473539725,True
pRbA3pwrgk9_0dad4bd3fa7e4349a5325596c10d6fdf,hohonet,public_dataset_reference_not_quality_assumed,0.290632102339,True
pRbA3pwrgk9_0dad4bd3fa7e4349a5325596c10d6fdf,bi_enclosed,public_dataset_reference_not_quality_assumed,0.288989816422,True
pRbA3pwrgk9_0dad4bd3fa7e4349a5325596c10d6fdf,bi_extended,public_dataset_reference_not_quality_assumed,0.289053427205,True
pRbA3pwrgk9_0dad4bd3fa7e4349a5325596c10d6fdf,ulayout,public_dataset_reference_not_quality_assumed,0.294075316805,True
pRbA3pwrgk9_16beb21e65a84850a509972190038d0e,hohonet,public_dataset_reference_not_quality_assumed,0.152962936897,True
pRbA3pwrgk9_16beb21e65a84850a509972190038d0e,bi_enclosed,public_dataset_reference_not_quality_assumed,0.143198407744,True
pRbA3pwrgk9_16beb21e65a84850a509972190038d0e,bi_extended,public_dataset_reference_not_quality_assumed,0.143460216857,True
pRbA3pwrgk9_16beb21e65a84850a509972190038d0e,ulayout,public_dataset_reference_not_quality_assumed,0.143508054611,True
pRbA3pwrgk9_285b697fed754f86a09602c93628cfb4,hohonet,public_dataset_reference_not_quality_assumed,0.207830221719,True
pRbA3pwrgk9_285b697fed754f86a09602c93628cfb4,bi_enclosed,public_dataset_reference_not_quality_assumed,0.201162863676,True
pRbA3pwrgk9_285b697fed754f86a09602c93628cfb4,bi_extended,public_dataset_reference_not_quality_assumed,0.201145732752,True
pRbA3pwrgk9_285b697fed754f86a09602c93628cfb4,ulayout,public_dataset_reference_not_quality_assumed,0.203599416136,True
pRbA3pwrgk9_2a3810bc7ecc491e81ff1e8a17692ec1,hohonet,public_dataset_reference_not_quality_assumed,0.10883694782,True
pRbA3pwrgk9_2a3810bc7ecc491e81ff1e8a17692ec1,bi_enclosed,public_dataset_reference_not_quality_assumed,0.133621943201,True
pRbA3pwrgk9_2a3810bc7ecc491e81ff1e8a17692ec1,bi_extended,public_dataset_reference_not_quality_assumed,0.131225674158,True
pRbA3pwrgk9_2a3810bc7ecc491e81ff1e8a17692ec1,ulayout,public_dataset_reference_not_quality_assumed,0.106593239511,True
pRbA3pwrgk9_2e5e98be62684eb8b3143fda3059ddde,hohonet,public_dataset_reference_not_quality_assumed,0.274793914525,True
pRbA3pwrgk9_2e5e98be62684eb8b3143fda3059ddde,bi_enclosed,public_dataset_reference_not_quality_assumed,0.291880439069,True
pRbA3pwrgk9_2e5e98be62684eb8b3143fda3059ddde,bi_extended,public_dataset_reference_not_quality_assumed,0.291787030635,True
pRbA3pwrgk9_2e5e98be62684eb8b3143fda3059ddde,ulayout,public_dataset_reference_not_quality_assumed,0.300718488688,True
pRbA3pwrgk9_3851376d4f84494ebdc080b34ddc0f5e,hohonet,public_dataset_reference_not_quality_assumed,0.171345631716,True
pRbA3pwrgk9_3851376d4f84494ebdc080b34ddc0f5e,bi_enclosed,public_dataset_reference_not_quality_assumed,0.189726498605,True
pRbA3pwrgk9_3851376d4f84494ebdc080b34ddc0f5e,bi_extended,public_dataset_reference_not_quality_assumed,0.189924089882,True
pRbA3pwrgk9_3851376d4f84494ebdc080b34ddc0f5e,ulayout,public_dataset_reference_not_quality_assumed,0.220047538956,True
pRbA3pwrgk9_4fe4474e9bf9429ea92d202bdea4dce5,hohonet,public_dataset_reference_not_quality_assumed,0.259981385177,True
pRbA3pwrgk9_4fe4474e9bf9429ea92d202bdea4dce5,bi_enclosed,public_dataset_reference_not_quality_assumed,0.259304852768,True
pRbA3pwrgk9_4fe4474e9bf9429ea92d202bdea4dce5,bi_extended,public_dataset_reference_not_quality_assumed,0.259352908545,True
pRbA3pwrgk9_4fe4474e9bf9429ea92d202bdea4dce5,ulayout,public_dataset_reference_not_quality_assumed,0.258588395111,True
pRbA3pwrgk9_8caa90fc5528451f9e9f45634676499b,hohonet,public_dataset_reference_not_quality_assumed,0.133818404777,True
pRbA3pwrgk9_8caa90fc5528451f9e9f45634676499b,bi_enclosed,public_dataset_reference_not_quality_assumed,0.158225311794,True
pRbA3pwrgk9_8caa90fc5528451f9e9f45634676499b,bi_extended,public_dataset_reference_not_quality_assumed,0.157706032903,True
pRbA3pwrgk9_8caa90fc5528451f9e9f45634676499b,ulayout,public_dataset_reference_not_quality_assumed,0.175905530165,True
pRbA3pwrgk9_9c9bed9bf7d94ac0bcea18e3bf521930,hohonet,public_dataset_reference_not_quality_assumed,0.205444722968,True
pRbA3pwrgk9_9c9bed9bf7d94ac0bcea18e3bf521930,bi_enclosed,public_dataset_reference_not_quality_assumed,0.166081176282,True
pRbA3pwrgk9_9c9bed9bf7d94ac0bcea18e3bf521930,bi_extended,public_dataset_reference_not_quality_assumed,0.160304598386,True
pRbA3pwrgk9_9c9bed9bf7d94ac0bcea18e3bf521930,ulayout,public_dataset_reference_not_quality_assumed,0.175136284833,True
pRbA3pwrgk9_b1477ef96be5470d9881a9f6c9f825ae,hohonet,public_dataset_reference_not_quality_assumed,0.137129898277,True
pRbA3pwrgk9_b1477ef96be5470d9881a9f6c9f825ae,bi_enclosed,public_dataset_reference_not_quality_assumed,0.1300081489,True
pRbA3pwrgk9_b1477ef96be5470d9881a9f6c9f825ae,bi_extended,public_dataset_reference_not_quality_assumed,0.130580595591,True
pRbA3pwrgk9_b1477ef96be5470d9881a9f6c9f825ae,ulayout,public_dataset_reference_not_quality_assumed,0.140126545037,True
pRbA3pwrgk9_c19e6a85e45d4aae9e9a4b703650132b,hohonet,public_dataset_reference_not_quality_assumed,0.122024622033,True
pRbA3pwrgk9_c19e6a85e45d4aae9e9a4b703650132b,bi_enclosed,public_dataset_reference_not_quality_assumed,0.133758328284,True
pRbA3pwrgk9_c19e6a85e45d4aae9e9a4b703650132b,bi_extended,public_dataset_reference_not_quality_assumed,0.16175412234,True
pRbA3pwrgk9_c19e6a85e45d4aae9e9a4b703650132b,ulayout,public_dataset_reference_not_quality_assumed,0.163562561846,True
pRbA3pwrgk9_e0dc27df8b2d4484bde0f97284d4cdf7,hohonet,public_dataset_reference_not_quality_assumed,0.346176797336,True
pRbA3pwrgk9_e0dc27df8b2d4484bde0f97284d4cdf7,bi_enclosed,public_dataset_reference_not_quality_assumed,0.360675735388,True
pRbA3pwrgk9_e0dc27df8b2d4484bde0f97284d4cdf7,bi_extended,public_dataset_reference_not_quality_assumed,0.360845584341,True
pRbA3pwrgk9_e0dc27df8b2d4484bde0f97284d4cdf7,ulayout,public_dataset_reference_not_quality_assumed,0.38335015079,True
pRbA3pwrgk9_ec8f8c12b70e4969ae24adb7031d9312,hohonet,public_dataset_reference_not_quality_assumed,0.13930266357,True
pRbA3pwrgk9_ec8f8c12b70e4969ae24adb7031d9312,bi_enclosed,public_dataset_reference_not_quality_assumed,0.168184298197,True
pRbA3pwrgk9_ec8f8c12b70e4969ae24adb7031d9312,bi_extended,public_dataset_reference_not_quality_assumed,0.168782505014,True
pRbA3pwrgk9_ec8f8c12b70e4969ae24adb7031d9312,ulayout,public_dataset_reference_not_quality_assumed,0.197947268149,True
pRbA3pwrgk9_ecd2d3d74f1244a19bab0131ca065c26,hohonet,public_dataset_reference_not_quality_assumed,0.162537850747,True
pRbA3pwrgk9_ecd2d3d74f1244a19bab0131ca065c26,bi_enclosed,public_dataset_reference_not_quality_assumed,0.206207133694,True
pRbA3pwrgk9_ecd2d3d74f1244a19bab0131ca065c26,bi_extended,public_dataset_reference_not_quality_assumed,0.207300537436,True
pRbA3pwrgk9_ecd2d3d74f1244a19bab0131ca065c26,ulayout,public_dataset_reference_not_quality_assumed,0.232592073628,True
pa4otMbVnkk_007d567cfff94aff8d850876914b9584,hohonet,public_dataset_reference_not_quality_assumed,0.147307326413,True
pa4otMbVnkk_007d567cfff94aff8d850876914b9584,bi_enclosed,public_dataset_reference_not_quality_assumed,0.160446877123,True
pa4otMbVnkk_007d567cfff94aff8d850876914b9584,bi_extended,public_dataset_reference_not_quality_assumed,0.161406671766,True
pa4otMbVnkk_007d567cfff94aff8d850876914b9584,ulayout,public_dataset_reference_not_quality_assumed,0.159130622485,True
pa4otMbVnkk_0e800fa7378b455a8054fbd02497fa6e,hohonet,public_dataset_reference_not_quality_assumed,0.322464493687,True
pa4otMbVnkk_0e800fa7378b455a8054fbd02497fa6e,bi_enclosed,public_dataset_reference_not_quality_assumed,0.335811993549,True
pa4otMbVnkk_0e800fa7378b455a8054fbd02497fa6e,bi_extended,public_dataset_reference_not_quality_assumed,0.335917767479,True
pa4otMbVnkk_0e800fa7378b455a8054fbd02497fa6e,ulayout,public_dataset_reference_not_quality_assumed,0.320284541319,True
pa4otMbVnkk_25659e521aac49daadb7762ba87cb2b6,hohonet,public_dataset_reference_not_quality_assumed,0.244555205042,True
pa4otMbVnkk_25659e521aac49daadb7762ba87cb2b6,bi_enclosed,public_dataset_reference_not_quality_assumed,0.237797313733,True
pa4otMbVnkk_25659e521aac49daadb7762ba87cb2b6,bi_extended,public_dataset_reference_not_quality_assumed,0.237854843726,True
pa4otMbVnkk_25659e521aac49daadb7762ba87cb2b6,ulayout,public_dataset_reference_not_quality_assumed,0.238574827553,True
pa4otMbVnkk_3ad5d0784b1442b6a728bb7dec3d50e0,hohonet,public_dataset_reference_not_quality_assumed,0.405696699864,True
pa4otMbVnkk_3ad5d0784b1442b6a728bb7dec3d50e0,bi_enclosed,public_dataset_reference_not_quality_assumed,0.408262261682,True
pa4otMbVnkk_3ad5d0784b1442b6a728bb7dec3d50e0,bi_extended,public_dataset_reference_not_quality_assumed,0.408302715062,True
pa4otMbVnkk_3ad5d0784b1442b6a728bb7dec3d50e0,ulayout,public_dataset_reference_not_quality_assumed,0.416441595828,True
pa4otMbVnkk_3df9a5180b94479997b19a8823f31eab,hohonet,public_dataset_reference_not_quality_assumed,0.289577063098,True
pa4otMbVnkk_3df9a5180b94479997b19a8823f31eab,bi_enclosed,public_dataset_reference_not_quality_assumed,0.288290252858,True
pa4otMbVnkk_3df9a5180b94479997b19a8823f31eab,bi_extended,public_dataset_reference_not_quality_assumed,0.288322902017,True
pa4otMbVnkk_3df9a5180b94479997b19a8823f31eab,ulayout,public_dataset_reference_not_quality_assumed,0.296625243475,True
pa4otMbVnkk_42218dacb31045bfbc70cd57d1b69a84,hohonet,public_dataset_reference_not_quality_assumed,0.287897847001,True
pa4otMbVnkk_42218dacb31045bfbc70cd57d1b69a84,bi_enclosed,public_dataset_reference_not_quality_assumed,0.306287484882,True
pa4otMbVnkk_42218dacb31045bfbc70cd57d1b69a84,bi_extended,public_dataset_reference_not_quality_assumed,0.30645228535,True
pa4otMbVnkk_42218dacb31045bfbc70cd57d1b69a84,ulayout,public_dataset_reference_not_quality_assumed,0.313567093557,True
pa4otMbVnkk_447755d931aa401097d8c0952a22b17e,hohonet,public_dataset_reference_not_quality_assumed,0.252404583007,True
pa4otMbVnkk_447755d931aa401097d8c0952a22b17e,bi_enclosed,public_dataset_reference_not_quality_assumed,0.247967277482,True
pa4otMbVnkk_447755d931aa401097d8c0952a22b17e,bi_extended,public_dataset_reference_not_quality_assumed,0.248063599304,True
pa4otMbVnkk_447755d931aa401097d8c0952a22b17e,ulayout,public_dataset_reference_not_quality_assumed,0.257194099453,True
pa4otMbVnkk_4fbdfc08c934474ea9a04977f9081d0e,hohonet,public_dataset_reference_not_quality_assumed,0.0800088972623,True
pa4otMbVnkk_4fbdfc08c934474ea9a04977f9081d0e,bi_enclosed,public_dataset_reference_not_quality_assumed,0.056854325124,True
pa4otMbVnkk_4fbdfc08c934474ea9a04977f9081d0e,bi_extended,public_dataset_reference_not_quality_assumed,0.0571030025255,True
pa4otMbVnkk_4fbdfc08c934474ea9a04977f9081d0e,ulayout,public_dataset_reference_not_quality_assumed,0.0669643058146,True
pa4otMbVnkk_56189c4a26dd486d91b853fc8a7ffb6b,hohonet,public_dataset_reference_not_quality_assumed,0.137724495398,True
pa4otMbVnkk_56189c4a26dd486d91b853fc8a7ffb6b,bi_enclosed,public_dataset_reference_not_quality_assumed,0.139750024294,True
pa4otMbVnkk_56189c4a26dd486d91b853fc8a7ffb6b,bi_extended,public_dataset_reference_not_quality_assumed,0.188888292317,True
pa4otMbVnkk_56189c4a26dd486d91b853fc8a7ffb6b,ulayout,public_dataset_reference_not_quality_assumed,0.154499193871,True
pa4otMbVnkk_5cd7afbe84aa4a13a13b45c369e39731,hohonet,public_dataset_reference_not_quality_assumed,0.303899407296,True
pa4otMbVnkk_5cd7afbe84aa4a13a13b45c369e39731,bi_enclosed,public_dataset_reference_not_quality_assumed,0.35257259141,True
pa4otMbVnkk_5cd7afbe84aa4a13a13b45c369e39731,bi_extended,public_dataset_reference_not_quality_assumed,0.352415967506,True
pa4otMbVnkk_5cd7afbe84aa4a13a13b45c369e39731,ulayout,public_dataset_reference_not_quality_assumed,0.313389559704,True
pa4otMbVnkk_5d1adb544bb14217ba5ded2eb82cd8e3,hohonet,public_dataset_reference_not_quality_assumed,0.471158692306,True
pa4otMbVnkk_5d1adb544bb14217ba5ded2eb82cd8e3,bi_enclosed,public_dataset_reference_not_quality_assumed,0.426953457336,True
pa4otMbVnkk_5d1adb544bb14217ba5ded2eb82cd8e3,bi_extended,public_dataset_reference_not_quality_assumed,0.314807688456,True
pa4otMbVnkk_5d1adb544bb14217ba5ded2eb82cd8e3,ulayout,public_dataset_reference_not_quality_assumed,0.360479378742,True
pa4otMbVnkk_616baa976df7493c8b5d1516fa55aa75,hohonet,public_dataset_reference_not_quality_assumed,0.126052445103,True
pa4otMbVnkk_616baa976df7493c8b5d1516fa55aa75,bi_enclosed,public_dataset_reference_not_quality_assumed,0.128646021129,True
pa4otMbVnkk_616baa976df7493c8b5d1516fa55aa75,bi_extended,public_dataset_reference_not_quality_assumed,0.128749314276,True
pa4otMbVnkk_616baa976df7493c8b5d1516fa55aa75,ulayout,public_dataset_reference_not_quality_assumed,0.13273520109,True
pa4otMbVnkk_637126917ec84d1aa32c986159ce2dc9,hohonet,public_dataset_reference_not_quality_assumed,0.583319440205,True
pa4otMbVnkk_637126917ec84d1aa32c986159ce2dc9,bi_enclosed,public_dataset_reference_not_quality_assumed,0.589730579368,True
pa4otMbVnkk_637126917ec84d1aa32c986159ce2dc9,bi_extended,public_dataset_reference_not_quality_assumed,0.589864225494,True
pa4otMbVnkk_637126917ec84d1aa32c986159ce2dc9,ulayout,public_dataset_reference_not_quality_assumed,0.589190514038,True
pa4otMbVnkk_63bde48e974d42e59a664bc3b5d9566a,hohonet,public_dataset_reference_not_quality_assumed,0.302047306094,True
pa4otMbVnkk_63bde48e974d42e59a664bc3b5d9566a,bi_enclosed,public_dataset_reference_not_quality_assumed,0.36191769629,True
pa4otMbVnkk_63bde48e974d42e59a664bc3b5d9566a,bi_extended,public_dataset_reference_not_quality_assumed,0.360550148062,True
pa4otMbVnkk_63bde48e974d42e59a664bc3b5d9566a,ulayout,public_dataset_reference_not_quality_assumed,0.369719981379,True
pa4otMbVnkk_7172b7e0aefe4e23a53449a4531ca5e3,hohonet,public_dataset_reference_not_quality_assumed,0.0560437539438,True
pa4otMbVnkk_7172b7e0aefe4e23a53449a4531ca5e3,bi_enclosed,public_dataset_reference_not_quality_assumed,0.0827696855306,True
pa4otMbVnkk_7172b7e0aefe4e23a53449a4531ca5e3,bi_extended,public_dataset_reference_not_quality_assumed,0.0828224004899,True
pa4otMbVnkk_7172b7e0aefe4e23a53449a4531ca5e3,ulayout,public_dataset_reference_not_quality_assumed,0.0783270401899,True
pa4otMbVnkk_78863f388bfc4e419e5d3454f1fecf3f,hohonet,public_dataset_reference_not_quality_assumed,0.354303430128,True
pa4otMbVnkk_78863f388bfc4e419e5d3454f1fecf3f,bi_enclosed,public_dataset_reference_not_quality_assumed,0.368924153509,True
pa4otMbVnkk_78863f388bfc4e419e5d3454f1fecf3f,bi_extended,public_dataset_reference_not_quality_assumed,0.369173434542,True
pa4otMbVnkk_78863f388bfc4e419e5d3454f1fecf3f,ulayout,public_dataset_reference_not_quality_assumed,0.358838777836,True
pa4otMbVnkk_78c162aad54a4b969d0b0813a86d43e4,hohonet,public_dataset_reference_not_quality_assumed,0.168775310774,True
pa4otMbVnkk_78c162aad54a4b969d0b0813a86d43e4,bi_enclosed,public_dataset_reference_not_quality_assumed,0.161742877672,True
pa4otMbVnkk_78c162aad54a4b969d0b0813a86d43e4,bi_extended,public_dataset_reference_not_quality_assumed,0.161970702696,True
pa4otMbVnkk_78c162aad54a4b969d0b0813a86d43e4,ulayout,public_dataset_reference_not_quality_assumed,0.178615930727,True
pa4otMbVnkk_7be30830c80b4fb3a83d5f956c07e143,hohonet,public_dataset_reference_not_quality_assumed,0.384536842752,True
pa4otMbVnkk_7be30830c80b4fb3a83d5f956c07e143,bi_enclosed,public_dataset_reference_not_quality_assumed,0.415737562938,True
pa4otMbVnkk_7be30830c80b4fb3a83d5f956c07e143,bi_extended,public_dataset_reference_not_quality_assumed,0.415733746452,True
pa4otMbVnkk_7be30830c80b4fb3a83d5f956c07e143,ulayout,public_dataset_reference_not_quality_assumed,0.425423765423,True
pa4otMbVnkk_82f4e9ccd0ef4351a3d814f1222b03cc,hohonet,public_dataset_reference_not_quality_assumed,0.365240039634,True
pa4otMbVnkk_82f4e9ccd0ef4351a3d814f1222b03cc,bi_enclosed,public_dataset_reference_not_quality_assumed,0.41230732181,True
pa4otMbVnkk_82f4e9ccd0ef4351a3d814f1222b03cc,bi_extended,public_dataset_reference_not_quality_assumed,0.411253432785,True
pa4otMbVnkk_82f4e9ccd0ef4351a3d814f1222b03cc,ulayout,public_dataset_reference_not_quality_assumed,0.404676662051,True
pa4otMbVnkk_88c758f7e35244fd8f5693913f329805,hohonet,public_dataset_reference_not_quality_assumed,0.248188219999,True
pa4otMbVnkk_88c758f7e35244fd8f5693913f329805,bi_enclosed,public_dataset_reference_not_quality_assumed,0.267070433632,True
pa4otMbVnkk_88c758f7e35244fd8f5693913f329805,bi_extended,public_dataset_reference_not_quality_assumed,0.267059632136,True
pa4otMbVnkk_88c758f7e35244fd8f5693913f329805,ulayout,public_dataset_reference_not_quality_assumed,0.271736996903,True
pa4otMbVnkk_915273ca375f43be9306ce29b7724c46,hohonet,public_dataset_reference_not_quality_assumed,0.236078762112,True
pa4otMbVnkk_915273ca375f43be9306ce29b7724c46,bi_enclosed,public_dataset_reference_not_quality_assumed,0.243726640711,True
pa4otMbVnkk_915273ca375f43be9306ce29b7724c46,bi_extended,public_dataset_reference_not_quality_assumed,0.243640612442,True
pa4otMbVnkk_915273ca375f43be9306ce29b7724c46,ulayout,public_dataset_reference_not_quality_assumed,0.251934264439,True
pa4otMbVnkk_9548771afcfd442a8dcb73d739a23b27,hohonet,public_dataset_reference_not_quality_assumed,0.328618674682,True
pa4otMbVnkk_9548771afcfd442a8dcb73d739a23b27,bi_enclosed,public_dataset_reference_not_quality_assumed,0.349618091216,True
pa4otMbVnkk_9548771afcfd442a8dcb73d739a23b27,bi_extended,public_dataset_reference_not_quality_assumed,0.349563898163,True
pa4otMbVnkk_9548771afcfd442a8dcb73d739a23b27,ulayout,public_dataset_reference_not_quality_assumed,0.345505080577,True
pa4otMbVnkk_a1243ae1c9e7407794464678be846819,hohonet,public_dataset_reference_not_quality_assumed,0.249690040005,True
pa4otMbVnkk_a1243ae1c9e7407794464678be846819,bi_enclosed,public_dataset_reference_not_quality_assumed,0.26522581121,True
pa4otMbVnkk_a1243ae1c9e7407794464678be846819,bi_extended,public_dataset_reference_not_quality_assumed,0.265548956399,True
pa4otMbVnkk_a1243ae1c9e7407794464678be846819,ulayout,public_dataset_reference_not_quality_assumed,0.263737131595,True
pa4otMbVnkk_a390863f6b5f4b9497580c29d4d7bbe9,hohonet,public_dataset_reference_not_quality_assumed,0.295268948068,True
pa4otMbVnkk_a390863f6b5f4b9497580c29d4d7bbe9,bi_enclosed,public_dataset_reference_not_quality_assumed,0.32633078297,True
pa4otMbVnkk_a390863f6b5f4b9497580c29d4d7bbe9,bi_extended,public_dataset_reference_not_quality_assumed,0.324947958246,True
pa4otMbVnkk_a390863f6b5f4b9497580c29d4d7bbe9,ulayout,public_dataset_reference_not_quality_assumed,0.326403251242,True
pa4otMbVnkk_a8e87c5da1414d998988fe3c29dba7d5,hohonet,public_dataset_reference_not_quality_assumed,0.1285904263,True
pa4otMbVnkk_a8e87c5da1414d998988fe3c29dba7d5,bi_enclosed,public_dataset_reference_not_quality_assumed,0.153969017508,True
pa4otMbVnkk_a8e87c5da1414d998988fe3c29dba7d5,bi_extended,public_dataset_reference_not_quality_assumed,0.153789432344,True
pa4otMbVnkk_a8e87c5da1414d998988fe3c29dba7d5,ulayout,public_dataset_reference_not_quality_assumed,0.141463748201,True
pa4otMbVnkk_ae57bfaab09c44a48a384367f50f3bd8,hohonet,public_dataset_reference_not_quality_assumed,0.39555686783,True
pa4otMbVnkk_ae57bfaab09c44a48a384367f50f3bd8,bi_enclosed,public_dataset_reference_not_quality_assumed,0.403052873788,True
pa4otMbVnkk_ae57bfaab09c44a48a384367f50f3bd8,bi_extended,public_dataset_reference_not_quality_assumed,0.403170440265,True
pa4otMbVnkk_ae57bfaab09c44a48a384367f50f3bd8,ulayout,public_dataset_reference_not_quality_assumed,0.411212645128,True
pa4otMbVnkk_b2bb0d47721a4f24af2c829bba560aa6,hohonet,public_dataset_reference_not_quality_assumed,0.16316574585,True
pa4otMbVnkk_b2bb0d47721a4f24af2c829bba560aa6,bi_enclosed,public_dataset_reference_not_quality_assumed,0.16642224815,True
pa4otMbVnkk_b2bb0d47721a4f24af2c829bba560aa6,bi_extended,public_dataset_reference_not_quality_assumed,0.166682649677,True
pa4otMbVnkk_b2bb0d47721a4f24af2c829bba560aa6,ulayout,public_dataset_reference_not_quality_assumed,0.163916046325,True
pa4otMbVnkk_b8245307c038459a9df432be2341ec27,hohonet,public_dataset_reference_not_quality_assumed,0.325627369556,True
pa4otMbVnkk_b8245307c038459a9df432be2341ec27,bi_enclosed,public_dataset_reference_not_quality_assumed,0.308361008263,True
pa4otMbVnkk_b8245307c038459a9df432be2341ec27,bi_extended,public_dataset_reference_not_quality_assumed,0.30837820648,True
pa4otMbVnkk_b8245307c038459a9df432be2341ec27,ulayout,public_dataset_reference_not_quality_assumed,0.319180953484,True
pa4otMbVnkk_d0777438896f4ba59dc36ba96ebb003f,hohonet,public_dataset_reference_not_quality_assumed,0.354616106677,True
pa4otMbVnkk_d0777438896f4ba59dc36ba96ebb003f,bi_enclosed,public_dataset_reference_not_quality_assumed,0.332939876262,True
pa4otMbVnkk_d0777438896f4ba59dc36ba96ebb003f,bi_extended,public_dataset_reference_not_quality_assumed,0.259956823268,True
pa4otMbVnkk_d0777438896f4ba59dc36ba96ebb003f,ulayout,public_dataset_reference_not_quality_assumed,0.25938934527,True
pa4otMbVnkk_e280c21ec51840e296d454c19fb4ac28,hohonet,public_dataset_reference_not_quality_assumed,0.132639559585,True
pa4otMbVnkk_e280c21ec51840e296d454c19fb4ac28,bi_enclosed,public_dataset_reference_not_quality_assumed,0.160686823915,True
pa4otMbVnkk_e280c21ec51840e296d454c19fb4ac28,bi_extended,public_dataset_reference_not_quality_assumed,0.161340110261,True
pa4otMbVnkk_e280c21ec51840e296d454c19fb4ac28,ulayout,public_dataset_reference_not_quality_assumed,0.161409056398,True
pa4otMbVnkk_e976f604378648b3bd1d1ed1e9638294,hohonet,public_dataset_reference_not_quality_assumed,0.26851834806,True
pa4otMbVnkk_e976f604378648b3bd1d1ed1e9638294,bi_enclosed,public_dataset_reference_not_quality_assumed,0.295832227856,True
pa4otMbVnkk_e976f604378648b3bd1d1ed1e9638294,bi_extended,public_dataset_reference_not_quality_assumed,0.295876230579,True
pa4otMbVnkk_e976f604378648b3bd1d1ed1e9638294,ulayout,public_dataset_reference_not_quality_assumed,0.295211450675,True
pa4otMbVnkk_eac7bdc24b24474ba38b8b0b5acd62f6,hohonet,public_dataset_reference_not_quality_assumed,0.291180259472,True
pa4otMbVnkk_eac7bdc24b24474ba38b8b0b5acd62f6,bi_enclosed,public_dataset_reference_not_quality_assumed,0.301466077487,True
pa4otMbVnkk_eac7bdc24b24474ba38b8b0b5acd62f6,bi_extended,public_dataset_reference_not_quality_assumed,0.301397906869,True
pa4otMbVnkk_eac7bdc24b24474ba38b8b0b5acd62f6,ulayout,public_dataset_reference_not_quality_assumed,0.284819631478,True
pa4otMbVnkk_f6005da79d2c43ba820db8124a4287d1,hohonet,public_dataset_reference_not_quality_assumed,0.305899387734,True
pa4otMbVnkk_f6005da79d2c43ba820db8124a4287d1,bi_enclosed,public_dataset_reference_not_quality_assumed,0.313027255195,True
pa4otMbVnkk_f6005da79d2c43ba820db8124a4287d1,bi_extended,public_dataset_reference_not_quality_assumed,0.313137999558,True
pa4otMbVnkk_f6005da79d2c43ba820db8124a4287d1,ulayout,public_dataset_reference_not_quality_assumed,0.299484724143,True
pa4otMbVnkk_f99f4beac1744062a4d6349ac140f16e,hohonet,public_dataset_reference_not_quality_assumed,0.11922062717,True
pa4otMbVnkk_f99f4beac1744062a4d6349ac140f16e,bi_enclosed,public_dataset_reference_not_quality_assumed,0.113418790499,True
pa4otMbVnkk_f99f4beac1744062a4d6349ac140f16e,bi_extended,public_dataset_reference_not_quality_assumed,0.113597577699,True
pa4otMbVnkk_f99f4beac1744062a4d6349ac140f16e,ulayout,public_dataset_reference_not_quality_assumed,0.117234102092,True
pa4otMbVnkk_faa9b3c493a541d5bcaae52f760b6807,hohonet,public_dataset_reference_not_quality_assumed,0.235313189239,True
pa4otMbVnkk_faa9b3c493a541d5bcaae52f760b6807,bi_enclosed,public_dataset_reference_not_quality_assumed,0.243718790546,True
pa4otMbVnkk_faa9b3c493a541d5bcaae52f760b6807,bi_extended,public_dataset_reference_not_quality_assumed,0.243013561092,True
pa4otMbVnkk_faa9b3c493a541d5bcaae52f760b6807,ulayout,public_dataset_reference_not_quality_assumed,0.244689616844,True
pa4otMbVnkk_fc4ee7e59f32491d9817b3a9a5b5e9b1,hohonet,public_dataset_reference_not_quality_assumed,0.174169119695,True
pa4otMbVnkk_fc4ee7e59f32491d9817b3a9a5b5e9b1,bi_enclosed,public_dataset_reference_not_quality_assumed,0.20592224459,True
pa4otMbVnkk_fc4ee7e59f32491d9817b3a9a5b5e9b1,bi_extended,public_dataset_reference_not_quality_assumed,0.205509429753,True
pa4otMbVnkk_fc4ee7e59f32491d9817b3a9a5b5e9b1,ulayout,public_dataset_reference_not_quality_assumed,0.2083134347,True
pa4otMbVnkk_fd3034fe3cf6425ea2810f42656766cf,hohonet,public_dataset_reference_not_quality_assumed,0.266526069807,True
pa4otMbVnkk_fd3034fe3cf6425ea2810f42656766cf,bi_enclosed,public_dataset_reference_not_quality_assumed,0.287233445385,True
pa4otMbVnkk_fd3034fe3cf6425ea2810f42656766cf,bi_extended,public_dataset_reference_not_quality_assumed,0.287275628011,True
pa4otMbVnkk_fd3034fe3cf6425ea2810f42656766cf,ulayout,public_dataset_reference_not_quality_assumed,0.272870759324,True
q9vSo1VnCiC_1cd414875b9b4311bc6a179d91e6270d,hohonet,adjudicated_reference,0.229637356099,True
q9vSo1VnCiC_1cd414875b9b4311bc6a179d91e6270d,bi_enclosed,adjudicated_reference,0.244070383773,True
q9vSo1VnCiC_1cd414875b9b4311bc6a179d91e6270d,bi_extended,adjudicated_reference,0.244190770107,True
q9vSo1VnCiC_1cd414875b9b4311bc6a179d91e6270d,ulayout,adjudicated_reference,0.240443558005,True
q9vSo1VnCiC_2a8ef249ec0e4ad5bfe138a65f50964e,hohonet,adjudicated_reference,0.155938648252,True
q9vSo1VnCiC_2a8ef249ec0e4ad5bfe138a65f50964e,bi_enclosed,adjudicated_reference,0.166991620917,True
q9vSo1VnCiC_2a8ef249ec0e4ad5bfe138a65f50964e,bi_extended,adjudicated_reference,0.167419458779,True
q9vSo1VnCiC_2a8ef249ec0e4ad5bfe138a65f50964e,ulayout,adjudicated_reference,0.172615309723,True
q9vSo1VnCiC_3e5aacbc10904d4b88660a3cb91efcb9,hohonet,public_dataset_reference_not_quality_assumed,0.189179637015,True
q9vSo1VnCiC_3e5aacbc10904d4b88660a3cb91efcb9,bi_enclosed,public_dataset_reference_not_quality_assumed,0.217673258906,True
q9vSo1VnCiC_3e5aacbc10904d4b88660a3cb91efcb9,bi_extended,public_dataset_reference_not_quality_assumed,0.217812822388,True
q9vSo1VnCiC_3e5aacbc10904d4b88660a3cb91efcb9,ulayout,public_dataset_reference_not_quality_assumed,0.206148967845,True
q9vSo1VnCiC_3e7f67e8969f434b9a4aec0c68668b20,hohonet,public_dataset_reference_not_quality_assumed,0.301309523502,True
q9vSo1VnCiC_3e7f67e8969f434b9a4aec0c68668b20,bi_enclosed,public_dataset_reference_not_quality_assumed,0.279264895113,True
q9vSo1VnCiC_3e7f67e8969f434b9a4aec0c68668b20,bi_extended,public_dataset_reference_not_quality_assumed,0.28275490582,True
q9vSo1VnCiC_3e7f67e8969f434b9a4aec0c68668b20,ulayout,public_dataset_reference_not_quality_assumed,0.290843279132,True
q9vSo1VnCiC_46281f6c32544ffe90e6d88f539c4232,hohonet,public_dataset_reference_not_quality_assumed,0.145151649546,True
q9vSo1VnCiC_46281f6c32544ffe90e6d88f539c4232,bi_enclosed,public_dataset_reference_not_quality_assumed,0.152589886009,True
q9vSo1VnCiC_46281f6c32544ffe90e6d88f539c4232,bi_extended,public_dataset_reference_not_quality_assumed,0.153021760205,True
q9vSo1VnCiC_46281f6c32544ffe90e6d88f539c4232,ulayout,public_dataset_reference_not_quality_assumed,0.174166310684,True
q9vSo1VnCiC_5cd2df07e41c46da907dfa1bd41164f5,hohonet,public_dataset_reference_not_quality_assumed,0.257612456882,True
q9vSo1VnCiC_5cd2df07e41c46da907dfa1bd41164f5,bi_enclosed,public_dataset_reference_not_quality_assumed,0.251331766244,True
q9vSo1VnCiC_5cd2df07e41c46da907dfa1bd41164f5,bi_extended,public_dataset_reference_not_quality_assumed,0.251969769884,True
q9vSo1VnCiC_5cd2df07e41c46da907dfa1bd41164f5,ulayout,public_dataset_reference_not_quality_assumed,0.256659992018,True
q9vSo1VnCiC_5deeec8cee844e6e9899bfff35b06f5d,hohonet,public_dataset_reference_not_quality_assumed,0.240551612567,True
q9vSo1VnCiC_5deeec8cee844e6e9899bfff35b06f5d,bi_enclosed,public_dataset_reference_not_quality_assumed,0.251785801996,True
q9vSo1VnCiC_5deeec8cee844e6e9899bfff35b06f5d,bi_extended,public_dataset_reference_not_quality_assumed,0.25200865,True
q9vSo1VnCiC_5deeec8cee844e6e9899bfff35b06f5d,ulayout,public_dataset_reference_not_quality_assumed,0.239376235587,True
q9vSo1VnCiC_60bae76d896345bfa783ebdd78f1cc71,hohonet,public_dataset_reference_not_quality_assumed,0.173328878075,True
q9vSo1VnCiC_60bae76d896345bfa783ebdd78f1cc71,bi_enclosed,public_dataset_reference_not_quality_assumed,0.169049119633,True
q9vSo1VnCiC_60bae76d896345bfa783ebdd78f1cc71,bi_extended,public_dataset_reference_not_quality_assumed,0.168562002154,True
q9vSo1VnCiC_60bae76d896345bfa783ebdd78f1cc71,ulayout,public_dataset_reference_not_quality_assumed,0.18459854876,True
q9vSo1VnCiC_6df6e29f6d1e4495b111d41b2e4e5cb9,hohonet,public_dataset_reference_not_quality_assumed,0.372125696718,True
q9vSo1VnCiC_6df6e29f6d1e4495b111d41b2e4e5cb9,bi_enclosed,public_dataset_reference_not_quality_assumed,0.357828959835,True
q9vSo1VnCiC_6df6e29f6d1e4495b111d41b2e4e5cb9,bi_extended,public_dataset_reference_not_quality_assumed,0.357883911147,True
q9vSo1VnCiC_6df6e29f6d1e4495b111d41b2e4e5cb9,ulayout,public_dataset_reference_not_quality_assumed,0.368780916655,True
q9vSo1VnCiC_830eb252ae01401a8fe55f9538e627dd,hohonet,public_dataset_reference_not_quality_assumed,0.245423470014,True
q9vSo1VnCiC_830eb252ae01401a8fe55f9538e627dd,bi_enclosed,public_dataset_reference_not_quality_assumed,0.246870674567,True
q9vSo1VnCiC_830eb252ae01401a8fe55f9538e627dd,bi_extended,public_dataset_reference_not_quality_assumed,0.247217517216,True
q9vSo1VnCiC_830eb252ae01401a8fe55f9538e627dd,ulayout,public_dataset_reference_not_quality_assumed,0.261243192582,True
q9vSo1VnCiC_9ba6cd412cb04c5c9beb15ef9e6d22c5,hohonet,public_dataset_reference_not_quality_assumed,0.241593537007,True
q9vSo1VnCiC_9ba6cd412cb04c5c9beb15ef9e6d22c5,bi_enclosed,public_dataset_reference_not_quality_assumed,0.267581319542,True
q9vSo1VnCiC_9ba6cd412cb04c5c9beb15ef9e6d22c5,bi_extended,public_dataset_reference_not_quality_assumed,0.267677762054,True
q9vSo1VnCiC_9ba6cd412cb04c5c9beb15ef9e6d22c5,ulayout,public_dataset_reference_not_quality_assumed,0.260481452393,True
q9vSo1VnCiC_9c9fb1fccf4e46a597a9510a1938c8b4,hohonet,adjudicated_reference,0.321504241101,True
q9vSo1VnCiC_9c9fb1fccf4e46a597a9510a1938c8b4,bi_enclosed,adjudicated_reference,0.327126624008,True
q9vSo1VnCiC_9c9fb1fccf4e46a597a9510a1938c8b4,bi_extended,adjudicated_reference,0.327284309642,True
q9vSo1VnCiC_9c9fb1fccf4e46a597a9510a1938c8b4,ulayout,adjudicated_reference,0.324406932394,True
q9vSo1VnCiC_a139a1f906394f7a9d5dfc9772836342,hohonet,public_dataset_reference_not_quality_assumed,0.209253004567,True
q9vSo1VnCiC_a139a1f906394f7a9d5dfc9772836342,bi_enclosed,public_dataset_reference_not_quality_assumed,0.182417557141,True
q9vSo1VnCiC_a139a1f906394f7a9d5dfc9772836342,bi_extended,public_dataset_reference_not_quality_assumed,0.180786327487,True
q9vSo1VnCiC_a139a1f906394f7a9d5dfc9772836342,ulayout,public_dataset_reference_not_quality_assumed,0.206403154412,True
q9vSo1VnCiC_a412536ff52747d3b078f66e764cf103,hohonet,public_dataset_reference_not_quality_assumed,0.256184661406,True
q9vSo1VnCiC_a412536ff52747d3b078f66e764cf103,bi_enclosed,public_dataset_reference_not_quality_assumed,0.254620172037,True
q9vSo1VnCiC_a412536ff52747d3b078f66e764cf103,bi_extended,public_dataset_reference_not_quality_assumed,0.254795359078,True
q9vSo1VnCiC_a412536ff52747d3b078f66e764cf103,ulayout,public_dataset_reference_not_quality_assumed,0.263753583474,True
q9vSo1VnCiC_a424533651804a38a55b1252daccc81e,hohonet,public_dataset_reference_not_quality_assumed,0.25336925368,True
q9vSo1VnCiC_a424533651804a38a55b1252daccc81e,bi_enclosed,public_dataset_reference_not_quality_assumed,0.248314099588,True
q9vSo1VnCiC_a424533651804a38a55b1252daccc81e,bi_extended,public_dataset_reference_not_quality_assumed,0.248370799056,True
q9vSo1VnCiC_a424533651804a38a55b1252daccc81e,ulayout,public_dataset_reference_not_quality_assumed,0.262973030779,True
q9vSo1VnCiC_a6560bae311a403a9bfe94e4c1c645f4,hohonet,public_dataset_reference_not_quality_assumed,0.40963409135,True
q9vSo1VnCiC_a6560bae311a403a9bfe94e4c1c645f4,bi_enclosed,public_dataset_reference_not_quality_assumed,0.412985067673,True
q9vSo1VnCiC_a6560bae311a403a9bfe94e4c1c645f4,bi_extended,public_dataset_reference_not_quality_assumed,0.412477148926,True
q9vSo1VnCiC_a6560bae311a403a9bfe94e4c1c645f4,ulayout,public_dataset_reference_not_quality_assumed,0.408346041455,True
q9vSo1VnCiC_a823913d661144d4ad3d609e1e085fb1,hohonet,public_dataset_reference_not_quality_assumed,0.406172442177,True
q9vSo1VnCiC_a823913d661144d4ad3d609e1e085fb1,bi_enclosed,public_dataset_reference_not_quality_assumed,0.411944633506,True
q9vSo1VnCiC_a823913d661144d4ad3d609e1e085fb1,bi_extended,public_dataset_reference_not_quality_assumed,0.412446067298,True
q9vSo1VnCiC_a823913d661144d4ad3d609e1e085fb1,ulayout,public_dataset_reference_not_quality_assumed,0.419066337059,True
q9vSo1VnCiC_a84d84665ef94d0c86f38bc2250bab55,hohonet,public_dataset_reference_not_quality_assumed,0.176547838993,True
q9vSo1VnCiC_a84d84665ef94d0c86f38bc2250bab55,bi_enclosed,public_dataset_reference_not_quality_assumed,0.184360518526,True
q9vSo1VnCiC_a84d84665ef94d0c86f38bc2250bab55,bi_extended,public_dataset_reference_not_quality_assumed,0.184483084505,True
q9vSo1VnCiC_a84d84665ef94d0c86f38bc2250bab55,ulayout,public_dataset_reference_not_quality_assumed,0.187669690593,True
q9vSo1VnCiC_aca93be82fdc4e8fb7874b3ca88ca3e8,hohonet,public_dataset_reference_not_quality_assumed,0.175850809841,True
q9vSo1VnCiC_aca93be82fdc4e8fb7874b3ca88ca3e8,bi_enclosed,public_dataset_reference_not_quality_assumed,0.17707732332,True
q9vSo1VnCiC_aca93be82fdc4e8fb7874b3ca88ca3e8,bi_extended,public_dataset_reference_not_quality_assumed,0.177327301007,True
q9vSo1VnCiC_aca93be82fdc4e8fb7874b3ca88ca3e8,ulayout,public_dataset_reference_not_quality_assumed,0.181069612013,True
q9vSo1VnCiC_b691f1462d2b4d2cbc501f676af8ca1f,hohonet,public_dataset_reference_not_quality_assumed,0.222034436082,True
q9vSo1VnCiC_b691f1462d2b4d2cbc501f676af8ca1f,bi_enclosed,public_dataset_reference_not_quality_assumed,0.226810328072,True
q9vSo1VnCiC_b691f1462d2b4d2cbc501f676af8ca1f,bi_extended,public_dataset_reference_not_quality_assumed,0.226898677926,True
q9vSo1VnCiC_b691f1462d2b4d2cbc501f676af8ca1f,ulayout,public_dataset_reference_not_quality_assumed,0.226546798888,True
q9vSo1VnCiC_bac003e7f0294457905fb183c34ef2bf,hohonet,public_dataset_reference_not_quality_assumed,0.416212395938,True
q9vSo1VnCiC_bac003e7f0294457905fb183c34ef2bf,bi_enclosed,public_dataset_reference_not_quality_assumed,0.415711134851,True
q9vSo1VnCiC_bac003e7f0294457905fb183c34ef2bf,bi_extended,public_dataset_reference_not_quality_assumed,0.415777802314,True
q9vSo1VnCiC_bac003e7f0294457905fb183c34ef2bf,ulayout,public_dataset_reference_not_quality_assumed,0.420258080694,True
q9vSo1VnCiC_c421f07780004647a7198c4ac5371e8a,hohonet,adjudicated_reference,0.152139806784,True
q9vSo1VnCiC_c421f07780004647a7198c4ac5371e8a,bi_enclosed,adjudicated_reference,0.179620725544,True
q9vSo1VnCiC_c421f07780004647a7198c4ac5371e8a,bi_extended,adjudicated_reference,0.178469525108,True
q9vSo1VnCiC_c421f07780004647a7198c4ac5371e8a,ulayout,adjudicated_reference,0.156774025846,True
q9vSo1VnCiC_c4b0b6a41c2a4db3927f5fa9cafb6345,hohonet,public_dataset_reference_not_quality_assumed,0.204300466273,True
q9vSo1VnCiC_c4b0b6a41c2a4db3927f5fa9cafb6345,bi_enclosed,public_dataset_reference_not_quality_assumed,0.244824289272,True
q9vSo1VnCiC_c4b0b6a41c2a4db3927f5fa9cafb6345,bi_extended,public_dataset_reference_not_quality_assumed,0.245026123423,True
q9vSo1VnCiC_c4b0b6a41c2a4db3927f5fa9cafb6345,ulayout,public_dataset_reference_not_quality_assumed,0.252221130545,True
q9vSo1VnCiC_ca6944f5dd334193bb86058ba5ab5dc3,hohonet,public_dataset_reference_not_quality_assumed,0.411998028171,True
q9vSo1VnCiC_ca6944f5dd334193bb86058ba5ab5dc3,bi_enclosed,public_dataset_reference_not_quality_assumed,0.409939078718,True
q9vSo1VnCiC_ca6944f5dd334193bb86058ba5ab5dc3,bi_extended,public_dataset_reference_not_quality_assumed,0.409828543701,True
q9vSo1VnCiC_ca6944f5dd334193bb86058ba5ab5dc3,ulayout,public_dataset_reference_not_quality_assumed,0.423866794668,True
q9vSo1VnCiC_cefeb34bd9d04b4dac1189e24191c03f,hohonet,public_dataset_reference_not_quality_assumed,0.287229523875,True
q9vSo1VnCiC_cefeb34bd9d04b4dac1189e24191c03f,bi_enclosed,public_dataset_reference_not_quality_assumed,0.308883228188,True
q9vSo1VnCiC_cefeb34bd9d04b4dac1189e24191c03f,bi_extended,public_dataset_reference_not_quality_assumed,0.309270328219,True
q9vSo1VnCiC_cefeb34bd9d04b4dac1189e24191c03f,ulayout,public_dataset_reference_not_quality_assumed,0.309067991163,True
q9vSo1VnCiC_cf3f1eaf611b4f5f8d13c273359d231b,hohonet,public_dataset_reference_not_quality_assumed,0.106754104652,True
q9vSo1VnCiC_cf3f1eaf611b4f5f8d13c273359d231b,bi_enclosed,public_dataset_reference_not_quality_assumed,0.115548701441,True
q9vSo1VnCiC_cf3f1eaf611b4f5f8d13c273359d231b,bi_extended,public_dataset_reference_not_quality_assumed,0.115304504798,True
q9vSo1VnCiC_cf3f1eaf611b4f5f8d13c273359d231b,ulayout,public_dataset_reference_not_quality_assumed,0.156966616673,True
q9vSo1VnCiC_d799bea8f909406b8b87d4cf8a7c421b,hohonet,public_dataset_reference_not_quality_assumed,0.161590812869,True
q9vSo1VnCiC_d799bea8f909406b8b87d4cf8a7c421b,bi_enclosed,public_dataset_reference_not_quality_assumed,0.185782079374,True
q9vSo1VnCiC_d799bea8f909406b8b87d4cf8a7c421b,bi_extended,public_dataset_reference_not_quality_assumed,0.185783953309,True
q9vSo1VnCiC_d799bea8f909406b8b87d4cf8a7c421b,ulayout,public_dataset_reference_not_quality_assumed,0.1580039125,True
q9vSo1VnCiC_dc320b1236f741a98303db9f89bc68a2,hohonet,public_dataset_reference_not_quality_assumed,0.289565940654,True
q9vSo1VnCiC_dc320b1236f741a98303db9f89bc68a2,bi_enclosed,public_dataset_reference_not_quality_assumed,0.303099868489,True
q9vSo1VnCiC_dc320b1236f741a98303db9f89bc68a2,bi_extended,public_dataset_reference_not_quality_assumed,0.23551552534,True
q9vSo1VnCiC_dc320b1236f741a98303db9f89bc68a2,ulayout,public_dataset_reference_not_quality_assumed,0.224574773004,True
q9vSo1VnCiC_dc873df7717c43888a1cff13713fe146,hohonet,public_dataset_reference_not_quality_assumed,0.421191629129,True
q9vSo1VnCiC_dc873df7717c43888a1cff13713fe146,bi_enclosed,public_dataset_reference_not_quality_assumed,0.420776710863,True
q9vSo1VnCiC_dc873df7717c43888a1cff13713fe146,bi_extended,public_dataset_reference_not_quality_assumed,0.420590743009,True
q9vSo1VnCiC_dc873df7717c43888a1cff13713fe146,ulayout,public_dataset_reference_not_quality_assumed,0.430131400675,True
q9vSo1VnCiC_e58ef65f48d045e88b119261b96996c9,hohonet,public_dataset_reference_not_quality_assumed,0.380076287594,True
q9vSo1VnCiC_e58ef65f48d045e88b119261b96996c9,bi_enclosed,public_dataset_reference_not_quality_assumed,0.406431775831,True
q9vSo1VnCiC_e58ef65f48d045e88b119261b96996c9,bi_extended,public_dataset_reference_not_quality_assumed,0.406921279781,True
q9vSo1VnCiC_e58ef65f48d045e88b119261b96996c9,ulayout,public_dataset_reference_not_quality_assumed,0.397227598194,True
q9vSo1VnCiC_e74e843601574864a14517f990c748a0,hohonet,adjudicated_reference,0.174063328673,True
q9vSo1VnCiC_e74e843601574864a14517f990c748a0,bi_enclosed,adjudicated_reference,0.212972397713,True
q9vSo1VnCiC_e74e843601574864a14517f990c748a0,bi_extended,adjudicated_reference,0.211774949938,True
q9vSo1VnCiC_e74e843601574864a14517f990c748a0,ulayout,adjudicated_reference,0.201543019252,True
q9vSo1VnCiC_f1b83e2b5e5244db844ceaa471eb0db0,hohonet,public_dataset_reference_not_quality_assumed,0.178359970207,True
q9vSo1VnCiC_f1b83e2b5e5244db844ceaa471eb0db0,bi_enclosed,public_dataset_reference_not_quality_assumed,0.174947792632,True
q9vSo1VnCiC_f1b83e2b5e5244db844ceaa471eb0db0,bi_extended,public_dataset_reference_not_quality_assumed,0.175668887163,True
q9vSo1VnCiC_f1b83e2b5e5244db844ceaa471eb0db0,ulayout,public_dataset_reference_not_quality_assumed,0.180376363281,True
q9vSo1VnCiC_f7452776f0604b508bb2b0263238deb0,hohonet,public_dataset_reference_not_quality_assumed,0.231955652757,True
q9vSo1VnCiC_f7452776f0604b508bb2b0263238deb0,bi_enclosed,public_dataset_reference_not_quality_assumed,0.22987403733,True
q9vSo1VnCiC_f7452776f0604b508bb2b0263238deb0,bi_extended,public_dataset_reference_not_quality_assumed,0.2300121158,True
q9vSo1VnCiC_f7452776f0604b508bb2b0263238deb0,ulayout,public_dataset_reference_not_quality_assumed,0.227583073006,True
rPc6DW4iMge_0012f6dcce9645778ac459e189cf0db3,hohonet,public_dataset_reference_not_quality_assumed,0.124518349417,True
rPc6DW4iMge_0012f6dcce9645778ac459e189cf0db3,bi_enclosed,public_dataset_reference_not_quality_assumed,0.114753379509,True
rPc6DW4iMge_0012f6dcce9645778ac459e189cf0db3,bi_extended,public_dataset_reference_not_quality_assumed,0.114815651237,True
rPc6DW4iMge_0012f6dcce9645778ac459e189cf0db3,ulayout,public_dataset_reference_not_quality_assumed,0.123607896764,True
rPc6DW4iMge_0226db0c3fd24410bbf3db5e6d4b24fe,hohonet,public_dataset_reference_not_quality_assumed,0.263657665627,True
rPc6DW4iMge_0226db0c3fd24410bbf3db5e6d4b24fe,bi_enclosed,public_dataset_reference_not_quality_assumed,0.273590679746,True
rPc6DW4iMge_0226db0c3fd24410bbf3db5e6d4b24fe,bi_extended,public_dataset_reference_not_quality_assumed,0.273910741803,True
rPc6DW4iMge_0226db0c3fd24410bbf3db5e6d4b24fe,ulayout,public_dataset_reference_not_quality_assumed,0.279980876841,True
rPc6DW4iMge_073ce382f78d4a81b8c673591a954997,hohonet,public_dataset_reference_not_quality_assumed,0.185221247959,True
rPc6DW4iMge_073ce382f78d4a81b8c673591a954997,bi_enclosed,public_dataset_reference_not_quality_assumed,0.145361058596,True
rPc6DW4iMge_073ce382f78d4a81b8c673591a954997,bi_extended,public_dataset_reference_not_quality_assumed,0.145368498165,True
rPc6DW4iMge_073ce382f78d4a81b8c673591a954997,ulayout,public_dataset_reference_not_quality_assumed,0.193309067423,True
rPc6DW4iMge_0a84204ae666476f97095e784a772323,hohonet,public_dataset_reference_not_quality_assumed,0.194875130408,True
rPc6DW4iMge_0a84204ae666476f97095e784a772323,bi_enclosed,public_dataset_reference_not_quality_assumed,0.196994833878,True
rPc6DW4iMge_0a84204ae666476f97095e784a772323,bi_extended,public_dataset_reference_not_quality_assumed,0.197086992924,True
rPc6DW4iMge_0a84204ae666476f97095e784a772323,ulayout,public_dataset_reference_not_quality_assumed,0.199222303505,True
rPc6DW4iMge_0dfe61800cc540db8e25c1738bc4b8ff,hohonet,public_dataset_reference_not_quality_assumed,0.113830580621,True
rPc6DW4iMge_0dfe61800cc540db8e25c1738bc4b8ff,bi_enclosed,public_dataset_reference_not_quality_assumed,0.0847065311153,True
rPc6DW4iMge_0dfe61800cc540db8e25c1738bc4b8ff,bi_extended,public_dataset_reference_not_quality_assumed,0.0833345853513,True
rPc6DW4iMge_0dfe61800cc540db8e25c1738bc4b8ff,ulayout,public_dataset_reference_not_quality_assumed,0.0850244496014,True
rPc6DW4iMge_186a32a1b7e34cb797731bfa78365db5,hohonet,adjudicated_reference,0.171367189413,True
rPc6DW4iMge_186a32a1b7e34cb797731bfa78365db5,bi_enclosed,adjudicated_reference,0.14356642413,True
rPc6DW4iMge_186a32a1b7e34cb797731bfa78365db5,bi_extended,adjudicated_reference,0.143761157917,True
rPc6DW4iMge_186a32a1b7e34cb797731bfa78365db5,ulayout,adjudicated_reference,0.1685156925,True
rPc6DW4iMge_1920d957cf3d4adab57626a7ccc206b0,hohonet,public_dataset_reference_not_quality_assumed,0.120682444794,True
rPc6DW4iMge_1920d957cf3d4adab57626a7ccc206b0,bi_enclosed,public_dataset_reference_not_quality_assumed,0.124849178798,True
rPc6DW4iMge_1920d957cf3d4adab57626a7ccc206b0,bi_extended,public_dataset_reference_not_quality_assumed,0.12520407508,True
rPc6DW4iMge_1920d957cf3d4adab57626a7ccc206b0,ulayout,public_dataset_reference_not_quality_assumed,0.1277231808,True
rPc6DW4iMge_1b4824ffdfc44d08aa648e90241289e4,hohonet,public_dataset_reference_not_quality_assumed,0.164120737713,True
rPc6DW4iMge_1b4824ffdfc44d08aa648e90241289e4,bi_enclosed,public_dataset_reference_not_quality_assumed,0.183013963748,True
rPc6DW4iMge_1b4824ffdfc44d08aa648e90241289e4,bi_extended,public_dataset_reference_not_quality_assumed,0.184561997834,True
rPc6DW4iMge_1b4824ffdfc44d08aa648e90241289e4,ulayout,public_dataset_reference_not_quality_assumed,0.180972107958,True
rPc6DW4iMge_1f14902595544e389c9c910c444e79e7,hohonet,adjudicated_reference,0.0852378619538,True
rPc6DW4iMge_1f14902595544e389c9c910c444e79e7,bi_enclosed,adjudicated_reference,0.101190544482,True
rPc6DW4iMge_1f14902595544e389c9c910c444e79e7,bi_extended,adjudicated_reference,0.101117867819,True
rPc6DW4iMge_1f14902595544e389c9c910c444e79e7,ulayout,adjudicated_reference,0.106476846806,True
rPc6DW4iMge_2264f5b2a6e8450ab090e278ea8d1e0a,hohonet,public_dataset_reference_not_quality_assumed,0.228998976223,True
rPc6DW4iMge_2264f5b2a6e8450ab090e278ea8d1e0a,bi_enclosed,public_dataset_reference_not_quality_assumed,0.237035798518,True
rPc6DW4iMge_2264f5b2a6e8450ab090e278ea8d1e0a,bi_extended,public_dataset_reference_not_quality_assumed,0.237434878222,True
rPc6DW4iMge_2264f5b2a6e8450ab090e278ea8d1e0a,ulayout,public_dataset_reference_not_quality_assumed,0.233558137977,True
rPc6DW4iMge_2aef8931ed104272873cbc52701eb2ad,hohonet,public_dataset_reference_not_quality_assumed,0.150198932398,True
rPc6DW4iMge_2aef8931ed104272873cbc52701eb2ad,bi_enclosed,public_dataset_reference_not_quality_assumed,0.151558852144,True
rPc6DW4iMge_2aef8931ed104272873cbc52701eb2ad,bi_extended,public_dataset_reference_not_quality_assumed,0.151767437191,True
rPc6DW4iMge_2aef8931ed104272873cbc52701eb2ad,ulayout,public_dataset_reference_not_quality_assumed,0.15535908947,True
rPc6DW4iMge_2c16cbd610cf4e1b92b2830f51c07e32,hohonet,public_dataset_reference_not_quality_assumed,0.257885641026,True
rPc6DW4iMge_2c16cbd610cf4e1b92b2830f51c07e32,bi_enclosed,public_dataset_reference_not_quality_assumed,0.271680515246,True
rPc6DW4iMge_2c16cbd610cf4e1b92b2830f51c07e32,bi_extended,public_dataset_reference_not_quality_assumed,0.271704699073,True
rPc6DW4iMge_2c16cbd610cf4e1b92b2830f51c07e32,ulayout,public_dataset_reference_not_quality_assumed,0.270740539346,True
rPc6DW4iMge_4350d36797324601adba7351d09602d2,hohonet,public_dataset_reference_not_quality_assumed,0.0776693129818,True
rPc6DW4iMge_4350d36797324601adba7351d09602d2,bi_enclosed,public_dataset_reference_not_quality_assumed,0.0780287988335,True
rPc6DW4iMge_4350d36797324601adba7351d09602d2,bi_extended,public_dataset_reference_not_quality_assumed,0.0789387420626,True
rPc6DW4iMge_4350d36797324601adba7351d09602d2,ulayout,public_dataset_reference_not_quality_assumed,0.0946722906367,True
rPc6DW4iMge_7316bf706e0d46368334c0c989210e09,hohonet,public_dataset_reference_not_quality_assumed,0.228727526347,True
rPc6DW4iMge_7316bf706e0d46368334c0c989210e09,bi_enclosed,public_dataset_reference_not_quality_assumed,0.236779576864,True
rPc6DW4iMge_7316bf706e0d46368334c0c989210e09,bi_extended,public_dataset_reference_not_quality_assumed,0.237019952329,True
rPc6DW4iMge_7316bf706e0d46368334c0c989210e09,ulayout,public_dataset_reference_not_quality_assumed,0.241454717277,True
rPc6DW4iMge_9d3eb9f5d38844bfb4e5fb2cd05fd3fd,hohonet,public_dataset_reference_not_quality_assumed,0.231256514864,True
rPc6DW4iMge_9d3eb9f5d38844bfb4e5fb2cd05fd3fd,bi_enclosed,public_dataset_reference_not_quality_assumed,0.247850122943,True
rPc6DW4iMge_9d3eb9f5d38844bfb4e5fb2cd05fd3fd,bi_extended,public_dataset_reference_not_quality_assumed,0.247980038294,True
rPc6DW4iMge_9d3eb9f5d38844bfb4e5fb2cd05fd3fd,ulayout,public_dataset_reference_not_quality_assumed,0.249133037296,True
rPc6DW4iMge_a72230c911234d18b08568b9d8b02dd2,hohonet,public_dataset_reference_not_quality_assumed,0.164488091024,True
rPc6DW4iMge_a72230c911234d18b08568b9d8b02dd2,bi_enclosed,public_dataset_reference_not_quality_assumed,0.174259582614,True
rPc6DW4iMge_a72230c911234d18b08568b9d8b02dd2,bi_extended,public_dataset_reference_not_quality_assumed,0.174028503497,True
rPc6DW4iMge_a72230c911234d18b08568b9d8b02dd2,ulayout,public_dataset_reference_not_quality_assumed,0.162993037071,True
rPc6DW4iMge_acbe920a0c5d4c018b1803ee9b1f331a,hohonet,adjudicated_reference,0.166627794141,True
rPc6DW4iMge_acbe920a0c5d4c018b1803ee9b1f331a,bi_enclosed,adjudicated_reference,0.172948158914,True
rPc6DW4iMge_acbe920a0c5d4c018b1803ee9b1f331a,bi_extended,adjudicated_reference,0.174133615979,True
rPc6DW4iMge_acbe920a0c5d4c018b1803ee9b1f331a,ulayout,adjudicated_reference,0.171096445604,True
rPc6DW4iMge_bad24c9d90de493eb70e9af8383ee598,hohonet,public_dataset_reference_not_quality_assumed,0.343531498534,True
rPc6DW4iMge_bad24c9d90de493eb70e9af8383ee598,bi_enclosed,public_dataset_reference_not_quality_assumed,0.216449410482,True
rPc6DW4iMge_bad24c9d90de493eb70e9af8383ee598,bi_extended,public_dataset_reference_not_quality_assumed,0.343774389535,True
rPc6DW4iMge_bad24c9d90de493eb70e9af8383ee598,ulayout,public_dataset_reference_not_quality_assumed,0.34285965364,True
rPc6DW4iMge_cabddb2506ee4bfcb2a1bcfa6625fe28,hohonet,public_dataset_reference_not_quality_assumed,0.174566359602,True
rPc6DW4iMge_cabddb2506ee4bfcb2a1bcfa6625fe28,bi_enclosed,public_dataset_reference_not_quality_assumed,0.173227733874,True
rPc6DW4iMge_cabddb2506ee4bfcb2a1bcfa6625fe28,bi_extended,public_dataset_reference_not_quality_assumed,0.17411148353,True
rPc6DW4iMge_cabddb2506ee4bfcb2a1bcfa6625fe28,ulayout,public_dataset_reference_not_quality_assumed,0.178154064326,True
rPc6DW4iMge_cc15fb105d86466faafdd633f89148de,hohonet,adjudicated_reference,0.422618097606,True
rPc6DW4iMge_cc15fb105d86466faafdd633f89148de,bi_enclosed,adjudicated_reference,0.420593797638,True
rPc6DW4iMge_cc15fb105d86466faafdd633f89148de,bi_extended,adjudicated_reference,0.420678125424,True
rPc6DW4iMge_cc15fb105d86466faafdd633f89148de,ulayout,adjudicated_reference,0.430374646264,True
rPc6DW4iMge_e7f5cf7434824a0ab0b4cc060e863c9a,hohonet,public_dataset_reference_not_quality_assumed,0.264559690694,True
rPc6DW4iMge_e7f5cf7434824a0ab0b4cc060e863c9a,bi_enclosed,public_dataset_reference_not_quality_assumed,0.269092571647,True
rPc6DW4iMge_e7f5cf7434824a0ab0b4cc060e863c9a,bi_extended,public_dataset_reference_not_quality_assumed,0.269036206398,True
rPc6DW4iMge_e7f5cf7434824a0ab0b4cc060e863c9a,ulayout,public_dataset_reference_not_quality_assumed,0.264053997673,True
rPc6DW4iMge_fbc169773c954580baea6d2798c0d486,hohonet,adjudicated_reference,0.198519393124,True
rPc6DW4iMge_fbc169773c954580baea6d2798c0d486,bi_enclosed,adjudicated_reference,0.192527244714,True
rPc6DW4iMge_fbc169773c954580baea6d2798c0d486,bi_extended,adjudicated_reference,0.195519096158,True
rPc6DW4iMge_fbc169773c954580baea6d2798c0d486,ulayout,adjudicated_reference,0.1867053129,True
rqfALeAoiTq_543b6ae7daa84e4eae377957999e7c8e,hohonet,public_dataset_reference_not_quality_assumed,0.230964221683,True
rqfALeAoiTq_543b6ae7daa84e4eae377957999e7c8e,bi_enclosed,public_dataset_reference_not_quality_assumed,0.231087517166,True
rqfALeAoiTq_543b6ae7daa84e4eae377957999e7c8e,bi_extended,public_dataset_reference_not_quality_assumed,0.231024665389,True
rqfALeAoiTq_543b6ae7daa84e4eae377957999e7c8e,ulayout,public_dataset_reference_not_quality_assumed,0.238748706859,True
uNb9QFRL6hY_00b4950b469b4520b29f895aa029419c,hohonet,public_dataset_reference_not_quality_assumed,0.451532496055,True
uNb9QFRL6hY_00b4950b469b4520b29f895aa029419c,bi_enclosed,public_dataset_reference_not_quality_assumed,0.453217328902,True
uNb9QFRL6hY_00b4950b469b4520b29f895aa029419c,bi_extended,public_dataset_reference_not_quality_assumed,0.452955665252,True
uNb9QFRL6hY_00b4950b469b4520b29f895aa029419c,ulayout,public_dataset_reference_not_quality_assumed,0.449873412546,True
uNb9QFRL6hY_01ea3de3141a4adaa917cebb3db3c086,hohonet,public_dataset_reference_not_quality_assumed,0.416902247514,True
uNb9QFRL6hY_01ea3de3141a4adaa917cebb3db3c086,bi_enclosed,public_dataset_reference_not_quality_assumed,0.42497948016,True
uNb9QFRL6hY_01ea3de3141a4adaa917cebb3db3c086,bi_extended,public_dataset_reference_not_quality_assumed,0.424930490842,True
uNb9QFRL6hY_01ea3de3141a4adaa917cebb3db3c086,ulayout,public_dataset_reference_not_quality_assumed,0.424234530897,True
uNb9QFRL6hY_05285f9bc0234526bf0f6362679e38d0,hohonet,public_dataset_reference_not_quality_assumed,0.343367996259,True
uNb9QFRL6hY_05285f9bc0234526bf0f6362679e38d0,bi_enclosed,public_dataset_reference_not_quality_assumed,0.350532762011,True
uNb9QFRL6hY_05285f9bc0234526bf0f6362679e38d0,bi_extended,public_dataset_reference_not_quality_assumed,0.350598326911,True
uNb9QFRL6hY_05285f9bc0234526bf0f6362679e38d0,ulayout,public_dataset_reference_not_quality_assumed,0.333754795262,True
uNb9QFRL6hY_068fb0d52d01455c96fa23659c373bf8,hohonet,public_dataset_reference_not_quality_assumed,0.326659405908,True
uNb9QFRL6hY_068fb0d52d01455c96fa23659c373bf8,bi_enclosed,public_dataset_reference_not_quality_assumed,0.323359694359,True
uNb9QFRL6hY_068fb0d52d01455c96fa23659c373bf8,bi_extended,public_dataset_reference_not_quality_assumed,0.322876326626,True
uNb9QFRL6hY_068fb0d52d01455c96fa23659c373bf8,ulayout,public_dataset_reference_not_quality_assumed,0.332165206274,True
uNb9QFRL6hY_071ca188c1b7423c947607cc794e9f72,hohonet,public_dataset_reference_not_quality_assumed,0.0817920585117,True
uNb9QFRL6hY_071ca188c1b7423c947607cc794e9f72,bi_enclosed,public_dataset_reference_not_quality_assumed,0.105267959644,True
uNb9QFRL6hY_071ca188c1b7423c947607cc794e9f72,bi_extended,public_dataset_reference_not_quality_assumed,0.105152763474,True
uNb9QFRL6hY_071ca188c1b7423c947607cc794e9f72,ulayout,public_dataset_reference_not_quality_assumed,0.102241501282,True
uNb9QFRL6hY_07a43087f1e54e3f828851d8e457a283,hohonet,adjudicated_reference,0.110099277158,True
uNb9QFRL6hY_07a43087f1e54e3f828851d8e457a283,bi_enclosed,adjudicated_reference,0.157785129221,True
uNb9QFRL6hY_07a43087f1e54e3f828851d8e457a283,bi_extended,adjudicated_reference,0.143751181048,True
uNb9QFRL6hY_07a43087f1e54e3f828851d8e457a283,ulayout,adjudicated_reference,0.124290747711,True
uNb9QFRL6hY_104d12b732794414a42edd37ac554bff,hohonet,public_dataset_reference_not_quality_assumed,0.199310710341,True
uNb9QFRL6hY_104d12b732794414a42edd37ac554bff,bi_enclosed,public_dataset_reference_not_quality_assumed,0.228321442574,True
uNb9QFRL6hY_104d12b732794414a42edd37ac554bff,bi_extended,public_dataset_reference_not_quality_assumed,0.22872098581,True
uNb9QFRL6hY_104d12b732794414a42edd37ac554bff,ulayout,public_dataset_reference_not_quality_assumed,0.20877339687,True
uNb9QFRL6hY_1096f195d3294cefa462add5ab0c342e,hohonet,public_dataset_reference_not_quality_assumed,0.260242510859,True
uNb9QFRL6hY_1096f195d3294cefa462add5ab0c342e,bi_enclosed,public_dataset_reference_not_quality_assumed,0.272572046525,True
uNb9QFRL6hY_1096f195d3294cefa462add5ab0c342e,bi_extended,public_dataset_reference_not_quality_assumed,0.272601843929,True
uNb9QFRL6hY_1096f195d3294cefa462add5ab0c342e,ulayout,public_dataset_reference_not_quality_assumed,0.271380182708,True
uNb9QFRL6hY_13a430466eb64e2087e7fb5acde7a398,hohonet,public_dataset_reference_not_quality_assumed,0.414983781948,True
uNb9QFRL6hY_13a430466eb64e2087e7fb5acde7a398,bi_enclosed,public_dataset_reference_not_quality_assumed,0.408013224024,True
uNb9QFRL6hY_13a430466eb64e2087e7fb5acde7a398,bi_extended,public_dataset_reference_not_quality_assumed,0.40800531348,True
uNb9QFRL6hY_13a430466eb64e2087e7fb5acde7a398,ulayout,public_dataset_reference_not_quality_assumed,0.407159127776,True
uNb9QFRL6hY_1434b965c3c147419c4ff40310633b58,hohonet,public_dataset_reference_not_quality_assumed,0.431171221345,True
uNb9QFRL6hY_1434b965c3c147419c4ff40310633b58,bi_enclosed,public_dataset_reference_not_quality_assumed,0.445420853601,True
uNb9QFRL6hY_1434b965c3c147419c4ff40310633b58,bi_extended,public_dataset_reference_not_quality_assumed,0.445409466724,True
uNb9QFRL6hY_1434b965c3c147419c4ff40310633b58,ulayout,public_dataset_reference_not_quality_assumed,0.439583397354,True
uNb9QFRL6hY_14f2a8bc76f24d2ea495369bfde2f653,hohonet,public_dataset_reference_not_quality_assumed,0.478080924743,True
uNb9QFRL6hY_14f2a8bc76f24d2ea495369bfde2f653,bi_enclosed,public_dataset_reference_not_quality_assumed,0.478160653683,True
uNb9QFRL6hY_14f2a8bc76f24d2ea495369bfde2f653,bi_extended,public_dataset_reference_not_quality_assumed,0.478346900856,True
uNb9QFRL6hY_14f2a8bc76f24d2ea495369bfde2f653,ulayout,public_dataset_reference_not_quality_assumed,0.473506750708,True
uNb9QFRL6hY_1b7bf6673ca74809a141b57da1d6357f,hohonet,public_dataset_reference_not_quality_assumed,0.308130499212,True
uNb9QFRL6hY_1b7bf6673ca74809a141b57da1d6357f,bi_enclosed,public_dataset_reference_not_quality_assumed,0.314408763789,True
uNb9QFRL6hY_1b7bf6673ca74809a141b57da1d6357f,bi_extended,public_dataset_reference_not_quality_assumed,0.313995880935,True
uNb9QFRL6hY_1b7bf6673ca74809a141b57da1d6357f,ulayout,public_dataset_reference_not_quality_assumed,0.307534209827,True
uNb9QFRL6hY_23ad7b8dbcd14ca8a270eb37da6457cb,hohonet,public_dataset_reference_not_quality_assumed,0.21373869825,True
uNb9QFRL6hY_23ad7b8dbcd14ca8a270eb37da6457cb,bi_enclosed,public_dataset_reference_not_quality_assumed,0.217096169335,True
uNb9QFRL6hY_23ad7b8dbcd14ca8a270eb37da6457cb,bi_extended,public_dataset_reference_not_quality_assumed,0.217199682235,True
uNb9QFRL6hY_23ad7b8dbcd14ca8a270eb37da6457cb,ulayout,public_dataset_reference_not_quality_assumed,0.212066432238,True
uNb9QFRL6hY_23ed105b1f0f48bbb6ec025df9d313e7,hohonet,public_dataset_reference_not_quality_assumed,0.306376273407,True
uNb9QFRL6hY_23ed105b1f0f48bbb6ec025df9d313e7,bi_enclosed,public_dataset_reference_not_quality_assumed,0.322563969128,True
uNb9QFRL6hY_23ed105b1f0f48bbb6ec025df9d313e7,bi_extended,public_dataset_reference_not_quality_assumed,0.322660171874,True
uNb9QFRL6hY_23ed105b1f0f48bbb6ec025df9d313e7,ulayout,public_dataset_reference_not_quality_assumed,0.311941171836,True
uNb9QFRL6hY_26b3b14f6ce047489259ab14d131122d,hohonet,public_dataset_reference_not_quality_assumed,0.185041808627,True
uNb9QFRL6hY_26b3b14f6ce047489259ab14d131122d,bi_enclosed,public_dataset_reference_not_quality_assumed,0.20510305543,True
uNb9QFRL6hY_26b3b14f6ce047489259ab14d131122d,bi_extended,public_dataset_reference_not_quality_assumed,0.204865616262,True
uNb9QFRL6hY_26b3b14f6ce047489259ab14d131122d,ulayout,public_dataset_reference_not_quality_assumed,0.189091581649,True
uNb9QFRL6hY_28cd285e6d5545dda080d949bb00f1c0,hohonet,public_dataset_reference_not_quality_assumed,0.486433579327,True
uNb9QFRL6hY_28cd285e6d5545dda080d949bb00f1c0,bi_enclosed,public_dataset_reference_not_quality_assumed,0.4814526924,True
uNb9QFRL6hY_28cd285e6d5545dda080d949bb00f1c0,bi_extended,public_dataset_reference_not_quality_assumed,0.481363787648,True
uNb9QFRL6hY_28cd285e6d5545dda080d949bb00f1c0,ulayout,public_dataset_reference_not_quality_assumed,0.491088514634,True
uNb9QFRL6hY_2d80f7d125794c87aee34d9d46a78304,hohonet,public_dataset_reference_not_quality_assumed,0.424826156689,True
uNb9QFRL6hY_2d80f7d125794c87aee34d9d46a78304,bi_enclosed,public_dataset_reference_not_quality_assumed,0.416423457278,True
uNb9QFRL6hY_2d80f7d125794c87aee34d9d46a78304,bi_extended,public_dataset_reference_not_quality_assumed,0.416241712585,True
uNb9QFRL6hY_2d80f7d125794c87aee34d9d46a78304,ulayout,public_dataset_reference_not_quality_assumed,0.417454947099,True
uNb9QFRL6hY_2ed0e171a7c34f17a85363923a26ab98,hohonet,public_dataset_reference_not_quality_assumed,0.174599851115,True
uNb9QFRL6hY_2ed0e171a7c34f17a85363923a26ab98,bi_enclosed,public_dataset_reference_not_quality_assumed,0.183410484172,True
uNb9QFRL6hY_2ed0e171a7c34f17a85363923a26ab98,bi_extended,public_dataset_reference_not_quality_assumed,0.184102029473,True
uNb9QFRL6hY_2ed0e171a7c34f17a85363923a26ab98,ulayout,public_dataset_reference_not_quality_assumed,0.144227060912,True
uNb9QFRL6hY_33dd9892d10e474ead8f7ad38a8da562,hohonet,public_dataset_reference_not_quality_assumed,0.336129465261,True
uNb9QFRL6hY_33dd9892d10e474ead8f7ad38a8da562,bi_enclosed,public_dataset_reference_not_quality_assumed,0.357445536099,True
uNb9QFRL6hY_33dd9892d10e474ead8f7ad38a8da562,bi_extended,public_dataset_reference_not_quality_assumed,0.358023896202,True
uNb9QFRL6hY_33dd9892d10e474ead8f7ad38a8da562,ulayout,public_dataset_reference_not_quality_assumed,0.351534881522,True
uNb9QFRL6hY_3450b3accb584493bf13be8e9554dbea,hohonet,public_dataset_reference_not_quality_assumed,0.281504839368,True
uNb9QFRL6hY_3450b3accb584493bf13be8e9554dbea,bi_enclosed,public_dataset_reference_not_quality_assumed,0.279599508192,True
uNb9QFRL6hY_3450b3accb584493bf13be8e9554dbea,bi_extended,public_dataset_reference_not_quality_assumed,0.279893365029,True
uNb9QFRL6hY_3450b3accb584493bf13be8e9554dbea,ulayout,public_dataset_reference_not_quality_assumed,0.268234279309,True
uNb9QFRL6hY_3b9e548b46af4410b97e1d12781ec3c9,hohonet,adjudicated_reference,0.241140696708,True
uNb9QFRL6hY_3b9e548b46af4410b97e1d12781ec3c9,bi_enclosed,adjudicated_reference,0.24455121405,True
uNb9QFRL6hY_3b9e548b46af4410b97e1d12781ec3c9,bi_extended,adjudicated_reference,0.244908196344,True
uNb9QFRL6hY_3b9e548b46af4410b97e1d12781ec3c9,ulayout,adjudicated_reference,0.235413271455,True
uNb9QFRL6hY_3c97da43516341758224453830954124,hohonet,public_dataset_reference_not_quality_assumed,0.0969935384849,True
uNb9QFRL6hY_3c97da43516341758224453830954124,bi_enclosed,public_dataset_reference_not_quality_assumed,0.121968651072,True
uNb9QFRL6hY_3c97da43516341758224453830954124,bi_extended,public_dataset_reference_not_quality_assumed,0.122150853089,True
uNb9QFRL6hY_3c97da43516341758224453830954124,ulayout,public_dataset_reference_not_quality_assumed,0.114862914306,True
uNb9QFRL6hY_4bdc9dcd921342d498e9d70a24481f2d,hohonet,public_dataset_reference_not_quality_assumed,0.23827056256,True
uNb9QFRL6hY_4bdc9dcd921342d498e9d70a24481f2d,bi_enclosed,public_dataset_reference_not_quality_assumed,0.260207025329,True
uNb9QFRL6hY_4bdc9dcd921342d498e9d70a24481f2d,bi_extended,public_dataset_reference_not_quality_assumed,0.257278395193,True
uNb9QFRL6hY_4bdc9dcd921342d498e9d70a24481f2d,ulayout,public_dataset_reference_not_quality_assumed,0.235102291853,True
uNb9QFRL6hY_4d422e01951e4c4a9fa3c2d10666a004,hohonet,public_dataset_reference_not_quality_assumed,0.373516916353,True
uNb9QFRL6hY_4d422e01951e4c4a9fa3c2d10666a004,bi_enclosed,public_dataset_reference_not_quality_assumed,0.394870263321,True
uNb9QFRL6hY_4d422e01951e4c4a9fa3c2d10666a004,bi_extended,public_dataset_reference_not_quality_assumed,0.387850534666,True
uNb9QFRL6hY_4d422e01951e4c4a9fa3c2d10666a004,ulayout,public_dataset_reference_not_quality_assumed,0.381695502605,True
uNb9QFRL6hY_5948424345f541b9a570b48f1cfcf622,hohonet,public_dataset_reference_not_quality_assumed,0.227187544836,True
uNb9QFRL6hY_5948424345f541b9a570b48f1cfcf622,bi_enclosed,public_dataset_reference_not_quality_assumed,0.2281389288,True
uNb9QFRL6hY_5948424345f541b9a570b48f1cfcf622,bi_extended,public_dataset_reference_not_quality_assumed,0.227777041809,True
uNb9QFRL6hY_5948424345f541b9a570b48f1cfcf622,ulayout,public_dataset_reference_not_quality_assumed,0.21918589076,True
uNb9QFRL6hY_5b62816d9cf94f17ae166291822ea9ab,hohonet,public_dataset_reference_not_quality_assumed,0.0887831799656,True
uNb9QFRL6hY_5b62816d9cf94f17ae166291822ea9ab,bi_enclosed,public_dataset_reference_not_quality_assumed,0.111334433657,True
uNb9QFRL6hY_5b62816d9cf94f17ae166291822ea9ab,bi_extended,public_dataset_reference_not_quality_assumed,0.111892211138,True
uNb9QFRL6hY_5b62816d9cf94f17ae166291822ea9ab,ulayout,public_dataset_reference_not_quality_assumed,0.0981087269578,True
uNb9QFRL6hY_5dd7b4cf99584011ac17b25d45c6197c,hohonet,public_dataset_reference_not_quality_assumed,0.113171539972,True
uNb9QFRL6hY_5dd7b4cf99584011ac17b25d45c6197c,bi_enclosed,public_dataset_reference_not_quality_assumed,0.143292303972,True
uNb9QFRL6hY_5dd7b4cf99584011ac17b25d45c6197c,bi_extended,public_dataset_reference_not_quality_assumed,0.143696071144,True
uNb9QFRL6hY_5dd7b4cf99584011ac17b25d45c6197c,ulayout,public_dataset_reference_not_quality_assumed,0.140023523822,True
uNb9QFRL6hY_5fc8f0e230eb49eca81fdfb0398d824b,hohonet,public_dataset_reference_not_quality_assumed,0.192843297402,True
uNb9QFRL6hY_5fc8f0e230eb49eca81fdfb0398d824b,bi_enclosed,public_dataset_reference_not_quality_assumed,0.18361581522,True
uNb9QFRL6hY_5fc8f0e230eb49eca81fdfb0398d824b,bi_extended,public_dataset_reference_not_quality_assumed,0.183659026885,True
uNb9QFRL6hY_5fc8f0e230eb49eca81fdfb0398d824b,ulayout,public_dataset_reference_not_quality_assumed,0.201268461293,True
uNb9QFRL6hY_6115ed700b5144cfa3443346381cb7cd,hohonet,public_dataset_reference_not_quality_assumed,0.431270581397,True
uNb9QFRL6hY_6115ed700b5144cfa3443346381cb7cd,bi_enclosed,public_dataset_reference_not_quality_assumed,0.439195124575,True
uNb9QFRL6hY_6115ed700b5144cfa3443346381cb7cd,bi_extended,public_dataset_reference_not_quality_assumed,0.43912135448,True
uNb9QFRL6hY_6115ed700b5144cfa3443346381cb7cd,ulayout,public_dataset_reference_not_quality_assumed,0.436768947618,True
uNb9QFRL6hY_68df002b0bc84182b4141e8f9cd03fae,hohonet,public_dataset_reference_not_quality_assumed,0.319910576727,True
uNb9QFRL6hY_68df002b0bc84182b4141e8f9cd03fae,bi_enclosed,public_dataset_reference_not_quality_assumed,0.334200153845,True
uNb9QFRL6hY_68df002b0bc84182b4141e8f9cd03fae,bi_extended,public_dataset_reference_not_quality_assumed,0.334126275039,True
uNb9QFRL6hY_68df002b0bc84182b4141e8f9cd03fae,ulayout,public_dataset_reference_not_quality_assumed,0.288661801685,True
uNb9QFRL6hY_68efbeec805f437bb3f3421f93fa4f56,hohonet,public_dataset_reference_not_quality_assumed,0.266592108607,True
uNb9QFRL6hY_68efbeec805f437bb3f3421f93fa4f56,bi_enclosed,public_dataset_reference_not_quality_assumed,0.19204273264,True
uNb9QFRL6hY_68efbeec805f437bb3f3421f93fa4f56,bi_extended,public_dataset_reference_not_quality_assumed,0.190798782385,True
uNb9QFRL6hY_68efbeec805f437bb3f3421f93fa4f56,ulayout,public_dataset_reference_not_quality_assumed,0.232292759097,True
uNb9QFRL6hY_6a500a9a43a340eb817c58bb084327fe,hohonet,public_dataset_reference_not_quality_assumed,0.247390866424,True
uNb9QFRL6hY_6a500a9a43a340eb817c58bb084327fe,bi_enclosed,public_dataset_reference_not_quality_assumed,0.274055279718,True
uNb9QFRL6hY_6a500a9a43a340eb817c58bb084327fe,bi_extended,public_dataset_reference_not_quality_assumed,0.273362211553,True
uNb9QFRL6hY_6a500a9a43a340eb817c58bb084327fe,ulayout,public_dataset_reference_not_quality_assumed,0.265135252551,True
uNb9QFRL6hY_6a99c723d40b429e96a29c8ce7532d1d,hohonet,public_dataset_reference_not_quality_assumed,0.148044073834,True
uNb9QFRL6hY_6a99c723d40b429e96a29c8ce7532d1d,bi_enclosed,public_dataset_reference_not_quality_assumed,0.14409761076,True
uNb9QFRL6hY_6a99c723d40b429e96a29c8ce7532d1d,bi_extended,public_dataset_reference_not_quality_assumed,0.144572711215,True
uNb9QFRL6hY_6a99c723d40b429e96a29c8ce7532d1d,ulayout,public_dataset_reference_not_quality_assumed,0.138643017733,True
uNb9QFRL6hY_6adff04b1e974c72a81b54fa8f15e7a2,hohonet,public_dataset_reference_not_quality_assumed,0.430296142183,True
uNb9QFRL6hY_6adff04b1e974c72a81b54fa8f15e7a2,bi_enclosed,public_dataset_reference_not_quality_assumed,0.431071323509,True
uNb9QFRL6hY_6adff04b1e974c72a81b54fa8f15e7a2,bi_extended,public_dataset_reference_not_quality_assumed,0.430938375487,True
uNb9QFRL6hY_6adff04b1e974c72a81b54fa8f15e7a2,ulayout,public_dataset_reference_not_quality_assumed,0.43783145606,True
uNb9QFRL6hY_6ba3c5669ef04b178b0a5de90249257b,hohonet,public_dataset_reference_not_quality_assumed,0.131025916428,True
uNb9QFRL6hY_6ba3c5669ef04b178b0a5de90249257b,bi_enclosed,public_dataset_reference_not_quality_assumed,0.134372694328,True
uNb9QFRL6hY_6ba3c5669ef04b178b0a5de90249257b,bi_extended,public_dataset_reference_not_quality_assumed,0.134678897225,True
uNb9QFRL6hY_6ba3c5669ef04b178b0a5de90249257b,ulayout,public_dataset_reference_not_quality_assumed,0.134384727697,True
uNb9QFRL6hY_6c4fa6dfddc1499db228854454bfc61d,hohonet,public_dataset_reference_not_quality_assumed,0.52745813635,True
uNb9QFRL6hY_6c4fa6dfddc1499db228854454bfc61d,bi_enclosed,public_dataset_reference_not_quality_assumed,0.525142902613,True
uNb9QFRL6hY_6c4fa6dfddc1499db228854454bfc61d,bi_extended,public_dataset_reference_not_quality_assumed,0.52527596029,True
uNb9QFRL6hY_6c4fa6dfddc1499db228854454bfc61d,ulayout,public_dataset_reference_not_quality_assumed,0.540202133427,True
uNb9QFRL6hY_6d10858fd25f4c06883c28694ade2c00,hohonet,public_dataset_reference_not_quality_assumed,0.0975205804772,True
uNb9QFRL6hY_6d10858fd25f4c06883c28694ade2c00,bi_enclosed,public_dataset_reference_not_quality_assumed,0.11739955522,True
uNb9QFRL6hY_6d10858fd25f4c06883c28694ade2c00,bi_extended,public_dataset_reference_not_quality_assumed,0.117587813048,True
uNb9QFRL6hY_6d10858fd25f4c06883c28694ade2c00,ulayout,public_dataset_reference_not_quality_assumed,0.118908282697,True
uNb9QFRL6hY_709c21ff4dfa467cbaa655e84acc7030,hohonet,public_dataset_reference_not_quality_assumed,0.131980674802,True
uNb9QFRL6hY_709c21ff4dfa467cbaa655e84acc7030,bi_enclosed,public_dataset_reference_not_quality_assumed,0.128841894679,True
uNb9QFRL6hY_709c21ff4dfa467cbaa655e84acc7030,bi_extended,public_dataset_reference_not_quality_assumed,0.128629142211,True
uNb9QFRL6hY_709c21ff4dfa467cbaa655e84acc7030,ulayout,public_dataset_reference_not_quality_assumed,0.123908082832,True
uNb9QFRL6hY_732f4a58dc814dc7ad4878f0a6b64196,hohonet,public_dataset_reference_not_quality_assumed,0.210322146007,True
uNb9QFRL6hY_732f4a58dc814dc7ad4878f0a6b64196,bi_enclosed,public_dataset_reference_not_quality_assumed,0.217258173399,True
uNb9QFRL6hY_732f4a58dc814dc7ad4878f0a6b64196,bi_extended,public_dataset_reference_not_quality_assumed,0.217563163326,True
uNb9QFRL6hY_732f4a58dc814dc7ad4878f0a6b64196,ulayout,public_dataset_reference_not_quality_assumed,0.21192798618,True
uNb9QFRL6hY_748279b5d6e740c4b2cba9fc78d6fc62,hohonet,public_dataset_reference_not_quality_assumed,0.364030843151,True
uNb9QFRL6hY_748279b5d6e740c4b2cba9fc78d6fc62,bi_enclosed,public_dataset_reference_not_quality_assumed,0.367211811003,True
uNb9QFRL6hY_748279b5d6e740c4b2cba9fc78d6fc62,bi_extended,public_dataset_reference_not_quality_assumed,0.367143582232,True
uNb9QFRL6hY_748279b5d6e740c4b2cba9fc78d6fc62,ulayout,public_dataset_reference_not_quality_assumed,0.357393238738,True
uNb9QFRL6hY_76ba70b55bde4313939a4a0cd78a49d3,hohonet,public_dataset_reference_not_quality_assumed,0.161647872609,True
uNb9QFRL6hY_76ba70b55bde4313939a4a0cd78a49d3,bi_enclosed,public_dataset_reference_not_quality_assumed,0.166540816353,True
uNb9QFRL6hY_76ba70b55bde4313939a4a0cd78a49d3,bi_extended,public_dataset_reference_not_quality_assumed,0.167819434639,True
uNb9QFRL6hY_76ba70b55bde4313939a4a0cd78a49d3,ulayout,public_dataset_reference_not_quality_assumed,0.160764578304,True
uNb9QFRL6hY_7c9caadd3cb34400893356727278e975,hohonet,public_dataset_reference_not_quality_assumed,0.158964247467,True
uNb9QFRL6hY_7c9caadd3cb34400893356727278e975,bi_enclosed,public_dataset_reference_not_quality_assumed,0.161550249569,True
uNb9QFRL6hY_7c9caadd3cb34400893356727278e975,bi_extended,public_dataset_reference_not_quality_assumed,0.161688511076,True
uNb9QFRL6hY_7c9caadd3cb34400893356727278e975,ulayout,public_dataset_reference_not_quality_assumed,0.152562887756,True
uNb9QFRL6hY_84722e58b32f4646acc12614994f835b,hohonet,public_dataset_reference_not_quality_assumed,0.274867101719,True
uNb9QFRL6hY_84722e58b32f4646acc12614994f835b,bi_enclosed,public_dataset_reference_not_quality_assumed,0.284709033259,True
uNb9QFRL6hY_84722e58b32f4646acc12614994f835b,bi_extended,public_dataset_reference_not_quality_assumed,0.284798420123,True
uNb9QFRL6hY_84722e58b32f4646acc12614994f835b,ulayout,public_dataset_reference_not_quality_assumed,0.282268520961,True
uNb9QFRL6hY_85e7a14905bd44648061e3eb7f79cf13,hohonet,public_dataset_reference_not_quality_assumed,0.297778383088,True
uNb9QFRL6hY_85e7a14905bd44648061e3eb7f79cf13,bi_enclosed,public_dataset_reference_not_quality_assumed,0.310037334475,True
uNb9QFRL6hY_85e7a14905bd44648061e3eb7f79cf13,bi_extended,public_dataset_reference_not_quality_assumed,0.310075605692,True
uNb9QFRL6hY_85e7a14905bd44648061e3eb7f79cf13,ulayout,public_dataset_reference_not_quality_assumed,0.303826616815,True
uNb9QFRL6hY_8b6f1b0b025848b482e747ab6a027b97,hohonet,adjudicated_reference,0.220064010179,True
uNb9QFRL6hY_8b6f1b0b025848b482e747ab6a027b97,bi_enclosed,adjudicated_reference,0.214182321484,True
uNb9QFRL6hY_8b6f1b0b025848b482e747ab6a027b97,bi_extended,adjudicated_reference,0.212550890577,True
uNb9QFRL6hY_8b6f1b0b025848b482e747ab6a027b97,ulayout,adjudicated_reference,0.193789643772,True
uNb9QFRL6hY_930b1d9018914ff6858fac08e204de26,hohonet,public_dataset_reference_not_quality_assumed,0.195961653857,True
uNb9QFRL6hY_930b1d9018914ff6858fac08e204de26,bi_enclosed,public_dataset_reference_not_quality_assumed,0.217930216774,True
uNb9QFRL6hY_930b1d9018914ff6858fac08e204de26,bi_extended,public_dataset_reference_not_quality_assumed,0.218947351508,True
uNb9QFRL6hY_930b1d9018914ff6858fac08e204de26,ulayout,public_dataset_reference_not_quality_assumed,0.219316603975,True
uNb9QFRL6hY_978d7a8eb0794936bd8fd092306e1dc5,hohonet,adjudicated_reference,0.105549386546,True
uNb9QFRL6hY_978d7a8eb0794936bd8fd092306e1dc5,bi_enclosed,adjudicated_reference,0.112875161871,True
uNb9QFRL6hY_978d7a8eb0794936bd8fd092306e1dc5,bi_extended,adjudicated_reference,0.1126359692,True
uNb9QFRL6hY_978d7a8eb0794936bd8fd092306e1dc5,ulayout,adjudicated_reference,0.116331524601,True
uNb9QFRL6hY_9b675f28ab5f4345bf06ed5c77097426,hohonet,public_dataset_reference_not_quality_assumed,0.334027816343,True
uNb9QFRL6hY_9b675f28ab5f4345bf06ed5c77097426,bi_enclosed,public_dataset_reference_not_quality_assumed,0.343628566701,True
uNb9QFRL6hY_9b675f28ab5f4345bf06ed5c77097426,bi_extended,public_dataset_reference_not_quality_assumed,0.343545958009,True
uNb9QFRL6hY_9b675f28ab5f4345bf06ed5c77097426,ulayout,public_dataset_reference_not_quality_assumed,0.330108894294,True
uNb9QFRL6hY_9ec5ebcf3edc44e1ba6dd02e8423e5ed,hohonet,public_dataset_reference_not_quality_assumed,0.136887933487,True
uNb9QFRL6hY_9ec5ebcf3edc44e1ba6dd02e8423e5ed,bi_enclosed,public_dataset_reference_not_quality_assumed,0.119538614235,True
uNb9QFRL6hY_9ec5ebcf3edc44e1ba6dd02e8423e5ed,bi_extended,public_dataset_reference_not_quality_assumed,0.120995398022,True
uNb9QFRL6hY_9ec5ebcf3edc44e1ba6dd02e8423e5ed,ulayout,public_dataset_reference_not_quality_assumed,0.116136617476,True
uNb9QFRL6hY_9f199750b00c4f5484a546d79e06a0f8,hohonet,public_dataset_reference_not_quality_assumed,0.218632632867,True
uNb9QFRL6hY_9f199750b00c4f5484a546d79e06a0f8,bi_enclosed,public_dataset_reference_not_quality_assumed,0.212656418544,True
uNb9QFRL6hY_9f199750b00c4f5484a546d79e06a0f8,bi_extended,public_dataset_reference_not_quality_assumed,0.211647439264,True
uNb9QFRL6hY_9f199750b00c4f5484a546d79e06a0f8,ulayout,public_dataset_reference_not_quality_assumed,0.211691904105,True
uNb9QFRL6hY_a372582c11864f31a9dd174e4a0ae6ad,hohonet,public_dataset_reference_not_quality_assumed,0.332109163112,True
uNb9QFRL6hY_a372582c11864f31a9dd174e4a0ae6ad,bi_enclosed,public_dataset_reference_not_quality_assumed,0.364741831944,True
uNb9QFRL6hY_a372582c11864f31a9dd174e4a0ae6ad,bi_extended,public_dataset_reference_not_quality_assumed,0.364062151153,True
uNb9QFRL6hY_a372582c11864f31a9dd174e4a0ae6ad,ulayout,public_dataset_reference_not_quality_assumed,0.349533169705,True
uNb9QFRL6hY_a728d2eef41b449f82357899de802dd3,hohonet,public_dataset_reference_not_quality_assumed,0.376461755533,True
uNb9QFRL6hY_a728d2eef41b449f82357899de802dd3,bi_enclosed,public_dataset_reference_not_quality_assumed,0.378076465003,True
uNb9QFRL6hY_a728d2eef41b449f82357899de802dd3,bi_extended,public_dataset_reference_not_quality_assumed,0.378183172984,True
uNb9QFRL6hY_a728d2eef41b449f82357899de802dd3,ulayout,public_dataset_reference_not_quality_assumed,0.379157079198,True
uNb9QFRL6hY_a7ab19b1a9f044f0905592de1414e8b3,hohonet,public_dataset_reference_not_quality_assumed,0.0920547170565,True
uNb9QFRL6hY_a7ab19b1a9f044f0905592de1414e8b3,bi_enclosed,public_dataset_reference_not_quality_assumed,0.144409560954,True
uNb9QFRL6hY_a7ab19b1a9f044f0905592de1414e8b3,bi_extended,public_dataset_reference_not_quality_assumed,0.0752305338566,True
uNb9QFRL6hY_a7ab19b1a9f044f0905592de1414e8b3,ulayout,public_dataset_reference_not_quality_assumed,0.0807592745973,True
uNb9QFRL6hY_ab84a27288034713b2c24e41b31acc78,hohonet,public_dataset_reference_not_quality_assumed,0.391846899232,True
uNb9QFRL6hY_ab84a27288034713b2c24e41b31acc78,bi_enclosed,public_dataset_reference_not_quality_assumed,0.390712501411,True
uNb9QFRL6hY_ab84a27288034713b2c24e41b31acc78,bi_extended,public_dataset_reference_not_quality_assumed,0.390686169467,True
uNb9QFRL6hY_ab84a27288034713b2c24e41b31acc78,ulayout,public_dataset_reference_not_quality_assumed,0.388982009317,True
uNb9QFRL6hY_aed830f085ee4ad88ef6bed7f66f1359,hohonet,adjudicated_reference,0.105426373197,True
uNb9QFRL6hY_aed830f085ee4ad88ef6bed7f66f1359,bi_enclosed,adjudicated_reference,0.101624492248,True
uNb9QFRL6hY_aed830f085ee4ad88ef6bed7f66f1359,bi_extended,adjudicated_reference,0.102445761923,True
uNb9QFRL6hY_aed830f085ee4ad88ef6bed7f66f1359,ulayout,adjudicated_reference,0.126022687617,True
uNb9QFRL6hY_b1aedc485cfa4b47be0977925c3dc799,hohonet,public_dataset_reference_not_quality_assumed,0.283099108587,True
uNb9QFRL6hY_b1aedc485cfa4b47be0977925c3dc799,bi_enclosed,public_dataset_reference_not_quality_assumed,0.277132177842,True
uNb9QFRL6hY_b1aedc485cfa4b47be0977925c3dc799,bi_extended,public_dataset_reference_not_quality_assumed,0.277395688475,True
uNb9QFRL6hY_b1aedc485cfa4b47be0977925c3dc799,ulayout,public_dataset_reference_not_quality_assumed,0.280139005182,True
uNb9QFRL6hY_b73ae36f994747e196380b1cb71cf407,hohonet,public_dataset_reference_not_quality_assumed,0.186939494334,True
uNb9QFRL6hY_b73ae36f994747e196380b1cb71cf407,bi_enclosed,public_dataset_reference_not_quality_assumed,0.183188769501,True
uNb9QFRL6hY_b73ae36f994747e196380b1cb71cf407,bi_extended,public_dataset_reference_not_quality_assumed,0.183325459787,True
uNb9QFRL6hY_b73ae36f994747e196380b1cb71cf407,ulayout,public_dataset_reference_not_quality_assumed,0.174993499119,True
uNb9QFRL6hY_b98c9460586e4f138658181461df9f51,hohonet,public_dataset_reference_not_quality_assumed,0.170179538584,True
uNb9QFRL6hY_b98c9460586e4f138658181461df9f51,bi_enclosed,public_dataset_reference_not_quality_assumed,0.167908425711,True
uNb9QFRL6hY_b98c9460586e4f138658181461df9f51,bi_extended,public_dataset_reference_not_quality_assumed,0.168203160222,True
uNb9QFRL6hY_b98c9460586e4f138658181461df9f51,ulayout,public_dataset_reference_not_quality_assumed,0.167017087806,True
uNb9QFRL6hY_ba24e5a57ef34c6dbc0458ed4c1e701d,hohonet,public_dataset_reference_not_quality_assumed,0.189879747832,True
uNb9QFRL6hY_ba24e5a57ef34c6dbc0458ed4c1e701d,bi_enclosed,public_dataset_reference_not_quality_assumed,0.19095668687,True
uNb9QFRL6hY_ba24e5a57ef34c6dbc0458ed4c1e701d,bi_extended,public_dataset_reference_not_quality_assumed,0.180381857135,True
uNb9QFRL6hY_ba24e5a57ef34c6dbc0458ed4c1e701d,ulayout,public_dataset_reference_not_quality_assumed,0.17134816855,True
uNb9QFRL6hY_baf711edf5524d868702f86e69e566a0,hohonet,public_dataset_reference_not_quality_assumed,0.135336629619,True
uNb9QFRL6hY_baf711edf5524d868702f86e69e566a0,bi_enclosed,public_dataset_reference_not_quality_assumed,0.125779026515,True
uNb9QFRL6hY_baf711edf5524d868702f86e69e566a0,bi_extended,public_dataset_reference_not_quality_assumed,0.126165011726,True
uNb9QFRL6hY_baf711edf5524d868702f86e69e566a0,ulayout,public_dataset_reference_not_quality_assumed,0.139118689946,True
uNb9QFRL6hY_bbaa68601ebf4aeba9d8b311413cfc13,hohonet,public_dataset_reference_not_quality_assumed,0.258712815012,True
uNb9QFRL6hY_bbaa68601ebf4aeba9d8b311413cfc13,bi_enclosed,public_dataset_reference_not_quality_assumed,0.257831410391,True
uNb9QFRL6hY_bbaa68601ebf4aeba9d8b311413cfc13,bi_extended,public_dataset_reference_not_quality_assumed,0.257644037231,True
uNb9QFRL6hY_bbaa68601ebf4aeba9d8b311413cfc13,ulayout,public_dataset_reference_not_quality_assumed,0.258737789193,True
uNb9QFRL6hY_bcce4f23c12744c782c0b49b24a0331a,hohonet,adjudicated_reference,0.19759811346,True
uNb9QFRL6hY_bcce4f23c12744c782c0b49b24a0331a,bi_enclosed,adjudicated_reference,0.196894583597,True
uNb9QFRL6hY_bcce4f23c12744c782c0b49b24a0331a,bi_extended,adjudicated_reference,0.196368136958,True
uNb9QFRL6hY_bcce4f23c12744c782c0b49b24a0331a,ulayout,adjudicated_reference,0.208011922196,True
uNb9QFRL6hY_bccfe89cf0b24f4c9d2afee19c342117,hohonet,public_dataset_reference_not_quality_assumed,0.196698015415,True
uNb9QFRL6hY_bccfe89cf0b24f4c9d2afee19c342117,bi_enclosed,public_dataset_reference_not_quality_assumed,0.200178273254,True
uNb9QFRL6hY_bccfe89cf0b24f4c9d2afee19c342117,bi_extended,public_dataset_reference_not_quality_assumed,0.200207680505,True
uNb9QFRL6hY_bccfe89cf0b24f4c9d2afee19c342117,ulayout,public_dataset_reference_not_quality_assumed,0.199638279274,True
uNb9QFRL6hY_c1ebb8b34eb846ba9b5ce23b30b299a7,hohonet,adjudicated_reference,0.303974450975,True
uNb9QFRL6hY_c1ebb8b34eb846ba9b5ce23b30b299a7,bi_enclosed,adjudicated_reference,0.302400522615,True
uNb9QFRL6hY_c1ebb8b34eb846ba9b5ce23b30b299a7,bi_extended,adjudicated_reference,0.301278519239,True
uNb9QFRL6hY_c1ebb8b34eb846ba9b5ce23b30b299a7,ulayout,adjudicated_reference,0.298960185191,True
uNb9QFRL6hY_c6410f47ad754d6cbd890ba7dff8b449,hohonet,public_dataset_reference_not_quality_assumed,0.223806507206,True
uNb9QFRL6hY_c6410f47ad754d6cbd890ba7dff8b449,bi_enclosed,public_dataset_reference_not_quality_assumed,0.223792376638,True
uNb9QFRL6hY_c6410f47ad754d6cbd890ba7dff8b449,bi_extended,public_dataset_reference_not_quality_assumed,0.223817959631,True
uNb9QFRL6hY_c6410f47ad754d6cbd890ba7dff8b449,ulayout,public_dataset_reference_not_quality_assumed,0.224850197435,True
uNb9QFRL6hY_ca08ebfb2da647f68db41630637e400b,hohonet,public_dataset_reference_not_quality_assumed,0.28008593023,True
uNb9QFRL6hY_ca08ebfb2da647f68db41630637e400b,bi_enclosed,public_dataset_reference_not_quality_assumed,0.282376171137,True
uNb9QFRL6hY_ca08ebfb2da647f68db41630637e400b,bi_extended,public_dataset_reference_not_quality_assumed,0.283144940058,True
uNb9QFRL6hY_ca08ebfb2da647f68db41630637e400b,ulayout,public_dataset_reference_not_quality_assumed,0.286247577744,True
uNb9QFRL6hY_cdca0a1a2fc343bb94bacdc3045b2d8d,hohonet,public_dataset_reference_not_quality_assumed,0.30114215974,True
uNb9QFRL6hY_cdca0a1a2fc343bb94bacdc3045b2d8d,bi_enclosed,public_dataset_reference_not_quality_assumed,0.309302164497,True
uNb9QFRL6hY_cdca0a1a2fc343bb94bacdc3045b2d8d,bi_extended,public_dataset_reference_not_quality_assumed,0.308689112681,True
uNb9QFRL6hY_cdca0a1a2fc343bb94bacdc3045b2d8d,ulayout,public_dataset_reference_not_quality_assumed,0.304350408554,True
uNb9QFRL6hY_ce88ee8b7ee84fca92c13ab16599d90e,hohonet,public_dataset_reference_not_quality_assumed,0.279894979726,True
uNb9QFRL6hY_ce88ee8b7ee84fca92c13ab16599d90e,bi_enclosed,public_dataset_reference_not_quality_assumed,0.28579150466,True
uNb9QFRL6hY_ce88ee8b7ee84fca92c13ab16599d90e,bi_extended,public_dataset_reference_not_quality_assumed,0.286569313148,True
uNb9QFRL6hY_ce88ee8b7ee84fca92c13ab16599d90e,ulayout,public_dataset_reference_not_quality_assumed,0.295999713786,True
uNb9QFRL6hY_d02f87bbb0414146a7a15070110a0384,hohonet,adjudicated_reference,0.248196114797,True
uNb9QFRL6hY_d02f87bbb0414146a7a15070110a0384,bi_enclosed,adjudicated_reference,0.25258198108,True
uNb9QFRL6hY_d02f87bbb0414146a7a15070110a0384,bi_extended,adjudicated_reference,0.252796998742,True
uNb9QFRL6hY_d02f87bbb0414146a7a15070110a0384,ulayout,adjudicated_reference,0.256789207775,True
uNb9QFRL6hY_d11f14ddecbe406681d4980365ea5a43,hohonet,public_dataset_reference_not_quality_assumed,0.193842006568,True
uNb9QFRL6hY_d11f14ddecbe406681d4980365ea5a43,bi_enclosed,public_dataset_reference_not_quality_assumed,0.205066013522,True
uNb9QFRL6hY_d11f14ddecbe406681d4980365ea5a43,bi_extended,public_dataset_reference_not_quality_assumed,0.203945353052,True
uNb9QFRL6hY_d11f14ddecbe406681d4980365ea5a43,ulayout,public_dataset_reference_not_quality_assumed,0.181802322562,True
uNb9QFRL6hY_d5c47aa99b274a67b305aa601234f1f1,hohonet,public_dataset_reference_not_quality_assumed,0.250583094319,True
uNb9QFRL6hY_d5c47aa99b274a67b305aa601234f1f1,bi_enclosed,public_dataset_reference_not_quality_assumed,0.266582750104,True
uNb9QFRL6hY_d5c47aa99b274a67b305aa601234f1f1,bi_extended,public_dataset_reference_not_quality_assumed,0.266652505679,True
uNb9QFRL6hY_d5c47aa99b274a67b305aa601234f1f1,ulayout,public_dataset_reference_not_quality_assumed,0.251653977768,True
uNb9QFRL6hY_daf1cf81c53b4e439e7e649fa9b41341,hohonet,public_dataset_reference_not_quality_assumed,0.353715898314,True
uNb9QFRL6hY_daf1cf81c53b4e439e7e649fa9b41341,bi_enclosed,public_dataset_reference_not_quality_assumed,0.353954382921,True
uNb9QFRL6hY_daf1cf81c53b4e439e7e649fa9b41341,bi_extended,public_dataset_reference_not_quality_assumed,0.353983920195,True
uNb9QFRL6hY_daf1cf81c53b4e439e7e649fa9b41341,ulayout,public_dataset_reference_not_quality_assumed,0.352942191701,True
uNb9QFRL6hY_dba77340b24340be9c7242cba42f1e28,hohonet,public_dataset_reference_not_quality_assumed,0.155218389589,True
uNb9QFRL6hY_dba77340b24340be9c7242cba42f1e28,bi_enclosed,public_dataset_reference_not_quality_assumed,0.142601567172,True
uNb9QFRL6hY_dba77340b24340be9c7242cba42f1e28,bi_extended,public_dataset_reference_not_quality_assumed,0.142734011921,True
uNb9QFRL6hY_dba77340b24340be9c7242cba42f1e28,ulayout,public_dataset_reference_not_quality_assumed,0.149484949971,True
uNb9QFRL6hY_dcb326d4bb9b4a5f8d7e565ec32bce8e,hohonet,public_dataset_reference_not_quality_assumed,0.203116216016,True
uNb9QFRL6hY_dcb326d4bb9b4a5f8d7e565ec32bce8e,bi_enclosed,public_dataset_reference_not_quality_assumed,0.210430724431,True
uNb9QFRL6hY_dcb326d4bb9b4a5f8d7e565ec32bce8e,bi_extended,public_dataset_reference_not_quality_assumed,0.210583197945,True
uNb9QFRL6hY_dcb326d4bb9b4a5f8d7e565ec32bce8e,ulayout,public_dataset_reference_not_quality_assumed,0.20312810479,True
uNb9QFRL6hY_dcbe971afee14c57beb3c76980ead77a,hohonet,public_dataset_reference_not_quality_assumed,0.115216543793,True
uNb9QFRL6hY_dcbe971afee14c57beb3c76980ead77a,bi_enclosed,public_dataset_reference_not_quality_assumed,0.135053455121,True
uNb9QFRL6hY_dcbe971afee14c57beb3c76980ead77a,bi_extended,public_dataset_reference_not_quality_assumed,0.135165682241,True
uNb9QFRL6hY_dcbe971afee14c57beb3c76980ead77a,ulayout,public_dataset_reference_not_quality_assumed,0.1238483793,True
uNb9QFRL6hY_ddd25dd6cdec45f1a5222ed50c061b9b,hohonet,public_dataset_reference_not_quality_assumed,0.0854940136954,True
uNb9QFRL6hY_ddd25dd6cdec45f1a5222ed50c061b9b,bi_enclosed,public_dataset_reference_not_quality_assumed,0.110475550021,True
uNb9QFRL6hY_ddd25dd6cdec45f1a5222ed50c061b9b,bi_extended,public_dataset_reference_not_quality_assumed,0.110802983379,True
uNb9QFRL6hY_ddd25dd6cdec45f1a5222ed50c061b9b,ulayout,public_dataset_reference_not_quality_assumed,0.0957009053202,True
uNb9QFRL6hY_e0b8950793b447bd8b9f916e98e849d1,hohonet,public_dataset_reference_not_quality_assumed,0.242221833852,True
uNb9QFRL6hY_e0b8950793b447bd8b9f916e98e849d1,bi_enclosed,public_dataset_reference_not_quality_assumed,0.219896369745,True
uNb9QFRL6hY_e0b8950793b447bd8b9f916e98e849d1,bi_extended,public_dataset_reference_not_quality_assumed,0.220778037672,True
uNb9QFRL6hY_e0b8950793b447bd8b9f916e98e849d1,ulayout,public_dataset_reference_not_quality_assumed,0.236929186796,True
uNb9QFRL6hY_e24473d2b8a24568b89c1c4c2a4a9bf1,hohonet,public_dataset_reference_not_quality_assumed,0.238748916771,True
uNb9QFRL6hY_e24473d2b8a24568b89c1c4c2a4a9bf1,bi_enclosed,public_dataset_reference_not_quality_assumed,0.209079974947,True
uNb9QFRL6hY_e24473d2b8a24568b89c1c4c2a4a9bf1,bi_extended,public_dataset_reference_not_quality_assumed,0.208721955743,True
uNb9QFRL6hY_e24473d2b8a24568b89c1c4c2a4a9bf1,ulayout,public_dataset_reference_not_quality_assumed,0.243683417929,True
uNb9QFRL6hY_e39b52c7eedc4d859fca7888cab531ae,hohonet,public_dataset_reference_not_quality_assumed,0.326131497069,True
uNb9QFRL6hY_e39b52c7eedc4d859fca7888cab531ae,bi_enclosed,public_dataset_reference_not_quality_assumed,0.32555459004,True
uNb9QFRL6hY_e39b52c7eedc4d859fca7888cab531ae,bi_extended,public_dataset_reference_not_quality_assumed,0.325440649041,True
uNb9QFRL6hY_e39b52c7eedc4d859fca7888cab531ae,ulayout,public_dataset_reference_not_quality_assumed,0.320158716194,True
uNb9QFRL6hY_e8fcf8c5bd324655a25186117151ccbd,hohonet,public_dataset_reference_not_quality_assumed,0.294256192091,True
uNb9QFRL6hY_e8fcf8c5bd324655a25186117151ccbd,bi_enclosed,public_dataset_reference_not_quality_assumed,0.32031227494,True
uNb9QFRL6hY_e8fcf8c5bd324655a25186117151ccbd,bi_extended,public_dataset_reference_not_quality_assumed,0.321152482284,True
uNb9QFRL6hY_e8fcf8c5bd324655a25186117151ccbd,ulayout,public_dataset_reference_not_quality_assumed,0.246582960699,True
uNb9QFRL6hY_f4eb9862530a4f909b46f51d1887d05f,hohonet,public_dataset_reference_not_quality_assumed,0.130040234018,True
uNb9QFRL6hY_f4eb9862530a4f909b46f51d1887d05f,bi_enclosed,public_dataset_reference_not_quality_assumed,0.12835107721,True
uNb9QFRL6hY_f4eb9862530a4f909b46f51d1887d05f,bi_extended,public_dataset_reference_not_quality_assumed,0.128947138244,True
uNb9QFRL6hY_f4eb9862530a4f909b46f51d1887d05f,ulayout,public_dataset_reference_not_quality_assumed,0.135818187799,True
uNb9QFRL6hY_f8acfc899a4c49ddad71fdfcfd899b2f,hohonet,public_dataset_reference_not_quality_assumed,0.181603480403,True
uNb9QFRL6hY_f8acfc899a4c49ddad71fdfcfd899b2f,bi_enclosed,public_dataset_reference_not_quality_assumed,0.206600238847,True
uNb9QFRL6hY_f8acfc899a4c49ddad71fdfcfd899b2f,bi_extended,public_dataset_reference_not_quality_assumed,0.205137797936,True
uNb9QFRL6hY_f8acfc899a4c49ddad71fdfcfd899b2f,ulayout,public_dataset_reference_not_quality_assumed,0.150493676782,True
uNb9QFRL6hY_fcba704f80a04361842c0fdcb776becc,hohonet,public_dataset_reference_not_quality_assumed,0.128817510282,True
uNb9QFRL6hY_fcba704f80a04361842c0fdcb776becc,bi_enclosed,public_dataset_reference_not_quality_assumed,0.107000509847,True
uNb9QFRL6hY_fcba704f80a04361842c0fdcb776becc,bi_extended,public_dataset_reference_not_quality_assumed,0.10653809837,True
uNb9QFRL6hY_fcba704f80a04361842c0fdcb776becc,ulayout,public_dataset_reference_not_quality_assumed,0.126957208177,True
uNb9QFRL6hY_fd10460fd2bc4c52af84e36e89357269,hohonet,public_dataset_reference_not_quality_assumed,0.27618882671,True
uNb9QFRL6hY_fd10460fd2bc4c52af84e36e89357269,bi_enclosed,public_dataset_reference_not_quality_assumed,0.2811285134,True
uNb9QFRL6hY_fd10460fd2bc4c52af84e36e89357269,bi_extended,public_dataset_reference_not_quality_assumed,0.286584548864,True
uNb9QFRL6hY_fd10460fd2bc4c52af84e36e89357269,ulayout,public_dataset_reference_not_quality_assumed,0.284049566717,True
uNb9QFRL6hY_fd411e4f6035431593833d9d0beb4d32,hohonet,public_dataset_reference_not_quality_assumed,0.367358344893,True
uNb9QFRL6hY_fd411e4f6035431593833d9d0beb4d32,bi_enclosed,public_dataset_reference_not_quality_assumed,0.367375646257,True
uNb9QFRL6hY_fd411e4f6035431593833d9d0beb4d32,bi_extended,public_dataset_reference_not_quality_assumed,0.367347101087,True
uNb9QFRL6hY_fd411e4f6035431593833d9d0beb4d32,ulayout,public_dataset_reference_not_quality_assumed,0.36558102255,True
uNb9QFRL6hY_fd8d4da92ec14b668ed3d2986616bd14,hohonet,adjudicated_reference,0.158295505071,True
uNb9QFRL6hY_fd8d4da92ec14b668ed3d2986616bd14,bi_enclosed,adjudicated_reference,0.254950842611,True
uNb9QFRL6hY_fd8d4da92ec14b668ed3d2986616bd14,bi_extended,adjudicated_reference,0.165071330996,True
uNb9QFRL6hY_fd8d4da92ec14b668ed3d2986616bd14,ulayout,adjudicated_reference,0.16754109743,True
wc2JMjhGNzB_026ce91a981c4de3bb9fd2daeb99ec2b,hohonet,public_dataset_reference_not_quality_assumed,0.346043359966,True
wc2JMjhGNzB_026ce91a981c4de3bb9fd2daeb99ec2b,bi_enclosed,public_dataset_reference_not_quality_assumed,0.359644189391,True
wc2JMjhGNzB_026ce91a981c4de3bb9fd2daeb99ec2b,bi_extended,public_dataset_reference_not_quality_assumed,0.359725543516,True
wc2JMjhGNzB_026ce91a981c4de3bb9fd2daeb99ec2b,ulayout,public_dataset_reference_not_quality_assumed,0.359809544723,True
wc2JMjhGNzB_02bbd23673904a6980dc0e22b11c6a35,hohonet,public_dataset_reference_not_quality_assumed,0.175402613514,True
wc2JMjhGNzB_02bbd23673904a6980dc0e22b11c6a35,bi_enclosed,public_dataset_reference_not_quality_assumed,0.168275414739,True
wc2JMjhGNzB_02bbd23673904a6980dc0e22b11c6a35,bi_extended,public_dataset_reference_not_quality_assumed,0.168234941558,True
wc2JMjhGNzB_02bbd23673904a6980dc0e22b11c6a35,ulayout,public_dataset_reference_not_quality_assumed,0.155390914517,True
wc2JMjhGNzB_03c1aca95e254bf4b0db303a28d79aee,hohonet,public_dataset_reference_not_quality_assumed,0.204281627406,True
wc2JMjhGNzB_03c1aca95e254bf4b0db303a28d79aee,bi_enclosed,public_dataset_reference_not_quality_assumed,0.195929828345,True
wc2JMjhGNzB_03c1aca95e254bf4b0db303a28d79aee,bi_extended,public_dataset_reference_not_quality_assumed,0.19616920162,True
wc2JMjhGNzB_03c1aca95e254bf4b0db303a28d79aee,ulayout,public_dataset_reference_not_quality_assumed,0.207013117948,True
wc2JMjhGNzB_05e7fcde7a00435ebba65933c1758dde,hohonet,public_dataset_reference_not_quality_assumed,0.257848600704,True
wc2JMjhGNzB_05e7fcde7a00435ebba65933c1758dde,bi_enclosed,public_dataset_reference_not_quality_assumed,0.264859001791,True
wc2JMjhGNzB_05e7fcde7a00435ebba65933c1758dde,bi_extended,public_dataset_reference_not_quality_assumed,0.2648910693,True
wc2JMjhGNzB_05e7fcde7a00435ebba65933c1758dde,ulayout,public_dataset_reference_not_quality_assumed,0.265477913052,True
wc2JMjhGNzB_074ac1d681e3415081b89cf582e1e995,hohonet,public_dataset_reference_not_quality_assumed,0.295739370481,True
wc2JMjhGNzB_074ac1d681e3415081b89cf582e1e995,bi_enclosed,public_dataset_reference_not_quality_assumed,0.290095253316,True
wc2JMjhGNzB_074ac1d681e3415081b89cf582e1e995,bi_extended,public_dataset_reference_not_quality_assumed,0.290121475063,True
wc2JMjhGNzB_074ac1d681e3415081b89cf582e1e995,ulayout,public_dataset_reference_not_quality_assumed,0.295435196696,True
wc2JMjhGNzB_07fb6ea1434a451aa8dc27539ede0991,hohonet,public_dataset_reference_not_quality_assumed,0.104628439468,True
wc2JMjhGNzB_07fb6ea1434a451aa8dc27539ede0991,bi_enclosed,public_dataset_reference_not_quality_assumed,0.125047605623,True
wc2JMjhGNzB_07fb6ea1434a451aa8dc27539ede0991,bi_extended,public_dataset_reference_not_quality_assumed,0.125700646052,True
wc2JMjhGNzB_07fb6ea1434a451aa8dc27539ede0991,ulayout,public_dataset_reference_not_quality_assumed,0.1337030924,True
wc2JMjhGNzB_0a54ae7daf36423fb6a5607caf3fb942,hohonet,public_dataset_reference_not_quality_assumed,0.405533037862,True
wc2JMjhGNzB_0a54ae7daf36423fb6a5607caf3fb942,bi_enclosed,public_dataset_reference_not_quality_assumed,0.413542588386,True
wc2JMjhGNzB_0a54ae7daf36423fb6a5607caf3fb942,bi_extended,public_dataset_reference_not_quality_assumed,0.413888613716,True
wc2JMjhGNzB_0a54ae7daf36423fb6a5607caf3fb942,ulayout,public_dataset_reference_not_quality_assumed,0.391086908318,True
wc2JMjhGNzB_0bef60c301e646c7a2acadfa12e7cdff,hohonet,public_dataset_reference_not_quality_assumed,0.294585223265,True
wc2JMjhGNzB_0bef60c301e646c7a2acadfa12e7cdff,bi_enclosed,public_dataset_reference_not_quality_assumed,0.310389041212,True
wc2JMjhGNzB_0bef60c301e646c7a2acadfa12e7cdff,bi_extended,public_dataset_reference_not_quality_assumed,0.310037792698,True
wc2JMjhGNzB_0bef60c301e646c7a2acadfa12e7cdff,ulayout,public_dataset_reference_not_quality_assumed,0.309351991059,True
wc2JMjhGNzB_0caf634967404e889bf227539d7eaa0f,hohonet,public_dataset_reference_not_quality_assumed,0.263832361642,True
wc2JMjhGNzB_0caf634967404e889bf227539d7eaa0f,bi_enclosed,public_dataset_reference_not_quality_assumed,0.290627129281,True
wc2JMjhGNzB_0caf634967404e889bf227539d7eaa0f,bi_extended,public_dataset_reference_not_quality_assumed,0.290728701515,True
wc2JMjhGNzB_0caf634967404e889bf227539d7eaa0f,ulayout,public_dataset_reference_not_quality_assumed,0.289997607276,True
wc2JMjhGNzB_12757e972ea64bbfbeb14f7cf5ccaf8b,hohonet,public_dataset_reference_not_quality_assumed,0.244054233656,True
wc2JMjhGNzB_12757e972ea64bbfbeb14f7cf5ccaf8b,bi_enclosed,public_dataset_reference_not_quality_assumed,0.243176213994,True
wc2JMjhGNzB_12757e972ea64bbfbeb14f7cf5ccaf8b,bi_extended,public_dataset_reference_not_quality_assumed,0.243209913133,True
wc2JMjhGNzB_12757e972ea64bbfbeb14f7cf5ccaf8b,ulayout,public_dataset_reference_not_quality_assumed,0.244795167747,True
wc2JMjhGNzB_1aff3784945741cb892fe1f389a90383,hohonet,public_dataset_reference_not_quality_assumed,0.321199439066,True
wc2JMjhGNzB_1aff3784945741cb892fe1f389a90383,bi_enclosed,public_dataset_reference_not_quality_assumed,0.362603099616,True
wc2JMjhGNzB_1aff3784945741cb892fe1f389a90383,bi_extended,public_dataset_reference_not_quality_assumed,0.360591972524,True
wc2JMjhGNzB_1aff3784945741cb892fe1f389a90383,ulayout,public_dataset_reference_not_quality_assumed,0.366664442957,True
wc2JMjhGNzB_1be9e528556447d0897d382ddd408766,hohonet,public_dataset_reference_not_quality_assumed,0.30082031897,True
wc2JMjhGNzB_1be9e528556447d0897d382ddd408766,bi_enclosed,public_dataset_reference_not_quality_assumed,0.313665654003,True
wc2JMjhGNzB_1be9e528556447d0897d382ddd408766,bi_extended,public_dataset_reference_not_quality_assumed,0.313736557556,True
wc2JMjhGNzB_1be9e528556447d0897d382ddd408766,ulayout,public_dataset_reference_not_quality_assumed,0.318189220541,True
wc2JMjhGNzB_1d1b27d1b8db40f99e2fa3af6e237ce9,hohonet,public_dataset_reference_not_quality_assumed,0.204134992491,True
wc2JMjhGNzB_1d1b27d1b8db40f99e2fa3af6e237ce9,bi_enclosed,public_dataset_reference_not_quality_assumed,0.188831351126,True
wc2JMjhGNzB_1d1b27d1b8db40f99e2fa3af6e237ce9,bi_extended,public_dataset_reference_not_quality_assumed,0.188774345545,True
wc2JMjhGNzB_1d1b27d1b8db40f99e2fa3af6e237ce9,ulayout,public_dataset_reference_not_quality_assumed,0.194977235707,True
wc2JMjhGNzB_1d8917d25abb4a77a0da9583dc82c17c,hohonet,adjudicated_reference,0.291367290126,True
wc2JMjhGNzB_1d8917d25abb4a77a0da9583dc82c17c,bi_enclosed,adjudicated_reference,0.268907480798,True
wc2JMjhGNzB_1d8917d25abb4a77a0da9583dc82c17c,bi_extended,adjudicated_reference,0.27099057859,True
wc2JMjhGNzB_1d8917d25abb4a77a0da9583dc82c17c,ulayout,adjudicated_reference,0.271022288956,True
wc2JMjhGNzB_2195c5a9b9fd451b927b0050f23fac31,hohonet,adjudicated_reference,0.268859646431,True
wc2JMjhGNzB_2195c5a9b9fd451b927b0050f23fac31,bi_enclosed,adjudicated_reference,0.275695472317,True
wc2JMjhGNzB_2195c5a9b9fd451b927b0050f23fac31,bi_extended,adjudicated_reference,0.275629792834,True
wc2JMjhGNzB_2195c5a9b9fd451b927b0050f23fac31,ulayout,adjudicated_reference,0.274031510496,True
wc2JMjhGNzB_25dffb87de434b119296fc0a02ede607,hohonet,public_dataset_reference_not_quality_assumed,0.307023387195,True
wc2JMjhGNzB_25dffb87de434b119296fc0a02ede607,bi_enclosed,public_dataset_reference_not_quality_assumed,0.27787200025,True
wc2JMjhGNzB_25dffb87de434b119296fc0a02ede607,bi_extended,public_dataset_reference_not_quality_assumed,0.278085415059,True
wc2JMjhGNzB_25dffb87de434b119296fc0a02ede607,ulayout,public_dataset_reference_not_quality_assumed,0.280790194032,True
wc2JMjhGNzB_2880c0784aa0462a8070b30416752de6,hohonet,public_dataset_reference_not_quality_assumed,0.275844251272,True
wc2JMjhGNzB_2880c0784aa0462a8070b30416752de6,bi_enclosed,public_dataset_reference_not_quality_assumed,0.300276670768,True
wc2JMjhGNzB_2880c0784aa0462a8070b30416752de6,bi_extended,public_dataset_reference_not_quality_assumed,0.299320894271,True
wc2JMjhGNzB_2880c0784aa0462a8070b30416752de6,ulayout,public_dataset_reference_not_quality_assumed,0.284152416002,True
wc2JMjhGNzB_3504ff17bcae4d6c85bdc61fc3a5bf0c,hohonet,adjudicated_reference,0.255307398003,True
wc2JMjhGNzB_3504ff17bcae4d6c85bdc61fc3a5bf0c,bi_enclosed,adjudicated_reference,0.25621275808,True
wc2JMjhGNzB_3504ff17bcae4d6c85bdc61fc3a5bf0c,bi_extended,adjudicated_reference,0.256484262982,True
wc2JMjhGNzB_3504ff17bcae4d6c85bdc61fc3a5bf0c,ulayout,adjudicated_reference,0.269584627698,True
wc2JMjhGNzB_36f4749077674307bce31998171e96ef,hohonet,public_dataset_reference_not_quality_assumed,0.369501269638,True
wc2JMjhGNzB_36f4749077674307bce31998171e96ef,bi_enclosed,public_dataset_reference_not_quality_assumed,0.376289148853,True
wc2JMjhGNzB_36f4749077674307bce31998171e96ef,bi_extended,public_dataset_reference_not_quality_assumed,0.376259233665,True
wc2JMjhGNzB_36f4749077674307bce31998171e96ef,ulayout,public_dataset_reference_not_quality_assumed,0.375430683625,True
wc2JMjhGNzB_3848b1ba65fa49308c3d0a79f63782b3,hohonet,adjudicated_reference,0.168051310203,True
wc2JMjhGNzB_3848b1ba65fa49308c3d0a79f63782b3,bi_enclosed,adjudicated_reference,0.178541076376,True
wc2JMjhGNzB_3848b1ba65fa49308c3d0a79f63782b3,bi_extended,adjudicated_reference,0.178456065921,True
wc2JMjhGNzB_3848b1ba65fa49308c3d0a79f63782b3,ulayout,adjudicated_reference,0.197037449189,True
wc2JMjhGNzB_3949e4e00d354f79afea742a2b0599d2,hohonet,public_dataset_reference_not_quality_assumed,0.2421092055,True
wc2JMjhGNzB_3949e4e00d354f79afea742a2b0599d2,bi_enclosed,public_dataset_reference_not_quality_assumed,0.238797476998,True
wc2JMjhGNzB_3949e4e00d354f79afea742a2b0599d2,bi_extended,public_dataset_reference_not_quality_assumed,0.238511813724,True
wc2JMjhGNzB_3949e4e00d354f79afea742a2b0599d2,ulayout,public_dataset_reference_not_quality_assumed,0.243208315594,True
wc2JMjhGNzB_3a035012369c4eb58295238d946fbc66,hohonet,public_dataset_reference_not_quality_assumed,0.305960030486,True
wc2JMjhGNzB_3a035012369c4eb58295238d946fbc66,bi_enclosed,public_dataset_reference_not_quality_assumed,0.312557382575,True
wc2JMjhGNzB_3a035012369c4eb58295238d946fbc66,bi_extended,public_dataset_reference_not_quality_assumed,0.312873432652,True
wc2JMjhGNzB_3a035012369c4eb58295238d946fbc66,ulayout,public_dataset_reference_not_quality_assumed,0.322177604351,True
wc2JMjhGNzB_40ea4145b9e946aab5d56de3ce179c8e,hohonet,adjudicated_reference,0.272905343388,True
wc2JMjhGNzB_40ea4145b9e946aab5d56de3ce179c8e,bi_enclosed,adjudicated_reference,0.289888028188,True
wc2JMjhGNzB_40ea4145b9e946aab5d56de3ce179c8e,bi_extended,adjudicated_reference,0.289935951911,True
wc2JMjhGNzB_40ea4145b9e946aab5d56de3ce179c8e,ulayout,adjudicated_reference,0.2870443463,True
wc2JMjhGNzB_431023d1f9fd40048ceee9214fd8464a,hohonet,public_dataset_reference_not_quality_assumed,0.406933445155,True
wc2JMjhGNzB_431023d1f9fd40048ceee9214fd8464a,bi_enclosed,public_dataset_reference_not_quality_assumed,0.407850711577,True
wc2JMjhGNzB_431023d1f9fd40048ceee9214fd8464a,bi_extended,public_dataset_reference_not_quality_assumed,0.407408651874,True
wc2JMjhGNzB_431023d1f9fd40048ceee9214fd8464a,ulayout,public_dataset_reference_not_quality_assumed,0.40762851643,True
wc2JMjhGNzB_479b5e13d201492086bb3b69be5b124d,hohonet,public_dataset_reference_not_quality_assumed,0.163354690424,True
wc2JMjhGNzB_479b5e13d201492086bb3b69be5b124d,bi_enclosed,public_dataset_reference_not_quality_assumed,0.174950025739,True
wc2JMjhGNzB_479b5e13d201492086bb3b69be5b124d,bi_extended,public_dataset_reference_not_quality_assumed,0.17468311825,True
wc2JMjhGNzB_479b5e13d201492086bb3b69be5b124d,ulayout,public_dataset_reference_not_quality_assumed,0.181852746439,True
wc2JMjhGNzB_4884da3227464ab5b82f631ff22205bd,hohonet,public_dataset_reference_not_quality_assumed,0.200750661123,True
wc2JMjhGNzB_4884da3227464ab5b82f631ff22205bd,bi_enclosed,public_dataset_reference_not_quality_assumed,0.213995481964,True
wc2JMjhGNzB_4884da3227464ab5b82f631ff22205bd,bi_extended,public_dataset_reference_not_quality_assumed,0.214087188298,True
wc2JMjhGNzB_4884da3227464ab5b82f631ff22205bd,ulayout,public_dataset_reference_not_quality_assumed,0.208601588955,True
wc2JMjhGNzB_48a93a3b61354385b30974c248c11ef2,hohonet,public_dataset_reference_not_quality_assumed,0.288896362734,True
wc2JMjhGNzB_48a93a3b61354385b30974c248c11ef2,bi_enclosed,public_dataset_reference_not_quality_assumed,0.285606976487,True
wc2JMjhGNzB_48a93a3b61354385b30974c248c11ef2,bi_extended,public_dataset_reference_not_quality_assumed,0.285586879976,True
wc2JMjhGNzB_48a93a3b61354385b30974c248c11ef2,ulayout,public_dataset_reference_not_quality_assumed,0.293606483341,True
wc2JMjhGNzB_4af5e796d4d348bc9129c41d5b0556cd,hohonet,public_dataset_reference_not_quality_assumed,0.107789949226,True
wc2JMjhGNzB_4af5e796d4d348bc9129c41d5b0556cd,bi_enclosed,public_dataset_reference_not_quality_assumed,0.122695672486,True
wc2JMjhGNzB_4af5e796d4d348bc9129c41d5b0556cd,bi_extended,public_dataset_reference_not_quality_assumed,0.122846412341,True
wc2JMjhGNzB_4af5e796d4d348bc9129c41d5b0556cd,ulayout,public_dataset_reference_not_quality_assumed,0.120927738667,True
wc2JMjhGNzB_52ed6a0219e84a0bb6db8037ae700366,hohonet,public_dataset_reference_not_quality_assumed,0.392002144599,True
wc2JMjhGNzB_52ed6a0219e84a0bb6db8037ae700366,bi_enclosed,public_dataset_reference_not_quality_assumed,0.399138145397,True
wc2JMjhGNzB_52ed6a0219e84a0bb6db8037ae700366,bi_extended,public_dataset_reference_not_quality_assumed,0.399274011516,True
wc2JMjhGNzB_52ed6a0219e84a0bb6db8037ae700366,ulayout,public_dataset_reference_not_quality_assumed,0.403510094066,True
wc2JMjhGNzB_55b45b0f19c2460bbcd1fb1c86c6610d,hohonet,public_dataset_reference_not_quality_assumed,0.369097936075,True
wc2JMjhGNzB_55b45b0f19c2460bbcd1fb1c86c6610d,bi_enclosed,public_dataset_reference_not_quality_assumed,0.368655252478,True
wc2JMjhGNzB_55b45b0f19c2460bbcd1fb1c86c6610d,bi_extended,public_dataset_reference_not_quality_assumed,0.368613673725,True
wc2JMjhGNzB_55b45b0f19c2460bbcd1fb1c86c6610d,ulayout,public_dataset_reference_not_quality_assumed,0.374007003525,True
wc2JMjhGNzB_5b147d7f689a410baca131f29c8a9515,hohonet,public_dataset_reference_not_quality_assumed,0.4440113109,True
wc2JMjhGNzB_5b147d7f689a410baca131f29c8a9515,bi_enclosed,public_dataset_reference_not_quality_assumed,0.411613488453,True
wc2JMjhGNzB_5b147d7f689a410baca131f29c8a9515,bi_extended,public_dataset_reference_not_quality_assumed,0.411585810387,True
wc2JMjhGNzB_5b147d7f689a410baca131f29c8a9515,ulayout,public_dataset_reference_not_quality_assumed,0.436324381817,True
wc2JMjhGNzB_5b34120ed9c24e47a673426ea7ea7a07,hohonet,public_dataset_reference_not_quality_assumed,0.326223847584,True
wc2JMjhGNzB_5b34120ed9c24e47a673426ea7ea7a07,bi_enclosed,public_dataset_reference_not_quality_assumed,0.34277611586,True
wc2JMjhGNzB_5b34120ed9c24e47a673426ea7ea7a07,bi_extended,public_dataset_reference_not_quality_assumed,0.342848966604,True
wc2JMjhGNzB_5b34120ed9c24e47a673426ea7ea7a07,ulayout,public_dataset_reference_not_quality_assumed,0.3464554852,True
wc2JMjhGNzB_5c363f3933e84bb5aceb3899f997b6fb,hohonet,public_dataset_reference_not_quality_assumed,0.157451642973,True
wc2JMjhGNzB_5c363f3933e84bb5aceb3899f997b6fb,bi_enclosed,public_dataset_reference_not_quality_assumed,0.149773373113,True
wc2JMjhGNzB_5c363f3933e84bb5aceb3899f997b6fb,bi_extended,public_dataset_reference_not_quality_assumed,0.148193154665,True
wc2JMjhGNzB_5c363f3933e84bb5aceb3899f997b6fb,ulayout,public_dataset_reference_not_quality_assumed,0.149417860502,True
wc2JMjhGNzB_649ef3674e0f4e7c9eac67f94d237573,hohonet,public_dataset_reference_not_quality_assumed,0.293310580348,True
wc2JMjhGNzB_649ef3674e0f4e7c9eac67f94d237573,bi_enclosed,public_dataset_reference_not_quality_assumed,0.301023834961,True
wc2JMjhGNzB_649ef3674e0f4e7c9eac67f94d237573,bi_extended,public_dataset_reference_not_quality_assumed,0.301088389839,True
wc2JMjhGNzB_649ef3674e0f4e7c9eac67f94d237573,ulayout,public_dataset_reference_not_quality_assumed,0.308658214867,True
wc2JMjhGNzB_6888c169680241f19a903ee49dac3655,hohonet,public_dataset_reference_not_quality_assumed,0.316436642156,True
wc2JMjhGNzB_6888c169680241f19a903ee49dac3655,bi_enclosed,public_dataset_reference_not_quality_assumed,0.317610712758,True
wc2JMjhGNzB_6888c169680241f19a903ee49dac3655,bi_extended,public_dataset_reference_not_quality_assumed,0.317689690263,True
wc2JMjhGNzB_6888c169680241f19a903ee49dac3655,ulayout,public_dataset_reference_not_quality_assumed,0.329795412219,True
wc2JMjhGNzB_6dca116f3be44ac89eb68038d832957b,hohonet,public_dataset_reference_not_quality_assumed,0.21445218328,True
wc2JMjhGNzB_6dca116f3be44ac89eb68038d832957b,bi_enclosed,public_dataset_reference_not_quality_assumed,0.226693238599,True
wc2JMjhGNzB_6dca116f3be44ac89eb68038d832957b,bi_extended,public_dataset_reference_not_quality_assumed,0.22701796819,True
wc2JMjhGNzB_6dca116f3be44ac89eb68038d832957b,ulayout,public_dataset_reference_not_quality_assumed,0.21891368935,True
wc2JMjhGNzB_6e491bc8576345bda3cdde9ab216b7be,hohonet,public_dataset_reference_not_quality_assumed,0.117223271145,True
wc2JMjhGNzB_6e491bc8576345bda3cdde9ab216b7be,bi_enclosed,public_dataset_reference_not_quality_assumed,0.0958648170637,True
wc2JMjhGNzB_6e491bc8576345bda3cdde9ab216b7be,bi_extended,public_dataset_reference_not_quality_assumed,0.0962769801377,True
wc2JMjhGNzB_6e491bc8576345bda3cdde9ab216b7be,ulayout,public_dataset_reference_not_quality_assumed,0.101529259565,True
wc2JMjhGNzB_72cf693eb66c4a8a8062080763f50a09,hohonet,public_dataset_reference_not_quality_assumed,0.278969106017,True
wc2JMjhGNzB_72cf693eb66c4a8a8062080763f50a09,bi_enclosed,public_dataset_reference_not_quality_assumed,0.289202163237,True
wc2JMjhGNzB_72cf693eb66c4a8a8062080763f50a09,bi_extended,public_dataset_reference_not_quality_assumed,0.289184378508,True
wc2JMjhGNzB_72cf693eb66c4a8a8062080763f50a09,ulayout,public_dataset_reference_not_quality_assumed,0.290298793615,True
wc2JMjhGNzB_765293b6cd0a4bf4a50595038eb2b623,hohonet,public_dataset_reference_not_quality_assumed,0.210191226871,True
wc2JMjhGNzB_765293b6cd0a4bf4a50595038eb2b623,bi_enclosed,public_dataset_reference_not_quality_assumed,0.209390239274,True
wc2JMjhGNzB_765293b6cd0a4bf4a50595038eb2b623,bi_extended,public_dataset_reference_not_quality_assumed,0.209631770773,True
wc2JMjhGNzB_765293b6cd0a4bf4a50595038eb2b623,ulayout,public_dataset_reference_not_quality_assumed,0.211866580177,True
wc2JMjhGNzB_77962388887942148ee65c2892600e02,hohonet,adjudicated_reference,0.268496405312,True
wc2JMjhGNzB_77962388887942148ee65c2892600e02,bi_enclosed,adjudicated_reference,0.272846752822,True
wc2JMjhGNzB_77962388887942148ee65c2892600e02,bi_extended,adjudicated_reference,0.273077630114,True
wc2JMjhGNzB_77962388887942148ee65c2892600e02,ulayout,adjudicated_reference,0.274973255821,True
wc2JMjhGNzB_7a57d2299f5f4f7a9769f200d21ed9ed,hohonet,public_dataset_reference_not_quality_assumed,0.320582326823,True
wc2JMjhGNzB_7a57d2299f5f4f7a9769f200d21ed9ed,bi_enclosed,public_dataset_reference_not_quality_assumed,0.29426391333,True
wc2JMjhGNzB_7a57d2299f5f4f7a9769f200d21ed9ed,bi_extended,public_dataset_reference_not_quality_assumed,0.29460177422,True
wc2JMjhGNzB_7a57d2299f5f4f7a9769f200d21ed9ed,ulayout,public_dataset_reference_not_quality_assumed,0.320959920444,True
wc2JMjhGNzB_7d90b6268a79425cb15a26ef91d68c96,hohonet,public_dataset_reference_not_quality_assumed,0.197383073212,True
wc2JMjhGNzB_7d90b6268a79425cb15a26ef91d68c96,bi_enclosed,public_dataset_reference_not_quality_assumed,0.188783788751,True
wc2JMjhGNzB_7d90b6268a79425cb15a26ef91d68c96,bi_extended,public_dataset_reference_not_quality_assumed,0.18970073519,True
wc2JMjhGNzB_7d90b6268a79425cb15a26ef91d68c96,ulayout,public_dataset_reference_not_quality_assumed,0.192294032353,True
wc2JMjhGNzB_818104cf87d045a18b4bf134ef76ec41,hohonet,public_dataset_reference_not_quality_assumed,0.250671757121,True
wc2JMjhGNzB_818104cf87d045a18b4bf134ef76ec41,bi_enclosed,public_dataset_reference_not_quality_assumed,0.255965044908,True
wc2JMjhGNzB_818104cf87d045a18b4bf134ef76ec41,bi_extended,public_dataset_reference_not_quality_assumed,0.255989970462,True
wc2JMjhGNzB_818104cf87d045a18b4bf134ef76ec41,ulayout,public_dataset_reference_not_quality_assumed,0.258813780877,True
wc2JMjhGNzB_872459df29ef4f158108fbfcb3225090,hohonet,public_dataset_reference_not_quality_assumed,0.374763208759,True
wc2JMjhGNzB_872459df29ef4f158108fbfcb3225090,bi_enclosed,public_dataset_reference_not_quality_assumed,0.386292810923,True
wc2JMjhGNzB_872459df29ef4f158108fbfcb3225090,bi_extended,public_dataset_reference_not_quality_assumed,0.386071909505,True
wc2JMjhGNzB_872459df29ef4f158108fbfcb3225090,ulayout,public_dataset_reference_not_quality_assumed,0.38044638596,True
wc2JMjhGNzB_8e093e32e55c4a5dbf453b5e2bf2b24c,hohonet,public_dataset_reference_not_quality_assumed,0.257579753498,True
wc2JMjhGNzB_8e093e32e55c4a5dbf453b5e2bf2b24c,bi_enclosed,public_dataset_reference_not_quality_assumed,0.2607672004,True
wc2JMjhGNzB_8e093e32e55c4a5dbf453b5e2bf2b24c,bi_extended,public_dataset_reference_not_quality_assumed,0.26079261257,True
wc2JMjhGNzB_8e093e32e55c4a5dbf453b5e2bf2b24c,ulayout,public_dataset_reference_not_quality_assumed,0.263098788285,True
wc2JMjhGNzB_9087f0358178420a8b9ac7b17a8919c7,hohonet,public_dataset_reference_not_quality_assumed,0.260061286779,True
wc2JMjhGNzB_9087f0358178420a8b9ac7b17a8919c7,bi_enclosed,public_dataset_reference_not_quality_assumed,0.259498919569,True
wc2JMjhGNzB_9087f0358178420a8b9ac7b17a8919c7,bi_extended,public_dataset_reference_not_quality_assumed,0.259524956232,True
wc2JMjhGNzB_9087f0358178420a8b9ac7b17a8919c7,ulayout,public_dataset_reference_not_quality_assumed,0.261964800706,True
wc2JMjhGNzB_964c4d82ac6c428bb3dc3325ad8c7ec9,hohonet,public_dataset_reference_not_quality_assumed,0.264652375891,True
wc2JMjhGNzB_964c4d82ac6c428bb3dc3325ad8c7ec9,bi_enclosed,public_dataset_reference_not_quality_assumed,0.268937490216,True
wc2JMjhGNzB_964c4d82ac6c428bb3dc3325ad8c7ec9,bi_extended,public_dataset_reference_not_quality_assumed,0.268977894396,True
wc2JMjhGNzB_964c4d82ac6c428bb3dc3325ad8c7ec9,ulayout,public_dataset_reference_not_quality_assumed,0.258972700041,True
wc2JMjhGNzB_99bcf51aef0947b6898bb8114219d730,hohonet,public_dataset_reference_not_quality_assumed,0.163424085193,True
wc2JMjhGNzB_99bcf51aef0947b6898bb8114219d730,bi_enclosed,public_dataset_reference_not_quality_assumed,0.165220067029,True
wc2JMjhGNzB_99bcf51aef0947b6898bb8114219d730,bi_extended,public_dataset_reference_not_quality_assumed,0.165273374312,True
wc2JMjhGNzB_99bcf51aef0947b6898bb8114219d730,ulayout,public_dataset_reference_not_quality_assumed,0.167396326124,True
wc2JMjhGNzB_9d8a625f48194382a0bfb748b1126069,hohonet,public_dataset_reference_not_quality_assumed,0.219941125161,True
wc2JMjhGNzB_9d8a625f48194382a0bfb748b1126069,bi_enclosed,public_dataset_reference_not_quality_assumed,0.220622176273,True
wc2JMjhGNzB_9d8a625f48194382a0bfb748b1126069,bi_extended,public_dataset_reference_not_quality_assumed,0.220643853752,True
wc2JMjhGNzB_9d8a625f48194382a0bfb748b1126069,ulayout,public_dataset_reference_not_quality_assumed,0.220681999175,True
wc2JMjhGNzB_a4188bbbe166473bb2ecf35bdcbec1f9,hohonet,public_dataset_reference_not_quality_assumed,0.178995443966,True
wc2JMjhGNzB_a4188bbbe166473bb2ecf35bdcbec1f9,bi_enclosed,public_dataset_reference_not_quality_assumed,0.178773096863,True
wc2JMjhGNzB_a4188bbbe166473bb2ecf35bdcbec1f9,bi_extended,public_dataset_reference_not_quality_assumed,0.178942663443,True
wc2JMjhGNzB_a4188bbbe166473bb2ecf35bdcbec1f9,ulayout,public_dataset_reference_not_quality_assumed,0.186827349614,True
wc2JMjhGNzB_aeb3199e10354e45a4884bb185c03257,hohonet,public_dataset_reference_not_quality_assumed,0.300785958648,True
wc2JMjhGNzB_aeb3199e10354e45a4884bb185c03257,bi_enclosed,public_dataset_reference_not_quality_assumed,0.298531203319,True
wc2JMjhGNzB_aeb3199e10354e45a4884bb185c03257,bi_extended,public_dataset_reference_not_quality_assumed,0.298420980458,True
wc2JMjhGNzB_aeb3199e10354e45a4884bb185c03257,ulayout,public_dataset_reference_not_quality_assumed,0.30208248901,True
wc2JMjhGNzB_afdf0c43bc4f4daab702050ad1173e78,hohonet,public_dataset_reference_not_quality_assumed,0.191007550793,True
wc2JMjhGNzB_afdf0c43bc4f4daab702050ad1173e78,bi_enclosed,public_dataset_reference_not_quality_assumed,0.182389469858,True
wc2JMjhGNzB_afdf0c43bc4f4daab702050ad1173e78,bi_extended,public_dataset_reference_not_quality_assumed,0.182425558305,True
wc2JMjhGNzB_afdf0c43bc4f4daab702050ad1173e78,ulayout,public_dataset_reference_not_quality_assumed,0.187367886992,True
wc2JMjhGNzB_b41b10699d614f24851b56a9a0e743c6,hohonet,adjudicated_reference,0.255908602171,True
wc2JMjhGNzB_b41b10699d614f24851b56a9a0e743c6,bi_enclosed,adjudicated_reference,0.300439879152,True
wc2JMjhGNzB_b41b10699d614f24851b56a9a0e743c6,bi_extended,adjudicated_reference,0.283339889631,True
wc2JMjhGNzB_b41b10699d614f24851b56a9a0e743c6,ulayout,adjudicated_reference,0.20439715671,True
wc2JMjhGNzB_c7c84bf01a834489ad11d8450a7dc2bc,hohonet,public_dataset_reference_not_quality_assumed,0.344897282947,True
wc2JMjhGNzB_c7c84bf01a834489ad11d8450a7dc2bc,bi_enclosed,public_dataset_reference_not_quality_assumed,0.348561008878,True
wc2JMjhGNzB_c7c84bf01a834489ad11d8450a7dc2bc,bi_extended,public_dataset_reference_not_quality_assumed,0.348489180308,True
wc2JMjhGNzB_c7c84bf01a834489ad11d8450a7dc2bc,ulayout,public_dataset_reference_not_quality_assumed,0.354600416,True
wc2JMjhGNzB_c7e4c175f9b347cf9256fa7e291f26d9,hohonet,public_dataset_reference_not_quality_assumed,0.426246025643,True
wc2JMjhGNzB_c7e4c175f9b347cf9256fa7e291f26d9,bi_enclosed,public_dataset_reference_not_quality_assumed,0.436219749887,True
wc2JMjhGNzB_c7e4c175f9b347cf9256fa7e291f26d9,bi_extended,public_dataset_reference_not_quality_assumed,0.43606300337,True
wc2JMjhGNzB_c7e4c175f9b347cf9256fa7e291f26d9,ulayout,public_dataset_reference_not_quality_assumed,0.433650325479,True
wc2JMjhGNzB_cae8fb3d40314ecea16654062030571b,hohonet,adjudicated_reference,0.31462794446,True
wc2JMjhGNzB_cae8fb3d40314ecea16654062030571b,bi_enclosed,adjudicated_reference,0.3204493141,True
wc2JMjhGNzB_cae8fb3d40314ecea16654062030571b,bi_extended,adjudicated_reference,0.320790688242,True
wc2JMjhGNzB_cae8fb3d40314ecea16654062030571b,ulayout,adjudicated_reference,0.31532126119,True
wc2JMjhGNzB_d5138c0f63414e1fb5147c9436968940,hohonet,public_dataset_reference_not_quality_assumed,0.276810555028,True
wc2JMjhGNzB_d5138c0f63414e1fb5147c9436968940,bi_enclosed,public_dataset_reference_not_quality_assumed,0.288076088137,True
wc2JMjhGNzB_d5138c0f63414e1fb5147c9436968940,bi_extended,public_dataset_reference_not_quality_assumed,0.288161967807,True
wc2JMjhGNzB_d5138c0f63414e1fb5147c9436968940,ulayout,public_dataset_reference_not_quality_assumed,0.291483059687,True
wc2JMjhGNzB_d7230c164e814f9a83244ab2edc15334,hohonet,public_dataset_reference_not_quality_assumed,0.124772833961,True
wc2JMjhGNzB_d7230c164e814f9a83244ab2edc15334,bi_enclosed,public_dataset_reference_not_quality_assumed,0.128655080492,True
wc2JMjhGNzB_d7230c164e814f9a83244ab2edc15334,bi_extended,public_dataset_reference_not_quality_assumed,0.12895725395,True
wc2JMjhGNzB_d7230c164e814f9a83244ab2edc15334,ulayout,public_dataset_reference_not_quality_assumed,0.121248154112,True
wc2JMjhGNzB_dc4a9f470b834de1983c7e605ff06b2e,hohonet,adjudicated_reference,0.0985837607689,True
wc2JMjhGNzB_dc4a9f470b834de1983c7e605ff06b2e,bi_enclosed,adjudicated_reference,0.109042155417,True
wc2JMjhGNzB_dc4a9f470b834de1983c7e605ff06b2e,bi_extended,adjudicated_reference,0.106135420147,True
wc2JMjhGNzB_dc4a9f470b834de1983c7e605ff06b2e,ulayout,adjudicated_reference,0.14586292823,True
wc2JMjhGNzB_dda6efcba51c40de8552408953719515,hohonet,adjudicated_reference,0.141515706004,True
wc2JMjhGNzB_dda6efcba51c40de8552408953719515,bi_enclosed,adjudicated_reference,0.135906898502,True
wc2JMjhGNzB_dda6efcba51c40de8552408953719515,bi_extended,adjudicated_reference,0.137417763311,True
wc2JMjhGNzB_dda6efcba51c40de8552408953719515,ulayout,adjudicated_reference,0.14612895132,True
wc2JMjhGNzB_e6693f97b36545f7a76e03c3fe32ba8c,hohonet,public_dataset_reference_not_quality_assumed,0.309029341051,True
wc2JMjhGNzB_e6693f97b36545f7a76e03c3fe32ba8c,bi_enclosed,public_dataset_reference_not_quality_assumed,0.325227166306,True
wc2JMjhGNzB_e6693f97b36545f7a76e03c3fe32ba8c,bi_extended,public_dataset_reference_not_quality_assumed,0.325074086337,True
wc2JMjhGNzB_e6693f97b36545f7a76e03c3fe32ba8c,ulayout,public_dataset_reference_not_quality_assumed,0.327255184765,True
wc2JMjhGNzB_e7d38d204e374f6b8300c5a559a768e9,hohonet,adjudicated_reference,0.318232063938,True
wc2JMjhGNzB_e7d38d204e374f6b8300c5a559a768e9,bi_enclosed,adjudicated_reference,0.309732421873,True
wc2JMjhGNzB_e7d38d204e374f6b8300c5a559a768e9,bi_extended,adjudicated_reference,0.307832910334,True
wc2JMjhGNzB_e7d38d204e374f6b8300c5a559a768e9,ulayout,adjudicated_reference,0.286376801511,True
wc2JMjhGNzB_e9899e516c784fe3b8e78354ba4d49c4,hohonet,public_dataset_reference_not_quality_assumed,0.37211997116,True
wc2JMjhGNzB_e9899e516c784fe3b8e78354ba4d49c4,bi_enclosed,public_dataset_reference_not_quality_assumed,0.372537021907,True
wc2JMjhGNzB_e9899e516c784fe3b8e78354ba4d49c4,bi_extended,public_dataset_reference_not_quality_assumed,0.372282933405,True
wc2JMjhGNzB_e9899e516c784fe3b8e78354ba4d49c4,ulayout,public_dataset_reference_not_quality_assumed,0.384730436501,True
wc2JMjhGNzB_ea42bf32a1984ae399c9f96d9b62b635,hohonet,public_dataset_reference_not_quality_assumed,0.325357861699,True
wc2JMjhGNzB_ea42bf32a1984ae399c9f96d9b62b635,bi_enclosed,public_dataset_reference_not_quality_assumed,0.317758713753,True
wc2JMjhGNzB_ea42bf32a1984ae399c9f96d9b62b635,bi_extended,public_dataset_reference_not_quality_assumed,0.317850216763,True
wc2JMjhGNzB_ea42bf32a1984ae399c9f96d9b62b635,ulayout,public_dataset_reference_not_quality_assumed,0.32031785907,True
wc2JMjhGNzB_eae0ac9f6c5b4764a91c789f14a8c2eb,hohonet,public_dataset_reference_not_quality_assumed,0.251050286125,True
wc2JMjhGNzB_eae0ac9f6c5b4764a91c789f14a8c2eb,bi_enclosed,public_dataset_reference_not_quality_assumed,0.25322912609,True
wc2JMjhGNzB_eae0ac9f6c5b4764a91c789f14a8c2eb,bi_extended,public_dataset_reference_not_quality_assumed,0.253368136752,True
wc2JMjhGNzB_eae0ac9f6c5b4764a91c789f14a8c2eb,ulayout,public_dataset_reference_not_quality_assumed,0.257692075581,True
wc2JMjhGNzB_ebf624692bd6472ca94a297ffa1f4c05,hohonet,public_dataset_reference_not_quality_assumed,0.164125758088,True
wc2JMjhGNzB_ebf624692bd6472ca94a297ffa1f4c05,bi_enclosed,public_dataset_reference_not_quality_assumed,0.169701636761,True
wc2JMjhGNzB_ebf624692bd6472ca94a297ffa1f4c05,bi_extended,public_dataset_reference_not_quality_assumed,0.169971834132,True
wc2JMjhGNzB_ebf624692bd6472ca94a297ffa1f4c05,ulayout,public_dataset_reference_not_quality_assumed,0.171752865499,True
wc2JMjhGNzB_ec04ef10a0664e94878aa2d0f1720c2f,hohonet,public_dataset_reference_not_quality_assumed,0.263738620959,True
wc2JMjhGNzB_ec04ef10a0664e94878aa2d0f1720c2f,bi_enclosed,public_dataset_reference_not_quality_assumed,0.154842327302,True
wc2JMjhGNzB_ec04ef10a0664e94878aa2d0f1720c2f,bi_extended,public_dataset_reference_not_quality_assumed,0.299455817888,True
wc2JMjhGNzB_ec04ef10a0664e94878aa2d0f1720c2f,ulayout,public_dataset_reference_not_quality_assumed,0.294528383058,True
wc2JMjhGNzB_f741f370a16a403a8c758ff77be85a9c,hohonet,public_dataset_reference_not_quality_assumed,0.265656846289,True
wc2JMjhGNzB_f741f370a16a403a8c758ff77be85a9c,bi_enclosed,public_dataset_reference_not_quality_assumed,0.26015368007,True
wc2JMjhGNzB_f741f370a16a403a8c758ff77be85a9c,bi_extended,public_dataset_reference_not_quality_assumed,0.262375904577,True
wc2JMjhGNzB_f741f370a16a403a8c758ff77be85a9c,ulayout,public_dataset_reference_not_quality_assumed,0.288375467604,True
x8F5xyUWy9e_1be9a97aada84e4795f64583ac0e3b76,hohonet,public_dataset_reference_not_quality_assumed,0.229661271153,True
x8F5xyUWy9e_1be9a97aada84e4795f64583ac0e3b76,bi_enclosed,public_dataset_reference_not_quality_assumed,0.228753641939,True
x8F5xyUWy9e_1be9a97aada84e4795f64583ac0e3b76,bi_extended,public_dataset_reference_not_quality_assumed,0.228773605983,True
x8F5xyUWy9e_1be9a97aada84e4795f64583ac0e3b76,ulayout,public_dataset_reference_not_quality_assumed,0.232582543472,True
x8F5xyUWy9e_2669f5ba693c4e729d7d2c4f3fa0a077,hohonet,public_dataset_reference_not_quality_assumed,0.123396825158,True
x8F5xyUWy9e_2669f5ba693c4e729d7d2c4f3fa0a077,bi_enclosed,public_dataset_reference_not_quality_assumed,0.133142308304,True
x8F5xyUWy9e_2669f5ba693c4e729d7d2c4f3fa0a077,bi_extended,public_dataset_reference_not_quality_assumed,0.132555573247,True
x8F5xyUWy9e_2669f5ba693c4e729d7d2c4f3fa0a077,ulayout,public_dataset_reference_not_quality_assumed,0.127068375935,True
x8F5xyUWy9e_3a127fd2c5f34d978cba253145dae7d6,hohonet,public_dataset_reference_not_quality_assumed,0.338479035888,True
x8F5xyUWy9e_3a127fd2c5f34d978cba253145dae7d6,bi_enclosed,public_dataset_reference_not_quality_assumed,0.338819890737,True
x8F5xyUWy9e_3a127fd2c5f34d978cba253145dae7d6,bi_extended,public_dataset_reference_not_quality_assumed,0.338692387763,True
x8F5xyUWy9e_3a127fd2c5f34d978cba253145dae7d6,ulayout,public_dataset_reference_not_quality_assumed,0.354352561736,True
x8F5xyUWy9e_46b120dde4004bf9ada90cf967c0585b,hohonet,public_dataset_reference_not_quality_assumed,0.33015210461,True
x8F5xyUWy9e_46b120dde4004bf9ada90cf967c0585b,bi_enclosed,public_dataset_reference_not_quality_assumed,0.347827154313,True
x8F5xyUWy9e_46b120dde4004bf9ada90cf967c0585b,bi_extended,public_dataset_reference_not_quality_assumed,0.347565523681,True
x8F5xyUWy9e_46b120dde4004bf9ada90cf967c0585b,ulayout,public_dataset_reference_not_quality_assumed,0.351837126768,True
x8F5xyUWy9e_59d9c66f57b14062a49e17e8f1da2151,hohonet,public_dataset_reference_not_quality_assumed,0.165845320428,True
x8F5xyUWy9e_59d9c66f57b14062a49e17e8f1da2151,bi_enclosed,public_dataset_reference_not_quality_assumed,0.161896763131,True
x8F5xyUWy9e_59d9c66f57b14062a49e17e8f1da2151,bi_extended,public_dataset_reference_not_quality_assumed,0.16246772398,True
x8F5xyUWy9e_59d9c66f57b14062a49e17e8f1da2151,ulayout,public_dataset_reference_not_quality_assumed,0.169947565502,True
x8F5xyUWy9e_61dabfb7fecf4f328ad300a6f4b96037,hohonet,public_dataset_reference_not_quality_assumed,0.198663141968,True
x8F5xyUWy9e_61dabfb7fecf4f328ad300a6f4b96037,bi_enclosed,public_dataset_reference_not_quality_assumed,0.196268851298,True
x8F5xyUWy9e_61dabfb7fecf4f328ad300a6f4b96037,bi_extended,public_dataset_reference_not_quality_assumed,0.195930517955,True
x8F5xyUWy9e_61dabfb7fecf4f328ad300a6f4b96037,ulayout,public_dataset_reference_not_quality_assumed,0.193243059269,True
x8F5xyUWy9e_9077f8ffceb943808934837db41e5616,hohonet,public_dataset_reference_not_quality_assumed,0.215526240786,True
x8F5xyUWy9e_9077f8ffceb943808934837db41e5616,bi_enclosed,public_dataset_reference_not_quality_assumed,0.252829410285,True
x8F5xyUWy9e_9077f8ffceb943808934837db41e5616,bi_extended,public_dataset_reference_not_quality_assumed,0.252997828057,True
x8F5xyUWy9e_9077f8ffceb943808934837db41e5616,ulayout,public_dataset_reference_not_quality_assumed,0.243628134215,True
x8F5xyUWy9e_9926b38bd87e44e292d9c375050dd17d,hohonet,public_dataset_reference_not_quality_assumed,0.229373982266,True
x8F5xyUWy9e_9926b38bd87e44e292d9c375050dd17d,bi_enclosed,public_dataset_reference_not_quality_assumed,0.244606849749,True
x8F5xyUWy9e_9926b38bd87e44e292d9c375050dd17d,bi_extended,public_dataset_reference_not_quality_assumed,0.244912832854,True
x8F5xyUWy9e_9926b38bd87e44e292d9c375050dd17d,ulayout,public_dataset_reference_not_quality_assumed,0.250443725192,True
x8F5xyUWy9e_a51a0e2811f342a599ae4cdb9b84ff23,hohonet,adjudicated_reference,0.195785731074,True
x8F5xyUWy9e_a51a0e2811f342a599ae4cdb9b84ff23,bi_enclosed,adjudicated_reference,0.188127785541,True
x8F5xyUWy9e_a51a0e2811f342a599ae4cdb9b84ff23,bi_extended,adjudicated_reference,0.188880343474,True
x8F5xyUWy9e_a51a0e2811f342a599ae4cdb9b84ff23,ulayout,adjudicated_reference,0.178562013081,True
x8F5xyUWy9e_b7e0b8b0d65b439382afa4c79db018a7,hohonet,public_dataset_reference_not_quality_assumed,0.320229734782,True
x8F5xyUWy9e_b7e0b8b0d65b439382afa4c79db018a7,bi_enclosed,public_dataset_reference_not_quality_assumed,0.31194333036,True
x8F5xyUWy9e_b7e0b8b0d65b439382afa4c79db018a7,bi_extended,public_dataset_reference_not_quality_assumed,0.312213473097,True
x8F5xyUWy9e_b7e0b8b0d65b439382afa4c79db018a7,ulayout,public_dataset_reference_not_quality_assumed,0.326610090351,True
x8F5xyUWy9e_c66bbecc057b41a8bb2eaa76c6f072a2,hohonet,public_dataset_reference_not_quality_assumed,0.255860452987,True
x8F5xyUWy9e_c66bbecc057b41a8bb2eaa76c6f072a2,bi_enclosed,public_dataset_reference_not_quality_assumed,0.237561847187,True
x8F5xyUWy9e_c66bbecc057b41a8bb2eaa76c6f072a2,bi_extended,public_dataset_reference_not_quality_assumed,0.237496642565,True
x8F5xyUWy9e_c66bbecc057b41a8bb2eaa76c6f072a2,ulayout,public_dataset_reference_not_quality_assumed,0.247210970591,True
yqstnuAEVhm_08e2145b15fc4d2497c084af41dc7089,hohonet,public_dataset_reference_not_quality_assumed,0.202655111141,True
yqstnuAEVhm_08e2145b15fc4d2497c084af41dc7089,bi_enclosed,public_dataset_reference_not_quality_assumed,0.213962061439,True
yqstnuAEVhm_08e2145b15fc4d2497c084af41dc7089,bi_extended,public_dataset_reference_not_quality_assumed,0.214252575712,True
yqstnuAEVhm_08e2145b15fc4d2497c084af41dc7089,ulayout,public_dataset_reference_not_quality_assumed,0.217597057885,True
yqstnuAEVhm_19e4188fa39244378481dcdb18c42dbe,hohonet,public_dataset_reference_not_quality_assumed,0.322877757371,True
yqstnuAEVhm_19e4188fa39244378481dcdb18c42dbe,bi_enclosed,public_dataset_reference_not_quality_assumed,0.340471870931,True
yqstnuAEVhm_19e4188fa39244378481dcdb18c42dbe,bi_extended,public_dataset_reference_not_quality_assumed,0.339709540955,True
yqstnuAEVhm_19e4188fa39244378481dcdb18c42dbe,ulayout,public_dataset_reference_not_quality_assumed,0.340050535621,True
yqstnuAEVhm_1d96a0a27c5a48aa9bd276dc7fe34d9b,hohonet,public_dataset_reference_not_quality_assumed,0.462904656964,True
yqstnuAEVhm_1d96a0a27c5a48aa9bd276dc7fe34d9b,bi_enclosed,public_dataset_reference_not_quality_assumed,0.457358983348,True
yqstnuAEVhm_1d96a0a27c5a48aa9bd276dc7fe34d9b,bi_extended,public_dataset_reference_not_quality_assumed,0.456901575969,True
yqstnuAEVhm_1d96a0a27c5a48aa9bd276dc7fe34d9b,ulayout,public_dataset_reference_not_quality_assumed,0.462129848641,True
yqstnuAEVhm_26b2e92ccd314a2da1a4fc8dfc6e6f56,hohonet,public_dataset_reference_not_quality_assumed,0.345801352223,True
yqstnuAEVhm_26b2e92ccd314a2da1a4fc8dfc6e6f56,bi_enclosed,public_dataset_reference_not_quality_assumed,0.195932773978,True
yqstnuAEVhm_26b2e92ccd314a2da1a4fc8dfc6e6f56,bi_extended,public_dataset_reference_not_quality_assumed,0.356996608477,True
yqstnuAEVhm_26b2e92ccd314a2da1a4fc8dfc6e6f56,ulayout,public_dataset_reference_not_quality_assumed,0.357228397189,True
yqstnuAEVhm_2b3fb4746d414cc6a31729b222ed79b2,hohonet,public_dataset_reference_not_quality_assumed,0.321959833592,True
yqstnuAEVhm_2b3fb4746d414cc6a31729b222ed79b2,bi_enclosed,public_dataset_reference_not_quality_assumed,0.319638815147,True
yqstnuAEVhm_2b3fb4746d414cc6a31729b222ed79b2,bi_extended,public_dataset_reference_not_quality_assumed,0.319751979697,True
yqstnuAEVhm_2b3fb4746d414cc6a31729b222ed79b2,ulayout,public_dataset_reference_not_quality_assumed,0.32433416607,True
yqstnuAEVhm_2f8c1f8ea7364f67b1c5fe2be2750257,hohonet,public_dataset_reference_not_quality_assumed,0.251820738486,True
yqstnuAEVhm_2f8c1f8ea7364f67b1c5fe2be2750257,bi_enclosed,public_dataset_reference_not_quality_assumed,0.25379631028,True
yqstnuAEVhm_2f8c1f8ea7364f67b1c5fe2be2750257,bi_extended,public_dataset_reference_not_quality_assumed,0.253414266357,True
yqstnuAEVhm_2f8c1f8ea7364f67b1c5fe2be2750257,ulayout,public_dataset_reference_not_quality_assumed,0.256525432453,True
yqstnuAEVhm_30f3ce4575234a7ba5ff97797f059ae1,hohonet,public_dataset_reference_not_quality_assumed,0.348904705836,True
yqstnuAEVhm_30f3ce4575234a7ba5ff97797f059ae1,bi_enclosed,public_dataset_reference_not_quality_assumed,0.33935730234,True
yqstnuAEVhm_30f3ce4575234a7ba5ff97797f059ae1,bi_extended,public_dataset_reference_not_quality_assumed,0.339701422048,True
yqstnuAEVhm_30f3ce4575234a7ba5ff97797f059ae1,ulayout,public_dataset_reference_not_quality_assumed,0.351541630096,True
yqstnuAEVhm_4642492bb42d40debb1a3bad0ea7a24f,hohonet,public_dataset_reference_not_quality_assumed,0.207152182891,True
yqstnuAEVhm_4642492bb42d40debb1a3bad0ea7a24f,bi_enclosed,public_dataset_reference_not_quality_assumed,0.194700691797,True
yqstnuAEVhm_4642492bb42d40debb1a3bad0ea7a24f,bi_extended,public_dataset_reference_not_quality_assumed,0.194137362,True
yqstnuAEVhm_4642492bb42d40debb1a3bad0ea7a24f,ulayout,public_dataset_reference_not_quality_assumed,0.201032744039,True
yqstnuAEVhm_48447297e8444171a5db34ccf38bc229,hohonet,public_dataset_reference_not_quality_assumed,0.20768268186,True
yqstnuAEVhm_48447297e8444171a5db34ccf38bc229,bi_enclosed,public_dataset_reference_not_quality_assumed,0.16959900075,True
yqstnuAEVhm_48447297e8444171a5db34ccf38bc229,bi_extended,public_dataset_reference_not_quality_assumed,0.169787226726,True
yqstnuAEVhm_48447297e8444171a5db34ccf38bc229,ulayout,public_dataset_reference_not_quality_assumed,0.143501566691,True
yqstnuAEVhm_4ab11dce32f346b2becac29e0ac6e526,hohonet,public_dataset_reference_not_quality_assumed,0.361380348902,True
yqstnuAEVhm_4ab11dce32f346b2becac29e0ac6e526,bi_enclosed,public_dataset_reference_not_quality_assumed,0.35890350131,True
yqstnuAEVhm_4ab11dce32f346b2becac29e0ac6e526,bi_extended,public_dataset_reference_not_quality_assumed,0.359014812739,True
yqstnuAEVhm_4ab11dce32f346b2becac29e0ac6e526,ulayout,public_dataset_reference_not_quality_assumed,0.356044203935,True
yqstnuAEVhm_559e923d612748dd8dce2557c3b4b675,hohonet,public_dataset_reference_not_quality_assumed,0.216529978344,True
yqstnuAEVhm_559e923d612748dd8dce2557c3b4b675,bi_enclosed,public_dataset_reference_not_quality_assumed,0.2101774678,True
yqstnuAEVhm_559e923d612748dd8dce2557c3b4b675,bi_extended,public_dataset_reference_not_quality_assumed,0.209029268811,True
yqstnuAEVhm_559e923d612748dd8dce2557c3b4b675,ulayout,public_dataset_reference_not_quality_assumed,0.194870728353,True
yqstnuAEVhm_6440d94be92546fdab587df78fbea28b,hohonet,public_dataset_reference_not_quality_assumed,0.201489692312,True
yqstnuAEVhm_6440d94be92546fdab587df78fbea28b,bi_enclosed,public_dataset_reference_not_quality_assumed,0.211896799004,True
yqstnuAEVhm_6440d94be92546fdab587df78fbea28b,bi_extended,public_dataset_reference_not_quality_assumed,0.209234865999,True
yqstnuAEVhm_6440d94be92546fdab587df78fbea28b,ulayout,public_dataset_reference_not_quality_assumed,0.195899102912,True
yqstnuAEVhm_64ea2c01d6184c35a9575a3e585a9b75,hohonet,public_dataset_reference_not_quality_assumed,0.188985766088,True
yqstnuAEVhm_64ea2c01d6184c35a9575a3e585a9b75,bi_enclosed,public_dataset_reference_not_quality_assumed,0.185523406664,True
yqstnuAEVhm_64ea2c01d6184c35a9575a3e585a9b75,bi_extended,public_dataset_reference_not_quality_assumed,0.185391302014,True
yqstnuAEVhm_64ea2c01d6184c35a9575a3e585a9b75,ulayout,public_dataset_reference_not_quality_assumed,0.193377571427,True
yqstnuAEVhm_6589ad7a5a0444b59adbf501c0f0fe53,hohonet,public_dataset_reference_not_quality_assumed,0.316351618564,True
yqstnuAEVhm_6589ad7a5a0444b59adbf501c0f0fe53,bi_enclosed,public_dataset_reference_not_quality_assumed,0.304057469796,True
yqstnuAEVhm_6589ad7a5a0444b59adbf501c0f0fe53,bi_extended,public_dataset_reference_not_quality_assumed,0.303972095888,True
yqstnuAEVhm_6589ad7a5a0444b59adbf501c0f0fe53,ulayout,public_dataset_reference_not_quality_assumed,0.314396718149,True
yqstnuAEVhm_67429c0368af46509d43ac43dcb904e6,hohonet,public_dataset_reference_not_quality_assumed,0.496117435955,True
yqstnuAEVhm_67429c0368af46509d43ac43dcb904e6,bi_enclosed,public_dataset_reference_not_quality_assumed,0.496575978637,True
yqstnuAEVhm_67429c0368af46509d43ac43dcb904e6,bi_extended,public_dataset_reference_not_quality_assumed,0.496638290805,True
yqstnuAEVhm_67429c0368af46509d43ac43dcb904e6,ulayout,public_dataset_reference_not_quality_assumed,0.496703945234,True
yqstnuAEVhm_6f4d197078d14d6e944ed6533598a6f9,hohonet,public_dataset_reference_not_quality_assumed,0.183776339882,True
yqstnuAEVhm_6f4d197078d14d6e944ed6533598a6f9,bi_enclosed,public_dataset_reference_not_quality_assumed,0.171259935541,True
yqstnuAEVhm_6f4d197078d14d6e944ed6533598a6f9,bi_extended,public_dataset_reference_not_quality_assumed,0.171393615465,True
yqstnuAEVhm_6f4d197078d14d6e944ed6533598a6f9,ulayout,public_dataset_reference_not_quality_assumed,0.169845955119,True
yqstnuAEVhm_700c8b94ab594ac1910e650da9f93c18,hohonet,public_dataset_reference_not_quality_assumed,0.338775774835,True
yqstnuAEVhm_700c8b94ab594ac1910e650da9f93c18,bi_enclosed,public_dataset_reference_not_quality_assumed,0.34090640928,True
yqstnuAEVhm_700c8b94ab594ac1910e650da9f93c18,bi_extended,public_dataset_reference_not_quality_assumed,0.340756555009,True
yqstnuAEVhm_700c8b94ab594ac1910e650da9f93c18,ulayout,public_dataset_reference_not_quality_assumed,0.33977634656,True
yqstnuAEVhm_703d93b8575b4c0ba99c285dea126401,hohonet,public_dataset_reference_not_quality_assumed,0.172187719777,True
yqstnuAEVhm_703d93b8575b4c0ba99c285dea126401,bi_enclosed,public_dataset_reference_not_quality_assumed,0.199429887826,True
yqstnuAEVhm_703d93b8575b4c0ba99c285dea126401,bi_extended,public_dataset_reference_not_quality_assumed,0.200231743845,True
yqstnuAEVhm_703d93b8575b4c0ba99c285dea126401,ulayout,public_dataset_reference_not_quality_assumed,0.193756031765,True
yqstnuAEVhm_7acd3d3a7bee44a8ad04d460509b994e,hohonet,public_dataset_reference_not_quality_assumed,0.335601136709,True
yqstnuAEVhm_7acd3d3a7bee44a8ad04d460509b994e,bi_enclosed,public_dataset_reference_not_quality_assumed,0.336811465829,True
yqstnuAEVhm_7acd3d3a7bee44a8ad04d460509b994e,bi_extended,public_dataset_reference_not_quality_assumed,0.336847853324,True
yqstnuAEVhm_7acd3d3a7bee44a8ad04d460509b994e,ulayout,public_dataset_reference_not_quality_assumed,0.33220147284,True
yqstnuAEVhm_858240c249474a24b753d21b85056f23,hohonet,public_dataset_reference_not_quality_assumed,0.205948008651,True
yqstnuAEVhm_858240c249474a24b753d21b85056f23,bi_enclosed,public_dataset_reference_not_quality_assumed,0.327041302838,True
yqstnuAEVhm_858240c249474a24b753d21b85056f23,bi_extended,public_dataset_reference_not_quality_assumed,0.230108964826,True
yqstnuAEVhm_858240c249474a24b753d21b85056f23,ulayout,public_dataset_reference_not_quality_assumed,0.237126847946,True
yqstnuAEVhm_882f2a028ad249d49fdaabc1ddae789d,hohonet,public_dataset_reference_not_quality_assumed,0.288337896915,True
yqstnuAEVhm_882f2a028ad249d49fdaabc1ddae789d,bi_enclosed,public_dataset_reference_not_quality_assumed,0.285618821545,True
yqstnuAEVhm_882f2a028ad249d49fdaabc1ddae789d,bi_extended,public_dataset_reference_not_quality_assumed,0.285551149462,True
yqstnuAEVhm_882f2a028ad249d49fdaabc1ddae789d,ulayout,public_dataset_reference_not_quality_assumed,0.298114881334,True
yqstnuAEVhm_96960ce9646a41e4bc183d75327fe1c1,hohonet,public_dataset_reference_not_quality_assumed,0.331926904357,True
yqstnuAEVhm_96960ce9646a41e4bc183d75327fe1c1,bi_enclosed,public_dataset_reference_not_quality_assumed,0.325335104902,True
yqstnuAEVhm_96960ce9646a41e4bc183d75327fe1c1,bi_extended,public_dataset_reference_not_quality_assumed,0.325287409681,True
yqstnuAEVhm_96960ce9646a41e4bc183d75327fe1c1,ulayout,public_dataset_reference_not_quality_assumed,0.332654554468,True
yqstnuAEVhm_9cb726b170554b9bacd039d4db246040,hohonet,public_dataset_reference_not_quality_assumed,0.18269587477,True
yqstnuAEVhm_9cb726b170554b9bacd039d4db246040,bi_enclosed,public_dataset_reference_not_quality_assumed,0.18545985322,True
yqstnuAEVhm_9cb726b170554b9bacd039d4db246040,bi_extended,public_dataset_reference_not_quality_assumed,0.185161411831,True
yqstnuAEVhm_9cb726b170554b9bacd039d4db246040,ulayout,public_dataset_reference_not_quality_assumed,0.182518970196,True
yqstnuAEVhm_9de98503fd994452b627cdcc7a7d47b2,hohonet,public_dataset_reference_not_quality_assumed,0.268735619064,True
yqstnuAEVhm_9de98503fd994452b627cdcc7a7d47b2,bi_enclosed,public_dataset_reference_not_quality_assumed,0.266480050486,True
yqstnuAEVhm_9de98503fd994452b627cdcc7a7d47b2,bi_extended,public_dataset_reference_not_quality_assumed,0.258047177597,True
yqstnuAEVhm_9de98503fd994452b627cdcc7a7d47b2,ulayout,public_dataset_reference_not_quality_assumed,0.34499178553,True
yqstnuAEVhm_a93ea1ea5702412c9ef9c82a436c4599,hohonet,adjudicated_reference,0.312867560954,True
yqstnuAEVhm_a93ea1ea5702412c9ef9c82a436c4599,bi_enclosed,adjudicated_reference,0.322725078965,True
yqstnuAEVhm_a93ea1ea5702412c9ef9c82a436c4599,bi_extended,adjudicated_reference,0.323038801928,True
yqstnuAEVhm_a93ea1ea5702412c9ef9c82a436c4599,ulayout,adjudicated_reference,0.330922327274,True
yqstnuAEVhm_b26ae45c6c12443cbcfc3997f2e63347,hohonet,public_dataset_reference_not_quality_assumed,0.294101328022,True
yqstnuAEVhm_b26ae45c6c12443cbcfc3997f2e63347,bi_enclosed,public_dataset_reference_not_quality_assumed,0.285479133669,True
yqstnuAEVhm_b26ae45c6c12443cbcfc3997f2e63347,bi_extended,public_dataset_reference_not_quality_assumed,0.285393625531,True
yqstnuAEVhm_b26ae45c6c12443cbcfc3997f2e63347,ulayout,public_dataset_reference_not_quality_assumed,0.295724112263,True
yqstnuAEVhm_be1f9bddd03847cf964f3b9598c8e5d3,hohonet,public_dataset_reference_not_quality_assumed,0.259809457485,True
yqstnuAEVhm_be1f9bddd03847cf964f3b9598c8e5d3,bi_enclosed,public_dataset_reference_not_quality_assumed,0.282698882562,True
yqstnuAEVhm_be1f9bddd03847cf964f3b9598c8e5d3,bi_extended,public_dataset_reference_not_quality_assumed,0.283481718146,True
yqstnuAEVhm_be1f9bddd03847cf964f3b9598c8e5d3,ulayout,public_dataset_reference_not_quality_assumed,0.272144599472,True
yqstnuAEVhm_c93bf298b1cb41a1b368a6ce8bcff53d,hohonet,public_dataset_reference_not_quality_assumed,0.288723495781,True
yqstnuAEVhm_c93bf298b1cb41a1b368a6ce8bcff53d,bi_enclosed,public_dataset_reference_not_quality_assumed,0.299169615843,True
yqstnuAEVhm_c93bf298b1cb41a1b368a6ce8bcff53d,bi_extended,public_dataset_reference_not_quality_assumed,0.299522226746,True
yqstnuAEVhm_c93bf298b1cb41a1b368a6ce8bcff53d,ulayout,public_dataset_reference_not_quality_assumed,0.284522274556,True
yqstnuAEVhm_e3a33da5e5334b3fbc96997fc9c269dd,hohonet,public_dataset_reference_not_quality_assumed,0.40813432494,True
yqstnuAEVhm_e3a33da5e5334b3fbc96997fc9c269dd,bi_enclosed,public_dataset_reference_not_quality_assumed,0.402098151878,True
yqstnuAEVhm_e3a33da5e5334b3fbc96997fc9c269dd,bi_extended,public_dataset_reference_not_quality_assumed,0.402167502369,True
yqstnuAEVhm_e3a33da5e5334b3fbc96997fc9c269dd,ulayout,public_dataset_reference_not_quality_assumed,0.408717584104,True
yqstnuAEVhm_e3face7b2196414d95ed97151aa13058,hohonet,adjudicated_reference,0.321448698081,True
yqstnuAEVhm_e3face7b2196414d95ed97151aa13058,bi_enclosed,adjudicated_reference,0.3219576507,True
yqstnuAEVhm_e3face7b2196414d95ed97151aa13058,bi_extended,adjudicated_reference,0.326818976692,True
yqstnuAEVhm_e3face7b2196414d95ed97151aa13058,ulayout,adjudicated_reference,0.312417263397,True
yqstnuAEVhm_e650c19e3eb34cc0b98374e5a23d1f65,hohonet,adjudicated_reference,0.244155929847,True
yqstnuAEVhm_e650c19e3eb34cc0b98374e5a23d1f65,bi_enclosed,adjudicated_reference,0.245092208179,True
yqstnuAEVhm_e650c19e3eb34cc0b98374e5a23d1f65,bi_extended,adjudicated_reference,0.239268327283,True
yqstnuAEVhm_e650c19e3eb34cc0b98374e5a23d1f65,ulayout,adjudicated_reference,0.244084355119,True
yqstnuAEVhm_e6ed009322974b1d89c053c04c0849fa,hohonet,public_dataset_reference_not_quality_assumed,0.266032247388,True
yqstnuAEVhm_e6ed009322974b1d89c053c04c0849fa,bi_enclosed,public_dataset_reference_not_quality_assumed,0.248955785996,True
yqstnuAEVhm_e6ed009322974b1d89c053c04c0849fa,bi_extended,public_dataset_reference_not_quality_assumed,0.249051306605,True
yqstnuAEVhm_e6ed009322974b1d89c053c04c0849fa,ulayout,public_dataset_reference_not_quality_assumed,0.253108806787,True
yqstnuAEVhm_e9b4d8e951cb4712b3905c8f4c4dabb5,hohonet,adjudicated_reference,0.420082481884,True
yqstnuAEVhm_e9b4d8e951cb4712b3905c8f4c4dabb5,bi_enclosed,adjudicated_reference,0.426072334361,True
yqstnuAEVhm_e9b4d8e951cb4712b3905c8f4c4dabb5,bi_extended,adjudicated_reference,0.426088280254,True
yqstnuAEVhm_e9b4d8e951cb4712b3905c8f4c4dabb5,ulayout,adjudicated_reference,0.421414398459,True
yqstnuAEVhm_f2eeae1a36f14f6cb7b934efd9becb4d,hohonet,public_dataset_reference_not_quality_assumed,0.191313700444,True
yqstnuAEVhm_f2eeae1a36f14f6cb7b934efd9becb4d,bi_enclosed,public_dataset_reference_not_quality_assumed,0.185015313255,True
yqstnuAEVhm_f2eeae1a36f14f6cb7b934efd9becb4d,bi_extended,public_dataset_reference_not_quality_assumed,0.185320560492,True
yqstnuAEVhm_f2eeae1a36f14f6cb7b934efd9becb4d,ulayout,public_dataset_reference_not_quality_assumed,0.220212682564,True
yqstnuAEVhm_fc84c67a0ffd49cf8ffdc32df703bc86,hohonet,public_dataset_reference_not_quality_assumed,0.106581567896,True
yqstnuAEVhm_fc84c67a0ffd49cf8ffdc32df703bc86,bi_enclosed,public_dataset_reference_not_quality_assumed,0.0980015120891,True
yqstnuAEVhm_fc84c67a0ffd49cf8ffdc32df703bc86,bi_extended,public_dataset_reference_not_quality_assumed,0.0979540667608,True
yqstnuAEVhm_fc84c67a0ffd49cf8ffdc32df703bc86,ulayout,public_dataset_reference_not_quality_assumed,0.0983787260492,True
zsNo4HB9uLZ_19b2aa3137ae44f19821ec0f3da4a836,hohonet,public_dataset_reference_not_quality_assumed,0.278116769958,True
zsNo4HB9uLZ_19b2aa3137ae44f19821ec0f3da4a836,bi_enclosed,public_dataset_reference_not_quality_assumed,0.293805238845,True
zsNo4HB9uLZ_19b2aa3137ae44f19821ec0f3da4a836,bi_extended,public_dataset_reference_not_quality_assumed,0.293529966468,True
zsNo4HB9uLZ_19b2aa3137ae44f19821ec0f3da4a836,ulayout,public_dataset_reference_not_quality_assumed,0.290772629143,True
zsNo4HB9uLZ_2caadd7bc71c43d5ad10f4e7f10a3455,hohonet,public_dataset_reference_not_quality_assumed,0.297533305141,True
zsNo4HB9uLZ_2caadd7bc71c43d5ad10f4e7f10a3455,bi_enclosed,public_dataset_reference_not_quality_assumed,0.340760896597,True
zsNo4HB9uLZ_2caadd7bc71c43d5ad10f4e7f10a3455,bi_extended,public_dataset_reference_not_quality_assumed,0.340590452257,True
zsNo4HB9uLZ_2caadd7bc71c43d5ad10f4e7f10a3455,ulayout,public_dataset_reference_not_quality_assumed,0.348420965316,True
zsNo4HB9uLZ_2e349b06dd94494ea4b887458e4ab4a3,hohonet,public_dataset_reference_not_quality_assumed,0.255482019671,True
zsNo4HB9uLZ_2e349b06dd94494ea4b887458e4ab4a3,bi_enclosed,public_dataset_reference_not_quality_assumed,0.258201596362,True
zsNo4HB9uLZ_2e349b06dd94494ea4b887458e4ab4a3,bi_extended,public_dataset_reference_not_quality_assumed,0.258429276111,True
zsNo4HB9uLZ_2e349b06dd94494ea4b887458e4ab4a3,ulayout,public_dataset_reference_not_quality_assumed,0.255513133098,True
zsNo4HB9uLZ_38260e04f02546a6af3dcaf8689546a2,hohonet,public_dataset_reference_not_quality_assumed,0.317856568049,True
zsNo4HB9uLZ_38260e04f02546a6af3dcaf8689546a2,bi_enclosed,public_dataset_reference_not_quality_assumed,0.329764588077,True
zsNo4HB9uLZ_38260e04f02546a6af3dcaf8689546a2,bi_extended,public_dataset_reference_not_quality_assumed,0.328242923928,True
zsNo4HB9uLZ_38260e04f02546a6af3dcaf8689546a2,ulayout,public_dataset_reference_not_quality_assumed,0.285632073082,True
zsNo4HB9uLZ_5340c12f388446b589bf2c082c39bd5e,hohonet,public_dataset_reference_not_quality_assumed,0.129194383589,True
zsNo4HB9uLZ_5340c12f388446b589bf2c082c39bd5e,bi_enclosed,public_dataset_reference_not_quality_assumed,0.11089825047,True
zsNo4HB9uLZ_5340c12f388446b589bf2c082c39bd5e,bi_extended,public_dataset_reference_not_quality_assumed,0.110532417952,True
zsNo4HB9uLZ_5340c12f388446b589bf2c082c39bd5e,ulayout,public_dataset_reference_not_quality_assumed,0.129890678069,True
zsNo4HB9uLZ_6472b7993a6e440a9d0e12b560ff4616,hohonet,public_dataset_reference_not_quality_assumed,0.223604900452,True
zsNo4HB9uLZ_6472b7993a6e440a9d0e12b560ff4616,bi_enclosed,public_dataset_reference_not_quality_assumed,0.228441388033,True
zsNo4HB9uLZ_6472b7993a6e440a9d0e12b560ff4616,bi_extended,public_dataset_reference_not_quality_assumed,0.228505259537,True
zsNo4HB9uLZ_6472b7993a6e440a9d0e12b560ff4616,ulayout,public_dataset_reference_not_quality_assumed,0.232620312008,True
zsNo4HB9uLZ_65eefaf93e6249908e6389eb4eabf0f5,hohonet,public_dataset_reference_not_quality_assumed,0.191247824388,True
zsNo4HB9uLZ_65eefaf93e6249908e6389eb4eabf0f5,bi_enclosed,public_dataset_reference_not_quality_assumed,0.21726868698,True
zsNo4HB9uLZ_65eefaf93e6249908e6389eb4eabf0f5,bi_extended,public_dataset_reference_not_quality_assumed,0.217353441232,True
zsNo4HB9uLZ_65eefaf93e6249908e6389eb4eabf0f5,ulayout,public_dataset_reference_not_quality_assumed,0.227181388712,True
zsNo4HB9uLZ_7d1391357299496cbb82840960d05a66,hohonet,public_dataset_reference_not_quality_assumed,0.160218857321,True
zsNo4HB9uLZ_7d1391357299496cbb82840960d05a66,bi_enclosed,public_dataset_reference_not_quality_assumed,0.171584519879,True
zsNo4HB9uLZ_7d1391357299496cbb82840960d05a66,bi_extended,public_dataset_reference_not_quality_assumed,0.172196812557,True
zsNo4HB9uLZ_7d1391357299496cbb82840960d05a66,ulayout,public_dataset_reference_not_quality_assumed,0.183493786742,True
zsNo4HB9uLZ_935e0f6088a54fba87990835d1997d9a,hohonet,public_dataset_reference_not_quality_assumed,0.291952684272,True
zsNo4HB9uLZ_935e0f6088a54fba87990835d1997d9a,bi_enclosed,public_dataset_reference_not_quality_assumed,0.294623392288,True
zsNo4HB9uLZ_935e0f6088a54fba87990835d1997d9a,bi_extended,public_dataset_reference_not_quality_assumed,0.294551902175,True
zsNo4HB9uLZ_935e0f6088a54fba87990835d1997d9a,ulayout,public_dataset_reference_not_quality_assumed,0.307123237591,True
zsNo4HB9uLZ_9b1e2472265c46989eb1c3911aa5971b,hohonet,public_dataset_reference_not_quality_assumed,0.145921683082,True
zsNo4HB9uLZ_9b1e2472265c46989eb1c3911aa5971b,bi_enclosed,public_dataset_reference_not_quality_assumed,0.147129133525,True
zsNo4HB9uLZ_9b1e2472265c46989eb1c3911aa5971b,bi_extended,public_dataset_reference_not_quality_assumed,0.14726657544,True
zsNo4HB9uLZ_9b1e2472265c46989eb1c3911aa5971b,ulayout,public_dataset_reference_not_quality_assumed,0.157603034394,True
zsNo4HB9uLZ_b5f873817a0b4b60b8447e96b0b4e955,hohonet,public_dataset_reference_not_quality_assumed,0.161296917373,True
zsNo4HB9uLZ_b5f873817a0b4b60b8447e96b0b4e955,bi_enclosed,public_dataset_reference_not_quality_assumed,0.171599564507,True
zsNo4HB9uLZ_b5f873817a0b4b60b8447e96b0b4e955,bi_extended,public_dataset_reference_not_quality_assumed,0.171538233584,True
zsNo4HB9uLZ_b5f873817a0b4b60b8447e96b0b4e955,ulayout,public_dataset_reference_not_quality_assumed,0.229053591587,True
zsNo4HB9uLZ_b6ca0cc195da4688ba67fa53f0345b98,hohonet,public_dataset_reference_not_quality_assumed,0.254394688887,True
zsNo4HB9uLZ_b6ca0cc195da4688ba67fa53f0345b98,bi_enclosed,public_dataset_reference_not_quality_assumed,0.257736409555,True
zsNo4HB9uLZ_b6ca0cc195da4688ba67fa53f0345b98,bi_extended,public_dataset_reference_not_quality_assumed,0.25800647225,True
zsNo4HB9uLZ_b6ca0cc195da4688ba67fa53f0345b98,ulayout,public_dataset_reference_not_quality_assumed,0.266943499403,True
