image_id,image_code,in_research,original_source,candidate,reason,same_x_pairs,source_pair_x,manual_change,original_pair_count,manual_pair_count
7y3sRwLe3Va_0e9fdd85e24a4a35b3dc1e8cb76ebb09,7y3sRwLe3Va-01,false,data/mp3d_layout/test/label_cor/7y3sRwLe3Va_0e9fdd85e24a4a35b3dc1e8cb76ebb09.txt,true,local_backtracking,false,"[586.21, 941.31, 57.38, 118.08, 218.07, 275.31, 267.81, 317.35]",roundtrip_only,8,8
7y3sRwLe3Va_0eb1323894e041efa23d2f3e60efbe44,7y3sRwLe3Va-02,false,data/mp3d_layout/test/label_cor/7y3sRwLe3Va_0eb1323894e041efa23d2f3e60efbe44.txt,true,local_backtracking,false,"[597.72, 948.55, 72.1, 248.42, 235.07, 480.05]",roundtrip_only,6,6
7y3sRwLe3Va_112edb40f34e470da3a5b04599e71211,7y3sRwLe3Va-03,true,data/mp3d_layout/test/label_cor/7y3sRwLe3Va_112edb40f34e470da3a5b04599e71211.txt,true,local_backtracking,false,"[598.94, 697.92, 618.72, 985.13, 175.44, 347.63]",roundtrip_only,6,6
7y3sRwLe3Va_1410b021e1c14f529188eb026fbb369a,7y3sRwLe3Va-04,true,data/mp3d_layout/test/label_cor/7y3sRwLe3Va_1410b021e1c14f529188eb026fbb369a.txt,false,cyclic_monotonic,false,"[644.67, 895.72, 128.28, 379.33]",roundtrip_only,4,4
7y3sRwLe3Va_155fac2d50764bf09feb6c8f33e8fb76,7y3sRwLe3Va-05,false,data/mp3d_layout/test/label_cor/7y3sRwLe3Va_155fac2d50764bf09feb6c8f33e8fb76.txt,true,local_backtracking,false,"[673.39, 767.95, 767.91, 924.31, 115.9, 216.07, 175.58, 446.63]",roundtrip_only,8,8
7y3sRwLe3Va_1679b5de39e548d38ba240f2fd99cae9,7y3sRwLe3Va-06,true,data/mp3d_layout/test/label_cor/7y3sRwLe3Va_1679b5de39e548d38ba240f2fd99cae9.txt,true,local_backtracking,false,"[503.09, 489.41, 722.07, 821.48, 14.62, 1.02, 22.53, 390.62]",roundtrip_only,8,8
7y3sRwLe3Va_1e7c16e6cb054c9fbbeb15160bc11f73,7y3sRwLe3Va-07,false,data/mp3d_layout/test/label_cor/7y3sRwLe3Va_1e7c16e6cb054c9fbbeb15160bc11f73.txt,false,cyclic_monotonic,false,"[586.26, 628.64, 736.81, 901.26, 53.71, 379.15]",roundtrip_only,6,6
7y3sRwLe3Va_4291cbfde1024467b1548934653f07ce,7y3sRwLe3Va-08,true,data/mp3d_layout/test/label_cor/7y3sRwLe3Va_4291cbfde1024467b1548934653f07ce.txt,true,same_x_pairs,true,"[645.95, 768.0, 768.0, 1005.36, 22.59, 207.8, 248.91, 316.73, 437.97, 485.65]",roundtrip_only,10,10
7y3sRwLe3Va_54e499c336a0490d8cf1684049f36040,7y3sRwLe3Va-09,false,data/mp3d_layout/test/label_cor/7y3sRwLe3Va_54e499c336a0490d8cf1684049f36040.txt,false,cyclic_monotonic,false,"[616.6, 991.86, 154.37, 286.96]",roundtrip_only,4,4
7y3sRwLe3Va_5c39473b25b74307858764d1a2045b9e,7y3sRwLe3Va-10,true,data/mp3d_layout/test/label_cor/7y3sRwLe3Va_5c39473b25b74307858764d1a2045b9e.txt,true,local_backtracking,false,"[747.88, 779.31, 16.11, 3.99, 109.95, 338.21]",roundtrip_only,6,6
7y3sRwLe3Va_606f9842b8af48daa28f10df8b69d861,7y3sRwLe3Va-11,true,data/mp3d_layout/test/label_cor/7y3sRwLe3Va_606f9842b8af48daa28f10df8b69d861.txt,false,cyclic_monotonic,false,"[582.75, 949.23, 177.28, 339.04]",roundtrip_only,4,4
7y3sRwLe3Va_6376b741b50a4418b3dc3fde791c3c09,7y3sRwLe3Va-12,true,data/mp3d_layout/test/label_cor/7y3sRwLe3Va_6376b741b50a4418b3dc3fde791c3c09.txt,false,cyclic_monotonic,false,"[531.72, 540.2, 630.82, 798.48, 115.91, 495.54]",roundtrip_only,6,6
7y3sRwLe3Va_92fb09a83f8949619b9dc5bda2855456,7y3sRwLe3Va-13,true,data/mp3d_layout/test/label_cor/7y3sRwLe3Va_92fb09a83f8949619b9dc5bda2855456.txt,false,cyclic_monotonic,false,"[710.86, 818.61, 243.12, 270.67]",roundtrip_only,4,4
7y3sRwLe3Va_99b1210b63c94f9184a9f06032a2ea4a,7y3sRwLe3Va-14,false,data/mp3d_layout/test/label_cor/7y3sRwLe3Va_99b1210b63c94f9184a9f06032a2ea4a.txt,false,cyclic_monotonic,false,"[629.78, 872.09, 228.09, 263.62, 268.49, 322.69]",roundtrip_only,6,6
7y3sRwLe3Va_9b72664399a34e4f9dbe470571c73187,7y3sRwLe3Va-15,false,data/mp3d_layout/test/label_cor/7y3sRwLe3Va_9b72664399a34e4f9dbe470571c73187.txt,false,cyclic_monotonic,false,"[541.28, 981.77, 30.04, 204.81, 248.69, 390.38]",roundtrip_only,6,6
7y3sRwLe3Va_9bbf903d50da4ffd9e5d1fb7c9f4d69b,7y3sRwLe3Va-16,false,data/mp3d_layout/test/label_cor/7y3sRwLe3Va_9bbf903d50da4ffd9e5d1fb7c9f4d69b.txt,false,cyclic_monotonic,false,"[639.52, 802.54, 189.77, 436.82]",point_count_changed,4,8
7y3sRwLe3Va_9e4c92fd7eb74504baecf55a3264716e,7y3sRwLe3Va-17,true,data/mp3d_layout/test/label_cor/7y3sRwLe3Va_9e4c92fd7eb74504baecf55a3264716e.txt,false,cyclic_monotonic,false,"[576.62, 838.7, 236.48, 275.02, 288.36, 389.14]",roundtrip_only,6,6
7y3sRwLe3Va_a775c7668ca9419daaf506e76851821e,7y3sRwLe3Va-18,true,data/mp3d_layout/test/label_cor/7y3sRwLe3Va_a775c7668ca9419daaf506e76851821e.txt,true,local_backtracking,false,"[576.67, 771.2, 773.13, 857.92, 801.48, 933.3, 54.29, 198.44, 170.82, 253.38, 254.32, 445.92]",roundtrip_only,12,12
7y3sRwLe3Va_ad77d6eeca5b492b8fe3317177f4f03f,7y3sRwLe3Va-19,true,data/mp3d_layout/test/label_cor/7y3sRwLe3Va_ad77d6eeca5b492b8fe3317177f4f03f.txt,true,local_backtracking,false,"[427.44, 393.75, 636.21, 601.81, 684.17, 943.55, 77.83, 342.57]",roundtrip_only,8,8
7y3sRwLe3Va_af5f1942b4374015823bd32e31b31c64,7y3sRwLe3Va-20,false,data/mp3d_layout/test/label_cor/7y3sRwLe3Va_af5f1942b4374015823bd32e31b31c64.txt,true,local_backtracking,false,"[731.21, 868.44, 985.59, 889.33, 234.23, 287.69]",roundtrip_only,6,6
7y3sRwLe3Va_b47475370e824b9e923a4a96bc98e1e3,7y3sRwLe3Va-21,true,data/mp3d_layout/test/label_cor/7y3sRwLe3Va_b47475370e824b9e923a4a96bc98e1e3.txt,true,local_backtracking,false,"[518.92, 587.92, 736.54, 828.4, 199.27, 286.59, 295.13, 316.79, 279.82, 387.82]",roundtrip_only,10,10
7y3sRwLe3Va_b564162b2c7d4033bfe6ef3dfb959c9e,7y3sRwLe3Va-22,true,data/mp3d_layout/test/label_cor/7y3sRwLe3Va_b564162b2c7d4033bfe6ef3dfb959c9e.txt,false,cyclic_monotonic,false,"[616.15, 799.96, 239.58, 276.35, 312.46, 435.43]",roundtrip_only,6,6
7y3sRwLe3Va_bbcc19afdad742eba89290ad2b5dbf6b,7y3sRwLe3Va-23,true,data/mp3d_layout/test/label_cor/7y3sRwLe3Va_bbcc19afdad742eba89290ad2b5dbf6b.txt,false,cyclic_monotonic,false,"[716.72, 853.83, 168.56, 308.37]",roundtrip_only,4,4
7y3sRwLe3Va_dd83fb40a2e14ac99de9fe9bcfaf44df,7y3sRwLe3Va-24,false,data/mp3d_layout/test/label_cor/7y3sRwLe3Va_dd83fb40a2e14ac99de9fe9bcfaf44df.txt,true,local_backtracking,false,"[717.91, 764.82, 750.33, 995.58, 19.03, 453.44]",roundtrip_only,6,6
7y3sRwLe3Va_dfe1f8e8b58d4da49f0c73516e7a4b67,7y3sRwLe3Va-25,false,data/mp3d_layout/test/label_cor/7y3sRwLe3Va_dfe1f8e8b58d4da49f0c73516e7a4b67.txt,false,cyclic_monotonic,false,"[640.0, 1000.79, 25.56, 376.05]",roundtrip_only,4,4
7y3sRwLe3Va_fdab6422162e49db822a37178ab70481,7y3sRwLe3Va-26,true,data/mp3d_layout/test/label_cor/7y3sRwLe3Va_fdab6422162e49db822a37178ab70481.txt,true,local_backtracking,false,"[704.46, 788.91, 220.45, 305.16, 382.93, 368.14, 485.5, 502.2]",roundtrip_only,8,8
B6ByNegPMKs_02e18ec4d4f94d2eb4407346c822dee2,B6ByNegPMKs-01,false,data/mp3d_layout/test/label_cor/B6ByNegPMKs_02e18ec4d4f94d2eb4407346c822dee2.txt,false,cyclic_monotonic,false,"[756.97, 781.22, 243.3, 266.6]",roundtrip_only,4,4
B6ByNegPMKs_0e5ba44387774783903fea2a1b8f53dd,B6ByNegPMKs-02,false,data/mp3d_layout/test/label_cor/B6ByNegPMKs_0e5ba44387774783903fea2a1b8f53dd.txt,false,cyclic_monotonic,false,"[746.86, 788.0, 218.64, 295.43]",roundtrip_only,4,4
B6ByNegPMKs_0f8e559bf8d4427ba275e63aba46e3e5,B6ByNegPMKs-03,false,data/mp3d_layout/test/label_cor/B6ByNegPMKs_0f8e559bf8d4427ba275e63aba46e3e5.txt,true,local_backtracking,false,"[590.4, 781.53, 775.16, 826.72, 190.02, 395.41]",roundtrip_only,6,6
B6ByNegPMKs_1bf33cdff9a54d65a9be6889eb912fb5,B6ByNegPMKs-04,false,data/mp3d_layout/test/label_cor/B6ByNegPMKs_1bf33cdff9a54d65a9be6889eb912fb5.txt,false,cyclic_monotonic,false,"[611.11, 910.51, 168.86, 356.76]",roundtrip_only,4,4
B6ByNegPMKs_1c21814e7e7447d5b650afdff65c287e,B6ByNegPMKs-05,false,data/mp3d_layout/test/label_cor/B6ByNegPMKs_1c21814e7e7447d5b650afdff65c287e.txt,false,cyclic_monotonic,false,"[660.73, 873.13, 65.12, 448.46]",roundtrip_only,4,4
B6ByNegPMKs_29138c57da06404d8a009f0deb20537f,B6ByNegPMKs-06,false,data/mp3d_layout/test/label_cor/B6ByNegPMKs_29138c57da06404d8a009f0deb20537f.txt,false,cyclic_monotonic,false,"[623.69, 903.44, 109.55, 411.06]",roundtrip_only,4,4
B6ByNegPMKs_2a1bc1a10d7b45ad902e09cd71767fd9,B6ByNegPMKs-07,false,data/mp3d_layout/test/label_cor/B6ByNegPMKs_2a1bc1a10d7b45ad902e09cd71767fd9.txt,false,cyclic_monotonic,false,"[740.77, 800.37, 226.26, 281.0]",roundtrip_only,4,4
B6ByNegPMKs_343c07bcee6a4740a3cd39540e8f4ca2,B6ByNegPMKs-08,false,data/mp3d_layout/test/label_cor/B6ByNegPMKs_343c07bcee6a4740a3cd39540e8f4ca2.txt,false,cyclic_monotonic,false,"[632.32, 829.73, 101.74, 470.41]",roundtrip_only,4,4
B6ByNegPMKs_3ed1f9b2f3c341d68c6d42895f56f7f9,B6ByNegPMKs-09,false,data/mp3d_layout/test/label_cor/B6ByNegPMKs_3ed1f9b2f3c341d68c6d42895f56f7f9.txt,false,cyclic_monotonic,false,"[594.93, 860.88, 224.88, 336.8]",roundtrip_only,4,4
B6ByNegPMKs_48ee619d38b142f88914e7e2582bc1d8,B6ByNegPMKs-10,true,data/mp3d_layout/test/label_cor/B6ByNegPMKs_48ee619d38b142f88914e7e2582bc1d8.txt,false,cyclic_monotonic,false,"[626.96, 920.64, 105.65, 394.68]",coordinates_changed,4,4
B6ByNegPMKs_4b983544c13946e3a3a518c565ad1086,B6ByNegPMKs-11,true,data/mp3d_layout/test/label_cor/B6ByNegPMKs_4b983544c13946e3a3a518c565ad1086.txt,false,cyclic_monotonic,false,"[645.83, 871.03, 244.64, 270.43]",roundtrip_only,4,4
B6ByNegPMKs_4c769d1a658d41eb995deb5b40af57a4,B6ByNegPMKs-12,false,data/mp3d_layout/test/label_cor/B6ByNegPMKs_4c769d1a658d41eb995deb5b40af57a4.txt,false,cyclic_monotonic,false,"[561.08, 931.95, 203.03, 354.15]",roundtrip_only,4,4
B6ByNegPMKs_4e537870fc094609a7eda53d1e313fa8,B6ByNegPMKs-13,false,data/mp3d_layout/test/label_cor/B6ByNegPMKs_4e537870fc094609a7eda53d1e313fa8.txt,false,cyclic_monotonic,false,"[752.71, 782.76, 226.08, 286.99]",roundtrip_only,4,4
B6ByNegPMKs_51623bde5d4a4550b2c34efe044a16dc,B6ByNegPMKs-14,false,data/mp3d_layout/test/label_cor/B6ByNegPMKs_51623bde5d4a4550b2c34efe044a16dc.txt,false,cyclic_monotonic,false,"[752.67, 784.16, 240.76, 270.46]",roundtrip_only,4,4
B6ByNegPMKs_53249ef8a94c4c40bd6f09c069e54d16,B6ByNegPMKs-15,false,data/mp3d_layout/test/label_cor/B6ByNegPMKs_53249ef8a94c4c40bd6f09c069e54d16.txt,false,cyclic_monotonic,false,"[748.52, 786.96, 234.36, 278.23]",roundtrip_only,4,4
B6ByNegPMKs_59cbdf96b19c4cc4a576e6658c5f67d6,B6ByNegPMKs-16,false,data/mp3d_layout/test/label_cor/B6ByNegPMKs_59cbdf96b19c4cc4a576e6658c5f67d6.txt,false,cyclic_monotonic,false,"[760.1, 778.22, 247.83, 262.32]",roundtrip_only,4,4
B6ByNegPMKs_5b3d1c9fefb64512b0c9750a00feece4,B6ByNegPMKs-17,false,data/mp3d_layout/test/label_cor/B6ByNegPMKs_5b3d1c9fefb64512b0c9750a00feece4.txt,false,cyclic_monotonic,false,"[611.89, 963.8, 163.73, 310.85]",roundtrip_only,4,4
B6ByNegPMKs_5b5bd1eac4e6462d8c6677b90a4cf9a9,B6ByNegPMKs-18,true,data/mp3d_layout/test/label_cor/B6ByNegPMKs_5b5bd1eac4e6462d8c6677b90a4cf9a9.txt,false,cyclic_monotonic,false,"[753.04, 783.52, 213.83, 296.7]",roundtrip_only,4,4
B6ByNegPMKs_6ef1007d4f8641cfa4102b27787f0210,B6ByNegPMKs-19,false,data/mp3d_layout/test/label_cor/B6ByNegPMKs_6ef1007d4f8641cfa4102b27787f0210.txt,false,cyclic_monotonic,false,"[555.16, 935.47, 217.92, 335.42]",roundtrip_only,4,4
B6ByNegPMKs_6f74372f4fbe4741b5388a6583284ad3,B6ByNegPMKs-20,false,data/mp3d_layout/test/label_cor/B6ByNegPMKs_6f74372f4fbe4741b5388a6583284ad3.txt,false,cyclic_monotonic,false,"[562.18, 900.86, 212.86, 366.27]",roundtrip_only,4,4
B6ByNegPMKs_7018ca302c584d0d85024187f3568460,B6ByNegPMKs-21,true,data/mp3d_layout/test/label_cor/B6ByNegPMKs_7018ca302c584d0d85024187f3568460.txt,false,cyclic_monotonic,false,"[671.18, 945.47, 66.92, 367.09]",roundtrip_only,4,4
B6ByNegPMKs_75327de9719945aa8b893a6404667884,B6ByNegPMKs-22,true,data/mp3d_layout/test/label_cor/B6ByNegPMKs_75327de9719945aa8b893a6404667884.txt,false,cyclic_monotonic,false,"[753.06, 785.18, 239.18, 270.63]",coordinates_changed,4,4
B6ByNegPMKs_8a830452b3b449d08625f3d70bdd07b8,B6ByNegPMKs-23,false,data/mp3d_layout/test/label_cor/B6ByNegPMKs_8a830452b3b449d08625f3d70bdd07b8.txt,false,cyclic_monotonic,false,"[753.43, 781.99, 239.12, 273.58]",roundtrip_only,4,4
B6ByNegPMKs_8b1abc1b47784d758b9ec1e079160475,B6ByNegPMKs-24,false,data/mp3d_layout/test/label_cor/B6ByNegPMKs_8b1abc1b47784d758b9ec1e079160475.txt,false,cyclic_monotonic,false,"[748.77, 787.27, 157.33, 354.53]",roundtrip_only,4,4
B6ByNegPMKs_8b4e1e0ada214ee68dc9e0350cbad884,B6ByNegPMKs-25,false,data/mp3d_layout/test/label_cor/B6ByNegPMKs_8b4e1e0ada214ee68dc9e0350cbad884.txt,false,cyclic_monotonic,false,"[530.08, 1009.57, 127.49, 366.15]",roundtrip_only,4,4
B6ByNegPMKs_8c414a8052c844b4bcd5dc3fadde7f8c,B6ByNegPMKs-26,false,data/mp3d_layout/test/label_cor/B6ByNegPMKs_8c414a8052c844b4bcd5dc3fadde7f8c.txt,false,cyclic_monotonic,false,"[759.75, 777.32, 245.03, 265.71]",roundtrip_only,4,4
B6ByNegPMKs_8c889fb13bce4bcebdac872570cb5381,B6ByNegPMKs-27,false,data/mp3d_layout/test/label_cor/B6ByNegPMKs_8c889fb13bce4bcebdac872570cb5381.txt,false,cyclic_monotonic,false,"[562.89, 877.08, 225.61, 359.69]",roundtrip_only,4,4
B6ByNegPMKs_8d4e583714dd484d8e1e9bfb38ef2250,B6ByNegPMKs-28,false,data/mp3d_layout/test/label_cor/B6ByNegPMKs_8d4e583714dd484d8e1e9bfb38ef2250.txt,false,cyclic_monotonic,false,"[727.38, 843.24, 151.02, 315.78]",roundtrip_only,4,4
B6ByNegPMKs_9a11dae14ce9444287b881b54c6f6b6e,B6ByNegPMKs-29,false,data/mp3d_layout/test/label_cor/B6ByNegPMKs_9a11dae14ce9444287b881b54c6f6b6e.txt,false,cyclic_monotonic,false,"[756.33, 779.26, 241.45, 271.08]",roundtrip_only,4,4
B6ByNegPMKs_9c62e22ac161400e969f5962b748c3e8,B6ByNegPMKs-30,false,data/mp3d_layout/test/label_cor/B6ByNegPMKs_9c62e22ac161400e969f5962b748c3e8.txt,false,cyclic_monotonic,false,"[662.69, 860.57, 184.0, 339.07]",roundtrip_only,4,4
B6ByNegPMKs_b5d0239ee410435aa172b77984b9faa4,B6ByNegPMKs-31,false,data/mp3d_layout/test/label_cor/B6ByNegPMKs_b5d0239ee410435aa172b77984b9faa4.txt,false,cyclic_monotonic,false,"[645.86, 931.97, 136.85, 335.26]",roundtrip_only,4,4
B6ByNegPMKs_b5dcbc0109a344a281d8ae467ccf3fc2,B6ByNegPMKs-32,false,data/mp3d_layout/test/label_cor/B6ByNegPMKs_b5dcbc0109a344a281d8ae467ccf3fc2.txt,false,cyclic_monotonic,false,"[756.17, 784.82, 241.23, 266.39]",roundtrip_only,4,4
B6ByNegPMKs_b8e1ecf1bd044e7292581a66683e7993,B6ByNegPMKs-33,true,data/mp3d_layout/test/label_cor/B6ByNegPMKs_b8e1ecf1bd044e7292581a66683e7993.txt,false,cyclic_monotonic,false,"[757.11, 780.11, 230.0, 279.4]",roundtrip_only,4,4
B6ByNegPMKs_bb2332e3d7ad40a59ee5ad0eae108dec,B6ByNegPMKs-34,false,data/mp3d_layout/test/label_cor/B6ByNegPMKs_bb2332e3d7ad40a59ee5ad0eae108dec.txt,false,cyclic_monotonic,false,"[727.01, 818.68, 233.39, 274.12]",roundtrip_only,4,4
B6ByNegPMKs_bdc0695537064383b5cc5dbcff2a0b99,B6ByNegPMKs-35,false,data/mp3d_layout/test/label_cor/B6ByNegPMKs_bdc0695537064383b5cc5dbcff2a0b99.txt,false,cyclic_monotonic,false,"[695.03, 932.42, 90.68, 329.75]",roundtrip_only,4,4
B6ByNegPMKs_c36b46ddcadf4896a2aa0abca657f33d,B6ByNegPMKs-36,false,data/mp3d_layout/test/label_cor/B6ByNegPMKs_c36b46ddcadf4896a2aa0abca657f33d.txt,false,cyclic_monotonic,false,"[692.37, 953.95, 172.12, 277.03]",roundtrip_only,4,4
B6ByNegPMKs_c946db5792df4f90bea20f06a0030c37,B6ByNegPMKs-37,true,data/mp3d_layout/test/label_cor/B6ByNegPMKs_c946db5792df4f90bea20f06a0030c37.txt,true,local_backtracking,false,"[731.44, 914.4, 959.29, 836.91, 241.41, 270.05]",roundtrip_only,6,6
B6ByNegPMKs_ce2f5a74556c4be192df3ca7a178cefb,B6ByNegPMKs-38,false,data/mp3d_layout/test/label_cor/B6ByNegPMKs_ce2f5a74556c4be192df3ca7a178cefb.txt,false,cyclic_monotonic,false,"[745.68, 936.69, 77.74, 281.58]",roundtrip_only,4,4
B6ByNegPMKs_ce6c6753bebe462e804ec5a2fc8b0580,B6ByNegPMKs-39,false,data/mp3d_layout/test/label_cor/B6ByNegPMKs_ce6c6753bebe462e804ec5a2fc8b0580.txt,false,cyclic_monotonic,false,"[635.75, 992.88, 178.37, 273.07]",roundtrip_only,4,4
B6ByNegPMKs_cee80ced97274e248d4ccaa582e12624,B6ByNegPMKs-40,true,data/mp3d_layout/test/label_cor/B6ByNegPMKs_cee80ced97274e248d4ccaa582e12624.txt,false,cyclic_monotonic,false,"[761.29, 776.53, 248.37, 262.0]",roundtrip_only,4,4
B6ByNegPMKs_cfb2c926a80a4fde93b0d58d49af6549,B6ByNegPMKs-41,false,data/mp3d_layout/test/label_cor/B6ByNegPMKs_cfb2c926a80a4fde93b0d58d49af6549.txt,false,cyclic_monotonic,false,"[669.37, 860.39, 182.29, 335.17]",roundtrip_only,4,4
B6ByNegPMKs_d19d2ae4bddf4445a3c623edc0346937,B6ByNegPMKs-42,true,data/mp3d_layout/test/label_cor/B6ByNegPMKs_d19d2ae4bddf4445a3c623edc0346937.txt,false,cyclic_monotonic,false,"[512.82, 516.71, 745.62, 781.32, 241.67, 281.1, 362.75, 474.0]",roundtrip_only,8,8
B6ByNegPMKs_d2dcbd73533446dcaf50e6be98c30386,B6ByNegPMKs-43,true,data/mp3d_layout/test/label_cor/B6ByNegPMKs_d2dcbd73533446dcaf50e6be98c30386.txt,true,local_backtracking,false,"[527.96, 1007.85, 1023.89, 1022.07, 221.79, 326.23, 473.27, 416.32, 517.5, 512.24]",roundtrip_only,10,10
B6ByNegPMKs_d7ade8d217fe4d068fc3629dd2510898,B6ByNegPMKs-44,false,data/mp3d_layout/test/label_cor/B6ByNegPMKs_d7ade8d217fe4d068fc3629dd2510898.txt,false,cyclic_monotonic,false,"[719.13, 930.19, 145.73, 282.04]",roundtrip_only,4,4
B6ByNegPMKs_dbc3c79b1ce74d209239b1572bd249bb,B6ByNegPMKs-45,false,data/mp3d_layout/test/label_cor/B6ByNegPMKs_dbc3c79b1ce74d209239b1572bd249bb.txt,false,cyclic_monotonic,false,"[698.41, 827.49, 236.68, 278.96]",roundtrip_only,4,4
B6ByNegPMKs_dd1319e5f88a4dd88ccceee489e790cd,B6ByNegPMKs-46,false,data/mp3d_layout/test/label_cor/B6ByNegPMKs_dd1319e5f88a4dd88ccceee489e790cd.txt,false,cyclic_monotonic,false,"[755.81, 779.16, 235.28, 278.62]",roundtrip_only,4,4
B6ByNegPMKs_e26e2cb761894264a4a34b1046701f6b,B6ByNegPMKs-47,true,data/mp3d_layout/test/label_cor/B6ByNegPMKs_e26e2cb761894264a4a34b1046701f6b.txt,true,local_backtracking,false,"[544.17, 846.7, 236.9, 280.07, 289.83, 326.06, 471.03, 427.73, 450.24, 503.55]",roundtrip_only,10,10
B6ByNegPMKs_e52609aae11f42a79f6cf50360180fd5,B6ByNegPMKs-48,true,data/mp3d_layout/test/label_cor/B6ByNegPMKs_e52609aae11f42a79f6cf50360180fd5.txt,false,cyclic_monotonic,false,"[755.38, 780.77, 243.82, 268.03]",roundtrip_only,4,4
B6ByNegPMKs_e5567bd5fa2d4fde8a6b9f15e3274a7e,B6ByNegPMKs-49,false,data/mp3d_layout/test/label_cor/B6ByNegPMKs_e5567bd5fa2d4fde8a6b9f15e3274a7e.txt,false,cyclic_monotonic,false,"[756.27, 780.1, 242.53, 269.06]",roundtrip_only,4,4
B6ByNegPMKs_ee063d1562c147f586ebb9f6fdb05ca6,B6ByNegPMKs-50,true,data/mp3d_layout/test/label_cor/B6ByNegPMKs_ee063d1562c147f586ebb9f6fdb05ca6.txt,false,cyclic_monotonic,false,"[630.19, 916.64, 173.93, 329.09]",roundtrip_only,4,4
B6ByNegPMKs_f701cece31304e16a3faa7f225bfdaa8,B6ByNegPMKs-51,false,data/mp3d_layout/test/label_cor/B6ByNegPMKs_f701cece31304e16a3faa7f225bfdaa8.txt,false,cyclic_monotonic,false,"[754.4, 786.67, 224.85, 278.76]",roundtrip_only,4,4
b8cTxDM8gDG_055056e12afe42578c6f429bc07159d2,b8cTxDM8gDG-01,false,data/mp3d_layout/test/label_cor/b8cTxDM8gDG_055056e12afe42578c6f429bc07159d2.txt,false,cyclic_monotonic,false,"[574.34, 858.71, 179.53, 437.26]",roundtrip_only,4,4
b8cTxDM8gDG_12fc603ce4bc4cbd81c704e630f130bd,b8cTxDM8gDG-02,false,data/mp3d_layout/test/label_cor/b8cTxDM8gDG_12fc603ce4bc4cbd81c704e630f130bd.txt,false,cyclic_monotonic,false,"[678.06, 834.79, 937.02, 1008.61, 140.0, 287.54]",roundtrip_only,6,6
b8cTxDM8gDG_184a9b92b85840d88bf5793da9aa9cba,b8cTxDM8gDG-03,false,data/mp3d_layout/test/label_cor/b8cTxDM8gDG_184a9b92b85840d88bf5793da9aa9cba.txt,false,cyclic_monotonic,false,"[725.7, 892.15, 50.58, 372.52]",roundtrip_only,4,4
b8cTxDM8gDG_298a2386166a43c8a04e1c24433f7d15,b8cTxDM8gDG-04,true,data/mp3d_layout/test/label_cor/b8cTxDM8gDG_298a2386166a43c8a04e1c24433f7d15.txt,true,local_backtracking,false,"[546.8, 730.08, 763.71, 931.97, 46.47, 103.15, 46.86, 455.13]",point_count_changed,8,4
b8cTxDM8gDG_3638da5864ab4d2aa722479d9efa8b71,b8cTxDM8gDG-05,false,data/mp3d_layout/test/label_cor/b8cTxDM8gDG_3638da5864ab4d2aa722479d9efa8b71.txt,false,cyclic_monotonic,false,"[746.35, 839.04, 135.11, 297.89]",roundtrip_only,4,4
b8cTxDM8gDG_3892d409b66644439f5afcf3d296efbf,b8cTxDM8gDG-06,false,data/mp3d_layout/test/label_cor/b8cTxDM8gDG_3892d409b66644439f5afcf3d296efbf.txt,false,cyclic_monotonic,false,"[752.39, 783.67, 224.42, 287.45]",roundtrip_only,4,4
b8cTxDM8gDG_51c90ec9afc4495ab3788c6badc303df,b8cTxDM8gDG-07,true,data/mp3d_layout/test/label_cor/b8cTxDM8gDG_51c90ec9afc4495ab3788c6badc303df.txt,false,cyclic_monotonic,false,"[545.68, 946.87, 143.16, 178.97, 216.66, 381.96]",roundtrip_only,6,6
b8cTxDM8gDG_8316e9313299447bb1f574aaf8cbec73,b8cTxDM8gDG-08,true,data/mp3d_layout/test/label_cor/b8cTxDM8gDG_8316e9313299447bb1f574aaf8cbec73.txt,true,local_backtracking,false,"[509.98, 502.03, 739.9, 820.28, 222.93, 161.46, 223.19, 308.82, 393.79, 338.78]",roundtrip_only,10,10
b8cTxDM8gDG_afc1807e6a1946b79137c1a158526913,b8cTxDM8gDG-09,false,data/mp3d_layout/test/label_cor/b8cTxDM8gDG_afc1807e6a1946b79137c1a158526913.txt,true,local_backtracking,false,"[731.23, 799.71, 846.95, 902.4, 860.33, 948.82, 131.99, 283.54]",roundtrip_only,8,8
b8cTxDM8gDG_b15db460058c41e8aa0c0720344daa30,b8cTxDM8gDG-10,false,data/mp3d_layout/test/label_cor/b8cTxDM8gDG_b15db460058c41e8aa0c0720344daa30.txt,false,cyclic_monotonic,false,"[656.99, 895.97, 174.36, 324.1]",roundtrip_only,4,4
b8cTxDM8gDG_bcd82ce0da1846a58f9d97b00e022af2,b8cTxDM8gDG-11,false,data/mp3d_layout/test/label_cor/b8cTxDM8gDG_bcd82ce0da1846a58f9d97b00e022af2.txt,false,cyclic_monotonic,false,"[756.99, 777.55, 196.76, 323.35]",roundtrip_only,4,4
b8cTxDM8gDG_bd2d16e81707455eacd72cda7eb5d3d5,b8cTxDM8gDG-12,false,data/mp3d_layout/test/label_cor/b8cTxDM8gDG_bd2d16e81707455eacd72cda7eb5d3d5.txt,false,cyclic_monotonic,false,"[575.81, 982.54, 70.67, 408.68]",roundtrip_only,4,4
b8cTxDM8gDG_d38c4ae95f5b4640a2696b923b80d1f4,b8cTxDM8gDG-13,false,data/mp3d_layout/test/label_cor/b8cTxDM8gDG_d38c4ae95f5b4640a2696b923b80d1f4.txt,true,local_backtracking,false,"[554.63, 882.35, 832.15, 975.5, 61.52, 204.14, 194.84, 211.59, 235.26, 363.7]",roundtrip_only,10,10
b8cTxDM8gDG_d6f573aa1add4621af53ba492838ff45,b8cTxDM8gDG-14,false,data/mp3d_layout/test/label_cor/b8cTxDM8gDG_d6f573aa1add4621af53ba492838ff45.txt,false,cyclic_monotonic,false,"[536.39, 613.08, 689.45, 832.33, 232.09, 373.52]",roundtrip_only,6,6
b8cTxDM8gDG_dcbdda428eb846a586886b87d9552d0e,b8cTxDM8gDG-15,false,data/mp3d_layout/test/label_cor/b8cTxDM8gDG_dcbdda428eb846a586886b87d9552d0e.txt,false,cyclic_monotonic,false,"[656.07, 892.45, 138.23, 361.42]",roundtrip_only,4,4
b8cTxDM8gDG_ddc9afa8e031453abd45c783fbfeb4aa,b8cTxDM8gDG-16,false,data/mp3d_layout/test/label_cor/b8cTxDM8gDG_ddc9afa8e031453abd45c783fbfeb4aa.txt,false,cyclic_monotonic,false,"[929.46, 211.5, 367.1, 548.24]",roundtrip_only,4,4
b8cTxDM8gDG_f339391e9479496e8652c972953f0ce4,b8cTxDM8gDG-17,true,data/mp3d_layout/test/label_cor/b8cTxDM8gDG_f339391e9479496e8652c972953f0ce4.txt,true,local_backtracking,false,"[585.87, 987.37, 142.28, 339.46, 437.6, 412.3]",roundtrip_only,6,6
b8cTxDM8gDG_f3748786c3704532abb2358581488f3f,b8cTxDM8gDG-18,true,data/mp3d_layout/test/label_cor/b8cTxDM8gDG_f3748786c3704532abb2358581488f3f.txt,true,local_backtracking,false,"[648.94, 725.26, 730.45, 803.18, 994.09, 1009.15, 170.93, 312.73, 581.73, 538.43]",roundtrip_only,10,10
b8cTxDM8gDG_f63819c407e64c2897b703080766cb60,b8cTxDM8gDG-19,true,data/mp3d_layout/test/label_cor/b8cTxDM8gDG_f63819c407e64c2897b703080766cb60.txt,false,cyclic_monotonic,false,"[749.38, 864.78, 122.21, 285.42]",roundtrip_only,4,4
e9zR4mvMWw7_0977162f6d4e47f7b3764379ba68d8db,e9zR4mvMWw7-01,false,data/mp3d_layout/test/label_cor/e9zR4mvMWw7_0977162f6d4e47f7b3764379ba68d8db.txt,false,cyclic_monotonic,false,"[625.56, 825.08, 226.12, 344.85]",roundtrip_only,4,4
e9zR4mvMWw7_0ee61863ec0c4c06bac95fb886e98945,e9zR4mvMWw7-02,true,data/mp3d_layout/test/label_cor/e9zR4mvMWw7_0ee61863ec0c4c06bac95fb886e98945.txt,false,cyclic_monotonic,false,"[644.86, 995.97, 121.79, 284.49]",roundtrip_only,4,4
e9zR4mvMWw7_12c84e77f6564013a032220e8f9037e8,e9zR4mvMWw7-03,true,data/mp3d_layout/test/label_cor/e9zR4mvMWw7_12c84e77f6564013a032220e8f9037e8.txt,false,cyclic_monotonic,false,"[629.52, 821.11, 121.16, 468.55]",roundtrip_only,4,4
e9zR4mvMWw7_16eb46a968384060821cb59d0e04f4dd,e9zR4mvMWw7-04,false,data/mp3d_layout/test/label_cor/e9zR4mvMWw7_16eb46a968384060821cb59d0e04f4dd.txt,true,local_backtracking,false,"[697.64, 884.83, 943.1, 881.56, 178.03, 344.65]",roundtrip_only,6,6
e9zR4mvMWw7_184edf3d3a4d482dae288e4811945331,e9zR4mvMWw7-05,false,data/mp3d_layout/test/label_cor/e9zR4mvMWw7_184edf3d3a4d482dae288e4811945331.txt,false,cyclic_monotonic,false,"[626.35, 914.06, 183.7, 324.87]",roundtrip_only,4,4
e9zR4mvMWw7_18653fa3d6ba4f82889237201ee07d11,e9zR4mvMWw7-06,false,data/mp3d_layout/test/label_cor/e9zR4mvMWw7_18653fa3d6ba4f82889237201ee07d11.txt,true,local_backtracking,false,"[577.31, 864.79, 196.18, 136.91, 199.02, 250.24, 253.1, 316.64, 358.08, 316.16, 320.0, 337.54]",roundtrip_only,12,12
e9zR4mvMWw7_192fb2a16486430a96b34dffc2e8cbbc,e9zR4mvMWw7-07,false,data/mp3d_layout/test/label_cor/e9zR4mvMWw7_192fb2a16486430a96b34dffc2e8cbbc.txt,false,cyclic_monotonic,false,"[708.36, 942.16, 76.02, 320.51]",roundtrip_only,4,4
e9zR4mvMWw7_1cbe7276fcee411c8695f5f11ac45eb5,e9zR4mvMWw7-08,false,data/mp3d_layout/test/label_cor/e9zR4mvMWw7_1cbe7276fcee411c8695f5f11ac45eb5.txt,false,cyclic_monotonic,false,"[617.97, 998.08, 118.45, 293.95]",roundtrip_only,4,4
e9zR4mvMWw7_1d316dfbe35f41dd9203eaf88be5aae8,e9zR4mvMWw7-09,true,data/mp3d_layout/test/label_cor/e9zR4mvMWw7_1d316dfbe35f41dd9203eaf88be5aae8.txt,true,local_backtracking,false,"[555.06, 917.38, 822.93, 912.07, 1020.43, 1022.96, 89.17, 152.36, 87.61, 374.04]",roundtrip_only,10,10
e9zR4mvMWw7_1daae4b7becc43949516096170ce2a76,e9zR4mvMWw7-10,true,data/mp3d_layout/test/label_cor/e9zR4mvMWw7_1daae4b7becc43949516096170ce2a76.txt,false,cyclic_monotonic,false,"[609.99, 980.67, 112.07, 329.38]",roundtrip_only,4,4
e9zR4mvMWw7_1f8ee74dbb254dff85771776279eae94,e9zR4mvMWw7-11,false,data/mp3d_layout/test/label_cor/e9zR4mvMWw7_1f8ee74dbb254dff85771776279eae94.txt,false,cyclic_monotonic,false,"[748.36, 907.01, 16.66, 386.47]",roundtrip_only,4,4
e9zR4mvMWw7_1ff35596f9cb4b98ba4f08dda81c1654,e9zR4mvMWw7-12,false,data/mp3d_layout/test/label_cor/e9zR4mvMWw7_1ff35596f9cb4b98ba4f08dda81c1654.txt,false,cyclic_monotonic,false,"[559.06, 643.79, 750.6, 794.38, 230.88, 312.25]",roundtrip_only,6,6
e9zR4mvMWw7_2224be23a70a475ea6daa55d4c90a91b,e9zR4mvMWw7-13,false,data/mp3d_layout/test/label_cor/e9zR4mvMWw7_2224be23a70a475ea6daa55d4c90a91b.txt,true,local_backtracking,false,"[503.0, 471.51, 733.65, 701.07, 733.19, 797.97, 74.95, 18.93, 128.99, 205.16, 164.55, 398.32]",roundtrip_only,12,12
e9zR4mvMWw7_2594cedd9da64c338c1ba98abed9efb3,e9zR4mvMWw7-14,false,data/mp3d_layout/test/label_cor/e9zR4mvMWw7_2594cedd9da64c338c1ba98abed9efb3.txt,false,cyclic_monotonic,false,"[716.21, 848.26, 98.51, 374.3]",roundtrip_only,4,4
e9zR4mvMWw7_2e52341d21b940b5b38a9e26c4cf4200,e9zR4mvMWw7-15,true,data/mp3d_layout/test/label_cor/e9zR4mvMWw7_2e52341d21b940b5b38a9e26c4cf4200.txt,false,cyclic_monotonic,false,"[605.16, 1004.68, 122.31, 287.94]",roundtrip_only,4,4
e9zR4mvMWw7_409f2a738bf54153b9b77c39e7a4ea45,e9zR4mvMWw7-16,true,data/mp3d_layout/test/label_cor/e9zR4mvMWw7_409f2a738bf54153b9b77c39e7a4ea45.txt,true,local_backtracking,false,"[570.86, 835.08, 208.0, 158.6, 209.19, 365.79]",point_count_changed,6,4
e9zR4mvMWw7_4273c4dd97974531b5256f96204fee47,e9zR4mvMWw7-17,true,data/mp3d_layout/test/label_cor/e9zR4mvMWw7_4273c4dd97974531b5256f96204fee47.txt,true,local_backtracking,false,"[538.24, 958.8, 186.65, 329.96, 295.81, 330.2, 380.52, 397.45]",roundtrip_only,8,8
e9zR4mvMWw7_4984fc9f1fdf4ff7887430f71b9ae392,e9zR4mvMWw7-18,false,data/mp3d_layout/test/label_cor/e9zR4mvMWw7_4984fc9f1fdf4ff7887430f71b9ae392.txt,false,cyclic_monotonic,false,"[627.57, 813.28, 129.83, 472.03]",roundtrip_only,4,4
e9zR4mvMWw7_4fb8c9be319e4784b4b66f9ca5d839ab,e9zR4mvMWw7-19,true,data/mp3d_layout/test/label_cor/e9zR4mvMWw7_4fb8c9be319e4784b4b66f9ca5d839ab.txt,true,local_backtracking,false,"[578.19, 721.52, 644.34, 988.0, 10.91, 76.78, 111.0, 19.08, 129.63, 277.29, 430.2, 505.56]",point_count_changed,12,6
e9zR4mvMWw7_511976eee78f42e6858dcb7845a44777,e9zR4mvMWw7-20,false,data/mp3d_layout/test/label_cor/e9zR4mvMWw7_511976eee78f42e6858dcb7845a44777.txt,true,local_backtracking,false,"[535.22, 996.95, 170.01, 224.13, 185.34, 239.74, 244.39, 394.21]",roundtrip_only,8,8
e9zR4mvMWw7_5a03fdefad7a46f4abaf1b2b924ec153,e9zR4mvMWw7-21,false,data/mp3d_layout/test/label_cor/e9zR4mvMWw7_5a03fdefad7a46f4abaf1b2b924ec153.txt,false,cyclic_monotonic,false,"[748.92, 812.4, 43.03, 126.13, 239.36, 281.21]",roundtrip_only,6,6
e9zR4mvMWw7_5d711de78dbd400aa4cfd51fc05dfbee,e9zR4mvMWw7-22,false,data/mp3d_layout/test/label_cor/e9zR4mvMWw7_5d711de78dbd400aa4cfd51fc05dfbee.txt,false,cyclic_monotonic,false,"[688.07, 738.44, 752.19, 778.19, 224.38, 374.47]",roundtrip_only,6,6
e9zR4mvMWw7_5f9b1db7cc1748c2a71d9924bd1f4fa3,e9zR4mvMWw7-23,false,data/mp3d_layout/test/label_cor/e9zR4mvMWw7_5f9b1db7cc1748c2a71d9924bd1f4fa3.txt,false,cyclic_monotonic,false,"[633.06, 908.89, 187.33, 320.31]",roundtrip_only,4,4
e9zR4mvMWw7_6a856f5cb71645558f9f9ee069f37f1b,e9zR4mvMWw7-24,false,data/mp3d_layout/test/label_cor/e9zR4mvMWw7_6a856f5cb71645558f9f9ee069f37f1b.txt,true,local_backtracking,false,"[753.89, 802.36, 945.44, 974.01, 921.83, 981.74, 54.02, 297.63]",roundtrip_only,8,8
e9zR4mvMWw7_75ea3fd50c1c4b8ba66dccc4247b8b81,e9zR4mvMWw7-25,false,data/mp3d_layout/test/label_cor/e9zR4mvMWw7_75ea3fd50c1c4b8ba66dccc4247b8b81.txt,false,cyclic_monotonic,false,"[675.69, 934.7, 76.39, 362.58]",roundtrip_only,4,4
e9zR4mvMWw7_83347153d2184d33869626c6c83318f9,e9zR4mvMWw7-26,true,data/mp3d_layout/test/label_cor/e9zR4mvMWw7_83347153d2184d33869626c6c83318f9.txt,false,cyclic_monotonic,false,"[712.94, 936.84, 74.46, 321.27]",roundtrip_only,4,4
e9zR4mvMWw7_8783add8825d4ecf8eb1f2af3c22b8df,e9zR4mvMWw7-27,false,data/mp3d_layout/test/label_cor/e9zR4mvMWw7_8783add8825d4ecf8eb1f2af3c22b8df.txt,false,cyclic_monotonic,false,"[708.59, 942.21, 125.72, 290.57]",roundtrip_only,4,4
e9zR4mvMWw7_891cb55a08dd4aea9ee76656f6b4850d,e9zR4mvMWw7-28,true,data/mp3d_layout/test/label_cor/e9zR4mvMWw7_891cb55a08dd4aea9ee76656f6b4850d.txt,false,cyclic_monotonic,false,"[698.2, 922.38, 104.0, 323.93]",roundtrip_only,4,4
e9zR4mvMWw7_93c08bd7515647fdaa2ef1239d02983c,e9zR4mvMWw7-29,false,data/mp3d_layout/test/label_cor/e9zR4mvMWw7_93c08bd7515647fdaa2ef1239d02983c.txt,false,cyclic_monotonic,false,"[679.51, 927.06, 150.28, 304.92]",roundtrip_only,4,4
e9zR4mvMWw7_979426d6a1ea42e29cf5c3bd62eba342,e9zR4mvMWw7-30,false,data/mp3d_layout/test/label_cor/e9zR4mvMWw7_979426d6a1ea42e29cf5c3bd62eba342.txt,false,cyclic_monotonic,false,"[635.52, 904.63, 136.1, 371.77]",roundtrip_only,4,4
e9zR4mvMWw7_a5b1928b6c1144bf8b7fda2317debf08,e9zR4mvMWw7-31,false,data/mp3d_layout/test/label_cor/e9zR4mvMWw7_a5b1928b6c1144bf8b7fda2317debf08.txt,true,local_backtracking,false,"[579.49, 791.23, 780.63, 878.84, 976.89, 997.62, 158.61, 340.28]",roundtrip_only,8,8
e9zR4mvMWw7_ac03b99e3f3642be80b4d24fde0af03a,e9zR4mvMWw7-32,true,data/mp3d_layout/test/label_cor/e9zR4mvMWw7_ac03b99e3f3642be80b4d24fde0af03a.txt,false,cyclic_monotonic,false,"[671.18, 984.49, 112.42, 288.56]",roundtrip_only,4,4
e9zR4mvMWw7_b0a7188b1afc4f648bd497af5202d978,e9zR4mvMWw7-33,false,data/mp3d_layout/test/label_cor/e9zR4mvMWw7_b0a7188b1afc4f648bd497af5202d978.txt,false,cyclic_monotonic,false,"[652.72, 814.22, 825.61, 917.17, 198.3, 304.64]",roundtrip_only,6,6
e9zR4mvMWw7_c904c55a5d0e420bbd6e4e030b9fe5b4,e9zR4mvMWw7-34,false,data/mp3d_layout/test/label_cor/e9zR4mvMWw7_c904c55a5d0e420bbd6e4e030b9fe5b4.txt,false,cyclic_monotonic,false,"[727.07, 881.07, 142.99, 263.34, 303.83, 426.18]",roundtrip_only,6,6
e9zR4mvMWw7_cd47116ee6264bc691811409bf779f34,e9zR4mvMWw7-35,false,data/mp3d_layout/test/label_cor/e9zR4mvMWw7_cd47116ee6264bc691811409bf779f34.txt,false,cyclic_monotonic,false,"[619.67, 900.23, 125.61, 402.54]",roundtrip_only,4,4
e9zR4mvMWw7_d88c41884dc24efbb5c1b7dcf97998e9,e9zR4mvMWw7-36,false,data/mp3d_layout/test/label_cor/e9zR4mvMWw7_d88c41884dc24efbb5c1b7dcf97998e9.txt,false,cyclic_monotonic,false,"[578.98, 956.06, 158.82, 354.4]",roundtrip_only,4,4
e9zR4mvMWw7_f624a40d100144e696a39abe258ee090,e9zR4mvMWw7-37,false,data/mp3d_layout/test/label_cor/e9zR4mvMWw7_f624a40d100144e696a39abe258ee090.txt,false,cyclic_monotonic,false,"[682.95, 927.93, 179.91, 263.25, 275.17, 333.49]",roundtrip_only,6,6
e9zR4mvMWw7_f6c327acf9884d988714467217d67dcd,e9zR4mvMWw7-38,false,data/mp3d_layout/test/label_cor/e9zR4mvMWw7_f6c327acf9884d988714467217d67dcd.txt,true,local_backtracking,false,"[580.2, 865.71, 220.18, 264.3, 359.34, 448.07, 371.81, 469.82]",roundtrip_only,8,8
e9zR4mvMWw7_f7ab5b3ece274b48be57eb65bb6d4814,e9zR4mvMWw7-39,true,data/mp3d_layout/test/label_cor/e9zR4mvMWw7_f7ab5b3ece274b48be57eb65bb6d4814.txt,false,cyclic_monotonic,false,"[563.23, 1016.05, 94.73, 292.65]",roundtrip_only,4,4
e9zR4mvMWw7_f8d915e2d06a4ff8ab6f4cdaf3e42295,e9zR4mvMWw7-40,false,data/mp3d_layout/test/label_cor/e9zR4mvMWw7_f8d915e2d06a4ff8ab6f4cdaf3e42295.txt,true,local_backtracking,false,"[564.48, 985.24, 939.74, 983.37, 114.15, 316.01]",roundtrip_only,6,6
e9zR4mvMWw7_fa7122ef2199445485623708ea54d018,e9zR4mvMWw7-41,false,data/mp3d_layout/test/label_cor/e9zR4mvMWw7_fa7122ef2199445485623708ea54d018.txt,false,cyclic_monotonic,false,"[683.2, 826.22, 855.48, 1002.26, 44.86, 322.73]",roundtrip_only,6,6
kEZ7cmS4wCh_3c4a8eb4ef504942b6df1937932aa3f2,kEZ7cmS4wCh-01,false,data/mp3d_layout/test/label_cor/kEZ7cmS4wCh_3c4a8eb4ef504942b6df1937932aa3f2.txt,true,local_backtracking,false,"[637.37, 841.04, 196.48, 102.14, 196.11, 358.66, 453.53, 369.64]",roundtrip_only,8,8
kEZ7cmS4wCh_6811d52593b740cb9047202ce1e8a1e4,kEZ7cmS4wCh-02,false,data/mp3d_layout/test/label_cor/kEZ7cmS4wCh_6811d52593b740cb9047202ce1e8a1e4.txt,true,local_backtracking,false,"[736.0, 808.79, 892.72, 812.71, 202.72, 310.34, 734.36, 686.74]",roundtrip_only,8,8
q9vSo1VnCiC_1cd414875b9b4311bc6a179d91e6270d,q9vSo1VnCiC-01,true,data/mp3d_layout/test/label_cor/q9vSo1VnCiC_1cd414875b9b4311bc6a179d91e6270d.txt,true,local_backtracking,false,"[557.03, 777.17, 772.4, 822.38, 869.97, 883.09, 182.69, 436.32]",point_count_changed,8,4
q9vSo1VnCiC_2a8ef249ec0e4ad5bfe138a65f50964e,q9vSo1VnCiC-02,true,data/mp3d_layout/test/label_cor/q9vSo1VnCiC_2a8ef249ec0e4ad5bfe138a65f50964e.txt,false,cyclic_monotonic,false,"[644.26, 947.1, 69.51, 389.18]",roundtrip_only,4,4
q9vSo1VnCiC_3e5aacbc10904d4b88660a3cb91efcb9,q9vSo1VnCiC-03,true,data/mp3d_layout/test/label_cor/q9vSo1VnCiC_3e5aacbc10904d4b88660a3cb91efcb9.txt,true,local_backtracking,false,"[701.53, 838.92, 185.8, 321.84, 475.74, 379.42, 443.36, 496.42]",point_count_changed,8,4
q9vSo1VnCiC_3e7f67e8969f434b9a4aec0c68668b20,q9vSo1VnCiC-04,true,data/mp3d_layout/test/label_cor/q9vSo1VnCiC_3e7f67e8969f434b9a4aec0c68668b20.txt,true,local_backtracking,false,"[320.29, 503.61, 456.6, 564.27, 520.33, 685.98, 888.59, 125.42, 208.59, 225.49]",coordinates_changed,10,10
q9vSo1VnCiC_46281f6c32544ffe90e6d88f539c4232,q9vSo1VnCiC-05,false,data/mp3d_layout/test/label_cor/q9vSo1VnCiC_46281f6c32544ffe90e6d88f539c4232.txt,false,cyclic_monotonic,false,"[618.31, 885.15, 145.41, 399.21]",roundtrip_only,4,4
q9vSo1VnCiC_5cd2df07e41c46da907dfa1bd41164f5,q9vSo1VnCiC-06,false,data/mp3d_layout/test/label_cor/q9vSo1VnCiC_5cd2df07e41c46da907dfa1bd41164f5.txt,false,cyclic_monotonic,false,"[706.86, 867.39, 190.83, 294.12]",roundtrip_only,4,4
q9vSo1VnCiC_5deeec8cee844e6e9899bfff35b06f5d,q9vSo1VnCiC-07,false,data/mp3d_layout/test/label_cor/q9vSo1VnCiC_5deeec8cee844e6e9899bfff35b06f5d.txt,false,cyclic_monotonic,false,"[574.58, 901.31, 215.08, 343.45]",roundtrip_only,4,4
q9vSo1VnCiC_60bae76d896345bfa783ebdd78f1cc71,q9vSo1VnCiC-08,false,data/mp3d_layout/test/label_cor/q9vSo1VnCiC_60bae76d896345bfa783ebdd78f1cc71.txt,false,cyclic_monotonic,false,"[646.52, 807.48, 119.3, 473.53]",roundtrip_only,4,4
q9vSo1VnCiC_69591068e5614642b710a8fb7733bdeb,q9vSo1VnCiC-09,true,data/mp3d_layout/test/label_cor/q9vSo1VnCiC_69591068e5614642b710a8fb7733bdeb.txt,true,local_backtracking,false,"[575.32, 700.16, 735.87, 775.25, 784.0, 864.85, 834.12, 864.79, 156.84, 378.63, 563.19, 542.57]",point_count_changed,12,4
q9vSo1VnCiC_6df6e29f6d1e4495b111d41b2e4e5cb9,q9vSo1VnCiC-10,false,data/mp3d_layout/test/label_cor/q9vSo1VnCiC_6df6e29f6d1e4495b111d41b2e4e5cb9.txt,true,local_backtracking,false,"[723.85, 915.54, 56.67, 219.34, 239.19, 288.68, 596.69, 537.21, 597.79, 696.53, 723.56, 709.61]",roundtrip_only,12,12
q9vSo1VnCiC_830eb252ae01401a8fe55f9538e627dd,q9vSo1VnCiC-11,true,data/mp3d_layout/test/label_cor/q9vSo1VnCiC_830eb252ae01401a8fe55f9538e627dd.txt,true,local_backtracking,false,"[634.33, 648.04, 668.87, 608.42, 666.98, 769.07, 770.92, 992.52, 83.81, 313.92]",roundtrip_only,10,10
q9vSo1VnCiC_9ba6cd412cb04c5c9beb15ef9e6d22c5,q9vSo1VnCiC-12,true,data/mp3d_layout/test/label_cor/q9vSo1VnCiC_9ba6cd412cb04c5c9beb15ef9e6d22c5.txt,true,local_backtracking,false,"[623.67, 648.93, 621.94, 822.04, 800.36, 841.51, 101.8, 457.15]",roundtrip_only,8,8
q9vSo1VnCiC_9c9fb1fccf4e46a597a9510a1938c8b4,q9vSo1VnCiC-13,true,data/mp3d_layout/test/label_cor/q9vSo1VnCiC_9c9fb1fccf4e46a597a9510a1938c8b4.txt,true,local_backtracking,false,"[634.04, 858.51, 49.35, 7.54, 91.97, 283.87, 523.96, 517.09]",point_count_changed,8,12
q9vSo1VnCiC_a139a1f906394f7a9d5dfc9772836342,q9vSo1VnCiC-14,false,data/mp3d_layout/test/label_cor/q9vSo1VnCiC_a139a1f906394f7a9d5dfc9772836342.txt,false,cyclic_monotonic,false,"[632.45, 905.22, 55.82, 455.11]",roundtrip_only,4,4
q9vSo1VnCiC_a412536ff52747d3b078f66e764cf103,q9vSo1VnCiC-15,true,data/mp3d_layout/test/label_cor/q9vSo1VnCiC_a412536ff52747d3b078f66e764cf103.txt,false,cyclic_monotonic,false,"[797.4, 129.84, 460.15, 684.0]",roundtrip_only,4,4
q9vSo1VnCiC_a424533651804a38a55b1252daccc81e,q9vSo1VnCiC-16,true,data/mp3d_layout/test/label_cor/q9vSo1VnCiC_a424533651804a38a55b1252daccc81e.txt,true,local_backtracking,false,"[639.4, 919.48, 931.41, 937.81, 903.67, 938.59, 1003.45, 989.01, 166.9, 146.65, 165.85, 311.74]",roundtrip_only,12,12
q9vSo1VnCiC_a6560bae311a403a9bfe94e4c1c645f4,q9vSo1VnCiC-17,false,data/mp3d_layout/test/label_cor/q9vSo1VnCiC_a6560bae311a403a9bfe94e4c1c645f4.txt,true,local_backtracking,false,"[652.72, 753.56, 757.51, 784.37, 809.88, 839.65, 879.96, 838.04, 963.56, 1012.06, 55.32, 155.27, 87.4, 491.18]",roundtrip_only,14,14
q9vSo1VnCiC_a823913d661144d4ad3d609e1e085fb1,q9vSo1VnCiC-18,false,data/mp3d_layout/test/label_cor/q9vSo1VnCiC_a823913d661144d4ad3d609e1e085fb1.txt,true,local_backtracking,false,"[505.41, 492.24, 757.09, 892.15, 1018.19, 962.75, 227.77, 319.31]",roundtrip_only,8,8
q9vSo1VnCiC_a84d84665ef94d0c86f38bc2250bab55,q9vSo1VnCiC-19,false,data/mp3d_layout/test/label_cor/q9vSo1VnCiC_a84d84665ef94d0c86f38bc2250bab55.txt,true,local_backtracking,false,"[716.32, 818.47, 941.23, 975.79, 1022.82, 1018.11, 66.2, 33.77, 182.52, 332.63, 358.47, 418.92, 470.33, 428.87, 478.8, 452.05, 507.73, 510.25]",roundtrip_only,18,18
q9vSo1VnCiC_aca93be82fdc4e8fb7874b3ca88ca3e8,q9vSo1VnCiC-20,false,data/mp3d_layout/test/label_cor/q9vSo1VnCiC_aca93be82fdc4e8fb7874b3ca88ca3e8.txt,false,cyclic_monotonic,false,"[672.86, 883.05, 169.99, 325.14]",roundtrip_only,4,4
q9vSo1VnCiC_b691f1462d2b4d2cbc501f676af8ca1f,q9vSo1VnCiC-21,false,data/mp3d_layout/test/label_cor/q9vSo1VnCiC_b691f1462d2b4d2cbc501f676af8ca1f.txt,false,cyclic_monotonic,false,"[708.98, 833.29, 100.41, 402.88]",roundtrip_only,4,4
q9vSo1VnCiC_bac003e7f0294457905fb183c34ef2bf,q9vSo1VnCiC-22,false,data/mp3d_layout/test/label_cor/q9vSo1VnCiC_bac003e7f0294457905fb183c34ef2bf.txt,true,local_backtracking,false,"[742.16, 929.45, 1023.89, 1023.07, 192.84, 314.25]",roundtrip_only,6,6
q9vSo1VnCiC_c421f07780004647a7198c4ac5371e8a,q9vSo1VnCiC-23,true,data/mp3d_layout/test/label_cor/q9vSo1VnCiC_c421f07780004647a7198c4ac5371e8a.txt,false,cyclic_monotonic,false,"[614.33, 916.5, 127.43, 389.94]",roundtrip_only,4,4
q9vSo1VnCiC_c4b0b6a41c2a4db3927f5fa9cafb6345,q9vSo1VnCiC-24,true,data/mp3d_layout/test/label_cor/q9vSo1VnCiC_c4b0b6a41c2a4db3927f5fa9cafb6345.txt,true,local_backtracking,false,"[683.25, 881.95, 993.88, 948.14, 109.72, 31.6, 155.75, 308.9, 520.06, 528.64, 577.84, 547.02]",roundtrip_only,12,12
q9vSo1VnCiC_ca6944f5dd334193bb86058ba5ab5dc3,q9vSo1VnCiC-25,false,data/mp3d_layout/test/label_cor/q9vSo1VnCiC_ca6944f5dd334193bb86058ba5ab5dc3.txt,true,local_backtracking,false,"[637.16, 649.88, 668.64, 693.19, 676.76, 852.12, 829.01, 856.42, 884.76, 896.0, 30.79, 482.24]",roundtrip_only,12,12
q9vSo1VnCiC_cefeb34bd9d04b4dac1189e24191c03f,q9vSo1VnCiC-26,false,data/mp3d_layout/test/label_cor/q9vSo1VnCiC_cefeb34bd9d04b4dac1189e24191c03f.txt,true,local_backtracking,false,"[582.71, 862.75, 190.16, 239.82, 223.15, 457.55]",roundtrip_only,6,6
q9vSo1VnCiC_cf3f1eaf611b4f5f8d13c273359d231b,q9vSo1VnCiC-27,false,data/mp3d_layout/test/label_cor/q9vSo1VnCiC_cf3f1eaf611b4f5f8d13c273359d231b.txt,false,cyclic_monotonic,false,"[584.74, 881.68, 190.37, 388.9]",roundtrip_only,4,4
q9vSo1VnCiC_d799bea8f909406b8b87d4cf8a7c421b,q9vSo1VnCiC-28,false,data/mp3d_layout/test/label_cor/q9vSo1VnCiC_d799bea8f909406b8b87d4cf8a7c421b.txt,false,cyclic_monotonic,false,"[627.86, 904.45, 118.88, 396.81]",roundtrip_only,4,4
q9vSo1VnCiC_dc320b1236f741a98303db9f89bc68a2,q9vSo1VnCiC-29,true,data/mp3d_layout/test/label_cor/q9vSo1VnCiC_dc320b1236f741a98303db9f89bc68a2.txt,true,local_backtracking,false,"[633.18, 988.5, 37.94, 170.11, 38.83, 51.9, 142.35, 435.92]",roundtrip_only,8,8
q9vSo1VnCiC_dc873df7717c43888a1cff13713fe146,q9vSo1VnCiC-30,true,data/mp3d_layout/test/label_cor/q9vSo1VnCiC_dc873df7717c43888a1cff13713fe146.txt,false,cyclic_monotonic,false,"[526.91, 620.61, 732.33, 808.4, 235.34, 380.68]",roundtrip_only,6,6
q9vSo1VnCiC_e58ef65f48d045e88b119261b96996c9,q9vSo1VnCiC-31,false,data/mp3d_layout/test/label_cor/q9vSo1VnCiC_e58ef65f48d045e88b119261b96996c9.txt,false,cyclic_monotonic,false,"[743.47, 838.98, 39.14, 475.31, 546.67, 612.48]",roundtrip_only,6,6
q9vSo1VnCiC_e74e843601574864a14517f990c748a0,q9vSo1VnCiC-32,true,data/mp3d_layout/test/label_cor/q9vSo1VnCiC_e74e843601574864a14517f990c748a0.txt,false,cyclic_monotonic,false,"[645.64, 835.16, 892.52, 975.76, 25.38, 80.36, 198.3, 364.86]",point_count_changed,8,4
q9vSo1VnCiC_f1b83e2b5e5244db844ceaa471eb0db0,q9vSo1VnCiC-33,false,data/mp3d_layout/test/label_cor/q9vSo1VnCiC_f1b83e2b5e5244db844ceaa471eb0db0.txt,false,cyclic_monotonic,false,"[606.65, 927.69, 190.45, 322.86]",roundtrip_only,4,4
q9vSo1VnCiC_f7452776f0604b508bb2b0263238deb0,q9vSo1VnCiC-34,true,data/mp3d_layout/test/label_cor/q9vSo1VnCiC_f7452776f0604b508bb2b0263238deb0.txt,true,local_backtracking,false,"[660.2, 848.7, 873.94, 846.93, 173.91, 395.21]",roundtrip_only,6,6
rPc6DW4iMge_0012f6dcce9645778ac459e189cf0db3,rPc6DW4iMge-01,true,data/mp3d_layout/test/label_cor/rPc6DW4iMge_0012f6dcce9645778ac459e189cf0db3.txt,false,cyclic_monotonic,false,"[692.76, 845.46, 125.31, 383.94]",roundtrip_only,4,4
rPc6DW4iMge_0226db0c3fd24410bbf3db5e6d4b24fe,rPc6DW4iMge-02,false,data/mp3d_layout/test/label_cor/rPc6DW4iMge_0226db0c3fd24410bbf3db5e6d4b24fe.txt,false,cyclic_monotonic,false,"[629.33, 794.59, 137.95, 485.64]",roundtrip_only,4,4
rPc6DW4iMge_073ce382f78d4a81b8c673591a954997,rPc6DW4iMge-03,false,data/mp3d_layout/test/label_cor/rPc6DW4iMge_073ce382f78d4a81b8c673591a954997.txt,false,cyclic_monotonic,false,"[648.98, 922.33, 86.71, 391.36]",roundtrip_only,4,4
rPc6DW4iMge_0a84204ae666476f97095e784a772323,rPc6DW4iMge-04,false,data/mp3d_layout/test/label_cor/rPc6DW4iMge_0a84204ae666476f97095e784a772323.txt,false,cyclic_monotonic,false,"[590.29, 927.51, 125.71, 406.77]",roundtrip_only,4,4
rPc6DW4iMge_0dfe61800cc540db8e25c1738bc4b8ff,rPc6DW4iMge-05,true,data/mp3d_layout/test/label_cor/rPc6DW4iMge_0dfe61800cc540db8e25c1738bc4b8ff.txt,true,local_backtracking,false,"[562.91, 597.78, 651.3, 805.58, 842.25, 941.49, 104.6, 296.38, 343.38, 456.32, 412.64, 457.85]",roundtrip_only,12,12
rPc6DW4iMge_186a32a1b7e34cb797731bfa78365db5,rPc6DW4iMge-06,true,data/mp3d_layout/test/label_cor/rPc6DW4iMge_186a32a1b7e34cb797731bfa78365db5.txt,true,local_backtracking,false,"[620.03, 850.42, 897.25, 943.34, 84.44, 33.03, 150.54, 298.98, 340.93, 304.07, 359.24, 428.37]",roundtrip_only,12,12
rPc6DW4iMge_1920d957cf3d4adab57626a7ccc206b0,rPc6DW4iMge-07,false,data/mp3d_layout/test/label_cor/rPc6DW4iMge_1920d957cf3d4adab57626a7ccc206b0.txt,false,cyclic_monotonic,false,"[613.0, 909.46, 107.46, 417.74]",roundtrip_only,4,4
rPc6DW4iMge_1b4824ffdfc44d08aa648e90241289e4,rPc6DW4iMge-08,false,data/mp3d_layout/test/label_cor/rPc6DW4iMge_1b4824ffdfc44d08aa648e90241289e4.txt,false,cyclic_monotonic,false,"[694.71, 952.11, 33.05, 392.39]",roundtrip_only,4,4
rPc6DW4iMge_1f14902595544e389c9c910c444e79e7,rPc6DW4iMge-09,true,data/mp3d_layout/test/label_cor/rPc6DW4iMge_1f14902595544e389c9c910c444e79e7.txt,false,cyclic_monotonic,false,"[686.85, 912.35, 151.81, 307.98]",roundtrip_only,4,4
rPc6DW4iMge_2264f5b2a6e8450ab090e278ea8d1e0a,rPc6DW4iMge-10,false,data/mp3d_layout/test/label_cor/rPc6DW4iMge_2264f5b2a6e8450ab090e278ea8d1e0a.txt,false,cyclic_monotonic,false,"[667.17, 835.39, 199.63, 342.23]",roundtrip_only,4,4
rPc6DW4iMge_2aef8931ed104272873cbc52701eb2ad,rPc6DW4iMge-11,false,data/mp3d_layout/test/label_cor/rPc6DW4iMge_2aef8931ed104272873cbc52701eb2ad.txt,false,cyclic_monotonic,false,"[582.98, 892.67, 113.5, 453.74]",roundtrip_only,4,4
rPc6DW4iMge_2c16cbd610cf4e1b92b2830f51c07e32,rPc6DW4iMge-12,false,data/mp3d_layout/test/label_cor/rPc6DW4iMge_2c16cbd610cf4e1b92b2830f51c07e32.txt,false,cyclic_monotonic,false,"[646.77, 915.48, 229.42, 275.3]",roundtrip_only,4,4
rPc6DW4iMge_4350d36797324601adba7351d09602d2,rPc6DW4iMge-13,true,data/mp3d_layout/test/label_cor/rPc6DW4iMge_4350d36797324601adba7351d09602d2.txt,false,cyclic_monotonic,false,"[625.24, 891.19, 154.27, 376.93]",roundtrip_only,4,4
rPc6DW4iMge_7316bf706e0d46368334c0c989210e09,rPc6DW4iMge-14,false,data/mp3d_layout/test/label_cor/rPc6DW4iMge_7316bf706e0d46368334c0c989210e09.txt,false,cyclic_monotonic,false,"[689.55, 896.92, 54.01, 416.21]",roundtrip_only,4,4
rPc6DW4iMge_9d3eb9f5d38844bfb4e5fb2cd05fd3fd,rPc6DW4iMge-15,true,data/mp3d_layout/test/label_cor/rPc6DW4iMge_9d3eb9f5d38844bfb4e5fb2cd05fd3fd.txt,false,cyclic_monotonic,false,"[595.82, 979.25, 154.76, 311.86]",roundtrip_only,4,4
rPc6DW4iMge_a72230c911234d18b08568b9d8b02dd2,rPc6DW4iMge-16,true,data/mp3d_layout/test/label_cor/rPc6DW4iMge_a72230c911234d18b08568b9d8b02dd2.txt,false,cyclic_monotonic,false,"[606.77, 847.24, 197.0, 311.71, 378.63, 457.33]",roundtrip_only,6,6
rPc6DW4iMge_acbe920a0c5d4c018b1803ee9b1f331a,rPc6DW4iMge-17,true,data/mp3d_layout/test/label_cor/rPc6DW4iMge_acbe920a0c5d4c018b1803ee9b1f331a.txt,true,local_backtracking,false,"[554.04, 666.23, 687.72, 596.06, 686.3, 839.56, 924.79, 884.69, 191.06, 307.25, 379.4, 469.71]",point_count_changed,12,6
rPc6DW4iMge_bad24c9d90de493eb70e9af8383ee598,rPc6DW4iMge-18,false,data/mp3d_layout/test/label_cor/rPc6DW4iMge_bad24c9d90de493eb70e9af8383ee598.txt,false,cyclic_monotonic,false,"[690.92, 997.22, 18.9, 358.58]",roundtrip_only,4,4
rPc6DW4iMge_cabddb2506ee4bfcb2a1bcfa6625fe28,rPc6DW4iMge-19,false,data/mp3d_layout/test/label_cor/rPc6DW4iMge_cabddb2506ee4bfcb2a1bcfa6625fe28.txt,false,cyclic_monotonic,false,"[638.58, 894.07, 191.49, 322.93]",roundtrip_only,4,4
rPc6DW4iMge_cc15fb105d86466faafdd633f89148de,rPc6DW4iMge-20,true,data/mp3d_layout/test/label_cor/rPc6DW4iMge_cc15fb105d86466faafdd633f89148de.txt,false,cyclic_monotonic,false,"[729.95, 813.4, 213.93, 291.21]",roundtrip_only,4,4
rPc6DW4iMge_e7f5cf7434824a0ab0b4cc060e863c9a,rPc6DW4iMge-21,false,data/mp3d_layout/test/label_cor/rPc6DW4iMge_e7f5cf7434824a0ab0b4cc060e863c9a.txt,false,cyclic_monotonic,false,"[600.35, 811.75, 201.34, 439.68]",roundtrip_only,4,4
rPc6DW4iMge_fbc169773c954580baea6d2798c0d486,rPc6DW4iMge-22,true,data/mp3d_layout/test/label_cor/rPc6DW4iMge_fbc169773c954580baea6d2798c0d486.txt,true,local_backtracking,false,"[555.01, 563.48, 598.19, 669.48, 715.5, 864.15, 932.78, 967.21, 68.43, 191.39, 119.54, 410.03, 338.03, 437.9]",order_only,14,14
rqfALeAoiTq_543b6ae7daa84e4eae377957999e7c8e,rqfALeAoiTq-01,false,data/mp3d_layout/test/label_cor/rqfALeAoiTq_543b6ae7daa84e4eae377957999e7c8e.txt,false,cyclic_monotonic,false,"[593.88, 932.9, 166.11, 355.58]",roundtrip_only,4,4
uNb9QFRL6hY_00b4950b469b4520b29f895aa029419c,uNb9QFRL6hY-01,true,data/mp3d_layout/test/label_cor/uNb9QFRL6hY_00b4950b469b4520b29f895aa029419c.txt,false,cyclic_monotonic,false,"[694.06, 904.49, 12.0, 484.88]",roundtrip_only,4,4
uNb9QFRL6hY_01ea3de3141a4adaa917cebb3db3c086,uNb9QFRL6hY-02,false,data/mp3d_layout/test/label_cor/uNb9QFRL6hY_01ea3de3141a4adaa917cebb3db3c086.txt,false,cyclic_monotonic,false,"[533.04, 997.16, 23.91, 140.37, 240.12, 382.82]",roundtrip_only,6,6
uNb9QFRL6hY_05285f9bc0234526bf0f6362679e38d0,uNb9QFRL6hY-03,true,data/mp3d_layout/test/label_cor/uNb9QFRL6hY_05285f9bc0234526bf0f6362679e38d0.txt,false,cyclic_monotonic,false,"[622.95, 846.29, 208.42, 356.84]",roundtrip_only,4,4
uNb9QFRL6hY_068fb0d52d01455c96fa23659c373bf8,uNb9QFRL6hY-04,true,data/mp3d_layout/test/label_cor/uNb9QFRL6hY_068fb0d52d01455c96fa23659c373bf8.txt,false,cyclic_monotonic,false,"[734.2, 930.41, 14.4, 418.0]",roundtrip_only,4,4
uNb9QFRL6hY_071ca188c1b7423c947607cc794e9f72,uNb9QFRL6hY-05,false,data/mp3d_layout/test/label_cor/uNb9QFRL6hY_071ca188c1b7423c947607cc794e9f72.txt,false,cyclic_monotonic,false,"[616.43, 882.03, 116.78, 430.46]",roundtrip_only,4,4
uNb9QFRL6hY_07a43087f1e54e3f828851d8e457a283,uNb9QFRL6hY-06,true,data/mp3d_layout/test/label_cor/uNb9QFRL6hY_07a43087f1e54e3f828851d8e457a283.txt,true,local_backtracking,false,"[654.41, 847.28, 188.28, 364.46, 446.72, 361.39, 433.95, 481.95]",point_count_changed,8,4
uNb9QFRL6hY_104d12b732794414a42edd37ac554bff,uNb9QFRL6hY-07,true,data/mp3d_layout/test/label_cor/uNb9QFRL6hY_104d12b732794414a42edd37ac554bff.txt,false,cyclic_monotonic,false,"[547.15, 972.99, 206.48, 326.69]",roundtrip_only,4,4
uNb9QFRL6hY_1096f195d3294cefa462add5ab0c342e,uNb9QFRL6hY-08,true,data/mp3d_layout/test/label_cor/uNb9QFRL6hY_1096f195d3294cefa462add5ab0c342e.txt,true,local_backtracking,false,"[594.51, 983.47, 954.71, 982.27, 137.84, 293.56]",point_count_changed,6,4
uNb9QFRL6hY_13a430466eb64e2087e7fb5acde7a398,uNb9QFRL6hY-09,true,data/mp3d_layout/test/label_cor/uNb9QFRL6hY_13a430466eb64e2087e7fb5acde7a398.txt,false,cyclic_monotonic,false,"[742.96, 878.89, 83.55, 309.41]",roundtrip_only,4,4
uNb9QFRL6hY_1434b965c3c147419c4ff40310633b58,uNb9QFRL6hY-10,false,data/mp3d_layout/test/label_cor/uNb9QFRL6hY_1434b965c3c147419c4ff40310633b58.txt,false,cyclic_monotonic,false,"[637.13, 787.74, 895.0, 1001.44, 29.85, 486.43]",roundtrip_only,6,6
uNb9QFRL6hY_14f2a8bc76f24d2ea495369bfde2f653,uNb9QFRL6hY-11,false,data/mp3d_layout/test/label_cor/uNb9QFRL6hY_14f2a8bc76f24d2ea495369bfde2f653.txt,false,cyclic_monotonic,false,"[564.8, 1004.77, 19.32, 458.96]",roundtrip_only,4,4
uNb9QFRL6hY_1b7bf6673ca74809a141b57da1d6357f,uNb9QFRL6hY-12,true,data/mp3d_layout/test/label_cor/uNb9QFRL6hY_1b7bf6673ca74809a141b57da1d6357f.txt,false,cyclic_monotonic,false,"[588.22, 980.2, 186.09, 295.83]",roundtrip_only,4,4
uNb9QFRL6hY_23ad7b8dbcd14ca8a270eb37da6457cb,uNb9QFRL6hY-13,false,data/mp3d_layout/test/label_cor/uNb9QFRL6hY_23ad7b8dbcd14ca8a270eb37da6457cb.txt,false,cyclic_monotonic,false,"[672.17, 978.63, 58.51, 332.56]",roundtrip_only,4,4
uNb9QFRL6hY_23ed105b1f0f48bbb6ec025df9d313e7,uNb9QFRL6hY-14,true,data/mp3d_layout/test/label_cor/uNb9QFRL6hY_23ed105b1f0f48bbb6ec025df9d313e7.txt,false,cyclic_monotonic,false,"[551.85, 985.3, 140.87, 368.68]",roundtrip_only,4,4
uNb9QFRL6hY_26b3b14f6ce047489259ab14d131122d,uNb9QFRL6hY-15,false,data/mp3d_layout/test/label_cor/uNb9QFRL6hY_26b3b14f6ce047489259ab14d131122d.txt,false,cyclic_monotonic,false,"[697.54, 831.82, 137.33, 383.7]",roundtrip_only,4,4
uNb9QFRL6hY_28cd285e6d5545dda080d949bb00f1c0,uNb9QFRL6hY-16,false,data/mp3d_layout/test/label_cor/uNb9QFRL6hY_28cd285e6d5545dda080d949bb00f1c0.txt,false,cyclic_monotonic,false,"[723.07, 810.44, 234.5, 278.81]",roundtrip_only,4,4
uNb9QFRL6hY_2d80f7d125794c87aee34d9d46a78304,uNb9QFRL6hY-17,false,data/mp3d_layout/test/label_cor/uNb9QFRL6hY_2d80f7d125794c87aee34d9d46a78304.txt,false,cyclic_monotonic,false,"[519.14, 980.97, 205.55, 435.53]",roundtrip_only,4,4
uNb9QFRL6hY_2ed0e171a7c34f17a85363923a26ab98,uNb9QFRL6hY-18,true,data/mp3d_layout/test/label_cor/uNb9QFRL6hY_2ed0e171a7c34f17a85363923a26ab98.txt,false,cyclic_monotonic,false,"[644.72, 681.32, 706.54, 812.57, 832.36, 908.46, 10.11, 23.57, 138.98, 423.52]",roundtrip_only,10,10
uNb9QFRL6hY_33dd9892d10e474ead8f7ad38a8da562,uNb9QFRL6hY-19,true,data/mp3d_layout/test/label_cor/uNb9QFRL6hY_33dd9892d10e474ead8f7ad38a8da562.txt,false,cyclic_monotonic,false,"[633.93, 997.23, 132.76, 241.17, 247.74, 271.21]",roundtrip_only,6,6
uNb9QFRL6hY_3450b3accb584493bf13be8e9554dbea,uNb9QFRL6hY-20,true,data/mp3d_layout/test/label_cor/uNb9QFRL6hY_3450b3accb584493bf13be8e9554dbea.txt,false,cyclic_monotonic,false,"[676.66, 893.05, 160.37, 322.54]",roundtrip_only,4,4
uNb9QFRL6hY_3b9e548b46af4410b97e1d12781ec3c9,uNb9QFRL6hY-21,true,data/mp3d_layout/test/label_cor/uNb9QFRL6hY_3b9e548b46af4410b97e1d12781ec3c9.txt,true,local_backtracking,false,"[508.18, 496.06, 717.99, 809.83, 10.86, 4.17, 161.11, 403.76]",roundtrip_only,8,8
uNb9QFRL6hY_3c97da43516341758224453830954124,uNb9QFRL6hY-22,false,data/mp3d_layout/test/label_cor/uNb9QFRL6hY_3c97da43516341758224453830954124.txt,false,cyclic_monotonic,false,"[698.43, 863.22, 134.64, 348.08]",roundtrip_only,4,4
uNb9QFRL6hY_4bdc9dcd921342d498e9d70a24481f2d,uNb9QFRL6hY-23,false,data/mp3d_layout/test/label_cor/uNb9QFRL6hY_4bdc9dcd921342d498e9d70a24481f2d.txt,false,cyclic_monotonic,false,"[744.17, 845.56, 52.1, 372.06]",roundtrip_only,4,4
uNb9QFRL6hY_4d422e01951e4c4a9fa3c2d10666a004,uNb9QFRL6hY-24,false,data/mp3d_layout/test/label_cor/uNb9QFRL6hY_4d422e01951e4c4a9fa3c2d10666a004.txt,true,local_backtracking,false,"[561.02, 798.58, 770.75, 799.43, 145.91, 245.47, 227.94, 462.03]",roundtrip_only,8,8
uNb9QFRL6hY_5948424345f541b9a570b48f1cfcf622,uNb9QFRL6hY-25,true,data/mp3d_layout/test/label_cor/uNb9QFRL6hY_5948424345f541b9a570b48f1cfcf622.txt,true,local_backtracking,false,"[594.3, 758.02, 737.45, 993.48, 70.34, 281.79, 264.05, 356.94]",roundtrip_only,8,8
uNb9QFRL6hY_5b62816d9cf94f17ae166291822ea9ab,uNb9QFRL6hY-26,true,data/mp3d_layout/test/label_cor/uNb9QFRL6hY_5b62816d9cf94f17ae166291822ea9ab.txt,false,cyclic_monotonic,false,"[647.45, 721.97, 744.03, 850.31, 892.59, 926.69, 70.81, 313.09, 401.53, 472.31]",roundtrip_only,10,10
uNb9QFRL6hY_5dd7b4cf99584011ac17b25d45c6197c,uNb9QFRL6hY-27,false,data/mp3d_layout/test/label_cor/uNb9QFRL6hY_5dd7b4cf99584011ac17b25d45c6197c.txt,false,cyclic_monotonic,false,"[624.5, 924.64, 93.63, 405.53]",roundtrip_only,4,4
uNb9QFRL6hY_5fc8f0e230eb49eca81fdfb0398d824b,uNb9QFRL6hY-28,false,data/mp3d_layout/test/label_cor/uNb9QFRL6hY_5fc8f0e230eb49eca81fdfb0398d824b.txt,false,cyclic_monotonic,false,"[895.03, 981.11, 154.63, 225.26]",roundtrip_only,4,4
uNb9QFRL6hY_6115ed700b5144cfa3443346381cb7cd,uNb9QFRL6hY-29,true,data/mp3d_layout/test/label_cor/uNb9QFRL6hY_6115ed700b5144cfa3443346381cb7cd.txt,false,cyclic_monotonic,false,"[518.46, 562.17, 744.03, 794.84, 235.39, 376.13]",roundtrip_only,6,6
uNb9QFRL6hY_68df002b0bc84182b4141e8f9cd03fae,uNb9QFRL6hY-30,false,data/mp3d_layout/test/label_cor/uNb9QFRL6hY_68df002b0bc84182b4141e8f9cd03fae.txt,true,local_backtracking,false,"[729.42, 969.41, 993.2, 974.86, 80.86, 296.26]",roundtrip_only,6,6
uNb9QFRL6hY_68efbeec805f437bb3f3421f93fa4f56,uNb9QFRL6hY-31,false,data/mp3d_layout/test/label_cor/uNb9QFRL6hY_68efbeec805f437bb3f3421f93fa4f56.txt,false,cyclic_monotonic,false,"[619.72, 952.95, 67.63, 408.66]",roundtrip_only,4,4
uNb9QFRL6hY_6a500a9a43a340eb817c58bb084327fe,uNb9QFRL6hY-32,true,data/mp3d_layout/test/label_cor/uNb9QFRL6hY_6a500a9a43a340eb817c58bb084327fe.txt,true,local_backtracking,false,"[567.78, 743.8, 756.69, 698.43, 749.1, 797.87, 147.0, 265.63, 285.94, 476.13]",roundtrip_only,10,10
uNb9QFRL6hY_6a99c723d40b429e96a29c8ce7532d1d,uNb9QFRL6hY-33,false,data/mp3d_layout/test/label_cor/uNb9QFRL6hY_6a99c723d40b429e96a29c8ce7532d1d.txt,false,cyclic_monotonic,false,"[642.36, 891.61, 129.93, 384.1]",roundtrip_only,4,4
uNb9QFRL6hY_6adff04b1e974c72a81b54fa8f15e7a2,uNb9QFRL6hY-34,false,data/mp3d_layout/test/label_cor/uNb9QFRL6hY_6adff04b1e974c72a81b54fa8f15e7a2.txt,true,local_backtracking,false,"[549.32, 995.97, 21.66, 25.82, 107.59, 94.85, 124.82, 202.37, 222.05, 329.72]",roundtrip_only,10,10
uNb9QFRL6hY_6ba3c5669ef04b178b0a5de90249257b,uNb9QFRL6hY-35,false,data/mp3d_layout/test/label_cor/uNb9QFRL6hY_6ba3c5669ef04b178b0a5de90249257b.txt,false,cyclic_monotonic,false,"[685.42, 780.1, 823.67, 980.9, 42.21, 180.32, 219.21, 401.58]",roundtrip_only,8,8
uNb9QFRL6hY_6c4fa6dfddc1499db228854454bfc61d,uNb9QFRL6hY-36,true,data/mp3d_layout/test/label_cor/uNb9QFRL6hY_6c4fa6dfddc1499db228854454bfc61d.txt,false,cyclic_monotonic,false,"[733.18, 804.22, 230.41, 280.58]",roundtrip_only,4,4
uNb9QFRL6hY_6d10858fd25f4c06883c28694ade2c00,uNb9QFRL6hY-37,false,data/mp3d_layout/test/label_cor/uNb9QFRL6hY_6d10858fd25f4c06883c28694ade2c00.txt,false,cyclic_monotonic,false,"[634.92, 947.9, 79.85, 384.49]",roundtrip_only,4,4
uNb9QFRL6hY_709c21ff4dfa467cbaa655e84acc7030,uNb9QFRL6hY-38,false,data/mp3d_layout/test/label_cor/uNb9QFRL6hY_709c21ff4dfa467cbaa655e84acc7030.txt,false,cyclic_monotonic,false,"[612.83, 877.74, 147.93, 409.54]",roundtrip_only,4,4
uNb9QFRL6hY_732f4a58dc814dc7ad4878f0a6b64196,uNb9QFRL6hY-39,false,data/mp3d_layout/test/label_cor/uNb9QFRL6hY_732f4a58dc814dc7ad4878f0a6b64196.txt,false,cyclic_monotonic,false,"[579.26, 920.51, 88.16, 456.12]",roundtrip_only,4,4
uNb9QFRL6hY_748279b5d6e740c4b2cba9fc78d6fc62,uNb9QFRL6hY-40,true,data/mp3d_layout/test/label_cor/uNb9QFRL6hY_748279b5d6e740c4b2cba9fc78d6fc62.txt,false,cyclic_monotonic,false,"[661.53, 882.98, 1.36, 3.55, 40.89, 494.21]",roundtrip_only,6,6
uNb9QFRL6hY_76ba70b55bde4313939a4a0cd78a49d3,uNb9QFRL6hY-41,true,data/mp3d_layout/test/label_cor/uNb9QFRL6hY_76ba70b55bde4313939a4a0cd78a49d3.txt,false,cyclic_monotonic,false,"[668.28, 741.67, 752.73, 864.23, 907.42, 953.99, 33.29, 57.73, 119.58, 347.68]",roundtrip_only,10,10
uNb9QFRL6hY_7c9caadd3cb34400893356727278e975,uNb9QFRL6hY-42,false,data/mp3d_layout/test/label_cor/uNb9QFRL6hY_7c9caadd3cb34400893356727278e975.txt,false,cyclic_monotonic,false,"[613.07, 976.85, 62.55, 126.92, 168.43, 344.9]",roundtrip_only,6,6
uNb9QFRL6hY_84722e58b32f4646acc12614994f835b,uNb9QFRL6hY-43,true,data/mp3d_layout/test/label_cor/uNb9QFRL6hY_84722e58b32f4646acc12614994f835b.txt,false,cyclic_monotonic,false,"[707.78, 961.78, 47.54, 72.96, 84.01, 323.41]",roundtrip_only,6,6
uNb9QFRL6hY_85e7a14905bd44648061e3eb7f79cf13,uNb9QFRL6hY-44,true,data/mp3d_layout/test/label_cor/uNb9QFRL6hY_85e7a14905bd44648061e3eb7f79cf13.txt,true,local_backtracking,false,"[729.05, 956.37, 981.73, 959.57, 66.55, 316.62]",roundtrip_only,6,6
uNb9QFRL6hY_8b6f1b0b025848b482e747ab6a027b97,uNb9QFRL6hY-45,true,data/mp3d_layout/test/label_cor/uNb9QFRL6hY_8b6f1b0b025848b482e747ab6a027b97.txt,false,cyclic_monotonic,false,"[665.66, 854.11, 170.25, 357.94]",point_count_changed,4,6
uNb9QFRL6hY_930b1d9018914ff6858fac08e204de26,uNb9QFRL6hY-46,false,data/mp3d_layout/test/label_cor/uNb9QFRL6hY_930b1d9018914ff6858fac08e204de26.txt,false,cyclic_monotonic,false,"[661.84, 885.42, 196.82, 307.94]",roundtrip_only,4,4
uNb9QFRL6hY_978d7a8eb0794936bd8fd092306e1dc5,uNb9QFRL6hY-47,true,data/mp3d_layout/test/label_cor/uNb9QFRL6hY_978d7a8eb0794936bd8fd092306e1dc5.txt,false,cyclic_monotonic,false,"[524.14, 544.09, 725.06, 825.83, 1012.33, 1020.34, 104.62, 367.41]",coordinates_changed,8,8
uNb9QFRL6hY_9b675f28ab5f4345bf06ed5c77097426,uNb9QFRL6hY-48,true,data/mp3d_layout/test/label_cor/uNb9QFRL6hY_9b675f28ab5f4345bf06ed5c77097426.txt,false,cyclic_monotonic,false,"[595.13, 809.04, 233.27, 381.97]",roundtrip_only,4,4
uNb9QFRL6hY_9ec5ebcf3edc44e1ba6dd02e8423e5ed,uNb9QFRL6hY-49,false,data/mp3d_layout/test/label_cor/uNb9QFRL6hY_9ec5ebcf3edc44e1ba6dd02e8423e5ed.txt,false,cyclic_monotonic,false,"[560.63, 946.5, 176.8, 374.02]",roundtrip_only,4,4
uNb9QFRL6hY_9f199750b00c4f5484a546d79e06a0f8,uNb9QFRL6hY-50,true,data/mp3d_layout/test/label_cor/uNb9QFRL6hY_9f199750b00c4f5484a546d79e06a0f8.txt,true,local_backtracking,false,"[685.72, 857.84, 996.26, 978.75, 69.29, 390.12, 590.29, 539.54]",roundtrip_only,8,8
uNb9QFRL6hY_a372582c11864f31a9dd174e4a0ae6ad,uNb9QFRL6hY-51,true,data/mp3d_layout/test/label_cor/uNb9QFRL6hY_a372582c11864f31a9dd174e4a0ae6ad.txt,true,local_backtracking,false,"[222.73, 272.78, 261.75, 346.27, 608.18, 753.2, 746.31, 808.07]",roundtrip_only,8,8
uNb9QFRL6hY_a38a8c6dced34d8bb18fb67165c099f2,uNb9QFRL6hY-52,true,data/mp3d_layout/test/label_cor/uNb9QFRL6hY_a38a8c6dced34d8bb18fb67165c099f2.txt,false,cyclic_monotonic,false,"[567.0, 610.56, 639.73, 706.0, 737.68, 958.98, 170.07, 292.58]",roundtrip_only,8,8
uNb9QFRL6hY_a728d2eef41b449f82357899de802dd3,uNb9QFRL6hY-53,true,data/mp3d_layout/test/label_cor/uNb9QFRL6hY_a728d2eef41b449f82357899de802dd3.txt,false,cyclic_monotonic,false,"[727.49, 896.79, 121.41, 299.37]",roundtrip_only,4,4
uNb9QFRL6hY_a7ab19b1a9f044f0905592de1414e8b3,uNb9QFRL6hY-54,true,data/mp3d_layout/test/label_cor/uNb9QFRL6hY_a7ab19b1a9f044f0905592de1414e8b3.txt,false,cyclic_monotonic,false,"[692.49, 853.24, 28.55, 76.82, 212.75, 292.13, 435.81, 484.91]",roundtrip_only,8,8
uNb9QFRL6hY_ab84a27288034713b2c24e41b31acc78,uNb9QFRL6hY-55,true,data/mp3d_layout/test/label_cor/uNb9QFRL6hY_ab84a27288034713b2c24e41b31acc78.txt,true,local_backtracking,false,"[737.8, 939.04, 43.73, 27.54, 52.81, 288.0]",roundtrip_only,6,6
uNb9QFRL6hY_aed830f085ee4ad88ef6bed7f66f1359,uNb9QFRL6hY-56,true,data/mp3d_layout/test/label_cor/uNb9QFRL6hY_aed830f085ee4ad88ef6bed7f66f1359.txt,false,cyclic_monotonic,false,"[605.97, 890.63, 177.1, 372.11]",coordinates_changed,4,4
uNb9QFRL6hY_b1aedc485cfa4b47be0977925c3dc799,uNb9QFRL6hY-57,false,data/mp3d_layout/test/label_cor/uNb9QFRL6hY_b1aedc485cfa4b47be0977925c3dc799.txt,true,local_backtracking,false,"[707.41, 859.75, 12.12, 75.24, 165.48, 353.11, 707.84, 609.82]",roundtrip_only,8,8
uNb9QFRL6hY_b73ae36f994747e196380b1cb71cf407,uNb9QFRL6hY-58,true,data/mp3d_layout/test/label_cor/uNb9QFRL6hY_b73ae36f994747e196380b1cb71cf407.txt,false,cyclic_monotonic,false,"[630.09, 960.24, 72.64, 116.48, 128.04, 370.43]",roundtrip_only,6,6
uNb9QFRL6hY_b98c9460586e4f138658181461df9f51,uNb9QFRL6hY-59,true,data/mp3d_layout/test/label_cor/uNb9QFRL6hY_b98c9460586e4f138658181461df9f51.txt,false,cyclic_monotonic,false,"[691.15, 871.39, 893.58, 926.48, 5.6, 8.46, 110.99, 288.71, 414.68, 485.86]",roundtrip_only,10,10
uNb9QFRL6hY_ba24e5a57ef34c6dbc0458ed4c1e701d,uNb9QFRL6hY-60,true,data/mp3d_layout/test/label_cor/uNb9QFRL6hY_ba24e5a57ef34c6dbc0458ed4c1e701d.txt,true,local_backtracking,false,"[639.17, 664.48, 689.0, 773.71, 776.3, 861.42, 1005.27, 908.81, 201.9, 473.4]",roundtrip_only,10,10
uNb9QFRL6hY_baf711edf5524d868702f86e69e566a0,uNb9QFRL6hY-61,false,data/mp3d_layout/test/label_cor/uNb9QFRL6hY_baf711edf5524d868702f86e69e566a0.txt,false,cyclic_monotonic,false,"[603.39, 917.51, 173.35, 353.03]",roundtrip_only,4,4
uNb9QFRL6hY_bbaa68601ebf4aeba9d8b311413cfc13,uNb9QFRL6hY-62,false,data/mp3d_layout/test/label_cor/uNb9QFRL6hY_bbaa68601ebf4aeba9d8b311413cfc13.txt,false,cyclic_monotonic,false,"[733.54, 825.13, 134.94, 336.57]",roundtrip_only,4,4
uNb9QFRL6hY_bcce4f23c12744c782c0b49b24a0331a,uNb9QFRL6hY-63,true,data/mp3d_layout/test/label_cor/uNb9QFRL6hY_bcce4f23c12744c782c0b49b24a0331a.txt,false,cyclic_monotonic,false,"[751.3, 786.58, 91.58, 412.37]",coordinates_changed,4,4
uNb9QFRL6hY_bccfe89cf0b24f4c9d2afee19c342117,uNb9QFRL6hY-64,false,data/mp3d_layout/test/label_cor/uNb9QFRL6hY_bccfe89cf0b24f4c9d2afee19c342117.txt,false,cyclic_monotonic,false,"[682.67, 850.06, 175.71, 339.51]",roundtrip_only,4,4
uNb9QFRL6hY_c1ebb8b34eb846ba9b5ce23b30b299a7,uNb9QFRL6hY-65,true,data/mp3d_layout/test/label_cor/uNb9QFRL6hY_c1ebb8b34eb846ba9b5ce23b30b299a7.txt,true,local_backtracking,false,"[665.02, 865.18, 12.9, 6.2, 47.35, 426.62]",point_count_changed,6,4
uNb9QFRL6hY_c6410f47ad754d6cbd890ba7dff8b449,uNb9QFRL6hY-66,true,data/mp3d_layout/test/label_cor/uNb9QFRL6hY_c6410f47ad754d6cbd890ba7dff8b449.txt,true,local_backtracking,false,"[639.93, 791.7, 800.03, 870.21, 1019.74, 1009.09, 210.88, 398.37, 494.19, 500.6]",roundtrip_only,10,10
uNb9QFRL6hY_ca08ebfb2da647f68db41630637e400b,uNb9QFRL6hY-67,true,data/mp3d_layout/test/label_cor/uNb9QFRL6hY_ca08ebfb2da647f68db41630637e400b.txt,true,local_backtracking,false,"[645.99, 877.47, 33.32, 5.37, 117.43, 133.19, 159.17, 223.4, 211.27, 289.99]",roundtrip_only,10,10
uNb9QFRL6hY_cdca0a1a2fc343bb94bacdc3045b2d8d,uNb9QFRL6hY-68,true,data/mp3d_layout/test/label_cor/uNb9QFRL6hY_cdca0a1a2fc343bb94bacdc3045b2d8d.txt,true,local_backtracking,false,"[673.76, 871.0, 11.85, 5.87, 40.42, 427.06]",roundtrip_only,6,6
uNb9QFRL6hY_ce88ee8b7ee84fca92c13ab16599d90e,uNb9QFRL6hY-69,true,data/mp3d_layout/test/label_cor/uNb9QFRL6hY_ce88ee8b7ee84fca92c13ab16599d90e.txt,true,local_backtracking,false,"[575.93, 625.65, 573.65, 990.92, 124.86, 391.0]",roundtrip_only,6,6
uNb9QFRL6hY_d02f87bbb0414146a7a15070110a0384,uNb9QFRL6hY-70,true,data/mp3d_layout/test/label_cor/uNb9QFRL6hY_d02f87bbb0414146a7a15070110a0384.txt,false,cyclic_monotonic,false,"[590.62, 829.11, 202.27, 423.64]",roundtrip_only,4,4
uNb9QFRL6hY_d11f14ddecbe406681d4980365ea5a43,uNb9QFRL6hY-71,false,data/mp3d_layout/test/label_cor/uNb9QFRL6hY_d11f14ddecbe406681d4980365ea5a43.txt,true,local_backtracking,false,"[578.31, 778.31, 814.99, 937.32, 866.33, 936.49, 34.32, 208.89, 241.43, 468.97]",roundtrip_only,10,10
uNb9QFRL6hY_d5c47aa99b274a67b305aa601234f1f1,uNb9QFRL6hY-72,true,data/mp3d_layout/test/label_cor/uNb9QFRL6hY_d5c47aa99b274a67b305aa601234f1f1.txt,false,cyclic_monotonic,false,"[546.55, 892.44, 233.55, 352.53]",roundtrip_only,4,4
uNb9QFRL6hY_daf1cf81c53b4e439e7e649fa9b41341,uNb9QFRL6hY-73,false,data/mp3d_layout/test/label_cor/uNb9QFRL6hY_daf1cf81c53b4e439e7e649fa9b41341.txt,false,cyclic_monotonic,false,"[688.33, 824.77, 240.05, 279.28]",roundtrip_only,4,4
uNb9QFRL6hY_dba77340b24340be9c7242cba42f1e28,uNb9QFRL6hY-74,false,data/mp3d_layout/test/label_cor/uNb9QFRL6hY_dba77340b24340be9c7242cba42f1e28.txt,false,cyclic_monotonic,false,"[660.02, 926.21, 102.01, 359.66]",roundtrip_only,4,4
uNb9QFRL6hY_dcb326d4bb9b4a5f8d7e565ec32bce8e,uNb9QFRL6hY-75,false,data/mp3d_layout/test/label_cor/uNb9QFRL6hY_dcb326d4bb9b4a5f8d7e565ec32bce8e.txt,false,cyclic_monotonic,false,"[666.84, 861.16, 203.02, 314.42]",roundtrip_only,4,4
uNb9QFRL6hY_dcbe971afee14c57beb3c76980ead77a,uNb9QFRL6hY-76,false,data/mp3d_layout/test/label_cor/uNb9QFRL6hY_dcbe971afee14c57beb3c76980ead77a.txt,false,cyclic_monotonic,false,"[607.33, 951.22, 102.52, 383.48]",roundtrip_only,4,4
uNb9QFRL6hY_ddd25dd6cdec45f1a5222ed50c061b9b,uNb9QFRL6hY-77,false,data/mp3d_layout/test/label_cor/uNb9QFRL6hY_ddd25dd6cdec45f1a5222ed50c061b9b.txt,false,cyclic_monotonic,false,"[577.87, 848.44, 170.3, 450.47]",roundtrip_only,4,4
uNb9QFRL6hY_e0b8950793b447bd8b9f916e98e849d1,uNb9QFRL6hY-78,true,data/mp3d_layout/test/label_cor/uNb9QFRL6hY_e0b8950793b447bd8b9f916e98e849d1.txt,false,cyclic_monotonic,false,"[595.58, 796.83, 203.61, 464.16]",roundtrip_only,4,4
uNb9QFRL6hY_e24473d2b8a24568b89c1c4c2a4a9bf1,uNb9QFRL6hY-79,true,data/mp3d_layout/test/label_cor/uNb9QFRL6hY_e24473d2b8a24568b89c1c4c2a4a9bf1.txt,false,cyclic_monotonic,false,"[570.65, 833.03, 192.09, 452.31]",roundtrip_only,4,4
uNb9QFRL6hY_e39b52c7eedc4d859fca7888cab531ae,uNb9QFRL6hY-80,false,data/mp3d_layout/test/label_cor/uNb9QFRL6hY_e39b52c7eedc4d859fca7888cab531ae.txt,false,cyclic_monotonic,false,"[704.65, 869.42, 27.46, 464.8]",roundtrip_only,4,4
uNb9QFRL6hY_e8fcf8c5bd324655a25186117151ccbd,uNb9QFRL6hY-81,true,data/mp3d_layout/test/label_cor/uNb9QFRL6hY_e8fcf8c5bd324655a25186117151ccbd.txt,true,local_backtracking,false,"[675.24, 994.72, 94.93, 72.71, 95.56, 276.59]",roundtrip_only,6,6
uNb9QFRL6hY_f4eb9862530a4f909b46f51d1887d05f,uNb9QFRL6hY-82,true,data/mp3d_layout/test/label_cor/uNb9QFRL6hY_f4eb9862530a4f909b46f51d1887d05f.txt,false,cyclic_monotonic,false,"[606.36, 901.45, 170.6, 368.6]",roundtrip_only,4,4
uNb9QFRL6hY_f7944295a76541b186e6a557ebdbba14,uNb9QFRL6hY-83,true,data/mp3d_layout/test/label_cor/uNb9QFRL6hY_f7944295a76541b186e6a557ebdbba14.txt,true,local_backtracking,true,"[563.67, 785.56, 769.91, 802.32, 155.9, 256.0, 256.0, 470.45]",roundtrip_only,8,8
uNb9QFRL6hY_f8acfc899a4c49ddad71fdfcfd899b2f,uNb9QFRL6hY-84,false,data/mp3d_layout/test/label_cor/uNb9QFRL6hY_f8acfc899a4c49ddad71fdfcfd899b2f.txt,false,cyclic_monotonic,false,"[552.89, 593.21, 700.4, 842.1, 955.63, 988.66, 175.16, 333.03]",roundtrip_only,8,8
uNb9QFRL6hY_fcba704f80a04361842c0fdcb776becc,uNb9QFRL6hY-85,false,data/mp3d_layout/test/label_cor/uNb9QFRL6hY_fcba704f80a04361842c0fdcb776becc.txt,false,cyclic_monotonic,false,"[632.93, 784.62, 805.88, 988.27, 42.1, 200.92, 227.23, 390.28]",roundtrip_only,8,8
uNb9QFRL6hY_fd10460fd2bc4c52af84e36e89357269,uNb9QFRL6hY-86,true,data/mp3d_layout/test/label_cor/uNb9QFRL6hY_fd10460fd2bc4c52af84e36e89357269.txt,true,local_backtracking,false,"[559.01, 940.07, 877.54, 918.85, 173.35, 348.17]",roundtrip_only,6,6
uNb9QFRL6hY_fd411e4f6035431593833d9d0beb4d32,uNb9QFRL6hY-87,true,data/mp3d_layout/test/label_cor/uNb9QFRL6hY_fd411e4f6035431593833d9d0beb4d32.txt,false,cyclic_monotonic,false,"[533.61, 988.28, 163.61, 389.01]",roundtrip_only,4,4
uNb9QFRL6hY_fd8d4da92ec14b668ed3d2986616bd14,uNb9QFRL6hY-88,true,data/mp3d_layout/test/label_cor/uNb9QFRL6hY_fd8d4da92ec14b668ed3d2986616bd14.txt,true,local_backtracking,false,"[569.89, 707.74, 650.41, 873.06, 893.91, 999.59, 21.88, 125.5, 206.55, 320.5, 290.21, 382.35, 429.3, 450.4]",roundtrip_only,14,14
UwV83HsGsw3_0f1385fc03994285ad8253b49516d77b,UwV83HsGsw3-01,true,data/mp3d_layout/test/label_cor/UwV83HsGsw3_0f1385fc03994285ad8253b49516d77b.txt,true,local_backtracking,false,"[715.2, 845.27, 898.61, 853.26, 934.97, 837.83, 896.64, 996.04, 18.52, 33.54, 196.39, 333.66]",roundtrip_only,12,12
UwV83HsGsw3_1018c8753d68416e8f2d48a144282aeb,UwV83HsGsw3-02,false,data/mp3d_layout/test/label_cor/UwV83HsGsw3_1018c8753d68416e8f2d48a144282aeb.txt,false,cyclic_monotonic,false,"[540.22, 614.15, 667.12, 820.01, 221.35, 433.99]",roundtrip_only,6,6
UwV83HsGsw3_16af52545aff47afb4d7b330a49091a2,UwV83HsGsw3-03,true,data/mp3d_layout/test/label_cor/UwV83HsGsw3_16af52545aff47afb4d7b330a49091a2.txt,true,local_backtracking,false,"[686.51, 856.62, 47.61, 153.36, 169.67, 100.2, 210.08, 318.81, 397.54, 412.92]",roundtrip_only,10,10
UwV83HsGsw3_2460d9e0bb2047e3b15b5eeeb58f68a8,UwV83HsGsw3-04,false,data/mp3d_layout/test/label_cor/UwV83HsGsw3_2460d9e0bb2047e3b15b5eeeb58f68a8.txt,false,cyclic_monotonic,false,"[537.27, 558.88, 691.88, 827.73, 69.38, 482.62]",roundtrip_only,6,6
UwV83HsGsw3_28e58f32d4274b62ac6d2b239e9e8516,UwV83HsGsw3-05,false,data/mp3d_layout/test/label_cor/UwV83HsGsw3_28e58f32d4274b62ac6d2b239e9e8516.txt,false,cyclic_monotonic,false,"[612.07, 887.05, 114.2, 432.24]",roundtrip_only,4,4
UwV83HsGsw3_528d342bf5494b3b94983545d6a1a282,UwV83HsGsw3-06,true,data/mp3d_layout/test/label_cor/UwV83HsGsw3_528d342bf5494b3b94983545d6a1a282.txt,true,local_backtracking,false,"[705.91, 749.21, 676.92, 984.46, 18.44, 28.25, 181.83, 318.53]",roundtrip_only,8,8
UwV83HsGsw3_6faf5c6575694e52882985ae8538f498,UwV83HsGsw3-07,false,data/mp3d_layout/test/label_cor/UwV83HsGsw3_6faf5c6575694e52882985ae8538f498.txt,false,cyclic_monotonic,false,"[730.03, 806.85, 224.04, 287.23]",roundtrip_only,4,4
UwV83HsGsw3_71ada030981d4468b76dcebc1b6fb940,UwV83HsGsw3-08,true,data/mp3d_layout/test/label_cor/UwV83HsGsw3_71ada030981d4468b76dcebc1b6fb940.txt,true,local_backtracking,false,"[530.17, 574.86, 717.45, 753.56, 744.82, 883.09, 931.81, 937.53, 904.91, 961.29, 9.74, 20.29, 41.14, 490.22]",roundtrip_only,14,14
UwV83HsGsw3_7482b1a2655e4655ae4ab58749f43f65,UwV83HsGsw3-09,true,data/mp3d_layout/test/label_cor/UwV83HsGsw3_7482b1a2655e4655ae4ab58749f43f65.txt,true,local_backtracking,false,"[676.47, 742.25, 638.15, 659.88, 697.88, 878.38, 205.49, 292.17, 357.61, 459.75]",point_count_changed,10,8
UwV83HsGsw3_8e9c912f525744eeaea21083a20a1596,UwV83HsGsw3-10,true,data/mp3d_layout/test/label_cor/UwV83HsGsw3_8e9c912f525744eeaea21083a20a1596.txt,false,cyclic_monotonic,false,"[643.52, 992.38, 43.66, 353.93]",roundtrip_only,4,4
UwV83HsGsw3_92a9d9780863464195c5cfdd1851d623,UwV83HsGsw3-11,false,data/mp3d_layout/test/label_cor/UwV83HsGsw3_92a9d9780863464195c5cfdd1851d623.txt,false,cyclic_monotonic,false,"[635.15, 929.93, 73.49, 196.01, 214.77, 380.41]",roundtrip_only,6,6
UwV83HsGsw3_a3630444bbd94cd6ac4edbe2dc1221de,UwV83HsGsw3-12,true,data/mp3d_layout/test/label_cor/UwV83HsGsw3_a3630444bbd94cd6ac4edbe2dc1221de.txt,true,local_backtracking,false,"[649.98, 801.88, 111.47, 53.6, 160.76, 396.1]",roundtrip_only,6,6
UwV83HsGsw3_a497aa9041fd41b3b5e6f3cab0849f98,UwV83HsGsw3-13,false,data/mp3d_layout/test/label_cor/UwV83HsGsw3_a497aa9041fd41b3b5e6f3cab0849f98.txt,false,cyclic_monotonic,false,"[564.55, 1002.38, 117.23, 325.72]",roundtrip_only,4,4
UwV83HsGsw3_a7ae0b7c2c574b4a843af1be0c808f77,UwV83HsGsw3-14,false,data/mp3d_layout/test/label_cor/UwV83HsGsw3_a7ae0b7c2c574b4a843af1be0c808f77.txt,false,cyclic_monotonic,false,"[542.49, 972.97, 56.34, 209.7, 247.44, 371.3]",roundtrip_only,6,6
UwV83HsGsw3_b51c75363db94cc09b68d661fcfcd186,UwV83HsGsw3-15,false,data/mp3d_layout/test/label_cor/UwV83HsGsw3_b51c75363db94cc09b68d661fcfcd186.txt,false,cyclic_monotonic,false,"[548.75, 575.08, 687.23, 956.46, 21.04, 463.43]",roundtrip_only,6,6
UwV83HsGsw3_b979526475874ad68ae33f02d407a1fc,UwV83HsGsw3-16,true,data/mp3d_layout/test/label_cor/UwV83HsGsw3_b979526475874ad68ae33f02d407a1fc.txt,true,local_backtracking,false,"[749.19, 763.2, 761.46, 827.37, 874.78, 807.54, 814.15, 888.0, 923.4, 865.99, 59.7, 443.73, 535.12, 544.0, 704.13, 683.97]",roundtrip_only,16,16
UwV83HsGsw3_bc29294428a647038f70e0ea31ea8972,UwV83HsGsw3-17,true,data/mp3d_layout/test/label_cor/UwV83HsGsw3_bc29294428a647038f70e0ea31ea8972.txt,false,cyclic_monotonic,false,"[659.46, 846.97, 199.99, 335.96]",roundtrip_only,4,4
UwV83HsGsw3_bca9a4ce9c82463c97dea098ccfae7a0,UwV83HsGsw3-18,false,data/mp3d_layout/test/label_cor/UwV83HsGsw3_bca9a4ce9c82463c97dea098ccfae7a0.txt,false,cyclic_monotonic,false,"[649.45, 894.61, 157.41, 274.0, 300.32, 419.79]",roundtrip_only,6,6
UwV83HsGsw3_c3d8db2f8817403e88c7d96e96ebd9b6,UwV83HsGsw3-19,false,data/mp3d_layout/test/label_cor/UwV83HsGsw3_c3d8db2f8817403e88c7d96e96ebd9b6.txt,true,local_backtracking,false,"[599.51, 873.17, 103.62, 420.34, 376.07, 426.53]",roundtrip_only,6,6
UwV83HsGsw3_cfd92c05e31846e89144f7b2bb8e59a8,UwV83HsGsw3-20,false,data/mp3d_layout/test/label_cor/UwV83HsGsw3_cfd92c05e31846e89144f7b2bb8e59a8.txt,true,local_backtracking,false,"[721.55, 946.89, 124.66, 351.26, 393.4, 298.24]",roundtrip_only,6,6
UwV83HsGsw3_cfe01e0f074a4a2cb892c6052bce550f,UwV83HsGsw3-21,false,data/mp3d_layout/test/label_cor/UwV83HsGsw3_cfe01e0f074a4a2cb892c6052bce550f.txt,false,cyclic_monotonic,false,"[543.81, 924.34, 222.6, 329.94, 436.15, 454.96, 504.25, 504.95]",roundtrip_only,8,8
UwV83HsGsw3_f9641b59487a4b0ca0fe41a82edc0980,UwV83HsGsw3-22,true,data/mp3d_layout/test/label_cor/UwV83HsGsw3_f9641b59487a4b0ca0fe41a82edc0980.txt,true,local_backtracking,false,"[499.36, 464.5, 570.1, 908.87, 232.79, 403.24]",roundtrip_only,6,6
UwV83HsGsw3_fcd79f4b6a6642e99227caffb51bf407,UwV83HsGsw3-23,true,data/mp3d_layout/test/label_cor/UwV83HsGsw3_fcd79f4b6a6642e99227caffb51bf407.txt,true,local_backtracking,false,"[613.27, 712.33, 592.28, 994.81, 24.79, 173.88, 247.03, 372.08]",roundtrip_only,8,8
wc2JMjhGNzB_026ce91a981c4de3bb9fd2daeb99ec2b,wc2JMjhGNzB-01,false,data/mp3d_layout/test/label_cor/wc2JMjhGNzB_026ce91a981c4de3bb9fd2daeb99ec2b.txt,false,cyclic_monotonic,false,"[622.82, 788.86, 136.9, 493.16]",roundtrip_only,4,4
wc2JMjhGNzB_02bbd23673904a6980dc0e22b11c6a35,wc2JMjhGNzB-02,false,data/mp3d_layout/test/label_cor/wc2JMjhGNzB_02bbd23673904a6980dc0e22b11c6a35.txt,true,local_backtracking,false,"[579.62, 948.24, 47.9, 58.03, 173.01, 165.47, 197.34, 328.08]",roundtrip_only,8,8
wc2JMjhGNzB_03c1aca95e254bf4b0db303a28d79aee,wc2JMjhGNzB-03,true,data/mp3d_layout/test/label_cor/wc2JMjhGNzB_03c1aca95e254bf4b0db303a28d79aee.txt,false,cyclic_monotonic,false,"[602.6, 945.9, 143.5, 354.51, 472.1, 492.45, 532.61, 554.0]",roundtrip_only,8,8
wc2JMjhGNzB_05e7fcde7a00435ebba65933c1758dde,wc2JMjhGNzB-04,false,data/mp3d_layout/test/label_cor/wc2JMjhGNzB_05e7fcde7a00435ebba65933c1758dde.txt,false,cyclic_monotonic,false,"[626.78, 992.31, 135.61, 289.91]",roundtrip_only,4,4
wc2JMjhGNzB_074ac1d681e3415081b89cf582e1e995,wc2JMjhGNzB-05,false,data/mp3d_layout/test/label_cor/wc2JMjhGNzB_074ac1d681e3415081b89cf582e1e995.txt,false,cyclic_monotonic,false,"[718.53, 885.33, 30.75, 431.98]",roundtrip_only,4,4
wc2JMjhGNzB_07fb6ea1434a451aa8dc27539ede0991,wc2JMjhGNzB-06,false,data/mp3d_layout/test/label_cor/wc2JMjhGNzB_07fb6ea1434a451aa8dc27539ede0991.txt,false,cyclic_monotonic,false,"[652.96, 836.32, 135.45, 427.21]",roundtrip_only,4,4
wc2JMjhGNzB_0a54ae7daf36423fb6a5607caf3fb942,wc2JMjhGNzB-07,false,data/mp3d_layout/test/label_cor/wc2JMjhGNzB_0a54ae7daf36423fb6a5607caf3fb942.txt,false,cyclic_monotonic,false,"[526.94, 993.26, 185.83, 380.15]",roundtrip_only,4,4
wc2JMjhGNzB_0bef60c301e646c7a2acadfa12e7cdff,wc2JMjhGNzB-08,false,data/mp3d_layout/test/label_cor/wc2JMjhGNzB_0bef60c301e646c7a2acadfa12e7cdff.txt,false,cyclic_monotonic,false,"[671.59, 981.21, 172.38, 272.52]",roundtrip_only,4,4
wc2JMjhGNzB_0caf634967404e889bf227539d7eaa0f,wc2JMjhGNzB-09,false,data/mp3d_layout/test/label_cor/wc2JMjhGNzB_0caf634967404e889bf227539d7eaa0f.txt,false,cyclic_monotonic,false,"[640.56, 814.19, 85.14, 484.74]",roundtrip_only,4,4
wc2JMjhGNzB_12757e972ea64bbfbeb14f7cf5ccaf8b,wc2JMjhGNzB-10,false,data/mp3d_layout/test/label_cor/wc2JMjhGNzB_12757e972ea64bbfbeb14f7cf5ccaf8b.txt,true,local_backtracking,false,"[637.56, 991.26, 3.1, 2.42, 103.08, 291.8]",roundtrip_only,6,6
wc2JMjhGNzB_1aff3784945741cb892fe1f389a90383,wc2JMjhGNzB-11,false,data/mp3d_layout/test/label_cor/wc2JMjhGNzB_1aff3784945741cb892fe1f389a90383.txt,false,cyclic_monotonic,false,"[629.48, 824.81, 198.88, 394.99]",roundtrip_only,4,4
wc2JMjhGNzB_1be9e528556447d0897d382ddd408766,wc2JMjhGNzB-12,false,data/mp3d_layout/test/label_cor/wc2JMjhGNzB_1be9e528556447d0897d382ddd408766.txt,false,cyclic_monotonic,false,"[737.43, 932.13, 12.7, 417.97]",roundtrip_only,4,4
wc2JMjhGNzB_1d1b27d1b8db40f99e2fa3af6e237ce9,wc2JMjhGNzB-13,false,data/mp3d_layout/test/label_cor/wc2JMjhGNzB_1d1b27d1b8db40f99e2fa3af6e237ce9.txt,false,cyclic_monotonic,false,"[708.98, 868.32, 84.75, 378.58]",roundtrip_only,4,4
wc2JMjhGNzB_1d8917d25abb4a77a0da9583dc82c17c,wc2JMjhGNzB-14,true,data/mp3d_layout/test/label_cor/wc2JMjhGNzB_1d8917d25abb4a77a0da9583dc82c17c.txt,false,cyclic_monotonic,false,"[621.36, 803.79, 221.79, 398.94]",coordinates_changed,4,4
wc2JMjhGNzB_2195c5a9b9fd451b927b0050f23fac31,wc2JMjhGNzB-15,true,data/mp3d_layout/test/label_cor/wc2JMjhGNzB_2195c5a9b9fd451b927b0050f23fac31.txt,false,cyclic_monotonic,false,"[655.49, 998.49, 120.98, 279.0]",roundtrip_only,4,4
wc2JMjhGNzB_25dffb87de434b119296fc0a02ede607,wc2JMjhGNzB-16,false,data/mp3d_layout/test/label_cor/wc2JMjhGNzB_25dffb87de434b119296fc0a02ede607.txt,false,cyclic_monotonic,false,"[611.86, 992.52, 150.14, 289.94]",roundtrip_only,4,4
wc2JMjhGNzB_2880c0784aa0462a8070b30416752de6,wc2JMjhGNzB-17,false,data/mp3d_layout/test/label_cor/wc2JMjhGNzB_2880c0784aa0462a8070b30416752de6.txt,false,cyclic_monotonic,false,"[649.11, 991.3, 84.93, 305.99]",roundtrip_only,4,4
wc2JMjhGNzB_3504ff17bcae4d6c85bdc61fc3a5bf0c,wc2JMjhGNzB-18,true,data/mp3d_layout/test/label_cor/wc2JMjhGNzB_3504ff17bcae4d6c85bdc61fc3a5bf0c.txt,false,cyclic_monotonic,false,"[698.74, 916.36, 39.48, 412.14]",roundtrip_only,4,4
wc2JMjhGNzB_36f4749077674307bce31998171e96ef,wc2JMjhGNzB-19,false,data/mp3d_layout/test/label_cor/wc2JMjhGNzB_36f4749077674307bce31998171e96ef.txt,false,cyclic_monotonic,false,"[548.96, 979.68, 29.15, 89.72, 228.46, 355.53]",roundtrip_only,6,6
wc2JMjhGNzB_3848b1ba65fa49308c3d0a79f63782b3,wc2JMjhGNzB-20,true,data/mp3d_layout/test/label_cor/wc2JMjhGNzB_3848b1ba65fa49308c3d0a79f63782b3.txt,false,cyclic_monotonic,false,"[730.44, 817.28, 66.15, 427.4]",roundtrip_only,4,4
wc2JMjhGNzB_3949e4e00d354f79afea742a2b0599d2,wc2JMjhGNzB-21,false,data/mp3d_layout/test/label_cor/wc2JMjhGNzB_3949e4e00d354f79afea742a2b0599d2.txt,false,cyclic_monotonic,false,"[722.12, 937.73, 27.01, 384.94]",roundtrip_only,4,4
wc2JMjhGNzB_3a035012369c4eb58295238d946fbc66,wc2JMjhGNzB-22,true,data/mp3d_layout/test/label_cor/wc2JMjhGNzB_3a035012369c4eb58295238d946fbc66.txt,true,local_backtracking,false,"[637.91, 786.63, 100.13, 499.16, 586.74, 562.14, 587.35, 619.38]",roundtrip_only,8,8
wc2JMjhGNzB_40ea4145b9e946aab5d56de3ce179c8e,wc2JMjhGNzB-23,false,data/mp3d_layout/test/label_cor/wc2JMjhGNzB_40ea4145b9e946aab5d56de3ce179c8e.txt,false,cyclic_monotonic,false,"[668.11, 809.38, 70.97, 484.29]",point_count_changed,4,8
wc2JMjhGNzB_431023d1f9fd40048ceee9214fd8464a,wc2JMjhGNzB-24,false,data/mp3d_layout/test/label_cor/wc2JMjhGNzB_431023d1f9fd40048ceee9214fd8464a.txt,false,cyclic_monotonic,false,"[552.96, 979.83, 130.69, 387.74]",roundtrip_only,4,4
wc2JMjhGNzB_479b5e13d201492086bb3b69be5b124d,wc2JMjhGNzB-25,false,data/mp3d_layout/test/label_cor/wc2JMjhGNzB_479b5e13d201492086bb3b69be5b124d.txt,true,local_backtracking,false,"[654.46, 861.85, 931.35, 910.58, 109.94, 82.45, 158.18, 365.87]",roundtrip_only,8,8
wc2JMjhGNzB_4884da3227464ab5b82f631ff22205bd,wc2JMjhGNzB-26,true,data/mp3d_layout/test/label_cor/wc2JMjhGNzB_4884da3227464ab5b82f631ff22205bd.txt,true,local_backtracking,false,"[509.81, 493.71, 610.2, 957.54, 215.93, 406.3]",point_count_changed,6,8
wc2JMjhGNzB_48a93a3b61354385b30974c248c11ef2,wc2JMjhGNzB-27,false,data/mp3d_layout/test/label_cor/wc2JMjhGNzB_48a93a3b61354385b30974c248c11ef2.txt,false,cyclic_monotonic,false,"[619.94, 839.84, 182.48, 406.15]",roundtrip_only,4,4
wc2JMjhGNzB_4af5e796d4d348bc9129c41d5b0556cd,wc2JMjhGNzB-28,false,data/mp3d_layout/test/label_cor/wc2JMjhGNzB_4af5e796d4d348bc9129c41d5b0556cd.txt,true,local_backtracking,false,"[568.16, 839.71, 7.04, 4.4, 95.13, 128.76, 236.59, 352.86]",roundtrip_only,8,8
wc2JMjhGNzB_52ed6a0219e84a0bb6db8037ae700366,wc2JMjhGNzB-29,true,data/mp3d_layout/test/label_cor/wc2JMjhGNzB_52ed6a0219e84a0bb6db8037ae700366.txt,true,local_backtracking,false,"[611.7, 664.75, 677.82, 853.37, 36.42, 477.49, 626.49, 578.35]",roundtrip_only,8,8
wc2JMjhGNzB_55b45b0f19c2460bbcd1fb1c86c6610d,wc2JMjhGNzB-30,true,data/mp3d_layout/test/label_cor/wc2JMjhGNzB_55b45b0f19c2460bbcd1fb1c86c6610d.txt,false,cyclic_monotonic,false,"[713.93, 852.4, 27.09, 467.9]",roundtrip_only,4,4
wc2JMjhGNzB_5b147d7f689a410baca131f29c8a9515,wc2JMjhGNzB-31,false,data/mp3d_layout/test/label_cor/wc2JMjhGNzB_5b147d7f689a410baca131f29c8a9515.txt,false,cyclic_monotonic,false,"[692.84, 838.02, 32.51, 481.97]",roundtrip_only,4,4
wc2JMjhGNzB_5b34120ed9c24e47a673426ea7ea7a07,wc2JMjhGNzB-32,false,data/mp3d_layout/test/label_cor/wc2JMjhGNzB_5b34120ed9c24e47a673426ea7ea7a07.txt,false,cyclic_monotonic,false,"[542.96, 943.66, 215.81, 355.91]",roundtrip_only,4,4
wc2JMjhGNzB_5c363f3933e84bb5aceb3899f997b6fb,wc2JMjhGNzB-33,false,data/mp3d_layout/test/label_cor/wc2JMjhGNzB_5c363f3933e84bb5aceb3899f997b6fb.txt,false,cyclic_monotonic,false,"[590.44, 979.31, 72.77, 393.56]",roundtrip_only,4,4
wc2JMjhGNzB_649ef3674e0f4e7c9eac67f94d237573,wc2JMjhGNzB-34,false,data/mp3d_layout/test/label_cor/wc2JMjhGNzB_649ef3674e0f4e7c9eac67f94d237573.txt,true,local_backtracking,false,"[571.47, 957.51, 925.12, 958.5, 981.83, 989.78, 110.49, 326.17, 341.19, 372.59]",roundtrip_only,10,10
wc2JMjhGNzB_6888c169680241f19a903ee49dac3655,wc2JMjhGNzB-35,false,data/mp3d_layout/test/label_cor/wc2JMjhGNzB_6888c169680241f19a903ee49dac3655.txt,false,cyclic_monotonic,false,"[532.58, 953.28, 214.12, 380.6]",roundtrip_only,4,4
wc2JMjhGNzB_6dca116f3be44ac89eb68038d832957b,wc2JMjhGNzB-36,false,data/mp3d_layout/test/label_cor/wc2JMjhGNzB_6dca116f3be44ac89eb68038d832957b.txt,false,cyclic_monotonic,false,"[558.83, 843.5, 201.71, 446.28]",roundtrip_only,4,4
wc2JMjhGNzB_6e491bc8576345bda3cdde9ab216b7be,wc2JMjhGNzB-37,false,data/mp3d_layout/test/label_cor/wc2JMjhGNzB_6e491bc8576345bda3cdde9ab216b7be.txt,false,cyclic_monotonic,false,"[615.54, 826.4, 917.64, 967.58, 174.02, 379.0]",roundtrip_only,6,6
wc2JMjhGNzB_72cf693eb66c4a8a8062080763f50a09,wc2JMjhGNzB-38,false,data/mp3d_layout/test/label_cor/wc2JMjhGNzB_72cf693eb66c4a8a8062080763f50a09.txt,false,cyclic_monotonic,false,"[685.99, 992.43, 94.26, 282.72]",roundtrip_only,4,4
wc2JMjhGNzB_765293b6cd0a4bf4a50595038eb2b623,wc2JMjhGNzB-39,false,data/mp3d_layout/test/label_cor/wc2JMjhGNzB_765293b6cd0a4bf4a50595038eb2b623.txt,false,cyclic_monotonic,false,"[650.68, 846.96, 198.57, 345.57]",roundtrip_only,4,4
wc2JMjhGNzB_77962388887942148ee65c2892600e02,wc2JMjhGNzB-40,true,data/mp3d_layout/test/label_cor/wc2JMjhGNzB_77962388887942148ee65c2892600e02.txt,false,cyclic_monotonic,false,"[636.6, 802.78, 114.27, 483.69]",roundtrip_only,4,4
wc2JMjhGNzB_7a57d2299f5f4f7a9769f200d21ed9ed,wc2JMjhGNzB-41,false,data/mp3d_layout/test/label_cor/wc2JMjhGNzB_7a57d2299f5f4f7a9769f200d21ed9ed.txt,false,cyclic_monotonic,false,"[696.21, 805.87, 76.98, 471.07]",roundtrip_only,4,4
wc2JMjhGNzB_7d90b6268a79425cb15a26ef91d68c96,wc2JMjhGNzB-42,false,data/mp3d_layout/test/label_cor/wc2JMjhGNzB_7d90b6268a79425cb15a26ef91d68c96.txt,false,cyclic_monotonic,false,"[592.25, 912.43, 148.38, 397.54]",roundtrip_only,4,4
wc2JMjhGNzB_818104cf87d045a18b4bf134ef76ec41,wc2JMjhGNzB-43,false,data/mp3d_layout/test/label_cor/wc2JMjhGNzB_818104cf87d045a18b4bf134ef76ec41.txt,false,cyclic_monotonic,false,"[733.35, 799.21, 163.86, 356.26]",roundtrip_only,4,4
wc2JMjhGNzB_872459df29ef4f158108fbfcb3225090,wc2JMjhGNzB-44,false,data/mp3d_layout/test/label_cor/wc2JMjhGNzB_872459df29ef4f158108fbfcb3225090.txt,false,cyclic_monotonic,false,"[626.6, 788.03, 237.17, 392.35]",roundtrip_only,4,4
wc2JMjhGNzB_8e093e32e55c4a5dbf453b5e2bf2b24c,wc2JMjhGNzB-45,false,data/mp3d_layout/test/label_cor/wc2JMjhGNzB_8e093e32e55c4a5dbf453b5e2bf2b24c.txt,false,cyclic_monotonic,false,"[738.54, 905.89, 30.84, 370.34]",roundtrip_only,4,4
wc2JMjhGNzB_9087f0358178420a8b9ac7b17a8919c7,wc2JMjhGNzB-46,true,data/mp3d_layout/test/label_cor/wc2JMjhGNzB_9087f0358178420a8b9ac7b17a8919c7.txt,true,local_backtracking,false,"[609.07, 752.13, 747.36, 811.02, 142.16, 484.98]",roundtrip_only,6,6
wc2JMjhGNzB_964c4d82ac6c428bb3dc3325ad8c7ec9,wc2JMjhGNzB-47,false,data/mp3d_layout/test/label_cor/wc2JMjhGNzB_964c4d82ac6c428bb3dc3325ad8c7ec9.txt,false,cyclic_monotonic,false,"[624.34, 851.52, 166.92, 405.88]",roundtrip_only,4,4
wc2JMjhGNzB_99bcf51aef0947b6898bb8114219d730,wc2JMjhGNzB-48,false,data/mp3d_layout/test/label_cor/wc2JMjhGNzB_99bcf51aef0947b6898bb8114219d730.txt,false,cyclic_monotonic,false,"[722.14, 818.96, 138.05, 364.97]",roundtrip_only,4,4
wc2JMjhGNzB_9d8a625f48194382a0bfb748b1126069,wc2JMjhGNzB-49,false,data/mp3d_layout/test/label_cor/wc2JMjhGNzB_9d8a625f48194382a0bfb748b1126069.txt,false,cyclic_monotonic,false,"[630.15, 861.92, 205.09, 339.32]",roundtrip_only,4,4
wc2JMjhGNzB_a4188bbbe166473bb2ecf35bdcbec1f9,wc2JMjhGNzB-50,false,data/mp3d_layout/test/label_cor/wc2JMjhGNzB_a4188bbbe166473bb2ecf35bdcbec1f9.txt,false,cyclic_monotonic,false,"[662.27, 873.76, 207.2, 304.79]",roundtrip_only,4,4
wc2JMjhGNzB_aeb3199e10354e45a4884bb185c03257,wc2JMjhGNzB-51,false,data/mp3d_layout/test/label_cor/wc2JMjhGNzB_aeb3199e10354e45a4884bb185c03257.txt,true,local_backtracking,false,"[564.04, 850.23, 235.8, 359.37, 407.93, 390.04, 481.56, 485.68]",roundtrip_only,8,8
wc2JMjhGNzB_afdf0c43bc4f4daab702050ad1173e78,wc2JMjhGNzB-52,false,data/mp3d_layout/test/label_cor/wc2JMjhGNzB_afdf0c43bc4f4daab702050ad1173e78.txt,false,cyclic_monotonic,false,"[644.73, 978.8, 70.77, 341.56]",roundtrip_only,4,4
wc2JMjhGNzB_b41b10699d614f24851b56a9a0e743c6,wc2JMjhGNzB-53,true,data/mp3d_layout/test/label_cor/wc2JMjhGNzB_b41b10699d614f24851b56a9a0e743c6.txt,true,local_backtracking,false,"[567.96, 1013.44, 16.23, 18.2, 99.48, 90.99, 108.37, 293.14]",roundtrip_only,8,8
wc2JMjhGNzB_c7c84bf01a834489ad11d8450a7dc2bc,wc2JMjhGNzB-54,true,data/mp3d_layout/test/label_cor/wc2JMjhGNzB_c7c84bf01a834489ad11d8450a7dc2bc.txt,false,cyclic_monotonic,false,"[562.54, 816.2, 233.6, 411.83, 493.08, 500.07, 525.91, 534.04]",roundtrip_only,8,8
wc2JMjhGNzB_c7e4c175f9b347cf9256fa7e291f26d9,wc2JMjhGNzB-55,false,data/mp3d_layout/test/label_cor/wc2JMjhGNzB_c7e4c175f9b347cf9256fa7e291f26d9.txt,false,cyclic_monotonic,false,"[749.93, 908.36, 63.15, 293.5]",roundtrip_only,4,4
wc2JMjhGNzB_cae8fb3d40314ecea16654062030571b,wc2JMjhGNzB-56,true,data/mp3d_layout/test/label_cor/wc2JMjhGNzB_cae8fb3d40314ecea16654062030571b.txt,false,cyclic_monotonic,false,"[545.12, 930.62, 221.28, 353.01]",roundtrip_only,4,4
wc2JMjhGNzB_d5138c0f63414e1fb5147c9436968940,wc2JMjhGNzB-57,false,data/mp3d_layout/test/label_cor/wc2JMjhGNzB_d5138c0f63414e1fb5147c9436968940.txt,false,cyclic_monotonic,false,"[737.01, 918.17, 16.21, 414.37]",roundtrip_only,4,4
wc2JMjhGNzB_d7230c164e814f9a83244ab2edc15334,wc2JMjhGNzB-58,false,data/mp3d_layout/test/label_cor/wc2JMjhGNzB_d7230c164e814f9a83244ab2edc15334.txt,false,cyclic_monotonic,false,"[696.16, 818.99, 892.67, 975.78, 88.27, 356.54]",roundtrip_only,6,6
wc2JMjhGNzB_dc4a9f470b834de1983c7e605ff06b2e,wc2JMjhGNzB-59,true,data/mp3d_layout/test/label_cor/wc2JMjhGNzB_dc4a9f470b834de1983c7e605ff06b2e.txt,false,cyclic_monotonic,false,"[655.95, 892.64, 153.43, 346.82]",roundtrip_only,4,4
wc2JMjhGNzB_dda6efcba51c40de8552408953719515,wc2JMjhGNzB-60,true,data/mp3d_layout/test/label_cor/wc2JMjhGNzB_dda6efcba51c40de8552408953719515.txt,false,cyclic_monotonic,false,"[606.99, 866.12, 182.97, 388.83]",roundtrip_only,4,4
wc2JMjhGNzB_e6693f97b36545f7a76e03c3fe32ba8c,wc2JMjhGNzB-61,true,data/mp3d_layout/test/label_cor/wc2JMjhGNzB_e6693f97b36545f7a76e03c3fe32ba8c.txt,true,local_backtracking,false,"[656.98, 800.73, 72.31, 470.26, 428.24, 470.96]",roundtrip_only,6,6
wc2JMjhGNzB_e7d38d204e374f6b8300c5a559a768e9,wc2JMjhGNzB-62,false,data/mp3d_layout/test/label_cor/wc2JMjhGNzB_e7d38d204e374f6b8300c5a559a768e9.txt,false,cyclic_monotonic,false,"[642.51, 992.95, 90.84, 303.5]",roundtrip_only,4,4
wc2JMjhGNzB_e9899e516c784fe3b8e78354ba4d49c4,wc2JMjhGNzB-63,false,data/mp3d_layout/test/label_cor/wc2JMjhGNzB_e9899e516c784fe3b8e78354ba4d49c4.txt,false,cyclic_monotonic,false,"[647.67, 794.27, 119.48, 486.01]",roundtrip_only,4,4
wc2JMjhGNzB_ea42bf32a1984ae399c9f96d9b62b635,wc2JMjhGNzB-64,false,data/mp3d_layout/test/label_cor/wc2JMjhGNzB_ea42bf32a1984ae399c9f96d9b62b635.txt,false,cyclic_monotonic,false,"[631.66, 791.34, 189.85, 464.07]",roundtrip_only,4,4
wc2JMjhGNzB_eae0ac9f6c5b4764a91c789f14a8c2eb,wc2JMjhGNzB-65,false,data/mp3d_layout/test/label_cor/wc2JMjhGNzB_eae0ac9f6c5b4764a91c789f14a8c2eb.txt,false,cyclic_monotonic,false,"[625.38, 834.51, 84.0, 479.12]",roundtrip_only,4,4
wc2JMjhGNzB_ebf624692bd6472ca94a297ffa1f4c05,wc2JMjhGNzB-66,false,data/mp3d_layout/test/label_cor/wc2JMjhGNzB_ebf624692bd6472ca94a297ffa1f4c05.txt,false,cyclic_monotonic,false,"[637.74, 900.56, 190.77, 319.59]",roundtrip_only,4,4
wc2JMjhGNzB_ec04ef10a0664e94878aa2d0f1720c2f,wc2JMjhGNzB-67,true,data/mp3d_layout/test/label_cor/wc2JMjhGNzB_ec04ef10a0664e94878aa2d0f1720c2f.txt,false,cyclic_monotonic,false,"[565.88, 895.02, 126.18, 459.81]",roundtrip_only,4,4
wc2JMjhGNzB_f741f370a16a403a8c758ff77be85a9c,wc2JMjhGNzB-68,false,data/mp3d_layout/test/label_cor/wc2JMjhGNzB_f741f370a16a403a8c758ff77be85a9c.txt,false,cyclic_monotonic,false,"[663.47, 861.42, 227.36, 289.02]",roundtrip_only,4,4
X7HyMhZNoso_0595477618f44940b004970372df16dc,X7HyMhZNoso-01,false,data/mp3d_layout/test/label_cor/X7HyMhZNoso_0595477618f44940b004970372df16dc.txt,false,cyclic_monotonic,false,"[605.95, 778.79, 813.92, 948.21, 66.78, 491.11]",roundtrip_only,6,6
X7HyMhZNoso_0e0c08b705704f80b5f31c2bd3a40583,X7HyMhZNoso-02,false,data/mp3d_layout/test/label_cor/X7HyMhZNoso_0e0c08b705704f80b5f31c2bd3a40583.txt,false,cyclic_monotonic,false,"[742.73, 895.96, 52.78, 327.06]",roundtrip_only,4,4
X7HyMhZNoso_0e8aea225d0942f494fd2255f49eb314,X7HyMhZNoso-03,false,data/mp3d_layout/test/label_cor/X7HyMhZNoso_0e8aea225d0942f494fd2255f49eb314.txt,false,cyclic_monotonic,false,"[552.93, 928.33, 204.97, 369.82]",roundtrip_only,4,4
X7HyMhZNoso_215ab480f5084ac992c0d0e6b3e82268,X7HyMhZNoso-04,false,data/mp3d_layout/test/label_cor/X7HyMhZNoso_215ab480f5084ac992c0d0e6b3e82268.txt,true,local_backtracking,false,"[737.63, 849.92, 821.72, 916.75, 1019.62, 1013.64, 19.11, 430.26]",roundtrip_only,8,8
X7HyMhZNoso_28ada927582d4d6ea7cf44cabf31527a,X7HyMhZNoso-05,true,data/mp3d_layout/test/label_cor/X7HyMhZNoso_28ada927582d4d6ea7cf44cabf31527a.txt,false,cyclic_monotonic,false,"[544.68, 663.18, 743.91, 792.87, 230.76, 383.41]",coordinates_changed,6,6
X7HyMhZNoso_29a5eef6980d4798bcc58e4c96e198cc,X7HyMhZNoso-06,false,data/mp3d_layout/test/label_cor/X7HyMhZNoso_29a5eef6980d4798bcc58e4c96e198cc.txt,false,cyclic_monotonic,false,"[649.94, 842.82, 158.86, 399.73]",roundtrip_only,4,4
X7HyMhZNoso_2b16acff0dc042a1a75816a1fbd0a302,X7HyMhZNoso-07,true,data/mp3d_layout/test/label_cor/X7HyMhZNoso_2b16acff0dc042a1a75816a1fbd0a302.txt,true,local_backtracking,false,"[624.1, 1012.64, 5.12, 10.52, 73.53, 44.46, 73.2, 91.45, 140.5, 274.32]",roundtrip_only,10,10
X7HyMhZNoso_2bb4931911e4412cb51f6437a82c5b6c,X7HyMhZNoso-08,false,data/mp3d_layout/test/label_cor/X7HyMhZNoso_2bb4931911e4412cb51f6437a82c5b6c.txt,false,cyclic_monotonic,false,"[606.01, 880.18, 155.07, 407.04]",roundtrip_only,4,4
X7HyMhZNoso_2fa0da1a66e04428b315cb93b72143d5,X7HyMhZNoso-09,false,data/mp3d_layout/test/label_cor/X7HyMhZNoso_2fa0da1a66e04428b315cb93b72143d5.txt,false,cyclic_monotonic,false,"[670.46, 981.45, 94.43, 158.31, 196.18, 281.33]",roundtrip_only,6,6
X7HyMhZNoso_3cafb1bfb9084df995fff71810d7693f,X7HyMhZNoso-10,false,data/mp3d_layout/test/label_cor/X7HyMhZNoso_3cafb1bfb9084df995fff71810d7693f.txt,false,cyclic_monotonic,false,"[643.76, 835.61, 37.16, 116.7, 175.49, 475.4]",roundtrip_only,6,6
X7HyMhZNoso_445ae0203f294b5c9889505576e37998,X7HyMhZNoso-11,false,data/mp3d_layout/test/label_cor/X7HyMhZNoso_445ae0203f294b5c9889505576e37998.txt,false,cyclic_monotonic,false,"[537.35, 909.73, 1020.99, 1023.12, 123.55, 205.99, 227.69, 377.24]",roundtrip_only,8,8
X7HyMhZNoso_84cc1504051f4b1c9492dfab5dce84f9,X7HyMhZNoso-12,false,data/mp3d_layout/test/label_cor/X7HyMhZNoso_84cc1504051f4b1c9492dfab5dce84f9.txt,false,cyclic_monotonic,false,"[578.11, 948.66, 162.72, 360.61]",roundtrip_only,4,4
X7HyMhZNoso_987fd31155514f6facb131bd5c14881d,X7HyMhZNoso-13,true,data/mp3d_layout/test/label_cor/X7HyMhZNoso_987fd31155514f6facb131bd5c14881d.txt,false,cyclic_monotonic,false,"[626.25, 872.85, 107.06, 438.01]",roundtrip_only,4,4
X7HyMhZNoso_a59d092e0c50479089a85c2b36dd6d20,X7HyMhZNoso-14,false,data/mp3d_layout/test/label_cor/X7HyMhZNoso_a59d092e0c50479089a85c2b36dd6d20.txt,false,cyclic_monotonic,false,"[601.63, 981.65, 138.87, 315.1]",roundtrip_only,4,4
X7HyMhZNoso_a60fbec046b04e5bb256d4a665219f35,X7HyMhZNoso-15,false,data/mp3d_layout/test/label_cor/X7HyMhZNoso_a60fbec046b04e5bb256d4a665219f35.txt,false,cyclic_monotonic,false,"[548.11, 984.5, 152.83, 223.96, 241.48, 269.05, 280.94, 354.89]",roundtrip_only,8,8
X7HyMhZNoso_a830b673f439458aa54a716194d972b7,X7HyMhZNoso-16,false,data/mp3d_layout/test/label_cor/X7HyMhZNoso_a830b673f439458aa54a716194d972b7.txt,false,cyclic_monotonic,false,"[613.66, 912.14, 136.89, 385.65]",roundtrip_only,4,4
X7HyMhZNoso_b1e740fa45384144b55ef6675440756b,X7HyMhZNoso-17,false,data/mp3d_layout/test/label_cor/X7HyMhZNoso_b1e740fa45384144b55ef6675440756b.txt,true,local_backtracking,false,"[592.44, 836.11, 198.3, 337.25, 370.06, 433.53, 424.85, 439.9]",roundtrip_only,8,8
X7HyMhZNoso_b6bb4e844c5b43ad92904f258660bcaf,X7HyMhZNoso-18,false,data/mp3d_layout/test/label_cor/X7HyMhZNoso_b6bb4e844c5b43ad92904f258660bcaf.txt,false,cyclic_monotonic,false,"[662.42, 810.05, 130.4, 455.81]",roundtrip_only,4,4
X7HyMhZNoso_b6f452209a62499795e5bd137214a7f9,X7HyMhZNoso-19,true,data/mp3d_layout/test/label_cor/X7HyMhZNoso_b6f452209a62499795e5bd137214a7f9.txt,false,cyclic_monotonic,false,"[619.59, 902.13, 125.96, 400.42]",roundtrip_only,4,4
X7HyMhZNoso_cd608227f6c94b91af3db8bf6cd28abd,X7HyMhZNoso-20,false,data/mp3d_layout/test/label_cor/X7HyMhZNoso_cd608227f6c94b91af3db8bf6cd28abd.txt,false,cyclic_monotonic,false,"[643.15, 904.65, 109.87, 390.47]",roundtrip_only,4,4
X7HyMhZNoso_e40ff9839f0b4a35a25e9dc16d391ae4,X7HyMhZNoso-21,false,data/mp3d_layout/test/label_cor/X7HyMhZNoso_e40ff9839f0b4a35a25e9dc16d391ae4.txt,false,cyclic_monotonic,false,"[536.28, 919.46, 219.15, 394.98]",roundtrip_only,4,4
X7HyMhZNoso_e9ae19c83e6243dd81b7213ba5f8c329,X7HyMhZNoso-22,false,data/mp3d_layout/test/label_cor/X7HyMhZNoso_e9ae19c83e6243dd81b7213ba5f8c329.txt,false,cyclic_monotonic,false,"[705.32, 957.84, 116.68, 288.17]",roundtrip_only,4,4
X7HyMhZNoso_ecda3dd2f5a44ac3a7b365de9e13c09b,X7HyMhZNoso-23,false,data/mp3d_layout/test/label_cor/X7HyMhZNoso_ecda3dd2f5a44ac3a7b365de9e13c09b.txt,false,cyclic_monotonic,false,"[666.61, 996.12, 134.73, 274.5]",roundtrip_only,4,4
X7HyMhZNoso_efaff409ffad4b05ba2777dbadd554f6,X7HyMhZNoso-24,false,data/mp3d_layout/test/label_cor/X7HyMhZNoso_efaff409ffad4b05ba2777dbadd554f6.txt,false,cyclic_monotonic,false,"[545.39, 927.52, 218.26, 354.2, 374.88, 383.32]",roundtrip_only,6,6
X7HyMhZNoso_f03d055128104fd486151e54c9e4a32a,X7HyMhZNoso-25,false,data/mp3d_layout/test/label_cor/X7HyMhZNoso_f03d055128104fd486151e54c9e4a32a.txt,false,cyclic_monotonic,false,"[633.88, 967.71, 116.13, 324.77]",roundtrip_only,4,4
X7HyMhZNoso_f59aa4dda2024d88ac3f9b22331b475b,X7HyMhZNoso-26,false,data/mp3d_layout/test/label_cor/X7HyMhZNoso_f59aa4dda2024d88ac3f9b22331b475b.txt,true,local_backtracking,false,"[621.58, 881.97, 106.35, 409.27, 598.51, 575.65]",roundtrip_only,6,6
x8F5xyUWy9e_1be9a97aada84e4795f64583ac0e3b76,x8F5xyUWy9e-01,true,data/mp3d_layout/test/label_cor/x8F5xyUWy9e_1be9a97aada84e4795f64583ac0e3b76.txt,true,local_backtracking,false,"[486.93, 479.45, 563.46, 870.32, 199.18, 436.47]",roundtrip_only,6,6
x8F5xyUWy9e_2669f5ba693c4e729d7d2c4f3fa0a077,x8F5xyUWy9e-02,false,data/mp3d_layout/test/label_cor/x8F5xyUWy9e_2669f5ba693c4e729d7d2c4f3fa0a077.txt,false,cyclic_monotonic,false,"[563.69, 592.53, 667.96, 947.99, 162.63, 314.55]",roundtrip_only,6,6
x8F5xyUWy9e_3a127fd2c5f34d978cba253145dae7d6,x8F5xyUWy9e-03,true,data/mp3d_layout/test/label_cor/x8F5xyUWy9e_3a127fd2c5f34d978cba253145dae7d6.txt,false,cyclic_monotonic,false,"[653.42, 786.65, 223.54, 391.77, 403.2, 430.66, 597.02, 601.79]",roundtrip_only,8,8
x8F5xyUWy9e_46b120dde4004bf9ada90cf967c0585b,x8F5xyUWy9e-04,false,data/mp3d_layout/test/label_cor/x8F5xyUWy9e_46b120dde4004bf9ada90cf967c0585b.txt,false,cyclic_monotonic,false,"[636.34, 803.68, 214.77, 399.79]",roundtrip_only,4,4
x8F5xyUWy9e_59d9c66f57b14062a49e17e8f1da2151,x8F5xyUWy9e-05,false,data/mp3d_layout/test/label_cor/x8F5xyUWy9e_59d9c66f57b14062a49e17e8f1da2151.txt,true,local_backtracking,false,"[607.41, 823.04, 979.81, 963.59, 129.53, 484.61]",roundtrip_only,6,6
x8F5xyUWy9e_61dabfb7fecf4f328ad300a6f4b96037,x8F5xyUWy9e-06,false,data/mp3d_layout/test/label_cor/x8F5xyUWy9e_61dabfb7fecf4f328ad300a6f4b96037.txt,false,cyclic_monotonic,false,"[601.75, 844.39, 152.08, 447.24]",roundtrip_only,4,4
x8F5xyUWy9e_9077f8ffceb943808934837db41e5616,x8F5xyUWy9e-07,false,data/mp3d_layout/test/label_cor/x8F5xyUWy9e_9077f8ffceb943808934837db41e5616.txt,false,cyclic_monotonic,false,"[594.4, 998.51, 111.65, 310.67]",roundtrip_only,4,4
x8F5xyUWy9e_9926b38bd87e44e292d9c375050dd17d,x8F5xyUWy9e-08,true,data/mp3d_layout/test/label_cor/x8F5xyUWy9e_9926b38bd87e44e292d9c375050dd17d.txt,false,cyclic_monotonic,false,"[681.01, 972.99, 144.03, 281.36]",roundtrip_only,4,4
x8F5xyUWy9e_a51a0e2811f342a599ae4cdb9b84ff23,x8F5xyUWy9e-09,true,data/mp3d_layout/test/label_cor/x8F5xyUWy9e_a51a0e2811f342a599ae4cdb9b84ff23.txt,false,cyclic_monotonic,false,"[521.58, 537.39, 707.49, 950.66, 62.37, 401.86]",coordinates_changed,6,6
x8F5xyUWy9e_b7e0b8b0d65b439382afa4c79db018a7,x8F5xyUWy9e-10,false,data/mp3d_layout/test/label_cor/x8F5xyUWy9e_b7e0b8b0d65b439382afa4c79db018a7.txt,false,cyclic_monotonic,false,"[562.34, 907.96, 236.81, 306.47]",roundtrip_only,4,4
x8F5xyUWy9e_c66bbecc057b41a8bb2eaa76c6f072a2,x8F5xyUWy9e-11,false,data/mp3d_layout/test/label_cor/x8F5xyUWy9e_c66bbecc057b41a8bb2eaa76c6f072a2.txt,false,cyclic_monotonic,false,"[596.29, 821.63, 155.94, 468.18]",roundtrip_only,4,4
yqstnuAEVhm_08e2145b15fc4d2497c084af41dc7089,yqstnuAEVhm-01,true,data/mp3d_layout/test/label_cor/yqstnuAEVhm_08e2145b15fc4d2497c084af41dc7089.txt,true,local_backtracking,false,"[545.25, 898.7, 1016.93, 1014.51, 175.56, 154.02, 193.29, 432.81]",roundtrip_only,8,8
yqstnuAEVhm_19e4188fa39244378481dcdb18c42dbe,yqstnuAEVhm-02,true,data/mp3d_layout/test/label_cor/yqstnuAEVhm_19e4188fa39244378481dcdb18c42dbe.txt,false,cyclic_monotonic,false,"[582.03, 1011.87, 167.56, 271.95]",roundtrip_only,4,4
yqstnuAEVhm_1d96a0a27c5a48aa9bd276dc7fe34d9b,yqstnuAEVhm-03,false,data/mp3d_layout/test/label_cor/yqstnuAEVhm_1d96a0a27c5a48aa9bd276dc7fe34d9b.txt,false,cyclic_monotonic,false,"[120.23, 306.92, 740.75, 853.03]",roundtrip_only,4,4
yqstnuAEVhm_26b2e92ccd314a2da1a4fc8dfc6e6f56,yqstnuAEVhm-04,true,data/mp3d_layout/test/label_cor/yqstnuAEVhm_26b2e92ccd314a2da1a4fc8dfc6e6f56.txt,true,local_backtracking,false,"[650.38, 925.18, 998.27, 919.17, 238.5, 274.02, 646.19, 572.16]",point_count_changed,8,4
yqstnuAEVhm_2b3fb4746d414cc6a31729b222ed79b2,yqstnuAEVhm-05,true,data/mp3d_layout/test/label_cor/yqstnuAEVhm_2b3fb4746d414cc6a31729b222ed79b2.txt,false,cyclic_monotonic,false,"[630.72, 998.67, 98.51, 296.58]",roundtrip_only,4,4
yqstnuAEVhm_2f8c1f8ea7364f67b1c5fe2be2750257,yqstnuAEVhm-06,true,data/mp3d_layout/test/label_cor/yqstnuAEVhm_2f8c1f8ea7364f67b1c5fe2be2750257.txt,false,cyclic_monotonic,false,"[708.92, 835.5, 111.32, 388.77]",roundtrip_only,4,4
yqstnuAEVhm_30f3ce4575234a7ba5ff97797f059ae1,yqstnuAEVhm-07,true,data/mp3d_layout/test/label_cor/yqstnuAEVhm_30f3ce4575234a7ba5ff97797f059ae1.txt,false,cyclic_monotonic,false,"[688.05, 873.28, 167.68, 321.7]",roundtrip_only,4,4
yqstnuAEVhm_4642492bb42d40debb1a3bad0ea7a24f,yqstnuAEVhm-08,true,data/mp3d_layout/test/label_cor/yqstnuAEVhm_4642492bb42d40debb1a3bad0ea7a24f.txt,true,local_backtracking,false,"[675.71, 817.2, 137.06, 408.11, 597.26, 577.69]",roundtrip_only,6,6
yqstnuAEVhm_48447297e8444171a5db34ccf38bc229,yqstnuAEVhm-09,true,data/mp3d_layout/test/label_cor/yqstnuAEVhm_48447297e8444171a5db34ccf38bc229.txt,true,local_backtracking,false,"[593.36, 684.5, 719.65, 791.12, 801.59, 857.34, 908.45, 993.8, 99.05, 197.97, 175.83, 305.08, 292.12, 364.4]",roundtrip_only,14,14
yqstnuAEVhm_4ab11dce32f346b2becac29e0ac6e526,yqstnuAEVhm-10,true,data/mp3d_layout/test/label_cor/yqstnuAEVhm_4ab11dce32f346b2becac29e0ac6e526.txt,false,cyclic_monotonic,false,"[591.5, 1003.19, 100.65, 309.51]",roundtrip_only,4,4
yqstnuAEVhm_559e923d612748dd8dce2557c3b4b675,yqstnuAEVhm-11,false,data/mp3d_layout/test/label_cor/yqstnuAEVhm_559e923d612748dd8dce2557c3b4b675.txt,false,cyclic_monotonic,false,"[746.37, 823.51, 921.14, 990.45, 77.37, 313.59, 700.94, 728.42]",roundtrip_only,8,8
yqstnuAEVhm_6440d94be92546fdab587df78fbea28b,yqstnuAEVhm-12,false,data/mp3d_layout/test/label_cor/yqstnuAEVhm_6440d94be92546fdab587df78fbea28b.txt,true,local_backtracking,false,"[478.7, 437.45, 617.33, 942.24, 7.25, 4.43, 149.64, 366.56]",roundtrip_only,8,8
yqstnuAEVhm_64ea2c01d6184c35a9575a3e585a9b75,yqstnuAEVhm-13,false,data/mp3d_layout/test/label_cor/yqstnuAEVhm_64ea2c01d6184c35a9575a3e585a9b75.txt,false,cyclic_monotonic,false,"[625.17, 836.96, 179.59, 398.43, 480.67, 484.21]",roundtrip_only,6,6
yqstnuAEVhm_6589ad7a5a0444b59adbf501c0f0fe53,yqstnuAEVhm-14,false,data/mp3d_layout/test/label_cor/yqstnuAEVhm_6589ad7a5a0444b59adbf501c0f0fe53.txt,true,local_backtracking,false,"[521.11, 512.93, 567.52, 914.56, 1016.84, 1000.68, 36.69, 10.42, 186.19, 389.49, 506.65, 454.76]",roundtrip_only,12,12
yqstnuAEVhm_66ecc07f3cda4d8ebaf84288325669f5,yqstnuAEVhm-15,true,data/mp3d_layout/test/label_cor/yqstnuAEVhm_66ecc07f3cda4d8ebaf84288325669f5.txt,false,cyclic_monotonic,false,"[532.91, 915.44, 221.89, 232.89, 239.04, 297.0, 329.35, 428.57]",roundtrip_only,8,8
yqstnuAEVhm_67429c0368af46509d43ac43dcb904e6,yqstnuAEVhm-16,false,data/mp3d_layout/test/label_cor/yqstnuAEVhm_67429c0368af46509d43ac43dcb904e6.txt,false,cyclic_monotonic,false,"[533.83, 996.5, 56.24, 466.85]",roundtrip_only,4,4
yqstnuAEVhm_6f4d197078d14d6e944ed6533598a6f9,yqstnuAEVhm-17,false,data/mp3d_layout/test/label_cor/yqstnuAEVhm_6f4d197078d14d6e944ed6533598a6f9.txt,false,cyclic_monotonic,false,"[588.72, 865.35, 121.54, 330.08, 355.45, 476.17]",roundtrip_only,6,6
yqstnuAEVhm_700c8b94ab594ac1910e650da9f93c18,yqstnuAEVhm-18,false,data/mp3d_layout/test/label_cor/yqstnuAEVhm_700c8b94ab594ac1910e650da9f93c18.txt,true,local_backtracking,false,"[649.16, 812.2, 208.24, 265.54, 266.24, 350.72, 345.73, 381.75]",roundtrip_only,8,8
yqstnuAEVhm_703d93b8575b4c0ba99c285dea126401,yqstnuAEVhm-19,false,data/mp3d_layout/test/label_cor/yqstnuAEVhm_703d93b8575b4c0ba99c285dea126401.txt,false,cyclic_monotonic,false,"[707.9, 881.28, 35.98, 366.66, 470.91, 495.64]",roundtrip_only,6,6
yqstnuAEVhm_7acd3d3a7bee44a8ad04d460509b994e,yqstnuAEVhm-20,false,data/mp3d_layout/test/label_cor/yqstnuAEVhm_7acd3d3a7bee44a8ad04d460509b994e.txt,false,cyclic_monotonic,false,"[589.9, 831.13, 101.19, 487.55]",roundtrip_only,4,4
yqstnuAEVhm_858240c249474a24b753d21b85056f23,yqstnuAEVhm-21,false,data/mp3d_layout/test/label_cor/yqstnuAEVhm_858240c249474a24b753d21b85056f23.txt,false,cyclic_monotonic,false,"[537.39, 1017.59, 157.65, 283.87]",roundtrip_only,4,4
yqstnuAEVhm_882f2a028ad249d49fdaabc1ddae789d,yqstnuAEVhm-22,false,data/mp3d_layout/test/label_cor/yqstnuAEVhm_882f2a028ad249d49fdaabc1ddae789d.txt,false,cyclic_monotonic,false,"[625.21, 871.35, 78.0, 467.74, 513.74, 513.99]",roundtrip_only,6,6
yqstnuAEVhm_96960ce9646a41e4bc183d75327fe1c1,yqstnuAEVhm-23,false,data/mp3d_layout/test/label_cor/yqstnuAEVhm_96960ce9646a41e4bc183d75327fe1c1.txt,false,cyclic_monotonic,false,"[646.52, 799.93, 219.13, 389.55]",roundtrip_only,4,4
yqstnuAEVhm_9cb726b170554b9bacd039d4db246040,yqstnuAEVhm-24,true,data/mp3d_layout/test/label_cor/yqstnuAEVhm_9cb726b170554b9bacd039d4db246040.txt,false,cyclic_monotonic,false,"[534.16, 897.47, 114.33, 421.12, 437.86, 497.0]",roundtrip_only,6,6
yqstnuAEVhm_9de98503fd994452b627cdcc7a7d47b2,yqstnuAEVhm-25,true,data/mp3d_layout/test/label_cor/yqstnuAEVhm_9de98503fd994452b627cdcc7a7d47b2.txt,true,local_backtracking,false,"[684.69, 759.99, 733.12, 795.21, 192.19, 485.39]",roundtrip_only,6,6
yqstnuAEVhm_a93ea1ea5702412c9ef9c82a436c4599,yqstnuAEVhm-26,true,data/mp3d_layout/test/label_cor/yqstnuAEVhm_a93ea1ea5702412c9ef9c82a436c4599.txt,false,cyclic_monotonic,false,"[656.26, 982.79, 160.87, 278.61]",roundtrip_only,4,4
yqstnuAEVhm_b26ae45c6c12443cbcfc3997f2e63347,yqstnuAEVhm-27,true,data/mp3d_layout/test/label_cor/yqstnuAEVhm_b26ae45c6c12443cbcfc3997f2e63347.txt,false,cyclic_monotonic,false,"[720.54, 799.8, 861.19, 957.53, 68.48, 163.98, 235.4, 286.49]",roundtrip_only,8,8
yqstnuAEVhm_be1f9bddd03847cf964f3b9598c8e5d3,yqstnuAEVhm-28,false,data/mp3d_layout/test/label_cor/yqstnuAEVhm_be1f9bddd03847cf964f3b9598c8e5d3.txt,true,local_backtracking,false,"[586.03, 766.34, 766.08, 879.83, 1015.53, 1002.17, 40.39, 14.26, 181.34, 281.19, 535.35, 514.87]",roundtrip_only,12,12
yqstnuAEVhm_c93bf298b1cb41a1b368a6ce8bcff53d,yqstnuAEVhm-29,true,data/mp3d_layout/test/label_cor/yqstnuAEVhm_c93bf298b1cb41a1b368a6ce8bcff53d.txt,true,local_backtracking,false,"[707.17, 816.38, 804.26, 846.45, 860.11, 884.19, 910.72, 972.67, 49.14, 104.25, 55.61, 142.18, 186.54, 341.53, 365.01, 415.81, 468.39, 434.13]",point_count_changed,18,14
yqstnuAEVhm_e3a33da5e5334b3fbc96997fc9c269dd,yqstnuAEVhm-30,false,data/mp3d_layout/test/label_cor/yqstnuAEVhm_e3a33da5e5334b3fbc96997fc9c269dd.txt,true,local_backtracking,false,"[500.6, 441.91, 751.68, 807.47, 891.92, 877.37, 182.03, 359.54, 331.04, 387.76]",roundtrip_only,10,10
yqstnuAEVhm_e3face7b2196414d95ed97151aa13058,yqstnuAEVhm-31,true,data/mp3d_layout/test/label_cor/yqstnuAEVhm_e3face7b2196414d95ed97151aa13058.txt,true,local_backtracking,false,"[629.04, 866.12, 73.32, 6.97, 137.96, 327.08, 481.65, 415.5]",point_count_changed,8,10
yqstnuAEVhm_e650c19e3eb34cc0b98374e5a23d1f65,yqstnuAEVhm-32,true,data/mp3d_layout/test/label_cor/yqstnuAEVhm_e650c19e3eb34cc0b98374e5a23d1f65.txt,true,local_backtracking,false,"[368.22, 533.33, 544.92, 666.52, 634.02, 680.96, 697.24, 715.79, 735.28, 722.84, 846.47, 888.09, 920.35, 1007.26, 992.41, 174.15]",point_count_changed,16,12
yqstnuAEVhm_e6ed009322974b1d89c053c04c0849fa,yqstnuAEVhm-33,false,data/mp3d_layout/test/label_cor/yqstnuAEVhm_e6ed009322974b1d89c053c04c0849fa.txt,false,cyclic_monotonic,false,"[602.47, 970.43, 122.06, 343.06]",roundtrip_only,4,4
yqstnuAEVhm_e9b4d8e951cb4712b3905c8f4c4dabb5,yqstnuAEVhm-34,true,data/mp3d_layout/test/label_cor/yqstnuAEVhm_e9b4d8e951cb4712b3905c8f4c4dabb5.txt,false,cyclic_monotonic,false,"[711.29, 829.33, 227.86, 281.87]",roundtrip_only,4,4
yqstnuAEVhm_f2eeae1a36f14f6cb7b934efd9becb4d,yqstnuAEVhm-35,false,data/mp3d_layout/test/label_cor/yqstnuAEVhm_f2eeae1a36f14f6cb7b934efd9becb4d.txt,true,local_backtracking,false,"[667.86, 824.62, 894.19, 856.89, 68.62, 44.13, 185.87, 374.83]",roundtrip_only,8,8
yqstnuAEVhm_fc84c67a0ffd49cf8ffdc32df703bc86,yqstnuAEVhm-36,false,data/mp3d_layout/test/label_cor/yqstnuAEVhm_fc84c67a0ffd49cf8ffdc32df703bc86.txt,false,cyclic_monotonic,false,"[558.09, 599.82, 674.65, 852.61, 897.34, 938.57, 113.75, 422.18]",roundtrip_only,8,8
Z6MFQCViBuw_099d792dbfb2402ca355fd7ed860128f,Z6MFQCViBuw-01,false,data/mp3d_layout/test/label_cor/Z6MFQCViBuw_099d792dbfb2402ca355fd7ed860128f.txt,false,cyclic_monotonic,false,"[677.91, 855.93, 45.93, 467.35]",roundtrip_only,4,4
Z6MFQCViBuw_2008e72476f84104858e908beeac0193,Z6MFQCViBuw-02,true,data/mp3d_layout/test/label_cor/Z6MFQCViBuw_2008e72476f84104858e908beeac0193.txt,false,cyclic_monotonic,false,"[646.3, 870.74, 61.84, 462.35]",roundtrip_only,4,4
Z6MFQCViBuw_22fff6c74efb476592569c18718feb41,Z6MFQCViBuw-03,true,data/mp3d_layout/test/label_cor/Z6MFQCViBuw_22fff6c74efb476592569c18718feb41.txt,false,cyclic_monotonic,false,"[587.78, 972.48, 114.44, 362.99]",roundtrip_only,4,4
Z6MFQCViBuw_451088e169fd4fe3b14d1f26b18d9a27,Z6MFQCViBuw-04,false,data/mp3d_layout/test/label_cor/Z6MFQCViBuw_451088e169fd4fe3b14d1f26b18d9a27.txt,false,cyclic_monotonic,false,"[628.47, 892.28, 133.34, 393.93]",roundtrip_only,4,4
Z6MFQCViBuw_543e6efcc1e24215b18c4060255a9719,Z6MFQCViBuw-05,false,data/mp3d_layout/test/label_cor/Z6MFQCViBuw_543e6efcc1e24215b18c4060255a9719.txt,false,cyclic_monotonic,false,"[322.85, 705.61, 952.42, 66.88]",roundtrip_only,4,4
Z6MFQCViBuw_59aed460238643f48f593e9b9ba1c17d,Z6MFQCViBuw-06,true,data/mp3d_layout/test/label_cor/Z6MFQCViBuw_59aed460238643f48f593e9b9ba1c17d.txt,false,cyclic_monotonic,false,"[683.93, 831.64, 39.41, 483.13]",roundtrip_only,4,4
Z6MFQCViBuw_80cd596c480c4f72a7457433b862d179,Z6MFQCViBuw-07,false,data/mp3d_layout/test/label_cor/Z6MFQCViBuw_80cd596c480c4f72a7457433b862d179.txt,false,cyclic_monotonic,false,"[637.83, 895.91, 137.36, 376.88]",roundtrip_only,4,4
Z6MFQCViBuw_bc4ec1f735f3446aa4b56165d9508b45,Z6MFQCViBuw-08,true,data/mp3d_layout/test/label_cor/Z6MFQCViBuw_bc4ec1f735f3446aa4b56165d9508b45.txt,false,cyclic_monotonic,false,"[620.1, 840.77, 103.68, 468.07]",roundtrip_only,4,4
Z6MFQCViBuw_d9913cc77dc14f17b7228ac8de469b06,Z6MFQCViBuw-09,false,data/mp3d_layout/test/label_cor/Z6MFQCViBuw_d9913cc77dc14f17b7228ac8de469b06.txt,false,cyclic_monotonic,false,"[658.29, 891.38, 56.78, 445.77]",roundtrip_only,4,4
Z6MFQCViBuw_fbef2c9afec642c88d01cf09c90aec12,Z6MFQCViBuw-10,true,data/mp3d_layout/test/label_cor/Z6MFQCViBuw_fbef2c9afec642c88d01cf09c90aec12.txt,false,cyclic_monotonic,false,"[614.69, 943.46, 129.54, 358.23]",roundtrip_only,4,4
2t7WUuJeko7_073656b4030d4389ba7f304298be1d73,2t7WUuJeko7-01,false,data/mp3d_layout/valid/label_cor/2t7WUuJeko7_073656b4030d4389ba7f304298be1d73.txt,false,cyclic_monotonic,false,"[725.13, 904.97, 99.88, 309.84]",no_manual_copy,4,
2t7WUuJeko7_1a0d730696cc4057b0037a75c8ef6b59,2t7WUuJeko7-02,false,data/mp3d_layout/valid/label_cor/2t7WUuJeko7_1a0d730696cc4057b0037a75c8ef6b59.txt,false,cyclic_monotonic,false,"[640.1, 857.64, 922.94, 968.47, 100.93, 394.26]",no_manual_copy,6,
2t7WUuJeko7_218fdf5321f9482e85e828c56f2c0c94,2t7WUuJeko7-03,false,data/mp3d_layout/valid/label_cor/2t7WUuJeko7_218fdf5321f9482e85e828c56f2c0c94.txt,false,cyclic_monotonic,false,"[622.95, 948.62, 114.06, 166.97, 195.52, 327.32]",no_manual_copy,6,
2t7WUuJeko7_27af7fd637014142a4f530cfd4557189,2t7WUuJeko7-04,false,data/mp3d_layout/valid/label_cor/2t7WUuJeko7_27af7fd637014142a4f530cfd4557189.txt,false,cyclic_monotonic,false,"[645.74, 970.82, 33.21, 417.48]",no_manual_copy,4,
2t7WUuJeko7_383d84c26afa4fae9e68b89d445e091e,2t7WUuJeko7-05,false,data/mp3d_layout/valid/label_cor/2t7WUuJeko7_383d84c26afa4fae9e68b89d445e091e.txt,true,local_backtracking,false,"[691.14, 772.9, 770.4, 863.02, 60.24, 382.12]",no_manual_copy,6,
2t7WUuJeko7_3be66dc4f0fb46449d63b07d92c74f3f,2t7WUuJeko7-06,true,data/mp3d_layout/valid/label_cor/2t7WUuJeko7_3be66dc4f0fb46449d63b07d92c74f3f.txt,false,cyclic_monotonic,false,"[702.49, 842.93, 197.17, 307.08]",no_manual_copy,4,
2t7WUuJeko7_53937db036374126830e0f1203b04ead,2t7WUuJeko7-07,true,data/mp3d_layout/valid/label_cor/2t7WUuJeko7_53937db036374126830e0f1203b04ead.txt,true,local_backtracking,false,"[556.31, 930.43, 177.2, 250.22, 225.69, 486.97]",no_manual_copy,6,
2t7WUuJeko7_5db6d45b905f458a8290e69ff3e8d820,2t7WUuJeko7-08,false,data/mp3d_layout/valid/label_cor/2t7WUuJeko7_5db6d45b905f458a8290e69ff3e8d820.txt,false,cyclic_monotonic,false,"[694.26, 789.65, 215.76, 376.93]",no_manual_copy,4,
2t7WUuJeko7_7b017f053981438a9c075e599f2c5866,2t7WUuJeko7-09,true,data/mp3d_layout/valid/label_cor/2t7WUuJeko7_7b017f053981438a9c075e599f2c5866.txt,false,cyclic_monotonic,false,"[621.32, 903.57, 171.09, 350.96]",no_manual_copy,4,
2t7WUuJeko7_8898d3cea28d404f8f69c3a3bce52371,2t7WUuJeko7-10,false,data/mp3d_layout/valid/label_cor/2t7WUuJeko7_8898d3cea28d404f8f69c3a3bce52371.txt,false,cyclic_monotonic,false,"[576.22, 991.97, 138.71, 262.03, 265.48, 351.1]",no_manual_copy,6,
2t7WUuJeko7_8d51f41d9ce04dfdaae944da9c6d3847,2t7WUuJeko7-11,false,data/mp3d_layout/valid/label_cor/2t7WUuJeko7_8d51f41d9ce04dfdaae944da9c6d3847.txt,false,cyclic_monotonic,false,"[623.58, 809.94, 92.0, 489.96]",no_manual_copy,4,
2t7WUuJeko7_9039d42e4ef4406fa57a2fbd2daba6cf,2t7WUuJeko7-12,false,data/mp3d_layout/valid/label_cor/2t7WUuJeko7_9039d42e4ef4406fa57a2fbd2daba6cf.txt,false,cyclic_monotonic,false,"[700.53, 937.34, 71.46, 338.11]",no_manual_copy,4,
2t7WUuJeko7_976c954bc5944db493d6149ee4bc7a2a,2t7WUuJeko7-13,true,data/mp3d_layout/valid/label_cor/2t7WUuJeko7_976c954bc5944db493d6149ee4bc7a2a.txt,false,cyclic_monotonic,false,"[640.0, 968.6, 150.55, 298.56]",no_manual_copy,4,
2t7WUuJeko7_a3297c84260041288c5c38c0d1aa0a9a,2t7WUuJeko7-14,false,data/mp3d_layout/valid/label_cor/2t7WUuJeko7_a3297c84260041288c5c38c0d1aa0a9a.txt,false,cyclic_monotonic,false,"[598.05, 814.83, 170.31, 464.95]",no_manual_copy,4,
2t7WUuJeko7_b72b7b78675f429a9f382a44e551cffc,2t7WUuJeko7-15,false,data/mp3d_layout/valid/label_cor/2t7WUuJeko7_b72b7b78675f429a9f382a44e551cffc.txt,false,cyclic_monotonic,false,"[702.05, 827.44, 197.71, 320.69]",no_manual_copy,4,
2t7WUuJeko7_cc34e9176bfe47ebb23c58c165203134,2t7WUuJeko7-16,false,data/mp3d_layout/valid/label_cor/2t7WUuJeko7_cc34e9176bfe47ebb23c58c165203134.txt,false,cyclic_monotonic,false,"[564.09, 904.55, 80.19, 480.29]",no_manual_copy,4,
2t7WUuJeko7_edc7b2c25f054ce8992ae3fb66e80881,2t7WUuJeko7-17,false,data/mp3d_layout/valid/label_cor/2t7WUuJeko7_edc7b2c25f054ce8992ae3fb66e80881.txt,true,local_backtracking,false,"[597.22, 777.07, 771.04, 919.25, 122.48, 327.01]",no_manual_copy,6,
jh4fc5c5qoQ_1eac2c379ebf4e059f4a35e584f82f9b,jh4fc5c5qoQ-01,false,data/mp3d_layout/valid/label_cor/jh4fc5c5qoQ_1eac2c379ebf4e059f4a35e584f82f9b.txt,false,cyclic_monotonic,false,"[616.32, 855.35, 168.05, 408.33]",no_manual_copy,4,
jh4fc5c5qoQ_30cdb6fe9aa6449788e271f2e24d76ec,jh4fc5c5qoQ-02,true,data/mp3d_layout/valid/label_cor/jh4fc5c5qoQ_30cdb6fe9aa6449788e271f2e24d76ec.txt,false,cyclic_monotonic,false,"[747.37, 871.6, 46.7, 342.33]",no_manual_copy,4,
jh4fc5c5qoQ_3182b6eba9ce405f9e1c0af86cc6b862,jh4fc5c5qoQ-03,false,data/mp3d_layout/valid/label_cor/jh4fc5c5qoQ_3182b6eba9ce405f9e1c0af86cc6b862.txt,false,cyclic_monotonic,false,"[734.65, 776.8, 781.08, 857.13, 78.15, 382.04]",no_manual_copy,6,
jh4fc5c5qoQ_4547d37b305e41bdad0de45ade6971ca,jh4fc5c5qoQ-04,true,data/mp3d_layout/valid/label_cor/jh4fc5c5qoQ_4547d37b305e41bdad0de45ade6971ca.txt,true,local_backtracking,false,"[667.0, 837.88, 997.05, 1011.19, 76.74, 127.27, 70.68, 76.09, 136.46, 249.67, 253.49, 338.85]",no_manual_copy,12,
jh4fc5c5qoQ_45b6596b2c8f4336b7293cfd6d910492,jh4fc5c5qoQ-05,false,data/mp3d_layout/valid/label_cor/jh4fc5c5qoQ_45b6596b2c8f4336b7293cfd6d910492.txt,false,cyclic_monotonic,false,"[568.66, 1001.03, 122.52, 320.64]",no_manual_copy,4,
jh4fc5c5qoQ_5ce75bcca20d46a8adba099e08a36c8e,jh4fc5c5qoQ-06,false,data/mp3d_layout/valid/label_cor/jh4fc5c5qoQ_5ce75bcca20d46a8adba099e08a36c8e.txt,true,local_backtracking,false,"[612.25, 937.51, 148.17, 228.52, 189.37, 223.93, 243.23, 349.74]",no_manual_copy,8,
jh4fc5c5qoQ_6ab11272308c46068c9ae583da8ff311,jh4fc5c5qoQ-07,false,data/mp3d_layout/valid/label_cor/jh4fc5c5qoQ_6ab11272308c46068c9ae583da8ff311.txt,true,local_backtracking,false,"[714.27, 844.69, 919.96, 959.51, 996.22, 975.64, 12.2, 28.55, 204.36, 334.19]",no_manual_copy,10,
jh4fc5c5qoQ_755d110c2ed84d76be11ad56ae00b53f,jh4fc5c5qoQ-08,false,data/mp3d_layout/valid/label_cor/jh4fc5c5qoQ_755d110c2ed84d76be11ad56ae00b53f.txt,false,cyclic_monotonic,false,"[625.07, 840.05, 93.16, 471.58]",no_manual_copy,4,
jh4fc5c5qoQ_77e6cfabf32d46fc9398ce824843adaa,jh4fc5c5qoQ-09,true,data/mp3d_layout/valid/label_cor/jh4fc5c5qoQ_77e6cfabf32d46fc9398ce824843adaa.txt,true,local_backtracking,false,"[627.67, 763.43, 743.3, 989.27, 79.41, 125.3, 145.78, 73.43, 144.06, 240.34, 206.58, 451.93]",no_manual_copy,12,
jh4fc5c5qoQ_855bc326ad174253b57626daf123c608,jh4fc5c5qoQ-10,true,data/mp3d_layout/valid/label_cor/jh4fc5c5qoQ_855bc326ad174253b57626daf123c608.txt,true,local_backtracking,false,"[558.33, 865.59, 171.87, 366.72, 334.82, 381.68, 411.64, 396.8, 401.28, 429.67, 479.67, 491.3]",no_manual_copy,12,
jh4fc5c5qoQ_97739a403b984dcd8253741a073b18dd,jh4fc5c5qoQ-11,false,data/mp3d_layout/valid/label_cor/jh4fc5c5qoQ_97739a403b984dcd8253741a073b18dd.txt,false,cyclic_monotonic,false,"[727.93, 777.31, 785.2, 890.1, 127.97, 331.59]",no_manual_copy,6,
jh4fc5c5qoQ_a59a3a61089343a8ba2834e7d3cd1066,jh4fc5c5qoQ-12,true,data/mp3d_layout/valid/label_cor/jh4fc5c5qoQ_a59a3a61089343a8ba2834e7d3cd1066.txt,true,local_backtracking,false,"[663.42, 942.85, 123.05, 203.16, 107.73, 125.95, 212.07, 324.21]",no_manual_copy,8,
jh4fc5c5qoQ_abbdc7ac89204f23a935fcb9ccae887c,jh4fc5c5qoQ-13,true,data/mp3d_layout/valid/label_cor/jh4fc5c5qoQ_abbdc7ac89204f23a935fcb9ccae887c.txt,false,cyclic_monotonic,false,"[707.95, 794.94, 852.61, 971.78, 170.45, 296.56]",no_manual_copy,6,
jh4fc5c5qoQ_b000c5baa76b454caa1c58c9aac585f6,jh4fc5c5qoQ-14,true,data/mp3d_layout/valid/label_cor/jh4fc5c5qoQ_b000c5baa76b454caa1c58c9aac585f6.txt,true,local_backtracking,false,"[506.8, 490.95, 719.0, 635.57, 719.43, 788.79, 200.61, 384.97]",no_manual_copy,8,
jh4fc5c5qoQ_d6d4416592a0483691a1ed7d3b336a1a,jh4fc5c5qoQ-15,false,data/mp3d_layout/valid/label_cor/jh4fc5c5qoQ_d6d4416592a0483691a1ed7d3b336a1a.txt,false,cyclic_monotonic,false,"[553.74, 933.69, 182.5, 394.95]",no_manual_copy,4,
jtcxE69GiFV_001ad2ad14234e06b2d996d71bb96fc4,jtcxE69GiFV-01,false,data/mp3d_layout/valid/label_cor/jtcxE69GiFV_001ad2ad14234e06b2d996d71bb96fc4.txt,false,cyclic_monotonic,false,"[547.12, 977.17, 149.94, 386.23]",no_manual_copy,4,
jtcxE69GiFV_0465bba4a7724a20876d042cab3b9ca1,jtcxE69GiFV-02,false,data/mp3d_layout/valid/label_cor/jtcxE69GiFV_0465bba4a7724a20876d042cab3b9ca1.txt,false,cyclic_monotonic,false,"[553.74, 928.69, 227.48, 275.15, 338.29, 439.34]",no_manual_copy,6,
jtcxE69GiFV_0aa01000f1934e73b35c348fa8d15040,jtcxE69GiFV-03,true,data/mp3d_layout/valid/label_cor/jtcxE69GiFV_0aa01000f1934e73b35c348fa8d15040.txt,false,cyclic_monotonic,false,"[737.89, 967.7, 53.29, 287.91]",no_manual_copy,4,
jtcxE69GiFV_1df105f34ccf4844877be7e8e2d90fad,jtcxE69GiFV-04,true,data/mp3d_layout/valid/label_cor/jtcxE69GiFV_1df105f34ccf4844877be7e8e2d90fad.txt,false,cyclic_monotonic,false,"[655.13, 817.16, 127.4, 453.92]",no_manual_copy,4,
jtcxE69GiFV_27535f650b78489abcf2397c1eaa3037,jtcxE69GiFV-05,true,data/mp3d_layout/valid/label_cor/jtcxE69GiFV_27535f650b78489abcf2397c1eaa3037.txt,false,cyclic_monotonic,false,"[525.45, 973.6, 210.43, 392.43]",no_manual_copy,4,
jtcxE69GiFV_29d51ea54a5040098e9b1ba6eaa1f5bd,jtcxE69GiFV-06,false,data/mp3d_layout/valid/label_cor/jtcxE69GiFV_29d51ea54a5040098e9b1ba6eaa1f5bd.txt,true,local_backtracking,false,"[673.04, 951.13, 74.3, 95.15, 158.48, 230.33, 200.75, 349.29]",no_manual_copy,8,
jtcxE69GiFV_36d9e8e9eba24f3fbff08082c41a4d68,jtcxE69GiFV-07,false,data/mp3d_layout/valid/label_cor/jtcxE69GiFV_36d9e8e9eba24f3fbff08082c41a4d68.txt,false,cyclic_monotonic,false,"[628.52, 916.07, 140.11, 363.32]",no_manual_copy,4,
jtcxE69GiFV_3a61b286f9574cebb27cce0efa211bd0,jtcxE69GiFV-08,false,data/mp3d_layout/valid/label_cor/jtcxE69GiFV_3a61b286f9574cebb27cce0efa211bd0.txt,false,cyclic_monotonic,false,"[991.87, 147.67, 359.29, 546.2]",no_manual_copy,4,
jtcxE69GiFV_3fb4bb890d7f4964b496a46db647e72a,jtcxE69GiFV-09,true,data/mp3d_layout/valid/label_cor/jtcxE69GiFV_3fb4bb890d7f4964b496a46db647e72a.txt,false,cyclic_monotonic,false,"[578.09, 904.2, 138.54, 431.23]",no_manual_copy,4,
jtcxE69GiFV_44661972414d44fabc0799f237e4d7f0,jtcxE69GiFV-10,true,data/mp3d_layout/valid/label_cor/jtcxE69GiFV_44661972414d44fabc0799f237e4d7f0.txt,false,cyclic_monotonic,false,"[640.92, 888.78, 128.43, 389.88]",no_manual_copy,4,
jtcxE69GiFV_4d7ce55eeb6643079aba3b10360de8d8,jtcxE69GiFV-11,true,data/mp3d_layout/valid/label_cor/jtcxE69GiFV_4d7ce55eeb6643079aba3b10360de8d8.txt,true,local_backtracking,false,"[479.04, 403.68, 659.6, 882.34, 232.91, 332.35]",no_manual_copy,6,
jtcxE69GiFV_539fb3f6f19b442285b593628a8ce14e,jtcxE69GiFV-12,true,data/mp3d_layout/valid/label_cor/jtcxE69GiFV_539fb3f6f19b442285b593628a8ce14e.txt,true,local_backtracking,false,"[749.45, 907.45, 1018.4, 977.58, 217.0, 289.18]",no_manual_copy,6,
jtcxE69GiFV_5d3af9ad575b4be88587967ff8114c36,jtcxE69GiFV-13,true,data/mp3d_layout/valid/label_cor/jtcxE69GiFV_5d3af9ad575b4be88587967ff8114c36.txt,false,cyclic_monotonic,false,"[612.5, 682.74, 691.91, 882.39, 96.83, 441.28]",no_manual_copy,6,
jtcxE69GiFV_63929ab917fd40f3ac0b6917b1bc97ff,jtcxE69GiFV-14,false,data/mp3d_layout/valid/label_cor/jtcxE69GiFV_63929ab917fd40f3ac0b6917b1bc97ff.txt,false,cyclic_monotonic,false,"[694.96, 873.1, 101.82, 374.2]",no_manual_copy,4,
jtcxE69GiFV_650dbde3bd124db1bf8393250eda52ea,jtcxE69GiFV-15,false,data/mp3d_layout/valid/label_cor/jtcxE69GiFV_650dbde3bd124db1bf8393250eda52ea.txt,false,cyclic_monotonic,false,"[722.89, 820.5, 943.16, 1004.43, 136.55, 283.57]",no_manual_copy,6,
jtcxE69GiFV_666e7c94f27743a788c408a62c2c13f6,jtcxE69GiFV-16,false,data/mp3d_layout/valid/label_cor/jtcxE69GiFV_666e7c94f27743a788c408a62c2c13f6.txt,false,cyclic_monotonic,false,"[614.74, 899.96, 171.7, 360.1]",no_manual_copy,4,
jtcxE69GiFV_6723e18211d244f8b17ced91aae64d99,jtcxE69GiFV-17,true,data/mp3d_layout/valid/label_cor/jtcxE69GiFV_6723e18211d244f8b17ced91aae64d99.txt,true,local_backtracking,false,"[632.95, 862.79, 790.05, 923.14, 122.97, 283.61]",no_manual_copy,6,
jtcxE69GiFV_67790605390f4d439c3c59395967ec84,jtcxE69GiFV-18,true,data/mp3d_layout/valid/label_cor/jtcxE69GiFV_67790605390f4d439c3c59395967ec84.txt,true,local_backtracking,false,"[707.04, 818.87, 209.54, 303.91, 371.08, 319.22, 607.63, 555.06]",no_manual_copy,8,
jtcxE69GiFV_7ca707708ef54c5bac2992d05d4f1408,jtcxE69GiFV-19,false,data/mp3d_layout/valid/label_cor/jtcxE69GiFV_7ca707708ef54c5bac2992d05d4f1408.txt,false,cyclic_monotonic,false,"[548.95, 875.63, 223.92, 370.53, 489.43, 494.78]",no_manual_copy,6,
jtcxE69GiFV_87e96c5b923840bc8276d949ff157948,jtcxE69GiFV-20,false,data/mp3d_layout/valid/label_cor/jtcxE69GiFV_87e96c5b923840bc8276d949ff157948.txt,false,cyclic_monotonic,false,"[604.75, 830.93, 110.44, 478.37]",no_manual_copy,4,
jtcxE69GiFV_8ff0fdd4091340d1a96431ecad7d1cfe,jtcxE69GiFV-21,false,data/mp3d_layout/valid/label_cor/jtcxE69GiFV_8ff0fdd4091340d1a96431ecad7d1cfe.txt,false,cyclic_monotonic,false,"[583.65, 828.82, 223.57, 391.38]",no_manual_copy,4,
jtcxE69GiFV_9f0e2562fcf447f5a7c5e44e85978148,jtcxE69GiFV-22,true,data/mp3d_layout/valid/label_cor/jtcxE69GiFV_9f0e2562fcf447f5a7c5e44e85978148.txt,false,cyclic_monotonic,false,"[755.41, 895.34, 27.07, 327.02]",no_manual_copy,4,
jtcxE69GiFV_a197694b62d249968f88ae32a1b49d10,jtcxE69GiFV-23,true,data/mp3d_layout/valid/label_cor/jtcxE69GiFV_a197694b62d249968f88ae32a1b49d10.txt,false,cyclic_monotonic,false,"[728.87, 898.09, 76.04, 328.11]",no_manual_copy,4,
jtcxE69GiFV_aaa3143c2ccb4ba4b51a472b48f5e260,jtcxE69GiFV-24,false,data/mp3d_layout/valid/label_cor/jtcxE69GiFV_aaa3143c2ccb4ba4b51a472b48f5e260.txt,false,cyclic_monotonic,false,"[577.94, 1002.16, 111.44, 316.09]",no_manual_copy,4,
jtcxE69GiFV_c6baa663ada7439f9a409a86c7fd809b,jtcxE69GiFV-25,false,data/mp3d_layout/valid/label_cor/jtcxE69GiFV_c6baa663ada7439f9a409a86c7fd809b.txt,true,local_backtracking,false,"[704.75, 835.0, 1012.48, 1009.6, 90.48, 410.61, 467.95, 479.16]",no_manual_copy,8,
jtcxE69GiFV_c90412ad99334d3aa7a1ec74d8e543a1,jtcxE69GiFV-26,true,data/mp3d_layout/valid/label_cor/jtcxE69GiFV_c90412ad99334d3aa7a1ec74d8e543a1.txt,false,cyclic_monotonic,false,"[287.87, 689.12, 729.5, 747.77, 906.89, 931.56, 943.16, 129.78]",no_manual_copy,8,
jtcxE69GiFV_d972562e44f44b4db2a197310dc6113f,jtcxE69GiFV-27,false,data/mp3d_layout/valid/label_cor/jtcxE69GiFV_d972562e44f44b4db2a197310dc6113f.txt,true,local_backtracking,false,"[546.58, 560.48, 545.99, 939.97, 126.25, 471.02]",no_manual_copy,6,
jtcxE69GiFV_dce110162b244b2ab76a0804fc830a9e,jtcxE69GiFV-28,true,data/mp3d_layout/valid/label_cor/jtcxE69GiFV_dce110162b244b2ab76a0804fc830a9e.txt,false,cyclic_monotonic,false,"[620.86, 890.14, 907.16, 944.75, 72.85, 86.34, 109.54, 403.2]",no_manual_copy,8,
jtcxE69GiFV_eb93e479aeae4b59a26c3ea106f9be7a,jtcxE69GiFV-29,false,data/mp3d_layout/valid/label_cor/jtcxE69GiFV_eb93e479aeae4b59a26c3ea106f9be7a.txt,false,cyclic_monotonic,false,"[589.17, 816.01, 209.2, 433.04]",no_manual_copy,4,
jtcxE69GiFV_f473cf5a09a64090acec3bfe8fccaacd,jtcxE69GiFV-30,true,data/mp3d_layout/valid/label_cor/jtcxE69GiFV_f473cf5a09a64090acec3bfe8fccaacd.txt,false,cyclic_monotonic,false,"[665.23, 907.0, 151.92, 328.05]",no_manual_copy,4,
jtcxE69GiFV_f4dc4040df5a4f038dd2b35f2bb65266,jtcxE69GiFV-31,true,data/mp3d_layout/valid/label_cor/jtcxE69GiFV_f4dc4040df5a4f038dd2b35f2bb65266.txt,false,cyclic_monotonic,false,"[604.99, 971.81, 137.55, 293.56, 433.03, 469.2]",no_manual_copy,6,
jtcxE69GiFV_fb1ac7e96b884d289aff3fe02bb3c248,jtcxE69GiFV-32,false,data/mp3d_layout/valid/label_cor/jtcxE69GiFV_fb1ac7e96b884d289aff3fe02bb3c248.txt,true,local_backtracking,false,"[727.49, 807.68, 174.59, 332.05, 479.86, 446.86, 717.51, 663.22]",no_manual_copy,8,
jtcxE69GiFV_fb7f2438518243b180ae78cf1e2737e3,jtcxE69GiFV-33,false,data/mp3d_layout/valid/label_cor/jtcxE69GiFV_fb7f2438518243b180ae78cf1e2737e3.txt,false,cyclic_monotonic,false,"[637.55, 866.02, 195.13, 342.68]",no_manual_copy,4,
jtcxE69GiFV_ff6cc28d8a7049ec980d1d52480530b5,jtcxE69GiFV-34,false,data/mp3d_layout/valid/label_cor/jtcxE69GiFV_ff6cc28d8a7049ec980d1d52480530b5.txt,false,cyclic_monotonic,false,"[659.38, 830.8, 121.13, 439.88]",no_manual_copy,4,
pa4otMbVnkk_007d567cfff94aff8d850876914b9584,pa4otMbVnkk-01,false,data/mp3d_layout/valid/label_cor/pa4otMbVnkk_007d567cfff94aff8d850876914b9584.txt,false,cyclic_monotonic,false,"[705.53, 866.24, 97.58, 371.64]",no_manual_copy,4,
pa4otMbVnkk_0e800fa7378b455a8054fbd02497fa6e,pa4otMbVnkk-02,false,data/mp3d_layout/valid/label_cor/pa4otMbVnkk_0e800fa7378b455a8054fbd02497fa6e.txt,false,cyclic_monotonic,false,"[734.65, 925.55, 30.73, 360.93]",no_manual_copy,4,
pa4otMbVnkk_23d65a083f87438a8b5298466e34d62d,pa4otMbVnkk-03,false,data/mp3d_layout/valid/label_cor/pa4otMbVnkk_23d65a083f87438a8b5298466e34d62d.txt,true,local_backtracking,false,"[549.59, 957.08, 78.7, 447.86, 421.47, 446.82]",no_manual_copy,6,
pa4otMbVnkk_25659e521aac49daadb7762ba87cb2b6,pa4otMbVnkk-04,false,data/mp3d_layout/valid/label_cor/pa4otMbVnkk_25659e521aac49daadb7762ba87cb2b6.txt,false,cyclic_monotonic,false,"[651.04, 848.09, 167.76, 382.43]",no_manual_copy,4,
pa4otMbVnkk_270f6920ec0f48c391bca974b356bc3b,pa4otMbVnkk-05,true,data/mp3d_layout/valid/label_cor/pa4otMbVnkk_270f6920ec0f48c391bca974b356bc3b.txt,true,local_backtracking,false,"[652.06, 903.08, 1.64, 1.27, 144.2, 331.69]",no_manual_copy,6,
pa4otMbVnkk_3ad5d0784b1442b6a728bb7dec3d50e0,pa4otMbVnkk-06,true,data/mp3d_layout/valid/label_cor/pa4otMbVnkk_3ad5d0784b1442b6a728bb7dec3d50e0.txt,false,cyclic_monotonic,false,"[723.92, 810.47, 217.51, 295.96]",no_manual_copy,4,
pa4otMbVnkk_3df9a5180b94479997b19a8823f31eab,pa4otMbVnkk-07,false,data/mp3d_layout/valid/label_cor/pa4otMbVnkk_3df9a5180b94479997b19a8823f31eab.txt,false,cyclic_monotonic,false,"[650.25, 678.54, 696.31, 785.98, 142.74, 488.07, 608.25, 630.33]",no_manual_copy,8,
pa4otMbVnkk_42218dacb31045bfbc70cd57d1b69a84,pa4otMbVnkk-08,false,data/mp3d_layout/valid/label_cor/pa4otMbVnkk_42218dacb31045bfbc70cd57d1b69a84.txt,false,cyclic_monotonic,false,"[561.42, 621.64, 695.35, 827.38, 238.21, 274.28, 298.1, 367.97]",no_manual_copy,8,
pa4otMbVnkk_447755d931aa401097d8c0952a22b17e,pa4otMbVnkk-09,true,data/mp3d_layout/valid/label_cor/pa4otMbVnkk_447755d931aa401097d8c0952a22b17e.txt,false,cyclic_monotonic,false,"[583.97, 838.07, 179.54, 446.14]",no_manual_copy,4,
pa4otMbVnkk_48321c1bb20244f1b43b2c41b4dc9657,pa4otMbVnkk-10,true,data/mp3d_layout/valid/label_cor/pa4otMbVnkk_48321c1bb20244f1b43b2c41b4dc9657.txt,true,local_backtracking,false,"[588.61, 729.94, 751.45, 795.73, 117.54, 466.01, 579.91, 555.5]",no_manual_copy,8,
pa4otMbVnkk_4fbdfc08c934474ea9a04977f9081d0e,pa4otMbVnkk-11,true,data/mp3d_layout/valid/label_cor/pa4otMbVnkk_4fbdfc08c934474ea9a04977f9081d0e.txt,false,cyclic_monotonic,false,"[525.18, 559.86, 710.87, 831.81, 956.76, 1000.74, 158.55, 359.73]",no_manual_copy,8,
pa4otMbVnkk_56189c4a26dd486d91b853fc8a7ffb6b,pa4otMbVnkk-12,false,data/mp3d_layout/valid/label_cor/pa4otMbVnkk_56189c4a26dd486d91b853fc8a7ffb6b.txt,false,cyclic_monotonic,false,"[347.53, 721.28, 905.8, 64.16]",no_manual_copy,4,
pa4otMbVnkk_5cd7afbe84aa4a13a13b45c369e39731,pa4otMbVnkk-13,false,data/mp3d_layout/valid/label_cor/pa4otMbVnkk_5cd7afbe84aa4a13a13b45c369e39731.txt,false,cyclic_monotonic,false,"[654.73, 884.75, 55.42, 454.32]",no_manual_copy,4,
pa4otMbVnkk_5d1adb544bb14217ba5ded2eb82cd8e3,pa4otMbVnkk-14,true,data/mp3d_layout/valid/label_cor/pa4otMbVnkk_5d1adb544bb14217ba5ded2eb82cd8e3.txt,false,cyclic_monotonic,false,"[762.06, 948.83, 81.77, 261.38]",no_manual_copy,4,
pa4otMbVnkk_616baa976df7493c8b5d1516fa55aa75,pa4otMbVnkk-15,false,data/mp3d_layout/valid/label_cor/pa4otMbVnkk_616baa976df7493c8b5d1516fa55aa75.txt,false,cyclic_monotonic,false,"[714.31, 858.26, 83.1, 383.06]",no_manual_copy,4,
pa4otMbVnkk_637126917ec84d1aa32c986159ce2dc9,pa4otMbVnkk-16,false,data/mp3d_layout/valid/label_cor/pa4otMbVnkk_637126917ec84d1aa32c986159ce2dc9.txt,false,cyclic_monotonic,false,"[755.0, 779.19, 895.79, 1011.65, 133.96, 269.3]",no_manual_copy,6,
pa4otMbVnkk_63bde48e974d42e59a664bc3b5d9566a,pa4otMbVnkk-17,true,data/mp3d_layout/valid/label_cor/pa4otMbVnkk_63bde48e974d42e59a664bc3b5d9566a.txt,false,cyclic_monotonic,false,"[589.19, 948.53, 87.53, 422.58]",no_manual_copy,4,
pa4otMbVnkk_64ba4f267872432abdcb00af002649d5,pa4otMbVnkk-18,true,data/mp3d_layout/valid/label_cor/pa4otMbVnkk_64ba4f267872432abdcb00af002649d5.txt,true,local_backtracking,false,"[574.13, 805.13, 211.17, 442.31, 418.68, 440.96]",no_manual_copy,6,
pa4otMbVnkk_7172b7e0aefe4e23a53449a4531ca5e3,pa4otMbVnkk-19,false,data/mp3d_layout/valid/label_cor/pa4otMbVnkk_7172b7e0aefe4e23a53449a4531ca5e3.txt,false,cyclic_monotonic,false,"[561.48, 634.45, 713.14, 789.4, 797.3, 907.57, 30.26, 46.44, 180.63, 381.34]",no_manual_copy,10,
pa4otMbVnkk_78863f388bfc4e419e5d3454f1fecf3f,pa4otMbVnkk-20,false,data/mp3d_layout/valid/label_cor/pa4otMbVnkk_78863f388bfc4e419e5d3454f1fecf3f.txt,false,cyclic_monotonic,false,"[704.78, 830.18, 42.5, 470.24]",no_manual_copy,4,
pa4otMbVnkk_78c162aad54a4b969d0b0813a86d43e4,pa4otMbVnkk-21,false,data/mp3d_layout/valid/label_cor/pa4otMbVnkk_78c162aad54a4b969d0b0813a86d43e4.txt,false,cyclic_monotonic,false,"[678.26, 981.99, 20.73, 127.57, 202.01, 322.63]",no_manual_copy,6,
pa4otMbVnkk_7be30830c80b4fb3a83d5f956c07e143,pa4otMbVnkk-22,false,data/mp3d_layout/valid/label_cor/pa4otMbVnkk_7be30830c80b4fb3a83d5f956c07e143.txt,false,cyclic_monotonic,false,"[648.8, 861.99, 40.6, 482.28]",no_manual_copy,4,
pa4otMbVnkk_82f4e9ccd0ef4351a3d814f1222b03cc,pa4otMbVnkk-23,false,data/mp3d_layout/valid/label_cor/pa4otMbVnkk_82f4e9ccd0ef4351a3d814f1222b03cc.txt,false,cyclic_monotonic,false,"[598.62, 890.18, 61.05, 477.46]",no_manual_copy,4,
pa4otMbVnkk_8370daaebb5145ee80f7e362fabc9d5b,pa4otMbVnkk-24,false,data/mp3d_layout/valid/label_cor/pa4otMbVnkk_8370daaebb5145ee80f7e362fabc9d5b.txt,true,local_backtracking,false,"[588.93, 946.58, 125.92, 292.05, 341.11, 372.91, 305.05, 379.06]",no_manual_copy,8,
pa4otMbVnkk_867c64cd8f474949bcd87100dc18c2d4,pa4otMbVnkk-25,false,data/mp3d_layout/valid/label_cor/pa4otMbVnkk_867c64cd8f474949bcd87100dc18c2d4.txt,true,local_backtracking,false,"[690.55, 807.68, 840.63, 811.8, 881.96, 927.7, 154.86, 413.55]",no_manual_copy,8,
pa4otMbVnkk_88c758f7e35244fd8f5693913f329805,pa4otMbVnkk-26,false,data/mp3d_layout/valid/label_cor/pa4otMbVnkk_88c758f7e35244fd8f5693913f329805.txt,false,cyclic_monotonic,false,"[696.87, 833.39, 81.21, 437.11]",no_manual_copy,4,
pa4otMbVnkk_8c292f0d6db5479fb361ac01a935863a,pa4otMbVnkk-27,false,data/mp3d_layout/valid/label_cor/pa4otMbVnkk_8c292f0d6db5479fb361ac01a935863a.txt,true,local_backtracking,true,"[725.52, 815.43, 859.14, 956.3, 925.92, 955.77, 0.0, 0.0, 99.17, 343.89]",no_manual_copy,10,
pa4otMbVnkk_8d4d0f90d2b145648e952352535c0f50,pa4otMbVnkk-28,false,data/mp3d_layout/valid/label_cor/pa4otMbVnkk_8d4d0f90d2b145648e952352535c0f50.txt,true,local_backtracking,false,"[527.28, 539.69, 630.13, 716.63, 629.55, 940.99, 209.44, 397.35]",no_manual_copy,8,
pa4otMbVnkk_8d9a72e210cd480a897945c465e5cade,pa4otMbVnkk-29,false,data/mp3d_layout/valid/label_cor/pa4otMbVnkk_8d9a72e210cd480a897945c465e5cade.txt,true,local_backtracking,false,"[568.59, 883.27, 140.09, 311.4, 330.06, 427.24, 403.48, 456.19]",no_manual_copy,8,
pa4otMbVnkk_915273ca375f43be9306ce29b7724c46,pa4otMbVnkk-30,false,data/mp3d_layout/valid/label_cor/pa4otMbVnkk_915273ca375f43be9306ce29b7724c46.txt,false,cyclic_monotonic,false,"[689.95, 836.02, 88.97, 434.0]",no_manual_copy,4,
pa4otMbVnkk_9548771afcfd442a8dcb73d739a23b27,pa4otMbVnkk-31,false,data/mp3d_layout/valid/label_cor/pa4otMbVnkk_9548771afcfd442a8dcb73d739a23b27.txt,false,cyclic_monotonic,false,"[723.0, 814.44, 999.07, 1019.38, 141.92, 280.22]",no_manual_copy,6,
pa4otMbVnkk_a1243ae1c9e7407794464678be846819,pa4otMbVnkk-32,false,data/mp3d_layout/valid/label_cor/pa4otMbVnkk_a1243ae1c9e7407794464678be846819.txt,false,cyclic_monotonic,false,"[617.0, 957.07, 170.89, 308.48]",no_manual_copy,4,
pa4otMbVnkk_a390863f6b5f4b9497580c29d4d7bbe9,pa4otMbVnkk-33,false,data/mp3d_layout/valid/label_cor/pa4otMbVnkk_a390863f6b5f4b9497580c29d4d7bbe9.txt,false,cyclic_monotonic,false,"[692.03, 814.04, 908.09, 961.51, 39.26, 464.09]",no_manual_copy,6,
pa4otMbVnkk_a8e87c5da1414d998988fe3c29dba7d5,pa4otMbVnkk-34,false,data/mp3d_layout/valid/label_cor/pa4otMbVnkk_a8e87c5da1414d998988fe3c29dba7d5.txt,false,cyclic_monotonic,false,"[588.1, 870.92, 192.03, 393.41]",no_manual_copy,4,
pa4otMbVnkk_ae57bfaab09c44a48a384367f50f3bd8,pa4otMbVnkk-35,false,data/mp3d_layout/valid/label_cor/pa4otMbVnkk_ae57bfaab09c44a48a384367f50f3bd8.txt,false,cyclic_monotonic,false,"[739.49, 795.62, 196.92, 316.84]",no_manual_copy,4,
pa4otMbVnkk_b2bb0d47721a4f24af2c829bba560aa6,pa4otMbVnkk-36,false,data/mp3d_layout/valid/label_cor/pa4otMbVnkk_b2bb0d47721a4f24af2c829bba560aa6.txt,false,cyclic_monotonic,false,"[748.33, 790.85, 123.11, 397.71, 622.71, 643.84]",no_manual_copy,6,
pa4otMbVnkk_b8245307c038459a9df432be2341ec27,pa4otMbVnkk-37,false,data/mp3d_layout/valid/label_cor/pa4otMbVnkk_b8245307c038459a9df432be2341ec27.txt,false,cyclic_monotonic,false,"[580.73, 798.64, 130.25, 497.74]",no_manual_copy,4,
pa4otMbVnkk_d02457f6d5b84e8fb43b49a52c81c78e,pa4otMbVnkk-38,false,data/mp3d_layout/valid/label_cor/pa4otMbVnkk_d02457f6d5b84e8fb43b49a52c81c78e.txt,true,local_backtracking,false,"[747.21, 851.3, 882.84, 894.93, 968.75, 906.52, 171.35, 300.59]",no_manual_copy,8,
pa4otMbVnkk_d0777438896f4ba59dc36ba96ebb003f,pa4otMbVnkk-39,false,data/mp3d_layout/valid/label_cor/pa4otMbVnkk_d0777438896f4ba59dc36ba96ebb003f.txt,false,cyclic_monotonic,false,"[621.75, 794.41, 52.21, 504.95]",no_manual_copy,4,
pa4otMbVnkk_e280c21ec51840e296d454c19fb4ac28,pa4otMbVnkk-40,false,data/mp3d_layout/valid/label_cor/pa4otMbVnkk_e280c21ec51840e296d454c19fb4ac28.txt,false,cyclic_monotonic,false,"[620.74, 916.2, 106.67, 404.39]",no_manual_copy,4,
pa4otMbVnkk_e976f604378648b3bd1d1ed1e9638294,pa4otMbVnkk-41,false,data/mp3d_layout/valid/label_cor/pa4otMbVnkk_e976f604378648b3bd1d1ed1e9638294.txt,false,cyclic_monotonic,false,"[601.06, 990.04, 184.57, 266.42, 287.96, 332.3]",no_manual_copy,6,
pa4otMbVnkk_eac7bdc24b24474ba38b8b0b5acd62f6,pa4otMbVnkk-42,true,data/mp3d_layout/valid/label_cor/pa4otMbVnkk_eac7bdc24b24474ba38b8b0b5acd62f6.txt,false,cyclic_monotonic,false,"[554.18, 922.43, 218.61, 348.1]",no_manual_copy,4,
pa4otMbVnkk_f0397335d45f43c282646a8653918f86,pa4otMbVnkk-43,false,data/mp3d_layout/valid/label_cor/pa4otMbVnkk_f0397335d45f43c282646a8653918f86.txt,true,local_backtracking,false,"[700.32, 733.57, 716.02, 841.92, 68.92, 461.07]",no_manual_copy,6,
pa4otMbVnkk_f6005da79d2c43ba820db8124a4287d1,pa4otMbVnkk-44,true,data/mp3d_layout/valid/label_cor/pa4otMbVnkk_f6005da79d2c43ba820db8124a4287d1.txt,false,cyclic_monotonic,false,"[614.61, 813.81, 107.07, 485.79]",no_manual_copy,4,
pa4otMbVnkk_f750030380cb4bbe87e4bf3d31b63f94,pa4otMbVnkk-45,false,data/mp3d_layout/valid/label_cor/pa4otMbVnkk_f750030380cb4bbe87e4bf3d31b63f94.txt,true,local_backtracking,false,"[675.34, 775.48, 771.36, 908.03, 80.62, 326.09]",no_manual_copy,6,
pa4otMbVnkk_f99f4beac1744062a4d6349ac140f16e,pa4otMbVnkk-46,false,data/mp3d_layout/valid/label_cor/pa4otMbVnkk_f99f4beac1744062a4d6349ac140f16e.txt,false,cyclic_monotonic,false,"[647.39, 961.85, 117.76, 202.93, 208.64, 313.45]",no_manual_copy,6,
pa4otMbVnkk_faa9b3c493a541d5bcaae52f760b6807,pa4otMbVnkk-47,false,data/mp3d_layout/valid/label_cor/pa4otMbVnkk_faa9b3c493a541d5bcaae52f760b6807.txt,false,cyclic_monotonic,false,"[660.06, 821.01, 141.56, 434.99]",no_manual_copy,4,
pa4otMbVnkk_fc4ee7e59f32491d9817b3a9a5b5e9b1,pa4otMbVnkk-48,true,data/mp3d_layout/valid/label_cor/pa4otMbVnkk_fc4ee7e59f32491d9817b3a9a5b5e9b1.txt,false,cyclic_monotonic,false,"[700.1, 915.01, 127.16, 311.36]",no_manual_copy,4,
pa4otMbVnkk_fd3034fe3cf6425ea2810f42656766cf,pa4otMbVnkk-49,false,data/mp3d_layout/valid/label_cor/pa4otMbVnkk_fd3034fe3cf6425ea2810f42656766cf.txt,false,cyclic_monotonic,false,"[580.7, 960.46, 127.93, 376.96]",no_manual_copy,4,
pRbA3pwrgk9_0350fc96e88c4a52886d4eb50b2d52c6,pRbA3pwrgk9-01,true,data/mp3d_layout/valid/label_cor/pRbA3pwrgk9_0350fc96e88c4a52886d4eb50b2d52c6.txt,true,local_backtracking,false,"[343.93, 491.01, 453.19, 755.94, 858.18, 981.22, 964.98, 1022.68, 1008.0, 239.72]",no_manual_copy,10,
pRbA3pwrgk9_03de6e2562bb4f56a88db3ceb681af78,pRbA3pwrgk9-02,true,data/mp3d_layout/valid/label_cor/pRbA3pwrgk9_03de6e2562bb4f56a88db3ceb681af78.txt,true,local_backtracking,false,"[637.68, 828.09, 937.9, 890.88, 142.3, 351.88, 558.67, 522.2, 576.0, 562.29]",no_manual_copy,10,
pRbA3pwrgk9_05c49a8b61034633ad57ae3527dac65d,pRbA3pwrgk9-03,false,data/mp3d_layout/valid/label_cor/pRbA3pwrgk9_05c49a8b61034633ad57ae3527dac65d.txt,false,cyclic_monotonic,false,"[660.58, 749.0, 764.91, 897.7, 22.22, 375.13]",no_manual_copy,6,
pRbA3pwrgk9_0dad4bd3fa7e4349a5325596c10d6fdf,pRbA3pwrgk9-04,true,data/mp3d_layout/valid/label_cor/pRbA3pwrgk9_0dad4bd3fa7e4349a5325596c10d6fdf.txt,false,cyclic_monotonic,false,"[564.59, 843.71, 218.0, 411.86]",no_manual_copy,4,
pRbA3pwrgk9_16beb21e65a84850a509972190038d0e,pRbA3pwrgk9-05,true,data/mp3d_layout/valid/label_cor/pRbA3pwrgk9_16beb21e65a84850a509972190038d0e.txt,false,cyclic_monotonic,false,"[661.3, 941.49, 125.19, 323.64]",no_manual_copy,4,
pRbA3pwrgk9_285b697fed754f86a09602c93628cfb4,pRbA3pwrgk9-06,true,data/mp3d_layout/valid/label_cor/pRbA3pwrgk9_285b697fed754f86a09602c93628cfb4.txt,false,cyclic_monotonic,false,"[625.18, 862.85, 164.06, 395.66]",no_manual_copy,4,
pRbA3pwrgk9_2a3810bc7ecc491e81ff1e8a17692ec1,pRbA3pwrgk9-07,true,data/mp3d_layout/valid/label_cor/pRbA3pwrgk9_2a3810bc7ecc491e81ff1e8a17692ec1.txt,false,cyclic_monotonic,false,"[632.56, 909.57, 155.38, 350.86]",no_manual_copy,4,
pRbA3pwrgk9_2e5e98be62684eb8b3143fda3059ddde,pRbA3pwrgk9-08,false,data/mp3d_layout/valid/label_cor/pRbA3pwrgk9_2e5e98be62684eb8b3143fda3059ddde.txt,false,cyclic_monotonic,false,"[617.71, 810.76, 158.45, 464.73]",no_manual_copy,4,
pRbA3pwrgk9_3851376d4f84494ebdc080b34ddc0f5e,pRbA3pwrgk9-09,false,data/mp3d_layout/valid/label_cor/pRbA3pwrgk9_3851376d4f84494ebdc080b34ddc0f5e.txt,false,cyclic_monotonic,false,"[574.91, 939.52, 184.4, 351.04]",no_manual_copy,4,
pRbA3pwrgk9_4fe4474e9bf9429ea92d202bdea4dce5,pRbA3pwrgk9-10,true,data/mp3d_layout/valid/label_cor/pRbA3pwrgk9_4fe4474e9bf9429ea92d202bdea4dce5.txt,false,cyclic_monotonic,false,"[708.49, 873.85, 49.75, 420.85]",no_manual_copy,4,
pRbA3pwrgk9_8b07a4b08cf447abb246769d8dce8494,pRbA3pwrgk9-11,true,data/mp3d_layout/valid/label_cor/pRbA3pwrgk9_8b07a4b08cf447abb246769d8dce8494.txt,true,local_backtracking,false,"[643.16, 787.74, 57.53, 37.56, 164.41, 116.91, 176.14, 370.64, 498.59, 454.33, 615.82, 527.43]",no_manual_copy,12,
pRbA3pwrgk9_8caa90fc5528451f9e9f45634676499b,pRbA3pwrgk9-12,true,data/mp3d_layout/valid/label_cor/pRbA3pwrgk9_8caa90fc5528451f9e9f45634676499b.txt,false,cyclic_monotonic,false,"[640.47, 880.9, 143.68, 382.94]",no_manual_copy,4,
pRbA3pwrgk9_950f2117a6164fbc8d2faff96c40a1e9,pRbA3pwrgk9-13,false,data/mp3d_layout/valid/label_cor/pRbA3pwrgk9_950f2117a6164fbc8d2faff96c40a1e9.txt,true,local_backtracking,false,"[718.54, 827.71, 991.24, 944.0, 112.48, 452.02]",no_manual_copy,6,
pRbA3pwrgk9_9c9bed9bf7d94ac0bcea18e3bf521930,pRbA3pwrgk9-14,true,data/mp3d_layout/valid/label_cor/pRbA3pwrgk9_9c9bed9bf7d94ac0bcea18e3bf521930.txt,false,cyclic_monotonic,false,"[713.95, 834.5, 65.28, 432.38]",no_manual_copy,4,
pRbA3pwrgk9_b1477ef96be5470d9881a9f6c9f825ae,pRbA3pwrgk9-15,false,data/mp3d_layout/valid/label_cor/pRbA3pwrgk9_b1477ef96be5470d9881a9f6c9f825ae.txt,false,cyclic_monotonic,false,"[550.97, 585.84, 631.15, 877.35, 180.82, 410.6]",no_manual_copy,6,
pRbA3pwrgk9_bc9ae89832854c19a69741f97291efad,pRbA3pwrgk9-16,true,data/mp3d_layout/valid/label_cor/pRbA3pwrgk9_bc9ae89832854c19a69741f97291efad.txt,true,local_backtracking,false,"[376.74, 644.41, 556.52, 724.98, 836.28, 28.41]",no_manual_copy,6,
pRbA3pwrgk9_c19e6a85e45d4aae9e9a4b703650132b,pRbA3pwrgk9-17,false,data/mp3d_layout/valid/label_cor/pRbA3pwrgk9_c19e6a85e45d4aae9e9a4b703650132b.txt,false,cyclic_monotonic,false,"[641.53, 883.41, 166.75, 355.41]",no_manual_copy,4,
pRbA3pwrgk9_e0dc27df8b2d4484bde0f97284d4cdf7,pRbA3pwrgk9-18,false,data/mp3d_layout/valid/label_cor/pRbA3pwrgk9_e0dc27df8b2d4484bde0f97284d4cdf7.txt,false,cyclic_monotonic,false,"[556.92, 992.04, 171.31, 318.28]",no_manual_copy,4,
pRbA3pwrgk9_ec8f8c12b70e4969ae24adb7031d9312,pRbA3pwrgk9-19,false,data/mp3d_layout/valid/label_cor/pRbA3pwrgk9_ec8f8c12b70e4969ae24adb7031d9312.txt,false,cyclic_monotonic,false,"[637.08, 884.93, 144.44, 381.47]",no_manual_copy,4,
pRbA3pwrgk9_ecd2d3d74f1244a19bab0131ca065c26,pRbA3pwrgk9-20,false,data/mp3d_layout/valid/label_cor/pRbA3pwrgk9_ecd2d3d74f1244a19bab0131ca065c26.txt,false,cyclic_monotonic,false,"[666.71, 853.47, 99.05, 428.57]",no_manual_copy,4,
S9hNv5qa7GM_0c2a97f049db4a429776940850fedf2e,S9hNv5qa7GM-01,true,data/mp3d_layout/valid/label_cor/S9hNv5qa7GM_0c2a97f049db4a429776940850fedf2e.txt,false,cyclic_monotonic,false,"[608.1, 937.82, 70.85, 432.35]",no_manual_copy,4,
S9hNv5qa7GM_181c56d99ddd42ba8d4be09dbb135381,S9hNv5qa7GM-02,false,data/mp3d_layout/valid/label_cor/S9hNv5qa7GM_181c56d99ddd42ba8d4be09dbb135381.txt,false,cyclic_monotonic,false,"[642.17, 814.66, 115.97, 470.44]",no_manual_copy,4,
S9hNv5qa7GM_27869fb0e3414f2687b9580b335ec615,S9hNv5qa7GM-03,false,data/mp3d_layout/valid/label_cor/S9hNv5qa7GM_27869fb0e3414f2687b9580b335ec615.txt,false,cyclic_monotonic,false,"[555.42, 618.61, 690.24, 839.7, 915.22, 974.89, 191.13, 333.07]",no_manual_copy,8,
S9hNv5qa7GM_2ea5348654d24115bba3dcdb21fa655e,S9hNv5qa7GM-04,true,data/mp3d_layout/valid/label_cor/S9hNv5qa7GM_2ea5348654d24115bba3dcdb21fa655e.txt,false,cyclic_monotonic,false,"[660.95, 817.54, 170.96, 411.64]",no_manual_copy,4,
S9hNv5qa7GM_322a5d3bbca1428fb92d39bfc6e603ee,S9hNv5qa7GM-05,true,data/mp3d_layout/valid/label_cor/S9hNv5qa7GM_322a5d3bbca1428fb92d39bfc6e603ee.txt,false,cyclic_monotonic,false,"[729.33, 922.63, 3.3, 16.8, 118.73, 383.5]",no_manual_copy,6,
S9hNv5qa7GM_3c496aedd9d645a5b8d7a7b1b53f0636,S9hNv5qa7GM-06,true,data/mp3d_layout/valid/label_cor/S9hNv5qa7GM_3c496aedd9d645a5b8d7a7b1b53f0636.txt,false,cyclic_monotonic,false,"[691.61, 858.09, 36.79, 467.53]",no_manual_copy,4,
S9hNv5qa7GM_53d54b73e58940019b731673e65c1902,S9hNv5qa7GM-07,true,data/mp3d_layout/valid/label_cor/S9hNv5qa7GM_53d54b73e58940019b731673e65c1902.txt,false,cyclic_monotonic,false,"[605.91, 827.97, 178.47, 438.23]",no_manual_copy,4,
S9hNv5qa7GM_5a89e430e6fb471189468fb44bbea75c,S9hNv5qa7GM-08,true,data/mp3d_layout/valid/label_cor/S9hNv5qa7GM_5a89e430e6fb471189468fb44bbea75c.txt,true,local_backtracking,false,"[616.41, 740.19, 693.69, 761.39, 765.68, 981.34, 43.41, 256.59, 257.21, 316.8, 285.19, 401.26]",no_manual_copy,12,
S9hNv5qa7GM_625eb179629b45f280c01d3f6ec74b4f,S9hNv5qa7GM-09,true,data/mp3d_layout/valid/label_cor/S9hNv5qa7GM_625eb179629b45f280c01d3f6ec74b4f.txt,true,local_backtracking,false,"[739.35, 853.37, 911.09, 827.55, 173.19, 336.6]",no_manual_copy,6,
S9hNv5qa7GM_674b3b6705604a4c8b89182edee11e54,S9hNv5qa7GM-10,true,data/mp3d_layout/valid/label_cor/S9hNv5qa7GM_674b3b6705604a4c8b89182edee11e54.txt,false,cyclic_monotonic,false,"[642.68, 797.83, 103.29, 489.24]",no_manual_copy,4,
S9hNv5qa7GM_743e6d37beae4b6482a43ae41e634e67,S9hNv5qa7GM-11,false,data/mp3d_layout/valid/label_cor/S9hNv5qa7GM_743e6d37beae4b6482a43ae41e634e67.txt,false,cyclic_monotonic,false,"[731.21, 912.79, 22.45, 407.87]",no_manual_copy,4,
S9hNv5qa7GM_8b55e4f095374cfe8ddb0fda0f0dfa02,S9hNv5qa7GM-12,true,data/mp3d_layout/valid/label_cor/S9hNv5qa7GM_8b55e4f095374cfe8ddb0fda0f0dfa02.txt,true,local_backtracking,false,"[580.44, 883.2, 142.84, 401.21, 374.09, 419.21]",no_manual_copy,6,
S9hNv5qa7GM_947f02de64db4ccbbe220a9f9124a815,S9hNv5qa7GM-13,false,data/mp3d_layout/valid/label_cor/S9hNv5qa7GM_947f02de64db4ccbbe220a9f9124a815.txt,false,cyclic_monotonic,false,"[724.67, 831.34, 82.96, 398.22]",no_manual_copy,4,
S9hNv5qa7GM_b14dbfea048449aa8b8934cbf491a10a,S9hNv5qa7GM-14,false,data/mp3d_layout/valid/label_cor/S9hNv5qa7GM_b14dbfea048449aa8b8934cbf491a10a.txt,false,cyclic_monotonic,false,"[698.28, 977.59, 118.07, 280.39]",no_manual_copy,4,
S9hNv5qa7GM_bd9faec23bb3462c94a5fbc6c0a3d5cf,S9hNv5qa7GM-15,true,data/mp3d_layout/valid/label_cor/S9hNv5qa7GM_bd9faec23bb3462c94a5fbc6c0a3d5cf.txt,false,cyclic_monotonic,false,"[578.15, 947.29, 167.97, 356.62]",no_manual_copy,4,
S9hNv5qa7GM_cdafd704291841daaa57ce008a95a06a,S9hNv5qa7GM-16,false,data/mp3d_layout/valid/label_cor/S9hNv5qa7GM_cdafd704291841daaa57ce008a95a06a.txt,true,local_backtracking,false,"[648.91, 840.99, 209.43, 361.41, 455.01, 403.48, 415.21, 445.57]",no_manual_copy,8,
S9hNv5qa7GM_dbcf0a37c275473094e1160770291679,S9hNv5qa7GM-17,true,data/mp3d_layout/valid/label_cor/S9hNv5qa7GM_dbcf0a37c275473094e1160770291679.txt,false,cyclic_monotonic,false,"[725.11, 940.62, 86.35, 297.19]",no_manual_copy,4,
S9hNv5qa7GM_dcced7b92f444b9a83bd7d54413fa486,S9hNv5qa7GM-18,true,data/mp3d_layout/valid/label_cor/S9hNv5qa7GM_dcced7b92f444b9a83bd7d54413fa486.txt,false,cyclic_monotonic,false,"[692.06, 845.33, 158.39, 352.01]",no_manual_copy,4,
S9hNv5qa7GM_e5e6c99e38014827b50ad33cd22e3c9d,S9hNv5qa7GM-19,true,data/mp3d_layout/valid/label_cor/S9hNv5qa7GM_e5e6c99e38014827b50ad33cd22e3c9d.txt,false,cyclic_monotonic,false,"[533.99, 900.93, 233.4, 381.32]",no_manual_copy,4,
S9hNv5qa7GM_eba5ca774e2a41dfa6e22fbff7fe66d2,S9hNv5qa7GM-20,true,data/mp3d_layout/valid/label_cor/S9hNv5qa7GM_eba5ca774e2a41dfa6e22fbff7fe66d2.txt,false,cyclic_monotonic,false,"[470.3, 665.77, 843.5, 59.14]",no_manual_copy,4,
S9hNv5qa7GM_ed36c0b595de42f0a4e13ba5d332814a,S9hNv5qa7GM-21,true,data/mp3d_layout/valid/label_cor/S9hNv5qa7GM_ed36c0b595de42f0a4e13ba5d332814a.txt,true,local_backtracking,false,"[546.19, 987.67, 131.4, 308.29, 296.21, 363.34]",no_manual_copy,6,
S9hNv5qa7GM_ed7387d968874f4bbe512395b64405af,S9hNv5qa7GM-22,false,data/mp3d_layout/valid/label_cor/S9hNv5qa7GM_ed7387d968874f4bbe512395b64405af.txt,false,cyclic_monotonic,false,"[635.17, 802.81, 150.55, 468.93]",no_manual_copy,4,
S9hNv5qa7GM_f1b5f89d2b0a46449f374351c1579c80,S9hNv5qa7GM-23,false,data/mp3d_layout/valid/label_cor/S9hNv5qa7GM_f1b5f89d2b0a46449f374351c1579c80.txt,false,cyclic_monotonic,false,"[683.22, 850.05, 46.46, 467.23]",no_manual_copy,4,
VFuaQ6m2Qom_109e18c64a614dc49e41a33ae979f98a,VFuaQ6m2Qom-01,true,data/mp3d_layout/valid/label_cor/VFuaQ6m2Qom_109e18c64a614dc49e41a33ae979f98a.txt,false,cyclic_monotonic,false,"[588.16, 655.97, 687.95, 815.87, 221.59, 229.62, 234.97, 295.48, 305.14, 376.76]",no_manual_copy,10,
VFuaQ6m2Qom_24d1e0ee55a542b68d600b81eae4f4d4,VFuaQ6m2Qom-02,false,data/mp3d_layout/valid/label_cor/VFuaQ6m2Qom_24d1e0ee55a542b68d600b81eae4f4d4.txt,true,local_backtracking,false,"[592.17, 672.93, 624.45, 896.26, 219.63, 363.48]",no_manual_copy,6,
VFuaQ6m2Qom_381ce3cd69b846c3b920be16d29ed48e,VFuaQ6m2Qom-03,true,data/mp3d_layout/valid/label_cor/VFuaQ6m2Qom_381ce3cd69b846c3b920be16d29ed48e.txt,false,cyclic_monotonic,false,"[632.28, 816.19, 954.88, 980.66, 137.34, 434.48]",no_manual_copy,6,
VFuaQ6m2Qom_5fb269a812f349b4bc2ad5dfac000b85,VFuaQ6m2Qom-04,true,data/mp3d_layout/valid/label_cor/VFuaQ6m2Qom_5fb269a812f349b4bc2ad5dfac000b85.txt,true,local_backtracking,false,"[650.36, 705.66, 690.63, 808.67, 190.01, 298.81, 288.23, 327.39, 347.45, 355.77, 327.19, 396.13, 421.08, 426.82]",no_manual_copy,14,
VFuaQ6m2Qom_8a4ee4cfaba847cc8e68500039c9a916,VFuaQ6m2Qom-05,false,data/mp3d_layout/valid/label_cor/VFuaQ6m2Qom_8a4ee4cfaba847cc8e68500039c9a916.txt,true,local_backtracking,false,"[637.53, 818.8, 102.65, 421.48, 376.59, 449.68]",no_manual_copy,6,
VFuaQ6m2Qom_93510fabb581438887c1d3e65093b7ae,VFuaQ6m2Qom-06,false,data/mp3d_layout/valid/label_cor/VFuaQ6m2Qom_93510fabb581438887c1d3e65093b7ae.txt,false,cyclic_monotonic,false,"[715.48, 871.74, 948.48, 961.28, 34.51, 407.29, 452.72, 464.71]",no_manual_copy,8,
VFuaQ6m2Qom_ad4c387f8175498491966703c8441e0d,VFuaQ6m2Qom-07,true,data/mp3d_layout/valid/label_cor/VFuaQ6m2Qom_ad4c387f8175498491966703c8441e0d.txt,true,local_backtracking,false,"[543.02, 972.05, 992.38, 1001.19, 77.69, 100.65, 175.23, 377.81, 416.84, 432.22, 457.15, 443.63, 449.78, 465.89, 529.35, 535.58]",no_manual_copy,16,
VFuaQ6m2Qom_b6ab88125f984cda94011fef788e23d0,VFuaQ6m2Qom-08,false,data/mp3d_layout/valid/label_cor/VFuaQ6m2Qom_b6ab88125f984cda94011fef788e23d0.txt,false,cyclic_monotonic,false,"[573.94, 880.64, 197.64, 394.12]",no_manual_copy,4,
VFuaQ6m2Qom_f04a58b9c4ff4e448b5a4da4fd823a9c,VFuaQ6m2Qom-09,false,data/mp3d_layout/valid/label_cor/VFuaQ6m2Qom_f04a58b9c4ff4e448b5a4da4fd823a9c.txt,true,local_backtracking,false,"[679.43, 919.63, 134.65, 352.84, 447.95, 415.22]",no_manual_copy,6,
VFuaQ6m2Qom_f0be18aa2f1d4aa2b6adf355a86f34b8,VFuaQ6m2Qom-10,true,data/mp3d_layout/valid/label_cor/VFuaQ6m2Qom_f0be18aa2f1d4aa2b6adf355a86f34b8.txt,true,local_backtracking,false,"[501.57, 499.33, 579.77, 826.12, 908.96, 961.21, 15.99, 33.69, 68.07, 35.13, 158.18, 200.9, 206.94, 435.37, 444.49, 451.75]",no_manual_copy,16,
VFuaQ6m2Qom_f75a440593bb4140b899730917096859,VFuaQ6m2Qom-11,false,data/mp3d_layout/valid/label_cor/VFuaQ6m2Qom_f75a440593bb4140b899730917096859.txt,false,cyclic_monotonic,false,"[726.81, 862.32, 27.01, 446.76]",no_manual_copy,4,
VLzqgDo317F_35299a16cf1e447da4c15c443929c27a,VLzqgDo317F-01,false,data/mp3d_layout/valid/label_cor/VLzqgDo317F_35299a16cf1e447da4c15c443929c27a.txt,false,cyclic_monotonic,false,"[696.38, 852.61, 106.55, 389.79]",no_manual_copy,4,
VLzqgDo317F_5d3591edd7c546acaf99db40281b3409,VLzqgDo317F-02,true,data/mp3d_layout/valid/label_cor/VLzqgDo317F_5d3591edd7c546acaf99db40281b3409.txt,false,cyclic_monotonic,false,"[610.72, 799.77, 149.94, 483.04]",no_manual_copy,4,
VLzqgDo317F_79ee9be0827a4de19da5b3e475e3ae0a,VLzqgDo317F-03,false,data/mp3d_layout/valid/label_cor/VLzqgDo317F_79ee9be0827a4de19da5b3e475e3ae0a.txt,false,cyclic_monotonic,false,"[603.52, 809.8, 136.67, 482.42]",no_manual_copy,4,
ZMojNkEp431_1223ee164fc040c0bd13c366f7a22059,ZMojNkEp431-01,false,data/mp3d_layout/valid/label_cor/ZMojNkEp431_1223ee164fc040c0bd13c366f7a22059.txt,false,cyclic_monotonic,false,"[536.41, 980.74, 120.09, 435.98]",no_manual_copy,4,
ZMojNkEp431_f1bb3acca4ed4aada739514b1f2a44bd,ZMojNkEp431-02,false,data/mp3d_layout/valid/label_cor/ZMojNkEp431_f1bb3acca4ed4aada739514b1f2a44bd.txt,false,cyclic_monotonic,false,"[557.59, 1001.36, 73.17, 384.83]",no_manual_copy,4,
zsNo4HB9uLZ_19b2aa3137ae44f19821ec0f3da4a836,zsNo4HB9uLZ-01,false,data/mp3d_layout/valid/label_cor/zsNo4HB9uLZ_19b2aa3137ae44f19821ec0f3da4a836.txt,false,cyclic_monotonic,false,"[532.57, 963.19, 77.73, 134.74, 225.68, 400.16]",no_manual_copy,6,
zsNo4HB9uLZ_2caadd7bc71c43d5ad10f4e7f10a3455,zsNo4HB9uLZ-02,true,data/mp3d_layout/valid/label_cor/zsNo4HB9uLZ_2caadd7bc71c43d5ad10f4e7f10a3455.txt,false,cyclic_monotonic,false,"[540.01, 938.04, 203.37, 393.42]",no_manual_copy,4,
zsNo4HB9uLZ_2e349b06dd94494ea4b887458e4ab4a3,zsNo4HB9uLZ-03,false,data/mp3d_layout/valid/label_cor/zsNo4HB9uLZ_2e349b06dd94494ea4b887458e4ab4a3.txt,false,cyclic_monotonic,false,"[597.33, 975.26, 63.2, 405.59]",no_manual_copy,4,
zsNo4HB9uLZ_38260e04f02546a6af3dcaf8689546a2,zsNo4HB9uLZ-04,false,data/mp3d_layout/valid/label_cor/zsNo4HB9uLZ_38260e04f02546a6af3dcaf8689546a2.txt,false,cyclic_monotonic,false,"[523.59, 574.25, 745.13, 884.54, 43.05, 465.26]",no_manual_copy,6,
zsNo4HB9uLZ_4c0aab63a4434cf4878e6f5b3ce9a70b,zsNo4HB9uLZ-05,true,data/mp3d_layout/valid/label_cor/zsNo4HB9uLZ_4c0aab63a4434cf4878e6f5b3ce9a70b.txt,false,cyclic_monotonic,false,"[596.35, 917.16, 218.68, 305.71]",no_manual_copy,4,
zsNo4HB9uLZ_5340c12f388446b589bf2c082c39bd5e,zsNo4HB9uLZ-06,false,data/mp3d_layout/valid/label_cor/zsNo4HB9uLZ_5340c12f388446b589bf2c082c39bd5e.txt,false,cyclic_monotonic,false,"[663.15, 925.3, 137.51, 326.52]",no_manual_copy,4,
zsNo4HB9uLZ_5e966f4bdbc849f4b2b200e2f8cc49a0,zsNo4HB9uLZ-07,false,data/mp3d_layout/valid/label_cor/zsNo4HB9uLZ_5e966f4bdbc849f4b2b200e2f8cc49a0.txt,true,local_backtracking,false,"[638.11, 684.69, 669.37, 792.47, 143.69, 488.45]",no_manual_copy,6,
zsNo4HB9uLZ_6472b7993a6e440a9d0e12b560ff4616,zsNo4HB9uLZ-08,false,data/mp3d_layout/valid/label_cor/zsNo4HB9uLZ_6472b7993a6e440a9d0e12b560ff4616.txt,false,cyclic_monotonic,false,"[591.99, 835.96, 85.47, 489.82]",no_manual_copy,4,
zsNo4HB9uLZ_65eefaf93e6249908e6389eb4eabf0f5,zsNo4HB9uLZ-09,true,data/mp3d_layout/valid/label_cor/zsNo4HB9uLZ_65eefaf93e6249908e6389eb4eabf0f5.txt,false,cyclic_monotonic,false,"[685.58, 958.05, 36.33, 387.68]",no_manual_copy,4,
zsNo4HB9uLZ_7d1391357299496cbb82840960d05a66,zsNo4HB9uLZ-10,false,data/mp3d_layout/valid/label_cor/zsNo4HB9uLZ_7d1391357299496cbb82840960d05a66.txt,false,cyclic_monotonic,false,"[621.61, 910.89, 202.04, 312.2]",no_manual_copy,4,
zsNo4HB9uLZ_935e0f6088a54fba87990835d1997d9a,zsNo4HB9uLZ-11,true,data/mp3d_layout/valid/label_cor/zsNo4HB9uLZ_935e0f6088a54fba87990835d1997d9a.txt,false,cyclic_monotonic,false,"[687.33, 854.41, 205.52, 302.71]",no_manual_copy,4,
zsNo4HB9uLZ_9b1e2472265c46989eb1c3911aa5971b,zsNo4HB9uLZ-12,false,data/mp3d_layout/valid/label_cor/zsNo4HB9uLZ_9b1e2472265c46989eb1c3911aa5971b.txt,false,cyclic_monotonic,false,"[629.28, 915.78, 123.34, 379.44]",no_manual_copy,4,
zsNo4HB9uLZ_aabf649f606a48a1b16d5bdcd5970602,zsNo4HB9uLZ-13,true,data/mp3d_layout/valid/label_cor/zsNo4HB9uLZ_aabf649f606a48a1b16d5bdcd5970602.txt,true,local_backtracking,false,"[630.97, 777.62, 826.13, 1004.22, 51.01, 210.75, 148.62, 185.74, 230.54, 449.28]",no_manual_copy,10,
zsNo4HB9uLZ_b5f873817a0b4b60b8447e96b0b4e955,zsNo4HB9uLZ-14,false,data/mp3d_layout/valid/label_cor/zsNo4HB9uLZ_b5f873817a0b4b60b8447e96b0b4e955.txt,false,cyclic_monotonic,false,"[580.08, 872.54, 120.67, 464.06]",no_manual_copy,4,
zsNo4HB9uLZ_b6ca0cc195da4688ba67fa53f0345b98,zsNo4HB9uLZ-15,false,data/mp3d_layout/valid/label_cor/zsNo4HB9uLZ_b6ca0cc195da4688ba67fa53f0345b98.txt,false,cyclic_monotonic,false,"[615.22, 990.54, 46.17, 381.86]",no_manual_copy,4,
zsNo4HB9uLZ_faad06c7cb2b4a6f9220e7f6f87c800b,zsNo4HB9uLZ-16,true,data/mp3d_layout/valid/label_cor/zsNo4HB9uLZ_faad06c7cb2b4a6f9220e7f6f87c800b.txt,true,local_backtracking,false,"[507.66, 503.48, 652.39, 808.78, 161.04, 475.12]",no_manual_copy,6,
